platform_shop_id,year_month,review_id,rating,sentiment_score,mismatch_type,content
ba_10019807,2025-09,ba_2025090602444608,4.0,-0.2,high_rating_negative_text,"음식은 늘 잘먹고 있으니 문제없어요 추가로 구매한 소스 포함 기본 제공 소스들이 모두 누락한채로 음식만 받았고 어떤상황인지 모르니 매장으로 문의를 했는데 응대가 많이 아쉽네요
라이더가 놓치고 간걸 매장이 알고있으면서 이렇게 된 상황이니 배민으로 요청해야 재배달로 받을수 있다 정도만 안내해주셨어도 될건데, 말씀하신 공지가 어디있는진 모르겠지만 공지도 올려놨고, 기사님이 안가져가신걸 어쩌란식이냐는 응대는 좀 아닌거같아요 응대부분은"
ba_10020109,2025-09,ba_2025090302363513,4.0,-0.2,high_rating_negative_text,갈비천왕 먹을까 고민하다 양념은 안먹어서 한번 시켰는데..양념도 적고 튀김옷도 벗겨지고..이상했어요
ba_10022124,2025-08,ba_2025080702750000,5.0,-0.4,high_rating_negative_text,"사장님,,,저 감자튀김 시킨 적 없는데 잘못 왔다고 전화한 손님인데용,, 감자튀김 그냥 먹으라고 하셔서 감사합니다..!!! 근데 떡사리도 추가한 적 없는데 들어가있어요..! 저는 너무 감사한데ㅠㅠ 다른 분한테 가야할게 저한테 잘못온건지.... •_•.. 
아무튼 맛은 너무 너무 있습니다 ! 
감사합니다❤️"
ba_10022124,2025-08,ba_2025090102594126,4.0,-0.4,high_rating_negative_text,"바게트는 기본제공이 아닌건가요?바게트가 없네요.
그리고 소스가 마블링이 아닌 요블링으로 잘못 왔습니다."
ba_10040420,2025-08,ba_2025080402078850,4.0,-0.6,high_rating_negative_text,"배달이 아쉬웠습니다.

도착 알림이나 문자도 없다보니
포장지는 눅눅해지고
식었다보니 기대했던 맛보다 
살짝 아쉬웠네요.

사장님의 응대도요.
알아보고 연락주신다더니
그대로 감감무소식.."
ba_10040420,2025-08,ba_2025082002598488,5.0,-0.2,high_rating_negative_text,"장각구이는 너~~~~~무 짜요;,;,,"
ba_10040590,2025-09,ba_2025092402829815,1.0,0.6,low_rating_positive_text,"일주일에 한번은 주문해서 먹는듯한데
오늘은 많이 바쁘셨나봐요 ㅠㅠ
오버쿡이 된건지 오븐에 오래두셨나봐요
바삭바삭 과자였네요ㅠㅠ
담번엔 괜찮았으면 좋겠어요"
ba_10040590,2025-08,ba_2025082202176438,4.0,-0.6,high_rating_negative_text,타서왓어요 ㅠㅠ 고추바사삭 자주시켜먹는데 이런적은 처음이에요..ㅠㅠ 환불하려다 먹기시작해서 그냥 먹었어요~ 앞으로는 더 신경써주셨으면 좋겠네요
ba_10040685,2025-08,ba_2025080900105918,1.0,0.2,low_rating_positive_text,"상했어요
닭 먹는데..신맛나요.
퇴근 하셔서 그런지 전화 안받으시네요.
싹다 버릴께요..

사과 전화라도 올거라 생각했는데.. 
작은돈은 아니지만 덕분에 가게하나 거르네요 번창하세요"
ba_10040685,2025-09,ba_2025091600136766,5.0,-0.2,high_rating_negative_text,장각구이.... 향신료 냄새가 강해서 호불호가 강할거 같아요. ...향신료 좋아하는 분은 강추.. 전 힘드네요. 고추바사삭 포에버..ㅜㅜ
ba_10040685,2025-09,ba_2025091600136766,5.0,-0.2,high_rating_negative_text,장각구이.... 향신료 냄새가 강해서 호불호가 강할거 같아요. ...향신료 좋아하는 분은 강추.. 전 힘드네요. 고추바사삭 포에버..ㅜㅜ
ba_10401021,2025-08,ba_2025080302512131,4.0,-0.2,high_rating_negative_text,평소보다 하얗고 물컹거려서 에어프라이기로 더 구웠습니다 피자도 미지근하고 하애서..아쉬웠어여
ba_10401021,2025-08,ba_2025081002458992,4.0,-0.4,high_rating_negative_text,소스 선택사항이 잘못왔네요. 닭다리 안에도 좀 덜 익은게 있었습니다.
ba_10401021,2025-09,ba_2025091702637323,5.0,-0.4,high_rating_negative_text,퇴근이 좀 늦어져서 배달보다 늦게 도착했는데도 다 먹을 때까지 바삭바삭 천국이었어요... 남은 거 지금 또 먹는데 너무 행복하네요... 게다가 고블링 소스는 정말 신이 내린 소스
ba_10432360,2025-07,ba_2025072702550186,4.0,-1.0,high_rating_negative_text,"보통 리뷰 안좋게 안남기는편인데
너무 늦게 오네요 예상시간도 넉넉히 잡으신거같지만
그거보다 더 늦게왔어요 많이 아쉽습니다"
ba_10497667,2025-07,ba_2025072702271280,4.0,-0.2,high_rating_negative_text,굽네 자주시켜먹는데 점바점 차이인지 모르겠으나 여긴 갈비가 너무 타서 아쉬웠습니다. 그리고 보통 갈비천왕 피자에 갈릭소스 기본으로 하나 주시는데 항상 양이 모자랐어서 추가했습니다. 다시 봐도 하나만 왔네요.
ba_10497667,2025-08,ba_2025080903050953,5.0,-0.2,high_rating_negative_text,"말복이라 바쁘셨는지 오늘은 치킨이 바삭하지않고 기름이 덜 빠져서(기름이 반질반질 축축) 튀김옷이 박스에 붙어서 떨어지기도하고  조금 눅눅하네요..ㅠ
콜라245ml도 한마리주문시 무료제공이라 써있는데 안주셨어요..ㅠ"
ba_10497667,2025-09,ba_2025090302938175,1.0,0.6,low_rating_positive_text,치킨 탄맛이 너무 강함. 맛 너무 없음. 소스 맛으로 먹은듯하네요
ba_10501929,2025-07,ba_2025073100511105,1.0,0.4,low_rating_positive_text,"치즈 굳고 난 바게트빵 안 옴 운 좋으면 받을 수 있는 듯
그리고 왜케 눅눅한지 밖에 비온 줄 알았어요;; 다른 리뷰 보니 하나같이 포장지 젖었다는 얘기 밖에 없네요
개인적인 맛으로도 그닥 추천 못하는 맛 육즙만 많은 양념 1도 없는 닭다리 
그나마 있는 양념 별로 진하지도 않고 같이 온 소스도 닭다리랑 1도 안 어울림 살사소스랑 요거링 뭐시기인데 둘다 특색없이 시고 조화롭지도 않음
맛만 따지면 1점인데 가격도 비싸니 안 먹는"
ba_10509105,2025-09,ba_2025091202654193,5.0,-0.6,high_rating_negative_text,사장님! 매운소스가 누락 됐습니다. 기본 소스만 왔네요. ㅠㅠ
ba_10580903,2025-07,ba_2025072502689614,5.0,-0.2,high_rating_negative_text,"요청사항 잘 챙겨 보내 주셔서 너무 감사합니다~
오리지널은 괜찮은데요~
장작구이를 추가로 시켰는데..
저는 소스가 살짝 뭍처서 오는줄 몰랐네요..ㅜㅜ
소스 안 한건 줄 알았는데..좀 아쉽네요..
소스는 제 취향이 아니라서....
조금 아쉽습니다.."
ba_10580903,2025-08,ba_2025083101863782,4.0,-0.2,high_rating_negative_text,광고 봣던거 생각나서 주문햇는데 다리4개라 양이 좀적을까 싶엇지만 생각보다 다리가 크고 양도 적지 안네요 껍질이 특히 맛잇는^^
ba_10580903,2025-09,ba_2025091402712133,4.0,-0.2,high_rating_negative_text,담백하고 양도 적당허니 게안네요^^
ba_10580903,2025-09,ba_2025091601008401,5.0,-0.2,high_rating_negative_text,믿고먹는고추바사사사삭 따봉드립니다 짜스
ba_10580903,2025-09,ba_2025091601008401,5.0,-0.2,high_rating_negative_text,믿고먹는고추바사사사삭 따봉드립니다 짜스
ba_10583009,2025-07,ba_2025073003122024,5.0,-0.2,high_rating_negative_text,차가워용 아쉽네요
ba_10583009,2025-08,ba_2025082400101656,2.0,0.2,low_rating_positive_text,맛은 있었는데 먹다가 머리카락이 나왔네요ㅠㅠ
ba_10583009,2025-09,ba_2025090102524278,5.0,-0.2,high_rating_negative_text,감자양 진짜 많아요ㅜㅜ 행볻사했습니다 또 시켜먹을게요
ba_10583009,2025-09,ba_2025090500338577,5.0,-0.2,high_rating_negative_text,"늦게까지 고생해 주셔서 감사합니다.
너무너무 맛잇게 먹엇어요ㅠㅡㅠ!!"
ba_10597203,2025-07,ba_2025073001341784,4.0,-0.6,high_rating_negative_text,"맛은 있는데 양념이 골고루 안 묻혀있어 아쉬워요 ㅜㅜ 그리고 리뷰이벤트로 치즈볼 받았는데 닭 튀긴 기름에 하셨나 ,, 냄새나서 버렸네요 .."
ba_10597203,2025-08,ba_2025080302730455,1.0,1.0,low_rating_positive_text,(먹기 전)맛있게 잘 먹겠습니다.  (먹는 중)감사한 마음으로 먹는데… 조각 치킨 느낌이 너무 드네요… 이거 한마리 맞나요?ㅠㅠ 잘 모르겠지만 첨 경험해본 치킨입니다.
ba_10604883,2025-08,ba_2025082303056839,5.0,-0.2,high_rating_negative_text,냄새에끌려 사진을깜빡햇네요... 너무너무맛잇어요!!
ba_10605803,2025-09,ba_2025090502336936,5.0,-0.2,high_rating_negative_text,"치킨 미지근 맥주 미지근
한집배달 시키면서 배민에서 
이런적 처음이네요
별은 5개 드립니다
각박한세상 파이팅!"
ba_10605803,2025-09,ba_2025092302746893,4.0,-0.4,high_rating_negative_text,고추바사삭은 맛있는데 케이준감자가 오래된건지 포장지 냄새가 감자에 밴건지 뭔지 모르겠는데 먹을때마다 굉장히 역한냄새가 나서 한두개먹고 다 버렷네용..감자가 아쉽습니당
ba_10605803,2025-08,ba_2025081902882071,1.0,0.2,low_rating_positive_text,바삭하지 않고 너무 눅눅해요..
ba_10636817,2025-09,ba_2025092601399499,5.0,-0.2,high_rating_negative_text,소스가 잘못 왔지만 그래두 치킨은 맛나요 ~ !!
ba_10657170,2025-09,ba_2025092400005240,5.0,-0.2,high_rating_negative_text,"받자마자 한입 딱 먹었는데 좀 짜네요ㅎ
맵기는 딱히 매운지 모르겠어요~

좀 먹다보니 염지가 되어있는 닭에 양념을 입히면서 더 짠거같네요ㅎ 

이점 개선하면 잘 나가겠어요~

참고로 저는 매운걸 잘먹어서 매운게 별로 안 느껴지는 것 같습니다."
ba_10657170,2025-09,ba_2025092400005240,5.0,-0.2,high_rating_negative_text,"받자마자 한입 딱 먹었는데 좀 짜네요ㅎ
맵기는 딱히 매운지 모르겠어요~

좀 먹다보니 염지가 되어있는 닭에 양념을 입히면서 더 짠거같네요ㅎ 

이점 개선하면 잘 나가겠어요~

참고로 저는 매운걸 잘먹어서 매운게 별로 안 느껴지는 것 같습니다."
ba_10698232,2025-07,ba_2025072502330529,5.0,-0.4,high_rating_negative_text,고추바사삭 잘하는 지점이 별로 없는데 타지도 않고 딱 적절한 굽기 정도가 굿입니다.
ba_10706208,2025-08,ba_2025083101069960,5.0,-1.0,high_rating_negative_text,"늦게 와서 치킨이 많이 식었어요. 눅눅해져서 맛이 아쉬웠습니다.
하지만 치킨자체는 잘 튀기신듯 했습니다.
간도 적당하고 양도 괜찬았습니다"
ba_10739556,2025-07,ba_2025073102230637,1.0,0.4,low_rating_positive_text,"제가 분명히 요청사항에 바삭하게 해달라고 부탁드렸습니다 그런데 튀김옷이 눅눅하니 제대로 안튀겨서 보내셨네요
리뷰가 안좋은 이유가 있네요
이름이 고추바사삭인데 고추눅눅이네요
치킨한개는 가루도 붙어있어요"
ba_10739556,2025-09,ba_2025090503075038,5.0,-0.6,high_rating_negative_text,진짜 이렇게 써놔도 기어코 밤중에 배달기사가 벨 눌러서 가족들 다깨우는게 너무 짜증나네요.. 술때문에 전화하면 나갈텐데 진짜 배달하시는분들한테 혐오감생길거같음
ba_10750970,2025-07,ba_2025080102651468,5.0,-0.6,high_rating_negative_text,치킨은 먹던맛이라 나쁘지않았고 떡볶이는 냉동 렌지에 데운거같은데 해동이잘안되서 떡도 딱딱하고 어묵도 딱딱해서 먹기불편햇네요
ba_10750970,2025-09,ba_2025092300003403,1.0,0.2,low_rating_positive_text,치즈볼은 다 굳어서 맛없고 장각구이도 치킨이 뭔 걸레처럼오네요 다 식고 다른지점에 비해 퀼리티도 떨어져요
ba_10750970,2025-09,ba_2025091002447547,5.0,-0.6,high_rating_negative_text,"여긴 예전부터 항상 바로 앞인데 배달이 맨날 왜이리 늦게오지 했는데 
제가 알뜰배달로 시켜서네요. 
근데 근처 피자집은 알뜰배달해도 금방 오던데 항상 두배씩 걸려서 
앞으로  여기서 안시키거나 알뜰배달 절대로 이용 안해야겠습니다."
ba_10759478,2025-09,ba_2025090202716584,2.0,0.2,low_rating_positive_text,닭이 퍽퍽하고 맛이 없네요
ba_10768614,2025-08,ba_2025081902610870,5.0,-0.2,high_rating_negative_text,"비싸긴한데 
맛도리입니다ㅋ"
ba_10771255,2025-07,ba_2025072800770424,5.0,-0.6,high_rating_negative_text,"악 ㅠㅠ 냄새에 이끌려 바로 먹느라 치킨 사진을 못찍었어요
뭔가 1마리 시키긴 부족하고 2마리 시키긴 많았는데 1.5마리 있는거 너무 좋습니당! 그리구 역시 굽네는 오리지날이 근본인 것 같아오!"
ba_10771255,2025-08,ba_2025083102543263,5.0,-0.6,high_rating_negative_text,"스파게
티 우와 너무 짜고 큽끕한 냄새가 났어요"
ba_10771255,2025-08,ba_2025083102543263,5.0,-0.6,high_rating_negative_text,"스파게
티 우와 너무 짜고 큽끕한 냄새가 났어요"
ba_10774000,2025-08,ba_2025080800120188,1.0,1.0,low_rating_positive_text,음 위생상태 굿~ 겉에 붙어있는 것도 아니고 아예 박혀잇던뎅 위생모 안 쓰고 일 하시나봐용 치킨도 다 식고 튀김옷 까만것도 좀 잇공.. 재주문 의사는 다시 생각해봐야 할 듯!
ba_10774000,2025-09,ba_2025090902562114,2.0,0.2,low_rating_positive_text,이번에 온 닭은 탄맛이 넘 많이 나서 별루였어요 ㅠㅠ
ba_10776500,2025-08,ba_2025081302826113,1.0,0.2,low_rating_positive_text,"내인생 첨으로 탄맛강했던 치킨
기억에 남을정도.."
ba_10776500,2025-08,ba_2025081603033863,4.0,-0.2,high_rating_negative_text,"맛이랑은 다 있었는데 주문내역에 있는 소스가 빠졌어요
다음에는 주문정보 다시 한번 확인 부탁드립니다"
ba_10798649,2025-07,ba_2025073002166784,1.0,0.2,low_rating_positive_text,먹기전부터 소스들이 여기저기 묻어있어서 기분이 좋지않네요
ba_10798649,2025-08,ba_2025080900421697,5.0,-0.2,high_rating_negative_text,볼케이노 완전맛잇어요 맥주에혼닭하기 딱좋네요 간혹 닭에서냄새나는곳도 잇는데 여긴냄새 1도안낫어요 암사3동점맛잇네요 담에생각나면 또 주문하러올게요^^
ba_10798649,2025-08,ba_2025081901864440,5.0,-0.2,high_rating_negative_text,"거의 일주일에 2번 이상 암사에서 시켰었는데, 먹는데 어제는 두마리 시켰더니 양이 너무 적어서 깜짝 놀랐어요..ㅜ"
ba_10798649,2025-08,ba_2025083001917419,1.0,0.2,low_rating_positive_text,"처음 열았을때도 상태 안좋아보였는데, 먹다보니 머리카락이 튀김옷 안에 달려있네요. 그냥 버릴랍니다"
ba_10800862,2025-08,ba_2025083102815537,5.0,-0.4,high_rating_negative_text,"2시간 걸려서 다식어서 도착함

다만 굽네사장님은 잘못이 없음"
ba_10800862,2025-08,ba_2025083102815537,5.0,-0.4,high_rating_negative_text,"2시간 걸려서 다식어서 도착함

다만 굽네사장님은 잘못이 없음"
ba_10800862,2025-09,ba_2025091100141983,4.0,-0.4,high_rating_negative_text,배달이 30분 늦어지고 음식도 좀 식어 있어 아쉬웠어요
ba_10800862,2025-09,ba_2025092602697066,5.0,-0.4,high_rating_negative_text,"오늘은 떡이 살짝 딱딱하고 소스가 많이 없어서 건조하게 먹었습니돠,, 🥲
다음에 잘부탁 드랴영... 따흗흑"
ba_10821092,2025-08,ba_2025081600097101,5.0,-0.2,high_rating_negative_text,아..마쉿다…진짜고추바사삭너무오랜만에먹어서너무흥분햇어요마시떠!!!!!!
ba_10821092,2025-09,ba_2025090700101701,5.0,-0.4,high_rating_negative_text,"야식이라 맘이 급해서 사진을 못 찍었어요 🥲🥲
치킨 먹을 때 콜라가 없는 건 안 돼서 뒤늦게 추가 주문 했는데 쿨하게 응해주셔서 너어무 감사했어요 ㅎㅎ 볼케이노 좋아하는데 앞으로 이곳에서 시켜먹으려구요 배달기사님도 빨리 와주셔서 완전 만 점짜리 야식이었습니당 다음엔 사진도 꼭 남길게요 ㅠ❣️"
ba_10841883,2025-08,ba_2025081402726270,4.0,-0.4,high_rating_negative_text,"먹다가 이물질 나와서 어이없어서 연락드렸는데 절대 그럴수 없다는 말도 안되는 말만 들었네요. 진짜 ㄹㅇ 유튜브 숏츠 진상 취급 받은거 같아서 얼척 없었습니다. 진짜 조상님 부모님 다 걸고 플라스틱 이물질 나왔으니까 확인 좀 해주세요. 손으로 만져보니 딱딱하고 잘 휘는데 단단한 수세미 같기도 하고 당면? 같은 느낌이었습니다. 한번 들어간거면 두번도 들어갈 수 있는 거니까 원인 좀 찾아보세요;;;

+
정성들여 답장 남겨주셔서 감"
ba_10841883,2025-08,ba_2025082302810681,5.0,-0.4,high_rating_negative_text,배달 별로고 완전 식어서왔어요..
ba_10841883,2025-08,ba_2025082302810681,5.0,-0.4,high_rating_negative_text,배달 별로고 완전 식어서왔어요..
ba_10841883,2025-08,ba_2025082702624012,5.0,-0.2,high_rating_negative_text,진짜 너무마싯어요ㅜㅜ 이번주 벌써 두번째~
ba_10841883,2025-08,ba_2025082702624012,5.0,-0.2,high_rating_negative_text,진짜 너무마싯어요ㅜㅜ 이번주 벌써 두번째~
ba_10841883,2025-09,ba_2025093002939700,5.0,-0.6,high_rating_negative_text,예상시간보다 15분늦게도착해서 식어빠진 치킨은 처음먹어봅니다. 알뜰배달이여도 이렇게 빙빙도는건 첨보네요.
ba_10841883,2025-09,ba_2025093002939700,5.0,-0.6,high_rating_negative_text,예상시간보다 15분늦게도착해서 식어빠진 치킨은 처음먹어봅니다. 알뜰배달이여도 이렇게 빙빙도는건 첨보네요.
ba_10872945,2025-08,ba_2025082802883561,5.0,-0.4,high_rating_negative_text,평소에도 굽네 좋아하는데 실망시키지 않네요.
ba_12014214,2025-09,ba_2025092802546396,4.0,-0.2,high_rating_negative_text,음식들이 많이 식어서와서 아쉬워요ㅜ
ba_13052096,2025-09,ba_2025092501501853,5.0,-0.8,high_rating_negative_text,"떡볶이도 같이 시켰는데 배달이 늦게 온거랑은 달리 오뎅이 덜 익어서 왔어요 먹기가 좀 힘들었습니다..
치킨은 구운 치킨이라 좀 식었어도 맛은 괜찮았습니다
다음에는 신경 써주세요"
ba_13052096,2025-09,ba_2025092602776805,5.0,-0.6,high_rating_negative_text,콜라가 같이 안왔는데 배달기사님 실수였다고 하네요 부분환불 받았습니다~! 기사님 실수인데 가게측에서 환불해주신건 아니었음 하네요ㅠ 치킨은 넘 맛있었어요 맵찔인데 적당히 매콤해서 기분좋고 두조각만 시킬수있어서 양이 적당했어요 ㅎㅎ 다음에 또 시킬게요 감사합니다~~!
ba_13052096,2025-09,ba_2025092602776805,5.0,-0.6,high_rating_negative_text,콜라가 같이 안왔는데 배달기사님 실수였다고 하네요 부분환불 받았습니다~! 기사님 실수인데 가게측에서 환불해주신건 아니었음 하네요ㅠ 치킨은 넘 맛있었어요 맵찔인데 적당히 매콤해서 기분좋고 두조각만 시킬수있어서 양이 적당했어요 ㅎㅎ 다음에 또 시킬게요 감사합니다~~!
ba_13062668,2025-08,ba_2025081003122967,5.0,-1.0,high_rating_negative_text,오늘은 평소와 달리 기름기가 가득해서 먹기 힘들었어요. 평소에 구운치킨이라 기름기 없이 보내주시는데 오늘은 기름 가득.. 치킨 담은 종이박스에도 기름이 철철..밑에 치킨은 기름을 다 먹고 있어서 몇조각은 버렸어요.. 다음부터는 신경써 주세용
ba_13076527,2025-08,ba_2025082801570521,5.0,-0.2,high_rating_negative_text,파스타와 소떡에 조합도 간식으로 어울렸어요
ba_13076527,2025-09,ba_2025090202618953,5.0,-0.4,high_rating_negative_text,"이사가기전 마지막으로 시켜먹었는데
진짜 여태 시켜먹은것중 제일 별로였어요...ㅠㅠ치킨맛도 다른때보다 맛이없고 양도 진짜 적어진느낌... 이상한 뾰족한것도 나왔어요
원래 이런거 그냥 그러려니하는데.. 너무 아쉬워서 남겨요
그동안 잘먹었습니다"
ba_13076527,2025-09,ba_2025090302227999,5.0,-0.2,high_rating_negative_text,진짜 이 지점 고추바사삭이 미쳤어요ㅜㅜ
ba_13076527,2025-09,ba_2025090502563399,4.0,-0.2,high_rating_negative_text,"맛있었어요
그런데 너무 구워서 그런지 치킨이 좀 타고 딱딱한 부위가 많아서 아쉬워요.."
ba_13076527,2025-09,ba_2025092102140833,5.0,-0.6,high_rating_negative_text,하 진짜 짱이에요 나이제 굽네만먹을래 양 진짜많고 너무 마싯어요 진짜 💕💕
ba_13081281,2025-08,ba_2025081602709422,1.0,0.6,low_rating_positive_text,솔직하게 비비큐 자메이카통다리 가 더 맛있음.
ba_13182018,2025-07,ba_2025073002380487,1.0,0.2,low_rating_positive_text,자주 시켜먹는데 이거 머죠? 먹다가 입에 들어와서 찍었습니다
ba_13219951,2025-08,ba_2025081102464438,1.0,0.8,low_rating_positive_text,"녹두죽을 매번 병원 진료후 항상 주문하고 포장해서 오는데 주문 15분후 찾으러 오세요. 전화만해도 목소리만 듣고도 아시는 사장님이  콜을 1시간30분 
동안 안 된다는게  말이 되나요? 
너무해요. 위가 아파서 기다리다 지쳐서
아들이 병원 퇴근해서 본죽 근처에 도착했다고 하니 방금 출발했다고 굉장히 서운해서 별하나 밖에 못 드립니다.
녹두죽  맛은 변함  없이 좋아요"
ba_13223654,2025-09,ba_2025091601846526,5.0,-0.2,high_rating_negative_text,양진짜많고비온다고비닐까지 넣어서보냈어요.고맙습니다
ba_13223654,2025-09,ba_2025091601846526,5.0,-0.2,high_rating_negative_text,양진짜많고비온다고비닐까지 넣어서보냈어요.고맙습니다
ba_13227696,2025-09,ba_2025090502920343,2.0,0.8,low_rating_positive_text,원래 자주 이용하던 매장이라 리뉴얼 후에도 기다렸다가 일부러 또 여기서 주문했는데… 단호박죽 원래 여기서 맛있게 먹었었는데 이번엔 뭔가 좀… 맛이 부족한 느낌이어서 아쉬웠네요…ㅠ 또 다른 지점은 반찬 두가지만 달라고 하면 장조림을 두개 주시던데 여기는 하나만 주시네요… 또 일찍 먹어야 해서 배달도 일부러 일찍 시켰는데 무려 한시간 가까이 걸렸어요ㅠ
ba_13229747,2025-08,ba_2025082301461519,2.0,1.0,low_rating_positive_text,"목요일에 3개소분 포장해서 하루한개씩 먹고있는데 맛있게 잘먹었는데,, 오늘 이상한게 나왔어요
뭔지도 모르겠습니다 딱딱하고 찢어진 결이보이는데
입맛이 뚝떨어졌어요"
ba_13230793,2025-09,ba_2025092701467883,5.0,-0.2,high_rating_negative_text,쇠고기야채죽 맛있습니다. 다만 기본반찬4종이 누락되서 좀 아쉽네요ㅠ
ba_13233592,2025-07,ba_2025080102581918,2.0,1.0,low_rating_positive_text,맛있게 먹고있는데 이런 이물질이 나왔네요... 다소 날카로웠어요 ㅠㅜ
ba_13249989,2025-08,ba_2025081702660879,1.0,0.2,low_rating_positive_text,"아…7시24분도착한다는 치킨이 7시 55분에 왔음 
치킨 다식어있고 치킨 박스가 습기다먹어서 눅눅하고
차려논 밥상 밥 다식고
ㅡㅡ배달이 문제겠지만 다신 배딜 안시켜먹을리구여
먹고싶으면 무조건 픽업할께요
4만5천원쓰고 짜증이느므 나네요…….
장각구이 다 뿔어서 빠삭함이 1도없고 하나는 제대로 구워져있지도않고…
사장님이 쏘쓰는 안아끼고쓰셔서 좋네요
저번 신정점은 매우 빠싹하고 맛있었지만 쏘스가 적어서 아쉬웠거든요
근데 저번은 껍질"
ba_13249989,2025-08,ba_2025080303256223,5.0,-0.4,high_rating_negative_text,오븐바사삭말고 그냥 오리지널로 잘못왔지만 굽네 달동점 요새 주마다 먹는거 같아요 담엔 잘 부탁드려요!
ba_13313413,2025-07,ba_2025072903040813,1.0,0.6,low_rating_positive_text,"먹어본 볼케이노 중에 최고 싱거움
내 최애 치킨이ㅜㅜ"
ba_13313413,2025-09,ba_2025092702213823,1.0,0.2,low_rating_positive_text,"여기는 항상 맛이 없어.
소스같은것도 되게 조금 입히고.
대학교 앞에 있어서 어차피 잘돼서 그런가 ?"
ba_13313909,2025-07,ba_2025072502574829,4.0,-0.2,high_rating_negative_text,"장작구이에 미니바게트가 없네요? 복불복인가요ㅋ 
처음 주문해본건데 아쉽슴닷.."
ba_13379446,2025-09,ba_2025090702536679,5.0,-0.2,high_rating_negative_text,"매콤소스 추가 했는데 핫소스를 보내셨네요?
아쉬워라."
ba_13379446,2025-09,ba_2025090702536679,5.0,-0.2,high_rating_negative_text,"매콤소스 추가 했는데 핫소스를 보내셨네요?
아쉬워라."
ba_13412065,2025-08,ba_2025082301603303,1.0,0.2,low_rating_positive_text,머리카락 나옴 밥 맛 떨어졌어요
ba_13412065,2025-07,ba_2025072501188718,5.0,-0.8,high_rating_negative_text,술취한상태로 시킨 굽네 신길뉴타운점… 늦게 시켜서 순살이 없던게 아쉬웠을뿐… 그치만 윙봉도 맛잇다……
ba_13412065,2025-08,ba_2025080201694569,4.0,-0.2,high_rating_negative_text,좀 타왓어요ㅠㅠ너무 수분끼가 없었네요
ba_13412065,2025-08,ba_2025080702034482,5.0,-0.2,high_rating_negative_text,"진짜 저 서울 이사온 뒤로 굽네는 여기만!! 시킵니다 ㅎㅎ

굽네 이름 달고 제대로 안구워진 상태로 오는 곳들도 왕왕 있는데ㅠㅠ 여긴 크기 굽기 촉촉함 삼박자가 제일 잘 떨어져요 앞으로도 잘 부탁드립니당♡

사진은... 오자마자 정신 놓고 먹어서 없어요...ㅜ
다음엔 정신 잘 차리고 사진 먼저 찍어서 보여드릴게요ㅎㅎ"
ba_13412065,2025-08,ba_2025080902502866,5.0,-0.2,high_rating_negative_text,넘 부드럽구 진짜진짜 존맛탱 굽네는 신길뉴타운점 ♡
ba_13412065,2025-08,ba_2025081202391668,5.0,-0.2,high_rating_negative_text,광고보고 계속 궁금해하다가 시켜봤는데 다리4개에 좀 비싸단 생각은 들지만 그래도 살짝 자극적으로 맛이 있어서 나중에 또 생각날것같아요 아 근데 구운란이 먹고싶었던건데 품절이라고 웨지감자 챙겨주셔서; 감자튀김을 안먹다보니 ㅠㅠ 품절이면 바로 표시를 좀 해주시면 좋을듯요…
ba_13412065,2025-09,ba_2025090801671248,5.0,-0.2,high_rating_negative_text,포장이 잘못된건지 원래 바삭해야할 치킨이 눅눅했어요 ㅠ 다 젖어있더라고요 포장지가 ㅠㅠ 그래서 거의남겼습니다...
ba_13412065,2025-09,ba_2025091902137896,5.0,-0.2,high_rating_negative_text,양이 진짜 많아요!! 앞으로 이 지점에서만 시킬래요
ba_13412065,2025-09,ba_2025091902137896,5.0,-0.2,high_rating_negative_text,양이 진짜 많아요!! 앞으로 이 지점에서만 시킬래요
ba_13459937,2025-09,ba_2025091402776568,4.0,-0.6,high_rating_negative_text,음식이 다 식어서 도착했어요. 예상시간보다 더 늦게 도착했고 치킨은 다 식어서 그저 그랬습니다. 가게 문제는 아니지만 다음에는 다른 지점에서 시킬 것 같아요
ba_13473077,2025-08,ba_2025083101054279,5.0,-0.2,high_rating_negative_text,전남친이 아프다고 사와달라고 할 때 말고 사본적없는데 궁금하기도하고 술먹고힘들어서 시켜봣어욥 치즈가 레전도리!!🥵
ba_13473077,2025-08,ba_2025083101054279,5.0,-0.2,high_rating_negative_text,전남친이 아프다고 사와달라고 할 때 말고 사본적없는데 궁금하기도하고 술먹고힘들어서 시켜봣어욥 치즈가 레전도리!!🥵
ba_13539608,2025-08,ba_2025080802638776,1.0,0.2,low_rating_positive_text,폭립에  묻은소스가 점점  스쳐지나가기만 하는거같애요 소스가 너~~무 없어서 맛이없어요 :;;
ba_13539608,2025-08,ba_2025081700007697,5.0,-0.4,high_rating_negative_text,배달지연떠서 실망할뻔했는데 맛으로 커버가능
ba_13539608,2025-09,ba_2025091002543377,4.0,-1.0,high_rating_negative_text,"한집배달료내고  주문했으나  약속 시간보다 늦게도착했어요
배달료할인행사중이라지만 빨리받고싶어 한집배달한건데 늦었으니 배달료일정부분 환불해주거나 쿠폰이라도 주셔야하는것아닐까요?"
ba_13539851,2025-08,ba_2025080502325837,2.0,1.0,low_rating_positive_text,"다른 한조각도 엄청 덜 익어서 반죽채로 온것도 있었고.. 사진에 오른쪽 치킨은 아예 튀김반죽이 없고 왼쪽 치킨은 보시다시피 너무 덜익어서 ㅠㅠ.. 다음부턴 더 맛있게 해주세요..!ㅠ 
나름 배려한다고 사장님에게만 보이는걸로 했는데 답변이 없네유.. 혹시 보신다면 다음에 더 잘 구워주시길"
ba_13574800,2025-07,ba_2025073001768059,1.0,0.2,low_rating_positive_text,배달 시간은 1시간 10분 정도 걸린 건 상관 없는데 너무 구워져서 와서 약간 탄 맛(?) 그런 게 나요 ㅠㅠ
ba_13596730,2025-08,ba_2025082500488510,5.0,-0.2,high_rating_negative_text,늦잠 자고 고추바사삭이 먹고싶어서 시켜먹었는데 다음날 화장실에서 살았습니다 먹은게 고추바사삭밖에 없어서 다른 의심이 될만한 음식도 전혀없고 아직까지도 배가 콕콕 쑤시네요 닭이 상한건 아닌지 의심됩니다 관리에 신경쓰서야 할것같네요
ba_13596730,2025-08,ba_2025082500488510,5.0,-0.2,high_rating_negative_text,늦잠 자고 고추바사삭이 먹고싶어서 시켜먹었는데 다음날 화장실에서 살았습니다 먹은게 고추바사삭밖에 없어서 다른 의심이 될만한 음식도 전혀없고 아직까지도 배가 콕콕 쑤시네요 닭이 상한건 아닌지 의심됩니다 관리에 신경쓰서야 할것같네요
ba_13630053,2025-09,ba_2025091902573857,2.0,0.4,low_rating_positive_text,무 국물이 신선하지 않은것 같습니다.
ba_13639608,2025-08,ba_2025082401788018,5.0,-0.2,high_rating_negative_text,아이들 먹일려고 매번 시켜먹어요  기름기 없고 부담없어요
ba_13639608,2025-08,ba_2025082401788018,5.0,-0.2,high_rating_negative_text,아이들 먹일려고 매번 시켜먹어요  기름기 없고 부담없어요
ba_13752011,2025-08,ba_2025081301205035,5.0,-0.2,high_rating_negative_text,아니... 사장님... 저번 주문 때 실수하셨다고 이번에 이렇게 챙겨주시면 사장님은 뭐 먹고 사시나요... 주문 문구로 신경 써달라고 부탁드리긴 했지만 결코 뭐 더 챙겨달라는 뜻은 아니었는데... 케이준감자까지 서비스로 추가해주실 줄은 생각도 못했습니다. 덕분에 간밤을 진짜 행복하게 보냈네요ㅋㅋㅋㅋㅋ 치킨 고플 때 다음에 또 시켜먹겠습니다. 장사 번창하세요!!!
ba_13752011,2025-09,ba_2025092002731253,5.0,-0.6,high_rating_negative_text,사장님 진짜 죄송한데.. 음식이 너무 기름 쩐내 납니다.. 치밥은 심지어 주방세제 맛도 살짝 나면서 기름 쩐내가 심하구요.. 감자튀김도 마찬가지 입니다.. 이건 진짜 심각한거 같습니다. 개선이 필요합니다.
ba_13752011,2025-09,ba_2025092102713138,4.0,-0.8,high_rating_negative_text,허허 누락없이 보내달라고 말씀드렸는데 치킨무는 원래 추가해야 받을수있는건가요? 치킨시키면서 무 못받은적 처음이네요
ba_13928548,2025-08,ba_2025082403054012,4.0,-0.2,high_rating_negative_text,아쉬워요 소스가 없는줄 몰랐는데 소스미제공이면 시켰ㄴ을텐데ㅜ 소스없는 고추바사삭은 ㅜㅜ
ba_13973745,2025-09,ba_2025090902560529,4.0,-0.4,high_rating_negative_text,"치즈가 원래 이렇게 되어있는게 맞는건가요?ㅜㅠ
원래 먹던맛이 아니어서 실망했습니다.. 
치즈가 하나도 녹지 않았네요..."
ba_14092187,2025-08,ba_2025081802662391,5.0,-0.8,high_rating_negative_text,콜라가 누락돼서 왔는데 그럴 땐 다른 방법으로라도 고객이 바로 받아볼 수 있게 해야되는 거 아닌가요? 심지어 1분거리인데.. 가까워서 바로 오겠지하고 재배달 요청하니까 주문이 밀려있어서 40분 걸린다고 하시는 게 진짜 황당했어요 40분 지나면 음식 다 먹는데 … 다음부턴 신속한 처리 부탁드리겠습니다.
ba_14117511,2025-09,ba_2025090202763851,4.0,-0.2,high_rating_negative_text,일단 양이 너무 예전에 비해 적어졌어요. 주문도 50분 후 도착예정이라 감안하고 있었음에도 불구하고 원래 도착예정 시간인 7:18보다 40분 가까이 지연되서 받아서 기다리다 지쳤습니다. 다음부터는 여기서 안시킬 것 같아요ㅠ
ba_14117511,2025-09,ba_2025090202632970,1.0,0.2,low_rating_positive_text,바삭하지가 않아요
ba_14117511,2025-09,ba_2025090302672589,1.0,0.6,low_rating_positive_text,"진짜 웬만해서는 별 1개 안남겨요.. 혼자 먹기엔 한 마리는 많을 것 같아서.. 반마리 메뉴가 있길래 반신반의 하면서 시켜봤어요. 반마리니까 성의 없겠지 싶으면서도 혹시 모를 기대감으로.. 받았는데 생각보다 너무 괜찮으면 반마리 메뉴에 리뷰도 없는데 내가 잘 써드려야겠다 싶었어요. 근데 아니나 다를까 소스 크기보다도 작고 리뷰스티커만한 치킨 조각 10개 보내시는 건 너무 한 거 아닌가요? 윙봉이니까 감안하려고 생각해도, 어떻게"
ba_14117511,2025-07,ba_2025072702478449,2.0,0.2,low_rating_positive_text,"너무 탔어요,,.. 치킨에서 쓴 맛나요.."
ba_14117511,2025-08,ba_2025081602068086,5.0,-0.4,high_rating_negative_text,사장님 저번에도 소스를 잘못 주셨던데 이번에도 잘못 주셨습니다... 덥고 바쁘셔서 그랬겠죠 근데 두번이라 쪼꼼 상처 받았습니다...ㅠ 그래도 잘먹었습니다 번창하세요🫠
ba_14117511,2025-09,ba_2025092802512592,1.0,0.2,low_rating_positive_text,배달도 30분 넘게 늦게오고 음식도 너무 식어서 왔내요.. 맛은 좋았습니다.
ba_14228061,2025-08,ba_2025082902381175,5.0,-0.2,high_rating_negative_text,오리지널 먹으려다 고추바사삭이 1위길래 메뉴변경해봤어요 굽네 진짜 몇년만에 먹었는데 최근에 먹은 치킨중에 단연 1위 등극입니다
ba_14228061,2025-09,ba_2025090102442010,5.0,-0.2,high_rating_negative_text,적절한 굽기
ba_14228061,2025-08,ba_2025080102532612,4.0,-0.6,high_rating_negative_text,껍질부분이 조금씩타고 바삭보단 딱딱해서 좀 아쉬웠습니다
ba_14228061,2025-09,ba_2025091400750696,4.0,-0.2,high_rating_negative_text,너무 타서 먹기  곤란했어요
ba_14229365,2025-08,ba_2025081102164628,5.0,-0.2,high_rating_negative_text,진짜 미쳐쇼ㅡ빈다
ba_14229365,2025-08,ba_2025081102684494,5.0,-0.8,high_rating_negative_text,어쩜 이렇게 굽기도 적당하고 가슴살 마저 부드럽게 만드시는거죠? 단한번도 실망한 적이 없어요~ 늘 망설임 없이 주문합니다~
ba_14229365,2025-09,ba_2025092601830744,5.0,-0.2,high_rating_negative_text,배가 고파서 그런지 양이.. 전 보도 적은듯  합니다...^^;
ba_14249433,2025-08,ba_2025082902826465,5.0,-0.2,high_rating_negative_text,"굽네 오리지날 순살, 기름기 없이 담백해서 MZ취향 저격각~
넷플릭스+치킨 조합으로 오늘도 행복치수 MAX!"
ba_14249433,2025-09,ba_2025091002496583,1.0,0.2,low_rating_positive_text,한그릇메뉴에 굽네가 있어서 좋았어요 여기서 같은메뉴 2번 다 너무 늦게오는바람에 음식은 다 식어빠지고..... 고추바사삭도 한그릇메뉴에 있으면 좋겠네요 근데 여기매장만 알뜰배달이 늦는건가요?? 일부러 5시47분에 빨리오겠다싶어서 주문했더니 7시13분에 도착하는건.. 그것도 고객센터에 전화하니 10분 빨라진거라니..... 이거하나 먹자고 뒤 일정을 다 취소하게되다니..
ba_14250328,2025-08,ba_2025081003037992,2.0,0.2,low_rating_positive_text,"볼케반반 순살 양 . 이게 25,000원 ? 사진은 떡만 한개 먹은거고  박스 반도안참 .  둘이먹고 배도안참 . 후식으로 먹어도될듯 . 드실분들 참고 . 맛은있음 . 매장에 전화해서 물어보니 다른말없이 800g정량이라고 본사에 문의하라고 하는데 , 이정도 양이면 본사에문의하라고 할게 아니고 점주들이 본사에 항의를 하는게 맞을듯 . 리뷰는 이벤트 말고는 일절 안쓰는데 이건 고객을 조롱한다고 생각 할수밖에없음 . 굽네는 다시는 "
ba_14260091,2025-08,ba_2025080502376515,1.0,1.0,low_rating_positive_text,맛있게 먹다가 머리카락 발견했어여..ㅠ 위생을 신경쓰셔야 할 것 같아요
ba_14260091,2025-09,ba_2025090302812153,1.0,0.2,low_rating_positive_text,볼케이노 레시피가 바뀐건지 소스가 아예 없고 맵지가 않아요  그리고 고기인지 파우더인지 모르겠는데 시큼한맛이 났습니다. 애매한 정도라서 그냥 먹습니다.  볼케이노는 이제 안먹을거같아요.
ba_14260091,2025-09,ba_2025092101722586,4.0,-0.4,high_rating_negative_text,배달 조오오오오오옹오오오오오오오나느림 음식 다 식어서와서 에어프라이기에 데워먹었더니 수분기 다 날라간 개딱딱치킨먹음 하 알뜰배달 미새친끼들
ba_14271330,2025-08,ba_2025081401357198,1.0,1.0,low_rating_positive_text,사장님 어제 제가 퇴근길에 치킨을 시켰습니다ㅠㅠ 사장님도 퇴근을 하셔야해서 제가 가게앞에 놔둬두고 퇴근하셔된다고 괜찮다고 하셨는데 저를 끝까지 사장님 퇴근하시지도않고 기다려주셔서 정말 감사드립니다ㅠㅠ 별점 1개 보고 놀라실텐데 별6개 입니다 ⭐️⭐️⭐️⭐️⭐️ 맛도 다른지점 보다 훨씬 맛있습니다!! 굽네는 일광신도시점 시켜드세요!!
ba_14279612,2025-08,ba_2025081002719329,5.0,-0.4,high_rating_negative_text,해물죽 시켰는데 딱딱한 조개 껍질인지 돌인지 있어서 먹기가 불편했습니다..
ba_14309634,2025-09,ba_2025092303089330,5.0,-0.4,high_rating_negative_text,소스가 잘못왔네요..마블링소스만먹는데ㅠㅠㅠㅠㅠ
ba_14327700,2025-08,ba_2025081702427435,1.0,0.2,low_rating_positive_text,"요리보고 저리봐도 그냥 흰쌀밥죽 같아요 제 리뷰 보시다 싶이 진짜 왠만해선 다 참고 넘기는데 
이건  너무 하지 않나요 ..? 배달도 도착예정시간 넘기고 1시간 기다려서 받은건데 열자마자 당황 했네요 그리고 위에 뿌려주는 깨가 없어서 전복죽 느낌이 아니라 그냥 밥에 물탄걸 따뜻하게 먹는 느낌이 였네요 깨를 원래 뿌리지 않는거면 미리 사전에 공지를 하든 했어야죠 ? 소비자 입장에서 어캐 압니까 ? 밥알크기를 고르는건줄 알지 ? "
ba_14327700,2025-08,ba_2025081801644459,5.0,-0.2,high_rating_negative_text,몸살이라 반차 쓰고 죽 시켰는데 포장 진짜 이쁘게 해서 왔네요 몸은 아프고 배는 고파서 사진도 못찍었네요.. 죽 농도 간 진짜 제입맛에 딱입니당.
ba_14332090,2025-07,ba_2025072602508178,1.0,0.4,low_rating_positive_text,"고추바사삭을 정말 좋아해서 자주 먹어봤는데, 이런 상태는 처음입니다. 처음 먹을때 반죽이 덜익나 생각이 들었고 뒤집어서 하나하나보니 사장님도 모르고 담으신 게 아니라는 생각이 들 정도로 상태가 심각했어요. 뒤집어보니 한두 개 빼고는 거의 다 그런 상태였습니다. 그래도 참고 먹어보려 했는데, 고추바사삭 특유의 맛도 전혀 느껴지지 않고 무슨 맛인지 모르겠고, 식감도 바삭함이 전혀 없었습니다.. 정말 실망했습니다……"
ba_14332090,2025-09,ba_2025092102620192,5.0,-0.2,high_rating_negative_text,광고보면서 주문했어요~ 어릴적 돈까스 집에서 주던 야채스프 생각나네요~ㅎ
ba_14332090,2025-09,ba_2025092102620192,5.0,-0.2,high_rating_negative_text,광고보면서 주문했어요~ 어릴적 돈까스 집에서 주던 야채스프 생각나네요~ㅎ
ba_14332093,2025-08,ba_2025080402101062,5.0,-0.2,high_rating_negative_text,굽네치킨은 좋지만 장각구이 메뉴는 시키지 마세요. 가격에 비해 양도 적고 맛도 별로입니당. 다른 메뉴로 주문하세요!
ba_14336642,2025-08,ba_2025080302242407,2.0,0.6,low_rating_positive_text,"오랜만에 고바삭이 먹고 싶어서 주문 했습니다
오자마자 열고 봤는데 그냥 봐도 탄 부분이 너무 많아서 속상합니다
원래 이렇게 타서 올수도 있는건가요? ? ..  
원래 먹을 때마다 이정도로 타서 오지 않았는데 이번에는 너무 많이 타서 온거 같아요 탄 부분은 손으로 다 뜯어서 먹었네요.. 그리고 치킨은 뜨거울정도까지는 안바래도 따뜻했으면 좋았을텐데 따뜻하지도 않고 미지근하고 껍질은 바삭한것도 아니고 너무 딱딱해요.. 탄 부분 그대"
ba_14387630,2025-08,ba_2025083002865704,5.0,-0.2,high_rating_negative_text,다이어터인데 한마리시키기엔 부담스럽고 고추바사삭은 땡기고… 고민중이었는데 한그릇배달이 고추바사삭으로 변경가능하더라구요?! 양이 적을줄 알았는데 다이어터 기준으로 두끼 나눠 먹기 충분합니다 웨지감자도 오고 해서 넉넉해요 딱 반 먹고 남겼어요ㅎㅎ
ba_14387630,2025-08,ba_2025083002865704,5.0,-0.2,high_rating_negative_text,다이어터인데 한마리시키기엔 부담스럽고 고추바사삭은 땡기고… 고민중이었는데 한그릇배달이 고추바사삭으로 변경가능하더라구요?! 양이 적을줄 알았는데 다이어터 기준으로 두끼 나눠 먹기 충분합니다 웨지감자도 오고 해서 넉넉해요 딱 반 먹고 남겼어요ㅎㅎ
ba_14388856,2025-08,ba_2025081202918188,1.0,0.8,low_rating_positive_text,너무 탔어요 저번엔 맛있게  먹어서 오리지널로 주문했는데 너무타서 잘라내느라.. 포장할때 탄거 봤을텐데
ba_14388856,2025-08,ba_2025080602758666,5.0,-1.0,high_rating_negative_text,"사장님은 잘못 없으신거 아는데요 치킨 주문하고 받아보기까지 1:40분이 걸렸어요 ,, 배민 진짜 말이되나요? 계속 긴급배차 잡아주겠다고해서 다른데서 시키면 더 늦어질까봐 취소안하고 받았는데 ㅎ진짜 음식이 돌덩이같았어요. 딱 먹어보면 아는데 진짜 이건 만든지 꽤 된거인게 느껴짐요;;;"
ba_14388856,2025-08,ba_2025080602758666,5.0,-1.0,high_rating_negative_text,"사장님은 잘못 없으신거 아는데요 치킨 주문하고 받아보기까지 1:40분이 걸렸어요 ,, 배민 진짜 말이되나요? 계속 긴급배차 잡아주겠다고해서 다른데서 시키면 더 늦어질까봐 취소안하고 받았는데 ㅎ진짜 음식이 돌덩이같았어요. 딱 먹어보면 아는데 진짜 이건 만든지 꽤 된거인게 느껴짐요;;;"
ba_14388856,2025-09,ba_2025091401912628,5.0,-0.6,high_rating_negative_text,한결같은 맛과 서비스. 실망한 적이 없어요^^👍
ba_14388856,2025-09,ba_2025091401912628,5.0,-0.6,high_rating_negative_text,한결같은 맛과 서비스. 실망한 적이 없어요^^👍
ba_14396364,2025-08,ba_2025080102854015,1.0,1.0,low_rating_positive_text,주문한 음식은 맛있게 먹었는데 죽 안에 큰 철수세미 조각이 나왔네요. 발견하자마자 전화했는데 안받으셔서 여기에 남겨요. 요리 하실 때 주의 부탁드립니다. 엄마가 배가 안좋아서 시킨 죽이었는데 죽 안에서 저런게 발견되니까 기분이 좀 그렇네요;
ba_14400680,2025-09,ba_2025092702665024,4.0,-0.4,high_rating_negative_text,장각구이는 빵이없어서 약간아쉬웠고 소스도 아쉬웠다 고추바사삭은 역시 너무 맜있다
ba_14437626,2025-07,ba_2025072902726434,2.0,0.2,low_rating_positive_text,"굽네치킨은 바삭하게 구운 맛인데 동천점에서만먹다가 주인바뀌신거같아 주문했는데 느낌이 생닭먹는느낌이였어요
피드백은 드려야할꺼같아서요 닭살이 이빨에 끼일정도로 생닭 느낌이였어요 못먹고 한마리는 버렸네요
약간 개선을 하시면 도움이될까 몇자적어드립니다"
ba_14437626,2025-08,ba_2025083100371315,5.0,-0.4,high_rating_negative_text,늦은시간 주문이긴 했으나 마감이 있으셨으면 주문취소를 하시던지 메뉴실수도 그냥 받겠다고 했는데 고추바사삭인데 오래있다가 연것도 아니고 바로 열어서 먹었는데 진짜 너무 눅눅해져서 왔습니다  사장님 나쁜마음 있어서 이렇게 쓰는게 아니고 신경좀 쓰시고 해주세요
ba_14437626,2025-08,ba_2025083100371315,5.0,-0.4,high_rating_negative_text,늦은시간 주문이긴 했으나 마감이 있으셨으면 주문취소를 하시던지 메뉴실수도 그냥 받겠다고 했는데 고추바사삭인데 오래있다가 연것도 아니고 바로 열어서 먹었는데 진짜 너무 눅눅해져서 왔습니다  사장님 나쁜마음 있어서 이렇게 쓰는게 아니고 신경좀 쓰시고 해주세요
ba_14437626,2025-09,ba_2025090802996150,1.0,0.2,low_rating_positive_text,"기분좋게 먹으려고시켰는데 배달기사탓인지
가게에서 치킨통을 애초에 옆으로 넣으신건지는 모르겠지만 참 포장뜯기가겁나네요"
ba_14437626,2025-09,ba_2025092003115395,5.0,-0.2,high_rating_negative_text,맛은 좋죠 오늘 늦게 출발해서...너무 기다렸어요..
ba_14437626,2025-09,ba_2025092003115395,5.0,-0.2,high_rating_negative_text,맛은 좋죠 오늘 늦게 출발해서...너무 기다렸어요..
ba_14440526,2025-07,ba_2025073102540017,5.0,-0.6,high_rating_negative_text,"장각구이 처음먹어보는데 그냥 쏘쏘.. 
피자는 도우가 타진않았는데 엣지부분이 너무딱딱해서 이 나가겠더라구요 ㅋㅋㅋㅋㅋㅋㅋ 둘다 먹을만했습니다"
ba_14440680,2025-08,ba_2025081701670213,5.0,-0.4,high_rating_negative_text,장각치킨 진짜 완전 제 스타일!!!
ba_14440680,2025-09,ba_2025091100141530,5.0,-0.4,high_rating_negative_text,비싸지만 한 번 쯤은...
ba_14440680,2025-09,ba_2025091100141530,5.0,-0.4,high_rating_negative_text,비싸지만 한 번 쯤은...
ba_14441192,2025-09,ba_2025090502524103,4.0,-0.2,high_rating_negative_text,이틀 전 먹은 오리지널 순살보다 오늘 게 좀 더 짜네요…!
ba_14449139,2025-07,ba_2025072602754086,4.0,-0.2,high_rating_negative_text,"사람들이 맛있다는데 제입에는 별로입니다......가격도 많이 비싸구요.두번다시는 사먹고 싶지않습니다
속이 너무 느끼합니다"
ba_14449139,2025-09,ba_2025091602879637,1.0,0.2,low_rating_positive_text,"없으시면 판매하지마세요^^
일부로 미지근한거 갖다주시고 아주 감사합니다"
ba_14463467,2025-08,ba_2025080902158292,5.0,-0.4,high_rating_negative_text,요즘 이치킨에 빠졌다 👍
ba_14464913,2025-09,ba_2025091600135172,5.0,-0.2,high_rating_negative_text,주기적으로 생각나는 시카고 피자 못참고 또 시켜 먹습니다
ba_14464913,2025-09,ba_2025091600135172,5.0,-0.2,high_rating_negative_text,주기적으로 생각나는 시카고 피자 못참고 또 시켜 먹습니다
ba_14488211,2025-08,ba_2025082303206125,5.0,-0.2,high_rating_negative_text,"8일에 이사와서 두번째 주문해서 먹었어요
영수증에 음식은 일찍 준비되었던데 배달 시간이 좀 아쉽네요"
ba_14525069,2025-08,ba_2025081902818295,4.0,-0.2,high_rating_negative_text,It was not that hot like last time. 조금 아쉽개 식어서 왔네요.
ba_14525069,2025-08,ba_2025081902818295,4.0,-0.2,high_rating_negative_text,It was not that hot like last time. 조금 아쉽개 식어서 왔네요.
ba_14525069,2025-08,ba_2025082702649317,1.0,0.2,low_rating_positive_text,광고보고  기대하고 주문했는데 맛없어요
ba_14525069,2025-09,ba_2025092700118759,4.0,-0.2,high_rating_negative_text,"다른곳은 바게트 돈안받는디 여긴 왜받나요?
그렇타고 가격이 싼것도 아니고 이해가 안되네요"
ba_14525069,2025-09,ba_2025092700118759,4.0,-0.2,high_rating_negative_text,"다른곳은 바게트 돈안받는디 여긴 왜받나요?
그렇타고 가격이 싼것도 아니고 이해가 안되네요"
ba_14525359,2025-09,ba_2025091101430275,4.0,-0.4,high_rating_negative_text,"음식은 괜찮은데 
직원분이 별로~~"
ba_14528279,2025-08,ba_2025080202399869,5.0,-0.2,high_rating_negative_text,고추바사삭 처음 먹어봤는데 진짜 미쳤네요 월월월월월ㄹ워ㄹㄹ월월!!!!!!!!
ba_14528279,2025-09,ba_2025092801891534,5.0,-0.6,high_rating_negative_text,"고츄바사삭은 처음인데요 ..
너무 늦게알았어요,,,ㅜㅜㅜㅜㅜㅜㅜㅜㅜㅜㅜㅜㅜ"
ba_14541579,2025-08,ba_2025080202912386,5.0,-0.2,high_rating_negative_text,"후기가 늦었습니다
간난히 맥주 안주로 주문한게
결국 햇반에 밥을 비벼먹게 되더군요
오바였지만 후회없는 선택이었습니다"
ba_14548743,2025-09,ba_2025091500271799,5.0,-0.2,high_rating_negative_text,오 신메뉴존맛탱 근데둘이서먹기엔 부족해요😱
ba_14548743,2025-09,ba_2025091500271799,5.0,-0.2,high_rating_negative_text,오 신메뉴존맛탱 근데둘이서먹기엔 부족해요😱
ba_14556221,2025-09,ba_2025090902647243,5.0,-0.2,high_rating_negative_text,진짜노무마싯음
ba_14556221,2025-09,ba_2025092600001784,4.0,-0.6,high_rating_negative_text,ㅠㅠ오늘은 좀 짜요... 어쩔땐 짜고 어쩔땐 적당하고 ㅠㅠ 오늘은 좀 아쉽지만 그래도 봉명점이 좋네요
ba_14557882,2025-09,ba_2025091502306719,4.0,-0.6,high_rating_negative_text,요블링소스 싫어서 고블링으로 주문했는데 잘못와서 아쉽습니다
ba_14563145,2025-07,ba_2025080102483094,1.0,0.2,low_rating_positive_text,마늘 닭 시켯는데 바삭함은 저녀없네요.
ba_14575172,2025-08,ba_2025082502462831,4.0,-1.0,high_rating_negative_text,순살치킨은 항상 시켜먹을때마다 생각하는거지만 양이 너무 적다는생각이들고 오늘은 무우가 물렁물렁해서 정말 최악이었어요
ba_14575172,2025-09,ba_2025092701890808,5.0,-0.2,high_rating_negative_text,음식의 양은 조금 아쉽지만 밋은 최곱니다~~
ba_14581239,2025-07,ba_2025072601803952,5.0,-0.2,high_rating_negative_text,"배달은 이래놓고 사과도 없이 그냥 갔네요.
어이가 없어서ㅡㅡ 말이라도 하고 가던지
초인종도 안 누르고 그냥 달아나기 바빴는지
음식에는 죄가 없어서 별점은 드리는데 그 사람에게 말 좀 해주세요.
얘기라도했음 이해라도 해줬지ㅡㅡ 진짜~ 첫주문집인데
인상이 참~~~ 그렇네요. 음식도 이리 만들어놓고~"
ba_14581239,2025-07,ba_2025072601803952,5.0,-0.2,high_rating_negative_text,"배달은 이래놓고 사과도 없이 그냥 갔네요.
어이가 없어서ㅡㅡ 말이라도 하고 가던지
초인종도 안 누르고 그냥 달아나기 바빴는지
음식에는 죄가 없어서 별점은 드리는데 그 사람에게 말 좀 해주세요.
얘기라도했음 이해라도 해줬지ㅡㅡ 진짜~ 첫주문집인데
인상이 참~~~ 그렇네요. 음식도 이리 만들어놓고~"
ba_14582073,2025-08,ba_2025090100003972,5.0,-0.2,high_rating_negative_text,"메뉴 누락이 있었지만 그래도 늦게라도 갔다주셔서 
죄송하고 감사하네요~ 맛도 있고 감사히 잘먹겠습니다~"
ba_14582073,2025-08,ba_2025090100003972,5.0,-0.2,high_rating_negative_text,"메뉴 누락이 있었지만 그래도 늦게라도 갔다주셔서 
죄송하고 감사하네요~ 맛도 있고 감사히 잘먹겠습니다~"
ba_14593798,2025-07,ba_2025073101907017,5.0,-0.6,high_rating_negative_text,"예상시간보다 늦게와서 기다리고 ㅠㅠ
박스가 수분을 머금고 있었고 ... ㅠㅠ
그나마 날이 더워서 그런지
치킨의 열기는 어느정도 남아 있어서
배도 고프고 애들도 너무 기다렸어서 걍 먹었어요,
치킨이 늦게 픽업된거 같은데 아쉽네요
참, 장각구이는 향신료 별로 않좋아하시는분들에겐
불호이지 않을까 ... 저는 불호였어요 ㅠㅠ
저빼고 다른가족들은 맛있게 먹더라구요 ~"
ba_14593798,2025-09,ba_2025090901969648,5.0,-1.0,high_rating_negative_text,"여러분 알뜰배달 시키지 마세요 한집으로 시키셈 
배달시간이 40분 걸려서 치킨 다 식어서 옴
방금  받은 치킨을 데워 먹어야 한다니 레전드다  진짜
사장님은 잘못이 없는데 배달기사 적당히 묶어와야지 진짜ㅋㅋ"
ba_14597164,2025-07,ba_2025073102708182,4.0,-0.4,high_rating_negative_text,"오늘은 탄 게 너무 많아 
딱딱하고 씁쓸한맛 많이나네요

이정도로 온 적은 없는데
오늘은 왜 이런건지"
ba_14597164,2025-09,ba_2025090701954270,4.0,-1.0,high_rating_negative_text,"장각치킨 진짜 맛남
파스타는  용기도 별로 
소스며 다 별로  용기때문인가
내느낌은 냄새가 ㅜㅜ"
ba_14597164,2025-09,ba_2025090701642092,1.0,0.2,low_rating_positive_text,"치킨을 익히는 법을 모름 그냥
피맛이 남"
ba_14597164,2025-09,ba_2025092002324144,5.0,-0.4,high_rating_negative_text,콜라가 빠졌어요
ba_14597164,2025-08,ba_2025090103035917,5.0,-0.8,high_rating_negative_text,한집배달주문했는데 배달시간 +30분 늘어나더니 다 식어서 왔어요..차갑게 다 식었네요
ba_14604237,2025-09,ba_2025090402850681,4.0,-0.2,high_rating_negative_text,양너무적어요 12000원에 80%가 감자 ㅜㅜ
ba_14606315,2025-08,ba_2025081901364137,5.0,-0.4,high_rating_negative_text,"다른 지점에서 소고기죽 시켰을때..소고기의 향만 나길래 원래 그런가 싶었는데 범골점에서 사먹어보고 소고기가 이렇게 많이 들어가는건지 첨 알았어요ㅎㅎㅎ간도 딱 맞고..무엇보다 사장님? 직원분? 두 분 다 엄청 친절하셨어요. 매장도 청결했구요. 픽업시간 보다 한 10분정도 늦게 죽이 나왔는데 
(별 생각없이 기다리고 있었습니다.ㅎㅎ)그에대해 미리 양해와 사과 말씀 주시고, 죽 나와서 가려는데 거듭 늦어서 죄송하다며 배즙도 하나 챙"
ba_14607412,2025-08,ba_2025081002979970,1.0,0.6,low_rating_positive_text,양보고 놀랐어요 ㅎㅎ; 제가 운동하느라 닭가슴살 자주 사먹는데 3팩 그 이하 정도 되는양 같아요. 순살이라 사천원 추가했는데 그냥 뼈에서 살만 바른양 갇ㄷ아요 도착한지 10분된것 같은데 벌써 다먹었네요. 그리고 순살 유통기한이나 신선도 확인 부탁드려요 더 말은 안하겠습니다.
ba_14613531,2025-08,ba_2025081002413351,5.0,-0.2,high_rating_negative_text,아플 때 먹으니까 진짜 살아나는 느낌~
ba_14615149,2025-08,ba_2025081100418615,5.0,-0.2,high_rating_negative_text,산적이 뜯는 닭다리 비주얼 b
ba_14615149,2025-09,ba_2025090802487520,5.0,-0.8,high_rating_negative_text,"잘못 배달와서 살짝 아쉬웠는데 잘못 배달온 거 먹고 있어도 된다는 말에 외려 죄송했어요ㅜㅜ 원래면 그냥 먹는데 오늘 오븐 바사삭을 먹고 싶었던 터라 차마 이거 먹겠다고 말씀 못 드렸네요, 덕분에 엄청 배불리 먹을 것 같아요. 감사합니다."
ba_14615149,2025-09,ba_2025091702663593,5.0,-0.8,high_rating_negative_text,4천원이나 추가하는 순살메뉴인데 왠지 양적으로 실망스럽네요^^;;
ba_14616721,2025-09,ba_2025091902001271,5.0,-0.2,high_rating_negative_text,어제 오늘 넘 힘들었는데 .. 소화불량에 저혈당 증세까지ㅠㅠ 복죽은 진짜 에너지가 되는거 같아요 !! 속이 좀 낫네요 ~
ba_14620216,2025-08,ba_2025080402751761,4.0,-0.4,high_rating_negative_text,"1인분으로 딱 적당해요. 생각보다 특별한 맛은 아니었고, 소스?치즈?가 다른 곳보다 부족한 것 같아요"
ba_14620216,2025-08,ba_2025082601991796,5.0,-0.2,high_rating_negative_text,"음식이 좀 짜네요
참고하시라고 사장님께만 알려 드려요"
ba_14620216,2025-08,ba_2025090102737290,5.0,-0.6,high_rating_negative_text,"배달지연으로 너무 늦게 배달을 받아서 치킨도 다 식어서 오고, 감자 튀김도 눅어서 왔네요...
배민 문제일 듯해서...별점은 깎지 않았습니다...."
ba_14620216,2025-09,ba_2025091802623340,4.0,-0.4,high_rating_negative_text,"박스가 다 찢어진채로 오고, 좀 식었네요 ㅠ"
ba_14625157,2025-09,ba_2025090701105251,5.0,-0.4,high_rating_negative_text,메뉴가 잘못 왔네요 전화드렸는데 마감 하신거 같아서 남겨요
ba_14637553,2025-09,ba_2025091100735277,5.0,-0.2,high_rating_negative_text,피클 추가주문했는데 피클이안왔어요 피클대신 소스를잘못보낸건지.. 암튼음식은맛나요
ba_14652929,2025-07,ba_2025072802881424,5.0,-0.4,high_rating_negative_text,다식엇네요..기사 잘못이겟지만..
ba_14652929,2025-07,ba_2025072800403061,5.0,-0.4,high_rating_negative_text,유명해서 한번 사먹어봣는데 향신료냄새에 약한 저는 잘 안맞더라구영 그래도 치킨 촉촉하니 굳
ba_14652929,2025-08,ba_2025081101984694,4.0,-0.2,high_rating_negative_text,"가까운 매장 있어도 여기서 시켜 먹어요 근데 저날은 튀김옷이 살짝 두껍고 눅눅했네요 ㅠ 아쉽
그치만 다음에도 여기서 시켜먹을거에요 ㅋㅋ"
ba_14652929,2025-09,ba_2025091101068676,5.0,-0.2,high_rating_negative_text,진짜 최곱니당 👍🏻
ba_14652929,2025-09,ba_2025091101068676,5.0,-0.2,high_rating_negative_text,진짜 최곱니당 👍🏻
ba_14652929,2025-09,ba_2025092802324471,1.0,0.2,low_rating_positive_text,생맥주 맛이 이상합니다. 한모금 마시고 다버렸네요. 관리에 신경써주세요.
ba_14654080,2025-09,ba_2025091102447414,5.0,-0.2,high_rating_negative_text,"우와~~살이 이렇게 부드러울수가@@!!!!
바로 조리해주신거네요
사실 다른 굽네점 이용, 주문했는데 서비스콜라 하나없이 와서 굽네 안먹으려다 명장점 주문했어요
리뷰이벤트 작성 안해도 알아서 써비스 챙겨주셔서
감동 받았어요 
사는게 이런 의미 아닐까요?.
다들 먹고 쓰고 또 벌고 살아가는 세상인데.
굽네에서 오늘 작지만 큰 의미를 남기고자
리뷰 적습니다
앞으로도 오늘처럼 치킨을 만나고 싶어요
장각구이도 먹음직♡♡ 비주얼도 이뻐요"
ba_14663534,2025-08,ba_2025081002483949,4.0,-0.4,high_rating_negative_text,떡복이는오뎅 떡들이 이 다 질겨요
ba_14669107,2025-07,ba_2025072602872898,5.0,-0.2,high_rating_negative_text,오랜만에 생각나서 주문했어요 기름도 적고 매콤하고 마그마소스도 맛나요~
ba_14669107,2025-08,ba_2025081202652280,4.0,-0.4,high_rating_negative_text,닭냄새가 너무심해요
ba_14669107,2025-08,ba_2025082501102240,5.0,-1.0,high_rating_negative_text,음식이 다른 곳으로 배달돼서 환불요청했고 거의 20시간 만에 2만원 환불받았네요.. 전화받으시는 직원분은 뭐가 그리 바쁘신지 나중가서는 제 전화를 받지도 않으시고..결국 고객센터로 연결해서 전화좀 대신해달라 말하니 그 전화는 한번에 받으시고.. 환불해주신다는 사장님은 약속시간 한시간 넘게 안보내 주시길래 직접전화하니까 그제서야 보내주시고. 고작 2만원 환불받는데 20시간 걸렸고 전화는 10통가까이 했습니다. 쉬는날인데 스트레스
ba_14669107,2025-08,ba_2025082501102240,5.0,-1.0,high_rating_negative_text,음식이 다른 곳으로 배달돼서 환불요청했고 거의 20시간 만에 2만원 환불받았네요.. 전화받으시는 직원분은 뭐가 그리 바쁘신지 나중가서는 제 전화를 받지도 않으시고..결국 고객센터로 연결해서 전화좀 대신해달라 말하니 그 전화는 한번에 받으시고.. 환불해주신다는 사장님은 약속시간 한시간 넘게 안보내 주시길래 직접전화하니까 그제서야 보내주시고. 고작 2만원 환불받는데 20시간 걸렸고 전화는 10통가까이 했습니다. 쉬는날인데 스트레스
ba_14669107,2025-09,ba_2025090402670932,2.0,0.8,low_rating_positive_text,콤보 시켰는데 닭다리가 한개 빼고 다 이렇게 왔어요…. 살도 없고 ㅜ 고바삭 맛집이라고 써두셨길래 시킨건데 3만원 넘는 치킨이 이게 맞나요.. ㅠㅠ
ba_14669107,2025-09,ba_2025090602780917,2.0,0.2,low_rating_positive_text,솔직히.. 맛이 좀 변한거 같아요... 그리고 리뷰 이벤트 품목은 같이 안왔네요ㅠㅠ
ba_14673431,2025-09,ba_2025092702198066,1.0,0.8,low_rating_positive_text,"바삭한거 좋아해서 고추바사삭 시켰는데 뚜껑을 닫아어 안바삭하다고 하시는게 올바른 답변인지.
소비자가 먹을때 바삭하도록 포장까지 신경 쓰시기 비랍니다."
ba_14673434,2025-08,ba_2025080202331995,1.0,0.2,low_rating_positive_text,완전 눅눅하게와서 이게 고추바삭삭이 맞나 싶네요
ba_14679019,2025-09,ba_2025092502588328,1.0,0.6,low_rating_positive_text,"제 입에는
그냥 오리지날이 더 맛있네요
장각구이는 너무 비싸요"
ba_14679019,2025-09,ba_2025092702771619,1.0,0.2,low_rating_positive_text,굽네 치킨 진짜 좋아해서 여기서 정말 자주 시켜먹었는데 굽네 순살 2마리 가족들이 다같이 하는말이 양이 이게 한마리 양이냐고 나왔음.. 여기서 정말 자주 시켜먹어서 많이 아쉽네요 분명 순살로 시켜서 그만큼 추가금액도 내고 시켜먹는거라 2마리면 5만원인데..
ba_14679019,2025-08,ba_2025080302547985,5.0,-0.2,high_rating_negative_text,사진이 없어요. 단지 고추바사삭은 조금 매콤해야 하는데 그냥 후라이드 먹은것 같아요.간이 싱겁네요.웨지감자는 짱.
ba_14679019,2025-08,ba_2025080902447288,5.0,-0.2,high_rating_negative_text,주기적으로 먹어줘야해요
ba_14679019,2025-08,ba_2025082102890674,5.0,-0.2,high_rating_negative_text,"먹음직 스럽죠 ?
진짜 먹음직 했어요
저 두조각에 하루를 꽉 채우네요"
ba_14679019,2025-09,ba_2025090701297999,5.0,-0.6,high_rating_negative_text,"굽네야 항상  저를 실망시키지 않네요
굽네짱"
ba_14679019,2025-09,ba_2025090701297999,5.0,-0.6,high_rating_negative_text,"굽네야 항상  저를 실망시키지 않네요
굽네짱"
ba_14679019,2025-09,ba_2025091300488465,5.0,-0.2,high_rating_negative_text,진짜 미힌롬……………
ba_14679019,2025-09,ba_2025091300488465,5.0,-0.2,high_rating_negative_text,진짜 미힌롬……………
ba_14685750,2025-07,ba_2025080102944638,2.0,0.2,low_rating_positive_text,고추바사삭 특유의 겉이 바삭한 느낌이 없고 좀 심각하게 눅눅했어요..치킨박스도 다 젖었었고요
ba_14685750,2025-09,ba_2025092602590804,5.0,-0.2,high_rating_negative_text,와 진짜 흡입했어용....ㅎㅎ
ba_14686856,2025-09,ba_2025091001080816,5.0,-0.8,high_rating_negative_text,아플땐 죽인데 배달이 너무 늦게와서 짜증
ba_14686997,2025-09,ba_2025090702019272,5.0,-0.2,high_rating_negative_text,"간도 적당하고  야채도 풍부하고
감기기운 다 낫는거 같아요"
ba_14687060,2025-08,ba_2025080301322048,4.0,-0.4,high_rating_negative_text,"사장님 반반죽 모두 계란이 누락되었습니다. ㅠㅠ
아파서 그냥 먹었지만
다음에 신경써주시면 감사하겠습니다."
ba_14687333,2025-07,ba_2025072501342062,5.0,-0.4,high_rating_negative_text,"임신중에 소화가 잘 안되서 늦은시간에 시켰는데 
기사님이 좀 늦게오셔서 금방 도착할거라고 문자도 주시고 잘 먹었어요~!👍"
ba_14687333,2025-07,ba_2025072501342062,5.0,-0.4,high_rating_negative_text,"임신중에 소화가 잘 안되서 늦은시간에 시켰는데 
기사님이 좀 늦게오셔서 금방 도착할거라고 문자도 주시고 잘 먹었어요~!👍"
ba_14687333,2025-07,ba_2025072802074475,5.0,-0.2,high_rating_negative_text,마감이 9시까진줄 모르고 마감3분전에 주문해버렸네요ㅜㅜ 장염때문에 하루종일 앓다가 늦게나마 죽이라도 먹어야 할것 같았는데 주문 받아주시고 빠르게 배달해주셔서 감사합니다…번창하세요!!
ba_14687333,2025-07,ba_2025072802074475,5.0,-0.2,high_rating_negative_text,마감이 9시까진줄 모르고 마감3분전에 주문해버렸네요ㅜㅜ 장염때문에 하루종일 앓다가 늦게나마 죽이라도 먹어야 할것 같았는데 주문 받아주시고 빠르게 배달해주셔서 감사합니다…번창하세요!!
ba_14687344,2025-08,ba_2025082501956914,5.0,-0.2,high_rating_negative_text,할머니께서 위장이 안좋으셔서 잘못드시는데 죽 보내드렸어요
ba_14687344,2025-08,ba_2025082501956914,5.0,-0.2,high_rating_negative_text,할머니께서 위장이 안좋으셔서 잘못드시는데 죽 보내드렸어요
ba_14687368,2025-09,ba_2025092401515499,4.0,-0.4,high_rating_negative_text,"본죽은 어느 지점이든 배달 반찬이 한그릇을 다 먹기에는 매번 턱없이 적어서 부탁드렸었어요.. 다른 지점은 아무말 없이 한세트 더 주시기도 하고 많이 주시기도 하는데.. 좀 그러네요..
추가로 구매하려고 해도 추가구매 선택하는 옵션도 없고, 그렇다고 1천원짜리 추가메뉴가 있는것도 아니고.. 어떻게 하라고 하는건지..
개선이 많이 필요할것 같네요.."
ba_14687388,2025-09,ba_2025091302200496,5.0,-0.4,high_rating_negative_text,밥을 미리 담아두시나요? 너무 차갑고 떡져서 비벼지지도 않네요
ba_14687388,2025-09,ba_2025092001012475,5.0,-0.6,high_rating_negative_text,비빔밥에 계란 하나 추가해서 비지찌개에 있던 것까지 계란 총 2개와야는데 한개만 왔어요 ㅠ 포인트로 환불해주세요
ba_14687497,2025-07,ba_2025072701601728,5.0,-0.2,high_rating_negative_text,제가. 음식을 늦깨 받아서 기사님이. 조금 오래 있어서 죄송했어요 ㅅ ㅅ 너무 정확하게. 해주셨습니다
ba_14688075,2025-08,ba_2025080701718173,5.0,-0.2,high_rating_negative_text,"배달 진짜 빨리왔습니다.
항상 전화주문하고 포장해갔었는데, 
이렇게 배송 빨리 올 줄 알았으면 종종 배달해먹어야겠어요 ㅎㅎ"
ba_14688088,2025-07,ba_2025072501372496,4.0,-0.2,high_rating_negative_text,제육 양이 왜 이렇게 많이 줄었나요? 이전에 시켰을 때의 절반도 안되는 것 같은데.. 너무 적어요
ba_14688088,2025-09,ba_2025092600128018,5.0,-0.2,high_rating_negative_text,같은 메뉴를 같은 매장에서 여러번 시켰는데 오늘 유난히 전복양이 적네여
ba_14688108,2025-08,ba_2025081601704016,4.0,-0.4,high_rating_negative_text,"무난해요~
매장보다 메뉴당 천원씩 비싸네요 ㅋㅋ
뭐 이 지점만의 문제는 아니겠죠
많이시킬수록 더 비싼매직..
무료배달이 아님..ㅠ"
ba_14688180,2025-09,ba_2025091701604234,5.0,-0.2,high_rating_negative_text,위생매우우수인증에 본죽은 왕십리뉴타운점에서만
ba_14688180,2025-09,ba_2025091701604234,5.0,-0.2,high_rating_negative_text,위생매우우수인증에 본죽은 왕십리뉴타운점에서만
ba_14688336,2025-08,ba_2025080501742971,4.0,-0.2,high_rating_negative_text,"염도 35%로 조절 선택했는데,, 반영이 안된채로 와서 너무 짜서 못먹었어요ㅜㅜ 다음부턴 확인 잘 부탁드려요.."
ba_14688555,2025-08,ba_2025080502564725,5.0,-0.2,high_rating_negative_text,"꾸덕꾸덕 제 스타일이에요
본죽은 여기로 정착해야겠어요"
ba_14688555,2025-08,ba_2025080502564725,5.0,-0.2,high_rating_negative_text,"꾸덕꾸덕 제 스타일이에요
본죽은 여기로 정착해야겠어요"
ba_14688687,2025-08,ba_2025082301702102,5.0,-0.4,high_rating_negative_text,"딱딱한게 있어서 뱉었더니 꽤 큰데 조개껍데기인듯?
이빨 안나가서 다행 .삐죽한데 삼켰으면 큰일날뻔ㅜㅜ 조심해주세요"
ba_14688687,2025-08,ba_2025082301702102,5.0,-0.4,high_rating_negative_text,"딱딱한게 있어서 뱉었더니 꽤 큰데 조개껍데기인듯?
이빨 안나가서 다행 .삐죽한데 삼켰으면 큰일날뻔ㅜㅜ 조심해주세요"
ba_14688693,2025-09,ba_2025091802446219,5.0,-0.2,high_rating_negative_text,"애기가 죽맛에 빠졌어요ㅋㅋ
무조건 소고기죽,새우죽 퐁당퐁당 먹어서 늘 2개구매네요ㅋㅋㅋ"
ba_14688707,2025-09,ba_2025090503133150,5.0,-0.2,high_rating_negative_text,"아파서 끙끙 앓다 약은 먹어야겠기에
늦은밤 주문을했어요  역시 아플 땐 본죽이에요"
ba_14688746,2025-09,ba_2025090402718307,4.0,-0.2,high_rating_negative_text,"양은 조금 적다.
맛은 적당"
ba_14688765,2025-07,ba_2025073101481796,5.0,-0.2,high_rating_negative_text,평소에 좋아하는 단호박죽 소고기야채죽 시켜서 먹었습니다! 소고기야채죽 일부러 싱겁게 부탁했는데 오히려 더 짜게 된 느낌.. 신장이 안좋아서 나트륨을 조심해야 하는데 너무 짜서 먹기 힘드네요ㅠ
ba_14688765,2025-07,ba_2025073101481796,5.0,-0.2,high_rating_negative_text,평소에 좋아하는 단호박죽 소고기야채죽 시켜서 먹었습니다! 소고기야채죽 일부러 싱겁게 부탁했는데 오히려 더 짜게 된 느낌.. 신장이 안좋아서 나트륨을 조심해야 하는데 너무 짜서 먹기 힘드네요ㅠ
ba_14688765,2025-09,ba_2025090702424620,4.0,-0.2,high_rating_negative_text,"죽은 진짜 맛있는데요..
오징어 젓갈 추가했는데 오징어가 없어요..
오징어인가 하면 무말랭이…
오징어인가!!!! 하면 또 무말랭이…넘 열받아서 다신 안사먹을듯 ㅠㅜ죽만먹을래여"
ba_14688879,2025-09,ba_2025092501726660,2.0,0.4,low_rating_positive_text,"어지간해선 리뷰좋게 주는데
너무~~~맛없어요!
죽반 물반 사진은 쫌식어서 걸죽해보임
성의가 너무없네요..."
ba_14688923,2025-08,ba_2025080601310061,1.0,1.0,low_rating_positive_text,"맛있게 먹다가 
머리카락이 나와서 비위가 상해서 다 못먹었어요
위생에 더 신경써주세요"
ba_14689003,2025-08,ba_2025083001735747,4.0,-0.2,high_rating_negative_text,사장님 애들이 먹을꺼라 달달한 새알팥죽으로 시킨건데 밥알팥죽이 온거같아요 맞나요? 그냥 제가 설탕넣어서 주긴했는데 애들이 밥알이 들어잇으니 잘 안먹네요.. 착오가 있으셨던같은데 아쉽네요..다음엔 확인 잘 부탁드립니다
ba_14689007,2025-07,ba_2025073001528389,2.0,1.0,low_rating_positive_text,"깔끔하게 배달도 해주시고 정갈해서 좋아요
맛도 있어  다음에 또 생각날것 같아요"
ba_14689381,2025-08,ba_2025082202365171,1.0,0.2,low_rating_positive_text,육회 너무 맛이 없어요 고추장이랑 따로왔으면 좋을텐데 간이 너무 짜네요..
ba_14689387,2025-08,ba_2025080101519677,4.0,-0.4,high_rating_negative_text,다른 지점보다 밥이 딱딱하고 찰지지가 않아요
ba_14689395,2025-09,ba_2025092102828997,1.0,0.2,low_rating_positive_text,맛이 변한듯 합니다..
ba_14689395,2025-09,ba_2025090802363388,5.0,-0.2,high_rating_negative_text,"참치야채죽은 먹을만했는데…
새우죽은 너무너무 짜네요 ㅠ
이렇게 짠죽은 난생 처음 먹어봐요"
ba_14689395,2025-09,ba_2025090802363388,5.0,-0.2,high_rating_negative_text,"참치야채죽은 먹을만했는데…
새우죽은 너무너무 짜네요 ㅠ
이렇게 짠죽은 난생 처음 먹어봐요"
ba_14689415,2025-08,ba_2025082302392513,5.0,-0.6,high_rating_negative_text,임플란트 치료때문에 죽을 먹어야했는데.. 역시나 본죽은 실망시키지않네요~
ba_14689415,2025-08,ba_2025082302392513,5.0,-0.6,high_rating_negative_text,임플란트 치료때문에 죽을 먹어야했는데.. 역시나 본죽은 실망시키지않네요~
ba_14689610,2025-09,ba_2025092701441944,1.0,1.0,low_rating_positive_text,"아니 맛있게 먹고 있다가 김치를 열었는데 김치 양이 서로 다른거임, 김치에 이빨 자국 같은 게 있고 반찬을 재활용하는 거라는 확신이 들었음. 오해라면 댓글로 해명좀 해주세요."
ba_14689614,2025-08,ba_2025082201002757,5.0,-0.2,high_rating_negative_text,새우 진짜 많이 들어있네요👍👍👍
ba_14689614,2025-08,ba_2025082201002757,5.0,-0.2,high_rating_negative_text,새우 진짜 많이 들어있네요👍👍👍
ba_14689750,2025-07,ba_2025072701617446,5.0,-0.2,high_rating_negative_text,죽 진짜마싯어요!!!
ba_14689750,2025-07,ba_2025072701617446,5.0,-0.2,high_rating_negative_text,죽 진짜마싯어요!!!
ba_14689809,2025-08,ba_2025083001160437,4.0,-0.2,high_rating_negative_text,죽이 너무 묽어요 그래서 양도 적은거 같음
ba_14689837,2025-09,ba_2025093001432418,1.0,0.2,low_rating_positive_text,"전복내장죽을 시켰는데
전복죽으로 잘 못 시킨줄 ..
내장죽 맛이 하나도 안나더라고요..?
바쁘셨는지 ..ㅎ"
ba_14689855,2025-09,ba_2025091101689590,5.0,-0.2,high_rating_negative_text,자주 먹는 비빔밥. 귀리밥으로 변경하면 더 건강하게. 밥찬 한가지 누락은 신속하게 다시 가져다주셔서 넘 감사했습니다
ba_14689855,2025-09,ba_2025091101689590,5.0,-0.2,high_rating_negative_text,자주 먹는 비빔밥. 귀리밥으로 변경하면 더 건강하게. 밥찬 한가지 누락은 신속하게 다시 가져다주셔서 넘 감사했습니다
ba_14689875,2025-07,ba_2025072601937182,5.0,-0.2,high_rating_negative_text,맛잇어요 아쉬운건 트러플오일 양이 넘 적다는 것 ㅜㅜ
ba_14689875,2025-07,ba_2025072601937182,5.0,-0.2,high_rating_negative_text,맛잇어요 아쉬운건 트러플오일 양이 넘 적다는 것 ㅜㅜ
ba_14689875,2025-09,ba_2025090502514602,5.0,-0.2,high_rating_negative_text,"아이들 아침으로 주려고 주문했습니다~ 
용기끝쪽에 죽이 살짝 묻어있어 아쉬웠습니다~ㅠ"
ba_14689942,2025-08,ba_2025082402346568,5.0,-0.6,high_rating_negative_text,"사장님 8월23일 저녁5시경 시켰는데

동치미가 쉬었습니다. 

1kg 시켰는데 동치미국물이 톡 쏴서 먹질 못하겠습니다ㅡ 동치미소분해둔 그대로 있으니 드셔보시고 환불 해주세요

일요일이라 전화가 안되어 여기에 먼저 글 남깁니다."
ba_14689953,2025-08,ba_2025081600646450,5.0,-0.4,high_rating_negative_text,"양이 줄어든거 같아서 조금 아쉬웠어요 
개인적인 생각?ㅎ"
ba_14689953,2025-08,ba_2025081801506595,5.0,-0.4,high_rating_negative_text,"요번 타업체 레토르트 팩죽사태로
더믿고먹는 본죽..
어릴때 아르바이트 해봐서 더믿는 본죽..
주말에 문닫으셔서 엄니 
타업체에 죽시켜드렸던거
생각하면 피가 거꾸로 솟지만..."
ba_14689953,2025-09,ba_2025090501380582,4.0,-0.6,high_rating_negative_text,음식에서 딱딱한 나무같은 껍질이 나와서 아쉽네요
ba_14690081,2025-08,ba_2025081201619064,5.0,-0.8,high_rating_negative_text,음식은 말할게없죠.다만 아쉬웠던게 사진보시면 알거에요.포장상태가 너무 아쉽네요.오픈해서 먹는내내 손이나포장용기에 반찬국물 시큼한냄새에 내내 신경이쓰이더군요
ba_14690155,2025-09,ba_2025092202472473,2.0,0.4,low_rating_positive_text,늘 먹었던 맛과 달리 오늘은 너무 맛이 없었습니다. 뭐가 문제인지 모르겠네요ㅠ
ba_14690155,2025-09,ba_2025092502548300,5.0,-0.2,high_rating_negative_text,3개로 소분 요청이였는데 2개로 소분해 주셨네요 아쉽네요
ba_14690677,2025-08,ba_2025080802468664,1.0,0.2,low_rating_positive_text,너무 맛이 없었어요.국물만 대따많고 낙지는 쬐끔넣고 현미로 다만들었는지 성의없이 해서보내면 안되죠!!!
ba_14690689,2025-08,ba_2025080901392106,5.0,-0.2,high_rating_negative_text,"제육사이즈..
진짜너무작아요ㅜㅜ"
ba_14690689,2025-08,ba_2025083002246463,4.0,-0.4,high_rating_negative_text,"요청사항 들어주셔서 감사합니다
근데 배달기사가 벨을 안 누르고 가서 도착한지도 몰랐네요 식은 죽 먹을뻔했어요
-------
사장님은 잘못 없으시니 별점은 수정했는데요
배민 진짜 너무한거 아닌가요? 기분 더럽네요"
ba_14690689,2025-08,ba_2025083002246463,4.0,-0.4,high_rating_negative_text,"요청사항 들어주셔서 감사합니다
근데 배달기사가 벨을 안 누르고 가서 도착한지도 몰랐네요 식은 죽 먹을뻔했어요
-------
사장님은 잘못 없으시니 별점은 수정했는데요
배민 진짜 너무한거 아닌가요? 기분 더럽네요"
ba_14690712,2025-08,ba_2025080402658994,5.0,-0.2,high_rating_negative_text,진짜 최곱니당
ba_14690712,2025-09,ba_2025090703014967,2.0,0.2,low_rating_positive_text,"원래 이 지점에서 자주 포장해서 먹었는데 오늘은 처음으로 배달로 시켜서 그런가 죽이 평소랑 다르게 물이 너무 많아서 물죽이였다고 하네요..아버지가 아프셔서 시켜드렸는데 속상하네요..사진 보다 물이 더 많았는데 물을
거의 버려도 저정도입니다"
ba_14690712,2025-09,ba_2025092601603879,5.0,-0.4,high_rating_negative_text,"저번에도 그러더니 이번배달에도
간이 예전같지않고 이게 매운짬뽕죽 인데
전혀매운끼가없어요ㅠ 더맵기해달라하면
진짜맵게잘해주셨는데ㅠㅠㅠ너무안매워요
집근처 본죽안시키고 꼭 여기서먹는데..넘아쉽네오ㅠㅠㅠ주방이모님이 바뀌신건가요 흑흑…
해장은 짬뽕죽인데 ㅠㅠㅠㅠ"
ba_14690723,2025-09,ba_2025092301878052,2.0,1.0,low_rating_positive_text,"배달시간도 
알맞게 갖다주시고 다음에 죽도시켜먹어봐야겠어요 
맛있어요  감사합니다 수고하세요"
ba_14690725,2025-08,ba_2025080801805779,1.0,0.4,low_rating_positive_text,비린내나고 너무 묽어요 김낙죽 원래 좋아하는데 맛이 너무 달라요
ba_14690774,2025-09,ba_2025090202460378,5.0,-0.2,high_rating_negative_text,게살 냄새 안나고 좋앗어요
ba_14690806,2025-09,ba_2025090701442715,1.0,0.2,low_rating_positive_text,1시간10분걸려서 온음식 마음속으로 맛이 있어겠습니까? 그냥 먹어습니다.
ba_14690806,2025-09,ba_2025090701442715,1.0,0.2,low_rating_positive_text,1시간10분걸려서 온음식 마음속으로 맛이 있어겠습니까? 그냥 먹어습니다.
ba_14690983,2025-09,ba_2025090901473227,4.0,-0.4,high_rating_negative_text,단호박죽 팥이 덜익어 좀 딱딱함
ba_14690983,2025-09,ba_2025090901473227,4.0,-0.4,high_rating_negative_text,단호박죽 팥이 덜익어 좀 딱딱함
ba_14691030,2025-08,ba_2025081901387877,2.0,0.2,low_rating_positive_text,수저도 안오고 죽 맛이 덜달게 해달랬는데 반영이 안된것 같아요
ba_14691062,2025-08,ba_2025082802580815,5.0,-0.2,high_rating_negative_text,채소가맛이별로예요ㅠㅠ
ba_14691062,2025-08,ba_2025082802580815,5.0,-0.2,high_rating_negative_text,채소가맛이별로예요ㅠㅠ
ba_14691080,2025-07,ba_2025073101431105,5.0,-0.4,high_rating_negative_text,"아파서 예민할때도 실망시키지 않는 맛!
냉방병, 비염에 녹두죽, 아이들은 딱 적당히 달달한 호박죽, 작은용기 3개로 라벨링까지~~
감사합니다 ~~"
ba_14691080,2025-07,ba_2025073101431105,5.0,-0.4,high_rating_negative_text,"아파서 예민할때도 실망시키지 않는 맛!
냉방병, 비염에 녹두죽, 아이들은 딱 적당히 달달한 호박죽, 작은용기 3개로 라벨링까지~~
감사합니다 ~~"
ba_14691080,2025-08,ba_2025080201905670,5.0,-0.2,high_rating_negative_text,역시본죽!! 정기적으로 먹어줘야합니답
ba_14691080,2025-08,ba_2025080201905670,5.0,-0.2,high_rating_negative_text,역시본죽!! 정기적으로 먹어줘야합니답
ba_14691080,2025-09,ba_2025092202348434,5.0,-0.4,high_rating_negative_text,"새우가 너무 적어서
실수로 안 넣어주신 줄 알고 전화할 뻔 했어요

뒤적거리다 보니까 두세개 있긴 하더라고요…

어느 지점이든
항상 같은 메뉴만 시켜먹어서 정량을 아는데
이건 조금 심한것같아 리뷰를 씁니다

+) 사장님 답변 보고 리뷰 수정했습니다. 두개중에 나머지 한개는 사정상 먹지 않아서 새우가 쏠렸는지는 모르겠지만 본사에서 소분되서 온다고 하시니 정량 넣으신걸로 믿겠습니다. 다음에는 신경 써 주세요~"
ba_14691093,2025-09,ba_2025091601421534,5.0,-0.8,high_rating_negative_text,불낙죽은 50% 염도로 잘못 시켰나 싶을 정도로 밍밍했어요. 종종 여기서 불낙죽 포장해다 먹었는데 이런 적은 처음이네요.. 삼계죽도 좀 밍밍했지만 불낙죽에 비하면 간이 상대적으로 잘 되어있었습니다
ba_14691112,2025-08,ba_2025081602707118,4.0,-0.6,high_rating_negative_text,"제가 집에 없어서 최대한 늦게 배달 원했는데 너무 빨리 도착 했어요(그건 가게 영업 시간 때문에 어쩔수 없다고 생각 합니다)
근데 해물 로제 죽에서 조개 껍질 나왔어요 
그리고 메뉴 두개 중 하나는 선물 이였는데 표시가 안 되어 있어서 하나 하나 다 뜯어봤어요 불편 했습니다"
ba_14691130,2025-08,ba_2025081401567007,5.0,-0.4,high_rating_negative_text,숟가락이 빠졌어요
ba_14691130,2025-08,ba_2025081500103663,5.0,-0.4,high_rating_negative_text,"빈반죽  하나는 무지하게 짜고 하나는 괜찮았어요
좀좀 아쉽"
ba_14691145,2025-09,ba_2025092501363049,1.0,0.2,low_rating_positive_text,"전복죽이랑 야채죽 두개 시켰는데 
전복죽에서 머리카락 나왔습니다 
몸 안좋아서 시켰는데 다 버렸네요 조심해주세요"
ba_14691178,2025-07,ba_2025072901969617,4.0,-0.2,high_rating_negative_text,"평소보다 묽고 밥알도적고.. 
낙지는 몇갠지 샐수있을만큼 열댓개 들어있네여 
가격올랏는데 품질은 왜 더 낮아진거죠?
여기서만 시키는데 이렇게 온거 처음이예여
신경좀 써주세요ㅠㅠ 최애 메뉴인데 뚜껑열자마자 너무묽어서 이게뭐지? 하고보니 두개 시켰는데 둘 다 밥알이랑 낙지랑 김치도 얼마없고 속상해요ㅠㅠ"
ba_14691270,2025-07,ba_2025073001597256,2.0,0.2,low_rating_positive_text,웬만하면 리뷰 좋게 남기는데 먹다가 리뷰 씁니다. 죽이 아니라 퍼진 밥 정도로 쌀 식감이 단단하고 덜 익은 데다가 계란 껍질 나왔습니다.. 새우 껍질도 덜 제거된 상태구요. 아파서 주문한 건데 기분이 나쁘네요.
ba_14691295,2025-09,ba_2025090902466050,1.0,0.4,low_rating_positive_text,어르신이 맛나다 해서 자주 이용하고 있는데 오늘 밥은 식은밥인가요? 밥이 차워서 먹기 힘들었다 하네요
ba_14691295,2025-09,ba_2025090902466050,1.0,0.4,low_rating_positive_text,어르신이 맛나다 해서 자주 이용하고 있는데 오늘 밥은 식은밥인가요? 밥이 차워서 먹기 힘들었다 하네요
ba_14691361,2025-08,ba_2025080302754496,5.0,-0.2,high_rating_negative_text,"휴가가서 무슨음식이 잘못된건지 계속 토하고 난리였어요 속이비어있으니 더 메스꺼워서 죽시켰어요.
여러분 이집은 찐이예요♡음식은 말할것도없고,가끔  컨디션좋을때 배민라이더 알바로 가끔하고있는데 자기고객이던지 고객이될수있는데도 배달기사로가면 대부분 인사도안받거나, 무시하는분들 엄청많은데 여기사장님 두분(여사장님,남사장님)사람대하는것도 진심이시고  간혹 조리가 늦어져서 기다리다보면  주방컨디션 반짝박짝 너~~무깨끗하고 ㅋㅋㅋ
사람에게"
ba_14691361,2025-08,ba_2025080302754496,5.0,-0.2,high_rating_negative_text,"휴가가서 무슨음식이 잘못된건지 계속 토하고 난리였어요 속이비어있으니 더 메스꺼워서 죽시켰어요.
여러분 이집은 찐이예요♡음식은 말할것도없고,가끔  컨디션좋을때 배민라이더 알바로 가끔하고있는데 자기고객이던지 고객이될수있는데도 배달기사로가면 대부분 인사도안받거나, 무시하는분들 엄청많은데 여기사장님 두분(여사장님,남사장님)사람대하는것도 진심이시고  간혹 조리가 늦어져서 기다리다보면  주방컨디션 반짝박짝 너~~무깨끗하고 ㅋㅋㅋ
사람에게"
ba_14691361,2025-09,ba_2025092801270774,5.0,-0.2,high_rating_negative_text,진짜 완벽.
ba_14691375,2025-09,ba_2025091501476376,5.0,-0.2,high_rating_negative_text,"몸살끼 있어서 시킨 본죽
전복내장죽도 찐하고 녹진
김치낙지죽은 진짜 해장각이네요
기운납니다"
ba_14691375,2025-09,ba_2025091501476376,5.0,-0.2,high_rating_negative_text,"몸살끼 있어서 시킨 본죽
전복내장죽도 찐하고 녹진
김치낙지죽은 진짜 해장각이네요
기운납니다"
ba_14691815,2025-08,ba_2025082701886512,5.0,-0.4,high_rating_negative_text,"이틀전에 아이주려고 아이만있는집에 시켜놓고 
저는 오늘봤는데ㅜ삼계죽이아니라 전복죽이 잘못와있네요ㅜ 주문잘확인해주세요"
ba_14691901,2025-09,ba_2025092502940122,5.0,-1.0,high_rating_negative_text,통화드렸었고 주문건중 1건 누락된거 아직 입금이 안됐던데 제가 확인을 잘못한건지요?
ba_14691908,2025-08,ba_2025082202080672,5.0,-0.2,high_rating_negative_text,지난번 주문에 빠른 배달과 여러번 나누어 먹을수 있도록 소분을 해주셔서 적당한 양을 식사하고 보관하는데 편리했습니다! 더운 날씨에 수고하세요!^^~~
ba_14691908,2025-08,ba_2025082202080672,5.0,-0.2,high_rating_negative_text,지난번 주문에 빠른 배달과 여러번 나누어 먹을수 있도록 소분을 해주셔서 적당한 양을 식사하고 보관하는데 편리했습니다! 더운 날씨에 수고하세요!^^~~
ba_14691943,2025-09,ba_2025092202556313,5.0,-0.2,high_rating_negative_text,"계란 껍데기가 꽤 큰데 못보셨나봐요 
배달도 늦었는데"
ba_14691949,2025-08,ba_2025080501428194,5.0,-0.6,high_rating_negative_text,"고추장, 수저 누락되서 요청드렸는데
나물에(호박) 머리카락이 나왔어욤
사람이하는일이라 이해하규 먹으려고 했는데 요청사항에 새알 빼달라 말씀드렸는데 호박죽에 새알이 들어 있네요😭"
ba_14691969,2025-07,ba_2025072802451497,4.0,-0.6,high_rating_negative_text,장조림 추가했는데 누락돼서 왔어요 ㅜㅜㅜ
ba_14691969,2025-08,ba_2025083002053464,5.0,-0.4,high_rating_negative_text,"사장님 저는 매주문 항상 '미음'이라고 썼었는데요, 원래는 미음이지만 걸쭉했고 밥이있어도 진짜미세하게 있어서 이집에서시킨건데 잘올때도많지만 점점 밥이크게오는 빈도수가많아지더라구요? 요청사항은똑같은데 매주문마다 오는게 달랐어요. 그래서말을할까말까하다가 저저번주문때 '밥알없이'를 덧붙였어요. 그러니까 원래대로 미음이지만걸쭉하게 왔더라구요. 그래서 저번주문에도 '밥알없이'를 적었는데 점도없이 물처럼왔길래 당황했어요. 오늘 남사장님께"
ba_14691976,2025-07,ba_2025072901895025,5.0,-0.4,high_rating_negative_text,배달이 늦어서 기분이 좀 상했었는데 포장 보고 살짝 마음 풀리고 반찬 뚜껑 열고 감동입니다ㅎㅎㅎ 본죽 시키거나 가서 먹을때마다 반찬 이래 줄꺼면 주지를 말든가 장난치나 싶을 정도였는데 반찬 타점 대비 두배는 들었어요 반찬보고 기분 상해서 다른죽집만 시키다 오랜만에 시켜서 그런지 모르겠으나 정성 듬뿍 담긴것 같은 포장에 넉넉한 반찬에 감동입니다 날 더운데 고생 많으세요 건강 유의하시고 번창하세요 죽집은 이집 무조건픽입니다❤️
ba_14691976,2025-07,ba_2025072901895025,5.0,-0.4,high_rating_negative_text,배달이 늦어서 기분이 좀 상했었는데 포장 보고 살짝 마음 풀리고 반찬 뚜껑 열고 감동입니다ㅎㅎㅎ 본죽 시키거나 가서 먹을때마다 반찬 이래 줄꺼면 주지를 말든가 장난치나 싶을 정도였는데 반찬 타점 대비 두배는 들었어요 반찬보고 기분 상해서 다른죽집만 시키다 오랜만에 시켜서 그런지 모르겠으나 정성 듬뿍 담긴것 같은 포장에 넉넉한 반찬에 감동입니다 날 더운데 고생 많으세요 건강 유의하시고 번창하세요 죽집은 이집 무조건픽입니다❤️
ba_14692012,2025-08,ba_2025080402951192,5.0,-0.2,high_rating_negative_text,7500원짜리 소불고기 양이 이게 맞나 싶다
ba_14692012,2025-09,ba_2025091101961668,1.0,0.4,low_rating_positive_text,"주인이 바꼈나요?
낙지김치죽 여기에 몇십번은 시킨거같은데..
죽위에 뿌리는 김.깨가루도 
적어졌고 낙지도 거의없네요
그렇더라도 맛있으면 이런글안쓸텐데
맛도 없어졌네요
단호박죽은 새알추가시켰는데도
새알적은거같은 기분빼고는
먹을만하네요
요청사항은 읽어보지도 않으신거같고
리뷰잘안쓰는데 억지로 씁니다."
ba_14692035,2025-08,ba_2025080901833904,5.0,-0.2,high_rating_negative_text,해장 낙지죽 해장용으로 진짜 괜찮네요
ba_14692116,2025-08,ba_2025080802713523,5.0,-0.2,high_rating_negative_text,풋팡퐁커리 진짜마시써요 ㅠㅠㅠ
ba_14692116,2025-08,ba_2025080802713523,5.0,-0.2,high_rating_negative_text,풋팡퐁커리 진짜마시써요 ㅠㅠㅠ
ba_14692164,2025-07,ba_2025072801826439,1.0,0.2,low_rating_positive_text,"아픈 아이가 버섯이 들어가면 먹지 않아
요청사항에 
(중요) 표시해서 버섯 빼 달라고 썼는데
그대로 조리해서 보내셨네요.
가게 사정상 불가능한 요청사항이면 
연락해서 메뉴를 변경할 수 있게 해주시면 좋겠네요.
먹지 못해 식사준비를 다시 합니다ㅠㅠ"
ba_14692190,2025-08,ba_2025082602690970,2.0,0.4,low_rating_positive_text,"화장품향 나요.
제가 아파서 입맛이 이상해진건지, 핸드크림 바르신건지.. 화장품향 나네요…
평소에 리뷰 최대한 좋게 쓰려고 하는데…카페도 아니고 죽집인데 조심해주셨으면 해서 비공개 리뷰합니다."
ba_14692216,2025-09,ba_2025091601244794,4.0,-0.4,high_rating_negative_text,전복이 질겨용..
ba_14692242,2025-09,ba_2025090302036868,4.0,-0.2,high_rating_negative_text,25000원 짜리에서 비닐이 나옵니다..
ba_14692242,2025-09,ba_2025090302036868,4.0,-0.2,high_rating_negative_text,25000원 짜리에서 비닐이 나옵니다..
ba_14692242,2025-09,ba_2025090302036868,4.0,-0.2,high_rating_negative_text,25000원 짜리에서 비닐이 나옵니다..
ba_14692242,2025-09,ba_2025093001295965,5.0,-1.0,high_rating_negative_text,"음식은 맛있는데 배달도 잘못되고 배달이 잘못 되었는데 기사님 일처리방식도 엉망이고, 그와중에 연락한 상담사는 더 최악이네요"
ba_14692242,2025-09,ba_2025093001295965,5.0,-1.0,high_rating_negative_text,"음식은 맛있는데 배달도 잘못되고 배달이 잘못 되었는데 기사님 일처리방식도 엉망이고, 그와중에 연락한 상담사는 더 최악이네요"
ba_14692346,2025-08,ba_2025090101073092,1.0,0.2,low_rating_positive_text,오늘 음식이....재료들이 오래되었는지 맛이 이상하네요..
ba_14692433,2025-09,ba_2025092401445326,4.0,-0.2,high_rating_negative_text,죽이랑 반찬이 종이백 하나에 담겨오니까 반찬이 뜨거워져서 아쉬워요 ㅠㅠ
ba_14692459,2025-09,ba_2025091502415870,5.0,-0.2,high_rating_negative_text,"음식은 늘 믿고 주문하는 곳인데..
오늘 배달에서 살짝...아쉬움이 생겼어요ㅜㅜ
종이가방 끈은 떨어져서 없고 이렇게 안에 죽이 새어나와서 묻어있고 맨 아래 팥죽 용기는 찌그러져 있어요ㅜㅜ 먹는 음식을...먹고 싶지 않게 왔네요ㅠ어디서 문제인건지는 모르겠지만 배달하시는 분께도 말을 하셔야 할것 같네요.."
ba_14692459,2025-09,ba_2025091502415870,5.0,-0.2,high_rating_negative_text,"음식은 늘 믿고 주문하는 곳인데..
오늘 배달에서 살짝...아쉬움이 생겼어요ㅜㅜ
종이가방 끈은 떨어져서 없고 이렇게 안에 죽이 새어나와서 묻어있고 맨 아래 팥죽 용기는 찌그러져 있어요ㅜㅜ 먹는 음식을...먹고 싶지 않게 왔네요ㅠ어디서 문제인건지는 모르겠지만 배달하시는 분께도 말을 하셔야 할것 같네요.."
ba_14692482,2025-08,ba_2025081101690866,4.0,-0.2,high_rating_negative_text,양이 조금 아쉬워요~
ba_14692549,2025-08,ba_2025082302770203,4.0,-1.0,high_rating_negative_text,단호박죽 새알심이 좀 딱딱하네요  조리시간이 좀 부족했나봅니다 집가까워서 시켜봤는데 아쉽네요
ba_14693289,2025-07,ba_2025072802832706,2.0,0.4,low_rating_positive_text,"제가 2개로 소분해서 죽을 먹었는데 이상하게 맛이 조금 변한 느낌이 들어 먹다가 버렸습니다. 쉰맛도 나고 본죽 쇠고기죽 먹어본 적이 처음이 아님에도 불구하고 고기 맛도 되게 이상했습니다. 
날씨가 덥다보니 식재료에 문제가 있던것이 아닐까 생각이 듭니다. 다음부터는 유의하셔서 조리 부탁드립니다."
ba_14694670,2025-08,ba_2025082101245173,4.0,-0.2,high_rating_negative_text,"본죽은 언제나 믿고 먹어요! 
다만 염도 조절을 요청 드렸는데 다른 곳보다 좀 더 짜네요🥹"
ba_14699399,2025-08,ba_2025082400397407,5.0,-0.2,high_rating_negative_text,너무맜있게 먹었썼써요ㅋㅋ 직원분이신지 사장님이신지 박스에 글씨적어놓은거 너무귀여웠써요 ㅋㅋ
ba_14699399,2025-09,ba_2025091203083697,5.0,-0.2,high_rating_negative_text,진짜 굽네 넘버1 드립니다
ba_14699399,2025-09,ba_2025091203083697,5.0,-0.2,high_rating_negative_text,진짜 굽네 넘버1 드립니다
ba_14702063,2025-09,ba_2025092201774743,5.0,-0.4,high_rating_negative_text,"야채죽으로 잘못배송이 와서 전화드렸더니 다시 배달해주셨어요 누락되었던 장조림도 잘 받았습니다  유선상 말씀드렸던 죽 사진도 첨부해봅니다
친절한 응대감사드려요"
ba_14702120,2025-07,ba_2025072802933062,5.0,-0.2,high_rating_negative_text,"지난번배달시켯을때 좀 맛이없어서 실망햇는데 
오늘은 너무 맛잇엇어요!!!"
ba_14712294,2025-09,ba_2025091002867111,4.0,-0.2,high_rating_negative_text,배달은 매우늦었지만 음식은 괜찮네요
ba_14716332,2025-09,ba_2025092602491363,5.0,-0.2,high_rating_negative_text,여기 진짜 고추 바사삭 레전드 입니다. 꼭 시켜 드세요
ba_14716332,2025-09,ba_2025092702891278,5.0,-0.2,high_rating_negative_text,"드디어 매주 시켜서 종류별로 치킨 맛 다 보았습니다~^^
다음 주문에는 최애 치킨과 순위 공유 하겠습니다~^^"
ba_14720368,2025-07,ba_2025072702521886,1.0,0.2,low_rating_positive_text,"단호박죽은 다른 지점에 비해
맛이 없네요…인위적인? 맛이랄까요…새알이 좀 덜 익은 느낌도 있구요…;;;"
ba_14721018,2025-08,ba_2025081902780558,1.0,0.2,low_rating_positive_text,맛은 있는데 바게트가 없는데 후기보면 있는분 없는분 있던데 랜덤인가요
ba_14726472,2025-08,ba_2025080502101360,5.0,-1.0,high_rating_negative_text,새벽늦게 포장하러 갔는지라 바로 영업을 종료하시고 배달완료 처리가 안되서 뒤늦게 리뷰 남깁니다~장각구이를 포장했는데 다 먹고 치킨박스를 닫았는데 포장박스에 나와있는 사진으로는 바게트도 같이 있던데 빼먹으신건가요??
ba_14726472,2025-08,ba_2025082402369245,5.0,-0.2,high_rating_negative_text,진짜 찐입니다
ba_14726741,2025-08,ba_2025080902795106,1.0,0.2,low_rating_positive_text,"배달이 꼬여서 급하게 새로 만들어 주셨던 건 이해하지만, 밥알도 뭉쳐있고 야채들도 좀 덜익은 느낌이었어요 그리고 무엇보다 속이 아파 시킨 죽이었는데 이물질이 나와서 좋지 않았습니다"
ba_14727030,2025-07,ba_2025072602161702,2.0,0.6,low_rating_positive_text,"예전에는계속맛나서시켜먹었는데  10번째
인데 주방장님 바뀌었는지 너무맛이 변하여
먹을수가 힘드네요 물기도하나없고 뻑뻑하여
하나만겨우먹고는 불고기도 맛이변했습니다
참고하세요 말씀안드릴려고했는데  알고계셔야 할것같습니다 왜!  맛이 이리바뀌었는지 아쉽네요"
ba_14727030,2025-09,ba_2025092601920435,1.0,0.2,low_rating_positive_text,"저번에 2인분시켯는데 동치미1개와서 오늘은 잘챙겨주시라고부탁드렸는데 잘왓습니다
근데 1인분은 용기 큰거로하고 1인분은 중용기2개로했는데 2개다 중용기로왓네요.
뭐 주문하고 전화로설명을드려야하는건가요 
계속 실수가나오시니까 입맛떨어지네요"
ba_14727064,2025-08,ba_2025083002497901,1.0,0.4,low_rating_positive_text,"불고기전골 김치 밑반찬이 진짜 맛이 완전 이상해요
특히 불고기전골은 간 하나도 않맞아요
글구 열무김치에서 왜 와사비 맛이 나는지 모르겠고 김치는 이상한 맛이 나는게 왜그런지 모르겠네요"
ba_14728839,2025-09,ba_2025091902608882,1.0,0.2,low_rating_positive_text,바삭이 아니였어요.
ba_14729159,2025-08,ba_2025080402239152,5.0,-0.4,high_rating_negative_text,어어엄청 통통ㄹ하고 진짜 육즙가득 진짜 마싯어요
ba_14729159,2025-08,ba_2025080402239152,5.0,-0.4,high_rating_negative_text,어어엄청 통통ㄹ하고 진짜 육즙가득 진짜 마싯어요
ba_14729159,2025-08,ba_2025081502452196,5.0,-0.2,high_rating_negative_text,"엄마가 제일 좋아하는 치킨
기름기 적고, 촉촉하고, 부드러움"
ba_14729159,2025-08,ba_2025081502452196,5.0,-0.2,high_rating_negative_text,"엄마가 제일 좋아하는 치킨
기름기 적고, 촉촉하고, 부드러움"
ba_14729159,2025-09,ba_2025091202765065,5.0,-0.2,high_rating_negative_text,"진짜 오랜만에 리뷰담
저번에 딴 굽네시키고 딱딱해서 다버렸는데
쵹쵹하이 맛 직입니다.
요청사항 감사드립니다+담에 소금은 챙겨주세여🫡"
ba_14729159,2025-09,ba_2025091202765065,5.0,-0.2,high_rating_negative_text,"진짜 오랜만에 리뷰담
저번에 딴 굽네시키고 딱딱해서 다버렸는데
쵹쵹하이 맛 직입니다.
요청사항 감사드립니다+담에 소금은 챙겨주세여🫡"
ba_14729159,2025-09,ba_2025091702398506,2.0,0.2,low_rating_positive_text,탄맛이 너무 나네요...
ba_14729159,2025-09,ba_2025091702398506,2.0,0.2,low_rating_positive_text,탄맛이 너무 나네요...
ba_14729159,2025-09,ba_2025092102551034,5.0,-0.2,high_rating_negative_text,"굽네치킨 처음먹어봤는데 진작 먹을껄 하는 생각 드네요 ㅋㅋ
다이어트용으로 대표치킨이라더니 정말 담백하고 기름지지 않네요 ㅋㅋ
치킨의 열기로 약간의 눅눅함이 있었지만(남편이 비오냐고…ㅋㅋ)이건 어쩔수 없으니까용 ~
또 시킬게용!!!"
ba_14729159,2025-09,ba_2025092102551034,5.0,-0.2,high_rating_negative_text,"굽네치킨 처음먹어봤는데 진작 먹을껄 하는 생각 드네요 ㅋㅋ
다이어트용으로 대표치킨이라더니 정말 담백하고 기름지지 않네요 ㅋㅋ
치킨의 열기로 약간의 눅눅함이 있었지만(남편이 비오냐고…ㅋㅋ)이건 어쩔수 없으니까용 ~
또 시킬게용!!!"
ba_14729159,2025-09,ba_2025092203014197,5.0,-0.2,high_rating_negative_text,와…진짜 살살녹음…
ba_14729159,2025-09,ba_2025092203014197,5.0,-0.2,high_rating_negative_text,와…진짜 살살녹음…
ba_14729159,2025-09,ba_2025092502674091,2.0,0.8,low_rating_positive_text,주로 굽네오리지날을 잘먹었는데 오늘은 배달사고도 있었고 갈비맛과 오리지날반반메뉴는 그냥오리지날한마리보다도 양과 맛이좀차이도 나고  컬리티도 차이나는것  같아요
ba_14732026,2025-08,ba_2025080702295500,5.0,-0.2,high_rating_negative_text,쿠폰쓰고 할인받아서 한마리 먹는거보다 혼닭먹는게 쵝오 혼자서 한마리 다먹으면 담날 더부룩하고 그런데 딱 내스타일이야
ba_14732026,2025-08,ba_2025081202975588,5.0,-0.6,high_rating_negative_text,광고보고 벼르다거 드디어 시켰네여 냄새 직이줍니다 진짜
ba_14732026,2025-08,ba_2025081503174461,5.0,-0.2,high_rating_negative_text,"소스가 약간 흘러서 위생장갑은 못 썼지만
소스 3000원 너무 많은데 적은양은 안 파시는지 ㅜㅜ
3000원 소스 다 못 먹구 남는뎅 ㅜㅜ
무튼 전포점만 이용합니다!!"
ba_14732026,2025-08,ba_2025081500229043,4.0,-0.2,high_rating_negative_text,오랜만에 먹었는데 오리지널은 너무 짜서 막는데 힘들었네요ㅠ
ba_14732026,2025-08,ba_2025081801866390,2.0,1.0,low_rating_positive_text,"일단 주문한지 거의 한시간 다되서 도착했구요 사람들이 리뷰평이 좋길래 기대하고 시킨건데 , 왠만하면 호불호 갈린것도 잘먹는데 , 이건 뭐랄까 너무 이색적인 맛이 나고 한국인의 정서에 맞지않는 소스를 쓴느낌이구요 맛있다고 느껴지는 구석이 하나도 없었어요 심지어 피자는 이게 대체 무슨맛이야? 싶은 느낌?
저는 두번다시 안시켜먹을거같네요…"
ba_14732026,2025-08,ba_2025081801866390,2.0,1.0,low_rating_positive_text,"일단 주문한지 거의 한시간 다되서 도착했구요 사람들이 리뷰평이 좋길래 기대하고 시킨건데 , 왠만하면 호불호 갈린것도 잘먹는데 , 이건 뭐랄까 너무 이색적인 맛이 나고 한국인의 정서에 맞지않는 소스를 쓴느낌이구요 맛있다고 느껴지는 구석이 하나도 없었어요 심지어 피자는 이게 대체 무슨맛이야? 싶은 느낌?
저는 두번다시 안시켜먹을거같네요…"
ba_14732026,2025-08,ba_2025082900123770,5.0,-0.4,high_rating_negative_text,부족한듯 만듯 딱이에여!!
ba_14732026,2025-09,ba_2025090802616929,1.0,0.6,low_rating_positive_text,배달도 빠르고 따뜻하게 잘 먹었습니다만 핑킹현상이라고 하셨지만 피가 저렇게 맽혀있는게 과연 핑킹현상이 맞을까요 먹으면서 부분적으로 빨간 부분은 핑킹현상이겠거니 먹었습니다 유독 살코기가 큰 부위나 닭다리살에 저렇습니다 살이 두껍다면 조리시간을 별도로 늘리던지 저건 핑킹현상이 아니고 덜 익은걸로 보입니다 그냥
ba_14732026,2025-09,ba_2025091802058629,4.0,-0.2,high_rating_negative_text,너무 짜요ㅠ
ba_14732026,2025-09,ba_2025091802058629,4.0,-0.2,high_rating_negative_text,너무 짜요ㅠ
ba_14732355,2025-08,ba_2025090101387096,5.0,-0.2,high_rating_negative_text,"배달사업하시는 분들을 알고 있어서 별점이나 리뷰가 얼마나 사장님께 중요한지 알고 있기에 별점은 5점 남기지만, 점바점이라는 느낌이 너무 강하게 느껴집니다…
낙지김치죽에 낙지가 한마리도 안들어간 느낌이고 한마리 들어가도 진짜 조그만한 애기낙지 한마리가 자잘하게 들어가서 그냥 김치죽 먹은 느낌이네요ㅜㅠ
다른 지점들과는 너무 다른 재료사용과 조리법이라서 리뷰 남깁니다.
사업 번창하시길 바랍니다."
ba_14732355,2025-08,ba_2025090101387096,5.0,-0.2,high_rating_negative_text,"배달사업하시는 분들을 알고 있어서 별점이나 리뷰가 얼마나 사장님께 중요한지 알고 있기에 별점은 5점 남기지만, 점바점이라는 느낌이 너무 강하게 느껴집니다…
낙지김치죽에 낙지가 한마리도 안들어간 느낌이고 한마리 들어가도 진짜 조그만한 애기낙지 한마리가 자잘하게 들어가서 그냥 김치죽 먹은 느낌이네요ㅜㅠ
다른 지점들과는 너무 다른 재료사용과 조리법이라서 리뷰 남깁니다.
사업 번창하시길 바랍니다."
ba_14732355,2025-09,ba_2025090702262353,1.0,0.2,low_rating_positive_text,"맛이 너무  셔요 상할라고 하는건지 진짜 셔요.; 두개다 식초 넣은거에요 아님 맛이 갈려고 하는데 ,
팩트입니다."
ba_14732355,2025-09,ba_2025092301278474,5.0,-0.2,high_rating_negative_text,"감사합니다 준비하신 재료 다 팔고 집에 가세요 
반찬 양이 더 적어지는거 같아요 아쉽네요"
ba_14732602,2025-08,ba_2025082703065400,2.0,0.2,low_rating_positive_text,기분 탓인지… 이사오고 처음 시켜보는데 퍽퍽하고 끝 맛이 시큼시큼 한게 영 찝찝해서 못먹겠어요 ㅜㅜ ㅜㅜ
ba_14736722,2025-09,ba_2025092402721381,5.0,-0.2,high_rating_negative_text,떡은 너무 딱딱했어요ㅜ 굽네 볼케이노는 순살이 맛있는데 양이 적어서 항상 아쉽습니당 ㅎㅎ
ba_14737726,2025-07,ba_2025073002576818,2.0,1.0,low_rating_positive_text,오랜만에 맛있어요 근데 이벤트 소시지 두조각이라고되어있는데 한조각만왔어요 한조각이면 수정하셔야 할듯하네요
ba_14737726,2025-08,ba_2025080401446343,1.0,0.2,low_rating_positive_text,"이렇게
맛없는 고추바사삭은 처음이에요
눅눅 그자체..
먹던데 먹을걸 그랬네요"
ba_14737726,2025-09,ba_2025091800000988,2.0,1.0,low_rating_positive_text,여기 오픈초기에 시켰을때 진짜 맛있어서 믿고 한 3~4번 시킨것같은데.. 그 첨시켰을때 맛은 한번도 안나더라고요.. 그리고 오늘은 닭도 덜익고.. 겉은 물반죽 투성이…ㅋㅋㅋ
ba_14737726,2025-07,ba_2025072902709806,4.0,-0.2,high_rating_negative_text,양념이 짬 근데 주는 소스중 하나가 짬 그냥 굽네 오리진 스타일도  있었으면 합니다
ba_14737726,2025-08,ba_2025081000983215,5.0,-0.2,high_rating_negative_text,담백하면서 촉촉하고 적당하게 입힌 양념이 잘 어울렸어요 :)
ba_14737726,2025-09,ba_2025090402359983,5.0,-0.2,high_rating_negative_text,혼자먹기 적당해요 ㅎㅎ
ba_14737726,2025-09,ba_2025090402359983,5.0,-0.2,high_rating_negative_text,혼자먹기 적당해요 ㅎㅎ
ba_14739815,2025-08,ba_2025081700212157,5.0,-0.2,high_rating_negative_text,굽네치킨 오리지날 윙봉 진짜 최애치킨!👍
ba_14739815,2025-09,ba_2025091102491337,2.0,0.2,low_rating_positive_text,포장 뜯고 10분정도 후에 찍었습니다 무가 꽁꽁 얼어있었습니다..  안느껴지셧나요..? 다 버리고 치킨만 묵었습니다 통닭은 맛나요
ba_14740022,2025-08,ba_2025080301600446,2.0,0.4,low_rating_positive_text,맛나게 먹고싶었는데 그러지 못해 속이 상했어요. 튀김파우더가 안퉈겨지고 그대로 있는게 상당수였어요. 튀김옷이 두꺼워서 그런 것 같아요. 오랜만의 치팅이라 가징 좋아하는 치킨으로 시킨건데 속상합니다.
ba_14744959,2025-08,ba_2025081702495596,1.0,0.2,low_rating_positive_text,자주시켜먹는데 왜 이렇게 다태워서주신건지 모르겠네요 순살이 태워서 과자가됬어요
ba_14746216,2025-08,ba_2025082301173550,4.0,-0.8,high_rating_negative_text,배달이 좀 늦어진건지 모르겠지만 습기차서 박스가 많이  젖어있었고.... 치킨이  바삭하디않고  눅눅해져서 별로였어요. 닭기름도 생겨서 느끼했고... 좀 아쉬웠어요
ba_14749296,2025-08,ba_2025090102912777,5.0,-0.2,high_rating_negative_text,배달을 하려면 제대로 하던가 이게뭔가요...늦어서 식어서 오는건 상관없는데 이렇게 빗물이 들어간거같이 오면 어떡할까요....
ba_14749296,2025-09,ba_2025092101697297,5.0,-0.2,high_rating_negative_text,ㅎㅎ.... 분명 정량일텐데 적어보이는건 제가 배고파서 작아보이는거겠죠..
ba_14754893,2025-09,ba_2025092101725789,2.0,1.0,low_rating_positive_text,"밥이 너무 되서 먹기가 불편할정도였네요.그리고 동치미 두개중 하나엔 뚜껑 열자마자
남자 머리카락처럼 짧은게 하나 들어있었네요.맛있게 먹으려다 기분만.."
ba_14754936,2025-08,ba_2025080903016902,4.0,-0.6,high_rating_negative_text,"배달기사진짜 
벨 누르지 말라고적어놨는네 영수증에도 출력되있고 문자달라했는데 벨은 왜눌러요? 문자도 안주고

현관문에도 신생아 자고 있다고 2개 붙여놨어요 뭐하자는겁니까? 요청사항못봤다곤 못하겠죠? 공용현관은 비번 치고 들어왔으니까요.

마감전 주문이라 그런가요? 많이 탓네요.. 
이건뭐 [●고추 타사삭...●]
굽네 되고나서 가도 홀에서는 안이랬는디"
ba_14754936,2025-09,ba_2025090602876800,1.0,1.0,low_rating_positive_text,"시카고피자 좋아해서 여러곳에서 배달시켜봤지만 이렇게 냉동피자보다 못한 맛은 첨이네요. 시카고피자는 치즈맛으로 먹는건데 치즈층 정말 일반 피자보다 얇은 느낌이고 까다로운 입맛 아니라서 그럭저럭 웬만하면 만족하고 먹는 편인데 첫 한입부터 이건 아니다 싶었어요.. 리뷰 봤으면서도 설마하면서, 요청사항까지 남겼는데.. 돈 버린 느낌이네요."
ba_14756888,2025-08,ba_2025082501504936,5.0,-0.2,high_rating_negative_text,"배가 아파서 쇠고기야채죽 시켰어요
간도 적절하고 뜨끈하니 속도 편하네요
고맙습니다"
ba_14756888,2025-08,ba_2025082501504936,5.0,-0.2,high_rating_negative_text,"배가 아파서 쇠고기야채죽 시켰어요
간도 적절하고 뜨끈하니 속도 편하네요
고맙습니다"
ba_14757543,2025-08,ba_2025081701881395,5.0,-0.2,high_rating_negative_text,짭짤하니 너무 제 스타일이었어요  3개정도만 먹어도 배부르더라구요 역시 장각구이 👍 👍
ba_14757543,2025-09,ba_2025091802830454,5.0,-0.4,high_rating_negative_text,"아..막 먹다가 무슨 순살에 뼈가 나와서 시원하게 입 안 찢어지고 피한번 나주고 반죽은 안익은듯한맛에 정말 하…..
제로콜라로 바꿔주셔서 5점남기는데 그외에는 정말 아닌거같아요요 이건… 너무 실망이 크네요"
ba_14757543,2025-09,ba_2025091802830454,5.0,-0.4,high_rating_negative_text,"아..막 먹다가 무슨 순살에 뼈가 나와서 시원하게 입 안 찢어지고 피한번 나주고 반죽은 안익은듯한맛에 정말 하…..
제로콜라로 바꿔주셔서 5점남기는데 그외에는 정말 아닌거같아요요 이건… 너무 실망이 크네요"
ba_14757543,2025-09,ba_2025092402767404,5.0,-0.4,high_rating_negative_text,와 올때 냄새부터 미쳤구 맛은 진짜 더 미쳤어요!!!
ba_14757711,2025-08,ba_2025080502511174,1.0,0.4,low_rating_positive_text,"고추바사삭은 바삭함이 생명인데
배달이느려서 다 눅눅해져서옴
하루지난치킨먹는맛"
ba_14757711,2025-09,ba_2025091002528597,5.0,-0.2,high_rating_negative_text,"사장님 맛은 있는데
양이 적은거 같아요 
순살 원래 양이 적은가요?"
ba_14766686,2025-07,ba_2025072701434250,2.0,0.8,low_rating_positive_text,너무 맛없….ㅠㅠ 예전에 먹었던 볼케이노가 아니네오..불맛 하나도 없고 양념이 진짜 니맛도내맛도 아니에요….배달도 한시간반이나 걸렸구…이건 그냥 굽네치킨 자체에서 양념맛이 변한걸까여?….
ba_14766686,2025-08,ba_2025080802650218,1.0,0.2,low_rating_positive_text,"사진상으론 색이 찐하게 보이는데
하다 만 것같은... 감자도 좀 덜 익구요
그냥 오리지널굽네도 아니고 오븐바사삭으로 시켰는데
먹었던 바사삭이 아니네요?
닭기름과 시즈닝?이 덕지덕지 ... 이런 치킨 첨봐요
사장님 바뀌셨나요???? 음...
매장가서 픽업도 종종했었는데 친절히 잘 해주셨는데ㅜㅜㅜㅜ 이러지 않았었능디 속상
에어프라이기에 다시 구워서 먹고있습니다..."
ba_14766686,2025-08,ba_2025082802619643,5.0,-1.0,high_rating_negative_text,"배달이 1시간 20분만에... 기사님수가 부족한건가봐요
예상시간 40분만에 온대서 시킨건데 그 두배가 걸렸네요

업주랑 배달기사님이 무슨 잘못이 있겠어요
배민 수.수료 문제로 이탈하신거라고 생각하고 그냥 먹습니다...
치킨은 뭐 당연히 눅눅해졌지만... 사장님 잘못도 아닐테구.."
ba_14766686,2025-08,ba_2025082802619643,5.0,-1.0,high_rating_negative_text,"배달이 1시간 20분만에... 기사님수가 부족한건가봐요
예상시간 40분만에 온대서 시킨건데 그 두배가 걸렸네요

업주랑 배달기사님이 무슨 잘못이 있겠어요
배민 수.수료 문제로 이탈하신거라고 생각하고 그냥 먹습니다...
치킨은 뭐 당연히 눅눅해졌지만... 사장님 잘못도 아닐테구.."
ba_14766686,2025-09,ba_2025090401050416,5.0,-0.8,high_rating_negative_text,"장각구이를 시켰는데
고블링 마블링 소스를 받았습니다
소스가 아예 바뀌게 된건지
실수로 잘못 보낸건지 여쭤보려고
전화도 드렸는데 안받으시기에..
그냥 먹긴 했는데,
다른 리뷰들 보니 잘못 온게 맞네요
많이 바쁘시겠지만 조금 더 신경 써 주세요"
ba_14766686,2025-09,ba_2025090401050416,5.0,-0.8,high_rating_negative_text,"장각구이를 시켰는데
고블링 마블링 소스를 받았습니다
소스가 아예 바뀌게 된건지
실수로 잘못 보낸건지 여쭤보려고
전화도 드렸는데 안받으시기에..
그냥 먹긴 했는데,
다른 리뷰들 보니 잘못 온게 맞네요
많이 바쁘시겠지만 조금 더 신경 써 주세요"
ba_14766686,2025-09,ba_2025091402565101,5.0,-0.4,high_rating_negative_text,"웻지는 차갑고 아무 소스도 없고 서비스인데 1000원을 받았는데 콜라도 샐러드도 미니미니, 치킨무도 없고 1인메뉴에 소스랑 치킨무 있지 않나요?"
ba_14766686,2025-09,ba_2025091402565101,5.0,-0.4,high_rating_negative_text,"웻지는 차갑고 아무 소스도 없고 서비스인데 1000원을 받았는데 콜라도 샐러드도 미니미니, 치킨무도 없고 1인메뉴에 소스랑 치킨무 있지 않나요?"
ba_14767932,2025-08,ba_2025082400226895,5.0,-0.2,high_rating_negative_text,죽이 너무 묽지도 뻑뻑하지도 않게 딱 적당합니다!
ba_14767932,2025-08,ba_2025082400226895,5.0,-0.2,high_rating_negative_text,죽이 너무 묽지도 뻑뻑하지도 않게 딱 적당합니다!
ba_14773135,2025-08,ba_2025081202591681,4.0,-0.4,high_rating_negative_text,팥죽이 묽어요 삼계죽에도 물을 좀 많이 타신것 같은게 죽을 다 퍼먹고 국물이 마셔야할 정도로 남네요 본죽 20년간 먹으면서 처음이에요 동치미 국물도 슴슴한게 전반적으로 물탄 느낌입니다
ba_14773140,2025-09,ba_2025090402991164,5.0,-0.2,high_rating_negative_text,여기처럼 적정한 온도에 걸맞은 시간에 배송해 주는 굽네는 처음 봤습니다 꼬!!!!!!옥 드세요!!
ba_14773140,2025-09,ba_2025090402991164,5.0,-0.2,high_rating_negative_text,여기처럼 적정한 온도에 걸맞은 시간에 배송해 주는 굽네는 처음 봤습니다 꼬!!!!!!옥 드세요!!
ba_14773140,2025-09,ba_2025092102509769,5.0,-0.2,high_rating_negative_text,이건 아니죠 갯수로 들어있는건데 다리한개는 반쪽밖에 없어요 여태껏 치킨 여러곳 시켜봤지만 이런적은 첨이네요 담부턴 신경써주세요
ba_14773773,2025-08,ba_2025082400228822,5.0,-0.2,high_rating_negative_text,"호불호 많이 갈리던데 전 완전 호예요
기대가 크면 실망도 크잖아요 근데 이거는 기대 이상임 치킨 안 좋아하는데 이거는 하나도 안 남기고 다 먹었어요 완전 맛도리네"
ba_14773773,2025-08,ba_2025082400228822,5.0,-0.2,high_rating_negative_text,"호불호 많이 갈리던데 전 완전 호예요
기대가 크면 실망도 크잖아요 근데 이거는 기대 이상임 치킨 안 좋아하는데 이거는 하나도 안 남기고 다 먹었어요 완전 맛도리네"
ba_14773773,2025-09,ba_2025092902714887,5.0,-0.2,high_rating_negative_text,"잘먹었습니다👍🏼
음료가누락되었어요😭
다음에는 잘 챙겨주세요 🙏"
ba_14775705,2025-09,ba_2025090202415367,2.0,0.2,low_rating_positive_text,죽이 너무 물러요ㅠㅠ 맛없어서  절반이상 버렸네요... 원대점에서는 두번다시 안시켜 먹을 겁니다.
ba_14776515,2025-09,ba_2025092103003111,5.0,-0.6,high_rating_negative_text,시간맞춰갔는데 늦게왔다고 하셔서 당황스러웠어요. 40분 걸린다고 해서 맞춰서 간건데 다음엔 시간맞춰 조리해주세요.
ba_14782074,2025-09,ba_2025091202718622,5.0,-0.2,high_rating_negative_text,냄새부터 쥑임 맛도 쥑임.. 담주에 장각1다리 이벤트할때 또 시킬거임..
ba_14782074,2025-09,ba_2025091202718622,5.0,-0.2,high_rating_negative_text,냄새부터 쥑임 맛도 쥑임.. 담주에 장각1다리 이벤트할때 또 시킬거임..
ba_14783596,2025-09,ba_2025090202621494,5.0,-1.0,high_rating_negative_text,"제가 부산에서 이사만 4번 다니면서
굽네치킨 지점 최소 10군데 이상 시켜봤는데
여기가 진짭니다
치킨 진짜 잘튀기십니다
제가볼때 사장님 진짜 60년인생
평생토록 치킨만 튀긴분같이 진짜 잘튀기십니다
사상에서 굽네 먹을때 육즙이 느껴진건 오랜만입니다진짜 제가 리뷰 잘 안쓰는데 여긴 써야할거같아요..
최근 주문수 보니 아직 가게 생긴지 얼마 안된거같은데 이 지점이 아마 사상 굽네 1번 먹지않을까 싶습니다 사장님 왜 이제야 나타나셨어"
ba_14788494,2025-09,ba_2025090902955974,4.0,-0.2,high_rating_negative_text,배달이 많이 늦어져서 웨지감자는 많이 눅눅해졌네요
ba_14788494,2025-09,ba_2025090902955974,4.0,-0.2,high_rating_negative_text,배달이 많이 늦어져서 웨지감자는 많이 눅눅해졌네요
ba_14788494,2025-09,ba_2025091202726478,4.0,-0.4,high_rating_negative_text,음식 양이 적어보이는건 기분탓이겠죠..? 다른 가게에서 시키면 이거보다 양은 많아보였는데 이건 적어보이네요..
ba_14789833,2025-09,ba_2025092302643483,5.0,-0.2,high_rating_negative_text,맛이썽요 젓가락이 빠졌네여 ㅠㅠ
ba_14789833,2025-09,ba_2025092302643483,5.0,-0.2,high_rating_negative_text,맛이썽요 젓가락이 빠졌네여 ㅠㅠ
ba_14789844,2025-09,ba_2025092502108725,2.0,0.2,low_rating_positive_text,"다 식어서 왔네요. 그래도 맛있습니다.
사장님이 무슨 잘못이 있겠습니까."
ba_14791302,2025-09,ba_2025093000002774,5.0,-0.4,high_rating_negative_text,"앗 볼케이노로 잘못시켜써유
본의아니게 스트레스 해소~~~
담에 장각으러 다시 시쿄야게써요"
ba_14795104,2025-09,ba_2025091902923729,4.0,-0.4,high_rating_negative_text,라이더도착후에 시간추가되더니 음식이 식었네요
ba_10015935,2025-02,ba_2025022803070067,2.0,1.0,low_rating_positive_text,"고추바사삭만 거의 먹는데 닭 비린맛이 나는건 첨이네요
그래도 피자는 맛있네요"
ba_10020109,2025-03,ba_2025030902959165,2.0,1.0,low_rating_positive_text,내가 느끼기엔 거의 대부분 탄 맛.. 포장하기 전에 한번 확인해줬으면 좋겠습니다. 그래도 대처는 잘해주셔서 좋았어요
ba_10022124,2025-03,ba_2025030902504260,2.0,0.2,low_rating_positive_text,"배달이 많이 느려요…(라이더님이 픽업 후 배송 완료까지 43분)
치킨이 차갑고 상자도 젖어서 왔어요!
콤보 자체는 좋았어요…"
ba_10040679,2025-04,ba_2025040202044070,4.0,-0.2,high_rating_negative_text,써비스나오는 콜라가난왔네요..어제평가점은 주던데..아쉬웠어요
ba_10040685,2025-02,ba_2025020802525247,5.0,-0.2,high_rating_negative_text,맛있긴 한데 배달이 너무 늦게와서 다 식어서 아쉽네요….
ba_10040685,2025-04,ba_2025041302957423,5.0,-0.2,high_rating_negative_text,양이 너무적어요 ㅠㅠ
ba_10204887,2025-02,ba_2025021402652949,4.0,-1.0,high_rating_negative_text,이름은 오븐바사삭인데 전혀 바사삭이 아님 눅눅 그자체ㅠㅠ 감자튀김은 떡이되서 옴..ㅠㅠ  오자마자 에어프라이기 직행.. 첫주문인데 애들이 좀 많이 실망한듯ㅠㅠ  다음엔 한집배달로 주문해봐야 겠어요.. 알뜰배달이라 너무 여러집을 거쳐 너무 배달이 늦게온 탓인듯..
ba_10204887,2025-03,ba_2025030202159877,5.0,-0.2,high_rating_negative_text,고추바사삭이랑 오븐바사삭 같이시켰는데 고추바사삭은 좀 눅눅해서 아쉬웠습니다
ba_10401021,2025-03,ba_2025030303170886,1.0,0.8,low_rating_positive_text,잘먹다가 파우더가 덜 튀겨졌는지 밀가루맛이라해야하나 식감도 푸석푸석거리고 맛도 이상해서 먹다 버렷네요 ㅜ
ba_10401021,2025-04,ba_2025041702491221,5.0,-0.2,high_rating_negative_text,양념반반 주문했는데 후라이드로만 메뉴가 잘못배달왔었는데 재배달해주셔서 감사합니다
ba_10469515,2025-02,ba_2025022303086608,5.0,-0.2,high_rating_negative_text,"넘 늦은 저녁으로 시켰는데~
잘 먹을께요~~
제 소스가 ㅋㅋ러블링 하나가 잘못 왔어요~~요블링이 두개로~~
담에 또 주문 하러 올께요~~"
ba_10469515,2025-03,ba_2025030402409905,5.0,-0.2,high_rating_negative_text,역시 내 최애 고추바사삭! 배달이 예상시간보다 조금 늘어난게 아쉽긴한데 그래도 5점!
ba_10469515,2025-03,ba_2025030802793672,5.0,-0.2,high_rating_negative_text,토요일이라 배달 좀 늦게와서 조금 눅눅했는데 맛있었어요 타이밍이 안맞았어..ㅠㅠ 담에 또 시킬것같아용
ba_10571616,2025-03,ba_2025033003024132,5.0,-0.4,high_rating_negative_text,오늘은 고추바사삭이란 이름이 무색한 튀김이었습니다. 바쁘시다라도 튀김에 좀더 신경써주시면 좋겠습니다 별점은 가게를 위해 5개 드렸지만 오늘은 많이 실망스러웠습니다
ba_10580903,2025-03,ba_2025030702580181,5.0,-0.2,high_rating_negative_text,리뷰이벤트 달콤소스 적었는데 안왔어요 안그럼 그냥 소스하나더주문했을텐데ㅠㅠ
ba_10580903,2025-04,ba_2025040902995164,2.0,1.0,low_rating_positive_text,치킨은 맛있었어요~ 배달도 따뜻하고 빠르게 왔구요! 근데… 치킨껍질에 닭 털은 조리하면서 다 그을려서 없어지거나 하지 않나요?ㅠㅠ  구워진 껍질에 남아있는 털들 때문에 그냥 먹을까 싶다가도 ㅠㅠ 맛있는 껍질을 다 떼고 먹었네요ㅠㅠㅠ
ba_10597203,2025-04,ba_2025041502416470,4.0,-0.2,high_rating_negative_text,평소보다 타고 눅눅했어요..
ba_10605803,2025-02,ba_2025021802504755,4.0,-0.2,high_rating_negative_text,"맛나요  언제 먹어도...^^
근디  오늘은 좀 식었네요~~~
한집배달인데..."
ba_10627648,2025-01,ba_2025012601474261,2.0,1.0,low_rating_positive_text,"금요일에는 맛있게 잘 익어서 왔는데, 오늘은 치킨이 덜 익어서 왔네요...조금 천천히 보내주셔도 되니까 다음엔 제대로 다 익혀서 보내주세요."
ba_10657170,2025-03,ba_2025031500003284,2.0,0.2,low_rating_positive_text,"소스 많이 발라달라고 했는데 평소보다도 더 적어서 
이름이 볼케이논데 매운맛도 안 나고 맛이 없었어요...ㅠㅠ 
볼케이노에 발리는 소스랑 마그마 소스랑 다른 맛이라.. 요청드린 건데 소스가 넘 적으니 다른 지점에서도 시켜봐야겠네요"
ba_10657170,2025-01,ba_2025012902618647,2.0,1.0,low_rating_positive_text,"배달도 좋았고, 맛도 다 좋았는데...
치킨 먹던중에 머리카락이 나왔네용
머리카락이 함께 튀겨진것 같네요 ㅠㅠ
조금 찝찝했습니다.."
ba_10698232,2025-02,ba_2025021302580954,5.0,-0.2,high_rating_negative_text,우리집 치킨 귀신이 좋아합니다. 기름기가 적고 담백해서 당분간은 여기만 먹을듯.. 번창하세요~
ba_10698232,2025-02,ba_2025022002540573,5.0,-0.2,high_rating_negative_text,"이사가기전에 마지막 식사인데 많이 아쉽네요 ㅠㅠ
가끔 지나가다 포장손님으로 들리겠습니다!!
번창하세요😁😁"
ba_10698232,2025-02,ba_2025022200381651,5.0,-0.2,high_rating_negative_text,"진짜 마감 1분 전에 주문했는데 받아주셨어요.
이정도면 보장된 치킨집 아닐까요?ㅎㅎ"
ba_10698232,2025-04,ba_2025041702447085,4.0,-0.2,high_rating_negative_text,눅눅해서 아쉬웠습니다..
ba_10706208,2025-01,ba_2025012702264792,4.0,-0.2,high_rating_negative_text,콜라추가했는데ㅜㅜ 기본 콜라가 안와서 넘 아쉬워요ㅜㅜ
ba_10706208,2025-02,ba_2025021601599475,5.0,-0.2,high_rating_negative_text,"목요일에 시킬랫는데 순살전체품절이라 이제 시킨..!!
굽네시킬때는 에그타르트필수😆"
ba_10706208,2025-02,ba_2025022300188134,5.0,-0.2,high_rating_negative_text,고추 바사삭 진짜 야식으로 못참지 최곱니다
ba_10706208,2025-03,ba_2025032701789574,5.0,-0.2,high_rating_negative_text,"먹다가 너무 물컹해서 보니 덜익은거같아요 
핑킹현상이라고 하기엔 너무 물컹물컹해요 .. 진짜로"
ba_10739524,2025-01,ba_2025012601400292,5.0,-0.4,high_rating_negative_text,요즘 진짜 치킨 빠져서 볼켕ㅣ노만 계속 먹는 것 같앙욤 반정두 먹구 남겼다가 다음날 치밥 해먹는 게 진짜 막잇는것 같아여 진짜 볼케이노 너무 맛잇어.
ba_10750970,2025-02,ba_2025021202514841,5.0,-0.2,high_rating_negative_text,양은 조금 부족하지만 맛나게 먹었습니다.
ba_10750970,2025-02,ba_2025021402585939,2.0,1.0,low_rating_positive_text,평소 가끔 시켜서 맛있게먹는데요...오늘치킨은 상태가 안좋아요. 탄상태로 오고 닭에 반죽이  고르게 안되었는지 가루가 치킨에 그대로 있네요.처음있는 일이라 바빠서 그럴거라고 생각해요.ㅠㅠ
ba_10750970,2025-03,ba_2025030901778565,5.0,-0.4,high_rating_negative_text,"고추바사삭 칼로리 꽤 높아요(1300-1500정도)
17조각 정도 되고 6조각은 작은조각입니다
참고하세요
*리뷰이벤트는 없어지고 가격은 비싸고..굽네.."
ba_10750970,2025-03,ba_2025032502019881,5.0,-0.2,high_rating_negative_text,고추바사삭은 진짜 사랑입니다
ba_10768614,2025-02,ba_2025020201734780,5.0,-0.2,high_rating_negative_text,"고추바사삭 진짜 최곱니다,,다들 신월점 극찬하는 이유가 있네요!!"
ba_10768614,2025-02,ba_2025030102740145,5.0,-0.2,high_rating_negative_text,아 징짜 마싯다
ba_10768614,2025-03,ba_2025030200090067,5.0,-0.2,high_rating_negative_text,진짜 오랜만에 고추바사삭 먹는데 역시 짱👍
ba_10771255,2025-03,ba_2025031402445846,4.0,-0.4,high_rating_negative_text,"사장님~
치킨박스 뚜껑이 다젖었고 감자 포장지도 다 젖었네요
비닐봉지안에 물이 흥건한건 배달의 문제겠죠
밥 시간때라  배달기사님 바쁘신건 알겠는데
한집배달의 의미가 없네요
저희는 찜해놓고  사장님네 치킨만 먹는데  이렇게 온적이 없어서  이번엔 좀 아쉬워요"
ba_10771255,2025-03,ba_2025031402445846,4.0,-0.4,high_rating_negative_text,"사장님~
치킨박스 뚜껑이 다젖었고 감자 포장지도 다 젖었네요
비닐봉지안에 물이 흥건한건 배달의 문제겠죠
밥 시간때라  배달기사님 바쁘신건 알겠는데
한집배달의 의미가 없네요
저희는 찜해놓고  사장님네 치킨만 먹는데  이렇게 온적이 없어서  이번엔 좀 아쉬워요"
ba_10771255,2025-03,ba_2025032802489756,5.0,-0.2,high_rating_negative_text,요청 사항에 리뷰 이벤트 3번이라고 적었는데 콜라가 사이즈업돼서 왔네요...ㅠㅠ 다음에는 꼭 치즈볼이 오길 바랍니다ㅜㅜㅜ
ba_10771255,2025-04,ba_2025040602486266,2.0,0.6,low_rating_positive_text,"적당히 튀겨서. 맛있습니다
감사합니다"
ba_10774000,2025-02,ba_2025021502417760,5.0,-0.2,high_rating_negative_text,양이아쉽지만  맛 매운  정도가   적당합니다
ba_10774794,2025-03,ba_2025031201828462,5.0,-0.2,high_rating_negative_text,진짜 제 최애 치킨이에요…
ba_10774794,2025-02,ba_2025020702617976,5.0,-0.6,high_rating_negative_text,배달 개늦게 옴 빡1침 치킨차가운 그래도 5점줌
ba_10774794,2025-02,ba_2025020702617976,5.0,-0.6,high_rating_negative_text,배달 개늦게 옴 빡1침 치킨차가운 그래도 5점줌
ba_10774794,2025-03,ba_2025030203077957,1.0,0.6,low_rating_positive_text,봉이랑 윙이 하나씩 밖에 없네요 키우다가 큰 사고가 너서 절단이라도 했나요? 한마리인데 제일 맛있는 부위가 없다니… 요리하다 까먹었다고 생각할게요
ba_10774794,2025-03,ba_2025032502543338,5.0,-0.6,high_rating_negative_text,웨지감자가 안왔어요 ㅜㅜ 배민쪽에 부분환불요청했습니다.
ba_10774794,2025-04,ba_2025042001585221,5.0,-0.4,high_rating_negative_text,단골입니다 떡이심각하게딱딱합니다.. 다버렷습니다 머리카락 긴게 튀겨졋는건지들어간건지 치킨튀김속이랑 엉켜서 왓네요..
ba_10798649,2025-02,ba_2025022100541615,1.0,1.0,low_rating_positive_text,맛있어요 굿
ba_10798649,2025-03,ba_2025030202480832,4.0,-1.0,high_rating_negative_text,"사장님 잘못은 아니구 배송이 아쉬웠습니다
음식이 다 식었어요 ㅠ"
ba_10798649,2025-03,ba_2025030701010311,5.0,-0.2,high_rating_negative_text,역시 닭다리살이라서 촉ㅊ촉하니ㅠㅠ진짜 마싯서요
ba_10798649,2025-04,ba_2025041500690086,4.0,-1.0,high_rating_negative_text,비가와서 그런지 배달도 늦게와서 음식이 식었어요ㅜㅜ
ba_10800862,2025-02,ba_2025022802441963,5.0,-0.2,high_rating_negative_text,"맛없,,,,,퍽퍽하고 냄새났어요"
ba_10800862,2025-02,ba_2025022302594442,5.0,-0.4,high_rating_negative_text,음식은 죄가 없지만 알뜰배달로 주문하니 아주 차갑게 식어서 왔어요 ㅎㅎ 알뜰배달 정말 정말 비추입니다.
ba_10800862,2025-03,ba_2025032802810769,5.0,-0.4,high_rating_negative_text,"이름이 부끄럽지 않을 정도의 매콤바사삭함
딱 하나 아쉬운 점은 무가 예전보다 너무 적어져 당황한 이슈"
ba_10821092,2025-03,ba_2025031402931190,5.0,-0.6,high_rating_negative_text,"치즈볼 같이 시켰는데 치즈볼에서 기름냄새가 너무 나서 먹다가 버렸어요, 다음번엔 잘 좀 부탁드립니다."
ba_10821092,2025-04,ba_2025040503073018,4.0,-0.2,high_rating_negative_text,다른 굽네는 두마리 주문하면 콜라를 큰거 주는데 여기는 작은 펩시라 아쉽워요..
ba_10821092,2025-04,ba_2025042002700876,5.0,-0.4,high_rating_negative_text,치밥먹겠다고 시켜달래서 시켜줬더니 남김없이 소스까지 싸악 먹었더군요 냄새만 맡아봤어요 ㅠㅠ치우면서 먹고 싶다 생각했어요 ㅠㅠ
ba_12029686,2025-03,ba_2025031102587095,5.0,-0.4,high_rating_negative_text,맛은있으나 음식 문앞에 놓으시고 도착 메세지 하나 안 보내주셔서 50분 늦게 먹네요 ㅎㅎ 다 식어서 전자레인지에 돌려먹네요
ba_13052096,2025-02,ba_2025022302787671,1.0,1.0,low_rating_positive_text,"맛있어요.
양념만 ...,
닭이 너무. 퍽퍽하고 당일 판매 닭이라고 하긴 힘들듯요.
볼케이노 100번이상 먹었지만 좀 실망이네요.
맛있었으면 리뷰 신경썻을 1인입니다.
많이 아쉽네요"
ba_13052096,2025-02,ba_2025021402869578,5.0,-0.2,high_rating_negative_text,굽네 1티어 진짜.
ba_13052096,2025-02,ba_2025021502502504,5.0,-0.2,high_rating_negative_text,"튀긴음식 좀 줄여야해서..굽네주문. 
역시 오븐 치킨이라.. 비교적 건강식 느낌. ㅎㅎ"
ba_13052096,2025-03,ba_2025030100215312,5.0,-0.4,high_rating_negative_text,"배달기사님이 늦게 잡히느라 1시간이 넘게 기다린것같은데 기다리면서도 치킨 다 식었을까봐 많이 걱정한거랑 다르게 도착했을때 상당히 따뜻하더라구요
양도 평소보다 조금이나마 더 많이 느껴진거같아서 만족했습니다"
ba_13052096,2025-04,ba_2025041302935367,5.0,-0.2,high_rating_negative_text,진짜 순살 고추바사삭은 진리임
ba_13062668,2025-02,ba_2025020302530566,5.0,-0.4,high_rating_negative_text,아진짜!!.. 겁나짜증나네!. 벌써 다먹었는데 계속 생각나요ㅠ;;;ㅠ 더먹고싶은데ㅠ;;ㅠㅠㅠㅠㅠㅠ
ba_13076527,2025-02,ba_2025021001593731,5.0,-0.2,high_rating_negative_text,진짜 마싯어요!
ba_13076527,2025-02,ba_2025021500213567,1.0,0.8,low_rating_positive_text,"굽네 한두번 먹어본게 아닌데 
원래 엄청 부드럽고 맛있는데 왜 
대체 여기는 치킨이 퍽퍽살만 가득하고
딱딱하고 탄맛이 많이 나는걸까요 ??
그리고 탄거 안보이게 가리면 그게
가려질거라고 생각 하시는지 ,, ㅎㅎ
너무 맛없어서 리뷰 하나씩 다 
읽어봤는데 저같은일을 겪은분들이
많이 있네요 ㅡㅡ 휴"
ba_13076527,2025-03,ba_2025031301924319,4.0,-0.6,high_rating_negative_text,다른 치킨 프랜차이즈 매장에 비해 콜라가 엄청 작네요..가격은 점점 비싸지는데 그에 비해 제공되는 서비스는 예전에 비해 대폭 줄어든다는 게 아쉽습니다.
ba_13076527,2025-03,ba_2025032202941384,4.0,-0.2,high_rating_negative_text,"리뷰이벤트 써놧는데 주지는 않으시더라구요
요청사항에 적어놓고 리뷰에 안알리면
먹튀한사람같아서 우선 리뷰는 작성할게요"
ba_13076527,2025-03,ba_2025032602657395,4.0,-0.2,high_rating_negative_text,맛은 있지만 24900원 짜리가 양이 너무 적네요…
ba_13076527,2025-04,ba_2025040700556172,5.0,-0.4,high_rating_negative_text,"웅담도 이것보단 덜딱딱할듯...
라고 보이게끔 남기고싶었는데 
도저히 동종업이라 못하겠네요
번창하세요"
ba_13081281,2025-03,ba_2025031502987161,1.0,0.6,low_rating_positive_text,굽네치킨 너무 좋아해서 다른지점에서 윙봉 맨날 시켜먹는데 여기는 윙봉이 꼭 컬리나 이런데서 사는 에프용 냉동치킨윙봉같은 맛이예요...ㅠ 그리고 살이 계속 붉어보이는게 자꾸 나오니까 입맛도 떨어지고...결국 반도 못먹고 다남겼어요.... 영종도는 치킨은 아닌걸로....ㅠ
ba_13103901,2025-03,ba_2025031802480458,5.0,-0.2,high_rating_negative_text,"음식은 나쁘지 않습니다만.. 피클, 핫소스 안주는 건 처음이네요. .... 피자랑 파스타 딱 그것만 옵니다."
ba_13181486,2025-02,ba_2025020701439320,5.0,-0.2,high_rating_negative_text,"가게자체 배달이라 그런지 배달료가 비싸고, 아직 음식이 도착하지 않은 상태에서 문 닫을 시간이되서 그런지 배달완료라 떠서 당황했습니다.. 다음부턴 미리 연락을 주시면 당황하지 않고 편할것 같아요 맛은 있습니다~!"
ba_13181486,2025-02,ba_2025022402832827,5.0,-0.8,high_rating_negative_text,"독감 걸려서 죽시켰는데 뒤늦게 후기 봤는데 배달 이슈가 좀 있더라구요.. ㅜ
 '막 엄청 늦게 오면 어떡하지?'
 이생각했었는데 온라인 예상시간보단 늦게 오긴 했는데 배민 공지 나와있는대로 예상시간30분 내외로는 도착해서 다행이었어요!! 
죽도 안식었고 맛있게 잘먹었습니다 ㅎㅎ"
ba_13181957,2025-02,ba_2025021302460142,5.0,-0.2,high_rating_negative_text,"음식 및 기타 너무 문족합니다~^^
번창하세요"
ba_13193158,2025-04,ba_2025041401400546,5.0,-0.2,high_rating_negative_text,사장님 덕분에 저희 부모님께서 조금씩 건강을 찾고 계시것 같습니다. 그런데 오늘은 죽 양이 다른때보다 적은것 같다고 하셔서 보니 정말 다른때보다 양이 줄어든것 같은데 이제 이렇게 양을 줄이신건지 궁금해서 남깁니다.
ba_13199394,2025-02,ba_2025022602857593,4.0,-0.4,high_rating_negative_text,"사장님만 보이는 리뷰에 남깁니다. 가장 좋아하는 메뉴인데, 잣죽이 예전같지 않아요. 적당한 농도에 잣맛도 많이 났는데요... 요즘의 잣죽은 너무 되직해서 마치 밀가루풀 같고 잣 맛도 별로 느껴지지 않아 맛이 없어졌어요. 정해진 레시피대로 하시는 거겠지만... 애정하는 메뉴였는데 실망스러워서 리뷰 남깁니다."
ba_13219734,2025-04,ba_2025041903009067,5.0,-0.6,high_rating_negative_text,단팥죽 새알에서 이상한 냄새가 나네요..새알 좋아해서 대여섯개 더 먹었는데 다 냄새가 나서 그냥 버립니다.
ba_13225939,2025-01,ba_2025020101009661,5.0,-0.2,high_rating_negative_text,배달기사 진짜.. 참..
ba_13226580,2025-04,ba_2025040502457455,5.0,-0.4,high_rating_negative_text,늦께왔는데도 따듯하고 달달했음 배달이 너무 느렸던게 아쉬움
ba_13226670,2025-02,ba_2025022002502048,5.0,-0.2,high_rating_negative_text,"항상다른데보다는배달비4000원이지만여기서만시켜먹어요""간도맞고매실은물에타서먹을원액이에요꼭같이시켜드세요👍💪"
ba_13226860,2025-03,ba_2025033102379036,5.0,-0.2,high_rating_negative_text,"본죽은 서면점이 진리입니다!^^
죽 전문가 타이틀도 있으시고 10년 훨씬 넘게 오래하시고 계셔서 너무 믿음이 갑니다!^^"
ba_13227659,2025-03,ba_2025032402716743,5.0,-0.2,high_rating_negative_text,"사장님 낙지김치죽 간이 전혀 안되어있어요 
너무 싱겁습니다 다음에 확인좀 부탁드려요"
ba_13228166,2025-03,ba_2025030301115124,4.0,-0.2,high_rating_negative_text,쇠고기야체죽 간이  짜네요
ba_13228668,2025-03,ba_2025031300155277,5.0,-0.8,high_rating_negative_text,감기때문에 컨디션이 최악이라 주문했는데 너무 제대로 몸보신했습니다 .. 👍🏻
ba_13228993,2025-01,ba_2025013102478643,2.0,0.4,low_rating_positive_text,"집앞이라 포장은 두번째인데 손님이 들어가는데 인사는 커녕 포장 음식 안내도 없으시네요
특이 나이 좀 있어보이는 아주머니.. 
표정이 꽤나.. 불쾌하세요
엄청난 친절을 바라는건 아니지만 기본은 하셔야 하지 않나요
한번도 아니고 두번이면 실수도 아니실거 같은데
배달시켜먹엇으면 몰랏을거 알게되서 다행이다 싶기도 하네요
많이 파세요 재방문, 재구매 의사는 없습니다"
ba_13229184,2025-02,ba_2025022000529662,5.0,-0.2,high_rating_negative_text,"저 이때까지 흰죽에 참기름 아예 안들어가는거 몰랐어요 ㅋㅋㅋㅋㅋㅋㅋ ㅠ 한번씩 참기름 많이 넣어달라고 요청사항 썻는데 그럴때마다 아무말 없이 잘 넣어주셔서 몰랐슴니다..
잘 들어주셔서 감사해요🩵"
ba_13232348,2025-03,ba_2025031701322815,5.0,-0.2,high_rating_negative_text,"예전에 오픈하신지 얼마안됏을때 포장해서 먹엇는데 
그땐 간이 딱맞앗어요.
오늘은 왜케 싱거운건지. 
좀 아쉽네요"
ba_13232348,2025-04,ba_2025040702422694,1.0,0.2,low_rating_positive_text,"엄마 드시라고 산건데 호박죽이 완전 물이예요
기본으로 주문했는데 간도 하나도 안되어있어서 따로 소금넣고 단호박죽인데 단맛이 이렇게 없나요????
토요일에 제가 주문했던 버섯굴죽도 물이 많아서 왜그러나 했었는데 호박죽은 아예 물이네요
주방장이 바뀐건가요??
사장님 좀 심해요 이거"
ba_13233587,2025-02,ba_2025022602411089,5.0,-0.2,high_rating_negative_text,"작은아들이 몸살 감기가 걸려서
목이 많이 부어 밥도 못 먹다보니
전복죽을 주문했습니다~
몸이 아프고 힘들고 입맛이 없어서
별로 먹진 못했지만 조금이라도 먹어서
얼마나 다행인지 얼른 낫기를 빌어보네요^^"
ba_13233594,2025-04,ba_2025040703099253,4.0,-0.2,high_rating_negative_text,배달 넘늦음
ba_13233735,2025-03,ba_2025031302048759,5.0,-0.2,high_rating_negative_text,저희 가게 오신 고객님이 주문 해 달라고 하셔서 주문했어요 아내분께서 발치하고 딱딱한 것 피하려고 시켜는데 맛나게 잘 드셨답니다
ba_13234034,2025-03,ba_2025030901664470,2.0,0.6,low_rating_positive_text,"죽은 맛있었으나, 포장주문임에도 불구하고 매장가격보다 1000원씩 비싼게 좀 그렇네요...
그냥 포장주문하고, 가게에 픽업하러 갔더니 제가 주문한 가격보다 모든 메뉴가 다 1000원씩 싸길래 여쭤봤더니 배민때문에 그렇다고 전화주문해달라하시는데... 배달도 아니고 포장주문도 1000원씩 더 받는다는게 제 상식에서는 이해할 수가 없네요."
ba_13234188,2025-03,ba_2025031300143323,5.0,-0.2,high_rating_negative_text,"아이가 아파서 흰죽 주문했어요
소분해서 3번 먹을수 있게했어요
먹고 양이 적다고 배고파하긴하는데 토하거나 하지않아서 회복에 도움이 된것 같아요!"
ba_13234523,2025-02,ba_2025020902646986,1.0,0.2,low_rating_positive_text,"포장해서 왔는데 머리카락이 나왔어요..
기분이 찜찜해서 먹다가 버렸습니다.
위생 조금더 신경쓰면 좋겠습니다."
ba_13234790,2025-01,ba_2025012600960669,5.0,-0.2,high_rating_negative_text,"너무 맜있습니다♡
굽네치킨 진짜 짱이네요^^
많이파세요~ 축복합니다♡"
ba_13234790,2025-02,ba_2025020802931655,2.0,0.6,low_rating_positive_text,고추안바사삭이였습니다!! 시카고피자는 치즈보다 빵이 2배 더 두꺼워서 배부르게 잘먹었습니다!! 다음엔 다른곳을 이용할게요! 아!! 참고로 배달이 40분 넘게 지연되서 더 맛없게 먹은거같습니다!!
ba_13236401,2025-03,ba_2025030502687245,4.0,-0.4,high_rating_negative_text,항상 주문해서 먹는곳인데 오늘은 소고기야채죽이 별로 였어요~
ba_13249989,2025-02,ba_2025020202090933,5.0,-1.0,high_rating_negative_text,"진!짜 오랜만에 볼케이노 먹어서 흥분함 🔥
진짜 넘무 마시짜나요 ..... 
저희 시킨거 느끼해보이죠?
마그마소스 찍어먹는 순간 !
까르보나라와 버터웨지감자 요물입니다
그냥 먹으면 파스타는 짜고 웨지감자는 퍽퍽한데 
볼케이노와 찰떡궁합이라구요 😎
맵찔인데 꾸역꾸역 소스 찍어먹음 ㅋㅋㅋㅋ
적으면서 또 먹고싶네 조만간 또 시킬께요 🥹"
ba_13249989,2025-03,ba_2025033102083026,4.0,-0.2,high_rating_negative_text,차갑게 식어서 맛없더라고요
ba_13249989,2025-04,ba_2025041502973800,5.0,-0.4,high_rating_negative_text,"치 피 세트를 강추한다.
가끔 고블링 소스가 함께오지 않지만 그것 또한 괜찮은 순간이다 누락된 소스를 사장님이 다시 보내주는 그 사이 피자를 여유롭게 즐길 수 있기 때문이다. 그러다 보면 고블링 마블링 요블링 갈블링 소스들이 온다 그래서 재밋다 맛잇다 그래서 강추 한다."
ba_13311793,2025-04,ba_2025040901102950,5.0,-0.4,high_rating_negative_text,오늘은 좀 오버쿡된듯합니다 평소보다 고기가 마르고 딱딱했어요
ba_13311793,2025-04,ba_2025041103098191,5.0,-0.2,high_rating_negative_text,굽네마늘 처음 먹어보는데 진짜 치킨이랑 같이 먹으면 술술 들어갑니다👍🏻
ba_13313413,2025-02,ba_2025020902781961,5.0,-0.6,high_rating_negative_text,실망시키지 않는 고추 바사삭👍
ba_13313413,2025-02,ba_2025022502501013,5.0,-0.2,high_rating_negative_text,진짜 이걸 어케 끊어;;
ba_13313909,2025-02,ba_2025022503005853,1.0,0.4,low_rating_positive_text,"사장님 감자튀김이 5000원이네요
어지간하면 리뷰 잘 안 쓰는데
금가루가 묻어 있어서
일단 아껴먹고 있습니다
치킨은 맛있는데 아쉬워요 ㅎㅎ"
ba_13313909,2025-04,ba_2025041903018492,5.0,-0.2,high_rating_negative_text,배달도 빨랏고 오자마자 한입 뜯엇는데 진짜 황ㅎ홀하네요
ba_13379446,2025-03,ba_2025030702728371,2.0,1.0,low_rating_positive_text,"웨지감자 맛있게먹다가 이물감이 뱉었더니 비닐이 나왔어요.....
종종 시켜먹다가 처음나왔지만 기분이 썩 좋지는 않네요"
ba_13379446,2025-03,ba_2025031202920276,5.0,-0.2,high_rating_negative_text,진짜 제가 호평동에 살지만 굽네는 평내만 시킵니다👍
ba_13412065,2025-02,ba_2025021101833016,5.0,-0.4,high_rating_negative_text,"배달 기사님이 늦게 배차 되어서 아쉬웠지만... 그게 가게 탓은 아니니까용... 
그래도 치킨 양, 맛, 서비스 보고 다시 기분 좋아졌습니다...ㅎㅎㅎ
다음에도 또 시킬게용"
ba_13412065,2025-02,ba_2025021101833016,5.0,-0.4,high_rating_negative_text,"배달 기사님이 늦게 배차 되어서 아쉬웠지만... 그게 가게 탓은 아니니까용... 
그래도 치킨 양, 맛, 서비스 보고 다시 기분 좋아졌습니다...ㅎㅎㅎ
다음에도 또 시킬게용"
ba_13412065,2025-02,ba_2025021902729214,5.0,-0.6,high_rating_negative_text,34~44분 걸린다고 뜨길래 주문했는데 1시간반만에 도착.. 배차가 늦게된건지 치킨은 싸늘하게 식어있고 에어프라이기에 굳이 또 뎁혀먹는 수고를 해야됐음......ㅋㅋ 배민은 배차가 제대로 안되는 상황이면 배달 예상 시간을 늘려놓지 왜 최대 44분이라고 띄워놔서 사람 속이는지..... 리뷰이벤트만 아니면 별점 1개주고싶네요
ba_13412065,2025-02,ba_2025022602588454,4.0,-0.2,high_rating_negative_text,가격에 비해 양이 아쉬운 느낌
ba_13412065,2025-02,ba_2025022800289404,5.0,-0.2,high_rating_negative_text,미쳤습니다 서비스 대박적입니다
ba_13412065,2025-04,ba_2025041702706287,1.0,0.4,low_rating_positive_text,햇반을 주문했음에도 오뚜기(작은밥)이 왔네요. 2100원 주고 즉석밥 구매한 제 미스지만 사이즈 고지되어있으면 좋았을텐데요 아쉽네요
ba_13459937,2025-03,ba_2025030202689801,2.0,0.2,low_rating_positive_text,보통 겉에 바삭하게 튀기듯 구워오던데 여기꺼 지금 다 흐물흐물하고 허연 껍대기예요 이런볼케이노 처음이예요
ba_13475914,2025-03,ba_2025032601544018,1.0,0.2,low_rating_positive_text,낙지김치죽에 쓴맛이 나고 국에 밥말은 듯이 밥이 안 십혀서 한개는 가져 가서 직접 드셔 보라고 했드니 가져와 보세요 하고 끊어버림..나참 어이없음
ba_13504506,2025-02,ba_2025022602804750,5.0,-0.2,high_rating_negative_text,자극적이긴 하지만 이래야 숙취 중에도 입에 들어가니까ㅎㅎ
ba_13539608,2025-03,ba_2025032702617342,5.0,-0.2,high_rating_negative_text,"사장님의 잘못은 아니라 별점 다 드렸습니다
한집배달로 1시간 반만에 받았는데 아무런 문자나 연락도 없이 도착했습니다
음식은 다 식어버렸고..
다시 전자렌지에 데우니 그맛이 아니네요
앞으로 배민배달로 시킬 일은 없을거 같아요
사장님 이런글 올려 죄송해요"
ba_13539608,2025-03,ba_2025032702617342,5.0,-0.2,high_rating_negative_text,"사장님의 잘못은 아니라 별점 다 드렸습니다
한집배달로 1시간 반만에 받았는데 아무런 문자나 연락도 없이 도착했습니다
음식은 다 식어버렸고..
다시 전자렌지에 데우니 그맛이 아니네요
앞으로 배민배달로 시킬 일은 없을거 같아요
사장님 이런글 올려 죄송해요"
ba_13539608,2025-03,ba_2025033102263160,5.0,-0.2,high_rating_negative_text,굽네치킨 진짜 못참겠네요.
ba_13539979,2025-04,ba_2025040402233786,1.0,0.2,low_rating_positive_text,아니 따뜻할때먹어야하는음식을 음식도착했다고 문자 안받아본건처음이네요?
ba_13584348,2025-03,ba_2025031500002917,2.0,0.6,low_rating_positive_text,맛은 있어요. 썩 만족스럽진 않네요.
ba_13596730,2025-03,ba_2025030102728635,2.0,0.2,low_rating_positive_text,왜 따뜻한데 눅눅합니까 하
ba_13596730,2025-03,ba_2025031502253047,5.0,-0.2,high_rating_negative_text,양도적당하고 먹기에도 편했어요~^^
ba_13639608,2025-03,ba_2025031902462187,1.0,0.2,low_rating_positive_text,치킨이 바삭함이 생명인데 눅눅 그 자체입니다
ba_13639608,2025-01,ba_2025020100092935,5.0,-0.4,high_rating_negative_text,리뷰가 잘못 왔네요 ㅜ
ba_13651212,2025-02,ba_2025020202805803,5.0,-0.2,high_rating_negative_text,와 뭐야 이거 엄청 마힛어요 ㅇ워와우와 진짜........ 우와...
ba_13730162,2025-03,ba_2025030802063839,5.0,-0.2,high_rating_negative_text,금액이 올랏네요..  아쉽습니다
ba_13752011,2025-02,ba_2025021802829056,1.0,0.2,low_rating_positive_text,마그마소스시켯는데 마블링소스가 왓네요.  닭도 굽네 특유의 맛도 잘안나네요
ba_13918069,2025-03,ba_2025032402551008,5.0,-0.2,high_rating_negative_text,다 마싯는데 10분도 안되는 거리를 배달비 4천원 ㅎㅎ 좀 아쉽네여
ba_14049107,2025-03,ba_2025031500006035,1.0,1.0,low_rating_positive_text,"딸이 친구집에서 먹고와서 너무 맛있었다고 해서 시켰는데 바사삭이라는 말이 무색할정도로 허연색에 그냥 물컹물컹~
메뉴추천한 딸이 미안해해서 그냥 참고 먹다보니
핏기도 있고😱
이렇게 해서 돈버시나요?
전화하니까 퇴근하셨네요.
퇴근하시느라 대충하셨나요?
오랜만에 치킨먹고 싶어서 기대하면서 치킨기다렸는데 ㅠ 
다시는 굽네 치킨 시키지 않을것같네요‼️
먹다가 버렸습니다.😠"
ba_14049107,2025-04,ba_2025041002449212,5.0,-0.2,high_rating_negative_text,기름기  좀 더 빼주세용
ba_14092187,2025-02,ba_2025021203132195,5.0,-0.4,high_rating_negative_text,고추바사삭 오리지널 번걸아가면서 종종시켜먹는데 언제나 실망시키지 않는 맛입니다.  그런데 이번에 치킨무 추가했는데 추가없이 하나만왔습니다 ㅜ 다음주문시 추가부탁드립니다
ba_14092187,2025-03,ba_2025031002997691,4.0,-0.4,high_rating_negative_text,다른집으로 배송가서 다 식었어요
ba_14092187,2025-03,ba_2025032501977989,5.0,-0.2,high_rating_negative_text,"바질피자 맛잇어요
주문누락분 있었는데 바로 가져다주시고 콜라서비스도 주시고 감사합니다"
ba_14228061,2025-02,ba_2025022102699067,1.0,0.4,low_rating_positive_text,오랜만에 시켜먹었는데 탄맛이 너무 나서 먹기 힘들었고 감자 껍질 같은게 웡봉에 다 달라 붙어 있고 윤기가 하나도 없어요 제가 웬만하면 1점 안 드리는데 맛에 조치가 필요한 수준이네요
ba_14228061,2025-02,ba_2025020903123858,5.0,-0.2,high_rating_negative_text,살짝 늦게오긴했는데 아마 기사님이 잘 안잡히셨나봐요. 그래도 잘 먹었습니다:)
ba_14228061,2025-04,ba_2025040601347028,1.0,0.6,low_rating_positive_text,"첫 인상은 좋았는데 안 익혀진 부위가 조금식 있어요. 
지금 들고 잇는 사진도 그런 부위중 하나이구요. 닭을 요리하기 전에 부위의 느낌과 매우 흡사하게 느껴져요. 혹시 보신다면 답장 부탁드립니다.
(새벽이라 피곤하셔서 그런것이겠죠??)"
ba_14229365,2025-04,ba_2025042503130193,5.0,-0.2,high_rating_negative_text,굽네는 최앤데 특히 중곡1동점은 진심 찐이에요. 배달도 어찌가 빠른지 따듯하게 배달해주셔서 호호 불어가면서 치킨 먹방 했어요~ 굽네닭발도 매번 같이 시키는데 단한번도 실패한적이 없어요!!!
ba_14238012,2025-04,ba_2025040702668915,5.0,-0.4,high_rating_negative_text,"사장님, 메뉴가 잘못 왔어요
삼계전복죽 주문했는데
삼계죽이 왔어요..ㅠㅠ
저번에는 김 안주셨는뎅ㅠㅠ"
ba_14248059,2025-01,ba_2025012601035774,5.0,-0.2,high_rating_negative_text,맛있습니다  근데 먹을 때 닭에서 종이냄새(포장 용기냄새)가 나는 거 같아요^^;  확인 함 해보셔요
ba_14248059,2025-02,ba_2025020802756877,1.0,1.0,low_rating_positive_text,"별점 도 주기 싫네요. 지금 까지 10년 이상 굽네 치킨을 먹었지만 정말 이렇게 맛없는 굽네 치킨은 먹어 본적이 없습니다. 

조리 시간과 배달이 1시간이상  늦어 가게에 전화 하였더니 조리 중이며 주문이 밀려 늦었지고 있다고 

하지만 막상 음식이 도착 한걸보니 갓 나온음식 아닌 것처럼 
 
음식이 식어 있었으며 

맛이 상한것 처럼  맛이 이상했고  

전에 먹어 왔던 맛이 전혀 아니다...

다들 한결 같이 맛이 이상하다"
ba_14249433,2025-02,ba_2025020201270017,5.0,-0.2,high_rating_negative_text,진짜 너무 마싯는 굽네..🧡🧡🧡
ba_14249433,2025-03,ba_2025030202946308,2.0,0.6,low_rating_positive_text,전에도 피자 시켰을 때 피자가 좀 식어서 전자레인지 돌려 먹었는데 이번에 걍 치즈가 늘어나지도 않아서처음부터 바로 전자레인지 돌려서 먹었어요 치킨은 맛있는데 피자는 역시 피자는 피자 전문으로 하는 곳 시켜 먹는게 맞는 거 같아요
ba_14249433,2025-03,ba_2025030302605292,5.0,-0.2,high_rating_negative_text,진짜 완벽한 고추바사삭입니다ㅠㅠㅠ
ba_14250328,2025-02,ba_2025020901619766,5.0,-0.8,high_rating_negative_text,시카고 피자라기에는 치즈도 적어서 별로 였어요 고기도 누린내 나는 있고 해서 아쉬웠습니다ㅜㅜ
ba_14250328,2025-04,ba_2025041402580198,1.0,1.0,low_rating_positive_text,"제가 웬만해서는 별로여도 리뷰 안 쓰는데 
여기 너무 맛이 없어요;; 고추바사삭 좋아하는 메뉴인데 왤케 맛이 없나요 ㅋㅋㅋㅋ
요청사항에 맛있게 해달라고도 쓰고 바삭하게 먹고싶어서 한집배달로 주문했는데 
치킨은 바삭함 하나 없이 눅눅하고 
치킨이랑 같이 온 떡은 그냥 생떡이 왔고 (진짜 심각함. 그 차가운 생떡.) 치즈볼도 맛없고,,
점주님 장사를 이렇게 하시면 안 되죠
다 환불해달라고 하려다가 말았네요
여러분 여기서 시켜드시지"
ba_14251741,2025-03,ba_2025030800931685,5.0,-0.4,high_rating_negative_text,딱딱하지 않게 잘 조리되어 정말 마싯엇어용
ba_14254080,2025-03,ba_2025030202932068,5.0,-0.2,high_rating_negative_text,다 식어서와서 넘 아쉬웟어용 ㅠ
ba_14256619,2025-01,ba_2025012600806457,5.0,-0.2,high_rating_negative_text,능이삼계죽은 진짜 대박입니다.
ba_14259741,2025-02,ba_2025020702065878,2.0,0.2,low_rating_positive_text,"죽은 맛있는데….인사도 없으시고…;;
아파서 죽 주문한건데….기분이 별로…..😭
저만 큰소리로 인사하고 포장해 왔네요~~ㅎㅎ"
ba_14260091,2025-02,ba_2025022202964139,1.0,0.8,low_rating_positive_text,"문의전화했는데 친절하진 않은듯해요. 맛있으면 되지 했는데 .. 여기선 안시켜요 이제. 치킨이 말라서 너무딱딱해서 입맛버렸어요. 반마리는 다행히 촉촉하네요ㅋ
많이 시켰는데 한마리는 버리게 생겼어요"
ba_14260091,2025-03,ba_2025030402858152,1.0,0.2,low_rating_positive_text,사진하고달라요ㅠ토핑이 말라비틀어지고 닥닥해서 굳어서 입청장다까젓어요 ᆢ이런 피자 첨 맛봅니다
ba_14260091,2025-03,ba_2025033001652939,1.0,0.2,low_rating_positive_text,포장의 문제인가요 배달의 문제인가요? 기분 상당히 안좋네요
ba_14267053,2025-03,ba_2025032602022101,5.0,-0.2,high_rating_negative_text,"순살 여기저기 시켜 먹었는데 이집이 진짜 미쳤음 겉바속촉 그말이 뭔지 알꺼임..
꼭 다시 시켜먹을듯 강추 강추 !"
ba_14267053,2025-03,ba_2025033002374590,5.0,-0.2,high_rating_negative_text,"저 진짜 치킨 안시켜 먹는 사람인데..
1주일 동안 이거 5마리는 먹은거 같아요..
어제 고추 바사삭, 볼케이노 두마리 시키고 고추 바사삭 또시킴..
같이 먹은 사람들도 미쳤대요..
지금 또 시킬예정.."
ba_14267751,2025-03,ba_2025031102669213,5.0,-0.2,high_rating_negative_text,고추바사삭에 순살은 진리입니다….진짜 손꼽히는 제 최애 치킨 중 하나ㅜㅜ 한 번 먹으면 못 끊어요💘
ba_14267751,2025-03,ba_2025032302317743,4.0,-0.2,high_rating_negative_text,피자위 토핑 고기가 너무 타서 완전 검은색이네요ㅠ
ba_14274675,2025-02,ba_2025022102345148,4.0,-0.4,high_rating_negative_text,"음식이  다른  곳으로  배달이 되서.  늦게  받았어요. 기사분이 주소를 한번 더  확인하면  좋은데....기사분이랑  통화하면서.  그분이 몇 번씩 저한테 ""  아이. 씨"" 하는  부분은  불쾌했습니다. 무의식적으로  나온말  같은데. 듣는  사람은 기분이    아닙니다. 조금만  조심해 주시면  감사하겠습니다."
ba_14274675,2025-04,ba_2025040201606563,5.0,-0.2,high_rating_negative_text,"진챠 마시써요 ...❤️
토요일인가 오픈 안하셔서 다른곳 먹었는데
다 먹지도 못하고 남겼어요 ㅠㅠㅠㅠ진짜 요기가 젤 마시씀 !!!"
ba_14279612,2025-04,ba_2025041302551958,5.0,-0.4,high_rating_negative_text,"어디서 잘못된건지 모르겠지만 배달받아보니 이런상태였어요ㅠ
닦는다고 식겁했다는요;; 좀 더 신경써주세요~~"
ba_14294026,2025-01,ba_2025012902923855,1.0,1.0,low_rating_positive_text,음식 배달이 잘못왔는데도 불구하고 바쁘다고 바로전화드리겠다 끊고 다시걸어보니 또 2분만 기다려달라 하시고 결국 또 전화 안와서 걸어보니 알바생끼리 서로 책임 미루다가 총20분간 기다려서 치킨도 다식고 맛도 없어졌어요 처음부터 죄송하다고 양해를 구하시던지 해결책을 알려주셨으면 그래도 따뜻한 치킨은 먹을슈있지않았을까싶습니다 기분좋게 시켜 맛있게 먹고싶었는데 딱딱해진치킨을 먹으니 맛있게ㅜ느껴지진않네용 번창하세요ㅎㅎ
ba_14294026,2025-02,ba_2025020402533125,4.0,-0.2,high_rating_negative_text,예상시간보다 30분 더 걸려서 왔어요ㅠ 이미 따뜻한 치킨은 기대하지 않았지만 다 식어서 딱딱하더라고요..에프에 돌려 먹었네요
ba_14294026,2025-03,ba_2025030702450079,5.0,-0.2,high_rating_negative_text,음식은 맛잇으나 배달 기사가 배달을 이따위로햇네요... 사장님 잘못은 아니니 5점 드려요..
ba_14296954,2025-03,ba_2025031302706392,5.0,-0.2,high_rating_negative_text,처음 먹어본 치킨인데 진짜 쎅시푸드네요
ba_14309634,2025-02,ba_2025022702358594,5.0,-0.2,high_rating_negative_text,기름쫙빠지고 부드러운 살코기 엄지척👍
ba_14309634,2025-03,ba_2025030800972291,5.0,-0.2,high_rating_negative_text,새벽에 기름기 쫙 뺀 부드러운 굽네치킨은 엄지척임돵👍
ba_14327700,2025-03,ba_2025030201578920,5.0,-0.2,high_rating_negative_text,적당히 갈려있어서 넘기기가 편했어요~!!
ba_14327700,2025-03,ba_2025030302641756,5.0,-0.2,high_rating_negative_text,"중독적이에요
안먹으면 자꾸 생각나요"
ba_14327700,2025-03,ba_2025032502649143,4.0,-0.4,high_rating_negative_text,비빔밥에 당근이 덜 익어서 너무 딱딱했어요 ㅜㅜㅜ
ba_14332090,2025-02,ba_2025022303269057,5.0,-0.4,high_rating_negative_text,"배달의 민족어플에 배달시작 후 30분 넘어서 도착했어요ㅠ
음식은 다 식었고ㅜ
비닐안은 습기로 눅눅했어요.
치킨 상자도 젖어있었구요.
식은치킨으로 배달 받는건 난생처음 입니다ㅜ"
ba_14332090,2025-01,ba_2025012902872260,5.0,-0.4,high_rating_negative_text,누락된 것도 바로 보내주시고 넘 맛나용 🤤🤎
ba_14332090,2025-03,ba_2025030303092424,5.0,-0.2,high_rating_negative_text,"치밥 먹고싶어서 시킨 치킨입니당
역시 달달하고 짭조름하고 미쳤어요 ㅠㅠ
갈비천왕은 진짜 치밥,,"
ba_14332090,2025-03,ba_2025030802553778,4.0,-0.2,high_rating_negative_text,배달이 늦어서 고추바사삭이 고추눅눅이 되어버렸어요 ㅠㅠ 에어프라이어에 다시 데워먹었습니다…
ba_14356032,2025-02,ba_2025022801614821,4.0,-0.2,high_rating_negative_text,기사분 너무 불친절해요.
ba_14388856,2025-02,ba_2025021402608520,5.0,-0.2,high_rating_negative_text,굽네는 역시네요. 기름끼가 쭉 빠져있어요.
ba_14397420,2025-02,ba_2025020402595256,5.0,-0.6,high_rating_negative_text,"배민1으로 시켰는데도 다른 주소로 배달되는 바람에 1시간을 훨씬 넘어 받았고 기다리느라 짜증나기도 했지만
사장님 잘못은 아니라 별점테러는 하지 않겠습니다."
ba_14437626,2025-02,ba_2025021302968381,5.0,-0.2,high_rating_negative_text,"미쳤다
읍내점 고바순은 다른 고바순이랑 차원이 다르다
껍질이빠삭빠삭미쳤음진짜로 사장님 사랑해요"
ba_14437626,2025-02,ba_2025022102927599,5.0,-0.2,high_rating_negative_text,"고추바사삭은 항상 실망시키지 않아요
리뷰이벤트로 주신 웨지감자 잘 먹겠습니다
번창하세요"
ba_14437626,2025-02,ba_2025022102505671,5.0,-0.2,high_rating_negative_text,진짜 엄청 오랜만에 시켜먹었는데 정신없이 푸파 땔렸어요 진짜 맛난저녁 제대로 먹었네용~~
ba_14437626,2025-04,ba_2025042003058980,5.0,-0.6,high_rating_negative_text,"소떡소떡은 별로였어요 ㅜ 냉동을 바로  구우신건지 딱딱해요 ㅜ ㅜ 떡볶이 국물이.. ㅋㅋ없는게 아숩네요 
국물 있을줄 알고 떡볶이 말씀드렸는데 ㅜ 
담엔 국물 좀 주세용 
닭다리 몇개가 올까 했는데  양 진짜 딱 됐어요! 
닭다리도 커서 만족이였어요"
ba_14440680,2025-02,ba_2025020600271493,1.0,0.2,low_rating_positive_text,다 식고 겉에도 다 말라서 맛 없어요
ba_14440680,2025-04,ba_2025041602096027,1.0,0.4,low_rating_positive_text,"진짜 맛있었는데요,,
저랑 남자친구 둘 다 먹고 배탈이 엄청 심하게 나서
저녁에 먹고 새벽까지 화장실가고
아침에 일어나서 가고 ,, 지금 오후 4시인데도 화장실 갑니다,, 약을 먹어도 가요,, 뭐가 문제인거죠 ㅠㅠ"
ba_14449139,2025-02,ba_2025022802850321,5.0,-0.2,high_rating_negative_text,"역시 고바!
바삭하고 맛나요
실망시키지 않네요 🫢"
ba_14449139,2025-03,ba_2025030303202280,5.0,-0.2,high_rating_negative_text,고추바사삭은 주기적으러 먹어줘야해요!
ba_14449139,2025-03,ba_2025031002988078,5.0,-0.2,high_rating_negative_text,"고추바사삭 남푠하구 제가 엄청 조아하는 치킨이여요
소맥하구 머거서 감튀도 하나 시켰었는데 
진짜진짜 맛나서 이제는 두개시켜요😁
각 1감튀 합니당😆
쿠폰도 20개가 넘는데 ㅠㅠ 
써야되긴하는데..ㅠㅠ 
남편도 글코 저도글코 쿠폰쓴다쓴다하면서 
잘안되네용 ㅠㅠ둘다 그런거 잘 하지를 못해가지구..
암텅간 잘 머거씁니당"
ba_14456826,2025-02,ba_2025022101655758,5.0,-0.2,high_rating_negative_text,"맛은 있는데...계란죽에 계란껍질이 너무 많아요. 세번까지는 입에걸려서
어쩔수없지 하고먹다가 네번째에 이에 딱딱학
하게 ㅅ십혀서 화가나요. 제대로 ㅅ십혀서 이가 아파요.
계란이 4개가들어가는게 아닐텐데.....4개라니  20대인 저도 계란ㅅ십고 이 아파했는데 어르신들은 큰일날듯요."
ba_14456827,2025-03,ba_2025030102072611,5.0,-0.2,high_rating_negative_text,목이 너무 아파서 동치미 한사발 먹으면 괜찮을 것 같아 주문했어요. 주문한 통단팥죽 재고 부족했다고 서비스 같이 보내주셨던데 감사합니다.
ba_14457403,2025-03,ba_2025031602484577,5.0,-0.2,high_rating_negative_text,"비가와서 그런지 좀 늦게왔네요
잘 먹었습니다~"
ba_14457403,2025-04,ba_2025040202526276,5.0,-0.2,high_rating_negative_text,"늘먹던 비빔밥이랑 호박죽 주문했구요  늦은시간엔 식사를 못해서 빠른배송 부탁드렸는데 진짜 빨리보내주셨어요^^
다 따끈따끈하더라구요
늘 요청사항 들어주셔서 감사합니다
번창하세요"
ba_14464913,2025-02,ba_2025022402438435,5.0,-0.4,high_rating_negative_text,진짜진짜진짜 킹왕짱 마싯서요.. 그냥 대존맛
ba_14470771,2025-03,ba_2025032702657639,5.0,-0.2,high_rating_negative_text,"리뷰 진짜 안쓰는데 장조림을 1개 더 주시다니
조금 감동했습니다 :)
많이 파시고 부자되시고 항상 건강하시고 하는일 모두 잘 되시고 이상한 손님 만나지 마시고 모두에게 사랑받는 인생이 되시길 바랍니다"
ba_14525069,2025-01,ba_2025012902477711,1.0,0.2,low_rating_positive_text,탄맛 때문에 도저히 못먹겠습니다
ba_14525069,2025-03,ba_2025030302519863,4.0,-0.2,high_rating_negative_text,윙봉 양이 너무 적어졌어요 윙봉 한 15개?정도 와서 이게 23000원이 넘는게 말이 안됩니다
ba_14525359,2025-04,ba_2025040203066702,1.0,1.0,low_rating_positive_text,"살면서 낙지김치죽 최소 50번은 먹었는데 이런 속 매운 강한 맛은 처음이네요. 맛있게 매운게 아니라 심각하게 속이 아파서 배탈나서 설사할 정도였어요.
이 날 이거 하나 먹었고 다음날까지 속 뒤짖어져서 힘들었습니다..
빨리 와서 좋았지만 다른 집 낙지김치죽 한번 드셔보셔야할 것 같아요.."
ba_14533127,2025-04,ba_2025041502127782,4.0,-0.2,high_rating_negative_text,"이벤트신청한 육회가 읍네요.
아쉽습니다"
ba_14533127,2025-04,ba_2025042201984813,4.0,-0.6,high_rating_negative_text,"배달이 잘못 되어서... 음식이 식었어요ㅠㅠ 
하지만 본죽은 전국 여기저기 지점에서 주문하기에 맛은 항상 보장되는것 같아요"
ba_14533127,2025-04,ba_2025042201984813,4.0,-0.6,high_rating_negative_text,"배달이 잘못 되어서... 음식이 식었어요ㅠㅠ 
하지만 본죽은 전국 여기저기 지점에서 주문하기에 맛은 항상 보장되는것 같아요"
ba_14541579,2025-02,ba_2025022402592474,5.0,-0.2,high_rating_negative_text,"치킨이 항상 잘 구워 옵니다
너무 바싹 타지도 않고!!! 
최!고! 입니다~~"
ba_14548743,2025-02,ba_2025022200733729,5.0,-0.2,high_rating_negative_text,냠냠 😋 스파게티 소스 좀 아쉽..
ba_14548743,2025-03,ba_2025030402888505,1.0,0.2,low_rating_positive_text,"배달은 짜증에 신경질 엄청 내고. 
포장은 다 눌려서 찌그러져있고. 
닭은 말라비틀어졌고. 
떡볶이는 떡이 다 붙고 불어서 국물이 떡이됐고. 

주문 안받으려다 받았으면 제대로 음식을 해서 보내셔야지요. 이럴거면 받지를 마시던가요.

본인이 정성껏 준비했다고 아무리 말을 해봤자 손님이 받아서 음식을 먹을때 그게 아니면 별점이던 칭찬이던 당연히. 바라면 안되겠죠? 
본인 입장이나 감정 생각하기 전에 손님 감정이나 입장을 먼저 고"
ba_14557869,2025-02,ba_2025020603121052,4.0,-0.4,high_rating_negative_text,"치킨 뭐먹지 하면, 믿고 시키는 고추바사삭인데.. 참.. 이걸 뭐랄까..
따끈한 치킨을 물어먹으면 육즙이 주르륵 흘러나오는 그 맛을 생각하고 먹었는데, 너무 아쉽네요.
붕어빵은 처음시키기에 원레 무슨맛인지 몰라 더 얘기하지 않는데..

정말 너무 아쉽습니다. 배민쪽 배달지연이라니 사장님께 따질수도 없고.. 그냥 너무 아쉽습니다..
매일 저녁 배달음식과 함께 영화보는게 낙인데..
하.. 너무 아쉽네요.."
ba_14557869,2025-02,ba_2025021500093983,4.0,-0.4,high_rating_negative_text,포장이…. 잘못된걸까요
ba_14557869,2025-02,ba_2025021500093983,4.0,-0.4,high_rating_negative_text,포장이…. 잘못된걸까요
ba_14557869,2025-02,ba_2025021902547595,5.0,-0.2,high_rating_negative_text,"리뷰이벤트 참여해서 별점은 5개드리는데
배달 한시간 걸렸네요..  한집배달로 시켰는데도요ㅠㅠ 다식어서 와서 아쉬워요"
ba_14557869,2025-02,ba_2025021902547595,5.0,-0.2,high_rating_negative_text,"리뷰이벤트 참여해서 별점은 5개드리는데
배달 한시간 걸렸네요..  한집배달로 시켰는데도요ㅠㅠ 다식어서 와서 아쉬워요"
ba_14557869,2025-03,ba_2025031902110116,5.0,-0.2,high_rating_negative_text,"역시 굽네는 고추바사삭 !
진짜 껍질부터 완전 짱 .."
ba_14563145,2025-02,ba_2025021500004357,4.0,-0.8,high_rating_negative_text,"배달 문제가 있었는데 대응이 너무 아쉽네요
배달 완료가 떠서 나갔는데 없어서 연락을 드렸는데 "" 가지고 갔는데 안왔어요? 아 요즘 배달 완료가 먼저 뜨는 경우가 많던데 그건 우리가 누르는 게 아니라서 조금만 기다려 주세요""
라고 하셨는데 하염없이 기다릴 수도 없으니까요.
그리곤 다시 전화하셔서 주소 어디냐고 빌라 이름을 안 써서 배달이 안 갔다고 하셨는데
뭔가 계속 저희 잘못으로 이야기 하시는 것 같아서 기분이 좀 별로네요. "
ba_14573167,2025-01,ba_2025012601353039,2.0,0.6,low_rating_positive_text,급하게 이유식이 필요해서 일부러 유아죽을 주문했는데 일반 전복죽이 왔네요.. 애가 왜이렇게 잘먹지 싶어서 먹어봤더니 짭잘하더라구요.. 당연히 제대로 왔을 줄 알았는데; 앞으로는 보내시기전에 확인을 잘 해주셨으면 좋겠습니다.
ba_14581239,2025-02,ba_2025022802319181,5.0,-0.2,high_rating_negative_text,부분부분 안 익어서 왔어요 너무 배고파서 그냥 멀쩡한것만 먹긴 했는데.. 다음엔 제대로 구워주세요ㅠㅠ 좀 아쉬워요
ba_14582073,2025-02,ba_2025022802810662,5.0,-0.2,high_rating_negative_text,늦은밤엔 굽네죠~^^
ba_14591780,2025-01,ba_2025013101952708,5.0,-0.2,high_rating_negative_text,"와 콰트로모짜치즈볼 가루 엄청 많고 마싯써요 
고추바사삭도 짱!"
ba_14593720,2025-02,ba_2025021601494199,5.0,-0.8,high_rating_negative_text,"남해마늘바사삭 콤보로 시켰는데 퍽퍽살이 들어있네요.. 영수증에도 콤보로(윙/봉/다리?) 이렇게 적혀있었는데.. 목 뼈도 있고 하니깐 못 먹은 부분이 많았어요

일단 콤보값은 환불 부탁드려요"
ba_14594474,2025-04,ba_2025041801734753,1.0,0.4,low_rating_positive_text,"본죽에서는 항상 낙지김치죽만 먹어 여기에서도 낙지김치죽을 시켰는데  너무나도 매워 속이 안좋아 먹었다가 속이 더 안좋네요,."
ba_14597164,2025-02,ba_2025021600515476,1.0,1.0,low_rating_positive_text,"다신 안먹으면 되지 하고 정말 그냥 넘어가려다가 남자친구랑 맛있게 먹으려고 여러치킨집 중 고심끝에 이거 맛있다고 제가 추천해서 시켰는데 이런 치킨이 오니 기분이 너무 안좋아서 리뷰 남깁니다. 하나 먹었는데 안익어서 두번째도 그럴까 하고 먹었는데 다리 5개 다 안익었어요
정말 입맛 떨어져서 못먹었습니다. 이런일이 반복되지 않게
신경 많이 쓰셔야 될 것 같아요"
ba_14597164,2025-01,ba_2025012800002733,2.0,0.4,low_rating_positive_text,배달이 지연됐다 하더라도 너무너무너무 식어있고 치킨 자체도 말라있어요 먹다남른거 같은 조각도 있고 너무 만족스럽지 못하네요
ba_14615149,2025-02,ba_2025020503065253,1.0,0.2,low_rating_positive_text,맛도 그냥그저그렇고 양이원래 이정도인가요 음식이 미지근해져서왓습니다 전자레인지에 돌려서 먹엇습니다;
ba_14620216,2025-02,ba_2025021000648062,2.0,0.2,low_rating_positive_text,맛은 이상없은데 거의 한시간동안 뭐했나요?
ba_14620216,2025-03,ba_2025031301157017,5.0,-0.4,high_rating_negative_text,"다이어트중 진짜 진짜 배고픔을 이기지 못하고..
한밤중이 찾은 구운치킨! 역시 굽네!"
ba_14620216,2025-03,ba_2025040102753101,4.0,-0.4,high_rating_negative_text,좀 식었다..
ba_14620216,2025-02,ba_2025020901570811,5.0,-0.2,high_rating_negative_text,진짜 진리의 볼케아노
ba_14620216,2025-04,ba_2025040800807596,5.0,-1.0,high_rating_negative_text,"고민고민하다! 밤늦게 주문한 굽네치킨은 역시 실망시키지 않았습니다. 사장님 치즈볼도 감사합니다 
굽네 오리지널 순살은 진리 입니다"
ba_14640352,2025-03,ba_2025030602894330,5.0,-0.4,high_rating_negative_text,양도 많고 요즘 본죽에 빠졌어요 메뉴가 다양해서 조아요
ba_14648765,2025-04,ba_2025042302564495,5.0,-0.4,high_rating_negative_text,치킨과 피자가 너무 구워져서 치킨과 피자 가장자리 도우가 딱딱해욧
ba_14652929,2025-02,ba_2025020602878373,1.0,0.2,low_rating_positive_text,"바삭하지않아요
더구워야할것 같아요"
ba_14652929,2025-02,ba_2025021102160446,5.0,-0.2,high_rating_negative_text,고바는 무적권 순살입니다
ba_14652929,2025-03,ba_2025030203141108,1.0,0.2,low_rating_positive_text,비 다 맞아와가지고 치킨도 겁나 눅눅했음…. 아무리 그래도 치킨집인데 껍때기가 눅눅란게 말이 되나여? 피자도 맛없고 다시는 안사먹습니다
ba_14652929,2025-03,ba_2025030203141108,1.0,0.2,low_rating_positive_text,비 다 맞아와가지고 치킨도 겁나 눅눅했음…. 아무리 그래도 치킨집인데 껍때기가 눅눅란게 말이 되나여? 피자도 맛없고 다시는 안사먹습니다
ba_14652929,2025-03,ba_2025030401920293,5.0,-0.2,high_rating_negative_text,진짜 제 인생치킨임돠ㅠㅠ
ba_14652929,2025-03,ba_2025030501720708,5.0,-0.4,high_rating_negative_text,"고바는 진리네요
치즈볼 민짜 시켜서 치트킹 찍어먹으면 진짜 꿀조합일듯합니다
또 시켜먹을게요~!"
ba_14652929,2025-03,ba_2025031502931981,5.0,-0.2,high_rating_negative_text,"고추바사삭 냄새부터 아주 나이스~입니다
감사합니다!"
ba_14654080,2025-03,ba_2025030102577219,5.0,-0.2,high_rating_negative_text,고추바사삭은 진짜 최강이다
ba_14658825,2025-02,ba_2025021102476834,5.0,-0.2,high_rating_negative_text,굽네 이지점이 ㄹㅈㄷ에요 진짜로
ba_14658825,2025-02,ba_2025021600337694,1.0,0.8,low_rating_positive_text,"치킨에 뭔 가루인지 조금씩 묻어서 이상한부분들
전혀 따듯하지않고 촉촉하지않음 퍽퍽
요청사항 리분이벤트 등 보지않고 장사하는듯
아무리 새벽에 시킨거라지만 맛있게 먹지도못하고 반이상 버림 짜증나네요"
ba_14663126,2025-03,ba_2025030902541181,5.0,-0.2,high_rating_negative_text,21분에 배달시작 .47분에 도착문자.한겨울에 배달시켜도 이렇게 음식이 식지는 않았는데 좀 아쉬웠어요.
ba_14663534,2025-03,ba_2025030102842635,1.0,0.4,low_rating_positive_text,"사장님 추천이어서 시켰는데
할말없음  우와  짱남"
ba_14665998,2025-03,ba_2025030702606540,5.0,-0.4,high_rating_negative_text,배달비가 너무 비싸다ㅠ
ba_14669107,2025-02,ba_2025020703007539,5.0,-0.2,high_rating_negative_text,"늦게와서 너무 화났었는데 볼케이노 맛이 타지점과 다르게 불향,맛 등이 너무 완벽해서 앞으로 여기만 시켜먹을듯 이정도 맛이면 기다릴만 했다 ㅎㅎ"
ba_14669107,2025-02,ba_2025030102479682,5.0,-0.2,high_rating_negative_text,"치킨 완전 부드럽!! 웨지감자 짱!!바게트볼 짱!
감자튀김은...짜고 타서 딱딱.... 두번다시 안먹...ㅠㅠㅠㅠ...
암튼 잘 먹었어용~^^!!!!!👍👍👍👍👍🙏🙏🙏🙏🙏🌸🌸🌸🌸🌸❤️❤️❤️❤️❤️❤️❤️❤️❤️"
ba_14669107,2025-03,ba_2025031200399961,5.0,-0.4,high_rating_negative_text,배달이 한시간이 넘게걸려 무지기다렸는데 식어서 눅눅했네요...😭😭😭 고추바사삭의 느낌은 별로 못느꼈어요~간단히 치맥하고 말았네요~
ba_14669107,2025-03,ba_2025031902498793,5.0,-0.4,high_rating_negative_text,"영업시간두
옴총늦게까지네여..
늦은시간~맛난치킨
감사여ㅎㅎ"
ba_14669107,2025-04,ba_2025042100265233,5.0,-0.6,high_rating_negative_text,"리뷰이벤트 참여해서 후기 쓰는데
다른지점 굽네보다 좀 많이 빠삭 튀기는 거 같아여 ㅜㅜ 바쁘셔서 그런지 모르겠는데... 닭다리는 그래도 살이있어서 괜찮은데 나머지 작은 조각들은 겉에 튀김이 너무 딱딱 ............. 고추바사삭의 그 맛도 잘 .. 안 나는거 같고 그냥 소스에 범벅해서 몇조각 먹고 말았네요.. ㅜ 안그래도 딱딱한데 다음날에는 더더욱 못 먹을거 같아서 그냥 폐기합니다 ㅜ 담엔 신경써주세요"
ba_14669109,2025-02,ba_2025021902454538,1.0,0.4,low_rating_positive_text,오래 구워진 느낌 육즙이 하나도 없고 부분부분 타고 껍질이 말라있었어요 바삭함이 아니구요 배달도 바로 온거 같은데 엄청 식어서 온거보니 미리 구워드시고 뎁혀 나온게 아닌가 싶네요 너무 퍽퍽했어요 전화도 드렸는데 제시간에 나갔다고 하시고 다음 주문때 서비스 얘기 하시는데 다음은 안시키고 싶네요 저번에는 맛있게 먹었는데 실망입니다
ba_14669109,2025-03,ba_2025031701012017,1.0,0.4,low_rating_positive_text,치킨.피자.떡볶이 세개 모두 이맛도저맛도아닌…
ba_14671483,2025-02,ba_2025021102435954,5.0,-0.2,high_rating_negative_text,물가상으로 인해 웨지감자양이 아쉽네요
ba_14671483,2025-04,ba_2025040202517743,4.0,-0.2,high_rating_negative_text,까르보나라 파스타에 베이컨이 없어요...
ba_14673434,2025-02,ba_2025020203248638,5.0,-1.0,high_rating_negative_text,어느지역을 가서 굽네 고추바사삭을 먹어도 포항 죽도점이 가장 맛있다고 생각했었습니다만. 오늘 기대가 컸는지 너무 실망스럽습니다. 배민 하면서 처음으로 사장님에게 글쓰기를 남깁니다. 원래 맛 없는곳이면 그냥 글도 안남기고 안시켜 먹으면 그만이지요 그런데 저는 이 굽네치킨점을 너무 좋아해서 남겨요. 오늘 무슨 이유에서인지 겉이 바사삭한게 예전만 하지 못 했습니다. 이건 그러려니 하겠는데 닭크기가 예전이랑 다르게 고르지 않았고 무엇
ba_14675393,2025-03,ba_2025032402551220,1.0,0.4,low_rating_positive_text,"오늘 음식상태 왜이렇죠..?
분명 맛있었는데..
파스타, 치킨 다 버렸습니다......"
ba_14679019,2025-03,ba_2025031802634266,5.0,-0.4,high_rating_negative_text,사진찍는 걸 까먹어서 뒤늦게 다먹기 직전에 찍었어요! ㅜㅜ 넘 맛납니당❤️
ba_14685750,2025-01,ba_2025013102585577,4.0,-0.8,high_rating_negative_text,늦게와서.배고픈데.짜증임
ba_14685750,2025-02,ba_2025020200082230,2.0,0.4,low_rating_positive_text,제가 원래 잡내같은거 나도 잘 먹는데... 이건 너무 심하네요.. 다 못먹고 이 상태로 버렸습니다..
ba_14685750,2025-02,ba_2025020703010180,5.0,-0.2,high_rating_negative_text,진짜 고추바사삭 넘 완벽해서 다른 메뉴 한번도 못먹어봣네요. 최곱니당
ba_14685750,2025-02,ba_2025022202490227,4.0,-0.2,high_rating_negative_text,여기선 처음 시켜 먹는데 뭔가 치킨이 메말라 있달까요.. 촉촉하지 않고 ㅠㅠ 아쉽네요
ba_14685750,2025-03,ba_2025030403059466,5.0,-0.8,high_rating_negative_text,"픽업은 일찍 했돈데 배달하시는 분이 40분을 가지고 다니시다 왔네요,, ㅜ 감튀 다 식었어요 ㅠ 치킨도 차갑구요,, 배달 하시는 분이 다른 배달도 있는건 알겠는데,, 40분은 너무 한거 같아요ㅜ 배민에 항의해야 할까요? ㅠㅠ"
ba_14685750,2025-03,ba_2025030403059466,5.0,-0.8,high_rating_negative_text,"픽업은 일찍 했돈데 배달하시는 분이 40분을 가지고 다니시다 왔네요,, ㅜ 감튀 다 식었어요 ㅠ 치킨도 차갑구요,, 배달 하시는 분이 다른 배달도 있는건 알겠는데,, 40분은 너무 한거 같아요ㅜ 배민에 항의해야 할까요? ㅠㅠ"
ba_14685750,2025-04,ba_2025041801904494,5.0,-0.2,high_rating_negative_text,진짜 내 최애 ㅜ
ba_14686856,2025-02,ba_2025020202614394,4.0,-0.2,high_rating_negative_text,신메뉴여서 주문했는데 배달착오가 있었을 줄이야ㅡㅡ;; 오래기다렸는데...전화받고 놀라셨겠지만 저도 황당했답니다^^ 기사님한테 전화해서 잘못 받아온거 아니냐며 ㅋ 얼큰한거 좋아하시는 분들은 괜찮은거 같아요.
ba_14686990,2025-03,ba_2025030801625886,5.0,-0.2,high_rating_negative_text,"포장용기 기본으로 시켯는데 두개로 나눠져서오고 국물은 새서 봉투에 묻어있고 요청사항 신경 안쓰시고 
원래 먹던곳에서 시켰어야 하는데 아쉽네요 포장용기는 대체 왜 두개로 나눠서 보내신건지;; 이유라도 적어져서 왔으면 이해 하겠는데요
-맛은 있네요 별점은 수정하도록 하지요"
ba_14686997,2025-03,ba_2025032000143626,5.0,-0.2,high_rating_negative_text,역시삼전점!!!! 반찬도마니주시거 진짜 짱이에요 짱짱 일부러 삼전점에러만시킴!!!! 삼전점 만만세!!!
ba_14686997,2025-04,ba_2025041001555594,5.0,-0.4,high_rating_negative_text,"새우죽은 약간 싱겁게로 했는데
100프로로 시킨 다른죽보다도 더 짰어요.
그냥 물타서 먹긴했는데 다른 사람들도 그리 얘기하니 제 입에만 그랬던건 아닌것 같아요."
ba_14687060,2025-04,ba_2025040202721667,5.0,-0.2,high_rating_negative_text,너무 고운죽이라서 아쉬웠지만 괜찮아요
ba_14687076,2025-04,ba_2025042001356741,1.0,1.0,low_rating_positive_text,맛있게 잘 먹었어요
ba_14687166,2025-02,ba_2025020802583739,2.0,0.2,low_rating_positive_text,"낙지비빔밥은 죽인지 밥인지 .....
차돌 비빔포케는 그냥 건강한 맛!
대체적으로 맛은 그냥....ㅠ"
ba_14687310,2025-04,ba_2025041701301145,5.0,-0.2,high_rating_negative_text,디자인은 별로라도 맛은 죽이네요... 이래서 오래된 프렌차이점은 무시를 못해요 ..다들 가격올라다고 그러시는데 그만큼 다른곳보다 양이 3배로 많으니깐 괜찮을거에요...힘내세요 ! 그리고 재료도 너무 싱싱해ㅜ  이건 팩트 췍~!! 그리고 아이나 노인들을 위해 늘 음식연구하시는거 같은데 그 노력 인정합니다(같은 프렌차이점이라고 다같은건 아니에요)
ba_14687322,2025-02,ba_2025021901732360,2.0,0.6,low_rating_positive_text,위가 안좋아서 염도 줄여달라고 요청사항 기재해드렸는데 죽이 너무 짜요 그리고 밥 양 줄여달라고 적었는데 밥도 너무 많네요 다른 지점에서 먹었을 때는 너무 맛있게 먹었는데 너무 아쉬워요 다음부터 요청사항 확인 후 조리 제대로 해주세요
ba_14687322,2025-02,ba_2025022302259228,2.0,0.6,low_rating_positive_text,단호박죽은 단호박향죽이에요. 집에서 해먹는게 훨씬 맛있을듯함
ba_14687323,2025-04,ba_2025042202544470,5.0,-0.4,high_rating_negative_text,"사장님, 용기에서 소독약 냄새가 심한 것 같아요ㅠㅠ"
ba_14687333,2025-02,ba_2025022002565286,4.0,-0.2,high_rating_negative_text,육개장 양이 용기의 반 정도밖에 없는데 가격대비해서 너무 적은것 같네요.. 이 양이 맞는 건가요?
ba_14687335,2025-04,ba_2025042402362461,5.0,-0.2,high_rating_negative_text,"진짜 몸도 마음도 너무 힘들어 쏘주랑 한잔 하려고 죽을 시켰는데  조금이나마 마음이 편해졌내요
항상 번창하시길 바랍니다"
ba_14687341,2025-03,ba_2025032601588845,1.0,0.2,low_rating_positive_text,죽 양이 너무 적어요…. 2/3만 차서 왔어요 ㅠㅠ 그리고 잣죽은 잣 맛 대신 밀가루맛 같은 게 너무 진하네요
ba_14687368,2025-04,ba_2025042501812039,4.0,-0.2,high_rating_negative_text,"포케는 식사로
죽은 다른분께 전해드리려고 했는데
쇼핑백에 담겨있지않고
비닐포장으로 와서
조금 당황스러웠네요
집에 있던 쇼핑백에 담아서
전했습니다
포장방식이 바뀐건가요?
다소 아쉬웠습니다..."
ba_14687388,2025-03,ba_2025030202179133,5.0,-0.2,high_rating_negative_text,"수정합니다.
소고기장조림을 다음날 먹었더니 상했더군요.
이런적은 처음이라 남깁니다."
ba_14687388,2025-03,ba_2025031701154634,5.0,-0.2,high_rating_negative_text,혹시 해물죽에 이제 굴이 안들어가도록 바뀐건가요??? 해물죽에 굴이 없던 적이 없었는데 없어서요..본사에서 제조법이 바뀐걸까요????
ba_14688075,2025-02,ba_2025021401392693,5.0,-0.6,high_rating_negative_text,음식은 빨리왔는데 청매실 2개 추가주문한것이 누락이되었네요...음...
ba_14688075,2025-04,ba_2025041302781279,5.0,-0.2,high_rating_negative_text,감기에 몸살에 생리통까지 3콤보로 진짜 좀비였는데 이거 먹고 조금은 인간이 되었네요. 고맙습니다.
ba_14688108,2025-03,ba_2025032602738269,4.0,-0.4,high_rating_negative_text,안녕하세요 죽을 먹다 뭔가 걸려서 뱉어봤는데 딱딱한 흰색 조각이 나왔습니다. 다행히 다치지는 않았는데 조금 위험할 뻔 했습니다
ba_14688114,2025-03,ba_2025030601655643,4.0,-0.4,high_rating_negative_text,비빔밥에 계란후라이 빠졌구요 반찬은 김치만 부탁드렸는데요 매번 요청사항을 넣는데 내용 확인해서 보내주세요
ba_14688207,2025-02,ba_2025022100110782,1.0,1.0,low_rating_positive_text,"?.. 잣죽은 원래 잣이 진짜로 단 한알도 안들어가는걸로 혹시 본사 지침이 바뀐건가요...?;;; 혹은 수급이 불가하기라도 한건지? 예전엔 그래도 용기 세개정도 분할하면 하나에 3개정도는? 가끔
보였는데;;; 그때도 뭐 잣이야 워낙 퍼주는 음식류도 아니고 참 가뭄에 콩나듯 한두개 있는 고명수준이긴 했지만요. 근데요 이번에.. 죽용기에 정말 두개까진 단 한알 조차 없어서 당황했어요.. 당황스라우니 그 고작 고명비주얼하는거마저 뭐"
ba_14688336,2025-02,ba_2025020602799975,5.0,-0.2,high_rating_negative_text,진짜 뜨끈합니다! 본죽도 한집배달돼서 넘 조아요
ba_14688336,2025-02,ba_2025020701993858,4.0,-0.4,high_rating_negative_text,귀리보리밥은 냉장고에서 몇일 지난걸 보내셨나요? 밥이 차가운건 둘째치고 밥알이랑 위에 올려져있는 계란까지 말라 비틀어져서 도저히 먹을수가없는 딱딱한 수준으로 왔는데 제가 살면서 리뷰 안좋게 달아본적이 없는데 이런걸 돈받고 파는건 너무 어이가 없어서 사장님께 알려드려야 될거같아서 말씀드립니다. 실수하신거라고 믿고 사장님께만 보이는 리뷰로 남깁니다
ba_14688336,2025-03,ba_2025031501844611,5.0,-0.4,high_rating_negative_text,"배달 가능해져서 좋네요
매장보다 천원씩 비싼데 쿠폰 줘서 비슷해요 ㅎㅎ
다른 죽집들 전전하며 실망하던 중에 이젠 본죽에서 먹어야겠어요"
ba_14688525,2025-03,ba_2025032902795441,5.0,-0.2,high_rating_negative_text,"별 다섯개가 부족함 !!!
아픈사람의 식사량이 적어서 
부득이하게 3개로 나눠서 담아달라고 주문했는데 
죽 헷갈리지 말라고 하나하나 이름 다 써주셨어요..🥹
죽 색깔 보고 구분해도 되었는데 넘 친절하시네여ㅠㅠㅜ
감동이에용 ㅎㅎㅎ🫶🏻
사장님 많이 파세요 !!!👍🏻👍🏻👍🏻👍🏻👍🏻"
ba_14688571,2025-03,ba_2025032202460817,5.0,-0.2,high_rating_negative_text,아기 이유식이 없어서 급하게 시켰는데 재고가 하나 부족하시다고 하셔서 하나 취소해주시고 보내주셨는데 서비스까지 감사합니다❤️
ba_14688602,2025-03,ba_2025031301520348,5.0,-0.8,high_rating_negative_text,"어머니 식사로 한번에 시키는지라 매번 요청사항 잘챙겨 주셔서 일부러 가까운데 말고 
시키는건데 요즘은 안보시는지 안챙겨 주시네여 ㅠㅜ 죽 용기도 일반 2개 2개짜리 1개 시킨건데  2개짜리로 2개  용기도 잘못 왔어요 확인 잘 부탁드려요"
ba_14688687,2025-02,ba_2025021902224248,2.0,0.2,low_rating_positive_text,"동치미 국물이 흘러서 쇼핑백 안에 동치미 냄새가 진동을 하네요. 다음엔 포장에 신경써 주세요. 포케는 전문점이 아니라 그런지 밑에 깔린 야채가 숨이 죽었네요.
호박죽은 맛있었습니다."
ba_14688702,2025-04,ba_2025041502551057,5.0,-0.2,high_rating_negative_text,일부러 골라서 주문했는데 역시 죽장인 타이틀 단 이유가 있어요
ba_14688716,2025-04,ba_2025041802962923,5.0,-0.4,high_rating_negative_text,양은 별로
ba_14688728,2025-02,ba_2025020701602630,4.0,-0.2,high_rating_negative_text,"간은 맞는데
살짝 떡이되어와서 아쉬워요ㅜㅜ"
ba_14688729,2025-03,ba_2025032501635419,4.0,-0.4,high_rating_negative_text,음료가 잘못 배달 왔네요 ㅜ 청매실 시켰는데
ba_14688924,2025-03,ba_2025032402782669,4.0,-0.4,high_rating_negative_text,반찬을 잘못주셔서 깜짝놀랐습니다 죽에 비빔밥 반찬이 온것같에요 멸치랑 장아찌;;
ba_14689415,2025-02,ba_2025021002860316,1.0,0.2,low_rating_positive_text,재료는 본사에서 오는걸텐데...다른곳 보다. 맛이 덜하네요
ba_14689454,2025-04,ba_2025041001688690,5.0,-0.2,high_rating_negative_text,일부러 보리밥으로 변경해서 주문했는데 흰밥으로 왔네요.. 식사때여서 우선 먹습니다만 보리밥때문에 일부러 여기서 시키는건데 너무 아쉽네요
ba_14689548,2025-02,ba_2025021101509010,5.0,-0.8,high_rating_negative_text,"짬뽕이 너무 짜요 짜도 너무 짜요 간보셨나요? 물타서 먹다가 그냥 버렸어요 사장님만 보이게 남깁니다 
간보셔야할거같아요 소금국이에요"
ba_14689573,2025-03,ba_2025030702302704,5.0,-0.2,high_rating_negative_text,밥양에비해 국이적었어요
ba_14689573,2025-03,ba_2025030902668373,1.0,0.6,low_rating_positive_text,본죽 삼계죽에 들어있다는 대추랑 국내산 수삼 같이 먹으려고 기대하고 받았는데 둘 다 없어요. 전화해서 물어보니 삼 상태가 좋으면 보내고 안 좋으면 안 보내신다는데 이게 복불복인가요?.. 말이 되는건지 모르겠어요 기분이 안 좋습니다..
ba_14689573,2025-03,ba_2025031501903935,1.0,0.2,low_rating_positive_text,"몸이안좋아서 죽시킨건데 다넘쳐서 아픈몸상태로 닦고먹었어요… 속상하고 화가나지만 혼자삭혔습니다!!
그리고 죽이좀 싱거웠어요… 신경 좀 써주셔야할것같네요…ㅠㅠ"
ba_14689595,2025-03,ba_2025030701547123,1.0,0.4,low_rating_positive_text,"비빔밥 죽 모두 넘 맛이 업어요 
돈이 넘 아깝네요 
비빔밥밥은 설익고 야채는 넘 조금이고 
세상 맛이 이렇게 업는 음식을 판다니..돈만 버리고 다른곳 주문 다시 빨리 해야겠네요"
ba_14689595,2025-04,ba_2025040102164029,5.0,-0.2,high_rating_negative_text,입맛이없어 해물죽이랑 김치낚지죽 주문했는데 김치낚지죽은 아쉽게도 많이 짜네요 ㅠㅠ
ba_14689757,2025-03,ba_2025031601418984,1.0,0.2,low_rating_positive_text,분명 색부터 아차 싶으실텐데.. 고춧가룬지뭔지 가루맛밖에 안나요. 부어버리신듯한데 한두번먹어본것도아니고..아픈데 먹다가 열받아서 글써요..다시 만들어달라하기도 그렇고..하 다음부턴 신경써주세요
ba_14689766,2025-04,ba_2025041502322304,2.0,0.2,low_rating_positive_text,맛잇는데 비빔밥시켯는데 고추장안왓어여ㅠㅜㅜㅜㅜㅜ
ba_14689854,2025-02,ba_2025021303114112,2.0,0.2,low_rating_positive_text,저는 이렇게 간이 안되있는 본죽은 첨먹어봅니다 ㅠㅠ .. 간은보셨을까요..?낙지김치죽은 원래 칼칼하고 빨갛고 진해야하는데 이맛아니에요 처음봐요.. 해장죽아니에요이건..아이도 이맛이아니라며 먹다마네요 아쉽습니다
ba_14689854,2025-02,ba_2025022702720535,1.0,0.2,low_rating_positive_text,너무 매워서 힘들어요  다른지점이랑 맛이 달라요
ba_14689854,2025-03,ba_2025030801598013,5.0,-1.0,high_rating_negative_text,"뒤늦게 확인하게 되어서 고인하다가 글 남깁니다
제가 죽과 비빔밥을 늦게 주문하고서 아픈 상태라 그대로 잠이 들었어요. 집에 아이들이 배달음식을 확인하고 먹었는데 나중에 제가 아이들한테 매실음료 파우치를 물어보니 안왔다고 합니다.
제가 그날 급체를 해서 일부러 먹으려고 샀는데
1300원 그냥 날렸네요. 저도 바로 확인 못한 불찰이지만 많이 아쉽네요."
ba_14689869,2025-02,ba_2025021202161773,5.0,-0.2,high_rating_negative_text,진짜 빨리왓어요 오늘 내시경해서 죽먹어야하는 내 신세ㅜㅠㅠ
ba_14689890,2025-04,ba_2025041002654501,4.0,-0.2,high_rating_negative_text,지끄리구  짜요 사장님  용현동가게근처  본죽에서 시켜먹구  미나리두많쿠  싱싱한데   여긴  미나리두많이없구   본죽이라도  다 틀린가보네요    아무쪼록 도움되시어 번창하세요
ba_14689910,2025-03,ba_2025033002386389,1.0,0.2,low_rating_positive_text,오마이갓.. 원래 다른 지점에서 자주 즐겨 먹던건데 거기서 품절이라 여기서 두개나 시켰는데… 오마이갓.. 싱거워요… 대처도..
ba_14689993,2025-03,ba_2025031501600792,5.0,-0.2,high_rating_negative_text,김치 2개 오고 장조림이 없어서 아쉬웠어요 ㅠ
ba_14689993,2025-03,ba_2025032102694868,5.0,-0.2,high_rating_negative_text,"배민 그리고 타 플랫폼으로도 주문 여러 번했어요..
근데 죽은 동치미, 비빔밥은 콩나물국이 세트인데
주문하는 3번 중 2번은 항상 콩나물국이 아니라 동치미를 주시네요....
오늘도요..
오늘은 마감이라 그러셨을까요..?
비빔밥에 동치미라...오늘은 동치미 안 먹고 버리게 되네요...
제발 비빔밥에는 콩나물국!!으로 부탁드립니다"
ba_14690002,2025-03,ba_2025031601664592,4.0,-0.2,high_rating_negative_text,재료함량이 좀 많이 아쉬워요 왠만하면 항상 별5개 하는데ㅜ 국물도 반도 안 채워서 오네요
ba_14690002,2025-03,ba_2025032901712240,5.0,-0.2,high_rating_negative_text,세배가 아닌거같아요 ㅠ 전복이 예전에 비해 너무 적었어요 ㅠ
ba_14690002,2025-04,ba_2025042300124135,1.0,0.2,low_rating_positive_text,"낙지김치국이 너무맛이 없었음
 다른곳 여러곳에서 먹어봤지만 가장 맛이 없었음
늦은시간에 주문해서 그런가 ㅠ"
ba_14690086,2025-03,ba_2025031101463736,2.0,0.2,low_rating_positive_text,"기본염도로 선택했는데
간이 하나도 안되어서와서
맛이 없었어요"
ba_14690092,2025-04,ba_2025042202356178,2.0,0.2,low_rating_positive_text,"맛없어요.
주인이 바뀐듯요."
ba_14690154,2025-03,ba_2025031902683740,2.0,1.0,low_rating_positive_text,"본죽 본사 메뉴 개발한 사람은 이걸 먹어봤으려나
꼬막이 질기고 비리고 별로네요
본죽 대화점 문제가 아니라
꼬막을 만들어 유통하는 본죽 본사의 문제 같습니다.
김이랑 반찬은 깔끔하고 맛있어요
물김치도 시원하고 맛있어요
그냥 반찬만 가지고 먹을껄...
밥도 귀리 보리밥 고소하고 좋네요
꼬막 빼고 다 맛있어요
포장도 좋고"
ba_14690672,2025-04,ba_2025041002501844,2.0,0.4,low_rating_positive_text,"아이가 야채죽을 좋아해서 자주 먹는데 오늘은 물같이 흥건하게 조리되서 왔네요. 당황스럽네요.
이제 다른 집에서 주문해야할까봐요"
ba_14690695,2025-03,ba_2025031301931956,4.0,-0.6,high_rating_negative_text,수저 부탁드려는데  누락  이네요ㅡㅜㅠ
ba_14690709,2025-03,ba_2025031202500135,5.0,-0.6,high_rating_negative_text,"주문요청 사항 누락이 많네요..
요청사항 체크해주세요"
ba_14690752,2025-03,ba_2025030301889855,2.0,0.2,low_rating_positive_text,본죽 맛이 없네요
ba_14690752,2025-03,ba_2025030402543977,5.0,-0.2,high_rating_negative_text,"포케소스 안온 집입니다.
배달 후 메모는 있는데 아무리 뒤져도 소스가 없어서 
어플에보니 매장연결번호가 없어서 
고객센터로 매장번호 문의했더니, 
센터에서 문의하고 알려주던데 
포케소스가 절대 안갔을수없다고 하시더라구요!
절대! 진짜 ! 없었습니다.
메뉴사진과 같이 소스가 원통에 오는건지, 
아님 같이 주문해서 받은 비빔밥 소스처럼 포장되서 오는건지 몇번을 찾았는데 띠지에는 저 메모만 붙어있고 소스는 없어서 원래 오는건지, 안"
ba_14691037,2025-04,ba_2025042102044353,5.0,-0.4,high_rating_negative_text,"단골(?)도 아닌데
식혜.도 서비스🙇‍♂️
ㅡ
Q. 국.은 다른걸로도 대체.되나요❔️
제가 매운걸 못먹는건 아닌데
그닥 별로 즐겨먹진 않아서요"
ba_14691037,2025-04,ba_2025042201884155,5.0,-0.2,high_rating_negative_text,"장.조림.메추리.알🥚같이 먹을라고
35%(아주싱겁게) 저.염ㄱㄱ해봄요"
ba_14691078,2025-03,ba_2025030701710638,4.0,-0.6,high_rating_negative_text,"최소배달이 이렇게 비싸면(32000원)
혼자 아파서 죽먹어야하는 분은 
도대체 몆인분을 시켜야하는건지
안타깝네요"
ba_14691155,2025-03,ba_2025031602976520,5.0,-0.6,high_rating_negative_text,늦게 주문햇는데 배달 ㄱㅅ요
ba_14691234,2025-02,ba_2025020502330175,4.0,-0.2,high_rating_negative_text,전복 양이 생각보다 적네요...죽보다는 진밥 같아요
ba_14691235,2025-03,ba_2025031502316172,1.0,0.4,low_rating_positive_text,해산물이 신선하지 않은것 같습니다ㅡㅡ
ba_14691272,2025-02,ba_2025020602021702,2.0,1.0,low_rating_positive_text,"쌀값이 엄청 비싼가요
죽이 아닌 허여멀건 미음이 도착 했네요
미음 맛집으로 추천합니다"
ba_14691272,2025-03,ba_2025032301599225,1.0,0.2,low_rating_positive_text,사장님 소고기장조림 담아놓으신거 언제 담으신거예요? 지금 몸이안좋아서 죽시켜먹는건데 식중독으로 죽는게 먼저일꺼같아서요;; 리뷰같은거 안쓰는 사람인데 장조림이 쉬다못해 셔요 이상해서 자세히 보니까 기름산패 곰팡이도 있어요 내가 아파서 혀가 이상한건가 싶어서 추가로시킨 장조림팩 새거 뜯었더니 전혀 저런맛이 아닌데 신고할껍니다
ba_14691298,2025-02,ba_2025021701747522,4.0,-0.2,high_rating_negative_text,사장님 이게 뭘까요?김치낙지 죽에 들어있었습니다. 총각무 꼭지인가요??근데 김치 낙지죽엔 총각무가 안 들어가는데 ㅠㅜㅜㅜㅜ아쉽네요
ba_14691344,2025-03,ba_2025032501317052,5.0,-0.2,high_rating_negative_text,"흑임자죽은 처음 먹어보네요.
건강한 맛이네요.
단점은 씹는 식감이 부족하네요."
ba_14691375,2025-04,ba_2025041301665587,5.0,-0.2,high_rating_negative_text,"전에 트러플전복죽시키고 바로 이거 새로시켯어요 삼계죽은 실패할것같지않아서
염도는 다른지점에비해 짜네요

글쎄요.. 답글달기안되서 수정해요
사업번창하세요"
ba_14691751,2025-03,ba_2025032802633420,5.0,-0.2,high_rating_negative_text,"아빠가 다치셔서 수술 하시어 
음식을 먹기 어려우신데
빨때로 두유로만 하루를 보내셨는데ㅠㅠ
몸도 아프신데 영양부족으로 걱정이 많이 되었는데
영양죽을 [미음처럼 갈아서도 주문]이 된다는거 보고 바로 주문했어요!!  너무 감사합니다"
ba_14691908,2025-03,ba_2025031802938299,1.0,0.2,low_rating_positive_text,제품 유통기한 확인 안하시나요…? 먹다가 발견했네요. 맛이 변질되거나 상하진 않았는데 유통기한 2주나 더 지난 제품을 보내주시는건 문제가 있어 보이네요.
ba_14691918,2025-03,ba_2025033001441148,5.0,-0.2,high_rating_negative_text,양은 적당해요
ba_14691943,2025-04,ba_2025042202065003,5.0,-0.4,high_rating_negative_text,마시써요  비싸서쿠폰 떠서 사봣어요
ba_14691949,2025-04,ba_2025042301239886,5.0,-0.4,high_rating_negative_text,사장님이신지 직원분이신지 이렇게 날짜까지 적어줘서 갬동❤️❤️❤️
ba_14691974,2025-03,ba_2025030900242878,1.0,0.4,low_rating_positive_text,맛이 없음 프렌차이즈인대 맛차이가 이래나서;;되겠음?ㅡㅡ
ba_14691974,2025-04,ba_2025042202538051,5.0,-0.6,high_rating_negative_text,"친정엄마 아프셔서 전복죽 보내드렸는데 전복이 별로 없다고 많이 아쉬워하시네요ㅎㅎㅎ
저는 보질 못해서 모르지만~~
어쨌든 드시고 조금 기운이 나신 것 같아요~~"
ba_14691976,2025-03,ba_2025032102724066,5.0,-0.4,high_rating_negative_text,"잘 먹고 있습니다😃❤️
다만 이번 주문에서 키즈장조림이 누락되어서
매장마감시간이기도 해서 아쉬웠어욤
다음 주문때 같이 챙겨주셨음 하는 바램입니다😃"
ba_14691990,2025-02,ba_2025020901550450,1.0,0.2,low_rating_positive_text,"맛은 나쁘지않아요 그런데 이게 버섯짬뽕입니까 해물차돌짬뽕입니까??웬만하면 이런댓글 안쓰는데 이건 너무 화가나네요 . 해물은 무슨 잘게썰린것들만 있고
차돌은 얼마나한다고 몇점에 버섯은 영혼을 갈아넣은거처럼 가득하고요 .처음으로 배달음식먹으면서 돈이아깝다는 생각이드네요."
ba_14691996,2025-03,ba_2025032902901028,5.0,-0.4,high_rating_negative_text,다 좋은데 철판제육이 6500원이라해서 어느정도 양이 있는줄 알았습니다. 근데 이 크기와 이 양에 너무 당황스럽고 비싸다고 생각이들어서 놀랐어여 ㅋㅋ 다른분들은 이거보시구 진짜 드시고싶은분들만 드세요~
ba_14692022,2025-02,ba_2025021201469842,1.0,0.2,low_rating_positive_text,전복2배 주문했는데… 죽도 너무 걸쭉한 희죽 맛만 나네요
ba_14692035,2025-04,ba_2025041702527149,5.0,-0.4,high_rating_negative_text,한입 먹었다가 딱딱해서 뱉어보니 조개 껍질 조각이 나왔어요.
ba_14692275,2025-03,ba_2025032301485224,5.0,-0.2,high_rating_negative_text,"미나리향이 좋네요...
근데 꼬막은 좀 오래된건지 냄새나는게 몆개 있어요"
ba_14692326,2025-02,ba_2025020903048180,2.0,0.2,low_rating_positive_text,"새우야채죽에서 엄지손톱만한 비닐 쪼가리가
나왔습니다,, 식중독때매 아픈 와이프가 먹었는데 좀 속상하네요.. 맛은 있었습니다."
ba_14692459,2025-03,ba_2025032702686172,5.0,-0.2,high_rating_negative_text,아쉽네요...
ba_14692482,2025-04,ba_2025041501512465,1.0,0.2,low_rating_positive_text,죽이 너무 묽어요 아이가 좋아하는죽인데 잘안먹는네요
ba_14692551,2025-02,ba_2025020601308832,4.0,-0.6,high_rating_negative_text,네이버 주문이랑 비교하자면 메뉴당 천원씩 비싸서 아쉬워요 ㅜ
ba_14692796,2025-04,ba_2025042301211012,5.0,-0.2,high_rating_negative_text,"아침에 죽
너ㅡㅡㅡㅡㅡㅡㅡㅡㅡ무 마시따잉
거기애 달콤한 호박죽은 진 ㅡㅡㅡㅡㅡㅡㅡ짜
하루를 달게해쥼 ㅎㅎㅎ나이스"
ba_14694620,2025-03,ba_2025030602763968,2.0,1.0,low_rating_positive_text,약간 고운 죽으로 시켰는데 밥알이 간 것 같지가 않네요..밥알이 원래 크기처럼 커요 맛은 맛있어요
ba_14694670,2025-03,ba_2025032802590279,4.0,-0.2,high_rating_negative_text,원래 전복 2배양이 이만큼인건지 아니면 밥이 많아서 그런건지 전복 양이 적어보이네요..ㅠ 담에는 다른거먹어볼께요
ba_14699399,2025-02,ba_2025021202161390,5.0,-0.2,high_rating_negative_text,리뷰보고 시켰는데 성공적 했네요
ba_14699399,2025-02,ba_2025021602982838,5.0,-0.8,high_rating_negative_text,"껍질이 그냥 백숙 껍질 같아요,,,,오븐에 구운 느낌 아예 없이 삶은 닭에 소스비벼 먹는 느낌이여서 백숙 못먹는 저는 너무 역했어요,,늦게 먹는 저녁에 아쉽네요 다시 잘 부탁드려요"
ba_14699399,2025-03,ba_2025030902784651,5.0,-0.2,high_rating_negative_text,이집 치킨 진짜 잘     굽네!!!!!!
ba_14699649,2025-02,ba_2025021501934155,5.0,-0.4,high_rating_negative_text,여기 지점은 시킬때마다 실망한 적이 없어요 조리하는 곳이 오픈되있고 깔끔해서 포장하러 갈때마다 안심하고 주문하게 되더라구요~
ba_14700021,2025-02,ba_2025020602538021,5.0,-0.6,high_rating_negative_text,예상시간보다 20분 늦게 오고 다 식어서 에어프라이어에 데워 먹었어요ㅠ
ba_14700021,2025-02,ba_2025020602538021,5.0,-0.6,high_rating_negative_text,예상시간보다 20분 늦게 오고 다 식어서 에어프라이어에 데워 먹었어요ㅠ
ba_14700021,2025-02,ba_2025021102199996,5.0,-0.2,high_rating_negative_text,배달기사님 지정이 안 돼서 음식을 늦게 받았지만 데워주셨는지 따듯하게 잘먹었습니다!
ba_14700021,2025-02,ba_2025021102199996,5.0,-0.2,high_rating_negative_text,배달기사님 지정이 안 돼서 음식을 늦게 받았지만 데워주셨는지 따듯하게 잘먹었습니다!
ba_14700021,2025-03,ba_2025030203180944,5.0,-0.2,high_rating_negative_text,늦은시간에 시킨건데도 늦지않게 배달받았어요 ㅎㅎ 굽네오리지널 말해뭐해 짱맛
ba_14700021,2025-03,ba_2025033100121135,5.0,-0.2,high_rating_negative_text,사진은 먹는 도중에 찍은거라 처음 온 양보다 적어보이는 점 참고요
ba_14703930,2025-03,ba_2025031701704539,1.0,0.4,low_rating_positive_text,"김치가 상해있습니다
본사에 컴플레인 걸려다 참고 리뷰 남겨드립니다
몸이 안좋아서 죽을 먹는데 더 안좋아질뻔 했습니다"
ba_14714062,2025-03,ba_2025030202539387,2.0,0.2,low_rating_positive_text,"제 최애메뉴이고 다른 지점에서 정말 많이 먹어봤는데.. 전복이 비렸던 건 처음이네요ㅠ

(+상온에 며칠 있던 것도 많이 먹어봤기 때문에..
배달 지연 때문에 비려진 건 아닌 것 같아요..
리뷰 쓰자마자 배민측에서 전화와서 당황했네요..ㅠ 그만큼 리뷰가 중요한 부분일테니 그냥 별점 4개로 수정할게요..ㅠㅠ..)

하 다음날 먹어봐도 너무 비려서 다 버렸어요
기분이 안 좋네요 
배민에 전화하실 시간에 저한테 댓글을 달아주시지 
그"
ba_14716332,2025-02,ba_2025022502420978,5.0,-0.2,high_rating_negative_text,볼케이노와 오리지널 시켯는데 볼케이노가 더 세서 왔네요.. 애기랑 먹을라 시켯는데 오리지널에도 소스가 조금 들어가서 아쉽네요..
ba_14716332,2025-02,ba_2025022502420978,5.0,-0.2,high_rating_negative_text,볼케이노와 오리지널 시켯는데 볼케이노가 더 세서 왔네요.. 애기랑 먹을라 시켯는데 오리지널에도 소스가 조금 들어가서 아쉽네요..
ba_14716332,2025-04,ba_2025041301496800,5.0,-0.6,high_rating_negative_text,"서비스로 메뉴를 잘못 적었는데, 구운 계란을 주실 줄 이야!! 식단하는 중에 정말 은인 만난 느낌이에요 사장님

앞으로도 쭈욱 잘 부탁드립니다ㅏㅏㅏ"
ba_14719554,2025-04,ba_2025041001100511,2.0,0.6,low_rating_positive_text,죽이 너무 심각하게 맛이없어요 동치미도 니맛도내맛도 아님 ㅠ
ba_14720368,2025-04,ba_2025042101609405,5.0,-0.2,high_rating_negative_text,김치빼달라고 요청사항에 적어놨는데요.. 그냥 보내셨네요..
ba_14725485,2025-03,ba_2025030502364847,1.0,0.2,low_rating_positive_text,재구매 없을 맛과 음식
ba_14726472,2025-03,ba_2025032903009637,5.0,-0.4,high_rating_negative_text,"사진은 못찍었는데, 고바순 여기가 진짜였네요.. 겉바속촉 지립니다.. 신대부적점 번창하세요 :)"
ba_14726472,2025-03,ba_2025033002621876,1.0,0.4,low_rating_positive_text,"뭐가 문제 일까요?
다른 리뷰보면 바삭하게 보이는데 이거는 바사삭이 아니라 눅눅눅 이네요...바삭함이라고는 조금도 없어요 ㅠㅠ
그냥 먹어보려 했는데...너무 속상해서 올립니다."
ba_14726472,2025-03,ba_2025033002621876,1.0,0.4,low_rating_positive_text,"뭐가 문제 일까요?
다른 리뷰보면 바삭하게 보이는데 이거는 바사삭이 아니라 눅눅눅 이네요...바삭함이라고는 조금도 없어요 ㅠㅠ
그냥 먹어보려 했는데...너무 속상해서 올립니다."
ba_14727030,2025-04,ba_2025040702554682,4.0,-0.2,high_rating_negative_text,"기다리는 시간이 너무늦어요
거진 1시간째 조리중이네요 ㅠㅜ"
ba_14729038,2025-03,ba_2025032402774470,5.0,-0.2,high_rating_negative_text,늘 먹던맛인데 차갑게 먹는것도 재밌네요
ba_14729159,2025-04,ba_2025040702680962,5.0,-0.2,high_rating_negative_text,"45분에 온다했는데 54분에 왔어요

고추바사삭인데 눅눅해요 기름이 흠뻑해요ㅜ"
ba_14732026,2025-04,ba_2025042202752878,5.0,-0.2,high_rating_negative_text,너무 맛있는데 배달이 넘 늦게 와서 아쉬워요ㅠㅠㅠㅠ 식어서 그런지 고기가 뻑뻑했습니당...ㅠ
ba_14733665,2025-04,ba_2025041502949887,5.0,-0.2,high_rating_negative_text,리뷰 진짜 안쓰는데 파장점만 먹다가 파장점 순살 먹었는데 뭔 뻑살 이제 조원점으로 정착 할게요 순살 촉촉 야들
ba_14737726,2025-04,ba_2025042302920778,5.0,-0.2,high_rating_negative_text,두번째 주문. 타 지점보다 더 신경써서 조리해주시는 느낌입니다. 다음에 또 시켜먹을게요
ba_10016162,2025-01,ba_2025010802753567,1.0,0.2,low_rating_positive_text,고추바사삭이 안바삭해요 눅눅해요;;
ba_10040685,2025-01,ba_2025010302572267,4.0,-0.4,high_rating_negative_text,"예정된시간보다 많이늦었어요ㅠ
도착도안했는데 문자먼저 도착했다구해서
좀기다렸네요~~ 리뷰쓴다했는데
감튀는오디로갔는지...좀 아쉽네욤!!"
ba_10040685,2025-01,ba_2025010102207017,5.0,-0.8,high_rating_negative_text,"먹다가찍엇네요ㅠ 피자는처음 먹엇는데 많이식기도식엇구 빵이딱딱해서 먹기가좀 힘들엇어요
소스도안오고  바쁘셔서 누락됫지만 기다리는동안 또식어서이번은 좀 맛잇게못먹엇어요ㅠ"
ba_10040685,2025-01,ba_2025011502803799,2.0,0.2,low_rating_positive_text,맛은 있으나 오리지널이 탔음
ba_10497667,2025-01,ba_2025011902384596,5.0,-0.6,high_rating_negative_text,소스가 부족해서 치킨이 싱겁네요 다음엔 더 많이 주세요 소스
ba_10706208,2025-01,ba_2025012302386386,5.0,-0.2,high_rating_negative_text,진짜 시키세요!!! 치킨 브랜드 원탑인듯 ㅎ
ba_10739524,2025-01,ba_2025011602634707,5.0,-0.2,high_rating_negative_text,"고추바사삭인줄알고 잘못눌렀는데 오우 맛나요 다음엔 남해바사삭
도전"
ba_10739524,2025-01,ba_2025011903166288,5.0,-0.8,high_rating_negative_text,저번엔 갈비천왕 시켜먹엇엇는데 오늘은 매운 게 땡겨서 볼케이노 시켜먹었는데 이게 진짜 존맛탱 치밥의 No.1입니다 진짜로 제 원픽인 만큼 절 실망시키지 않죠.
ba_10750970,2025-01,ba_2025012200111346,5.0,-0.4,high_rating_negative_text,음식이 잘못 왔는데 대처도 잘해주시고 덕분에 치킨파티를 했네요 치킨은 앞으로  강서점 굽네 입니다~!!!!!!!❤❤❤❤❤❤❤❤❤❤❤❤❤❤❤
ba_10774000,2025-01,ba_2025011801482274,5.0,-0.2,high_rating_negative_text,진짜 언제나 고추바사삭은 옳다💗
ba_10774794,2025-01,ba_2025010302823818,5.0,-0.2,high_rating_negative_text,굽네순살은 천하무적치킨
ba_10798649,2025-01,ba_2025010502726677,5.0,-0.2,high_rating_negative_text,너무짜요 오늘 못먹을정도로
ba_10821092,2025-01,ba_2025011602923947,5.0,-0.2,high_rating_negative_text,고추바사삭 진짜 오랜만인데 ㅏㅅ잇네영
ba_10841883,2025-01,ba_2025011202877618,5.0,-0.2,high_rating_negative_text,고바는 주기적으로 먹어줘야 합니다👍
ba_10841883,2025-01,ba_2025012002304341,5.0,-0.2,high_rating_negative_text,미치겠다 진짜
ba_10872945,2025-01,ba_2025011002637537,5.0,-0.2,high_rating_negative_text,여기진짜 진짜 맛나서 다먹어버렸어요
ba_10872945,2025-01,ba_2025011702221563,5.0,-0.8,high_rating_negative_text,"사장님 몇개에서 닭냄새가 납니다
이거 문제해결방안 찾으셔야할거 같아요
닭냄새가 나서 또시켜먹을지 고민이 되네요"
ba_12014214,2025-01,ba_2025011702891152,5.0,-0.4,high_rating_negative_text,벨눌러달라거햇는데 문자남기고 그냥 가서 식었음..ㅜㅜ
ba_13052096,2025-01,ba_2025012301978830,2.0,0.4,low_rating_positive_text,잘먹었습니다
ba_13076527,2025-01,ba_2025011602835624,5.0,-0.4,high_rating_negative_text,"점바점인지는 모르겠어요. 저희 동네는 아니었는데, 조각이 조금 크게 느껴져서 먹기 불편했고, 조각별 서로 맞닿는 부분의 면적도 따라 넓어져서 타 지점 대비 눅눅하게 느껴졌습니다."
ba_13081281,2025-01,ba_2025012000097751,5.0,-0.2,high_rating_negative_text,너모 마시써서 양 적게느껴져.. 더먹고싶었어여..모지라..
ba_13181486,2025-01,ba_2025011602540409,2.0,0.2,low_rating_positive_text,신짬뽕죽이 간이 안되있는지 너무 밍밍하고.. 삼계죽은 육수맛이 너무 많이 나서.. 먹다가 말았네요.
ba_13181957,2025-01,ba_2025012301364337,4.0,-0.2,high_rating_negative_text,"반찬으로  주는 김치 젖갈 장조림이  다른곳에비해

용기가  다른점도 양이 넘 적아요...
좀 넉넉히  주시길  ..."
ba_13189894,2025-01,ba_2025010902301832,1.0,0.2,low_rating_positive_text,"금방 배민담당자가 전화가 왔네요
굳이 통화안해도 될것같고 안가면 그만입니다.
한두번도 아니고 매번 갈때 마다 느끼는점입니다
여자분 어서오라는 인사는 없고 안녕하세요
해도 답도 없으시더군요
사장님인지 아닌지 모르겠지만 
범어에서 가까이 갈수있어 갔지만 이제 굳이 기분상해가면서 까지는 갈필요가 없네요
본죽 맛이야 다른매장도 똑같으니요"
ba_13199394,2025-01,ba_2025011302464953,5.0,-0.2,high_rating_negative_text,단호박죽 달달함이 적당하고 소고기버섯죽 간이 입에 딱 맞습니다.
ba_13225842,2025-01,ba_2025012002424798,4.0,-0.4,high_rating_negative_text,조개류 빼달라고 요청사항에 말씀드렸는데 요청사항 확인 안 하시나봐요ㅠㅠ 빼는 게 안 되는 거면 전화라도 주셨어야하는데 그냥 확인을 안 하셨나봐요…ㅠㅠ 환불하려다가 그냥 빼고 먹습니당… 앞으로 짬뽕죽은 안 시킬 것 같아요 맛도 그냥 쏘쏘….
ba_13228453,2025-01,ba_2025011502479512,5.0,-0.2,high_rating_negative_text,아주아주 진짜베기♡
ba_13229173,2025-01,ba_2025011502248103,5.0,-0.2,high_rating_negative_text,"같은 메뉴인데 꼭 다른 메뉴 같네요. ㅋ
타고 남은 찌꺼기 같은 느낌 입니다.
그럴일은 없겠지만.. ㅋ"
ba_13229184,2025-01,ba_2025010801554336,5.0,-0.2,high_rating_negative_text,다음부턴 조심 해주세요..식힐려고 휘적거리다 발견했네용😭
ba_13231157,2025-01,ba_2025011902279642,2.0,0.2,low_rating_positive_text,"게살이 너무 적어요 
죽의 양은 많아서 배부르게 잘 먹었습니다
배달기사 분이 요청사항을 잘 안보시는것 같아요"
ba_13233587,2025-01,ba_2025012402026646,5.0,-0.2,high_rating_negative_text,"안먹는 반찬 빼고 가져간다고 말씀드리니까 죽먹는데 반찬 부족하면 짜증난다며 장조림을 꾹꾹 눌러 더담아주셨습니다. 몸안좋은상황에서 죽사러간건데 감동이었습니다.
감사합니다. 사장님 부자되세요 !"
ba_13233856,2025-01,ba_2025011701690501,5.0,-0.4,high_rating_negative_text,배달비만 좀 어떻게 해주세요 4천원 너무비싸요
ba_13234188,2025-01,ba_2025010302607934,5.0,-0.4,high_rating_negative_text,포케 진짜진짜 강추입니다👍
ba_13235498,2025-01,ba_2025010700000687,4.0,-0.4,high_rating_negative_text,항상 먹는죽이라 시켰는데 동치미국물이 헐 ...맛이 변한건가 정알 실망했어요. ㅠ ㅠ
ba_13260584,2025-01,ba_2025011102254931,2.0,1.0,low_rating_positive_text,"본죽은 신창점에서만 먹었는데
맛이 변한것 같아요.
혹시 주방이모님이 바뀌신 건가 생각이 드네요..ㅠ
☆낙지김치죽☆ 별미로 맛있게 먹었었는데요
먹을때마다 매콤하고 맛있었는데
오늘은 간이 제대로 안되었는지 맛이 이상했어요~
신창점이 좋아서 드리는 말씀 이에요
수고 하세요"
ba_13260584,2025-01,ba_2025012400951339,2.0,0.4,low_rating_positive_text,"ㅜㅜ맛이 변했어요ㅠㅠ
리모델링하시며 사장님이 바뀌셨나요ㅜㅜ
예전에 비해 너무 묽었고 맛이 바꼈어요.."
ba_13268955,2025-01,ba_2025011001732362,4.0,-0.4,high_rating_negative_text,"트러플 향이 하나도 안나요
몇군데서 먹어봤는데
이 지점이 제일 트러플전복죽이 별로네요
전복도 살짝 비려요"
ba_13313413,2025-01,ba_2025011402559415,5.0,-0.4,high_rating_negative_text,"사장님, 많이 바쁘셨군요...리뷰 이벤트 참여했는데 상품이 누락되었어요...혹시나 리뷰 이벤트 받고 리뷰 안남긴다고 생각하실까봐 리뷰 남겨요ㅠㅠ
다음번 주문때에는 잘 챙겨 주시면 감사하겠습니다.
새해 복 많이 받으시고, 올 한해도 대박나세요!"
ba_13550240,2025-01,ba_2025012001462773,1.0,0.2,low_rating_positive_text,"버섯 땜에 그런가 맛이 너무 써요 몇입 먹고 못먹었네요.
다음부턴 한번 확인 하고 보내주세요~"
ba_13580972,2025-01,ba_2025011102022474,5.0,-0.2,high_rating_negative_text,"신수점은 항상 믿고 주문합니다!! 
급하게 먹고 찍어서 양이 적어보이는 겁니다~
웨지감자도 강츄!!!"
ba_13639608,2025-01,ba_2025012500957710,5.0,-0.4,high_rating_negative_text,치킨이나 감자튀김이나 둘 다 평상시에 먹던 맛이랑 다르게 너무짠것같아요 소금을 두배로 뿌린게 아닌가 싶을 정도로…ㅠㅠㅠㅠ 진짜 웬만큼 짜면 리뷰 이렇게까진 안쓰는데 평상시의 짠 맛이랑 달라요 진짜 못먹게 짜서 가족들이 다 못먹었어요 혹시 사장님 바뀌셨나요?? 원래 이정도까지 간을 세게 하시지는 않았던 것 같아서ㅠㅠㅠ 사장님 바뀌신거 아니라면 뭔가 실수가 있었거나 한 것 같아서 그냥 사장님만 보이게 써요
ba_13651212,2025-01,ba_2025010402837178,2.0,0.2,low_rating_positive_text,"낙지김치죽 먹다가 비닐 조각 나왔어요.
죽 두 개 다 맛도 예전같지 않았고
조리하실때 신경 좀 써주세요."
ba_13651212,2025-01,ba_2025012102386613,1.0,0.6,low_rating_positive_text,"위생상태가 안좋아요. 포장주문하고 기다리는데
용기 재활용까지는 이해하겠지만 용기안에 남은 죽을 직원분이 수저로 먹고 그 용기에 제가 주문한 죽을 주셨네요. 위생에 신경 좀 쓰셔야 할거 같아요."
ba_13918069,2025-01,ba_2025012202529682,5.0,-0.2,high_rating_negative_text,"고추장 더안주는거 맞죠??
많이먹으려다 싱겁게 묵었어요"
ba_14092187,2025-01,ba_2025011702396116,2.0,1.0,low_rating_positive_text,맛있게 먹었는데 무에 이런 털 같은게 붙어서 나왔습니다
ba_14229365,2025-01,ba_2025010702552368,5.0,-0.4,high_rating_negative_text,"와 완벽한 고추바사삭...보통 다른 지점들에 주문하면 눅눅한 부분도 꽤 섞여서 오던데 여긴 진짜 완벽하게 바사삭! 그 와중에 리뷰 이벤트까지 있는 지점...이제 굽네는 중곡1동점에만 시켜야겠습니다!
진짜 와..."
ba_14245849,2025-01,ba_2025011502634640,5.0,-0.4,high_rating_negative_text,"매번먹는데 이렇게 짠적처음이에요ㅠ
짜다못해써요ㅠ"
ba_14260091,2025-01,ba_2025011400491395,5.0,-0.2,high_rating_negative_text,그냥 뼈로시켜도 진짜너무마싯쟈나...치밥은볼케이노 먹을때만꼭 먹어여 !!!!+
ba_14262149,2025-01,ba_2025011602038820,5.0,-0.2,high_rating_negative_text,"컨디션 안 좋을 때 죽 배달된다는 거 아주 중요하죠~
배달 시에도 누락되는 것 없이 늘 꼼꼼하게 챙겨주시고 감사합니다."
ba_14271330,2025-01,ba_2025012101175256,5.0,-0.2,high_rating_negative_text,"와 진짜 감동적인 맛임 야심한 11시반에 치킨먹기란
행복이죠.."
ba_14273436,2025-01,ba_2025012301369360,5.0,-0.2,high_rating_negative_text,점심시간 브레이크타임잇음 참고
ba_14296954,2025-01,ba_2025010603012260,4.0,-0.2,high_rating_negative_text,따뜻하지않고 매콤함 부족
ba_14332090,2025-01,ba_2025011002647208,4.0,-0.6,high_rating_negative_text,"1 다른집 치킨 도착
2 리뷰 이벤트 참여 음료사이즈업 누락됨
3 냉장고에서 꺼낸듯한 차가운 치킨 먹음 ㅠ"
ba_14332090,2025-01,ba_2025011401784752,1.0,0.2,low_rating_positive_text,오자마자 바로 먹었는데 튀김옷이 바삭하지않고 어떤건 튀김옷 안이 가루로 되어있네요;;
ba_14336642,2025-01,ba_2025011602708756,4.0,-0.4,high_rating_negative_text,"음식이 25분 걸린다고 해서 하던일 엄청 서둘렀더니
결국 50분 걸려서 왔네요. 도착시간 설정 좀 잘해주세요.
그리고 떡볶이가 너무 딱딱해요. 턱이 아프네요."
ba_14371606,2025-01,ba_2025010200001428,5.0,-0.6,high_rating_negative_text,아무리 기본전복죽이라지만 전복이 너무 없어서 주문을 잘못했나 싶었어요… 정량이 그런것일테니 별점5점에 사장님만 보이게 작성해둡니다. 출산 전 마지막 식사였는데 아쉽습니다
ba_14388856,2025-01,ba_2025011902506381,2.0,1.0,low_rating_positive_text,"흠… 떡볶이는 좀 별로네요 턱이아파요 어묵 맛도 좀…
치킨은 너무 많이 구운것같긴 한데 맛있어요"
ba_14397420,2025-01,ba_2025011200003859,5.0,-0.6,high_rating_negative_text,아 진짜 굽네 오리지널은 아무도 못이김 진짜진짜 개마시써요
ba_14397420,2025-01,ba_2025011201149398,5.0,-0.2,high_rating_negative_text,아진짜 또먹고싶어요
ba_14440680,2025-01,ba_2025010801143764,4.0,-0.2,high_rating_negative_text,이사 하고  치킨도 땡기고  피자도  땡기고  크림파스타도  먹고 싶길래 한번에   시켰는데  기대이하입니다 ㅜ  피자에   고기는 다 탔어요~ ..  콜라대신 치트킹 주문했더니 저건줄 몰랐어요 ~~
ba_14463467,2025-01,ba_2025010902902746,5.0,-0.2,high_rating_negative_text,치킨은 진짜 살안쪄여… 이거먹음 살빠짐
ba_14473511,2025-01,ba_2025011701430462,5.0,-0.2,high_rating_negative_text,"죽이 새서 흘러진 상태로 왔습니다.
끈적하게 다묻었습니다.
별점은 가게에 해 끼치고싶지않아 5점드립니다.."
ba_14513076,2025-01,ba_2025011802838773,2.0,0.6,low_rating_positive_text,아무리 매장마다 맛이 다르다지만 이건 너무 하네요 ..죽이 완전 전분가루 뿌린것 처럼 떡지고 양념도 심심 밍밍 이게 뭔맛인지?? 이사오고 처음 시켰는데 이지점은 정말 맛이없네요
ba_14528412,2025-01,ba_2025012402685523,1.0,0.2,low_rating_positive_text,피자토핑 골고루 잘 올려주셔야지 반절만 올라가 있어서 진심 맛 없어보임ㅋ 어떻게 나눠먹으라고;; 봉동에 굽네 지점 하나뿐이라고 너무 당당하게 판매하는 거 언제까지 이러련지...
ba_14530939,2025-01,ba_2025011102749490,5.0,-0.2,high_rating_negative_text,"물김치가 빠져 아쉬워요ㅠ
앞전배달에서도..
이제부터 배달에는 포함이 안되나요?"
ba_14578524,2025-01,ba_2025012303016770,5.0,-0.2,high_rating_negative_text,환상적이에요ㅋ
ba_14582073,2025-01,ba_2025011102260762,5.0,-0.2,high_rating_negative_text,"사장님 오리지널에 그냥 한마리는 없네요 (닭다리만, 순살만, 윙봉만 이런것들은 있고) 아마 이부분때문에 주문량이 적어질수도 있겠네요 모르시고계시는것같아 말씀드림"
ba_14582508,2025-01,ba_2025011602293653,5.0,-0.6,high_rating_negative_text,"저는 항상 신짬뽕죽을먹는데 짬뽕죽이 주문이안되서 치즈짬뽕죽을시켯습니다!
근데 치즈는 빼달라고했는데 치즈값이 아깝다고 전화가왔습니다 근데 남편이 치즈를안먹어서 그냥빼달라고하니 치즈값을 환불해주셨습니다,,,
그냥 양심이건 음식이건 진짜로 믿고먹을수있어서 너무좋습니다!!
정말감사합니다!! 진짜감동받았습니다,,💚"
ba_14597164,2025-01,ba_2025011300603964,5.0,-0.2,high_rating_negative_text,다소 오버쿡되어 조금 아쉬웠어요.
ba_14597164,2025-01,ba_2025011902985810,5.0,-1.0,high_rating_negative_text,배달의 민족 고객센터 진짜 너무하네요 ㅠ 사진처럼 포장박스가 다 눅눅해질정도로 배달이 늦어졌습니다.. 굽네치킨 쪽으로 연락드렸을 때 이미 만든지 20분 지났는데 라이더님이 배정이 안됐다 하셨어요.. 웨지감자는 다 눅눅해지고 치킨도 마찬가지여서 고객센터측으로 연락드렸더니 어떠한 말씀도 없이 바로 회수해드리고 환불해드리겠다고 부터 하시네요.. 회수 후 환불하거나 오천원 쿠폰 받거나 선택하라고 하시는데 이렇게 나몰라라 정책이 그렇다
ba_14616721,2025-01,ba_2025011001232653,4.0,-0.2,high_rating_negative_text,동치미랑 김치반찬만 빼달라고 적었는데 장조림이랑 오징어초무침까지 안넣어 주셨네요... 당황스럽네요..
ba_14643477,2025-01,ba_2025011801260688,5.0,-0.4,high_rating_negative_text,먹다가 이런게 나왔어요ㅠㅠ 딱딱한게 뭔지 모르겠으나 포장끈? 같기도하구… 만들때 조심해주세요~!
ba_14652929,2025-01,ba_2025011503127334,5.0,-0.6,high_rating_negative_text,쪼금 늦게 왔지만 데워먹었아요 굳굳
ba_14658825,2025-01,ba_2025010802720777,5.0,-1.0,high_rating_negative_text,저 늦게 주문 취소 한 사람입니다 정말 죄송해요ㅠㅠ 놀다가 주소 잘못된거 늦게봐서.. 다음에 본가 갈때 가족들이랑 많이 시켜먹을게요 바쁘실텐데 감사하고 다시 한번 죄송합니다ㅠㅠ
ba_14658825,2025-01,ba_2025011202458339,5.0,-0.2,high_rating_negative_text,어떤곳은 가끔 냄새나는곳도  있었는데 여기는 냄새도 안나고 맛있었어요
ba_14663126,2025-01,ba_2025011202694893,5.0,-0.6,high_rating_negative_text,역시 고추바사삭은 실망시키지않네요
ba_14675393,2025-01,ba_2025012102535103,1.0,0.6,low_rating_positive_text,맛있는데 배달이 1시간이 넘게 걸리고 다 식어서 왔어요 음료수도 빼먹으셨고요
ba_10016162,2025-07,ba_2025070401193335,5.0,-0.4,high_rating_negative_text,"장각구이 먹고싶엇는데 품절ㅠ 그래도 치킨에 소스별로먹고 피자까지 야무지게 먹었어요ㅎㅎ
조만간 장각구이 다시 도저언!!"
ba_10016162,2025-07,ba_2025070502586971,5.0,-0.2,high_rating_negative_text,치킨은 차갑고 콜라는 따뜻해져서 옴
ba_10019807,2025-06,ba_2025061102450860,2.0,0.6,low_rating_positive_text,"치킨은 맛있었지만, 고블링소스 2개를 시켰는데, 마블링소스로 2개가 와서 별도 2개"
ba_10019807,2025-06,ba_2025062803152100,2.0,0.2,low_rating_positive_text,"감자튀김 일부러 4000원주고 추가했는디 ,, 탄맛나고 너무 익혀서 딱딱 그자체네요 ㅠ 치킨은 맛있는데 감튀는 짜고 씁고 ㅡㅡ,,,"
ba_10019807,2025-07,ba_2025072102432593,1.0,0.2,low_rating_positive_text,맛은 있는데요 콜라빼고 배달이왔길래 전화드렸더니 알아보고 연락주신다해서 30분동안 기다렸는데 연락없어서 전화드렸더니 무슨메뉴시켰냐 아까 전화하신 어머니냐고.. 저말고 다른분도 전화하셨나봐요..알아보시고 연락주신다더니 전혀 안알아보신거 같구요 그냥 배달원이 안주고간거같다고 배민고객 센터에 전화해보라고 하시네요 배달기사분 번호번호는 있지 않을까요..?기사님한테 전화라도 한번 해봐주셨어도..사실 머라고하는지 발음이 잘안들렸는데..대
ba_10022124,2025-06,ba_2025061702532333,5.0,-0.2,high_rating_negative_text,너무 식어와서 아쉽..
ba_10022124,2025-06,ba_2025062002071892,2.0,0.2,low_rating_positive_text,소주 후레쉬 시켰는데 처음처럼이 왔어요 그냥 마셨습니다 바쁘신거같아서 다음엔 영수증에 신경좀 써주세요 맛은 있었습니다
ba_10022124,2025-07,ba_2025070302376201,5.0,-0.2,high_rating_negative_text,진짜 멀지만 굽네는 여기서 주문해요.
ba_10040420,2025-07,ba_2025071301770913,1.0,0.2,low_rating_positive_text,바삭한걸 요청했는데 눅눅하고 오래 걸리고 미지근해요
ba_10040621,2025-04,ba_2025042901671022,2.0,0.6,low_rating_positive_text,흠 ㅜㅜㅜ 치밥 시켰는데 완제품일거라고 예상은 했는데 위에 치즈는 다 탔고 치밥인데 닭가슴살이 두조각 들어 있었어요…ㅠ 치킨은 맛있었답니다ㅠㅠ
ba_10040621,2025-06,ba_2025062502851419,1.0,0.4,low_rating_positive_text,"와이프가 좋아하는 브랜드입니다.
고추바사삭이라는 메뉴 때문에 이전에도 꽤나 시켜먹었구요.
맛도 있고 거리도 가까워 애용하던 곳이기에 사장님을 뵙지않더라도 항상 신세진다는 마음으로 감사하고 있었습니다.
그런데 오늘 픽업으로 사장님을 뵈었는데 그런 마음가짐같은게 싹 사라지더라구요
조리하시는 내내 신경질적으로 조리도구들을 우악스럽게 취급하시고 음식을 건내시면서도 싫은티가 팍팍나는게 말이라도 걸어 용건을 확인하는 와중에도 짜증이 묻어"
ba_10040679,2025-06,ba_2025061301727411,5.0,-1.0,high_rating_negative_text,배달이 너무 늦게와서 음식이 다 식었었어여 ㅜ
ba_10040685,2025-07,ba_2025070302537206,1.0,0.4,low_rating_positive_text,"걍 이거팔지마쇼

음쓰맛이나네 

이거추천한 유튜버도 차단함 걍

배달 늦는건 기본이고..  나도 차단하셈그냥 여기시켜먹기싫다 이제"
ba_10401021,2025-06,ba_2025061002700339,1.0,0.6,low_rating_positive_text,하 고추바사삭 거짓말 안치고 50번 이상 먹어봤는데 이렇게 맛없는건 처음입니다 조각도 엄첨 작고 육즙도 없고 고기가 다 말랐어요 역시 리뷰없고 리뷰 안좋은데는 믿거 오늘도 하나도 배워요 감사합니다
ba_10401021,2025-07,ba_2025071902002248,5.0,-0.2,high_rating_negative_text,"왠만하면 리뷰안남기는데
이벤트도없이 무 소스음료써비스풀로주시고 웨지감자양도미쳐서
진짜개혜자세트입ㄹ다 굽네지점 고민이시면 가산점에시키세요"
ba_10469515,2025-05,ba_2025050702419737,1.0,0.2,low_rating_positive_text,리뷰보고 계대점에서 시킬까 고민하다 가까워서 그냥 시켰어요. 근데 이렇게 성의없게 조각내준 지점은 처음이구요.. 리뷰가 안 좋은 이유가 있네요...
ba_10469515,2025-06,ba_2025061702224792,4.0,-0.4,high_rating_negative_text,..질겨요
ba_10476209,2025-06,ba_2025062202543700,5.0,-0.2,high_rating_negative_text,담백하고 칼로리가 적은편이라 마음이 편해요
ba_10497667,2025-05,ba_2025052002471329,4.0,-0.2,high_rating_negative_text,바사삭 가루가 골고루 안 묻어서 좀 아쉬워요 ㅠㅠㅠ
ba_10497667,2025-06,ba_2025061402756415,4.0,-0.6,high_rating_negative_text,"어디서 누락됐는지는 몰라도 윙 하나가 없습니다.
그래도 닭은 잘 구워졌습니다."
ba_10497667,2025-07,ba_2025071702562727,5.0,-0.8,high_rating_negative_text,"배달기사가 실수로 다른주소에 갖다놨는데
손님은 기다려야하고 가게는 다시 만들어 재배송해야함
배민측에선 그 음식은 폐기된다는데 보통 이거 배달기사가 먹든 치우든 알아서하라고함
가게 진짜 피해심하실듯
배민측 기사 연락안된다며 환불.할까요 재배송해드릴까요 만 반복 물어보는것도 답답하네요
추가로 재배달오는것도 다른집 다들리고옴ㅋㅋ 하"
ba_10501929,2025-04,ba_2025042602412287,4.0,-0.2,high_rating_negative_text,오늘은 조금 기름기가 많아서 느끼 했음
ba_10571616,2025-07,ba_2025070602573556,1.0,0.2,low_rating_positive_text,맛없음xx
ba_10571616,2025-06,ba_2025061402745431,5.0,-0.2,high_rating_negative_text,"프렌차이즈도 점마다 차이가 있는데
여긴 진짜 제대로네요"
ba_10571616,2025-06,ba_2025062702600784,5.0,-0.6,high_rating_negative_text,고바는 실망시키지 않아~ 다이어어트를 하지만 고바는 다욧 치킨이니까 다이죠부♡♡♡암 야미
ba_10571616,2025-07,ba_2025071000119457,1.0,0.6,low_rating_positive_text,혹시 이게 원래 이렇게 작은 애들이었나요? 아니면 제가 시킨게 헉시 고추바사삭 팝콘치킨인가요?? ㅋㅋㅋㅋㅋㅋㅋㅋㅋㅋㅋㅋㅋㅋㅋㅋㅋ 그동안 시켜본 고추 바사삭중에 최고로 작네요..포크로 다가려지는 사이즈라.. 웃고 갑니다 하하
ba_10580903,2025-04,ba_2025043003122138,5.0,-0.6,high_rating_negative_text,"윙,봉만 먹으니 저녁늦게 먹어도 양심에 덜 찔리는 느낌이에요."
ba_10580903,2025-06,ba_2025061402305381,5.0,-0.4,high_rating_negative_text,"사장님 처음 생겼을 때부터 오래 시켜먹었는데 한번도 이런적이 없어서 비공개로 글 남깁니다. 치킨 닭다리가 반절이 다 뜯어져서 오고 안에는 다 식어있고 꼭 누가 열었다가 닫은것처럼 포장상자도 젖어 있더라구요. 

배달원이 20분이 걸려서 오고 가만히 서 있다가 오고 그래서 혹 배달원이 뜯어 먹은게 아닌가 싶어서 배달민족측에 문의는 넣었었는데 가게측에서 반을 잘라서 구었다고 하네요. 진짜인가요"
ba_10580903,2025-06,ba_2025061402305381,5.0,-0.4,high_rating_negative_text,"사장님 처음 생겼을 때부터 오래 시켜먹었는데 한번도 이런적이 없어서 비공개로 글 남깁니다. 치킨 닭다리가 반절이 다 뜯어져서 오고 안에는 다 식어있고 꼭 누가 열었다가 닫은것처럼 포장상자도 젖어 있더라구요. 

배달원이 20분이 걸려서 오고 가만히 서 있다가 오고 그래서 혹 배달원이 뜯어 먹은게 아닌가 싶어서 배달민족측에 문의는 넣었었는데 가게측에서 반을 잘라서 구었다고 하네요. 진짜인가요"
ba_10580903,2025-07,ba_2025072402802235,1.0,0.6,low_rating_positive_text,지난번에 맛있어서 믿고시켰는데 닭도빈약하고 다 말라붙은게 별로네요. 떡볶이도 간도 안맞고 다 익지도않았고 다버렸네요.
ba_10580903,2025-07,ba_2025072402638280,5.0,-0.4,high_rating_negative_text,완전 식었어용 200m 거리인데···ㅠㅠ
ba_10583009,2025-07,ba_2025071802151575,5.0,-0.4,high_rating_negative_text,엄청싱겁게 먹진않는데도 소스가 너무 짰습니다유블링소스해도  짜서 겨우 2조각먹었어요밥이랑먹음어쩔지 모르겠지만 참고하세요
ba_10597203,2025-05,ba_2025052902910763,5.0,-0.2,high_rating_negative_text,고추바사삭 안타고 딱 알맞게 구워져서 왔어여🫶🏻
ba_10604883,2025-06,ba_2025061402724048,5.0,-0.2,high_rating_negative_text,굽네 고추바사삭은 진짜 만든사람 상줘야돼요
ba_10605803,2025-07,ba_2025072002787424,5.0,-0.2,high_rating_negative_text,최근 나온 신메뉴 중 최곱니다👍 멕시칸 느낌 소스가 진짜 킥이에요ㅎㅎ 다음엔 빵 추가해서 더 먹으려구요
ba_10657170,2025-07,ba_2025072002899228,1.0,0.2,low_rating_positive_text,"정말 너무 실망스럽습니다.
지난주 일요일 포장으로 먹었을 때는 정말 맛있었습니다. 그래서 부모님한테 말씀 다 드리고 정말 맛있다고 하였는데.. 이렇게 태워서 오시면 정말 실망스럽습니다.. 저거 하나만이 아니라 거의 모든 치킨이 다 탔습니다. 탄 맛이 올라 정도로 심한 조각들도 있습니다..."
ba_10698232,2025-05,ba_2025050102625492,5.0,-0.2,high_rating_negative_text,주기적으로 찾아 먹고있어요~~👍🏻
ba_10698232,2025-05,ba_2025051802825728,5.0,-0.2,high_rating_negative_text,살찔까봐 걱정했는데 기름도 적고 정말 맛나게 먹었습니다. 사장님 번창하세요^^**
ba_10698232,2025-05,ba_2025051902939588,5.0,-0.6,high_rating_negative_text,처음에 받고선 환불해야 하나 생각이 들 정도로 조각 끝 부분들은 까맣게 탄 상태였어요 첨부한 사진도 탄 부분 잘라낸건데 그래도 탄 부분들이 남아 있네요 암튼 다음에는 조리가 더 잘되었으면 합니다
ba_10698232,2025-05,ba_2025052401918201,5.0,-0.2,high_rating_negative_text,언제 먹어도 맛잇어요. 다만 배달이 늦어 살짝 식어서 아쉽네요. 다음엔 바로배달로 주문할라요
ba_10706208,2025-07,ba_2025070702028975,4.0,-0.4,high_rating_negative_text,목부분이 빠졌습니다
ba_10739556,2025-06,ba_2025061501419373,5.0,-0.2,high_rating_negative_text,진짜 겉바속촉입니다!!!
ba_10750970,2025-07,ba_2025071002534425,4.0,-0.2,high_rating_negative_text,"음식이 조금 짜요~
술안주로는 딱이네요"
ba_10759478,2025-05,ba_2025052902644416,5.0,-0.2,high_rating_negative_text,고추바사삭 진짜 맛나요!!! 윙봉으로 시켰는데 잘한 초이스같습니다😆😆 사진을 못남겨서 아쉽지만 다음에는 꼭 이뿌게 찍어올릴게요!! 번창하세요❤️
ba_10759478,2025-07,ba_2025070602368728,2.0,1.0,low_rating_positive_text,역시 고추바사삭은 너무 맛있네요 하지만 감튀 눅눅하고 피자는 흠… 치킨만 별다섯개👍👍👍 그리고 조금만 친절하셨으면 좋겠네용 굿굿
ba_10771255,2025-05,ba_2025050402146229,5.0,-0.2,high_rating_negative_text,아 주기적으로 먹어줘야합니다
ba_10771255,2025-05,ba_2025052402051139,5.0,-0.2,high_rating_negative_text,하소동 굽네에서 고추바사삭은 주기적으로 먹어줘야합니다👍🏻👍🏻👍🏻
ba_10774794,2025-06,ba_2025060402505166,4.0,-0.2,high_rating_negative_text,치킨무 빼가 가져다 주셔서 아쉽네요...
ba_10776500,2025-06,ba_2025063002586939,2.0,1.0,low_rating_positive_text,"고추바사삭 치킨 너무맛있어요!
근데 생맥주는...김이 다빠졌는데요...? 이건좀 너무하십니다 지금당장 마셔보세요..."
ba_10798649,2025-06,ba_2025062002628985,1.0,0.2,low_rating_positive_text,포장이 이렇게 왔네요.. ㅋㅋㅋ 그냥 개판이네요 ㅋㅋㅋ 이런걸 누가 좋아서 먹습니까?
ba_10798649,2025-06,ba_2025062002628985,1.0,0.2,low_rating_positive_text,포장이 이렇게 왔네요.. ㅋㅋㅋ 그냥 개판이네요 ㅋㅋㅋ 이런걸 누가 좋아서 먹습니까?
ba_10798649,2025-06,ba_2025062502859524,1.0,0.2,low_rating_positive_text,사장님 치밥 닭 암내라고 해야하나 냄새나서 진짜 반도 못먹고 버렸습니다. 참고 먹으려도 해봤는데 너무 비위 상하는 맛이라....그나마 치즈볼은 맛있었어요
ba_10798649,2025-04,ba_2025042601966264,4.0,-0.2,high_rating_negative_text,떡볶기가아쉽네요
ba_10798649,2025-05,ba_2025051101017909,5.0,-0.8,high_rating_negative_text,여럿을 주문해서인지ㅠ콜라 누락되어 재배송이 아쉬움
ba_10798649,2025-05,ba_2025051702495634,5.0,-0.6,high_rating_negative_text,"네…다 식어서 왔어요
한집배달 예상시간 30분인데 한시간 넘어서 도착.
아무리 우천 시라고 해도 너무하네요.비와서 일부러 한집배달한건데요. 중간에 배달기사님 교체되었다는데 연락도 안주고 바뀐기사님은 한집아니고 돌아돌아 오셨네요~~~~
가게측 문제도 아니고, 소스만 바꿔주십사했는데 리뷰이벤트 품목을 주셔서 별은 5개 드립니다 
배민배달 대 실망이에요"
ba_10798649,2025-05,ba_2025051702495634,5.0,-0.6,high_rating_negative_text,"네…다 식어서 왔어요
한집배달 예상시간 30분인데 한시간 넘어서 도착.
아무리 우천 시라고 해도 너무하네요.비와서 일부러 한집배달한건데요. 중간에 배달기사님 교체되었다는데 연락도 안주고 바뀐기사님은 한집아니고 돌아돌아 오셨네요~~~~
가게측 문제도 아니고, 소스만 바꿔주십사했는데 리뷰이벤트 품목을 주셔서 별은 5개 드립니다 
배민배달 대 실망이에요"
ba_10798649,2025-07,ba_2025071200002959,5.0,-0.2,high_rating_negative_text,진짜 줘엇ㅅㅅㅅㅅㅅㅅㅅ나마싯네요 일끝나고 행복했습니다 adidas..
ba_10798649,2025-07,ba_2025071903186282,5.0,-0.2,high_rating_negative_text,10시 11분에 주문했는데 반마리 조리하는데만 1시간 20분 걸리고 지금 받았습니다..조금 아쉽네요
ba_10800862,2025-07,ba_2025072102731157,5.0,-0.2,high_rating_negative_text,피자만 먹기 아쉬운 마음 갈비천왕으로 달래봅니다람쥐
ba_10800862,2025-07,ba_2025072501790298,1.0,0.2,low_rating_positive_text,"맛은 너무 있는데 날개가 하나밖에 없어요.. 
닭 한마리가 아닌가 보네요ㅜ"
ba_10800862,2025-05,ba_2025052701949883,5.0,-0.2,high_rating_negative_text,배달이 아쉽네요
ba_10800862,2025-05,ba_2025052802995538,2.0,0.8,low_rating_positive_text,바사삭한 느낌이 없어서 아쉽네요 원래 고추바사삭 맛있게 하는데는 껍질을 잘하는데 ㅎㅎ
ba_10800862,2025-05,ba_2025052902843838,1.0,0.4,low_rating_positive_text,"리뷰 좋아서 시켰는데 다 타서 왔어요 이정도면 조리하고 나서 탄 걸 아셨을텐데 왜 그냥 보내신건지…
그냥 바삭하겠거니 했는데 탄맛도 너무 심해요"
ba_10821092,2025-06,ba_2025062600003803,5.0,-0.2,high_rating_negative_text,진짜로 개마싯...🤭
ba_10821092,2025-07,ba_2025070102721600,5.0,-0.2,high_rating_negative_text,여기지점은 아쉽게도 계란이 없네여ㅠ그리고 소스 뜯엇는데 소스 겉에 쪼그만한 벌레가 있더라구요..
ba_10821092,2025-06,ba_2025062502573333,4.0,-0.2,high_rating_negative_text,"비가 와서 배달 늦은 건 이해하구요
리뷰서비스는 왜 안주셨을까요
라이더님은 말도 없이 바닥에 놓고 가시고..."
ba_10821092,2025-07,ba_2025071402926710,5.0,-0.4,high_rating_negative_text,배차가 늦게되서 다 식어서왔어요ㅜㅜ 그치만 맛잇습니다..
ba_10841421,2025-05,ba_2025051301418161,4.0,-0.4,high_rating_negative_text,양념이 적고 조각크기가 넘 작았어요 아쉽네요
ba_10841883,2025-06,ba_2025060300006247,5.0,-0.2,high_rating_negative_text,오랜만에 시켰는데 다 식어서 와서 좀 아쉬웠어요ㅠ
ba_10841883,2025-07,ba_2025070400007064,5.0,-0.2,high_rating_negative_text,진짜 선부3동 넘사입니둥^~^
ba_12020564,2025-05,ba_2025051002481493,4.0,-0.2,high_rating_negative_text,치킨이 옆집으로 배달돼 식었지만 맛은 있어요
ba_13052096,2025-04,ba_2025043003017009,5.0,-0.2,high_rating_negative_text,고추바사삭 순살은 진짜 사랑입니다
ba_13052096,2025-06,ba_2025060502948987,4.0,-0.2,high_rating_negative_text,양이 좀 적음 ㅠ 구워서 그런가.. 리뷰이벤트 햇는데 500ml 콜라가옴 ㅠ
ba_13052096,2025-06,ba_2025060602382131,4.0,-0.2,high_rating_negative_text,"순살을 시켰는데 뼈가 왔습니다. 
뼈 치킨을 회수해가신 뒤(회수하러 오겠다는 사전 설명도 없었습니다. 저는 비대면 배달을 선택했는데 이런 상황이 되면 미리 설명해주셔야 맞지 않을까요?) 다시 순살 배달 받는데 30분이 더 걸려 총 1시간을 기다려야 했습니다. 
사람이 하는 일이고 또 바쁘면 실수할 수 있다고 생각합니다. 그래도 배달이 잘못되 오래 기다리게 해서 미안하다는 메시지 정도는 있었으면 좋았을 것 같네요.
그냥 참고 넘"
ba_13052096,2025-07,ba_2025071801528039,5.0,-0.2,high_rating_negative_text,"진짜 죽을 때까지 내 평생 인생치킨 굽네 고추바사삭 순살!!! 사장님,  구운 건 살 안 찌죠? 😆"
ba_13062668,2025-05,ba_2025052101002751,1.0,0.2,low_rating_positive_text,전화 좀 친절하게 받으시고 배민에만 순살열지마시고 타 업체도 똑같이 여세요 배달비 꽁자로 시킬 수 있는데 돈내고 주문하게 하지 마시고요
ba_13062668,2025-06,ba_2025061002626084,5.0,-0.2,high_rating_negative_text,"진짜1인1닭 하고싶을정도로
나눠먹기 아쉬운 맛ㅎㅎ
늠 늠 마싯습니당"
ba_13062668,2025-07,ba_2025071002748901,4.0,-0.2,high_rating_negative_text,양이 많이 줄어든거 같아 아쉽네요...
ba_13076527,2025-04,ba_2025042802690624,5.0,-0.2,high_rating_negative_text,"무 색깔이 좀 누리끼리
날짜가 지나진 않았으니 괜찮겠죠"
ba_13076527,2025-05,ba_2025051800084140,5.0,-0.2,high_rating_negative_text,아니 지금까지 굽네치킨 전국을 돌면서 100번은 먹어본 거 같은데 진짜 먹느라 정신팔려서 사진 못 찍은적은 첨이네요..;; 일단 바닥에 기름도 하나도 없고 치킨 조각도 너무 커서 다른 매장대비 양이 1.5배는 되는 것처럼 느껴져요 원래 혼자 한마리 충분히 먹는데 세 조각정도 남겼어요;; 사장님 진짜 원래 리뷰 잘 안적는데 여기는 안 적기엔 너무 너무 너무 맛있어서 리뷰 남겨요
ba_13076527,2025-05,ba_2025052502973210,5.0,-0.2,high_rating_negative_text,이번에 먹었을때 치킨에서 약간 쉰내같은게 느껴져서 아쉬웠습니다.
ba_13076527,2025-06,ba_2025061502629560,1.0,0.2,low_rating_positive_text,1.5마리 치킨을 주문했는데 반마리는 전부다 탄맛이 나서 당황스러웠어요 반이상 다 버렸네요
ba_13076527,2025-06,ba_2025062402207721,5.0,-0.4,high_rating_negative_text,양념이 너무 적습니다. 보내주신 볼케이노 소스를 부었음에도 양념이 적습니다ㅜㅜ
ba_13076527,2025-07,ba_2025070300121341,2.0,0.4,low_rating_positive_text,"피자는 맛있는데...
치킨은 쥐포처럼 너무 많이 구워져서....
너무 퍽퍽해요, 딱딱하고ㅠㅠ
ㅠㅠ 그리고 열어보니 뜯겨진 부분이 있어...
누가 먹다 넣은거같은 기분이네요...

흠.... 고추바사삭 엄청 좋아하는디...
지역마다... 너무 다르게 오는거 같네요"
ba_13076527,2025-07,ba_2025070603073601,1.0,0.6,low_rating_positive_text,"고추바사삭 메뉴가 치킨 자체가 과자같은 느낌인가요?
다른 지점 보다 심각하네여
이지점에 몇번 시켜 먹는데 처음엔 그럴수 있겠다 생각 하고넘어갔는데 오늘도 치킨이 부드러은 맛이 아닌 겉이 그냥 과자보다 더 바삭하고 탄맛이 나는 치킨이고 대처도 참 그러네요 몇번 시켜먹었던 집인데 이제 더이상 손절 각이네요"
ba_13076527,2025-07,ba_2025071002498071,4.0,-0.4,high_rating_negative_text,"좀 짜요......ㅠㅠ
참고 먹다가 너무 짜서 못먹겠어요.."
ba_13168465,2025-06,ba_2025063002202311,5.0,-0.2,high_rating_negative_text,호박죽에 콩이랑 새알빼달라고 했는데 안빼주셨더라구요 엄마가 연세가 많으셔 콩이랑새알 못드세요 죄송하지만 꼭 빼주세요 적었는데도 일하시는  이모님이 깜박했나보네요  그리고 잊어먹지않고 기재할께요  사장님란에 꼭 기재할께요
ba_13181486,2025-04,ba_2025043002505803,1.0,1.0,low_rating_positive_text,맛있겠잘먹었서요
ba_13181486,2025-05,ba_2025051901668825,5.0,-0.2,high_rating_negative_text,팥죽은 항상 맛있습니다 그런데 가끔식 문앞에 두고 아무소리없이 초인종도 안누르고 그냥 가는 기사분이 있어요 그럼 한참 지나서야 올시간이 지나서 문열어보면 있습니다 완료도 늦게 치는것같고 외국분들이 배달하면 이런일이 종종 발생합니다 빨리먹고 출근 하려 했는데 늦음
ba_13181486,2025-07,ba_2025071803039476,5.0,-0.4,high_rating_negative_text,"변화무쌍한 여름 날씨에
컨디션 난조라서 힘들었는데..
와우! 사장님
주문한지 얼마 되지 않아 도착해서 깜놀했어요🤣
빛의 속도로 전달해주셔서 정말 감사합니다🫶

전복죽이 얼마나 따끈하고
얼마나 꼬소한지
먹으면서 기운이 펄펄 나는듯 했어요👍
주문도 늦게까지 받아주셔서 진짜로 감사합니다‼️

❤️찜 꼭 누르고
단골할래용😍🥰

사장님!
더운 날씨에 건강 잘 챙기시구요
또 올게용🙋‍♀️"
ba_13219951,2025-06,ba_2025062301877796,1.0,0.2,low_rating_positive_text,음식이 와야 맛을 보죠
ba_13226860,2025-05,ba_2025051002221345,5.0,-0.8,high_rating_negative_text,"몸이 안좋아서 오랜만에 배달을 시켰는데, 늦게 왔지만 미리 늦게 온다고 소지고 해주시고 미안하시다면서 장조림도 한개 더 주셔서 감사합니다"
ba_13229152,2025-06,ba_2025062002200850,1.0,0.2,low_rating_positive_text,음식은 맛이 있으나 짧은 털이 두 가닥 나왔습니다 처음 한 가닥 나올 땐 그냥 먹을려고 했으나 먹다가 또 나와서 이렇게 씁니다 조심 부탁드립니다
ba_13233483,2025-07,ba_2025072102621855,5.0,-0.2,high_rating_negative_text,환상적인 식사였습니다.
ba_13233483,2025-07,ba_2025072102621855,5.0,-0.2,high_rating_negative_text,환상적인 식사였습니다.
ba_13233576,2025-07,ba_2025070502679825,1.0,0.2,low_rating_positive_text,"낙지김치죽 시켰는데, 죽이 너무 걸쭉해서 꿀꿀이죽 먹는 느낌이에요... 전분 넣으시나 싶을정도입니다. 그리고 동치미도 맛이 이상해요.
원래 터미널점 이용하다 오늘 문닫아서 여기 시킨건데  점바점차이로 보기엔 너무 심각하네요....
개선이 필요할듯 해요. 배고파서 먹다가 도저히 다 못먹겠어요....걸쭉한부분만 남기다 보니 점점 먹기 힘드네요..."
ba_13233726,2025-05,ba_2025052302402265,4.0,-0.4,high_rating_negative_text,"잘못시켜서. 기분이상했다. 팟죽도 2가지종류가있네

동지팟죽시켜야되는데 어이없는실수했네"
ba_13234193,2025-06,ba_2025061902434691,2.0,0.4,low_rating_positive_text,다른분 리뷰를 이제봤네요...낙지김치죽 간을 안하신건지 니맛도 내맛도 없어요 지점마다 차이가있네요..
ba_13234790,2025-06,ba_2025061202657168,4.0,-0.4,high_rating_negative_text,"다른데는 없는 순살이 여기만 있어서 시켰는데.....ㅠㅠ
굽네닭이 이렇게 냄새가 나는건 처음이네요....ㅠㅠ"
ba_13234790,2025-07,ba_2025071402132828,5.0,-0.2,high_rating_negative_text,"최초 기사님이 취소하셔서 많이 늦게 왔습니다
매장 전화드리니 매장 과실이 아님에도 친절히 응대해 주셨습니다"
ba_13235498,2025-05,ba_2025053002605693,1.0,0.2,low_rating_positive_text,음식은 표준화된 맛입니다만 늘 배달이 너무 느립니다.
ba_13249105,2025-07,ba_2025071202752982,1.0,0.8,low_rating_positive_text,"고추바사삭이 맛있기는 하지만
유쾌하지 않아서 그런지
오늘 맛은 좀..그랬습니다..
배달비 추가가 있다는 공지도 없었는데
라이더분께서 천원을 더 달라셔서 드리고 나서
가게로 전화해서 문의를 드렸더니

고객님이 못 보신거예요
공지 있었어요

하시네요..
공지는 아무리 찾아봐도 찾지 못 하였습니다"
ba_13249989,2025-07,ba_2025071901093421,5.0,-0.4,high_rating_negative_text,굽네 달동점 오븐바사삭순살에 빠졌어요 안질려요 또시켜먹을께요
ba_13311793,2025-07,ba_2025072302691102,4.0,-0.8,high_rating_negative_text,사장님 탓이라곤 생각하지 않지만 배달이 정말정말 늦었습니다 치킨이 다 식어서 오고 정말 실망스럽네요
ba_13313909,2025-05,ba_2025050303041997,5.0,-1.0,high_rating_negative_text,"한집배달.. 배달잘못해서 뒤지게 늦게 받았네요..
치킨엔문제없지만 너무 늦게 받고 배달기사님 대처가 너무 어이없네요..그리고 콜라는 원래 안주시는건가요.."
ba_13313909,2025-05,ba_2025050303041997,5.0,-1.0,high_rating_negative_text,"한집배달.. 배달잘못해서 뒤지게 늦게 받았네요..
치킨엔문제없지만 너무 늦게 받고 배달기사님 대처가 너무 어이없네요..그리고 콜라는 원래 안주시는건가요.."
ba_13313909,2025-07,ba_2025070202916763,5.0,-0.2,high_rating_negative_text,"혹시...음료는 안주시는건가요?
일부러 가게배달로 주문했는데
못받아서요~
서비스음료선택 X라고 선택 되어있었고
무조건 선택해야되서 
다른건 추가금이 붙길래 안했는데요~
추가요금 지불해야 주시는건지...

차후주문할때 주의하려고 
진짜 궁금해서 문의드립니다."
ba_13313909,2025-07,ba_2025072102608495,5.0,-0.2,high_rating_negative_text,"닭다리만 먹으니 브드럽고 맞잊어요
아쉬운건 콜라를 안주시는게 좀그렇네요"
ba_13412065,2025-05,ba_2025051902739207,5.0,-0.2,high_rating_negative_text,"다 식어서 왔어요,,,! 딱딱하고 끝부분도 탄 맛이 났습니다,,,,ㅠ"
ba_13412065,2025-05,ba_2025052100132635,1.0,0.4,low_rating_positive_text,사장님 리뷰이벤트 주신건 감사하지만 이렇게 탄걸 주시면 어떻게 먹으라는거에요… 심지어 감자튀김도 탄맛이 나고…
ba_13412065,2025-05,ba_2025052503002305,5.0,-0.2,high_rating_negative_text,명불허전 고추바사삭! 순살은 신길뉴타운점이 짱입니다😆😆
ba_13412065,2025-05,ba_2025052501994403,5.0,-0.2,high_rating_negative_text,받자마자 순삭해서 사진을 못찍었어요 고추바사삭은 배신한적이 없죠 ㅋㅋㅋ
ba_13412065,2025-07,ba_2025072001749305,5.0,-0.4,high_rating_negative_text,저번에 실망 했었는데 이번엔 존맛탱!!!!!!!!!
ba_13412065,2025-07,ba_2025072103124567,5.0,-0.2,high_rating_negative_text,믿고 먹는 신길뉴타운점 💛
ba_13436824,2025-07,ba_2025071001569305,2.0,0.2,low_rating_positive_text,빨리왓어요 근데 오랜만에 먹는거라 그런진 잘 모르겠는데  맛이 조금 달라졌어요
ba_13459937,2025-06,ba_2025062102714365,2.0,0.8,low_rating_positive_text,맛있긴한데 김이 안에 가득찼는지 포장용기도 종이재질이라 눅눅 쭈왁 찢어지고 치킨도 바삭한걸 기대했는데 눅눅ㅠ 이것좀 개선해주세여
ba_13459937,2025-05,ba_2025051702219184,5.0,-0.2,high_rating_negative_text,"신랑은  굽네 치킨만  먹네요
치즈볼은  실짝  아쉽네여ㅜ"
ba_13459937,2025-06,ba_2025062201924878,5.0,-0.4,high_rating_negative_text,떡볶이 떡과 오뎅이 좀 딱딱했어요...ㅠㅠ
ba_13539608,2025-05,ba_2025050202643208,2.0,0.6,low_rating_positive_text,포장 상태나 이런 점은 좋았는데 맛에 대해 얘기하자면 너무 기름이 많았어요 그리고 소스 없이 먹었을 때는 갈비천왕 보다는 그냥 구운 닭고기 먹는 느낌이였어요
ba_13539851,2025-07,ba_2025070701564665,5.0,-0.2,high_rating_negative_text,"신메뉴 나왔다고 해서 주문했는데 먹기전부터 기분이 별로 안좋네요 소스 두가지 준다고 되어 있던데
하나만 오고 배달 기사는 요청사항 읽지도 않고
가격이 저렴한 것도 아닌데 좀 그러네요"
ba_13580972,2025-05,ba_2025051402538867,5.0,-0.2,high_rating_negative_text,고민은 주문만 늦출 뿐
ba_13580972,2025-06,ba_2025062601730894,4.0,-0.2,high_rating_negative_text,엄청 눅눅해져서 와서 조금 아쉬웠습니다. 그래도 먹을만 했어요
ba_13580972,2025-07,ba_2025071802545241,5.0,-0.2,high_rating_negative_text,"순시간에 없어졌어요
둘이 한마리가 아쉬웠어요
낼은 피자도 함께 시켜야겠어요"
ba_13580972,2025-07,ba_2025072402217159,5.0,-0.6,high_rating_negative_text,"요청사항대로 잘 보내주셨는대요.
아프신 아빠가 너무 짜다고 하시면서 거의 안 드셨어요ㅜㅜ
제가 간병하느라 힘이 들어서 주문했는데 아빠가 잘 못 드셔서 속상해요.
저도 너무 짜서 물 엄청 먹었는데도 혓바닥이 아프더라구요.
다음 주문때는 짜지 안게 해서 보내주세요."
ba_13639608,2025-05,ba_2025051601980580,5.0,-0.2,high_rating_negative_text,"늘 믿고먹는 고추바사삭
치즈볼 근데 진짜마싯네용
담에먹을때 추가해야겠어욤"
ba_13639608,2025-05,ba_2025052501938416,5.0,-0.4,high_rating_negative_text,평소랑 다르게 치킨이 너무 딱딱했어요…
ba_13639608,2025-07,ba_2025071601195812,5.0,-0.4,high_rating_negative_text,"늦은 밤 입이 심심해서 야식으루 주문했습니다 !
달밝 갯수는 12개정도? 되었던거 같은데 식사대용으로 먹기엔 조금 부족할거 같아요 ㅎㅎ
닭발 전문점 못지 않았던 맛 👍🏻👍🏻"
ba_13651212,2025-06,ba_2025061102335830,4.0,-0.2,high_rating_negative_text,전복 3배인 메뉴 치곤 전복은 생각보다 적었어요.
ba_13683573,2025-05,ba_2025052801737875,1.0,0.6,low_rating_positive_text,전복죽을 개봉한 순간 버섯죽인줄얄았네요. 전복을 조금더 푸짐히 먹어보려고 2배전복죽으로 했는데 기대이하네요..전복맛도 안 느껴지고 전복존재도 안 느껴지고
ba_13752011,2025-05,ba_2025050902542363,4.0,-0.6,high_rating_negative_text,배달 예상 시간보다 넘 늦게 옴..
ba_13752011,2025-05,ba_2025050902542363,4.0,-0.6,high_rating_negative_text,배달 예상 시간보다 넘 늦게 옴..
ba_13752011,2025-07,ba_2025070502869882,4.0,-0.6,high_rating_negative_text,리뷰도 누락되고  배달도 오류나고 먹기 힘드네요
ba_13918069,2025-04,ba_2025042601324467,5.0,-0.4,high_rating_negative_text,"단팥죽이 하나도 안달아요 
뭘 깜박하셨을까요? 당도 기본으로 해서 적당한 달콤함을 대했는데 아쉬워요"
ba_13969584,2025-06,ba_2025060902788961,5.0,-0.4,high_rating_negative_text,양도 많고 닭다리도 엄청 실하고 다 좋은데 조리 완료되고 콜이 늦게 잡혔을까요ㅠ 식지는 않았는데 바삭함이 하나도 없고 눅눅해요.. 이부분이 넘 아쉽습니다
ba_14092187,2025-06,ba_2025060902619185,5.0,-0.2,high_rating_negative_text,"굽네 고추바사삭 식사점 이 일산에서 서열1위 입니다.
 진짜 잘 구워진 고추바사삭 인 메뉴 였습니다.
먹어본 고추바사삭 중에 서열 안에 들어 가요~
식사점 굽네가요~"
ba_14092187,2025-07,ba_2025070800951053,5.0,-0.4,high_rating_negative_text,"소스가 적어서 그런지 자극적인 맛은 아니고 담백해요
같이 온 소스는 치킨이랑 궁합이 애매하네요 개인적인 의견입니다"
ba_14117511,2025-05,ba_2025051702690500,2.0,0.6,low_rating_positive_text,"굽네치킨 및 리뷰작성도 처음인데 왜 이 메뉴가 인기1위인지 모르겠네요 탄맛에 바사삭이 아니라 눅눅?!푸석하네요 소스맛으로 먹는건지 솔직후기입니다(참고로 배달이 많이 늦었고 한집배달로 주문함) 작성 안할려다 약속 했기에 양심상 찜 및 리뷰는 씁니다 
개인적으로 재주문할 일은 없을거 같네요 그래도 양은 정말 많아요~배고팠지만 더 이상 안먹고 버릴거 같지만요 사진은 박스 안쪽 치킨굽기 상태임"
ba_14117511,2025-05,ba_2025051902952542,1.0,0.6,low_rating_positive_text,음식은 맛있었지만 가게배달로 이용했는데 비가 많이 오는 날씨가 아님에도 불구하고 겉의 포장이 다 젖어서 왔습니다
ba_14117511,2025-05,ba_2025052200335594,1.0,0.4,low_rating_positive_text,와 모든 치킨이 물렁뼈 있고.. 퀄리티 안좋은 치킨 쓴 티 너무 나요..토할뻔했어요..나 원래 굽네 짱 좋아하는데 왜이래 갑자기..아니 순살이 물런뼈 이렇게 많아 원래? 무슨 삼계탕도 아닌데 뭐죠
ba_14117511,2025-06,ba_2025060303088477,5.0,-0.4,high_rating_negative_text,닭냄새가 좀 났습니다.
ba_14117511,2025-06,ba_2025061200116308,5.0,-0.2,high_rating_negative_text,"이제 여기서만 시킬거가타여…
크기도 완전 크고 양도 더 많이 오는거같아여ㅠㅋㅋㅋ
야식 완전 잘머것씁니당☺️"
ba_14117511,2025-06,ba_2025062803183094,1.0,0.2,low_rating_positive_text,비도 안오는데 포장이 다젖어서 왔어요. 일부러 가게배달로 시켰는데도요. 바삭함이 전혀 없어요.
ba_14117511,2025-07,ba_2025070302601082,2.0,1.0,low_rating_positive_text,오븐이라 탄거 같긴한데… 탄맛이 좀 나요.. 껍질에서 살짝 탄맛의 쓴 느낌이 나서.. 우선 먹었는데 고기 자체는 맛있는데 진짜 탄맛이 나서..
ba_14228061,2025-06,ba_2025060602486784,5.0,-0.2,high_rating_negative_text,"식고 눅눅하고.. 배달이 아쉬워요
빨리 배달되면 역대급 ㄱㅊ은 고추바사삭일 것 같아요
또 주문할게요~"
ba_14229365,2025-04,ba_2025042602601509,5.0,-0.2,high_rating_negative_text,고추바사삭 주기적으로 먹어줘야 하거든요ㅎㅎ 마블링 고블링소스 번갈아 찍먹하면 한마리 순삭입니다!
ba_14229365,2025-07,ba_2025070601662104,5.0,-0.4,high_rating_negative_text,"역시 고추바사삭은 사랑입니다
동네 굽네치킨은 맨날 늦게 오픈해서 조금 먼거리에서 시켰는데도 따듯하게 잘 배달와서 감사하게 먹었습니다:)"
ba_14229365,2025-07,ba_2025070901930195,1.0,0.2,low_rating_positive_text,콜라 너무 따뜻해요
ba_14229365,2025-07,ba_2025071400006203,5.0,-0.2,high_rating_negative_text,너무너무 마싯엇어요 ㅠㅠ.. 치즈볼 진짜 고소하고 쫀득하니까 꼭 시켜드세요!
ba_14229365,2025-07,ba_2025071600123520,5.0,-0.2,high_rating_negative_text,담백하고 괜찮아요. 기름도 잘 빠져있네요.
ba_14238012,2025-06,ba_2025061101659574,5.0,-0.2,high_rating_negative_text,"배민으로 픽업주문시, 매장 원가격보다 1000원 비싸다는 걸 공지사항에 넣어주시면 좋겠어요. 배달비 때문에 일부러 픽업해서 가져오는건데, 미리 알았다면 직접가서 주문했겠지요."
ba_14249433,2025-06,ba_2025063002788997,5.0,-0.2,high_rating_negative_text,와 에그타르트..!!?!?!!!
ba_14250328,2025-06,ba_2025060202673484,1.0,0.2,low_rating_positive_text,"치긴과 포테토 완전 식어서 맛없었음
이렇게 식은걸 배달하시다니 ㅠ"
ba_14251741,2025-05,ba_2025050902763878,4.0,-0.2,high_rating_negative_text,리뷰이벤트 웨지감자도 안왔고 양이좀적어요
ba_14260091,2025-05,ba_2025051202936193,1.0,0.2,low_rating_positive_text,날개도 하나가 없고 튀김옷도 거의 뜯어져서 너덜너덜하게 오고 뜯겨져있는 조각도있어요 저녁에 기분좋게 먹으려 시킨건데 찝찝하네요
ba_14260091,2025-05,ba_2025052902615843,5.0,-0.2,high_rating_negative_text,아들이 옥수수를 싫어해서 피자에 옥수수 알갱이를 빼달라고 요청드렸는데 어떠한 메세지도 없이 그냥 있네요..아쉽습니다.
ba_14260091,2025-06,ba_2025061502688854,4.0,-0.6,high_rating_negative_text,오랜만에 고추바사삭 먹고 싶어서 시켰는데 제로콜라 누락되서 20분 기다리고 먹었네요 콜라도 받아보니까 냉장고 안에 있던게 아니였던거 같던데 엄청 미지근했어요;
ba_14260091,2025-06,ba_2025062202310994,4.0,-1.0,high_rating_negative_text,배달도 늦게왔지만 치킨도 덜익어서 왔어요.. 전체적으로 아쉽네요.
ba_14260091,2025-06,ba_2025062300007606,5.0,-0.2,high_rating_negative_text,정량일 때 수위가 어느정도인지는 몰라도 비주얼적으로 좀 그렇네요....
ba_14260091,2025-06,ba_2025062902374715,5.0,-0.2,high_rating_negative_text,"믿먹 볼케이노
근데 언제부턴가 순살 양이 적어진 느낌 ㅠ"
ba_14260091,2025-07,ba_2025070902503773,5.0,-0.2,high_rating_negative_text,첫주문이라 기대했는데 피자가…….생각이랑 달리 왔네요 좀 아쉽네요 쌈싸먹는 피자인줄 알았어요! 토핑 따로 빵따로? 안먹고 다른피자 주문했어요 하……
ba_14260091,2025-07,ba_2025071303144639,1.0,0.6,low_rating_positive_text,기분 안좋아요
ba_14270904,2025-06,ba_2025063001565847,4.0,-0.2,high_rating_negative_text,정해진 시간에 안 와서 (40분 늘어남) 확인 전화드렸는데 죄송하시다며 무슨 볼? 넣어주셨다고하셨는데 없더라구요 치킨도 다 식어서 왔구요 제가 알뜰배달로 시킨건 맞지만 배달기사님도 다른 곳 들렸다가 오시고 오랜만에 고추바사삭 시켜먹은거였는데 조금 아쉬웠습니다
ba_14271330,2025-05,ba_2025051102882960,1.0,0.2,low_rating_positive_text,고추바사삭이 하나도 바삭안하고 눅눅한건 뭐죠?
ba_14276685,2025-05,ba_2025051902551946,5.0,-0.6,high_rating_negative_text,"신짬뽕죽에 해물이 하나도 없고 죽이랑 콩나물만 있네요
이게 맞는건가요?

실수이신거 같은데 먹었으니 환불은 괜찮습니다.^^"
ba_14276685,2025-05,ba_2025051902551946,5.0,-0.6,high_rating_negative_text,"신짬뽕죽에 해물이 하나도 없고 죽이랑 콩나물만 있네요
이게 맞는건가요?

실수이신거 같은데 먹었으니 환불은 괜찮습니다.^^"
ba_14277930,2025-05,ba_2025050300468863,5.0,-0.4,high_rating_negative_text,소불고기 비빔밥을 주문  했는데  나물이 쉰것 같아요~ 뚜껑을 오픈했는데 쉰 냄새가 확 올라 왔어요~ 나물만 버리고 그냥 비빔밥을 비벼 먹었어요~
ba_14296954,2025-07,ba_2025072002395921,1.0,0.2,low_rating_positive_text,다이어트 치킨으로 좋을 거 같아서 시켰더니 나말고 닭이 다이어트를 했네요? 이게 이만원이 넘는게 기가 찹니다...참나
ba_14309634,2025-07,ba_2025070502552318,5.0,-0.2,high_rating_negative_text,"안녕하세요~ 사장님 딸이 늘 시켜달라 졸랐었는데 
동네서 늘 실망한 경험에 안시켜줬었어요~
이번 기말 끝난 딸 소원 들어 줄 겸 
리뷰 보고 먼 삼성2점 첨 시켜 먹고
평소 먹던 곳과 너무 차별 된 맛이라
이제서야 굽네치킨 맛을 알게됐어요;;
온가족이 극찬하면서 먹었네요😍👍👍👍

댓글 비공개인 이유는..
동네 지점이 시카고 피자가 오히려 더 강하던데
개별 조리인건지 냉동납품 조리 된 일괄적인 상품인건지?
궁금합니다~ 체인마다 "
ba_14309634,2025-05,ba_2025052802727590,5.0,-0.2,high_rating_negative_text,마싯는데 오늘 오버쿡 돼서 타서 왓어요 ㅠㅠ
ba_14332090,2025-07,ba_2025071301720878,4.0,-0.4,high_rating_negative_text,맛은 있는데 배송때매 예상시간보다 20분늦게 받음
ba_14387630,2025-05,ba_2025052902429570,5.0,-0.2,high_rating_negative_text,갓 튀기셔서 진짜 따끈따끈했어요!!
ba_14388856,2025-05,ba_2025051002016716,5.0,-0.2,high_rating_negative_text,피자랑 치킨은 괜찮았는데 배달이 늦어져서 그런지 다 식어서 왔어요ㅠㅠ 치킨이 딱딱했어요. 금방 왔으면 더 맛있었을텐데 아쉬웠어요.
ba_14388856,2025-05,ba_2025051800360397,5.0,-0.4,high_rating_negative_text,"비가 오고 그래서 그런지.. 배차가 안 되고 많이 늦게 도착해서 치킨이 좀 식었는데, 그럼에도 불구하고 맛이 있어서 기다린 보람이 있었네요 잘먹었습니다"
ba_14388856,2025-05,ba_2025051800360397,5.0,-0.4,high_rating_negative_text,"비가 오고 그래서 그런지.. 배차가 안 되고 많이 늦게 도착해서 치킨이 좀 식었는데, 그럼에도 불구하고 맛이 있어서 기다린 보람이 있었네요 잘먹었습니다"
ba_14388856,2025-06,ba_2025062302922407,5.0,-0.4,high_rating_negative_text,"양이 보기보다 많아요. 
오븐구이라서 기름지지 않고 담백해요
시즈닝도 어느정도 되어 있어서
적당히 간도 맞아요"
ba_14392310,2025-06,ba_2025061400002556,4.0,-0.2,high_rating_negative_text,"사진상으로는 잘 안보이시겠지만.. 비가와서인지 튀김옷이 너무 눅눅하고 물에젖은느낌이였어요..
고추바사삭이 최애인데.. 오늘은 많이 아쉬운 식사였어요.. 치즈볼은 정말 맛잇엇습니다ㅠㅠ 물론 닭의 촉촉함과 기름짐은 정말 좋았지만 튀김옷이 많이 실망스러웠네욥 ..ㅠㅠ"
ba_14396364,2025-07,ba_2025071401467251,1.0,0.2,low_rating_positive_text,죽에서 탄맛이나고 검은재가 보이는데 이정도면 사장님도 탔다는걸 인지하셧을텐데 그냥보내시나요?
ba_14437626,2025-05,ba_2025052801812471,5.0,-0.4,high_rating_negative_text,"아무리 리뷰서비스로 주는거라지만 소떡소떡은 비조리인가 싶을 정도로 딱딱해서 먹을수조차 없는 상태였고, 주문 옵션란에 추가 사이드를 기본으로 설정해두시는게 맞나 잘 모르겠습니다. 닭도 이렇게 희멀겋게 오는 곳은 처음 봅니다 .."
ba_14437626,2025-07,ba_2025071101009088,5.0,-0.6,high_rating_negative_text,"사장님..어제 바로 전화 드릴려했는데 가게 마감하셔서 제가 진짜 웬만하면 그냥 먹는데 껍질이 다타서 도저히 참고먹을 정도가 아니더라고요,, 먹다가 죽을거 같아서 못먹었지만 그래도 별5개에 사장님께만 보이게 적겠습니다"
ba_14437626,2025-04,ba_2025042802946440,5.0,-0.6,high_rating_negative_text,"사진은 못 찍었네요
튀기지 않아 담백하고 늦게 먹어도 부담이 많이 없어요~번창하세요~^^"
ba_14440680,2025-05,ba_2025050902913389,2.0,1.0,low_rating_positive_text,원래 고추바사삭 좋아했는데 제 입맛이 컨디션 타는지 오늘은 맛있게 안느껴지네요
ba_14440680,2025-05,ba_2025051401509625,1.0,0.4,low_rating_positive_text,"이굽네 저굽네 많이 먹어봤는데
유일하게 다른 맛이 나요
이상한 맛이 나고요 
순살치킨인데 고기 색깔도 회색이에요
굽네 처음으로 반도 안먹고 못먹겠어서 버렸어요
안좋은 리뷰는 웬만하면 안남기는데
정말 죄송하지만 진짜 뭔가 고쳐져야 할 것 같아요"
ba_14440680,2025-06,ba_2025061400006473,1.0,0.2,low_rating_positive_text,튀김이 눅눅해서 맛이 앖어요
ba_14458025,2025-06,ba_2025062200627695,2.0,0.8,low_rating_positive_text,"비가와서 그런건지..튀김온도가 안맞는건지 눅눅해서 니맛내맛도 없었어요.ㅠㅠ
...애들은 한입먹고는 고추바사삭 원래는 겉바속촉인데 이거는 왜이래 한마디 하고는 한입먹고는 입에도 안대고
남편도 이래 맛없는걸 돈주고 사먹냐고...
돈이 아깝다고 잔소리하고...
도대체 왜그러나 싶어서 먹어봤더니 치킨이 눅눅해서 도저히 치킨맛이라고는 찾을수 없었던..
주문실패작입니다.
겉바속촉은 어디로 사라진것인지...
이유가 뭔지 사장님은 고민해보셔"
ba_14463467,2025-07,ba_2025071601008161,5.0,-0.2,high_rating_negative_text,오랜만에 맛나게 먹었는데 떡볶이에 어묵이 너무 별로예요.  차라리 떡만 있는게 나을거 같아요.
ba_14463467,2025-05,ba_2025050802516024,4.0,-0.4,high_rating_negative_text,리뷰쓴다했는데 안왔네요 닉네임도 적으래서 적었는데 리뷰때메 화명점시켰는데..
ba_14464913,2025-06,ba_2025062102411332,5.0,-0.2,high_rating_negative_text,굽네 진짜 오랜만에 먹는데 너모 마싯내요 ㅜㅜㅜ잘 머것습니당
ba_14488211,2025-07,ba_2025070802485920,5.0,-0.2,high_rating_negative_text,"고추바사삭인데, 바사삭하지 않음. 살고기양이 적음"
ba_14488211,2025-07,ba_2025072501877411,4.0,-0.2,high_rating_negative_text,"같이주문한 콰트로치즈웨지감자 
시즈닝이 너무 적어요 이럴거면 그냥 웨지감자먹지"
ba_14528412,2025-05,ba_2025050802569069,5.0,-0.2,high_rating_negative_text,"기름기 없는 굽네 치킨 , 느끼하지 않아 끝까지 다먹었어요. 
 먹는데 정신 없어 사진은 없네요."
ba_14556221,2025-06,ba_2025061702593767,4.0,-0.4,high_rating_negative_text,떡볶이가 조리가 아니라 렌지에 돌리는건가 보네요 가운데빼곤 죄 딱딱해서 ;;
ba_14557869,2025-06,ba_2025061102400073,5.0,-0.2,high_rating_negative_text,진짜 넘마딧어요💙💙💙💙
ba_14557869,2025-07,ba_2025071301653338,4.0,-0.8,high_rating_negative_text,배차때문에 많이늦게 받았어요 고추바사삭 먹고싶어서 오래 기다려서 먹었는데 사장님이 신경쓰신게 느껴졌지만 식어서 눅눅해져서 먹는데 아쉬움이 컸네요ㅜ
ba_14563145,2025-05,ba_2025051202699390,5.0,-0.4,high_rating_negative_text,"사진 위쪽에 보시면 누군가 음식에 손으로 뜯은듯한 닭이 보입니다... 조리해서 넣다가 그런건지 아니면 누군가가 잡아먹은건지 아쉬울 따름입니다
자주 시켜먹는데 평소와 다르게 와서 이렇게 남깁니다 참고부탁드립니다 
지난번에도 저렇게 순살이 한쪽만 부족한 느낌으로 왔는데 배달자가 수상한걸까요???"
ba_14575172,2025-06,ba_2025063002962315,1.0,1.0,low_rating_positive_text,"치킨 잘못배달와서 전화했는데 별로 미안해하지도않고 다시 갖다준다하시네요.
40분이나 기다려야하는데...
말이라도 정말 죄송하다 어쩌냐하면 얼마나 좋을까요..
그리고 주문취소 후 다시 주문을 해야하는 번거로움도 있었습니다.
적어도 서비스 작은거라도 주면서 미안함을 표시해야하지않나 하는 아쉬움이 있습니다.
어차피 재배달왔을때  배송기사님께 알아서 처리라하라고 하시던데..
기다리는동안 드시고 계시라 정말 죄송하다해도 어차피 입도안될"
ba_14578524,2025-07,ba_2025071802810407,5.0,-0.4,high_rating_negative_text,"아니 장각 시킨줄알았는데
일반으로 잘못시켜서 자괴감느끼고있는중에
한입하고 바로 끄덕끄덕 해버렷네..
역시 갓굽네"
ba_14578524,2025-05,ba_2025051602418757,5.0,-0.2,high_rating_negative_text,"순살치킨안에서 이런뼈가나왔는데 큰아이가 먹다밷었습니다 
6살짜리 둘째가먹지않아서 다행이네요 
일부러 추가금낸 순살이라ㅠㅠ
순살안까지 보실순없으니 어쩔수없다생각해서 사장님만 보이시게 리뷰남깁니다"
ba_14582073,2025-06,ba_2025060802469869,5.0,-0.4,high_rating_negative_text,너무 딱딱해서 이가 너무 아팠어요 오버쿠킹됐나봐요 다음에는 좀 더 신경써주세요
ba_14582073,2025-07,ba_2025071401698148,4.0,-0.8,high_rating_negative_text,다른 곳보다 너무 짜요.. 소금덩어리인데..매콤한 소스랑 같이 먹었는데도 짜고 그냥 먹어도 짜서 아쉽네요..
ba_14593720,2025-04,ba_2025043002440084,4.0,-0.2,high_rating_negative_text,굽네만 시켜먹고 있어요 오늘은 아쉽게 무를 깜빡하셨네요 ㅜㅜ 그냥 먹습니다 다음에 한 개 더 챙겨주시길 부탁드려요
ba_14593798,2025-07,ba_2025071502598337,5.0,-1.0,high_rating_negative_text,"조리중 무슨일이 있으셨는지 모르겠지만 윙.봉은 부드럽고 가슴살은
딱딱하고 말라있었어요 갯수도 두개 들어있었는데 하나만 있구요
부위벌로 주사위 만한 크기로 잘라나온게 많구요...
볼케이노 출시부터 지금까지 즐겨먹는 메뉴인데 오늘 퀄리티는
최악이네요...한번더 시켜먹어보고 개선되지 않으면 점포를
옮기던지 메뉴를 바꾸던지 할것같습니다.

부디 메뉴얼을 준수하여 잘 조리해주시길 당부드립니다."
ba_14597164,2025-06,ba_2025061200607347,5.0,-0.2,high_rating_negative_text,닭냄새도없고 짜지도안코 왜케맛나여 대박 새벽5시면음식 대충오는데 기븐조케맛잇게먹엇읍니다 이제 치킨은 항상 여기로^^
ba_14597164,2025-07,ba_2025070600100502,1.0,0.2,low_rating_positive_text,고추바사삭 이렇게 맛없는 지점 처음이네요
ba_14597164,2025-07,ba_2025071103056362,2.0,0.2,low_rating_positive_text,튀김옷이 덜 익은건지 밀가루맛 나고...가루같은게 입안을 맴도네요ㅠ
ba_14597164,2025-07,ba_2025071201472273,2.0,0.4,low_rating_positive_text,"포장상태 좋습니다.
맛,양 시카고 피자라고 부를수없습니다.
토마토 소스 느끼기 힘들고 치즈 안흐르고 단호박 퓨레가 느껴집니다."
ba_14597164,2025-07,ba_2025072402774527,1.0,0.2,low_rating_positive_text,와 진심 역대급 노맛. 담부턴 여기 절대 금지
ba_14597164,2025-07,ba_2025072402139071,1.0,0.2,low_rating_positive_text,다 태워서 보냈네요 눅눅하고 탄맛에다가 비추합니다
ba_14598667,2025-06,ba_2025062400121967,5.0,-0.2,high_rating_negative_text,"콩나물국을 조금만 더 달라고 말씀드렸는데
안 주셔서 아쉬웠습니다."
ba_14615149,2025-06,ba_2025061602079836,4.0,-0.6,high_rating_negative_text,양 너무 작은거 아니에요 사장님 ㅠㅠㅠ 담엔 마니 주실꺼죠! 배고픈데 실망이에요! 다음에 또 시킬꺼니깐 그땐 기대할게요?!!
ba_14615149,2025-06,ba_2025061802698815,5.0,-0.2,high_rating_negative_text,스위치온 하다가 시켜 먹었는데 진짜 극락..
ba_14615149,2025-07,ba_2025071302358537,1.0,1.0,low_rating_positive_text,"추성훈님이 너무 맛있게 드시길래 주문하려했더니 동네 주변 모두 품절이더라구요.
강대효자점은 좀 멀지만 품절이 아니라 주문했는데...
너무 구운건지, 닭이 싱싱하지 않은건지 푸석푸석하고 닭도 작습니다.
맛있었으면 적은 양은 커버되지만... 그렇지 못해 아쉽네요.
편의점에서 사발면에 삼각김밥 사와서 배채웁니다."
ba_14620216,2025-07,ba_2025072302882891,1.0,0.6,low_rating_positive_text,"6마리 13만원어치 1000원할인받고주문
50분걸린다는 도착시간오케
근데 도착해야할 시간에 라이더지정도 안되었으나 업체도 배민도 내가 연락전까지  연락없음
자기들도 어쩔수없다는데 어이없고
다식어빠진 치킨 어쩔수없이 행사시작 덕분에 행사시작후 30분후에받았으니 맛있을리 절대 없음
절대안시킵니다 이제"
ba_14623314,2025-06,ba_2025061403174296,5.0,-0.2,high_rating_negative_text,불닭이랑 같이 먹었어용 ㅠㅠㅜ 진짜 고바 쵝오(⌒▽⌒)b 에요!!!
ba_14623314,2025-07,ba_2025070202875766,5.0,-0.2,high_rating_negative_text,"진짜진짜맛잇어요
두마리시켜서 네식구
앉은자리에서 다먹었어요ㅎㅎ"
ba_14623314,2025-07,ba_2025070403143057,5.0,-1.0,high_rating_negative_text,"배달 기사가 운송수단 위반으로 한시간 가까이 늦게 와서
재주문 했네요.
5분거리도 안되는데 두번째건도 종이박스가 눅눅해져서 좀
식었구요.
이건 배차가 늦게 된거 같구요.
바쁜 시간도 아닌데 거의 2시간 가까이 되서 먹으니 참 아쉽네요.

치킨 맛은 좋습니다. 다만 배달이 너무 아쉽습니다.
가까운 거리인데 다음엔 포장으로 해야겠네요."
ba_14625157,2025-07,ba_2025070802849192,2.0,0.8,low_rating_positive_text,"바게트빵은 왜주는거고
뭔 치즈도 겉에만조금있고
소스도 그리많이 없는데 빵은 따로먹으라고준건가 
맛은 있는데 부족하고 소스도없고
치즈도 살짝 이건좀 광고보고시켰는데 
너무 과장된느낌이네요
맛은 있지만 뭔가 속은느낌이네요
먹으면서 생각하는데 오히려
비에이치씨 맛초킹 스틱먹는게
 더 좋았을거라는생각이 들어요"
ba_14649303,2025-05,ba_2025050102455759,4.0,-0.2,high_rating_negative_text,다른 지점보다 싱겁게 느껴지는군요.
ba_14649303,2025-07,ba_2025071202828698,5.0,-0.2,high_rating_negative_text,진짜 전국 굽네치킨중에 원탑임
ba_14652311,2025-04,ba_2025050102523654,2.0,0.4,low_rating_positive_text,"오랬만에 주문했는데 고추바사삭은 맛있었는데
볼케이노는 소스가 바르다만듯하게  와서 좀 아쉬웠네요~그래서 보내주신 소스 뿌려먹었네요"
ba_14652929,2025-06,ba_2025060301912464,5.0,-0.2,high_rating_negative_text,마싯는데 양이 ㅈ123나적어서 같이먹는사람이랑 싸워야함
ba_14652929,2025-06,ba_2025062402489567,5.0,-0.2,high_rating_negative_text,주기적으로 먹어줘야하는 고추바사삭👍
ba_14652929,2025-06,ba_2025062800239365,5.0,-0.2,high_rating_negative_text,먹기전부터 문두들겨 짜증나네요
ba_14654080,2025-05,ba_2025051802059185,5.0,-0.2,high_rating_negative_text,리뷰 콜라1.25받았고 치즈볼2개 먹고..치킨몇조각먹다 급히 찍었네요..주기적으로 먹어죠야하는 고추바사삭..ㅋ..밥과함께~👍🏼
ba_14654080,2025-06,ba_2025061501645807,5.0,-0.2,high_rating_negative_text,가까운 지점들이 실망이어서 여기서만 시켜요 잘먹었습니다
ba_14654080,2025-07,ba_2025071900006992,5.0,-0.2,high_rating_negative_text,헛 먹느라 리뷰 깜빡할뻔ㅎ  배달비 공짜에 할인까지 맛이야 당연히 있고  할인에 배달비 공짜라 배민클럽탈퇴함 어차피 굽네만 거의 먹어서ㅎ
ba_14658160,2025-07,ba_2025072302697987,4.0,-0.6,high_rating_negative_text,"갈릭디핑소스 품절이라고 전화와서 달콤소스로 대체했는데 
매콤소스 추가한게 누락되고 요블링소스가 왔네요...^^...."
ba_14663534,2025-05,ba_2025050802952059,1.0,0.2,low_rating_positive_text,"고추바사삭인데 안바삭합니다 눅눅해요
오리지날이랑 차이가없습니다"
ba_14663534,2025-05,ba_2025051200103584,1.0,0.2,low_rating_positive_text,"바삭한 치킨도 아니고
눅눅한 치킨도 아니고
고무껍질 정도?"
ba_14663534,2025-07,ba_2025071702970236,1.0,0.4,low_rating_positive_text,치즈같은거 다 굳었고 닭 비린내나고 리뷰가 낮은데에는 이유가 있습니다 괜찮겠지 하고 시키다가 괜히 입맛 떨어집니다 리뷰 좋은곳에서 시키세오
ba_14666363,2025-07,ba_2025070602393624,1.0,0.4,low_rating_positive_text,"제가 정말 좋아하는 고추바사삭인데 이건 바사삭이아니라 냉동제품수준이네요 그냥.
흐물흐물하고 바삭함이란 1도 찾아볼 수 없고
억지가 아니라 그냥 말이 안됩니다. 고추찜이 왔어요 얼린거 해동한거마냥 맛도 하나도 없고 소스를 찍어야 꾸역꾸역 들어갈 정돕니다. 건강상 달에 몇번 먹지도 못하는 외식 참아가며 오랜만에 배달 시켰는데 정말 열받아요
 심지어 파스타에는 먹다가 입에 뭐가 찝혀서 뱉어보니 비닐 조각이 나오네요. 정말 불쾌한 저"
ba_14669107,2025-06,ba_2025060203015635,5.0,-0.6,high_rating_negative_text,"맛이 좋아서 더 아쉬웠에요
배달이 늦어진건지 만들고 늦게 배달하신건지
다 식어서 배달이왔에요 ㅠㅠ"
ba_14669107,2025-06,ba_2025061402874349,5.0,-0.6,high_rating_negative_text,사장님 리뷰 잠시 잊고 있었다가 말씀드리는 과정에서 이렇게 쓰게 되네요..제가  4시쯤 주문을 했고 다시 데워 먹으려고 접시에 담는 과정에서 맨 밑바닥에 있던 치킨에 비닐이 붙어 있더라구여..치킨을 뒤적 거리면서 먹지도 않았지만 그리고 맨 밑바닥에 있는 거였어요.. 그래도 혹시 내 불찰로 들어간건가 ?계속 생각하고 소스통들을 확인했는데 색도다르고 한번에 까서 그것도 불가능 하거든여...들어갔다 해도 맨 밑바닥에 치킨에 붙을수 
ba_14669107,2025-06,ba_2025062502780621,5.0,-0.2,high_rating_negative_text,확실히 기름에 튀기지 않아서 느끼하지도 않고 기름이 덜해서 좋습니다~콜라가 필요 없을 정도 입니다
ba_14669107,2025-07,ba_2025071801872829,1.0,0.6,low_rating_positive_text,장각구이 광고보고 맛있을것같아서 주문했는데 향신료향이 나는줄은 몰랐네요ㅠㅜ 개인적으로 향신료향을 안좋아해서... 아이가 먹기에는 매워요.
ba_14669109,2025-06,ba_2025061402802186,5.0,-0.4,high_rating_negative_text,양이 조금 부족했던건지 먹던중 갈비천왕 주문했습니다~
ba_14669109,2025-06,ba_2025062900330409,5.0,-0.2,high_rating_negative_text,"오리지널 7조각 볼케이노 7조각 총 14조각인데 원래 양이 이게 맞나요? 양이 맞으면 별점은 바꿔드리겠습니다 
/전화를 받은적은 없지만 여튼 양이 맞다고 하시니 별은 바꿨습니다"
ba_14673431,2025-05,ba_2025051402857059,4.0,-0.6,high_rating_negative_text,감자튀김이 딱딱해도 너무 딱딱해요... 까득! 소리나서 잘 베어질 정도로..ㅠㅠ 일부러 순살했는데 오돌뼈도 자꾸 나오구요... 조금만 더 신경써주시면 감사하겠습니다
ba_14673434,2025-07,ba_2025071402745282,5.0,-0.4,high_rating_negative_text,항상 시켜먹는 치킨입니당 이번에 콜라가 누락되서 왔었는데 비를 뚫고 콜라 다시 배달해주셔서 너무 감사합니당!
ba_14673434,2025-07,ba_2025072001017765,5.0,-0.2,high_rating_negative_text,근데 양이 너무 적어요...
ba_14673434,2025-07,ba_2025071002280808,5.0,-0.2,high_rating_negative_text,배달이 늦어져서 그랬던건지 치킨이 눅눅하게 도착했었습니다. 배고파서 그냥 먹긴했지만 다음번엔..
ba_14675307,2025-06,ba_2025061202282180,5.0,-0.2,high_rating_negative_text,ㅠㅠㅠㅠ 예전에 시킬때는 치즈가 흐르는 느낌의 피자였는데 지금 뭔가 오버쿠킹이 된건지.. 에그타르트같은느낌이.. 레시피가 바뀐건가요.. ㅠㅠㅠㅠ
ba_14675307,2025-07,ba_2025071402790652,1.0,0.2,low_rating_positive_text,"장각구이 맛은 보통임 재구매의사는 없음
배달완료시간이 지났으면 연락을 먼저 주던가 
배달완료시간에도 배달출발안해서 기달리다가 
매장에 전화했는데 전화도 안받고 불안해서 취소할려고하는데 배달중으로 바뀜"
ba_14675307,2025-06,ba_2025060202758033,5.0,-0.2,high_rating_negative_text,"늦어짐ㅋㅋ
인내심 필요.
걍 웃고 가요."
ba_14685750,2025-05,ba_2025050602770452,4.0,-1.0,high_rating_negative_text,"닭은 짜고 피자는 다~식었어 왔네요~ㅠㅠ
우리집하고 5분거리~뜨거운피자는 아니어도 따뜻한 피자는 먹을수 있을꺼라~ 생각했는데~조금많이 실망했어요~"
ba_14685750,2025-06,ba_2025061602496996,4.0,-0.4,high_rating_negative_text,주말에 비도오고  거리가 있어 그런지 배달늦고 치킨도  식어서 좀 아쉽네요ㅜ
ba_14685750,2025-06,ba_2025061902644969,5.0,-0.4,high_rating_negative_text,"최근 굽네는 고추바사삭만 먹다가 오랜만에 오리지널의 담백한 훈제향이 그리워져서 먹었는데 탁월한 선택...! 특별한 양념 없이 먹어도 고소한 풍미를 느낄수 있고 양념들에 번갈아 찍어가며 먹으면 질릴틈도 없고, 무엇보다 튀긴게 아니다보니 다이어트 할때도 타격이 별로 없어서 죄책감도 덜한게 너무 좋습니다ㅋㅋㅋㅋ"
ba_14685750,2025-06,ba_2025062701882408,5.0,-0.2,high_rating_negative_text,다리가 진짜 커서 왕놀람 지금까지 먹어본 굽네중에 제일 마싯어요ㅠㅠㅠ
ba_14686997,2025-05,ba_2025052003033055,1.0,0.2,low_rating_positive_text,"흠.. 17,500원
작은통 2개 수져 1개니깐 1인분이겠죠
가성비 너무 안좋네요"
ba_14686997,2025-04,ba_2025043002055800,5.0,-0.4,high_rating_negative_text,"와 이 지점 대박입니다. 본죽 근본이에요 ,,,
여기 바로 앞에 사는데 지나갈때마다 맛도리 냄새 + 홀에 손님들 많아서 한번 먹어야지 먹어야지 했거든요. 리뷰 보니까 역시나 본죽 전문가? 매장이었네요 내 코와 먹짱 데이터는 잘못 되지 않아쓰 ,,, 존맛탱 입니다 🥹🥹🥹 포장할까 하다가 배민 상품권 있어서 시켰는데 담엔 직접 가서 포장하려구요. ㅎㅅㅎ"
ba_14686997,2025-06,ba_2025060200474652,5.0,-0.6,high_rating_negative_text,배달이 너무 실망이였어요
ba_14687060,2025-05,ba_2025052103076174,5.0,-0.6,high_rating_negative_text,"늦게까지 하는 본죽 처음봐요!!!
진짜 쥬아요ㅠㅜㅜㅜㅜ
자주 시켜먹을라구여>.<"
ba_14687060,2025-06,ba_2025062501006475,1.0,0.6,low_rating_positive_text,"제가 원래 이런 리뷰 잘 안쓰는데 너무한 것 같아서 씁니다. 회사 근처 선릉역 본죽집이랑 너무 비교되네요. 매생이 굴줄이랑 낙지김치죽 시켰는데
아무리 요즘 경기가 안좋다고해도 굴의
크기와 갯수가 현저히 적어요. 두개로 나눠포장해달라고했는데 한그릇에 작은사이즈 굴 세네개? 정말 너무한거 아닙니까? 선릉역의 3분의1도 안되네요.. 그리고 매생이 양도 너무 적어보여요.. 그냥 매생이와 굴로 국물만 낸 느낌입니다. 본죽 너무 좋아하는"
ba_14687060,2025-07,ba_2025070101694036,5.0,-0.2,high_rating_negative_text,참깨계란새우죽 미쳤어요 진짜마싯슴 ㅠㅠ 제최애죽됬어요
ba_14687119,2025-04,ba_2025042902689415,5.0,-0.2,high_rating_negative_text,항상 대학로점에서 시키다가 이번에 성균관대점 시켰는데 진짜 달라요. 양도 많이달라했는데 정말로 반찬부터해서 많이주셨어요. 앞으로는 본죽은 성균관대 점에서만 시킬거에요!!!
ba_14687166,2025-07,ba_2025072101358954,1.0,1.0,low_rating_positive_text,어떻게 들고오셨길래... 일단 맛있게 먹겠습니다
ba_14687166,2025-07,ba_2025072101358954,1.0,1.0,low_rating_positive_text,어떻게 들고오셨길래... 일단 맛있게 먹겠습니다
ba_14687296,2025-04,ba_2025042602658481,5.0,-0.2,high_rating_negative_text,"매생이굴죽에 굴이 진짜 많아요.
신짬뽕죽에 처음 치즈올려먹었는데 치즈 올리는 거 진짜 잘어울리네요.
본죽 지점마다 미묘하게 맛이 다른데 여기 죽 농도도 좋고 짬뽕죽도 적당히 매워요"
ba_14687315,2025-04,ba_2025042902048894,1.0,1.0,low_rating_positive_text,제육6500원에 다 조사놓은  한입거리고기   양 가격 웃겨서  진심 한참웃음 재료양그람수를 표기해놓으시던가  소꿉장난하시나 삼각김밥속에 들어있을만할걸 6500원에ㅎㅎㅎ 굴죽은 맛있어서 그나마 별
ba_14687318,2025-05,ba_2025053102094145,5.0,-0.4,high_rating_negative_text,"타지점에서 시켰을 땐 별로였는데 여기 엄청 정성스럽게 와서 놀랬어요
감사합니다"
ba_14687327,2025-06,ba_2025062801946859,4.0,-0.4,high_rating_negative_text,"비빔밥은 괜찮아요.
근데 반찬이... 김치 미쳐서 못먹고. 국에서 이상한 약냄새 나요..신경쓰셔야될거같아요."
ba_14687333,2025-05,ba_2025051502649189,5.0,-0.2,high_rating_negative_text,석계역점 본죽 좋아하는데 오늘 짬뽕죽은 좀 아쉬웠어여.간도 완전 싱겁고 매운맛만 조금 나는 맛이었어여. 그리고 가게 잘못은 아니고 배달이 정말 어이없어여. 한집배달로 주문했는데 길건너 다른 아파트 먼저 배달하고 오면 알뜰배달 시키지 모하러 한집배달 시키나여?? 고객센터에 연락했는데 죄송하단 말만 하시는데 그러면  한집배달 주문한 배달비 천원은 왜 제가 내야는걸까여??
ba_14687333,2025-05,ba_2025051502649189,5.0,-0.2,high_rating_negative_text,석계역점 본죽 좋아하는데 오늘 짬뽕죽은 좀 아쉬웠어여.간도 완전 싱겁고 매운맛만 조금 나는 맛이었어여. 그리고 가게 잘못은 아니고 배달이 정말 어이없어여. 한집배달로 주문했는데 길건너 다른 아파트 먼저 배달하고 오면 알뜰배달 시키지 모하러 한집배달 시키나여?? 고객센터에 연락했는데 죄송하단 말만 하시는데 그러면  한집배달 주문한 배달비 천원은 왜 제가 내야는걸까여??
ba_14687333,2025-07,ba_2025072302619827,5.0,-0.2,high_rating_negative_text,"여름이라 그런지 음식을 잘못먹어서
장염걸렸는데 본죽먹고 많이좋아졌어요
사장님 많이파세요"
ba_14687333,2025-07,ba_2025072302619827,5.0,-0.2,high_rating_negative_text,"여름이라 그런지 음식을 잘못먹어서
장염걸렸는데 본죽먹고 많이좋아졌어요
사장님 많이파세요"
ba_14687333,2025-07,ba_2025072302619827,5.0,-0.2,high_rating_negative_text,"여름이라 그런지 음식을 잘못먹어서
장염걸렸는데 본죽먹고 많이좋아졌어요
사장님 많이파세요"
ba_14687335,2025-05,ba_2025051001839546,4.0,-0.6,high_rating_negative_text,"체인점이라  믿고 먹는건데    다식고   생가보다 고기양도적고   본사에서  조정이 된건지  아님 이지점이 적은건지  제육,야채  양 적습니다"
ba_14687335,2025-05,ba_2025051502231346,5.0,-0.8,high_rating_negative_text,사장님~오전에 메추리알장조림~   잘못보내주셔서  다시 배달로받았는데 잘못받은지 모르고 뜯어서 저희가먹었는데 손해보셨을거같아서요 ~ 죄송해요~
ba_14687344,2025-07,ba_2025070801464172,2.0,0.8,low_rating_positive_text,"새우죽이 이상하게 쓴맛이 납니다.
배민하기전부터 몇년동안 전화주문해서도 계속 새우죽을 시켜먹고 이랬는데 이런 적이 처음이네요.
아파도 하루에 새우죽만 연달아 세번 다 먹는아이가 새우죽 싫다고 합니다.
저렴한 것도 아닌데..
아이가 새우죽 맛이 쓰다해도 입맛이 없어서 그런가했는데 가족들 다들 먹어봤는데 다 똑같이 쓴맛을 느껴서 미안했네요. 어른입에도 쓴내가 나서 기분이 안좋네요. 돈들여 주문한건데 상한 새우가 들어간건지 어떻게 "
ba_14687350,2025-06,ba_2025070101609843,5.0,-0.2,high_rating_negative_text,고추장이랑 참기름을 안주셔서..싱거웠어요
ba_14687350,2025-07,ba_2025071502557510,5.0,-0.2,high_rating_negative_text,개마시써요진짜로쩔어요
ba_14687350,2025-07,ba_2025071502557510,5.0,-0.2,high_rating_negative_text,개마시써요진짜로쩔어요
ba_14687350,2025-07,ba_2025071502557510,5.0,-0.2,high_rating_negative_text,개마시써요진짜로쩔어요
ba_14687365,2025-05,ba_2025050302519248,4.0,-0.6,high_rating_negative_text,전복이 살짝 질겨서 아쉬웠어요
ba_14688088,2025-07,ba_2025071701773189,5.0,-0.4,high_rating_negative_text,"주문한 것 중 일부 잘못 온 게 있었는데, 바로 잘 처리해 주셨습니다~"
ba_14688088,2025-07,ba_2025071701773189,5.0,-0.4,high_rating_negative_text,"주문한 것 중 일부 잘못 온 게 있었는데, 바로 잘 처리해 주셨습니다~"
ba_14688088,2025-07,ba_2025071701773189,5.0,-0.4,high_rating_negative_text,"주문한 것 중 일부 잘못 온 게 있었는데, 바로 잘 처리해 주셨습니다~"
ba_14688100,2025-04,ba_2025042702562553,5.0,-0.2,high_rating_negative_text,낙지김치죽 첨 먹어봤는데 진짜 마싯어여 ㅜㅜ 치즈추가 필수!!!
ba_14688108,2025-05,ba_2025053001605432,4.0,-0.2,high_rating_negative_text,계란 들어가있는 죽 먹고 싶어서 사진보고 홍게죽이랑 푸팟퐁커리죽에 계란 들어가있길래 시켰는데 계란 하나도 안들어가있어요. 그리고 불고기.. 아무리 7천원짜리 사이드라지만 너무 조그맣네요… 불고기는 정량이라 어쩔 수 없다고 쳐도 사진에 계란들어가있는데 실제로 계란 안넣어주시는건 사진을 바꾸시던가 설명을 써두시던가 해야할 것 같아요. 그냥 참깨계란죽 시킬걸 그랬네요
ba_14688108,2025-07,ba_2025070402749426,1.0,0.4,low_rating_positive_text,"저번에는 분명히 메뉴사진에 계란 들어있는 거 확인하고 주문했는데 계란이 한건더기도 안 들어있더니
오늘은 추가메뉴로 소불고기 주문했는데 천원 저럼한 제육볶음이 와있네요.
연속 두번으로 이런 일이 생기니 이쯤되면 일부러 이러시나 싶습니다.
다시 보내달라고 하려고 했는데 매장은 닫아서 전화도 안받고요.
하루종일 한술도 못떠서 든든하게 고기 몇점은 먹고 싶은데 아파서 속이 불편해서 빨간 양념을 못 먹을 것 같아 일부러 안매운 소불고기"
ba_14688114,2025-06,ba_2025062201422556,1.0,1.0,low_rating_positive_text,제육 추가가 6500원인데 양이 너무너무 작아요 이거 추가해서 먹지마세요 대충 3000원 받아야할 사이즈 같아요 아무리 사이드라지만 6500원 주고 사먹을 정돈 아닌듯.. 가격이 심각하네요.. 암튼 시키실분들은 참고하세요 죽은 맛있어요
ba_14688197,2025-05,ba_2025050201129503,5.0,-0.2,high_rating_negative_text,아진짜 마싯어요ㅜㅜㅜㅜ
ba_14688336,2025-05,ba_2025051802395690,1.0,0.2,low_rating_positive_text,"음식 받자마자 뚜껑을 열다 짧은 머리카락이 밥에 꽂혀 있어서 밥맛이 떨어지네요. 
앞으론 절대 안시켜 먹을듯 합니다."
ba_14688336,2025-06,ba_2025060901237873,5.0,-0.2,high_rating_negative_text,달라는 수저는 안주시고 반찬은 주지말라고 했는데 다 주시고 매실도 하나 빼먹고.. 죽이라도 시킨게 제대로 와서 다행이라고 해야할지.. 하늘이 무너져도 5점 주는 사람이라 5점은 드리는데 좀 아쉽긴합니다? 사장님?
ba_14688499,2025-07,ba_2025071202872097,2.0,0.8,low_rating_positive_text,한 달 전쯤에 주문했을 때 잣과 밥이 알맞게 갈려서 너무 맛있어서 주문했습니다. 암 환자가 가족인데 그나마 이건 드실 수 있었거든요. 그런데 오늘 주문한 건 밀가루 풀 죽 같은 질감의 전과는 아예 다른 죽이었어요. 조리방법이 변경된 건지요. 너무 아쉽습니다.
ba_14688525,2025-07,ba_2025070602348453,5.0,-0.2,high_rating_negative_text,비싸지만..아플때...맛잇어요..ㅠ
ba_14688555,2025-05,ba_2025050602927070,1.0,0.8,low_rating_positive_text,맛은 다른 지점에 비해 있었습니다. 비닐이 나오기 전까진 좋았네요…
ba_14688555,2025-06,ba_2025060600106465,5.0,-0.2,high_rating_negative_text,출근하는데 속이 너무너무 쓰려서 고통이었는데 밥은 먹어야겠고..하다가 먹은 전복죽은 진짜..👍
ba_14688555,2025-07,ba_2025072401962312,2.0,0.2,low_rating_positive_text,"호박죽 맹맛이에요
달달할줄알앗는데 음.."
ba_14688582,2025-06,ba_2025060802241243,5.0,-0.2,high_rating_negative_text,"전복 2배로 주문하니 정말 가득 들었네요!
소화가 안되 동치미만 요청드렸는데 부족하지 않게 가득채워주셨어요. 감사합니다☺️"
ba_14688602,2025-07,ba_2025072101634976,1.0,0.2,low_rating_positive_text,"다른 리뷰에도 죽에 물 많다는 말 많네요..
죽에 물이 너무 많아요ㅠ 국인줄 알았어요ㅠ
맛없어요ㅠ"
ba_14688609,2025-07,ba_2025071602351400,2.0,0.4,low_rating_positive_text,"전복죽에 전복이 하나도 없고 맛도 흰죽이랑 같아요
전화 문의 드렸는데, 갈기를 선택해서 그렇다고 하시는데 다른 지점이랑 맛도 다릅니다"
ba_14688614,2025-05,ba_2025052401298404,1.0,0.2,low_rating_positive_text,동치미국물이  상태가 안좋네요..
ba_14688728,2025-05,ba_2025052502600794,1.0,0.8,low_rating_positive_text,"고소한맛은 1도 없네요…
재주문의사 없습니다"
ba_14688728,2025-07,ba_2025070402200478,5.0,-0.4,high_rating_negative_text,1~2천원 비싸지만 양과 농도와 반찬으로 승리!
ba_14688728,2025-07,ba_2025072201769691,5.0,-0.2,high_rating_negative_text,맛은 있는 데 최소주문금액이 너무 비싸요...
ba_14688924,2025-06,ba_2025060401506407,2.0,0.4,low_rating_positive_text,"전복죽을 시켰는데 버섯만 한가득으로 왔네요. 평소 본죽 잘 먹는데, 이렇게 전복 안 들어 있는 경우는 처음이라 당황스럽습니다.
그리고 염도도 100%로 주문했는데 간이 정말 안되어있어요... 이 지점은 제가 앞으로 주문을 좀 고려하게 될 것 같네요."
ba_14688924,2025-07,ba_2025070200929680,4.0,-0.4,high_rating_negative_text,찌게에 들어있는 배추가 너무 질겨요
ba_14689395,2025-06,ba_2025060402432838,1.0,0.4,low_rating_positive_text,양도적고 부실한데 맛은 정말 없어요 중간이상만 되면 뭐든 잘 먹는 나인데 진짜 너무 맛없음 돈아까워
ba_14689403,2025-06,ba_2025061802458758,5.0,-0.2,high_rating_negative_text,"홍게죽은 3개로 포장, 낙지김치죽은 2개로 포장이었는데 둘다 2개로 배달와서 아쉬웠어요!"
ba_14689409,2025-07,ba_2025071200005627,4.0,-0.6,high_rating_negative_text,"콩비지 배추가 넘 질겼어요 ㅠㅜㅜ 그릇바닥에 기름이
다 묻어서 아픈데 좀 짜증났어요 ㅠㅠㅜ대체 왠 기름이
이렇게...흥건한지...신경좀 써주세요..."
ba_14689416,2025-06,ba_2025062803156709,1.0,0.2,low_rating_positive_text,"“인생 첫 별점 1점도 아까운 곳”
장사 그렇게 하지 마세요.
주말마다 이곳에서 꾸준히 배달 주문해 왔고, 오늘도 주문해서 식사했습니다. 그런데 이번에는 당도가 아예 없을 정도를 넘어 완전히 무맛이었습니다.
제품 상태 확인이 필요하다고 판단되어 회수 요청을 드렸습니다.

그런데 매장에서는 “본사에서 그대로 조리한 제품이라 문제 없다“고만 하시네요?
그렇다면 그대로 받아서 조리만 한다면,
당도, 염도, 갈기는 어떻게 조절하시는 "
ba_14689416,2025-07,ba_2025072001439599,5.0,-1.0,high_rating_negative_text,"몸이 불편할때 보통 죽을 시켜먹는데 
메뉴 누락없이 꼼꼼하게 한번더 체크하고 보내주셨으면 합니다..
누락된 음식 다시보내달라고 말씀드렸는데 45분이 지나도 오지않네요
저도 자영업자라 별점5점은 남깁니다.."
ba_14689427,2025-07,ba_2025070502330367,1.0,0.6,low_rating_positive_text,맛없어여 죽이아니라 불은밥 데워보낸 맛 입맛이 더 떨어지네요..ㅜ 편의점께 더 부드러워요
ba_14689454,2025-05,ba_2025050801598623,1.0,0.2,low_rating_positive_text,죽을 먹는데 계란껍질이 나왔네요.. 속이 안좋아서 두번 나눠먹었는데 한군데에서만 나왔어요. 다음부턴 주의 부탁드립니다.
ba_14689454,2025-05,ba_2025052101595765,5.0,-0.4,high_rating_negative_text,전복 내장죽 진하고 마싯어용 처음에 죽이 잘못왔는데 대처를 너무너무 잘해주셔서 오히려 죄송할 정도였네요 다음에 또 시킬게용ㅎㅎ
ba_14689454,2025-05,ba_2025052801938914,5.0,-0.2,high_rating_negative_text,낙지김치죽 해장으로 딱 조아여 진짜!!
ba_14689454,2025-05,ba_2025053102094730,1.0,1.0,low_rating_positive_text,맛있게 먹다가 제육 비빔밥에서 이런  비닐 뭉텅이?가 나왔습니다 ㅠㅠ 입맛이 뚝 떨어져서 밥 더 이상 못 먹고 다 남겼네요. 좋아하는 가게인데(가서도 먹고 배달도 시키고) 이런 일이 일어나서 속상합니다. 앞으로는 이런 일 없게 신경 써 주세요
ba_14689472,2025-04,ba_2025042901846822,5.0,-0.2,high_rating_negative_text,죽 반타작으로 이쁘게 잘 나눠 주셨고 쌀도 먹기 편하게 잘 분살라서 소화에도 무리가 없었습니다.
ba_14689548,2025-06,ba_2025061602444794,4.0,-0.6,high_rating_negative_text,일부러 급해서 한집배달 했는데 늦게 오네요
ba_14689573,2025-04,ba_2025043001663981,5.0,-0.2,high_rating_negative_text,"제단골♡♡♡
사장님은 요청사항 잘봐주시고
진짜짱이에오"
ba_14689591,2025-06,ba_2025061501158468,1.0,0.2,low_rating_positive_text,보시다 시피 반쯤 흘러서 왔고 맨 아래에 있는 죽만 흘렀습니다 위에거는 괜찮았구요 본죽 맛이야 훌륭하지만 몸아픈사람이 죽시켰는데 종이백 닦아내고 포장용기 다 닦아내고 이건 아닌듯합니다
ba_14689608,2025-07,ba_2025071701924339,5.0,-0.2,high_rating_negative_text,이렇게 왔다는건 셀줄 아셨다는건데 왜 이렇게 보내신건지 이해가 안가네요..뚜껑 안쪽으로 랩을 씌워주셨으면 세도 이해했을텐데 아쉽습니다
ba_14689608,2025-07,ba_2025071701924339,5.0,-0.2,high_rating_negative_text,이렇게 왔다는건 셀줄 아셨다는건데 왜 이렇게 보내신건지 이해가 안가네요..뚜껑 안쪽으로 랩을 씌워주셨으면 세도 이해했을텐데 아쉽습니다
ba_14689734,2025-07,ba_2025070702036429,1.0,0.2,low_rating_positive_text,토맛나요 ㅠㅠ
ba_14689750,2025-05,ba_2025050201825481,1.0,0.2,low_rating_positive_text,"여태 어느 본죽에서 먹었던 낙김죽 맛이 아니네요
소고기야채죽은 괜찮았습니다"
ba_14689757,2025-06,ba_2025060802764670,1.0,0.4,low_rating_positive_text,"금수저도 아니고 일회용 수저 하나 더 부탁드렸는데
거절해 주셨네요...인심 참 박하십니다... 참으로 불쾌하게 잘 먹었습니다..."
ba_14689766,2025-05,ba_2025052402862433,2.0,0.6,low_rating_positive_text,"이상하네요 죽먹고 싶어서 주문할라 하니 배달되는곳이 딱두군데라 여기서 주문했는데 지금까지 먹어본 삼계죽 중에 제일 맛이 없어요 맛을 아무리 음미해봐도 머라 설명할수없는 맛의 차이가 있어요
고개 갸우뚱거리며 먹는 삼계죽 처음이네요"
ba_14689859,2025-05,ba_2025052101591499,5.0,-1.0,high_rating_negative_text,"언제나 정성이 담긴 음식 감사합니다. 
아이들 컨디션이 좋지 않을 때마다 주문하는데
오늘은 작은 실수가 있었네요. 
주문한 음식이 하나 누락되어 왔어요. 
바쁜시간대라 충분히 이해가니 마음쓰지 않으셔도 될 듯합니다. 
누락된 음식은 부분 환불요청드렸습니다. 
수고하세요"
ba_14689869,2025-07,ba_2025070802120542,5.0,-0.2,high_rating_negative_text,"한집배달인데 너무 늦어요
도착시간이 3번이나 바뀌고 받았네요"
ba_14689869,2025-07,ba_2025070802120542,5.0,-0.2,high_rating_negative_text,"한집배달인데 너무 늦어요
도착시간이 3번이나 바뀌고 받았네요"
ba_14689886,2025-05,ba_2025052301646202,4.0,-0.4,high_rating_negative_text,치즈는 왜 안넣어주셨을까요..? ㅜㅜ 맛있게 먹긴 했는데 아쉽네요 치즈는 환불되면 환불 부탁드려요
ba_14689936,2025-05,ba_2025052602548037,4.0,-0.4,high_rating_negative_text,버섯만 빼달라고 했는데 부추도 빠졌네요...
ba_14689942,2025-06,ba_2025061102900507,5.0,-0.6,high_rating_negative_text,"매생이굴죽 ㅠ 좋아하는디 ㅜㅠ 굴이 별로없어용 ㅠ
지금 굴이비싸나요?"
ba_14689993,2025-06,ba_2025061202668553,5.0,-0.2,high_rating_negative_text,"늘 감사합니다.요청사항도 잘못적었는데
이해해주셔서 감사합니다."
ba_14690002,2025-05,ba_2025052702257471,1.0,0.4,low_rating_positive_text,"김치죽 너무 맛없음
아무맛도 안남"
ba_14690053,2025-06,ba_2025062101712468,2.0,0.2,low_rating_positive_text,아무리 물가가 올라도 그렇지 너무양과질이 성의가 없습니다 13000 낚지덥밥이 이모양이라 그냥 매뉴를 없애시는것이 좋을듯해요 본죽 회사이미지 먹칠합니다
ba_14690057,2025-04,ba_2025050102058538,1.0,0.2,low_rating_positive_text,"저 본죽 좋아해서.. 자주 시켜먹는데요 
새우죽에서 이런 비닐이 나왔습니다
새우죽만 스무번 넘게 시켜먹었는데 이런적 처음이에요…"
ba_14690068,2025-06,ba_2025061602837986,5.0,-0.6,high_rating_negative_text,늦게 시켜서 안 올줄 알았는 데 와서 정말 고맙습니다
ba_14690154,2025-06,ba_2025060400000919,5.0,-0.4,high_rating_negative_text,"아플때 본죽은 무조건대화점역점에서만 먹어요
매번 요청사항 잘들어주셨는데 첨으로 장조림이 잘못왔지만 바로 고객센터 통해서 처리해주셨어요"
ba_14690677,2025-05,ba_2025053002652548,5.0,-0.4,high_rating_negative_text,"매일 똑같은 메뉴에
3통으로 소분해서 시키는 1인입니다
9일만에 다시 시켜먹었는데
오늘은 호박죽도 쇠고기야채죽도
제 입에는 조금 싱겁네요
오늘은 아쉬워요🥲🥲"
ba_14690689,2025-06,ba_2025060602669343,1.0,0.8,low_rating_positive_text,"홍게죽은. 게맛이 이맛인지 의문이 들정도로 맛이 이상해요 맛이없네요 가격이 싼것도 아닌데..
전복내장죽은 한입먹었는데 비렸어요 신랑도 비리다고 하네요
김치내장죽만 먹을만해요"
ba_14690695,2025-06,ba_2025060300804705,5.0,-0.4,high_rating_negative_text,"항상 저의 해장을 해결해주는 구산점입니다
요청사항 김침가득2개 너무감사합니다
주문목록 중 배즙이 한개 누락되었지만 괜찮습니다
다음에 기록하시고 한개 더 챙겨주세요🤗"
ba_14690722,2025-06,ba_2025060202637426,5.0,-0.4,high_rating_negative_text,"사장님 장조림도 같이 주문했었는데 누락되서 전화드리니 바로 문닫으셨더라구요,, 저도 이제 퇴근해서 이제야 말씀드리는거라 ,, 다음번에는 한번 더 살펴 주셨으면 좋겠습니다"
ba_14690909,2025-04,ba_2025042501581597,1.0,0.4,low_rating_positive_text,몸이 안좋아서 주문했는데 숟가락으로 뜨는데 실같은게 있더라구요 투명하고 탄탄한데... 왜 이런게 들어있는지?? 본죽 자주시켜 먹는데 이런게 나온건 처음이라 당황스럽네요;;; 흰머린지? 이게 뭘까요?;;;
ba_14691080,2025-07,ba_2025070801850510,4.0,-0.2,high_rating_negative_text,맛은 둘째치고 2인 시켰는데 숟가락은 1개 젓가락은 3개가 왔네요.. 죽인데 숟가락 부족하게 오니 당황스럽네요
ba_14691084,2025-06,ba_2025061402252132,1.0,0.2,low_rating_positive_text,단호박죽이 쉬어서 왔는지 신맛이 엄청…ㅜ
ba_14691145,2025-07,ba_2025071901770849,2.0,0.2,low_rating_positive_text,보시다시피 죽이 다 흘러서 닦기 바빴네요 낙지에선 비린맛이 너무 나서 도저히 못 먹겠어요
ba_14691146,2025-05,ba_2025050101593208,2.0,1.0,low_rating_positive_text,너무 맛있게 먹고 있었는데 다 먹어갈쯤 죽 안에서 이런 비닐이 나왔어요.... 제대로 확인 안 하시나요ㅠ 조심 좀 해주세요...... 본죽 좋아하는데 왜 이런 실수를 ㅠㅜ
ba_14691150,2025-06,ba_2025060803122239,5.0,-0.2,high_rating_negative_text,"아파서 죽 주문했어요.
팥죽 좋아해서 팥죽먼저 엄마가 끓여준맛 진짜 잘 먹었습니다.
알뜰배달이라지만 넘 늦게 온게 아쉬웠어요."
ba_14691150,2025-06,ba_2025060803122239,5.0,-0.2,high_rating_negative_text,"아파서 죽 주문했어요.
팥죽 좋아해서 팥죽먼저 엄마가 끓여준맛 진짜 잘 먹었습니다.
알뜰배달이라지만 넘 늦게 온게 아쉬웠어요."
ba_14691187,2025-05,ba_2025051902909398,4.0,-0.2,high_rating_negative_text,"전복양이 2배라적혀잇는데
모르것음
똑갇음ㅜ"
ba_14691209,2025-05,ba_2025050301587736,1.0,0.2,low_rating_positive_text,"사장님... 제가 웬만해서 전화안드리는데 잣죽 한두번 시킨거 아닌데... 이 지점은 시간이 지나도 그냥 떡이에요....
제가 잣죽 자주 먹어서 시간좀 지나면 물된다는거 아는데도
넘 심해요 1시간다되가도 풀같이 쌀갈아놓은 떡밥같아요
입안에 들러붙어서 풀죽같아요ㅠㅠㅠㅠ 장염이라 몇일째 못먹엇는데 잣죽 수성구지점 다 시켜먹어봣는데 돈아깝다는 생각 처음했어요"
ba_14691235,2025-07,ba_2025071302888766,5.0,-0.2,high_rating_negative_text,양도많고 간도 적당하네요
ba_14691235,2025-07,ba_2025071302888766,5.0,-0.2,high_rating_negative_text,양도많고 간도 적당하네요
ba_14691270,2025-05,ba_2025052702443511,5.0,-0.2,high_rating_negative_text,"와 다들 다른 지점 시키지말고 여기 지점 시키세요,,, 제가 다른 동네 사는데 제가 시켜먹던 지점 자꾸 정이 안 가서 용산장기점에서 시켰는데 요청사항 일단 엄청 잘 들어주시고 죽 안에 드가는 재료가 진짜 푸짐해요ㅠㅠㅠㅠ 다른 지점에는 거의 느껴지지도 않았는데 여기는 진짜 정성 가득이신듯,, 본죽에는 리뷰 단 적 없는데 감동 받아서 올려요!"
ba_14691270,2025-06,ba_2025062302944955,5.0,-0.2,high_rating_negative_text,치즈 추가된 거 맞죵? ㅠㅠㅠ오늘은 치즈가 좀 적어보여서 ㅠㅠㅠ
ba_14691751,2025-05,ba_2025050302797837,5.0,-0.2,high_rating_negative_text,저번에도 느꼈지만 사장님 음식 참 정갈하고 푸짐하게 담아 주시네요😊(배고파서 먹다가 뒤늦게 찍은건데 저 정도ㅎ)
ba_14691829,2025-05,ba_2025050701313303,1.0,0.4,low_rating_positive_text,"홍게 품은 죽 엄청 자주 먹는데
갈수록 홍게가 줄어드네요ㅡㅡ
두그릇으로 나눠 시켰는데 한통에 3개
한통은 그냥 야재죽 ㅡㅡ
자주 시켜 먹는 다고 대충 주시면 안돼죠"
ba_14691829,2025-07,ba_2025071402746136,2.0,0.4,low_rating_positive_text,추천 하지 않습니다.
ba_14691894,2025-06,ba_2025063001685838,4.0,-0.6,high_rating_negative_text,"음식 확인을 늦게해서 따로 연락을 못드렸는데
안갈아져서 왔네요
다음부터 요청사항 확인 바랍니다"
ba_14691908,2025-06,ba_2025063003089498,1.0,0.2,low_rating_positive_text,비빔밥은 냉장고에 넣어놔두고 저녁에 먹려고 했는데  냄색은 좀안좋아서 먹어보니까 다 상했어요. 월요일 아침이라 다 싱싱한줄 알았는데 ㅠㅠㅠ
ba_14691918,2025-05,ba_2025051601490208,5.0,-0.2,high_rating_negative_text,"가격이너무 비싸여... 쇠고기야채죽 별거없는데 13000원돈 육개장도 13000원가까이..경기도안좋은데,,,와..먹으면서 이게왜27000원이나왔지?하면서 다시 메뉴판가격 들여다봄..기가차네ㅎㅎㅎㅎ"
ba_14691943,2025-05,ba_2025050202451099,4.0,-0.2,high_rating_negative_text,"흑임자죽은 항상 꾸떡하고 맛 있어요
팥죽은 처음 시켜 보는데
물이 많이 들어갔던지 팥이
많이 안 들어가 맹맹 한맛이라
설탕을 많이 타도 좀 뭔가 부족해요"
ba_14691958,2025-06,ba_2025061401768884,4.0,-0.6,high_rating_negative_text,"고추장, 참기름이 빠졌어요..."
ba_14691974,2025-07,ba_2025070902459759,1.0,0.4,low_rating_positive_text,"맛잇고 다 좋은데,  포장용기 옆에 내용물이 흘렷으면 닦아서 보내줘야되는거 아닌가요? 
단호박죽 흘러서 다른 반찬통하고 다 묻어잇고 ... 매번 이러네요"
ba_14691996,2025-07,ba_2025071203133155,1.0,0.6,low_rating_positive_text,맛있어서 주문했는데 나물에서 시큼한 냄새가 나요ㅠㅠ
ba_14692012,2025-07,ba_2025071901998955,5.0,-0.2,high_rating_negative_text,"배달기사님이 다른 곳으로 잘못 배달 하셔서 가게에 전화 했었는데 직원분께서 응대를 잘해주셨어요!
다행히도 따뜻한 죽 먹을 수 있었어요 ~"
ba_14692012,2025-07,ba_2025071901998955,5.0,-0.2,high_rating_negative_text,"배달기사님이 다른 곳으로 잘못 배달 하셔서 가게에 전화 했었는데 직원분께서 응대를 잘해주셨어요!
다행히도 따뜻한 죽 먹을 수 있었어요 ~"
ba_14692035,2025-07,ba_2025071501654435,5.0,-0.6,high_rating_negative_text,오늘은 이상하게 조리하시는분이 실수했는지 김치낙지죽은 김치국에 밥말아먹는 맛이였어요 밥이덩어리더라구요 전복죽도 밥이덩어리고요 식은밥에 말아주신 느낌이였어요 적은 금액에 식사는 아니였는데 조금 실망했습니다
ba_14692060,2025-05,ba_2025052102351844,4.0,-0.4,high_rating_negative_text,간편식 단팥죽 주문했는데 호박죽으로 잘못왔어요 여기서 포장도 하고 가서도 먹고 시켜도 먹어봤는데 가끔 잔실수가 있더라구요ㅠ 그냥 먹지만 다음부턴 좀 더 잘 체크해주세요
ba_14692116,2025-06,ba_2025060901871327,5.0,-0.2,high_rating_negative_text,철판제육 볶음 추가했는데 양이 너무 적어서 놀랐어요ㅜㅠ..
ba_14692121,2025-06,ba_2025061000988428,5.0,-0.4,high_rating_negative_text,메뉴들 각각 매장 가격보다 1000원씩 비싸요
ba_14692146,2025-06,ba_2025062802806901,4.0,-0.4,high_rating_negative_text,"전복이 질겨서 좀 그랬어요
한번 확인 해 보세요"
ba_14692155,2025-06,ba_2025061502421690,4.0,-0.4,high_rating_negative_text,"전복죽 미음은 못먹겠네요
이상한 냄새가 나서요 ㅠ"
ba_14692168,2025-06,ba_2025060803218077,4.0,-0.8,high_rating_negative_text,"호텔이라 아이들때문에 여분의 숟가락.젓가락을 부탁하자마자 저희 가게는 주문한 죽 수만큼만 나간다고 너무 단호하게 얘기해서 놀랬어요 
제가 무슨 큰 잘못을 저지른 기분이라 별로 였구요
저는 평소에 숟가락.젓가락 안받는데 여행오니 어쩔수없이 부탁했다가 기분만 상하더라구요"
ba_14692251,2025-06,ba_2025060702717177,5.0,-0.2,high_rating_negative_text,저이제 이사가는데 어째요 사장님……..본죽본사에서 뭐 죽마스터가 지역마다 한곳씩있다던데 여기가 숨겨진 그곳인가 싶어요 ㅋㅋㅋ김치더달라고 하는 진상인데도 맨날 더 챙겨주시고 아진짜 사장님!!!! 이전하신거 축히드려요
ba_14692251,2025-06,ba_2025062903181462,4.0,-0.2,high_rating_negative_text,"동치미상태가이상함
역한냄새 살짝나고 맛보니 살짝 가있음
화장실행.."
ba_14692383,2025-07,ba_2025071501572393,4.0,-0.2,high_rating_negative_text,잣죽 오늘 끓이신건지?재고 데워주신건지 그냥 미음수준입니다.받아서 바로 병실 넣어줬는데 그릇들고 마셔야한다고 연락왔네요.잣죽은 많이 아쉽습니다.
ba_14692434,2025-06,ba_2025062701176545,2.0,0.6,low_rating_positive_text,소스변경 했는데 변경이 안되서 왔고 버섯구이 빼달라고 했는데 빼주지도 않네요.. 요청사항 보시긴 하시나요? 배달은 빨라서 좋네요 레몬소스를 안좋아해서 짖을 수가 없습니다
ba_14692434,2025-07,ba_2025071201484773,4.0,-0.2,high_rating_negative_text,불고기 뚝배기가 오늘 엄청 싱겁네요
ba_14692985,2025-07,ba_2025071201547927,4.0,-0.2,high_rating_negative_text,콩비지뚝배기 배추가 너무질겨요; 다음부터 확인한번해보시는게 좋을거같아요
ba_14693289,2025-06,ba_2025061602946021,1.0,0.4,low_rating_positive_text,"음식상태나 맛을 평가하기전에

배달시간가지고 장난 안했면 좋겠습니다

9시21분 주문시 10시 넘어 도착이면 주문 안했습니다 

조리중 41분도착예정인 음식이 도착시간도 없어지고

배달이되는 건지 취소가된건지 알수없고

매장오프시간은 10시인데 걸어서 5분걸리는거리

누가봐도 문닫고 배달한것 같은 기분이군요

기본안지키는 식당은 다시는 안시킬듯 합니다

번창하시길 기원합니다~!!"
ba_14694145,2025-05,ba_2025050701537516,2.0,0.2,low_rating_positive_text,다좋은데 죽에서 머리카락이.. 나왔습니다
ba_14694287,2025-06,ba_2025060401944874,2.0,0.2,low_rating_positive_text,"덜달게 요청했는데 아예 전혀 아무맛이 안나네요,,
그리고 죽이 아니라 거의 물 처럼 흐르는 식감,,
뜨거운 물 먹는 것 같네요 ㅠㅠ
다른 지점은 덜달게 요청했을때 이러지 않았는데 레시피라도 바뀐걸까요,, ㅠㅠ"
ba_14694402,2025-04,ba_2025042802708988,5.0,-1.0,high_rating_negative_text,사장님 분명 계란을 추가했는데 계란 추가가 안되어있구요… 수저도 챙겨달라고 표시했는데 수저도 안 왔고 배달도 예상 시간보다 20분 늦어졌습니다 ㅠ 계란 누락 부분 환불 부탁드리겠습니다
ba_14694670,2025-07,ba_2025070302699755,5.0,-0.6,high_rating_negative_text,"장조림시켰는데 빠졌습니다 4500원짜리 
연락주세요"
ba_14694671,2025-05,ba_2025051201653081,1.0,0.4,low_rating_positive_text,"사장님 추천에 여수 꼬막 어쩌고 하길래 시켜봤는데 
꼬막 웰케 비려요!!! 
꼬막 다 버렸어요!!!"
ba_14699399,2025-05,ba_2025051000221473,1.0,0.4,low_rating_positive_text,비가 와서 박스 젖고 찢어져도 맛있게 먹으려고 했는데 닭이 안 익었어요... 이게 맞나요...? 다른 것도 그래서 레인지 돌려먹었어요ㅜ 많이 기대하고 시켰는데 실망했네요...
ba_14699649,2025-07,ba_2025070600091754,5.0,-0.4,high_rating_negative_text,볼케이노 소스가 바뀐건지 매콤하지도 않고 소스도 별로 묻혀있지도 않고 소스색도 기존 리뷰사진들하고 비교했을때 연해진거 같네요!
ba_14700021,2025-05,ba_2025052002904021,5.0,-0.6,high_rating_negative_text,실망시키지 않는 고추바사삭 ㅠ👍
ba_14700021,2025-06,ba_2025060902840632,1.0,0.2,low_rating_positive_text,"1점도 아깝네요 ㅎㅎㅎㅎㅎ
치킨 눅눅하고 무슨 수비드 치킨도아니고
튀김옷 눅눅하고 치킨 밑에는 기름 범벅이라
보시면 아시겠지만 밑에 젖어있어요^^
밑에있는 치킨 뒤집어 보여준것이아닌
위에있는치킨 보여드렸구요
연락하니 아무문제없이 만들었다하시는데 
제가 먹은것도 아니였었고 새로요청이라도하니
참 ^^ 어이가없네요 제가 한두번
굽네치킨먹어본사람도아니고 이렇게
튀김옷 눅눅한 치킨은 첨이예요! 
파우더 맛 잘나네요
감사합니다 !!!!
"
ba_14700021,2025-07,ba_2025070402635955,5.0,-0.8,high_rating_negative_text,"솔직히 광고에 비해 맛은 좀 무난해욤 ㅎ 타브랜드 구이랑 비슷한 스타일? 두개 먹으면 질린다는 점은 같았음 ㅎㅅㅎ
근데 전 개인적으로 타브랜드 구이가 처음 먹었을때 더 감동적이었어용…"
ba_14701137,2025-04,ba_2025042802804077,5.0,-0.8,high_rating_negative_text,실망한적이 없는 본죽!
ba_14701137,2025-05,ba_2025052202772530,4.0,-0.2,high_rating_negative_text,오늘 팥죽이 좀 많이 짜네요. 아이랑 같이 먹으려고 주문했는데....
ba_14701137,2025-07,ba_2025072101624520,4.0,-0.2,high_rating_negative_text,수저포크 요청드렸는데.. 아쉽네요 ㅜㅜ
ba_14712294,2025-05,ba_2025052801687436,1.0,0.4,low_rating_positive_text,"몸이 안좋아서 죽을 주문했는데 수저는 오지도 않아서 젓가락으로 집히지도 않는거 겨우 먹느라 몸져 눕겠네요. 죽을 보통 몸이 안좋을때 주문할텐데, 이렇게 오니 서럽기 까지합니다."
ba_14712294,2025-06,ba_2025061801358468,2.0,0.2,low_rating_positive_text,"일반 염도로 했는데도
너무 맛이 밍숭맹숭해서
버섯죽인가 전복죽인가 헷갈렸습니다ㅠ"
ba_14712294,2025-06,ba_2025062102596416,5.0,-0.2,high_rating_negative_text,"걸어다니는 배달라이더가 동네 한바퀴 돌고 오더니 
배달완료 안누르고 튀어버려서
상담원 연결 했더니 알겠다더니 
계속 배송중 
언제 배달 완료 되려나 싶어서 가게 사장님께 연락 했더니 
그제서야 배달완료뜸
오늘 진짜 힘들었네여"
ba_14712797,2025-06,ba_2025062400001105,4.0,-0.2,high_rating_negative_text,"포장 주문했는데, 고블링 2개가 아닌 마블링 2개가 들어있네요? 집에서 확인 후에 치킨 식을거 무릅쓰고 곧바로 가게에 방문했더니 그세 문은 닫혀있고 전화도 안 받으시고요.

야밤에 산책 잘 했습니다. 샤워 끝내고 픽업해서 쾌적하게 즐기려고 했는데 덕분에 샤워를 한 번 더 해야겠네요. 치킨 식는건 어쩔 수 없겠지만요.

마음같아선 1점으로 남기고 싶지만, 개업한지 얼마 안된 업장이기도 하고, 다시는 같은 실수를 반복하지 않기를 "
ba_14714062,2025-06,ba_2025062901514771,4.0,-0.2,high_rating_negative_text,밑반찬 적당히 아끼십쇼
ba_14714062,2025-07,ba_2025070502754420,5.0,-0.6,high_rating_negative_text,"안녕하세요, 부모님댁으로 시켜드렸는데 호두정과가 안왔습니다. 호두정과 가격만 환불 받을 수 있는지 여쭤봅니다."
ba_14714062,2025-07,ba_2025070502754420,5.0,-0.6,high_rating_negative_text,"안녕하세요, 부모님댁으로 시켜드렸는데 호두정과가 안왔습니다. 호두정과 가격만 환불 받을 수 있는지 여쭤봅니다."
ba_14714062,2025-07,ba_2025070502754420,5.0,-0.6,high_rating_negative_text,"안녕하세요, 부모님댁으로 시켜드렸는데 호두정과가 안왔습니다. 호두정과 가격만 환불 받을 수 있는지 여쭤봅니다."
ba_14716332,2025-07,ba_2025072402981121,1.0,0.2,low_rating_positive_text,다 식어서 와서 한조각 먹고 입맛버림!!
ba_14716332,2025-05,ba_2025052700141019,5.0,-0.4,high_rating_negative_text,"저 진짜 쓰러져요 왜케 야들야들 하고 양도 많고
케이준 감자도 진짜 터질듯이 주시고 하..
계란도 하... 서비스 소스도.. 서비스부터 양과 질 뭐 하나 빠지는게 없어요 ㅜㅜㅜ"
ba_14716332,2025-07,ba_2025072400002308,5.0,-0.4,high_rating_negative_text,진짜 사장님 천사아닌가 몰라여 이렇게 퍼주시다니…진짜 저 여기서만 시켜먹어요 ♥
ba_14719554,2025-07,ba_2025070901008358,1.0,0.4,low_rating_positive_text,"죽 맛이 꾸덕해요
맛이 없어요"
ba_14725627,2025-06,ba_2025062201817415,5.0,-0.4,high_rating_negative_text,"처음에는 죽이라고 해서 기대했는데, 막상 열어보니 국처럼 물이 너무 많아 당황스러웠어요. 쌀과 재료보다 국물이 훨씬 많은 비율이라 숟가락으로 떠도 맑은 물만 뜨는 느낌입니다. 전체적으로 질감이 너무 묽어서 먹기에 적당한 농도는 아니었어요. 죽보다는 밥을 말아놓은 국 같은 느낌이었습니다.😭"
ba_14726472,2025-04,ba_2025042902580315,5.0,-0.8,high_rating_negative_text,늦게 올려서 제송해여ㅜㅜㅜ 근데 진짜 이틀이나 연속으로 시켜먹을만큼 넘 마싯엇우여..♡
ba_14726472,2025-07,ba_2025072302942899,5.0,-0.4,high_rating_negative_text,"맛있는 냄새에 홀릭되어,
먹다가, 사진을 찍었네요ㅎㅎ
역시, 바사삭 👍 
1.5마리시킨다는걸 잘못주문해서 아쉽네요.ㅎ"
ba_14728839,2025-05,ba_2025050401687782,2.0,0.4,low_rating_positive_text,"같은 체인점인데...평점이 낮은 이유가 있네요.
교육을 다시 받아야 겠네요
굽네치킨의 고유의 맛은 없고, 탄맛만 나는데...
2점도 많이 준거입니다.
다음부터는 늘 먹던 집에 주문...
동인점은 손절 하겠습니다."
ba_14728839,2025-05,ba_2025050902874894,5.0,-1.0,high_rating_negative_text,"후기보고 타고 별로래서 걱정했는데 전 괜찮았네요
맛도 평타 준수함
양이 적은 느낌 6개 먹고 사진 찍은거긴 한데 그래도 약간 적은 느낌"
ba_14728839,2025-06,ba_2025060201868838,1.0,0.2,low_rating_positive_text,너무 맛없어요 ㅜㅜ  지점마다 솜씨 차이가 너무 나는듯
ba_14729159,2025-05,ba_2025050202392763,5.0,-0.2,high_rating_negative_text,타지점에 비해 닭크기가 커서 육즙이 잘살아있습니다 다음에도 주문할게요 ㅎㅎ
ba_14729159,2025-05,ba_2025051902779060,4.0,-0.8,high_rating_negative_text,이때까지 굽네 많이 시켜먹엇는데 다른 굽네치킨 볼케이노에 비해서 여기가 젤 최악이네요 ㅡ.ㅡ🤬 양념도 제대로 안베어잇고 거의없네요🤬 앞으로 여기 시켜먹을일이 없어요🤬 돈아깝네요..😱
ba_14729159,2025-06,ba_2025060302807333,5.0,-0.4,high_rating_negative_text,집쪽에 생겨서 먹는데 타지점에 비해 순살살들이 진짜 촉촉하고 통통하고 육즙 대박!
ba_14729159,2025-06,ba_2025061900616653,1.0,0.2,low_rating_positive_text,"볼케이노 양념 부족으로 매운맛도 없고 간이 안된것같음 진짜 양념 너무 작아요ㄷㄷ;;;
고추바사삭은 바사삭이 아니라 그냥 고추치킨이 되어옴.. 즉 이번엔 완전 실패임 거의 10마넌치 시켰는데 빵이 젤 맛있었네요"
ba_14729159,2025-06,ba_2025061900616653,1.0,0.2,low_rating_positive_text,"볼케이노 양념 부족으로 매운맛도 없고 간이 안된것같음 진짜 양념 너무 작아요ㄷㄷ;;;
고추바사삭은 바사삭이 아니라 그냥 고추치킨이 되어옴.. 즉 이번엔 완전 실패임 거의 10마넌치 시켰는데 빵이 젤 맛있었네요"
ba_14729971,2025-06,ba_2025062602792049,5.0,-0.4,high_rating_negative_text,"맛은 있습니다만
콜라가 없다니요...콜라가 없다니요...콜라가 없다니요...
이 지점만 안주는건지...누락된건지...이젠 없는건지...
콜라사러 편의점 가게 생겼어요..."
ba_14729971,2025-06,ba_2025062902951219,2.0,0.2,low_rating_positive_text,"진짜 바삭바삭했었어서 다시 시킨 건데
너무 눅눅했어요 에어프라이에 돌려도 소생이 안 되고… 아쉽네요 그냥
바질토마토 피자는 맛은 있었는데 사이즈가… 옛날이랑 달라졌나요"
ba_14729971,2025-07,ba_2025071900002388,4.0,-0.2,high_rating_negative_text,치킨은 말할것도 없이 맛있었는데 사이드로 시킨 갈릭소스 케이준감자에 갈릭소스양이 넘 적어서 실망입니다...... 그래도 소스뿌려져서 천원 더 비싼데 이정도라니.....
ba_14732026,2025-05,ba_2025052100004683,2.0,0.2,low_rating_positive_text,"닭가슴살 똥째로 튀긴 굽네 순살 
보통 다른지점시키면 다 정육이거나 작게 잘 커팅돼어서 오는데 이건 뭐 통째로 구워다 주셨네요 좋은평은 어렵지 싶어요 다른지점갈게요"
ba_14732026,2025-05,ba_2025053000126232,5.0,-0.2,high_rating_negative_text,내가먹은 고츄바사삭중에 젤 마시씀ㅜㅜ 지금까지먹엏던 고튜바사삭은 다 가짜엿숴...여기가 젤 마싯서용😘😘😘🩷🩷🎀
ba_14732026,2025-06,ba_2025060300114887,1.0,0.2,low_rating_positive_text,"비린맛이 왜나는건지 배고파서 참으면서 먹다가
세개먹고 포기했어요 기본콜라 안나간다고 적어두시는게 좋을거같네요"
ba_14732355,2025-06,ba_2025060703123024,5.0,-0.2,high_rating_negative_text,"본죽 이유식 처음 먹였는데 너무 잘 먹어서 놀랐어요 소고기 들어간 죽은 집에서 하면 항상 기름기가
많아서 설거지도 두세번 했는데 시판은 그런 적 없었거든요 근데 이건 기름기가 번들번들하네요 함량이 많은가봐요 앞으로 외출할 땐 본죽 먹이게요
참고로 짱x 산x이유식 x레 먹여봤어요
+참고로 당연하지만 리뷰이벤트 이런거 없었어요"
ba_14732355,2025-04,ba_2025042702569086,2.0,0.2,low_rating_positive_text,다 좋은데 요청사항 좀 들어주세요..ㅠㅠ 무리한 것도 아닌데..
ba_14732355,2025-05,ba_2025050901452408,4.0,-0.2,high_rating_negative_text,포케가 좀 아쉬움 포케야채가 상추인것도 그렇고 간이 좀 쎈편임 포장용기가 작아서 가격대비 비쌈
ba_14732355,2025-07,ba_2025070102860980,2.0,0.2,low_rating_positive_text,육개장맛이 안나고 그냥짜요 고추장왕창풀고 대파랑 고기넣은 죽느낌 배달빨라 별추가드림
ba_14732602,2025-07,ba_2025070302804241,5.0,-0.6,high_rating_negative_text,오늘 닭이 다 타있고 푸석거리고 다 딱딱하네요..
ba_14733665,2025-06,ba_2025062301369966,5.0,-0.2,high_rating_negative_text,"고추바사삭 순살을 시켜서 반정도 먹고있는데 
입안에서 이물질이 맴돌아 뱉어보니 정체모르겠어서 연락을했더니 뼈 연골?? 라고 괜찮다고는 하시는데 
죄송하다고 말도없어 반 정도 먹었는데
이런적은 처음이라 찜찜했어요"
ba_14733665,2025-07,ba_2025071602698215,5.0,-0.4,high_rating_negative_text,"진짜 내스타일🤦🏻‍♀
갯수 추가 옵션 만들어주세요..ㅋㅋ🍗"
ba_14735878,2025-05,ba_2025051402582501,4.0,-0.4,high_rating_negative_text,"타 지점들에 비해 짬뽕죽에 해물이 적고, 콩나물만 많았어요.."
ba_14736681,2025-05,ba_2025051101979223,5.0,-0.4,high_rating_negative_text,사랑니 뽑고 시키는거라 까먹고 요청사항 안썼다가 뒤늦게 식혀달라고 부탁드렸는데 들어주시고 음료수까지 주셨어요... 🥺🥺 감사합니다....
ba_14736722,2025-04,ba_2025042502826813,1.0,0.6,low_rating_positive_text,"주문은 7시 9분에 했는데 음식은 두시간 기다리고 9시7분에 받았습니다. 사전에 두시간 걸린다는 오래걸릴거같다는 말씀도 없으셨습니다. 도착해서 바로 나가서 확인했는데 밑에층이랑 배달이 같이와서 밑에집에도 물어봣는데 밑에집은 50분걸렸다고합니다. 1층차이인데 어느집은 2시간 걸리고 어느집은 50분 걸리나요?? 배달이 너무 오래걸리고 묶어서 배달하는지 시간이 너무 오래걸리고 사장님한테 전화할때마다 방금 갔다, 주문다되서 금방간다라"
ba_14736722,2025-05,ba_2025050102808575,5.0,-1.0,high_rating_negative_text,"고추바사삭이 너무 타서 거의 못 먹을 정도입니다.
치킨이 타서 너무 써요. 실망입니다. 탄 치킨은 밑에 안보이게 두신 것  같더라구요. 치킨 밑은 거의 다 탄 상태입니다."
ba_14737726,2025-05,ba_2025050302655984,5.0,-0.2,high_rating_negative_text,"사장님께서 답글을 남겨주셔서 수정합니당 :)

학생들 사줬는데 진짜 빛의 속도로 순삭당해서 사진이 없습니다 ㅡㅠ

진리의 고추바사삭"
ba_14737726,2025-05,ba_2025051902843971,5.0,-0.2,high_rating_negative_text,소떡소떡이 진짜야...
ba_14737726,2025-05,ba_2025052802439077,5.0,-0.2,high_rating_negative_text,"진짜 가끔 생각날때 시키는 치킨
양 혼자먹긴 너무너무 많군요
화이팅하세요"
ba_14737726,2025-06,ba_2025062102147612,4.0,-0.2,high_rating_negative_text,너무 오래 요리하셨는지 많이 타서 왔습니다. 다음부터는 조리 시간 좀더 신경써주세요.
ba_14737726,2025-06,ba_2025062402450319,5.0,-0.2,high_rating_negative_text,"맛은잇어요
다만  2개라 양은좀 부족해여
혼자인 저한테는 딱이네여
위에치즈가잇고 소스가독특해요"
ba_14739815,2025-05,ba_2025051502753594,5.0,-0.2,high_rating_negative_text,개지려요진짜
ba_14739815,2025-06,ba_2025061401366864,5.0,-0.2,high_rating_negative_text,오랜만에 먹어도 맛있는 굽네지만 신창점 진짜 믿고 먹을 것 같아요 다만 떡볶이랑 어묵이 덜 익혀졌는지 딱딱한게 여럿 있어서 떡벆이는 아쉬웠어요
ba_14739815,2025-06,ba_2025062800103583,5.0,-0.4,high_rating_negative_text,많은 양 아주 적절한 굽기 빠른 배송 적절한 가격 등 모든 게 완벽함. 굽네는 여기서만 먹어요.
ba_14740022,2025-05,ba_2025050200104591,1.0,0.2,low_rating_positive_text,박스눅눅 치킨도안바삭
ba_14740239,2025-05,ba_2025052902658086,4.0,-1.0,high_rating_negative_text,감자는 소스가 너무 부족하고 배달하시면서 엎었는지 뭉쳐 있고 떡져 있어서 아쉬웠어요 먼저 개봉된 것 같은 느낌이 들 정도ㅠㅠ치킨도 전반적으로 밍밍한 것 같아서 조금 아쉬웠습니다
ba_14741847,2025-05,ba_2025050902733076,4.0,-0.4,high_rating_negative_text,주문하니 도착예상시간 20분 뒤라길래 빨리 오겠네하고 기다렸는데 결과적으론 1시간 20분 뒤에 받게 되었습니다. 비가 와서 콜이 잘 안 잡힌 듯한데 차라리 도착예상시간을 넉넉히 잡으시는 게 어떤가 싶습니다. 시간이 많이 걸렸고 음식이 차가워서 아쉬웠습니다.
ba_14743271,2025-05,ba_2025051702614305,2.0,0.2,low_rating_positive_text,단팟죽이 너무 묽어서 다른때와 맛이 다릅니다.
ba_14744706,2025-06,ba_2025062103003512,4.0,-0.4,high_rating_negative_text,"18000원짜리 일반 트러플전복죽이랑 25000원짜리랑 차이를 잘 못느끼겠네요. 무려 7000원차이인데, 흠.."
ba_14744959,2025-07,ba_2025071901453807,5.0,-0.2,high_rating_negative_text,"다른지점에서 고추바사삭 주문했다가 다 말라비틀어진게 와서 너무 실망했었는데 수정점에서 주문하고 다시 감동했어요
이 때깔 보이십니까? 육즙 미춋음 근데 또 겉은 바삭함이 살아있어서 예술그자체

리뷰이벤트 없으면 귀찮아서 리뷰 별점만 주고 끝내는데 오랜만에 제대로된 치킨 먹어서 너무 행복했어요 감사합니다"
ba_14747382,2025-05,ba_2025051002148868,5.0,-0.2,high_rating_negative_text,고민은 배달을 늦출뿐 일단 시키고 생각하십쇼
ba_14747382,2025-06,ba_2025060302771748,4.0,-0.8,high_rating_negative_text,"늦게  먹다보니  식어서  그런가 쪼금 살짝 아쉽다는
그래도  추후  또 주문해서  먹을거에요 ^^"
ba_14749296,2025-06,ba_2025061602097341,5.0,-0.2,high_rating_negative_text,"오랜만에
시켜본 굽네
역시 실망시지 않네요
잘먹었습니다"
ba_14749296,2025-07,ba_2025071402688491,1.0,0.4,low_rating_positive_text,잘먹었는데요 이건좀심한거같아요
ba_14754936,2025-06,ba_2025060402879224,1.0,0.2,low_rating_positive_text,배달은  빨리와서  좋았는데  ㆍㆍㆍ 제가 주문했었던  굽네치킨 중에  양이 너무   적었어요^^;  아쉽습니다
ba_14754936,2025-07,ba_2025071802554586,5.0,-0.6,high_rating_negative_text,"신메뉴라 시켜봤는데
생각보다 양념이 기름지면서도 자극적이네요.
넓적다리 4개 오는데 한사람당 2개면 충분.
혼자 3개 먹어봤는데 배터질것 같네요."
ba_14756888,2025-06,ba_2025062501218064,4.0,-0.4,high_rating_negative_text,저번에 시켰을땐 참기름 안 들어가던데 이번엔 참기름이 들어가네요
ba_14757543,2025-06,ba_2025062303066821,5.0,-0.4,high_rating_negative_text,"마싯구 배송도 빨랐으나 핫소스가 빠졌슴다

담에 챙겨주세요 잘머것슴다~"
ba_14757543,2025-07,ba_2025071302986397,5.0,-0.4,high_rating_negative_text,"자주 시키는데 오늘은 참 실망입니다...
치킨 반 이상이 탓네요...
포장 하실때 아셨을것 같은데...
그냥 보내셨나봅니다.
별 5점은 드립니다."
ba_14757711,2025-06,ba_2025062902348964,1.0,0.2,low_rating_positive_text,맛은 있었지만 마블링 소스도 주문했는데 소스는 안왔더군요. 일부러 이러시는 건지...
ba_14766686,2025-07,ba_2025070502560024,5.0,-0.6,high_rating_negative_text,"사장님 떡추가가 누락 됐어요!
전화 통화 어려워 리뷰에 써요
다음에 빼주세요!"
ba_14766686,2025-07,ba_2025070902646477,1.0,0.2,low_rating_positive_text,음식이 다 식어서 왔고 시간 변동이 한번 있었는데 그 시간동안 실온에 방치해뒀었나? 싶을정도로 치즈는 다 굳었고 치킨은 바삭함을 잃었어요
ba_14766686,2025-07,ba_2025070902646477,1.0,0.2,low_rating_positive_text,음식이 다 식어서 왔고 시간 변동이 한번 있었는데 그 시간동안 실온에 방치해뒀었나? 싶을정도로 치즈는 다 굳었고 치킨은 바삭함을 잃었어요
ba_14766686,2025-07,ba_2025071101701571,5.0,-0.2,high_rating_negative_text,혼자먹기에도 많은 양이에요~^^ 기름기가 쏙 빠져서 너무 담백해요~
ba_14766686,2025-07,ba_2025071701380466,2.0,0.2,low_rating_positive_text,"이 메뉴 전용 장각구이 다리는 일반메뉴보다 작나요?
유튜브 리뷰나 추성훈 광고에 비해 엉치삿 부위가 반토막 났네요
구성이 가격대비 좋은편이라 나쁘지 않은데
다리크기가 좁 어이없네요"
