platform_shop_id,year_month,has_reply,reply_length,reply_token_count,reply_contains_coupon,reply_coupon_flag,reply_template_score,reply_ai_like_score,growth_label_top30,category,brand
ba_10015935,2025-07,0.0,0.0,0.0,0.0,0.0,0.0,0.0,1,치킨,굽네치킨
ba_10015935,2025-08,0.42857142857142855,97.28571428571429,23.142857142857142,0.0,0.0,0.061224489795918366,0.07142857142857142,1,치킨,굽네치킨
ba_10015935,2025-09,0.2857142857142857,64.85714285714286,15.428571428571429,0.0,0.0,0.04081632653061224,0.047619047619047616,1,치킨,굽네치킨
ba_10016162,2025-07,0.029411764705882353,6.9411764705882355,1.4705882352941178,0.029411764705882353,0.029411764705882353,0.008403361344537815,0.004901960784313725,1,치킨,굽네치킨
ba_10016162,2025-08,0.4,90.66666666666667,21.4,0.03333333333333333,0.03333333333333333,0.0619047619047619,0.06666666666666667,0,치킨,굽네치킨
ba_10016162,2025-09,0.7096774193548387,161.09677419354838,38.32258064516129,0.0,0.0,0.10138248847926266,0.11827956989247311,0,치킨,굽네치킨
ba_10019194,2025-07,0.0,0.0,0.0,0.0,0.0,0.0,0.0,0,치킨,굽네치킨
ba_10019194,2025-08,0.0,0.0,0.0,0.0,0.0,0.0,0.0,0,치킨,굽네치킨
ba_10019194,2025-09,1.0,227.0,54.0,0.0,0.0,0.14285714285714285,0.16666666666666666,0,치킨,굽네치킨
ba_10019807,2025-07,0.14285714285714285,33.857142857142854,7.5,0.14285714285714285,0.14285714285714285,0.061224489795918366,0.047619047619047616,0,치킨,굽네치킨
ba_10019807,2025-08,0.08333333333333333,23.083333333333332,5.166666666666667,0.08333333333333333,0.08333333333333333,0.03571428571428571,0.027777777777777776,0,치킨,굽네치킨
ba_10019807,2025-09,0.0,0.0,0.0,0.0,0.0,0.0,0.0,0,치킨,굽네치킨
ba_10020109,2025-07,0.05263157894736842,11.736842105263158,2.526315789473684,0.05263157894736842,0.05263157894736842,0.015037593984962405,0.008771929824561403,0,치킨,굽네치킨
ba_10020109,2025-08,0.5789473684210527,114.13157894736842,25.5,0.07894736842105263,0.07894736842105263,0.18045112781954886,0.10526315789473684,0,치킨,굽네치킨
ba_10020109,2025-09,1.0,186.97727272727272,40.75,0.18181818181818182,0.18181818181818182,0.29545454545454547,0.16287878787878787,0,치킨,굽네치킨
ba_10022124,2025-07,0.0,0.0,0.0,0.0,0.0,0.0,0.0,0,치킨,굽네치킨
ba_10022124,2025-08,0.16666666666666666,37.833333333333336,9.0,0.0,0.0,0.023809523809523808,0.027777777777777776,0,치킨,굽네치킨
ba_10022124,2025-09,0.7142857142857143,137.42857142857142,30.428571428571427,0.0,0.0,0.18367346938775508,0.11904761904761904,0,치킨,굽네치킨
ba_10040420,2025-07,0.0,0.0,0.0,0.0,0.0,0.0,0.0,0,치킨,굽네치킨
ba_10040420,2025-08,0.0,0.0,0.0,0.0,0.0,0.0,0.0,0,치킨,굽네치킨
ba_10040420,2025-09,0.125,11.625,2.25,0.0,0.0,0.0,0.0,0,치킨,굽네치킨
ba_10040590,2025-09,0.6,156.0,34.3,0.2,0.2,0.34285714285714286,0.11666666666666665,1,치킨,굽네치킨
ba_10040590,2025-08,1.0,227.0,50.333333333333336,0.3333333333333333,0.3333333333333333,0.2857142857142857,0.1111111111111111,1,치킨,굽네치킨
ba_10040621,2025-08,0.75,170.25,40.5,0.0,0.0,0.10714285714285714,0.125,0,치킨,굽네치킨
ba_10040621,2025-09,0.0,0.0,0.0,0.0,0.0,0.0,0.0,0,치킨,굽네치킨
ba_10040679,2025-08,0.5,113.5,27.0,0.0,0.0,0.07142857142857142,0.08333333333333333,1,치킨,굽네치킨
ba_10040679,2025-09,1.0,161.88888888888889,35.333333333333336,0.0,0.0,0.3968253968253968,0.2037037037037037,0,치킨,굽네치킨
ba_10040685,2025-07,0.782608695652174,67.08695652173913,13.91304347826087,0.13043478260869565,0.13043478260869565,0.17391304347826086,0.07246376811594202,1,치킨,굽네치킨
ba_10040685,2025-08,1.0,151.05555555555554,33.166666666666664,0.2222222222222222,0.2222222222222222,0.23015873015873012,0.12962962962962962,0,치킨,굽네치킨
ba_10040685,2025-09,1.0,155.74193548387098,33.903225806451616,0.12903225806451613,0.12903225806451613,0.22580645161290322,0.11827956989247311,0,치킨,굽네치킨
ba_10041246,2025-07,0.0,0.0,0.0,0.0,0.0,0.0,0.0,1,치킨,굽네치킨
ba_10041246,2025-08,0.3333333333333333,75.66666666666667,18.0,0.0,0.0,0.047619047619047616,0.05555555555555555,1,치킨,굽네치킨
ba_10041246,2025-09,1.0,174.66666666666666,40.0,0.0,0.0,0.14285714285714285,0.1111111111111111,1,치킨,굽네치킨
ba_10204887,2025-07,0.0,0.0,0.0,0.0,0.0,0.0,0.0,0,치킨,굽네치킨
ba_10204887,2025-08,0.16666666666666666,26.0,5.666666666666667,0.0,0.0,0.14285714285714285,0.05555555555555555,0,치킨,굽네치킨
ba_10204887,2025-09,1.0,131.5,27.0,0.125,0.125,0.5178571428571428,0.14583333333333331,0,치킨,굽네치킨
ba_10401021,2025-07,0.0,0.0,0.0,0.0,0.0,0.0,0.0,1,치킨,굽네치킨
ba_10401021,2025-08,0.0425531914893617,10.319148936170214,2.25531914893617,0.0425531914893617,0.0425531914893617,0.01519756838905775,0.010638297872340425,1,치킨,굽네치킨
ba_10401021,2025-09,0.8148148148148148,141.77777777777777,30.962962962962962,0.0,0.0,0.2328042328042328,0.13580246913580246,0,치킨,굽네치킨
ba_10418082,2025-08,0.0,0.0,0.0,0.0,0.0,0.0,0.0,0,치킨,굽네치킨
ba_10418082,2025-09,0.0,0.0,0.0,0.0,0.0,0.0,0.0,0,치킨,굽네치킨
ba_10432360,2025-07,0.1111111111111111,5.555555555555555,0.8888888888888888,0.0,0.0,0.015873015873015872,0.0,0,치킨,굽네치킨
ba_10432360,2025-08,0.625,117.375,25.625,0.0,0.0,0.14285714285714285,0.0625,0,치킨,굽네치킨
ba_10469515,2025-09,0.56,90.04,20.08,0.0,0.0,0.14285714285714285,0.08666666666666666,0,치킨,굽네치킨
ba_10469515,2025-07,1.0,94.57575757575758,20.151515151515152,0.09090909090909091,0.09090909090909091,0.21645021645021645,0.0404040404040404,0,치킨,굽네치킨
ba_10469515,2025-08,1.0,141.15384615384616,30.846153846153847,0.07692307692307693,0.07692307692307693,0.15384615384615385,0.07692307692307693,0,치킨,굽네치킨
ba_10476209,2025-07,0.0,0.0,0.0,0.0,0.0,0.0,0.0,0,치킨,굽네치킨
ba_10476209,2025-08,0.8,181.6,43.2,0.0,0.0,0.11428571428571428,0.13333333333333333,0,치킨,굽네치킨
ba_10476209,2025-09,0.5,113.5,27.0,0.0,0.0,0.07142857142857142,0.08333333333333333,0,치킨,굽네치킨
ba_10497667,2025-07,0.19047619047619047,28.38095238095238,5.9523809523809526,0.14285714285714285,0.14285714285714285,0.047619047619047616,0.031746031746031744,1,치킨,굽네치킨
ba_10497667,2025-08,0.5,89.03846153846153,19.115384615384617,0.07692307692307693,0.07692307692307693,0.12637362637362637,0.057692307692307696,0,치킨,굽네치킨
ba_10497667,2025-09,1.0,188.8,41.5,0.3,0.3,0.2714285714285714,0.13333333333333333,0,치킨,굽네치킨
ba_10501929,2025-07,0.0,0.0,0.0,0.0,0.0,0.0,0.0,0,치킨,굽네치킨
ba_10501929,2025-08,0.0625,13.3125,3.0625,0.0625,0.0625,0.026785714285714284,0.020833333333333332,1,치킨,굽네치킨
ba_10501929,2025-09,0.0,0.0,0.0,0.0,0.0,0.0,0.0,1,치킨,굽네치킨
ba_10509105,2025-07,0.07692307692307693,17.307692307692307,3.6923076923076925,0.07692307692307693,0.07692307692307693,0.021978021978021976,0.01282051282051282,1,치킨,굽네치킨
ba_10509105,2025-08,0.17647058823529413,40.05882352941177,9.529411764705882,0.0,0.0,0.025210084033613443,0.029411764705882353,0,치킨,굽네치킨
ba_10509105,2025-09,0.6428571428571429,146.42857142857142,34.142857142857146,0.07142857142857142,0.07142857142857142,0.11224489795918367,0.10714285714285714,0,치킨,굽네치킨
ba_10571616,2025-08,1.0,169.60294117647058,37.580882352941174,0.10294117647058823,0.10294117647058823,0.28361344537815125,0.06862745098039215,1,치킨,굽네치킨
ba_10571616,2025-09,1.0,178.3625,38.875,0.14375,0.14375,0.3553571428571428,0.11875,1,치킨,굽네치킨
ba_10580903,2025-07,1.0,30.791666666666668,5.71875,0.0,0.0,0.0863095238095238,0.0,1,치킨,굽네치킨
ba_10580903,2025-08,1.0,78.48387096774194,16.419354838709676,0.024193548387096774,0.024193548387096774,0.14516129032258066,0.038978494623655914,0,치킨,굽네치킨
ba_10580903,2025-09,1.0,136.82022471910113,30.1123595505618,0.0,0.0,0.12841091492776885,0.08614232209737827,0,치킨,굽네치킨
ba_10583009,2025-07,0.0196078431372549,4.254901960784314,0.9411764705882353,0.0196078431372549,0.0196078431372549,0.0056022408963585435,0.00326797385620915,0,치킨,굽네치킨
ba_10583009,2025-08,0.05263157894736842,10.947368421052632,2.4210526315789473,0.05263157894736842,0.05263157894736842,0.018796992481203006,0.013157894736842105,0,치킨,굽네치킨
ba_10583009,2025-09,0.02564102564102564,5.923076923076923,1.2820512820512822,0.02564102564102564,0.02564102564102564,0.007326007326007326,0.004273504273504273,0,치킨,굽네치킨
ba_10597203,2025-07,0.014705882352941176,3.7058823529411766,0.75,0.014705882352941176,0.014705882352941176,0.004201680672268907,0.0024509803921568627,0,치킨,굽네치킨
ba_10597203,2025-08,0.3333333333333333,73.92063492063492,17.555555555555557,0.015873015873015872,0.015873015873015872,0.047619047619047616,0.05291005291005291,1,치킨,굽네치킨
ba_10597203,2025-09,0.9333333333333333,185.26666666666668,42.38333333333333,0.0,0.0,0.20476190476190476,0.15555555555555553,1,치킨,굽네치킨
ba_10604883,2025-07,0.0,0.0,0.0,0.0,0.0,0.0,0.0,1,치킨,굽네치킨
ba_10604883,2025-08,0.375,82.53125,19.625,0.015625,0.015625,0.05133928571428571,0.05989583333333333,1,치킨,굽네치킨
ba_10604883,2025-09,0.9178082191780822,177.86301369863014,40.35616438356164,0.0136986301369863,0.0136986301369863,0.21135029354207435,0.1506849315068493,0,치킨,굽네치킨
ba_10605803,2025-09,0.6716417910447762,64.25373134328358,13.462686567164178,0.14925373134328357,0.14925373134328357,0.17484008528784648,0.04228855721393034,1,치킨,굽네치킨
ba_10605803,2025-07,1.0,88.21333333333334,18.573333333333334,0.16,0.16,0.2476190476190476,0.08444444444444445,0,치킨,굽네치킨
ba_10605803,2025-08,1.0,90.36764705882354,18.955882352941178,0.1323529411764706,0.1323529411764706,0.2436974789915966,0.04901960784313725,1,치킨,굽네치킨
ba_10627648,2025-09,0.6,103.4,21.2,0.2,0.2,0.14285714285714285,0.06666666666666667,0,치킨,굽네치킨
ba_10627648,2025-08,1.0,139.0,33.0,0.0,0.0,0.2857142857142857,0.0,1,치킨,굽네치킨
ba_10636817,2025-07,1.0,58.2,10.3,0.0,0.0,0.2,0.016666666666666666,1,치킨,굽네치킨
ba_10636817,2025-08,1.0,47.333333333333336,7.333333333333333,0.0,0.0,0.19047619047619047,0.0,0,치킨,굽네치킨
ba_10636817,2025-09,1.0,209.0,45.125,0.125,0.125,0.26785714285714285,0.125,0,치킨,굽네치킨
ba_10638951,2025-07,1.0,113.27272727272727,25.363636363636363,0.0,0.0,0.11688311688311687,0.045454545454545456,0,치킨,굽네치킨
ba_10638951,2025-08,1.0,141.66666666666666,31.333333333333332,0.0,0.0,0.38095238095238093,0.1111111111111111,0,치킨,굽네치킨
ba_10638951,2025-09,1.0,209.66666666666666,45.0,0.0,0.0,0.2857142857142857,0.16666666666666666,0,치킨,굽네치킨
ba_10657170,2025-08,0.9166666666666666,131.41666666666666,28.25,0.16666666666666666,0.16666666666666666,0.15476190476190474,0.08333333333333333,0,치킨,굽네치킨
ba_10657170,2025-09,0.9047619047619048,136.04761904761904,29.61904761904762,0.047619047619047616,0.047619047619047616,0.21088435374149656,0.09523809523809523,0,치킨,굽네치킨
ba_10657170,2025-07,0.75,65.83333333333333,13.75,0.3333333333333333,0.3333333333333333,0.14285714285714285,0.013888888888888888,1,치킨,굽네치킨
ba_10698232,2025-07,1.0,935.483870967742,203.03225806451613,1.0,1.0,0.4216589861751152,0.16666666666666666,0,치킨,굽네치킨
ba_10698232,2025-08,1.0,951.15625,205.98958333333334,0.9895833333333334,0.9895833333333334,0.4270833333333333,0.16666666666666666,1,치킨,굽네치킨
ba_10698232,2025-09,1.0,868.8018867924528,186.72641509433961,0.9905660377358491,0.9905660377358491,0.42452830188679247,0.16666666666666666,1,치킨,굽네치킨
ba_10698315,2025-08,1.0,149.0,33.0,0.0,0.0,0.42857142857142855,0.16666666666666666,1,치킨,굽네치킨
ba_10698315,2025-09,1.0,191.5,41.75,0.25,0.25,0.3571428571428571,0.08333333333333333,1,치킨,굽네치킨
ba_10705443,2025-07,0.0,0.0,0.0,0.0,0.0,0.0,0.0,1,치킨,굽네치킨
ba_10705443,2025-08,0.0,0.0,0.0,0.0,0.0,0.0,0.0,0,치킨,굽네치킨
ba_10705443,2025-09,0.5,100.25,23.0,0.0,0.0,0.10714285714285714,0.08333333333333333,0,치킨,굽네치킨
ba_10706208,2025-07,0.0,0.0,0.0,0.0,0.0,0.0,0.0,0,치킨,굽네치킨
ba_10706208,2025-08,0.391304347826087,87.3913043478261,20.26086956521739,0.13043478260869565,0.13043478260869565,0.08074534161490683,0.07246376811594202,1,치킨,굽네치킨
ba_10706208,2025-09,1.0,126.78947368421052,28.105263157894736,0.10526315789473684,0.10526315789473684,0.3007518796992481,0.07894736842105263,1,치킨,굽네치킨
ba_10739524,2025-08,0.2,45.4,10.8,0.0,0.0,0.02857142857142857,0.03333333333333333,0,치킨,굽네치킨
ba_10739524,2025-09,0.5,87.0,19.0,0.0,0.0,0.14285714285714285,0.08333333333333333,0,치킨,굽네치킨
ba_10739556,2025-07,0.0,0.0,0.0,0.0,0.0,0.0,0.0,0,치킨,굽네치킨
ba_10739556,2025-08,0.0,0.0,0.0,0.0,0.0,0.0,0.0,1,치킨,굽네치킨
ba_10739556,2025-09,1.0,206.83333333333334,44.166666666666664,0.4166666666666667,0.4166666666666667,0.38095238095238093,0.2222222222222222,1,치킨,굽네치킨
ba_10750970,2025-07,0.0,0.0,0.0,0.0,0.0,0.0,0.0,0,치킨,굽네치킨
ba_10750970,2025-08,0.4444444444444444,100.88888888888889,24.0,0.0,0.0,0.06349206349206349,0.07407407407407407,0,치킨,굽네치킨
ba_10750970,2025-09,0.7857142857142857,146.28571428571428,32.57142857142857,0.07142857142857142,0.07142857142857142,0.21428571428571427,0.14285714285714285,1,치킨,굽네치킨
ba_10759478,2025-07,0.0,0.0,0.0,0.0,0.0,0.0,0.0,1,치킨,굽네치킨
ba_10759478,2025-08,0.0,0.0,0.0,0.0,0.0,0.0,0.0,1,치킨,굽네치킨
ba_10759478,2025-09,0.9,180.2,40.95,0.05,0.05,0.21428571428571427,0.15833333333333333,0,치킨,굽네치킨
ba_10768614,2025-07,0.0,0.0,0.0,0.0,0.0,0.0,0.0,0,치킨,굽네치킨
ba_10768614,2025-08,0.2,45.4,10.8,0.0,0.0,0.02857142857142857,0.03333333333333333,0,치킨,굽네치킨
ba_10768614,2025-09,1.0,227.0,54.0,0.0,0.0,0.14285714285714285,0.16666666666666666,0,치킨,굽네치킨
ba_10771255,2025-07,0.0,0.0,0.0,0.0,0.0,0.0,0.0,0,치킨,굽네치킨
ba_10771255,2025-08,0.5473684210526316,107.92631578947369,22.74736842105263,0.042105263157894736,0.042105263157894736,0.20300751879699247,0.11403508771929824,0,치킨,굽네치킨
ba_10771255,2025-09,1.0,184.02479338842974,41.099173553719005,0.08264462809917356,0.08264462809917356,0.282172373081464,0.15702479338842976,0,치킨,굽네치킨
ba_10774000,2025-07,0.0,0.0,0.0,0.0,0.0,0.0,0.0,0,치킨,굽네치킨
ba_10774000,2025-08,0.5,113.5,27.0,0.0,0.0,0.07142857142857142,0.08333333333333333,0,치킨,굽네치킨
ba_10774000,2025-09,0.55,124.85,29.7,0.0,0.0,0.07857142857142857,0.09166666666666666,0,치킨,굽네치킨
ba_10774794,2025-07,0.09090909090909091,19.09090909090909,4.2727272727272725,0.09090909090909091,0.09090909090909091,0.03896103896103896,0.0303030303030303,0,치킨,굽네치킨
ba_10774794,2025-08,0.2222222222222222,29.333333333333332,5.666666666666667,0.0,0.0,0.015873015873015872,0.0,0,치킨,굽네치킨
ba_10774794,2025-09,0.0,0.0,0.0,0.0,0.0,0.0,0.0,0,치킨,굽네치킨
ba_10776500,2025-07,0.25,33.0,6.833333333333333,0.16666666666666666,0.16666666666666666,0.07142857142857142,0.041666666666666664,1,치킨,굽네치킨
ba_10776500,2025-08,0.0,0.0,0.0,0.0,0.0,0.0,0.0,1,치킨,굽네치킨
ba_10776500,2025-09,0.3333333333333333,75.66666666666667,18.0,0.0,0.0,0.047619047619047616,0.05555555555555555,0,치킨,굽네치킨
ba_10798649,2025-09,0.9782608695652174,204.0,43.73913043478261,0.17391304347826086,0.17391304347826086,0.2826086956521739,0.11956521739130435,0,치킨,굽네치킨
ba_10798649,2025-07,0.981651376146789,96.66055045871559,20.174311926605505,0.027522935779816515,0.027522935779816515,0.2712975098296199,0.012232415902140673,0,치킨,굽네치킨
ba_10798649,2025-08,1.0,149.8780487804878,31.853658536585368,0.10569105691056911,0.10569105691056911,0.27758420441347265,0.07181571815718156,0,치킨,굽네치킨
ba_10800862,2025-07,0.14960629921259844,36.63779527559055,7.181102362204724,0.031496062992125984,0.031496062992125984,0.09448818897637795,0.045931758530183726,0,치킨,굽네치킨
ba_10800862,2025-08,0.9772727272727273,229.02272727272728,45.166666666666664,0.03787878787878788,0.03787878787878788,0.5800865800865801,0.2916666666666667,0,치킨,굽네치킨
ba_10800862,2025-09,0.9928571428571429,219.38571428571427,47.47857142857143,0.07142857142857142,0.07142857142857142,0.37448979591836734,0.2130952380952381,0,치킨,굽네치킨
ba_10821092,2025-07,0.014492753623188406,3.36231884057971,0.7246376811594203,0.014492753623188406,0.014492753623188406,0.004140786749482401,0.0024154589371980675,0,치킨,굽네치킨
ba_10821092,2025-08,0.3,66.94285714285714,15.914285714285715,0.0,0.0,0.04285714285714286,0.047619047619047616,0,치킨,굽네치킨
ba_10821092,2025-09,0.6122448979591837,138.9795918367347,33.06122448979592,0.0,0.0,0.08746355685131195,0.10204081632653061,0,치킨,굽네치킨
ba_10841421,2025-09,0.9090909090909091,182.9090909090909,38.18181818181818,0.36363636363636365,0.36363636363636365,0.22077922077922077,0.045454545454545456,0,치킨,굽네치킨
ba_10841421,2025-08,1.0,311.5,60.333333333333336,0.0,0.0,0.2857142857142857,0.13888888888888887,1,치킨,굽네치킨
ba_10841883,2025-07,1.0,93.04761904761905,19.96825396825397,0.15873015873015872,0.15873015873015872,0.26077097505668934,0.07936507936507936,1,치킨,굽네치킨
ba_10841883,2025-08,1.0,169.8440366972477,36.091743119266056,0.14678899082568808,0.14678899082568808,0.29095674967234597,0.16055045871559634,1,치킨,굽네치킨
ba_10841883,2025-09,1.0,186.5680473372781,39.30177514792899,0.3609467455621302,0.3609467455621302,0.3516483516483516,0.15187376725838264,1,치킨,굽네치킨
ba_10872945,2025-08,0.08695652173913043,6.717391304347826,1.5,0.0,0.0,0.006211180124223602,0.0,1,치킨,굽네치킨
ba_10872945,2025-09,0.06666666666666667,8.52,1.7866666666666666,0.02666666666666667,0.02666666666666667,0.02666666666666667,0.008888888888888889,1,치킨,굽네치킨
ba_10872945,2025-07,0.2,11.8,2.0,0.2,0.2,0.0,0.0,1,치킨,굽네치킨
ba_12014214,2025-07,0.0,0.0,0.0,0.0,0.0,0.0,0.0,0,치킨,굽네치킨
ba_12014214,2025-08,0.375,85.125,20.25,0.0,0.0,0.05357142857142857,0.0625,0,치킨,굽네치킨
ba_12014214,2025-09,0.2857142857142857,41.714285714285715,8.857142857142858,0.14285714285714285,0.14285714285714285,0.04081632653061224,0.023809523809523808,0,치킨,굽네치킨
ba_12015187,2025-08,0.0,0.0,0.0,0.0,0.0,0.0,0.0,0,피자,굽네치킨
ba_12016615,2025-09,0.0,0.0,0.0,0.0,0.0,0.0,0.0,0,피자,굽네치킨
ba_12020564,2025-07,0.16666666666666666,6.5,1.3333333333333333,0.0,0.0,0.0,0.0,0,피자,굽네치킨
ba_12020564,2025-08,0.3333333333333333,75.66666666666667,18.0,0.0,0.0,0.047619047619047616,0.05555555555555555,0,피자,굽네치킨
ba_12020564,2025-09,1.0,200.5,46.0,0.0,0.0,0.21428571428571427,0.16666666666666666,0,피자,굽네치킨
ba_12029686,2025-08,0.0,0.0,0.0,0.0,0.0,0.0,0.0,0,치킨,굽네치킨
ba_12029686,2025-09,0.0,0.0,0.0,0.0,0.0,0.0,0.0,0,치킨,굽네치킨
ba_13052096,2025-07,0.6470588235294118,139.88235294117646,11.294117647058824,0.0196078431372549,0.0196078431372549,0.27170868347338933,0.1111111111111111,1,치킨,굽네치킨
ba_13052096,2025-08,1.0,224.08823529411765,28.147058823529413,0.029411764705882353,0.029411764705882353,0.3382352941176471,0.1642156862745098,1,치킨,굽네치킨
ba_13052096,2025-09,1.0,219.26923076923077,31.846153846153847,0.0641025641025641,0.0641025641025641,0.30586080586080583,0.16025641025641027,0,치킨,굽네치킨
ba_13062668,2025-07,0.0,0.0,0.0,0.0,0.0,0.0,0.0,0,치킨,굽네치킨
ba_13062668,2025-08,0.0,0.0,0.0,0.0,0.0,0.0,0.0,1,치킨,굽네치킨
ba_13062668,2025-09,0.0,0.0,0.0,0.0,0.0,0.0,0.0,1,치킨,굽네치킨
ba_13076527,2025-07,0.0,0.0,0.0,0.0,0.0,0.0,0.0,0,치킨,굽네치킨
ba_13076527,2025-08,0.0,0.0,0.0,0.0,0.0,0.0,0.0,0,치킨,굽네치킨
ba_13076527,2025-09,0.009345794392523364,1.8224299065420562,0.411214953271028,0.009345794392523364,0.009345794392523364,0.004005340453938584,0.003115264797507788,0,치킨,굽네치킨
ba_13081281,2025-07,0.0,0.0,0.0,0.0,0.0,0.0,0.0,0,치킨,굽네치킨
ba_13081281,2025-08,0.125,26.75,5.875,0.125,0.125,0.03571428571428571,0.020833333333333332,1,치킨,굽네치킨
ba_13081281,2025-09,0.2,44.4,9.6,0.2,0.2,0.05714285714285714,0.03333333333333333,1,치킨,굽네치킨
ba_13103901,2025-07,0.0,0.0,0.0,0.0,0.0,0.0,0.0,0,피자,굽네치킨
ba_13103901,2025-08,1.0,227.0,54.0,0.0,0.0,0.14285714285714285,0.16666666666666666,0,피자,굽네치킨
ba_13103901,2025-09,1.0,227.0,54.0,0.0,0.0,0.14285714285714285,0.16666666666666666,0,피자,굽네치킨
ba_13168465,2025-07,0.6666666666666666,148.33333333333334,32.333333333333336,0.0,0.0,0.38095238095238093,0.1111111111111111,1,백반·죽·국수,본그룹
ba_13181486,2025-08,0.0,0.0,0.0,0.0,0.0,0.0,0.0,1,백반·죽·국수,본그룹
ba_13181486,2025-09,0.0,0.0,0.0,0.0,0.0,0.0,0.0,1,백반·죽·국수,본그룹
ba_13181486,2025-07,1.0,197.3,44.2,0.2,0.2,0.45714285714285713,0.25,1,백반·죽·국수,본그룹
ba_13181699,2025-09,0.0,0.0,0.0,0.0,0.0,0.0,0.0,1,백반·죽·국수,본그룹
ba_13181719,2025-09,0.0,0.0,0.0,0.0,0.0,0.0,0.0,1,백반·죽·국수,본그룹
ba_13181957,2025-08,1.0,223.5,48.7,0.1,0.1,0.5,0.16666666666666666,0,백반·죽·국수,본그룹
ba_13181957,2025-09,1.0,237.14285714285714,51.714285714285715,0.0,0.0,0.4081632653061224,0.14285714285714285,0,백반·죽·국수,본그룹
ba_13182018,2025-07,0.0,0.0,0.0,0.0,0.0,0.0,0.0,0,백반·죽·국수,본그룹
ba_13182018,2025-08,0.0,0.0,0.0,0.0,0.0,0.0,0.0,0,백반·죽·국수,본그룹
ba_13182129,2025-07,0.0,0.0,0.0,0.0,0.0,0.0,0.0,0,백반·죽·국수,본그룹
ba_13182129,2025-08,0.0,0.0,0.0,0.0,0.0,0.0,0.0,0,백반·죽·국수,본그룹
ba_13188150,2025-09,0.0,0.0,0.0,0.0,0.0,0.0,0.0,0,백반·죽·국수,본그룹
ba_13188150,2025-08,1.0,164.0,34.0,0.0,0.0,0.42857142857142855,0.0,0,백반·죽·국수,본그룹
ba_13189894,2025-08,1.0,344.5,67.25,0.0,0.0,0.5357142857142857,0.25,0,백반·죽·국수,본그룹
ba_13193158,2025-09,1.0,217.0,46.0,0.0,0.0,0.42857142857142855,0.0,1,백반·죽·국수,본그룹
ba_13199208,2025-09,0.0,0.0,0.0,0.0,0.0,0.0,0.0,1,백반·죽·국수,본그룹
ba_13199335,2025-08,0.0,0.0,0.0,0.0,0.0,0.0,0.0,0,백반·죽·국수,본그룹
ba_13199394,2025-07,0.0,0.0,0.0,0.0,0.0,0.0,0.0,1,백반·죽·국수,본그룹
ba_13199394,2025-08,1.0,144.0,33.0,0.0,0.0,0.5714285714285714,0.3333333333333333,0,백반·죽·국수,본그룹
ba_13199394,2025-09,1.0,123.0,28.0,1.0,1.0,0.5714285714285714,0.16666666666666666,0,백반·죽·국수,본그룹
ba_13199864,2025-07,1.0,237.8,52.8,0.2,0.2,0.5428571428571429,0.26666666666666666,1,백반·죽·국수,본그룹
ba_13199864,2025-08,1.0,291.1666666666667,61.666666666666664,0.16666666666666666,0.16666666666666666,0.5476190476190476,0.19444444444444442,0,백반·죽·국수,본그룹
ba_13203399,2025-07,1.0,234.31578947368422,51.78947368421053,0.10526315789473684,0.10526315789473684,0.5263157894736842,0.22807017543859648,1,백반·죽·국수,본그룹
ba_13203399,2025-08,1.0,283.1111111111111,59.111111111111114,0.5555555555555556,0.5555555555555556,0.4444444444444444,0.18518518518518517,1,백반·죽·국수,본그룹
ba_13203399,2025-09,1.0,242.8,51.8,0.6,0.6,0.5142857142857142,0.26666666666666666,0,백반·죽·국수,본그룹
ba_13219094,2025-09,1.0,125.0,28.0,0.0,0.0,0.2857142857142857,0.16666666666666666,0,백반·죽·국수,본그룹
ba_13219951,2025-08,1.0,247.33333333333334,54.333333333333336,0.0,0.0,0.4761904761904761,0.3333333333333333,0,백반·죽·국수,본그룹
ba_13221638,2025-08,0.0,0.0,0.0,0.0,0.0,0.0,0.0,0,백반·죽·국수,본그룹
ba_13221638,2025-09,0.0,0.0,0.0,0.0,0.0,0.0,0.0,0,백반·죽·국수,본그룹
ba_13221638,2025-07,1.0,234.5,51.25,0.0,0.0,0.6071428571428571,0.3333333333333333,1,백반·죽·국수,본그룹
ba_13221975,2025-07,1.0,94.0,16.0,0.0,0.0,0.0,0.0,0,백반·죽·국수,본그룹
ba_13221975,2025-08,1.0,109.5,20.75,0.0,0.0,0.25,0.125,1,백반·죽·국수,본그룹
ba_13221975,2025-09,1.0,117.0,20.0,0.0,0.0,0.42857142857142855,0.0,0,백반·죽·국수,본그룹
ba_13222051,2025-09,0.0,0.0,0.0,0.0,0.0,0.0,0.0,0,백반·죽·국수,본그룹
ba_13222051,2025-07,1.0,222.0,49.333333333333336,0.0,0.0,0.5714285714285714,0.27777777777777773,1,백반·죽·국수,본그룹
ba_13222051,2025-08,1.0,119.5,25.5,0.5,0.5,0.5,0.16666666666666666,0,백반·죽·국수,본그룹
ba_13222170,2025-08,0.9230769230769231,202.84615384615384,43.23076923076923,0.15384615384615385,0.15384615384615385,0.49450549450549447,0.20512820512820512,1,백반·죽·국수,본그룹
ba_13222170,2025-07,1.0,240.375,52.3125,0.1875,0.1875,0.4464285714285714,0.21875,1,백반·죽·국수,본그룹
ba_13222170,2025-09,1.0,222.875,46.75,0.375,0.375,0.46428571428571425,0.14583333333333331,0,백반·죽·국수,본그룹
ba_13223141,2025-08,0.0,0.0,0.0,0.0,0.0,0.0,0.0,1,백반·죽·국수,본그룹
ba_13223141,2025-09,0.0,0.0,0.0,0.0,0.0,0.0,0.0,1,백반·죽·국수,본그룹
ba_13223329,2025-08,1.0,258.0,54.0,1.0,1.0,0.42857142857142855,0.0,1,백반·죽·국수,본그룹
ba_13223504,2025-08,0.0,0.0,0.0,0.0,0.0,0.0,0.0,1,백반·죽·국수,본그룹
ba_13223504,2025-09,0.0,0.0,0.0,0.0,0.0,0.0,0.0,1,백반·죽·국수,본그룹
ba_13223520,2025-08,1.0,177.5,38.5,0.0,0.0,0.14285714285714285,0.0,0,백반·죽·국수,본그룹
ba_13223538,2025-08,1.0,200.5,45.0,0.0,0.0,0.3571428571428571,0.16666666666666666,0,백반·죽·국수,본그룹
ba_13223538,2025-09,1.0,196.75,41.75,0.0,0.0,0.42857142857142855,0.16666666666666666,0,백반·죽·국수,본그룹
ba_13223654,2025-08,0.9565217391304348,210.56521739130434,44.82608695652174,0.17391304347826086,0.17391304347826086,0.49689440993788814,0.21014492753623187,1,백반·죽·국수,본그룹
ba_13223654,2025-09,0.96,190.72,41.0,0.12,0.12,0.4685714285714285,0.18666666666666665,1,백반·죽·국수,본그룹
ba_13223654,2025-07,1.0,159.0,37.0,1.0,1.0,0.2857142857142857,0.16666666666666666,1,백반·죽·국수,본그룹
ba_13224027,2025-09,1.0,161.0,33.0,1.0,1.0,0.5714285714285714,0.0,0,백반·죽·국수,본그룹
ba_13224710,2025-09,0.5,87.5,19.0,0.0,0.0,0.07142857142857142,0.16666666666666666,0,백반·죽·국수,본그룹
ba_13224802,2025-09,1.0,209.5,43.5,0.5,0.5,0.5,0.16666666666666666,0,백반·죽·국수,본그룹
ba_13224844,2025-09,0.0,0.0,0.0,0.0,0.0,0.0,0.0,0,백반·죽·국수,본그룹
ba_13225842,2025-07,0.0,0.0,0.0,0.0,0.0,0.0,0.0,1,백반·죽·국수,본그룹
ba_13225842,2025-08,0.0,0.0,0.0,0.0,0.0,0.0,0.0,0,백반·죽·국수,본그룹
ba_13225939,2025-08,0.0,0.0,0.0,0.0,0.0,0.0,0.0,0,백반·죽·국수,본그룹
ba_13225939,2025-09,0.0,0.0,0.0,0.0,0.0,0.0,0.0,1,백반·죽·국수,본그룹
ba_13226546,2025-08,1.0,13.0,2.0,0.0,0.0,0.14285714285714285,0.0,0,백반·죽·국수,본그룹
ba_13226843,2025-08,0.5,60.0,14.5,0.0,0.0,0.2857142857142857,0.08333333333333333,0,백반·죽·국수,본그룹
ba_13226843,2025-09,0.0,0.0,0.0,0.0,0.0,0.0,0.0,0,백반·죽·국수,본그룹
ba_13226860,2025-07,1.0,142.33333333333334,30.5,0.0,0.0,0.09523809523809523,0.05555555555555555,0,백반·죽·국수,본그룹
ba_13226860,2025-08,1.0,154.92307692307693,32.61538461538461,0.07692307692307693,0.07692307692307693,0.12087912087912088,0.0,1,백반·죽·국수,본그룹
ba_13226860,2025-09,1.0,151.0,33.0,0.0,0.0,0.11904761904761903,0.05555555555555555,0,백반·죽·국수,본그룹
ba_13226947,2025-07,1.0,207.6,45.8,0.0,0.0,0.42857142857142855,0.26666666666666666,1,백반·죽·국수,본그룹
ba_13227516,2025-09,0.6666666666666666,61.333333333333336,13.666666666666666,0.0,0.0,0.2857142857142857,0.16666666666666666,0,백반·죽·국수,본그룹
ba_13227516,2025-07,1.0,224.66666666666666,47.333333333333336,0.0,0.0,0.42857142857142855,0.2222222222222222,0,백반·죽·국수,본그룹
ba_13227516,2025-08,1.0,85.5,19.0,0.5,0.5,0.21428571428571427,0.16666666666666666,0,백반·죽·국수,본그룹
ba_13227543,2025-08,1.0,228.0,47.714285714285715,0.2857142857142857,0.2857142857142857,0.5102040816326531,0.09523809523809523,0,백반·죽·국수,본그룹
ba_13227543,2025-09,1.0,223.44444444444446,47.111111111111114,0.1111111111111111,0.1111111111111111,0.46031746031746024,0.2037037037037037,0,백반·죽·국수,본그룹
ba_13227659,2025-07,0.0,0.0,0.0,0.0,0.0,0.0,0.0,0,백반·죽·국수,본그룹
ba_13227696,2025-07,0.4444444444444444,19.77777777777778,4.0,0.0,0.0,0.0,0.0,0,백반·죽·국수,본그룹
ba_13227696,2025-09,0.5714285714285714,35.57142857142857,6.714285714285714,0.0,0.0,0.0,0.0,1,백반·죽·국수,본그룹
ba_13228166,2025-09,0.5,100.5,20.0,0.5,0.5,0.21428571428571427,0.08333333333333333,0,백반·죽·국수,본그룹
ba_13228453,2025-09,1.0,187.0,40.0,0.0,0.0,0.5,0.3333333333333333,0,백반·죽·국수,본그룹
ba_13228647,2025-07,1.0,131.5,27.25,0.0,0.0,0.21428571428571427,0.041666666666666664,0,백반·죽·국수,본그룹
ba_13228647,2025-08,1.0,137.0,28.0,0.0,0.0,0.0,0.0,0,백반·죽·국수,본그룹
ba_13228668,2025-07,1.0,257.22222222222223,57.0,0.2222222222222222,0.2222222222222222,0.492063492063492,0.2222222222222222,1,백반·죽·국수,본그룹
ba_13228668,2025-08,1.0,229.85714285714286,49.42857142857143,0.14285714285714285,0.14285714285714285,0.5510204081632653,0.16666666666666666,0,백반·죽·국수,본그룹
ba_13228668,2025-09,1.0,92.0,19.0,1.0,1.0,0.2857142857142857,0.0,0,백반·죽·국수,본그룹
ba_13228675,2025-08,1.0,202.33333333333334,44.666666666666664,0.3333333333333333,0.3333333333333333,0.5238095238095238,0.1111111111111111,0,백반·죽·국수,본그룹
ba_13228677,2025-08,0.6666666666666666,159.66666666666666,35.0,0.0,0.0,0.38095238095238093,0.16666666666666666,0,백반·죽·국수,본그룹
ba_13228677,2025-09,0.0,0.0,0.0,0.0,0.0,0.0,0.0,0,백반·죽·국수,본그룹
ba_13228869,2025-08,1.0,258.0,54.0,0.0,0.0,0.5714285714285714,0.16666666666666666,1,백반·죽·국수,본그룹
ba_13228878,2025-09,1.0,188.5,39.5,0.5,0.5,0.42857142857142855,0.16666666666666666,1,백반·죽·국수,본그룹
ba_13228909,2025-08,1.0,202.0,44.0,0.0,0.0,0.5,0.25,1,백반·죽·국수,본그룹
ba_13228945,2025-09,1.0,110.0,22.0,0.0,0.0,0.14285714285714285,0.0,1,백반·죽·국수,본그룹
ba_13228993,2025-08,0.0,0.0,0.0,0.0,0.0,0.0,0.0,1,백반·죽·국수,본그룹
ba_13229107,2025-09,0.6666666666666666,127.0,28.0,0.3333333333333333,0.3333333333333333,0.19047619047619047,0.1111111111111111,1,백반·죽·국수,본그룹
ba_13229107,2025-08,1.0,70.0,13.0,0.0,0.0,0.42857142857142855,0.16666666666666666,1,백반·죽·국수,본그룹
ba_13229152,2025-08,1.0,231.25,51.5,0.25,0.25,0.5357142857142857,0.20833333333333331,0,백반·죽·국수,본그룹
ba_13229152,2025-09,1.0,215.0,43.5,0.5,0.5,0.5714285714285714,0.16666666666666666,0,백반·죽·국수,본그룹
ba_13229173,2025-08,1.0,247.0,51.0,0.0,0.0,0.7142857142857143,0.16666666666666666,0,백반·죽·국수,본그룹
ba_13229184,2025-08,1.0,225.0,49.0,1.0,1.0,0.2857142857142857,0.0,1,백반·죽·국수,본그룹
ba_13229527,2025-07,0.6666666666666666,145.66666666666666,32.166666666666664,0.0,0.0,0.38095238095238093,0.2222222222222222,1,백반·죽·국수,본그룹
ba_13229527,2025-08,0.5,3.5,0.5,0.0,0.0,0.0,0.0,0,백반·죽·국수,본그룹
ba_13229527,2025-09,0.0,0.0,0.0,0.0,0.0,0.0,0.0,0,백반·죽·국수,본그룹
ba_13229747,2025-08,1.0,146.0,29.0,0.0,0.0,0.14285714285714285,0.0,0,백반·죽·국수,본그룹
ba_13229858,2025-09,0.0,0.0,0.0,0.0,0.0,0.0,0.0,1,백반·죽·국수,본그룹
ba_13229960,2025-07,0.0,0.0,0.0,0.0,0.0,0.0,0.0,0,백반·죽·국수,본그룹
ba_13230007,2025-09,0.0,0.0,0.0,0.0,0.0,0.0,0.0,0,백반·죽·국수,본그룹
ba_13230793,2025-08,0.0,0.0,0.0,0.0,0.0,0.0,0.0,0,백반·죽·국수,본그룹
ba_13230793,2025-09,0.0,0.0,0.0,0.0,0.0,0.0,0.0,0,백반·죽·국수,본그룹
ba_13230813,2025-09,0.0,0.0,0.0,0.0,0.0,0.0,0.0,0,백반·죽·국수,본그룹
ba_13230834,2025-08,0.0,0.0,0.0,0.0,0.0,0.0,0.0,1,백반·죽·국수,본그룹
ba_13230838,2025-09,1.0,285.0,62.0,0.0,0.0,0.5714285714285714,0.16666666666666666,0,백반·죽·국수,본그룹
ba_13230903,2025-07,1.0,145.5,31.5,0.5,0.5,0.6428571428571428,0.25,1,백반·죽·국수,본그룹
ba_13230903,2025-08,1.0,191.66666666666666,41.0,0.0,0.0,0.4761904761904761,0.1111111111111111,0,백반·죽·국수,본그룹
ba_13230921,2025-08,1.0,203.0,44.5,0.0,0.0,0.5714285714285714,0.3333333333333333,0,백반·죽·국수,본그룹
ba_13231050,2025-08,0.0,0.0,0.0,0.0,0.0,0.0,0.0,1,백반·죽·국수,본그룹
ba_13231120,2025-08,1.0,84.0,19.0,1.0,1.0,0.14285714285714285,0.0,1,백반·죽·국수,본그룹
ba_13231147,2025-08,1.0,230.0,49.5,0.5,0.5,0.5714285714285714,0.25,1,백반·죽·국수,본그룹
ba_13231147,2025-09,1.0,183.0,35.5,1.0,1.0,0.5714285714285714,0.08333333333333333,1,백반·죽·국수,본그룹
ba_13231481,2025-09,1.0,233.5,52.5,0.5,0.5,0.5714285714285714,0.5,0,백반·죽·국수,본그룹
ba_13231795,2025-08,0.0,0.0,0.0,0.0,0.0,0.0,0.0,1,백반·죽·국수,본그룹
ba_13231958,2025-08,0.0,0.0,0.0,0.0,0.0,0.0,0.0,1,백반·죽·국수,본그룹
ba_13232110,2025-09,1.0,233.33333333333334,53.666666666666664,0.0,0.0,0.0,0.0,0,백반·죽·국수,본그룹
ba_13232134,2025-08,1.0,155.0,31.0,1.0,1.0,0.5714285714285714,0.0,0,백반·죽·국수,본그룹
ba_13232348,2025-08,0.0,0.0,0.0,0.0,0.0,0.0,0.0,0,백반·죽·국수,본그룹
ba_13232348,2025-09,0.0,0.0,0.0,0.0,0.0,0.0,0.0,0,백반·죽·국수,본그룹
ba_13232508,2025-08,1.0,251.0,51.0,1.0,1.0,0.5714285714285714,0.16666666666666666,0,백반·죽·국수,본그룹
ba_13232508,2025-09,1.0,127.0,30.0,0.0,0.0,0.14285714285714285,0.0,0,백반·죽·국수,본그룹
ba_13233115,2025-07,1.0,180.88888888888889,39.888888888888886,0.0,0.0,0.3333333333333333,0.14814814814814814,1,백반·죽·국수,본그룹
ba_13233115,2025-08,1.0,223.5,46.5,0.0,0.0,0.5357142857142857,0.041666666666666664,1,백반·죽·국수,본그룹
ba_13233115,2025-09,1.0,148.0,31.0,1.0,1.0,0.3571428571428571,0.08333333333333333,0,백반·죽·국수,본그룹
ba_13233212,2025-09,1.0,107.0,22.0,0.5,0.5,0.5,0.0,0,백반·죽·국수,본그룹
ba_13233433,2025-08,0.0,0.0,0.0,0.0,0.0,0.0,0.0,0,백반·죽·국수,본그룹
ba_13233433,2025-09,0.0,0.0,0.0,0.0,0.0,0.0,0.0,0,백반·죽·국수,본그룹
ba_13233436,2025-08,0.5,82.0,17.0,0.0,0.0,0.07142857142857142,0.08333333333333333,0,백반·죽·국수,본그룹
ba_13233445,2025-08,1.0,227.0,50.0,0.3333333333333333,0.3333333333333333,0.42857142857142855,0.2222222222222222,0,백반·죽·국수,본그룹
ba_13233445,2025-09,1.0,258.0,57.0,0.0,0.0,0.14285714285714285,0.0,0,백반·죽·국수,본그룹
ba_13233448,2025-08,1.0,217.5,47.0,0.5,0.5,0.5,0.25,0,백반·죽·국수,본그룹
ba_13233454,2025-07,0.0,0.0,0.0,0.0,0.0,0.0,0.0,0,백반·죽·국수,본그룹
ba_13233454,2025-08,0.0,0.0,0.0,0.0,0.0,0.0,0.0,0,백반·죽·국수,본그룹
ba_13233454,2025-09,0.0,0.0,0.0,0.0,0.0,0.0,0.0,0,백반·죽·국수,본그룹
ba_13233457,2025-08,1.0,224.25,46.75,0.0,0.0,0.5,0.125,0,백반·죽·국수,본그룹
ba_13233463,2025-07,1.0,139.5,26.0,0.0,0.0,0.3571428571428571,0.08333333333333333,0,백반·죽·국수,본그룹
ba_13233463,2025-09,1.0,143.5,23.5,0.0,0.0,0.0,0.0,0,백반·죽·국수,본그룹
ba_13233483,2025-09,0.0,0.0,0.0,0.0,0.0,0.0,0.0,0,백반·죽·국수,본그룹
ba_13233483,2025-07,1.0,227.0,49.75,0.0,0.0,0.5714285714285714,0.20833333333333331,0,백반·죽·국수,본그룹
ba_13233483,2025-08,1.0,247.8,53.4,0.4,0.4,0.48571428571428565,0.2333333333333333,0,백반·죽·국수,본그룹
ba_13233484,2025-09,0.0,0.0,0.0,0.0,0.0,0.0,0.0,0,백반·죽·국수,본그룹
ba_13233506,2025-09,0.5,90.5,19.0,0.0,0.0,0.2857142857142857,0.0,0,백반·죽·국수,본그룹
ba_13233506,2025-08,1.0,203.0,44.0,1.0,1.0,0.8571428571428571,0.5,0,백반·죽·국수,본그룹
ba_13233554,2025-08,1.0,193.5,40.5,0.0,0.0,0.42857142857142855,0.16666666666666666,0,백반·죽·국수,본그룹
ba_13233554,2025-09,1.0,175.6,35.6,0.4,0.4,0.5142857142857142,0.13333333333333333,0,백반·죽·국수,본그룹
ba_13233576,2025-08,1.0,218.28571428571428,46.714285714285715,0.2857142857142857,0.2857142857142857,0.5714285714285714,0.2619047619047619,1,백반·죽·국수,본그룹
ba_13233576,2025-09,1.0,219.66666666666666,47.666666666666664,0.0,0.0,0.4761904761904761,0.1111111111111111,0,백반·죽·국수,본그룹
ba_13233578,2025-09,1.0,233.0,47.0,0.0,0.0,0.5714285714285714,0.0,0,백반·죽·국수,본그룹
ba_13233579,2025-09,1.0,73.5,13.5,0.0,0.0,0.2857142857142857,0.0,1,백반·죽·국수,본그룹
ba_13233581,2025-08,0.0,0.0,0.0,0.0,0.0,0.0,0.0,0,백반·죽·국수,본그룹
ba_13233581,2025-09,0.0,0.0,0.0,0.0,0.0,0.0,0.0,1,백반·죽·국수,본그룹
ba_13233587,2025-07,1.0,256.8,58.2,0.4,0.4,0.6,0.3,1,백반·죽·국수,본그룹
ba_13233587,2025-08,1.0,218.57142857142858,46.42857142857143,0.14285714285714285,0.14285714285714285,0.5102040816326531,0.16666666666666666,0,백반·죽·국수,본그룹
ba_13233587,2025-09,1.0,230.8,49.6,0.2,0.2,0.48571428571428565,0.36666666666666664,0,백반·죽·국수,본그룹
ba_13233592,2025-07,1.0,174.0,37.0,0.3333333333333333,0.3333333333333333,0.2857142857142857,0.1111111111111111,1,백반·죽·국수,본그룹
ba_13233592,2025-08,1.0,196.0,42.0,1.0,1.0,0.5714285714285714,0.16666666666666666,1,백반·죽·국수,본그룹
ba_13233592,2025-09,1.0,189.0,40.0,0.4,0.4,0.6571428571428571,0.3333333333333333,1,백반·죽·국수,본그룹
ba_13233594,2025-08,0.0,0.0,0.0,0.0,0.0,0.0,0.0,0,백반·죽·국수,본그룹
ba_13233594,2025-09,0.0,0.0,0.0,0.0,0.0,0.0,0.0,0,백반·죽·국수,본그룹
ba_13233606,2025-08,0.5,168.0,38.0,0.0,0.0,0.21428571428571427,0.16666666666666666,0,백반·죽·국수,본그룹
ba_13233606,2025-07,1.0,297.1666666666667,67.0,0.0,0.0,0.5238095238095238,0.3333333333333333,1,백반·죽·국수,본그룹
ba_13233606,2025-09,1.0,297.57142857142856,66.42857142857143,0.0,0.0,0.5510204081632653,0.3333333333333333,0,백반·죽·국수,본그룹
ba_13233607,2025-08,0.0,0.0,0.0,0.0,0.0,0.0,0.0,0,백반·죽·국수,본그룹
ba_13233607,2025-09,0.0,0.0,0.0,0.0,0.0,0.0,0.0,0,백반·죽·국수,본그룹
ba_13233639,2025-08,1.0,165.0,38.5,0.0,0.0,0.6428571428571428,0.16666666666666666,0,백반·죽·국수,본그룹
ba_13233639,2025-09,1.0,222.5,48.0,0.5,0.5,0.5714285714285714,0.16666666666666666,0,백반·죽·국수,본그룹
ba_13233716,2025-08,0.0,0.0,0.0,0.0,0.0,0.0,0.0,1,백반·죽·국수,본그룹
ba_13233716,2025-09,0.0,0.0,0.0,0.0,0.0,0.0,0.0,1,백반·죽·국수,본그룹
ba_13233726,2025-08,1.0,219.75,46.75,0.25,0.25,0.6071428571428571,0.16666666666666666,0,백반·죽·국수,본그룹
ba_13233726,2025-09,1.0,216.25,45.75,0.25,0.25,0.5357142857142857,0.16666666666666666,0,백반·죽·국수,본그룹
ba_13233735,2025-07,0.5,107.0,23.666666666666668,0.0,0.0,0.19047619047619047,0.1111111111111111,0,백반·죽·국수,본그룹
ba_13233735,2025-08,1.0,149.0,32.0,0.0,0.0,0.7142857142857143,0.16666666666666666,0,백반·죽·국수,본그룹
ba_13233764,2025-08,1.0,206.33333333333334,46.666666666666664,0.0,0.0,0.4761904761904761,0.2222222222222222,0,백반·죽·국수,본그룹
ba_13233778,2025-09,0.875,165.375,35.25,0.25,0.25,0.42857142857142855,0.14583333333333331,0,백반·죽·국수,본그룹
ba_13233778,2025-08,1.0,220.91666666666666,49.833333333333336,0.08333333333333333,0.08333333333333333,0.45238095238095233,0.20833333333333334,0,백반·죽·국수,본그룹
ba_13233782,2025-07,0.3333333333333333,39.333333333333336,8.333333333333334,0.0,0.0,0.19047619047619047,0.1111111111111111,1,백반·죽·국수,본그룹
ba_13233782,2025-08,1.0,171.0,35.666666666666664,0.6666666666666666,0.6666666666666666,0.5714285714285714,0.16666666666666666,1,백반·죽·국수,본그룹
ba_13233782,2025-09,1.0,177.14285714285714,38.142857142857146,0.2857142857142857,0.2857142857142857,0.4489795918367347,0.21428571428571427,1,백반·죽·국수,본그룹
ba_13233856,2025-08,1.0,115.5,23.5,0.5,0.5,0.5714285714285714,0.25,0,백반·죽·국수,본그룹
ba_13234034,2025-08,1.0,163.0,34.0,0.0,0.0,0.3333333333333333,0.0,0,백반·죽·국수,본그룹
ba_13234034,2025-09,1.0,155.0,31.0,0.0,0.0,0.7142857142857143,0.16666666666666666,0,백반·죽·국수,본그룹
ba_13234089,2025-09,0.0,0.0,0.0,0.0,0.0,0.0,0.0,0,백반·죽·국수,본그룹
ba_13234089,2025-08,1.0,145.0,28.0,1.0,1.0,0.2857142857142857,0.0,1,백반·죽·국수,본그룹
ba_13234101,2025-08,0.0,0.0,0.0,0.0,0.0,0.0,0.0,0,백반·죽·국수,본그룹
ba_13234188,2025-08,1.0,230.0,49.0,0.5,0.5,0.6428571428571428,0.3333333333333333,0,백반·죽·국수,본그룹
ba_13234188,2025-09,1.0,184.0,39.0,0.0,0.0,0.42857142857142855,0.16666666666666666,0,백반·죽·국수,본그룹
ba_13234193,2025-08,0.0,0.0,0.0,0.0,0.0,0.0,0.0,1,백반·죽·국수,본그룹
ba_13234193,2025-09,0.0,0.0,0.0,0.0,0.0,0.0,0.0,0,백반·죽·국수,본그룹
ba_13234475,2025-08,1.0,169.5,35.0,0.0,0.0,0.42857142857142855,0.16666666666666666,1,백반·죽·국수,본그룹
ba_13234523,2025-09,1.0,94.0,19.0,0.0,0.0,0.14285714285714285,0.0,0,백반·죽·국수,본그룹
ba_13234578,2025-07,0.0,0.0,0.0,0.0,0.0,0.0,0.0,1,백반·죽·국수,본그룹
ba_13234578,2025-08,0.0,0.0,0.0,0.0,0.0,0.0,0.0,0,백반·죽·국수,본그룹
ba_13234578,2025-09,0.0,0.0,0.0,0.0,0.0,0.0,0.0,0,백반·죽·국수,본그룹
ba_13234790,2025-07,1.0,124.73684210526316,25.526315789473685,0.05263157894736842,0.05263157894736842,0.3233082706766917,0.15789473684210525,1,치킨,굽네치킨
ba_13234790,2025-08,1.0,146.85714285714286,30.928571428571427,0.07142857142857142,0.07142857142857142,0.25510204081632654,0.09523809523809523,0,치킨,굽네치킨
ba_13234790,2025-09,1.0,174.55555555555554,36.55555555555556,0.2222222222222222,0.2222222222222222,0.36507936507936506,0.16666666666666666,0,치킨,굽네치킨
ba_13235498,2025-07,1.0,232.0,49.5,0.5,0.5,0.6428571428571428,0.3333333333333333,1,백반·죽·국수,본그룹
ba_13235498,2025-09,1.0,219.2,48.0,0.2,0.2,0.5428571428571428,0.16666666666666666,1,백반·죽·국수,본그룹
ba_13235500,2025-08,1.0,212.5,44.0,0.0,0.0,0.3571428571428571,0.08333333333333333,1,백반·죽·국수,본그룹
ba_13235535,2025-07,0.0,0.0,0.0,0.0,0.0,0.0,0.0,1,백반·죽·국수,본그룹
ba_13235535,2025-08,0.0,0.0,0.0,0.0,0.0,0.0,0.0,1,백반·죽·국수,본그룹
ba_13235557,2025-07,1.0,234.0,52.0,0.25,0.25,0.5357142857142857,0.29166666666666663,1,백반·죽·국수,본그룹
ba_13235557,2025-08,1.0,231.0,50.0,1.0,1.0,0.42857142857142855,0.0,0,백반·죽·국수,본그룹
ba_13235557,2025-09,1.0,449.0,95.0,0.0,0.0,0.14285714285714285,0.16666666666666666,0,백반·죽·국수,본그룹
ba_13235588,2025-09,1.0,136.0,30.0,0.0,0.0,0.8571428571428571,0.5,0,백반·죽·국수,본그룹
ba_13236401,2025-09,0.0,0.0,0.0,0.0,0.0,0.0,0.0,0,백반·죽·국수,본그룹
ba_13236401,2025-08,1.0,162.0,36.0,0.0,0.0,0.42857142857142855,0.16666666666666666,1,백반·죽·국수,본그룹
ba_13236481,2025-07,0.0,0.0,0.0,0.0,0.0,0.0,0.0,0,백반·죽·국수,본그룹
ba_13236481,2025-08,0.0,0.0,0.0,0.0,0.0,0.0,0.0,1,백반·죽·국수,본그룹
ba_13236481,2025-09,0.0,0.0,0.0,0.0,0.0,0.0,0.0,1,백반·죽·국수,본그룹
ba_13236584,2025-09,0.0,0.0,0.0,0.0,0.0,0.0,0.0,1,백반·죽·국수,본그룹
ba_13236745,2025-08,0.0,0.0,0.0,0.0,0.0,0.0,0.0,0,백반·죽·국수,본그룹
ba_13237700,2025-07,1.0,246.78571428571428,54.214285714285715,0.07142857142857142,0.07142857142857142,0.5306122448979591,0.21428571428571427,0,백반·죽·국수,본그룹
ba_13237700,2025-08,1.0,230.33333333333334,48.5,0.3333333333333333,0.3333333333333333,0.5238095238095238,0.19444444444444442,0,백반·죽·국수,본그룹
ba_13237700,2025-09,1.0,232.5,50.0,0.0,0.0,0.5714285714285714,0.16666666666666666,0,백반·죽·국수,본그룹
ba_13243585,2025-09,1.0,192.5,41.5,0.0,0.0,0.3571428571428571,0.16666666666666666,0,백반·죽·국수,본그룹
ba_13248384,2025-08,1.0,140.0,31.0,0.0,0.0,0.7142857142857143,0.3333333333333333,1,백반·죽·국수,본그룹
ba_13248384,2025-09,1.0,203.0,41.0,0.0,0.0,0.14285714285714285,0.0,0,백반·죽·국수,본그룹
ba_13249105,2025-09,1.0,284.0,64.0,1.0,1.0,0.2857142857142857,0.16666666666666666,0,피자,굽네치킨
ba_13249989,2025-08,0.9883040935672515,340.41520467836256,66.55555555555556,0.9883040935672515,0.9883040935672515,0.8471177944862156,0.16471734892787523,1,치킨,굽네치킨
ba_13249989,2025-09,0.9953051643192489,265.5399061032864,53.75352112676056,0.5469483568075117,0.5469483568075117,0.5932260228034876,0.1674491392801252,1,치킨,굽네치킨
ba_13249989,2025-07,1.0,349.4146341463415,68.28455284552845,1.0,1.0,0.8536585365853658,0.16802168021680214,1,치킨,굽네치킨
ba_13260523,2025-07,0.0,0.0,0.0,0.0,0.0,0.0,0.0,0,백반·죽·국수,본그룹
ba_13260523,2025-08,0.0,0.0,0.0,0.0,0.0,0.0,0.0,0,백반·죽·국수,본그룹
ba_13260523,2025-09,0.0,0.0,0.0,0.0,0.0,0.0,0.0,0,백반·죽·국수,본그룹
ba_13260584,2025-09,1.0,222.5,48.0,0.0,0.0,0.5,0.25,0,백반·죽·국수,본그룹
ba_13265806,2025-08,1.0,206.75,45.0,0.5,0.5,0.5357142857142857,0.29166666666666663,0,백반·죽·국수,본그룹
ba_13267079,2025-07,1.0,367.4,80.6,0.4,0.4,0.5428571428571429,0.26666666666666666,0,백반·죽·국수,본그룹
ba_13267079,2025-08,1.0,414.25,82.0,0.5,0.5,0.6428571428571428,0.3333333333333333,0,백반·죽·국수,본그룹
ba_13267079,2025-09,1.0,395.5,67.9,0.4,0.4,0.4428571428571429,0.18333333333333332,0,백반·죽·국수,본그룹
ba_13268955,2025-08,1.0,211.33333333333334,47.333333333333336,0.0,0.0,0.619047619047619,0.2222222222222222,0,백반·죽·국수,본그룹
ba_13305413,2025-09,1.0,178.5,36.0,0.5,0.5,0.42857142857142855,0.08333333333333333,0,백반·죽·국수,본그룹
ba_13311793,2025-07,0.029411764705882353,6.411764705882353,1.411764705882353,0.029411764705882353,0.029411764705882353,0.008403361344537815,0.004901960784313725,0,치킨,굽네치킨
ba_13311793,2025-08,0.28125,57.46875,13.40625,0.03125,0.03125,0.08035714285714285,0.0625,0,치킨,굽네치킨
ba_13311793,2025-09,0.5833333333333334,82.75,17.333333333333332,0.3333333333333333,0.3333333333333333,0.22619047619047616,0.09722222222222221,0,치킨,굽네치킨
ba_13313413,2025-08,0.9736842105263158,441.36842105263156,88.39473684210526,0.8421052631578947,0.8421052631578947,0.2481203007518797,0.14035087719298245,0,치킨,굽네치킨
ba_13313413,2025-09,0.96875,163.09375,33.3125,0.46875,0.46875,0.42410714285714285,0.10416666666666666,0,치킨,굽네치킨
ba_13313413,2025-07,1.0,457.10526315789474,91.89473684210526,0.7105263157894737,0.7105263157894737,0.2669172932330827,0.14912280701754385,0,치킨,굽네치킨
ba_13313909,2025-09,0.0,0.0,0.0,0.0,0.0,0.0,0.0,1,치킨,굽네치킨
ba_13313909,2025-07,1.0,161.3846153846154,36.30769230769231,0.15384615384615385,0.15384615384615385,0.4725274725274725,0.14102564102564102,0,치킨,굽네치킨
ba_13313909,2025-08,1.0,171.8,39.0,0.0,0.0,0.5714285714285714,0.16666666666666666,1,치킨,굽네치킨
ba_13326281,2025-08,0.0,0.0,0.0,0.0,0.0,0.0,0.0,1,백반·죽·국수,본그룹
ba_13379446,2025-07,0.0,0.0,0.0,0.0,0.0,0.0,0.0,0,치킨,굽네치킨
ba_13379446,2025-08,0.4,90.8,21.6,0.0,0.0,0.05714285714285714,0.06666666666666667,0,치킨,굽네치킨
ba_13379446,2025-09,0.7692307692307693,153.07692307692307,35.38461538461539,0.07692307692307693,0.07692307692307693,0.12087912087912088,0.10256410256410256,0,치킨,굽네치킨
ba_13412065,2025-08,0.9696969696969697,226.1878787878788,52.64848484848485,0.8787878787878788,0.8787878787878788,0.632900432900433,0.305050505050505,1,치킨,굽네치킨
ba_13412065,2025-07,0.9875,224.9125,52.3625,0.9625,0.9625,0.6785714285714286,0.31666666666666665,1,치킨,굽네치킨
ba_13412065,2025-09,1.0,202.03112840466926,45.478599221789885,0.2723735408560311,0.2723735408560311,0.35130628126737073,0.18806744487678337,0,치킨,굽네치킨
ba_13436824,2025-09,1.0,185.0,42.0,0.0,0.0,0.42857142857142855,0.16666666666666666,0,백반·죽·국수,본그룹
ba_13451078,2025-09,1.0,198.5,42.5,0.0,0.0,0.5,0.25,1,백반·죽·국수,본그룹
ba_13459937,2025-07,0.9545454545454546,84.18181818181819,18.59090909090909,0.045454545454545456,0.045454545454545456,0.24675324675324672,0.007575757575757575,1,치킨,굽네치킨
ba_13459937,2025-08,1.0,93.1,20.8,0.1,0.1,0.3,0.03333333333333333,1,치킨,굽네치킨
ba_13459937,2025-09,1.0,102.38461538461539,22.46153846153846,0.15384615384615385,0.15384615384615385,0.29670329670329665,0.038461538461538464,0,치킨,굽네치킨
ba_13470236,2025-07,1.0,209.66666666666666,47.0,0.0,0.0,0.42857142857142855,0.16666666666666666,1,백반·죽·국수,본그룹
ba_13470236,2025-08,1.0,232.66666666666666,50.833333333333336,0.16666666666666666,0.16666666666666666,0.45238095238095233,0.25,0,백반·죽·국수,본그룹
ba_13470236,2025-09,1.0,241.66666666666666,53.0,0.3333333333333333,0.3333333333333333,0.5238095238095238,0.27777777777777773,0,백반·죽·국수,본그룹
ba_13471384,2025-08,0.75,157.5,35.75,0.25,0.25,0.2857142857142857,0.0,1,백반·죽·국수,본그룹
ba_13471384,2025-07,1.0,149.5,34.0,0.5,0.5,0.3571428571428571,0.16666666666666666,0,백반·죽·국수,본그룹
ba_13471384,2025-09,1.0,251.5,56.0,0.0,0.0,0.5,0.16666666666666666,1,백반·죽·국수,본그룹
ba_13473077,2025-08,0.6666666666666666,146.0,32.666666666666664,0.0,0.0,0.5238095238095238,0.27777777777777773,0,백반·죽·국수,본그룹
ba_13473077,2025-09,0.8888888888888888,192.55555555555554,41.55555555555556,0.2222222222222222,0.2222222222222222,0.47619047619047616,0.2037037037037037,0,백반·죽·국수,본그룹
ba_13473077,2025-07,1.0,222.0,50.25,0.0,0.0,0.42857142857142855,0.20833333333333331,1,백반·죽·국수,본그룹
ba_13475914,2025-08,1.0,99.0,21.0,0.0,0.0,0.2857142857142857,0.16666666666666666,0,백반·죽·국수,본그룹
ba_13475914,2025-09,1.0,214.0,47.0,0.0,0.0,0.5238095238095238,0.2222222222222222,0,백반·죽·국수,본그룹
ba_13477857,2025-08,1.0,202.0,44.0,0.0,0.0,0.42857142857142855,0.25,0,백반·죽·국수,본그룹
ba_13492399,2025-09,1.0,256.5,55.5,0.0,0.0,0.5714285714285714,0.16666666666666666,0,백반·죽·국수,본그룹
ba_13504506,2025-09,1.0,252.0,54.5,0.0,0.0,0.5714285714285714,0.25,0,백반·죽·국수,본그룹
ba_13522931,2025-08,1.0,215.57142857142858,47.857142857142854,0.14285714285714285,0.14285714285714285,0.4693877551020408,0.19047619047619047,1,백반·죽·국수,본그룹
ba_13522931,2025-09,1.0,199.8,43.8,0.0,0.0,0.5428571428571429,0.2,1,백반·죽·국수,본그룹
ba_13539608,2025-07,0.2,32.28888888888889,7.133333333333334,0.06666666666666667,0.06666666666666667,0.03809523809523809,0.014814814814814814,0,치킨,굽네치킨
ba_13539608,2025-08,0.041666666666666664,8.875,1.9583333333333333,0.041666666666666664,0.041666666666666664,0.011904761904761904,0.010416666666666666,0,치킨,굽네치킨
ba_13539608,2025-09,0.15625,30.0,6.9375,0.125,0.125,0.049107142857142856,0.041666666666666664,0,치킨,굽네치킨
ba_13539851,2025-07,0.1111111111111111,23.11111111111111,5.111111111111111,0.1111111111111111,0.1111111111111111,0.047619047619047616,0.037037037037037035,1,치킨,굽네치킨
ba_13539851,2025-08,0.625,89.5,20.125,0.0,0.0,0.17857142857142855,0.0625,0,치킨,굽네치킨
ba_13539851,2025-09,0.6666666666666666,151.33333333333334,36.0,0.0,0.0,0.09523809523809523,0.1111111111111111,0,치킨,굽네치킨
ba_13539979,2025-08,1.0,217.0,45.5,0.5,0.5,0.5714285714285714,0.16666666666666666,1,백반·죽·국수,본그룹
ba_13550181,2025-08,1.0,208.5,47.5,0.0,0.0,0.5714285714285714,0.25,1,백반·죽·국수,본그룹
ba_13550240,2025-09,0.5,66.0,11.5,0.0,0.0,0.07142857142857142,0.0,1,백반·죽·국수,본그룹
ba_13574800,2025-07,0.13157894736842105,29.210526315789473,6.421052631578948,0.13157894736842105,0.13157894736842105,0.041353383458646614,0.02631578947368421,0,치킨,굽네치킨
ba_13574800,2025-08,0.045454545454545456,10.363636363636363,2.272727272727273,0.045454545454545456,0.045454545454545456,0.006493506493506493,0.007575757575757575,0,치킨,굽네치킨
ba_13574800,2025-09,0.0,0.0,0.0,0.0,0.0,0.0,0.0,0,치킨,굽네치킨
ba_13580972,2025-07,0.01639344262295082,3.639344262295082,0.7868852459016393,0.01639344262295082,0.01639344262295082,0.00468384074941452,0.00273224043715847,0,치킨,굽네치킨
ba_13580972,2025-08,0.022222222222222223,4.644444444444445,1.0666666666666667,0.022222222222222223,0.022222222222222223,0.009523809523809523,0.007407407407407407,0,치킨,굽네치킨
ba_13580972,2025-09,1.0,200.0,42.0,1.0,1.0,0.7142857142857143,0.16666666666666666,1,치킨,굽네치킨
ba_13584348,2025-07,0.0,0.0,0.0,0.0,0.0,0.0,0.0,1,치킨,굽네치킨
ba_13584348,2025-08,0.2,45.4,10.8,0.0,0.0,0.02857142857142857,0.03333333333333333,1,치킨,굽네치킨
ba_13584348,2025-09,0.3333333333333333,75.66666666666667,18.0,0.0,0.0,0.047619047619047616,0.05555555555555555,0,치킨,굽네치킨
ba_13596071,2025-09,1.0,93.0,20.0,0.0,0.0,0.2857142857142857,0.0,0,백반·죽·국수,본그룹
ba_13596730,2025-07,0.1,22.6,4.9,0.0,0.0,0.014285714285714285,0.016666666666666666,0,치킨,굽네치킨
ba_13596730,2025-08,0.5454545454545454,107.0,24.363636363636363,0.09090909090909091,0.09090909090909091,0.06493506493506493,0.0606060606060606,0,치킨,굽네치킨
ba_13596730,2025-09,0.5555555555555556,122.44444444444444,28.77777777777778,0.1111111111111111,0.1111111111111111,0.1111111111111111,0.1111111111111111,0,치킨,굽네치킨
ba_13630053,2025-08,0.0,0.0,0.0,0.0,0.0,0.0,0.0,0,백반·죽·국수,본그룹
ba_13630053,2025-09,1.0,70.0,13.333333333333334,0.0,0.0,0.2857142857142857,0.05555555555555555,0,백반·죽·국수,본그룹
ba_13639608,2025-08,0.978021978021978,195.46153846153845,42.0989010989011,0.14285714285714285,0.14285714285714285,0.31868131868131866,0.14285714285714285,0,치킨,굽네치킨
ba_13639608,2025-09,0.7962962962962963,145.0,32.629629629629626,0.12962962962962962,0.12962962962962962,0.2804232804232804,0.14814814814814814,0,치킨,굽네치킨
ba_13639608,2025-07,1.0,204.58024691358025,40.93827160493827,0.024691358024691357,0.024691358024691357,0.43562610229276894,0.14609053497942384,1,치킨,굽네치킨
ba_13648667,2025-08,1.0,208.0,48.0,0.0,0.0,0.42857142857142855,0.25,0,백반·죽·국수,본그룹
ba_13651212,2025-07,0.0,0.0,0.0,0.0,0.0,0.0,0.0,0,백반·죽·국수,본그룹
ba_13651212,2025-09,0.0,0.0,0.0,0.0,0.0,0.0,0.0,1,백반·죽·국수,본그룹
ba_13683573,2025-07,1.0,208.10526315789474,45.94736842105263,0.0,0.0,0.4360902255639097,0.21052631578947367,1,백반·죽·국수,본그룹
ba_13683573,2025-08,1.0,223.88888888888889,48.94444444444444,0.3333333333333333,0.3333333333333333,0.5,0.23148148148148145,0,백반·죽·국수,본그룹
ba_13683573,2025-09,1.0,204.6153846153846,44.0,0.15384615384615385,0.15384615384615385,0.5054945054945055,0.17948717948717946,0,백반·죽·국수,본그룹
ba_13722581,2025-08,0.5,38.0,8.0,0.0,0.0,0.07142857142857142,0.0,0,백반·죽·국수,본그룹
ba_13730162,2025-09,1.0,175.0,38.0,0.0,0.0,0.42857142857142855,0.16666666666666666,1,백반·죽·국수,본그룹
ba_13752011,2025-09,0.9880952380952381,205.8095238095238,43.79761904761905,0.10714285714285714,0.10714285714285714,0.31972789115646255,0.0853174603174603,0,치킨,굽네치킨
ba_13752011,2025-07,1.0,163.5,35.10227272727273,0.25,0.25,0.512987012987013,0.17234848484848483,0,치킨,굽네치킨
ba_13752011,2025-08,1.0,158.37209302325581,33.52325581395349,0.3023255813953488,0.3023255813953488,0.4700996677740863,0.17248062015503873,0,치킨,굽네치킨
ba_13768149,2025-08,0.3333333333333333,75.66666666666667,18.0,0.0,0.0,0.047619047619047616,0.05555555555555555,1,치킨,굽네치킨
ba_13768149,2025-09,0.0,0.0,0.0,0.0,0.0,0.0,0.0,1,치킨,굽네치킨
ba_13769748,2025-08,0.3333333333333333,49.666666666666664,10.333333333333334,0.3333333333333333,0.3333333333333333,0.14285714285714285,0.05555555555555555,0,치킨,굽네치킨
ba_13769748,2025-09,1.0,196.0,38.0,1.0,1.0,0.42857142857142855,0.16666666666666666,0,치킨,굽네치킨
ba_13787561,2025-08,1.0,239.83333333333334,52.5,0.08333333333333333,0.08333333333333333,0.4761904761904762,0.18055555555555555,0,백반·죽·국수,본그룹
ba_13787561,2025-09,1.0,324.0,65.66666666666667,0.0,0.0,0.38095238095238093,0.0,0,백반·죽·국수,본그룹
ba_13870012,2025-08,1.0,218.0,47.625,0.125,0.125,0.4821428571428571,0.22916666666666666,0,백반·죽·국수,본그룹
ba_13918069,2025-08,1.0,235.2,52.6,0.2,0.2,0.5142857142857142,0.26666666666666666,0,백반·죽·국수,본그룹
ba_13918069,2025-09,1.0,250.5,55.0,0.0,0.0,0.3571428571428571,0.16666666666666666,0,백반·죽·국수,본그룹
ba_13928548,2025-07,0.2,9.4,1.8,0.0,0.0,0.0,0.0,0,치킨,굽네치킨
ba_13928548,2025-08,0.5,88.875,20.875,0.125,0.125,0.05357142857142857,0.041666666666666664,0,치킨,굽네치킨
ba_13928548,2025-09,1.0,225.66666666666666,49.0,0.0,0.0,0.19047619047619047,0.05555555555555555,0,치킨,굽네치킨
ba_13969584,2025-07,0.0,0.0,0.0,0.0,0.0,0.0,0.0,1,피자,굽네치킨
ba_13969607,2025-09,0.0,0.0,0.0,0.0,0.0,0.0,0.0,0,피자,굽네치킨
ba_13972155,2025-08,0.0,0.0,0.0,0.0,0.0,0.0,0.0,0,피자,굽네치킨
ba_13972771,2025-08,0.0,0.0,0.0,0.0,0.0,0.0,0.0,0,피자,굽네치킨
ba_13973745,2025-08,0.0,0.0,0.0,0.0,0.0,0.0,0.0,1,피자,굽네치킨
ba_13973745,2025-09,1.0,174.0,38.0,0.0,0.0,0.2857142857142857,0.16666666666666666,0,피자,굽네치킨
ba_13973813,2025-07,1.0,80.5,16.0,0.0,0.0,0.14285714285714285,0.0,1,피자,굽네치킨
ba_13973813,2025-08,1.0,195.0,41.5,0.0,0.0,0.21428571428571427,0.16666666666666666,1,피자,굽네치킨
ba_13973813,2025-09,1.0,184.4,38.5,0.4,0.4,0.32857142857142857,0.11666666666666665,1,피자,굽네치킨
ba_13973901,2025-07,0.0,0.0,0.0,0.0,0.0,0.0,0.0,0,피자,굽네치킨
ba_13973901,2025-09,1.0,200.5,46.0,0.0,0.0,0.21428571428571427,0.16666666666666666,0,피자,굽네치킨
ba_13975731,2025-07,1.0,234.5,55.0,1.0,1.0,0.7142857142857143,0.3333333333333333,0,피자,굽네치킨
ba_13984579,2025-08,0.5,109.5,23.75,0.0,0.0,0.10714285714285714,0.041666666666666664,1,피자,굽네치킨
ba_13984579,2025-09,1.0,234.66666666666666,50.0,0.0,0.0,0.42857142857142855,0.16666666666666666,1,피자,굽네치킨
ba_14042200,2025-07,1.0,251.0,57.5,0.0,0.0,0.42857142857142855,0.16666666666666666,0,백반·죽·국수,본그룹
ba_14092187,2025-07,1.0,162.51162790697674,35.395348837209305,0.046511627906976744,0.046511627906976744,0.2890365448504983,0.02713178294573643,0,치킨,굽네치킨
ba_14092187,2025-08,1.0,179.62,39.06,0.0,0.0,0.25142857142857145,0.056666666666666664,0,치킨,굽네치킨
ba_14092187,2025-09,1.0,189.84615384615384,42.11538461538461,0.0,0.0,0.22527472527472525,0.08333333333333333,0,치킨,굽네치킨
ba_14108842,2025-07,0.0,0.0,0.0,0.0,0.0,0.0,0.0,1,치킨,굽네치킨
ba_14108842,2025-09,0.0,0.0,0.0,0.0,0.0,0.0,0.0,0,치킨,굽네치킨
ba_14117511,2025-08,0.6875,172.3125,34.0,0.125,0.125,0.4017857142857143,0.28125,0,치킨,굽네치킨
ba_14117511,2025-09,0.075,14.225,2.95,0.025,0.025,0.014285714285714285,0.008333333333333333,0,치킨,굽네치킨
ba_14117511,2025-07,1.0,278.8888888888889,56.333333333333336,0.07407407407407407,0.07407407407407407,0.5978835978835979,0.41358024691358025,0,치킨,굽네치킨
ba_14117512,2025-09,0.0,0.0,0.0,0.0,0.0,0.0,0.0,0,피자,굽네치킨
ba_14153764,2025-07,0.0,0.0,0.0,0.0,0.0,0.0,0.0,0,피자,굽네치킨
ba_14153764,2025-08,0.0,0.0,0.0,0.0,0.0,0.0,0.0,0,피자,굽네치킨
ba_14171127,2025-07,1.0,964.25,211.0,1.0,1.0,0.42857142857142855,0.16666666666666666,0,피자,굽네치킨
ba_14171127,2025-08,1.0,958.4,208.0,1.0,1.0,0.42857142857142855,0.16666666666666666,0,피자,굽네치킨
ba_14171127,2025-09,1.0,959.6666666666666,208.0,1.0,1.0,0.42857142857142855,0.16666666666666666,0,피자,굽네치킨
ba_14173661,2025-09,0.0,0.0,0.0,0.0,0.0,0.0,0.0,0,피자,굽네치킨
ba_14228061,2025-07,0.018867924528301886,1.679245283018868,0.32075471698113206,0.0,0.0,0.002695417789757412,0.0,0,치킨,굽네치킨
ba_14228061,2025-08,0.07407407407407407,8.88888888888889,1.5925925925925926,0.037037037037037035,0.037037037037037035,0.015873015873015872,0.006172839506172839,0,치킨,굽네치킨
ba_14228061,2025-09,0.6296296296296297,92.96296296296296,20.11111111111111,0.0,0.0,0.16402116402116398,0.08024691358024691,0,치킨,굽네치킨
ba_14229365,2025-08,0.9777777777777777,108.46666666666667,22.31111111111111,0.022222222222222223,0.022222222222222223,0.26349206349206344,0.0,1,치킨,굽네치킨
ba_14229365,2025-07,1.0,112.21428571428571,23.303571428571427,0.017857142857142856,0.017857142857142856,0.28061224489795916,0.002976190476190476,0,치킨,굽네치킨
ba_14229365,2025-09,1.0,110.97674418604652,23.023255813953487,0.0,0.0,0.2857142857142857,0.0,1,치킨,굽네치킨
ba_14238012,2025-08,1.0,153.0,34.5,0.0,0.0,0.2857142857142857,0.16666666666666666,0,백반·죽·국수,본그룹
ba_14238012,2025-09,1.0,181.66666666666666,36.666666666666664,0.0,0.0,0.19047619047619047,0.1111111111111111,0,백반·죽·국수,본그룹
ba_14245849,2025-07,0.0,0.0,0.0,0.0,0.0,0.0,0.0,0,백반·죽·국수,본그룹
ba_14245849,2025-08,0.0,0.0,0.0,0.0,0.0,0.0,0.0,0,백반·죽·국수,본그룹
ba_14245849,2025-09,0.0,0.0,0.0,0.0,0.0,0.0,0.0,0,백반·죽·국수,본그룹
ba_14248059,2025-09,0.6666666666666666,35.666666666666664,6.666666666666667,0.0,0.0,0.38095238095238093,0.2222222222222222,0,치킨,굽네치킨
ba_14248059,2025-08,1.0,52.888888888888886,10.0,0.0,0.0,0.5238095238095238,0.31481481481481477,0,치킨,굽네치킨
ba_14249433,2025-07,1.0,382.5121951219512,76.92682926829268,0.024390243902439025,0.024390243902439025,0.42857142857142855,0.16666666666666666,0,치킨,굽네치킨
ba_14249433,2025-08,1.0,366.1326530612245,73.48979591836735,0.05102040816326531,0.05102040816326531,0.41982507288629733,0.16156462585034012,1,치킨,굽네치킨
ba_14249433,2025-09,1.0,380.79611650485435,76.40776699029126,0.038834951456310676,0.038834951456310676,0.42718446601941745,0.16666666666666666,1,치킨,굽네치킨
ba_14250328,2025-07,1.0,109.88235294117646,25.0,0.0,0.0,0.26050420168067223,0.00980392156862745,0,치킨,굽네치킨
ba_14250328,2025-08,1.0,154.88888888888889,34.44444444444444,0.0,0.0,0.18253968253968253,0.06481481481481481,0,치킨,굽네치킨
ba_14250328,2025-09,1.0,175.45454545454547,38.18181818181818,0.0,0.0,0.23376623376623373,0.09090909090909091,0,치킨,굽네치킨
ba_14251741,2025-07,0.09090909090909091,23.727272727272727,5.2727272727272725,0.09090909090909091,0.09090909090909091,0.03896103896103896,0.0303030303030303,1,치킨,굽네치킨
ba_14251741,2025-08,0.4,95.3,22.3,0.1,0.1,0.08571428571428572,0.08333333333333333,1,치킨,굽네치킨
ba_14251741,2025-09,0.5555555555555556,126.11111111111111,30.0,0.0,0.0,0.07936507936507936,0.09259259259259259,0,치킨,굽네치킨
ba_14253619,2025-07,0.0,0.0,0.0,0.0,0.0,0.0,0.0,1,백반·죽·국수,본그룹
ba_14253619,2025-08,1.0,169.0,33.0,1.0,1.0,0.5714285714285714,0.0,1,백반·죽·국수,본그룹
ba_14254080,2025-07,0.0,0.0,0.0,0.0,0.0,0.0,0.0,0,치킨,굽네치킨
ba_14254080,2025-08,0.0,0.0,0.0,0.0,0.0,0.0,0.0,1,치킨,굽네치킨
ba_14254080,2025-09,0.6666666666666666,98.0,20.666666666666668,0.1111111111111111,0.1111111111111111,0.23809523809523808,0.037037037037037035,1,치킨,굽네치킨
ba_14259741,2025-07,1.0,216.5,47.5,0.0,0.0,0.5,0.29166666666666663,1,백반·죽·국수,본그룹
ba_14259741,2025-08,1.0,249.0,56.5,0.0,0.0,0.5,0.3333333333333333,0,백반·죽·국수,본그룹
ba_14259741,2025-09,1.0,217.5,45.333333333333336,0.5,0.5,0.5476190476190476,0.19444444444444442,0,백반·죽·국수,본그룹
ba_14260091,2025-07,0.024390243902439025,4.853658536585366,0.975609756097561,0.0,0.0,0.006968641114982578,0.004065040650406504,0,치킨,굽네치킨
ba_14260091,2025-08,0.2894736842105263,67.13157894736842,15.81578947368421,0.02631578947368421,0.02631578947368421,0.045112781954887216,0.04824561403508772,0,치킨,굽네치킨
ba_14260091,2025-09,0.7291666666666666,139.02083333333334,31.375,0.0,0.0,0.1755952380952381,0.12152777777777778,0,치킨,굽네치킨
ba_14260093,2025-07,0.0,0.0,0.0,0.0,0.0,0.0,0.0,0,피자,굽네치킨
ba_14260093,2025-08,0.5,113.5,27.0,0.0,0.0,0.07142857142857142,0.08333333333333333,0,피자,굽네치킨
ba_14260093,2025-09,0.0,0.0,0.0,0.0,0.0,0.0,0.0,0,피자,굽네치킨
ba_14262149,2025-08,0.0,0.0,0.0,0.0,0.0,0.0,0.0,0,백반·죽·국수,본그룹
ba_14262149,2025-09,0.0,0.0,0.0,0.0,0.0,0.0,0.0,1,백반·죽·국수,본그룹
ba_14267053,2025-07,1.0,215.0,50.25,0.25,0.25,0.6428571428571429,0.29166666666666663,1,치킨,굽네치킨
ba_14267053,2025-08,1.0,202.2,47.4,0.2,0.2,0.6857142857142857,0.3,1,치킨,굽네치킨
ba_14267053,2025-09,1.0,169.0,38.0,1.0,1.0,0.8571428571428571,0.5,0,치킨,굽네치킨
ba_14267751,2025-07,1.0,126.07692307692308,25.384615384615383,0.0,0.0,0.22344322344322343,0.059829059829059825,1,치킨,굽네치킨
ba_14267751,2025-08,1.0,120.8,24.533333333333335,0.0,0.0,0.1857142857142857,0.03333333333333333,1,치킨,굽네치킨
ba_14267751,2025-09,1.0,146.14,30.88,0.0,0.0,0.24857142857142855,0.11,1,치킨,굽네치킨
ba_14268780,2025-09,1.0,270.5,60.5,0.0,0.0,0.42857142857142855,0.16666666666666666,0,백반·죽·국수,본그룹
ba_14270903,2025-08,0.0,0.0,0.0,0.0,0.0,0.0,0.0,0,치킨,굽네치킨
ba_14270904,2025-07,0.0,0.0,0.0,0.0,0.0,0.0,0.0,0,치킨,굽네치킨
ba_14270904,2025-08,0.2222222222222222,50.44444444444444,12.0,0.0,0.0,0.031746031746031744,0.037037037037037035,0,치킨,굽네치킨
ba_14270904,2025-09,1.0,208.28571428571428,48.285714285714285,0.0,0.0,0.26530612244897955,0.16666666666666666,0,치킨,굽네치킨
ba_14271330,2025-07,0.08333333333333333,8.75,1.5,0.0,0.0,0.011904761904761904,0.0,0,치킨,굽네치킨
ba_14271330,2025-08,0.1,11.9,2.4,0.0,0.0,0.014285714285714285,0.0,1,치킨,굽네치킨
ba_14271330,2025-09,0.0,0.0,0.0,0.0,0.0,0.0,0.0,1,치킨,굽네치킨
ba_14271331,2025-08,0.0,0.0,0.0,0.0,0.0,0.0,0.0,0,피자,굽네치킨
ba_14273436,2025-08,0.0,0.0,0.0,0.0,0.0,0.0,0.0,0,백반·죽·국수,본그룹
ba_14273436,2025-09,0.0,0.0,0.0,0.0,0.0,0.0,0.0,1,백반·죽·국수,본그룹
ba_14273972,2025-08,1.0,228.0,47.5,0.0,0.0,0.3571428571428571,0.16666666666666666,0,백반·죽·국수,본그룹
ba_14274675,2025-08,1.0,178.33333333333334,39.666666666666664,0.0,0.0,0.42857142857142855,0.16666666666666666,0,백반·죽·국수,본그룹
ba_14274675,2025-09,1.0,116.0,25.0,1.0,1.0,0.42857142857142855,0.16666666666666666,0,백반·죽·국수,본그룹
ba_14276685,2025-08,0.6666666666666666,139.0,32.666666666666664,0.0,0.0,0.3333333333333333,0.1111111111111111,1,백반·죽·국수,본그룹
ba_14277930,2025-08,0.0,0.0,0.0,0.0,0.0,0.0,0.0,0,백반·죽·국수,본그룹
ba_14277930,2025-09,0.0,0.0,0.0,0.0,0.0,0.0,0.0,1,백반·죽·국수,본그룹
ba_14279612,2025-07,1.0,195.5,45.0,0.25,0.25,0.3571428571428571,0.25,1,백반·죽·국수,본그룹
ba_14279612,2025-08,1.0,204.0,43.0,0.5,0.5,0.5714285714285714,0.16666666666666666,0,백반·죽·국수,본그룹
ba_14279612,2025-09,1.0,193.33333333333334,41.333333333333336,0.3333333333333333,0.3333333333333333,0.5714285714285714,0.2222222222222222,0,백반·죽·국수,본그룹
ba_14283482,2025-08,1.0,230.5,49.0,0.0,0.0,0.5,0.16666666666666666,0,백반·죽·국수,본그룹
ba_14285796,2025-08,1.0,118.0,25.0,0.0,0.0,0.42857142857142855,0.0,0,백반·죽·국수,본그룹
ba_14294026,2025-07,0.025,5.5,1.2,0.025,0.025,0.007142857142857143,0.004166666666666667,0,치킨,굽네치킨
ba_14294026,2025-08,0.0,0.0,0.0,0.0,0.0,0.0,0.0,0,치킨,굽네치킨
ba_14294026,2025-09,0.02631578947368421,4.5,0.9473684210526315,0.02631578947368421,0.02631578947368421,0.007518796992481203,0.0043859649122807015,0,치킨,굽네치킨
ba_14296954,2025-07,0.0,0.0,0.0,0.0,0.0,0.0,0.0,0,치킨,굽네치킨
ba_14296954,2025-08,0.2857142857142857,64.85714285714286,15.428571428571429,0.0,0.0,0.04081632653061224,0.047619047619047616,1,치킨,굽네치킨
ba_14296954,2025-09,0.5,113.5,27.0,0.0,0.0,0.07142857142857142,0.08333333333333333,1,치킨,굽네치킨
ba_14309634,2025-07,0.037037037037037035,8.555555555555555,1.8518518518518519,0.037037037037037035,0.037037037037037035,0.010582010582010581,0.006172839506172839,1,치킨,굽네치킨
ba_14309634,2025-08,0.03125,6.6875,1.46875,0.03125,0.03125,0.013392857142857142,0.010416666666666666,1,치킨,굽네치킨
ba_14309634,2025-09,0.6904761904761905,121.45238095238095,26.523809523809526,0.023809523809523808,0.023809523809523808,0.19727891156462582,0.11507936507936507,1,치킨,굽네치킨
ba_14322928,2025-08,1.0,209.5,44.5,0.5,0.5,0.42857142857142855,0.25,1,백반·죽·국수,본그룹
ba_14327485,2025-07,0.0,0.0,0.0,0.0,0.0,0.0,0.0,0,치킨,굽네치킨
ba_14327485,2025-08,0.07142857142857142,16.285714285714285,3.4285714285714284,0.07142857142857142,0.07142857142857142,0.02040816326530612,0.0,0,치킨,굽네치킨
ba_14327485,2025-09,0.25,49.25,11.0,0.25,0.25,0.10714285714285714,0.08333333333333333,0,치킨,굽네치킨
ba_14327700,2025-07,1.0,451.42857142857144,101.10714285714286,0.5,0.5,0.4591836734693877,0.2619047619047619,1,백반·죽·국수,본그룹
ba_14327700,2025-08,1.0,537.6,121.13333333333334,0.6,0.6,0.4380952380952381,0.2222222222222222,0,백반·죽·국수,본그룹
ba_14327700,2025-09,1.0,530.6875,119.0,0.5625,0.5625,0.5,0.25,0,백반·죽·국수,본그룹
ba_14332090,2025-07,0.6428571428571429,59.5,11.571428571428571,0.0,0.0,0.09183673469387754,0.0,1,치킨,굽네치킨
ba_14332090,2025-08,1.0,138.6,28.4,0.1,0.1,0.1857142857142857,0.03333333333333333,0,치킨,굽네치킨
ba_14332090,2025-09,1.0,171.0,38.2,0.0,0.0,0.2,0.12222222222222222,0,치킨,굽네치킨
ba_14332093,2025-07,1.0,146.0,28.0,0.0,0.0,0.14285714285714285,0.0,1,피자,굽네치킨
ba_14332093,2025-08,1.0,167.71428571428572,35.714285714285715,0.0,0.0,0.14285714285714285,0.07142857142857142,0,피자,굽네치킨
ba_14335138,2025-08,1.0,152.16666666666666,32.5,0.16666666666666666,0.16666666666666666,0.4047619047619047,0.13888888888888887,1,치킨,굽네치킨
ba_14335138,2025-09,1.0,147.0,31.333333333333332,0.3333333333333333,0.3333333333333333,0.19047619047619047,0.05555555555555555,0,치킨,굽네치킨
ba_14336642,2025-07,0.0,0.0,0.0,0.0,0.0,0.0,0.0,0,치킨,굽네치킨
ba_14336642,2025-08,0.4,90.8,21.6,0.0,0.0,0.05714285714285714,0.06666666666666667,0,치킨,굽네치킨
ba_14336642,2025-09,0.967741935483871,190.61290322580646,43.483870967741936,0.0,0.0,0.21658986175115205,0.16129032258064516,0,치킨,굽네치킨
ba_14356032,2025-09,1.0,85.0,20.0,0.0,0.0,0.14285714285714285,0.0,0,백반·죽·국수,본그룹
ba_14360458,2025-07,1.0,212.5,48.166666666666664,0.16666666666666666,0.16666666666666666,0.45238095238095233,0.27777777777777773,0,백반·죽·국수,본그룹
ba_14360458,2025-08,1.0,231.0,49.0,0.5,0.5,0.5,0.16666666666666666,0,백반·죽·국수,본그룹
ba_14360458,2025-09,1.0,255.5,55.75,0.0,0.0,0.5,0.20833333333333331,0,백반·죽·국수,본그룹
ba_14363013,2025-08,1.0,150.0,31.0,0.0,0.0,0.42857142857142855,0.3333333333333333,0,백반·죽·국수,본그룹
ba_14363013,2025-09,1.0,232.5,49.0,0.0,0.0,0.5,0.29166666666666663,0,백반·죽·국수,본그룹
ba_14371606,2025-09,1.0,235.33333333333334,52.333333333333336,0.3333333333333333,0.3333333333333333,0.4761904761904761,0.27777777777777773,0,백반·죽·국수,본그룹
ba_14387630,2025-09,0.30158730158730157,53.73015873015873,12.26984126984127,0.047619047619047616,0.047619047619047616,0.0839002267573696,0.04497354497354497,0,치킨,굽네치킨
ba_14387630,2025-07,1.0,131.84615384615384,29.03076923076923,0.015384615384615385,0.015384615384615385,0.5296703296703296,0.15897435897435896,0,치킨,굽네치킨
ba_14387630,2025-08,1.0,159.7912087912088,35.73626373626374,0.04395604395604396,0.04395604395604396,0.4364207221350079,0.16483516483516483,0,치킨,굽네치킨
ba_14388856,2025-08,0.9666666666666667,153.83333333333334,31.1,0.06666666666666667,0.06666666666666667,0.20952380952380953,0.1,0,치킨,굽네치킨
ba_14388856,2025-07,1.0,122.64583333333333,21.416666666666668,0.020833333333333332,0.020833333333333332,0.4970238095238095,0.15625,0,치킨,굽네치킨
ba_14388856,2025-09,1.0,201.37254901960785,43.27450980392157,0.11764705882352941,0.11764705882352941,0.2633053221288515,0.11764705882352941,0,치킨,굽네치킨
ba_14390691,2025-07,1.0,247.0,55.75,0.0,0.0,0.30357142857142855,0.1875,0,백반·죽·국수,본그룹
ba_14390691,2025-08,1.0,197.0,46.0,0.0,0.0,0.7142857142857143,0.5,0,백반·죽·국수,본그룹
ba_14390691,2025-09,1.0,266.0,64.0,0.0,0.0,0.42857142857142855,0.0,0,백반·죽·국수,본그룹
ba_14392310,2025-08,1.0,167.0,37.333333333333336,0.0,0.0,0.42857142857142855,0.16666666666666666,1,피자,굽네치킨
ba_14392310,2025-09,1.0,191.2,44.6,0.0,0.0,0.3142857142857143,0.16666666666666666,1,피자,굽네치킨
ba_14392877,2025-08,1.0,197.5,41.0,0.0,0.0,0.5,0.25,1,백반·죽·국수,본그룹
ba_14396364,2025-08,0.8,209.4,46.4,0.0,0.0,0.3142857142857143,0.1,1,백반·죽·국수,본그룹
ba_14396364,2025-09,1.0,234.66666666666666,50.333333333333336,0.0,0.0,0.2857142857142857,0.05555555555555555,1,백반·죽·국수,본그룹
ba_14397420,2025-07,0.05555555555555555,12.333333333333334,2.6666666666666665,0.05555555555555555,0.05555555555555555,0.015873015873015872,0.009259259259259259,0,치킨,굽네치킨
ba_14397420,2025-08,0.0,0.0,0.0,0.0,0.0,0.0,0.0,0,치킨,굽네치킨
ba_14397420,2025-09,0.0,0.0,0.0,0.0,0.0,0.0,0.0,0,치킨,굽네치킨
ba_14400680,2025-07,0.14285714285714285,11.142857142857142,2.4285714285714284,0.0,0.0,0.04081632653061224,0.0,0,치킨,굽네치킨
ba_14400680,2025-09,0.0,0.0,0.0,0.0,0.0,0.0,0.0,1,치킨,굽네치킨
ba_14400681,2025-08,0.0,0.0,0.0,0.0,0.0,0.0,0.0,1,피자,굽네치킨
ba_14437626,2025-09,1.0,206.6219512195122,46.5,0.024390243902439025,0.024390243902439025,0.2386759581881533,0.15040650406504064,0,치킨,굽네치킨
ba_14437626,2025-07,0.18309859154929578,22.380281690140844,4.647887323943662,0.014084507042253521,0.014084507042253521,0.05231388329979879,0.002347417840375587,1,치킨,굽네치킨
ba_14437626,2025-08,1.0,204.49367088607596,44.67088607594937,0.06329113924050633,0.06329113924050633,0.30922242314647375,0.12236286919831223,1,치킨,굽네치킨
ba_14440526,2025-07,0.0,0.0,0.0,0.0,0.0,0.0,0.0,0,치킨,굽네치킨
ba_14440526,2025-08,0.0,0.0,0.0,0.0,0.0,0.0,0.0,0,치킨,굽네치킨
ba_14440526,2025-09,0.0,0.0,0.0,0.0,0.0,0.0,0.0,0,치킨,굽네치킨
ba_14440680,2025-09,1.0,142.94285714285715,31.571428571428573,0.0,0.0,0.19183673469387752,0.10952380952380951,0,치킨,굽네치킨
ba_14440680,2025-07,1.0,72.25,15.4375,0.0625,0.0625,0.21428571428571427,0.0625,0,치킨,굽네치킨
ba_14440680,2025-08,1.0,94.13636363636364,20.136363636363637,0.0,0.0,0.1948051948051948,0.08333333333333333,0,치킨,굽네치킨
ba_14441181,2025-07,0.18181818181818182,34.36363636363637,6.0,0.0,0.0,0.03896103896103896,0.01515151515151515,1,치킨,굽네치킨
ba_14441181,2025-08,0.7692307692307693,108.84615384615384,23.53846153846154,0.0,0.0,0.2857142857142857,0.10256410256410256,1,치킨,굽네치킨
ba_14441181,2025-09,0.1111111111111111,27.296296296296298,5.518518518518518,0.0,0.0,0.042328042328042326,0.018518518518518517,0,치킨,굽네치킨
ba_14441192,2025-09,1.0,241.0,47.0,0.0,0.0,0.2857142857142857,0.16666666666666666,0,피자,굽네치킨
ba_14448826,2025-07,1.0,234.83333333333334,52.5,0.0,0.0,0.5,0.25,1,백반·죽·국수,본그룹
ba_14448826,2025-08,1.0,225.25,48.25,0.25,0.25,0.42857142857142855,0.20833333333333331,0,백반·죽·국수,본그룹
ba_14449139,2025-07,1.0,305.02,63.78,0.0,0.0,0.14,0.16,1,치킨,굽네치킨
ba_14449139,2025-08,1.0,294.21153846153845,61.55769230769231,0.019230769230769232,0.019230769230769232,0.13736263736263735,0.16025641025641024,1,치킨,굽네치킨
ba_14449139,2025-09,1.0,247.22151898734177,52.4746835443038,0.006329113924050633,0.006329113924050633,0.21066907775768534,0.16561181434599154,0,치킨,굽네치킨
ba_14454741,2025-07,1.0,223.0,44.0,1.0,1.0,0.42857142857142855,0.16666666666666666,0,백반·죽·국수,본그룹
ba_14454741,2025-09,1.0,233.0,49.0,0.5,0.5,0.5,0.25,1,백반·죽·국수,본그룹
ba_14456345,2025-07,1.0,63.0,11.5,0.0,0.0,0.5,0.08333333333333333,0,백반·죽·국수,본그룹
ba_14456345,2025-08,1.0,60.333333333333336,10.666666666666666,0.0,0.0,0.5238095238095238,0.05555555555555555,0,백반·죽·국수,본그룹
ba_14456345,2025-09,1.0,51.666666666666664,9.0,0.0,0.0,0.5714285714285714,0.0,1,백반·죽·국수,본그룹
ba_14456826,2025-07,1.0,278.0,59.0,0.5,0.5,0.6428571428571428,0.16666666666666666,0,백반·죽·국수,본그룹
ba_14456826,2025-08,1.0,254.0,49.0,1.0,1.0,0.7142857142857143,0.0,0,백반·죽·국수,본그룹
ba_14456826,2025-09,1.0,239.0,48.0,1.0,1.0,0.7142857142857143,0.0,0,백반·죽·국수,본그룹
ba_14456827,2025-08,1.0,130.0,21.0,0.0,0.0,0.2857142857142857,0.0,0,백반·죽·국수,본그룹
ba_14457403,2025-09,1.0,212.66666666666666,45.666666666666664,0.6666666666666666,0.6666666666666666,0.4761904761904762,0.05555555555555555,0,백반·죽·국수,본그룹
ba_14458025,2025-09,0.9833333333333333,183.61666666666667,39.6,0.1,0.1,0.35952380952380947,0.1611111111111111,0,치킨,굽네치킨
ba_14458025,2025-07,1.0,234.4047619047619,45.595238095238095,0.0,0.0,0.42857142857142855,0.3333333333333333,1,치킨,굽네치킨
ba_14458025,2025-08,1.0,233.12121212121212,46.95454545454545,0.0,0.0,0.3658008658008658,0.29797979797979796,0,치킨,굽네치킨
ba_14459736,2025-07,0.0,0.0,0.0,0.0,0.0,0.0,0.0,1,치킨,굽네치킨
ba_14459736,2025-09,0.6666666666666666,151.33333333333334,36.0,0.0,0.0,0.09523809523809523,0.1111111111111111,0,치킨,굽네치킨
ba_14459736,2025-08,1.0,227.0,54.0,0.0,0.0,0.14285714285714285,0.16666666666666666,1,치킨,굽네치킨
ba_14462203,2025-09,1.0,187.0,39.5,0.5,0.5,0.5714285714285714,0.08333333333333333,0,백반·죽·국수,본그룹
ba_14463467,2025-08,0.9545454545454546,480.8181818181818,79.4090909090909,0.09090909090909091,0.09090909090909091,0.44480519480519476,0.18560606060606058,0,치킨,굽네치킨
ba_14463467,2025-07,0.9811320754716981,526.377358490566,89.60377358490567,0.0,0.0,0.444743935309973,0.20440251572327042,0,치킨,굽네치킨
ba_14463467,2025-09,1.0,389.6020408163265,70.13265306122449,0.02040816326530612,0.02040816326530612,0.39067055393586003,0.21088435374149658,0,치킨,굽네치킨
ba_14463469,2025-09,1.0,368.5,67.5,0.0,0.0,0.3571428571428571,0.16666666666666666,0,피자,굽네치킨
ba_14464913,2025-07,1.0,189.70408163265307,41.214285714285715,0.01020408163265306,0.01020408163265306,0.4271137026239067,0.17006802721088432,1,치킨,굽네치킨
ba_14464913,2025-08,1.0,185.63076923076923,40.43846153846154,0.015384615384615385,0.015384615384615385,0.42527472527472526,0.17820512820512818,1,치킨,굽네치킨
ba_14464913,2025-09,1.0,186.45108695652175,40.630434782608695,0.005434782608695652,0.005434782608695652,0.3781055900621118,0.1802536231884058,0,치킨,굽네치킨
ba_14470771,2025-08,0.0,0.0,0.0,0.0,0.0,0.0,0.0,0,백반·죽·국수,본그룹
ba_14470771,2025-09,0.0,0.0,0.0,0.0,0.0,0.0,0.0,1,백반·죽·국수,본그룹
ba_14473511,2025-08,0.0,0.0,0.0,0.0,0.0,0.0,0.0,0,백반·죽·국수,본그룹
ba_14473511,2025-09,0.0,0.0,0.0,0.0,0.0,0.0,0.0,0,백반·죽·국수,본그룹
ba_14488211,2025-07,0.3333333333333333,74.66666666666667,16.22222222222222,0.1111111111111111,0.1111111111111111,0.12698412698412698,0.05555555555555555,1,치킨,굽네치킨
ba_14488211,2025-08,0.5,106.25,22.25,0.25,0.25,0.1607142857142857,0.0625,1,치킨,굽네치킨
ba_14488211,2025-09,0.375,65.25,14.75,0.125,0.125,0.05357142857142857,0.020833333333333332,0,치킨,굽네치킨
ba_14488212,2025-08,0.0,0.0,0.0,0.0,0.0,0.0,0.0,0,피자,굽네치킨
ba_14488495,2025-09,0.0,0.0,0.0,0.0,0.0,0.0,0.0,0,백반·죽·국수,본그룹
ba_14495840,2025-08,1.0,142.0,33.0,1.0,1.0,0.42857142857142855,0.0,1,백반·죽·국수,본그룹
ba_14504490,2025-07,0.0,0.0,0.0,0.0,0.0,0.0,0.0,1,백반·죽·국수,본그룹
ba_14504490,2025-08,0.9545454545454546,186.0909090909091,39.63636363636363,0.2727272727272727,0.2727272727272727,0.44155844155844154,0.18181818181818182,1,백반·죽·국수,본그룹
ba_14504490,2025-09,1.0,198.53333333333333,41.266666666666666,0.3333333333333333,0.3333333333333333,0.5142857142857142,0.13333333333333333,1,백반·죽·국수,본그룹
ba_14506800,2025-08,1.0,116.0,20.0,0.0,0.0,0.3571428571428571,0.08333333333333333,0,백반·죽·국수,본그룹
ba_14513076,2025-08,1.0,223.6,48.0,0.4,0.4,0.45714285714285713,0.2,0,백반·죽·국수,본그룹
ba_14525069,2025-07,1.0,192.25,42.833333333333336,0.0,0.0,0.2976190476190476,0.09722222222222221,1,치킨,굽네치킨
ba_14525069,2025-08,1.0,231.2,48.45,0.15,0.15,0.32857142857142857,0.13333333333333333,1,치킨,굽네치킨
ba_14525069,2025-09,1.0,164.69230769230768,35.61538461538461,0.0,0.0,0.24175824175824176,0.08974358974358973,1,치킨,굽네치킨
ba_14525359,2025-09,0.0,0.0,0.0,0.0,0.0,0.0,0.0,0,백반·죽·국수,본그룹
ba_14528279,2025-07,0.14285714285714285,8.142857142857142,1.5714285714285714,0.0,0.0,0.02040816326530612,0.0,1,치킨,굽네치킨
ba_14528279,2025-08,0.75,77.625,16.75,0.0,0.0,0.10714285714285714,0.0625,0,치킨,굽네치킨
ba_14528279,2025-09,0.5,96.4,22.35,0.0,0.0,0.07142857142857142,0.06666666666666667,0,치킨,굽네치킨
ba_14528412,2025-08,0.0,0.0,0.0,0.0,0.0,0.0,0.0,1,피자,굽네치킨
ba_14528412,2025-09,1.0,227.0,54.0,0.0,0.0,0.14285714285714285,0.16666666666666666,0,피자,굽네치킨
ba_14528476,2025-07,0.0,0.0,0.0,0.0,0.0,0.0,0.0,0,백반·죽·국수,본그룹
ba_14530939,2025-08,1.0,159.0,33.0,0.0,0.0,0.5714285714285714,0.0,1,백반·죽·국수,본그룹
ba_14530939,2025-09,1.0,152.33333333333334,30.666666666666668,0.0,0.0,0.2857142857142857,0.1111111111111111,1,백반·죽·국수,본그룹
ba_14533127,2025-08,1.0,111.0,23.0,0.0,0.0,0.07142857142857142,0.08333333333333333,0,백반·죽·국수,본그룹
ba_14533127,2025-09,1.0,56.5,12.0,0.0,0.0,0.07142857142857142,0.0,1,백반·죽·국수,본그룹
ba_14541579,2025-07,0.07692307692307693,17.76923076923077,3.8461538461538463,0.07692307692307693,0.07692307692307693,0.021978021978021976,0.01282051282051282,1,치킨,굽네치킨
ba_14541579,2025-08,0.35714285714285715,68.57142857142857,16.285714285714285,0.0,0.0,0.04081632653061224,0.047619047619047616,0,치킨,굽네치킨
ba_14541579,2025-09,0.5,113.5,27.0,0.0,0.0,0.07142857142857142,0.08333333333333333,0,치킨,굽네치킨
ba_14544899,2025-07,1.0,195.0,44.0,0.0,0.0,0.7142857142857143,0.5,1,백반·죽·국수,본그룹
ba_14548743,2025-07,0.8571428571428571,142.42857142857142,24.428571428571427,0.14285714285714285,0.14285714285714285,0.14285714285714285,0.0,1,치킨,굽네치킨
ba_14548743,2025-08,0.9230769230769231,211.15384615384616,43.76923076923077,0.07692307692307693,0.07692307692307693,0.1978021978021978,0.1282051282051282,1,치킨,굽네치킨
ba_14548743,2025-09,1.0,172.21052631578948,35.73684210526316,0.21052631578947367,0.21052631578947367,0.3082706766917293,0.14035087719298245,1,치킨,굽네치킨
ba_14556221,2025-07,0.08,12.12,2.56,0.04,0.04,0.022857142857142857,0.013333333333333332,0,치킨,굽네치킨
ba_14556221,2025-08,0.045454545454545456,9.590909090909092,2.227272727272727,0.045454545454545456,0.045454545454545456,0.01948051948051948,0.01515151515151515,1,치킨,굽네치킨
ba_14556221,2025-09,0.09090909090909091,7.0,1.4545454545454546,0.0,0.0,0.012987012987012986,0.0,1,치킨,굽네치킨
ba_14557869,2025-08,0.5714285714285714,84.57142857142857,17.857142857142858,0.17857142857142858,0.17857142857142858,0.19387755102040818,0.06547619047619048,0,치킨,굽네치킨
ba_14557869,2025-07,1.0,157.66666666666666,32.888888888888886,1.0,1.0,0.2857142857142857,0.16666666666666666,0,치킨,굽네치킨
ba_14557869,2025-09,1.0,147.64285714285714,31.428571428571427,0.07142857142857142,0.07142857142857142,0.30612244897959184,0.05952380952380952,0,치킨,굽네치킨
ba_14557882,2025-07,0.10526315789473684,5.0,0.8421052631578947,0.0,0.0,0.0,0.0,1,치킨,굽네치킨
ba_14557882,2025-08,0.018867924528301886,0.6415094339622641,0.11320754716981132,0.0,0.0,0.0,0.0,0,치킨,굽네치킨
ba_14557882,2025-09,0.075,19.975,4.3,0.05,0.05,0.03214285714285714,0.020833333333333332,0,치킨,굽네치킨
ba_14563145,2025-07,0.0,0.0,0.0,0.0,0.0,0.0,0.0,0,치킨,굽네치킨
ba_14563145,2025-08,0.0,0.0,0.0,0.0,0.0,0.0,0.0,1,치킨,굽네치킨
ba_14563145,2025-09,0.0,0.0,0.0,0.0,0.0,0.0,0.0,1,치킨,굽네치킨
ba_14564492,2025-09,1.0,208.5,45.5,0.0,0.0,0.6428571428571428,0.41666666666666663,0,백반·죽·국수,본그룹
ba_14573167,2025-08,1.0,125.0,27.0,0.0,0.0,0.14285714285714285,0.0,1,백반·죽·국수,본그룹
ba_14573167,2025-09,1.0,145.0,32.5,0.5,0.5,0.14285714285714285,0.08333333333333333,1,백반·죽·국수,본그룹
ba_14574885,2025-07,1.0,204.28571428571428,45.0,0.0,0.0,0.6122448979591837,0.3095238095238095,1,백반·죽·국수,본그룹
ba_14574885,2025-08,1.0,228.0,48.0,0.16666666666666666,0.16666666666666666,0.5714285714285714,0.25,1,백반·죽·국수,본그룹
ba_14574885,2025-09,1.0,209.8,43.4,0.2,0.2,0.5714285714285714,0.2,0,백반·죽·국수,본그룹
ba_14575172,2025-07,0.058823529411764705,12.941176470588236,2.823529411764706,0.058823529411764705,0.058823529411764705,0.01680672268907563,0.00980392156862745,0,치킨,굽네치킨
ba_14575172,2025-08,0.5,106.64285714285714,24.5,0.07142857142857142,0.07142857142857142,0.09183673469387754,0.07142857142857142,1,치킨,굽네치킨
ba_14575172,2025-09,1.0,178.5,40.0,0.375,0.375,0.375,0.1875,1,치킨,굽네치킨
ba_14578524,2025-07,0.05263157894736842,8.578947368421053,1.631578947368421,0.0,0.0,0.007518796992481203,0.008771929824561403,1,치킨,굽네치킨
ba_14578524,2025-08,0.375,65.125,15.0,0.0,0.0,0.05357142857142857,0.041666666666666664,1,치킨,굽네치킨
ba_14578524,2025-09,0.8571428571428571,162.71428571428572,36.5,0.07142857142857142,0.07142857142857142,0.19387755102040813,0.14285714285714285,1,치킨,굽네치킨
ba_14580787,2025-09,0.0,0.0,0.0,0.0,0.0,0.0,0.0,0,백반·죽·국수,본그룹
ba_14581239,2025-07,0.2,34.8,7.6,0.1,0.1,0.04285714285714286,0.03333333333333333,0,치킨,굽네치킨
ba_14581239,2025-08,0.2857142857142857,29.571428571428573,5.571428571428571,0.0,0.0,0.08163265306122448,0.023809523809523808,1,치킨,굽네치킨
ba_14581239,2025-09,0.6666666666666666,126.0,26.0,0.3333333333333333,0.3333333333333333,0.2857142857142857,0.16666666666666666,1,치킨,굽네치킨
ba_14582073,2025-07,1.0,122.44444444444444,26.444444444444443,0.1111111111111111,0.1111111111111111,0.31746031746031744,0.09259259259259259,1,치킨,굽네치킨
ba_14582073,2025-08,1.0,178.13333333333333,38.2,0.0,0.0,0.19047619047619044,0.07777777777777777,1,치킨,굽네치킨
ba_14582073,2025-09,1.0,208.91666666666666,45.25,0.25,0.25,0.3214285714285714,0.13888888888888887,0,치킨,굽네치킨
ba_14582508,2025-07,1.0,198.0,46.0,0.0,0.0,0.2857142857142857,0.16666666666666666,0,백반·죽·국수,본그룹
ba_14591780,2025-07,1.0,178.05,36.05,0.3,0.3,0.3071428571428571,0.11666666666666665,0,치킨,굽네치킨
ba_14591780,2025-08,1.0,189.46666666666667,40.2,0.2,0.2,0.30476190476190473,0.13333333333333333,0,치킨,굽네치킨
ba_14591780,2025-09,1.0,198.8181818181818,42.72727272727273,0.18181818181818182,0.18181818181818182,0.2857142857142857,0.13636363636363635,0,치킨,굽네치킨
ba_14593720,2025-07,0.0,0.0,0.0,0.0,0.0,0.0,0.0,1,치킨,굽네치킨
ba_14593720,2025-08,0.0,0.0,0.0,0.0,0.0,0.0,0.0,0,치킨,굽네치킨
ba_14593720,2025-09,1.0,207.0,45.0,0.0,0.0,0.2857142857142857,0.16666666666666666,0,치킨,굽네치킨
ba_14593798,2025-07,0.11764705882352941,27.58823529411765,5.647058823529412,0.11764705882352941,0.11764705882352941,0.03361344537815126,0.029411764705882353,0,치킨,굽네치킨
ba_14593798,2025-08,0.08333333333333333,13.083333333333334,2.75,0.0,0.0,0.011904761904761904,0.0,1,치킨,굽네치킨
ba_14593798,2025-09,0.07142857142857142,15.785714285714286,3.4285714285714284,0.07142857142857142,0.07142857142857142,0.02040816326530612,0.011904761904761904,1,치킨,굽네치킨
ba_14593800,2025-08,1.0,255.0,53.0,0.0,0.0,0.0,0.0,0,피자,굽네치킨
ba_14594474,2025-07,1.0,199.66666666666666,44.333333333333336,0.0,0.0,0.4047619047619047,0.2222222222222222,1,백반·죽·국수,본그룹
ba_14594474,2025-09,1.0,88.0,18.0,0.0,0.0,0.42857142857142855,0.3333333333333333,0,백반·죽·국수,본그룹
ba_14597164,2025-07,0.08823529411764706,20.647058823529413,4.411764705882353,0.08823529411764706,0.08823529411764706,0.029411764705882353,0.014705882352941176,0,치킨,굽네치킨
ba_14597164,2025-08,0.0967741935483871,20.129032258064516,4.548387096774194,0.0967741935483871,0.0967741935483871,0.03686635944700461,0.026881720430107524,1,치킨,굽네치킨
ba_14597164,2025-09,0.08,15.64,3.52,0.08,0.08,0.03428571428571428,0.026666666666666665,1,치킨,굽네치킨
ba_14598667,2025-08,1.0,232.75,50.5,0.0,0.0,0.39285714285714285,0.20833333333333331,0,백반·죽·국수,본그룹
ba_14598667,2025-09,1.0,206.5,45.0,0.5,0.5,0.5714285714285714,0.16666666666666666,1,백반·죽·국수,본그룹
ba_14599961,2025-07,0.0,0.0,0.0,0.0,0.0,0.0,0.0,0,치킨,굽네치킨
ba_14599961,2025-08,0.25,56.75,13.5,0.0,0.0,0.03571428571428571,0.041666666666666664,0,치킨,굽네치킨
ba_14599961,2025-09,0.5,113.5,27.0,0.0,0.0,0.07142857142857142,0.08333333333333333,0,치킨,굽네치킨
ba_14599973,2025-08,0.6,79.4,18.2,0.2,0.2,0.2,0.13333333333333333,0,치킨,굽네치킨
ba_14599973,2025-09,1.0,148.75,32.0,0.25,0.25,0.2857142857142857,0.08333333333333333,0,치킨,굽네치킨
ba_14600429,2025-08,0.5,113.5,27.0,0.0,0.0,0.07142857142857142,0.08333333333333333,0,치킨,굽네치킨
ba_14600429,2025-09,0.8571428571428571,194.57142857142858,46.285714285714285,0.0,0.0,0.12244897959183673,0.14285714285714285,0,치킨,굽네치킨
ba_14603467,2025-08,1.0,196.0,42.0,0.75,0.75,0.5357142857142857,0.16666666666666666,1,백반·죽·국수,본그룹
ba_14603467,2025-09,1.0,179.0,37.0,1.0,1.0,0.7142857142857143,0.16666666666666666,0,백반·죽·국수,본그룹
ba_14604237,2025-07,0.0,0.0,0.0,0.0,0.0,0.0,0.0,1,치킨,굽네치킨
ba_14604237,2025-08,0.3333333333333333,75.66666666666667,18.0,0.0,0.0,0.047619047619047616,0.05555555555555555,0,치킨,굽네치킨
ba_14604237,2025-09,0.6,136.2,32.4,0.0,0.0,0.08571428571428572,0.1,0,치킨,굽네치킨
ba_14606315,2025-07,1.0,281.8333333333333,58.5,0.0,0.0,0.38095238095238093,0.16666666666666666,1,백반·죽·국수,본그룹
ba_14606315,2025-08,1.0,390.0,65.0,0.0,0.0,0.2857142857142857,0.16666666666666666,0,백반·죽·국수,본그룹
ba_14607412,2025-07,0.07142857142857142,15.607142857142858,3.4285714285714284,0.07142857142857142,0.07142857142857142,0.02040816326530612,0.011904761904761904,0,치킨,굽네치킨
ba_14607412,2025-08,0.034482758620689655,7.655172413793103,1.6551724137931034,0.034482758620689655,0.034482758620689655,0.009852216748768473,0.005747126436781609,0,치킨,굽네치킨
ba_14607412,2025-09,0.0,0.0,0.0,0.0,0.0,0.0,0.0,0,치킨,굽네치킨
ba_14613531,2025-07,1.0,229.875,50.875,0.25,0.25,0.5357142857142857,0.25,1,백반·죽·국수,본그룹
ba_14613531,2025-08,1.0,196.75,42.25,0.125,0.125,0.5892857142857143,0.25,0,백반·죽·국수,본그룹
ba_14613531,2025-09,1.0,212.0,45.0,0.375,0.375,0.5714285714285714,0.20833333333333331,0,백반·죽·국수,본그룹
ba_14615149,2025-07,0.06818181818181818,11.318181818181818,2.409090909090909,0.045454545454545456,0.045454545454545456,0.016233766233766232,0.007575757575757575,0,치킨,굽네치킨
ba_14615149,2025-08,0.10810810810810811,15.81081081081081,3.27027027027027,0.05405405405405406,0.05405405405405406,0.023166023166023165,0.013513513513513514,0,치킨,굽네치킨
ba_14615149,2025-09,0.034482758620689655,2.2413793103448274,0.4827586206896552,0.0,0.0,0.0049261083743842365,0.005747126436781609,0,치킨,굽네치킨
ba_14616721,2025-08,1.0,213.0,46.0,1.0,1.0,0.7142857142857143,0.16666666666666666,1,백반·죽·국수,본그룹
ba_14616721,2025-09,1.0,163.33333333333334,35.0,0.0,0.0,0.23809523809523805,0.16666666666666666,0,백반·죽·국수,본그룹
ba_14620216,2025-07,0.21666666666666667,40.9,8.016666666666667,0.21666666666666667,0.21666666666666667,0.0619047619047619,0.0,0,치킨,굽네치킨
ba_14620216,2025-08,0.09523809523809523,24.07936507936508,5.253968253968254,0.06349206349206349,0.06349206349206349,0.036281179138321996,0.023809523809523808,0,치킨,굽네치킨
ba_14620216,2025-09,0.2553191489361702,36.87234042553192,7.702127659574468,0.10638297872340426,0.10638297872340426,0.0972644376899696,0.05673758865248227,0,치킨,굽네치킨
ba_14623314,2025-07,0.043478260869565216,9.217391304347826,2.130434782608696,0.043478260869565216,0.043478260869565216,0.018633540372670808,0.014492753623188404,0,치킨,굽네치킨
ba_14623314,2025-08,0.0,0.0,0.0,0.0,0.0,0.0,0.0,0,치킨,굽네치킨
ba_14623314,2025-09,1.0,190.4,42.6,0.0,0.0,0.2,0.13333333333333333,0,치킨,굽네치킨
ba_14625157,2025-07,1.0,152.71428571428572,26.428571428571427,0.14285714285714285,0.14285714285714285,0.24489795918367346,0.047619047619047616,0,치킨,굽네치킨
ba_14625157,2025-08,1.0,127.8,24.4,0.0,0.0,0.3714285714285714,0.16666666666666666,0,치킨,굽네치킨
ba_14625157,2025-09,1.0,188.6,42.2,0.0,0.0,0.22857142857142856,0.1,0,치킨,굽네치킨
ba_14625762,2025-08,1.0,152.0,36.0,0.0,0.0,0.2857142857142857,0.0,0,백반·죽·국수,본그룹
ba_14625762,2025-09,1.0,236.75,51.25,0.0,0.0,0.5,0.20833333333333331,0,백반·죽·국수,본그룹
ba_14627570,2025-08,1.0,210.27272727272728,45.45454545454545,0.0,0.0,0.40259740259740256,0.1515151515151515,0,백반·죽·국수,본그룹
ba_14627570,2025-09,1.0,253.0,54.0,0.0,0.0,0.6428571428571428,0.41666666666666663,1,백반·죽·국수,본그룹
ba_14629153,2025-08,0.0,0.0,0.0,0.0,0.0,0.0,0.0,0,치킨,굽네치킨
ba_14629153,2025-09,0.0,0.0,0.0,0.0,0.0,0.0,0.0,1,치킨,굽네치킨
ba_14629918,2025-07,0.0,0.0,0.0,0.0,0.0,0.0,0.0,1,치킨,굽네치킨
ba_14629918,2025-08,0.5,113.5,27.0,0.0,0.0,0.07142857142857142,0.08333333333333333,1,치킨,굽네치킨
ba_14629918,2025-09,0.5,113.5,27.0,0.0,0.0,0.07142857142857142,0.08333333333333333,0,치킨,굽네치킨
ba_14637553,2025-08,0.0,0.0,0.0,0.0,0.0,0.0,0.0,0,치킨,굽네치킨
ba_14637553,2025-09,1.0,227.0,54.0,0.0,0.0,0.14285714285714285,0.16666666666666666,0,치킨,굽네치킨
ba_14637963,2025-09,0.0,0.0,0.0,0.0,0.0,0.0,0.0,0,치킨,굽네치킨
ba_14640352,2025-08,1.0,219.54545454545453,47.0,0.18181818181818182,0.18181818181818182,0.5324675324675324,0.22727272727272727,0,백반·죽·국수,본그룹
ba_14640352,2025-09,1.0,214.25,45.0,0.5,0.5,0.5357142857142857,0.20833333333333331,0,백반·죽·국수,본그룹
ba_14643477,2025-08,1.0,234.6,51.0,0.0,0.0,0.4,0.16666666666666666,0,백반·죽·국수,본그룹
ba_14643477,2025-09,1.0,173.0,36.0,0.0,0.0,0.0,0.0,0,백반·죽·국수,본그룹
ba_14645179,2025-07,1.0,254.66666666666666,57.666666666666664,0.0,0.0,0.5952380952380952,0.27777777777777773,1,백반·죽·국수,본그룹
ba_14645179,2025-08,1.0,318.0,69.0,0.0,0.0,0.5714285714285714,0.16666666666666666,0,백반·죽·국수,본그룹
ba_14645179,2025-09,1.0,265.0,58.0,0.0,0.0,0.8571428571428571,0.3333333333333333,0,백반·죽·국수,본그룹
ba_14647668,2025-09,1.0,242.5,52.75,0.0,0.0,0.2857142857142857,0.08333333333333333,1,백반·죽·국수,본그룹
ba_14648765,2025-07,0.0,0.0,0.0,0.0,0.0,0.0,0.0,0,치킨,굽네치킨
ba_14648765,2025-08,0.0,0.0,0.0,0.0,0.0,0.0,0.0,0,치킨,굽네치킨
ba_14648765,2025-09,1.0,196.0,43.0,0.0,0.0,0.2857142857142857,0.0,0,치킨,굽네치킨
ba_14649303,2025-09,0.7142857142857143,25.285714285714285,4.857142857142857,0.0,0.0,0.22448979591836735,0.0,0,치킨,굽네치킨
ba_14649303,2025-07,1.0,52.25,9.875,0.125,0.125,0.1607142857142857,0.0,0,치킨,굽네치킨
ba_14649303,2025-08,1.0,48.75,9.0,0.25,0.25,0.2857142857142857,0.0,0,치킨,굽네치킨
ba_14652311,2025-07,0.0,0.0,0.0,0.0,0.0,0.0,0.0,0,치킨,굽네치킨
ba_14652311,2025-08,0.0,0.0,0.0,0.0,0.0,0.0,0.0,0,치킨,굽네치킨
ba_14652311,2025-09,0.0,0.0,0.0,0.0,0.0,0.0,0.0,0,치킨,굽네치킨
ba_14652929,2025-08,0.9897959183673469,339.2755102040816,73.07142857142857,0.7448979591836735,0.7448979591836735,0.673469387755102,0.28741496598639454,0,치킨,굽네치킨
ba_14652929,2025-07,1.0,375.3302752293578,80.04587155963303,0.981651376146789,0.981651376146789,0.836173001310616,0.327217125382263,0,치킨,굽네치킨
ba_14652929,2025-09,1.0,320.5245901639344,69.36065573770492,0.6147540983606558,0.6147540983606558,0.5784543325526932,0.26775956284153,0,치킨,굽네치킨
ba_14653291,2025-08,1.0,336.2857142857143,72.57142857142857,0.7142857142857143,0.7142857142857143,0.6530612244897959,0.2857142857142857,0,피자,굽네치킨
ba_14653291,2025-09,1.0,373.6666666666667,80.0,1.0,1.0,0.8571428571428571,0.3333333333333333,0,피자,굽네치킨
ba_14654080,2025-09,0.993421052631579,151.13815789473685,33.1578947368421,0.9868421052631579,0.9868421052631579,0.4276315789473684,0.33114035087719296,0,치킨,굽네치킨
ba_14654080,2025-07,1.0,154.6578947368421,33.98684210526316,1.0,1.0,0.424812030075188,0.32894736842105265,1,치킨,굽네치킨
ba_14654080,2025-08,1.0,151.44285714285715,33.25714285714286,0.9928571428571429,0.9928571428571429,0.42551020408163265,0.32976190476190476,0,치킨,굽네치킨
ba_14654803,2025-08,1.0,253.5,54.0,0.25,0.25,0.42857142857142855,0.25,1,백반·죽·국수,본그룹
ba_14654803,2025-09,1.0,167.4,37.0,0.0,0.0,0.2857142857142857,0.06666666666666667,0,백반·죽·국수,본그룹
ba_14658160,2025-07,0.0,0.0,0.0,0.0,0.0,0.0,0.0,1,치킨,굽네치킨
ba_14658160,2025-08,0.0,0.0,0.0,0.0,0.0,0.0,0.0,1,치킨,굽네치킨
ba_14658160,2025-09,0.42857142857142855,97.28571428571429,23.142857142857142,0.0,0.0,0.061224489795918366,0.07142857142857142,1,치킨,굽네치킨
ba_14658825,2025-07,0.1111111111111111,16.833333333333332,3.5,0.1111111111111111,0.1111111111111111,0.031746031746031744,0.018518518518518517,1,치킨,굽네치킨
ba_14658825,2025-08,0.7631578947368421,129.3684210526316,28.736842105263158,0.05263157894736842,0.05263157894736842,0.21428571428571427,0.09649122807017543,0,치킨,굽네치킨
ba_14658825,2025-09,1.0,195.45833333333334,42.25,0.20833333333333334,0.20833333333333334,0.38690476190476186,0.15277777777777776,0,치킨,굽네치킨
ba_14662462,2025-07,0.0,0.0,0.0,0.0,0.0,0.0,0.0,1,치킨,굽네치킨
ba_14662462,2025-08,0.0,0.0,0.0,0.0,0.0,0.0,0.0,0,치킨,굽네치킨
ba_14662547,2025-08,0.5,113.5,27.0,0.0,0.0,0.07142857142857142,0.08333333333333333,0,치킨,굽네치킨
ba_14662547,2025-07,0.14285714285714285,30.428571428571427,6.714285714285714,0.14285714285714285,0.14285714285714285,0.061224489795918366,0.047619047619047616,0,치킨,굽네치킨
ba_14663126,2025-08,1.0,102.83333333333333,22.333333333333332,0.0,0.0,0.23809523809523805,0.05555555555555555,0,치킨,굽네치킨
ba_14663126,2025-09,1.0,189.66666666666666,40.833333333333336,0.0,0.0,0.19047619047619047,0.08333333333333333,0,치킨,굽네치킨
ba_14663534,2025-07,0.0,0.0,0.0,0.0,0.0,0.0,0.0,0,치킨,굽네치킨
ba_14663534,2025-08,0.0,0.0,0.0,0.0,0.0,0.0,0.0,1,치킨,굽네치킨
ba_14663534,2025-09,0.75,130.5,28.5,0.0,0.0,0.21428571428571427,0.125,1,치킨,굽네치킨
ba_14666363,2025-07,1.0,163.78947368421052,33.8421052631579,0.05263157894736842,0.05263157894736842,0.3383458646616541,0.14035087719298245,1,치킨,굽네치킨
ba_14666363,2025-08,1.0,146.15384615384616,31.923076923076923,0.038461538461538464,0.038461538461538464,0.3241758241758242,0.1474358974358974,1,치킨,굽네치킨
ba_14666363,2025-09,1.0,159.32432432432432,34.5945945945946,0.0,0.0,0.30115830115830117,0.16216216216216217,1,치킨,굽네치킨
ba_14669107,2025-07,1.0,152.34246575342465,33.136986301369866,0.0,0.0,0.5401174168297456,0.1872146118721461,1,치킨,굽네치킨
ba_14669107,2025-08,1.0,174.95294117647057,38.423529411764704,0.0,0.0,0.43865546218487395,0.1901960784313725,0,치킨,굽네치킨
ba_14669107,2025-09,1.0,183.15254237288136,40.152542372881356,0.15254237288135594,0.15254237288135594,0.2711864406779661,0.14124293785310732,0,치킨,굽네치킨
ba_14669108,2025-08,1.0,188.66666666666666,40.666666666666664,0.0,0.0,0.3333333333333333,0.16666666666666666,0,피자,굽네치킨
ba_14669109,2025-07,1.0,147.42857142857142,32.142857142857146,0.0,0.0,0.4897959183673469,0.16666666666666666,1,치킨,굽네치킨
ba_14669109,2025-08,1.0,140.2,30.6,0.0,0.0,0.2857142857142857,0.13333333333333333,1,치킨,굽네치킨
ba_14669109,2025-09,1.0,191.29166666666666,42.125,0.16666666666666666,0.16666666666666666,0.3452380952380952,0.13194444444444445,1,치킨,굽네치킨
ba_14671483,2025-08,0.8,187.0,38.6,0.6,0.6,0.11428571428571428,0.0,0,치킨,굽네치킨
ba_14671483,2025-09,0.875,214.75,42.75,0.625,0.625,0.3571428571428571,0.0625,0,치킨,굽네치킨
ba_14671483,2025-07,1.0,289.2,60.8,0.8,0.8,0.08571428571428572,0.0,1,치킨,굽네치킨
ba_14671490,2025-09,1.0,156.0,29.0,0.0,0.0,0.2857142857142857,0.16666666666666666,0,피자,굽네치킨
ba_14671974,2025-08,0.0,0.0,0.0,0.0,0.0,0.0,0.0,0,피자,굽네치킨
ba_14671974,2025-09,1.0,177.5,40.0,0.0,0.0,0.2857142857142857,0.16666666666666666,0,피자,굽네치킨
ba_14673431,2025-09,0.0,0.0,0.0,0.0,0.0,0.0,0.0,0,치킨,굽네치킨
ba_14673434,2025-07,0.047619047619047616,9.523809523809524,2.0952380952380953,0.047619047619047616,0.047619047619047616,0.02040816326530612,0.015873015873015872,1,치킨,굽네치킨
ba_14673434,2025-08,0.4,90.8,21.6,0.0,0.0,0.05714285714285714,0.06666666666666667,1,치킨,굽네치킨
ba_14673434,2025-09,0.8571428571428571,154.21428571428572,31.714285714285715,0.35714285714285715,0.35714285714285715,0.4591836734693877,0.09523809523809523,0,치킨,굽네치킨
ba_14673508,2025-08,1.0,188.0,38.0,0.0,0.0,0.2857142857142857,0.0,0,백반·죽·국수,본그룹
ba_14675307,2025-07,0.2,45.4,9.6,0.2,0.2,0.05714285714285714,0.03333333333333333,0,치킨,굽네치킨
ba_14675307,2025-08,0.0,0.0,0.0,0.0,0.0,0.0,0.0,1,치킨,굽네치킨
ba_14675307,2025-09,0.5,109.5,24.0,0.0,0.0,0.2857142857142857,0.16666666666666666,1,치킨,굽네치킨
ba_14675393,2025-09,0.0,0.0,0.0,0.0,0.0,0.0,0.0,0,치킨,굽네치킨
ba_14679019,2025-09,0.9797297297297297,272.35135135135135,60.101351351351354,0.02027027027027027,0.02027027027027027,0.5415057915057915,0.25675675675675674,0,치킨,굽네치킨
ba_14679019,2025-07,1.0,348.8,76.73636363636363,1.0,1.0,0.5688311688311688,0.49696969696969695,1,치킨,굽네치킨
ba_14679019,2025-08,1.0,276.06417112299465,60.54545454545455,0.1711229946524064,0.1711229946524064,0.6814362108479755,0.3235294117647059,0,치킨,굽네치킨
ba_14685750,2025-08,0.9888888888888889,142.54444444444445,30.333333333333332,0.28888888888888886,0.28888888888888886,0.46984126984126984,0.1148148148148148,0,치킨,굽네치킨
ba_14685750,2025-07,0.9857142857142858,165.05714285714285,36.8,0.9428571428571428,0.9428571428571428,0.2673469387755102,0.0,0,치킨,굽네치킨
ba_14685750,2025-09,1.0,135.98684210526315,29.0,0.06578947368421052,0.06578947368421052,0.4605263157894737,0.1293859649122807,1,치킨,굽네치킨
ba_14686856,2025-07,0.8,156.2,30.8,0.2,0.2,0.34285714285714286,0.06666666666666667,0,백반·죽·국수,본그룹
ba_14686856,2025-08,1.0,103.0,17.5,0.25,0.25,0.14285714285714285,0.0,0,백반·죽·국수,본그룹
ba_14686856,2025-09,1.0,148.5,27.0,0.0,0.0,0.2857142857142857,0.16666666666666666,1,백반·죽·국수,본그룹
ba_14686997,2025-07,1.0,236.9245283018868,53.24528301886792,0.05660377358490566,0.05660377358490566,0.5013477088948787,0.2610062893081761,1,백반·죽·국수,본그룹
ba_14686997,2025-08,1.0,223.03225806451613,48.354838709677416,0.2903225806451613,0.2903225806451613,0.4700460829493088,0.16129032258064516,0,백반·죽·국수,본그룹
ba_14686997,2025-09,1.0,182.45833333333334,38.333333333333336,0.375,0.375,0.5,0.13194444444444445,0,백반·죽·국수,본그룹
ba_14687060,2025-07,0.9285714285714286,127.92857142857143,28.214285714285715,0.14285714285714285,0.14285714285714285,0.36734693877551017,0.13095238095238096,0,백반·죽·국수,본그룹
ba_14687060,2025-08,1.0,154.78947368421052,33.526315789473685,0.21052631578947367,0.21052631578947367,0.3533834586466165,0.14912280701754385,0,백반·죽·국수,본그룹
ba_14687060,2025-09,1.0,136.0,30.0,0.0,0.0,0.2857142857142857,0.0,0,백반·죽·국수,본그룹
ba_14687076,2025-07,0.2857142857142857,30.714285714285715,5.857142857142857,0.0,0.0,0.1020408163265306,0.0,0,백반·죽·국수,본그룹
ba_14687076,2025-08,0.0,0.0,0.0,0.0,0.0,0.0,0.0,0,백반·죽·국수,본그룹
ba_14687076,2025-09,0.0,0.0,0.0,0.0,0.0,0.0,0.0,0,백반·죽·국수,본그룹
ba_14687088,2025-08,0.0,0.0,0.0,0.0,0.0,0.0,0.0,0,백반·죽·국수,본그룹
ba_14687088,2025-09,0.0,0.0,0.0,0.0,0.0,0.0,0.0,0,백반·죽·국수,본그룹
ba_14687092,2025-07,1.0,220.0625,48.5625,0.0625,0.0625,0.5,0.26041666666666663,1,백반·죽·국수,본그룹
ba_14687092,2025-09,1.0,158.0,31.0,1.0,1.0,0.5714285714285714,0.0,0,백반·죽·국수,본그룹
ba_14687115,2025-07,0.6666666666666666,158.66666666666666,35.0,0.3333333333333333,0.3333333333333333,0.3333333333333333,0.1111111111111111,1,백반·죽·국수,본그룹
ba_14687115,2025-08,1.0,63.0,13.0,0.0,0.0,0.14285714285714285,0.16666666666666666,1,백반·죽·국수,본그룹
ba_14687115,2025-09,1.0,83.0,17.5,0.0,0.0,0.3571428571428571,0.0,1,백반·죽·국수,본그룹
ba_14687119,2025-07,1.0,214.28571428571428,47.80952380952381,0.09523809523809523,0.09523809523809523,0.40816326530612246,0.19841269841269837,1,백반·죽·국수,본그룹
ba_14687119,2025-08,1.0,188.16666666666666,43.333333333333336,0.0,0.0,0.16666666666666666,0.1111111111111111,1,백반·죽·국수,본그룹
ba_14687119,2025-09,1.0,183.5,39.57142857142857,0.07142857142857142,0.07142857142857142,0.35714285714285715,0.14285714285714285,0,백반·죽·국수,본그룹
ba_14687134,2025-08,0.0,0.0,0.0,0.0,0.0,0.0,0.0,1,백반·죽·국수,본그룹
ba_14687134,2025-09,0.0,0.0,0.0,0.0,0.0,0.0,0.0,0,백반·죽·국수,본그룹
ba_14687134,2025-07,0.5,105.0,23.5,0.5,0.5,0.21428571428571427,0.16666666666666666,1,백반·죽·국수,본그룹
ba_14687136,2025-09,0.0,0.0,0.0,0.0,0.0,0.0,0.0,0,백반·죽·국수,본그룹
ba_14687166,2025-09,0.9375,246.75,54.6875,0.125,0.125,0.4375,0.22916666666666666,1,백반·죽·국수,본그룹
ba_14687166,2025-07,1.0,231.0909090909091,52.72727272727273,0.09090909090909091,0.09090909090909091,0.3896103896103896,0.2424242424242424,1,백반·죽·국수,본그룹
ba_14687166,2025-08,1.0,235.79166666666666,52.0,0.0,0.0,0.5059523809523809,0.22916666666666666,1,백반·죽·국수,본그룹
ba_14687296,2025-07,1.0,171.85,36.3,0.2,0.2,0.5285714285714286,0.175,0,백반·죽·국수,본그룹
ba_14687296,2025-08,1.0,212.83870967741936,45.645161290322584,0.22580645161290322,0.22580645161290322,0.5069124423963134,0.22580645161290322,0,백반·죽·국수,본그룹
ba_14687296,2025-09,1.0,208.25806451612902,44.87096774193548,0.16129032258064516,0.16129032258064516,0.4654377880184331,0.18279569892473116,1,백반·죽·국수,본그룹
ba_14687307,2025-08,0.0,0.0,0.0,0.0,0.0,0.0,0.0,0,백반·죽·국수,본그룹
ba_14687307,2025-09,0.0,0.0,0.0,0.0,0.0,0.0,0.0,0,백반·죽·국수,본그룹
ba_14687310,2025-07,0.0,0.0,0.0,0.0,0.0,0.0,0.0,1,백반·죽·국수,본그룹
ba_14687310,2025-08,0.0,0.0,0.0,0.0,0.0,0.0,0.0,1,백반·죽·국수,본그룹
ba_14687310,2025-09,0.0,0.0,0.0,0.0,0.0,0.0,0.0,0,백반·죽·국수,본그룹
ba_14687315,2025-07,0.0,0.0,0.0,0.0,0.0,0.0,0.0,1,백반·죽·국수,본그룹
ba_14687315,2025-08,0.0,0.0,0.0,0.0,0.0,0.0,0.0,1,백반·죽·국수,본그룹
ba_14687315,2025-09,0.0,0.0,0.0,0.0,0.0,0.0,0.0,0,백반·죽·국수,본그룹
ba_14687318,2025-07,1.0,212.94736842105263,48.40350877192982,0.017543859649122806,0.017543859649122806,0.40350877192982454,0.20760233918128654,1,백반·죽·국수,본그룹
ba_14687318,2025-08,1.0,179.6451612903226,39.903225806451616,0.0967741935483871,0.0967741935483871,0.3963133640552995,0.18279569892473116,1,백반·죽·국수,본그룹
ba_14687318,2025-09,1.0,166.56521739130434,36.43478260869565,0.13043478260869565,0.13043478260869565,0.35403726708074534,0.14492753623188404,0,백반·죽·국수,본그룹
ba_14687323,2025-08,0.0,0.0,0.0,0.0,0.0,0.0,0.0,1,백반·죽·국수,본그룹
ba_14687323,2025-09,0.0,0.0,0.0,0.0,0.0,0.0,0.0,1,백반·죽·국수,본그룹
ba_14687326,2025-07,1.0,225.84615384615384,50.76923076923077,0.0,0.0,0.4835164835164835,0.26282051282051283,1,백반·죽·국수,본그룹
ba_14687326,2025-08,1.0,214.0,47.833333333333336,0.0,0.0,0.5714285714285714,0.2222222222222222,1,백반·죽·국수,본그룹
ba_14687326,2025-09,1.0,206.0625,45.1875,0.0625,0.0625,0.4732142857142857,0.21875,0,백반·죽·국수,본그룹
ba_14687327,2025-07,0.9444444444444444,199.61111111111111,44.72222222222222,0.1111111111111111,0.1111111111111111,0.45238095238095233,0.2222222222222222,0,백반·죽·국수,본그룹
ba_14687327,2025-08,1.0,194.5,40.666666666666664,0.5,0.5,0.5238095238095238,0.2222222222222222,0,백반·죽·국수,본그룹
ba_14687327,2025-09,1.0,194.0,40.25,0.5,0.5,0.46428571428571425,0.16666666666666666,0,백반·죽·국수,본그룹
ba_14687333,2025-09,1.0,210.0,44.92857142857143,0.21428571428571427,0.21428571428571427,0.5102040816326531,0.17857142857142858,0,백반·죽·국수,본그룹
ba_14687333,2025-07,1.0,246.0188679245283,53.0377358490566,0.0,0.0,0.41509433962264153,0.24842767295597484,1,백반·죽·국수,본그룹
ba_14687333,2025-08,1.0,233.65625,49.375,0.125,0.125,0.4419642857142857,0.19270833333333331,0,백반·죽·국수,본그룹
ba_14687335,2025-08,1.0,219.57575757575756,46.803030303030305,0.2727272727272727,0.2727272727272727,0.5043290043290043,0.20454545454545456,1,백반·죽·국수,본그룹
ba_14687335,2025-07,1.0,239.50537634408602,53.32258064516129,0.043010752688172046,0.043010752688172046,0.44546850998463894,0.2240143369175627,1,백반·죽·국수,본그룹
ba_14687335,2025-09,1.0,229.04347826086956,48.768115942028984,0.21739130434782608,0.21739130434782608,0.5217391304347826,0.21256038647342995,0,백반·죽·국수,본그룹
ba_14687340,2025-07,0.9,195.8,42.9,0.1,0.1,0.38571428571428573,0.06666666666666667,1,백반·죽·국수,본그룹
ba_14687340,2025-08,1.0,224.22222222222223,48.22222222222222,0.3333333333333333,0.3333333333333333,0.5873015873015873,0.2222222222222222,1,백반·죽·국수,본그룹
ba_14687340,2025-09,1.0,202.83333333333334,42.77777777777778,0.3888888888888889,0.3888888888888889,0.5,0.18518518518518517,0,백반·죽·국수,본그룹
ba_14687341,2025-08,1.0,218.0,47.833333333333336,0.0,0.0,0.42857142857142855,0.16666666666666666,0,백반·죽·국수,본그룹
ba_14687344,2025-08,1.0,184.57692307692307,40.11538461538461,0.07692307692307693,0.07692307692307693,0.5,0.21153846153846154,1,백반·죽·국수,본그룹
ba_14687344,2025-09,1.0,205.07407407407408,44.629629629629626,0.1111111111111111,0.1111111111111111,0.49735449735449727,0.22839506172839505,0,백반·죽·국수,본그룹
ba_14687350,2025-09,0.75,129.875,26.3125,0.1875,0.1875,0.3392857142857143,0.0625,0,백반·죽·국수,본그룹
ba_14687350,2025-07,1.0,246.48387096774192,54.564516129032256,0.03225806451612903,0.03225806451612903,0.4654377880184331,0.23118279569892472,1,백반·죽·국수,본그룹
ba_14687350,2025-08,1.0,166.58333333333334,34.5,0.0,0.0,0.4464285714285714,0.11805555555555554,0,백반·죽·국수,본그룹
ba_14687354,2025-07,0.0,0.0,0.0,0.0,0.0,0.0,0.0,1,백반·죽·국수,본그룹
ba_14687354,2025-08,0.0,0.0,0.0,0.0,0.0,0.0,0.0,0,백반·죽·국수,본그룹
ba_14687354,2025-09,0.0,0.0,0.0,0.0,0.0,0.0,0.0,0,백반·죽·국수,본그룹
ba_14687365,2025-08,0.0,0.0,0.0,0.0,0.0,0.0,0.0,0,백반·죽·국수,본그룹
ba_14687365,2025-09,0.0,0.0,0.0,0.0,0.0,0.0,0.0,0,백반·죽·국수,본그룹
ba_14687368,2025-07,0.7142857142857143,122.0,26.428571428571427,0.42857142857142855,0.42857142857142855,0.18367346938775508,0.11904761904761904,1,백반·죽·국수,본그룹
ba_14687368,2025-08,1.0,155.72727272727272,33.27272727272727,0.0,0.0,0.4285714285714286,0.1515151515151515,1,백반·죽·국수,본그룹
ba_14687368,2025-09,1.0,186.58333333333334,39.583333333333336,0.0,0.0,0.42857142857142855,0.19444444444444442,0,백반·죽·국수,본그룹
ba_14687382,2025-07,1.0,144.20833333333334,31.0,0.0,0.0,0.22023809523809523,0.09722222222222221,1,백반·죽·국수,본그룹
ba_14687382,2025-08,1.0,147.04761904761904,31.428571428571427,0.0,0.0,0.2925170068027211,0.11111111111111109,1,백반·죽·국수,본그룹
ba_14687382,2025-09,1.0,159.84615384615384,33.88461538461539,0.038461538461538464,0.038461538461538464,0.41758241758241754,0.16666666666666666,0,백반·죽·국수,본그룹
ba_14687388,2025-07,1.0,88.85714285714286,17.857142857142858,0.0,0.0,0.08163265306122448,0.023809523809523808,0,백반·죽·국수,본그룹
ba_14687388,2025-08,1.0,115.2,24.4,0.0,0.0,0.15238095238095237,0.04444444444444444,0,백반·죽·국수,본그룹
ba_14687388,2025-09,1.0,133.375,29.625,0.125,0.125,0.10714285714285714,0.041666666666666664,1,백반·죽·국수,본그룹
ba_14687493,2025-08,0.0,0.0,0.0,0.0,0.0,0.0,0.0,1,백반·죽·국수,본그룹
ba_14687493,2025-09,0.0,0.0,0.0,0.0,0.0,0.0,0.0,1,백반·죽·국수,본그룹
ba_14687497,2025-07,0.0,0.0,0.0,0.0,0.0,0.0,0.0,1,백반·죽·국수,본그룹
ba_14688075,2025-08,0.0,0.0,0.0,0.0,0.0,0.0,0.0,0,백반·죽·국수,본그룹
ba_14688075,2025-09,0.0,0.0,0.0,0.0,0.0,0.0,0.0,1,백반·죽·국수,본그룹
ba_14688086,2025-07,1.0,159.0,35.333333333333336,0.6666666666666666,0.6666666666666666,0.4761904761904762,0.16666666666666666,1,백반·죽·국수,본그룹
ba_14688086,2025-08,1.0,167.0,35.8,0.4,0.4,0.5142857142857142,0.2,1,백반·죽·국수,본그룹
ba_14688086,2025-09,1.0,211.5,46.0,0.5,0.5,0.5,0.16666666666666666,0,백반·죽·국수,본그룹
ba_14688088,2025-09,0.9565217391304348,229.6086956521739,50.17391304347826,0.043478260869565216,0.043478260869565216,0.2857142857142857,0.10869565217391304,0,백반·죽·국수,본그룹
ba_14688088,2025-07,0.972972972972973,247.75675675675674,55.08108108108108,0.21621621621621623,0.21621621621621623,0.4787644787644787,0.26126126126126126,1,백반·죽·국수,본그룹
ba_14688088,2025-08,1.0,245.36,54.24,0.12,0.12,0.36,0.14666666666666667,0,백반·죽·국수,본그룹
ba_14688093,2025-07,0.5,92.0,19.0,0.0,0.0,0.21428571428571427,0.0,1,백반·죽·국수,본그룹
ba_14688093,2025-08,1.0,231.83333333333334,49.666666666666664,0.0,0.0,0.5476190476190476,0.25,0,백반·죽·국수,본그룹
ba_14688093,2025-09,1.0,183.0,41.5,0.0,0.0,0.2857142857142857,0.08333333333333333,0,백반·죽·국수,본그룹
ba_14688094,2025-08,1.0,170.0,34.0,0.0,0.0,0.5714285714285714,0.0,1,백반·죽·국수,본그룹
ba_14688094,2025-09,1.0,204.71428571428572,42.714285714285715,0.5714285714285714,0.5714285714285714,0.4489795918367347,0.19047619047619047,0,백반·죽·국수,본그룹
ba_14688100,2025-07,0.0,0.0,0.0,0.0,0.0,0.0,0.0,1,백반·죽·국수,본그룹
ba_14688100,2025-08,1.0,158.26666666666668,33.86666666666667,0.26666666666666666,0.26666666666666666,0.45714285714285713,0.14444444444444443,1,백반·죽·국수,본그룹
ba_14688100,2025-09,1.0,144.0,31.4375,0.25,0.25,0.4464285714285714,0.17708333333333331,0,백반·죽·국수,본그룹
ba_14688108,2025-07,1.0,219.38709677419354,49.29032258064516,0.06451612903225806,0.06451612903225806,0.42857142857142855,0.24193548387096775,1,백반·죽·국수,본그룹
ba_14688108,2025-08,1.0,229.02857142857144,50.05714285714286,0.2571428571428571,0.2571428571428571,0.5469387755102041,0.2714285714285714,0,백반·죽·국수,본그룹
ba_14688108,2025-09,1.0,232.0,50.84615384615385,0.0,0.0,0.4395604395604395,0.20512820512820512,0,백반·죽·국수,본그룹
ba_14688114,2025-09,0.9666666666666667,338.4,57.0,0.0,0.0,0.319047619047619,0.13333333333333333,0,백반·죽·국수,본그룹
ba_14688114,2025-07,1.0,328.58,62.1,0.06,0.06,0.4,0.19333333333333333,1,백반·죽·국수,본그룹
ba_14688114,2025-08,1.0,337.8679245283019,59.660377358490564,0.018867924528301886,0.018867924528301886,0.36118598382749323,0.16981132075471697,0,백반·죽·국수,본그룹
ba_14688173,2025-08,1.0,167.0,32.0,1.0,1.0,0.5714285714285714,0.16666666666666666,1,백반·죽·국수,본그룹
ba_14688173,2025-09,1.0,171.0,37.0,1.0,1.0,0.7142857142857143,0.16666666666666666,1,백반·죽·국수,본그룹
ba_14688176,2025-07,0.0,0.0,0.0,0.0,0.0,0.0,0.0,1,백반·죽·국수,본그룹
ba_14688176,2025-09,0.0,0.0,0.0,0.0,0.0,0.0,0.0,0,백반·죽·국수,본그룹
ba_14688180,2025-07,1.0,218.8235294117647,47.411764705882355,0.17647058823529413,0.17647058823529413,0.43697478991596633,0.17647058823529413,1,백반·죽·국수,본그룹
ba_14688180,2025-08,1.0,197.1304347826087,43.69565217391305,0.08695652173913043,0.08695652173913043,0.4161490683229814,0.15942028985507245,0,백반·죽·국수,본그룹
ba_14688180,2025-09,1.0,214.22727272727272,45.81818181818182,0.09090909090909091,0.09090909090909091,0.3506493506493506,0.13636363636363635,0,백반·죽·국수,본그룹
ba_14688182,2025-08,1.0,159.0,34.25,0.25,0.25,0.5,0.16666666666666666,1,백반·죽·국수,본그룹
ba_14688182,2025-09,1.0,142.0,31.5,1.0,1.0,0.4285714285714286,0.25,1,백반·죽·국수,본그룹
ba_14688192,2025-08,0.0,0.0,0.0,0.0,0.0,0.0,0.0,0,백반·죽·국수,본그룹
ba_14688192,2025-09,0.0,0.0,0.0,0.0,0.0,0.0,0.0,1,백반·죽·국수,본그룹
ba_14688196,2025-07,0.0,0.0,0.0,0.0,0.0,0.0,0.0,1,백반·죽·국수,본그룹
ba_14688196,2025-08,0.0,0.0,0.0,0.0,0.0,0.0,0.0,0,백반·죽·국수,본그룹
ba_14688196,2025-09,1.0,258.0,58.0,1.0,1.0,0.42857142857142855,0.3333333333333333,0,백반·죽·국수,본그룹
ba_14688197,2025-07,1.0,227.38888888888889,50.55555555555556,0.0,0.0,0.3571428571428571,0.19444444444444445,1,백반·죽·국수,본그룹
ba_14688197,2025-08,1.0,239.84615384615384,53.15384615384615,0.0,0.0,0.24175824175824176,0.07692307692307693,1,백반·죽·국수,본그룹
ba_14688197,2025-09,1.0,239.85714285714286,53.42857142857143,0.0,0.0,0.2040816326530612,0.023809523809523808,1,백반·죽·국수,본그룹
ba_14688207,2025-08,0.0,0.0,0.0,0.0,0.0,0.0,0.0,1,백반·죽·국수,본그룹
ba_14688233,2025-07,0.875,44.75,4.25,0.0,0.0,0.1607142857142857,0.0,1,백반·죽·국수,본그룹
ba_14688233,2025-08,0.0,0.0,0.0,0.0,0.0,0.0,0.0,1,백반·죽·국수,본그룹
ba_14688233,2025-09,0.0,0.0,0.0,0.0,0.0,0.0,0.0,1,백반·죽·국수,본그룹
ba_14688336,2025-07,1.0,148.4,32.7,0.1,0.1,0.45714285714285713,0.13333333333333333,0,백반·죽·국수,본그룹
ba_14688336,2025-08,1.0,132.33333333333334,29.5,0.5,0.5,0.16666666666666666,0.08333333333333333,0,백반·죽·국수,본그룹
ba_14688336,2025-09,1.0,143.14285714285714,32.285714285714285,0.07142857142857142,0.07142857142857142,0.37755102040816324,0.15476190476190474,1,백반·죽·국수,본그룹
ba_14688337,2025-07,1.0,224.33333333333334,50.0,0.0,0.0,0.4761904761904761,0.2222222222222222,1,백반·죽·국수,본그룹
ba_14688337,2025-08,1.0,254.25,57.0,0.0,0.0,0.46428571428571425,0.20833333333333331,1,백반·죽·국수,본그룹
ba_14688337,2025-09,1.0,253.2,55.6,0.2,0.2,0.5142857142857142,0.13333333333333333,0,백반·죽·국수,본그룹
ba_14688338,2025-07,0.0,0.0,0.0,0.0,0.0,0.0,0.0,1,백반·죽·국수,본그룹
ba_14688338,2025-08,0.0,0.0,0.0,0.0,0.0,0.0,0.0,0,백반·죽·국수,본그룹
ba_14688338,2025-09,0.0,0.0,0.0,0.0,0.0,0.0,0.0,0,백반·죽·국수,본그룹
ba_14688345,2025-09,0.5,105.5,24.5,0.5,0.5,0.21428571428571427,0.16666666666666666,1,백반·죽·국수,본그룹
ba_14688363,2025-08,1.0,231.0,50.0,0.0,0.0,0.5476190476190476,0.25,0,백반·죽·국수,본그룹
ba_14688363,2025-09,1.0,180.2,38.2,0.4,0.4,0.5142857142857142,0.16666666666666666,0,백반·죽·국수,본그룹
ba_14688371,2025-08,1.0,188.16666666666666,41.0,0.0,0.0,0.4761904761904761,0.19444444444444442,1,백반·죽·국수,본그룹
ba_14688371,2025-09,1.0,133.0,29.0,0.0,0.0,0.2857142857142857,0.16666666666666666,0,백반·죽·국수,본그룹
ba_14688499,2025-09,0.0,0.0,0.0,0.0,0.0,0.0,0.0,0,백반·죽·국수,본그룹
ba_14688522,2025-07,1.0,217.08333333333334,47.5,0.16666666666666666,0.16666666666666666,0.4880952380952381,0.2638888888888889,1,백반·죽·국수,본그룹
ba_14688522,2025-08,1.0,173.375,36.0,0.5,0.5,0.4821428571428571,0.10416666666666666,0,백반·죽·국수,본그룹
ba_14688522,2025-09,1.0,158.9090909090909,33.45454545454545,0.2727272727272727,0.2727272727272727,0.5194805194805195,0.10606060606060605,0,백반·죽·국수,본그룹
ba_14688525,2025-08,0.9666666666666667,149.7,31.5,0.13333333333333333,0.13333333333333333,0.42857142857142855,0.10555555555555556,0,백반·죽·국수,본그룹
ba_14688525,2025-09,0.0,0.0,0.0,0.0,0.0,0.0,0.0,0,백반·죽·국수,본그룹
ba_14688525,2025-07,1.0,168.37037037037038,36.44444444444444,0.3333333333333333,0.3333333333333333,0.49206349206349204,0.18518518518518517,1,백반·죽·국수,본그룹
ba_14688555,2025-08,0.9767441860465116,204.95348837209303,45.116279069767444,0.13953488372093023,0.13953488372093023,0.37541528239202654,0.13565891472868216,1,백반·죽·국수,본그룹
ba_14688555,2025-07,0.7419354838709677,157.16129032258064,35.096774193548384,0.0967741935483871,0.0967741935483871,0.3456221198156682,0.17204301075268816,1,백반·죽·국수,본그룹
ba_14688555,2025-09,1.0,181.45,40.35,0.1,0.1,0.2857142857142857,0.06666666666666667,0,백반·죽·국수,본그룹
ba_14688557,2025-08,1.0,182.0,36.0,0.0,0.0,0.14285714285714285,0.16666666666666666,0,백반·죽·국수,본그룹
ba_14688557,2025-09,1.0,242.0,52.5,0.0,0.0,0.3571428571428571,0.16666666666666666,0,백반·죽·국수,본그룹
ba_14688559,2025-08,0.6666666666666666,120.66666666666667,25.0,0.0,0.0,0.42857142857142855,0.1111111111111111,1,백반·죽·국수,본그룹
ba_14688559,2025-07,1.0,229.5,50.5,0.5,0.5,0.5714285714285714,0.25,1,백반·죽·국수,본그룹
ba_14688559,2025-09,1.0,238.5,53.0,1.0,1.0,0.5714285714285714,0.5,0,백반·죽·국수,본그룹
ba_14688563,2025-07,0.0,0.0,0.0,0.0,0.0,0.0,0.0,1,백반·죽·국수,본그룹
ba_14688563,2025-08,0.0,0.0,0.0,0.0,0.0,0.0,0.0,1,백반·죽·국수,본그룹
ba_14688563,2025-09,0.0,0.0,0.0,0.0,0.0,0.0,0.0,0,백반·죽·국수,본그룹
ba_14688567,2025-08,0.0,0.0,0.0,0.0,0.0,0.0,0.0,0,백반·죽·국수,본그룹
ba_14688567,2025-09,0.0,0.0,0.0,0.0,0.0,0.0,0.0,0,백반·죽·국수,본그룹
ba_14688570,2025-08,1.0,177.0,36.333333333333336,1.0,1.0,0.38095238095238093,0.16666666666666666,0,백반·죽·국수,본그룹
ba_14688570,2025-09,1.0,165.5,35.0,0.0,0.0,0.3571428571428571,0.0,0,백반·죽·국수,본그룹
ba_14688582,2025-09,0.9411764705882353,232.1764705882353,49.529411764705884,0.23529411764705882,0.23529411764705882,0.5210084033613446,0.2549019607843137,0,백반·죽·국수,본그룹
ba_14688582,2025-07,1.0,241.4,53.6,0.0,0.0,0.42857142857142855,0.25,1,백반·죽·국수,본그룹
ba_14688582,2025-08,1.0,231.23529411764707,50.294117647058826,0.17647058823529413,0.17647058823529413,0.5042016806722689,0.22549019607843135,0,백반·죽·국수,본그룹
ba_14688602,2025-08,1.0,216.4,45.6,0.4,0.4,0.42857142857142855,0.16666666666666666,1,백반·죽·국수,본그룹
ba_14688602,2025-09,1.0,190.57142857142858,41.0,0.2857142857142857,0.2857142857142857,0.4897959183673469,0.19047619047619047,1,백반·죽·국수,본그룹
ba_14688609,2025-08,0.0,0.0,0.0,0.0,0.0,0.0,0.0,0,백반·죽·국수,본그룹
ba_14688614,2025-08,1.0,180.5,39.25,0.0,0.0,0.5714285714285714,0.25,1,백반·죽·국수,본그룹
ba_14688614,2025-09,1.0,139.0,29.5,0.5,0.5,0.3571428571428571,0.16666666666666666,1,백반·죽·국수,본그룹
ba_14688631,2025-07,1.0,162.3846153846154,35.0,0.23076923076923078,0.23076923076923078,0.43956043956043955,0.11538461538461539,0,백반·죽·국수,본그룹
ba_14688631,2025-08,1.0,204.73333333333332,44.53333333333333,0.06666666666666667,0.06666666666666667,0.5428571428571428,0.23333333333333334,1,백반·죽·국수,본그룹
ba_14688631,2025-09,1.0,211.05882352941177,45.76470588235294,0.058823529411764705,0.058823529411764705,0.5210084033613446,0.24509803921568624,1,백반·죽·국수,본그룹
ba_14688656,2025-08,1.0,236.5,51.5,0.0,0.0,0.46428571428571425,0.20833333333333331,1,백반·죽·국수,본그룹
ba_14688656,2025-09,1.0,161.33333333333334,33.666666666666664,1.0,1.0,0.5714285714285714,0.2222222222222222,0,백반·죽·국수,본그룹
ba_14688684,2025-07,1.0,140.8695652173913,29.91304347826087,0.2608695652173913,0.2608695652173913,0.3416149068322981,0.13043478260869565,0,백반·죽·국수,본그룹
ba_14688684,2025-08,1.0,183.33333333333334,39.77777777777778,0.2222222222222222,0.2222222222222222,0.42063492063492064,0.14814814814814814,1,백반·죽·국수,본그룹
ba_14688684,2025-09,1.0,194.95,42.525,0.15,0.15,0.4428571428571428,0.2125,1,백반·죽·국수,본그룹
ba_14688687,2025-07,1.0,177.0188679245283,38.16981132075472,0.0,0.0,0.4582210242587601,0.2641509433962264,1,백반·죽·국수,본그룹
ba_14688687,2025-08,1.0,164.3170731707317,34.5609756097561,0.024390243902439025,0.024390243902439025,0.5087108013937283,0.24390243902439024,1,백반·죽·국수,본그룹
ba_14688687,2025-09,1.0,147.3658536585366,30.658536585365855,0.04878048780487805,0.04878048780487805,0.5087108013937283,0.23170731707317074,0,백반·죽·국수,본그룹
ba_14688693,2025-08,0.5,138.5,31.0,0.5,0.5,0.21428571428571427,0.16666666666666666,1,백반·죽·국수,본그룹
ba_14688693,2025-09,0.0,0.0,0.0,0.0,0.0,0.0,0.0,0,백반·죽·국수,본그룹
ba_14688697,2025-08,1.0,108.5,24.75,0.0,0.0,0.14285714285714285,0.08333333333333333,0,백반·죽·국수,본그룹
ba_14688697,2025-09,1.0,121.66666666666667,26.666666666666668,0.0,0.0,0.19047619047619047,0.1111111111111111,0,백반·죽·국수,본그룹
ba_14688702,2025-08,0.0,0.0,0.0,0.0,0.0,0.0,0.0,1,백반·죽·국수,본그룹
ba_14688702,2025-09,0.0,0.0,0.0,0.0,0.0,0.0,0.0,0,백반·죽·국수,본그룹
ba_14688707,2025-07,0.8333333333333334,175.5,38.666666666666664,0.3333333333333333,0.3333333333333333,0.35714285714285715,0.2222222222222222,1,백반·죽·국수,본그룹
ba_14688707,2025-08,1.0,156.25,34.0,0.5,0.5,0.3214285714285714,0.16666666666666666,1,백반·죽·국수,본그룹
ba_14688707,2025-09,1.0,129.85714285714286,27.857142857142858,0.14285714285714285,0.14285714285714285,0.38775510204081626,0.047619047619047616,1,백반·죽·국수,본그룹
ba_14688709,2025-08,1.0,263.0,55.0,0.0,0.0,0.42857142857142855,0.16666666666666666,1,백반·죽·국수,본그룹
ba_14688716,2025-07,0.0,0.0,0.0,0.0,0.0,0.0,0.0,0,백반·죽·국수,본그룹
ba_14688716,2025-08,0.0,0.0,0.0,0.0,0.0,0.0,0.0,0,백반·죽·국수,본그룹
ba_14688716,2025-09,0.25,31.625,6.125,0.0,0.0,0.017857142857142856,0.0,1,백반·죽·국수,본그룹
ba_14688728,2025-08,0.8333333333333334,165.0,36.333333333333336,0.16666666666666666,0.16666666666666666,0.4761904761904762,0.2222222222222222,1,백반·죽·국수,본그룹
ba_14688728,2025-09,1.0,150.6,33.0,0.4,0.4,0.3142857142857143,0.2,1,백반·죽·국수,본그룹
ba_14688729,2025-08,0.8,92.8,20.2,0.0,0.0,0.11428571428571428,0.03333333333333333,1,백반·죽·국수,본그룹
ba_14688729,2025-07,1.0,197.33333333333334,44.166666666666664,0.3333333333333333,0.3333333333333333,0.45238095238095233,0.19444444444444442,1,백반·죽·국수,본그룹
ba_14688729,2025-09,1.0,136.75,30.75,0.25,0.25,0.17857142857142855,0.0,0,백반·죽·국수,본그룹
ba_14688738,2025-09,1.0,118.0,26.0,0.0,0.0,0.14285714285714285,0.16666666666666666,0,백반·죽·국수,본그룹
ba_14688746,2025-08,0.8,155.6,33.7,0.2,0.2,0.41428571428571426,0.18333333333333332,1,백반·죽·국수,본그룹
ba_14688746,2025-09,0.16666666666666666,18.833333333333332,4.666666666666667,0.0,0.0,0.07142857142857142,0.027777777777777776,0,백반·죽·국수,본그룹
ba_14688751,2025-08,1.0,121.5,24.5,0.5,0.5,0.3571428571428571,0.08333333333333333,1,백반·죽·국수,본그룹
ba_14688751,2025-09,1.0,191.0,38.0,1.0,1.0,0.5714285714285714,0.16666666666666666,1,백반·죽·국수,본그룹
ba_14688765,2025-08,0.25,42.25,8.75,0.0,0.0,0.14285714285714285,0.041666666666666664,1,백반·죽·국수,본그룹
ba_14688765,2025-09,0.5,99.5,20.0,0.125,0.125,0.23214285714285712,0.0625,0,백반·죽·국수,본그룹
ba_14688765,2025-07,1.0,234.1578947368421,51.63157894736842,0.10526315789473684,0.10526315789473684,0.443609022556391,0.21929824561403505,1,백반·죽·국수,본그룹
ba_14688789,2025-08,1.0,86.57142857142857,14.428571428571429,0.0,0.0,0.26530612244897955,0.0,0,백반·죽·국수,본그룹
ba_14688789,2025-09,1.0,87.2,15.0,0.0,0.0,0.2857142857142857,0.0,1,백반·죽·국수,본그룹
ba_14688848,2025-08,1.0,254.6,56.2,0.0,0.0,0.3714285714285714,0.13333333333333333,1,백반·죽·국수,본그룹
ba_14688848,2025-09,1.0,250.57142857142858,54.285714285714285,0.14285714285714285,0.14285714285714285,0.26530612244897955,0.11904761904761904,0,백반·죽·국수,본그룹
ba_14688854,2025-07,1.0,118.33333333333333,24.0,0.0,0.0,0.5714285714285714,0.3333333333333333,1,백반·죽·국수,본그룹
ba_14688854,2025-08,1.0,116.5,24.625,0.0,0.0,0.5714285714285714,0.22916666666666666,0,백반·죽·국수,본그룹
ba_14688854,2025-09,1.0,119.0,24.8,0.0,0.0,0.45714285714285713,0.26666666666666666,1,백반·죽·국수,본그룹
ba_14688860,2025-07,1.0,233.71428571428572,52.285714285714285,0.14285714285714285,0.14285714285714285,0.42857142857142855,0.25,1,백반·죽·국수,본그룹
ba_14688860,2025-08,1.0,235.58333333333334,52.5,0.0,0.0,0.35714285714285715,0.13888888888888887,1,백반·죽·국수,본그룹
ba_14688860,2025-09,1.0,201.55555555555554,43.22222222222222,0.1111111111111111,0.1111111111111111,0.4920634920634921,0.2037037037037037,0,백반·죽·국수,본그룹
ba_14688879,2025-07,0.0,0.0,0.0,0.0,0.0,0.0,0.0,0,백반·죽·국수,본그룹
ba_14688879,2025-08,0.16666666666666666,35.333333333333336,8.166666666666666,0.16666666666666666,0.16666666666666666,0.07142857142857142,0.05555555555555555,0,백반·죽·국수,본그룹
ba_14688879,2025-09,0.0,0.0,0.0,0.0,0.0,0.0,0.0,1,백반·죽·국수,본그룹
ba_14688905,2025-08,0.0,0.0,0.0,0.0,0.0,0.0,0.0,0,백반·죽·국수,본그룹
ba_14688905,2025-09,0.0,0.0,0.0,0.0,0.0,0.0,0.0,1,백반·죽·국수,본그룹
ba_14688907,2025-08,1.0,196.625,41.875,0.25,0.25,0.5357142857142857,0.16666666666666666,0,백반·죽·국수,본그룹
ba_14688907,2025-09,1.0,170.85714285714286,37.0,0.0,0.0,0.36734693877551017,0.16666666666666666,0,백반·죽·국수,본그룹
ba_14688923,2025-08,0.6666666666666666,111.0,23.333333333333332,0.3333333333333333,0.3333333333333333,0.09523809523809523,0.1111111111111111,0,백반·죽·국수,본그룹
ba_14688924,2025-08,0.9523809523809523,196.42857142857142,39.61904761904762,0.38095238095238093,0.38095238095238093,0.5238095238095238,0.1746031746031746,0,백반·죽·국수,본그룹
ba_14688924,2025-07,0.9655172413793104,202.31034482758622,41.0,0.0,0.0,0.3399014778325123,0.1264367816091954,1,백반·죽·국수,본그룹
ba_14688924,2025-09,1.0,244.4,50.2,0.0,0.0,0.45714285714285713,0.2,0,백반·죽·국수,본그룹
ba_14688931,2025-08,1.0,227.83333333333334,48.333333333333336,0.16666666666666666,0.16666666666666666,0.5476190476190476,0.16666666666666666,0,백반·죽·국수,본그룹
ba_14688931,2025-09,1.0,211.5,46.0,0.0,0.0,0.5,0.25,0,백반·죽·국수,본그룹
ba_14688963,2025-07,1.0,219.0,49.5,0.0,0.0,0.42857142857142855,0.3333333333333333,1,백반·죽·국수,본그룹
ba_14688963,2025-08,1.0,187.66666666666666,41.333333333333336,0.0,0.0,0.4761904761904761,0.13888888888888887,0,백반·죽·국수,본그룹
ba_14688963,2025-09,1.0,174.5,35.0,1.0,1.0,0.5,0.0,0,백반·죽·국수,본그룹
ba_14688982,2025-09,0.5,110.75,23.75,0.0,0.0,0.2857142857142857,0.08333333333333333,0,백반·죽·국수,본그룹
ba_14688982,2025-08,1.0,203.875,43.875,0.5,0.5,0.375,0.14583333333333331,0,백반·죽·국수,본그룹
ba_14689003,2025-07,0.0,0.0,0.0,0.0,0.0,0.0,0.0,1,백반·죽·국수,본그룹
ba_14689003,2025-08,1.0,235.75,52.0,0.5,0.5,0.5,0.29166666666666663,1,백반·죽·국수,본그룹
ba_14689003,2025-09,1.0,189.25,40.5,0.25,0.25,0.4107142857142857,0.16666666666666666,0,백반·죽·국수,본그룹
ba_14689004,2025-07,1.0,244.0,53.1,0.2,0.2,0.5,0.3,1,백반·죽·국수,본그룹
ba_14689004,2025-08,1.0,215.83333333333334,46.22222222222222,0.2222222222222222,0.2222222222222222,0.5238095238095238,0.21296296296296294,1,백반·죽·국수,본그룹
ba_14689004,2025-09,1.0,223.85,48.4,0.05,0.05,0.5,0.2333333333333333,0,백반·죽·국수,본그룹
ba_14689007,2025-07,1.0,191.0,39.22222222222222,0.3333333333333333,0.3333333333333333,0.47619047619047616,0.18518518518518517,1,백반·죽·국수,본그룹
ba_14689007,2025-08,1.0,212.25,44.916666666666664,0.25,0.25,0.4761904761904761,0.15277777777777776,1,백반·죽·국수,본그룹
ba_14689007,2025-09,1.0,222.1,49.1,0.1,0.1,0.4714285714285714,0.18333333333333332,1,백반·죽·국수,본그룹
ba_14689013,2025-08,0.0,0.0,0.0,0.0,0.0,0.0,0.0,1,백반·죽·국수,본그룹
ba_14689013,2025-09,0.0,0.0,0.0,0.0,0.0,0.0,0.0,1,백반·죽·국수,본그룹
ba_14689024,2025-07,0.0,0.0,0.0,0.0,0.0,0.0,0.0,1,백반·죽·국수,본그룹
ba_14689024,2025-08,0.0,0.0,0.0,0.0,0.0,0.0,0.0,0,백반·죽·국수,본그룹
ba_14689024,2025-09,0.0,0.0,0.0,0.0,0.0,0.0,0.0,1,백반·죽·국수,본그룹
ba_14689101,2025-07,1.0,220.91666666666666,48.416666666666664,0.0,0.0,0.5,0.23611111111111108,1,백반·죽·국수,본그룹
ba_14689101,2025-08,1.0,205.0,44.5,0.0,0.0,0.5952380952380952,0.27777777777777773,0,백반·죽·국수,본그룹
ba_14689101,2025-09,1.0,222.83333333333334,47.5,0.3333333333333333,0.3333333333333333,0.5238095238095238,0.25,0,백반·죽·국수,본그룹
ba_14689115,2025-07,1.0,183.5,40.0,0.5,0.5,0.5,0.16666666666666666,1,백반·죽·국수,본그룹
ba_14689115,2025-08,1.0,172.0,35.15384615384615,0.46153846153846156,0.46153846153846156,0.5714285714285714,0.16666666666666666,1,백반·죽·국수,본그룹
ba_14689115,2025-09,1.0,95.75,19.75,0.5,0.5,0.3214285714285714,0.041666666666666664,0,백반·죽·국수,본그룹
ba_14689378,2025-09,1.0,178.5,37.0,0.0,0.0,0.39285714285714285,0.125,1,백반·죽·국수,본그룹
ba_14689381,2025-08,0.0,0.0,0.0,0.0,0.0,0.0,0.0,1,백반·죽·국수,본그룹
ba_14689381,2025-09,0.0,0.0,0.0,0.0,0.0,0.0,0.0,1,백반·죽·국수,본그룹
ba_14689382,2025-07,1.0,158.2,32.6,0.4,0.4,0.4,0.13333333333333333,1,백반·죽·국수,본그룹
ba_14689382,2025-08,1.0,222.0,47.38461538461539,0.3076923076923077,0.3076923076923077,0.4065934065934066,0.15384615384615385,1,백반·죽·국수,본그룹
ba_14689382,2025-09,1.0,201.75,42.625,0.375,0.375,0.42857142857142855,0.14583333333333331,0,백반·죽·국수,본그룹
ba_14689387,2025-08,0.3076923076923077,46.07692307692308,9.615384615384615,0.15384615384615385,0.15384615384615385,0.16483516483516483,0.038461538461538464,1,백반·죽·국수,본그룹
ba_14689387,2025-09,0.0,0.0,0.0,0.0,0.0,0.0,0.0,0,백반·죽·국수,본그룹
ba_14689387,2025-07,0.9705882352941176,224.6764705882353,50.088235294117645,0.11764705882352941,0.11764705882352941,0.43697478991596633,0.23039215686274508,1,백반·죽·국수,본그룹
ba_14689395,2025-08,0.3333333333333333,31.0,6.666666666666667,0.0,0.0,0.09523809523809523,0.0,0,백반·죽·국수,본그룹
ba_14689395,2025-09,0.5555555555555556,114.66666666666667,24.666666666666668,0.1111111111111111,0.1111111111111111,0.2698412698412698,0.12962962962962962,1,백반·죽·국수,본그룹
ba_14689395,2025-07,0.75,133.0,29.0,0.125,0.125,0.35714285714285715,0.14583333333333331,1,백반·죽·국수,본그룹
ba_14689401,2025-08,0.0,0.0,0.0,0.0,0.0,0.0,0.0,0,백반·죽·국수,본그룹
ba_14689401,2025-09,0.0,0.0,0.0,0.0,0.0,0.0,0.0,0,백반·죽·국수,본그룹
ba_14689402,2025-08,0.0,0.0,0.0,0.0,0.0,0.0,0.0,1,백반·죽·국수,본그룹
ba_14689402,2025-09,0.8888888888888888,116.66666666666667,24.0,0.2222222222222222,0.2222222222222222,0.31746031746031744,0.05555555555555555,0,백반·죽·국수,본그룹
ba_14689403,2025-07,0.0,0.0,0.0,0.0,0.0,0.0,0.0,0,백반·죽·국수,본그룹
ba_14689403,2025-08,0.0,0.0,0.0,0.0,0.0,0.0,0.0,1,백반·죽·국수,본그룹
ba_14689403,2025-09,0.3333333333333333,76.0,16.333333333333332,0.0,0.0,0.09523809523809523,0.05555555555555555,1,백반·죽·국수,본그룹
ba_14689409,2025-07,0.0,0.0,0.0,0.0,0.0,0.0,0.0,1,백반·죽·국수,본그룹
ba_14689409,2025-08,0.0,0.0,0.0,0.0,0.0,0.0,0.0,0,백반·죽·국수,본그룹
ba_14689409,2025-09,0.0,0.0,0.0,0.0,0.0,0.0,0.0,0,백반·죽·국수,본그룹
ba_14689415,2025-08,1.0,195.11111111111111,42.22222222222222,0.1111111111111111,0.1111111111111111,0.5396825396825397,0.2222222222222222,0,백반·죽·국수,본그룹
ba_14689415,2025-09,1.0,194.33333333333334,42.0,0.6666666666666666,0.6666666666666666,0.5238095238095238,0.3333333333333333,0,백반·죽·국수,본그룹
ba_14689416,2025-08,0.0,0.0,0.0,0.0,0.0,0.0,0.0,0,백반·죽·국수,본그룹
ba_14689427,2025-09,0.0,0.0,0.0,0.0,0.0,0.0,0.0,1,백반·죽·국수,본그룹
ba_14689427,2025-08,1.0,175.75,36.75,0.0,0.0,0.5,0.16666666666666666,1,백반·죽·국수,본그룹
ba_14689441,2025-08,0.0,0.0,0.0,0.0,0.0,0.0,0.0,1,백반·죽·국수,본그룹
ba_14689441,2025-09,0.0,0.0,0.0,0.0,0.0,0.0,0.0,0,백반·죽·국수,본그룹
ba_14689448,2025-07,1.0,192.125,43.0625,0.0625,0.0625,0.5089285714285714,0.22916666666666666,1,백반·죽·국수,본그룹
ba_14689448,2025-08,1.0,132.1,28.7,0.4,0.4,0.5,0.2333333333333333,0,백반·죽·국수,본그룹
ba_14689448,2025-09,1.0,159.33333333333334,35.0,0.2222222222222222,0.2222222222222222,0.5555555555555556,0.25925925925925924,0,백반·죽·국수,본그룹
ba_14689454,2025-08,0.0,0.0,0.0,0.0,0.0,0.0,0.0,1,백반·죽·국수,본그룹
ba_14689454,2025-09,0.0,0.0,0.0,0.0,0.0,0.0,0.0,0,백반·죽·국수,본그룹
ba_14689454,2025-07,0.16666666666666666,36.5,8.0,0.16666666666666666,0.16666666666666666,0.047619047619047616,0.027777777777777776,1,백반·죽·국수,본그룹
ba_14689464,2025-08,0.75,174.5,37.25,0.25,0.25,0.33928571428571425,0.16666666666666666,1,백반·죽·국수,본그룹
ba_14689464,2025-09,1.0,160.0,35.0,0.25,0.25,0.39285714285714285,0.20833333333333331,1,백반·죽·국수,본그룹
ba_14689472,2025-07,1.0,162.8,36.2,0.0,0.0,0.34285714285714286,0.3,1,백반·죽·국수,본그룹
ba_14689472,2025-08,1.0,158.0,34.666666666666664,0.0,0.0,0.38095238095238093,0.27777777777777773,1,백반·죽·국수,본그룹
ba_14689472,2025-09,1.0,142.3,30.9,0.1,0.1,0.4,0.31666666666666665,1,백반·죽·국수,본그룹
ba_14689481,2025-07,1.0,204.95238095238096,42.80952380952381,0.0,0.0,0.5374149659863945,0.23809523809523808,1,백반·죽·국수,본그룹
ba_14689481,2025-08,1.0,217.0,45.333333333333336,0.2222222222222222,0.2222222222222222,0.42857142857142855,0.16666666666666666,1,백반·죽·국수,본그룹
ba_14689481,2025-09,1.0,227.36363636363637,48.72727272727273,0.36363636363636365,0.36363636363636365,0.5194805194805194,0.22727272727272727,0,백반·죽·국수,본그룹
ba_14689485,2025-08,1.0,193.25,41.0,0.25,0.25,0.3571428571428571,0.16666666666666666,0,백반·죽·국수,본그룹
ba_14689485,2025-09,1.0,204.0,40.0,0.0,0.0,0.5714285714285714,0.3333333333333333,0,백반·죽·국수,본그룹
ba_14689496,2025-08,1.0,261.3333333333333,57.666666666666664,0.3333333333333333,0.3333333333333333,0.3333333333333333,0.16666666666666666,1,백반·죽·국수,본그룹
ba_14689536,2025-07,0.25,61.5,12.916666666666666,0.08333333333333333,0.08333333333333333,0.11904761904761905,0.05555555555555555,0,백반·죽·국수,본그룹
ba_14689536,2025-08,0.5294117647058824,123.52941176470588,26.294117647058822,0.17647058823529413,0.17647058823529413,0.25210084033613445,0.10784313725490195,1,백반·죽·국수,본그룹
ba_14689536,2025-09,0.6666666666666666,152.86666666666667,32.333333333333336,0.2,0.2,0.3428571428571428,0.1111111111111111,1,백반·죽·국수,본그룹
ba_14689545,2025-07,0.3333333333333333,61.333333333333336,14.0,0.0,0.0,0.09523809523809523,0.05555555555555555,1,백반·죽·국수,본그룹
ba_14689545,2025-08,0.0,0.0,0.0,0.0,0.0,0.0,0.0,1,백반·죽·국수,본그룹
ba_14689545,2025-09,0.0,0.0,0.0,0.0,0.0,0.0,0.0,0,백반·죽·국수,본그룹
ba_14689548,2025-07,0.9473684210526315,198.73684210526315,44.36842105263158,0.15789473684210525,0.15789473684210525,0.45112781954887216,0.23684210526315788,0,백반·죽·국수,본그룹
ba_14689548,2025-08,0.75,148.33333333333334,32.666666666666664,0.25,0.25,0.39285714285714285,0.23611111111111108,0,백반·죽·국수,본그룹
ba_14689548,2025-09,0.0,0.0,0.0,0.0,0.0,0.0,0.0,0,백반·죽·국수,본그룹
ba_14689573,2025-09,0.9230769230769231,222.30769230769232,43.69230769230769,0.07692307692307693,0.07692307692307693,0.38461538461538464,0.23076923076923078,0,백반·죽·국수,본그룹
ba_14689573,2025-07,1.0,258.94444444444446,52.833333333333336,0.05555555555555555,0.05555555555555555,0.38095238095238093,0.2037037037037037,1,백반·죽·국수,본그룹
ba_14689573,2025-08,1.0,240.875,48.875,0.0,0.0,0.42857142857142855,0.20833333333333331,0,백반·죽·국수,본그룹
ba_14689595,2025-07,1.0,171.8,37.4,0.3,0.3,0.41428571428571426,0.15,0,백반·죽·국수,본그룹
ba_14689595,2025-08,1.0,244.83333333333334,54.333333333333336,0.0,0.0,0.2738095238095238,0.09722222222222221,1,백반·죽·국수,본그룹
ba_14689595,2025-09,1.0,219.42857142857142,48.0,0.14285714285714285,0.14285714285714285,0.38775510204081626,0.16666666666666666,1,백반·죽·국수,본그룹
ba_14689608,2025-07,1.0,212.1,47.35,0.05,0.05,0.47857142857142854,0.2583333333333333,1,백반·죽·국수,본그룹
ba_14689608,2025-08,1.0,238.75,52.75,0.0,0.0,0.25,0.125,0,백반·죽·국수,본그룹
ba_14689608,2025-09,1.0,221.33333333333334,48.0,0.16666666666666666,0.16666666666666666,0.4761904761904762,0.16666666666666666,0,백반·죽·국수,본그룹
ba_14689610,2025-07,0.0,0.0,0.0,0.0,0.0,0.0,0.0,1,백반·죽·국수,본그룹
ba_14689610,2025-08,0.2857142857142857,58.0,13.142857142857142,0.14285714285714285,0.14285714285714285,0.08163265306122448,0.07142857142857142,1,백반·죽·국수,본그룹
ba_14689610,2025-09,0.16666666666666666,86.16666666666667,20.666666666666668,0.0,0.0,0.0,0.027777777777777776,0,백반·죽·국수,본그룹
ba_14689611,2025-09,0.9166666666666666,201.25,43.666666666666664,0.25,0.25,0.42857142857142855,0.15277777777777776,0,백반·죽·국수,본그룹
ba_14689611,2025-07,0.875,186.79166666666666,41.541666666666664,0.041666666666666664,0.041666666666666664,0.38095238095238093,0.19444444444444442,1,백반·죽·국수,본그룹
ba_14689611,2025-08,1.0,222.35294117647058,47.88235294117647,0.17647058823529413,0.17647058823529413,0.5126050420168067,0.196078431372549,0,백반·죽·국수,본그룹
ba_14689614,2025-07,1.0,158.5,31.5,0.0,0.0,0.5714285714285714,0.16666666666666666,1,백반·죽·국수,본그룹
ba_14689614,2025-08,1.0,190.14285714285714,41.285714285714285,0.14285714285714285,0.14285714285714285,0.4897959183673469,0.19047619047619047,1,백반·죽·국수,본그룹
ba_14689614,2025-09,1.0,195.5,41.125,0.25,0.25,0.49107142857142855,0.19791666666666666,0,백반·죽·국수,본그룹
ba_14689625,2025-07,1.0,242.46153846153845,54.0,0.38461538461538464,0.38461538461538464,0.5384615384615384,0.3205128205128205,1,백반·죽·국수,본그룹
ba_14689625,2025-08,1.0,250.625,56.125,0.1875,0.1875,0.5803571428571428,0.3333333333333333,0,백반·죽·국수,본그룹
ba_14689625,2025-09,1.0,219.78571428571428,48.714285714285715,0.35714285714285715,0.35714285714285715,0.6326530612244898,0.3333333333333333,0,백반·죽·국수,본그룹
ba_14689645,2025-07,0.8461538461538461,143.3846153846154,32.07692307692308,0.0,0.0,0.24175824175824176,0.15384615384615385,1,백반·죽·국수,본그룹
ba_14689645,2025-09,0.8333333333333334,179.91666666666666,38.75,0.08333333333333333,0.08333333333333333,0.44047619047619047,0.23611111111111108,0,백반·죽·국수,본그룹
ba_14689645,2025-08,1.0,179.77777777777777,39.333333333333336,0.2222222222222222,0.2222222222222222,0.3968253968253968,0.16666666666666666,1,백반·죽·국수,본그룹
ba_14689734,2025-08,0.0,0.0,0.0,0.0,0.0,0.0,0.0,1,백반·죽·국수,본그룹
ba_14689734,2025-09,1.0,196.5,42.25,0.0,0.0,0.46428571428571425,0.20833333333333331,1,백반·죽·국수,본그룹
ba_14689750,2025-08,0.8888888888888888,200.72222222222223,43.111111111111114,0.16666666666666666,0.16666666666666666,0.4365079365079365,0.2037037037037037,1,백반·죽·국수,본그룹
ba_14689750,2025-09,0.625,102.875,21.9375,0.1875,0.1875,0.2857142857142857,0.08333333333333333,0,백반·죽·국수,본그룹
ba_14689750,2025-07,1.0,210.85185185185185,46.44444444444444,0.1111111111111111,0.1111111111111111,0.4656084656084656,0.22839506172839505,1,백반·죽·국수,본그룹
ba_14689756,2025-07,1.0,158.0,31.0,1.0,1.0,0.5714285714285714,0.16666666666666666,1,백반·죽·국수,본그룹
ba_14689756,2025-08,1.0,192.25,39.5,0.0,0.0,0.5357142857142857,0.08333333333333333,1,백반·죽·국수,본그룹
ba_14689756,2025-09,1.0,105.5,21.0,0.0,0.0,0.42857142857142855,0.25,0,백반·죽·국수,본그룹
ba_14689757,2025-07,1.0,160.5,35.2,0.2,0.2,0.48571428571428565,0.2333333333333333,1,백반·죽·국수,본그룹
ba_14689757,2025-08,1.0,167.25,35.75,0.25,0.25,0.3571428571428571,0.08333333333333333,0,백반·죽·국수,본그룹
ba_14689757,2025-09,1.0,227.55555555555554,49.22222222222222,0.1111111111111111,0.1111111111111111,0.5238095238095238,0.18518518518518517,0,백반·죽·국수,본그룹
ba_14689759,2025-07,1.0,260.0,56.0,0.0,0.0,0.5,0.3333333333333333,1,백반·죽·국수,본그룹
ba_14689759,2025-08,1.0,284.5,62.25,0.5,0.5,0.42857142857142855,0.20833333333333331,1,백반·죽·국수,본그룹
ba_14689761,2025-09,0.5,127.0,27.0,0.5,0.5,0.14285714285714285,0.16666666666666666,0,백반·죽·국수,본그룹
ba_14689761,2025-08,1.0,146.33333333333334,30.833333333333332,0.16666666666666666,0.16666666666666666,0.42857142857142855,0.05555555555555555,1,백반·죽·국수,본그룹
ba_14689766,2025-07,1.0,218.72727272727272,49.09090909090909,0.18181818181818182,0.18181818181818182,0.4805194805194805,0.25757575757575757,1,백반·죽·국수,본그룹
ba_14689766,2025-08,1.0,223.28571428571428,49.357142857142854,0.21428571428571427,0.21428571428571427,0.42857142857142855,0.21428571428571427,1,백반·죽·국수,본그룹
ba_14689766,2025-09,1.0,200.75,43.5625,0.1875,0.1875,0.4196428571428571,0.19791666666666666,0,백반·죽·국수,본그룹
ba_14689782,2025-08,0.0,0.0,0.0,0.0,0.0,0.0,0.0,0,백반·죽·국수,본그룹
ba_14689782,2025-09,0.0,0.0,0.0,0.0,0.0,0.0,0.0,0,백반·죽·국수,본그룹
ba_14689809,2025-07,1.0,213.47826086956522,47.608695652173914,0.08695652173913043,0.08695652173913043,0.4968944099378882,0.24637681159420288,1,백반·죽·국수,본그룹
ba_14689809,2025-08,1.0,209.23076923076923,45.69230769230769,0.23076923076923078,0.23076923076923078,0.46153846153846156,0.19230769230769232,0,백반·죽·국수,본그룹
ba_14689809,2025-09,1.0,152.25,32.0,0.25,0.25,0.5357142857142857,0.20833333333333331,0,백반·죽·국수,본그룹
ba_14689837,2025-07,1.0,175.66666666666666,31.333333333333332,0.0,0.0,0.2857142857142857,0.05555555555555555,0,백반·죽·국수,본그룹
ba_14689837,2025-08,1.0,163.0,28.5,0.0,0.0,0.2857142857142857,0.0,0,백반·죽·국수,본그룹
ba_14689837,2025-09,1.0,185.5,39.0,0.0,0.0,0.2857142857142857,0.0,1,백반·죽·국수,본그룹
ba_14689846,2025-09,0.0,0.0,0.0,0.0,0.0,0.0,0.0,1,백반·죽·국수,본그룹
ba_14689846,2025-08,1.0,218.25,49.75,0.0,0.0,0.6071428571428571,0.25,0,백반·죽·국수,본그룹
ba_14689854,2025-07,0.9907407407407407,228.37037037037038,51.22222222222222,0.037037037037037035,0.037037037037037035,0.4735449735449735,0.21296296296296297,1,백반·죽·국수,본그룹
ba_14689854,2025-08,1.0,236.6086956521739,50.79710144927536,0.08695652173913043,0.08695652173913043,0.3416149068322981,0.15217391304347827,1,백반·죽·국수,본그룹
ba_14689854,2025-09,1.0,248.87058823529412,53.27058823529412,0.023529411764705882,0.023529411764705882,0.36806722689075627,0.14313725490196078,0,백반·죽·국수,본그룹
ba_14689855,2025-07,0.8333333333333334,136.33333333333334,28.5,0.0,0.0,0.4047619047619047,0.19444444444444442,0,백반·죽·국수,본그룹
ba_14689855,2025-08,1.0,214.8125,46.0625,0.25,0.25,0.4732142857142857,0.1875,1,백반·죽·국수,본그룹
ba_14689855,2025-09,1.0,179.25,38.125,0.375,0.375,0.4107142857142857,0.125,1,백반·죽·국수,본그룹
ba_14689859,2025-08,0.0,0.0,0.0,0.0,0.0,0.0,0.0,0,백반·죽·국수,본그룹
ba_14689869,2025-07,1.0,210.5,47.083333333333336,0.16666666666666666,0.16666666666666666,0.4761904761904761,0.2638888888888889,1,백반·죽·국수,본그룹
ba_14689869,2025-08,1.0,237.0,50.25,0.0,0.0,0.5714285714285714,0.25,0,백반·죽·국수,본그룹
ba_14689869,2025-09,1.0,185.66666666666666,40.333333333333336,0.3333333333333333,0.3333333333333333,0.42857142857142855,0.1111111111111111,0,백반·죽·국수,본그룹
ba_14689875,2025-07,1.0,308.7857142857143,63.0,0.0,0.0,0.5,0.2619047619047619,1,백반·죽·국수,본그룹
ba_14689875,2025-08,1.0,349.9230769230769,69.46153846153847,0.15384615384615385,0.15384615384615385,0.5274725274725275,0.24358974358974358,1,백반·죽·국수,본그룹
ba_14689875,2025-09,1.0,333.90909090909093,63.54545454545455,0.0,0.0,0.5454545454545454,0.22727272727272727,0,백반·죽·국수,본그룹
ba_14689886,2025-08,0.8333333333333334,164.0,36.0,0.3333333333333333,0.3333333333333333,0.3095238095238095,0.13888888888888887,1,백반·죽·국수,본그룹
ba_14689886,2025-07,1.0,210.9090909090909,46.45454545454545,0.2727272727272727,0.2727272727272727,0.45454545454545453,0.2424242424242424,1,백반·죽·국수,본그룹
ba_14689886,2025-09,1.0,159.0,35.0,1.0,1.0,0.7142857142857143,0.5,0,백반·죽·국수,본그룹
ba_14689890,2025-07,1.0,218.33333333333334,47.333333333333336,0.0,0.0,0.42857142857142855,0.13888888888888887,1,백반·죽·국수,본그룹
ba_14689890,2025-08,1.0,213.875,45.25,0.125,0.125,0.5357142857142857,0.22916666666666666,1,백반·죽·국수,본그룹
ba_14689890,2025-09,1.0,219.4,47.2,0.2,0.2,0.5142857142857142,0.16666666666666666,0,백반·죽·국수,본그룹
ba_14689894,2025-07,0.0,0.0,0.0,0.0,0.0,0.0,0.0,1,백반·죽·국수,본그룹
ba_14689894,2025-08,0.5,54.0,10.0,0.0,0.0,0.07142857142857142,0.08333333333333333,1,백반·죽·국수,본그룹
ba_14689904,2025-08,1.0,194.33333333333334,42.666666666666664,0.0,0.0,0.4761904761904762,0.16666666666666666,1,백반·죽·국수,본그룹
ba_14689904,2025-09,1.0,211.0,45.18181818181818,0.09090909090909091,0.09090909090909091,0.49350649350649345,0.2121212121212121,0,백반·죽·국수,본그룹
ba_14689906,2025-08,0.0,0.0,0.0,0.0,0.0,0.0,0.0,1,백반·죽·국수,본그룹
ba_14689906,2025-09,0.0,0.0,0.0,0.0,0.0,0.0,0.0,1,백반·죽·국수,본그룹
ba_14689910,2025-07,1.0,239.77777777777777,51.111111111111114,0.3333333333333333,0.3333333333333333,0.46031746031746024,0.18518518518518517,0,백반·죽·국수,본그룹
ba_14689910,2025-08,1.0,237.55555555555554,52.0,0.0,0.0,0.6190476190476191,0.37037037037037035,0,백반·죽·국수,본그룹
ba_14689910,2025-09,1.0,231.83333333333334,50.5,0.0,0.0,0.4761904761904761,0.19444444444444442,1,백반·죽·국수,본그룹
ba_14689936,2025-08,1.0,220.41176470588235,47.23529411764706,0.29411764705882354,0.29411764705882354,0.5126050420168067,0.2549019607843137,1,백반·죽·국수,본그룹
ba_14689936,2025-09,1.0,213.23076923076923,45.30769230769231,0.46153846153846156,0.46153846153846156,0.5494505494505494,0.2564102564102564,0,백반·죽·국수,본그룹
ba_14689940,2025-08,0.8,170.2,37.0,0.0,0.0,0.34285714285714286,0.16666666666666666,0,백반·죽·국수,본그룹
ba_14689940,2025-09,1.0,238.25,51.25,0.0,0.0,0.42857142857142855,0.16666666666666666,0,백반·죽·국수,본그룹
ba_14689942,2025-08,0.0,0.0,0.0,0.0,0.0,0.0,0.0,1,백반·죽·국수,본그룹
ba_14689942,2025-09,0.0,0.0,0.0,0.0,0.0,0.0,0.0,0,백반·죽·국수,본그룹
ba_14689953,2025-07,1.0,223.16666666666666,50.5,0.0,0.0,0.45238095238095233,0.25,1,백반·죽·국수,본그룹
ba_14689953,2025-08,1.0,229.75,49.875,0.25,0.25,0.4821428571428571,0.20833333333333331,1,백반·죽·국수,본그룹
ba_14689953,2025-09,1.0,204.2,44.0,0.2,0.2,0.45714285714285713,0.2333333333333333,0,백반·죽·국수,본그룹
ba_14689993,2025-08,0.8571428571428571,180.42857142857142,38.857142857142854,0.5714285714285714,0.5714285714285714,0.4693877551020408,0.16666666666666666,0,백반·죽·국수,본그룹
ba_14689993,2025-07,1.0,199.11111111111111,42.333333333333336,0.0,0.0,0.46031746031746024,0.16666666666666666,1,백반·죽·국수,본그룹
ba_14689993,2025-09,1.0,184.33333333333334,38.666666666666664,0.0,0.0,0.5714285714285714,0.27777777777777773,0,백반·죽·국수,본그룹
ba_14689999,2025-09,0.6666666666666666,180.66666666666666,39.666666666666664,0.3333333333333333,0.3333333333333333,0.3333333333333333,0.16666666666666666,1,백반·죽·국수,본그룹
ba_14689999,2025-08,1.0,139.4,29.8,0.0,0.0,0.3142857142857143,0.16666666666666666,1,백반·죽·국수,본그룹
ba_14690002,2025-08,0.0,0.0,0.0,0.0,0.0,0.0,0.0,1,백반·죽·국수,본그룹
ba_14690002,2025-09,1.0,230.5,49.0,0.5,0.5,0.5,0.16666666666666666,0,백반·죽·국수,본그룹
ba_14690014,2025-07,1.0,145.66666666666666,31.0,1.0,1.0,0.42857142857142855,0.27777777777777773,0,백반·죽·국수,본그룹
ba_14690014,2025-08,1.0,207.75,44.75,0.5,0.5,0.39285714285714285,0.20833333333333331,1,백반·죽·국수,본그룹
ba_14690034,2025-08,1.0,111.0,22.0,0.0,0.0,0.7142857142857143,0.16666666666666666,1,백반·죽·국수,본그룹
ba_14690034,2025-09,1.0,145.33333333333334,30.333333333333332,0.0,0.0,0.3333333333333333,0.1111111111111111,0,백반·죽·국수,본그룹
ba_14690045,2025-09,0.25,28.25,6.5,0.0,0.0,0.10714285714285714,0.0,1,백반·죽·국수,본그룹
ba_14690045,2025-07,1.0,169.2,36.8,0.0,0.0,0.45714285714285713,0.2,0,백반·죽·국수,본그룹
ba_14690045,2025-08,1.0,140.0,31.25,0.0,0.0,0.17857142857142855,0.08333333333333333,1,백반·죽·국수,본그룹
ba_14690050,2025-08,1.0,189.0909090909091,40.09090909090909,0.09090909090909091,0.09090909090909091,0.41558441558441556,0.19696969696969696,1,백반·죽·국수,본그룹
ba_14690050,2025-09,1.0,199.64285714285714,42.357142857142854,0.07142857142857142,0.07142857142857142,0.5,0.25,1,백반·죽·국수,본그룹
ba_14690053,2025-07,0.0,0.0,0.0,0.0,0.0,0.0,0.0,1,백반·죽·국수,본그룹
ba_14690053,2025-08,0.07692307692307693,19.384615384615383,3.5384615384615383,0.0,0.0,0.010989010989010988,0.01282051282051282,1,백반·죽·국수,본그룹
ba_14690053,2025-09,0.09090909090909091,17.90909090909091,4.0,0.09090909090909091,0.09090909090909091,0.03896103896103896,0.0303030303030303,0,백반·죽·국수,본그룹
ba_14690056,2025-09,0.0,0.0,0.0,0.0,0.0,0.0,0.0,1,백반·죽·국수,본그룹
ba_14690057,2025-09,0.6666666666666666,116.11111111111111,25.0,0.1111111111111111,0.1111111111111111,0.30158730158730157,0.16666666666666666,0,백반·죽·국수,본그룹
ba_14690057,2025-07,0.9166666666666666,184.0,41.583333333333336,0.0,0.0,0.3214285714285714,0.15277777777777776,1,백반·죽·국수,본그룹
ba_14690057,2025-08,1.0,187.92857142857142,40.714285714285715,0.07142857142857142,0.07142857142857142,0.35714285714285715,0.14285714285714285,1,백반·죽·국수,본그룹
ba_14690062,2025-08,0.0,0.0,0.0,0.0,0.0,0.0,0.0,0,백반·죽·국수,본그룹
ba_14690068,2025-07,0.7692307692307693,155.15384615384616,35.0,0.0,0.0,0.29670329670329665,0.17948717948717946,1,백반·죽·국수,본그룹
ba_14690068,2025-08,0.25,60.5,13.125,0.125,0.125,0.10714285714285714,0.0625,0,백반·죽·국수,본그룹
ba_14690068,2025-09,0.0,0.0,0.0,0.0,0.0,0.0,0.0,0,백반·죽·국수,본그룹
ba_14690077,2025-08,0.0,0.0,0.0,0.0,0.0,0.0,0.0,1,백반·죽·국수,본그룹
ba_14690077,2025-09,0.5,44.5,9.0,0.5,0.5,0.2857142857142857,0.0,1,백반·죽·국수,본그룹
ba_14690081,2025-07,1.0,242.20754716981133,54.735849056603776,0.05660377358490566,0.05660377358490566,0.4609164420485175,0.24842767295597484,1,백반·죽·국수,본그룹
ba_14690081,2025-08,1.0,220.9375,49.875,0.1875,0.1875,0.4151785714285714,0.11458333333333333,1,백반·죽·국수,본그룹
ba_14690081,2025-09,1.0,184.0,41.142857142857146,0.14285714285714285,0.14285714285714285,0.4795918367346938,0.19047619047619047,0,백반·죽·국수,본그룹
ba_14690086,2025-07,0.5,30.5,4.5,0.0,0.0,0.14285714285714285,0.0,1,백반·죽·국수,본그룹
ba_14690086,2025-08,1.0,111.0,23.0,0.0,0.0,0.23809523809523805,0.1111111111111111,0,백반·죽·국수,본그룹
ba_14690086,2025-09,1.0,144.0,30.0,0.0,0.0,0.2857142857142857,0.16666666666666666,0,백반·죽·국수,본그룹
ba_14690092,2025-07,0.0,0.0,0.0,0.0,0.0,0.0,0.0,0,백반·죽·국수,본그룹
ba_14690092,2025-08,0.0,0.0,0.0,0.0,0.0,0.0,0.0,1,백반·죽·국수,본그룹
ba_14690092,2025-09,0.6666666666666666,149.66666666666666,31.666666666666668,0.0,0.0,0.3333333333333333,0.05555555555555555,1,백반·죽·국수,본그룹
ba_14690110,2025-08,1.0,129.0,27.0,0.0,0.0,0.7142857142857143,0.3333333333333333,1,백반·죽·국수,본그룹
ba_14690110,2025-09,1.0,198.66666666666666,40.666666666666664,0.6666666666666666,0.6666666666666666,0.5714285714285714,0.16666666666666666,0,백반·죽·국수,본그룹
ba_14690122,2025-08,0.0,0.0,0.0,0.0,0.0,0.0,0.0,1,백반·죽·국수,본그룹
ba_14690122,2025-09,0.0,0.0,0.0,0.0,0.0,0.0,0.0,1,백반·죽·국수,본그룹
ba_14690154,2025-07,0.0,0.0,0.0,0.0,0.0,0.0,0.0,1,백반·죽·국수,본그룹
ba_14690154,2025-08,0.0,0.0,0.0,0.0,0.0,0.0,0.0,1,백반·죽·국수,본그룹
ba_14690154,2025-09,0.0,0.0,0.0,0.0,0.0,0.0,0.0,0,백반·죽·국수,본그룹
ba_14690155,2025-08,0.5,86.625,18.25,0.0,0.0,0.25,0.125,1,백반·죽·국수,본그룹
ba_14690155,2025-09,0.75,140.75,30.0,0.0,0.0,0.42857142857142855,0.08333333333333333,0,백반·죽·국수,본그룹
ba_14690378,2025-08,1.0,240.0,53.0,1.0,1.0,0.3571428571428571,0.25,1,백반·죽·국수,본그룹
ba_14690560,2025-08,0.0,0.0,0.0,0.0,0.0,0.0,0.0,0,백반·죽·국수,본그룹
ba_14690560,2025-09,0.0,0.0,0.0,0.0,0.0,0.0,0.0,1,백반·죽·국수,본그룹
ba_14690565,2025-07,0.0,0.0,0.0,0.0,0.0,0.0,0.0,1,백반·죽·국수,본그룹
ba_14690565,2025-08,0.0,0.0,0.0,0.0,0.0,0.0,0.0,1,백반·죽·국수,본그룹
ba_14690565,2025-09,0.3333333333333333,40.666666666666664,7.0,0.3333333333333333,0.3333333333333333,0.09523809523809523,0.0,1,백반·죽·국수,본그룹
ba_14690577,2025-07,0.0,0.0,0.0,0.0,0.0,0.0,0.0,1,백반·죽·국수,본그룹
ba_14690577,2025-09,0.0,0.0,0.0,0.0,0.0,0.0,0.0,0,백반·죽·국수,본그룹
ba_14690577,2025-08,1.0,227.0,48.0,1.0,1.0,0.2857142857142857,0.16666666666666666,1,백반·죽·국수,본그룹
ba_14690587,2025-07,0.9333333333333333,211.13333333333333,46.6,0.13333333333333333,0.13333333333333333,0.4095238095238095,0.23333333333333334,1,백반·죽·국수,본그룹
ba_14690587,2025-08,1.0,212.33333333333334,46.166666666666664,0.0,0.0,0.45238095238095233,0.13888888888888887,1,백반·죽·국수,본그룹
ba_14690587,2025-09,1.0,181.5,40.25,0.25,0.25,0.39285714285714285,0.1875,0,백반·죽·국수,본그룹
ba_14690630,2025-07,1.0,208.5,46.25,0.0,0.0,0.5357142857142857,0.25,1,백반·죽·국수,본그룹
ba_14690630,2025-08,1.0,190.0,41.666666666666664,0.0,0.0,0.4761904761904761,0.1111111111111111,1,백반·죽·국수,본그룹
ba_14690630,2025-09,1.0,165.77777777777777,34.0,0.5555555555555556,0.5555555555555556,0.47619047619047616,0.12962962962962962,1,백반·죽·국수,본그룹
ba_14690660,2025-07,0.8421052631578947,166.0,36.73684210526316,0.0,0.0,0.39097744360902253,0.16666666666666666,1,백반·죽·국수,본그룹
ba_14690660,2025-08,1.0,284.7826086956522,61.608695652173914,0.043478260869565216,0.043478260869565216,0.5341614906832298,0.24637681159420288,0,백반·죽·국수,본그룹
ba_14690660,2025-09,1.0,272.8333333333333,58.0,0.0,0.0,0.38095238095238093,0.13888888888888887,0,백반·죽·국수,본그룹
ba_14690665,2025-08,1.0,307.2857142857143,69.0,0.0,0.0,0.5918367346938774,0.23809523809523808,1,백반·죽·국수,본그룹
ba_14690665,2025-09,1.0,231.2,51.4,0.0,0.0,0.3714285714285714,0.16666666666666666,0,백반·죽·국수,본그룹
ba_14690672,2025-09,0.75,208.25,41.5,0.0,0.0,0.39285714285714285,0.16666666666666666,1,백반·죽·국수,본그룹
ba_14690672,2025-08,1.0,380.25,74.5,0.0,0.0,0.7142857142857143,0.3333333333333333,0,백반·죽·국수,본그룹
ba_14690673,2025-07,0.8,165.96,36.68,0.04,0.04,0.25142857142857145,0.16,1,백반·죽·국수,본그룹
ba_14690673,2025-08,1.0,193.38888888888889,42.166666666666664,0.2222222222222222,0.2222222222222222,0.4126984126984127,0.21296296296296294,0,백반·죽·국수,본그룹
ba_14690673,2025-09,1.0,215.25,46.375,0.125,0.125,0.5357142857142857,0.22916666666666666,0,백반·죽·국수,본그룹
ba_14690674,2025-08,0.9285714285714286,130.64285714285714,26.857142857142858,0.0,0.0,0.30612244897959184,0.11904761904761904,1,백반·죽·국수,본그룹
ba_14690674,2025-09,1.0,98.66666666666667,19.333333333333332,0.0,0.0,0.23809523809523805,0.0,0,백반·죽·국수,본그룹
ba_14690677,2025-09,0.5,81.5,18.5,0.0,0.0,0.25,0.08333333333333333,0,백반·죽·국수,본그룹
ba_14690677,2025-07,1.0,228.44444444444446,51.55555555555556,0.05555555555555555,0.05555555555555555,0.47619047619047616,0.21296296296296294,1,백반·죽·국수,본그룹
ba_14690677,2025-08,1.0,250.93548387096774,53.354838709677416,0.2903225806451613,0.2903225806451613,0.47465437788018433,0.15053763440860213,0,백반·죽·국수,본그룹
ba_14690680,2025-07,1.0,219.375,47.75,0.125,0.125,0.49107142857142855,0.26041666666666663,1,백반·죽·국수,본그룹
ba_14690680,2025-08,1.0,233.5,49.785714285714285,0.14285714285714285,0.14285714285714285,0.5,0.19047619047619047,1,백반·죽·국수,본그룹
ba_14690680,2025-09,1.0,225.46666666666667,47.6,0.26666666666666666,0.26666666666666666,0.5428571428571428,0.18888888888888886,0,백반·죽·국수,본그룹
ba_14690689,2025-08,1.0,207.92307692307693,44.61538461538461,0.38461538461538464,0.38461538461538464,0.5384615384615384,0.23076923076923078,1,백반·죽·국수,본그룹
ba_14690689,2025-09,1.0,235.66666666666666,51.083333333333336,0.5,0.5,0.46428571428571425,0.19444444444444442,1,백반·죽·국수,본그룹
ba_14690695,2025-08,0.8461538461538461,183.30769230769232,36.76923076923077,0.07692307692307693,0.07692307692307693,0.32967032967032966,0.15384615384615385,1,백반·죽·국수,본그룹
ba_14690695,2025-09,0.6,129.95,26.7,0.0,0.0,0.25,0.11666666666666665,1,백반·죽·국수,본그룹
ba_14690695,2025-07,0.9,150.9,32.5,0.1,0.1,0.42857142857142855,0.16666666666666666,1,백반·죽·국수,본그룹
ba_14690704,2025-07,0.125,22.125,4.625,0.0,0.0,0.07142857142857142,0.0,1,백반·죽·국수,본그룹
ba_14690704,2025-08,1.0,220.0,48.0,0.0,0.0,0.14285714285714285,0.16666666666666666,1,백반·죽·국수,본그룹
ba_14690704,2025-09,1.0,206.0,45.5,0.0,0.0,0.5714285714285714,0.20833333333333331,1,백반·죽·국수,본그룹
ba_14690709,2025-08,0.0,0.0,0.0,0.0,0.0,0.0,0.0,0,백반·죽·국수,본그룹
ba_14690712,2025-07,1.0,192.16666666666666,42.5,0.0,0.0,0.4047619047619047,0.16666666666666666,1,백반·죽·국수,본그룹
ba_14690712,2025-08,1.0,171.0,36.6,0.2,0.2,0.45714285714285713,0.16666666666666666,1,백반·죽·국수,본그룹
ba_14690712,2025-09,1.0,194.21428571428572,43.5,0.0,0.0,0.2857142857142857,0.07142857142857142,1,백반·죽·국수,본그룹
ba_14690718,2025-07,1.0,237.5,53.5,0.0,0.0,0.6428571428571428,0.3333333333333333,1,백반·죽·국수,본그룹
ba_14690718,2025-08,1.0,260.0,62.0,0.0,0.0,0.2857142857142857,0.0,1,백반·죽·국수,본그룹
ba_14690718,2025-09,1.0,124.0,28.0,0.0,0.0,0.2857142857142857,0.16666666666666666,0,백반·죽·국수,본그룹
ba_14690722,2025-08,1.0,238.66666666666666,53.0,0.3333333333333333,0.3333333333333333,0.5238095238095238,0.27777777777777773,1,백반·죽·국수,본그룹
ba_14690722,2025-09,1.0,228.625,49.125,0.0,0.0,0.5535714285714286,0.20833333333333331,1,백반·죽·국수,본그룹
ba_14690723,2025-07,0.0,0.0,0.0,0.0,0.0,0.0,0.0,1,백반·죽·국수,본그룹
ba_14690723,2025-08,0.0,0.0,0.0,0.0,0.0,0.0,0.0,1,백반·죽·국수,본그룹
ba_14690723,2025-09,1.0,205.35714285714286,44.42857142857143,0.21428571428571427,0.21428571428571427,0.4897959183673469,0.23809523809523808,0,백반·죽·국수,본그룹
ba_14690725,2025-07,0.6363636363636364,120.45454545454545,24.727272727272727,0.18181818181818182,0.18181818181818182,0.3246753246753247,0.09090909090909091,1,백반·죽·국수,본그룹
ba_14690725,2025-08,0.0,0.0,0.0,0.0,0.0,0.0,0.0,0,백반·죽·국수,본그룹
ba_14690725,2025-09,0.0,0.0,0.0,0.0,0.0,0.0,0.0,0,백반·죽·국수,본그룹
ba_14690752,2025-08,0.0,0.0,0.0,0.0,0.0,0.0,0.0,1,백반·죽·국수,본그룹
ba_14690752,2025-09,0.125,26.25,5.875,0.125,0.125,0.05357142857142857,0.041666666666666664,0,백반·죽·국수,본그룹
ba_14690763,2025-08,1.0,233.5,46.0,0.5,0.5,0.42857142857142855,0.08333333333333333,1,백반·죽·국수,본그룹
ba_14690763,2025-09,1.0,352.0,72.0,0.0,0.0,0.42857142857142855,0.16666666666666666,1,백반·죽·국수,본그룹
ba_14690774,2025-07,0.0,0.0,0.0,0.0,0.0,0.0,0.0,0,백반·죽·국수,본그룹
ba_14690774,2025-08,0.17647058823529413,27.0,5.882352941176471,0.058823529411764705,0.058823529411764705,0.09243697478991597,0.0392156862745098,0,백반·죽·국수,본그룹
ba_14690774,2025-09,0.0,0.0,0.0,0.0,0.0,0.0,0.0,0,백반·죽·국수,본그룹
ba_14690786,2025-08,0.75,149.25,31.25,0.0,0.0,0.3214285714285714,0.08333333333333333,1,백반·죽·국수,본그룹
ba_14690786,2025-09,0.8571428571428571,150.57142857142858,33.42857142857143,0.14285714285714285,0.14285714285714285,0.2857142857142857,0.11904761904761904,0,백반·죽·국수,본그룹
ba_14690786,2025-07,0.8,173.8,39.2,0.2,0.2,0.2857142857142857,0.13333333333333333,1,백반·죽·국수,본그룹
ba_14690806,2025-07,0.4,67.4,16.2,0.2,0.2,0.11428571428571428,0.03333333333333333,1,백반·죽·국수,본그룹
ba_14690806,2025-08,1.0,207.42857142857142,44.0,0.14285714285714285,0.14285714285714285,0.38775510204081626,0.14285714285714285,1,백반·죽·국수,본그룹
ba_14690806,2025-09,1.0,192.54545454545453,38.45454545454545,0.18181818181818182,0.18181818181818182,0.3506493506493506,0.1515151515151515,0,백반·죽·국수,본그룹
ba_14690909,2025-08,1.0,40.166666666666664,8.0,0.0,0.0,0.07142857142857142,0.0,0,백반·죽·국수,본그룹
ba_14690909,2025-09,1.0,27.0,5.0,0.0,0.0,0.14285714285714285,0.0,0,백반·죽·국수,본그룹
ba_14690983,2025-09,0.9655172413793104,393.41379310344826,71.58620689655173,0.41379310344827586,0.41379310344827586,0.4827586206896552,0.2413793103448276,0,백반·죽·국수,본그룹
ba_14690983,2025-07,1.0,351.962962962963,78.07407407407408,0.37037037037037035,0.37037037037037035,0.582010582010582,0.3024691358024691,1,백반·죽·국수,본그룹
ba_14690983,2025-08,1.0,479.63157894736844,93.63157894736842,0.5789473684210527,0.5789473684210527,0.6165413533834586,0.30701754385964913,1,백반·죽·국수,본그룹
ba_14690992,2025-07,0.75,113.75,24.5,0.0,0.0,0.35714285714285715,0.16666666666666666,1,백반·죽·국수,본그룹
ba_14690992,2025-08,1.0,215.5,45.25,0.5,0.5,0.5357142857142857,0.20833333333333331,1,백반·죽·국수,본그룹
ba_14690992,2025-09,1.0,169.0,34.4,0.2,0.2,0.42857142857142855,0.1,1,백반·죽·국수,본그룹
ba_14691001,2025-08,1.0,135.5,27.25,0.0,0.0,0.3214285714285714,0.125,1,백반·죽·국수,본그룹
ba_14691001,2025-09,1.0,220.0,47.875,0.375,0.375,0.5178571428571428,0.22916666666666666,0,백반·죽·국수,본그룹
ba_14691005,2025-07,0.8888888888888888,205.77777777777777,46.0,0.1111111111111111,0.1111111111111111,0.42857142857142855,0.24074074074074073,1,백반·죽·국수,본그룹
ba_14691005,2025-08,1.0,160.8,34.9,0.0,0.0,0.41428571428571426,0.15,1,백반·죽·국수,본그룹
ba_14691005,2025-09,1.0,167.2,34.8,0.3,0.3,0.45714285714285713,0.15,1,백반·죽·국수,본그룹
ba_14691030,2025-08,0.0,0.0,0.0,0.0,0.0,0.0,0.0,0,백반·죽·국수,본그룹
ba_14691030,2025-09,0.0,0.0,0.0,0.0,0.0,0.0,0.0,0,백반·죽·국수,본그룹
ba_14691036,2025-07,1.0,242.16666666666666,53.666666666666664,0.0,0.0,0.5238095238095238,0.25,1,백반·죽·국수,본그룹
ba_14691036,2025-08,1.0,231.25,50.75,0.0,0.0,0.5714285714285714,0.25,1,백반·죽·국수,본그룹
ba_14691036,2025-09,1.0,211.0,46.5,0.5,0.5,0.2857142857142857,0.08333333333333333,0,백반·죽·국수,본그룹
ba_14691037,2025-07,1.0,229.33333333333334,50.333333333333336,0.0,0.0,0.5476190476190476,0.2222222222222222,1,백반·죽·국수,본그룹
ba_14691037,2025-08,1.0,227.5,49.5,0.0,0.0,0.5714285714285714,0.3333333333333333,1,백반·죽·국수,본그룹
ba_14691037,2025-09,1.0,199.0,42.5,0.0,0.0,0.42857142857142855,0.125,0,백반·죽·국수,본그룹
ba_14691042,2025-07,1.0,252.9,57.1,0.1,0.1,0.4428571428571428,0.26666666666666666,1,백반·죽·국수,본그룹
ba_14691042,2025-08,1.0,210.73333333333332,46.13333333333333,0.2,0.2,0.4857142857142857,0.18888888888888886,0,백반·죽·국수,본그룹
ba_14691042,2025-09,1.0,193.5,40.75,0.5,0.5,0.5,0.10416666666666666,0,백반·죽·국수,본그룹
ba_14691044,2025-07,0.0,0.0,0.0,0.0,0.0,0.0,0.0,1,백반·죽·국수,본그룹
ba_14691044,2025-08,0.0,0.0,0.0,0.0,0.0,0.0,0.0,1,백반·죽·국수,본그룹
ba_14691044,2025-09,0.0,0.0,0.0,0.0,0.0,0.0,0.0,0,백반·죽·국수,본그룹
ba_14691059,2025-07,0.6666666666666666,154.66666666666666,34.0,0.0,0.0,0.3095238095238095,0.13888888888888887,1,백반·죽·국수,본그룹
ba_14691059,2025-08,1.0,259.0,57.0,0.0,0.0,0.2857142857142857,0.1111111111111111,1,백반·죽·국수,본그룹
ba_14691059,2025-09,1.0,170.0,40.0,1.0,1.0,0.7142857142857143,0.3333333333333333,0,백반·죽·국수,본그룹
ba_14691062,2025-07,1.0,218.8421052631579,49.1578947368421,0.0,0.0,0.42857142857142855,0.23684210526315788,1,백반·죽·국수,본그룹
ba_14691062,2025-08,1.0,205.3846153846154,44.38461538461539,0.23076923076923078,0.23076923076923078,0.4725274725274725,0.16666666666666666,0,백반·죽·국수,본그룹
ba_14691062,2025-09,1.0,191.25,41.0,0.08333333333333333,0.08333333333333333,0.4761904761904762,0.18055555555555555,0,백반·죽·국수,본그룹
ba_14691072,2025-08,1.0,166.0,31.0,0.0,0.0,0.14285714285714285,0.16666666666666666,0,백반·죽·국수,본그룹
ba_14691077,2025-09,0.4,87.6,18.8,0.0,0.0,0.2,0.06666666666666667,0,백반·죽·국수,본그룹
ba_14691077,2025-07,1.0,230.14285714285714,50.0,0.14285714285714285,0.14285714285714285,0.42857142857142855,0.16666666666666666,1,백반·죽·국수,본그룹
ba_14691077,2025-08,1.0,191.75,40.125,0.25,0.25,0.2857142857142857,0.14583333333333331,1,백반·죽·국수,본그룹
ba_14691078,2025-08,1.0,11.333333333333334,2.0,0.0,0.0,0.0,0.0,0,백반·죽·국수,본그룹
ba_14691078,2025-09,1.0,11.666666666666666,2.0,0.0,0.0,0.0,0.0,1,백반·죽·국수,본그룹
ba_14691080,2025-07,1.0,191.1818181818182,39.36363636363637,0.18181818181818182,0.18181818181818182,0.3896103896103896,0.1212121212121212,1,백반·죽·국수,본그룹
ba_14691080,2025-08,1.0,220.48275862068965,46.58620689655172,0.1724137931034483,0.1724137931034483,0.4926108374384236,0.1896551724137931,1,백반·죽·국수,본그룹
ba_14691080,2025-09,1.0,180.61904761904762,37.523809523809526,0.42857142857142855,0.42857142857142855,0.39455782312925164,0.11904761904761904,0,백반·죽·국수,본그룹
ba_14691084,2025-07,1.0,225.36363636363637,48.54545454545455,0.0,0.0,0.5454545454545454,0.16666666666666666,1,백반·죽·국수,본그룹
ba_14691084,2025-08,1.0,186.8181818181818,40.0,0.45454545454545453,0.45454545454545453,0.36363636363636365,0.09090909090909091,1,백반·죽·국수,본그룹
ba_14691084,2025-09,1.0,195.0,40.5,0.5,0.5,0.3571428571428571,0.08333333333333333,0,백반·죽·국수,본그룹
ba_14691088,2025-08,1.0,127.0,25.0,0.0,0.0,0.0,0.0,1,백반·죽·국수,본그룹
ba_14691088,2025-09,1.0,56.0,12.0,0.0,0.0,0.0,0.0,1,백반·죽·국수,본그룹
ba_14691089,2025-08,1.0,236.0,50.75,0.25,0.25,0.39285714285714285,0.29166666666666663,1,백반·죽·국수,본그룹
ba_14691093,2025-08,1.0,198.5,44.25,0.5,0.5,0.6071428571428571,0.29166666666666663,1,백반·죽·국수,본그룹
ba_14691093,2025-09,1.0,212.92857142857142,45.785714285714285,0.2857142857142857,0.2857142857142857,0.5306122448979591,0.21428571428571427,0,백반·죽·국수,본그룹
ba_14691101,2025-07,0.0,0.0,0.0,0.0,0.0,0.0,0.0,1,백반·죽·국수,본그룹
ba_14691101,2025-08,0.0,0.0,0.0,0.0,0.0,0.0,0.0,1,백반·죽·국수,본그룹
ba_14691101,2025-09,1.0,145.66666666666666,29.5,0.0,0.0,0.35714285714285715,0.25,0,백반·죽·국수,본그룹
ba_14691106,2025-07,1.0,199.0,44.875,0.0,0.0,0.375,0.20833333333333331,1,백반·죽·국수,본그룹
ba_14691106,2025-08,1.0,151.1818181818182,32.27272727272727,0.0,0.0,0.3766233766233766,0.1515151515151515,1,백반·죽·국수,본그룹
ba_14691106,2025-09,1.0,126.33333333333333,26.88888888888889,0.0,0.0,0.2857142857142857,0.12962962962962962,0,백반·죽·국수,본그룹
ba_14691112,2025-07,1.0,163.0909090909091,35.90909090909091,0.09090909090909091,0.09090909090909091,0.3246753246753247,0.18181818181818182,1,백반·죽·국수,본그룹
ba_14691112,2025-08,1.0,137.06666666666666,31.133333333333333,0.0,0.0,0.41904761904761906,0.16666666666666666,1,백반·죽·국수,본그룹
ba_14691112,2025-09,1.0,120.0,27.0,0.0,0.0,0.2857142857142857,0.08333333333333333,0,백반·죽·국수,본그룹
ba_14691116,2025-07,1.0,296.0,66.125,0.0,0.0,0.5535714285714286,0.3333333333333333,1,백반·죽·국수,본그룹
ba_14691116,2025-08,1.0,297.7857142857143,64.64285714285714,0.07142857142857142,0.07142857142857142,0.5612244897959183,0.369047619047619,1,백반·죽·국수,본그룹
ba_14691116,2025-09,1.0,319.1,69.7,0.0,0.0,0.5428571428571428,0.3333333333333333,1,백반·죽·국수,본그룹
ba_14691120,2025-08,1.0,117.0,21.0,0.0,0.0,0.07142857142857142,0.0,1,백반·죽·국수,본그룹
ba_14691120,2025-09,1.0,179.625,34.5,0.0,0.0,0.2857142857142857,0.125,0,백반·죽·국수,본그룹
ba_14691130,2025-08,1.0,172.66666666666666,38.666666666666664,0.3333333333333333,0.3333333333333333,0.38095238095238093,0.1111111111111111,0,백반·죽·국수,본그룹
ba_14691130,2025-09,1.0,262.5,56.75,0.25,0.25,0.39285714285714285,0.125,0,백반·죽·국수,본그룹
ba_14691145,2025-07,0.2,52.8,11.6,0.2,0.2,0.08571428571428572,0.06666666666666667,1,백반·죽·국수,본그룹
ba_14691145,2025-08,0.0,0.0,0.0,0.0,0.0,0.0,0.0,1,백반·죽·국수,본그룹
ba_14691145,2025-09,0.125,15.125,3.25,0.0,0.0,0.017857142857142856,0.020833333333333332,1,백반·죽·국수,본그룹
ba_14691146,2025-08,0.0,0.0,0.0,0.0,0.0,0.0,0.0,0,백반·죽·국수,본그룹
ba_14691146,2025-09,0.0,0.0,0.0,0.0,0.0,0.0,0.0,0,백반·죽·국수,본그룹
ba_14691147,2025-08,0.75,25.5,4.0,0.0,0.0,0.10714285714285714,0.08333333333333333,0,백반·죽·국수,본그룹
ba_14691147,2025-09,1.0,39.666666666666664,7.0,0.0,0.0,0.14285714285714285,0.1111111111111111,1,백반·죽·국수,본그룹
ba_14691150,2025-07,0.9230769230769231,198.0,43.46153846153846,0.07692307692307693,0.07692307692307693,0.4395604395604395,0.21794871794871792,1,백반·죽·국수,본그룹
ba_14691150,2025-08,1.0,231.88888888888889,49.333333333333336,0.3333333333333333,0.3333333333333333,0.5396825396825397,0.25925925925925924,1,백반·죽·국수,본그룹
ba_14691150,2025-09,1.0,166.4,35.6,0.2,0.2,0.42857142857142855,0.13333333333333333,0,백반·죽·국수,본그룹
ba_14691155,2025-07,1.0,254.91176470588235,55.3235294117647,0.14705882352941177,0.14705882352941177,0.5294117647058824,0.22549019607843135,1,백반·죽·국수,본그룹
ba_14691155,2025-08,1.0,241.74193548387098,52.225806451612904,0.0967741935483871,0.0967741935483871,0.4377880184331797,0.1774193548387097,0,백반·죽·국수,본그룹
ba_14691155,2025-09,1.0,222.8,47.8,0.0,0.0,0.42857142857142855,0.18333333333333332,0,백반·죽·국수,본그룹
ba_14691171,2025-07,1.0,124.83333333333333,26.166666666666668,0.16666666666666666,0.16666666666666666,0.21428571428571427,0.1111111111111111,0,백반·죽·국수,본그룹
ba_14691171,2025-08,1.0,143.25,30.416666666666668,0.0,0.0,0.21428571428571427,0.06944444444444443,1,백반·죽·국수,본그룹
ba_14691171,2025-09,1.0,155.57142857142858,34.285714285714285,0.14285714285714285,0.14285714285714285,0.16326530612244897,0.023809523809523808,1,백반·죽·국수,본그룹
ba_14691172,2025-09,0.8571428571428571,90.28571428571429,19.428571428571427,0.2857142857142857,0.2857142857142857,0.40816326530612246,0.14285714285714285,1,백반·죽·국수,본그룹
ba_14691172,2025-08,1.0,90.14285714285714,19.571428571428573,0.0,0.0,0.08163265306122448,0.023809523809523808,1,백반·죽·국수,본그룹
ba_14691173,2025-09,0.6666666666666666,120.83333333333333,25.666666666666668,0.16666666666666666,0.16666666666666666,0.23809523809523805,0.08333333333333333,0,백반·죽·국수,본그룹
ba_14691173,2025-07,1.0,176.46666666666667,39.46666666666667,0.0,0.0,0.32380952380952377,0.15555555555555553,1,백반·죽·국수,본그룹
ba_14691173,2025-08,1.0,213.27272727272728,45.72727272727273,0.2727272727272727,0.2727272727272727,0.5194805194805194,0.18181818181818182,1,백반·죽·국수,본그룹
ba_14691178,2025-07,0.5,99.5,19.5,0.125,0.125,0.26785714285714285,0.125,0,백반·죽·국수,본그룹
ba_14691178,2025-08,1.0,201.33333333333334,42.833333333333336,0.0,0.0,0.5,0.13888888888888887,0,백반·죽·국수,본그룹
ba_14691178,2025-09,1.0,222.5,48.0,0.5,0.5,0.5357142857142857,0.25,1,백반·죽·국수,본그룹
ba_14691179,2025-07,1.0,220.52631578947367,48.36842105263158,0.05263157894736842,0.05263157894736842,0.47368421052631576,0.24561403508771926,1,백반·죽·국수,본그룹
ba_14691179,2025-08,1.0,227.25,48.625,0.125,0.125,0.5,0.22916666666666666,0,백반·죽·국수,본그룹
ba_14691179,2025-09,1.0,193.33333333333334,39.666666666666664,0.3333333333333333,0.3333333333333333,0.4761904761904761,0.2222222222222222,0,백반·죽·국수,본그룹
ba_14691187,2025-08,1.0,210.5,44.5,0.75,0.75,0.5357142857142857,0.16666666666666666,1,백반·죽·국수,본그룹
ba_14691187,2025-09,1.0,194.5,41.125,0.375,0.375,0.4821428571428571,0.14583333333333331,0,백반·죽·국수,본그룹
ba_14691194,2025-08,1.0,190.66666666666666,41.333333333333336,0.3333333333333333,0.3333333333333333,0.42857142857142855,0.2222222222222222,0,백반·죽·국수,본그룹
ba_14691194,2025-09,1.0,127.0,27.0,0.0,0.0,0.2857142857142857,0.0,0,백반·죽·국수,본그룹
ba_14691209,2025-07,1.0,207.72727272727272,46.45454545454545,0.0,0.0,0.40259740259740256,0.2121212121212121,1,백반·죽·국수,본그룹
ba_14691209,2025-08,1.0,216.33333333333334,45.666666666666664,0.3333333333333333,0.3333333333333333,0.4761904761904761,0.16666666666666666,0,백반·죽·국수,본그룹
ba_14691209,2025-09,1.0,201.33333333333334,42.333333333333336,0.2222222222222222,0.2222222222222222,0.47619047619047616,0.16666666666666666,0,백반·죽·국수,본그룹
ba_14691228,2025-08,0.0,0.0,0.0,0.0,0.0,0.0,0.0,1,백반·죽·국수,본그룹
ba_14691228,2025-09,0.0,0.0,0.0,0.0,0.0,0.0,0.0,1,백반·죽·국수,본그룹
ba_14691234,2025-09,0.0,0.0,0.0,0.0,0.0,0.0,0.0,1,백반·죽·국수,본그룹
ba_14691234,2025-08,1.0,165.0,33.0,1.0,1.0,0.5714285714285714,0.0,1,백반·죽·국수,본그룹
ba_14691235,2025-08,0.0,0.0,0.0,0.0,0.0,0.0,0.0,1,백반·죽·국수,본그룹
ba_14691235,2025-09,0.0,0.0,0.0,0.0,0.0,0.0,0.0,0,백반·죽·국수,본그룹
ba_14691245,2025-07,1.0,201.125,45.625,0.125,0.125,0.42857142857142855,0.2708333333333333,1,백반·죽·국수,본그룹
ba_14691245,2025-08,1.0,218.63636363636363,48.18181818181818,0.09090909090909091,0.09090909090909091,0.5584415584415584,0.3181818181818182,1,백반·죽·국수,본그룹
ba_14691245,2025-09,1.0,225.33333333333334,49.75,0.25,0.25,0.5714285714285714,0.2638888888888889,0,백반·죽·국수,본그룹
ba_14691269,2025-07,1.0,204.75,45.083333333333336,0.16666666666666666,0.16666666666666666,0.44047619047619047,0.2222222222222222,1,백반·죽·국수,본그룹
ba_14691269,2025-08,1.0,209.63636363636363,46.0,0.09090909090909091,0.09090909090909091,0.4805194805194805,0.18181818181818182,1,백반·죽·국수,본그룹
ba_14691269,2025-09,1.0,144.0,30.333333333333332,0.3333333333333333,0.3333333333333333,0.5238095238095238,0.1111111111111111,1,백반·죽·국수,본그룹
ba_14691270,2025-09,1.0,183.25,38.5,0.25,0.25,0.42857142857142855,0.20833333333333331,0,백반·죽·국수,본그룹
ba_14691270,2025-07,1.0,180.45454545454547,38.27272727272727,0.09090909090909091,0.09090909090909091,0.5324675324675324,0.19696969696969696,0,백반·죽·국수,본그룹
ba_14691270,2025-08,1.0,198.28571428571428,41.142857142857146,0.14285714285714285,0.14285714285714285,0.4897959183673469,0.14285714285714285,0,백반·죽·국수,본그룹
ba_14691272,2025-07,0.0,0.0,0.0,0.0,0.0,0.0,0.0,0,백반·죽·국수,본그룹
ba_14691272,2025-08,0.0,0.0,0.0,0.0,0.0,0.0,0.0,0,백반·죽·국수,본그룹
ba_14691273,2025-08,0.75,88.5,17.75,0.25,0.25,0.25,0.041666666666666664,0,백반·죽·국수,본그룹
ba_14691273,2025-07,0.75,83.0,16.5,0.5,0.5,0.3214285714285714,0.08333333333333333,1,백반·죽·국수,본그룹
ba_14691273,2025-09,1.0,160.0,33.5,0.0,0.0,0.07142857142857142,0.0,0,백반·죽·국수,본그룹
ba_14691277,2025-07,1.0,154.5,33.0,0.0,0.0,0.30357142857142855,0.125,1,백반·죽·국수,본그룹
ba_14691277,2025-08,1.0,119.92857142857143,23.928571428571427,0.0,0.0,0.25510204081632654,0.07142857142857142,1,백반·죽·국수,본그룹
ba_14691277,2025-09,1.0,234.0,52.0,0.6666666666666666,0.6666666666666666,0.5714285714285714,0.3333333333333333,0,백반·죽·국수,본그룹
ba_14691292,2025-07,1.0,250.0,55.916666666666664,0.16666666666666666,0.16666666666666666,0.48214285714285715,0.25,1,백반·죽·국수,본그룹
ba_14691292,2025-08,1.0,252.64705882352942,55.0,0.058823529411764705,0.058823529411764705,0.4453781512605042,0.18627450980392157,0,백반·죽·국수,본그룹
ba_14691292,2025-09,1.0,224.25,48.375,0.25,0.25,0.375,0.16666666666666666,0,백반·죽·국수,본그룹
ba_14691295,2025-07,1.0,238.46969696969697,53.50757575757576,0.09848484848484848,0.09848484848484848,0.5021645021645021,0.2626262626262626,1,백반·죽·국수,본그룹
ba_14691295,2025-08,1.0,219.22058823529412,48.029411764705884,0.16176470588235295,0.16176470588235295,0.4978991596638655,0.2230392156862745,0,백반·죽·국수,본그룹
ba_14691295,2025-09,1.0,224.6,48.577777777777776,0.24444444444444444,0.24444444444444444,0.4825396825396825,0.20740740740740737,0,백반·죽·국수,본그룹
ba_14691296,2025-09,0.25,45.25,9.0,0.0,0.0,0.14285714285714285,0.0,1,백반·죽·국수,본그룹
ba_14691296,2025-08,1.0,181.4,38.4,0.6,0.6,0.5142857142857142,0.2,1,백반·죽·국수,본그룹
ba_14691298,2025-07,1.0,236.51724137931035,53.06896551724138,0.06896551724137931,0.06896551724137931,0.5270935960591132,0.29310344827586204,1,백반·죽·국수,본그룹
ba_14691298,2025-08,1.0,219.35714285714286,46.857142857142854,0.2857142857142857,0.2857142857142857,0.4897959183673469,0.19047619047619047,0,백반·죽·국수,본그룹
ba_14691298,2025-09,1.0,220.33333333333334,47.22222222222222,0.3333333333333333,0.3333333333333333,0.5238095238095238,0.25925925925925924,0,백반·죽·국수,본그룹
ba_14691330,2025-07,0.0,0.0,0.0,0.0,0.0,0.0,0.0,1,백반·죽·국수,본그룹
ba_14691330,2025-08,0.0,0.0,0.0,0.0,0.0,0.0,0.0,1,백반·죽·국수,본그룹
ba_14691330,2025-09,0.0,0.0,0.0,0.0,0.0,0.0,0.0,0,백반·죽·국수,본그룹
ba_14691344,2025-08,1.0,204.94117647058823,45.05882352941177,0.23529411764705882,0.23529411764705882,0.4117647058823529,0.12745098039215685,1,백반·죽·국수,본그룹
ba_14691344,2025-09,1.0,225.0,47.833333333333336,0.16666666666666666,0.16666666666666666,0.5476190476190476,0.25,0,백반·죽·국수,본그룹
ba_14691361,2025-07,1.0,255.27777777777777,56.888888888888886,0.05555555555555555,0.05555555555555555,0.3333333333333333,0.16666666666666666,1,백반·죽·국수,본그룹
ba_14691361,2025-08,1.0,231.2,49.96,0.12,0.12,0.5085714285714286,0.18666666666666665,1,백반·죽·국수,본그룹
ba_14691361,2025-09,1.0,240.94594594594594,53.189189189189186,0.05405405405405406,0.05405405405405406,0.38610038610038605,0.12162162162162163,0,백반·죽·국수,본그룹
ba_14691372,2025-08,0.3333333333333333,72.0,16.5,0.0,0.0,0.11904761904761903,0.05555555555555555,1,백반·죽·국수,본그룹
ba_14691372,2025-09,0.0,0.0,0.0,0.0,0.0,0.0,0.0,0,백반·죽·국수,본그룹
ba_14691372,2025-07,1.0,210.75,46.75,0.0,0.0,0.42857142857142855,0.25,1,백반·죽·국수,본그룹
ba_14691375,2025-08,0.9655172413793104,209.17241379310346,45.13793103448276,0.034482758620689655,0.034482758620689655,0.4926108374384236,0.21839080459770113,0,백반·죽·국수,본그룹
ba_14691375,2025-07,1.0,241.58536585365854,53.63414634146341,0.0975609756097561,0.0975609756097561,0.42508710801393723,0.23577235772357721,1,백반·죽·국수,본그룹
ba_14691375,2025-09,1.0,237.22727272727272,51.68181818181818,0.0,0.0,0.5194805194805195,0.23484848484848483,0,백반·죽·국수,본그룹
ba_14691400,2025-08,1.0,105.0,24.0,0.0,0.0,0.2857142857142857,0.0,1,백반·죽·국수,본그룹
ba_14691751,2025-07,1.0,206.33333333333334,45.5,0.3333333333333333,0.3333333333333333,0.4761904761904761,0.16666666666666666,1,백반·죽·국수,본그룹
ba_14691751,2025-08,1.0,209.08333333333334,44.75,0.4166666666666667,0.4166666666666667,0.5595238095238095,0.27777777777777773,1,백반·죽·국수,본그룹
ba_14691751,2025-09,1.0,196.33333333333334,41.0,0.3333333333333333,0.3333333333333333,0.4761904761904761,0.0,1,백반·죽·국수,본그룹
ba_14691791,2025-08,0.0,0.0,0.0,0.0,0.0,0.0,0.0,0,백반·죽·국수,본그룹
ba_14691791,2025-09,0.0,0.0,0.0,0.0,0.0,0.0,0.0,0,백반·죽·국수,본그룹
ba_14691791,2025-07,0.8,153.0,32.6,0.0,0.0,0.4,0.2,1,백반·죽·국수,본그룹
ba_14691797,2025-07,1.0,229.76923076923077,49.0,0.0,0.0,0.3956043956043956,0.17948717948717946,1,백반·죽·국수,본그룹
ba_14691797,2025-08,1.0,159.2,31.0,0.0,0.0,0.2857142857142857,0.1,1,백반·죽·국수,본그룹
ba_14691797,2025-09,1.0,167.16666666666666,33.166666666666664,0.0,0.0,0.23809523809523805,0.08333333333333333,0,백반·죽·국수,본그룹
ba_14691801,2025-07,1.0,207.83333333333334,45.333333333333336,0.0,0.0,0.16666666666666666,0.1111111111111111,1,백반·죽·국수,본그룹
ba_14691801,2025-08,1.0,178.0,37.833333333333336,0.0,0.0,0.0,0.0,1,백반·죽·국수,본그룹
ba_14691801,2025-09,1.0,235.66666666666666,49.666666666666664,0.0,0.0,0.09523809523809523,0.027777777777777776,0,백반·죽·국수,본그룹
ba_14691803,2025-07,1.0,144.0,24.8,0.0,0.0,0.02857142857142857,0.0,0,백반·죽·국수,본그룹
ba_14691803,2025-08,1.0,140.85714285714286,23.857142857142858,0.0,0.0,0.02040816326530612,0.0,0,백반·죽·국수,본그룹
ba_14691803,2025-09,1.0,250.33333333333334,50.666666666666664,0.0,0.0,0.047619047619047616,0.05555555555555555,1,백반·죽·국수,본그룹
ba_14691813,2025-08,0.0,0.0,0.0,0.0,0.0,0.0,0.0,1,백반·죽·국수,본그룹
ba_14691813,2025-09,0.0,0.0,0.0,0.0,0.0,0.0,0.0,1,백반·죽·국수,본그룹
ba_14691815,2025-07,0.0,0.0,0.0,0.0,0.0,0.0,0.0,0,백반·죽·국수,본그룹
ba_14691815,2025-08,0.0,0.0,0.0,0.0,0.0,0.0,0.0,0,백반·죽·국수,본그룹
ba_14691815,2025-09,0.0,0.0,0.0,0.0,0.0,0.0,0.0,1,백반·죽·국수,본그룹
ba_14691817,2025-08,0.0,0.0,0.0,0.0,0.0,0.0,0.0,0,백반·죽·국수,본그룹
ba_14691817,2025-09,0.0,0.0,0.0,0.0,0.0,0.0,0.0,1,백반·죽·국수,본그룹
ba_14691829,2025-08,0.0,0.0,0.0,0.0,0.0,0.0,0.0,1,백반·죽·국수,본그룹
ba_14691829,2025-09,0.0,0.0,0.0,0.0,0.0,0.0,0.0,0,백반·죽·국수,본그룹
ba_14691834,2025-07,0.0,0.0,0.0,0.0,0.0,0.0,0.0,0,백반·죽·국수,본그룹
ba_14691834,2025-08,0.0,0.0,0.0,0.0,0.0,0.0,0.0,0,백반·죽·국수,본그룹
ba_14691834,2025-09,0.0,0.0,0.0,0.0,0.0,0.0,0.0,1,백반·죽·국수,본그룹
ba_14691857,2025-07,1.0,231.4,51.6,0.0,0.0,0.5142857142857142,0.2333333333333333,1,백반·죽·국수,본그룹
ba_14691857,2025-08,1.0,194.2,40.6,0.4,0.4,0.42857142857142855,0.16666666666666666,1,백반·죽·국수,본그룹
ba_14691857,2025-09,1.0,234.0,50.57142857142857,0.2857142857142857,0.2857142857142857,0.5918367346938774,0.3095238095238095,0,백반·죽·국수,본그룹
ba_14691859,2025-08,1.0,126.0,27.0,0.0,0.0,0.42857142857142855,0.0,1,백반·죽·국수,본그룹
ba_14691859,2025-09,1.0,141.5,29.0,0.0,0.0,0.3571428571428571,0.08333333333333333,0,백반·죽·국수,본그룹
ba_14691860,2025-07,0.0,0.0,0.0,0.0,0.0,0.0,0.0,0,백반·죽·국수,본그룹
ba_14691860,2025-08,0.8,230.6,50.6,0.0,0.0,0.2571428571428571,0.13333333333333333,0,백반·죽·국수,본그룹
ba_14691860,2025-09,0.875,221.375,48.25,0.0,0.0,0.125,0.08333333333333333,1,백반·죽·국수,본그룹
ba_14691884,2025-08,0.0,0.0,0.0,0.0,0.0,0.0,0.0,0,백반·죽·국수,본그룹
ba_14691884,2025-09,0.0,0.0,0.0,0.0,0.0,0.0,0.0,0,백반·죽·국수,본그룹
ba_14691891,2025-07,0.0,0.0,0.0,0.0,0.0,0.0,0.0,0,백반·죽·국수,본그룹
ba_14691891,2025-08,0.0,0.0,0.0,0.0,0.0,0.0,0.0,0,백반·죽·국수,본그룹
ba_14691891,2025-09,0.0,0.0,0.0,0.0,0.0,0.0,0.0,1,백반·죽·국수,본그룹
ba_14691894,2025-09,0.4,88.0,18.8,0.2,0.2,0.2,0.06666666666666667,0,백반·죽·국수,본그룹
ba_14691894,2025-07,1.0,255.66666666666666,56.93333333333333,0.06666666666666667,0.06666666666666667,0.5333333333333333,0.3,1,백반·죽·국수,본그룹
ba_14691894,2025-08,1.0,233.57142857142858,51.857142857142854,0.14285714285714285,0.14285714285714285,0.6122448979591837,0.3333333333333333,0,백반·죽·국수,본그룹
ba_14691901,2025-09,0.8888888888888888,175.11111111111111,37.77777777777778,0.1111111111111111,0.1111111111111111,0.46031746031746024,0.16666666666666666,0,백반·죽·국수,본그룹
ba_14691901,2025-07,0.9285714285714286,210.07142857142858,46.357142857142854,0.07142857142857142,0.07142857142857142,0.4693877551020408,0.20238095238095236,1,백반·죽·국수,본그룹
ba_14691901,2025-08,1.0,194.1818181818182,42.63636363636363,0.09090909090909091,0.09090909090909091,0.4285714285714286,0.1515151515151515,1,백반·죽·국수,본그룹
ba_14691904,2025-08,1.0,65.5,13.0,0.0,0.0,0.14285714285714285,0.0,0,백반·죽·국수,본그룹
ba_14691904,2025-09,1.0,64.0,13.0,0.0,0.0,0.0,0.0,1,백반·죽·국수,본그룹
ba_14691908,2025-08,1.0,213.125,45.625,0.125,0.125,0.5535714285714286,0.22916666666666666,0,백반·죽·국수,본그룹
ba_14691908,2025-09,1.0,231.71428571428572,50.57142857142857,0.42857142857142855,0.42857142857142855,0.4897959183673469,0.19047619047619047,0,백반·죽·국수,본그룹
ba_14691909,2025-08,1.0,167.5,36.0,0.0,0.0,0.3571428571428571,0.16666666666666666,1,백반·죽·국수,본그룹
ba_14691909,2025-09,1.0,68.0,16.0,0.0,0.0,0.0,0.0,1,백반·죽·국수,본그룹
ba_14691918,2025-07,1.0,243.375,52.375,0.25,0.25,0.5,0.22916666666666666,0,백반·죽·국수,본그룹
ba_14691943,2025-07,0.16666666666666666,17.0,4.166666666666667,0.0,0.0,0.023809523809523808,0.0,1,백반·죽·국수,본그룹
ba_14691943,2025-08,1.0,168.30769230769232,40.0,0.15384615384615385,0.15384615384615385,0.20879120879120877,0.10256410256410256,0,백반·죽·국수,본그룹
ba_14691943,2025-09,1.0,214.75,48.75,0.125,0.125,0.42857142857142855,0.22916666666666666,0,백반·죽·국수,본그룹
ba_14691949,2025-07,1.0,101.0,22.0,0.0,0.0,0.19047619047619047,0.0,1,백반·죽·국수,본그룹
ba_14691949,2025-08,1.0,145.0,30.5,0.0,0.0,0.17857142857142855,0.08333333333333333,1,백반·죽·국수,본그룹
ba_14691949,2025-09,1.0,124.0,26.5,0.0,0.0,0.21428571428571427,0.08333333333333333,1,백반·죽·국수,본그룹
ba_14691953,2025-08,1.0,117.5,26.5,0.0,0.0,0.3571428571428571,0.08333333333333333,1,백반·죽·국수,본그룹
ba_14691953,2025-09,1.0,200.21428571428572,43.42857142857143,0.07142857142857142,0.07142857142857142,0.5,0.20238095238095236,0,백반·죽·국수,본그룹
ba_14691958,2025-09,0.9090909090909091,186.1818181818182,41.18181818181818,0.0,0.0,0.46753246753246747,0.2121212121212121,0,백반·죽·국수,본그룹
ba_14691958,2025-07,1.0,214.26666666666668,47.86666666666667,0.0,0.0,0.45714285714285713,0.25555555555555554,1,백반·죽·국수,본그룹
ba_14691958,2025-08,1.0,214.66666666666666,45.666666666666664,0.0,0.0,0.5714285714285714,0.27777777777777773,1,백반·죽·국수,본그룹
ba_14691965,2025-07,1.0,253.63636363636363,58.0,0.18181818181818182,0.18181818181818182,0.5584415584415584,0.28787878787878785,1,백반·죽·국수,본그룹
ba_14691965,2025-08,1.0,220.16666666666666,47.5,0.16666666666666666,0.16666666666666666,0.5238095238095238,0.23611111111111108,1,백반·죽·국수,본그룹
ba_14691965,2025-09,1.0,208.8181818181818,44.36363636363637,0.09090909090909091,0.09090909090909091,0.5454545454545454,0.2121212121212121,0,백반·죽·국수,본그룹
ba_14691969,2025-07,0.0,0.0,0.0,0.0,0.0,0.0,0.0,1,백반·죽·국수,본그룹
ba_14691969,2025-08,0.0,0.0,0.0,0.0,0.0,0.0,0.0,1,백반·죽·국수,본그룹
ba_14691969,2025-09,0.16666666666666666,34.0,7.0,0.0,0.0,0.047619047619047616,0.027777777777777776,0,백반·죽·국수,본그룹
ba_14691974,2025-08,1.0,174.5,36.0,0.5,0.5,0.3571428571428571,0.08333333333333333,1,백반·죽·국수,본그룹
ba_14691974,2025-09,1.0,167.75,35.0,0.25,0.25,0.39285714285714285,0.125,0,백반·죽·국수,본그룹
ba_14691975,2025-07,1.0,214.1846153846154,47.76923076923077,0.16923076923076924,0.16923076923076924,0.4703296703296703,0.24102564102564103,1,백반·죽·국수,본그룹
ba_14691975,2025-08,1.0,212.02173913043478,46.21739130434783,0.10869565217391304,0.10869565217391304,0.45652173913043476,0.22101449275362317,0,백반·죽·국수,본그룹
ba_14691975,2025-09,1.0,196.13793103448276,41.310344827586206,0.3448275862068966,0.3448275862068966,0.4926108374384236,0.21264367816091953,0,백반·죽·국수,본그룹
ba_14691976,2025-09,0.9714285714285714,496.7142857142857,110.42857142857143,0.6,0.6,0.4816326530612245,0.23809523809523805,0,백반·죽·국수,본그룹
ba_14691976,2025-07,1.0,422.8901098901099,95.17582417582418,0.42857142857142855,0.42857142857142855,0.46153846153846156,0.2673992673992674,1,백반·죽·국수,본그룹
ba_14691976,2025-08,1.0,543.5625,120.54166666666667,0.6666666666666666,0.6666666666666666,0.47321428571428564,0.23611111111111108,1,백반·죽·국수,본그룹
ba_14691989,2025-08,1.0,210.66666666666666,44.77777777777778,0.3333333333333333,0.3333333333333333,0.47619047619047616,0.2222222222222222,1,백반·죽·국수,본그룹
ba_14691989,2025-09,1.0,220.75,47.75,0.25,0.25,0.5357142857142857,0.1875,0,백반·죽·국수,본그룹
ba_14691996,2025-09,0.2857142857142857,54.714285714285715,12.0,0.0,0.0,0.16326530612244897,0.07142857142857142,0,백반·죽·국수,본그룹
ba_14691996,2025-07,1.0,228.3,51.1,0.0,0.0,0.5142857142857142,0.25,1,백반·죽·국수,본그룹
ba_14691996,2025-08,1.0,220.5,48.5,0.16666666666666666,0.16666666666666666,0.5238095238095238,0.27777777777777773,1,백반·죽·국수,본그룹
ba_14691997,2025-08,1.0,263.4,54.55,0.05,0.05,0.5285714285714286,0.19166666666666665,0,백반·죽·국수,본그룹
ba_14691997,2025-09,1.0,235.45,48.2,0.0,0.0,0.5857142857142856,0.18333333333333332,1,백반·죽·국수,본그룹
ba_14691998,2025-07,1.0,198.5,42.5,0.1111111111111111,0.1111111111111111,0.3412698412698412,0.18518518518518517,1,백반·죽·국수,본그룹
ba_14691998,2025-08,1.0,231.1818181818182,47.0,0.09090909090909091,0.09090909090909091,0.40259740259740256,0.16666666666666666,0,백반·죽·국수,본그룹
ba_14691998,2025-09,1.0,234.14285714285714,51.857142857142854,0.0,0.0,0.4693877551020408,0.23809523809523808,0,백반·죽·국수,본그룹
ba_14691999,2025-08,1.0,158.8,33.8,0.3,0.3,0.32857142857142857,0.16666666666666666,1,백반·죽·국수,본그룹
ba_14691999,2025-09,1.0,143.6,30.4,0.26666666666666666,0.26666666666666666,0.4095238095238095,0.12222222222222222,1,백반·죽·국수,본그룹
ba_14692012,2025-08,0.3076923076923077,61.15384615384615,13.307692307692308,0.0,0.0,0.13186813186813187,0.05128205128205128,1,백반·죽·국수,본그룹
ba_14692012,2025-09,0.2,15.4,3.3,0.0,0.0,0.05714285714285714,0.03333333333333333,0,백반·죽·국수,본그룹
ba_14692012,2025-07,0.8333333333333334,173.16666666666666,39.5,0.16666666666666666,0.16666666666666666,0.2857142857142857,0.19444444444444442,1,백반·죽·국수,본그룹
ba_14692022,2025-08,1.0,203.77777777777777,44.333333333333336,0.0,0.0,0.3968253968253968,0.16666666666666666,1,백반·죽·국수,본그룹
ba_14692022,2025-09,1.0,208.5,45.75,0.0,0.0,0.5,0.20833333333333331,0,백반·죽·국수,본그룹
ba_14692035,2025-07,0.25,55.0,12.0,0.25,0.25,0.07142857142857142,0.0,0,백반·죽·국수,본그룹
ba_14692035,2025-08,0.0,0.0,0.0,0.0,0.0,0.0,0.0,0,백반·죽·국수,본그룹
ba_14692035,2025-09,0.0,0.0,0.0,0.0,0.0,0.0,0.0,1,백반·죽·국수,본그룹
ba_14692060,2025-08,0.9090909090909091,199.0909090909091,43.63636363636363,0.0,0.0,0.5064935064935064,0.25,1,백반·죽·국수,본그룹
ba_14692060,2025-09,0.8571428571428571,172.42857142857142,35.714285714285715,0.2857142857142857,0.2857142857142857,0.4693877551020408,0.14285714285714285,0,백반·죽·국수,본그룹
ba_14692077,2025-09,0.0,0.0,0.0,0.0,0.0,0.0,0.0,1,백반·죽·국수,본그룹
ba_14692092,2025-08,0.0,0.0,0.0,0.0,0.0,0.0,0.0,0,백반·죽·국수,본그룹
ba_14692116,2025-07,1.0,221.33333333333334,49.9,0.0,0.0,0.4380952380952381,0.24444444444444444,1,백반·죽·국수,본그룹
ba_14692116,2025-08,1.0,205.46153846153845,45.15384615384615,0.15384615384615385,0.15384615384615385,0.5054945054945055,0.24786324786324784,1,백반·죽·국수,본그룹
ba_14692116,2025-09,1.0,198.95238095238096,42.857142857142854,0.23809523809523808,0.23809523809523808,0.48299319727891155,0.19841269841269837,0,백반·죽·국수,본그룹
ba_14692118,2025-08,1.0,227.33333333333334,49.833333333333336,0.0,0.0,0.5833333333333334,0.2222222222222222,1,백반·죽·국수,본그룹
ba_14692118,2025-09,1.0,243.6,51.8,0.0,0.0,0.5428571428571428,0.2333333333333333,0,백반·죽·국수,본그룹
ba_14692121,2025-07,1.0,185.3,41.1,0.0,0.0,0.32857142857142857,0.2,1,백반·죽·국수,본그룹
ba_14692121,2025-08,1.0,189.0,39.0,0.0,0.0,0.5,0.0,0,백반·죽·국수,본그룹
ba_14692121,2025-09,1.0,191.0,40.0,0.0,0.0,0.42857142857142855,0.3333333333333333,0,백반·죽·국수,본그룹
ba_14692146,2025-08,0.0,0.0,0.0,0.0,0.0,0.0,0.0,1,백반·죽·국수,본그룹
ba_14692146,2025-09,0.0,0.0,0.0,0.0,0.0,0.0,0.0,1,백반·죽·국수,본그룹
ba_14692155,2025-07,1.0,229.73333333333332,50.233333333333334,0.43333333333333335,0.43333333333333335,0.3809523809523809,0.23888888888888887,1,백반·죽·국수,본그룹
ba_14692155,2025-08,1.0,210.16216216216216,46.0,0.16216216216216217,0.16216216216216217,0.4478764478764478,0.21621621621621623,1,백반·죽·국수,본그룹
ba_14692155,2025-09,1.0,216.86046511627907,46.41860465116279,0.2558139534883721,0.2558139534883721,0.43853820598006643,0.20542635658914726,0,백반·죽·국수,본그룹
ba_14692164,2025-08,0.5,98.75,21.5,0.25,0.25,0.17857142857142855,0.08333333333333333,0,백반·죽·국수,본그룹
ba_14692164,2025-09,0.0,0.0,0.0,0.0,0.0,0.0,0.0,0,백반·죽·국수,본그룹
ba_14692164,2025-07,1.0,201.0,46.0,0.0,0.0,0.0,0.0,1,백반·죽·국수,본그룹
ba_14692165,2025-07,0.9523809523809523,231.0,51.666666666666664,0.047619047619047616,0.047619047619047616,0.4217687074829931,0.23809523809523808,1,백반·죽·국수,본그룹
ba_14692165,2025-08,1.0,161.8,34.6,0.1,0.1,0.4,0.13333333333333333,1,백반·죽·국수,본그룹
ba_14692165,2025-09,1.0,155.66666666666666,32.666666666666664,0.0,0.0,0.42857142857142855,0.2222222222222222,0,백반·죽·국수,본그룹
ba_14692168,2025-07,0.9411764705882353,243.55882352941177,53.85294117647059,0.47058823529411764,0.47058823529411764,0.5252100840336135,0.3088235294117647,1,백반·죽·국수,본그룹
ba_14692168,2025-08,0.96875,239.84375,51.125,0.65625,0.65625,0.6294642857142857,0.3125,1,백반·죽·국수,본그룹
ba_14692168,2025-09,0.7619047619047619,183.33333333333334,38.857142857142854,0.7142857142857143,0.7142857142857143,0.5170068027210885,0.23809523809523808,0,백반·죽·국수,본그룹
ba_14692178,2025-07,0.8333333333333334,194.66666666666666,42.0,0.0,0.0,0.38095238095238093,0.13888888888888887,0,백반·죽·국수,본그룹
ba_14692178,2025-08,0.5,48.5,8.0,0.0,0.0,0.07142857142857142,0.08333333333333333,0,백반·죽·국수,본그룹
ba_14692185,2025-07,1.0,215.7058823529412,48.76470588235294,0.0,0.0,0.42857142857142855,0.2745098039215686,0,백반·죽·국수,본그룹
ba_14692185,2025-08,1.0,202.2,43.15,0.3,0.3,0.5428571428571428,0.19166666666666665,0,백반·죽·국수,본그룹
ba_14692185,2025-09,1.0,170.0,36.72727272727273,0.36363636363636365,0.36363636363636365,0.5194805194805195,0.2424242424242424,1,백반·죽·국수,본그룹
ba_14692190,2025-07,1.0,238.609756097561,52.75609756097561,0.14634146341463414,0.14634146341463414,0.42160278745644597,0.24390243902439024,1,백반·죽·국수,본그룹
ba_14692190,2025-08,1.0,249.53846153846155,54.15384615384615,0.07692307692307693,0.07692307692307693,0.4065934065934066,0.19230769230769232,0,백반·죽·국수,본그룹
ba_14692190,2025-09,1.0,269.4,56.0,0.0,0.0,0.34285714285714286,0.13333333333333333,0,백반·죽·국수,본그룹
ba_14692194,2025-07,0.0,0.0,0.0,0.0,0.0,0.0,0.0,1,백반·죽·국수,본그룹
ba_14692194,2025-09,0.5,119.75,26.25,0.0,0.0,0.25,0.125,0,백반·죽·국수,본그룹
ba_14692194,2025-08,1.0,216.7,46.5,0.3,0.3,0.5428571428571428,0.16666666666666666,1,백반·죽·국수,본그룹
ba_14692201,2025-07,0.5,113.75,24.75,0.0,0.0,0.25,0.125,1,백반·죽·국수,본그룹
ba_14692201,2025-08,0.0,0.0,0.0,0.0,0.0,0.0,0.0,0,백반·죽·국수,본그룹
ba_14692201,2025-09,1.0,209.0,48.0,1.0,1.0,0.42857142857142855,0.3333333333333333,0,백반·죽·국수,본그룹
ba_14692211,2025-07,1.0,196.23076923076923,41.69230769230769,0.0,0.0,0.42857142857142855,0.14102564102564102,1,백반·죽·국수,본그룹
ba_14692211,2025-08,1.0,242.16666666666666,51.833333333333336,0.0,0.0,0.4761904761904761,0.16666666666666666,0,백반·죽·국수,본그룹
ba_14692211,2025-09,1.0,221.33333333333334,46.666666666666664,0.0,0.0,0.3968253968253968,0.16666666666666666,0,백반·죽·국수,본그룹
ba_14692212,2025-08,1.0,188.33333333333334,39.666666666666664,0.0,0.0,0.6190476190476191,0.2222222222222222,0,백반·죽·국수,본그룹
ba_14692212,2025-09,1.0,220.66666666666666,46.0,0.6666666666666666,0.6666666666666666,0.5714285714285714,0.2222222222222222,0,백반·죽·국수,본그룹
ba_14692216,2025-07,1.0,194.54545454545453,39.90909090909091,0.5454545454545454,0.5454545454545454,0.5454545454545454,0.28787878787878785,1,백반·죽·국수,본그룹
ba_14692216,2025-08,1.0,238.4090909090909,50.90909090909091,0.09090909090909091,0.09090909090909091,0.4285714285714286,0.17424242424242423,0,백반·죽·국수,본그룹
ba_14692216,2025-09,1.0,251.1578947368421,53.8421052631579,0.10526315789473684,0.10526315789473684,0.3533834586466165,0.14912280701754385,1,백반·죽·국수,본그룹
ba_14692232,2025-07,1.0,122.5,26.5,0.0,0.0,0.14285714285714285,0.0,1,백반·죽·국수,본그룹
ba_14692232,2025-08,1.0,130.75,27.75,0.0,0.0,0.25,0.041666666666666664,0,백반·죽·국수,본그룹
ba_14692232,2025-09,1.0,191.0,40.0,0.0,0.0,0.5714285714285714,0.0,0,백반·죽·국수,본그룹
ba_14692242,2025-07,1.0,191.27272727272728,41.09090909090909,0.09090909090909091,0.09090909090909091,0.45454545454545453,0.18181818181818182,1,백반·죽·국수,본그룹
ba_14692242,2025-08,1.0,227.47368421052633,48.578947368421055,0.10526315789473684,0.10526315789473684,0.5413533834586466,0.21929824561403505,1,백반·죽·국수,본그룹
ba_14692242,2025-09,1.0,192.5,41.666666666666664,0.3333333333333333,0.3333333333333333,0.47619047619047616,0.24074074074074073,0,백반·죽·국수,본그룹
ba_14692246,2025-07,1.0,203.0,45.0,0.0,0.0,0.7142857142857142,0.41666666666666663,1,백반·죽·국수,본그룹
ba_14692246,2025-08,1.0,182.66666666666666,40.333333333333336,0.6666666666666666,0.6666666666666666,0.5714285714285714,0.3333333333333333,0,백반·죽·국수,본그룹
ba_14692246,2025-09,1.0,260.0,58.0,1.0,1.0,0.42857142857142855,0.3333333333333333,0,백반·죽·국수,본그룹
ba_14692251,2025-08,0.4838709677419355,117.70967741935483,25.93548387096774,0.06451612903225806,0.06451612903225806,0.2626728110599078,0.13440860215053763,1,백반·죽·국수,본그룹
ba_14692251,2025-09,0.07692307692307693,16.384615384615383,3.769230769230769,0.07692307692307693,0.07692307692307693,0.03296703296703297,0.02564102564102564,0,백반·죽·국수,본그룹
ba_14692251,2025-07,1.0,248.90322580645162,55.774193548387096,0.0967741935483871,0.0967741935483871,0.511520737327189,0.25268817204301075,1,백반·죽·국수,본그룹
ba_14692258,2025-08,1.0,213.75,45.0,0.0,0.0,0.42857142857142855,0.16666666666666666,1,백반·죽·국수,본그룹
ba_14692258,2025-09,1.0,129.0,27.0,0.0,0.0,0.5,0.08333333333333333,0,백반·죽·국수,본그룹
ba_14692275,2025-07,1.0,202.91666666666666,45.083333333333336,0.0,0.0,0.4761904761904761,0.23611111111111108,1,백반·죽·국수,본그룹
ba_14692275,2025-08,1.0,227.7,48.95,0.15,0.15,0.5428571428571428,0.225,1,백반·죽·국수,본그룹
ba_14692275,2025-09,1.0,217.66666666666666,46.388888888888886,0.16666666666666666,0.16666666666666666,0.5158730158730158,0.21296296296296294,0,백반·죽·국수,본그룹
ba_14692278,2025-09,0.0,0.0,0.0,0.0,0.0,0.0,0.0,0,백반·죽·국수,본그룹
ba_14692291,2025-07,0.0,0.0,0.0,0.0,0.0,0.0,0.0,1,백반·죽·국수,본그룹
ba_14692291,2025-08,0.0,0.0,0.0,0.0,0.0,0.0,0.0,0,백반·죽·국수,본그룹
ba_14692291,2025-09,0.0,0.0,0.0,0.0,0.0,0.0,0.0,1,백반·죽·국수,본그룹
ba_14692326,2025-08,0.7777777777777778,164.66666666666666,35.888888888888886,0.1111111111111111,0.1111111111111111,0.2857142857142857,0.14814814814814814,1,백반·죽·국수,본그룹
ba_14692326,2025-09,1.0,228.0,48.5,0.125,0.125,0.5357142857142857,0.1875,0,백반·죽·국수,본그룹
ba_14692339,2025-08,1.0,225.0,48.0,0.0,0.0,0.5,0.16666666666666666,0,백반·죽·국수,본그룹
ba_14692346,2025-07,0.25,65.25,14.5,0.25,0.25,0.10714285714285714,0.08333333333333333,1,백반·죽·국수,본그룹
ba_14692346,2025-08,0.09090909090909091,7.181818181818182,1.0909090909090908,0.0,0.0,0.0,0.0,1,백반·죽·국수,본그룹
ba_14692346,2025-09,0.0,0.0,0.0,0.0,0.0,0.0,0.0,0,백반·죽·국수,본그룹
ba_14692383,2025-08,0.0,0.0,0.0,0.0,0.0,0.0,0.0,0,백반·죽·국수,본그룹
ba_14692383,2025-09,0.0,0.0,0.0,0.0,0.0,0.0,0.0,1,백반·죽·국수,본그룹
ba_14692433,2025-09,0.5,112.125,24.0,0.0,0.0,0.30357142857142855,0.125,0,백반·죽·국수,본그룹
ba_14692433,2025-08,1.0,176.0,37.0,0.0,0.0,0.5714285714285714,0.16666666666666666,1,백반·죽·국수,본그룹
ba_14692434,2025-08,1.0,98.0,24.0,0.0,0.0,0.42857142857142855,0.16666666666666666,1,백반·죽·국수,본그룹
ba_14692434,2025-09,1.0,141.8,32.0,0.2,0.2,0.3714285714285714,0.16666666666666666,1,백반·죽·국수,본그룹
ba_14692439,2025-08,1.0,260.0,54.095238095238095,0.5714285714285714,0.5714285714285714,0.6530612244897959,0.15079365079365079,0,백반·죽·국수,본그룹
ba_14692439,2025-09,1.0,257.6666666666667,50.333333333333336,1.0,1.0,0.7619047619047619,0.05555555555555555,0,백반·죽·국수,본그룹
ba_14692455,2025-07,1.0,189.9375,42.53125,0.0625,0.0625,0.4375,0.19270833333333331,1,백반·죽·국수,본그룹
ba_14692455,2025-08,1.0,229.7,49.4,0.1,0.1,0.4714285714285714,0.16666666666666666,1,백반·죽·국수,본그룹
ba_14692455,2025-09,1.0,225.94444444444446,48.111111111111114,0.2222222222222222,0.2222222222222222,0.4920634920634921,0.23148148148148145,0,백반·죽·국수,본그룹
ba_14692459,2025-07,1.0,223.46666666666667,48.266666666666666,0.06666666666666667,0.06666666666666667,0.4857142857142857,0.26666666666666666,1,백반·죽·국수,본그룹
ba_14692459,2025-08,1.0,217.6153846153846,45.76923076923077,0.23076923076923078,0.23076923076923078,0.4505494505494505,0.23076923076923078,1,백반·죽·국수,본그룹
ba_14692459,2025-09,1.0,225.13333333333333,47.93333333333333,0.26666666666666666,0.26666666666666666,0.5523809523809523,0.24444444444444444,0,백반·죽·국수,본그룹
ba_14692460,2025-07,1.0,88.5,16.5,0.0,0.0,0.07142857142857142,0.0,1,백반·죽·국수,본그룹
ba_14692460,2025-08,1.0,151.0,30.0,0.0,0.0,0.0,0.0,0,백반·죽·국수,본그룹
ba_14692482,2025-07,1.0,216.4,47.6,0.2,0.2,0.45714285714285713,0.21666666666666665,1,백반·죽·국수,본그룹
ba_14692482,2025-08,1.0,181.625,38.5,0.0,0.0,0.5178571428571428,0.25,1,백반·죽·국수,본그룹
ba_14692482,2025-09,1.0,199.71428571428572,44.714285714285715,0.14285714285714285,0.14285714285714285,0.4693877551020408,0.16666666666666666,0,백반·죽·국수,본그룹
ba_14692505,2025-08,1.0,229.14285714285714,48.42857142857143,0.2857142857142857,0.2857142857142857,0.5306122448979591,0.2619047619047619,1,백반·죽·국수,본그룹
ba_14692505,2025-09,1.0,222.75,47.25,0.0,0.0,0.5714285714285714,0.20833333333333331,0,백반·죽·국수,본그룹
ba_14692549,2025-07,1.0,189.0,42.75,0.25,0.25,0.39285714285714285,0.25,1,백반·죽·국수,본그룹
ba_14692549,2025-08,1.0,218.5,46.166666666666664,0.0,0.0,0.5714285714285714,0.3055555555555555,1,백반·죽·국수,본그룹
ba_14692549,2025-09,1.0,209.5,44.5,0.5,0.5,0.42857142857142855,0.16666666666666666,0,백반·죽·국수,본그룹
ba_14692551,2025-09,1.0,160.0,35.333333333333336,0.0,0.0,0.3333333333333333,0.1111111111111111,0,백반·죽·국수,본그룹
ba_14692592,2025-08,0.5,31.5,6.0,0.0,0.0,0.0,0.0,1,백반·죽·국수,본그룹
ba_14692592,2025-09,0.3333333333333333,66.0,13.333333333333334,0.0,0.0,0.19047619047619047,0.1111111111111111,0,백반·죽·국수,본그룹
ba_14692592,2025-07,1.0,162.5,35.0,0.0,0.0,0.5,0.16666666666666666,1,백반·죽·국수,본그룹
ba_14692796,2025-08,0.2222222222222222,10.444444444444445,2.0,0.0,0.0,0.031746031746031744,0.018518518518518517,1,백반·죽·국수,본그룹
ba_14692796,2025-09,0.0,0.0,0.0,0.0,0.0,0.0,0.0,0,백반·죽·국수,본그룹
ba_14692796,2025-07,0.25,22.25,4.25,0.0,0.0,0.0,0.0,1,백반·죽·국수,본그룹
ba_14692985,2025-09,0.0,0.0,0.0,0.0,0.0,0.0,0.0,0,백반·죽·국수,본그룹
ba_14693042,2025-07,0.0,0.0,0.0,0.0,0.0,0.0,0.0,1,백반·죽·국수,본그룹
ba_14693042,2025-09,0.0,0.0,0.0,0.0,0.0,0.0,0.0,0,백반·죽·국수,본그룹
ba_14693289,2025-07,0.7,179.3,35.8,0.0,0.0,0.22857142857142856,0.06666666666666667,0,백반·죽·국수,본그룹
ba_14693289,2025-08,0.0,0.0,0.0,0.0,0.0,0.0,0.0,0,백반·죽·국수,본그룹
ba_14694145,2025-08,0.5,66.75,14.75,0.0,0.0,0.05357142857142857,0.041666666666666664,0,백반·죽·국수,본그룹
ba_14694145,2025-09,0.1,19.7,3.9,0.0,0.0,0.02857142857142857,0.0,0,백반·죽·국수,본그룹
ba_14694148,2025-07,1.0,200.8181818181818,44.63636363636363,0.36363636363636365,0.36363636363636365,0.41558441558441556,0.19696969696969696,1,백반·죽·국수,본그룹
ba_14694148,2025-08,1.0,149.5,33.333333333333336,0.16666666666666666,0.16666666666666666,0.3095238095238095,0.05555555555555555,1,백반·죽·국수,본그룹
ba_14694148,2025-09,1.0,143.66666666666666,30.0,0.3333333333333333,0.3333333333333333,0.42857142857142855,0.2222222222222222,0,백반·죽·국수,본그룹
ba_14694278,2025-07,1.0,211.875,46.75,0.125,0.125,0.5357142857142857,0.2708333333333333,1,백반·죽·국수,본그룹
ba_14694278,2025-08,1.0,113.5,23.5,0.0,0.0,0.5,0.08333333333333333,1,백반·죽·국수,본그룹
ba_14694278,2025-09,1.0,190.8,41.0,0.0,0.0,0.42857142857142855,0.13333333333333333,0,백반·죽·국수,본그룹
ba_14694287,2025-09,0.0,0.0,0.0,0.0,0.0,0.0,0.0,1,백반·죽·국수,본그룹
ba_14694390,2025-08,0.991869918699187,307.8780487804878,66.4308943089431,0.13821138211382114,0.13821138211382114,0.4436701509872241,0.16395663956639564,1,백반·죽·국수,본그룹
ba_14694390,2025-09,0.9833333333333333,387.7,80.98333333333333,0.125,0.125,0.36190476190476184,0.06944444444444443,0,백반·죽·국수,본그룹
ba_14694390,2025-07,1.0,256.9878787878788,57.60606060606061,0.06666666666666667,0.06666666666666667,0.41558441558441556,0.2313131313131313,1,백반·죽·국수,본그룹
ba_14694402,2025-07,0.0,0.0,0.0,0.0,0.0,0.0,0.0,1,백반·죽·국수,본그룹
ba_14694402,2025-08,0.0,0.0,0.0,0.0,0.0,0.0,0.0,0,백반·죽·국수,본그룹
ba_14694402,2025-09,0.0,0.0,0.0,0.0,0.0,0.0,0.0,0,백반·죽·국수,본그룹
ba_14694577,2025-09,1.0,144.66666666666666,30.0,0.3333333333333333,0.3333333333333333,0.5238095238095238,0.16666666666666666,1,백반·죽·국수,본그룹
ba_14694620,2025-07,1.0,292.64285714285717,63.285714285714285,0.07142857142857142,0.07142857142857142,0.5102040816326531,0.2261904761904762,1,백반·죽·국수,본그룹
ba_14694620,2025-08,1.0,233.6,51.2,0.0,0.0,0.45714285714285713,0.2,1,백반·죽·국수,본그룹
ba_14694620,2025-09,1.0,207.0,44.666666666666664,0.4444444444444444,0.4444444444444444,0.4920634920634921,0.18518518518518517,0,백반·죽·국수,본그룹
ba_14694670,2025-07,0.0,0.0,0.0,0.0,0.0,0.0,0.0,1,백반·죽·국수,본그룹
ba_14694670,2025-08,0.0,0.0,0.0,0.0,0.0,0.0,0.0,1,백반·죽·국수,본그룹
ba_14694670,2025-09,0.5,111.0,24.0,0.5,0.5,0.14285714285714285,0.08333333333333333,0,백반·죽·국수,본그룹
ba_14694671,2025-07,1.0,214.16666666666666,48.333333333333336,0.0,0.0,0.45238095238095233,0.2222222222222222,0,백반·죽·국수,본그룹
ba_14694671,2025-08,1.0,212.0,46.5,0.0,0.0,0.5714285714285714,0.16666666666666666,0,백반·죽·국수,본그룹
ba_14695006,2025-07,0.5,97.25,21.5,0.25,0.25,0.25,0.125,1,백반·죽·국수,본그룹
ba_14695006,2025-08,0.3333333333333333,38.666666666666664,8.666666666666666,0.0,0.0,0.09523809523809523,0.05555555555555555,0,백반·죽·국수,본그룹
ba_14695006,2025-09,1.0,121.5,27.5,0.0,0.0,0.42857142857142855,0.08333333333333333,0,백반·죽·국수,본그룹
ba_14695008,2025-08,0.5,100.5,20.5,0.5,0.5,0.14285714285714285,0.16666666666666666,1,백반·죽·국수,본그룹
ba_14695008,2025-09,0.0,0.0,0.0,0.0,0.0,0.0,0.0,1,백반·죽·국수,본그룹
ba_14695290,2025-08,0.0,0.0,0.0,0.0,0.0,0.0,0.0,1,백반·죽·국수,본그룹
ba_14695290,2025-09,0.0,0.0,0.0,0.0,0.0,0.0,0.0,1,백반·죽·국수,본그룹
ba_14695958,2025-08,0.0,0.0,0.0,0.0,0.0,0.0,0.0,0,백반·죽·국수,본그룹
ba_14695958,2025-09,0.0,0.0,0.0,0.0,0.0,0.0,0.0,1,백반·죽·국수,본그룹
ba_14695958,2025-07,0.25,25.75,5.25,0.25,0.25,0.14285714285714285,0.041666666666666664,0,백반·죽·국수,본그룹
ba_14698239,2025-07,0.0,0.0,0.0,0.0,0.0,0.0,0.0,0,백반·죽·국수,본그룹
ba_14698239,2025-08,1.0,81.0,18.0,0.0,0.0,0.14285714285714285,0.0,0,백반·죽·국수,본그룹
ba_14698364,2025-07,1.0,178.22222222222223,37.0,0.0,0.0,0.23809523809523808,0.07407407407407407,1,백반·죽·국수,본그룹
ba_14698364,2025-08,1.0,193.7391304347826,42.04347826086956,0.2608695652173913,0.2608695652173913,0.4409937888198758,0.15217391304347827,1,백반·죽·국수,본그룹
ba_14698364,2025-09,1.0,203.75,44.1875,0.0,0.0,0.5,0.26041666666666663,1,백반·죽·국수,본그룹
ba_14699201,2025-08,1.0,132.0,31.0,0.5,0.5,0.3571428571428571,0.0,1,백반·죽·국수,본그룹
ba_14699201,2025-09,1.0,199.0,41.0,0.5,0.5,0.5714285714285714,0.25,0,백반·죽·국수,본그룹
ba_14699399,2025-07,0.3958333333333333,181.02083333333334,41.3125,0.375,0.375,0.20833333333333334,0.12152777777777778,0,치킨,굽네치킨
ba_14699399,2025-08,0.7058823529411765,21.705882352941178,4.0,0.029411764705882353,0.029411764705882353,0.0,0.0,0,치킨,굽네치킨
ba_14699399,2025-09,0.8888888888888888,98.93333333333334,21.42222222222222,0.044444444444444446,0.044444444444444446,0.14920634920634918,0.08888888888888889,0,치킨,굽네치킨
ba_14699649,2025-08,0.8571428571428571,144.85714285714286,31.142857142857142,0.14285714285714285,0.14285714285714285,0.30612244897959184,0.11904761904761904,0,치킨,굽네치킨
ba_14699649,2025-09,0.9285714285714286,149.71428571428572,32.142857142857146,0.0,0.0,0.26530612244897955,0.10714285714285714,0,치킨,굽네치킨
ba_14699649,2025-07,1.0,118.75,24.5,0.16666666666666666,0.16666666666666666,0.35714285714285715,0.125,0,치킨,굽네치킨
ba_14700021,2025-07,0.02631578947368421,3.4210526315789473,0.5263157894736842,0.0,0.0,0.0,0.0,1,치킨,굽네치킨
ba_14700021,2025-08,0.3235294117647059,73.6470588235294,17.294117647058822,0.029411764705882353,0.029411764705882353,0.050420168067226885,0.053921568627450976,0,치킨,굽네치킨
ba_14700021,2025-09,0.6428571428571429,138.75,32.32142857142857,0.03571428571428571,0.03571428571428571,0.1377551020408163,0.125,0,치킨,굽네치킨
ba_14700213,2025-08,1.0,262.5,55.5,0.0,0.0,0.5714285714285714,0.3333333333333333,0,백반·죽·국수,본그룹
ba_14700213,2025-09,1.0,182.0,38.5,0.0,0.0,0.42857142857142855,0.25,1,백반·죽·국수,본그룹
ba_14700905,2025-09,1.0,175.8,37.6,0.0,0.0,0.5428571428571428,0.2333333333333333,1,백반·죽·국수,본그룹
ba_14701137,2025-07,0.0,0.0,0.0,0.0,0.0,0.0,0.0,0,백반·죽·국수,본그룹
ba_14701137,2025-08,0.0,0.0,0.0,0.0,0.0,0.0,0.0,1,백반·죽·국수,본그룹
ba_14701137,2025-09,0.0,0.0,0.0,0.0,0.0,0.0,0.0,1,백반·죽·국수,본그룹
ba_14701165,2025-09,0.0,0.0,0.0,0.0,0.0,0.0,0.0,0,백반·죽·국수,본그룹
ba_14702063,2025-09,1.0,147.66666666666666,30.0,0.0,0.0,0.23809523809523805,0.0,1,백반·죽·국수,본그룹
ba_14702120,2025-07,1.0,152.0,31.0,0.0,0.0,0.14285714285714285,0.0,0,백반·죽·국수,본그룹
ba_14702120,2025-08,1.0,53.0,12.0,0.0,0.0,0.14285714285714285,0.0,0,백반·죽·국수,본그룹
ba_14702996,2025-08,1.0,133.0,30.0,0.0,0.0,0.42857142857142855,0.0,0,백반·죽·국수,본그룹
ba_14703930,2025-07,1.0,221.83333333333334,50.166666666666664,0.0,0.0,0.42857142857142855,0.2222222222222222,1,백반·죽·국수,본그룹
ba_14703930,2025-08,1.0,178.8,39.8,0.4,0.4,0.34285714285714286,0.2333333333333333,1,백반·죽·국수,본그룹
ba_14703930,2025-09,1.0,156.0,35.0,0.0,0.0,0.7142857142857143,0.3333333333333333,0,백반·죽·국수,본그룹
ba_14706394,2025-08,1.0,162.1,34.8,0.1,0.1,0.42857142857142855,0.11666666666666665,1,백반·죽·국수,본그룹
ba_14706394,2025-09,1.0,175.125,36.5,0.75,0.75,0.5,0.10416666666666666,1,백반·죽·국수,본그룹
ba_14708789,2025-08,0.0,0.0,0.0,0.0,0.0,0.0,0.0,1,백반·죽·국수,본그룹
ba_14708929,2025-07,0.0,0.0,0.0,0.0,0.0,0.0,0.0,0,치킨,굽네치킨
ba_14708929,2025-08,0.25,56.75,13.5,0.0,0.0,0.03571428571428571,0.041666666666666664,0,치킨,굽네치킨
ba_14708929,2025-09,1.0,227.0,54.0,0.0,0.0,0.14285714285714285,0.16666666666666666,0,치킨,굽네치킨
ba_14712294,2025-07,1.0,235.4814814814815,51.925925925925924,0.037037037037037035,0.037037037037037035,0.5291005291005291,0.21604938271604937,1,백반·죽·국수,본그룹
ba_14712294,2025-08,1.0,219.0,47.3,0.15,0.15,0.5428571428571428,0.2333333333333333,0,백반·죽·국수,본그룹
ba_14712294,2025-09,1.0,222.15384615384616,47.30769230769231,0.3076923076923077,0.3076923076923077,0.4835164835164835,0.2564102564102564,0,백반·죽·국수,본그룹
ba_14712797,2025-07,1.0,156.7,31.0,0.4,0.4,0.2571428571428571,0.06666666666666667,0,치킨,굽네치킨
ba_14712797,2025-08,1.0,155.16666666666666,30.666666666666668,0.0,0.0,0.22619047619047616,0.05555555555555555,1,치킨,굽네치킨
ba_14712797,2025-09,1.0,124.9,23.8,0.0,0.0,0.2,0.0,1,치킨,굽네치킨
ba_14714062,2025-08,0.75,135.58333333333334,29.583333333333332,0.16666666666666666,0.16666666666666666,0.35714285714285715,0.1111111111111111,1,백반·죽·국수,본그룹
ba_14714062,2025-07,1.0,227.64705882352942,51.705882352941174,0.058823529411764705,0.058823529411764705,0.42857142857142855,0.18627450980392157,1,백반·죽·국수,본그룹
ba_14714062,2025-09,1.0,134.14285714285714,28.0,0.14285714285714285,0.14285714285714285,0.2653061224489796,0.07142857142857142,0,백반·죽·국수,본그룹
ba_14714070,2025-08,1.0,88.0,17.0,0.0,0.0,0.14285714285714285,0.0,0,백반·죽·국수,본그룹
ba_14715313,2025-07,0.13333333333333333,25.666666666666668,5.566666666666666,0.03333333333333333,0.03333333333333333,0.019047619047619046,0.01111111111111111,0,치킨,굽네치킨
ba_14715313,2025-08,0.0625,9.125,2.0,0.0,0.0,0.008928571428571428,0.0,0,치킨,굽네치킨
ba_14715313,2025-09,0.6842105263157895,99.89473684210526,20.526315789473685,0.21052631578947367,0.21052631578947367,0.3308270676691729,0.10526315789473684,0,치킨,굽네치킨
ba_14716102,2025-08,1.0,182.8,39.0,0.0,0.0,0.5714285714285714,0.2,1,백반·죽·국수,본그룹
ba_14716102,2025-09,1.0,180.83333333333334,38.666666666666664,0.5,0.5,0.3095238095238095,0.027777777777777776,1,백반·죽·국수,본그룹
ba_14716332,2025-09,0.9921259842519685,354.6062992125984,79.49606299212599,0.9606299212598425,0.9606299212598425,0.01124859392575928,0.007874015748031496,0,치킨,굽네치킨
ba_14716332,2025-07,0.9893617021276596,350.3723404255319,79.14893617021276,0.9893617021276596,0.9893617021276596,0.0,0.0,0,치킨,굽네치킨
ba_14716332,2025-08,1.0,357.01612903225805,80.80645161290323,1.0,1.0,0.002304147465437788,0.0026881720430107525,1,치킨,굽네치킨
ba_14719522,2025-08,1.0,204.0,47.0,0.0,0.0,0.5714285714285714,0.0,0,백반·죽·국수,본그룹
ba_14719522,2025-09,1.0,242.0,54.5,0.0,0.0,0.14285714285714285,0.0,0,백반·죽·국수,본그룹
ba_14719554,2025-08,0.8888888888888888,158.4814814814815,34.407407407407405,0.037037037037037035,0.037037037037037035,0.291005291005291,0.11728395061728394,1,백반·죽·국수,본그룹
ba_14719554,2025-07,0.6521739130434783,101.43478260869566,21.695652173913043,0.17391304347826086,0.17391304347826086,0.2670807453416149,0.10144927536231883,0,백반·죽·국수,본그룹
ba_14719554,2025-09,1.0,174.76,37.88,0.16,0.16,0.4914285714285714,0.24,1,백반·죽·국수,본그룹
ba_14720262,2025-07,0.0,0.0,0.0,0.0,0.0,0.0,0.0,0,치킨,굽네치킨
ba_14720263,2025-09,1.0,177.0,38.666666666666664,0.0,0.0,0.23809523809523805,0.1111111111111111,0,피자,굽네치킨
ba_14720368,2025-07,1.0,163.75,34.5,0.25,0.25,0.3571428571428571,0.125,0,백반·죽·국수,본그룹
ba_14720368,2025-08,1.0,197.71428571428572,42.142857142857146,0.23809523809523808,0.23809523809523808,0.48979591836734687,0.20634920634920634,0,백반·죽·국수,본그룹
ba_14720368,2025-09,1.0,180.75,38.4375,0.125,0.125,0.4732142857142857,0.19791666666666666,1,백반·죽·국수,본그룹
ba_14721018,2025-07,0.0,0.0,0.0,0.0,0.0,0.0,0.0,1,치킨,굽네치킨
ba_14721018,2025-08,0.75,116.75,25.25,0.5,0.5,0.21428571428571427,0.08333333333333333,0,치킨,굽네치킨
ba_14721018,2025-09,1.0,184.6,41.2,0.0,0.0,0.2571428571428571,0.16666666666666666,0,치킨,굽네치킨
ba_14725485,2025-08,1.0,103.5,19.0,0.0,0.0,0.14285714285714285,0.0,1,치킨,굽네치킨
ba_14725627,2025-07,1.0,150.0,32.0,0.0,0.0,0.42857142857142855,0.0,1,백반·죽·국수,본그룹
ba_14725627,2025-09,1.0,195.42857142857142,42.285714285714285,0.14285714285714285,0.14285714285714285,0.3469387755102041,0.14285714285714285,0,백반·죽·국수,본그룹
ba_14726472,2025-07,1.0,129.82291666666666,28.114583333333332,0.1875,0.1875,0.4047619047619047,0.1440972222222222,0,치킨,굽네치킨
ba_14726472,2025-08,1.0,112.5945945945946,24.054054054054053,0.13513513513513514,0.13513513513513514,0.24517374517374516,0.0518018018018018,1,치킨,굽네치킨
ba_14726472,2025-09,1.0,113.62337662337663,24.16883116883117,0.1038961038961039,0.1038961038961039,0.3191094619666048,0.08008658008658008,1,치킨,굽네치킨
ba_14726741,2025-08,0.0,0.0,0.0,0.0,0.0,0.0,0.0,1,백반·죽·국수,본그룹
ba_14726741,2025-09,0.0,0.0,0.0,0.0,0.0,0.0,0.0,0,백반·죽·국수,본그룹
ba_14727030,2025-07,1.0,226.0,51.5,0.0,0.0,0.25,0.08333333333333333,1,백반·죽·국수,본그룹
ba_14727030,2025-08,1.0,255.2,54.8,0.0,0.0,0.42857142857142855,0.13333333333333333,1,백반·죽·국수,본그룹
ba_14727030,2025-09,1.0,224.77777777777777,50.111111111111114,0.0,0.0,0.2698412698412698,0.09259259259259259,0,백반·죽·국수,본그룹
ba_14727064,2025-07,1.0,270.0,59.166666666666664,0.0,0.0,0.4047619047619047,0.16666666666666666,1,백반·죽·국수,본그룹
ba_14727064,2025-08,1.0,224.44444444444446,50.44444444444444,0.1111111111111111,0.1111111111111111,0.36507936507936506,0.14814814814814814,1,백반·죽·국수,본그룹
ba_14727064,2025-09,1.0,227.9,49.9,0.1,0.1,0.4,0.2,0,백반·죽·국수,본그룹
ba_14728444,2025-07,0.6666666666666666,154.33333333333334,34.666666666666664,0.0,0.0,0.3333333333333333,0.16666666666666666,1,백반·죽·국수,본그룹
ba_14728444,2025-08,1.0,174.0,36.333333333333336,0.3333333333333333,0.3333333333333333,0.38095238095238093,0.1111111111111111,0,백반·죽·국수,본그룹
ba_14728839,2025-08,0.0,0.0,0.0,0.0,0.0,0.0,0.0,0,치킨,굽네치킨
ba_14728839,2025-09,0.0,0.0,0.0,0.0,0.0,0.0,0.0,1,치킨,굽네치킨
ba_14729038,2025-09,0.8,265.8,58.8,0.4,0.4,0.2857142857142857,0.13333333333333333,0,치킨,굽네치킨
ba_14729038,2025-08,1.0,410.8333333333333,90.66666666666667,0.8333333333333334,0.8333333333333334,0.5,0.19444444444444442,1,치킨,굽네치킨
ba_14729159,2025-07,1.0,135.76388888888889,28.208333333333332,0.09722222222222222,0.09722222222222222,0.16567460317460314,0.1076388888888889,1,치킨,굽네치킨
ba_14729159,2025-08,1.0,132.9027027027027,27.45945945945946,0.05405405405405406,0.05405405405405406,0.183011583011583,0.1099099099099099,1,치킨,굽네치킨
ba_14729159,2025-09,1.0,130.11144578313252,26.710843373493976,0.03614457831325301,0.03614457831325301,0.1940619621342513,0.10893574297188754,1,치킨,굽네치킨
ba_14729784,2025-07,0.4,53.57142857142857,10.2,0.0,0.0,0.16734693877551018,0.03809523809523809,0,치킨,굽네치킨
ba_14729784,2025-08,0.0,0.0,0.0,0.0,0.0,0.0,0.0,1,치킨,굽네치킨
ba_14729784,2025-09,1.0,161.5151515151515,35.09090909090909,0.15151515151515152,0.15151515151515152,0.35064935064935066,0.1313131313131313,1,치킨,굽네치킨
ba_14729971,2025-07,0.07407407407407407,4.666666666666667,0.9629629629629629,0.0,0.0,0.010582010582010581,0.012345679012345678,0,치킨,굽네치킨
ba_14729971,2025-08,0.4444444444444444,99.33333333333333,23.0,0.1111111111111111,0.1111111111111111,0.09523809523809523,0.09259259259259259,0,치킨,굽네치킨
ba_14729971,2025-09,0.6363636363636364,141.9090909090909,33.45454545454545,0.09090909090909091,0.09090909090909091,0.11688311688311687,0.1212121212121212,1,치킨,굽네치킨
ba_14730328,2025-08,1.0,154.0,28.0,0.0,0.0,0.5714285714285714,0.3333333333333333,1,백반·죽·국수,본그룹
ba_14730330,2025-08,1.0,216.0,48.0,1.0,1.0,0.2857142857142857,0.16666666666666666,1,백반·죽·국수,본그룹
ba_14730330,2025-09,1.0,105.5625,23.25,0.0,0.0,0.29464285714285715,0.010416666666666666,1,백반·죽·국수,본그룹
ba_14731363,2025-08,1.0,165.0,35.75,0.0,0.0,0.10714285714285714,0.16666666666666666,0,백반·죽·국수,본그룹
ba_14731363,2025-09,1.0,201.33333333333334,44.666666666666664,0.3333333333333333,0.3333333333333333,0.14285714285714285,0.16666666666666666,0,백반·죽·국수,본그룹
ba_14732026,2025-09,1.0,187.38690476190476,39.55654761904762,0.011904761904761904,0.011904761904761904,0.2572278911564626,0.07539682539682539,0,치킨,굽네치킨
ba_14732026,2025-08,1.0,172.14973262032086,34.75935828877005,0.016042780748663103,0.016042780748663103,0.280366692131398,0.0035650623885918,1,치킨,굽네치킨
ba_14732355,2025-07,0.25,54.5,11.5,0.0,0.0,0.14285714285714285,0.08333333333333333,1,백반·죽·국수,본그룹
ba_14732355,2025-08,0.8333333333333334,167.25,35.666666666666664,0.16666666666666666,0.16666666666666666,0.44047619047619047,0.23611111111111108,1,백반·죽·국수,본그룹
ba_14732355,2025-09,1.0,176.33333333333334,38.46666666666667,0.06666666666666667,0.06666666666666667,0.3904761904761905,0.15555555555555553,0,백반·죽·국수,본그룹
ba_14732602,2025-07,0.0,0.0,0.0,0.0,0.0,0.0,0.0,0,치킨,굽네치킨
ba_14732602,2025-08,0.16666666666666666,37.833333333333336,9.0,0.0,0.0,0.023809523809523808,0.027777777777777776,0,치킨,굽네치킨
ba_14732602,2025-09,1.0,227.0,54.0,0.0,0.0,0.14285714285714285,0.16666666666666666,0,치킨,굽네치킨
ba_14733665,2025-08,0.2,15.0,3.2,0.0,0.0,0.05714285714285714,0.0,0,치킨,굽네치킨
ba_14733665,2025-09,0.0,0.0,0.0,0.0,0.0,0.0,0.0,0,치킨,굽네치킨
ba_14733665,2025-07,1.0,55.1,9.2,0.0,0.0,0.14285714285714285,0.0,0,치킨,굽네치킨
ba_14735216,2025-07,0.9714285714285714,222.97142857142856,49.82857142857143,0.08571428571428572,0.08571428571428572,0.49387755102040815,0.2571428571428571,1,백반·죽·국수,본그룹
ba_14735216,2025-08,0.8888888888888888,193.94444444444446,41.77777777777778,0.2777777777777778,0.2777777777777778,0.45238095238095233,0.21296296296296294,1,백반·죽·국수,본그룹
ba_14735216,2025-09,0.0,0.0,0.0,0.0,0.0,0.0,0.0,0,백반·죽·국수,본그룹
ba_14735878,2025-08,1.0,189.8181818181818,41.0,0.36363636363636365,0.36363636363636365,0.5064935064935064,0.18181818181818182,1,백반·죽·국수,본그룹
ba_14735878,2025-09,1.0,217.5,46.416666666666664,0.16666666666666666,0.16666666666666666,0.5476190476190476,0.25,1,백반·죽·국수,본그룹
ba_14736681,2025-07,1.0,264.125,58.25,0.125,0.125,0.46428571428571425,0.1875,1,백반·죽·국수,본그룹
ba_14736681,2025-08,1.0,281.6666666666667,60.333333333333336,0.0,0.0,0.2857142857142857,0.1111111111111111,0,백반·죽·국수,본그룹
ba_14736681,2025-09,1.0,179.0,38.0,0.0,0.0,0.5714285714285714,0.16666666666666666,0,백반·죽·국수,본그룹
ba_14736683,2025-07,1.0,264.94736842105266,58.36842105263158,0.0,0.0,0.3458646616541353,0.20614035087719298,1,백반·죽·국수,본그룹
ba_14736683,2025-08,1.0,276.225,59.25,0.125,0.125,0.4678571428571428,0.18333333333333332,1,백반·죽·국수,본그룹
ba_14736683,2025-09,1.0,252.52,53.12,0.28,0.28,0.4857142857142857,0.2,0,백반·죽·국수,본그룹
ba_14736722,2025-07,0.0,0.0,0.0,0.0,0.0,0.0,0.0,1,치킨,굽네치킨
ba_14736722,2025-08,0.0,0.0,0.0,0.0,0.0,0.0,0.0,1,치킨,굽네치킨
ba_14736722,2025-09,1.0,196.71428571428572,44.857142857142854,0.0,0.0,0.22448979591836735,0.16666666666666666,0,치킨,굽네치킨
ba_14737726,2025-07,0.9594594594594594,192.67567567567568,43.2972972972973,0.25675675675675674,0.25675675675675674,0.637065637065637,0.3108108108108108,1,치킨,굽네치킨
ba_14737726,2025-08,0.9666666666666667,154.08333333333334,33.35,0.15,0.15,0.430952380952381,0.2,0,치킨,굽네치킨
ba_14737726,2025-09,0.9759036144578314,177.3975903614458,38.75903614457831,0.0963855421686747,0.0963855421686747,0.38898450946643714,0.21686746987951808,0,치킨,굽네치킨
ba_14739745,2025-07,0.058823529411764705,13.529411764705882,2.9411764705882355,0.058823529411764705,0.058823529411764705,0.01680672268907563,0.00980392156862745,1,치킨,굽네치킨
ba_14739745,2025-08,0.5833333333333334,92.58333333333333,20.25,0.16666666666666666,0.16666666666666666,0.17857142857142858,0.09722222222222221,0,치킨,굽네치킨
ba_14739745,2025-09,1.0,198.83783783783784,44.567567567567565,0.13513513513513514,0.13513513513513514,0.2625482625482625,0.17567567567567569,0,치킨,굽네치킨
ba_14739746,2025-07,0.0,0.0,0.0,0.0,0.0,0.0,0.0,0,피자,굽네치킨
ba_14739746,2025-09,1.0,175.75,39.5,0.0,0.0,0.17857142857142855,0.125,1,피자,굽네치킨
ba_14739815,2025-07,1.0,164.57627118644066,29.338983050847457,0.06779661016949153,0.06779661016949153,0.22518159806295399,0.07344632768361581,0,치킨,굽네치킨
ba_14739815,2025-08,1.0,153.625,26.803571428571427,0.017857142857142856,0.017857142857142856,0.20918367346938774,0.044642857142857144,0,치킨,굽네치킨
ba_14739815,2025-09,1.0,142.86153846153846,27.53846153846154,0.09230769230769231,0.09230769230769231,0.2813186813186813,0.05897435897435897,1,치킨,굽네치킨
ba_14740022,2025-07,0.125,22.0,4.75,0.0,0.0,0.0,0.0,0,치킨,굽네치킨
ba_14740022,2025-08,0.6666666666666666,128.0,28.5,0.0,0.0,0.09523809523809523,0.1111111111111111,0,치킨,굽네치킨
ba_14740022,2025-09,0.8571428571428571,173.14285714285714,38.57142857142857,0.0,0.0,0.12244897959183673,0.14285714285714285,0,치킨,굽네치킨
ba_14740239,2025-07,1.0,55.2,10.4,0.0,0.0,0.08571428571428572,0.03333333333333333,0,치킨,굽네치킨
ba_14740239,2025-08,1.0,123.66666666666667,26.666666666666668,0.0,0.0,0.14285714285714285,0.05555555555555555,0,치킨,굽네치킨
ba_14740239,2025-09,1.0,75.0,15.0,0.0,0.0,0.14285714285714285,0.0,0,치킨,굽네치킨
ba_14741847,2025-07,1.0,187.12121212121212,40.84848484848485,0.12121212121212122,0.12121212121212122,0.30735930735930733,0.05555555555555555,0,치킨,굽네치킨
ba_14741847,2025-08,1.0,196.5625,43.53125,0.125,0.125,0.24553571428571427,0.057291666666666664,0,치킨,굽네치킨
ba_14741847,2025-09,1.0,206.25,46.125,0.0,0.0,0.19642857142857142,0.0625,0,치킨,굽네치킨
ba_14742704,2025-08,1.0,137.33333333333334,29.666666666666668,0.3333333333333333,0.3333333333333333,0.3333333333333333,0.1111111111111111,1,백반·죽·국수,본그룹
ba_14742705,2025-09,0.9,181.3,39.1,0.4,0.4,0.34285714285714286,0.15,0,백반·죽·국수,본그룹
ba_14742705,2025-07,1.0,208.66666666666666,46.166666666666664,0.0,0.0,0.46825396825396826,0.25,1,백반·죽·국수,본그룹
ba_14742705,2025-08,1.0,196.28571428571428,41.857142857142854,0.0,0.0,0.4897959183673469,0.19047619047619047,1,백반·죽·국수,본그룹
ba_14743271,2025-07,1.0,51.8,10.6,0.0,0.0,0.04285714285714286,0.0,1,백반·죽·국수,본그룹
ba_14743271,2025-08,1.0,116.04347826086956,24.434782608695652,0.0,0.0,0.24844720496894407,0.11594202898550723,1,백반·죽·국수,본그룹
ba_14743271,2025-09,1.0,117.78571428571429,25.214285714285715,0.0,0.0,0.25510204081632654,0.11904761904761904,1,백반·죽·국수,본그룹
ba_14743731,2025-08,1.0,185.0,41.0,1.0,1.0,0.5714285714285714,0.16666666666666666,0,백반·죽·국수,본그룹
ba_14743732,2025-07,1.0,216.70833333333334,47.833333333333336,0.16666666666666666,0.16666666666666666,0.46428571428571425,0.2222222222222222,1,백반·죽·국수,본그룹
ba_14743732,2025-08,1.0,235.41666666666666,51.583333333333336,0.0,0.0,0.4880952380952381,0.25,1,백반·죽·국수,본그룹
ba_14743732,2025-09,1.0,252.8,53.0,0.2,0.2,0.5142857142857142,0.2333333333333333,0,백반·죽·국수,본그룹
ba_14744329,2025-08,0.0,0.0,0.0,0.0,0.0,0.0,0.0,1,백반·죽·국수,본그룹
ba_14744329,2025-09,1.0,207.0,42.5,0.5,0.5,0.2857142857142857,0.25,0,백반·죽·국수,본그룹
ba_14744706,2025-08,1.0,74.2,15.0,0.0,0.0,0.2,0.0,1,백반·죽·국수,본그룹
ba_14744959,2025-07,1.0,148.83333333333334,30.0,0.0,0.0,0.25595238095238093,0.013888888888888888,1,치킨,굽네치킨
ba_14744959,2025-08,1.0,171.33333333333334,37.27272727272727,0.09090909090909091,0.09090909090909091,0.31601731601731603,0.10606060606060606,0,치킨,굽네치킨
ba_14744959,2025-09,1.0,187.8,40.70909090909091,0.07272727272727272,0.07272727272727272,0.32727272727272727,0.12727272727272726,0,치킨,굽네치킨
ba_14746052,2025-08,1.0,204.0,43.8,0.0,0.0,0.2571428571428571,0.0,1,백반·죽·국수,본그룹
ba_14746052,2025-09,1.0,220.66666666666666,47.666666666666664,0.0,0.0,0.38095238095238093,0.19444444444444442,0,백반·죽·국수,본그룹
ba_14746216,2025-07,1.0,78.75,14.5,0.0,0.0,0.17857142857142855,0.041666666666666664,0,치킨,굽네치킨
ba_14746216,2025-08,1.0,98.75,19.166666666666668,0.0,0.0,0.09523809523809523,0.05555555555555555,0,치킨,굽네치킨
ba_14746216,2025-09,1.0,124.33333333333333,25.0,0.0,0.0,0.09523809523809523,0.05555555555555555,0,치킨,굽네치킨
ba_14747382,2025-07,1.0,222.72727272727272,46.72727272727273,1.0,1.0,0.5064935064935064,0.19696969696969696,0,치킨,굽네치킨
ba_14747382,2025-08,1.0,217.77777777777777,47.166666666666664,0.7222222222222222,0.7222222222222222,0.46825396825396826,0.16666666666666666,0,치킨,굽네치킨
ba_14747382,2025-09,1.0,269.9583333333333,59.541666666666664,0.25,0.25,0.2797619047619047,0.1111111111111111,0,치킨,굽네치킨
ba_14749296,2025-07,0.012195121951219513,4.7926829268292686,1.0121951219512195,0.0,0.0,0.005226480836236933,0.002032520325203252,0,치킨,굽네치킨
ba_14749296,2025-08,0.017241379310344827,4.310344827586207,0.9482758620689655,0.017241379310344827,0.017241379310344827,0.009852216748768473,0.005747126436781609,0,치킨,굽네치킨
ba_14749296,2025-09,0.037037037037037035,7.296296296296297,1.6296296296296295,0.037037037037037035,0.037037037037037035,0.015873015873015872,0.012345679012345678,0,치킨,굽네치킨
ba_14753110,2025-08,0.8888888888888888,134.22222222222223,28.0,0.2222222222222222,0.2222222222222222,0.2222222222222222,0.07407407407407407,0,백반·죽·국수,본그룹
ba_14753110,2025-09,1.0,144.66666666666666,31.0,0.0,0.0,0.42857142857142855,0.16666666666666666,0,백반·죽·국수,본그룹
ba_14754395,2025-07,0.0,0.0,0.0,0.0,0.0,0.0,0.0,0,치킨,굽네치킨
ba_14754893,2025-07,1.0,119.16666666666667,22.5,0.0,0.0,0.3095238095238095,0.05555555555555555,1,백반·죽·국수,본그룹
ba_14754893,2025-08,1.0,143.25806451612902,27.129032258064516,0.0,0.0,0.1889400921658986,0.03763440860215053,1,백반·죽·국수,본그룹
ba_14754893,2025-09,1.0,132.5625,24.9375,0.0,0.0,0.21428571428571427,0.05208333333333333,1,백반·죽·국수,본그룹
ba_14754936,2025-07,1.0,72.33333333333333,12.555555555555555,0.0,0.0,0.5714285714285714,0.16666666666666666,0,치킨,굽네치킨
ba_14754936,2025-08,1.0,123.0,24.25,0.25,0.25,0.5714285714285714,0.20833333333333331,1,치킨,굽네치킨
ba_14754936,2025-09,1.0,149.0,31.0,0.1,0.1,0.32857142857142857,0.13333333333333333,1,치킨,굽네치킨
ba_14756247,2025-09,1.0,177.66666666666666,38.0,0.0,0.0,0.2857142857142857,0.16666666666666666,1,백반·죽·국수,본그룹
ba_14756888,2025-07,1.0,234.9090909090909,52.54545454545455,0.09090909090909091,0.09090909090909091,0.48376623376623373,0.2689393939393939,1,백반·죽·국수,본그룹
ba_14756888,2025-08,1.0,217.92105263157896,47.28947368421053,0.15789473684210525,0.15789473684210525,0.5601503759398496,0.24561403508771926,0,백반·죽·국수,본그룹
ba_14756888,2025-09,1.0,223.88888888888889,47.77777777777778,0.3333333333333333,0.3333333333333333,0.5238095238095238,0.2037037037037037,0,백반·죽·국수,본그룹
ba_14756889,2025-09,1.0,108.0,25.0,0.0,0.0,0.5714285714285714,0.16666666666666666,1,백반·죽·국수,본그룹
ba_14757543,2025-07,0.0,0.0,0.0,0.0,0.0,0.0,0.0,1,치킨,굽네치킨
ba_14757543,2025-08,0.6833333333333333,118.9,26.25,0.05,0.05,0.2119047619047619,0.1,0,치킨,굽네치킨
ba_14757543,2025-09,0.8611111111111112,165.52777777777777,36.861111111111114,0.1111111111111111,0.1111111111111111,0.2222222222222222,0.1388888888888889,0,치킨,굽네치킨
ba_14757711,2025-07,0.09090909090909091,20.272727272727273,4.363636363636363,0.09090909090909091,0.09090909090909091,0.025974025974025972,0.01515151515151515,1,치킨,굽네치킨
ba_14757711,2025-08,0.42857142857142855,96.85714285714286,22.285714285714285,0.14285714285714285,0.14285714285714285,0.08163265306122448,0.07142857142857142,0,치킨,굽네치킨
ba_14757711,2025-09,0.5,113.5,27.0,0.0,0.0,0.07142857142857142,0.08333333333333333,0,치킨,굽네치킨
ba_14758255,2025-07,0.0,0.0,0.0,0.0,0.0,0.0,0.0,1,치킨,굽네치킨
ba_14758255,2025-08,0.25,56.75,13.5,0.0,0.0,0.03571428571428571,0.041666666666666664,0,치킨,굽네치킨
ba_14758255,2025-09,1.0,200.5,46.0,0.0,0.0,0.21428571428571427,0.16666666666666666,0,치킨,굽네치킨
ba_14760741,2025-08,1.0,226.0,48.0,0.0,0.0,0.3571428571428571,0.16666666666666666,1,백반·죽·국수,본그룹
ba_14760741,2025-09,1.0,182.5,38.5,0.0,0.0,0.42857142857142855,0.16666666666666666,0,백반·죽·국수,본그룹
ba_14760742,2025-07,1.0,177.08333333333334,38.416666666666664,0.4166666666666667,0.4166666666666667,0.5119047619047619,0.18055555555555555,1,백반·죽·국수,본그룹
ba_14760742,2025-08,1.0,202.83333333333334,43.666666666666664,0.16666666666666666,0.16666666666666666,0.4047619047619047,0.13888888888888887,1,백반·죽·국수,본그룹
ba_14760742,2025-09,1.0,213.3,46.25,0.3,0.3,0.5,0.19166666666666665,1,백반·죽·국수,본그룹
ba_14762166,2025-09,0.0,0.0,0.0,0.0,0.0,0.0,0.0,0,백반·죽·국수,본그룹
ba_14766646,2025-08,1.0,217.33333333333334,44.0,0.3333333333333333,0.3333333333333333,0.5238095238095238,0.16666666666666666,1,백반·죽·국수,본그룹
ba_14766646,2025-09,1.0,206.75,43.75,0.75,0.75,0.5,0.20833333333333331,0,백반·죽·국수,본그룹
ba_14766647,2025-07,1.0,157.25,32.75,0.25,0.25,0.42857142857142855,0.08333333333333333,1,백반·죽·국수,본그룹
ba_14766647,2025-08,1.0,214.08333333333334,45.083333333333336,0.16666666666666666,0.16666666666666666,0.5476190476190476,0.16666666666666666,1,백반·죽·국수,본그룹
ba_14766647,2025-09,1.0,196.94117647058823,41.88235294117647,0.35294117647058826,0.35294117647058826,0.4621848739495798,0.18627450980392157,0,백반·죽·국수,본그룹
ba_14766686,2025-07,0.9791666666666666,492.78125,93.09375,0.08333333333333333,0.08333333333333333,0.20535714285714282,0.1597222222222222,1,피자,굽네치킨
ba_14766686,2025-08,0.9368421052631579,174.47368421052633,37.49473684210526,0.12631578947368421,0.12631578947368421,0.27518796992481204,0.13157894736842105,1,피자,굽네치킨
ba_14766686,2025-09,0.8636363636363636,173.17045454545453,37.93181818181818,0.10227272727272728,0.10227272727272728,0.25487012987012986,0.14015151515151514,0,피자,굽네치킨
ba_14767892,2025-08,0.8958333333333334,133.95833333333334,28.979166666666668,0.14583333333333334,0.14583333333333334,0.2797619047619047,0.07638888888888888,1,치킨,굽네치킨
ba_14767892,2025-09,0.9032258064516129,181.2258064516129,41.774193548387096,0.03225806451612903,0.03225806451612903,0.1935483870967742,0.12903225806451613,1,치킨,굽네치킨
ba_14767892,2025-07,1.0,79.5,14.5,0.16666666666666666,0.16666666666666666,0.42857142857142855,0.0,1,치킨,굽네치킨
ba_14767931,2025-07,1.0,176.76470588235293,37.76470588235294,0.11764705882352941,0.11764705882352941,0.5546218487394958,0.16666666666666666,1,백반·죽·국수,본그룹
ba_14767931,2025-08,1.0,207.6206896551724,44.172413793103445,0.3793103448275862,0.3793103448275862,0.5221674876847291,0.16091954022988503,0,백반·죽·국수,본그룹
ba_14767931,2025-09,1.0,213.22222222222223,45.22222222222222,0.3333333333333333,0.3333333333333333,0.5396825396825397,0.24074074074074073,0,백반·죽·국수,본그룹
ba_14767932,2025-07,1.0,171.5,34.75,0.25,0.25,0.5714285714285714,0.20833333333333331,1,백반·죽·국수,본그룹
ba_14767932,2025-08,1.0,209.77777777777777,44.55555555555556,0.5555555555555556,0.5555555555555556,0.5238095238095238,0.16666666666666666,1,백반·죽·국수,본그룹
ba_14767932,2025-09,1.0,214.16666666666666,46.166666666666664,0.5,0.5,0.5238095238095238,0.16666666666666666,1,백반·죽·국수,본그룹
ba_14769185,2025-07,0.0,0.0,0.0,0.0,0.0,0.0,0.0,1,치킨,굽네치킨
ba_14769185,2025-08,0.0,0.0,0.0,0.0,0.0,0.0,0.0,1,치킨,굽네치킨
ba_14769185,2025-09,0.0,0.0,0.0,0.0,0.0,0.0,0.0,0,치킨,굽네치킨
ba_14770149,2025-09,0.6,77.6,16.0,0.0,0.0,0.14285714285714285,0.06666666666666667,1,백반·죽·국수,본그룹
ba_14770149,2025-08,1.0,57.5,10.75,0.0,0.0,0.2857142857142857,0.16666666666666666,1,백반·죽·국수,본그룹
ba_14772060,2025-08,0.5,113.5,24.0,0.0,0.0,0.14285714285714285,0.0,1,치킨,굽네치킨
ba_14772060,2025-09,1.0,248.5,57.5,0.0,0.0,0.3571428571428571,0.16666666666666666,1,치킨,굽네치킨
ba_14772844,2025-07,0.0,0.0,0.0,0.0,0.0,0.0,0.0,1,치킨,굽네치킨
ba_14772844,2025-08,0.4,54.0,11.6,0.0,0.0,0.17142857142857143,0.03333333333333333,0,치킨,굽네치킨
ba_14773134,2025-08,1.0,125.0,29.0,0.0,0.0,0.42857142857142855,0.16666666666666666,1,백반·죽·국수,본그룹
ba_14773135,2025-07,1.0,102.0,23.0,0.0,0.0,0.0,0.0,1,백반·죽·국수,본그룹
ba_14773135,2025-08,1.0,193.92307692307693,41.92307692307692,0.38461538461538464,0.38461538461538464,0.46153846153846156,0.16666666666666666,1,백반·죽·국수,본그룹
ba_14773135,2025-09,1.0,197.83333333333334,42.5,0.3333333333333333,0.3333333333333333,0.4166666666666667,0.20833333333333334,1,백반·죽·국수,본그룹
ba_14773140,2025-08,1.0,256.48148148148147,59.0,0.037037037037037035,0.037037037037037035,0.5132275132275133,0.2839506172839506,1,치킨,굽네치킨
ba_14773140,2025-09,1.0,195.8780487804878,43.829268292682926,0.024390243902439025,0.024390243902439025,0.34146341463414637,0.15853658536585366,0,치킨,굽네치킨
ba_14773773,2025-08,0.990990990990991,161.3153153153153,33.693693693693696,0.1981981981981982,0.1981981981981982,0.5546975546975547,0.28528528528528524,1,치킨,굽네치킨
ba_14773773,2025-09,0.993421052631579,177.0328947368421,38.796052631578945,0.02631578947368421,0.02631578947368421,0.32800751879699247,0.18311403508771928,1,치킨,굽네치킨
ba_14775022,2025-07,0.3333333333333333,6.333333333333333,1.6666666666666667,0.0,0.0,0.0,0.0,1,백반·죽·국수,본그룹
ba_14775022,2025-08,0.1111111111111111,17.22222222222222,3.3333333333333335,0.0,0.0,0.015873015873015872,0.0,1,백반·죽·국수,본그룹
ba_14775022,2025-09,0.0,0.0,0.0,0.0,0.0,0.0,0.0,1,백반·죽·국수,본그룹
ba_14775582,2025-08,1.0,216.0,30.0,1.0,1.0,0.42857142857142855,0.16666666666666666,0,백반·죽·국수,본그룹
ba_14775705,2025-08,0.2857142857142857,12.0,2.2857142857142856,0.0,0.0,0.061224489795918366,0.023809523809523808,1,백반·죽·국수,본그룹
ba_14775705,2025-09,0.8,51.0,11.0,0.0,0.0,0.05714285714285714,0.0,1,백반·죽·국수,본그룹
ba_14775877,2025-07,0.5,91.5,17.5,0.0,0.0,0.07142857142857142,0.0,1,치킨,굽네치킨
ba_14775877,2025-08,0.25,56.375,12.75,0.125,0.125,0.05357142857142857,0.041666666666666664,1,치킨,굽네치킨
ba_14775877,2025-09,0.8888888888888888,172.33333333333334,39.111111111111114,0.0,0.0,0.20634920634920634,0.14814814814814814,1,치킨,굽네치킨
ba_14776515,2025-09,0.0,0.0,0.0,0.0,0.0,0.0,0.0,0,치킨,굽네치킨
ba_14776515,2025-08,1.0,255.53333333333333,45.93333333333333,0.0,0.0,0.4857142857142857,0.16666666666666666,1,치킨,굽네치킨
ba_14778106,2025-07,0.0,0.0,0.0,0.0,0.0,0.0,0.0,0,치킨,굽네치킨
ba_14778684,2025-08,0.5,42.0,8.0,0.0,0.0,0.07142857142857142,0.08333333333333333,1,백반·죽·국수,본그룹
ba_14778684,2025-09,0.0,0.0,0.0,0.0,0.0,0.0,0.0,1,백반·죽·국수,본그룹
ba_14780115,2025-07,0.8333333333333334,129.83333333333334,26.5,0.3333333333333333,0.3333333333333333,0.4047619047619047,0.1111111111111111,1,치킨,굽네치킨
ba_14780115,2025-08,0.9166666666666666,175.1875,39.479166666666664,0.25,0.25,0.4047619047619047,0.20833333333333334,1,치킨,굽네치킨
ba_14780115,2025-09,1.0,202.3125,44.375,0.10416666666666667,0.10416666666666667,0.3645833333333333,0.18923611111111108,1,치킨,굽네치킨
ba_14780432,2025-08,1.0,57.333333333333336,11.666666666666666,0.0,0.0,0.3333333333333333,0.05555555555555555,0,백반·죽·국수,본그룹
ba_14782074,2025-09,0.9655172413793104,221.3793103448276,47.672413793103445,0.2413793103448276,0.2413793103448276,0.3793103448275862,0.19827586206896552,1,치킨,굽네치킨
ba_14782170,2025-07,0.0,0.0,0.0,0.0,0.0,0.0,0.0,1,치킨,굽네치킨
ba_14782170,2025-08,0.3333333333333333,69.66666666666667,14.833333333333334,0.0,0.0,0.09523809523809523,0.05555555555555555,1,치킨,굽네치킨
ba_14782170,2025-09,1.0,155.0,34.625,0.0,0.0,0.3571428571428571,0.16666666666666666,0,치킨,굽네치킨
ba_14782523,2025-08,1.0,44.25,7.75,0.0,0.0,0.21428571428571427,0.041666666666666664,1,치킨,굽네치킨
ba_14782523,2025-09,1.0,47.75,7.583333333333333,0.0,0.0,0.14285714285714285,0.013888888888888888,1,치킨,굽네치킨
ba_14782607,2025-08,1.0,399.8285714285714,77.02857142857142,0.42857142857142855,0.42857142857142855,0.4306122448979592,0.2452380952380952,1,치킨,굽네치킨
ba_14782607,2025-09,1.0,458.41818181818184,85.21818181818182,0.4909090909090909,0.4909090909090909,0.39090909090909093,0.24848484848484848,0,치킨,굽네치킨
ba_14783137,2025-08,1.0,93.0,19.0,0.0,0.0,0.14285714285714285,0.08333333333333333,1,치킨,굽네치킨
ba_14783137,2025-09,1.0,131.625,27.375,0.0,0.0,0.25,0.10416666666666666,1,치킨,굽네치킨
ba_14783436,2025-08,1.0,146.0,29.0,0.0,0.0,0.0,0.0,1,백반·죽·국수,본그룹
ba_14783436,2025-09,1.0,121.33333333333333,25.833333333333332,0.0,0.0,0.19047619047619047,0.19444444444444442,0,백반·죽·국수,본그룹
ba_14783596,2025-08,0.4,82.6,19.3,0.0,0.0,0.04285714285714286,0.041666666666666664,1,치킨,굽네치킨
ba_14783596,2025-09,0.8571428571428571,172.5,39.714285714285715,0.07142857142857142,0.07142857142857142,0.22448979591836735,0.14285714285714285,1,치킨,굽네치킨
ba_14785504,2025-08,0.967741935483871,229.7741935483871,49.806451612903224,0.16129032258064516,0.16129032258064516,0.3087557603686636,0.06989247311827956,1,백반·죽·국수,본그룹
ba_14785504,2025-09,1.0,170.3913043478261,38.04347826086956,0.17391304347826086,0.17391304347826086,0.23602484472049687,0.06521739130434782,0,백반·죽·국수,본그룹
ba_14786815,2025-09,0.0,0.0,0.0,0.0,0.0,0.0,0.0,1,백반·죽·국수,본그룹
ba_14787229,2025-08,1.0,106.0,21.0,0.0,0.0,0.42857142857142855,0.16666666666666666,1,백반·죽·국수,본그룹
ba_14787229,2025-09,1.0,106.8,22.0,0.2,0.2,0.3714285714285714,0.13333333333333333,1,백반·죽·국수,본그룹
ba_14787776,2025-09,1.0,174.71428571428572,39.0,0.5714285714285714,0.5714285714285714,0.42857142857142855,0.23809523809523808,1,치킨,굽네치킨
ba_14788494,2025-09,0.7142857142857143,144.71428571428572,31.0,0.14285714285714285,0.14285714285714285,0.16326530612244897,0.11904761904761904,1,치킨,굽네치킨
ba_14788679,2025-09,1.0,121.75,23.5,0.5,0.5,0.3214285714285714,0.20833333333333331,1,백반·죽·국수,본그룹
ba_14789833,2025-09,1.0,211.5,46.3125,0.1875,0.1875,0.3482142857142857,0.11458333333333333,1,치킨,굽네치킨
ba_14789844,2025-09,1.0,76.26315789473684,15.894736842105264,0.10526315789473684,0.10526315789473684,0.4398496240601503,0.13157894736842105,1,치킨,굽네치킨
ba_14791302,2025-09,0.9803921568627451,161.6078431372549,34.68627450980392,0.13725490196078433,0.13725490196078433,0.4201680672268907,0.14705882352941177,1,치킨,굽네치킨
ba_14793023,2025-09,0.0,0.0,0.0,0.0,0.0,0.0,0.0,1,백반·죽·국수,본그룹
ba_14794083,2025-09,1.0,120.0,25.5,0.0,0.0,0.14285714285714285,0.0,1,백반·죽·국수,본그룹
ba_14794547,2025-09,1.0,118.28571428571429,26.0,0.2857142857142857,0.2857142857142857,0.2857142857142857,0.0,1,치킨,굽네치킨
ba_14795104,2025-09,1.0,206.63492063492063,40.507936507936506,0.9682539682539683,0.9682539682539683,0.7210884353741497,0.31481481481481477,1,치킨,굽네치킨
ba_14795563,2025-09,0.0,0.0,0.0,0.0,0.0,0.0,0.0,1,백반·죽·국수,본그룹
ba_14796833,2025-09,1.0,158.0,32.0,0.0,0.0,0.5714285714285714,0.16666666666666666,1,치킨,굽네치킨
ba_14796835,2025-09,1.0,172.0,35.0,0.0,0.0,0.42857142857142855,0.16666666666666666,1,치킨,굽네치킨
ba_14797390,2025-09,1.0,165.5,33.5,1.0,1.0,0.3571428571428571,0.08333333333333333,1,치킨,굽네치킨
ba_14798760,2025-09,1.0,134.0,28.333333333333332,0.0,0.0,0.42857142857142855,0.05555555555555555,1,치킨,굽네치킨
ba_14798893,2025-09,0.0,0.0,0.0,0.0,0.0,0.0,0.0,1,백반·죽·국수,본그룹
ba_14798894,2025-09,0.0,0.0,0.0,0.0,0.0,0.0,0.0,1,백반·죽·국수,본그룹
ba_14799070,2025-09,1.0,67.0,12.5,0.0,0.0,0.07142857142857142,0.0,1,치킨,굽네치킨
ba_14799629,2025-09,1.0,257.0,54.0,1.0,1.0,0.5714285714285714,0.5,1,치킨,굽네치킨
ba_14800284,2025-09,1.0,91.75,19.5,0.0,0.0,0.0,0.0,1,치킨,굽네치킨
ba_14801006,2025-09,1.0,222.8,50.0,0.0,0.0,0.14285714285714285,0.0,1,치킨,굽네치킨
ba_14801139,2025-09,0.0,0.0,0.0,0.0,0.0,0.0,0.0,1,치킨,굽네치킨
ba_10015935,2025-01,0.0,0.0,0.0,0.0,0.0,0.0,0.0,1,치킨,굽네치킨
ba_10015935,2025-02,0.0,0.0,0.0,0.0,0.0,0.0,0.0,0,치킨,굽네치킨
ba_10015935,2025-03,0.0,0.0,0.0,0.0,0.0,0.0,0.0,1,치킨,굽네치킨
ba_10015935,2025-04,0.0,0.0,0.0,0.0,0.0,0.0,0.0,0,치킨,굽네치킨
ba_10016162,2025-01,0.0,0.0,0.0,0.0,0.0,0.0,0.0,1,치킨,굽네치킨
ba_10016162,2025-02,0.0,0.0,0.0,0.0,0.0,0.0,0.0,1,치킨,굽네치킨
ba_10016162,2025-03,0.0,0.0,0.0,0.0,0.0,0.0,0.0,1,치킨,굽네치킨
ba_10016162,2025-04,0.0,0.0,0.0,0.0,0.0,0.0,0.0,1,치킨,굽네치킨
ba_10019194,2025-02,0.9166666666666666,89.25,18.416666666666668,0.3333333333333333,0.3333333333333333,0.20238095238095236,0.06944444444444443,0,치킨,굽네치킨
ba_10019194,2025-03,0.0,0.0,0.0,0.0,0.0,0.0,0.0,1,치킨,굽네치킨
ba_10019194,2025-04,0.0,0.0,0.0,0.0,0.0,0.0,0.0,1,치킨,굽네치킨
ba_10019194,2025-01,1.0,86.5625,18.25,0.1875,0.1875,0.1875,0.0,0,치킨,굽네치킨
ba_10019807,2025-01,0.0,0.0,0.0,0.0,0.0,0.0,0.0,0,치킨,굽네치킨
ba_10019807,2025-02,0.0,0.0,0.0,0.0,0.0,0.0,0.0,0,치킨,굽네치킨
ba_10019807,2025-03,0.0,0.0,0.0,0.0,0.0,0.0,0.0,0,치킨,굽네치킨
ba_10019807,2025-04,0.0,0.0,0.0,0.0,0.0,0.0,0.0,0,치킨,굽네치킨
ba_10020109,2025-01,0.0,0.0,0.0,0.0,0.0,0.0,0.0,1,치킨,굽네치킨
ba_10020109,2025-02,0.09090909090909091,4.363636363636363,0.8181818181818182,0.0,0.0,0.0,0.0,1,치킨,굽네치킨
ba_10020109,2025-03,0.0,0.0,0.0,0.0,0.0,0.0,0.0,1,치킨,굽네치킨
ba_10020109,2025-04,0.0,0.0,0.0,0.0,0.0,0.0,0.0,1,치킨,굽네치킨
ba_10022124,2025-01,0.1111111111111111,29.22222222222222,6.444444444444445,0.1111111111111111,0.1111111111111111,0.03968253968253968,0.027777777777777776,0,치킨,굽네치킨
ba_10022124,2025-02,0.13333333333333333,33.06666666666667,7.266666666666667,0.13333333333333333,0.13333333333333333,0.04761904761904761,0.03333333333333333,0,치킨,굽네치킨
ba_10022124,2025-03,0.2,43.6,9.6,0.2,0.2,0.05714285714285714,0.03333333333333333,0,치킨,굽네치킨
ba_10022124,2025-04,0.0,0.0,0.0,0.0,0.0,0.0,0.0,0,치킨,굽네치킨
ba_10040420,2025-01,0.0,0.0,0.0,0.0,0.0,0.0,0.0,0,치킨,굽네치킨
ba_10040420,2025-02,0.0,0.0,0.0,0.0,0.0,0.0,0.0,0,치킨,굽네치킨
ba_10040420,2025-03,0.0,0.0,0.0,0.0,0.0,0.0,0.0,0,치킨,굽네치킨
ba_10040420,2025-04,0.0,0.0,0.0,0.0,0.0,0.0,0.0,0,치킨,굽네치킨
ba_10040621,2025-01,0.0,0.0,0.0,0.0,0.0,0.0,0.0,0,치킨,굽네치킨
ba_10040621,2025-02,0.0,0.0,0.0,0.0,0.0,0.0,0.0,0,치킨,굽네치킨
ba_10040621,2025-03,0.0,0.0,0.0,0.0,0.0,0.0,0.0,1,치킨,굽네치킨
ba_10040621,2025-04,0.0,0.0,0.0,0.0,0.0,0.0,0.0,1,치킨,굽네치킨
ba_10040679,2025-01,0.0,0.0,0.0,0.0,0.0,0.0,0.0,0,치킨,굽네치킨
ba_10040679,2025-02,0.0,0.0,0.0,0.0,0.0,0.0,0.0,0,치킨,굽네치킨
ba_10040679,2025-03,0.07692307692307693,5.0,0.9230769230769231,0.0,0.0,0.0,0.0,1,치킨,굽네치킨
ba_10040679,2025-04,0.16666666666666666,4.0,0.8333333333333334,0.0,0.0,0.0,0.0,1,치킨,굽네치킨
ba_10040685,2025-02,0.9,91.1,19.6,0.3,0.3,0.17142857142857143,0.05,0,치킨,굽네치킨
ba_10040685,2025-03,0.6666666666666666,62.333333333333336,13.0,0.3333333333333333,0.3333333333333333,0.23809523809523805,0.0,0,치킨,굽네치킨
ba_10040685,2025-01,0.9444444444444444,81.22222222222223,17.61111111111111,0.2777777777777778,0.2777777777777778,0.21428571428571427,0.07407407407407407,0,치킨,굽네치킨
ba_10040685,2025-04,0.9166666666666666,96.08333333333333,20.5,0.3333333333333333,0.3333333333333333,0.13095238095238096,0.027777777777777776,1,치킨,굽네치킨
ba_10041246,2025-01,0.0,0.0,0.0,0.0,0.0,0.0,0.0,1,치킨,굽네치킨
ba_10041246,2025-02,0.125,12.875,2.125,0.0,0.0,0.03571428571428571,0.0,0,치킨,굽네치킨
ba_10041246,2025-03,0.125,28.25,6.0,0.125,0.125,0.03571428571428571,0.020833333333333332,0,치킨,굽네치킨
ba_10041246,2025-04,0.0,0.0,0.0,0.0,0.0,0.0,0.0,0,치킨,굽네치킨
ba_10204887,2025-02,0.875,120.875,23.833333333333332,0.041666666666666664,0.041666666666666664,0.33928571428571425,0.10416666666666667,0,치킨,굽네치킨
ba_10204887,2025-03,0.3333333333333333,40.333333333333336,6.666666666666667,0.0,0.0,0.14285714285714285,0.0,0,치킨,굽네치킨
ba_10204887,2025-01,1.0,134.71428571428572,27.642857142857142,0.21428571428571427,0.21428571428571427,0.4489795918367347,0.17857142857142858,0,치킨,굽네치킨
ba_10204887,2025-04,1.0,154.5,31.75,0.0,0.0,0.42857142857142855,0.16666666666666666,0,치킨,굽네치킨
ba_10401021,2025-01,0.0,0.0,0.0,0.0,0.0,0.0,0.0,1,치킨,굽네치킨
ba_10401021,2025-02,0.28,52.76,11.48,0.16,0.16,0.045714285714285714,0.026666666666666665,1,치킨,굽네치킨
ba_10401021,2025-03,0.07407407407407407,15.62962962962963,3.3333333333333335,0.037037037037037035,0.037037037037037035,0.010582010582010581,0.006172839506172839,0,치킨,굽네치킨
ba_10401021,2025-04,0.08333333333333333,18.583333333333332,4.0,0.08333333333333333,0.08333333333333333,0.023809523809523808,0.013888888888888888,0,치킨,굽네치킨
ba_10418082,2025-02,0.0,0.0,0.0,0.0,0.0,0.0,0.0,0,치킨,굽네치킨
ba_10432360,2025-01,0.0,0.0,0.0,0.0,0.0,0.0,0.0,0,치킨,굽네치킨
ba_10432360,2025-02,0.0,0.0,0.0,0.0,0.0,0.0,0.0,0,치킨,굽네치킨
ba_10432360,2025-03,0.3333333333333333,40.666666666666664,8.0,0.0,0.0,0.0,0.0,1,치킨,굽네치킨
ba_10432360,2025-04,0.3333333333333333,16.666666666666668,3.6666666666666665,0.0,0.0,0.0,0.0,1,치킨,굽네치킨
ba_10469515,2025-01,0.723404255319149,61.744680851063826,13.170212765957446,0.14893617021276595,0.14893617021276595,0.1702127659574468,0.0673758865248227,0,치킨,굽네치킨
ba_10469515,2025-02,0.926829268292683,81.35365853658537,17.1890243902439,0.12195121951219512,0.12195121951219512,0.2229965156794425,0.04979674796747967,0,치킨,굽네치킨
ba_10469515,2025-03,0.9795918367346939,88.65306122448979,18.581632653061224,0.12244897959183673,0.12244897959183673,0.23615160349854228,0.05102040816326531,0,치킨,굽네치킨
ba_10469515,2025-04,0.7857142857142857,72.42857142857143,15.142857142857142,0.14285714285714285,0.14285714285714285,0.16326530612244897,0.023809523809523808,0,치킨,굽네치킨
ba_10497667,2025-01,0.0,0.0,0.0,0.0,0.0,0.0,0.0,0,치킨,굽네치킨
ba_10497667,2025-02,0.1,12.55,2.25,0.0,0.0,0.0,0.0,0,치킨,굽네치킨
ba_10497667,2025-03,0.0,0.0,0.0,0.0,0.0,0.0,0.0,0,치킨,굽네치킨
ba_10497667,2025-04,0.0,0.0,0.0,0.0,0.0,0.0,0.0,0,치킨,굽네치킨
ba_10501929,2025-01,0.0,0.0,0.0,0.0,0.0,0.0,0.0,0,치킨,굽네치킨
ba_10501929,2025-02,0.0,0.0,0.0,0.0,0.0,0.0,0.0,0,치킨,굽네치킨
ba_10501929,2025-03,0.0,0.0,0.0,0.0,0.0,0.0,0.0,0,치킨,굽네치킨
ba_10501929,2025-04,0.0,0.0,0.0,0.0,0.0,0.0,0.0,0,치킨,굽네치킨
ba_10509105,2025-01,0.0,0.0,0.0,0.0,0.0,0.0,0.0,0,치킨,굽네치킨
ba_10509105,2025-02,0.0,0.0,0.0,0.0,0.0,0.0,0.0,0,치킨,굽네치킨
ba_10509105,2025-03,0.0,0.0,0.0,0.0,0.0,0.0,0.0,0,치킨,굽네치킨
ba_10509105,2025-04,0.0,0.0,0.0,0.0,0.0,0.0,0.0,0,치킨,굽네치킨
ba_10571616,2025-03,0.96875,114.15625,23.1875,0.15625,0.15625,0.4375,0.16145833333333331,1,치킨,굽네치킨
ba_10571616,2025-02,1.0,90.15384615384616,18.46153846153846,0.0,0.0,0.26373626373626374,0.02564102564102564,1,치킨,굽네치킨
ba_10571616,2025-04,1.0,96.72093023255815,19.930232558139537,0.09302325581395349,0.09302325581395349,0.40199335548172754,0.12403100775193798,1,치킨,굽네치킨
ba_10580903,2025-01,0.034482758620689655,7.517241379310345,1.6551724137931034,0.034482758620689655,0.034482758620689655,0.009852216748768473,0.005747126436781609,1,치킨,굽네치킨
ba_10580903,2025-02,0.045454545454545456,10.227272727272727,2.1818181818181817,0.045454545454545456,0.045454545454545456,0.012987012987012986,0.007575757575757575,1,치킨,굽네치킨
ba_10580903,2025-03,0.7761194029850746,31.119402985074625,5.91044776119403,0.04477611940298507,0.04477611940298507,0.05543710021321961,0.009950248756218905,0,치킨,굽네치킨
ba_10580903,2025-04,0.875,23.125,4.053571428571429,0.0,0.0,0.03571428571428571,0.002976190476190476,0,치킨,굽네치킨
ba_10583009,2025-02,0.8,249.53333333333333,45.5,0.0,0.0,0.4952380952380952,0.1611111111111111,0,치킨,굽네치킨
ba_10583009,2025-03,0.5333333333333333,173.0,32.06666666666667,0.0,0.0,0.3428571428571428,0.1,0,치킨,굽네치킨
ba_10583009,2025-04,0.6,202.9,38.2,0.0,0.0,0.4,0.13333333333333333,1,치킨,굽네치킨
ba_10583009,2025-01,0.8888888888888888,286.6111111111111,54.333333333333336,0.05555555555555555,0.05555555555555555,0.5317460317460317,0.17592592592592593,0,치킨,굽네치킨
ba_10597203,2025-02,0.05555555555555555,5.666666666666667,1.0,0.05555555555555555,0.05555555555555555,0.007936507936507936,0.0,0,치킨,굽네치킨
ba_10597203,2025-03,0.027777777777777776,5.0,1.0277777777777777,0.027777777777777776,0.027777777777777776,0.003968253968253968,0.004629629629629629,1,치킨,굽네치킨
ba_10597203,2025-04,0.08333333333333333,13.291666666666666,2.6666666666666665,0.041666666666666664,0.041666666666666664,0.011904761904761904,0.006944444444444444,1,치킨,굽네치킨
ba_10604883,2025-01,0.0,0.0,0.0,0.0,0.0,0.0,0.0,1,치킨,굽네치킨
ba_10604883,2025-02,0.0,0.0,0.0,0.0,0.0,0.0,0.0,1,치킨,굽네치킨
ba_10604883,2025-03,0.0,0.0,0.0,0.0,0.0,0.0,0.0,1,치킨,굽네치킨
ba_10604883,2025-04,0.0,0.0,0.0,0.0,0.0,0.0,0.0,1,치킨,굽네치킨
ba_10605803,2025-02,0.8947368421052632,80.6842105263158,17.263157894736842,0.15789473684210525,0.15789473684210525,0.21052631578947367,0.05263157894736842,0,치킨,굽네치킨
ba_10605803,2025-01,1.0,100.66666666666667,21.166666666666668,0.25,0.25,0.23809523809523805,0.05555555555555555,0,치킨,굽네치킨
ba_10605803,2025-03,1.0,89.44444444444444,18.666666666666668,0.1111111111111111,0.1111111111111111,0.15873015873015872,0.05555555555555555,1,치킨,굽네치킨
ba_10605803,2025-04,1.0,82.66666666666667,16.77777777777778,0.0,0.0,0.25396825396825395,0.07407407407407407,1,치킨,굽네치킨
ba_10627648,2025-01,0.0,0.0,0.0,0.0,0.0,0.0,0.0,0,치킨,굽네치킨
ba_10627648,2025-02,0.0,0.0,0.0,0.0,0.0,0.0,0.0,0,치킨,굽네치킨
ba_10627648,2025-03,0.0,0.0,0.0,0.0,0.0,0.0,0.0,1,치킨,굽네치킨
ba_10627648,2025-04,1.0,99.66666666666667,20.0,0.0,0.0,0.09523809523809523,0.0,1,치킨,굽네치킨
ba_10636817,2025-01,1.0,33.705882352941174,5.705882352941177,0.0,0.0,0.18487394957983194,0.00980392156862745,0,치킨,굽네치킨
ba_10636817,2025-02,1.0,32.333333333333336,5.666666666666667,0.0,0.0,0.17857142857142858,0.0,0,치킨,굽네치킨
ba_10636817,2025-03,1.0,82.0,15.5,0.0,0.0,0.10714285714285714,0.0,0,치킨,굽네치킨
ba_10636817,2025-04,1.0,35.0,6.0,0.0,0.0,0.14285714285714285,0.0,0,치킨,굽네치킨
ba_10638951,2025-02,0.9,77.1,17.2,0.0,0.0,0.07142857142857142,0.0,0,치킨,굽네치킨
ba_10638951,2025-01,1.0,136.0,29.0,0.0,0.0,0.11428571428571428,0.016666666666666666,0,치킨,굽네치킨
ba_10638951,2025-03,1.0,105.5,24.125,0.0,0.0,0.05357142857142857,0.0,0,치킨,굽네치킨
ba_10638951,2025-04,1.0,95.14285714285714,21.142857142857142,0.0,0.0,0.061224489795918366,0.0,0,치킨,굽네치킨
ba_10657170,2025-03,0.9523809523809523,82.04761904761905,17.476190476190474,0.19047619047619047,0.19047619047619047,0.19047619047619047,0.06349206349206349,0,치킨,굽네치킨
ba_10657170,2025-01,1.0,92.85714285714286,19.428571428571427,0.21428571428571427,0.21428571428571427,0.16326530612244897,0.03571428571428571,0,치킨,굽네치킨
ba_10657170,2025-02,1.0,87.0,18.857142857142858,0.14285714285714285,0.14285714285714285,0.26530612244897955,0.07142857142857142,0,치킨,굽네치킨
ba_10657170,2025-04,1.0,85.0,19.0,0.0,0.0,0.21428571428571427,0.16666666666666666,0,치킨,굽네치킨
ba_10698232,2025-01,1.0,735.03125,157.140625,0.984375,0.984375,0.28125,0.1640625,1,치킨,굽네치킨
ba_10698232,2025-02,1.0,788.2413793103449,167.81034482758622,0.23275862068965517,0.23275862068965517,0.3743842364532019,0.16522988505747124,0,치킨,굽네치킨
ba_10698232,2025-03,1.0,788.2586206896551,167.25862068965517,0.05172413793103448,0.05172413793103448,0.40394088669950734,0.1724137931034483,1,치킨,굽네치킨
ba_10698232,2025-04,1.0,799.030303030303,169.12121212121212,0.0,0.0,0.4264069264069264,0.16666666666666666,1,치킨,굽네치킨
ba_10698315,2025-01,1.0,133.0,29.0,0.0,0.0,0.2857142857142857,0.16666666666666666,0,치킨,굽네치킨
ba_10698315,2025-02,1.0,133.0,29.0,0.0,0.0,0.2857142857142857,0.16666666666666666,0,치킨,굽네치킨
ba_10698315,2025-04,1.0,152.0,33.0,0.0,0.0,0.5714285714285714,0.3333333333333333,1,치킨,굽네치킨
ba_10705443,2025-01,0.0,0.0,0.0,0.0,0.0,0.0,0.0,1,치킨,굽네치킨
ba_10705443,2025-02,0.0,0.0,0.0,0.0,0.0,0.0,0.0,0,치킨,굽네치킨
ba_10705443,2025-03,0.0,0.0,0.0,0.0,0.0,0.0,0.0,0,치킨,굽네치킨
ba_10705443,2025-04,0.0,0.0,0.0,0.0,0.0,0.0,0.0,0,치킨,굽네치킨
ba_10706208,2025-01,0.0,0.0,0.0,0.0,0.0,0.0,0.0,0,치킨,굽네치킨
ba_10706208,2025-02,0.0,0.0,0.0,0.0,0.0,0.0,0.0,0,치킨,굽네치킨
ba_10706208,2025-03,0.0,0.0,0.0,0.0,0.0,0.0,0.0,0,치킨,굽네치킨
ba_10706208,2025-04,0.0,0.0,0.0,0.0,0.0,0.0,0.0,0,치킨,굽네치킨
ba_10739524,2025-01,0.0,0.0,0.0,0.0,0.0,0.0,0.0,0,치킨,굽네치킨
ba_10739524,2025-02,0.0,0.0,0.0,0.0,0.0,0.0,0.0,0,치킨,굽네치킨
ba_10739524,2025-03,0.0,0.0,0.0,0.0,0.0,0.0,0.0,0,치킨,굽네치킨
ba_10739524,2025-04,0.0,0.0,0.0,0.0,0.0,0.0,0.0,1,치킨,굽네치킨
ba_10739556,2025-01,0.0,0.0,0.0,0.0,0.0,0.0,0.0,1,치킨,굽네치킨
ba_10739556,2025-02,0.1,21.2,4.7,0.1,0.1,0.04285714285714286,0.03333333333333333,1,치킨,굽네치킨
ba_10739556,2025-03,0.0,0.0,0.0,0.0,0.0,0.0,0.0,1,치킨,굽네치킨
ba_10739556,2025-04,0.0,0.0,0.0,0.0,0.0,0.0,0.0,0,치킨,굽네치킨
ba_10750970,2025-01,0.03076923076923077,4.538461538461538,0.9846153846153847,0.015384615384615385,0.015384615384615385,0.008791208791208791,0.007692307692307693,0,치킨,굽네치킨
ba_10750970,2025-02,0.0,0.0,0.0,0.0,0.0,0.0,0.0,0,치킨,굽네치킨
ba_10750970,2025-03,0.045454545454545456,11.772727272727273,2.6363636363636362,0.045454545454545456,0.045454545454545456,0.01948051948051948,0.01515151515151515,0,치킨,굽네치킨
ba_10750970,2025-04,0.0,0.0,0.0,0.0,0.0,0.0,0.0,0,치킨,굽네치킨
ba_10759478,2025-01,0.0,0.0,0.0,0.0,0.0,0.0,0.0,1,치킨,굽네치킨
ba_10759478,2025-02,0.0,0.0,0.0,0.0,0.0,0.0,0.0,0,치킨,굽네치킨
ba_10759478,2025-03,0.0,0.0,0.0,0.0,0.0,0.0,0.0,1,치킨,굽네치킨
ba_10759478,2025-04,0.0,0.0,0.0,0.0,0.0,0.0,0.0,1,치킨,굽네치킨
ba_10768614,2025-01,0.0,0.0,0.0,0.0,0.0,0.0,0.0,0,치킨,굽네치킨
ba_10768614,2025-02,0.0,0.0,0.0,0.0,0.0,0.0,0.0,0,치킨,굽네치킨
ba_10768614,2025-03,0.0,0.0,0.0,0.0,0.0,0.0,0.0,0,치킨,굽네치킨
ba_10768614,2025-04,0.0,0.0,0.0,0.0,0.0,0.0,0.0,0,치킨,굽네치킨
ba_10771255,2025-01,1.0,199.8653846153846,37.26923076923077,0.0,0.0,0.5714285714285714,0.3333333333333333,0,치킨,굽네치킨
ba_10771255,2025-02,1.0,195.0,36.0,0.0,0.0,0.5714285714285714,0.3333333333333333,0,치킨,굽네치킨
ba_10771255,2025-03,1.0,193.96666666666667,36.4,0.03333333333333333,0.03333333333333333,0.5476190476190476,0.31666666666666665,0,치킨,굽네치킨
ba_10771255,2025-04,1.0,195.0222222222222,36.0,0.0,0.0,0.5714285714285714,0.3333333333333333,1,치킨,굽네치킨
ba_10774000,2025-01,0.0,0.0,0.0,0.0,0.0,0.0,0.0,0,치킨,굽네치킨
ba_10774000,2025-02,0.0,0.0,0.0,0.0,0.0,0.0,0.0,0,치킨,굽네치킨
ba_10774000,2025-03,0.0,0.0,0.0,0.0,0.0,0.0,0.0,0,치킨,굽네치킨
ba_10774000,2025-04,0.0,0.0,0.0,0.0,0.0,0.0,0.0,1,치킨,굽네치킨
ba_10774794,2025-01,0.0,0.0,0.0,0.0,0.0,0.0,0.0,0,치킨,굽네치킨
ba_10774794,2025-02,0.125,26.125,5.0625,0.0625,0.0625,0.017857142857142856,0.010416666666666666,0,치킨,굽네치킨
ba_10774794,2025-03,0.4,45.86666666666667,7.333333333333333,0.13333333333333333,0.13333333333333333,0.009523809523809523,0.01111111111111111,0,치킨,굽네치킨
ba_10774794,2025-04,0.4166666666666667,26.416666666666668,4.083333333333333,0.08333333333333333,0.08333333333333333,0.023809523809523808,0.0,0,치킨,굽네치킨
ba_10798649,2025-02,1.0,119.71084337349397,24.27710843373494,0.18072289156626506,0.18072289156626506,0.31153184165232356,0.04618473895582329,0,치킨,굽네치킨
ba_10798649,2025-03,0.6376811594202898,92.30434782608695,18.08695652173913,0.21739130434782608,0.21739130434782608,0.2111801242236025,0.036231884057971016,0,치킨,굽네치킨
ba_10798649,2025-04,0.4461538461538462,41.84615384615385,8.569230769230769,0.015384615384615385,0.015384615384615385,0.12527472527472527,0.005128205128205128,0,치킨,굽네치킨
ba_10798649,2025-01,1.0,95.81818181818181,19.568181818181817,0.022727272727272728,0.022727272727272728,0.2792207792207792,0.01515151515151515,0,치킨,굽네치킨
ba_10800862,2025-02,0.9868421052631579,202.75,38.078947368421055,0.006578947368421052,0.006578947368421052,0.6635338345864662,0.3015350877192982,0,치킨,굽네치킨
ba_10800862,2025-03,0.9821428571428571,188.71428571428572,36.30357142857143,0.017857142857142856,0.017857142857142856,0.6785714285714286,0.3125,0,치킨,굽네치킨
ba_10800862,2025-04,0.981651376146789,179.55963302752295,33.81651376146789,0.0,0.0,0.47968545216251635,0.12691131498470948,0,치킨,굽네치킨
ba_10821092,2025-01,0.0,0.0,0.0,0.0,0.0,0.0,0.0,0,치킨,굽네치킨
ba_10821092,2025-02,0.0,0.0,0.0,0.0,0.0,0.0,0.0,0,치킨,굽네치킨
ba_10821092,2025-03,0.0,0.0,0.0,0.0,0.0,0.0,0.0,0,치킨,굽네치킨
ba_10821092,2025-04,0.021739130434782608,4.782608695652174,1.0434782608695652,0.021739130434782608,0.021739130434782608,0.006211180124223602,0.003623188405797101,1,치킨,굽네치킨
ba_10841421,2025-01,0.0,0.0,0.0,0.0,0.0,0.0,0.0,0,치킨,굽네치킨
ba_10841421,2025-02,0.0625,15.0625,3.0625,0.0,0.0,0.017857142857142856,0.010416666666666666,0,치킨,굽네치킨
ba_10841421,2025-03,0.2857142857142857,63.0,13.857142857142858,0.2857142857142857,0.2857142857142857,0.061224489795918366,0.07142857142857142,0,치킨,굽네치킨
ba_10841421,2025-04,0.5714285714285714,175.85714285714286,34.857142857142854,0.0,0.0,0.18367346938775508,0.07142857142857142,0,치킨,굽네치킨
ba_10841883,2025-01,0.9791666666666666,86.0,18.1875,0.125,0.125,0.21428571428571427,0.027777777777777776,0,치킨,굽네치킨
ba_10841883,2025-02,1.0,87.1,18.2,0.14,0.14,0.26285714285714284,0.07,0,치킨,굽네치킨
ba_10841883,2025-03,1.0,90.48,19.16,0.12,0.12,0.30857142857142855,0.08666666666666666,0,치킨,굽네치킨
ba_10841883,2025-04,1.0,106.85714285714286,22.714285714285715,0.2857142857142857,0.2857142857142857,0.23809523809523808,0.09523809523809523,0,치킨,굽네치킨
ba_10872945,2025-01,0.023809523809523808,4.857142857142857,1.0952380952380953,0.023809523809523808,0.023809523809523808,0.01020408163265306,0.007936507936507936,0,치킨,굽네치킨
ba_10872945,2025-02,0.0,0.0,0.0,0.0,0.0,0.0,0.0,0,치킨,굽네치킨
ba_10872945,2025-03,0.0,0.0,0.0,0.0,0.0,0.0,0.0,0,치킨,굽네치킨
ba_10872945,2025-04,0.0,0.0,0.0,0.0,0.0,0.0,0.0,0,치킨,굽네치킨
ba_12014214,2025-01,0.0,0.0,0.0,0.0,0.0,0.0,0.0,0,치킨,굽네치킨
ba_12014214,2025-02,0.0,0.0,0.0,0.0,0.0,0.0,0.0,0,치킨,굽네치킨
ba_12014214,2025-03,0.0,0.0,0.0,0.0,0.0,0.0,0.0,1,치킨,굽네치킨
ba_12014214,2025-04,0.0,0.0,0.0,0.0,0.0,0.0,0.0,1,치킨,굽네치킨
ba_12020564,2025-01,0.0,0.0,0.0,0.0,0.0,0.0,0.0,0,피자,굽네치킨
ba_12020564,2025-02,0.0,0.0,0.0,0.0,0.0,0.0,0.0,0,피자,굽네치킨
ba_12020564,2025-03,0.0,0.0,0.0,0.0,0.0,0.0,0.0,0,피자,굽네치킨
ba_12020564,2025-04,0.0,0.0,0.0,0.0,0.0,0.0,0.0,0,피자,굽네치킨
ba_12029686,2025-01,0.0,0.0,0.0,0.0,0.0,0.0,0.0,0,치킨,굽네치킨
ba_12029686,2025-02,0.0,0.0,0.0,0.0,0.0,0.0,0.0,0,치킨,굽네치킨
ba_12029686,2025-03,0.16666666666666666,27.5,5.166666666666667,0.0,0.0,0.0,0.0,0,치킨,굽네치킨
ba_12029686,2025-04,0.0,0.0,0.0,0.0,0.0,0.0,0.0,0,치킨,굽네치킨
ba_13052096,2025-02,0.7560975609756098,132.5121951219512,15.707317073170731,0.024390243902439025,0.024390243902439025,0.31010452961672474,0.12195121951219512,0,치킨,굽네치킨
ba_13052096,2025-03,0.6829268292682927,112.0,10.902439024390244,0.024390243902439025,0.024390243902439025,0.2682926829268293,0.1056910569105691,0,치킨,굽네치킨
ba_13052096,2025-01,0.9574468085106383,168.7872340425532,22.4468085106383,0.0,0.0,0.39209726443768994,0.1524822695035461,0,치킨,굽네치킨
ba_13052096,2025-04,1.0,188.14285714285714,18.885714285714286,0.02857142857142857,0.02857142857142857,0.4081632653061224,0.15714285714285714,0,치킨,굽네치킨
ba_13062668,2025-01,0.0,0.0,0.0,0.0,0.0,0.0,0.0,0,치킨,굽네치킨
ba_13062668,2025-02,0.0,0.0,0.0,0.0,0.0,0.0,0.0,0,치킨,굽네치킨
ba_13062668,2025-03,0.0,0.0,0.0,0.0,0.0,0.0,0.0,0,치킨,굽네치킨
ba_13062668,2025-04,0.0,0.0,0.0,0.0,0.0,0.0,0.0,0,치킨,굽네치킨
ba_13076527,2025-01,0.06818181818181818,18.09090909090909,3.340909090909091,0.022727272727272728,0.022727272727272728,0.006493506493506493,0.0037878787878787876,0,치킨,굽네치킨
ba_13076527,2025-02,0.07936507936507936,5.698412698412699,0.6666666666666666,0.0,0.0,0.0,0.0,0,치킨,굽네치킨
ba_13076527,2025-03,0.037037037037037035,7.777777777777778,1.4814814814814814,0.018518518518518517,0.018518518518518517,0.007936507936507936,0.006172839506172839,0,치킨,굽네치킨
ba_13076527,2025-04,0.0,0.0,0.0,0.0,0.0,0.0,0.0,0,치킨,굽네치킨
ba_13081281,2025-01,0.0,0.0,0.0,0.0,0.0,0.0,0.0,1,치킨,굽네치킨
ba_13081281,2025-02,0.0,0.0,0.0,0.0,0.0,0.0,0.0,0,치킨,굽네치킨
ba_13081281,2025-03,0.5,130.0,28.5,0.5,0.5,0.21428571428571427,0.125,0,치킨,굽네치킨
ba_13081281,2025-04,0.2857142857142857,59.714285714285715,13.285714285714286,0.2857142857142857,0.2857142857142857,0.1020408163265306,0.07142857142857142,0,치킨,굽네치킨
ba_13103901,2025-01,0.0,0.0,0.0,0.0,0.0,0.0,0.0,1,피자,굽네치킨
ba_13103901,2025-02,0.0,0.0,0.0,0.0,0.0,0.0,0.0,1,피자,굽네치킨
ba_13103901,2025-03,0.16666666666666666,15.0,2.8333333333333335,0.0,0.0,0.047619047619047616,0.0,1,피자,굽네치킨
ba_13103901,2025-04,0.0,0.0,0.0,0.0,0.0,0.0,0.0,0,피자,굽네치킨
ba_13168465,2025-01,0.07692307692307693,5.769230769230769,1.1538461538461537,0.0,0.0,0.010989010989010988,0.01282051282051282,0,백반·죽·국수,본그룹
ba_13168465,2025-02,0.3333333333333333,52.0,9.666666666666666,0.0,0.0,0.0,0.0,0,백반·죽·국수,본그룹
ba_13168465,2025-03,0.0,0.0,0.0,0.0,0.0,0.0,0.0,0,백반·죽·국수,본그룹
ba_13168465,2025-04,0.0,0.0,0.0,0.0,0.0,0.0,0.0,0,백반·죽·국수,본그룹
ba_13181486,2025-01,0.0,0.0,0.0,0.0,0.0,0.0,0.0,0,백반·죽·국수,본그룹
ba_13181486,2025-02,0.0,0.0,0.0,0.0,0.0,0.0,0.0,0,백반·죽·국수,본그룹
ba_13181486,2025-03,0.0,0.0,0.0,0.0,0.0,0.0,0.0,0,백반·죽·국수,본그룹
ba_13181486,2025-04,0.0,0.0,0.0,0.0,0.0,0.0,0.0,0,백반·죽·국수,본그룹
ba_13181699,2025-02,0.0,0.0,0.0,0.0,0.0,0.0,0.0,0,백반·죽·국수,본그룹
ba_13181699,2025-03,0.0,0.0,0.0,0.0,0.0,0.0,0.0,0,백반·죽·국수,본그룹
ba_13181699,2025-04,1.0,56.0,10.0,0.0,0.0,0.14285714285714285,0.0,0,백반·죽·국수,본그룹
ba_13181719,2025-01,0.0,0.0,0.0,0.0,0.0,0.0,0.0,0,백반·죽·국수,본그룹
ba_13181719,2025-02,0.0,0.0,0.0,0.0,0.0,0.0,0.0,0,백반·죽·국수,본그룹
ba_13181719,2025-03,0.0,0.0,0.0,0.0,0.0,0.0,0.0,0,백반·죽·국수,본그룹
ba_13181957,2025-02,1.0,252.6,51.3,0.0,0.0,0.17142857142857143,0.1,0,백반·죽·국수,본그룹
ba_13181957,2025-03,1.0,302.1666666666667,60.0,0.0,0.0,0.3095238095238095,0.19444444444444442,0,백반·죽·국수,본그룹
ba_13181957,2025-04,1.0,282.3333333333333,59.666666666666664,0.0,0.0,0.0,0.0,0,백반·죽·국수,본그룹
ba_13182018,2025-03,0.0,0.0,0.0,0.0,0.0,0.0,0.0,1,백반·죽·국수,본그룹
ba_13182018,2025-04,0.0,0.0,0.0,0.0,0.0,0.0,0.0,1,백반·죽·국수,본그룹
ba_13182129,2025-02,0.0,0.0,0.0,0.0,0.0,0.0,0.0,0,백반·죽·국수,본그룹
ba_13182129,2025-03,0.0,0.0,0.0,0.0,0.0,0.0,0.0,0,백반·죽·국수,본그룹
ba_13182129,2025-04,0.0,0.0,0.0,0.0,0.0,0.0,0.0,0,백반·죽·국수,본그룹
ba_13186079,2025-02,1.0,19.5,2.0,0.0,0.0,0.14285714285714285,0.0,0,백반·죽·국수,본그룹
ba_13186079,2025-03,1.0,26.0,4.0,0.0,0.0,0.14285714285714285,0.16666666666666666,0,백반·죽·국수,본그룹
ba_13188150,2025-02,0.0,0.0,0.0,0.0,0.0,0.0,0.0,0,백반·죽·국수,본그룹
ba_13188150,2025-03,0.0,0.0,0.0,0.0,0.0,0.0,0.0,0,백반·죽·국수,본그룹
ba_13188150,2025-04,0.0,0.0,0.0,0.0,0.0,0.0,0.0,0,백반·죽·국수,본그룹
ba_13189796,2025-03,0.0,0.0,0.0,0.0,0.0,0.0,0.0,0,백반·죽·국수,본그룹
ba_13189796,2025-04,0.0,0.0,0.0,0.0,0.0,0.0,0.0,0,백반·죽·국수,본그룹
ba_13189894,2025-01,1.0,332.8333333333333,63.083333333333336,0.08333333333333333,0.08333333333333333,0.45238095238095233,0.20833333333333334,0,백반·죽·국수,본그룹
ba_13189894,2025-02,1.0,347.5,65.0,0.0,0.0,0.42857142857142855,0.16666666666666666,0,백반·죽·국수,본그룹
ba_13189894,2025-03,1.0,343.3333333333333,65.33333333333333,0.0,0.0,0.5714285714285714,0.27777777777777773,0,백반·죽·국수,본그룹
ba_13189894,2025-04,1.0,441.0,83.0,0.0,0.0,0.5714285714285714,0.16666666666666666,0,백반·죽·국수,본그룹
ba_13193158,2025-04,0.0,0.0,0.0,0.0,0.0,0.0,0.0,0,백반·죽·국수,본그룹
ba_13199208,2025-02,0.0,0.0,0.0,0.0,0.0,0.0,0.0,0,백반·죽·국수,본그룹
ba_13199208,2025-03,0.0,0.0,0.0,0.0,0.0,0.0,0.0,0,백반·죽·국수,본그룹
ba_13199208,2025-04,0.3333333333333333,25.666666666666668,6.0,0.0,0.0,0.047619047619047616,0.05555555555555555,0,백반·죽·국수,본그룹
ba_13199335,2025-02,1.0,209.25,43.25,0.25,0.25,0.6071428571428571,0.29166666666666663,0,백반·죽·국수,본그룹
ba_13199335,2025-03,1.0,235.0,51.5,1.0,1.0,0.3571428571428571,0.25,0,백반·죽·국수,본그룹
ba_13199335,2025-04,1.0,255.5,54.0,0.0,0.0,0.5,0.25,0,백반·죽·국수,본그룹
ba_13199394,2025-01,0.0,0.0,0.0,0.0,0.0,0.0,0.0,0,백반·죽·국수,본그룹
ba_13199394,2025-02,0.0,0.0,0.0,0.0,0.0,0.0,0.0,0,백반·죽·국수,본그룹
ba_13199394,2025-03,0.0,0.0,0.0,0.0,0.0,0.0,0.0,0,백반·죽·국수,본그룹
ba_13199394,2025-04,0.0,0.0,0.0,0.0,0.0,0.0,0.0,0,백반·죽·국수,본그룹
ba_13199864,2025-02,1.0,259.25,54.25,0.75,0.75,0.5714285714285714,0.3333333333333333,0,백반·죽·국수,본그룹
ba_13199864,2025-03,1.0,199.25,41.75,0.25,0.25,0.39285714285714285,0.16666666666666666,0,백반·죽·국수,본그룹
ba_13199864,2025-04,1.0,212.33333333333334,44.333333333333336,0.6666666666666666,0.6666666666666666,0.5238095238095238,0.27777777777777773,0,백반·죽·국수,본그룹
ba_13200219,2025-04,0.0,0.0,0.0,0.0,0.0,0.0,0.0,0,백반·죽·국수,본그룹
ba_13200236,2025-01,0.0,0.0,0.0,0.0,0.0,0.0,0.0,0,백반·죽·국수,본그룹
ba_13203399,2025-02,0.16666666666666666,89.83333333333333,17.5,0.0,0.0,0.0,0.0,0,백반·죽·국수,본그룹
ba_13203399,2025-03,0.0,0.0,0.0,0.0,0.0,0.0,0.0,0,백반·죽·국수,본그룹
ba_13203399,2025-04,0.0,0.0,0.0,0.0,0.0,0.0,0.0,1,백반·죽·국수,본그룹
ba_13219045,2025-01,0.0,0.0,0.0,0.0,0.0,0.0,0.0,0,백반·죽·국수,본그룹
ba_13219094,2025-02,0.0,0.0,0.0,0.0,0.0,0.0,0.0,0,백반·죽·국수,본그룹
ba_13219094,2025-04,1.0,37.0,7.0,0.0,0.0,0.42857142857142855,0.0,0,백반·죽·국수,본그룹
ba_13219734,2025-03,0.0,0.0,0.0,0.0,0.0,0.0,0.0,0,백반·죽·국수,본그룹
ba_13219734,2025-04,0.0,0.0,0.0,0.0,0.0,0.0,0.0,0,백반·죽·국수,본그룹
ba_13221638,2025-02,0.0,0.0,0.0,0.0,0.0,0.0,0.0,0,백반·죽·국수,본그룹
ba_13221638,2025-03,0.0,0.0,0.0,0.0,0.0,0.0,0.0,0,백반·죽·국수,본그룹
ba_13221638,2025-04,0.0,0.0,0.0,0.0,0.0,0.0,0.0,0,백반·죽·국수,본그룹
ba_13221865,2025-02,0.0,0.0,0.0,0.0,0.0,0.0,0.0,0,백반·죽·국수,본그룹
ba_13221865,2025-03,0.0,0.0,0.0,0.0,0.0,0.0,0.0,0,백반·죽·국수,본그룹
ba_13221975,2025-03,0.5,80.75,13.75,0.0,0.0,0.07142857142857142,0.08333333333333333,0,백반·죽·국수,본그룹
ba_13221975,2025-04,0.0,0.0,0.0,0.0,0.0,0.0,0.0,0,백반·죽·국수,본그룹
ba_13221975,2025-02,1.0,68.0,10.75,0.0,0.0,0.10714285714285714,0.0,0,백반·죽·국수,본그룹
ba_13222051,2025-01,0.0,0.0,0.0,0.0,0.0,0.0,0.0,0,백반·죽·국수,본그룹
ba_13222051,2025-02,0.0,0.0,0.0,0.0,0.0,0.0,0.0,0,백반·죽·국수,본그룹
ba_13222051,2025-03,0.0,0.0,0.0,0.0,0.0,0.0,0.0,0,백반·죽·국수,본그룹
ba_13222170,2025-01,1.0,259.875,49.75,0.0,0.0,0.17857142857142855,0.020833333333333332,0,백반·죽·국수,본그룹
ba_13222170,2025-02,1.0,270.6666666666667,51.666666666666664,0.0,0.0,0.16666666666666666,0.027777777777777776,0,백반·죽·국수,본그룹
ba_13222170,2025-03,1.0,283.25,54.25,0.0,0.0,0.25,0.041666666666666664,0,백반·죽·국수,본그룹
ba_13222170,2025-04,1.0,236.0,43.333333333333336,0.0,0.0,0.19047619047619047,0.0,1,백반·죽·국수,본그룹
ba_13223141,2025-01,1.0,53.42857142857143,10.142857142857142,0.0,0.0,0.14285714285714285,0.0,0,백반·죽·국수,본그룹
ba_13223141,2025-02,1.0,55.333333333333336,10.0,0.0,0.0,0.14285714285714285,0.0,0,백반·죽·국수,본그룹
ba_13223141,2025-04,1.0,48.0,9.0,0.0,0.0,0.14285714285714285,0.0,0,백반·죽·국수,본그룹
ba_13223329,2025-03,1.0,203.5,40.0,0.5,0.5,0.6428571428571428,0.41666666666666663,0,백반·죽·국수,본그룹
ba_13223520,2025-02,0.0,0.0,0.0,0.0,0.0,0.0,0.0,0,백반·죽·국수,본그룹
ba_13223520,2025-03,0.0,0.0,0.0,0.0,0.0,0.0,0.0,0,백반·죽·국수,본그룹
ba_13223538,2025-02,0.75,61.0,12.75,0.0,0.0,0.14285714285714285,0.0,0,백반·죽·국수,본그룹
ba_13223538,2025-03,0.0,0.0,0.0,0.0,0.0,0.0,0.0,0,백반·죽·국수,본그룹
ba_13223538,2025-04,0.0,0.0,0.0,0.0,0.0,0.0,0.0,0,백반·죽·국수,본그룹
ba_13223711,2025-02,0.5,65.5,13.5,0.0,0.0,0.35714285714285715,0.16666666666666666,0,백반·죽·국수,본그룹
ba_13224027,2025-02,1.0,130.0,25.0,0.0,0.0,0.14285714285714285,0.0,0,백반·죽·국수,본그룹
ba_13224027,2025-04,1.0,124.66666666666667,25.333333333333332,0.0,0.0,0.0,0.0,0,백반·죽·국수,본그룹
ba_13224710,2025-02,0.0,0.0,0.0,0.0,0.0,0.0,0.0,0,백반·죽·국수,본그룹
ba_13224710,2025-04,0.0,0.0,0.0,0.0,0.0,0.0,0.0,0,백반·죽·국수,본그룹
ba_13224802,2025-01,1.0,107.94444444444444,22.77777777777778,0.0,0.0,0.19047619047619047,0.05555555555555555,0,백반·죽·국수,본그룹
ba_13224802,2025-02,1.0,113.8,23.8,0.06666666666666667,0.06666666666666667,0.1238095238095238,0.03333333333333333,0,백반·죽·국수,본그룹
ba_13224802,2025-03,1.0,109.33333333333333,22.0,0.0,0.0,0.14285714285714285,0.0,0,백반·죽·국수,본그룹
ba_13224844,2025-03,0.0,0.0,0.0,0.0,0.0,0.0,0.0,0,백반·죽·국수,본그룹
ba_13225746,2025-03,0.0,0.0,0.0,0.0,0.0,0.0,0.0,0,백반·죽·국수,본그룹
ba_13225754,2025-04,0.0,0.0,0.0,0.0,0.0,0.0,0.0,0,백반·죽·국수,본그룹
ba_13225842,2025-01,0.0,0.0,0.0,0.0,0.0,0.0,0.0,0,백반·죽·국수,본그룹
ba_13225842,2025-02,0.0,0.0,0.0,0.0,0.0,0.0,0.0,0,백반·죽·국수,본그룹
ba_13225939,2025-01,0.0,0.0,0.0,0.0,0.0,0.0,0.0,0,백반·죽·국수,본그룹
ba_13225939,2025-02,0.0,0.0,0.0,0.0,0.0,0.0,0.0,0,백반·죽·국수,본그룹
ba_13225939,2025-03,0.0,0.0,0.0,0.0,0.0,0.0,0.0,0,백반·죽·국수,본그룹
ba_13225939,2025-04,0.0,0.0,0.0,0.0,0.0,0.0,0.0,0,백반·죽·국수,본그룹
ba_13226530,2025-01,0.0,0.0,0.0,0.0,0.0,0.0,0.0,0,백반·죽·국수,본그룹
ba_13226530,2025-02,0.0,0.0,0.0,0.0,0.0,0.0,0.0,0,백반·죽·국수,본그룹
ba_13226546,2025-01,1.0,18.818181818181817,3.3636363636363638,0.0,0.0,0.07792207792207792,0.0,0,백반·죽·국수,본그룹
ba_13226546,2025-02,1.0,20.0,3.5,0.0,0.0,0.07142857142857142,0.0,0,백반·죽·국수,본그룹
ba_13226546,2025-03,1.0,21.25,3.5,0.0,0.0,0.07142857142857142,0.0,0,백반·죽·국수,본그룹
ba_13226546,2025-04,1.0,15.0,2.0,0.0,0.0,0.14285714285714285,0.0,0,백반·죽·국수,본그룹
ba_13226580,2025-01,0.0,0.0,0.0,0.0,0.0,0.0,0.0,0,백반·죽·국수,본그룹
ba_13226580,2025-02,0.0,0.0,0.0,0.0,0.0,0.0,0.0,0,백반·죽·국수,본그룹
ba_13226580,2025-03,0.0,0.0,0.0,0.0,0.0,0.0,0.0,0,백반·죽·국수,본그룹
ba_13226580,2025-04,0.0,0.0,0.0,0.0,0.0,0.0,0.0,0,백반·죽·국수,본그룹
ba_13226670,2025-02,0.0,0.0,0.0,0.0,0.0,0.0,0.0,0,백반·죽·국수,본그룹
ba_13226670,2025-03,0.0,0.0,0.0,0.0,0.0,0.0,0.0,0,백반·죽·국수,본그룹
ba_13226670,2025-04,0.0,0.0,0.0,0.0,0.0,0.0,0.0,0,백반·죽·국수,본그룹
ba_13226843,2025-01,0.0,0.0,0.0,0.0,0.0,0.0,0.0,0,백반·죽·국수,본그룹
ba_13226843,2025-02,0.0,0.0,0.0,0.0,0.0,0.0,0.0,0,백반·죽·국수,본그룹
ba_13226843,2025-03,0.0,0.0,0.0,0.0,0.0,0.0,0.0,0,백반·죽·국수,본그룹
ba_13226843,2025-04,0.0,0.0,0.0,0.0,0.0,0.0,0.0,0,백반·죽·국수,본그룹
ba_13226851,2025-01,0.0,0.0,0.0,0.0,0.0,0.0,0.0,0,백반·죽·국수,본그룹
ba_13226851,2025-02,0.0,0.0,0.0,0.0,0.0,0.0,0.0,0,백반·죽·국수,본그룹
ba_13226851,2025-03,0.0,0.0,0.0,0.0,0.0,0.0,0.0,0,백반·죽·국수,본그룹
ba_13226860,2025-01,1.0,123.92592592592592,25.40740740740741,0.0,0.0,0.0582010582010582,0.006172839506172839,0,백반·죽·국수,본그룹
ba_13226860,2025-02,1.0,101.8,20.65714285714286,0.02857142857142857,0.02857142857142857,0.061224489795918366,0.0047619047619047615,0,백반·죽·국수,본그룹
ba_13226860,2025-03,1.0,99.25,20.0,0.0,0.0,0.03571428571428571,0.0,0,백반·죽·국수,본그룹
ba_13226860,2025-04,1.0,101.64285714285714,20.5,0.07142857142857142,0.07142857142857142,0.030612244897959183,0.011904761904761904,0,백반·죽·국수,본그룹
ba_13226947,2025-02,1.0,101.66666666666667,20.833333333333332,0.0,0.0,0.11904761904761903,0.16666666666666666,0,백반·죽·국수,본그룹
ba_13227070,2025-02,0.0,0.0,0.0,0.0,0.0,0.0,0.0,0,백반·죽·국수,본그룹
ba_13227070,2025-04,0.0,0.0,0.0,0.0,0.0,0.0,0.0,0,백반·죽·국수,본그룹
ba_13227070,2025-03,1.0,38.0,7.0,0.0,0.0,0.0,0.0,0,백반·죽·국수,본그룹
ba_13227516,2025-01,0.15789473684210525,15.736842105263158,3.1578947368421053,0.0,0.0,0.045112781954887216,0.017543859649122806,0,백반·죽·국수,본그룹
ba_13227516,2025-02,0.0,0.0,0.0,0.0,0.0,0.0,0.0,0,백반·죽·국수,본그룹
ba_13227516,2025-03,0.0,0.0,0.0,0.0,0.0,0.0,0.0,0,백반·죽·국수,본그룹
ba_13227516,2025-04,0.14285714285714285,18.571428571428573,3.5714285714285716,0.0,0.0,0.02040816326530612,0.023809523809523808,0,백반·죽·국수,본그룹
ba_13227543,2025-02,0.0,0.0,0.0,0.0,0.0,0.0,0.0,0,백반·죽·국수,본그룹
ba_13227543,2025-03,0.0,0.0,0.0,0.0,0.0,0.0,0.0,0,백반·죽·국수,본그룹
ba_13227543,2025-04,0.0,0.0,0.0,0.0,0.0,0.0,0.0,0,백반·죽·국수,본그룹
ba_13227659,2025-02,0.0,0.0,0.0,0.0,0.0,0.0,0.0,0,백반·죽·국수,본그룹
ba_13227659,2025-03,0.0,0.0,0.0,0.0,0.0,0.0,0.0,0,백반·죽·국수,본그룹
ba_13227659,2025-04,0.0,0.0,0.0,0.0,0.0,0.0,0.0,0,백반·죽·국수,본그룹
ba_13227696,2025-02,0.0,0.0,0.0,0.0,0.0,0.0,0.0,0,백반·죽·국수,본그룹
ba_13227696,2025-03,0.0,0.0,0.0,0.0,0.0,0.0,0.0,0,백반·죽·국수,본그룹
ba_13227696,2025-04,0.5,25.25,5.25,0.0,0.0,0.0,0.0,0,백반·죽·국수,본그룹
ba_13228166,2025-03,0.0,0.0,0.0,0.0,0.0,0.0,0.0,0,백반·죽·국수,본그룹
ba_13228453,2025-01,0.0,0.0,0.0,0.0,0.0,0.0,0.0,0,백반·죽·국수,본그룹
ba_13228453,2025-02,0.0,0.0,0.0,0.0,0.0,0.0,0.0,0,백반·죽·국수,본그룹
ba_13228453,2025-03,0.0,0.0,0.0,0.0,0.0,0.0,0.0,0,백반·죽·국수,본그룹
ba_13228453,2025-04,0.0,0.0,0.0,0.0,0.0,0.0,0.0,0,백반·죽·국수,본그룹
ba_13228520,2025-02,0.0,0.0,0.0,0.0,0.0,0.0,0.0,0,백반·죽·국수,본그룹
ba_13228520,2025-03,0.0,0.0,0.0,0.0,0.0,0.0,0.0,0,백반·죽·국수,본그룹
ba_13228647,2025-01,1.0,126.20833333333333,26.416666666666668,0.0,0.0,0.25595238095238093,0.09722222222222221,0,백반·죽·국수,본그룹
ba_13228647,2025-02,1.0,143.0,28.75,0.25,0.25,0.17857142857142855,0.041666666666666664,0,백반·죽·국수,본그룹
ba_13228647,2025-03,1.0,146.0,34.0,0.0,0.0,0.5714285714285714,0.16666666666666666,0,백반·죽·국수,본그룹
ba_13228647,2025-04,1.0,144.5,28.25,0.0,0.0,0.14285714285714285,0.0,0,백반·죽·국수,본그룹
ba_13228668,2025-01,0.12,12.36,2.44,0.0,0.0,0.01714285714285714,0.0,0,백반·죽·국수,본그룹
ba_13228668,2025-02,0.8333333333333334,59.833333333333336,13.166666666666666,0.0,0.0,0.19047619047619047,0.0,0,백반·죽·국수,본그룹
ba_13228668,2025-03,0.0,0.0,0.0,0.0,0.0,0.0,0.0,0,백반·죽·국수,본그룹
ba_13228668,2025-04,0.2222222222222222,28.333333333333332,5.777777777777778,0.0,0.0,0.0,0.0,0,백반·죽·국수,본그룹
ba_13228675,2025-02,0.0,0.0,0.0,0.0,0.0,0.0,0.0,0,백반·죽·국수,본그룹
ba_13228677,2025-02,0.0,0.0,0.0,0.0,0.0,0.0,0.0,0,백반·죽·국수,본그룹
ba_13228677,2025-03,0.0,0.0,0.0,0.0,0.0,0.0,0.0,0,백반·죽·국수,본그룹
ba_13228869,2025-01,1.0,147.6,26.9,0.0,0.0,0.08571428571428572,0.05,0,백반·죽·국수,본그룹
ba_13228869,2025-02,1.0,144.0,24.0,0.0,0.0,0.0,0.0,0,백반·죽·국수,본그룹
ba_13228869,2025-03,1.0,130.8,23.8,0.0,0.0,0.05714285714285714,0.03333333333333333,0,백반·죽·국수,본그룹
ba_13228869,2025-04,1.0,144.0,24.333333333333332,0.0,0.0,0.11904761904761903,0.08333333333333333,0,백반·죽·국수,본그룹
ba_13228874,2025-02,0.0,0.0,0.0,0.0,0.0,0.0,0.0,0,백반·죽·국수,본그룹
ba_13228874,2025-03,0.0,0.0,0.0,0.0,0.0,0.0,0.0,0,백반·죽·국수,본그룹
ba_13228874,2025-01,0.5,54.0,11.5,0.0,0.0,0.07142857142857142,0.08333333333333333,0,백반·죽·국수,본그룹
ba_13228878,2025-01,0.9090909090909091,78.0909090909091,12.454545454545455,0.0,0.0,0.3506493506493506,0.13636363636363635,0,백반·죽·국수,본그룹
ba_13228878,2025-02,1.0,76.0,12.0,0.0,0.0,0.42857142857142855,0.16666666666666666,0,백반·죽·국수,본그룹
ba_13228878,2025-03,1.0,76.0,12.5,0.0,0.0,0.5,0.16666666666666666,0,백반·죽·국수,본그룹
ba_13228909,2025-01,1.0,65.9090909090909,12.454545454545455,0.0,0.0,0.2857142857142857,0.16666666666666666,0,백반·죽·국수,본그룹
ba_13228909,2025-02,1.0,71.66666666666667,15.0,0.0,0.0,0.23809523809523805,0.1111111111111111,0,백반·죽·국수,본그룹
ba_13228909,2025-04,1.0,51.5,10.0,0.0,0.0,0.2857142857142857,0.16666666666666666,0,백반·죽·국수,본그룹
ba_13228945,2025-03,0.0,0.0,0.0,0.0,0.0,0.0,0.0,0,백반·죽·국수,본그룹
ba_13228945,2025-04,0.8,96.6,18.0,0.2,0.2,0.22857142857142856,0.06666666666666667,0,백반·죽·국수,본그룹
ba_13228945,2025-01,1.0,117.0,21.0,0.0,0.0,0.16326530612244897,0.047619047619047616,0,백반·죽·국수,본그룹
ba_13228978,2025-01,0.0,0.0,0.0,0.0,0.0,0.0,0.0,0,백반·죽·국수,본그룹
ba_13228978,2025-02,0.0,0.0,0.0,0.0,0.0,0.0,0.0,0,백반·죽·국수,본그룹
ba_13228993,2025-01,0.0,0.0,0.0,0.0,0.0,0.0,0.0,0,백반·죽·국수,본그룹
ba_13228993,2025-03,0.0,0.0,0.0,0.0,0.0,0.0,0.0,0,백반·죽·국수,본그룹
ba_13228993,2025-04,0.0,0.0,0.0,0.0,0.0,0.0,0.0,0,백반·죽·국수,본그룹
ba_13229107,2025-01,0.0,0.0,0.0,0.0,0.0,0.0,0.0,0,백반·죽·국수,본그룹
ba_13229107,2025-02,0.0,0.0,0.0,0.0,0.0,0.0,0.0,0,백반·죽·국수,본그룹
ba_13229107,2025-03,0.0,0.0,0.0,0.0,0.0,0.0,0.0,0,백반·죽·국수,본그룹
ba_13229152,2025-02,1.0,157.5,25.0,0.0,0.0,0.03571428571428571,0.0,0,백반·죽·국수,본그룹
ba_13229152,2025-04,1.0,143.0,23.0,0.0,0.0,0.0,0.0,0,백반·죽·국수,본그룹
ba_13229173,2025-01,1.0,271.35714285714283,55.07142857142857,0.0,0.0,0.31632653061224486,0.16666666666666666,0,백반·죽·국수,본그룹
ba_13229173,2025-02,1.0,235.5,45.25,0.0,0.0,0.5,0.16666666666666666,0,백반·죽·국수,본그룹
ba_13229173,2025-03,1.0,216.75,42.5,0.0,0.0,0.3214285714285714,0.16666666666666666,0,백반·죽·국수,본그룹
ba_13229173,2025-04,1.0,163.5,33.0,0.0,0.0,0.3571428571428571,0.25,0,백반·죽·국수,본그룹
ba_13229184,2025-02,0.0,0.0,0.0,0.0,0.0,0.0,0.0,0,백반·죽·국수,본그룹
ba_13229184,2025-03,0.0,0.0,0.0,0.0,0.0,0.0,0.0,0,백반·죽·국수,본그룹
ba_13229527,2025-01,0.0,0.0,0.0,0.0,0.0,0.0,0.0,0,백반·죽·국수,본그룹
ba_13229527,2025-02,0.0,0.0,0.0,0.0,0.0,0.0,0.0,0,백반·죽·국수,본그룹
ba_13229527,2025-03,0.0,0.0,0.0,0.0,0.0,0.0,0.0,0,백반·죽·국수,본그룹
ba_13229527,2025-04,0.0,0.0,0.0,0.0,0.0,0.0,0.0,0,백반·죽·국수,본그룹
ba_13229560,2025-01,0.0,0.0,0.0,0.0,0.0,0.0,0.0,0,백반·죽·국수,본그룹
ba_13229560,2025-02,0.0,0.0,0.0,0.0,0.0,0.0,0.0,0,백반·죽·국수,본그룹
ba_13229747,2025-01,0.0,0.0,0.0,0.0,0.0,0.0,0.0,0,백반·죽·국수,본그룹
ba_13229747,2025-02,0.0,0.0,0.0,0.0,0.0,0.0,0.0,0,백반·죽·국수,본그룹
ba_13229747,2025-04,0.0,0.0,0.0,0.0,0.0,0.0,0.0,0,백반·죽·국수,본그룹
ba_13229858,2025-02,0.0,0.0,0.0,0.0,0.0,0.0,0.0,0,백반·죽·국수,본그룹
ba_13229858,2025-03,0.0,0.0,0.0,0.0,0.0,0.0,0.0,0,백반·죽·국수,본그룹
ba_13229858,2025-04,0.0,0.0,0.0,0.0,0.0,0.0,0.0,0,백반·죽·국수,본그룹
ba_13229960,2025-01,0.0,0.0,0.0,0.0,0.0,0.0,0.0,0,백반·죽·국수,본그룹
ba_13229960,2025-02,0.0,0.0,0.0,0.0,0.0,0.0,0.0,0,백반·죽·국수,본그룹
ba_13229960,2025-04,0.0,0.0,0.0,0.0,0.0,0.0,0.0,0,백반·죽·국수,본그룹
ba_13230502,2025-04,0.0,0.0,0.0,0.0,0.0,0.0,0.0,0,백반·죽·국수,본그룹
ba_13230793,2025-02,0.0,0.0,0.0,0.0,0.0,0.0,0.0,0,백반·죽·국수,본그룹
ba_13230793,2025-03,0.0,0.0,0.0,0.0,0.0,0.0,0.0,0,백반·죽·국수,본그룹
ba_13230793,2025-04,0.0,0.0,0.0,0.0,0.0,0.0,0.0,0,백반·죽·국수,본그룹
ba_13230834,2025-03,0.0,0.0,0.0,0.0,0.0,0.0,0.0,0,백반·죽·국수,본그룹
ba_13230838,2025-02,0.7142857142857143,78.28571428571429,14.714285714285714,0.0,0.0,0.22448979591836735,0.07142857142857142,0,백반·죽·국수,본그룹
ba_13230838,2025-01,0.8888888888888888,85.77777777777777,16.666666666666668,0.0,0.0,0.23809523809523808,0.05555555555555555,0,백반·죽·국수,본그룹
ba_13230838,2025-03,1.0,56.0,10.0,0.0,0.0,0.42857142857142855,0.16666666666666666,0,백반·죽·국수,본그룹
ba_13230846,2025-01,0.14285714285714285,6.857142857142857,1.1428571428571428,0.0,0.0,0.02040816326530612,0.0,0,백반·죽·국수,본그룹
ba_13230846,2025-03,1.0,98.33333333333333,16.666666666666668,0.0,0.0,0.19047619047619047,0.0,0,백반·죽·국수,본그룹
ba_13230846,2025-04,1.0,69.0,11.0,0.0,0.0,0.2857142857142857,0.0,0,백반·죽·국수,본그룹
ba_13230879,2025-01,0.0,0.0,0.0,0.0,0.0,0.0,0.0,0,백반·죽·국수,본그룹
ba_13230903,2025-01,0.0,0.0,0.0,0.0,0.0,0.0,0.0,0,백반·죽·국수,본그룹
ba_13230903,2025-02,0.2857142857142857,32.285714285714285,6.571428571428571,0.0,0.0,0.061224489795918366,0.0,0,백반·죽·국수,본그룹
ba_13230903,2025-03,0.08333333333333333,7.583333333333333,1.4166666666666667,0.0,0.0,0.03571428571428571,0.013888888888888888,0,백반·죽·국수,본그룹
ba_13230903,2025-04,0.0,0.0,0.0,0.0,0.0,0.0,0.0,0,백반·죽·국수,본그룹
ba_13230921,2025-03,0.0,0.0,0.0,0.0,0.0,0.0,0.0,0,백반·죽·국수,본그룹
ba_13230969,2025-02,0.0,0.0,0.0,0.0,0.0,0.0,0.0,0,백반·죽·국수,본그룹
ba_13230969,2025-03,0.0,0.0,0.0,0.0,0.0,0.0,0.0,0,백반·죽·국수,본그룹
ba_13230969,2025-04,0.0,0.0,0.0,0.0,0.0,0.0,0.0,0,백반·죽·국수,본그룹
ba_13231050,2025-02,0.5,13.0,2.5,0.0,0.0,0.07142857142857142,0.0,0,백반·죽·국수,본그룹
ba_13231050,2025-03,0.0,0.0,0.0,0.0,0.0,0.0,0.0,0,백반·죽·국수,본그룹
ba_13231050,2025-01,0.23076923076923078,12.307692307692308,2.769230769230769,0.0,0.0,0.03296703296703297,0.0,0,백반·죽·국수,본그룹
ba_13231050,2025-04,1.0,26.0,5.0,0.0,0.0,0.0,0.0,0,백반·죽·국수,본그룹
ba_13231120,2025-04,0.0,0.0,0.0,0.0,0.0,0.0,0.0,0,백반·죽·국수,본그룹
ba_13231147,2025-02,1.0,72.0,16.0,0.0,0.0,0.0,0.0,0,백반·죽·국수,본그룹
ba_13231147,2025-03,1.0,72.0,14.0,0.0,0.0,0.0,0.0,0,백반·죽·국수,본그룹
ba_13231157,2025-02,0.0,0.0,0.0,0.0,0.0,0.0,0.0,0,백반·죽·국수,본그룹
ba_13231157,2025-03,0.0,0.0,0.0,0.0,0.0,0.0,0.0,0,백반·죽·국수,본그룹
ba_13231481,2025-01,1.0,224.5,48.5,0.5,0.5,0.4285714285714286,0.25,0,백반·죽·국수,본그룹
ba_13231481,2025-02,1.0,275.0,57.0,0.0,0.0,0.5714285714285714,0.3333333333333333,0,백반·죽·국수,본그룹
ba_13231481,2025-03,1.0,162.0,31.0,0.0,0.0,0.2857142857142857,0.3333333333333333,0,백반·죽·국수,본그룹
ba_13231795,2025-01,0.125,9.0,1.625,0.0,0.0,0.0,0.0,0,백반·죽·국수,본그룹
ba_13231958,2025-02,0.0,0.0,0.0,0.0,0.0,0.0,0.0,0,백반·죽·국수,본그룹
ba_13231958,2025-03,0.0,0.0,0.0,0.0,0.0,0.0,0.0,0,백반·죽·국수,본그룹
ba_13232110,2025-01,1.0,62.7,10.0,0.0,0.0,0.11428571428571428,0.0,0,백반·죽·국수,본그룹
ba_13232110,2025-02,1.0,118.875,23.875,0.0,0.0,0.2857142857142857,0.0,0,백반·죽·국수,본그룹
ba_13232110,2025-03,1.0,158.33333333333334,31.833333333333332,0.0,0.0,0.2857142857142857,0.0,0,백반·죽·국수,본그룹
ba_13232110,2025-04,1.0,206.2,42.8,0.0,0.0,0.22857142857142856,0.0,0,백반·죽·국수,본그룹
ba_13232134,2025-01,1.0,131.0909090909091,27.727272727272727,0.0,0.0,0.5584415584415584,0.0,0,백반·죽·국수,본그룹
ba_13232134,2025-03,1.0,124.0,25.0,0.0,0.0,0.5714285714285714,0.0,0,백반·죽·국수,본그룹
ba_13232348,2025-02,0.0,0.0,0.0,0.0,0.0,0.0,0.0,0,백반·죽·국수,본그룹
ba_13232348,2025-03,0.0,0.0,0.0,0.0,0.0,0.0,0.0,0,백반·죽·국수,본그룹
ba_13232348,2025-04,0.3333333333333333,81.0,18.0,0.0,0.0,0.0,0.0,0,백반·죽·국수,본그룹
ba_13232508,2025-01,0.0,0.0,0.0,0.0,0.0,0.0,0.0,0,백반·죽·국수,본그룹
ba_13232508,2025-02,0.0,0.0,0.0,0.0,0.0,0.0,0.0,0,백반·죽·국수,본그룹
ba_13232508,2025-03,0.0,0.0,0.0,0.0,0.0,0.0,0.0,0,백반·죽·국수,본그룹
ba_13233115,2025-04,0.0,0.0,0.0,0.0,0.0,0.0,0.0,0,백반·죽·국수,본그룹
ba_13233115,2025-02,1.0,81.0,16.75,0.0,0.0,0.0,0.0,0,백반·죽·국수,본그룹
ba_13233115,2025-03,1.0,79.0,17.0,0.0,0.0,0.0,0.0,0,백반·죽·국수,본그룹
ba_13233212,2025-02,1.0,71.0,16.666666666666668,0.0,0.0,0.14285714285714285,0.0,0,백반·죽·국수,본그룹
ba_13233212,2025-03,1.0,67.0,16.0,0.0,0.0,0.14285714285714285,0.0,0,백반·죽·국수,본그룹
ba_13233212,2025-04,1.0,70.0,16.5,0.0,0.0,0.07142857142857142,0.0,0,백반·죽·국수,본그룹
ba_13233433,2025-04,0.0,0.0,0.0,0.0,0.0,0.0,0.0,0,백반·죽·국수,본그룹
ba_13233433,2025-01,1.0,38.4,6.2,0.0,0.0,0.05714285714285714,0.0,0,백반·죽·국수,본그룹
ba_13233433,2025-02,1.0,36.0,6.0,0.0,0.0,0.14285714285714285,0.0,0,백반·죽·국수,본그룹
ba_13233433,2025-03,1.0,40.0,6.5,0.0,0.0,0.0,0.0,0,백반·죽·국수,본그룹
ba_13233436,2025-03,1.0,47.666666666666664,9.0,0.0,0.0,0.14285714285714285,0.16666666666666666,0,백반·죽·국수,본그룹
ba_13233436,2025-04,1.0,47.0,9.0,0.0,0.0,0.14285714285714285,0.16666666666666666,0,백반·죽·국수,본그룹
ba_13233445,2025-02,0.0,0.0,0.0,0.0,0.0,0.0,0.0,0,백반·죽·국수,본그룹
ba_13233445,2025-03,0.0,0.0,0.0,0.0,0.0,0.0,0.0,0,백반·죽·국수,본그룹
ba_13233445,2025-04,0.0,0.0,0.0,0.0,0.0,0.0,0.0,0,백반·죽·국수,본그룹
ba_13233445,2025-01,0.25,23.75,3.5,0.0,0.0,0.03571428571428571,0.0,0,백반·죽·국수,본그룹
ba_13233448,2025-02,0.6666666666666666,19.333333333333332,3.3333333333333335,0.0,0.0,0.19047619047619047,0.1111111111111111,0,백반·죽·국수,본그룹
ba_13233448,2025-01,1.0,34.375,6.0,0.0,0.0,0.2857142857142857,0.16666666666666666,0,백반·죽·국수,본그룹
ba_13233448,2025-04,1.0,27.0,4.0,0.0,0.0,0.2857142857142857,0.16666666666666666,0,백반·죽·국수,본그룹
ba_13233454,2025-02,0.0,0.0,0.0,0.0,0.0,0.0,0.0,0,백반·죽·국수,본그룹
ba_13233454,2025-04,0.0,0.0,0.0,0.0,0.0,0.0,0.0,0,백반·죽·국수,본그룹
ba_13233457,2025-01,0.875,80.5,13.5,0.0,0.0,0.25,0.125,0,백반·죽·국수,본그룹
ba_13233457,2025-02,1.0,86.16666666666667,13.666666666666666,0.0,0.0,0.42857142857142855,0.16666666666666666,0,백반·죽·국수,본그룹
ba_13233457,2025-03,1.0,89.5,14.666666666666666,0.0,0.0,0.3333333333333333,0.16666666666666666,0,백반·죽·국수,본그룹
ba_13233457,2025-04,1.0,77.0,12.0,0.0,0.0,0.5714285714285714,0.16666666666666666,0,백반·죽·국수,본그룹
ba_13233463,2025-02,1.0,102.16666666666667,18.0,0.0,0.0,0.047619047619047616,0.027777777777777776,0,백반·죽·국수,본그룹
ba_13233463,2025-03,1.0,97.33333333333333,15.0,0.0,0.0,0.047619047619047616,0.0,0,백반·죽·국수,본그룹
ba_13233466,2025-01,0.0,0.0,0.0,0.0,0.0,0.0,0.0,0,백반·죽·국수,본그룹
ba_13233466,2025-03,0.0,0.0,0.0,0.0,0.0,0.0,0.0,0,백반·죽·국수,본그룹
ba_13233483,2025-01,0.0,0.0,0.0,0.0,0.0,0.0,0.0,0,백반·죽·국수,본그룹
ba_13233483,2025-02,0.0,0.0,0.0,0.0,0.0,0.0,0.0,0,백반·죽·국수,본그룹
ba_13233483,2025-03,0.0,0.0,0.0,0.0,0.0,0.0,0.0,0,백반·죽·국수,본그룹
ba_13233484,2025-04,0.0,0.0,0.0,0.0,0.0,0.0,0.0,0,백반·죽·국수,본그룹
ba_13233506,2025-01,1.0,197.6,41.2,0.2,0.2,0.5428571428571429,0.26666666666666666,0,백반·죽·국수,본그룹
ba_13233506,2025-02,1.0,191.0,41.0,0.0,0.0,0.42857142857142855,0.27777777777777773,0,백반·죽·국수,본그룹
ba_13233506,2025-03,1.0,229.0,47.666666666666664,0.0,0.0,0.3333333333333333,0.05555555555555555,0,백반·죽·국수,본그룹
ba_13233554,2025-02,0.8333333333333334,142.16666666666666,31.833333333333332,0.16666666666666666,0.16666666666666666,0.2857142857142857,0.13888888888888887,0,백반·죽·국수,본그룹
ba_13233554,2025-03,0.0,0.0,0.0,0.0,0.0,0.0,0.0,0,백반·죽·국수,본그룹
ba_13233554,2025-04,0.0,0.0,0.0,0.0,0.0,0.0,0.0,0,백반·죽·국수,본그룹
ba_13233554,2025-01,1.0,192.88888888888889,43.0,0.5555555555555556,0.5555555555555556,0.38095238095238093,0.16666666666666666,0,백반·죽·국수,본그룹
ba_13233575,2025-02,1.0,164.33333333333334,33.333333333333336,0.3333333333333333,0.3333333333333333,0.38095238095238093,0.16666666666666666,0,백반·죽·국수,본그룹
ba_13233575,2025-03,1.0,243.0,46.0,0.0,0.0,0.14285714285714285,0.16666666666666666,0,백반·죽·국수,본그룹
ba_13233575,2025-04,1.0,175.0,36.0,0.0,0.0,0.14285714285714285,0.0,0,백반·죽·국수,본그룹
ba_13233576,2025-01,0.14285714285714285,24.714285714285715,5.571428571428571,0.0,0.0,0.0,0.0,0,백반·죽·국수,본그룹
ba_13233576,2025-02,0.0,0.0,0.0,0.0,0.0,0.0,0.0,0,백반·죽·국수,본그룹
ba_13233576,2025-03,0.0,0.0,0.0,0.0,0.0,0.0,0.0,0,백반·죽·국수,본그룹
ba_13233576,2025-04,0.0,0.0,0.0,0.0,0.0,0.0,0.0,0,백반·죽·국수,본그룹
ba_13233578,2025-01,1.0,75.85714285714286,13.714285714285714,0.0,0.0,0.14285714285714285,0.0,0,백반·죽·국수,본그룹
ba_13233578,2025-02,1.0,65.66666666666667,12.0,0.0,0.0,0.14285714285714285,0.0,0,백반·죽·국수,본그룹
ba_13233578,2025-03,1.0,63.833333333333336,12.0,0.0,0.0,0.14285714285714285,0.0,0,백반·죽·국수,본그룹
ba_13233578,2025-04,1.0,65.5,12.0,0.0,0.0,0.14285714285714285,0.0,0,백반·죽·국수,본그룹
ba_13233579,2025-02,0.0,0.0,0.0,0.0,0.0,0.0,0.0,0,백반·죽·국수,본그룹
ba_13233581,2025-02,0.0,0.0,0.0,0.0,0.0,0.0,0.0,0,백반·죽·국수,본그룹
ba_13233581,2025-04,0.0,0.0,0.0,0.0,0.0,0.0,0.0,0,백반·죽·국수,본그룹
ba_13233587,2025-01,0.9230769230769231,252.15384615384616,58.76923076923077,0.38461538461538464,0.38461538461538464,0.5494505494505494,0.2692307692307692,0,백반·죽·국수,본그룹
ba_13233587,2025-02,0.0,0.0,0.0,0.0,0.0,0.0,0.0,0,백반·죽·국수,본그룹
ba_13233587,2025-03,0.8,162.6,39.8,0.0,0.0,0.4,0.2,0,백반·죽·국수,본그룹
ba_13233587,2025-04,0.18181818181818182,22.454545454545453,4.818181818181818,0.0,0.0,0.051948051948051945,0.01515151515151515,0,백반·죽·국수,본그룹
ba_13233592,2025-03,0.0,0.0,0.0,0.0,0.0,0.0,0.0,0,백반·죽·국수,본그룹
ba_13233592,2025-04,0.0,0.0,0.0,0.0,0.0,0.0,0.0,0,백반·죽·국수,본그룹
ba_13233594,2025-01,0.0,0.0,0.0,0.0,0.0,0.0,0.0,0,백반·죽·국수,본그룹
ba_13233594,2025-02,0.0,0.0,0.0,0.0,0.0,0.0,0.0,0,백반·죽·국수,본그룹
ba_13233594,2025-03,0.0,0.0,0.0,0.0,0.0,0.0,0.0,0,백반·죽·국수,본그룹
ba_13233594,2025-04,0.0,0.0,0.0,0.0,0.0,0.0,0.0,0,백반·죽·국수,본그룹
ba_13233606,2025-01,1.0,272.0,55.5,0.0,0.0,0.09090909090909091,0.007575757575757575,0,백반·죽·국수,본그룹
ba_13233606,2025-02,1.0,208.5,41.75,0.0,0.0,0.14285714285714285,0.0,0,백반·죽·국수,본그룹
ba_13233606,2025-03,1.0,180.0,35.0,0.0,0.0,0.2857142857142857,0.0,0,백반·죽·국수,본그룹
ba_13233606,2025-04,1.0,211.0,40.5,0.0,0.0,0.14285714285714285,0.0,0,백반·죽·국수,본그룹
ba_13233607,2025-03,0.0,0.0,0.0,0.0,0.0,0.0,0.0,0,백반·죽·국수,본그룹
ba_13233607,2025-04,0.0,0.0,0.0,0.0,0.0,0.0,0.0,0,백반·죽·국수,본그룹
ba_13233639,2025-03,1.0,208.0,43.5,0.5,0.5,0.3571428571428571,0.25,0,백반·죽·국수,본그룹
ba_13233639,2025-04,1.0,258.0,56.0,1.0,1.0,0.7142857142857143,0.3333333333333333,0,백반·죽·국수,본그룹
ba_13233688,2025-02,0.0,0.0,0.0,0.0,0.0,0.0,0.0,0,백반·죽·국수,본그룹
ba_13233716,2025-01,0.0,0.0,0.0,0.0,0.0,0.0,0.0,0,백반·죽·국수,본그룹
ba_13233716,2025-02,0.0,0.0,0.0,0.0,0.0,0.0,0.0,0,백반·죽·국수,본그룹
ba_13233716,2025-03,0.0,0.0,0.0,0.0,0.0,0.0,0.0,0,백반·죽·국수,본그룹
ba_13233716,2025-04,0.0,0.0,0.0,0.0,0.0,0.0,0.0,0,백반·죽·국수,본그룹
ba_13233724,2025-01,0.8,44.8,9.4,0.0,0.0,0.2,0.0,0,백반·죽·국수,본그룹
ba_13233724,2025-02,1.0,66.0,13.5,0.0,0.0,0.21428571428571427,0.0,0,백반·죽·국수,본그룹
ba_13233724,2025-03,1.0,71.0,14.0,0.0,0.0,0.2857142857142857,0.16666666666666666,0,백반·죽·국수,본그룹
ba_13233724,2025-04,0.6666666666666666,52.0,11.0,0.0,0.0,0.23809523809523805,0.05555555555555555,0,백반·죽·국수,본그룹
ba_13233726,2025-01,1.0,328.75,73.5,0.0,0.0,0.5535714285714286,0.22916666666666666,0,백반·죽·국수,본그룹
ba_13233726,2025-02,1.0,458.5,104.5,0.0,0.0,0.5,0.29166666666666663,0,백반·죽·국수,본그룹
ba_13233726,2025-03,1.0,289.6,64.2,0.0,0.0,0.48571428571428565,0.2333333333333333,0,백반·죽·국수,본그룹
ba_13233726,2025-04,1.0,369.0,80.5,0.0,0.0,0.5714285714285714,0.3333333333333333,0,백반·죽·국수,본그룹
ba_13233735,2025-02,1.0,83.0,13.5,0.0,0.0,0.07142857142857142,0.0,0,백반·죽·국수,본그룹
ba_13233735,2025-03,1.0,76.75,12.0,0.0,0.0,0.14285714285714285,0.0,0,백반·죽·국수,본그룹
ba_13233735,2025-04,1.0,75.0,13.0,0.0,0.0,0.21428571428571427,0.0,0,백반·죽·국수,본그룹
ba_13233742,2025-01,0.2222222222222222,20.77777777777778,4.111111111111111,0.0,0.0,0.047619047619047616,0.0,0,백반·죽·국수,본그룹
ba_13233742,2025-02,0.0,0.0,0.0,0.0,0.0,0.0,0.0,0,백반·죽·국수,본그룹
ba_13233764,2025-02,1.0,145.8095238095238,31.333333333333332,0.0,0.0,0.42857142857142855,0.16666666666666666,0,백반·죽·국수,본그룹
ba_13233764,2025-03,1.0,144.14285714285714,31.428571428571427,0.0,0.0,0.42857142857142855,0.16666666666666666,0,백반·죽·국수,본그룹
ba_13233764,2025-04,1.0,162.33333333333334,34.77777777777778,0.0,0.0,0.42857142857142855,0.16666666666666666,0,백반·죽·국수,본그룹
ba_13233767,2025-02,1.0,91.0,17.0,0.0,0.0,0.42857142857142855,0.16666666666666666,0,백반·죽·국수,본그룹
ba_13233767,2025-03,1.0,197.0,44.0,0.5,0.5,0.3571428571428571,0.08333333333333333,0,백반·죽·국수,본그룹
ba_13233778,2025-01,0.0,0.0,0.0,0.0,0.0,0.0,0.0,0,백반·죽·국수,본그룹
ba_13233778,2025-02,0.0,0.0,0.0,0.0,0.0,0.0,0.0,0,백반·죽·국수,본그룹
ba_13233778,2025-03,0.0,0.0,0.0,0.0,0.0,0.0,0.0,0,백반·죽·국수,본그룹
ba_13233778,2025-04,0.0,0.0,0.0,0.0,0.0,0.0,0.0,0,백반·죽·국수,본그룹
ba_13233782,2025-02,0.0,0.0,0.0,0.0,0.0,0.0,0.0,0,백반·죽·국수,본그룹
ba_13233782,2025-03,0.0,0.0,0.0,0.0,0.0,0.0,0.0,0,백반·죽·국수,본그룹
ba_13233782,2025-04,0.14285714285714285,28.857142857142858,5.0,0.0,0.0,0.08163265306122448,0.023809523809523808,0,백반·죽·국수,본그룹
ba_13233856,2025-03,0.0,0.0,0.0,0.0,0.0,0.0,0.0,0,백반·죽·국수,본그룹
ba_13234034,2025-01,0.0,0.0,0.0,0.0,0.0,0.0,0.0,0,백반·죽·국수,본그룹
ba_13234034,2025-02,0.0,0.0,0.0,0.0,0.0,0.0,0.0,0,백반·죽·국수,본그룹
ba_13234034,2025-03,0.0,0.0,0.0,0.0,0.0,0.0,0.0,0,백반·죽·국수,본그룹
ba_13234034,2025-04,0.0,0.0,0.0,0.0,0.0,0.0,0.0,1,백반·죽·국수,본그룹
ba_13234089,2025-02,0.0,0.0,0.0,0.0,0.0,0.0,0.0,0,백반·죽·국수,본그룹
ba_13234101,2025-02,0.3333333333333333,14.666666666666666,2.3333333333333335,0.0,0.0,0.0,0.0,0,백반·죽·국수,본그룹
ba_13234188,2025-01,0.975609756097561,251.78048780487805,52.8780487804878,0.0,0.0,0.3484320557491289,0.1056910569105691,0,백반·죽·국수,본그룹
ba_13234188,2025-02,0.875,192.375,44.375,0.0,0.0,0.19642857142857142,0.10416666666666666,0,백반·죽·국수,본그룹
ba_13234188,2025-03,1.0,249.0,57.6,0.0,0.0,0.2857142857142857,0.13333333333333333,0,백반·죽·국수,본그룹
ba_13234188,2025-04,1.0,98.83333333333333,18.333333333333332,0.0,0.0,0.21428571428571427,0.13888888888888887,0,백반·죽·국수,본그룹
ba_13234193,2025-04,0.0,0.0,0.0,0.0,0.0,0.0,0.0,0,백반·죽·국수,본그룹
ba_13234193,2025-01,0.6,30.6,6.0,0.0,0.0,0.11428571428571428,0.03333333333333333,0,백반·죽·국수,본그룹
ba_13234193,2025-02,1.0,47.125,10.0,0.0,0.0,0.23214285714285712,0.041666666666666664,0,백반·죽·국수,본그룹
ba_13234193,2025-03,1.0,54.166666666666664,11.333333333333334,0.0,0.0,0.23809523809523805,0.0,0,백반·죽·국수,본그룹
ba_13234475,2025-01,1.0,100.0,18.666666666666668,0.0,0.0,0.21428571428571427,0.0,0,백반·죽·국수,본그룹
ba_13234475,2025-02,1.0,101.5,17.5,0.0,0.0,0.21428571428571427,0.08333333333333333,0,백반·죽·국수,본그룹
ba_13234475,2025-03,1.0,69.0,14.5,0.0,0.0,0.21428571428571427,0.0,0,백반·죽·국수,본그룹
ba_13234523,2025-01,1.0,283.10714285714283,60.523809523809526,0.5595238095238095,0.5595238095238095,0.23639455782312926,0.10317460317460317,0,백반·죽·국수,본그룹
ba_13234523,2025-02,1.0,226.66666666666666,48.55555555555556,0.0,0.0,0.1746031746031746,0.07407407407407407,0,백반·죽·국수,본그룹
ba_13234523,2025-03,1.0,176.0,37.0,0.5,0.5,0.0,0.0,0,백반·죽·국수,본그룹
ba_13234578,2025-02,0.0,0.0,0.0,0.0,0.0,0.0,0.0,0,백반·죽·국수,본그룹
ba_13234578,2025-03,0.0,0.0,0.0,0.0,0.0,0.0,0.0,0,백반·죽·국수,본그룹
ba_13234578,2025-04,0.0,0.0,0.0,0.0,0.0,0.0,0.0,0,백반·죽·국수,본그룹
ba_13234790,2025-01,1.0,113.6875,23.3125,0.125,0.125,0.3125,0.11458333333333333,0,치킨,굽네치킨
ba_13234790,2025-02,1.0,131.4375,27.9375,0.125,0.125,0.29464285714285715,0.14583333333333331,0,치킨,굽네치킨
ba_13234790,2025-03,1.0,115.33333333333333,23.77777777777778,0.2222222222222222,0.2222222222222222,0.31746031746031744,0.09259259259259259,0,치킨,굽네치킨
ba_13234790,2025-04,1.0,114.0,24.0,0.0,0.0,0.21428571428571427,0.041666666666666664,0,치킨,굽네치킨
ba_13235318,2025-03,1.0,136.0,28.0,0.0,0.0,0.14285714285714285,0.0,0,백반·죽·국수,본그룹
ba_13235498,2025-01,1.0,202.77777777777777,45.0,0.3333333333333333,0.3333333333333333,0.38095238095238093,0.14814814814814814,0,백반·죽·국수,본그룹
ba_13235498,2025-03,1.0,217.5,44.5,0.5,0.5,0.5714285714285714,0.25,0,백반·죽·국수,본그룹
ba_13235498,2025-04,1.0,224.0,45.5,0.0,0.0,0.5714285714285714,0.25,0,백반·죽·국수,본그룹
ba_13235500,2025-02,0.0,0.0,0.0,0.0,0.0,0.0,0.0,0,백반·죽·국수,본그룹
ba_13235500,2025-03,0.0,0.0,0.0,0.0,0.0,0.0,0.0,0,백반·죽·국수,본그룹
ba_13235508,2025-02,0.0,0.0,0.0,0.0,0.0,0.0,0.0,0,백반·죽·국수,본그룹
ba_13235508,2025-04,0.0,0.0,0.0,0.0,0.0,0.0,0.0,0,백반·죽·국수,본그룹
ba_13235535,2025-01,0.0,0.0,0.0,0.0,0.0,0.0,0.0,0,백반·죽·국수,본그룹
ba_13235535,2025-03,0.0,0.0,0.0,0.0,0.0,0.0,0.0,0,백반·죽·국수,본그룹
ba_13235557,2025-03,0.0,0.0,0.0,0.0,0.0,0.0,0.0,0,백반·죽·국수,본그룹
ba_13235588,2025-01,0.0,0.0,0.0,0.0,0.0,0.0,0.0,0,백반·죽·국수,본그룹
ba_13235588,2025-02,0.0,0.0,0.0,0.0,0.0,0.0,0.0,0,백반·죽·국수,본그룹
ba_13235588,2025-03,0.0,0.0,0.0,0.0,0.0,0.0,0.0,0,백반·죽·국수,본그룹
ba_13235588,2025-04,0.0,0.0,0.0,0.0,0.0,0.0,0.0,0,백반·죽·국수,본그룹
ba_13235631,2025-02,0.0,0.0,0.0,0.0,0.0,0.0,0.0,0,백반·죽·국수,본그룹
ba_13236401,2025-03,0.0,0.0,0.0,0.0,0.0,0.0,0.0,0,백반·죽·국수,본그룹
ba_13236481,2025-02,0.0,0.0,0.0,0.0,0.0,0.0,0.0,0,백반·죽·국수,본그룹
ba_13236481,2025-03,0.0,0.0,0.0,0.0,0.0,0.0,0.0,0,백반·죽·국수,본그룹
ba_13236481,2025-04,0.0,0.0,0.0,0.0,0.0,0.0,0.0,0,백반·죽·국수,본그룹
ba_13236745,2025-01,0.0,0.0,0.0,0.0,0.0,0.0,0.0,0,백반·죽·국수,본그룹
ba_13236745,2025-02,0.0,0.0,0.0,0.0,0.0,0.0,0.0,0,백반·죽·국수,본그룹
ba_13236745,2025-03,0.0,0.0,0.0,0.0,0.0,0.0,0.0,0,백반·죽·국수,본그룹
ba_13236745,2025-04,0.0,0.0,0.0,0.0,0.0,0.0,0.0,0,백반·죽·국수,본그룹
ba_13237293,2025-03,1.0,37.5,5.5,0.0,0.0,0.07142857142857142,0.0,0,백반·죽·국수,본그룹
ba_13237700,2025-01,0.0,0.0,0.0,0.0,0.0,0.0,0.0,0,백반·죽·국수,본그룹
ba_13237700,2025-02,0.0,0.0,0.0,0.0,0.0,0.0,0.0,0,백반·죽·국수,본그룹
ba_13237700,2025-03,0.0,0.0,0.0,0.0,0.0,0.0,0.0,0,백반·죽·국수,본그룹
ba_13237700,2025-04,0.0,0.0,0.0,0.0,0.0,0.0,0.0,0,백반·죽·국수,본그룹
ba_13248384,2025-01,0.0,0.0,0.0,0.0,0.0,0.0,0.0,0,백반·죽·국수,본그룹
ba_13248384,2025-03,0.0,0.0,0.0,0.0,0.0,0.0,0.0,0,백반·죽·국수,본그룹
ba_13249105,2025-02,1.0,84.0,17.0,0.0,0.0,0.2857142857142857,0.16666666666666666,1,피자,굽네치킨
ba_13249989,2025-01,1.0,385.0,75.0,1.0,1.0,0.8571428571428571,0.16666666666666666,1,치킨,굽네치킨
ba_13249989,2025-02,1.0,381.16875,74.89375,1.0,1.0,0.8544642857142856,0.16770833333333332,0,치킨,굽네치킨
ba_13249989,2025-03,1.0,379.734375,75.0,1.0,1.0,0.8571428571428571,0.16666666666666666,0,치킨,굽네치킨
ba_13249989,2025-04,1.0,378.0204081632653,74.72448979591837,1.0,1.0,0.8513119533527697,0.16666666666666666,0,치킨,굽네치킨
ba_13251048,2025-02,0.0,0.0,0.0,0.0,0.0,0.0,0.0,0,백반·죽·국수,본그룹
ba_13251048,2025-03,0.0,0.0,0.0,0.0,0.0,0.0,0.0,0,백반·죽·국수,본그룹
ba_13251048,2025-04,1.0,224.0,38.0,1.0,1.0,0.14285714285714285,0.16666666666666666,0,백반·죽·국수,본그룹
ba_13260523,2025-02,0.0,0.0,0.0,0.0,0.0,0.0,0.0,0,백반·죽·국수,본그룹
ba_13260523,2025-03,0.0,0.0,0.0,0.0,0.0,0.0,0.0,0,백반·죽·국수,본그룹
ba_13260523,2025-04,0.0,0.0,0.0,0.0,0.0,0.0,0.0,0,백반·죽·국수,본그룹
ba_13260584,2025-02,1.0,75.0,16.0,0.0,0.0,0.2857142857142857,0.16666666666666666,0,백반·죽·국수,본그룹
ba_13260584,2025-03,1.0,94.0,19.0,0.0,0.0,0.42857142857142855,0.16666666666666666,0,백반·죽·국수,본그룹
ba_13260584,2025-04,1.0,87.0,17.2,0.0,0.0,0.2571428571428571,0.13333333333333333,0,백반·죽·국수,본그룹
ba_13267079,2025-01,0.0,0.0,0.0,0.0,0.0,0.0,0.0,0,백반·죽·국수,본그룹
ba_13267079,2025-02,0.0,0.0,0.0,0.0,0.0,0.0,0.0,0,백반·죽·국수,본그룹
ba_13267079,2025-04,0.0,0.0,0.0,0.0,0.0,0.0,0.0,1,백반·죽·국수,본그룹
ba_13268955,2025-01,1.0,74.85714285714286,15.571428571428571,0.0,0.0,0.2040816326530612,0.047619047619047616,0,백반·죽·국수,본그룹
ba_13268955,2025-02,1.0,60.0,13.666666666666666,0.0,0.0,0.19047619047619047,0.05555555555555555,0,백반·죽·국수,본그룹
ba_13268955,2025-03,1.0,57.5,10.5,0.0,0.0,0.21428571428571427,0.0,0,백반·죽·국수,본그룹
ba_13268955,2025-04,1.0,86.0,17.0,0.0,0.0,0.07142857142857142,0.0,0,백반·죽·국수,본그룹
ba_13292835,2025-02,1.0,105.0,23.0,0.0,0.0,0.14285714285714285,0.0,0,백반·죽·국수,본그룹
ba_13311793,2025-03,0.03225806451612903,7.612903225806452,1.5483870967741935,0.0,0.0,0.0,0.0,1,치킨,굽네치킨
ba_13311793,2025-04,0.4782608695652174,278.39130434782606,61.65217391304348,0.4782608695652174,0.4782608695652174,0.13664596273291926,0.07971014492753623,0,치킨,굽네치킨
ba_13313413,2025-01,0.65,200.7,41.15,0.0,0.0,0.17857142857142855,0.1,0,치킨,굽네치킨
ba_13313413,2025-02,0.0,0.0,0.0,0.0,0.0,0.0,0.0,0,치킨,굽네치킨
ba_13313413,2025-03,0.0,0.0,0.0,0.0,0.0,0.0,0.0,0,치킨,굽네치킨
ba_13313413,2025-04,0.9285714285714286,287.7857142857143,59.07142857142857,0.07142857142857142,0.07142857142857142,0.25510204081632654,0.14285714285714285,0,치킨,굽네치킨
ba_13313909,2025-01,0.7692307692307693,139.84615384615384,32.0,0.0,0.0,0.4395604395604395,0.1282051282051282,0,치킨,굽네치킨
ba_13313909,2025-04,0.8571428571428571,146.57142857142858,33.42857142857143,0.0,0.0,0.4897959183673469,0.14285714285714285,1,치킨,굽네치킨
ba_13313909,2025-02,1.0,170.9090909090909,39.09090909090909,0.0,0.0,0.5714285714285714,0.16666666666666666,0,치킨,굽네치킨
ba_13313909,2025-03,1.0,170.0,38.8,0.0,0.0,0.5428571428571428,0.16666666666666666,1,치킨,굽네치킨
ba_13379446,2025-01,0.0,0.0,0.0,0.0,0.0,0.0,0.0,0,치킨,굽네치킨
ba_13379446,2025-02,0.5,115.5,25.0,0.5,0.5,0.14285714285714285,0.08333333333333333,1,치킨,굽네치킨
ba_13379446,2025-03,0.0,0.0,0.0,0.0,0.0,0.0,0.0,0,치킨,굽네치킨
ba_13379446,2025-04,0.0,0.0,0.0,0.0,0.0,0.0,0.0,0,치킨,굽네치킨
ba_13412065,2025-02,1.0,240.268115942029,55.79710144927536,0.9855072463768116,0.9855072463768116,0.6894409937888198,0.32487922705314004,0,치킨,굽네치킨
ba_13412065,2025-03,1.0,229.95180722891567,52.8433734939759,0.9759036144578314,0.9759036144578314,0.6884681583476765,0.321285140562249,0,치킨,굽네치킨
ba_13412065,2025-04,1.0,230.46391752577318,53.123711340206185,0.979381443298969,0.979381443298969,0.6966126656848306,0.3264604810996563,0,치킨,굽네치킨
ba_13436824,2025-01,1.0,186.2,42.0,0.0,0.0,0.42857142857142855,0.16666666666666666,0,백반·죽·국수,본그룹
ba_13436824,2025-03,1.0,185.0,42.0,0.0,0.0,0.42857142857142855,0.16666666666666666,0,백반·죽·국수,본그룹
ba_13436824,2025-04,1.0,191.0,42.0,0.0,0.0,0.42857142857142855,0.16666666666666666,0,백반·죽·국수,본그룹
ba_13451078,2025-03,1.0,190.0,35.0,0.0,0.0,0.42857142857142855,0.16666666666666666,0,백반·죽·국수,본그룹
ba_13451078,2025-04,1.0,137.0,26.0,0.0,0.0,0.21428571428571427,0.0,0,백반·죽·국수,본그룹
ba_13459937,2025-02,0.6666666666666666,73.22222222222223,15.777777777777779,0.1111111111111111,0.1111111111111111,0.19047619047619047,0.018518518518518517,1,치킨,굽네치킨
ba_13459937,2025-03,0.8571428571428571,70.71428571428571,15.428571428571429,0.0,0.0,0.24489795918367346,0.0,1,치킨,굽네치킨
ba_13459937,2025-04,0.9090909090909091,88.0,19.272727272727273,0.09090909090909091,0.09090909090909091,0.2597402597402597,0.01515151515151515,1,치킨,굽네치킨
ba_13471384,2025-02,0.3333333333333333,12.333333333333334,2.3333333333333335,0.0,0.0,0.047619047619047616,0.0,0,백반·죽·국수,본그룹
ba_13471384,2025-03,0.6666666666666666,29.666666666666668,6.333333333333333,0.0,0.0,0.09523809523809523,0.05555555555555555,0,백반·죽·국수,본그룹
ba_13471384,2025-04,1.0,12.0,2.0,0.0,0.0,0.0,0.0,0,백반·죽·국수,본그룹
ba_13472981,2025-01,0.0,0.0,0.0,0.0,0.0,0.0,0.0,1,피자,굽네치킨
ba_13473077,2025-02,0.8333333333333334,47.5,8.833333333333334,0.0,0.0,0.14285714285714285,0.0,0,백반·죽·국수,본그룹
ba_13473077,2025-01,0.9,61.2,11.8,0.0,0.0,0.2,0.1,0,백반·죽·국수,본그룹
ba_13473077,2025-03,1.0,68.0,13.0,0.0,0.0,0.14285714285714285,0.0,0,백반·죽·국수,본그룹
ba_13473077,2025-04,1.0,60.0,10.0,0.0,0.0,0.0,0.0,0,백반·죽·국수,본그룹
ba_13475914,2025-01,0.0,0.0,0.0,0.0,0.0,0.0,0.0,0,백반·죽·국수,본그룹
ba_13475914,2025-02,0.0,0.0,0.0,0.0,0.0,0.0,0.0,0,백반·죽·국수,본그룹
ba_13475914,2025-03,0.14285714285714285,44.857142857142854,8.428571428571429,0.0,0.0,0.04081632653061224,0.023809523809523808,0,백반·죽·국수,본그룹
ba_13475914,2025-04,0.0,0.0,0.0,0.0,0.0,0.0,0.0,0,백반·죽·국수,본그룹
ba_13477857,2025-02,0.0,0.0,0.0,0.0,0.0,0.0,0.0,0,백반·죽·국수,본그룹
ba_13477857,2025-03,0.0,0.0,0.0,0.0,0.0,0.0,0.0,0,백반·죽·국수,본그룹
ba_13477857,2025-04,0.0,0.0,0.0,0.0,0.0,0.0,0.0,1,백반·죽·국수,본그룹
ba_13492399,2025-02,1.0,247.0,57.0,0.0,0.0,0.42857142857142855,0.27777777777777773,0,백반·죽·국수,본그룹
ba_13492399,2025-03,1.0,194.0,43.5,0.0,0.0,0.5,0.3333333333333333,0,백반·죽·국수,본그룹
ba_13492399,2025-04,1.0,211.5,49.5,0.0,0.0,0.3571428571428571,0.3333333333333333,0,백반·죽·국수,본그룹
ba_13504506,2025-02,0.5,32.5,7.0,0.0,0.0,0.07142857142857142,0.0,0,백반·죽·국수,본그룹
ba_13522931,2025-02,0.0,0.0,0.0,0.0,0.0,0.0,0.0,0,백반·죽·국수,본그룹
ba_13522931,2025-03,0.0,0.0,0.0,0.0,0.0,0.0,0.0,0,백반·죽·국수,본그룹
ba_13522931,2025-04,0.0,0.0,0.0,0.0,0.0,0.0,0.0,0,백반·죽·국수,본그룹
ba_13539608,2025-04,0.9583333333333334,93.375,21.333333333333332,0.0,0.0,0.22619047619047616,0.15277777777777776,0,치킨,굽네치킨
ba_13539608,2025-01,1.0,109.54,25.48,0.0,0.0,0.17428571428571427,0.17666666666666664,0,치킨,굽네치킨
ba_13539608,2025-02,1.0,101.28571428571429,22.142857142857142,0.023809523809523808,0.023809523809523808,0.22448979591836735,0.2579365079365079,0,치킨,굽네치킨
ba_13539608,2025-03,1.0,107.0,23.96,0.08,0.08,0.17714285714285713,0.08666666666666666,0,치킨,굽네치킨
ba_13539851,2025-01,0.1,22.1,4.8,0.1,0.1,0.02857142857142857,0.016666666666666666,0,치킨,굽네치킨
ba_13539851,2025-02,0.0,0.0,0.0,0.0,0.0,0.0,0.0,0,치킨,굽네치킨
ba_13539851,2025-03,0.14285714285714285,29.285714285714285,6.571428571428571,0.14285714285714285,0.14285714285714285,0.061224489795918366,0.047619047619047616,0,치킨,굽네치킨
ba_13539851,2025-04,0.0,0.0,0.0,0.0,0.0,0.0,0.0,0,치킨,굽네치킨
ba_13539979,2025-02,0.0,0.0,0.0,0.0,0.0,0.0,0.0,0,백반·죽·국수,본그룹
ba_13539979,2025-04,0.0,0.0,0.0,0.0,0.0,0.0,0.0,0,백반·죽·국수,본그룹
ba_13550240,2025-02,0.0,0.0,0.0,0.0,0.0,0.0,0.0,0,백반·죽·국수,본그룹
ba_13550240,2025-03,0.0,0.0,0.0,0.0,0.0,0.0,0.0,0,백반·죽·국수,본그룹
ba_13550240,2025-04,1.0,684.0,152.0,0.0,0.0,0.14285714285714285,0.0,0,백반·죽·국수,본그룹
ba_13574800,2025-01,0.0,0.0,0.0,0.0,0.0,0.0,0.0,0,치킨,굽네치킨
ba_13574800,2025-02,0.0,0.0,0.0,0.0,0.0,0.0,0.0,0,치킨,굽네치킨
ba_13574800,2025-03,0.0,0.0,0.0,0.0,0.0,0.0,0.0,0,치킨,굽네치킨
ba_13574800,2025-04,0.0,0.0,0.0,0.0,0.0,0.0,0.0,0,치킨,굽네치킨
ba_13580972,2025-01,0.0,0.0,0.0,0.0,0.0,0.0,0.0,0,치킨,굽네치킨
ba_13580972,2025-02,0.0,0.0,0.0,0.0,0.0,0.0,0.0,0,치킨,굽네치킨
ba_13580972,2025-03,0.0,0.0,0.0,0.0,0.0,0.0,0.0,0,치킨,굽네치킨
ba_13580972,2025-04,0.0,0.0,0.0,0.0,0.0,0.0,0.0,1,치킨,굽네치킨
ba_13584348,2025-02,0.05555555555555555,13.88888888888889,3.0,0.05555555555555555,0.05555555555555555,0.015873015873015872,0.009259259259259259,0,치킨,굽네치킨
ba_13584348,2025-03,0.0,0.0,0.0,0.0,0.0,0.0,0.0,0,치킨,굽네치킨
ba_13584348,2025-04,0.0,0.0,0.0,0.0,0.0,0.0,0.0,0,치킨,굽네치킨
ba_13584348,2025-01,1.0,12.0,2.0,0.0,0.0,0.14285714285714285,0.0,0,치킨,굽네치킨
ba_13596071,2025-01,1.0,227.77777777777777,49.333333333333336,0.0,0.0,0.15873015873015872,0.18518518518518517,0,백반·죽·국수,본그룹
ba_13596730,2025-01,0.0,0.0,0.0,0.0,0.0,0.0,0.0,0,치킨,굽네치킨
ba_13596730,2025-02,0.0,0.0,0.0,0.0,0.0,0.0,0.0,0,치킨,굽네치킨
ba_13596730,2025-03,0.2727272727272727,50.09090909090909,11.0,0.2727272727272727,0.2727272727272727,0.051948051948051945,0.0303030303030303,1,치킨,굽네치킨
ba_13596730,2025-04,0.0,0.0,0.0,0.0,0.0,0.0,0.0,1,치킨,굽네치킨
ba_13612153,2025-02,0.0,0.0,0.0,0.0,0.0,0.0,0.0,0,백반·죽·국수,본그룹
ba_13612153,2025-04,0.0,0.0,0.0,0.0,0.0,0.0,0.0,0,백반·죽·국수,본그룹
ba_13630053,2025-02,0.0,0.0,0.0,0.0,0.0,0.0,0.0,0,백반·죽·국수,본그룹
ba_13630053,2025-03,0.0,0.0,0.0,0.0,0.0,0.0,0.0,1,백반·죽·국수,본그룹
ba_13630053,2025-04,0.0,0.0,0.0,0.0,0.0,0.0,0.0,0,백반·죽·국수,본그룹
ba_13639608,2025-01,0.9722222222222222,220.55555555555554,44.22222222222222,0.4444444444444444,0.4444444444444444,0.4841269841269841,0.15740740740740738,0,치킨,굽네치킨
ba_13639608,2025-02,0.9090909090909091,242.4848484848485,49.21212121212121,0.7878787878787878,0.7878787878787878,0.47619047619047616,0.1414141414141414,0,치킨,굽네치킨
ba_13639608,2025-03,0.8571428571428571,232.1904761904762,46.80952380952381,0.7380952380952381,0.7380952380952381,0.48979591836734687,0.14285714285714285,1,치킨,굽네치킨
ba_13639608,2025-04,0.9696969696969697,207.03030303030303,40.72727272727273,0.0,0.0,0.5541125541125541,0.1616161616161616,0,치킨,굽네치킨
ba_13651212,2025-01,0.0,0.0,0.0,0.0,0.0,0.0,0.0,0,백반·죽·국수,본그룹
ba_13651212,2025-02,0.0,0.0,0.0,0.0,0.0,0.0,0.0,0,백반·죽·국수,본그룹
ba_13651212,2025-03,0.0,0.0,0.0,0.0,0.0,0.0,0.0,0,백반·죽·국수,본그룹
ba_13651212,2025-04,0.0,0.0,0.0,0.0,0.0,0.0,0.0,0,백반·죽·국수,본그룹
ba_13683573,2025-01,0.0,0.0,0.0,0.0,0.0,0.0,0.0,0,백반·죽·국수,본그룹
ba_13683573,2025-02,0.0,0.0,0.0,0.0,0.0,0.0,0.0,0,백반·죽·국수,본그룹
ba_13683573,2025-03,0.2,55.2,11.8,0.0,0.0,0.08571428571428572,0.03333333333333333,0,백반·죽·국수,본그룹
ba_13683573,2025-04,0.6666666666666666,46.0,7.333333333333333,0.0,0.0,0.09523809523809523,0.0,0,백반·죽·국수,본그룹
ba_13722581,2025-04,1.0,31.0,7.0,0.0,0.0,0.0,0.0,1,백반·죽·국수,본그룹
ba_13730162,2025-03,1.0,154.0,33.0,0.0,0.0,0.14285714285714285,0.0,0,백반·죽·국수,본그룹
ba_13752011,2025-02,1.0,175.00746268656715,36.53731343283582,0.3805970149253731,0.3805970149253731,0.4136460554371002,0.1455223880597015,0,치킨,굽네치킨
ba_13752011,2025-01,1.0,166.41666666666666,35.048611111111114,0.4375,0.4375,0.45436507936507936,0.16898148148148148,0,치킨,굽네치킨
ba_13752011,2025-03,1.0,154.75675675675674,32.54054054054054,0.3108108108108108,0.3108108108108108,0.388030888030888,0.14189189189189189,0,치킨,굽네치킨
ba_13752011,2025-04,1.0,156.5731707317073,32.670731707317074,0.36585365853658536,0.36585365853658536,0.40940766550522645,0.15447154471544713,0,치킨,굽네치킨
ba_13768149,2025-02,1.0,91.0,20.0,0.0,0.0,0.42857142857142855,0.16666666666666666,1,치킨,굽네치킨
ba_13769748,2025-01,0.0,0.0,0.0,0.0,0.0,0.0,0.0,1,치킨,굽네치킨
ba_13769748,2025-02,0.0,0.0,0.0,0.0,0.0,0.0,0.0,0,치킨,굽네치킨
ba_13769748,2025-03,0.0,0.0,0.0,0.0,0.0,0.0,0.0,1,치킨,굽네치킨
ba_13769748,2025-04,0.0,0.0,0.0,0.0,0.0,0.0,0.0,1,치킨,굽네치킨
ba_13787561,2025-03,1.0,84.75,19.5,0.0,0.0,0.42857142857142855,0.25,1,백반·죽·국수,본그룹
ba_13787561,2025-04,1.0,150.16666666666666,32.833333333333336,0.0,0.0,0.3095238095238095,0.13888888888888887,0,백반·죽·국수,본그룹
ba_13870012,2025-01,0.0,0.0,0.0,0.0,0.0,0.0,0.0,0,백반·죽·국수,본그룹
ba_13870012,2025-02,0.0,0.0,0.0,0.0,0.0,0.0,0.0,0,백반·죽·국수,본그룹
ba_13870012,2025-03,0.0,0.0,0.0,0.0,0.0,0.0,0.0,0,백반·죽·국수,본그룹
ba_13918069,2025-03,0.0,0.0,0.0,0.0,0.0,0.0,0.0,0,백반·죽·국수,본그룹
ba_13918069,2025-01,1.0,132.13333333333333,20.133333333333333,0.06666666666666667,0.06666666666666667,0.41904761904761906,0.0,0,백반·죽·국수,본그룹
ba_13918069,2025-02,1.0,125.5,19.0,0.0,0.0,0.42857142857142855,0.0,0,백반·죽·국수,본그룹
ba_13928548,2025-01,0.03125,8.6875,1.9375,0.03125,0.03125,0.013392857142857142,0.010416666666666666,0,치킨,굽네치킨
ba_13928548,2025-02,0.0,0.0,0.0,0.0,0.0,0.0,0.0,0,치킨,굽네치킨
ba_13928548,2025-03,0.0,0.0,0.0,0.0,0.0,0.0,0.0,0,치킨,굽네치킨
ba_13928548,2025-04,0.3333333333333333,72.33333333333333,16.0,0.3333333333333333,0.3333333333333333,0.09523809523809523,0.05555555555555555,1,치킨,굽네치킨
ba_13972155,2025-04,1.0,213.5,42.0,0.0,0.0,0.5714285714285714,0.16666666666666666,0,피자,굽네치킨
ba_13972595,2025-01,0.0,0.0,0.0,0.0,0.0,0.0,0.0,0,피자,굽네치킨
ba_13972595,2025-02,0.0,0.0,0.0,0.0,0.0,0.0,0.0,0,피자,굽네치킨
ba_13972771,2025-04,0.0,0.0,0.0,0.0,0.0,0.0,0.0,0,피자,굽네치킨
ba_13972819,2025-02,1.0,177.0,33.0,1.0,1.0,0.42857142857142855,0.16666666666666666,0,피자,굽네치킨
ba_13973349,2025-02,0.0,0.0,0.0,0.0,0.0,0.0,0.0,1,피자,굽네치킨
ba_13973813,2025-03,1.0,85.0,18.25,0.0,0.0,0.25,0.0,1,피자,굽네치킨
ba_13973813,2025-04,1.0,90.5,19.5,0.0,0.0,0.21428571428571427,0.08333333333333333,0,피자,굽네치킨
ba_13973901,2025-03,0.0,0.0,0.0,0.0,0.0,0.0,0.0,1,피자,굽네치킨
ba_13974075,2025-04,0.0,0.0,0.0,0.0,0.0,0.0,0.0,0,피자,굽네치킨
ba_13975731,2025-03,1.0,234.0,54.0,1.0,1.0,0.7142857142857143,0.3333333333333333,1,피자,굽네치킨
ba_13975731,2025-04,1.0,234.0,54.0,1.0,1.0,0.7142857142857143,0.3333333333333333,1,피자,굽네치킨
ba_14042200,2025-02,1.0,124.5,26.0,0.0,0.0,0.2857142857142857,0.0,0,백반·죽·국수,본그룹
ba_14049107,2025-01,0.9523809523809523,158.76190476190476,34.714285714285715,0.23809523809523808,0.23809523809523808,0.42857142857142855,0.20634920634920634,0,치킨,굽네치킨
ba_14049107,2025-02,0.8888888888888888,135.77777777777777,28.22222222222222,0.2222222222222222,0.2222222222222222,0.2857142857142857,0.14814814814814814,0,치킨,굽네치킨
ba_14049107,2025-03,1.0,167.42857142857142,36.95238095238095,0.2857142857142857,0.2857142857142857,0.3469387755102041,0.14285714285714285,0,치킨,굽네치킨
ba_14049107,2025-04,1.0,165.8,35.55,0.35,0.35,0.35,0.15833333333333333,0,치킨,굽네치킨
ba_14092187,2025-01,0.9736842105263158,154.52631578947367,33.6578947368421,0.0,0.0,0.2857142857142857,0.008771929824561403,0,치킨,굽네치킨
ba_14092187,2025-02,1.0,157.66666666666666,34.13333333333333,0.0,0.0,0.29047619047619044,0.016666666666666666,0,치킨,굽네치킨
ba_14092187,2025-03,1.0,154.7948717948718,33.30769230769231,0.05128205128205128,0.05128205128205128,0.2857142857142857,0.017094017094017092,0,치킨,굽네치킨
ba_14092187,2025-04,1.0,144.5185185185185,31.37037037037037,0.0,0.0,0.2857142857142857,0.0,0,치킨,굽네치킨
ba_14117511,2025-02,0.72,171.6,34.6,0.08,0.08,0.4,0.28,1,치킨,굽네치킨
ba_14117511,2025-01,1.0,256.7826086956522,50.95652173913044,0.043478260869565216,0.043478260869565216,0.6335403726708074,0.44202898550724634,0,치킨,굽네치킨
ba_14117511,2025-03,1.0,267.22222222222223,53.148148148148145,0.037037037037037035,0.037037037037037035,0.6560846560846562,0.43209876543209874,1,치킨,굽네치킨
ba_14117511,2025-04,1.0,286.6279069767442,56.76744186046512,0.0,0.0,0.7142857142857143,0.5,0,치킨,굽네치킨
ba_14117512,2025-03,1.0,290.3333333333333,57.333333333333336,0.0,0.0,0.7142857142857143,0.5,1,피자,굽네치킨
ba_14153764,2025-04,0.0,0.0,0.0,0.0,0.0,0.0,0.0,1,피자,굽네치킨
ba_14171127,2025-02,1.0,794.0,169.83333333333334,0.3333333333333333,0.3333333333333333,0.35714285714285715,0.16666666666666666,1,피자,굽네치킨
ba_14171127,2025-03,1.0,805.5555555555555,172.0,0.0,0.0,0.3492063492063492,0.16666666666666666,1,피자,굽네치킨
ba_14171127,2025-04,1.0,798.8571428571429,169.0,0.0,0.0,0.42857142857142855,0.16666666666666666,0,피자,굽네치킨
ba_14185617,2025-01,0.0,0.0,0.0,0.0,0.0,0.0,0.0,1,피자,굽네치킨
ba_14185617,2025-03,0.0,0.0,0.0,0.0,0.0,0.0,0.0,0,피자,굽네치킨
ba_14228061,2025-01,0.0,0.0,0.0,0.0,0.0,0.0,0.0,1,치킨,굽네치킨
ba_14228061,2025-02,0.05263157894736842,11.614035087719298,2.491228070175439,0.03508771929824561,0.03508771929824561,0.017543859649122806,0.008771929824561403,1,치킨,굽네치킨
ba_14228061,2025-03,0.0,0.0,0.0,0.0,0.0,0.0,0.0,1,치킨,굽네치킨
ba_14228061,2025-04,0.027777777777777776,5.25,0.9166666666666666,0.0,0.0,0.0,0.0,0,치킨,굽네치킨
ba_14228480,2025-03,1.0,115.0,23.0,0.0,0.0,0.2857142857142857,0.0,0,치킨,굽네치킨
ba_14229365,2025-01,1.0,112.46875,23.114583333333332,0.010416666666666666,0.010416666666666666,0.28720238095238093,0.0,1,치킨,굽네치킨
ba_14229365,2025-02,1.0,116.67605633802818,24.070422535211268,0.028169014084507043,0.028169014084507043,0.2917505030181086,0.004694835680751174,0,치킨,굽네치킨
ba_14229365,2025-03,1.0,110.22641509433963,22.735849056603772,0.0,0.0,0.2830188679245283,0.003144654088050314,0,치킨,굽네치킨
ba_14229365,2025-04,1.0,111.20833333333333,22.895833333333332,0.0,0.0,0.28273809523809523,0.0,0,치킨,굽네치킨
ba_14238012,2025-01,1.0,16.285714285714285,2.857142857142857,0.0,0.0,0.1020408163265306,0.0,0,백반·죽·국수,본그룹
ba_14238012,2025-02,1.0,12.75,1.75,0.0,0.0,0.07142857142857142,0.0,0,백반·죽·국수,본그룹
ba_14238012,2025-03,1.0,37.833333333333336,7.166666666666667,0.0,0.0,0.09523809523809523,0.0,0,백반·죽·국수,본그룹
ba_14238012,2025-04,1.0,38.5,6.833333333333333,0.0,0.0,0.09523809523809523,0.0,0,백반·죽·국수,본그룹
ba_14239270,2025-02,0.0,0.0,0.0,0.0,0.0,0.0,0.0,1,피자,굽네치킨
ba_14239270,2025-03,0.0,0.0,0.0,0.0,0.0,0.0,0.0,1,피자,굽네치킨
ba_14245849,2025-01,0.0,0.0,0.0,0.0,0.0,0.0,0.0,0,백반·죽·국수,본그룹
ba_14245849,2025-02,0.0,0.0,0.0,0.0,0.0,0.0,0.0,0,백반·죽·국수,본그룹
ba_14245849,2025-03,0.0,0.0,0.0,0.0,0.0,0.0,0.0,0,백반·죽·국수,본그룹
ba_14245849,2025-04,0.0,0.0,0.0,0.0,0.0,0.0,0.0,0,백반·죽·국수,본그룹
ba_14245878,2025-01,1.0,246.14285714285714,53.42857142857143,0.2857142857142857,0.2857142857142857,0.36734693877551017,0.21428571428571427,0,백반·죽·국수,본그룹
ba_14245878,2025-02,1.0,225.5,46.5,0.5,0.5,0.42857142857142855,0.08333333333333333,0,백반·죽·국수,본그룹
ba_14248050,2025-01,1.0,56.111111111111114,10.833333333333334,0.0,0.0,0.5476190476190476,0.2777777777777778,0,치킨,굽네치킨
ba_14248050,2025-02,1.0,51.5,10.0,0.0,0.0,0.5714285714285714,0.3333333333333333,0,치킨,굽네치킨
ba_14248050,2025-03,1.0,53.25,10.5,0.0,0.0,0.5535714285714285,0.29166666666666663,0,치킨,굽네치킨
ba_14248050,2025-04,1.0,51.25,10.0,0.0,0.0,0.5714285714285714,0.3333333333333333,0,치킨,굽네치킨
ba_14248059,2025-01,1.0,60.666666666666664,12.0,0.0,0.0,0.5238095238095238,0.2222222222222222,1,치킨,굽네치킨
ba_14248059,2025-02,1.0,78.42857142857143,16.571428571428573,0.14285714285714285,0.14285714285714285,0.5102040816326531,0.23809523809523808,1,치킨,굽네치킨
ba_14248059,2025-03,1.0,60.0,12.25,0.0,0.0,0.46428571428571425,0.25,1,치킨,굽네치킨
ba_14248059,2025-04,1.0,55.0,12.0,0.0,0.0,0.14285714285714285,0.0,1,치킨,굽네치킨
ba_14249433,2025-01,1.0,370.075,74.4125,0.0375,0.0375,0.4267857142857142,0.16666666666666666,0,치킨,굽네치킨
ba_14249433,2025-02,1.0,368.2988505747126,73.9080459770115,0.0,0.0,0.4220032840722496,0.16091954022988506,0,치킨,굽네치킨
ba_14249433,2025-03,1.0,386.58490566037733,78.52830188679245,0.018867924528301886,0.018867924528301886,0.42318059299191374,0.16352201257861634,0,치킨,굽네치킨
ba_14249433,2025-04,1.0,365.6666666666667,73.4367816091954,0.04597701149425287,0.04597701149425287,0.42528735632183906,0.1647509578544061,0,치킨,굽네치킨
ba_14249441,2025-02,1.0,346.0,70.0,0.0,0.0,0.42857142857142855,0.16666666666666666,1,피자,굽네치킨
ba_14249441,2025-03,1.0,401.6666666666667,81.0,0.0,0.0,0.42857142857142855,0.16666666666666666,1,피자,굽네치킨
ba_14249441,2025-04,1.0,396.77777777777777,80.44444444444444,0.1111111111111111,0.1111111111111111,0.42857142857142855,0.16666666666666666,0,피자,굽네치킨
ba_14250328,2025-01,1.0,110.56818181818181,24.727272727272727,0.022727272727272728,0.022727272727272728,0.2889610389610389,0.007575757575757575,0,치킨,굽네치킨
ba_14250328,2025-02,1.0,125.86666666666666,27.955555555555556,0.022222222222222223,0.022222222222222223,0.27619047619047615,0.007407407407407407,0,치킨,굽네치킨
ba_14250328,2025-03,1.0,136.76,30.76,0.0,0.0,0.2857142857142857,0.013333333333333332,1,치킨,굽네치킨
ba_14250328,2025-04,1.0,117.3103448275862,26.137931034482758,0.034482758620689655,0.034482758620689655,0.27586206896551724,0.011494252873563218,1,치킨,굽네치킨
ba_14250329,2025-03,1.0,111.0,25.333333333333332,0.0,0.0,0.2857142857142857,0.0,1,피자,굽네치킨
ba_14251741,2025-01,0.0,0.0,0.0,0.0,0.0,0.0,0.0,0,치킨,굽네치킨
ba_14251741,2025-02,0.0,0.0,0.0,0.0,0.0,0.0,0.0,0,치킨,굽네치킨
ba_14251741,2025-03,0.0,0.0,0.0,0.0,0.0,0.0,0.0,0,치킨,굽네치킨
ba_14251741,2025-04,0.0,0.0,0.0,0.0,0.0,0.0,0.0,0,치킨,굽네치킨
ba_14254080,2025-01,0.0,0.0,0.0,0.0,0.0,0.0,0.0,1,치킨,굽네치킨
ba_14254080,2025-02,0.0,0.0,0.0,0.0,0.0,0.0,0.0,0,치킨,굽네치킨
ba_14254080,2025-03,0.0,0.0,0.0,0.0,0.0,0.0,0.0,0,치킨,굽네치킨
ba_14254080,2025-04,0.0,0.0,0.0,0.0,0.0,0.0,0.0,0,치킨,굽네치킨
ba_14256619,2025-03,0.0,0.0,0.0,0.0,0.0,0.0,0.0,0,백반·죽·국수,본그룹
ba_14256619,2025-01,1.0,177.0,43.0,0.0,0.0,0.21428571428571427,0.16666666666666666,0,백반·죽·국수,본그룹
ba_14256619,2025-02,1.0,95.0,23.0,0.0,0.0,0.2857142857142857,0.0,0,백반·죽·국수,본그룹
ba_14259741,2025-02,0.8571428571428571,100.42857142857143,18.142857142857142,0.0,0.0,0.24489795918367346,0.14285714285714285,0,백반·죽·국수,본그룹
ba_14259741,2025-04,0.5,54.5,10.0,0.0,0.0,0.14285714285714285,0.08333333333333333,0,백반·죽·국수,본그룹
ba_14259741,2025-03,1.0,115.83333333333333,21.166666666666668,0.0,0.0,0.2857142857142857,0.16666666666666666,0,백반·죽·국수,본그룹
ba_14260091,2025-01,0.0,0.0,0.0,0.0,0.0,0.0,0.0,0,치킨,굽네치킨
ba_14260091,2025-02,0.0,0.0,0.0,0.0,0.0,0.0,0.0,0,치킨,굽네치킨
ba_14260091,2025-03,0.0,0.0,0.0,0.0,0.0,0.0,0.0,0,치킨,굽네치킨
ba_14260091,2025-04,0.0,0.0,0.0,0.0,0.0,0.0,0.0,0,치킨,굽네치킨
ba_14260093,2025-01,0.0,0.0,0.0,0.0,0.0,0.0,0.0,1,피자,굽네치킨
ba_14260093,2025-02,0.0,0.0,0.0,0.0,0.0,0.0,0.0,1,피자,굽네치킨
ba_14260093,2025-03,0.0,0.0,0.0,0.0,0.0,0.0,0.0,1,피자,굽네치킨
ba_14260093,2025-04,0.0,0.0,0.0,0.0,0.0,0.0,0.0,1,피자,굽네치킨
ba_14262149,2025-03,0.16666666666666666,16.166666666666668,3.1666666666666665,0.16666666666666666,0.16666666666666666,0.047619047619047616,0.027777777777777776,0,백반·죽·국수,본그룹
ba_14262149,2025-01,1.0,109.66666666666667,22.0,0.9166666666666666,0.9166666666666666,0.07142857142857142,0.0,0,백반·죽·국수,본그룹
ba_14262149,2025-02,1.0,130.25,26.0,0.75,0.75,0.21428571428571427,0.08333333333333333,0,백반·죽·국수,본그룹
ba_14262149,2025-04,1.0,120.0,24.0,1.0,1.0,0.0,0.0,0,백반·죽·국수,본그룹
ba_14267053,2025-01,1.0,174.6,42.4,0.0,0.0,0.5714285714285714,0.26666666666666666,0,치킨,굽네치킨
ba_14267053,2025-02,1.0,157.5,39.0,0.0,0.0,0.7142857142857143,0.3333333333333333,0,치킨,굽네치킨
ba_14267053,2025-03,1.0,226.0,55.333333333333336,0.0,0.0,0.6666666666666666,0.3333333333333333,0,치킨,굽네치킨
ba_14267053,2025-04,1.0,158.0,39.0,0.0,0.0,0.7142857142857143,0.3333333333333333,0,치킨,굽네치킨
ba_14267751,2025-04,0.9473684210526315,122.78947368421052,24.789473684210527,0.05263157894736842,0.05263157894736842,0.19548872180451127,0.07017543859649122,1,치킨,굽네치킨
ba_14267751,2025-01,1.0,118.0,24.382978723404257,0.0425531914893617,0.0425531914893617,0.2522796352583586,0.05319148936170213,0,치킨,굽네치킨
ba_14267751,2025-02,1.0,118.1304347826087,23.47826086956522,0.0,0.0,0.21118012422360247,0.05072463768115942,0,치킨,굽네치킨
ba_14267751,2025-03,1.0,122.79411764705883,25.176470588235293,0.0,0.0,0.2226890756302521,0.06372549019607843,0,치킨,굽네치킨
ba_14268780,2025-02,0.5,103.25,24.5,0.25,0.25,0.17857142857142855,0.08333333333333333,0,백반·죽·국수,본그룹
ba_14268780,2025-03,1.0,200.5,45.25,0.0,0.0,0.5,0.20833333333333331,0,백반·죽·국수,본그룹
ba_14268780,2025-04,1.0,242.0,50.5,1.0,1.0,0.5,0.16666666666666666,0,백반·죽·국수,본그룹
ba_14270407,2025-02,1.0,284.0,56.666666666666664,0.0,0.0,0.2857142857142857,0.16666666666666666,0,백반·죽·국수,본그룹
ba_14270407,2025-04,1.0,279.0,56.0,0.0,0.0,0.2857142857142857,0.16666666666666666,0,백반·죽·국수,본그룹
ba_14270903,2025-01,0.0,0.0,0.0,0.0,0.0,0.0,0.0,0,치킨,굽네치킨
ba_14270903,2025-02,0.0,0.0,0.0,0.0,0.0,0.0,0.0,0,치킨,굽네치킨
ba_14270904,2025-01,0.0,0.0,0.0,0.0,0.0,0.0,0.0,1,치킨,굽네치킨
ba_14270904,2025-02,0.25,55.0,12.0,0.25,0.25,0.07142857142857142,0.041666666666666664,1,치킨,굽네치킨
ba_14270904,2025-03,0.16666666666666666,37.0,8.0,0.16666666666666666,0.16666666666666666,0.047619047619047616,0.027777777777777776,1,치킨,굽네치킨
ba_14270904,2025-04,0.0,0.0,0.0,0.0,0.0,0.0,0.0,1,치킨,굽네치킨
ba_14271330,2025-01,0.04,8.8,1.92,0.04,0.04,0.011428571428571429,0.006666666666666666,0,치킨,굽네치킨
ba_14271330,2025-02,0.0,0.0,0.0,0.0,0.0,0.0,0.0,0,치킨,굽네치킨
ba_14271330,2025-03,0.0,0.0,0.0,0.0,0.0,0.0,0.0,0,치킨,굽네치킨
ba_14271330,2025-04,0.0,0.0,0.0,0.0,0.0,0.0,0.0,0,치킨,굽네치킨
ba_14271331,2025-03,0.0,0.0,0.0,0.0,0.0,0.0,0.0,1,피자,굽네치킨
ba_14271331,2025-04,0.0,0.0,0.0,0.0,0.0,0.0,0.0,1,피자,굽네치킨
ba_14272566,2025-01,0.0,0.0,0.0,0.0,0.0,0.0,0.0,0,백반·죽·국수,본그룹
ba_14272566,2025-04,0.0,0.0,0.0,0.0,0.0,0.0,0.0,0,백반·죽·국수,본그룹
ba_14273436,2025-01,0.0,0.0,0.0,0.0,0.0,0.0,0.0,0,백반·죽·국수,본그룹
ba_14273436,2025-02,0.0,0.0,0.0,0.0,0.0,0.0,0.0,0,백반·죽·국수,본그룹
ba_14273436,2025-03,0.0,0.0,0.0,0.0,0.0,0.0,0.0,0,백반·죽·국수,본그룹
ba_14273436,2025-04,0.0,0.0,0.0,0.0,0.0,0.0,0.0,0,백반·죽·국수,본그룹
ba_14273972,2025-02,1.0,72.0,15.5,0.0,0.0,0.07142857142857142,0.0,0,백반·죽·국수,본그룹
ba_14273972,2025-03,1.0,59.5,12.0,0.0,0.0,0.07142857142857142,0.0,0,백반·죽·국수,본그룹
ba_14273972,2025-04,1.0,64.0,13.0,0.0,0.0,0.14285714285714285,0.0,1,백반·죽·국수,본그룹
ba_14274675,2025-04,0.8333333333333334,136.0,26.666666666666668,0.0,0.0,0.23809523809523805,0.13888888888888887,0,백반·죽·국수,본그룹
ba_14274675,2025-01,1.0,133.64285714285714,26.071428571428573,0.0,0.0,0.25510204081632654,0.13095238095238096,0,백반·죽·국수,본그룹
ba_14274675,2025-02,1.0,125.71428571428571,24.571428571428573,0.0,0.0,0.22448979591836735,0.09523809523809523,0,백반·죽·국수,본그룹
ba_14274675,2025-03,1.0,110.0,20.5,0.0,0.0,0.21428571428571427,0.16666666666666666,0,백반·죽·국수,본그룹
ba_14276685,2025-02,0.0,0.0,0.0,0.0,0.0,0.0,0.0,0,백반·죽·국수,본그룹
ba_14276685,2025-03,0.0,0.0,0.0,0.0,0.0,0.0,0.0,0,백반·죽·국수,본그룹
ba_14276685,2025-04,0.0,0.0,0.0,0.0,0.0,0.0,0.0,0,백반·죽·국수,본그룹
ba_14277930,2025-01,0.1,16.0,3.6,0.0,0.0,0.0,0.0,0,백반·죽·국수,본그룹
ba_14277930,2025-02,0.5714285714285714,55.285714285714285,11.714285714285714,0.0,0.0,0.18367346938775508,0.0,0,백반·죽·국수,본그룹
ba_14277930,2025-04,0.0,0.0,0.0,0.0,0.0,0.0,0.0,0,백반·죽·국수,본그룹
ba_14277930,2025-03,1.0,122.25,28.5,0.0,0.0,0.39285714285714285,0.25,0,백반·죽·국수,본그룹
ba_14279612,2025-01,1.0,79.33333333333333,15.666666666666666,0.0,0.0,0.11904761904761903,0.0,0,백반·죽·국수,본그룹
ba_14279612,2025-02,1.0,52.25,10.25,0.0,0.0,0.07142857142857142,0.0,0,백반·죽·국수,본그룹
ba_14279612,2025-03,1.0,52.0,9.0,0.0,0.0,0.14285714285714285,0.0,0,백반·죽·국수,본그룹
ba_14279612,2025-04,1.0,169.0,39.0,0.0,0.0,0.0,0.0,0,백반·죽·국수,본그룹
ba_14280570,2025-02,0.0,0.0,0.0,0.0,0.0,0.0,0.0,0,백반·죽·국수,본그룹
ba_14283482,2025-01,0.0,0.0,0.0,0.0,0.0,0.0,0.0,0,백반·죽·국수,본그룹
ba_14283482,2025-02,0.0,0.0,0.0,0.0,0.0,0.0,0.0,0,백반·죽·국수,본그룹
ba_14283482,2025-03,0.0,0.0,0.0,0.0,0.0,0.0,0.0,0,백반·죽·국수,본그룹
ba_14283482,2025-04,0.0,0.0,0.0,0.0,0.0,0.0,0.0,0,백반·죽·국수,본그룹
ba_14285796,2025-02,0.0,0.0,0.0,0.0,0.0,0.0,0.0,0,백반·죽·국수,본그룹
ba_14285796,2025-03,0.0,0.0,0.0,0.0,0.0,0.0,0.0,0,백반·죽·국수,본그룹
ba_14285796,2025-04,0.0,0.0,0.0,0.0,0.0,0.0,0.0,0,백반·죽·국수,본그룹
ba_14294026,2025-01,0.14705882352941177,107.0,23.029411764705884,0.14705882352941177,0.14705882352941177,0.06302521008403361,0.04901960784313725,1,치킨,굽네치킨
ba_14294026,2025-03,0.967741935483871,389.4193548387097,83.16129032258064,0.22580645161290322,0.22580645161290322,0.2995391705069124,0.1935483870967742,1,치킨,굽네치킨
ba_14294026,2025-04,0.4642857142857143,142.46428571428572,30.0,0.03571428571428571,0.03571428571428571,0.13265306122448978,0.07738095238095237,1,치킨,굽네치킨
ba_14294026,2025-02,1.0,777.2380952380952,164.95238095238096,1.0,1.0,0.4217687074829931,0.3253968253968254,0,치킨,굽네치킨
ba_14296954,2025-01,0.0,0.0,0.0,0.0,0.0,0.0,0.0,0,치킨,굽네치킨
ba_14296954,2025-02,0.0,0.0,0.0,0.0,0.0,0.0,0.0,0,치킨,굽네치킨
ba_14296954,2025-03,0.0,0.0,0.0,0.0,0.0,0.0,0.0,0,치킨,굽네치킨
ba_14296954,2025-04,0.0,0.0,0.0,0.0,0.0,0.0,0.0,0,치킨,굽네치킨
ba_14308401,2025-01,0.0,0.0,0.0,0.0,0.0,0.0,0.0,0,치킨,굽네치킨
ba_14308401,2025-02,0.0,0.0,0.0,0.0,0.0,0.0,0.0,0,치킨,굽네치킨
ba_14309634,2025-01,0.0,0.0,0.0,0.0,0.0,0.0,0.0,0,치킨,굽네치킨
ba_14309634,2025-02,0.038461538461538464,8.538461538461538,1.8846153846153846,0.038461538461538464,0.038461538461538464,0.010989010989010988,0.00641025641025641,0,치킨,굽네치킨
ba_14309634,2025-03,0.03333333333333333,6.766666666666667,1.5333333333333334,0.03333333333333333,0.03333333333333333,0.014285714285714285,0.01111111111111111,0,치킨,굽네치킨
ba_14309634,2025-04,0.28,64.04,13.72,0.28,0.28,0.12,0.0,0,치킨,굽네치킨
ba_14322928,2025-04,1.0,114.0,21.0,0.0,0.0,0.14285714285714285,0.0,0,백반·죽·국수,본그룹
ba_14325499,2025-01,0.0,0.0,0.0,0.0,0.0,0.0,0.0,0,백반·죽·국수,본그룹
ba_14325499,2025-02,0.0,0.0,0.0,0.0,0.0,0.0,0.0,0,백반·죽·국수,본그룹
ba_14325499,2025-04,0.0,0.0,0.0,0.0,0.0,0.0,0.0,0,백반·죽·국수,본그룹
ba_14327485,2025-01,0.09375,34.0625,7.5625,0.03125,0.03125,0.013392857142857142,0.010416666666666666,0,치킨,굽네치킨
ba_14327485,2025-02,0.0625,21.28125,4.84375,0.0,0.0,0.008928571428571428,0.005208333333333333,0,치킨,굽네치킨
ba_14327485,2025-03,0.05555555555555555,11.333333333333334,2.5,0.0,0.0,0.007936507936507936,0.009259259259259259,0,치킨,굽네치킨
ba_14327485,2025-04,0.0,0.0,0.0,0.0,0.0,0.0,0.0,0,치킨,굽네치킨
ba_14327700,2025-01,1.0,744.0,170.86,1.0,1.0,0.6114285714285714,0.33333333333333326,0,백반·죽·국수,본그룹
ba_14327700,2025-02,1.0,757.125,173.52083333333334,1.0,1.0,0.6488095238095238,0.3333333333333333,0,백반·죽·국수,본그룹
ba_14327700,2025-03,1.0,765.5625,174.65625,1.0,1.0,0.6517857142857143,0.3333333333333333,0,백반·죽·국수,본그룹
ba_14327700,2025-04,1.0,750.3809523809524,172.42857142857142,1.0,1.0,0.6598639455782314,0.3333333333333333,0,백반·죽·국수,본그룹
ba_14332090,2025-02,0.7096774193548387,74.74193548387096,14.32258064516129,0.03225806451612903,0.03225806451612903,0.11520737327188939,0.016129032258064516,0,치킨,굽네치킨
ba_14332090,2025-01,1.0,111.72131147540983,20.918032786885245,0.01639344262295082,0.01639344262295082,0.14988290398126464,0.00273224043715847,0,치킨,굽네치킨
ba_14332090,2025-03,1.0,95.0,18.214285714285715,0.0,0.0,0.15306122448979592,0.0,0,치킨,굽네치킨
ba_14332090,2025-04,1.0,102.94117647058823,20.176470588235293,0.058823529411764705,0.058823529411764705,0.15966386554621848,0.029411764705882353,0,치킨,굽네치킨
ba_14332093,2025-02,0.5,36.5,7.0,0.0,0.0,0.07142857142857142,0.0,0,피자,굽네치킨
ba_14332093,2025-04,1.0,71.0,14.0,0.0,0.0,0.14285714285714285,0.0,0,피자,굽네치킨
ba_14335172,2025-02,0.0,0.0,0.0,0.0,0.0,0.0,0.0,0,피자,굽네치킨
ba_14335172,2025-03,0.0,0.0,0.0,0.0,0.0,0.0,0.0,0,피자,굽네치킨
ba_14336642,2025-01,0.0,0.0,0.0,0.0,0.0,0.0,0.0,0,치킨,굽네치킨
ba_14336642,2025-02,0.0,0.0,0.0,0.0,0.0,0.0,0.0,0,치킨,굽네치킨
ba_14336642,2025-03,0.1,23.6,4.3,0.0,0.0,0.0,0.0,0,치킨,굽네치킨
ba_14336642,2025-04,0.0,0.0,0.0,0.0,0.0,0.0,0.0,0,치킨,굽네치킨
ba_14341228,2025-01,0.0,0.0,0.0,0.0,0.0,0.0,0.0,0,피자,굽네치킨
ba_14341228,2025-02,0.0,0.0,0.0,0.0,0.0,0.0,0.0,0,피자,굽네치킨
ba_14341228,2025-03,0.0,0.0,0.0,0.0,0.0,0.0,0.0,0,피자,굽네치킨
ba_14341228,2025-04,0.0,0.0,0.0,0.0,0.0,0.0,0.0,0,피자,굽네치킨
ba_14352915,2025-01,1.0,524.25,113.875,0.25,0.25,0.7321428571428572,0.20833333333333331,0,백반·죽·국수,본그룹
ba_14352915,2025-02,1.0,541.0,118.4,0.4,0.4,0.7142857142857143,0.26666666666666666,0,백반·죽·국수,본그룹
ba_14352915,2025-03,1.0,286.5,59.0,0.0,0.0,0.5714285714285714,0.16666666666666666,0,백반·죽·국수,본그룹
ba_14352915,2025-04,1.0,327.5,74.5,0.5,0.5,0.7142857142857143,0.16666666666666666,0,백반·죽·국수,본그룹
ba_14356032,2025-02,1.0,227.0,53.0,1.0,1.0,0.42857142857142855,0.5,0,백반·죽·국수,본그룹
ba_14360458,2025-01,1.0,134.28571428571428,23.476190476190474,0.0,0.0,0.25850340136054417,0.015873015873015872,0,백반·죽·국수,본그룹
ba_14360458,2025-02,1.0,165.5,30.0,0.0,0.0,0.21428571428571427,0.08333333333333333,0,백반·죽·국수,본그룹
ba_14360458,2025-04,1.0,129.5,20.5,0.0,0.0,0.21428571428571427,0.0,1,백반·죽·국수,본그룹
ba_14363013,2025-02,1.0,129.0,25.0,0.0,0.0,0.2857142857142857,0.0,0,백반·죽·국수,본그룹
ba_14363013,2025-03,1.0,128.75,25.25,0.0,0.0,0.2857142857142857,0.0,0,백반·죽·국수,본그룹
ba_14363013,2025-04,1.0,129.25,25.0,0.0,0.0,0.2857142857142857,0.0,0,백반·죽·국수,본그룹
ba_14371606,2025-01,1.0,143.28571428571428,28.714285714285715,0.0,0.0,0.2857142857142857,0.19047619047619047,0,백반·죽·국수,본그룹
ba_14371606,2025-02,1.0,93.42857142857143,17.142857142857142,0.0,0.0,0.2857142857142857,0.19047619047619047,0,백반·죽·국수,본그룹
ba_14371606,2025-03,1.0,87.16666666666667,15.666666666666666,0.16666666666666666,0.16666666666666666,0.21428571428571427,0.19444444444444442,0,백반·죽·국수,본그룹
ba_14371606,2025-04,1.0,77.0,13.0,0.0,0.0,0.14285714285714285,0.16666666666666666,0,백반·죽·국수,본그룹
ba_14387630,2025-01,1.0,147.06666666666666,30.0,0.06666666666666667,0.06666666666666667,0.4095238095238095,0.16666666666666666,1,치킨,굽네치킨
ba_14387630,2025-02,1.0,127.77083333333333,26.354166666666668,0.0,0.0,0.41071428571428564,0.1597222222222222,1,치킨,굽네치킨
ba_14387630,2025-03,1.0,125.67796610169492,25.847457627118644,0.0,0.0,0.41162227602905566,0.1581920903954802,1,치킨,굽네치킨
ba_14387630,2025-04,1.0,130.69565217391303,27.065217391304348,0.06521739130434782,0.06521739130434782,0.41304347826086957,0.15942028985507245,1,치킨,굽네치킨
ba_14388856,2025-02,0.9523809523809523,118.42857142857143,20.523809523809526,0.0,0.0,0.564625850340136,0.18253968253968253,1,치킨,굽네치킨
ba_14388856,2025-01,0.40625,48.5625,8.40625,0.0,0.0,0.21875,0.06770833333333333,1,치킨,굽네치킨
ba_14388856,2025-03,1.0,116.80645161290323,20.967741935483872,0.0,0.0,0.45161290322580644,0.13440860215053763,1,치킨,굽네치킨
ba_14388856,2025-04,1.0,130.96969696969697,24.03030303030303,0.06060606060606061,0.06060606060606061,0.4329004329004329,0.1717171717171717,1,치킨,굽네치킨
ba_14388863,2025-03,1.0,129.0,23.0,0.0,0.0,0.5714285714285714,0.16666666666666666,1,피자,굽네치킨
ba_14390691,2025-02,0.9333333333333333,196.2,43.666666666666664,0.0,0.0,0.3809523809523809,0.1111111111111111,0,백반·죽·국수,본그룹
ba_14390691,2025-03,0.0,0.0,0.0,0.0,0.0,0.0,0.0,0,백반·죽·국수,본그룹
ba_14390691,2025-04,0.0,0.0,0.0,0.0,0.0,0.0,0.0,0,백반·죽·국수,본그룹
ba_14390691,2025-01,0.9777777777777777,220.4,49.022222222222226,0.0,0.0,0.4031746031746032,0.14074074074074072,0,백반·죽·국수,본그룹
ba_14392877,2025-02,1.0,125.0,24.0,0.0,0.0,0.14285714285714285,0.16666666666666666,0,백반·죽·국수,본그룹
ba_14396364,2025-02,1.0,23.0,4.0,0.0,0.0,0.2857142857142857,0.16666666666666666,1,백반·죽·국수,본그룹
ba_14396364,2025-04,1.0,32.0,5.666666666666667,0.0,0.0,0.3333333333333333,0.16666666666666666,0,백반·죽·국수,본그룹
ba_14397420,2025-01,0.0,0.0,0.0,0.0,0.0,0.0,0.0,0,치킨,굽네치킨
ba_14397420,2025-02,0.0625,17.28125,3.875,0.0625,0.0625,0.026785714285714284,0.020833333333333332,0,치킨,굽네치킨
ba_14397420,2025-03,0.0,0.0,0.0,0.0,0.0,0.0,0.0,0,치킨,굽네치킨
ba_14397420,2025-04,0.3333333333333333,34.833333333333336,7.333333333333333,0.0,0.0,0.09523809523809523,0.027777777777777776,0,치킨,굽네치킨
ba_14400680,2025-01,0.0,0.0,0.0,0.0,0.0,0.0,0.0,0,치킨,굽네치킨
ba_14400680,2025-02,0.25,37.5,6.75,0.0,0.0,0.0,0.0,0,치킨,굽네치킨
ba_14400680,2025-03,0.0,0.0,0.0,0.0,0.0,0.0,0.0,1,치킨,굽네치킨
ba_14400680,2025-04,0.25,15.0,3.5,0.0,0.0,0.03571428571428571,0.0,1,치킨,굽네치킨
ba_14400681,2025-03,0.0,0.0,0.0,0.0,0.0,0.0,0.0,0,피자,굽네치킨
ba_14400681,2025-04,0.0,0.0,0.0,0.0,0.0,0.0,0.0,0,피자,굽네치킨
ba_14422337,2025-02,0.0,0.0,0.0,0.0,0.0,0.0,0.0,0,백반·죽·국수,본그룹
ba_14435298,2025-01,0.0,0.0,0.0,0.0,0.0,0.0,0.0,0,백반·죽·국수,본그룹
ba_14435750,2025-01,1.0,86.25,14.0,0.0,0.0,0.17857142857142855,0.08333333333333333,0,백반·죽·국수,본그룹
ba_14435750,2025-02,1.0,61.0,11.0,0.0,0.0,0.14285714285714285,0.0,0,백반·죽·국수,본그룹
ba_14435750,2025-04,1.0,69.0,11.0,0.0,0.0,0.14285714285714285,0.0,0,백반·죽·국수,본그룹
ba_14437626,2025-01,0.8163265306122449,95.42857142857143,19.612244897959183,0.0,0.0,0.2332361516034985,0.0,0,치킨,굽네치킨
ba_14437626,2025-02,0.9185185185185185,108.72592592592592,22.22222222222222,0.0,0.0,0.2603174603174603,0.0,0,치킨,굽네치킨
ba_14437626,2025-03,0.9393939393939394,110.01010101010101,22.464646464646464,0.0,0.0,0.26839826839826836,0.0,0,치킨,굽네치킨
ba_14437626,2025-04,0.9861111111111112,117.84722222222223,24.15277777777778,0.0,0.0,0.2757936507936508,0.006944444444444444,0,치킨,굽네치킨
ba_14440526,2025-02,0.0,0.0,0.0,0.0,0.0,0.0,0.0,0,치킨,굽네치킨
ba_14440526,2025-03,0.0,0.0,0.0,0.0,0.0,0.0,0.0,0,치킨,굽네치킨
ba_14440526,2025-04,0.0,0.0,0.0,0.0,0.0,0.0,0.0,0,치킨,굽네치킨
ba_14440680,2025-02,0.0,0.0,0.0,0.0,0.0,0.0,0.0,1,치킨,굽네치킨
ba_14440680,2025-03,0.0,0.0,0.0,0.0,0.0,0.0,0.0,1,치킨,굽네치킨
ba_14440680,2025-04,0.35714285714285715,49.92857142857143,10.5,0.07142857142857142,0.07142857142857142,0.061224489795918366,0.023809523809523808,1,치킨,굽네치킨
ba_14440681,2025-02,0.0,0.0,0.0,0.0,0.0,0.0,0.0,0,피자,굽네치킨
ba_14441181,2025-01,0.0,0.0,0.0,0.0,0.0,0.0,0.0,1,치킨,굽네치킨
ba_14441181,2025-02,0.0,0.0,0.0,0.0,0.0,0.0,0.0,1,치킨,굽네치킨
ba_14441181,2025-03,0.0,0.0,0.0,0.0,0.0,0.0,0.0,1,치킨,굽네치킨
ba_14441181,2025-04,0.0,0.0,0.0,0.0,0.0,0.0,0.0,1,치킨,굽네치킨
ba_14441192,2025-01,0.0,0.0,0.0,0.0,0.0,0.0,0.0,0,피자,굽네치킨
ba_14441192,2025-04,0.0,0.0,0.0,0.0,0.0,0.0,0.0,0,피자,굽네치킨
ba_14441192,2025-03,1.0,187.0,33.0,0.0,0.0,0.14285714285714285,0.0,1,피자,굽네치킨
ba_14448826,2025-02,1.0,161.75,34.25,0.0,0.0,0.3214285714285714,0.125,0,백반·죽·국수,본그룹
ba_14448826,2025-03,1.0,77.33333333333333,16.0,0.0,0.0,0.42857142857142855,0.16666666666666666,0,백반·죽·국수,본그룹
ba_14448826,2025-04,1.0,136.66666666666666,29.0,0.0,0.0,0.42857142857142855,0.16666666666666666,0,백반·죽·국수,본그룹
ba_14449139,2025-01,1.0,305.4875,63.8375,0.0125,0.0125,0.1375,0.16041666666666665,0,치킨,굽네치킨
ba_14449139,2025-02,1.0,303.3888888888889,63.2962962962963,0.037037037037037035,0.037037037037037035,0.1349206349206349,0.1574074074074074,0,치킨,굽네치킨
ba_14449139,2025-03,1.0,302.0769230769231,63.13461538461539,0.019230769230769232,0.019230769230769232,0.1346153846153846,0.15705128205128205,0,치킨,굽네치킨
ba_14449139,2025-04,1.0,302.05555555555554,63.074074074074076,0.037037037037037035,0.037037037037037035,0.13756613756613756,0.1574074074074074,0,치킨,굽네치킨
ba_14454741,2025-01,0.9,192.0,40.7,0.0,0.0,0.5285714285714286,0.2833333333333333,0,백반·죽·국수,본그룹
ba_14454741,2025-02,1.0,186.5,39.5,0.0,0.0,0.6428571428571428,0.3333333333333333,0,백반·죽·국수,본그룹
ba_14454741,2025-03,1.0,205.5,45.0,0.0,0.0,0.7142857142857143,0.16666666666666666,0,백반·죽·국수,본그룹
ba_14456345,2025-01,1.0,76.27272727272727,12.545454545454545,0.0,0.0,0.3376623376623376,0.045454545454545456,1,백반·죽·국수,본그룹
ba_14456345,2025-02,1.0,56.4,9.7,0.0,0.0,0.3857142857142857,0.016666666666666666,0,백반·죽·국수,본그룹
ba_14456345,2025-03,1.0,59.36842105263158,10.421052631578947,0.0,0.0,0.39849624060150374,0.008771929824561403,0,백반·죽·국수,본그룹
ba_14456345,2025-04,1.0,62.9375,10.9375,0.0,0.0,0.45535714285714285,0.03125,0,백반·죽·국수,본그룹
ba_14456826,2025-01,1.0,253.0,50.0,1.0,1.0,0.7142857142857143,0.01515151515151515,0,백반·죽·국수,본그룹
ba_14456826,2025-02,1.0,241.6,47.9,1.0,1.0,0.7142857142857143,0.0,0,백반·죽·국수,본그룹
ba_14456826,2025-03,1.0,286.0,61.0,1.0,1.0,0.7142857142857143,0.0,0,백반·죽·국수,본그룹
ba_14456826,2025-04,1.0,237.75,47.0,1.0,1.0,0.7142857142857143,0.041666666666666664,0,백반·죽·국수,본그룹
ba_14456827,2025-02,0.6666666666666666,61.333333333333336,9.333333333333334,0.0,0.0,0.047619047619047616,0.0,0,백반·죽·국수,본그룹
ba_14456827,2025-01,1.0,89.33333333333333,13.833333333333334,0.0,0.0,0.023809523809523808,0.0,0,백반·죽·국수,본그룹
ba_14456827,2025-03,1.0,117.0,18.0,0.0,0.0,0.14285714285714285,0.08333333333333333,0,백반·죽·국수,본그룹
ba_14456827,2025-04,1.0,117.0,16.0,0.0,0.0,0.14285714285714285,0.0,0,백반·죽·국수,본그룹
ba_14457403,2025-01,1.0,119.63157894736842,18.63157894736842,0.05263157894736842,0.05263157894736842,0.17293233082706766,0.11403508771929824,0,백반·죽·국수,본그룹
ba_14457403,2025-02,1.0,163.0909090909091,32.54545454545455,0.09090909090909091,0.09090909090909091,0.3896103896103896,0.18181818181818182,0,백반·죽·국수,본그룹
ba_14457403,2025-03,1.0,146.4,30.4,0.2,0.2,0.2857142857142857,0.1,0,백반·죽·국수,본그룹
ba_14457403,2025-04,1.0,158.0,33.142857142857146,0.0,0.0,0.2857142857142857,0.16666666666666666,0,백반·죽·국수,본그룹
ba_14458025,2025-01,0.27586206896551724,67.06896551724138,12.327586206896552,0.0,0.0,0.11822660098522167,0.09195402298850575,0,치킨,굽네치킨
ba_14458025,2025-02,1.0,235.58064516129033,39.0,0.0,0.0,0.42857142857142855,0.3333333333333333,0,치킨,굽네치킨
ba_14458025,2025-03,1.0,232.94117647058823,40.11764705882353,0.0,0.0,0.4117647058823529,0.3235294117647059,1,치킨,굽네치킨
ba_14458025,2025-04,1.0,234.67857142857142,45.785714285714285,0.07142857142857142,0.07142857142857142,0.413265306122449,0.32142857142857145,1,치킨,굽네치킨
ba_14459736,2025-01,0.3333333333333333,81.66666666666667,18.0,0.3333333333333333,0.3333333333333333,0.09523809523809523,0.05555555555555555,0,치킨,굽네치킨
ba_14459736,2025-02,0.0,0.0,0.0,0.0,0.0,0.0,0.0,0,치킨,굽네치킨
ba_14459736,2025-03,0.0,0.0,0.0,0.0,0.0,0.0,0.0,0,치킨,굽네치킨
ba_14463467,2025-02,0.9807692307692307,517.8653846153846,87.59615384615384,0.038461538461538464,0.038461538461538464,0.44780219780219777,0.19230769230769232,0,치킨,굽네치킨
ba_14463467,2025-01,1.0,499.12698412698415,84.36507936507937,0.0,0.0,0.43990929705215415,0.17989417989417988,0,치킨,굽네치킨
ba_14463467,2025-03,1.0,529.3333333333334,89.45454545454545,0.06060606060606061,0.06060606060606061,0.4588744588744589,0.202020202020202,0,치킨,굽네치킨
ba_14463467,2025-04,1.0,625.6190476190476,108.0952380952381,0.0,0.0,0.5238095238095238,0.25396825396825395,0,치킨,굽네치킨
ba_14463469,2025-03,0.6666666666666666,353.3333333333333,59.333333333333336,0.0,0.0,0.3333333333333333,0.16666666666666666,0,피자,굽네치킨
ba_14464913,2025-03,0.9473684210526315,175.02631578947367,37.8421052631579,0.02631578947368421,0.02631578947368421,0.39473684210526316,0.17982456140350878,0,치킨,굽네치킨
ba_14464913,2025-01,1.0,188.68571428571428,41.22857142857143,0.0,0.0,0.4510204081632653,0.18095238095238095,0,치킨,굽네치킨
ba_14464913,2025-02,1.0,188.94,40.86,0.03,0.03,0.45,0.19333333333333333,0,치킨,굽네치킨
ba_14464913,2025-04,1.0,184.82608695652175,40.04347826086956,0.043478260869565216,0.043478260869565216,0.391304347826087,0.13768115942028986,1,치킨,굽네치킨
ba_14464914,2025-01,1.0,177.33333333333334,39.0,0.0,0.0,0.42857142857142855,0.2222222222222222,0,피자,굽네치킨
ba_14464914,2025-02,1.0,200.0,44.333333333333336,0.0,0.0,0.2857142857142857,0.16666666666666666,0,피자,굽네치킨
ba_14464914,2025-03,1.0,164.0,36.666666666666664,0.0,0.0,0.38095238095238093,0.16666666666666666,0,피자,굽네치킨
ba_14470771,2025-01,0.0,0.0,0.0,0.0,0.0,0.0,0.0,0,백반·죽·국수,본그룹
ba_14470771,2025-02,0.0,0.0,0.0,0.0,0.0,0.0,0.0,0,백반·죽·국수,본그룹
ba_14470771,2025-03,0.0,0.0,0.0,0.0,0.0,0.0,0.0,0,백반·죽·국수,본그룹
ba_14470771,2025-04,0.0,0.0,0.0,0.0,0.0,0.0,0.0,0,백반·죽·국수,본그룹
ba_14473511,2025-01,1.0,131.28571428571428,25.571428571428573,0.07142857142857142,0.07142857142857142,0.6428571428571429,0.16666666666666666,0,백반·죽·국수,본그룹
ba_14473511,2025-02,1.0,164.0,21.0,1.0,1.0,0.14285714285714285,0.16666666666666666,0,백반·죽·국수,본그룹
ba_14473511,2025-03,1.0,126.5,25.0,0.0,0.0,0.7142857142857143,0.16666666666666666,0,백반·죽·국수,본그룹
ba_14473511,2025-04,1.0,127.33333333333333,25.0,0.0,0.0,0.7142857142857143,0.16666666666666666,0,백반·죽·국수,본그룹
ba_14484534,2025-04,0.0,0.0,0.0,0.0,0.0,0.0,0.0,0,백반·죽·국수,본그룹
ba_14488211,2025-01,0.5833333333333334,114.66666666666667,25.416666666666668,0.3333333333333333,0.3333333333333333,0.10714285714285714,0.05555555555555555,0,치킨,굽네치킨
ba_14488211,2025-02,0.2,23.8,5.4,0.0,0.0,0.05714285714285714,0.03333333333333333,0,치킨,굽네치킨
ba_14488211,2025-03,0.3333333333333333,65.83333333333333,14.166666666666666,0.0,0.0,0.09523809523809523,0.05555555555555555,1,치킨,굽네치킨
ba_14488495,2025-01,0.0,0.0,0.0,0.0,0.0,0.0,0.0,0,백반·죽·국수,본그룹
ba_14488495,2025-02,0.0,0.0,0.0,0.0,0.0,0.0,0.0,0,백반·죽·국수,본그룹
ba_14495840,2025-04,0.0,0.0,0.0,0.0,0.0,0.0,0.0,0,백반·죽·국수,본그룹
ba_14504490,2025-01,0.3333333333333333,24.416666666666668,4.5,0.0,0.0,0.07142857142857142,0.013888888888888888,0,백반·죽·국수,본그룹
ba_14504490,2025-02,1.0,55.666666666666664,11.0,0.0,0.0,0.047619047619047616,0.0,0,백반·죽·국수,본그룹
ba_14504490,2025-03,1.0,72.25,13.25,0.0,0.0,0.21428571428571427,0.041666666666666664,0,백반·죽·국수,본그룹
ba_14506379,2025-01,1.0,84.0,16.5,0.0,0.0,0.38095238095238093,0.13888888888888887,0,백반·죽·국수,본그룹
ba_14506379,2025-03,1.0,130.0,26.0,0.0,0.0,0.6785714285714286,0.20833333333333331,0,백반·죽·국수,본그룹
ba_14506379,2025-04,1.0,262.0,54.0,0.0,0.0,0.5714285714285714,0.16666666666666666,0,백반·죽·국수,본그룹
ba_14506800,2025-02,1.0,109.0,20.5,0.0,0.0,0.3571428571428571,0.08333333333333333,0,백반·죽·국수,본그룹
ba_14506800,2025-03,1.0,176.0,33.0,0.0,0.0,0.2857142857142857,0.16666666666666666,0,백반·죽·국수,본그룹
ba_14506800,2025-04,1.0,71.0,13.0,0.0,0.0,0.2857142857142857,0.0,0,백반·죽·국수,본그룹
ba_14513076,2025-02,1.0,150.6,30.6,0.0,0.0,0.3142857142857143,0.03333333333333333,0,백반·죽·국수,본그룹
ba_14513076,2025-03,1.0,186.0,36.5,0.0,0.0,0.3571428571428571,0.08333333333333333,0,백반·죽·국수,본그룹
ba_14513076,2025-04,1.0,194.0,38.5,0.0,0.0,0.2857142857142857,0.0,0,백반·죽·국수,본그룹
ba_14525069,2025-01,1.0,128.85714285714286,25.285714285714285,0.0,0.0,0.2857142857142857,0.07142857142857142,1,치킨,굽네치킨
ba_14525069,2025-02,1.0,142.375,27.875,0.125,0.125,0.26785714285714285,0.08333333333333333,0,치킨,굽네치킨
ba_14525069,2025-03,1.0,180.22222222222223,37.333333333333336,0.1111111111111111,0.1111111111111111,0.3333333333333333,0.16666666666666666,1,치킨,굽네치킨
ba_14525069,2025-04,1.0,181.84615384615384,39.38461538461539,0.23076923076923078,0.23076923076923078,0.4065934065934066,0.15384615384615385,1,치킨,굽네치킨
ba_14525359,2025-01,0.0,0.0,0.0,0.0,0.0,0.0,0.0,0,백반·죽·국수,본그룹
ba_14525359,2025-03,0.0,0.0,0.0,0.0,0.0,0.0,0.0,0,백반·죽·국수,본그룹
ba_14525359,2025-04,0.25,19.75,3.25,0.0,0.0,0.0,0.0,0,백반·죽·국수,본그룹
ba_14528279,2025-01,0.0,0.0,0.0,0.0,0.0,0.0,0.0,1,치킨,굽네치킨
ba_14528279,2025-02,0.75,15.75,2.75,0.0,0.0,0.07142857142857142,0.0,0,치킨,굽네치킨
ba_14528279,2025-03,0.1,57.7,11.9,0.0,0.0,0.07142857142857142,0.05,1,치킨,굽네치킨
ba_14528279,2025-04,0.3333333333333333,108.66666666666667,22.833333333333332,0.0,0.0,0.14285714285714288,0.1111111111111111,1,치킨,굽네치킨
ba_14528412,2025-02,0.0,0.0,0.0,0.0,0.0,0.0,0.0,0,피자,굽네치킨
ba_14530939,2025-02,1.0,139.0,26.5,0.0,0.0,0.07142857142857142,0.0,0,백반·죽·국수,본그룹
ba_14530939,2025-03,1.0,97.0,19.0,0.0,0.0,0.14285714285714285,0.0,0,백반·죽·국수,본그룹
ba_14530939,2025-04,1.0,152.5,28.0,0.0,0.0,0.10714285714285714,0.0,0,백반·죽·국수,본그룹
ba_14533127,2025-03,1.0,36.666666666666664,7.0,0.0,0.0,0.09523809523809523,0.0,1,백반·죽·국수,본그룹
ba_14533127,2025-04,1.0,118.0,25.2,0.4,0.4,0.22857142857142856,0.13333333333333333,0,백반·죽·국수,본그룹
ba_14541579,2025-01,0.0,0.0,0.0,0.0,0.0,0.0,0.0,1,치킨,굽네치킨
ba_14541579,2025-02,0.1111111111111111,25.88888888888889,5.555555555555555,0.1111111111111111,0.1111111111111111,0.031746031746031744,0.018518518518518517,0,치킨,굽네치킨
ba_14541579,2025-03,0.0,0.0,0.0,0.0,0.0,0.0,0.0,0,치킨,굽네치킨
ba_14541579,2025-04,0.09090909090909091,19.272727272727273,4.454545454545454,0.09090909090909091,0.09090909090909091,0.03896103896103896,0.0303030303030303,1,치킨,굽네치킨
ba_14548743,2025-02,0.9230769230769231,90.61538461538461,16.307692307692307,0.0,0.0,0.21978021978021975,0.05128205128205128,0,치킨,굽네치킨
ba_14548743,2025-04,0.9166666666666666,147.58333333333334,26.833333333333332,0.0,0.0,0.17857142857142858,0.041666666666666664,1,치킨,굽네치킨
ba_14548743,2025-01,1.0,136.33333333333334,26.933333333333334,0.06666666666666667,0.06666666666666667,0.19047619047619044,0.05555555555555555,0,치킨,굽네치킨
ba_14548743,2025-03,1.0,155.375,32.125,0.0,0.0,0.26785714285714285,0.0625,1,치킨,굽네치킨
ba_14551802,2025-01,0.0,0.0,0.0,0.0,0.0,0.0,0.0,0,백반·죽·국수,본그룹
ba_14556221,2025-01,0.0,0.0,0.0,0.0,0.0,0.0,0.0,1,치킨,굽네치킨
ba_14556221,2025-02,0.0,0.0,0.0,0.0,0.0,0.0,0.0,1,치킨,굽네치킨
ba_14556221,2025-03,0.0,0.0,0.0,0.0,0.0,0.0,0.0,1,치킨,굽네치킨
ba_14556221,2025-04,0.0,0.0,0.0,0.0,0.0,0.0,0.0,0,치킨,굽네치킨
ba_14557869,2025-01,1.0,184.07407407407408,39.0,0.9629629629629629,0.9629629629629629,0.30687830687830686,0.16049382716049382,1,치킨,굽네치킨
ba_14557869,2025-02,1.0,180.33333333333334,37.55555555555556,0.8611111111111112,0.8611111111111112,0.29365079365079366,0.15740740740740738,1,치킨,굽네치킨
ba_14557869,2025-03,1.0,157.0810810810811,31.56756756756757,0.9459459459459459,0.9459459459459459,0.3088803088803088,0.16216216216216217,1,치킨,굽네치킨
ba_14557869,2025-04,1.0,164.88888888888889,33.592592592592595,1.0,1.0,0.30158730158730157,0.1728395061728395,1,치킨,굽네치킨
ba_14563145,2025-01,0.0,0.0,0.0,0.0,0.0,0.0,0.0,1,치킨,굽네치킨
ba_14563145,2025-02,0.0,0.0,0.0,0.0,0.0,0.0,0.0,1,치킨,굽네치킨
ba_14563145,2025-03,0.0,0.0,0.0,0.0,0.0,0.0,0.0,1,치킨,굽네치킨
ba_14563145,2025-04,0.0,0.0,0.0,0.0,0.0,0.0,0.0,1,치킨,굽네치킨
ba_14564492,2025-01,0.0,0.0,0.0,0.0,0.0,0.0,0.0,0,백반·죽·국수,본그룹
ba_14564492,2025-02,0.0,0.0,0.0,0.0,0.0,0.0,0.0,0,백반·죽·국수,본그룹
ba_14573167,2025-01,0.0,0.0,0.0,0.0,0.0,0.0,0.0,0,백반·죽·국수,본그룹
ba_14573167,2025-02,0.0,0.0,0.0,0.0,0.0,0.0,0.0,0,백반·죽·국수,본그룹
ba_14573167,2025-04,0.0,0.0,0.0,0.0,0.0,0.0,0.0,0,백반·죽·국수,본그룹
ba_14574885,2025-02,1.0,121.75,26.0,0.0,0.0,0.5357142857142857,0.25,0,백반·죽·국수,본그룹
ba_14574885,2025-03,1.0,143.0,29.5,0.0,0.0,0.7142857142857143,0.3333333333333333,1,백반·죽·국수,본그룹
ba_14574885,2025-04,1.0,136.5,28.75,0.0,0.0,0.7142857142857143,0.3333333333333333,0,백반·죽·국수,본그룹
ba_14575172,2025-01,0.0,0.0,0.0,0.0,0.0,0.0,0.0,1,치킨,굽네치킨
ba_14575172,2025-02,0.0,0.0,0.0,0.0,0.0,0.0,0.0,1,치킨,굽네치킨
ba_14575172,2025-03,0.0,0.0,0.0,0.0,0.0,0.0,0.0,1,치킨,굽네치킨
ba_14575172,2025-04,0.0,0.0,0.0,0.0,0.0,0.0,0.0,1,치킨,굽네치킨
ba_14578524,2025-01,0.0,0.0,0.0,0.0,0.0,0.0,0.0,0,치킨,굽네치킨
ba_14578524,2025-02,0.0,0.0,0.0,0.0,0.0,0.0,0.0,0,치킨,굽네치킨
ba_14578524,2025-03,0.038461538461538464,2.230769230769231,0.5,0.0,0.0,0.0,0.0,1,치킨,굽네치킨
ba_14578524,2025-04,0.0,0.0,0.0,0.0,0.0,0.0,0.0,0,치킨,굽네치킨
ba_14580787,2025-01,0.08333333333333333,9.75,2.25,0.0,0.0,0.023809523809523808,0.013888888888888888,0,백반·죽·국수,본그룹
ba_14580787,2025-02,0.0,0.0,0.0,0.0,0.0,0.0,0.0,0,백반·죽·국수,본그룹
ba_14580787,2025-03,0.0,0.0,0.0,0.0,0.0,0.0,0.0,0,백반·죽·국수,본그룹
ba_14581239,2025-01,0.0,0.0,0.0,0.0,0.0,0.0,0.0,1,치킨,굽네치킨
ba_14581239,2025-02,0.0,0.0,0.0,0.0,0.0,0.0,0.0,0,치킨,굽네치킨
ba_14581239,2025-03,0.0,0.0,0.0,0.0,0.0,0.0,0.0,0,치킨,굽네치킨
ba_14581239,2025-04,0.0,0.0,0.0,0.0,0.0,0.0,0.0,0,치킨,굽네치킨
ba_14581501,2025-01,0.25,16.0,2.5,0.0,0.0,0.10714285714285714,0.0,0,백반·죽·국수,본그룹
ba_14582073,2025-01,1.0,124.03333333333333,26.833333333333332,0.03333333333333333,0.03333333333333333,0.3,0.05555555555555555,0,치킨,굽네치킨
ba_14582073,2025-02,1.0,106.83333333333333,23.055555555555557,0.0,0.0,0.30158730158730157,0.018518518518518517,0,치킨,굽네치킨
ba_14582073,2025-03,1.0,107.33333333333333,23.266666666666666,0.0,0.0,0.22857142857142856,0.0,0,치킨,굽네치킨
ba_14582073,2025-04,1.0,115.3125,24.875,0.0625,0.0625,0.30357142857142855,0.03125,0,치킨,굽네치킨
ba_14582508,2025-02,1.0,48.0,10.0,0.0,0.0,0.14285714285714285,0.0,0,백반·죽·국수,본그룹
ba_14591780,2025-01,1.0,170.26923076923077,34.46153846153846,0.19230769230769232,0.19230769230769232,0.3626373626373626,0.08974358974358973,1,치킨,굽네치킨
ba_14591780,2025-02,1.0,177.5185185185185,35.851851851851855,0.18518518518518517,0.18518518518518517,0.3439153439153439,0.08641975308641975,0,치킨,굽네치킨
ba_14591780,2025-03,1.0,182.625,37.8125,0.0625,0.0625,0.3571428571428571,0.07291666666666666,1,치킨,굽네치킨
ba_14591780,2025-04,1.0,179.47368421052633,36.73684210526316,0.3684210526315789,0.3684210526315789,0.3308270676691729,0.14912280701754385,1,치킨,굽네치킨
ba_14593720,2025-01,0.0,0.0,0.0,0.0,0.0,0.0,0.0,1,치킨,굽네치킨
ba_14593720,2025-02,0.0,0.0,0.0,0.0,0.0,0.0,0.0,0,치킨,굽네치킨
ba_14593720,2025-03,0.0,0.0,0.0,0.0,0.0,0.0,0.0,1,치킨,굽네치킨
ba_14593720,2025-04,0.0,0.0,0.0,0.0,0.0,0.0,0.0,1,치킨,굽네치킨
ba_14593798,2025-01,0.0,0.0,0.0,0.0,0.0,0.0,0.0,0,치킨,굽네치킨
ba_14593798,2025-02,0.25,51.125,11.375,0.25,0.25,0.10714285714285714,0.08333333333333333,0,치킨,굽네치킨
ba_14593798,2025-03,0.0,0.0,0.0,0.0,0.0,0.0,0.0,0,치킨,굽네치킨
ba_14593798,2025-04,0.0,0.0,0.0,0.0,0.0,0.0,0.0,0,치킨,굽네치킨
ba_14593800,2025-02,0.0,0.0,0.0,0.0,0.0,0.0,0.0,0,피자,굽네치킨
ba_14593800,2025-03,0.0,0.0,0.0,0.0,0.0,0.0,0.0,0,피자,굽네치킨
ba_14594474,2025-01,1.0,129.61904761904762,24.476190476190474,0.023809523809523808,0.023809523809523808,0.16326530612244897,0.08333333333333333,0,백반·죽·국수,본그룹
ba_14594474,2025-02,1.0,105.66666666666667,20.166666666666668,0.0,0.0,0.023809523809523808,0.027777777777777776,0,백반·죽·국수,본그룹
ba_14594474,2025-03,1.0,115.25,21.5,0.0,0.0,0.10714285714285714,0.041666666666666664,0,백반·죽·국수,본그룹
ba_14594474,2025-04,1.0,97.25,18.125,0.0,0.0,0.10714285714285714,0.0625,0,백반·죽·국수,본그룹
ba_14597164,2025-01,0.17647058823529413,42.1764705882353,9.294117647058824,0.17647058823529413,0.17647058823529413,0.050420168067226885,0.029411764705882353,0,치킨,굽네치킨
ba_14597164,2025-02,0.14285714285714285,31.142857142857142,6.785714285714286,0.14285714285714285,0.14285714285714285,0.0510204081632653,0.03571428571428571,0,치킨,굽네치킨
ba_14597164,2025-03,0.09090909090909091,23.454545454545453,5.2727272727272725,0.09090909090909091,0.09090909090909091,0.03896103896103896,0.0303030303030303,0,치킨,굽네치킨
ba_14597164,2025-04,0.23809523809523808,55.285714285714285,11.904761904761905,0.23809523809523808,0.23809523809523808,0.09523809523809523,0.007936507936507936,0,치킨,굽네치킨
ba_14597165,2025-03,0.0,0.0,0.0,0.0,0.0,0.0,0.0,1,피자,굽네치킨
ba_14597165,2025-04,0.0,0.0,0.0,0.0,0.0,0.0,0.0,0,피자,굽네치킨
ba_14599961,2025-01,0.25,24.0,4.5,0.0,0.0,0.03571428571428571,0.0,0,치킨,굽네치킨
ba_14599961,2025-02,0.0,0.0,0.0,0.0,0.0,0.0,0.0,0,치킨,굽네치킨
ba_14599961,2025-03,0.0,0.0,0.0,0.0,0.0,0.0,0.0,1,치킨,굽네치킨
ba_14599961,2025-04,0.4,102.6,15.2,0.0,0.0,0.08571428571428572,0.03333333333333333,0,치킨,굽네치킨
ba_14599973,2025-04,0.0,0.0,0.0,0.0,0.0,0.0,0.0,1,치킨,굽네치킨
ba_14600429,2025-01,0.0,0.0,0.0,0.0,0.0,0.0,0.0,1,치킨,굽네치킨
ba_14600429,2025-02,0.0,0.0,0.0,0.0,0.0,0.0,0.0,1,치킨,굽네치킨
ba_14600429,2025-03,0.0,0.0,0.0,0.0,0.0,0.0,0.0,1,치킨,굽네치킨
ba_14603467,2025-03,0.75,81.75,15.5,0.0,0.0,0.17857142857142855,0.041666666666666664,0,백반·죽·국수,본그룹
ba_14603467,2025-04,0.0,0.0,0.0,0.0,0.0,0.0,0.0,0,백반·죽·국수,본그룹
ba_14603467,2025-02,1.0,117.4,22.6,0.0,0.0,0.45714285714285713,0.1,0,백반·죽·국수,본그룹
ba_14604237,2025-02,0.0,0.0,0.0,0.0,0.0,0.0,0.0,0,치킨,굽네치킨
ba_14604237,2025-03,0.0,0.0,0.0,0.0,0.0,0.0,0.0,1,치킨,굽네치킨
ba_14604237,2025-04,0.0,0.0,0.0,0.0,0.0,0.0,0.0,1,치킨,굽네치킨
ba_14607412,2025-01,0.0,0.0,0.0,0.0,0.0,0.0,0.0,0,치킨,굽네치킨
ba_14607412,2025-02,0.0,0.0,0.0,0.0,0.0,0.0,0.0,0,치킨,굽네치킨
ba_14607412,2025-03,0.07692307692307693,15.076923076923077,3.3846153846153846,0.07692307692307693,0.07692307692307693,0.03296703296703297,0.02564102564102564,0,치킨,굽네치킨
ba_14607412,2025-04,0.06666666666666667,15.466666666666667,3.3333333333333335,0.06666666666666667,0.06666666666666667,0.019047619047619046,0.01111111111111111,0,치킨,굽네치킨
ba_14613531,2025-02,1.0,108.33333333333333,24.0,0.0,0.0,0.19047619047619047,0.05555555555555555,0,백반·죽·국수,본그룹
ba_14613531,2025-03,1.0,97.66666666666667,20.0,0.0,0.0,0.2857142857142857,0.05555555555555555,0,백반·죽·국수,본그룹
ba_14613531,2025-04,1.0,108.66666666666667,22.0,0.0,0.0,0.38095238095238093,0.1111111111111111,0,백반·죽·국수,본그룹
ba_14615149,2025-01,0.0,0.0,0.0,0.0,0.0,0.0,0.0,0,치킨,굽네치킨
ba_14615149,2025-02,0.6666666666666666,55.77777777777778,11.333333333333334,0.0,0.0,0.2222222222222222,0.07407407407407407,0,치킨,굽네치킨
ba_14615149,2025-03,0.6,83.2,17.8,0.0,0.0,0.12857142857142856,0.06666666666666667,1,치킨,굽네치킨
ba_14615149,2025-04,0.4,21.2,4.0,0.0,0.0,0.17142857142857143,0.06666666666666667,1,치킨,굽네치킨
ba_14616721,2025-02,0.0,0.0,0.0,0.0,0.0,0.0,0.0,0,백반·죽·국수,본그룹
ba_14616721,2025-04,0.0,0.0,0.0,0.0,0.0,0.0,0.0,0,백반·죽·국수,본그룹
ba_14620216,2025-01,0.8552631578947368,152.44736842105263,28.092105263157894,0.5131578947368421,0.5131578947368421,0.3120300751879699,0.08771929824561403,0,치킨,굽네치킨
ba_14620216,2025-02,0.2830188679245283,51.075471698113205,10.09433962264151,0.018867924528301886,0.018867924528301886,0.07816711590296495,0.003144654088050314,0,치킨,굽네치킨
ba_14620216,2025-03,0.03125,6.421875,1.265625,0.015625,0.015625,0.008928571428571428,0.005208333333333333,0,치킨,굽네치킨
ba_14620216,2025-04,0.7966101694915254,137.20338983050848,29.10169491525424,0.0,0.0,0.27360774818401934,0.12994350282485875,0,치킨,굽네치킨
ba_14623314,2025-01,0.0,0.0,0.0,0.0,0.0,0.0,0.0,1,치킨,굽네치킨
ba_14623314,2025-02,0.0,0.0,0.0,0.0,0.0,0.0,0.0,0,치킨,굽네치킨
ba_14623314,2025-03,0.05,13.6,3.05,0.05,0.05,0.02142857142857143,0.016666666666666666,1,치킨,굽네치킨
ba_14623314,2025-04,0.043478260869565216,3.782608695652174,0.6086956521739131,0.0,0.0,0.006211180124223602,0.0,1,치킨,굽네치킨
ba_14625157,2025-03,0.8,116.4,21.8,0.4,0.4,0.22857142857142856,0.0,1,치킨,굽네치킨
ba_14625157,2025-01,1.0,163.63636363636363,31.181818181818183,0.45454545454545453,0.45454545454545453,0.2987012987012987,0.0606060606060606,1,치킨,굽네치킨
ba_14625157,2025-02,1.0,178.63636363636363,34.54545454545455,0.36363636363636365,0.36363636363636365,0.2857142857142857,0.045454545454545456,0,치킨,굽네치킨
ba_14625157,2025-04,1.0,132.0,25.4,0.0,0.0,0.2857142857142857,0.0,0,치킨,굽네치킨
ba_14625762,2025-01,0.0,0.0,0.0,0.0,0.0,0.0,0.0,0,백반·죽·국수,본그룹
ba_14625762,2025-02,0.0,0.0,0.0,0.0,0.0,0.0,0.0,0,백반·죽·국수,본그룹
ba_14625762,2025-04,0.0,0.0,0.0,0.0,0.0,0.0,0.0,0,백반·죽·국수,본그룹
ba_14627570,2025-01,1.0,103.89655172413794,22.655172413793103,0.3448275862068966,0.3448275862068966,0.40886699507389157,0.1264367816091954,0,백반·죽·국수,본그룹
ba_14627570,2025-02,1.0,90.77777777777777,18.0,0.1111111111111111,0.1111111111111111,0.20634920634920634,0.037037037037037035,0,백반·죽·국수,본그룹
ba_14627570,2025-03,1.0,110.75,24.625,0.625,0.625,0.42857142857142855,0.16666666666666666,0,백반·죽·국수,본그룹
ba_14627570,2025-04,1.0,99.5,22.0,0.0,0.0,0.3571428571428571,0.16666666666666666,0,백반·죽·국수,본그룹
ba_14629153,2025-01,0.0,0.0,0.0,0.0,0.0,0.0,0.0,1,치킨,굽네치킨
ba_14629153,2025-02,1.0,71.0,9.0,0.0,0.0,0.2857142857142857,0.0,0,치킨,굽네치킨
ba_14629918,2025-03,0.0,0.0,0.0,0.0,0.0,0.0,0.0,0,치킨,굽네치킨
ba_14637553,2025-01,0.0,0.0,0.0,0.0,0.0,0.0,0.0,0,치킨,굽네치킨
ba_14637553,2025-02,0.5,50.5,9.25,0.0,0.0,0.0,0.0,0,치킨,굽네치킨
ba_14637553,2025-03,0.0,0.0,0.0,0.0,0.0,0.0,0.0,0,치킨,굽네치킨
ba_14637553,2025-04,0.3333333333333333,37.666666666666664,6.333333333333333,0.0,0.0,0.0,0.0,0,치킨,굽네치킨
ba_14637963,2025-01,0.0,0.0,0.0,0.0,0.0,0.0,0.0,0,치킨,굽네치킨
ba_14637963,2025-02,0.0,0.0,0.0,0.0,0.0,0.0,0.0,0,치킨,굽네치킨
ba_14637963,2025-03,0.0,0.0,0.0,0.0,0.0,0.0,0.0,1,치킨,굽네치킨
ba_14637963,2025-04,0.0,0.0,0.0,0.0,0.0,0.0,0.0,1,치킨,굽네치킨
ba_14640352,2025-02,0.4,51.8,10.2,0.0,0.0,0.17142857142857143,0.06666666666666667,1,백반·죽·국수,본그룹
ba_14640352,2025-04,0.8333333333333334,109.5,21.5,0.0,0.0,0.2619047619047619,0.027777777777777776,0,백반·죽·국수,본그룹
ba_14640352,2025-03,1.0,128.71428571428572,25.428571428571427,0.0,0.0,0.42857142857142855,0.16666666666666666,1,백반·죽·국수,본그룹
ba_14643477,2025-01,1.0,301.55,61.7,0.0,0.0,0.5571428571428572,0.16666666666666666,0,백반·죽·국수,본그룹
ba_14643477,2025-02,1.0,268.3,55.8,0.0,0.0,0.4428571428571429,0.16666666666666666,0,백반·죽·국수,본그룹
ba_14643477,2025-03,1.0,274.0,60.0,0.0,0.0,0.46428571428571425,0.16666666666666666,0,백반·죽·국수,본그룹
ba_14643477,2025-04,1.0,297.0,61.0,0.0,0.0,0.5714285714285714,0.16666666666666666,0,백반·죽·국수,본그룹
ba_14645179,2025-01,1.0,130.78571428571428,28.928571428571427,0.0,0.0,0.5,0.16666666666666666,0,백반·죽·국수,본그룹
ba_14645179,2025-02,1.0,116.25,26.25,0.0,0.0,0.3095238095238095,0.16666666666666666,0,백반·죽·국수,본그룹
ba_14645179,2025-03,1.0,123.0,26.5,0.0,0.0,0.42857142857142855,0.16666666666666666,0,백반·죽·국수,본그룹
ba_14645179,2025-04,1.0,168.0,36.0,0.0,0.0,0.42857142857142855,0.16666666666666666,0,백반·죽·국수,본그룹
ba_14647668,2025-01,1.0,167.6875,37.625,0.0,0.0,0.5714285714285714,0.0,0,백반·죽·국수,본그룹
ba_14647668,2025-02,1.0,201.0,45.166666666666664,0.0,0.0,0.5714285714285714,0.0,0,백반·죽·국수,본그룹
ba_14647668,2025-03,1.0,213.5,48.0,0.0,0.0,0.5714285714285714,0.0,0,백반·죽·국수,본그룹
ba_14647668,2025-04,1.0,171.5,38.0,0.0,0.0,0.5714285714285714,0.0,0,백반·죽·국수,본그룹
ba_14648765,2025-01,0.0,0.0,0.0,0.0,0.0,0.0,0.0,0,치킨,굽네치킨
ba_14648765,2025-02,0.16666666666666666,36.666666666666664,8.0,0.16666666666666666,0.16666666666666666,0.047619047619047616,0.027777777777777776,0,치킨,굽네치킨
ba_14648765,2025-03,0.0,0.0,0.0,0.0,0.0,0.0,0.0,0,치킨,굽네치킨
ba_14648765,2025-04,0.0,0.0,0.0,0.0,0.0,0.0,0.0,0,치킨,굽네치킨
ba_14649303,2025-02,1.0,46.25,9.5,0.0,0.0,0.25,0.0,1,치킨,굽네치킨
ba_14649303,2025-03,1.0,70.36363636363636,14.545454545454545,0.09090909090909091,0.09090909090909091,0.20779220779220778,0.01515151515151515,1,치킨,굽네치킨
ba_14649303,2025-04,1.0,35.25,7.0,0.0,0.0,0.2857142857142857,0.0,1,치킨,굽네치킨
ba_14652311,2025-01,0.0,0.0,0.0,0.0,0.0,0.0,0.0,0,치킨,굽네치킨
ba_14652311,2025-02,0.0,0.0,0.0,0.0,0.0,0.0,0.0,0,치킨,굽네치킨
ba_14652311,2025-03,0.0,0.0,0.0,0.0,0.0,0.0,0.0,0,치킨,굽네치킨
ba_14652311,2025-04,0.6666666666666666,153.0,33.333333333333336,0.6666666666666666,0.6666666666666666,0.2857142857142857,0.0,0,치킨,굽네치킨
ba_14652929,2025-01,1.0,367.4925373134328,78.4776119402985,0.9850746268656716,0.9850746268656716,0.8400852878464818,0.3283582089552239,0,치킨,굽네치킨
ba_14652929,2025-02,1.0,359.4453781512605,76.78991596638656,0.9915966386554622,0.9915966386554622,0.8487394957983193,0.330532212885154,0,치킨,굽네치킨
ba_14652929,2025-03,1.0,369.2608695652174,78.93478260869566,0.9782608695652174,0.9782608695652174,0.8322981366459627,0.3297101449275362,0,치킨,굽네치킨
ba_14652929,2025-04,1.0,374.74545454545455,80.16363636363636,0.9818181818181818,0.9818181818181818,0.8415584415584415,0.32727272727272727,0,치킨,굽네치킨
ba_14653291,2025-01,1.0,385.7142857142857,83.0,1.0,1.0,0.8571428571428571,0.3333333333333333,0,피자,굽네치킨
ba_14653291,2025-02,1.0,381.0,81.28571428571429,1.0,1.0,0.8571428571428571,0.35714285714285715,0,피자,굽네치킨
ba_14653291,2025-03,1.0,373.1,79.7,1.0,1.0,0.8571428571428571,0.3333333333333333,0,피자,굽네치킨
ba_14653291,2025-04,1.0,375.4,80.0,1.0,1.0,0.8571428571428571,0.3333333333333333,0,피자,굽네치킨
ba_14654080,2025-01,1.0,165.43243243243242,37.86486486486486,0.9324324324324325,0.9324324324324325,0.42277992277992277,0.3198198198198198,0,치킨,굽네치킨
ba_14654080,2025-02,1.0,168.45882352941177,36.529411764705884,0.9882352941176471,0.9882352941176471,0.426890756302521,0.33137254901960783,0,치킨,굽네치킨
ba_14654080,2025-03,1.0,169.06349206349208,36.111111111111114,0.9841269841269841,0.9841269841269841,0.4331065759637188,0.3386243386243386,0,치킨,굽네치킨
ba_14654080,2025-04,1.0,168.6315789473684,36.14912280701754,1.0,1.0,0.4323308270676692,0.33040935672514615,0,치킨,굽네치킨
ba_14654803,2025-02,0.6,64.4,13.2,0.0,0.0,0.02857142857142857,0.0,0,백반·죽·국수,본그룹
ba_14654803,2025-03,0.0,0.0,0.0,0.0,0.0,0.0,0.0,0,백반·죽·국수,본그룹
ba_14654803,2025-04,0.0,0.0,0.0,0.0,0.0,0.0,0.0,0,백반·죽·국수,본그룹
ba_14654803,2025-01,1.0,113.05882352941177,23.764705882352942,0.0,0.0,0.08403361344537814,0.00980392156862745,0,백반·죽·국수,본그룹
ba_14658160,2025-01,0.0,0.0,0.0,0.0,0.0,0.0,0.0,1,치킨,굽네치킨
ba_14658160,2025-02,0.0,0.0,0.0,0.0,0.0,0.0,0.0,0,치킨,굽네치킨
ba_14658160,2025-03,0.0,0.0,0.0,0.0,0.0,0.0,0.0,1,치킨,굽네치킨
ba_14658160,2025-04,0.0,0.0,0.0,0.0,0.0,0.0,0.0,1,치킨,굽네치킨
ba_14658825,2025-01,0.15254237288135594,27.203389830508474,5.406779661016949,0.01694915254237288,0.01694915254237288,0.10411622276029056,0.028248587570621465,0,치킨,굽네치킨
ba_14658825,2025-02,0.0196078431372549,4.352941176470588,0.9411764705882353,0.0196078431372549,0.0196078431372549,0.0056022408963585435,0.00326797385620915,0,치킨,굽네치킨
ba_14658825,2025-03,0.0,0.0,0.0,0.0,0.0,0.0,0.0,0,치킨,굽네치킨
ba_14658825,2025-04,0.0,0.0,0.0,0.0,0.0,0.0,0.0,0,치킨,굽네치킨
ba_14662462,2025-01,0.0,0.0,0.0,0.0,0.0,0.0,0.0,1,치킨,굽네치킨
ba_14662462,2025-04,0.0,0.0,0.0,0.0,0.0,0.0,0.0,1,치킨,굽네치킨
ba_14662462,2025-03,1.0,34.0,6.0,0.0,0.0,0.0,0.0,1,치킨,굽네치킨
ba_14662547,2025-01,0.0,0.0,0.0,0.0,0.0,0.0,0.0,1,치킨,굽네치킨
ba_14662547,2025-02,0.0,0.0,0.0,0.0,0.0,0.0,0.0,0,치킨,굽네치킨
ba_14662547,2025-03,0.0,0.0,0.0,0.0,0.0,0.0,0.0,1,치킨,굽네치킨
ba_14662547,2025-04,0.0,0.0,0.0,0.0,0.0,0.0,0.0,1,치킨,굽네치킨
ba_14663126,2025-01,1.0,112.66666666666667,24.958333333333332,0.125,0.125,0.35714285714285715,0.1875,0,치킨,굽네치킨
ba_14663126,2025-02,1.0,126.71428571428571,26.714285714285715,0.0,0.0,0.3979591836734694,0.14285714285714285,0,치킨,굽네치킨
ba_14663126,2025-03,1.0,87.6,12.4,0.0,0.0,0.2571428571428571,0.03333333333333333,0,치킨,굽네치킨
ba_14663126,2025-04,1.0,93.0,18.0,0.0,0.0,0.42857142857142855,0.16666666666666666,0,치킨,굽네치킨
ba_14663534,2025-01,0.0,0.0,0.0,0.0,0.0,0.0,0.0,1,치킨,굽네치킨
ba_14663534,2025-02,0.0,0.0,0.0,0.0,0.0,0.0,0.0,0,치킨,굽네치킨
ba_14663534,2025-03,0.0,0.0,0.0,0.0,0.0,0.0,0.0,1,치킨,굽네치킨
ba_14663534,2025-04,0.0,0.0,0.0,0.0,0.0,0.0,0.0,0,치킨,굽네치킨
ba_14665998,2025-03,1.0,69.0,12.0,0.0,0.0,0.14285714285714285,0.0,0,백반·죽·국수,본그룹
ba_14669107,2025-02,0.9809523809523809,151.46666666666667,32.838095238095235,0.02857142857142857,0.02857142857142857,0.5142857142857142,0.18888888888888888,0,치킨,굽네치킨
ba_14669107,2025-03,0.9833333333333333,142.5,30.95,0.03333333333333333,0.03333333333333333,0.46904761904761905,0.18333333333333332,0,치킨,굽네치킨
ba_14669107,2025-04,0.98,130.2,27.66,0.02,0.02,0.5057142857142857,0.15333333333333332,0,치킨,굽네치킨
ba_14669107,2025-01,1.0,172.6551724137931,38.741379310344826,0.017241379310344827,0.017241379310344827,0.5123152709359605,0.1839080459770115,1,치킨,굽네치킨
ba_14669108,2025-02,1.0,173.5,38.0,0.0,0.0,0.5714285714285714,0.25,1,피자,굽네치킨
ba_14669108,2025-03,1.0,172.0,38.0,0.0,0.0,0.5714285714285714,0.25,0,피자,굽네치킨
ba_14669109,2025-01,1.0,150.77777777777777,34.22222222222222,0.0,0.0,0.46031746031746024,0.18518518518518517,1,치킨,굽네치킨
ba_14669109,2025-02,1.0,172.33333333333334,37.166666666666664,0.16666666666666666,0.16666666666666666,0.3333333333333333,0.16666666666666666,1,치킨,굽네치킨
ba_14669109,2025-03,1.0,153.5,33.125,0.0,0.0,0.5,0.20833333333333331,1,치킨,굽네치킨
ba_14669109,2025-04,1.0,118.0,25.25,0.0,0.0,0.42857142857142855,0.125,1,치킨,굽네치킨
ba_14671483,2025-03,0.8,177.0,35.6,0.8,0.8,0.02857142857142857,0.0,1,치킨,굽네치킨
ba_14671483,2025-01,1.0,241.66666666666666,50.44444444444444,1.0,1.0,0.1746031746031746,0.037037037037037035,1,치킨,굽네치킨
ba_14671483,2025-02,1.0,250.55555555555554,50.55555555555556,1.0,1.0,0.25396825396825395,0.018518518518518517,1,치킨,굽네치킨
ba_14671483,2025-04,1.0,230.0,46.625,0.875,0.875,0.03571428571428571,0.0,0,치킨,굽네치킨
ba_14671490,2025-02,0.0,0.0,0.0,0.0,0.0,0.0,0.0,0,피자,굽네치킨
ba_14671974,2025-02,0.0,0.0,0.0,0.0,0.0,0.0,0.0,1,피자,굽네치킨
ba_14671974,2025-04,0.0,0.0,0.0,0.0,0.0,0.0,0.0,1,피자,굽네치킨
ba_14673431,2025-01,0.0,0.0,0.0,0.0,0.0,0.0,0.0,0,치킨,굽네치킨
ba_14673431,2025-02,0.0,0.0,0.0,0.0,0.0,0.0,0.0,0,치킨,굽네치킨
ba_14673431,2025-03,0.0,0.0,0.0,0.0,0.0,0.0,0.0,0,치킨,굽네치킨
ba_14673431,2025-04,0.0,0.0,0.0,0.0,0.0,0.0,0.0,1,치킨,굽네치킨
ba_14673434,2025-01,0.9375,153.0,31.25,0.125,0.125,0.3482142857142857,0.16666666666666666,1,치킨,굽네치킨
ba_14673434,2025-02,1.0,169.15384615384616,35.61538461538461,0.0,0.0,0.31868131868131866,0.14102564102564102,1,치킨,굽네치킨
ba_14673434,2025-03,1.0,172.625,36.5,0.25,0.25,0.3214285714285714,0.14583333333333331,0,치킨,굽네치킨
ba_14673434,2025-04,1.0,152.42857142857142,33.857142857142854,0.14285714285714285,0.14285714285714285,0.30612244897959184,0.16666666666666666,0,치킨,굽네치킨
ba_14673508,2025-01,1.0,98.0,23.0,0.0,0.0,0.14285714285714285,0.16666666666666666,0,백반·죽·국수,본그룹
ba_14675307,2025-01,0.0,0.0,0.0,0.0,0.0,0.0,0.0,1,치킨,굽네치킨
ba_14675307,2025-02,0.0,0.0,0.0,0.0,0.0,0.0,0.0,0,치킨,굽네치킨
ba_14675307,2025-03,0.25,59.5,12.75,0.25,0.25,0.07142857142857142,0.041666666666666664,0,치킨,굽네치킨
ba_14675307,2025-04,0.0,0.0,0.0,0.0,0.0,0.0,0.0,0,치킨,굽네치킨
ba_14675393,2025-01,0.125,12.125,2.125,0.0,0.0,0.017857142857142856,0.0,0,치킨,굽네치킨
ba_14675393,2025-02,0.125,6.5,1.25,0.0,0.0,0.017857142857142856,0.0,0,치킨,굽네치킨
ba_14675393,2025-03,0.25,40.875,9.0,0.125,0.125,0.017857142857142856,0.0,0,치킨,굽네치킨
ba_14675393,2025-04,0.16666666666666666,31.166666666666668,6.666666666666667,0.0,0.0,0.0,0.0,0,치킨,굽네치킨
ba_14679019,2025-02,0.991869918699187,347.7317073170732,76.47967479674797,0.991869918699187,0.991869918699187,0.5667828106852496,0.4959349593495935,1,치킨,굽네치킨
ba_14679019,2025-01,1.0,349.73809523809524,77.0,1.0,1.0,0.5714285714285714,0.5,1,치킨,굽네치킨
ba_14679019,2025-03,1.0,348.8857142857143,77.0,1.0,1.0,0.5714285714285714,0.5,0,치킨,굽네치킨
ba_14679019,2025-04,1.0,349.7325581395349,77.0,1.0,1.0,0.5714285714285714,0.5,0,치킨,굽네치킨
ba_14685750,2025-04,0.9850746268656716,179.07462686567163,39.61194029850746,0.9253731343283582,0.9253731343283582,0.27292110874200426,0.0024875621890547263,0,치킨,굽네치킨
ba_14685750,2025-01,1.0,170.5483870967742,37.806451612903224,0.9838709677419355,0.9838709677419355,0.28801843317972353,0.0,1,치킨,굽네치킨
ba_14685750,2025-02,1.0,186.45631067961165,41.47572815533981,0.9805825242718447,0.9805825242718447,0.2857142857142857,0.0032362459546925564,0,치킨,굽네치킨
ba_14685750,2025-03,1.0,185.24,41.08,0.9866666666666667,0.9866666666666667,0.2819047619047619,0.0022222222222222222,0,치킨,굽네치킨
ba_14686856,2025-02,0.95,100.25,17.1,0.0,0.0,0.20714285714285713,0.05,0,백반·죽·국수,본그룹
ba_14686856,2025-01,0.9444444444444444,94.11111111111111,17.38888888888889,0.05555555555555555,0.05555555555555555,0.2222222222222222,0.07407407407407407,1,백반·죽·국수,본그룹
ba_14686856,2025-03,1.0,121.875,21.75,0.0625,0.0625,0.23214285714285712,0.020833333333333332,0,백반·죽·국수,본그룹
ba_14686856,2025-04,1.0,154.5,25.7,0.1,0.1,0.24285714285714283,0.05,0,백반·죽·국수,본그룹
ba_14686990,2025-02,0.0,0.0,0.0,0.0,0.0,0.0,0.0,1,백반·죽·국수,본그룹
ba_14686990,2025-03,0.0,0.0,0.0,0.0,0.0,0.0,0.0,0,백반·죽·국수,본그룹
ba_14686990,2025-04,0.5,129.0,29.0,0.5,0.5,0.21428571428571427,0.16666666666666666,0,백반·죽·국수,본그룹
ba_14686997,2025-02,0.08,15.68,3.36,0.04,0.04,0.01714285714285714,0.006666666666666666,1,백반·죽·국수,본그룹
ba_14686997,2025-03,0.1111111111111111,13.777777777777779,2.6666666666666665,0.0,0.0,0.015873015873015872,0.0,1,백반·죽·국수,본그룹
ba_14686997,2025-04,1.0,120.85,24.35,0.0,0.0,0.06428571428571428,0.0,0,백반·죽·국수,본그룹
ba_14687060,2025-02,0.0,0.0,0.0,0.0,0.0,0.0,0.0,1,백반·죽·국수,본그룹
ba_14687060,2025-03,0.0,0.0,0.0,0.0,0.0,0.0,0.0,1,백반·죽·국수,본그룹
ba_14687060,2025-04,0.0,0.0,0.0,0.0,0.0,0.0,0.0,0,백반·죽·국수,본그룹
ba_14687076,2025-02,0.5,78.0,14.5,0.0,0.0,0.21428571428571427,0.0,1,백반·죽·국수,본그룹
ba_14687076,2025-03,0.6666666666666666,73.83333333333333,13.833333333333334,0.0,0.0,0.23809523809523805,0.0,1,백반·죽·국수,본그룹
ba_14687076,2025-04,0.0,0.0,0.0,0.0,0.0,0.0,0.0,0,백반·죽·국수,본그룹
ba_14687088,2025-02,0.875,209.875,43.25,0.0,0.0,0.125,0.08333333333333333,1,백반·죽·국수,본그룹
ba_14687088,2025-03,0.0,0.0,0.0,0.0,0.0,0.0,0.0,0,백반·죽·국수,본그룹
ba_14687088,2025-04,0.0,0.0,0.0,0.0,0.0,0.0,0.0,0,백반·죽·국수,본그룹
ba_14687092,2025-02,1.0,124.83333333333333,26.0,0.0,0.0,0.21428571428571427,0.027777777777777776,1,백반·죽·국수,본그룹
ba_14687092,2025-03,1.0,178.0,36.0,0.0,0.0,0.14285714285714285,0.0,1,백반·죽·국수,본그룹
ba_14687092,2025-04,0.7142857142857143,106.71428571428571,22.285714285714285,0.0,0.0,0.16326530612244897,0.047619047619047616,1,백반·죽·국수,본그룹
ba_14687115,2025-02,0.0,0.0,0.0,0.0,0.0,0.0,0.0,1,백반·죽·국수,본그룹
ba_14687115,2025-03,0.0,0.0,0.0,0.0,0.0,0.0,0.0,0,백반·죽·국수,본그룹
ba_14687115,2025-04,0.0,0.0,0.0,0.0,0.0,0.0,0.0,0,백반·죽·국수,본그룹
ba_14687119,2025-02,0.1111111111111111,14.444444444444445,2.7777777777777777,0.0,0.0,0.047619047619047616,0.018518518518518517,1,백반·죽·국수,본그룹
ba_14687119,2025-03,0.0,0.0,0.0,0.0,0.0,0.0,0.0,1,백반·죽·국수,본그룹
ba_14687119,2025-04,0.0,0.0,0.0,0.0,0.0,0.0,0.0,1,백반·죽·국수,본그룹
ba_14687134,2025-02,0.0,0.0,0.0,0.0,0.0,0.0,0.0,1,백반·죽·국수,본그룹
ba_14687134,2025-03,0.0,0.0,0.0,0.0,0.0,0.0,0.0,1,백반·죽·국수,본그룹
ba_14687134,2025-04,0.0,0.0,0.0,0.0,0.0,0.0,0.0,0,백반·죽·국수,본그룹
ba_14687136,2025-02,0.0,0.0,0.0,0.0,0.0,0.0,0.0,1,백반·죽·국수,본그룹
ba_14687136,2025-03,0.0,0.0,0.0,0.0,0.0,0.0,0.0,1,백반·죽·국수,본그룹
ba_14687136,2025-04,0.0,0.0,0.0,0.0,0.0,0.0,0.0,0,백반·죽·국수,본그룹
ba_14687166,2025-02,1.0,221.11111111111111,52.44444444444444,0.1111111111111111,0.1111111111111111,0.36507936507936506,0.2222222222222222,1,백반·죽·국수,본그룹
ba_14687166,2025-03,1.0,273.0,64.2,0.0,0.0,0.3714285714285714,0.26666666666666666,0,백반·죽·국수,본그룹
ba_14687166,2025-04,1.0,236.57142857142858,53.42857142857143,0.14285714285714285,0.14285714285714285,0.4081632653061224,0.2857142857142857,0,백반·죽·국수,본그룹
ba_14687296,2025-02,0.0,0.0,0.0,0.0,0.0,0.0,0.0,1,백반·죽·국수,본그룹
ba_14687296,2025-03,0.0,0.0,0.0,0.0,0.0,0.0,0.0,0,백반·죽·국수,본그룹
ba_14687296,2025-04,0.0,0.0,0.0,0.0,0.0,0.0,0.0,0,백반·죽·국수,본그룹
ba_14687307,2025-02,0.0,0.0,0.0,0.0,0.0,0.0,0.0,1,백반·죽·국수,본그룹
ba_14687307,2025-03,0.0,0.0,0.0,0.0,0.0,0.0,0.0,0,백반·죽·국수,본그룹
ba_14687310,2025-02,0.0,0.0,0.0,0.0,0.0,0.0,0.0,1,백반·죽·국수,본그룹
ba_14687310,2025-03,0.0,0.0,0.0,0.0,0.0,0.0,0.0,1,백반·죽·국수,본그룹
ba_14687310,2025-04,0.06666666666666667,13.066666666666666,2.933333333333333,0.06666666666666667,0.06666666666666667,0.02857142857142857,0.02222222222222222,0,백반·죽·국수,본그룹
ba_14687315,2025-02,0.0,0.0,0.0,0.0,0.0,0.0,0.0,1,백반·죽·국수,본그룹
ba_14687315,2025-03,0.0,0.0,0.0,0.0,0.0,0.0,0.0,1,백반·죽·국수,본그룹
ba_14687315,2025-04,0.0,0.0,0.0,0.0,0.0,0.0,0.0,0,백반·죽·국수,본그룹
ba_14687318,2025-02,0.0,0.0,0.0,0.0,0.0,0.0,0.0,1,백반·죽·국수,본그룹
ba_14687318,2025-03,0.0,0.0,0.0,0.0,0.0,0.0,0.0,1,백반·죽·국수,본그룹
ba_14687318,2025-04,0.125,61.875,14.375,0.0,0.0,0.05357142857142857,0.020833333333333332,1,백반·죽·국수,본그룹
ba_14687322,2025-02,0.0,0.0,0.0,0.0,0.0,0.0,0.0,1,백반·죽·국수,본그룹
ba_14687322,2025-03,0.0,0.0,0.0,0.0,0.0,0.0,0.0,0,백반·죽·국수,본그룹
ba_14687322,2025-04,0.0,0.0,0.0,0.0,0.0,0.0,0.0,0,백반·죽·국수,본그룹
ba_14687323,2025-02,0.0,0.0,0.0,0.0,0.0,0.0,0.0,1,백반·죽·국수,본그룹
ba_14687323,2025-03,0.0,0.0,0.0,0.0,0.0,0.0,0.0,0,백반·죽·국수,본그룹
ba_14687323,2025-04,0.0,0.0,0.0,0.0,0.0,0.0,0.0,0,백반·죽·국수,본그룹
ba_14687326,2025-02,0.2,26.0,4.4,0.0,0.0,0.11428571428571428,0.03333333333333333,1,백반·죽·국수,본그룹
ba_14687326,2025-03,0.0,0.0,0.0,0.0,0.0,0.0,0.0,0,백반·죽·국수,본그룹
ba_14687326,2025-04,0.16666666666666666,17.333333333333332,3.3333333333333335,0.0,0.0,0.023809523809523808,0.0,1,백반·죽·국수,본그룹
ba_14687327,2025-02,0.0,0.0,0.0,0.0,0.0,0.0,0.0,1,백반·죽·국수,본그룹
ba_14687327,2025-03,0.2857142857142857,40.285714285714285,7.714285714285714,0.0,0.0,0.04081632653061224,0.023809523809523808,1,백반·죽·국수,본그룹
ba_14687327,2025-04,0.0,0.0,0.0,0.0,0.0,0.0,0.0,1,백반·죽·국수,본그룹
ba_14687333,2025-02,1.0,240.04545454545453,47.04545454545455,0.0,0.0,0.3181818181818182,0.1515151515151515,1,백반·죽·국수,본그룹
ba_14687333,2025-03,1.0,237.03846153846155,45.80769230769231,0.0,0.0,0.3516483516483516,0.15384615384615385,0,백반·죽·국수,본그룹
ba_14687333,2025-04,1.0,246.88,48.56,0.0,0.0,0.28,0.16666666666666663,0,백반·죽·국수,본그룹
ba_14687335,2025-02,1.0,252.7948717948718,55.07692307692308,0.0,0.0,0.23443223443223443,0.09401709401709402,1,백반·죽·국수,본그룹
ba_14687335,2025-03,1.0,233.75,50.0,0.0,0.0,0.19642857142857142,0.0625,1,백반·죽·국수,본그룹
ba_14687335,2025-04,1.0,204.2,43.215384615384615,0.015384615384615385,0.015384615384615385,0.24395604395604395,0.08205128205128205,0,백반·죽·국수,본그룹
ba_14687340,2025-02,1.0,93.28571428571429,17.428571428571427,0.0,0.0,0.36734693877551017,0.023809523809523808,1,백반·죽·국수,본그룹
ba_14687340,2025-03,1.0,131.14285714285714,25.857142857142858,0.0,0.0,0.6122448979591837,0.14285714285714285,1,백반·죽·국수,본그룹
ba_14687340,2025-04,1.0,249.3,52.6,0.0,0.0,0.4714285714285714,0.11666666666666665,0,백반·죽·국수,본그룹
ba_14687341,2025-02,0.3333333333333333,25.0,4.666666666666667,0.0,0.0,0.047619047619047616,0.0,1,백반·죽·국수,본그룹
ba_14687341,2025-04,0.8333333333333334,108.83333333333333,21.333333333333332,0.16666666666666666,0.16666666666666666,0.38095238095238093,0.16666666666666666,0,백반·죽·국수,본그룹
ba_14687341,2025-03,1.0,133.25,27.0,0.0,0.0,0.2857142857142857,0.08333333333333333,1,백반·죽·국수,본그룹
ba_14687347,2025-02,0.5,46.0,8.5,0.0,0.0,0.14285714285714285,0.08333333333333333,1,백반·죽·국수,본그룹
ba_14687347,2025-03,0.0,0.0,0.0,0.0,0.0,0.0,0.0,0,백반·죽·국수,본그룹
ba_14687347,2025-04,0.0,0.0,0.0,0.0,0.0,0.0,0.0,0,백반·죽·국수,본그룹
ba_14687350,2025-04,0.5,86.28125,18.15625,0.25,0.25,0.16517857142857142,0.010416666666666666,0,백반·죽·국수,본그룹
ba_14687350,2025-02,1.0,140.05,27.85,0.15,0.15,0.40714285714285714,0.075,1,백반·죽·국수,본그룹
ba_14687350,2025-03,1.0,132.15384615384616,26.23076923076923,0.0,0.0,0.4230769230769231,0.044871794871794865,0,백반·죽·국수,본그룹
ba_14687354,2025-02,0.25,65.0,14.5,0.25,0.25,0.10714285714285714,0.08333333333333333,1,백반·죽·국수,본그룹
ba_14687354,2025-03,0.0,0.0,0.0,0.0,0.0,0.0,0.0,1,백반·죽·국수,본그룹
ba_14687354,2025-04,0.0,0.0,0.0,0.0,0.0,0.0,0.0,0,백반·죽·국수,본그룹
ba_14687365,2025-02,0.0,0.0,0.0,0.0,0.0,0.0,0.0,1,백반·죽·국수,본그룹
ba_14687365,2025-03,0.0,0.0,0.0,0.0,0.0,0.0,0.0,1,백반·죽·국수,본그룹
ba_14687365,2025-04,0.0,0.0,0.0,0.0,0.0,0.0,0.0,1,백반·죽·국수,본그룹
ba_14687368,2025-02,0.4444444444444444,48.0,8.222222222222221,0.0,0.0,0.06349206349206349,0.0,1,백반·죽·국수,본그룹
ba_14687368,2025-03,0.0,0.0,0.0,0.0,0.0,0.0,0.0,0,백반·죽·국수,본그룹
ba_14687368,2025-04,0.2,16.2,3.0,0.0,0.0,0.0,0.0,0,백반·죽·국수,본그룹
ba_14687382,2025-02,0.375,13.75,2.25,0.0,0.0,0.05357142857142857,0.0,1,백반·죽·국수,본그룹
ba_14687382,2025-03,0.2857142857142857,7.571428571428571,1.1428571428571428,0.0,0.0,0.04081632653061224,0.0,1,백반·죽·국수,본그룹
ba_14687382,2025-04,0.9,68.7,13.2,0.0,0.0,0.15714285714285714,0.0,1,백반·죽·국수,본그룹
ba_14687388,2025-02,1.0,120.0625,25.375,0.0625,0.0625,0.1607142857142857,0.07291666666666666,1,백반·죽·국수,본그룹
ba_14687388,2025-03,1.0,116.9,24.1,0.0,0.0,0.12857142857142856,0.03333333333333333,0,백반·죽·국수,본그룹
ba_14687388,2025-04,1.0,124.0,26.23076923076923,0.0,0.0,0.16483516483516483,0.038461538461538464,0,백반·죽·국수,본그룹
ba_14687493,2025-03,0.5,115.5,26.5,0.0,0.0,0.0,0.0,0,백반·죽·국수,본그룹
ba_14687493,2025-02,1.0,159.0,33.0,0.0,0.0,0.14285714285714285,0.0,1,백반·죽·국수,본그룹
ba_14687497,2025-02,0.0,0.0,0.0,0.0,0.0,0.0,0.0,1,백반·죽·국수,본그룹
ba_14687497,2025-03,0.0,0.0,0.0,0.0,0.0,0.0,0.0,1,백반·죽·국수,본그룹
ba_14687497,2025-04,0.0,0.0,0.0,0.0,0.0,0.0,0.0,0,백반·죽·국수,본그룹
ba_14688075,2025-02,0.0,0.0,0.0,0.0,0.0,0.0,0.0,1,백반·죽·국수,본그룹
ba_14688075,2025-03,0.0,0.0,0.0,0.0,0.0,0.0,0.0,1,백반·죽·국수,본그룹
ba_14688075,2025-04,0.0,0.0,0.0,0.0,0.0,0.0,0.0,0,백반·죽·국수,본그룹
ba_14688086,2025-02,0.0,0.0,0.0,0.0,0.0,0.0,0.0,1,백반·죽·국수,본그룹
ba_14688086,2025-03,0.0,0.0,0.0,0.0,0.0,0.0,0.0,0,백반·죽·국수,본그룹
ba_14688086,2025-04,0.0,0.0,0.0,0.0,0.0,0.0,0.0,0,백반·죽·국수,본그룹
ba_14688088,2025-02,1.0,280.5,58.6875,0.0625,0.0625,0.1875,0.05208333333333333,1,백반·죽·국수,본그룹
ba_14688088,2025-03,1.0,341.6842105263158,72.3157894736842,0.05263157894736842,0.05263157894736842,0.22556390977443608,0.11403508771929824,0,백반·죽·국수,본그룹
ba_14688088,2025-04,1.0,282.54545454545456,59.54545454545455,0.0,0.0,0.3896103896103896,0.1212121212121212,0,백반·죽·국수,본그룹
ba_14688093,2025-03,0.0,0.0,0.0,0.0,0.0,0.0,0.0,1,백반·죽·국수,본그룹
ba_14688093,2025-02,1.0,64.25,13.25,0.0,0.0,0.03571428571428571,0.0,1,백반·죽·국수,본그룹
ba_14688093,2025-04,0.5,115.0,23.0,0.0,0.0,0.14285714285714285,0.08333333333333333,0,백반·죽·국수,본그룹
ba_14688094,2025-02,0.0,0.0,0.0,0.0,0.0,0.0,0.0,1,백반·죽·국수,본그룹
ba_14688094,2025-03,0.0,0.0,0.0,0.0,0.0,0.0,0.0,0,백반·죽·국수,본그룹
ba_14688094,2025-04,0.0,0.0,0.0,0.0,0.0,0.0,0.0,0,백반·죽·국수,본그룹
ba_14688100,2025-02,0.0,0.0,0.0,0.0,0.0,0.0,0.0,1,백반·죽·국수,본그룹
ba_14688100,2025-03,0.16666666666666666,8.333333333333334,1.0,0.0,0.0,0.0,0.0,0,백반·죽·국수,본그룹
ba_14688108,2025-02,0.0,0.0,0.0,0.0,0.0,0.0,0.0,1,백반·죽·국수,본그룹
ba_14688108,2025-03,0.09090909090909091,14.090909090909092,3.3636363636363638,0.0,0.0,0.0,0.0,1,백반·죽·국수,본그룹
ba_14688108,2025-04,0.0,0.0,0.0,0.0,0.0,0.0,0.0,1,백반·죽·국수,본그룹
ba_14688114,2025-02,0.9411764705882353,325.47058823529414,45.76470588235294,0.11764705882352941,0.11764705882352941,0.20168067226890754,0.06862745098039215,1,백반·죽·국수,본그룹
ba_14688114,2025-03,0.9090909090909091,337.0,50.18181818181818,0.09090909090909091,0.09090909090909091,0.15584415584415584,0.01515151515151515,0,백반·죽·국수,본그룹
ba_14688114,2025-04,1.0,396.70588235294116,59.23529411764706,0.11764705882352941,0.11764705882352941,0.22689075630252098,0.0392156862745098,1,백반·죽·국수,본그룹
ba_14688173,2025-02,0.0,0.0,0.0,0.0,0.0,0.0,0.0,1,백반·죽·국수,본그룹
ba_14688173,2025-03,0.0,0.0,0.0,0.0,0.0,0.0,0.0,1,백반·죽·국수,본그룹
ba_14688173,2025-04,0.0,0.0,0.0,0.0,0.0,0.0,0.0,0,백반·죽·국수,본그룹
ba_14688176,2025-04,0.0,0.0,0.0,0.0,0.0,0.0,0.0,0,백반·죽·국수,본그룹
ba_14688176,2025-02,1.0,163.6,34.8,0.0,0.0,0.3714285714285714,0.13333333333333333,1,백반·죽·국수,본그룹
ba_14688176,2025-03,1.0,57.5,12.75,0.0,0.0,0.3571428571428571,0.125,0,백반·죽·국수,본그룹
ba_14688180,2025-04,0.0,0.0,0.0,0.0,0.0,0.0,0.0,0,백반·죽·국수,본그룹
ba_14688180,2025-02,1.0,201.05882352941177,42.470588235294116,0.17647058823529413,0.17647058823529413,0.4201680672268907,0.12745098039215685,1,백반·죽·국수,본그룹
ba_14688180,2025-03,1.0,129.0,28.05263157894737,0.0,0.0,0.48872180451127817,0.03508771929824561,0,백반·죽·국수,본그룹
ba_14688182,2025-02,0.0,0.0,0.0,0.0,0.0,0.0,0.0,1,백반·죽·국수,본그룹
ba_14688182,2025-03,0.0,0.0,0.0,0.0,0.0,0.0,0.0,0,백반·죽·국수,본그룹
ba_14688192,2025-02,0.15384615384615385,54.23076923076923,11.538461538461538,0.07692307692307693,0.07692307692307693,0.04395604395604395,0.038461538461538464,1,백반·죽·국수,본그룹
ba_14688192,2025-03,0.75,124.625,25.75,0.125,0.125,0.10714285714285714,0.0625,0,백반·죽·국수,본그룹
ba_14688192,2025-04,0.0,0.0,0.0,0.0,0.0,0.0,0.0,0,백반·죽·국수,본그룹
ba_14688196,2025-02,0.0,0.0,0.0,0.0,0.0,0.0,0.0,1,백반·죽·국수,본그룹
ba_14688196,2025-03,0.05555555555555555,12.166666666666666,2.6666666666666665,0.05555555555555555,0.05555555555555555,0.015873015873015872,0.009259259259259259,0,백반·죽·국수,본그룹
ba_14688196,2025-04,0.0,0.0,0.0,0.0,0.0,0.0,0.0,0,백반·죽·국수,본그룹
ba_14688197,2025-02,0.0,0.0,0.0,0.0,0.0,0.0,0.0,1,백반·죽·국수,본그룹
ba_14688197,2025-03,0.0,0.0,0.0,0.0,0.0,0.0,0.0,1,백반·죽·국수,본그룹
ba_14688197,2025-04,0.125,26.5,5.875,0.125,0.125,0.05357142857142857,0.041666666666666664,1,백반·죽·국수,본그룹
ba_14688207,2025-02,0.0,0.0,0.0,0.0,0.0,0.0,0.0,0,백반·죽·국수,본그룹
ba_14688207,2025-03,0.0,0.0,0.0,0.0,0.0,0.0,0.0,0,백반·죽·국수,본그룹
ba_14688207,2025-04,0.0,0.0,0.0,0.0,0.0,0.0,0.0,0,백반·죽·국수,본그룹
ba_14688233,2025-02,0.0,0.0,0.0,0.0,0.0,0.0,0.0,1,백반·죽·국수,본그룹
ba_14688233,2025-03,0.0,0.0,0.0,0.0,0.0,0.0,0.0,0,백반·죽·국수,본그룹
ba_14688233,2025-04,0.0,0.0,0.0,0.0,0.0,0.0,0.0,0,백반·죽·국수,본그룹
ba_14688336,2025-02,0.0,0.0,0.0,0.0,0.0,0.0,0.0,1,백반·죽·국수,본그룹
ba_14688336,2025-03,0.0,0.0,0.0,0.0,0.0,0.0,0.0,0,백반·죽·국수,본그룹
ba_14688336,2025-04,0.0,0.0,0.0,0.0,0.0,0.0,0.0,0,백반·죽·국수,본그룹
ba_14688337,2025-02,1.0,89.5,19.0,0.0,0.0,0.3571428571428571,0.16666666666666666,1,백반·죽·국수,본그룹
ba_14688337,2025-03,1.0,122.0,25.0,0.0,0.0,0.3333333333333333,0.05555555555555555,0,백반·죽·국수,본그룹
ba_14688337,2025-04,1.0,135.0,29.5,0.0,0.0,0.3571428571428571,0.08333333333333333,0,백반·죽·국수,본그룹
ba_14688345,2025-02,0.0,0.0,0.0,0.0,0.0,0.0,0.0,1,백반·죽·국수,본그룹
ba_14688345,2025-03,0.0,0.0,0.0,0.0,0.0,0.0,0.0,0,백반·죽·국수,본그룹
ba_14688363,2025-02,0.0,0.0,0.0,0.0,0.0,0.0,0.0,1,백반·죽·국수,본그룹
ba_14688363,2025-03,0.0,0.0,0.0,0.0,0.0,0.0,0.0,0,백반·죽·국수,본그룹
ba_14688363,2025-04,0.0,0.0,0.0,0.0,0.0,0.0,0.0,0,백반·죽·국수,본그룹
ba_14688371,2025-02,0.0,0.0,0.0,0.0,0.0,0.0,0.0,1,백반·죽·국수,본그룹
ba_14688371,2025-03,0.0,0.0,0.0,0.0,0.0,0.0,0.0,0,백반·죽·국수,본그룹
ba_14688371,2025-04,0.0,0.0,0.0,0.0,0.0,0.0,0.0,0,백반·죽·국수,본그룹
ba_14688483,2025-02,0.6666666666666666,54.166666666666664,10.5,0.0,0.0,0.047619047619047616,0.027777777777777776,0,백반·죽·국수,본그룹
ba_14688483,2025-04,0.0,0.0,0.0,0.0,0.0,0.0,0.0,0,백반·죽·국수,본그룹
ba_14688499,2025-02,0.0,0.0,0.0,0.0,0.0,0.0,0.0,1,백반·죽·국수,본그룹
ba_14688499,2025-03,0.0,0.0,0.0,0.0,0.0,0.0,0.0,0,백반·죽·국수,본그룹
ba_14688499,2025-04,0.0,0.0,0.0,0.0,0.0,0.0,0.0,0,백반·죽·국수,본그룹
ba_14688522,2025-02,0.3333333333333333,23.333333333333332,5.333333333333333,0.0,0.0,0.0,0.0,1,백반·죽·국수,본그룹
ba_14688522,2025-03,0.4,21.2,4.2,0.0,0.0,0.05714285714285714,0.0,1,백반·죽·국수,본그룹
ba_14688522,2025-04,0.0,0.0,0.0,0.0,0.0,0.0,0.0,0,백반·죽·국수,본그룹
ba_14688525,2025-03,0.2692307692307692,33.61538461538461,7.115384615384615,0.038461538461538464,0.038461538461538464,0.07692307692307693,0.019230769230769232,1,백반·죽·국수,본그룹
ba_14688525,2025-04,0.030303030303030304,6.666666666666667,1.4545454545454546,0.030303030303030304,0.030303030303030304,0.008658008658008658,0.00505050505050505,0,백반·죽·국수,본그룹
ba_14688525,2025-02,1.0,101.2,20.85,0.0,0.0,0.2571428571428571,0.016666666666666666,1,백반·죽·국수,본그룹
ba_14688555,2025-02,0.0,0.0,0.0,0.0,0.0,0.0,0.0,1,백반·죽·국수,본그룹
ba_14688555,2025-03,0.0,0.0,0.0,0.0,0.0,0.0,0.0,1,백반·죽·국수,본그룹
ba_14688555,2025-04,0.125,28.875,6.25,0.125,0.125,0.03571428571428571,0.020833333333333332,1,백반·죽·국수,본그룹
ba_14688557,2025-03,0.0,0.0,0.0,0.0,0.0,0.0,0.0,1,백반·죽·국수,본그룹
ba_14688557,2025-04,0.0,0.0,0.0,0.0,0.0,0.0,0.0,1,백반·죽·국수,본그룹
ba_14688559,2025-02,0.0,0.0,0.0,0.0,0.0,0.0,0.0,1,백반·죽·국수,본그룹
ba_14688559,2025-03,0.0,0.0,0.0,0.0,0.0,0.0,0.0,1,백반·죽·국수,본그룹
ba_14688559,2025-04,0.5,102.5,21.0,0.0,0.0,0.14285714285714285,0.08333333333333333,0,백반·죽·국수,본그룹
ba_14688563,2025-02,0.0,0.0,0.0,0.0,0.0,0.0,0.0,1,백반·죽·국수,본그룹
ba_14688563,2025-03,0.0,0.0,0.0,0.0,0.0,0.0,0.0,0,백반·죽·국수,본그룹
ba_14688563,2025-04,0.0,0.0,0.0,0.0,0.0,0.0,0.0,0,백반·죽·국수,본그룹
ba_14688567,2025-02,0.0,0.0,0.0,0.0,0.0,0.0,0.0,1,백반·죽·국수,본그룹
ba_14688567,2025-03,0.0,0.0,0.0,0.0,0.0,0.0,0.0,0,백반·죽·국수,본그룹
ba_14688567,2025-04,0.0,0.0,0.0,0.0,0.0,0.0,0.0,0,백반·죽·국수,본그룹
ba_14688570,2025-02,0.5,37.75,5.5,0.0,0.0,0.10714285714285714,0.0,1,백반·죽·국수,본그룹
ba_14688570,2025-03,0.0,0.0,0.0,0.0,0.0,0.0,0.0,0,백반·죽·국수,본그룹
ba_14688570,2025-04,0.0,0.0,0.0,0.0,0.0,0.0,0.0,0,백반·죽·국수,본그룹
ba_14688571,2025-02,1.0,187.75,38.5,0.5,0.5,0.375,0.1875,1,백반·죽·국수,본그룹
ba_14688571,2025-03,1.0,194.66666666666666,44.666666666666664,0.25,0.25,0.38095238095238093,0.13888888888888887,0,백반·죽·국수,본그룹
ba_14688571,2025-04,1.0,211.33333333333334,46.93333333333333,0.4,0.4,0.4,0.18888888888888886,0,백반·죽·국수,본그룹
ba_14688582,2025-02,1.0,134.25,25.0,0.0,0.0,0.42857142857142855,0.22916666666666666,1,백반·죽·국수,본그룹
ba_14688582,2025-03,1.0,120.0,21.625,0.0,0.0,0.375,0.125,1,백반·죽·국수,본그룹
ba_14688582,2025-04,1.0,132.06666666666666,24.2,0.0,0.0,0.41904761904761906,0.2111111111111111,0,백반·죽·국수,본그룹
ba_14688602,2025-02,0.0,0.0,0.0,0.0,0.0,0.0,0.0,0,백반·죽·국수,본그룹
ba_14688602,2025-03,0.0,0.0,0.0,0.0,0.0,0.0,0.0,0,백반·죽·국수,본그룹
ba_14688602,2025-04,0.3333333333333333,7.0,1.0,0.0,0.0,0.14285714285714285,0.0,0,백반·죽·국수,본그룹
ba_14688609,2025-02,0.0,0.0,0.0,0.0,0.0,0.0,0.0,1,백반·죽·국수,본그룹
ba_14688609,2025-03,0.0,0.0,0.0,0.0,0.0,0.0,0.0,0,백반·죽·국수,본그룹
ba_14688609,2025-04,0.0,0.0,0.0,0.0,0.0,0.0,0.0,0,백반·죽·국수,본그룹
ba_14688614,2025-02,0.0,0.0,0.0,0.0,0.0,0.0,0.0,1,백반·죽·국수,본그룹
ba_14688614,2025-03,0.0,0.0,0.0,0.0,0.0,0.0,0.0,0,백반·죽·국수,본그룹
ba_14688614,2025-04,0.0,0.0,0.0,0.0,0.0,0.0,0.0,0,백반·죽·국수,본그룹
ba_14688631,2025-02,1.0,224.5,47.666666666666664,0.0,0.0,0.6666666666666666,0.27777777777777773,1,백반·죽·국수,본그룹
ba_14688631,2025-03,1.0,202.04166666666666,42.25,0.0,0.0,0.5714285714285714,0.24305555555555555,0,백반·죽·국수,본그룹
ba_14688631,2025-04,1.0,227.16666666666666,47.888888888888886,0.0,0.0,0.6507936507936507,0.2777777777777778,0,백반·죽·국수,본그룹
ba_14688656,2025-04,0.0,0.0,0.0,0.0,0.0,0.0,0.0,0,백반·죽·국수,본그룹
ba_14688684,2025-02,1.0,106.0,21.2,0.2,0.2,0.14285714285714285,0.06666666666666667,1,백반·죽·국수,본그룹
ba_14688684,2025-03,1.0,97.25,18.4,0.0,0.0,0.07142857142857142,0.0,1,백반·죽·국수,본그룹
ba_14688684,2025-04,1.0,95.9,18.25,0.0,0.0,0.07142857142857142,0.0,0,백반·죽·국수,본그룹
ba_14688687,2025-02,1.0,97.125,17.125,0.0,0.0,0.3482142857142857,0.13541666666666666,1,백반·죽·국수,본그룹
ba_14688687,2025-03,1.0,91.88888888888889,16.0,0.0,0.0,0.42063492063492064,0.16666666666666666,1,백반·죽·국수,본그룹
ba_14688687,2025-04,1.0,135.1875,25.9375,0.125,0.125,0.40178571428571425,0.16666666666666666,1,백반·죽·국수,본그룹
ba_14688693,2025-02,0.0,0.0,0.0,0.0,0.0,0.0,0.0,1,백반·죽·국수,본그룹
ba_14688693,2025-03,0.0,0.0,0.0,0.0,0.0,0.0,0.0,1,백반·죽·국수,본그룹
ba_14688693,2025-04,0.0,0.0,0.0,0.0,0.0,0.0,0.0,0,백반·죽·국수,본그룹
ba_14688697,2025-02,1.0,55.6,13.0,0.0,0.0,0.02857142857142857,0.0,1,백반·죽·국수,본그룹
ba_14688697,2025-03,1.0,56.888888888888886,13.11111111111111,0.0,0.0,0.015873015873015872,0.0,0,백반·죽·국수,본그룹
ba_14688697,2025-04,1.0,57.6,12.5,0.0,0.0,0.02857142857142857,0.0,0,백반·죽·국수,본그룹
ba_14688702,2025-02,0.0,0.0,0.0,0.0,0.0,0.0,0.0,1,백반·죽·국수,본그룹
ba_14688702,2025-03,0.0,0.0,0.0,0.0,0.0,0.0,0.0,0,백반·죽·국수,본그룹
ba_14688702,2025-04,0.0,0.0,0.0,0.0,0.0,0.0,0.0,0,백반·죽·국수,본그룹
ba_14688707,2025-02,0.0,0.0,0.0,0.0,0.0,0.0,0.0,1,백반·죽·국수,본그룹
ba_14688707,2025-03,0.0,0.0,0.0,0.0,0.0,0.0,0.0,0,백반·죽·국수,본그룹
ba_14688707,2025-04,0.0,0.0,0.0,0.0,0.0,0.0,0.0,0,백반·죽·국수,본그룹
ba_14688709,2025-03,0.0,0.0,0.0,0.0,0.0,0.0,0.0,1,백반·죽·국수,본그룹
ba_14688709,2025-04,0.8333333333333334,93.16666666666667,18.666666666666668,0.16666666666666666,0.16666666666666666,0.14285714285714285,0.05555555555555555,0,백반·죽·국수,본그룹
ba_14688709,2025-02,1.0,71.0,13.428571428571429,0.0,0.0,0.1020408163265306,0.047619047619047616,1,백반·죽·국수,본그룹
ba_14688716,2025-03,0.2857142857142857,60.857142857142854,12.285714285714286,0.0,0.0,0.16326530612244897,0.047619047619047616,1,백반·죽·국수,본그룹
ba_14688716,2025-04,0.0,0.0,0.0,0.0,0.0,0.0,0.0,0,백반·죽·국수,본그룹
ba_14688716,2025-02,1.0,205.0,41.0,0.0,0.0,0.48571428571428565,0.16666666666666666,1,백반·죽·국수,본그룹
ba_14688728,2025-02,0.0,0.0,0.0,0.0,0.0,0.0,0.0,1,백반·죽·국수,본그룹
ba_14688728,2025-03,0.0,0.0,0.0,0.0,0.0,0.0,0.0,0,백반·죽·국수,본그룹
ba_14688728,2025-04,0.0,0.0,0.0,0.0,0.0,0.0,0.0,0,백반·죽·국수,본그룹
ba_14688729,2025-03,0.3333333333333333,29.666666666666668,6.333333333333333,0.3333333333333333,0.3333333333333333,0.0,0.0,1,백반·죽·국수,본그룹
ba_14688729,2025-04,0.0,0.0,0.0,0.0,0.0,0.0,0.0,0,백반·죽·국수,본그룹
ba_14688738,2025-02,0.0,0.0,0.0,0.0,0.0,0.0,0.0,0,백반·죽·국수,본그룹
ba_14688746,2025-02,0.0,0.0,0.0,0.0,0.0,0.0,0.0,1,백반·죽·국수,본그룹
ba_14688746,2025-03,0.0,0.0,0.0,0.0,0.0,0.0,0.0,0,백반·죽·국수,본그룹
ba_14688746,2025-04,0.0,0.0,0.0,0.0,0.0,0.0,0.0,0,백반·죽·국수,본그룹
ba_14688751,2025-03,0.25,55.25,12.0,0.25,0.25,0.07142857142857142,0.041666666666666664,0,백반·죽·국수,본그룹
ba_14688751,2025-04,0.0,0.0,0.0,0.0,0.0,0.0,0.0,0,백반·죽·국수,본그룹
ba_14688751,2025-02,1.0,195.0,44.0,1.0,1.0,0.42857142857142855,0.3333333333333333,1,백반·죽·국수,본그룹
ba_14688765,2025-02,0.0,0.0,0.0,0.0,0.0,0.0,0.0,1,백반·죽·국수,본그룹
ba_14688765,2025-03,0.0,0.0,0.0,0.0,0.0,0.0,0.0,1,백반·죽·국수,본그룹
ba_14688765,2025-04,0.0,0.0,0.0,0.0,0.0,0.0,0.0,1,백반·죽·국수,본그룹
ba_14688789,2025-02,1.0,90.0,15.0,0.0,0.0,0.2857142857142857,0.0,1,백반·죽·국수,본그룹
ba_14688789,2025-04,1.0,87.0,15.0,0.0,0.0,0.2857142857142857,0.0,0,백반·죽·국수,본그룹
ba_14688848,2025-02,1.0,227.0,50.833333333333336,0.0,0.0,0.19047619047619047,0.2222222222222222,1,백반·죽·국수,본그룹
ba_14688848,2025-03,1.0,236.0,52.5,0.0,0.0,0.21428571428571427,0.25,0,백반·죽·국수,본그룹
ba_14688848,2025-04,1.0,228.0,49.5,0.0,0.0,0.21428571428571427,0.25,0,백반·죽·국수,본그룹
ba_14688854,2025-02,1.0,117.5,24.0,0.0,0.0,0.5714285714285714,0.3333333333333333,1,백반·죽·국수,본그룹
ba_14688854,2025-03,1.0,116.33333333333333,24.0,0.0,0.0,0.5714285714285714,0.3333333333333333,0,백반·죽·국수,본그룹
ba_14688860,2025-02,0.0,0.0,0.0,0.0,0.0,0.0,0.0,1,백반·죽·국수,본그룹
ba_14688860,2025-03,0.0,0.0,0.0,0.0,0.0,0.0,0.0,1,백반·죽·국수,본그룹
ba_14688860,2025-04,0.0,0.0,0.0,0.0,0.0,0.0,0.0,1,백반·죽·국수,본그룹
ba_14688879,2025-02,0.0,0.0,0.0,0.0,0.0,0.0,0.0,1,백반·죽·국수,본그룹
ba_14688879,2025-03,0.0,0.0,0.0,0.0,0.0,0.0,0.0,0,백반·죽·국수,본그룹
ba_14688879,2025-04,0.0,0.0,0.0,0.0,0.0,0.0,0.0,0,백반·죽·국수,본그룹
ba_14688905,2025-02,0.0,0.0,0.0,0.0,0.0,0.0,0.0,1,백반·죽·국수,본그룹
ba_14688905,2025-03,0.0,0.0,0.0,0.0,0.0,0.0,0.0,0,백반·죽·국수,본그룹
ba_14688905,2025-04,0.25,40.125,8.5,0.125,0.125,0.07142857142857142,0.0625,0,백반·죽·국수,본그룹
ba_14688907,2025-02,0.0,0.0,0.0,0.0,0.0,0.0,0.0,1,백반·죽·국수,본그룹
ba_14688923,2025-02,0.0,0.0,0.0,0.0,0.0,0.0,0.0,1,백반·죽·국수,본그룹
ba_14688923,2025-03,0.0,0.0,0.0,0.0,0.0,0.0,0.0,0,백반·죽·국수,본그룹
ba_14688923,2025-04,0.0,0.0,0.0,0.0,0.0,0.0,0.0,0,백반·죽·국수,본그룹
ba_14688924,2025-03,0.9285714285714286,163.57142857142858,30.5,0.07142857142857142,0.07142857142857142,0.24489795918367346,0.03571428571428571,0,백반·죽·국수,본그룹
ba_14688924,2025-04,0.9375,171.0,31.3125,0.0625,0.0625,0.26785714285714285,0.010416666666666666,0,백반·죽·국수,본그룹
ba_14688924,2025-02,1.0,226.94117647058823,42.705882352941174,0.058823529411764705,0.058823529411764705,0.29411764705882354,0.0392156862745098,1,백반·죽·국수,본그룹
ba_14688931,2025-02,0.0,0.0,0.0,0.0,0.0,0.0,0.0,1,백반·죽·국수,본그룹
ba_14688931,2025-03,0.25,21.25,4.25,0.0,0.0,0.03571428571428571,0.0,1,백반·죽·국수,본그룹
ba_14688931,2025-04,0.3333333333333333,78.33333333333333,18.0,0.0,0.0,0.047619047619047616,0.05555555555555555,1,백반·죽·국수,본그룹
ba_14688963,2025-03,0.0,0.0,0.0,0.0,0.0,0.0,0.0,1,백반·죽·국수,본그룹
ba_14688963,2025-04,0.0,0.0,0.0,0.0,0.0,0.0,0.0,1,백반·죽·국수,본그룹
ba_14688982,2025-03,0.0,0.0,0.0,0.0,0.0,0.0,0.0,1,백반·죽·국수,본그룹
ba_14688982,2025-02,1.0,43.0,10.0,0.0,0.0,0.2857142857142857,0.0,1,백반·죽·국수,본그룹
ba_14689003,2025-02,0.0,0.0,0.0,0.0,0.0,0.0,0.0,0,백반·죽·국수,본그룹
ba_14689003,2025-03,0.0,0.0,0.0,0.0,0.0,0.0,0.0,0,백반·죽·국수,본그룹
ba_14689004,2025-02,0.0,0.0,0.0,0.0,0.0,0.0,0.0,0,백반·죽·국수,본그룹
ba_14689004,2025-03,0.0,0.0,0.0,0.0,0.0,0.0,0.0,0,백반·죽·국수,본그룹
ba_14689004,2025-04,0.0,0.0,0.0,0.0,0.0,0.0,0.0,1,백반·죽·국수,본그룹
ba_14689007,2025-02,1.0,188.625,36.875,0.0,0.0,0.3214285714285714,0.0625,0,백반·죽·국수,본그룹
ba_14689007,2025-03,1.0,182.5,35.5,0.25,0.25,0.46428571428571425,0.16666666666666666,0,백반·죽·국수,본그룹
ba_14689007,2025-04,1.0,174.6,33.4,0.0,0.0,0.3714285714285714,0.06666666666666667,0,백반·죽·국수,본그룹
ba_14689013,2025-02,0.0,0.0,0.0,0.0,0.0,0.0,0.0,1,백반·죽·국수,본그룹
ba_14689013,2025-03,0.0,0.0,0.0,0.0,0.0,0.0,0.0,1,백반·죽·국수,본그룹
ba_14689024,2025-02,0.0,0.0,0.0,0.0,0.0,0.0,0.0,1,백반·죽·국수,본그룹
ba_14689024,2025-03,0.0,0.0,0.0,0.0,0.0,0.0,0.0,0,백반·죽·국수,본그룹
ba_14689024,2025-04,0.0,0.0,0.0,0.0,0.0,0.0,0.0,0,백반·죽·국수,본그룹
ba_14689101,2025-02,0.0,0.0,0.0,0.0,0.0,0.0,0.0,1,백반·죽·국수,본그룹
ba_14689101,2025-03,0.0,0.0,0.0,0.0,0.0,0.0,0.0,1,백반·죽·국수,본그룹
ba_14689101,2025-04,0.3333333333333333,59.0,12.0,0.0,0.0,0.047619047619047616,0.0,1,백반·죽·국수,본그룹
ba_14689115,2025-02,1.0,177.0,38.25,0.25,0.25,0.3214285714285714,0.16666666666666666,1,백반·죽·국수,본그룹
ba_14689115,2025-03,1.0,231.33333333333334,50.0,0.3333333333333333,0.3333333333333333,0.45238095238095233,0.2222222222222222,0,백반·죽·국수,본그룹
ba_14689115,2025-04,1.0,226.66666666666666,49.13333333333333,0.3333333333333333,0.3333333333333333,0.5047619047619047,0.24444444444444444,0,백반·죽·국수,본그룹
ba_14689378,2025-02,0.0,0.0,0.0,0.0,0.0,0.0,0.0,0,백반·죽·국수,본그룹
ba_14689378,2025-03,0.0,0.0,0.0,0.0,0.0,0.0,0.0,0,백반·죽·국수,본그룹
ba_14689378,2025-04,0.0,0.0,0.0,0.0,0.0,0.0,0.0,0,백반·죽·국수,본그룹
ba_14689381,2025-02,0.25,23.5,4.75,0.0,0.0,0.03571428571428571,0.0,1,백반·죽·국수,본그룹
ba_14689381,2025-03,0.0,0.0,0.0,0.0,0.0,0.0,0.0,0,백반·죽·국수,본그룹
ba_14689381,2025-04,0.5,73.25,16.25,0.25,0.25,0.10714285714285714,0.08333333333333333,0,백반·죽·국수,본그룹
ba_14689382,2025-03,0.8333333333333334,105.16666666666667,19.5,0.0,0.0,0.23809523809523805,0.08333333333333333,0,백반·죽·국수,본그룹
ba_14689382,2025-02,1.0,109.2,21.8,0.2,0.2,0.22857142857142856,0.1,1,백반·죽·국수,본그룹
ba_14689382,2025-04,1.0,226.0,45.5,0.0,0.0,0.5,0.25,0,백반·죽·국수,본그룹
ba_14689387,2025-02,0.08333333333333333,3.5833333333333335,0.6666666666666666,0.0,0.0,0.011904761904761904,0.0,1,백반·죽·국수,본그룹
ba_14689387,2025-03,0.0,0.0,0.0,0.0,0.0,0.0,0.0,1,백반·죽·국수,본그룹
ba_14689387,2025-04,0.0,0.0,0.0,0.0,0.0,0.0,0.0,1,백반·죽·국수,본그룹
ba_14689395,2025-03,0.0,0.0,0.0,0.0,0.0,0.0,0.0,1,백반·죽·국수,본그룹
ba_14689395,2025-04,0.0,0.0,0.0,0.0,0.0,0.0,0.0,1,백반·죽·국수,본그룹
ba_14689401,2025-03,0.625,74.875,14.625,0.0,0.0,0.19642857142857142,0.0625,0,백반·죽·국수,본그룹
ba_14689401,2025-04,0.1,26.4,5.8,0.1,0.1,0.04285714285714286,0.03333333333333333,0,백반·죽·국수,본그룹
ba_14689401,2025-02,1.0,121.22222222222223,24.666666666666668,0.0,0.0,0.3492063492063492,0.14814814814814814,1,백반·죽·국수,본그룹
ba_14689402,2025-04,0.5,60.5,13.5,0.0,0.0,0.14285714285714285,0.08333333333333333,1,백반·죽·국수,본그룹
ba_14689403,2025-02,0.0,0.0,0.0,0.0,0.0,0.0,0.0,1,백반·죽·국수,본그룹
ba_14689403,2025-03,0.0,0.0,0.0,0.0,0.0,0.0,0.0,1,백반·죽·국수,본그룹
ba_14689403,2025-04,0.0,0.0,0.0,0.0,0.0,0.0,0.0,0,백반·죽·국수,본그룹
ba_14689409,2025-02,0.2,43.8,9.6,0.2,0.2,0.05714285714285714,0.03333333333333333,1,백반·죽·국수,본그룹
ba_14689409,2025-03,0.0,0.0,0.0,0.0,0.0,0.0,0.0,1,백반·죽·국수,본그룹
ba_14689409,2025-04,0.0,0.0,0.0,0.0,0.0,0.0,0.0,0,백반·죽·국수,본그룹
ba_14689415,2025-02,0.9230769230769231,82.15384615384616,13.384615384615385,0.07692307692307693,0.07692307692307693,0.10989010989010987,0.0,1,백반·죽·국수,본그룹
ba_14689415,2025-03,1.0,106.0,18.545454545454547,0.0,0.0,0.22077922077922077,0.0,0,백반·죽·국수,본그룹
ba_14689415,2025-04,1.0,82.8,14.0,0.0,0.0,0.14285714285714285,0.0,0,백반·죽·국수,본그룹
ba_14689416,2025-02,0.0,0.0,0.0,0.0,0.0,0.0,0.0,1,백반·죽·국수,본그룹
ba_14689416,2025-03,0.0,0.0,0.0,0.0,0.0,0.0,0.0,1,백반·죽·국수,본그룹
ba_14689416,2025-04,0.0,0.0,0.0,0.0,0.0,0.0,0.0,0,백반·죽·국수,본그룹
ba_14689427,2025-02,0.16666666666666666,39.5,8.5,0.16666666666666666,0.16666666666666666,0.07142857142857142,0.027777777777777776,1,백반·죽·국수,본그룹
ba_14689427,2025-03,0.0,0.0,0.0,0.0,0.0,0.0,0.0,0,백반·죽·국수,본그룹
ba_14689427,2025-04,0.0,0.0,0.0,0.0,0.0,0.0,0.0,0,백반·죽·국수,본그룹
ba_14689441,2025-02,0.0,0.0,0.0,0.0,0.0,0.0,0.0,1,백반·죽·국수,본그룹
ba_14689441,2025-03,0.0,0.0,0.0,0.0,0.0,0.0,0.0,0,백반·죽·국수,본그룹
ba_14689441,2025-04,0.0,0.0,0.0,0.0,0.0,0.0,0.0,0,백반·죽·국수,본그룹
ba_14689454,2025-02,0.0,0.0,0.0,0.0,0.0,0.0,0.0,1,백반·죽·국수,본그룹
ba_14689454,2025-03,0.0,0.0,0.0,0.0,0.0,0.0,0.0,0,백반·죽·국수,본그룹
ba_14689454,2025-04,0.0,0.0,0.0,0.0,0.0,0.0,0.0,0,백반·죽·국수,본그룹
ba_14689464,2025-02,0.0,0.0,0.0,0.0,0.0,0.0,0.0,1,백반·죽·국수,본그룹
ba_14689464,2025-03,0.0,0.0,0.0,0.0,0.0,0.0,0.0,0,백반·죽·국수,본그룹
ba_14689464,2025-04,0.0,0.0,0.0,0.0,0.0,0.0,0.0,0,백반·죽·국수,본그룹
ba_14689472,2025-02,1.0,71.42857142857143,15.142857142857142,0.0,0.0,0.24489795918367346,0.23809523809523808,1,백반·죽·국수,본그룹
ba_14689472,2025-03,1.0,100.66666666666667,22.333333333333332,0.0,0.0,0.19047619047619047,0.2222222222222222,0,백반·죽·국수,본그룹
ba_14689472,2025-04,1.0,88.14285714285714,18.571428571428573,0.0,0.0,0.2040816326530612,0.3095238095238095,0,백반·죽·국수,본그룹
ba_14689481,2025-02,1.0,159.25,31.625,0.0,0.0,0.5714285714285714,0.16666666666666666,1,백반·죽·국수,본그룹
ba_14689481,2025-03,1.0,196.25,40.75,0.25,0.25,0.5,0.16666666666666666,0,백반·죽·국수,본그룹
ba_14689481,2025-04,1.0,154.71428571428572,31.0,0.0,0.0,0.5714285714285714,0.16666666666666666,0,백반·죽·국수,본그룹
ba_14689485,2025-02,0.0,0.0,0.0,0.0,0.0,0.0,0.0,1,백반·죽·국수,본그룹
ba_14689485,2025-03,0.0,0.0,0.0,0.0,0.0,0.0,0.0,0,백반·죽·국수,본그룹
ba_14689485,2025-04,0.0,0.0,0.0,0.0,0.0,0.0,0.0,0,백반·죽·국수,본그룹
ba_14689496,2025-02,0.3333333333333333,77.33333333333333,16.666666666666668,0.3333333333333333,0.3333333333333333,0.09523809523809523,0.05555555555555555,1,백반·죽·국수,본그룹
ba_14689496,2025-03,0.0,0.0,0.0,0.0,0.0,0.0,0.0,0,백반·죽·국수,본그룹
ba_14689496,2025-04,0.0,0.0,0.0,0.0,0.0,0.0,0.0,0,백반·죽·국수,본그룹
ba_14689536,2025-02,0.9230769230769231,129.46153846153845,26.076923076923077,0.07692307692307693,0.07692307692307693,0.21978021978021975,0.038461538461538464,1,백반·죽·국수,본그룹
ba_14689536,2025-03,1.0,258.84615384615387,55.0,0.15384615384615385,0.15384615384615385,0.24175824175824176,0.05128205128205128,0,백반·죽·국수,본그룹
ba_14689536,2025-04,1.0,146.5625,29.125,0.0,0.0,0.29464285714285715,0.020833333333333332,0,백반·죽·국수,본그룹
ba_14689545,2025-02,1.0,130.44444444444446,27.88888888888889,0.0,0.0,0.31746031746031744,0.16666666666666666,1,백반·죽·국수,본그룹
ba_14689545,2025-03,1.0,155.0,34.2,0.0,0.0,0.5714285714285714,0.2333333333333333,0,백반·죽·국수,본그룹
ba_14689545,2025-04,1.0,107.625,24.875,0.125,0.125,0.3571428571428571,0.10416666666666666,0,백반·죽·국수,본그룹
ba_14689548,2025-02,0.0,0.0,0.0,0.0,0.0,0.0,0.0,1,백반·죽·국수,본그룹
ba_14689548,2025-03,0.0,0.0,0.0,0.0,0.0,0.0,0.0,1,백반·죽·국수,본그룹
ba_14689548,2025-04,0.05,17.05,3.85,0.0,0.0,0.007142857142857143,0.008333333333333333,0,백반·죽·국수,본그룹
ba_14689573,2025-02,1.0,191.0909090909091,33.72727272727273,0.0,0.0,0.3116883116883117,0.18181818181818182,1,백반·죽·국수,본그룹
ba_14689573,2025-03,1.0,229.5,44.5625,0.0,0.0,0.2589285714285714,0.13541666666666666,0,백반·죽·국수,본그룹
ba_14689573,2025-04,1.0,231.76923076923077,43.61538461538461,0.07692307692307693,0.07692307692307693,0.2857142857142857,0.10256410256410256,0,백반·죽·국수,본그룹
ba_14689591,2025-02,0.0,0.0,0.0,0.0,0.0,0.0,0.0,1,백반·죽·국수,본그룹
ba_14689591,2025-03,0.0,0.0,0.0,0.0,0.0,0.0,0.0,0,백반·죽·국수,본그룹
ba_14689591,2025-04,0.0,0.0,0.0,0.0,0.0,0.0,0.0,0,백반·죽·국수,본그룹
ba_14689595,2025-02,1.0,162.0,34.5,0.0,0.0,0.2619047619047619,0.05555555555555555,1,백반·죽·국수,본그룹
ba_14689595,2025-03,1.0,186.13333333333333,39.6,0.06666666666666667,0.06666666666666667,0.30476190476190473,0.16666666666666666,0,백반·죽·국수,본그룹
ba_14689595,2025-04,1.0,173.77777777777777,37.0,0.0,0.0,0.3968253968253968,0.18518518518518517,0,백반·죽·국수,본그룹
ba_14689608,2025-03,1.0,208.6,45.0,0.0,0.0,0.5714285714285714,0.16666666666666666,1,백반·죽·국수,본그룹
ba_14689608,2025-04,1.0,204.28571428571428,44.142857142857146,0.0,0.0,0.4897959183673469,0.16666666666666666,1,백반·죽·국수,본그룹
ba_14689610,2025-02,0.0,0.0,0.0,0.0,0.0,0.0,0.0,1,백반·죽·국수,본그룹
ba_14689610,2025-03,0.0,0.0,0.0,0.0,0.0,0.0,0.0,1,백반·죽·국수,본그룹
ba_14689610,2025-04,0.0,0.0,0.0,0.0,0.0,0.0,0.0,1,백반·죽·국수,본그룹
ba_14689611,2025-02,0.125,12.25,2.5,0.0,0.0,0.017857142857142856,0.020833333333333332,1,백반·죽·국수,본그룹
ba_14689611,2025-03,0.0,0.0,0.0,0.0,0.0,0.0,0.0,0,백반·죽·국수,본그룹
ba_14689611,2025-04,0.0,0.0,0.0,0.0,0.0,0.0,0.0,1,백반·죽·국수,본그룹
ba_14689614,2025-03,0.0,0.0,0.0,0.0,0.0,0.0,0.0,0,백반·죽·국수,본그룹
ba_14689614,2025-04,0.0,0.0,0.0,0.0,0.0,0.0,0.0,0,백반·죽·국수,본그룹
ba_14689614,2025-02,1.0,61.0,10.0,0.0,0.0,0.14285714285714285,0.0,1,백반·죽·국수,본그룹
ba_14689625,2025-02,0.0,0.0,0.0,0.0,0.0,0.0,0.0,1,백반·죽·국수,본그룹
ba_14689625,2025-03,0.9166666666666666,228.41666666666666,48.333333333333336,0.5,0.5,0.44047619047619047,0.23611111111111108,1,백반·죽·국수,본그룹
ba_14689625,2025-04,1.0,224.0,49.0,0.18181818181818182,0.18181818181818182,0.36363636363636365,0.19696969696969696,0,백반·죽·국수,본그룹
ba_14689645,2025-02,1.0,145.3,29.4,0.3,0.3,0.34285714285714286,0.08333333333333333,1,백반·죽·국수,본그룹
ba_14689645,2025-03,1.0,147.0,30.75,0.25,0.25,0.42857142857142855,0.125,1,백반·죽·국수,본그룹
ba_14689645,2025-04,1.0,83.75,16.0,0.0,0.0,0.23214285714285712,0.020833333333333332,0,백반·죽·국수,본그룹
ba_14689734,2025-02,0.3333333333333333,76.66666666666667,16.666666666666668,0.3333333333333333,0.3333333333333333,0.09523809523809523,0.05555555555555555,1,백반·죽·국수,본그룹
ba_14689734,2025-03,0.0,0.0,0.0,0.0,0.0,0.0,0.0,0,백반·죽·국수,본그룹
ba_14689734,2025-04,0.0,0.0,0.0,0.0,0.0,0.0,0.0,0,백반·죽·국수,본그룹
ba_14689750,2025-02,0.0,0.0,0.0,0.0,0.0,0.0,0.0,1,백반·죽·국수,본그룹
ba_14689750,2025-03,0.0,0.0,0.0,0.0,0.0,0.0,0.0,0,백반·죽·국수,본그룹
ba_14689750,2025-04,0.0,0.0,0.0,0.0,0.0,0.0,0.0,0,백반·죽·국수,본그룹
ba_14689756,2025-02,1.0,86.71428571428571,14.714285714285714,0.0,0.0,0.36734693877551017,0.047619047619047616,1,백반·죽·국수,본그룹
ba_14689756,2025-03,1.0,94.28571428571429,16.428571428571427,0.0,0.0,0.32653061224489793,0.09523809523809523,0,백반·죽·국수,본그룹
ba_14689756,2025-04,1.0,93.33333333333333,16.333333333333332,0.0,0.0,0.3333333333333333,0.05555555555555555,0,백반·죽·국수,본그룹
ba_14689757,2025-02,0.0,0.0,0.0,0.0,0.0,0.0,0.0,1,백반·죽·국수,본그룹
ba_14689757,2025-03,0.09090909090909091,25.818181818181817,4.454545454545454,0.0,0.0,0.025974025974025972,0.01515151515151515,0,백반·죽·국수,본그룹
ba_14689757,2025-04,0.0,0.0,0.0,0.0,0.0,0.0,0.0,0,백반·죽·국수,본그룹
ba_14689759,2025-02,0.3333333333333333,15.0,3.3333333333333335,0.0,0.0,0.09523809523809523,0.0,1,백반·죽·국수,본그룹
ba_14689759,2025-03,1.0,48.75,9.25,0.0,0.0,0.21428571428571427,0.0,0,백반·죽·국수,본그룹
ba_14689759,2025-04,1.0,74.5,15.0,0.0,0.0,0.21428571428571427,0.0,1,백반·죽·국수,본그룹
ba_14689761,2025-02,0.3333333333333333,32.666666666666664,7.333333333333333,0.0,0.0,0.19047619047619047,0.1111111111111111,1,백반·죽·국수,본그룹
ba_14689761,2025-03,0.0,0.0,0.0,0.0,0.0,0.0,0.0,1,백반·죽·국수,본그룹
ba_14689761,2025-04,0.0,0.0,0.0,0.0,0.0,0.0,0.0,0,백반·죽·국수,본그룹
ba_14689766,2025-02,0.0,0.0,0.0,0.0,0.0,0.0,0.0,1,백반·죽·국수,본그룹
ba_14689766,2025-03,0.0,0.0,0.0,0.0,0.0,0.0,0.0,0,백반·죽·국수,본그룹
ba_14689766,2025-04,0.0,0.0,0.0,0.0,0.0,0.0,0.0,0,백반·죽·국수,본그룹
ba_14689782,2025-02,0.0,0.0,0.0,0.0,0.0,0.0,0.0,1,백반·죽·국수,본그룹
ba_14689782,2025-03,0.0,0.0,0.0,0.0,0.0,0.0,0.0,1,백반·죽·국수,본그룹
ba_14689782,2025-04,0.0,0.0,0.0,0.0,0.0,0.0,0.0,0,백반·죽·국수,본그룹
ba_14689809,2025-02,0.0,0.0,0.0,0.0,0.0,0.0,0.0,1,백반·죽·국수,본그룹
ba_14689809,2025-03,0.0,0.0,0.0,0.0,0.0,0.0,0.0,0,백반·죽·국수,본그룹
ba_14689809,2025-04,0.0,0.0,0.0,0.0,0.0,0.0,0.0,1,백반·죽·국수,본그룹
ba_14689837,2025-03,0.5,89.25,18.25,0.25,0.25,0.10714285714285714,0.0,0,백반·죽·국수,본그룹
ba_14689837,2025-02,1.0,130.0,26.0,0.0,0.0,0.2857142857142857,0.16666666666666666,1,백반·죽·국수,본그룹
ba_14689846,2025-02,1.0,40.0,8.333333333333334,0.0,0.0,0.14285714285714285,0.0,1,백반·죽·국수,본그룹
ba_14689846,2025-03,1.0,74.14285714285714,16.0,0.0,0.0,0.30612244897959184,0.047619047619047616,1,백반·죽·국수,본그룹
ba_14689846,2025-04,1.0,205.66666666666666,49.0,0.3333333333333333,0.3333333333333333,0.38095238095238093,0.2222222222222222,0,백반·죽·국수,본그룹
ba_14689854,2025-02,1.0,195.0625,42.96875,0.0,0.0,0.5714285714285714,0.015625,1,백반·죽·국수,본그룹
ba_14689854,2025-03,1.0,194.14705882352942,43.61764705882353,0.0,0.0,0.5840336134453782,0.00980392156862745,0,백반·죽·국수,본그룹
ba_14689854,2025-04,1.0,196.57142857142858,43.035714285714285,0.0,0.0,0.5816326530612245,0.02976190476190476,1,백반·죽·국수,본그룹
ba_14689855,2025-02,0.0,0.0,0.0,0.0,0.0,0.0,0.0,1,백반·죽·국수,본그룹
ba_14689855,2025-03,0.0,0.0,0.0,0.0,0.0,0.0,0.0,0,백반·죽·국수,본그룹
ba_14689855,2025-04,0.0,0.0,0.0,0.0,0.0,0.0,0.0,0,백반·죽·국수,본그룹
ba_14689859,2025-03,0.0,0.0,0.0,0.0,0.0,0.0,0.0,0,백반·죽·국수,본그룹
ba_14689859,2025-04,0.0,0.0,0.0,0.0,0.0,0.0,0.0,0,백반·죽·국수,본그룹
ba_14689869,2025-03,0.3333333333333333,29.0,6.666666666666667,0.0,0.0,0.0,0.0,0,백반·죽·국수,본그룹
ba_14689869,2025-04,0.0,0.0,0.0,0.0,0.0,0.0,0.0,0,백반·죽·국수,본그룹
ba_14689869,2025-02,1.0,112.5,24.375,0.0,0.0,0.26785714285714285,0.08333333333333333,0,백반·죽·국수,본그룹
ba_14689875,2025-03,1.0,349.75,63.5,0.0,0.0,0.5714285714285714,0.20833333333333331,1,백반·죽·국수,본그룹
ba_14689875,2025-04,1.0,353.57142857142856,66.14285714285714,0.0,0.0,0.4897959183673469,0.19047619047619047,1,백반·죽·국수,본그룹
ba_14689886,2025-02,0.0,0.0,0.0,0.0,0.0,0.0,0.0,0,백반·죽·국수,본그룹
ba_14689886,2025-03,0.0,0.0,0.0,0.0,0.0,0.0,0.0,0,백반·죽·국수,본그룹
ba_14689886,2025-04,0.0,0.0,0.0,0.0,0.0,0.0,0.0,0,백반·죽·국수,본그룹
ba_14689890,2025-03,0.8666666666666667,143.93333333333334,27.866666666666667,0.0,0.0,0.3809523809523809,0.01111111111111111,0,백반·죽·국수,본그룹
ba_14689890,2025-02,1.0,131.1818181818182,24.90909090909091,0.0,0.0,0.3766233766233766,0.0,1,백반·죽·국수,본그룹
ba_14689890,2025-04,1.0,154.46666666666667,30.533333333333335,0.0,0.0,0.3714285714285714,0.01111111111111111,0,백반·죽·국수,본그룹
ba_14689894,2025-02,0.3333333333333333,70.66666666666667,15.666666666666666,0.3333333333333333,0.3333333333333333,0.14285714285714285,0.1111111111111111,1,백반·죽·국수,본그룹
ba_14689894,2025-03,0.0,0.0,0.0,0.0,0.0,0.0,0.0,0,백반·죽·국수,본그룹
ba_14689894,2025-04,0.14285714285714285,31.142857142857142,6.857142857142857,0.14285714285714285,0.14285714285714285,0.04081632653061224,0.023809523809523808,0,백반·죽·국수,본그룹
ba_14689904,2025-02,1.0,38.6,7.0,0.0,0.0,0.14285714285714285,0.03333333333333333,1,백반·죽·국수,본그룹
ba_14689904,2025-04,1.0,36.666666666666664,6.333333333333333,0.0,0.0,0.14285714285714285,0.0,0,백반·죽·국수,본그룹
ba_14689906,2025-03,0.0,0.0,0.0,0.0,0.0,0.0,0.0,0,백반·죽·국수,본그룹
ba_14689906,2025-04,0.0,0.0,0.0,0.0,0.0,0.0,0.0,0,백반·죽·국수,본그룹
ba_14689910,2025-02,0.0,0.0,0.0,0.0,0.0,0.0,0.0,1,백반·죽·국수,본그룹
ba_14689910,2025-03,0.0,0.0,0.0,0.0,0.0,0.0,0.0,1,백반·죽·국수,본그룹
ba_14689910,2025-04,0.05263157894736842,13.631578947368421,3.0,0.05263157894736842,0.05263157894736842,0.022556390977443608,0.017543859649122806,0,백반·죽·국수,본그룹
ba_14689936,2025-02,1.0,83.4,17.4,0.0,0.0,0.11428571428571428,0.03333333333333333,1,백반·죽·국수,본그룹
ba_14689936,2025-03,1.0,119.57142857142857,23.714285714285715,0.0,0.0,0.1020408163265306,0.023809523809523808,1,백반·죽·국수,본그룹
ba_14689936,2025-04,1.0,103.06666666666666,20.733333333333334,0.0,0.0,0.13333333333333333,0.03333333333333333,0,백반·죽·국수,본그룹
ba_14689940,2025-02,1.0,172.0,36.2,0.0,0.0,0.2,0.06666666666666667,1,백반·죽·국수,본그룹
ba_14689940,2025-03,1.0,162.16666666666666,33.666666666666664,0.0,0.0,0.07142857142857142,0.027777777777777776,1,백반·죽·국수,본그룹
ba_14689940,2025-04,1.0,175.23076923076923,35.46153846153846,0.15384615384615385,0.15384615384615385,0.20879120879120877,0.0641025641025641,0,백반·죽·국수,본그룹
ba_14689942,2025-02,0.0,0.0,0.0,0.0,0.0,0.0,0.0,1,백반·죽·국수,본그룹
ba_14689942,2025-04,0.0,0.0,0.0,0.0,0.0,0.0,0.0,0,백반·죽·국수,본그룹
ba_14689953,2025-02,0.0,0.0,0.0,0.0,0.0,0.0,0.0,1,백반·죽·국수,본그룹
ba_14689953,2025-03,0.0,0.0,0.0,0.0,0.0,0.0,0.0,0,백반·죽·국수,본그룹
ba_14689953,2025-04,0.0,0.0,0.0,0.0,0.0,0.0,0.0,0,백반·죽·국수,본그룹
ba_14689993,2025-03,0.7142857142857143,53.357142857142854,9.0,0.07142857142857142,0.07142857142857142,0.17346938775510204,0.03571428571428571,0,백반·죽·국수,본그룹
ba_14689993,2025-02,1.0,79.125,14.375,0.0,0.0,0.25,0.08333333333333333,1,백반·죽·국수,본그룹
ba_14689999,2025-02,0.2222222222222222,21.88888888888889,4.666666666666667,0.0,0.0,0.12698412698412698,0.07407407407407407,1,백반·죽·국수,본그룹
ba_14689999,2025-03,0.0,0.0,0.0,0.0,0.0,0.0,0.0,0,백반·죽·국수,본그룹
ba_14689999,2025-04,0.0,0.0,0.0,0.0,0.0,0.0,0.0,0,백반·죽·국수,본그룹
ba_14690002,2025-02,0.0,0.0,0.0,0.0,0.0,0.0,0.0,1,백반·죽·국수,본그룹
ba_14690002,2025-03,0.0,0.0,0.0,0.0,0.0,0.0,0.0,1,백반·죽·국수,본그룹
ba_14690002,2025-04,0.0,0.0,0.0,0.0,0.0,0.0,0.0,0,백반·죽·국수,본그룹
ba_14690014,2025-02,0.0,0.0,0.0,0.0,0.0,0.0,0.0,1,백반·죽·국수,본그룹
ba_14690014,2025-03,0.0,0.0,0.0,0.0,0.0,0.0,0.0,1,백반·죽·국수,본그룹
ba_14690014,2025-04,0.0,0.0,0.0,0.0,0.0,0.0,0.0,0,백반·죽·국수,본그룹
ba_14690034,2025-02,1.0,259.0,58.0,0.0,0.0,0.14285714285714285,0.0,1,백반·죽·국수,본그룹
ba_14690034,2025-03,1.0,208.0,39.0,1.0,1.0,0.5714285714285714,0.16666666666666666,1,백반·죽·국수,본그룹
ba_14690034,2025-04,1.0,151.0,31.0,0.0,0.0,0.5,0.16666666666666666,1,백반·죽·국수,본그룹
ba_14690045,2025-02,0.0,0.0,0.0,0.0,0.0,0.0,0.0,1,백반·죽·국수,본그룹
ba_14690045,2025-03,0.0,0.0,0.0,0.0,0.0,0.0,0.0,0,백반·죽·국수,본그룹
ba_14690045,2025-04,0.0,0.0,0.0,0.0,0.0,0.0,0.0,0,백반·죽·국수,본그룹
ba_14690050,2025-02,0.0,0.0,0.0,0.0,0.0,0.0,0.0,1,백반·죽·국수,본그룹
ba_14690050,2025-03,0.0,0.0,0.0,0.0,0.0,0.0,0.0,0,백반·죽·국수,본그룹
ba_14690050,2025-04,0.5,106.0,23.5,0.5,0.5,0.21428571428571427,0.16666666666666666,0,백반·죽·국수,본그룹
ba_14690053,2025-02,0.0,0.0,0.0,0.0,0.0,0.0,0.0,1,백반·죽·국수,본그룹
ba_14690053,2025-03,0.0,0.0,0.0,0.0,0.0,0.0,0.0,0,백반·죽·국수,본그룹
ba_14690053,2025-04,0.0,0.0,0.0,0.0,0.0,0.0,0.0,0,백반·죽·국수,본그룹
ba_14690056,2025-02,0.0,0.0,0.0,0.0,0.0,0.0,0.0,0,백반·죽·국수,본그룹
ba_14690056,2025-03,0.0,0.0,0.0,0.0,0.0,0.0,0.0,0,백반·죽·국수,본그룹
ba_14690056,2025-04,0.0,0.0,0.0,0.0,0.0,0.0,0.0,0,백반·죽·국수,본그룹
ba_14690057,2025-02,1.0,66.55555555555556,13.222222222222221,0.0,0.0,0.015873015873015872,0.0,1,백반·죽·국수,본그룹
ba_14690057,2025-03,1.0,82.2,16.6,0.0,0.0,0.17142857142857143,0.03333333333333333,0,백반·죽·국수,본그룹
ba_14690057,2025-04,1.0,55.857142857142854,11.142857142857142,0.0,0.0,0.08163265306122448,0.023809523809523808,0,백반·죽·국수,본그룹
ba_14690062,2025-02,0.0,0.0,0.0,0.0,0.0,0.0,0.0,1,백반·죽·국수,본그룹
ba_14690062,2025-04,0.0,0.0,0.0,0.0,0.0,0.0,0.0,0,백반·죽·국수,본그룹
ba_14690068,2025-03,0.0,0.0,0.0,0.0,0.0,0.0,0.0,0,백반·죽·국수,본그룹
ba_14690068,2025-04,0.6666666666666666,67.0,12.0,0.3333333333333333,0.3333333333333333,0.0,0.0,0,백반·죽·국수,본그룹
ba_14690068,2025-02,1.0,84.0,13.666666666666666,0.0,0.0,0.14285714285714285,0.05555555555555555,0,백반·죽·국수,본그룹
ba_14690077,2025-02,0.0,0.0,0.0,0.0,0.0,0.0,0.0,1,백반·죽·국수,본그룹
ba_14690077,2025-03,0.0,0.0,0.0,0.0,0.0,0.0,0.0,1,백반·죽·국수,본그룹
ba_14690077,2025-04,0.0,0.0,0.0,0.0,0.0,0.0,0.0,0,백반·죽·국수,본그룹
ba_14690081,2025-02,0.0,0.0,0.0,0.0,0.0,0.0,0.0,1,백반·죽·국수,본그룹
ba_14690081,2025-04,1.0,231.33333333333334,52.666666666666664,0.0,0.0,0.3968253968253968,0.16666666666666666,1,백반·죽·국수,본그룹
ba_14690086,2025-02,0.0,0.0,0.0,0.0,0.0,0.0,0.0,1,백반·죽·국수,본그룹
ba_14690086,2025-03,0.5,30.75,4.75,0.0,0.0,0.03571428571428571,0.0,1,백반·죽·국수,본그룹
ba_14690086,2025-04,0.8333333333333334,47.5,9.166666666666666,0.0,0.0,0.14285714285714285,0.0,0,백반·죽·국수,본그룹
ba_14690092,2025-02,0.0,0.0,0.0,0.0,0.0,0.0,0.0,1,백반·죽·국수,본그룹
ba_14690092,2025-03,0.0,0.0,0.0,0.0,0.0,0.0,0.0,1,백반·죽·국수,본그룹
ba_14690092,2025-04,1.0,84.0,15.0,0.0,0.0,0.14285714285714285,0.16666666666666666,1,백반·죽·국수,본그룹
ba_14690110,2025-02,0.0,0.0,0.0,0.0,0.0,0.0,0.0,1,백반·죽·국수,본그룹
ba_14690110,2025-03,0.3333333333333333,20.0,4.333333333333333,0.0,0.0,0.09523809523809523,0.05555555555555555,0,백반·죽·국수,본그룹
ba_14690110,2025-04,0.3333333333333333,25.666666666666668,6.0,0.0,0.0,0.09523809523809523,0.0,0,백반·죽·국수,본그룹
ba_14690124,2025-02,0.0,0.0,0.0,0.0,0.0,0.0,0.0,1,백반·죽·국수,본그룹
ba_14690124,2025-03,0.0,0.0,0.0,0.0,0.0,0.0,0.0,0,백반·죽·국수,본그룹
ba_14690154,2025-03,0.9230769230769231,28.923076923076923,4.6923076923076925,0.0,0.0,0.13186813186813187,0.1282051282051282,0,백반·죽·국수,본그룹
ba_14690154,2025-02,1.0,37.27272727272727,7.2727272727272725,0.0,0.0,0.12987012987012986,0.1515151515151515,1,백반·죽·국수,본그룹
ba_14690154,2025-04,1.0,29.285714285714285,4.714285714285714,0.0,0.0,0.13265306122448978,0.15476190476190474,0,백반·죽·국수,본그룹
ba_14690155,2025-02,0.25,54.75,12.0,0.25,0.25,0.07142857142857142,0.041666666666666664,1,백반·죽·국수,본그룹
ba_14690155,2025-03,0.0,0.0,0.0,0.0,0.0,0.0,0.0,0,백반·죽·국수,본그룹
ba_14690155,2025-04,0.0,0.0,0.0,0.0,0.0,0.0,0.0,0,백반·죽·국수,본그룹
ba_14690378,2025-03,1.0,63.0,14.0,0.0,0.0,0.42857142857142855,0.16666666666666666,1,백반·죽·국수,본그룹
ba_14690378,2025-04,1.0,49.0,10.0,0.0,0.0,0.42857142857142855,0.16666666666666666,0,백반·죽·국수,본그룹
ba_14690560,2025-02,0.0,0.0,0.0,0.0,0.0,0.0,0.0,0,백반·죽·국수,본그룹
ba_14690565,2025-02,0.0,0.0,0.0,0.0,0.0,0.0,0.0,1,백반·죽·국수,본그룹
ba_14690565,2025-03,0.0,0.0,0.0,0.0,0.0,0.0,0.0,0,백반·죽·국수,본그룹
ba_14690565,2025-04,0.25,50.25,11.25,0.25,0.25,0.10714285714285714,0.08333333333333333,0,백반·죽·국수,본그룹
ba_14690660,2025-04,0.8333333333333334,74.38888888888889,15.444444444444445,0.1111111111111111,0.1111111111111111,0.2619047619047619,0.07407407407407407,0,백반·죽·국수,본그룹
ba_14690660,2025-02,1.0,96.82352941176471,20.705882352941178,0.17647058823529413,0.17647058823529413,0.3445378151260504,0.08823529411764706,1,백반·죽·국수,본그룹
ba_14690660,2025-03,1.0,99.33333333333333,21.666666666666668,0.2222222222222222,0.2222222222222222,0.3492063492063492,0.1111111111111111,0,백반·죽·국수,본그룹
ba_14690665,2025-02,1.0,434.0,98.33333333333333,0.0,0.0,0.6190476190476191,0.1111111111111111,1,백반·죽·국수,본그룹
ba_14690665,2025-03,1.0,423.0,97.0,0.0,0.0,0.6428571428571428,0.3333333333333333,1,백반·죽·국수,본그룹
ba_14690665,2025-04,1.0,336.0,77.66666666666667,0.0,0.0,0.19047619047619047,0.1111111111111111,0,백반·죽·국수,본그룹
ba_14690672,2025-02,0.7142857142857143,224.57142857142858,44.285714285714285,0.0,0.0,0.5102040816326531,0.23809523809523808,1,백반·죽·국수,본그룹
ba_14690672,2025-03,0.0,0.0,0.0,0.0,0.0,0.0,0.0,0,백반·죽·국수,본그룹
ba_14690672,2025-04,0.6666666666666666,196.0,39.666666666666664,0.0,0.0,0.3333333333333333,0.1111111111111111,0,백반·죽·국수,본그룹
ba_14690673,2025-02,0.0,0.0,0.0,0.0,0.0,0.0,0.0,1,백반·죽·국수,본그룹
ba_14690673,2025-03,0.5,20.166666666666668,3.8333333333333335,0.0,0.0,0.0,0.0,1,백반·죽·국수,본그룹
ba_14690673,2025-04,0.0,0.0,0.0,0.0,0.0,0.0,0.0,0,백반·죽·국수,본그룹
ba_14690674,2025-02,1.0,77.8,14.6,0.0,0.0,0.1857142857142857,0.05,1,백반·죽·국수,본그룹
ba_14690674,2025-03,1.0,84.75,16.25,0.0,0.0,0.21428571428571427,0.08333333333333333,0,백반·죽·국수,본그룹
ba_14690674,2025-04,1.0,79.8,14.4,0.0,0.0,0.14285714285714285,0.0,0,백반·죽·국수,본그룹
ba_14690677,2025-02,0.0,0.0,0.0,0.0,0.0,0.0,0.0,1,백반·죽·국수,본그룹
ba_14690677,2025-03,0.0,0.0,0.0,0.0,0.0,0.0,0.0,1,백반·죽·국수,본그룹
ba_14690677,2025-04,0.2,52.6,11.6,0.2,0.2,0.08571428571428572,0.06666666666666667,1,백반·죽·국수,본그룹
ba_14690680,2025-02,1.0,233.77777777777777,46.333333333333336,0.0,0.0,0.42857142857142855,0.16666666666666666,1,백반·죽·국수,본그룹
ba_14690680,2025-03,1.0,238.72727272727272,47.27272727272727,0.0,0.0,0.4285714285714286,0.16666666666666666,0,백반·죽·국수,본그룹
ba_14690680,2025-04,1.0,246.0,51.09090909090909,0.09090909090909091,0.09090909090909091,0.3896103896103896,0.16666666666666666,0,백반·죽·국수,본그룹
ba_14690689,2025-02,1.0,94.0,18.666666666666668,0.0,0.0,0.3333333333333333,0.0,1,백반·죽·국수,본그룹
ba_14690689,2025-03,1.0,96.4,19.2,0.0,0.0,0.2571428571428571,0.0,1,백반·죽·국수,본그룹
ba_14690689,2025-04,1.0,89.11111111111111,17.88888888888889,0.0,0.0,0.2857142857142857,0.018518518518518517,0,백반·죽·국수,본그룹
ba_14690695,2025-02,0.0,0.0,0.0,0.0,0.0,0.0,0.0,1,백반·죽·국수,본그룹
ba_14690695,2025-03,0.0,0.0,0.0,0.0,0.0,0.0,0.0,0,백반·죽·국수,본그룹
ba_14690695,2025-04,0.0,0.0,0.0,0.0,0.0,0.0,0.0,0,백반·죽·국수,본그룹
ba_14690704,2025-02,0.0,0.0,0.0,0.0,0.0,0.0,0.0,1,백반·죽·국수,본그룹
ba_14690704,2025-03,0.0,0.0,0.0,0.0,0.0,0.0,0.0,0,백반·죽·국수,본그룹
ba_14690704,2025-04,0.0,0.0,0.0,0.0,0.0,0.0,0.0,0,백반·죽·국수,본그룹
ba_14690709,2025-03,0.0,0.0,0.0,0.0,0.0,0.0,0.0,1,백반·죽·국수,본그룹
ba_14690709,2025-04,0.0,0.0,0.0,0.0,0.0,0.0,0.0,1,백반·죽·국수,본그룹
ba_14690712,2025-02,1.0,132.16666666666666,28.666666666666668,0.16666666666666666,0.16666666666666666,0.5714285714285714,0.027777777777777776,1,백반·죽·국수,본그룹
ba_14690712,2025-03,1.0,112.33333333333333,23.666666666666668,0.16666666666666666,0.16666666666666666,0.4761904761904761,0.027777777777777776,0,백반·죽·국수,본그룹
ba_14690712,2025-04,1.0,135.8,28.6,0.0,0.0,0.4,0.0,0,백반·죽·국수,본그룹
ba_14690718,2025-02,0.25,17.0,4.25,0.0,0.0,0.03571428571428571,0.041666666666666664,0,백반·죽·국수,본그룹
ba_14690718,2025-03,1.0,55.0,12.0,0.0,0.0,0.14285714285714285,0.16666666666666666,0,백반·죽·국수,본그룹
ba_14690723,2025-02,0.0,0.0,0.0,0.0,0.0,0.0,0.0,1,백반·죽·국수,본그룹
ba_14690723,2025-03,0.0,0.0,0.0,0.0,0.0,0.0,0.0,1,백반·죽·국수,본그룹
ba_14690724,2025-04,1.0,179.33333333333334,41.0,0.3333333333333333,0.3333333333333333,0.19047619047619047,0.1111111111111111,0,백반·죽·국수,본그룹
ba_14690725,2025-02,0.0,0.0,0.0,0.0,0.0,0.0,0.0,1,백반·죽·국수,본그룹
ba_14690725,2025-03,0.0,0.0,0.0,0.0,0.0,0.0,0.0,1,백반·죽·국수,본그룹
ba_14690725,2025-04,0.0,0.0,0.0,0.0,0.0,0.0,0.0,0,백반·죽·국수,본그룹
ba_14690752,2025-02,0.09090909090909091,16.09090909090909,2.909090909090909,0.0,0.0,0.012987012987012986,0.0,1,백반·죽·국수,본그룹
ba_14690752,2025-03,0.08333333333333333,34.666666666666664,7.25,0.0,0.0,0.011904761904761904,0.013888888888888888,0,백반·죽·국수,본그룹
ba_14690752,2025-04,0.0,0.0,0.0,0.0,0.0,0.0,0.0,0,백반·죽·국수,본그룹
ba_14690763,2025-03,1.0,399.5,94.5,0.0,0.0,0.5714285714285714,0.3333333333333333,1,백반·죽·국수,본그룹
ba_14690763,2025-04,1.0,390.0,84.0,0.0,0.0,0.5714285714285714,0.3333333333333333,1,백반·죽·국수,본그룹
ba_14690774,2025-02,0.0,0.0,0.0,0.0,0.0,0.0,0.0,1,백반·죽·국수,본그룹
ba_14690774,2025-03,0.14285714285714285,37.42857142857143,8.285714285714286,0.14285714285714285,0.14285714285714285,0.061224489795918366,0.047619047619047616,1,백반·죽·국수,본그룹
ba_14690774,2025-04,0.0,0.0,0.0,0.0,0.0,0.0,0.0,0,백반·죽·국수,본그룹
ba_14690786,2025-03,0.1,19.8,4.4,0.1,0.1,0.04285714285714286,0.03333333333333333,1,백반·죽·국수,본그룹
ba_14690786,2025-04,0.0,0.0,0.0,0.0,0.0,0.0,0.0,0,백반·죽·국수,본그룹
ba_14690806,2025-02,0.0,0.0,0.0,0.0,0.0,0.0,0.0,1,백반·죽·국수,본그룹
ba_14690806,2025-03,0.0,0.0,0.0,0.0,0.0,0.0,0.0,1,백반·죽·국수,본그룹
ba_14690806,2025-04,0.0,0.0,0.0,0.0,0.0,0.0,0.0,0,백반·죽·국수,본그룹
ba_14690836,2025-02,0.0,0.0,0.0,0.0,0.0,0.0,0.0,1,백반·죽·국수,본그룹
ba_14690836,2025-03,0.0,0.0,0.0,0.0,0.0,0.0,0.0,0,백반·죽·국수,본그룹
ba_14690836,2025-04,0.0,0.0,0.0,0.0,0.0,0.0,0.0,0,백반·죽·국수,본그룹
ba_14690909,2025-02,1.0,41.875,8.125,0.0,0.0,0.14285714285714285,0.020833333333333332,1,백반·죽·국수,본그룹
ba_14690909,2025-03,1.0,34.0,6.5,0.0,0.0,0.16666666666666666,0.027777777777777776,0,백반·죽·국수,본그룹
ba_14690909,2025-04,1.0,40.666666666666664,7.666666666666667,0.0,0.0,0.16666666666666666,0.027777777777777776,0,백반·죽·국수,본그룹
ba_14690983,2025-02,0.0,0.0,0.0,0.0,0.0,0.0,0.0,1,백반·죽·국수,본그룹
ba_14690983,2025-03,0.0,0.0,0.0,0.0,0.0,0.0,0.0,0,백반·죽·국수,본그룹
ba_14690983,2025-04,0.0,0.0,0.0,0.0,0.0,0.0,0.0,0,백반·죽·국수,본그룹
ba_14690992,2025-03,0.0,0.0,0.0,0.0,0.0,0.0,0.0,0,백반·죽·국수,본그룹
ba_14690992,2025-04,0.0,0.0,0.0,0.0,0.0,0.0,0.0,0,백반·죽·국수,본그룹
ba_14691001,2025-02,1.0,51.0,8.0,0.0,0.0,0.07142857142857142,0.0,0,백반·죽·국수,본그룹
ba_14691005,2025-02,0.125,28.5,6.25,0.125,0.125,0.03571428571428571,0.020833333333333332,1,백반·죽·국수,본그룹
ba_14691005,2025-03,0.0,0.0,0.0,0.0,0.0,0.0,0.0,0,백반·죽·국수,본그룹
ba_14691005,2025-04,0.0,0.0,0.0,0.0,0.0,0.0,0.0,0,백반·죽·국수,본그룹
ba_14691030,2025-03,0.0,0.0,0.0,0.0,0.0,0.0,0.0,1,백반·죽·국수,본그룹
ba_14691030,2025-04,0.0,0.0,0.0,0.0,0.0,0.0,0.0,0,백반·죽·국수,본그룹
ba_14691036,2025-03,1.0,360.5,79.0,0.0,0.0,0.6428571428571428,0.16666666666666666,1,백반·죽·국수,본그룹
ba_14691036,2025-04,1.0,402.85714285714283,89.71428571428571,0.14285714285714285,0.14285714285714285,0.673469387755102,0.21428571428571427,1,백반·죽·국수,본그룹
ba_14691037,2025-03,0.8333333333333334,220.66666666666666,45.166666666666664,0.0,0.0,0.23809523809523805,0.1111111111111111,0,백반·죽·국수,본그룹
ba_14691037,2025-04,0.14285714285714285,26.857142857142858,6.0,0.0,0.0,0.02040816326530612,0.0,0,백반·죽·국수,본그룹
ba_14691037,2025-02,1.0,258.125,54.75,0.0,0.0,0.3214285714285714,0.125,1,백반·죽·국수,본그룹
ba_14691042,2025-03,0.5,103.0,24.0,0.25,0.25,0.2857142857142857,0.08333333333333333,1,백반·죽·국수,본그룹
ba_14691042,2025-04,0.3333333333333333,75.33333333333333,16.5,0.16666666666666666,0.16666666666666666,0.14285714285714285,0.05555555555555555,1,백반·죽·국수,본그룹
ba_14691044,2025-03,0.0,0.0,0.0,0.0,0.0,0.0,0.0,0,백반·죽·국수,본그룹
ba_14691059,2025-03,0.0,0.0,0.0,0.0,0.0,0.0,0.0,0,백반·죽·국수,본그룹
ba_14691059,2025-04,0.0,0.0,0.0,0.0,0.0,0.0,0.0,1,백반·죽·국수,본그룹
ba_14691062,2025-02,0.0,0.0,0.0,0.0,0.0,0.0,0.0,1,백반·죽·국수,본그룹
ba_14691062,2025-03,0.0,0.0,0.0,0.0,0.0,0.0,0.0,1,백반·죽·국수,본그룹
ba_14691062,2025-04,0.0,0.0,0.0,0.0,0.0,0.0,0.0,0,백반·죽·국수,본그룹
ba_14691072,2025-02,0.3333333333333333,55.333333333333336,10.5,0.0,0.0,0.047619047619047616,0.0,1,백반·죽·국수,본그룹
ba_14691072,2025-03,0.0,0.0,0.0,0.0,0.0,0.0,0.0,0,백반·죽·국수,본그룹
ba_14691072,2025-04,0.0,0.0,0.0,0.0,0.0,0.0,0.0,0,백반·죽·국수,본그룹
ba_14691077,2025-03,1.0,180.83333333333334,36.833333333333336,0.16666666666666666,0.16666666666666666,0.45238095238095233,0.2222222222222222,1,백반·죽·국수,본그룹
ba_14691077,2025-04,1.0,118.4,24.0,0.4,0.4,0.34285714285714286,0.2,1,백반·죽·국수,본그룹
ba_14691078,2025-03,1.0,23.75,4.5,0.0,0.0,0.0,0.0,1,백반·죽·국수,본그룹
ba_14691078,2025-04,1.0,23.0,4.333333333333333,0.0,0.0,0.047619047619047616,0.0,0,백반·죽·국수,본그룹
ba_14691084,2025-02,0.043478260869565216,7.739130434782608,1.4782608695652173,0.0,0.0,0.018633540372670808,0.007246376811594202,1,백반·죽·국수,본그룹
ba_14691084,2025-03,0.125,19.4,3.725,0.05,0.05,0.04285714285714286,0.020833333333333332,0,백반·죽·국수,본그룹
ba_14691084,2025-04,0.05555555555555555,11.722222222222221,2.611111111111111,0.05555555555555555,0.05555555555555555,0.023809523809523808,0.018518518518518517,0,백반·죽·국수,본그룹
ba_14691088,2025-02,0.0,0.0,0.0,0.0,0.0,0.0,0.0,1,백반·죽·국수,본그룹
ba_14691088,2025-03,0.0,0.0,0.0,0.0,0.0,0.0,0.0,0,백반·죽·국수,본그룹
ba_14691089,2025-03,0.0,0.0,0.0,0.0,0.0,0.0,0.0,1,백반·죽·국수,본그룹
ba_14691089,2025-04,0.0,0.0,0.0,0.0,0.0,0.0,0.0,0,백반·죽·국수,본그룹
ba_14691101,2025-02,0.5,53.8,10.1,0.0,0.0,0.08571428571428572,0.08333333333333333,1,백반·죽·국수,본그룹
ba_14691101,2025-03,0.4,32.4,5.6,0.0,0.0,0.08571428571428572,0.06666666666666667,0,백반·죽·국수,본그룹
ba_14691101,2025-04,0.2857142857142857,29.571428571428573,5.285714285714286,0.0,0.0,0.08163265306122448,0.047619047619047616,0,백반·죽·국수,본그룹
ba_14691105,2025-02,0.0,0.0,0.0,0.0,0.0,0.0,0.0,0,백반·죽·국수,본그룹
ba_14691105,2025-03,0.0,0.0,0.0,0.0,0.0,0.0,0.0,0,백반·죽·국수,본그룹
ba_14691106,2025-03,1.0,40.666666666666664,7.666666666666667,0.0,0.0,0.19047619047619047,0.0,1,백반·죽·국수,본그룹
ba_14691106,2025-04,1.0,62.4,12.2,0.0,0.0,0.2571428571428571,0.06666666666666667,1,백반·죽·국수,본그룹
ba_14691112,2025-04,1.0,101.0,21.8,0.0,0.0,0.3714285714285714,0.13333333333333333,1,백반·죽·국수,본그룹
ba_14691116,2025-02,1.0,186.14285714285714,36.285714285714285,0.0,0.0,0.12244897959183673,0.0,1,백반·죽·국수,본그룹
ba_14691116,2025-03,1.0,215.125,42.75,0.0,0.0,0.26785714285714285,0.0,0,백반·죽·국수,본그룹
ba_14691116,2025-04,1.0,226.28571428571428,44.142857142857146,0.0,0.0,0.2857142857142857,0.0,0,백반·죽·국수,본그룹
ba_14691130,2025-04,0.0,0.0,0.0,0.0,0.0,0.0,0.0,1,백반·죽·국수,본그룹
ba_14691145,2025-04,0.0,0.0,0.0,0.0,0.0,0.0,0.0,0,백반·죽·국수,본그룹
ba_14691146,2025-03,0.0,0.0,0.0,0.0,0.0,0.0,0.0,1,백반·죽·국수,본그룹
ba_14691146,2025-04,0.3333333333333333,16.666666666666668,3.0,0.0,0.0,0.047619047619047616,0.0,0,백반·죽·국수,본그룹
ba_14691147,2025-03,0.8571428571428571,27.285714285714285,4.571428571428571,0.0,0.0,0.12244897959183673,0.09523809523809523,0,백반·죽·국수,본그룹
ba_14691147,2025-04,0.3333333333333333,11.0,1.6666666666666667,0.0,0.0,0.047619047619047616,0.05555555555555555,0,백반·죽·국수,본그룹
ba_14691147,2025-02,1.0,31.75,5.0,0.0,0.0,0.14285714285714285,0.16666666666666666,1,백반·죽·국수,본그룹
ba_14691150,2025-04,0.5,168.75,36.5,0.0,0.0,0.25,0.16666666666666666,1,백반·죽·국수,본그룹
ba_14691150,2025-03,1.0,382.6666666666667,83.83333333333333,0.0,0.0,0.5476190476190476,0.3055555555555555,1,백반·죽·국수,본그룹
ba_14691155,2025-02,1.0,153.9268292682927,29.341463414634145,0.0,0.0,0.27177700348432055,0.008130081300813007,1,백반·죽·국수,본그룹
ba_14691155,2025-03,1.0,202.04761904761904,39.095238095238095,0.0,0.0,0.29931972789115646,0.0,0,백반·죽·국수,본그룹
ba_14691155,2025-04,1.0,183.82142857142858,35.5,0.03571428571428571,0.03571428571428571,0.32653061224489793,0.017857142857142856,0,백반·죽·국수,본그룹
ba_14691171,2025-03,1.0,119.92857142857143,24.714285714285715,0.07142857142857142,0.07142857142857142,0.11224489795918367,0.011904761904761904,1,백반·죽·국수,본그룹
ba_14691171,2025-04,1.0,121.11111111111111,24.666666666666668,0.0,0.0,0.06349206349206349,0.018518518518518517,0,백반·죽·국수,본그룹
ba_14691172,2025-03,0.0,0.0,0.0,0.0,0.0,0.0,0.0,1,백반·죽·국수,본그룹
ba_14691172,2025-04,0.0,0.0,0.0,0.0,0.0,0.0,0.0,0,백반·죽·국수,본그룹
ba_14691173,2025-03,0.0,0.0,0.0,0.0,0.0,0.0,0.0,1,백반·죽·국수,본그룹
ba_14691173,2025-04,0.0,0.0,0.0,0.0,0.0,0.0,0.0,1,백반·죽·국수,본그룹
ba_14691178,2025-03,0.1,13.7,2.4,0.0,0.0,0.05714285714285714,0.016666666666666666,1,백반·죽·국수,본그룹
ba_14691178,2025-04,0.0,0.0,0.0,0.0,0.0,0.0,0.0,1,백반·죽·국수,본그룹
ba_14691179,2025-02,0.0,0.0,0.0,0.0,0.0,0.0,0.0,1,백반·죽·국수,본그룹
ba_14691179,2025-03,0.16666666666666666,19.166666666666668,4.333333333333333,0.0,0.0,0.0,0.0,1,백반·죽·국수,본그룹
ba_14691179,2025-04,0.0,0.0,0.0,0.0,0.0,0.0,0.0,1,백반·죽·국수,본그룹
ba_14691187,2025-03,0.0,0.0,0.0,0.0,0.0,0.0,0.0,1,백반·죽·국수,본그룹
ba_14691187,2025-04,0.0,0.0,0.0,0.0,0.0,0.0,0.0,1,백반·죽·국수,본그룹
ba_14691194,2025-04,1.0,95.0,18.0,0.0,0.0,0.14285714285714285,0.0,1,백반·죽·국수,본그룹
ba_14691209,2025-03,1.0,166.33333333333334,34.333333333333336,0.0,0.0,0.0,0.0,1,백반·죽·국수,본그룹
ba_14691209,2025-04,1.0,170.66666666666666,35.44444444444444,0.0,0.0,0.07936507936507936,0.037037037037037035,1,백반·죽·국수,본그룹
ba_14691228,2025-03,0.0,0.0,0.0,0.0,0.0,0.0,0.0,1,백반·죽·국수,본그룹
ba_14691228,2025-04,0.0,0.0,0.0,0.0,0.0,0.0,0.0,0,백반·죽·국수,본그룹
ba_14691234,2025-02,0.1111111111111111,25.0,5.333333333333333,0.1111111111111111,0.1111111111111111,0.047619047619047616,0.018518518518518517,0,백반·죽·국수,본그룹
ba_14691234,2025-03,0.0,0.0,0.0,0.0,0.0,0.0,0.0,0,백반·죽·국수,본그룹
ba_14691235,2025-03,1.0,201.5,44.25,0.25,0.25,0.42857142857142855,0.16666666666666666,1,백반·죽·국수,본그룹
ba_14691235,2025-04,1.0,220.0,49.0,0.0,0.0,0.5,0.16666666666666666,1,백반·죽·국수,본그룹
ba_14691237,2025-03,0.0,0.0,0.0,0.0,0.0,0.0,0.0,1,백반·죽·국수,본그룹
ba_14691237,2025-04,0.3333333333333333,50.333333333333336,12.666666666666666,0.0,0.0,0.0,0.0,0,백반·죽·국수,본그룹
ba_14691245,2025-02,0.0,0.0,0.0,0.0,0.0,0.0,0.0,1,백반·죽·국수,본그룹
ba_14691245,2025-03,0.5,78.16666666666667,17.666666666666668,0.16666666666666666,0.16666666666666666,0.14285714285714285,0.1111111111111111,0,백반·죽·국수,본그룹
ba_14691245,2025-04,1.0,95.5,21.0,0.0,0.0,0.0,0.0,0,백반·죽·국수,본그룹
ba_14691269,2025-02,1.0,75.71428571428571,12.0,0.0,0.0,0.42857142857142855,0.16666666666666666,1,백반·죽·국수,본그룹
ba_14691269,2025-03,1.0,80.28571428571429,14.142857142857142,0.0,0.0,0.5306122448979591,0.2857142857142857,0,백반·죽·국수,본그룹
ba_14691269,2025-04,1.0,83.0,15.0,0.0,0.0,0.5714285714285714,0.3333333333333333,0,백반·죽·국수,본그룹
ba_14691270,2025-02,0.5185185185185185,54.18518518518518,9.222222222222221,0.0,0.0,0.10052910052910052,0.08641975308641975,0,백반·죽·국수,본그룹
ba_14691270,2025-03,1.0,101.8,16.6,0.0,0.0,0.2,0.16666666666666666,0,백반·죽·국수,본그룹
ba_14691270,2025-04,0.7142857142857143,87.85714285714286,15.428571428571429,0.0,0.0,0.18367346938775508,0.11904761904761904,0,백반·죽·국수,본그룹
ba_14691272,2025-02,0.07142857142857142,18.428571428571427,4.142857142857143,0.07142857142857142,0.07142857142857142,0.030612244897959183,0.023809523809523808,0,백반·죽·국수,본그룹
ba_14691272,2025-03,0.0,0.0,0.0,0.0,0.0,0.0,0.0,0,백반·죽·국수,본그룹
ba_14691272,2025-04,0.0,0.0,0.0,0.0,0.0,0.0,0.0,0,백반·죽·국수,본그룹
ba_14691273,2025-02,0.0,0.0,0.0,0.0,0.0,0.0,0.0,0,백반·죽·국수,본그룹
ba_14691273,2025-03,1.0,117.0,21.0,1.0,1.0,0.5714285714285714,0.16666666666666666,0,백반·죽·국수,본그룹
ba_14691273,2025-04,1.0,129.2,23.8,1.0,1.0,0.5714285714285714,0.16666666666666666,0,백반·죽·국수,본그룹
ba_14691277,2025-04,0.0,0.0,0.0,0.0,0.0,0.0,0.0,1,백반·죽·국수,본그룹
ba_14691277,2025-03,1.0,29.5,4.5,0.0,0.0,0.2857142857142857,0.16666666666666666,1,백반·죽·국수,본그룹
ba_14691292,2025-02,1.0,248.0,54.5,0.5,0.5,0.5,0.16666666666666666,1,백반·죽·국수,본그룹
ba_14691292,2025-03,1.0,280.3333333333333,60.166666666666664,0.0,0.0,0.6904761904761904,0.3611111111111111,1,백반·죽·국수,본그룹
ba_14691292,2025-04,0.7692307692307693,245.0,52.30769230769231,0.0,0.0,0.6153846153846154,0.2564102564102564,1,백반·죽·국수,본그룹
ba_14691295,2025-03,0.975,107.75,21.175,0.05,0.05,0.28214285714285714,0.008333333333333333,1,백반·죽·국수,본그룹
ba_14691295,2025-04,1.0,95.21348314606742,20.43820224719101,0.0,0.0,0.42857142857142855,0.16853932584269662,1,백반·죽·국수,본그룹
ba_14691296,2025-03,0.0,0.0,0.0,0.0,0.0,0.0,0.0,0,백반·죽·국수,본그룹
ba_14691296,2025-04,0.0,0.0,0.0,0.0,0.0,0.0,0.0,0,백반·죽·국수,본그룹
ba_14691298,2025-02,0.08333333333333333,18.916666666666668,4.0,0.08333333333333333,0.08333333333333333,0.023809523809523808,0.013888888888888888,0,백반·죽·국수,본그룹
ba_14691298,2025-03,0.0,0.0,0.0,0.0,0.0,0.0,0.0,0,백반·죽·국수,본그룹
ba_14691298,2025-04,0.0,0.0,0.0,0.0,0.0,0.0,0.0,1,백반·죽·국수,본그룹
ba_14691330,2025-04,0.0,0.0,0.0,0.0,0.0,0.0,0.0,1,백반·죽·국수,본그룹
ba_14691344,2025-02,0.0,0.0,0.0,0.0,0.0,0.0,0.0,1,백반·죽·국수,본그룹
ba_14691344,2025-03,0.0,0.0,0.0,0.0,0.0,0.0,0.0,0,백반·죽·국수,본그룹
ba_14691344,2025-04,0.0,0.0,0.0,0.0,0.0,0.0,0.0,0,백반·죽·국수,본그룹
ba_14691361,2025-02,0.71875,155.875,35.96875,0.0,0.0,0.3169642857142857,0.015625,1,백반·죽·국수,본그룹
ba_14691361,2025-03,1.0,231.25925925925927,54.2962962962963,0.07407407407407407,0.07407407407407407,0.43915343915343913,0.024691358024691357,0,백반·죽·국수,본그룹
ba_14691361,2025-04,0.8333333333333334,195.83333333333334,43.833333333333336,0.0,0.0,0.3333333333333333,0.0,0,백반·죽·국수,본그룹
ba_14691372,2025-04,0.0,0.0,0.0,0.0,0.0,0.0,0.0,1,백반·죽·국수,본그룹
ba_14691375,2025-03,0.3333333333333333,74.0,17.0,0.0,0.0,0.05714285714285714,0.03333333333333333,1,백반·죽·국수,본그룹
ba_14691375,2025-04,0.782608695652174,200.52173913043478,44.21739130434783,0.043478260869565216,0.043478260869565216,0.15527950310559005,0.05797101449275362,1,백반·죽·국수,본그룹
ba_14691375,2025-02,1.0,259.05,57.1,0.05,0.05,0.3857142857142857,0.16666666666666666,1,백반·죽·국수,본그룹
ba_14691401,2025-03,0.0,0.0,0.0,0.0,0.0,0.0,0.0,0,백반·죽·국수,본그룹
ba_14691751,2025-02,1.0,149.72727272727272,25.363636363636363,0.0,0.0,0.12987012987012986,0.0606060606060606,1,백반·죽·국수,본그룹
ba_14691751,2025-03,1.0,147.30769230769232,27.384615384615383,0.0,0.0,0.12087912087912088,0.05128205128205128,0,백반·죽·국수,본그룹
ba_14691751,2025-04,1.0,140.0,26.6,0.0,0.0,0.12857142857142856,0.03333333333333333,0,백반·죽·국수,본그룹
ba_14691791,2025-03,0.0,0.0,0.0,0.0,0.0,0.0,0.0,1,백반·죽·국수,본그룹
ba_14691791,2025-04,0.0,0.0,0.0,0.0,0.0,0.0,0.0,1,백반·죽·국수,본그룹
ba_14691797,2025-03,1.0,165.75,32.25,0.0,0.0,0.39285714285714285,0.041666666666666664,1,백반·죽·국수,본그룹
ba_14691797,2025-04,1.0,179.71428571428572,33.285714285714285,0.0,0.0,0.24489795918367346,0.09523809523809523,0,백반·죽·국수,본그룹
ba_14691798,2025-02,0.0,0.0,0.0,0.0,0.0,0.0,0.0,1,백반·죽·국수,본그룹
ba_14691798,2025-03,0.0,0.0,0.0,0.0,0.0,0.0,0.0,0,백반·죽·국수,본그룹
ba_14691798,2025-04,0.0,0.0,0.0,0.0,0.0,0.0,0.0,0,백반·죽·국수,본그룹
ba_14691801,2025-03,1.0,197.91666666666666,43.083333333333336,0.0,0.0,0.09523809523809523,0.027777777777777776,0,백반·죽·국수,본그룹
ba_14691801,2025-04,1.0,160.9,33.9,0.0,0.0,0.05714285714285714,0.0,0,백반·죽·국수,본그룹
ba_14691803,2025-03,1.0,143.33333333333334,25.0,0.0,0.0,0.047619047619047616,0.05555555555555555,1,백반·죽·국수,본그룹
ba_14691813,2025-02,0.0,0.0,0.0,0.0,0.0,0.0,0.0,1,백반·죽·국수,본그룹
ba_14691813,2025-03,0.0,0.0,0.0,0.0,0.0,0.0,0.0,0,백반·죽·국수,본그룹
ba_14691813,2025-04,0.0,0.0,0.0,0.0,0.0,0.0,0.0,0,백반·죽·국수,본그룹
ba_14691815,2025-03,0.0,0.0,0.0,0.0,0.0,0.0,0.0,1,백반·죽·국수,본그룹
ba_14691815,2025-04,0.0,0.0,0.0,0.0,0.0,0.0,0.0,0,백반·죽·국수,본그룹
ba_14691817,2025-03,0.0,0.0,0.0,0.0,0.0,0.0,0.0,1,백반·죽·국수,본그룹
ba_14691817,2025-04,0.0,0.0,0.0,0.0,0.0,0.0,0.0,0,백반·죽·국수,본그룹
ba_14691829,2025-03,0.0,0.0,0.0,0.0,0.0,0.0,0.0,1,백반·죽·국수,본그룹
ba_14691829,2025-04,0.08333333333333333,19.083333333333332,3.5,0.0,0.0,0.011904761904761904,0.0,0,백반·죽·국수,본그룹
ba_14691834,2025-03,0.0,0.0,0.0,0.0,0.0,0.0,0.0,1,백반·죽·국수,본그룹
ba_14691834,2025-04,0.0,0.0,0.0,0.0,0.0,0.0,0.0,1,백반·죽·국수,본그룹
ba_14691857,2025-03,0.0,0.0,0.0,0.0,0.0,0.0,0.0,1,백반·죽·국수,본그룹
ba_14691857,2025-04,0.0,0.0,0.0,0.0,0.0,0.0,0.0,1,백반·죽·국수,본그룹
ba_14691859,2025-02,0.0,0.0,0.0,0.0,0.0,0.0,0.0,1,백반·죽·국수,본그룹
ba_14691859,2025-03,0.3333333333333333,60.833333333333336,13.0,0.16666666666666666,0.16666666666666666,0.07142857142857142,0.05555555555555555,0,백반·죽·국수,본그룹
ba_14691859,2025-04,0.4,26.6,5.4,0.0,0.0,0.05714285714285714,0.03333333333333333,0,백반·죽·국수,본그룹
ba_14691860,2025-03,0.0,0.0,0.0,0.0,0.0,0.0,0.0,1,백반·죽·국수,본그룹
ba_14691860,2025-04,0.75,204.25,44.5,0.75,0.75,0.21428571428571427,0.0625,0,백반·죽·국수,본그룹
ba_14691861,2025-02,0.0,0.0,0.0,0.0,0.0,0.0,0.0,0,백반·죽·국수,본그룹
ba_14691861,2025-03,0.5,107.5,23.5,0.5,0.5,0.21428571428571427,0.16666666666666666,0,백반·죽·국수,본그룹
ba_14691864,2025-03,0.0,0.0,0.0,0.0,0.0,0.0,0.0,1,백반·죽·국수,본그룹
ba_14691864,2025-04,0.0,0.0,0.0,0.0,0.0,0.0,0.0,0,백반·죽·국수,본그룹
ba_14691884,2025-04,0.0,0.0,0.0,0.0,0.0,0.0,0.0,1,백반·죽·국수,본그룹
ba_14691891,2025-03,0.0,0.0,0.0,0.0,0.0,0.0,0.0,1,백반·죽·국수,본그룹
ba_14691891,2025-04,0.0,0.0,0.0,0.0,0.0,0.0,0.0,0,백반·죽·국수,본그룹
ba_14691894,2025-02,0.5,116.875,24.75,0.125,0.125,0.23214285714285712,0.10416666666666666,0,백반·죽·국수,본그룹
ba_14691894,2025-03,1.0,236.0,50.2,0.6,0.6,0.4,0.2,0,백반·죽·국수,본그룹
ba_14691894,2025-04,1.0,216.0,45.5,0.0,0.0,0.5714285714285714,0.3333333333333333,0,백반·죽·국수,본그룹
ba_14691901,2025-02,0.0,0.0,0.0,0.0,0.0,0.0,0.0,1,백반·죽·국수,본그룹
ba_14691901,2025-03,0.0,0.0,0.0,0.0,0.0,0.0,0.0,0,백반·죽·국수,본그룹
ba_14691901,2025-04,0.0,0.0,0.0,0.0,0.0,0.0,0.0,0,백반·죽·국수,본그룹
ba_14691904,2025-02,0.0,0.0,0.0,0.0,0.0,0.0,0.0,1,백반·죽·국수,본그룹
ba_14691904,2025-03,0.0,0.0,0.0,0.0,0.0,0.0,0.0,1,백반·죽·국수,본그룹
ba_14691904,2025-04,0.3333333333333333,11.666666666666666,2.0,0.0,0.0,0.0,0.0,0,백반·죽·국수,본그룹
ba_14691908,2025-03,0.3333333333333333,36.666666666666664,7.666666666666667,0.0,0.0,0.0,0.0,1,백반·죽·국수,본그룹
ba_14691908,2025-04,0.1111111111111111,26.333333333333332,5.666666666666667,0.1111111111111111,0.1111111111111111,0.031746031746031744,0.018518518518518517,1,백반·죽·국수,본그룹
ba_14691918,2025-01,1.0,51.5,9.5,0.0,0.0,0.21428571428571427,0.08333333333333333,0,백반·죽·국수,본그룹
ba_14691918,2025-02,1.0,72.0,15.5,0.0,0.0,0.14285714285714285,0.0,0,백반·죽·국수,본그룹
ba_14691918,2025-03,1.0,194.0,38.0,0.0,0.0,0.42857142857142855,0.3333333333333333,0,백반·죽·국수,본그룹
ba_14691918,2025-04,1.0,257.0,54.0,0.0,0.0,0.42857142857142855,0.3333333333333333,1,백반·죽·국수,본그룹
ba_14691943,2025-02,0.0,0.0,0.0,0.0,0.0,0.0,0.0,1,백반·죽·국수,본그룹
ba_14691943,2025-03,0.0,0.0,0.0,0.0,0.0,0.0,0.0,1,백반·죽·국수,본그룹
ba_14691943,2025-04,0.0,0.0,0.0,0.0,0.0,0.0,0.0,0,백반·죽·국수,본그룹
ba_14691949,2025-03,0.0,0.0,0.0,0.0,0.0,0.0,0.0,1,백반·죽·국수,본그룹
ba_14691949,2025-04,0.0,0.0,0.0,0.0,0.0,0.0,0.0,0,백반·죽·국수,본그룹
ba_14691953,2025-02,0.0,0.0,0.0,0.0,0.0,0.0,0.0,1,백반·죽·국수,본그룹
ba_14691953,2025-03,0.0,0.0,0.0,0.0,0.0,0.0,0.0,0,백반·죽·국수,본그룹
ba_14691953,2025-04,0.25,49.25,12.0,0.0,0.0,0.03571428571428571,0.0,0,백반·죽·국수,본그룹
ba_14691958,2025-03,1.0,116.33333333333333,21.666666666666668,0.0,0.0,0.30158730158730157,0.24074074074074073,1,백반·죽·국수,본그룹
ba_14691958,2025-04,1.0,97.07142857142857,17.714285714285715,0.0,0.0,0.18367346938775508,0.17857142857142858,0,백반·죽·국수,본그룹
ba_14691965,2025-03,0.8,149.7,34.1,0.0,0.0,0.3571428571428571,0.16666666666666666,0,백반·죽·국수,본그룹
ba_14691965,2025-04,0.0,0.0,0.0,0.0,0.0,0.0,0.0,1,백반·죽·국수,본그룹
ba_14691969,2025-03,0.0,0.0,0.0,0.0,0.0,0.0,0.0,1,백반·죽·국수,본그룹
ba_14691969,2025-04,0.0,0.0,0.0,0.0,0.0,0.0,0.0,1,백반·죽·국수,본그룹
ba_14691974,2025-03,1.0,85.42857142857143,17.142857142857142,0.0,0.0,0.18367346938775508,0.0,1,백반·죽·국수,본그룹
ba_14691974,2025-04,1.0,85.75,17.0,0.0,0.0,0.10714285714285714,0.0,0,백반·죽·국수,본그룹
ba_14691975,2025-03,1.0,87.54545454545455,17.90909090909091,0.0,0.0,0.2857142857142857,0.0606060606060606,1,백반·죽·국수,본그룹
ba_14691975,2025-04,1.0,125.0,27.0,0.0,0.0,0.3214285714285714,0.09722222222222221,1,백반·죽·국수,본그룹
ba_14691976,2025-03,1.0,755.2857142857143,172.78571428571428,0.9761904761904762,0.9761904761904762,0.6326530612244897,0.3253968253968254,1,백반·죽·국수,본그룹
ba_14691976,2025-04,1.0,765.0344827586207,175.58620689655172,1.0,1.0,0.6600985221674877,0.3333333333333333,1,백반·죽·국수,본그룹
ba_14691989,2025-02,0.0,0.0,0.0,0.0,0.0,0.0,0.0,1,백반·죽·국수,본그룹
ba_14691989,2025-03,0.09090909090909091,5.545454545454546,0.45454545454545453,0.0,0.0,0.0,0.0,0,백반·죽·국수,본그룹
ba_14691989,2025-04,0.0,0.0,0.0,0.0,0.0,0.0,0.0,0,백반·죽·국수,본그룹
ba_14691990,2025-02,0.0,0.0,0.0,0.0,0.0,0.0,0.0,0,백반·죽·국수,본그룹
ba_14691996,2025-03,0.0,0.0,0.0,0.0,0.0,0.0,0.0,1,백반·죽·국수,본그룹
ba_14691996,2025-04,0.0,0.0,0.0,0.0,0.0,0.0,0.0,0,백반·죽·국수,본그룹
ba_14691997,2025-03,1.0,216.75,45.5,0.0,0.0,0.5785714285714285,0.18333333333333332,1,백반·죽·국수,본그룹
ba_14691997,2025-04,1.0,216.53846153846155,44.15384615384615,0.0,0.0,0.6373626373626374,0.28205128205128205,0,백반·죽·국수,본그룹
ba_14691998,2025-03,1.0,164.66666666666666,24.333333333333332,0.0,0.0,0.14285714285714285,0.05555555555555555,1,백반·죽·국수,본그룹
ba_14691998,2025-04,1.0,144.25,23.75,0.0,0.0,0.03571428571428571,0.0,1,백반·죽·국수,본그룹
ba_14691999,2025-03,0.0,0.0,0.0,0.0,0.0,0.0,0.0,1,백반·죽·국수,본그룹
ba_14691999,2025-04,0.0,0.0,0.0,0.0,0.0,0.0,0.0,0,백반·죽·국수,본그룹
ba_14692012,2025-02,0.0,0.0,0.0,0.0,0.0,0.0,0.0,1,백반·죽·국수,본그룹
ba_14692012,2025-03,0.0,0.0,0.0,0.0,0.0,0.0,0.0,1,백반·죽·국수,본그룹
ba_14692012,2025-04,0.1,27.3,6.0,0.1,0.1,0.02857142857142857,0.016666666666666666,0,백반·죽·국수,본그룹
ba_14692022,2025-02,0.0,0.0,0.0,0.0,0.0,0.0,0.0,1,백반·죽·국수,본그룹
ba_14692022,2025-03,0.0,0.0,0.0,0.0,0.0,0.0,0.0,1,백반·죽·국수,본그룹
ba_14692022,2025-04,0.0,0.0,0.0,0.0,0.0,0.0,0.0,0,백반·죽·국수,본그룹
ba_14692035,2025-03,0.0,0.0,0.0,0.0,0.0,0.0,0.0,1,백반·죽·국수,본그룹
ba_14692035,2025-04,0.3333333333333333,96.0,22.0,0.0,0.0,0.047619047619047616,0.0,0,백반·죽·국수,본그룹
ba_14692035,2025-02,1.0,211.0,47.0,1.0,1.0,0.42857142857142855,0.3333333333333333,1,백반·죽·국수,본그룹
ba_14692060,2025-02,0.0,0.0,0.0,0.0,0.0,0.0,0.0,1,백반·죽·국수,본그룹
ba_14692060,2025-03,0.0,0.0,0.0,0.0,0.0,0.0,0.0,0,백반·죽·국수,본그룹
ba_14692060,2025-04,0.08333333333333333,17.583333333333332,3.9166666666666665,0.08333333333333333,0.08333333333333333,0.03571428571428571,0.027777777777777776,0,백반·죽·국수,본그룹
ba_14692077,2025-02,0.0,0.0,0.0,0.0,0.0,0.0,0.0,1,백반·죽·국수,본그룹
ba_14692077,2025-03,0.0,0.0,0.0,0.0,0.0,0.0,0.0,0,백반·죽·국수,본그룹
ba_14692077,2025-04,0.5,146.0,30.5,0.0,0.0,0.07142857142857142,0.08333333333333333,0,백반·죽·국수,본그룹
ba_14692092,2025-02,0.0,0.0,0.0,0.0,0.0,0.0,0.0,1,백반·죽·국수,본그룹
ba_14692092,2025-03,0.0,0.0,0.0,0.0,0.0,0.0,0.0,0,백반·죽·국수,본그룹
ba_14692092,2025-04,0.0,0.0,0.0,0.0,0.0,0.0,0.0,0,백반·죽·국수,본그룹
ba_14692116,2025-03,1.0,59.0,11.0,0.0,0.0,0.2857142857142857,0.0,1,백반·죽·국수,본그룹
ba_14692116,2025-04,1.0,70.5,13.4,0.0,0.0,0.21428571428571427,0.03333333333333333,1,백반·죽·국수,본그룹
ba_14692121,2025-03,1.0,99.0,20.0,0.0,0.0,0.2857142857142857,0.16666666666666666,1,백반·죽·국수,본그룹
ba_14692121,2025-04,1.0,93.625,18.5,0.0,0.0,0.21428571428571427,0.1875,0,백반·죽·국수,본그룹
ba_14692146,2025-03,0.0,0.0,0.0,0.0,0.0,0.0,0.0,1,백반·죽·국수,본그룹
ba_14692146,2025-04,0.14285714285714285,37.42857142857143,8.285714285714286,0.14285714285714285,0.14285714285714285,0.061224489795918366,0.047619047619047616,1,백반·죽·국수,본그룹
ba_14692155,2025-02,1.0,222.875,48.25,1.0,1.0,0.26785714285714285,0.16666666666666666,0,백반·죽·국수,본그룹
ba_14692155,2025-03,1.0,218.1,46.7,1.0,1.0,0.2857142857142857,0.16666666666666666,0,백반·죽·국수,본그룹
ba_14692155,2025-04,1.0,206.57142857142858,44.0,1.0,1.0,0.2857142857142857,0.16666666666666666,0,백반·죽·국수,본그룹
ba_14692164,2025-03,0.0,0.0,0.0,0.0,0.0,0.0,0.0,1,백반·죽·국수,본그룹
ba_14692164,2025-04,0.0,0.0,0.0,0.0,0.0,0.0,0.0,0,백반·죽·국수,본그룹
ba_14692165,2025-02,0.0,0.0,0.0,0.0,0.0,0.0,0.0,1,백반·죽·국수,본그룹
ba_14692165,2025-03,0.16666666666666666,2.1666666666666665,0.3333333333333333,0.0,0.0,0.023809523809523808,0.0,1,백반·죽·국수,본그룹
ba_14692165,2025-04,0.0,0.0,0.0,0.0,0.0,0.0,0.0,0,백반·죽·국수,본그룹
ba_14692168,2025-04,0.25,63.3,13.25,0.25,0.25,0.17857142857142858,0.08333333333333333,1,백반·죽·국수,본그룹
ba_14692168,2025-03,1.0,255.56521739130434,54.34782608695652,1.0,1.0,0.7142857142857144,0.3333333333333333,1,백반·죽·국수,본그룹
ba_14692185,2025-02,0.25,53.0,12.25,0.25,0.25,0.10714285714285714,0.08333333333333333,1,백반·죽·국수,본그룹
ba_14692185,2025-03,0.2,32.2,6.0,0.2,0.2,0.11428571428571428,0.03333333333333333,1,백반·죽·국수,본그룹
ba_14692185,2025-04,1.0,167.0,35.0625,0.375,0.375,0.29464285714285715,0.10416666666666666,0,백반·죽·국수,본그룹
ba_14692190,2025-02,1.0,231.75,52.5625,0.0,0.0,0.3125,0.13541666666666666,1,백반·죽·국수,본그룹
ba_14692190,2025-03,1.0,220.08695652173913,51.95652173913044,0.08695652173913043,0.08695652173913043,0.2857142857142857,0.12318840579710144,1,백반·죽·국수,본그룹
ba_14692190,2025-04,1.0,231.51724137931035,50.93103448275862,0.0,0.0,0.2463054187192118,0.08045977011494251,0,백반·죽·국수,본그룹
ba_14692194,2025-03,0.0,0.0,0.0,0.0,0.0,0.0,0.0,1,백반·죽·국수,본그룹
ba_14692201,2025-02,0.0,0.0,0.0,0.0,0.0,0.0,0.0,0,백반·죽·국수,본그룹
ba_14692201,2025-03,0.0,0.0,0.0,0.0,0.0,0.0,0.0,0,백반·죽·국수,본그룹
ba_14692201,2025-04,0.0,0.0,0.0,0.0,0.0,0.0,0.0,0,백반·죽·국수,본그룹
ba_14692211,2025-02,1.0,153.125,28.375,0.0,0.0,0.3214285714285714,0.020833333333333332,1,백반·죽·국수,본그룹
ba_14692211,2025-03,1.0,111.63157894736842,21.42105263157895,0.0,0.0,0.3007518796992481,0.0,0,백반·죽·국수,본그룹
ba_14692211,2025-04,1.0,113.71428571428571,21.714285714285715,0.14285714285714285,0.14285714285714285,0.2857142857142857,0.0,0,백반·죽·국수,본그룹
ba_14692212,2025-03,0.0,0.0,0.0,0.0,0.0,0.0,0.0,1,백반·죽·국수,본그룹
ba_14692212,2025-04,0.0,0.0,0.0,0.0,0.0,0.0,0.0,0,백반·죽·국수,본그룹
ba_14692232,2025-03,1.0,133.5,28.0,0.0,0.0,0.14285714285714285,0.0,0,백반·죽·국수,본그룹
ba_14692242,2025-02,1.0,100.25,21.75,0.0,0.0,0.14285714285714285,0.0,1,백반·죽·국수,본그룹
ba_14692242,2025-03,1.0,63.6,12.6,0.0,0.0,0.11428571428571428,0.0,0,백반·죽·국수,본그룹
ba_14692242,2025-04,1.0,94.5,20.0,0.0,0.0,0.14285714285714285,0.0,1,백반·죽·국수,본그룹
ba_14692246,2025-02,1.0,109.0,23.0,0.0,0.0,0.7142857142857143,0.5,1,백반·죽·국수,본그룹
ba_14692246,2025-03,1.0,107.0,22.0,0.0,0.0,0.42857142857142855,0.16666666666666666,1,백반·죽·국수,본그룹
ba_14692246,2025-04,1.0,136.0,27.0,0.0,0.0,0.6785714285714286,0.25,0,백반·죽·국수,본그룹
ba_14692251,2025-03,0.0,0.0,0.0,0.0,0.0,0.0,0.0,1,백반·죽·국수,본그룹
ba_14692251,2025-04,0.0,0.0,0.0,0.0,0.0,0.0,0.0,1,백반·죽·국수,본그룹
ba_14692258,2025-03,0.5,129.0,27.5,0.0,0.0,0.07142857142857142,0.0,1,백반·죽·국수,본그룹
ba_14692258,2025-04,0.0,0.0,0.0,0.0,0.0,0.0,0.0,1,백반·죽·국수,본그룹
ba_14692275,2025-02,1.0,78.66666666666667,17.11111111111111,0.1111111111111111,0.1111111111111111,0.15873015873015872,0.07407407407407407,1,백반·죽·국수,본그룹
ba_14692275,2025-03,1.0,68.75,14.75,0.0,0.0,0.10714285714285714,0.041666666666666664,0,백반·죽·국수,본그룹
ba_14692275,2025-04,1.0,59.0,12.666666666666666,0.0,0.0,0.09523809523809523,0.037037037037037035,0,백반·죽·국수,본그룹
ba_14692278,2025-02,0.0,0.0,0.0,0.0,0.0,0.0,0.0,1,백반·죽·국수,본그룹
ba_14692278,2025-03,0.0,0.0,0.0,0.0,0.0,0.0,0.0,0,백반·죽·국수,본그룹
ba_14692291,2025-02,0.0,0.0,0.0,0.0,0.0,0.0,0.0,1,백반·죽·국수,본그룹
ba_14692291,2025-03,0.0,0.0,0.0,0.0,0.0,0.0,0.0,1,백반·죽·국수,본그룹
ba_14692291,2025-04,0.0,0.0,0.0,0.0,0.0,0.0,0.0,0,백반·죽·국수,본그룹
ba_14692326,2025-02,0.0,0.0,0.0,0.0,0.0,0.0,0.0,1,백반·죽·국수,본그룹
ba_14692326,2025-03,0.0,0.0,0.0,0.0,0.0,0.0,0.0,0,백반·죽·국수,본그룹
ba_14692326,2025-04,0.0,0.0,0.0,0.0,0.0,0.0,0.0,0,백반·죽·국수,본그룹
ba_14692339,2025-03,1.0,142.0,29.5,0.0,0.0,0.7142857142857143,0.3333333333333333,1,백반·죽·국수,본그룹
ba_14692339,2025-04,1.0,132.66666666666666,28.0,0.0,0.0,0.7142857142857143,0.3333333333333333,0,백반·죽·국수,본그룹
ba_14692346,2025-02,0.0,0.0,0.0,0.0,0.0,0.0,0.0,1,백반·죽·국수,본그룹
ba_14692346,2025-03,0.0,0.0,0.0,0.0,0.0,0.0,0.0,1,백반·죽·국수,본그룹
ba_14692346,2025-04,0.0,0.0,0.0,0.0,0.0,0.0,0.0,0,백반·죽·국수,본그룹
ba_14692368,2025-02,1.0,124.57142857142857,25.571428571428573,0.0,0.0,0.2857142857142857,0.19047619047619047,0,백반·죽·국수,본그룹
ba_14692368,2025-03,1.0,143.0,30.0,0.0,0.0,0.2857142857142857,0.1111111111111111,0,백반·죽·국수,본그룹
ba_14692383,2025-02,0.0,0.0,0.0,0.0,0.0,0.0,0.0,1,백반·죽·국수,본그룹
ba_14692383,2025-03,0.0,0.0,0.0,0.0,0.0,0.0,0.0,0,백반·죽·국수,본그룹
ba_14692383,2025-04,0.0,0.0,0.0,0.0,0.0,0.0,0.0,0,백반·죽·국수,본그룹
ba_14692433,2025-02,0.0,0.0,0.0,0.0,0.0,0.0,0.0,1,백반·죽·국수,본그룹
ba_14692433,2025-03,0.0,0.0,0.0,0.0,0.0,0.0,0.0,0,백반·죽·국수,본그룹
ba_14692433,2025-04,0.0,0.0,0.0,0.0,0.0,0.0,0.0,0,백반·죽·국수,본그룹
ba_14692434,2025-03,1.0,87.875,20.125,0.0,0.0,0.42857142857142855,0.0625,1,백반·죽·국수,본그룹
ba_14692439,2025-02,1.0,237.06666666666666,47.13333333333333,1.0,1.0,0.7142857142857143,0.0,0,백반·죽·국수,본그룹
ba_14692439,2025-03,1.0,250.83333333333334,49.166666666666664,1.0,1.0,0.7142857142857143,0.027777777777777776,0,백반·죽·국수,본그룹
ba_14692439,2025-04,1.0,249.71428571428572,49.142857142857146,1.0,1.0,0.7142857142857143,0.0,0,백반·죽·국수,본그룹
ba_14692455,2025-03,1.0,301.3333333333333,62.833333333333336,0.0,0.0,0.3095238095238095,0.19444444444444442,0,백반·죽·국수,본그룹
ba_14692455,2025-04,1.0,299.5,65.0,0.0,0.0,0.07142857142857142,0.041666666666666664,1,백반·죽·국수,본그룹
ba_14692459,2025-02,0.2,17.6,3.4,0.0,0.0,0.02857142857142857,0.0,1,백반·죽·국수,본그룹
ba_14692459,2025-03,0.0,0.0,0.0,0.0,0.0,0.0,0.0,1,백반·죽·국수,본그룹
ba_14692459,2025-04,0.25,48.5,9.833333333333334,0.08333333333333333,0.08333333333333333,0.059523809523809514,0.027777777777777776,1,백반·죽·국수,본그룹
ba_14692460,2025-04,0.0,0.0,0.0,0.0,0.0,0.0,0.0,0,백반·죽·국수,본그룹
ba_14692460,2025-02,1.0,142.5,27.5,0.0,0.0,0.07142857142857142,0.0,1,백반·죽·국수,본그룹
ba_14692460,2025-03,1.0,127.85714285714286,24.428571428571427,0.0,0.0,0.061224489795918366,0.0,0,백반·죽·국수,본그룹
ba_14692482,2025-02,0.3333333333333333,54.0,10.666666666666666,0.0,0.0,0.09523809523809523,0.05555555555555555,1,백반·죽·국수,본그룹
ba_14692482,2025-04,0.5,50.333333333333336,9.0,0.0,0.0,0.07142857142857142,0.05555555555555555,0,백반·죽·국수,본그룹
ba_14692482,2025-03,1.0,163.85714285714286,32.0,0.0,0.0,0.2857142857142857,0.16666666666666666,0,백반·죽·국수,본그룹
ba_14692505,2025-02,1.0,222.25,45.25,0.25,0.25,0.42857142857142855,0.20833333333333331,1,백반·죽·국수,본그룹
ba_14692505,2025-03,1.0,257.5,56.166666666666664,0.6666666666666666,0.6666666666666666,0.6666666666666666,0.3611111111111111,1,백반·죽·국수,본그룹
ba_14692505,2025-04,1.0,247.2,51.8,0.4,0.4,0.4,0.16666666666666666,0,백반·죽·국수,본그룹
ba_14692549,2025-02,0.0,0.0,0.0,0.0,0.0,0.0,0.0,1,백반·죽·국수,본그룹
ba_14692549,2025-03,0.0,0.0,0.0,0.0,0.0,0.0,0.0,0,백반·죽·국수,본그룹
ba_14692551,2025-04,0.0,0.0,0.0,0.0,0.0,0.0,0.0,0,백반·죽·국수,본그룹
ba_14692551,2025-02,1.0,53.75,10.25,0.0,0.0,0.17857142857142855,0.20833333333333331,1,백반·죽·국수,본그룹
ba_14692551,2025-03,1.0,62.5,12.5,0.0,0.0,0.3214285714285714,0.16666666666666666,1,백반·죽·국수,본그룹
ba_14692592,2025-02,0.0,0.0,0.0,0.0,0.0,0.0,0.0,1,백반·죽·국수,본그룹
ba_14692592,2025-03,0.0,0.0,0.0,0.0,0.0,0.0,0.0,1,백반·죽·국수,본그룹
ba_14692592,2025-04,0.0,0.0,0.0,0.0,0.0,0.0,0.0,0,백반·죽·국수,본그룹
ba_14692796,2025-02,0.0,0.0,0.0,0.0,0.0,0.0,0.0,1,백반·죽·국수,본그룹
ba_14692796,2025-03,0.5,44.5,8.5,0.0,0.0,0.07142857142857142,0.0,1,백반·죽·국수,본그룹
ba_14692796,2025-04,0.0,0.0,0.0,0.0,0.0,0.0,0.0,0,백반·죽·국수,본그룹
ba_14692985,2025-04,0.0,0.0,0.0,0.0,0.0,0.0,0.0,1,백반·죽·국수,본그룹
ba_14693042,2025-03,0.0,0.0,0.0,0.0,0.0,0.0,0.0,1,백반·죽·국수,본그룹
ba_14693042,2025-04,0.0,0.0,0.0,0.0,0.0,0.0,0.0,1,백반·죽·국수,본그룹
ba_14693289,2025-02,0.9285714285714286,231.42857142857142,44.357142857142854,0.07142857142857142,0.07142857142857142,0.16326530612244897,0.023809523809523808,1,백반·죽·국수,본그룹
ba_14693289,2025-04,0.9285714285714286,264.64285714285717,54.785714285714285,0.0,0.0,0.25510204081632654,0.08333333333333333,0,백반·죽·국수,본그룹
ba_14693289,2025-01,1.0,189.0,36.75,0.125,0.125,0.26785714285714285,0.08333333333333333,1,백반·죽·국수,본그룹
ba_14693289,2025-03,1.0,310.3529411764706,62.0,0.17647058823529413,0.17647058823529413,0.3361344537815126,0.11764705882352941,0,백반·죽·국수,본그룹
ba_14694145,2025-02,0.0,0.0,0.0,0.0,0.0,0.0,0.0,1,백반·죽·국수,본그룹
ba_14694145,2025-03,0.0,0.0,0.0,0.0,0.0,0.0,0.0,1,백반·죽·국수,본그룹
ba_14694145,2025-04,0.0,0.0,0.0,0.0,0.0,0.0,0.0,0,백반·죽·국수,본그룹
ba_14694148,2025-02,0.0,0.0,0.0,0.0,0.0,0.0,0.0,1,백반·죽·국수,본그룹
ba_14694148,2025-04,1.0,69.0,16.75,0.0,0.0,0.14285714285714285,0.0,1,백반·죽·국수,본그룹
ba_14694278,2025-04,0.7142857142857143,43.42857142857143,6.285714285714286,0.0,0.0,0.08163265306122448,0.0,0,백반·죽·국수,본그룹
ba_14694278,2025-02,1.0,98.25,17.25,0.125,0.125,0.26785714285714285,0.020833333333333332,0,백반·죽·국수,본그룹
ba_14694278,2025-03,1.0,89.6,18.8,0.0,0.0,0.2571428571428571,0.0,0,백반·죽·국수,본그룹
ba_14694287,2025-02,0.0,0.0,0.0,0.0,0.0,0.0,0.0,1,백반·죽·국수,본그룹
ba_14694287,2025-04,0.0,0.0,0.0,0.0,0.0,0.0,0.0,0,백반·죽·국수,본그룹
ba_14694390,2025-02,1.0,68.81818181818181,15.090909090909092,0.0,0.0,0.5714285714285714,0.3333333333333333,1,백반·죽·국수,본그룹
ba_14694390,2025-03,1.0,80.16666666666667,17.166666666666668,0.0,0.0,0.5,0.27777777777777773,1,백반·죽·국수,본그룹
ba_14694390,2025-04,1.0,153.05882352941177,32.588235294117645,0.23529411764705882,0.23529411764705882,0.38655462184873945,0.20588235294117646,1,백반·죽·국수,본그룹
ba_14694402,2025-02,0.0,0.0,0.0,0.0,0.0,0.0,0.0,1,백반·죽·국수,본그룹
ba_14694402,2025-03,0.0,0.0,0.0,0.0,0.0,0.0,0.0,0,백반·죽·국수,본그룹
ba_14694402,2025-04,0.5,130.5,29.5,0.5,0.5,0.21428571428571427,0.16666666666666666,0,백반·죽·국수,본그룹
ba_14694577,2025-02,1.0,66.0,13.0,0.0,0.0,0.3571428571428571,0.125,1,백반·죽·국수,본그룹
ba_14694577,2025-03,1.0,77.0,15.0,0.0,0.0,0.42857142857142855,0.16666666666666666,0,백반·죽·국수,본그룹
ba_14694577,2025-04,1.0,62.5,13.0,0.0,0.0,0.3571428571428571,0.08333333333333333,0,백반·죽·국수,본그룹
ba_14694620,2025-03,0.2857142857142857,9.142857142857142,1.7142857142857142,0.0,0.0,0.0,0.0,0,백반·죽·국수,본그룹
ba_14694620,2025-02,1.0,33.25,6.0,0.0,0.0,0.0,0.0,1,백반·죽·국수,본그룹
ba_14694620,2025-04,1.0,48.833333333333336,10.166666666666666,0.0,0.0,0.0,0.0,0,백반·죽·국수,본그룹
ba_14694670,2025-02,0.0,0.0,0.0,0.0,0.0,0.0,0.0,1,백반·죽·국수,본그룹
ba_14694670,2025-03,0.0,0.0,0.0,0.0,0.0,0.0,0.0,0,백반·죽·국수,본그룹
ba_14694670,2025-04,0.0,0.0,0.0,0.0,0.0,0.0,0.0,0,백반·죽·국수,본그룹
ba_14694671,2025-02,0.0,0.0,0.0,0.0,0.0,0.0,0.0,1,백반·죽·국수,본그룹
ba_14694671,2025-03,0.0,0.0,0.0,0.0,0.0,0.0,0.0,1,백반·죽·국수,본그룹
ba_14694671,2025-04,0.0,0.0,0.0,0.0,0.0,0.0,0.0,0,백반·죽·국수,본그룹
ba_14695006,2025-02,0.0,0.0,0.0,0.0,0.0,0.0,0.0,1,백반·죽·국수,본그룹
ba_14695006,2025-03,0.0,0.0,0.0,0.0,0.0,0.0,0.0,1,백반·죽·국수,본그룹
ba_14695006,2025-04,0.0,0.0,0.0,0.0,0.0,0.0,0.0,0,백반·죽·국수,본그룹
ba_14695008,2025-03,0.0,0.0,0.0,0.0,0.0,0.0,0.0,1,백반·죽·국수,본그룹
ba_14695008,2025-04,0.0,0.0,0.0,0.0,0.0,0.0,0.0,1,백반·죽·국수,본그룹
ba_14695236,2025-02,0.0,0.0,0.0,0.0,0.0,0.0,0.0,0,백반·죽·국수,본그룹
ba_14695290,2025-04,0.0,0.0,0.0,0.0,0.0,0.0,0.0,1,백반·죽·국수,본그룹
ba_14695958,2025-02,0.0,0.0,0.0,0.0,0.0,0.0,0.0,1,백반·죽·국수,본그룹
ba_14695958,2025-03,0.0,0.0,0.0,0.0,0.0,0.0,0.0,0,백반·죽·국수,본그룹
ba_14695958,2025-04,0.0,0.0,0.0,0.0,0.0,0.0,0.0,0,백반·죽·국수,본그룹
ba_14698239,2025-02,0.0,0.0,0.0,0.0,0.0,0.0,0.0,0,백반·죽·국수,본그룹
ba_14698239,2025-03,0.0,0.0,0.0,0.0,0.0,0.0,0.0,0,백반·죽·국수,본그룹
ba_14698239,2025-04,1.0,103.5,23.0,0.0,0.0,0.0,0.0,0,백반·죽·국수,본그룹
ba_14698364,2025-02,1.0,83.33333333333333,16.11111111111111,0.0,0.0,0.23809523809523808,0.12962962962962962,1,백반·죽·국수,본그룹
ba_14698364,2025-03,1.0,80.875,15.625,0.0,0.0,0.25,0.14583333333333331,0,백반·죽·국수,본그룹
ba_14698364,2025-04,1.0,83.7,16.1,0.0,0.0,0.2714285714285714,0.15,0,백반·죽·국수,본그룹
ba_14699201,2025-02,0.0,0.0,0.0,0.0,0.0,0.0,0.0,1,백반·죽·국수,본그룹
ba_14699201,2025-03,0.0,0.0,0.0,0.0,0.0,0.0,0.0,0,백반·죽·국수,본그룹
ba_14699399,2025-02,1.0,438.3783783783784,98.94594594594595,0.918918918918919,0.918918918918919,0.5135135135135135,0.3018018018018018,1,치킨,굽네치킨
ba_14699399,2025-03,1.0,454.0740740740741,102.48148148148148,1.0,1.0,0.5767195767195767,0.3333333333333333,1,치킨,굽네치킨
ba_14699399,2025-04,1.0,489.77777777777777,111.25925925925925,1.0,1.0,0.5608465608465608,0.32716049382716045,1,치킨,굽네치킨
ba_14699649,2025-02,1.0,139.42857142857142,28.428571428571427,0.5714285714285714,0.5714285714285714,0.26530612244897955,0.07142857142857142,1,치킨,굽네치킨
ba_14699649,2025-03,1.0,152.36363636363637,31.09090909090909,0.09090909090909091,0.09090909090909091,0.3246753246753247,0.10606060606060605,1,치킨,굽네치킨
ba_14699649,2025-04,1.0,139.58333333333334,29.25,0.0,0.0,0.4880952380952381,0.16666666666666666,1,치킨,굽네치킨
ba_14700021,2025-02,0.8484848484848485,77.81818181818181,14.151515151515152,0.12121212121212122,0.12121212121212122,0.19913419913419914,0.0505050505050505,1,치킨,굽네치킨
ba_14700021,2025-03,0.95,85.25,14.65,0.0,0.0,0.2,0.008333333333333333,1,치킨,굽네치킨
ba_14700021,2025-04,1.0,78.23529411764706,13.411764705882353,0.0,0.0,0.22689075630252098,0.00980392156862745,1,치킨,굽네치킨
ba_14700905,2025-02,0.8,76.2,14.6,0.0,0.0,0.2,0.0,0,백반·죽·국수,본그룹
ba_14700905,2025-01,1.0,95.5,17.5,0.0,0.0,0.21428571428571427,0.08333333333333333,1,백반·죽·국수,본그룹
ba_14700905,2025-03,1.0,67.66666666666667,12.333333333333334,0.0,0.0,0.19047619047619047,0.0,0,백반·죽·국수,본그룹
ba_14700905,2025-04,1.0,94.0,19.0,0.0,0.0,0.2857142857142857,0.0,0,백반·죽·국수,본그룹
ba_14701137,2025-02,0.0,0.0,0.0,0.0,0.0,0.0,0.0,1,백반·죽·국수,본그룹
ba_14701137,2025-03,0.0,0.0,0.0,0.0,0.0,0.0,0.0,1,백반·죽·국수,본그룹
ba_14701137,2025-04,0.0,0.0,0.0,0.0,0.0,0.0,0.0,0,백반·죽·국수,본그룹
ba_14701165,2025-02,0.0,0.0,0.0,0.0,0.0,0.0,0.0,0,백반·죽·국수,본그룹
ba_14702063,2025-02,1.0,110.33333333333333,20.666666666666668,0.0,0.0,0.3333333333333333,0.2222222222222222,1,백반·죽·국수,본그룹
ba_14702063,2025-03,1.0,76.0,15.0,0.0,0.0,0.23809523809523805,0.16666666666666666,0,백반·죽·국수,본그룹
ba_14702120,2025-02,1.0,113.27272727272727,22.0,0.0,0.0,0.2597402597402597,0.0,0,백반·죽·국수,본그룹
ba_14702120,2025-03,1.0,86.5,16.5,0.0,0.0,0.21428571428571427,0.0,0,백반·죽·국수,본그룹
ba_14702996,2025-02,0.0,0.0,0.0,0.0,0.0,0.0,0.0,0,백반·죽·국수,본그룹
ba_14702996,2025-03,0.0,0.0,0.0,0.0,0.0,0.0,0.0,0,백반·죽·국수,본그룹
ba_14703930,2025-03,0.0,0.0,0.0,0.0,0.0,0.0,0.0,1,백반·죽·국수,본그룹
ba_14706394,2025-02,1.0,83.75,16.5,0.0,0.0,0.2857142857142857,0.0,1,백반·죽·국수,본그룹
ba_14706394,2025-03,1.0,53.166666666666664,11.0,0.0,0.0,0.21428571428571427,0.0,1,백반·죽·국수,본그룹
ba_14706394,2025-04,1.0,77.5,15.333333333333334,0.0,0.0,0.2857142857142857,0.0,0,백반·죽·국수,본그룹
ba_14708789,2025-04,0.0,0.0,0.0,0.0,0.0,0.0,0.0,0,백반·죽·국수,본그룹
ba_14708789,2025-02,1.0,148.0,29.0,0.0,0.0,0.2857142857142857,0.16666666666666666,0,백반·죽·국수,본그룹
ba_14708929,2025-02,0.0,0.0,0.0,0.0,0.0,0.0,0.0,1,치킨,굽네치킨
ba_14708929,2025-03,0.35294117647058826,20.470588235294116,4.176470588235294,0.0,0.0,0.04201680672268907,0.0,1,치킨,굽네치킨
ba_14708929,2025-04,0.0,0.0,0.0,0.0,0.0,0.0,0.0,1,치킨,굽네치킨
ba_14712294,2025-03,1.0,158.0,31.25,0.0,0.0,0.3214285714285714,0.041666666666666664,1,백반·죽·국수,본그룹
ba_14712294,2025-04,1.0,163.33333333333334,31.833333333333332,0.0,0.0,0.3452380952380952,0.013888888888888888,1,백반·죽·국수,본그룹
ba_14712797,2025-03,0.42857142857142855,69.14285714285714,14.214285714285714,0.0,0.0,0.09183673469387754,0.0,1,치킨,굽네치킨
ba_14712797,2025-04,1.0,156.3846153846154,32.30769230769231,0.3076923076923077,0.3076923076923077,0.0989010989010989,0.038461538461538464,0,치킨,굽네치킨
ba_14714062,2025-02,1.0,122.0,22.0,0.0,0.0,0.42857142857142855,0.16666666666666666,1,백반·죽·국수,본그룹
ba_14714062,2025-03,1.0,177.0,35.2,0.1,0.1,0.41428571428571426,0.16666666666666666,0,백반·죽·국수,본그룹
ba_14714062,2025-04,1.0,164.33333333333334,31.833333333333332,0.16666666666666666,0.16666666666666666,0.45238095238095233,0.16666666666666666,0,백반·죽·국수,본그룹
ba_14715313,2025-02,0.0,0.0,0.0,0.0,0.0,0.0,0.0,1,치킨,굽네치킨
ba_14715313,2025-03,0.5714285714285714,173.0,36.857142857142854,0.07142857142857142,0.07142857142857142,0.22448979591836735,0.08333333333333333,1,치킨,굽네치킨
ba_14715313,2025-04,1.0,266.3333333333333,56.733333333333334,0.0,0.0,0.2952380952380952,0.1,1,치킨,굽네치킨
ba_14716102,2025-03,1.0,71.66666666666667,15.0,0.0,0.0,0.09523809523809523,0.0,1,백반·죽·국수,본그룹
ba_14716102,2025-04,1.0,77.66666666666667,15.5,0.0,0.0,0.20238095238095236,0.05555555555555555,0,백반·죽·국수,본그룹
ba_14716332,2025-04,0.9896907216494846,159.51546391752578,33.896907216494846,0.24742268041237114,0.24742268041237114,0.0014727540500736377,0.0,0,치킨,굽네치킨
ba_14716332,2025-02,1.0,111.0,22.571428571428573,0.14285714285714285,0.14285714285714285,0.12244897959183673,0.07142857142857142,1,치킨,굽네치킨
ba_14716332,2025-03,1.0,95.18181818181819,19.575757575757574,0.0,0.0,0.006493506493506493,0.0,1,치킨,굽네치킨
ba_14719522,2025-03,1.0,55.0,12.0,0.0,0.0,0.2857142857142857,0.0,1,백반·죽·국수,본그룹
ba_14719554,2025-02,0.0,0.0,0.0,0.0,0.0,0.0,0.0,1,백반·죽·국수,본그룹
ba_14719554,2025-03,0.0,0.0,0.0,0.0,0.0,0.0,0.0,1,백반·죽·국수,본그룹
ba_14719554,2025-04,0.8333333333333334,128.5,27.0,0.3333333333333333,0.3333333333333333,0.16666666666666666,0.08333333333333333,1,백반·죽·국수,본그룹
ba_14720263,2025-03,0.0,0.0,0.0,0.0,0.0,0.0,0.0,1,피자,굽네치킨
ba_14720368,2025-04,0.8095238095238095,98.61904761904762,19.857142857142858,0.0,0.0,0.25170068027210885,0.0,0,백반·죽·국수,본그룹
ba_14720368,2025-02,1.0,169.5,34.0,0.0,0.0,0.3571428571428571,0.16666666666666666,1,백반·죽·국수,본그룹
ba_14720368,2025-03,1.0,127.22222222222223,26.444444444444443,0.1111111111111111,0.1111111111111111,0.12698412698412698,0.0,1,백반·죽·국수,본그룹
ba_14721018,2025-04,0.0,0.0,0.0,0.0,0.0,0.0,0.0,1,치킨,굽네치킨
ba_14721018,2025-02,1.0,253.0,57.0,0.0,0.0,0.2857142857142857,0.0,1,치킨,굽네치킨
ba_14721018,2025-03,1.0,276.4,58.8,0.0,0.0,0.2857142857142857,0.0,1,치킨,굽네치킨
ba_14725485,2025-03,1.0,113.0,19.8,0.0,0.0,0.14285714285714285,0.0,1,치킨,굽네치킨
ba_14725485,2025-04,1.0,104.66666666666667,19.0,0.0,0.0,0.14285714285714285,0.0,1,치킨,굽네치킨
ba_14725627,2025-03,1.0,108.5,23.0,0.0,0.0,0.21428571428571427,0.08333333333333333,1,백반·죽·국수,본그룹
ba_14725627,2025-04,1.0,56.625,10.875,0.0,0.0,0.03571428571428571,0.0,0,백반·죽·국수,본그룹
ba_14726472,2025-03,1.0,130.8,27.2,0.3,0.3,0.2857142857142857,0.1,1,치킨,굽네치킨
ba_14726472,2025-04,1.0,90.77142857142857,19.02857142857143,0.05714285714285714,0.05714285714285714,0.20816326530612245,0.033333333333333326,1,치킨,굽네치킨
ba_14726738,2025-04,1.0,187.0,42.0,0.0,0.0,0.2857142857142857,0.16666666666666666,0,백반·죽·국수,본그룹
ba_14726741,2025-03,0.0,0.0,0.0,0.0,0.0,0.0,0.0,1,백반·죽·국수,본그룹
ba_14726741,2025-04,0.0,0.0,0.0,0.0,0.0,0.0,0.0,0,백반·죽·국수,본그룹
ba_14727030,2025-03,1.0,338.2,71.0,0.0,0.0,0.3142857142857143,0.16666666666666666,1,백반·죽·국수,본그룹
ba_14727030,2025-04,1.0,359.1111111111111,77.11111111111111,0.1111111111111111,0.1111111111111111,0.2857142857142857,0.16666666666666666,1,백반·죽·국수,본그룹
ba_14727064,2025-03,1.0,90.2,19.8,0.0,0.0,0.2,0.1,1,백반·죽·국수,본그룹
ba_14727064,2025-04,1.0,104.5,21.5,0.0,0.0,0.21428571428571427,0.041666666666666664,1,백반·죽·국수,본그룹
ba_14728444,2025-03,1.0,63.5,12.0,0.0,0.0,0.14285714285714285,0.16666666666666666,0,백반·죽·국수,본그룹
ba_14728444,2025-04,1.0,73.5,13.0,0.0,0.0,0.21428571428571427,0.08333333333333333,0,백반·죽·국수,본그룹
ba_14728839,2025-03,0.0,0.0,0.0,0.0,0.0,0.0,0.0,1,치킨,굽네치킨
ba_14728839,2025-04,0.0,0.0,0.0,0.0,0.0,0.0,0.0,1,치킨,굽네치킨
ba_14729038,2025-03,0.9545454545454546,395.77272727272725,90.13636363636364,0.8181818181818182,0.8181818181818182,0.7207792207792207,0.28787878787878785,1,치킨,굽네치킨
ba_14729038,2025-04,1.0,437.35714285714283,99.57142857142857,0.9285714285714286,0.9285714285714286,0.7551020408163265,0.29761904761904756,0,치킨,굽네치킨
ba_14729159,2025-03,0.0,0.0,0.0,0.0,0.0,0.0,0.0,1,치킨,굽네치킨
ba_14729159,2025-04,0.7708333333333334,122.0,24.104166666666668,0.20833333333333334,0.20833333333333334,0.1875,0.0625,1,치킨,굽네치킨
ba_14729784,2025-04,1.0,100.91666666666667,18.416666666666668,0.0,0.0,0.22619047619047616,0.0,1,치킨,굽네치킨
ba_14729971,2025-03,1.0,84.57142857142857,18.714285714285715,0.0,0.0,0.3469387755102041,0.14285714285714285,1,치킨,굽네치킨
ba_14729971,2025-04,1.0,85.5909090909091,17.90909090909091,0.045454545454545456,0.045454545454545456,0.49350649350649345,0.2424242424242424,1,치킨,굽네치킨
ba_14730330,2025-03,0.5,98.0,22.5,0.0,0.0,0.07142857142857142,0.0,1,백반·죽·국수,본그룹
ba_14730330,2025-04,1.0,96.8,21.466666666666665,0.0,0.0,0.2952380952380952,0.01111111111111111,0,백반·죽·국수,본그룹
ba_14731363,2025-03,1.0,178.0,38.0,0.0,0.0,0.14285714285714285,0.16666666666666666,1,백반·죽·국수,본그룹
ba_14732026,2025-04,1.0,142.1153846153846,29.03846153846154,0.15384615384615385,0.15384615384615385,0.1868131868131868,0.02564102564102564,1,치킨,굽네치킨
ba_14732355,2025-04,0.9090909090909091,88.0,17.0,0.0,0.0,0.18181818181818182,0.0606060606060606,1,백반·죽·국수,본그룹
ba_14732355,2025-03,1.0,90.5,18.0,0.5,0.5,0.21428571428571427,0.08333333333333333,1,백반·죽·국수,본그룹
ba_14732602,2025-04,0.0,0.0,0.0,0.0,0.0,0.0,0.0,1,치킨,굽네치킨
ba_14733665,2025-03,0.0,0.0,0.0,0.0,0.0,0.0,0.0,1,치킨,굽네치킨
ba_14733665,2025-04,0.0,0.0,0.0,0.0,0.0,0.0,0.0,1,치킨,굽네치킨
ba_14735216,2025-03,0.0,0.0,0.0,0.0,0.0,0.0,0.0,1,백반·죽·국수,본그룹
ba_14735216,2025-04,0.0,0.0,0.0,0.0,0.0,0.0,0.0,1,백반·죽·국수,본그룹
ba_14735878,2025-04,1.0,88.57142857142857,16.714285714285715,0.0,0.0,0.0,0.0,1,백반·죽·국수,본그룹
ba_14736681,2025-04,0.75,244.25,51.25,0.0,0.0,0.17857142857142855,0.041666666666666664,1,백반·죽·국수,본그룹
ba_14736683,2025-04,1.0,299.14285714285717,60.80952380952381,0.0,0.0,0.2312925170068027,0.023809523809523808,1,백반·죽·국수,본그룹
ba_14736722,2025-04,0.0,0.0,0.0,0.0,0.0,0.0,0.0,1,치킨,굽네치킨
ba_14737726,2025-04,1.0,108.47826086956522,22.347826086956523,0.13043478260869565,0.13043478260869565,0.18012422360248445,0.05797101449275362,1,치킨,굽네치킨
ba_14740022,2025-04,0.0,0.0,0.0,0.0,0.0,0.0,0.0,1,치킨,굽네치킨
ba_14740239,2025-04,1.0,42.857142857142854,9.571428571428571,0.0,0.0,0.1020408163265306,0.023809523809523808,1,치킨,굽네치킨
ba_14742704,2025-04,0.5,46.0,2.5,0.0,0.0,0.0,0.0,1,백반·죽·국수,본그룹
ba_14742705,2025-04,0.0,0.0,0.0,0.0,0.0,0.0,0.0,1,백반·죽·국수,본그룹
ba_14743271,2025-04,1.0,52.833333333333336,11.0,0.16666666666666666,0.16666666666666666,0.0,0.0,1,백반·죽·국수,본그룹
ba_10418082,2025-01,0.0,0.0,0.0,0.0,0.0,0.0,0.0,0,치킨,굽네치킨
ba_10571616,2025-01,1.0,86.16666666666667,18.166666666666668,0.16666666666666666,0.16666666666666666,0.16666666666666666,0.05555555555555555,1,치킨,굽네치킨
ba_10800862,2025-01,0.16666666666666666,26.766666666666666,5.166666666666667,0.0,0.0,0.11904761904761905,0.05555555555555555,1,치킨,굽네치킨
ba_13181699,2025-01,0.0,0.0,0.0,0.0,0.0,0.0,0.0,0,백반·죽·국수,본그룹
ba_13181957,2025-01,1.0,167.66666666666666,32.333333333333336,0.0,0.0,0.0,0.0,0,백반·죽·국수,본그룹
ba_13182129,2025-01,0.0,0.0,0.0,0.0,0.0,0.0,0.0,0,백반·죽·국수,본그룹
ba_13186079,2025-01,1.0,14.0,2.0,0.0,0.0,0.14285714285714285,0.0,0,백반·죽·국수,본그룹
ba_13188150,2025-01,0.0,0.0,0.0,0.0,0.0,0.0,0.0,0,백반·죽·국수,본그룹
ba_13189796,2025-01,0.0,0.0,0.0,0.0,0.0,0.0,0.0,0,백반·죽·국수,본그룹
ba_13193158,2025-01,0.0,0.0,0.0,0.0,0.0,0.0,0.0,0,백반·죽·국수,본그룹
ba_13199208,2025-01,0.0,0.0,0.0,0.0,0.0,0.0,0.0,0,백반·죽·국수,본그룹
ba_13199335,2025-01,1.0,226.4,49.4,0.6,0.6,0.4,0.2,0,백반·죽·국수,본그룹
ba_13199864,2025-01,1.0,295.0,60.0,0.0,0.0,0.42857142857142855,0.16666666666666666,0,백반·죽·국수,본그룹
ba_13200219,2025-01,0.0,0.0,0.0,0.0,0.0,0.0,0.0,0,백반·죽·국수,본그룹
ba_13203399,2025-01,0.1111111111111111,107.33333333333333,21.77777777777778,0.0,0.0,0.0,0.0,0,백반·죽·국수,본그룹
ba_13219094,2025-01,0.0,0.0,0.0,0.0,0.0,0.0,0.0,0,백반·죽·국수,본그룹
ba_13219734,2025-01,0.0,0.0,0.0,0.0,0.0,0.0,0.0,0,백반·죽·국수,본그룹
ba_13221638,2025-01,0.0,0.0,0.0,0.0,0.0,0.0,0.0,0,백반·죽·국수,본그룹
ba_13221865,2025-01,0.0,0.0,0.0,0.0,0.0,0.0,0.0,0,백반·죽·국수,본그룹
ba_13221975,2025-01,0.75,56.25,8.5,0.0,0.0,0.07142857142857142,0.0,0,백반·죽·국수,본그룹
ba_13222803,2025-01,1.0,39.0,8.0,0.0,0.0,0.14285714285714285,0.0,0,백반·죽·국수,본그룹
ba_13223329,2025-01,1.0,252.66666666666666,52.833333333333336,0.3333333333333333,0.3333333333333333,0.4761904761904762,0.25,0,백반·죽·국수,본그룹
ba_13223367,2025-01,0.0,0.0,0.0,0.0,0.0,0.0,0.0,0,백반·죽·국수,본그룹
ba_13223504,2025-01,0.0,0.0,0.0,0.0,0.0,0.0,0.0,0,백반·죽·국수,본그룹
ba_13223520,2025-01,0.0,0.0,0.0,0.0,0.0,0.0,0.0,0,백반·죽·국수,본그룹
ba_13223538,2025-01,0.6666666666666666,57.666666666666664,12.666666666666666,0.0,0.0,0.09523809523809523,0.0,0,백반·죽·국수,본그룹
ba_13223654,2025-01,0.0,0.0,0.0,0.0,0.0,0.0,0.0,0,백반·죽·국수,본그룹
ba_13223711,2025-01,1.0,154.85714285714286,32.57142857142857,0.0,0.0,0.42857142857142855,0.11904761904761904,0,백반·죽·국수,본그룹
ba_13224027,2025-01,1.0,109.5,22.0,0.0,0.0,0.047619047619047616,0.0,0,백반·죽·국수,본그룹
ba_13224710,2025-01,0.0,0.0,0.0,0.0,0.0,0.0,0.0,0,백반·죽·국수,본그룹
ba_13224790,2025-01,0.0,0.0,0.0,0.0,0.0,0.0,0.0,0,백반·죽·국수,본그룹
ba_13224833,2025-01,0.0,0.0,0.0,0.0,0.0,0.0,0.0,0,백반·죽·국수,본그룹
ba_13224844,2025-01,0.0,0.0,0.0,0.0,0.0,0.0,0.0,0,백반·죽·국수,본그룹
ba_13225746,2025-01,0.0,0.0,0.0,0.0,0.0,0.0,0.0,0,백반·죽·국수,본그룹
ba_13225754,2025-01,1.0,14.0,2.0,0.0,0.0,0.14285714285714285,0.0,0,백반·죽·국수,본그룹
ba_13226670,2025-01,0.0,0.0,0.0,0.0,0.0,0.0,0.0,0,백반·죽·국수,본그룹
ba_13226947,2025-01,1.0,82.72727272727273,16.545454545454547,0.0,0.0,0.15584415584415584,0.16666666666666666,0,백반·죽·국수,본그룹
ba_13227070,2025-01,0.0,0.0,0.0,0.0,0.0,0.0,0.0,0,백반·죽·국수,본그룹
ba_13227543,2025-01,0.1,18.2,3.7,0.0,0.0,0.0,0.0,0,백반·죽·국수,본그룹
ba_13227659,2025-01,0.0,0.0,0.0,0.0,0.0,0.0,0.0,0,백반·죽·국수,본그룹
ba_13227696,2025-01,0.25,13.5,2.75,0.0,0.0,0.0,0.0,0,백반·죽·국수,본그룹
ba_13228166,2025-01,0.0,0.0,0.0,0.0,0.0,0.0,0.0,0,백반·죽·국수,본그룹
ba_13228520,2025-01,0.0,0.0,0.0,0.0,0.0,0.0,0.0,0,백반·죽·국수,본그룹
ba_13228675,2025-01,0.0,0.0,0.0,0.0,0.0,0.0,0.0,0,백반·죽·국수,본그룹
ba_13228677,2025-01,0.0,0.0,0.0,0.0,0.0,0.0,0.0,0,백반·죽·국수,본그룹
ba_13229184,2025-01,0.0,0.0,0.0,0.0,0.0,0.0,0.0,0,백반·죽·국수,본그룹
ba_13229975,2025-01,0.0,0.0,0.0,0.0,0.0,0.0,0.0,0,백반·죽·국수,본그룹
ba_13230007,2025-01,0.0,0.0,0.0,0.0,0.0,0.0,0.0,0,백반·죽·국수,본그룹
ba_13230502,2025-01,0.0,0.0,0.0,0.0,0.0,0.0,0.0,0,백반·죽·국수,본그룹
ba_13230793,2025-01,0.0,0.0,0.0,0.0,0.0,0.0,0.0,0,백반·죽·국수,본그룹
ba_13230824,2025-01,0.0,0.0,0.0,0.0,0.0,0.0,0.0,0,백반·죽·국수,본그룹
ba_13230834,2025-01,0.0,0.0,0.0,0.0,0.0,0.0,0.0,0,백반·죽·국수,본그룹
ba_13230921,2025-01,0.0,0.0,0.0,0.0,0.0,0.0,0.0,0,백반·죽·국수,본그룹
ba_13230969,2025-01,0.0,0.0,0.0,0.0,0.0,0.0,0.0,0,백반·죽·국수,본그룹
ba_13231120,2025-01,0.0,0.0,0.0,0.0,0.0,0.0,0.0,0,백반·죽·국수,본그룹
ba_13231147,2025-01,1.0,51.666666666666664,9.666666666666666,0.0,0.0,0.14285714285714285,0.0,0,백반·죽·국수,본그룹
ba_13231157,2025-01,0.0,0.0,0.0,0.0,0.0,0.0,0.0,0,백반·죽·국수,본그룹
ba_13231958,2025-01,0.0,0.0,0.0,0.0,0.0,0.0,0.0,0,백반·죽·국수,본그룹
ba_13232348,2025-01,0.0,0.0,0.0,0.0,0.0,0.0,0.0,0,백반·죽·국수,본그룹
ba_13233115,2025-01,1.0,85.2,18.0,0.0,0.0,0.0,0.0,0,백반·죽·국수,본그룹
ba_13233212,2025-01,1.0,66.25,15.75,0.0,0.0,0.03571428571428571,0.0,0,백반·죽·국수,본그룹
ba_13233436,2025-01,1.0,51.0,9.0,0.0,0.0,0.14285714285714285,0.16666666666666666,0,백반·죽·국수,본그룹
ba_13233454,2025-01,0.0,0.0,0.0,0.0,0.0,0.0,0.0,0,백반·죽·국수,본그룹
ba_13233463,2025-01,1.0,108.57142857142857,19.285714285714285,0.0,0.0,0.061224489795918366,0.0,0,백반·죽·국수,본그룹
ba_13233575,2025-01,1.0,164.66666666666666,34.666666666666664,0.0,0.0,0.14285714285714285,0.0,0,백반·죽·국수,본그룹
ba_13233579,2025-01,0.0,0.0,0.0,0.0,0.0,0.0,0.0,0,백반·죽·국수,본그룹
ba_13233581,2025-01,0.4444444444444444,40.55555555555556,8.666666666666666,0.0,0.0,0.047619047619047616,0.037037037037037035,0,백반·죽·국수,본그룹
ba_13233607,2025-01,0.0,0.0,0.0,0.0,0.0,0.0,0.0,0,백반·죽·국수,본그룹
ba_13233639,2025-01,0.3333333333333333,45.666666666666664,11.333333333333334,0.0,0.0,0.09523809523809523,0.0,0,백반·죽·국수,본그룹
ba_13233688,2025-01,0.0,0.0,0.0,0.0,0.0,0.0,0.0,0,백반·죽·국수,본그룹
ba_13233735,2025-01,1.0,87.0,15.0,0.0,0.0,0.17857142857142855,0.0,0,백반·죽·국수,본그룹
ba_13233764,2025-01,1.0,168.33333333333334,37.416666666666664,0.0,0.0,0.42857142857142855,0.16666666666666666,0,백반·죽·국수,본그룹
ba_13233782,2025-01,0.2222222222222222,45.44444444444444,7.333333333333333,0.0,0.0,0.0,0.0,0,백반·죽·국수,본그룹
ba_13233856,2025-01,0.0,0.0,0.0,0.0,0.0,0.0,0.0,0,백반·죽·국수,본그룹
ba_13234089,2025-01,0.0,0.0,0.0,0.0,0.0,0.0,0.0,0,백반·죽·국수,본그룹
ba_13234101,2025-01,0.0,0.0,0.0,0.0,0.0,0.0,0.0,0,백반·죽·국수,본그룹
ba_13234187,2025-01,0.0,0.0,0.0,0.0,0.0,0.0,0.0,0,백반·죽·국수,본그룹
ba_13234578,2025-01,0.0,0.0,0.0,0.0,0.0,0.0,0.0,0,백반·죽·국수,본그룹
ba_13235318,2025-01,0.0,0.0,0.0,0.0,0.0,0.0,0.0,0,백반·죽·국수,본그룹
ba_13235500,2025-01,0.0,0.0,0.0,0.0,0.0,0.0,0.0,0,백반·죽·국수,본그룹
ba_13235508,2025-01,0.0,0.0,0.0,0.0,0.0,0.0,0.0,0,백반·죽·국수,본그룹
ba_13235557,2025-01,0.0,0.0,0.0,0.0,0.0,0.0,0.0,0,백반·죽·국수,본그룹
ba_13235631,2025-01,0.0,0.0,0.0,0.0,0.0,0.0,0.0,0,백반·죽·국수,본그룹
ba_13236401,2025-01,0.0,0.0,0.0,0.0,0.0,0.0,0.0,0,백반·죽·국수,본그룹
ba_13236479,2025-01,0.0,0.0,0.0,0.0,0.0,0.0,0.0,0,백반·죽·국수,본그룹
ba_13236481,2025-01,0.0,0.0,0.0,0.0,0.0,0.0,0.0,0,백반·죽·국수,본그룹
ba_13236584,2025-01,0.0,0.0,0.0,0.0,0.0,0.0,0.0,0,백반·죽·국수,본그룹
ba_13237293,2025-01,1.0,48.4,8.6,0.0,0.0,0.11428571428571428,0.0,0,백반·죽·국수,본그룹
ba_13247000,2025-01,0.0,0.0,0.0,0.0,0.0,0.0,0.0,0,백반·죽·국수,본그룹
ba_13249105,2025-01,0.0,0.0,0.0,0.0,0.0,0.0,0.0,0,피자,굽네치킨
ba_13251048,2025-01,0.0,0.0,0.0,0.0,0.0,0.0,0.0,0,백반·죽·국수,본그룹
ba_13260523,2025-01,0.0,0.0,0.0,0.0,0.0,0.0,0.0,0,백반·죽·국수,본그룹
ba_13260584,2025-01,0.8333333333333334,77.5,15.833333333333334,0.16666666666666666,0.16666666666666666,0.3095238095238095,0.1111111111111111,0,백반·죽·국수,본그룹
ba_13292835,2025-01,1.0,157.0,41.0,0.0,0.0,0.14285714285714285,0.16666666666666666,0,백반·죽·국수,본그룹
ba_13308613,2025-01,0.0,0.0,0.0,0.0,0.0,0.0,0.0,0,백반·죽·국수,본그룹
ba_13412065,2025-01,0.4090909090909091,100.0909090909091,23.318181818181817,0.4090909090909091,0.4090909090909091,0.2922077922077922,0.13636363636363635,1,치킨,굽네치킨
ba_13451078,2025-01,1.0,185.5,36.5,0.0,0.0,0.17857142857142855,0.041666666666666664,0,백반·죽·국수,본그룹
ba_13471384,2025-01,1.0,69.33333333333333,12.0,0.0,0.0,0.23809523809523805,0.05555555555555555,0,백반·죽·국수,본그룹
ba_13477857,2025-01,1.0,138.33333333333334,23.5,0.0,0.0,0.11904761904761903,0.027777777777777776,0,백반·죽·국수,본그룹
ba_13492399,2025-01,1.0,185.85714285714286,40.57142857142857,0.0,0.0,0.38775510204081626,0.2619047619047619,0,백반·죽·국수,본그룹
ba_13504506,2025-01,0.0,0.0,0.0,0.0,0.0,0.0,0.0,0,백반·죽·국수,본그룹
ba_13522931,2025-01,0.0,0.0,0.0,0.0,0.0,0.0,0.0,0,백반·죽·국수,본그룹
ba_13539979,2025-01,0.0,0.0,0.0,0.0,0.0,0.0,0.0,0,백반·죽·국수,본그룹
ba_13550181,2025-01,0.0,0.0,0.0,0.0,0.0,0.0,0.0,0,백반·죽·국수,본그룹
ba_13550240,2025-01,0.2857142857142857,80.71428571428571,15.714285714285714,0.0,0.0,0.08163265306122448,0.0,0,백반·죽·국수,본그룹
ba_13612153,2025-01,0.0,0.0,0.0,0.0,0.0,0.0,0.0,0,백반·죽·국수,본그룹
ba_13630053,2025-01,0.0,0.0,0.0,0.0,0.0,0.0,0.0,0,백반·죽·국수,본그룹
ba_13648667,2025-01,0.0,0.0,0.0,0.0,0.0,0.0,0.0,0,백반·죽·국수,본그룹
ba_13722581,2025-01,1.0,71.5,15.0,0.0,0.0,0.14285714285714285,0.08333333333333333,0,백반·죽·국수,본그룹
ba_13730162,2025-01,1.0,86.0,18.333333333333332,0.0,0.0,0.23809523809523805,0.05555555555555555,0,백반·죽·국수,본그룹
ba_13972155,2025-01,1.0,251.0,50.0,0.5,0.5,0.5714285714285714,0.16666666666666666,1,피자,굽네치킨
ba_13973901,2025-01,0.0,0.0,0.0,0.0,0.0,0.0,0.0,1,피자,굽네치킨
ba_13975731,2025-01,1.0,243.0,57.0,1.0,1.0,0.7142857142857143,0.3333333333333333,1,피자,굽네치킨
ba_13977023,2025-01,0.0,0.0,0.0,0.0,0.0,0.0,0.0,1,피자,굽네치킨
ba_14042200,2025-01,1.0,154.125,31.625,0.0,0.0,0.4107142857142857,0.0625,0,백반·죽·국수,본그룹
ba_14117512,2025-01,1.0,241.0,48.0,0.0,0.0,0.7142857142857143,0.5,1,피자,굽네치킨
ba_14153764,2025-01,0.0,0.0,0.0,0.0,0.0,0.0,0.0,1,피자,굽네치킨
ba_14171127,2025-01,1.0,720.5,154.5,1.0,1.0,0.2857142857142857,0.16666666666666666,1,피자,굽네치킨
ba_14228480,2025-01,1.0,114.5,23.0,0.0,0.0,0.2857142857142857,0.0,0,치킨,굽네치킨
ba_14249441,2025-01,1.0,349.0,70.0,0.0,0.0,0.42857142857142855,0.16666666666666666,1,피자,굽네치킨
ba_14250329,2025-01,1.0,113.0,24.5,0.0,0.0,0.2857142857142857,0.0,1,피자,굽네치킨
ba_14259741,2025-01,1.0,110.6,20.0,0.0,0.0,0.2857142857142857,0.16666666666666666,0,백반·죽·국수,본그룹
ba_14268780,2025-01,0.14285714285714285,18.857142857142858,4.142857142857143,0.0,0.0,0.02040816326530612,0.0,0,백반·죽·국수,본그룹
ba_14270407,2025-01,1.0,283.0,57.0,0.0,0.0,0.2857142857142857,0.1111111111111111,0,백반·죽·국수,본그룹
ba_14271331,2025-01,0.0,0.0,0.0,0.0,0.0,0.0,0.0,1,피자,굽네치킨
ba_14273478,2025-01,0.0,0.0,0.0,0.0,0.0,0.0,0.0,0,피자,굽네치킨
ba_14273972,2025-01,1.0,56.666666666666664,11.333333333333334,0.0,0.0,0.23809523809523805,0.0,0,백반·죽·국수,본그룹
ba_14276685,2025-01,0.0,0.0,0.0,0.0,0.0,0.0,0.0,0,백반·죽·국수,본그룹
ba_14280570,2025-01,0.0,0.0,0.0,0.0,0.0,0.0,0.0,0,백반·죽·국수,본그룹
ba_14285796,2025-01,0.2,42.0,7.8,0.0,0.0,0.11428571428571428,0.0,0,백반·죽·국수,본그룹
ba_14322928,2025-01,1.0,75.33333333333333,14.666666666666666,0.0,0.0,0.14285714285714285,0.0,0,백반·죽·국수,본그룹
ba_14356032,2025-01,1.0,91.0,19.0,0.0,0.0,0.5714285714285714,0.16666666666666666,0,백반·죽·국수,본그룹
ba_14363013,2025-01,1.0,133.55555555555554,25.22222222222222,0.0,0.0,0.2857142857142857,0.0,0,백반·죽·국수,본그룹
ba_14387283,2025-01,0.6666666666666666,58.333333333333336,11.333333333333334,0.0,0.0,0.14285714285714285,0.05555555555555555,0,백반·죽·국수,본그룹
ba_14392877,2025-01,1.0,126.33333333333333,24.333333333333332,0.0,0.0,0.14285714285714285,0.16666666666666666,0,백반·죽·국수,본그룹
ba_14440526,2025-01,0.0,0.0,0.0,0.0,0.0,0.0,0.0,1,치킨,굽네치킨
ba_14440680,2025-01,0.0,0.0,0.0,0.0,0.0,0.0,0.0,1,치킨,굽네치킨
ba_14440681,2025-01,0.0,0.0,0.0,0.0,0.0,0.0,0.0,1,피자,굽네치킨
ba_14448826,2025-01,1.0,74.72727272727273,16.0,0.0,0.0,0.4285714285714286,0.16666666666666666,0,백반·죽·국수,본그룹
ba_14463469,2025-01,1.0,507.3333333333333,86.66666666666667,0.0,0.0,0.4761904761904761,0.2222222222222222,1,피자,굽네치킨
ba_14484534,2025-01,0.0,0.0,0.0,0.0,0.0,0.0,0.0,0,백반·죽·국수,본그룹
ba_14495840,2025-01,0.0,0.0,0.0,0.0,0.0,0.0,0.0,0,백반·죽·국수,본그룹
ba_14506800,2025-01,1.0,87.33333333333333,15.666666666666666,0.0,0.0,0.2857142857142857,0.05555555555555555,0,백반·죽·국수,본그룹
ba_14513076,2025-01,0.7333333333333333,82.8,16.133333333333333,0.0,0.0,0.20952380952380953,0.0,0,백반·죽·국수,본그룹
ba_14528412,2025-01,0.5,10.5,2.0,0.0,0.0,0.0,0.0,0,피자,굽네치킨
ba_14528476,2025-01,0.0,0.0,0.0,0.0,0.0,0.0,0.0,0,백반·죽·국수,본그룹
ba_14530939,2025-01,1.0,172.5,36.5,0.0,0.0,0.07142857142857142,0.08333333333333333,0,백반·죽·국수,본그룹
ba_14544899,2025-01,0.7142857142857143,20.428571428571427,3.857142857142857,0.0,0.0,0.061224489795918366,0.0,0,백반·죽·국수,본그룹
ba_14560963,2025-01,0.0,0.0,0.0,0.0,0.0,0.0,0.0,0,피자,굽네치킨
ba_14574885,2025-01,1.0,135.66666666666666,30.0,0.0,0.0,0.7142857142857143,0.3333333333333333,0,백반·죽·국수,본그룹
ba_14582508,2025-01,1.0,110.25,25.125,0.0,0.0,0.1607142857142857,0.0,0,백반·죽·국수,본그룹
ba_14599973,2025-01,0.0,0.0,0.0,0.0,0.0,0.0,0.0,0,치킨,굽네치킨
ba_14603467,2025-01,0.8333333333333334,112.0,21.333333333333332,0.0,0.0,0.3095238095238095,0.08333333333333333,0,백반·죽·국수,본그룹
ba_14604237,2025-01,0.0,0.0,0.0,0.0,0.0,0.0,0.0,0,치킨,굽네치킨
ba_14606315,2025-01,1.0,264.0,56.8,0.0,0.0,0.3142857142857143,0.1,0,백반·죽·국수,본그룹
ba_14613531,2025-01,1.0,82.875,17.375,0.0,0.0,0.21428571428571427,0.0625,0,백반·죽·국수,본그룹
ba_14616721,2025-01,0.2,11.9,2.5,0.0,0.0,0.014285714285714285,0.0,0,백반·죽·국수,본그룹
ba_14665998,2025-01,1.0,100.0,18.0,0.0,0.0,0.3333333333333333,0.1111111111111111,0,백반·죽·국수,본그룹
ba_14671974,2025-01,0.0,0.0,0.0,0.0,0.0,0.0,0.0,1,피자,굽네치킨
ba_10015935,2025-05,0.0,0.0,0.0,0.0,0.0,0.0,0.0,0,치킨,굽네치킨
ba_10015935,2025-06,0.0,0.0,0.0,0.0,0.0,0.0,0.0,0,치킨,굽네치킨
ba_10016162,2025-05,0.06666666666666667,14.6,3.2,0.06666666666666667,0.06666666666666667,0.019047619047619046,0.01111111111111111,1,치킨,굽네치킨
ba_10016162,2025-06,0.04,8.76,1.92,0.04,0.04,0.011428571428571429,0.006666666666666666,0,치킨,굽네치킨
ba_10019194,2025-05,0.0,0.0,0.0,0.0,0.0,0.0,0.0,0,치킨,굽네치킨
ba_10019194,2025-06,0.0,0.0,0.0,0.0,0.0,0.0,0.0,0,치킨,굽네치킨
ba_10019807,2025-05,0.0,0.0,0.0,0.0,0.0,0.0,0.0,1,치킨,굽네치킨
ba_10019807,2025-06,0.0,0.0,0.0,0.0,0.0,0.0,0.0,0,치킨,굽네치킨
ba_10020109,2025-05,0.0,0.0,0.0,0.0,0.0,0.0,0.0,1,치킨,굽네치킨
ba_10020109,2025-06,0.0,0.0,0.0,0.0,0.0,0.0,0.0,1,치킨,굽네치킨
ba_10022124,2025-05,0.0625,14.5,3.125,0.0625,0.0625,0.017857142857142856,0.010416666666666666,1,치킨,굽네치킨
ba_10022124,2025-06,0.0,0.0,0.0,0.0,0.0,0.0,0.0,0,치킨,굽네치킨
ba_10040420,2025-05,0.0,0.0,0.0,0.0,0.0,0.0,0.0,1,치킨,굽네치킨
ba_10040420,2025-06,0.0,0.0,0.0,0.0,0.0,0.0,0.0,0,치킨,굽네치킨
ba_10040621,2025-05,0.0,0.0,0.0,0.0,0.0,0.0,0.0,0,치킨,굽네치킨
ba_10040621,2025-06,0.0,0.0,0.0,0.0,0.0,0.0,0.0,0,치킨,굽네치킨
ba_10040621,2025-07,0.0,0.0,0.0,0.0,0.0,0.0,0.0,0,치킨,굽네치킨
ba_10040679,2025-05,0.0,0.0,0.0,0.0,0.0,0.0,0.0,0,치킨,굽네치킨
ba_10040679,2025-06,0.5,99.5,22.0,0.5,0.5,0.21428571428571427,0.16666666666666666,0,치킨,굽네치킨
ba_10040679,2025-07,0.0,0.0,0.0,0.0,0.0,0.0,0.0,1,치킨,굽네치킨
ba_10040685,2025-06,0.9230769230769231,83.07692307692308,18.0,0.0,0.0,0.1978021978021978,0.038461538461538464,1,치킨,굽네치킨
ba_10040685,2025-05,1.0,81.18181818181819,17.09090909090909,0.18181818181818182,0.18181818181818182,0.1948051948051948,0.0606060606060606,1,치킨,굽네치킨
ba_10041246,2025-06,0.0,0.0,0.0,0.0,0.0,0.0,0.0,0,치킨,굽네치킨
ba_10204887,2025-05,0.8,123.2,24.2,0.0,0.0,0.3142857142857143,0.13333333333333333,0,치킨,굽네치킨
ba_10204887,2025-06,1.0,165.5,34.0,0.0,0.0,0.5714285714285714,0.16666666666666666,0,치킨,굽네치킨
ba_10401021,2025-05,0.0,0.0,0.0,0.0,0.0,0.0,0.0,1,치킨,굽네치킨
ba_10401021,2025-06,0.058823529411764705,15.352941176470589,3.411764705882353,0.058823529411764705,0.058823529411764705,0.025210084033613443,0.0196078431372549,1,치킨,굽네치킨
ba_10418082,2025-05,0.0,0.0,0.0,0.0,0.0,0.0,0.0,0,치킨,굽네치킨
ba_10418082,2025-06,0.0,0.0,0.0,0.0,0.0,0.0,0.0,0,치킨,굽네치킨
ba_10418082,2025-07,0.0,0.0,0.0,0.0,0.0,0.0,0.0,0,치킨,굽네치킨
ba_10432360,2025-05,0.0,0.0,0.0,0.0,0.0,0.0,0.0,0,치킨,굽네치킨
ba_10432360,2025-06,0.0,0.0,0.0,0.0,0.0,0.0,0.0,0,치킨,굽네치킨
ba_10469515,2025-05,0.9375,78.6875,16.625,0.0625,0.0625,0.24107142857142855,0.08333333333333333,1,치킨,굽네치킨
ba_10469515,2025-06,1.0,85.4,18.733333333333334,0.26666666666666666,0.26666666666666666,0.20952380952380953,0.1,0,치킨,굽네치킨
ba_10476209,2025-06,0.0,0.0,0.0,0.0,0.0,0.0,0.0,1,치킨,굽네치킨
ba_10497667,2025-05,0.0,0.0,0.0,0.0,0.0,0.0,0.0,1,치킨,굽네치킨
ba_10497667,2025-06,0.0,0.0,0.0,0.0,0.0,0.0,0.0,0,치킨,굽네치킨
ba_10501929,2025-05,0.0,0.0,0.0,0.0,0.0,0.0,0.0,1,치킨,굽네치킨
ba_10501929,2025-06,0.0,0.0,0.0,0.0,0.0,0.0,0.0,0,치킨,굽네치킨
ba_10509105,2025-05,0.0,0.0,0.0,0.0,0.0,0.0,0.0,1,치킨,굽네치킨
ba_10509105,2025-06,0.0,0.0,0.0,0.0,0.0,0.0,0.0,0,치킨,굽네치킨
ba_10571616,2025-07,0.9767441860465116,114.93023255813954,23.209302325581394,0.23255813953488372,0.23255813953488372,0.42857142857142855,0.16666666666666666,0,치킨,굽네치킨
ba_10571616,2025-05,1.0,91.03846153846153,19.846153846153847,0.0,0.0,0.478021978021978,0.1474358974358974,0,치킨,굽네치킨
ba_10571616,2025-06,1.0,164.95454545454547,35.7,0.3090909090909091,0.3090909090909091,0.487012987012987,0.20909090909090908,0,치킨,굽네치킨
ba_10580903,2025-05,1.0,24.46875,4.234375,0.0,0.0,0.06919642857142856,0.0026041666666666665,1,치킨,굽네치킨
ba_10580903,2025-06,1.0,30.833333333333332,5.648148148148148,0.018518518518518517,0.018518518518518517,0.07407407407407407,0.0030864197530864196,1,치킨,굽네치킨
ba_10583009,2025-05,0.05555555555555555,16.166666666666668,3.5,0.05555555555555555,0.05555555555555555,0.015873015873015872,0.009259259259259259,1,치킨,굽네치킨
ba_10583009,2025-06,0.038461538461538464,8.538461538461538,1.9230769230769231,0.038461538461538464,0.038461538461538464,0.010989010989010988,0.00641025641025641,0,치킨,굽네치킨
ba_10597203,2025-05,0.0,0.0,0.0,0.0,0.0,0.0,0.0,1,치킨,굽네치킨
ba_10597203,2025-06,0.05357142857142857,4.357142857142857,0.875,0.017857142857142856,0.017857142857142856,0.01020408163265306,0.0,0,치킨,굽네치킨
ba_10604883,2025-05,0.04878048780487805,3.2439024390243905,0.5853658536585366,0.0,0.0,0.0,0.0,1,치킨,굽네치킨
ba_10604883,2025-06,0.0,0.0,0.0,0.0,0.0,0.0,0.0,0,치킨,굽네치킨
ba_10605803,2025-05,1.0,95.22222222222223,20.333333333333332,0.2222222222222222,0.2222222222222222,0.25396825396825395,0.09259259259259259,1,치킨,굽네치킨
ba_10605803,2025-06,1.0,87.29268292682927,18.463414634146343,0.17073170731707318,0.17073170731707318,0.23344947735191637,0.06097560975609756,0,치킨,굽네치킨
ba_10627648,2025-05,0.0,0.0,0.0,0.0,0.0,0.0,0.0,1,치킨,굽네치킨
ba_10627648,2025-07,0.0,0.0,0.0,0.0,0.0,0.0,0.0,1,치킨,굽네치킨
ba_10636817,2025-05,1.0,39.0,6.0,0.0,0.0,0.14285714285714285,0.0,1,치킨,굽네치킨
ba_10636817,2025-06,1.0,35.0,6.0,0.0,0.0,0.14285714285714285,0.0,1,치킨,굽네치킨
ba_10638951,2025-05,1.0,96.375,21.0,0.0,0.0,0.07142857142857142,0.0,0,치킨,굽네치킨
ba_10638951,2025-06,1.0,103.66666666666667,23.666666666666668,0.0,0.0,0.09523809523809523,0.0,0,치킨,굽네치킨
ba_10657170,2025-05,0.6666666666666666,56.166666666666664,12.833333333333334,0.5,0.5,0.09523809523809523,0.1111111111111111,1,치킨,굽네치킨
ba_10657170,2025-06,1.0,85.16666666666667,17.833333333333332,0.5,0.5,0.2857142857142857,0.13888888888888887,1,치킨,굽네치킨
ba_10698232,2025-05,1.0,908.3766233766233,198.7012987012987,0.8181818181818182,0.8181818181818182,0.4155844155844156,0.16233766233766234,0,치킨,굽네치킨
ba_10698232,2025-06,1.0,952.0555555555555,209.37037037037038,0.9722222222222222,0.9722222222222222,0.4232804232804232,0.16358024691358022,0,치킨,굽네치킨
ba_10698315,2025-05,1.0,153.5,33.75,0.0,0.0,0.3571428571428571,0.20833333333333331,0,치킨,굽네치킨
ba_10698315,2025-06,1.0,131.0,29.0,0.0,0.0,0.2857142857142857,0.16666666666666666,0,치킨,굽네치킨
ba_10698315,2025-07,1.0,157.0,33.0,0.0,0.0,0.21428571428571427,0.16666666666666666,0,치킨,굽네치킨
ba_10705443,2025-05,0.0,0.0,0.0,0.0,0.0,0.0,0.0,1,치킨,굽네치킨
ba_10705443,2025-06,0.0,0.0,0.0,0.0,0.0,0.0,0.0,1,치킨,굽네치킨
ba_10706208,2025-05,0.0,0.0,0.0,0.0,0.0,0.0,0.0,1,치킨,굽네치킨
ba_10706208,2025-06,0.0,0.0,0.0,0.0,0.0,0.0,0.0,0,치킨,굽네치킨
ba_10739524,2025-05,0.0,0.0,0.0,0.0,0.0,0.0,0.0,0,치킨,굽네치킨
ba_10739524,2025-06,0.0,0.0,0.0,0.0,0.0,0.0,0.0,0,치킨,굽네치킨
ba_10739524,2025-07,0.0,0.0,0.0,0.0,0.0,0.0,0.0,0,치킨,굽네치킨
ba_10739556,2025-05,0.125,11.5,2.375,0.0,0.0,0.017857142857142856,0.020833333333333332,0,치킨,굽네치킨
ba_10739556,2025-06,0.125,26.5,5.875,0.125,0.125,0.05357142857142857,0.041666666666666664,0,치킨,굽네치킨
ba_10750970,2025-05,0.07692307692307693,16.692307692307693,3.6923076923076925,0.07692307692307693,0.07692307692307693,0.021978021978021976,0.01282051282051282,1,치킨,굽네치킨
ba_10750970,2025-06,0.0,0.0,0.0,0.0,0.0,0.0,0.0,0,치킨,굽네치킨
ba_10759478,2025-05,0.125,34.125,7.75,0.125,0.125,0.05357142857142857,0.041666666666666664,0,치킨,굽네치킨
ba_10759478,2025-06,0.0,0.0,0.0,0.0,0.0,0.0,0.0,0,치킨,굽네치킨
ba_10768614,2025-05,0.0,0.0,0.0,0.0,0.0,0.0,0.0,0,치킨,굽네치킨
ba_10768614,2025-06,0.0,0.0,0.0,0.0,0.0,0.0,0.0,0,치킨,굽네치킨
ba_10771255,2025-06,0.42857142857142855,84.73469387755102,15.795918367346939,0.0,0.0,0.24489795918367346,0.14285714285714285,1,치킨,굽네치킨
ba_10771255,2025-05,1.0,195.7017543859649,36.08771929824562,0.0,0.0,0.5714285714285714,0.3333333333333333,1,치킨,굽네치킨
ba_10774000,2025-05,0.0,0.0,0.0,0.0,0.0,0.0,0.0,1,치킨,굽네치킨
ba_10774000,2025-06,0.0,0.0,0.0,0.0,0.0,0.0,0.0,1,치킨,굽네치킨
ba_10774794,2025-05,0.4166666666666667,36.5,6.916666666666667,0.25,0.25,0.07142857142857142,0.027777777777777776,0,치킨,굽네치킨
ba_10774794,2025-06,0.3333333333333333,37.55555555555556,5.888888888888889,0.1111111111111111,0.1111111111111111,0.06349206349206349,0.018518518518518517,0,치킨,굽네치킨
ba_10776500,2025-06,0.8571428571428571,72.57142857142857,15.142857142857142,0.2857142857142857,0.2857142857142857,0.22448979591836735,0.023809523809523808,1,치킨,굽네치킨
ba_10798649,2025-06,1.0,113.25454545454545,24.545454545454547,0.07272727272727272,0.07272727272727272,0.261038961038961,0.019696969696969695,1,치킨,굽네치킨
ba_10798649,2025-05,1.0,92.48351648351648,19.36263736263736,0.02197802197802198,0.02197802197802198,0.2794348508634223,0.003663003663003663,1,치킨,굽네치킨
ba_10800862,2025-06,0.6666666666666666,112.68253968253968,21.206349206349206,0.0,0.0,0.18820861678004533,0.0,0,치킨,굽네치킨
ba_10800862,2025-05,1.0,188.7311827956989,33.946236559139784,0.1827956989247312,0.1827956989247312,0.30261136712749614,0.03405017921146953,1,치킨,굽네치킨
ba_10821092,2025-05,0.0,0.0,0.0,0.0,0.0,0.0,0.0,1,치킨,굽네치킨
ba_10821092,2025-06,0.014705882352941176,4.279411764705882,0.9411764705882353,0.014705882352941176,0.014705882352941176,0.006302521008403361,0.0024509803921568627,0,치킨,굽네치킨
ba_10841421,2025-05,0.9,255.9,50.4,0.0,0.0,0.24285714285714283,0.11666666666666665,1,치킨,굽네치킨
ba_10841421,2025-07,0.6666666666666666,177.0,36.333333333333336,0.3333333333333333,0.3333333333333333,0.19047619047619047,0.1111111111111111,1,치킨,굽네치킨
ba_10841421,2025-06,1.0,310.75,61.0,0.0,0.0,0.2857142857142857,0.16666666666666666,0,치킨,굽네치킨
ba_10841883,2025-05,1.0,90.35714285714286,18.714285714285715,0.5,0.5,0.2857142857142857,0.08333333333333333,1,치킨,굽네치킨
ba_10841883,2025-06,1.0,97.51612903225806,21.193548387096776,0.22580645161290322,0.22580645161290322,0.27649769585253453,0.06989247311827956,1,치킨,굽네치킨
ba_10872945,2025-05,0.043478260869565216,9.173913043478262,2.130434782608696,0.043478260869565216,0.043478260869565216,0.018633540372670808,0.014492753623188404,1,치킨,굽네치킨
ba_10872945,2025-06,0.0,0.0,0.0,0.0,0.0,0.0,0.0,1,치킨,굽네치킨
ba_12014214,2025-05,0.0,0.0,0.0,0.0,0.0,0.0,0.0,0,치킨,굽네치킨
ba_12014214,2025-06,0.0,0.0,0.0,0.0,0.0,0.0,0.0,0,치킨,굽네치킨
ba_12016615,2025-05,0.0,0.0,0.0,0.0,0.0,0.0,0.0,0,피자,굽네치킨
ba_12020564,2025-05,0.03333333333333333,9.366666666666667,2.066666666666667,0.03333333333333333,0.03333333333333333,0.014285714285714285,0.01111111111111111,0,피자,굽네치킨
ba_12020564,2025-06,0.0,0.0,0.0,0.0,0.0,0.0,0.0,0,피자,굽네치킨
ba_12029686,2025-05,0.0,0.0,0.0,0.0,0.0,0.0,0.0,0,치킨,굽네치킨
ba_12029686,2025-06,0.0,0.0,0.0,0.0,0.0,0.0,0.0,0,치킨,굽네치킨
ba_12029686,2025-07,0.0,0.0,0.0,0.0,0.0,0.0,0.0,0,치킨,굽네치킨
ba_13052096,2025-05,0.9555555555555556,177.48888888888888,17.755555555555556,0.022222222222222223,0.022222222222222223,0.3904761904761904,0.15925925925925924,0,치킨,굽네치킨
ba_13052096,2025-06,0.9285714285714286,172.8095238095238,17.476190476190474,0.023809523809523808,0.023809523809523808,0.3537414965986394,0.1388888888888889,1,치킨,굽네치킨
ba_13062668,2025-05,0.0,0.0,0.0,0.0,0.0,0.0,0.0,1,치킨,굽네치킨
ba_13062668,2025-06,0.0,0.0,0.0,0.0,0.0,0.0,0.0,0,치킨,굽네치킨
ba_13076527,2025-05,0.0,0.0,0.0,0.0,0.0,0.0,0.0,1,치킨,굽네치킨
ba_13076527,2025-06,0.13636363636363635,43.27272727272727,6.53030303030303,0.12121212121212122,0.12121212121212122,0.049783549783549784,0.007575757575757576,0,치킨,굽네치킨
ba_13081281,2025-05,0.0,0.0,0.0,0.0,0.0,0.0,0.0,0,치킨,굽네치킨
ba_13081281,2025-06,0.0,0.0,0.0,0.0,0.0,0.0,0.0,0,치킨,굽네치킨
ba_13103901,2025-05,0.0,0.0,0.0,0.0,0.0,0.0,0.0,0,피자,굽네치킨
ba_13103901,2025-06,0.0,0.0,0.0,0.0,0.0,0.0,0.0,0,피자,굽네치킨
ba_13168465,2025-05,0.0,0.0,0.0,0.0,0.0,0.0,0.0,0,백반·죽·국수,본그룹
ba_13168465,2025-06,0.2,18.0,3.8,0.0,0.0,0.0,0.0,1,백반·죽·국수,본그룹
ba_13181486,2025-05,0.0,0.0,0.0,0.0,0.0,0.0,0.0,0,백반·죽·국수,본그룹
ba_13181486,2025-06,0.6666666666666666,120.66666666666667,25.333333333333332,0.3333333333333333,0.3333333333333333,0.38095238095238093,0.16666666666666666,0,백반·죽·국수,본그룹
ba_13181699,2025-06,0.0,0.0,0.0,0.0,0.0,0.0,0.0,0,백반·죽·국수,본그룹
ba_13181719,2025-04,0.0,0.0,0.0,0.0,0.0,0.0,0.0,0,백반·죽·국수,본그룹
ba_13181719,2025-05,0.0,0.0,0.0,0.0,0.0,0.0,0.0,0,백반·죽·국수,본그룹
ba_13181957,2025-05,1.0,286.0,57.0,0.3333333333333333,0.3333333333333333,0.14285714285714285,0.1111111111111111,1,백반·죽·국수,본그룹
ba_13181957,2025-06,1.0,278.1666666666667,57.666666666666664,0.6666666666666666,0.6666666666666666,0.3333333333333333,0.16666666666666666,1,백반·죽·국수,본그룹
ba_13181957,2025-07,1.0,180.125,39.75,0.0,0.0,0.4464285714285714,0.1875,1,백반·죽·국수,본그룹
ba_13182018,2025-05,0.0,0.0,0.0,0.0,0.0,0.0,0.0,0,백반·죽·국수,본그룹
ba_13182018,2025-06,0.0,0.0,0.0,0.0,0.0,0.0,0.0,0,백반·죽·국수,본그룹
ba_13182129,2025-05,0.0,0.0,0.0,0.0,0.0,0.0,0.0,0,백반·죽·국수,본그룹
ba_13182129,2025-06,0.0,0.0,0.0,0.0,0.0,0.0,0.0,0,백반·죽·국수,본그룹
ba_13186079,2025-04,0.0,0.0,0.0,0.0,0.0,0.0,0.0,0,백반·죽·국수,본그룹
ba_13186079,2025-05,0.5,3.0,1.0,0.0,0.0,0.0,0.0,0,백반·죽·국수,본그룹
ba_13188150,2025-05,0.0,0.0,0.0,0.0,0.0,0.0,0.0,0,백반·죽·국수,본그룹
ba_13188150,2025-06,0.0,0.0,0.0,0.0,0.0,0.0,0.0,1,백반·죽·국수,본그룹
ba_13188150,2025-07,1.0,208.33333333333334,47.666666666666664,0.0,0.0,0.42857142857142855,0.27777777777777773,1,백반·죽·국수,본그룹
ba_13189796,2025-06,0.0,0.0,0.0,0.0,0.0,0.0,0.0,1,백반·죽·국수,본그룹
ba_13189894,2025-06,1.0,333.0,62.714285714285715,0.0,0.0,0.5102040816326531,0.23809523809523808,1,백반·죽·국수,본그룹
ba_13189894,2025-07,1.0,276.5,58.5,0.0,0.0,0.5,0.3333333333333333,1,백반·죽·국수,본그룹
ba_13193158,2025-05,0.0,0.0,0.0,0.0,0.0,0.0,0.0,0,백반·죽·국수,본그룹
ba_13199208,2025-05,0.0,0.0,0.0,0.0,0.0,0.0,0.0,0,백반·죽·국수,본그룹
ba_13199208,2025-06,0.0,0.0,0.0,0.0,0.0,0.0,0.0,0,백반·죽·국수,본그룹
ba_13199208,2025-07,0.0,0.0,0.0,0.0,0.0,0.0,0.0,0,백반·죽·국수,본그룹
ba_13199335,2025-06,1.0,240.0,51.0,0.5,0.5,0.6428571428571428,0.3333333333333333,1,백반·죽·국수,본그룹
ba_13199335,2025-07,1.0,229.66666666666666,49.666666666666664,0.16666666666666666,0.16666666666666666,0.4761904761904762,0.27777777777777773,1,백반·죽·국수,본그룹
ba_13199394,2025-05,0.0,0.0,0.0,0.0,0.0,0.0,0.0,0,백반·죽·국수,본그룹
ba_13199394,2025-06,0.0,0.0,0.0,0.0,0.0,0.0,0.0,1,백반·죽·국수,본그룹
ba_13199864,2025-05,1.0,220.0,46.833333333333336,0.6666666666666666,0.6666666666666666,0.5476190476190476,0.25,0,백반·죽·국수,본그룹
ba_13203399,2025-05,0.0,0.0,0.0,0.0,0.0,0.0,0.0,1,백반·죽·국수,본그룹
ba_13203399,2025-06,0.0,0.0,0.0,0.0,0.0,0.0,0.0,0,백반·죽·국수,본그룹
ba_13219045,2025-05,0.0,0.0,0.0,0.0,0.0,0.0,0.0,0,백반·죽·국수,본그룹
ba_13219094,2025-06,0.5,29.5,6.0,0.0,0.0,0.0,0.0,1,백반·죽·국수,본그룹
ba_13219951,2025-05,1.0,169.0,39.0,0.0,0.0,0.2857142857142857,0.0,1,백반·죽·국수,본그룹
ba_13219951,2025-06,1.0,123.0,27.5,0.0,0.0,0.2857142857142857,0.0,1,백반·죽·국수,본그룹
ba_13219951,2025-07,1.0,228.0,50.5,0.0,0.0,0.2857142857142857,0.16666666666666666,1,백반·죽·국수,본그룹
ba_13221638,2025-05,0.0,0.0,0.0,0.0,0.0,0.0,0.0,0,백반·죽·국수,본그룹
ba_13221638,2025-06,0.0,0.0,0.0,0.0,0.0,0.0,0.0,1,백반·죽·국수,본그룹
ba_13221865,2025-07,1.0,187.5,43.0,0.0,0.0,0.21428571428571427,0.16666666666666666,1,백반·죽·국수,본그룹
ba_13221975,2025-05,0.5,18.25,2.75,0.0,0.0,0.07142857142857142,0.0,0,백반·죽·국수,본그룹
ba_13221975,2025-06,1.0,56.0,12.0,0.0,0.0,0.14285714285714285,0.16666666666666666,0,백반·죽·국수,본그룹
ba_13222051,2025-04,0.0,0.0,0.0,0.0,0.0,0.0,0.0,0,백반·죽·국수,본그룹
ba_13222051,2025-05,0.0,0.0,0.0,0.0,0.0,0.0,0.0,0,백반·죽·국수,본그룹
ba_13222051,2025-06,1.0,177.5,36.0,0.0,0.0,0.6428571428571428,0.16666666666666666,1,백반·죽·국수,본그룹
ba_13222170,2025-06,1.0,251.22222222222223,46.77777777777778,0.0,0.0,0.15873015873015872,0.0,1,백반·죽·국수,본그룹
ba_13223141,2025-05,1.0,48.0,9.0,0.0,0.0,0.14285714285714285,0.0,0,백반·죽·국수,본그룹
ba_13223141,2025-06,1.0,51.0,9.0,0.0,0.0,0.14285714285714285,0.0,0,백반·죽·국수,본그룹
ba_13223329,2025-05,1.0,204.0,42.0,0.0,0.0,0.42857142857142855,0.16666666666666666,0,백반·죽·국수,본그룹
ba_13223538,2025-05,0.0,0.0,0.0,0.0,0.0,0.0,0.0,0,백반·죽·국수,본그룹
ba_13223538,2025-06,1.0,174.0,38.5,0.5,0.5,0.42857142857142855,0.16666666666666666,1,백반·죽·국수,본그룹
ba_13223538,2025-07,1.0,238.5,53.0,0.0,0.0,0.42857142857142855,0.16666666666666666,1,백반·죽·국수,본그룹
ba_13223654,2025-05,0.0,0.0,0.0,0.0,0.0,0.0,0.0,1,백반·죽·국수,본그룹
ba_13223654,2025-06,0.0,0.0,0.0,0.0,0.0,0.0,0.0,1,백반·죽·국수,본그룹
ba_13224027,2025-05,1.0,125.4,25.8,0.0,0.0,0.02857142857142857,0.03333333333333333,0,백반·죽·국수,본그룹
ba_13224027,2025-06,1.0,116.5,23.0,0.0,0.0,0.07142857142857142,0.0,1,백반·죽·국수,본그룹
ba_13224802,2025-05,1.0,111.0,24.0,0.0,0.0,0.14285714285714285,0.0,0,백반·죽·국수,본그룹
ba_13224802,2025-07,1.0,199.875,44.875,0.25,0.25,0.4464285714285714,0.2708333333333333,0,백반·죽·국수,본그룹
ba_13224833,2025-05,0.0,0.0,0.0,0.0,0.0,0.0,0.0,0,백반·죽·국수,본그룹
ba_13224833,2025-06,0.0,0.0,0.0,0.0,0.0,0.0,0.0,0,백반·죽·국수,본그룹
ba_13225754,2025-07,1.0,14.0,2.0,0.0,0.0,0.14285714285714285,0.0,0,백반·죽·국수,본그룹
ba_13225842,2025-06,0.0,0.0,0.0,0.0,0.0,0.0,0.0,1,백반·죽·국수,본그룹
ba_13225939,2025-05,0.0,0.0,0.0,0.0,0.0,0.0,0.0,0,백반·죽·국수,본그룹
ba_13225939,2025-06,0.0,0.0,0.0,0.0,0.0,0.0,0.0,0,백반·죽·국수,본그룹
ba_13225939,2025-07,0.0,0.0,0.0,0.0,0.0,0.0,0.0,0,백반·죽·국수,본그룹
ba_13226546,2025-05,1.0,17.666666666666668,3.0,0.0,0.0,0.09523809523809523,0.0,0,백반·죽·국수,본그룹
ba_13226546,2025-06,1.0,15.0,2.0,0.0,0.0,0.14285714285714285,0.0,0,백반·죽·국수,본그룹
ba_13226580,2025-05,0.0,0.0,0.0,0.0,0.0,0.0,0.0,0,백반·죽·국수,본그룹
ba_13226580,2025-06,1.0,157.0,34.0,0.0,0.0,0.5714285714285714,0.16666666666666666,1,백반·죽·국수,본그룹
ba_13226670,2025-05,0.0,0.0,0.0,0.0,0.0,0.0,0.0,0,백반·죽·국수,본그룹
ba_13226843,2025-05,0.0,0.0,0.0,0.0,0.0,0.0,0.0,0,백반·죽·국수,본그룹
ba_13226843,2025-07,1.0,193.25,43.25,0.25,0.25,0.5,0.25,1,백반·죽·국수,본그룹
ba_13226851,2025-06,0.0,0.0,0.0,0.0,0.0,0.0,0.0,1,백반·죽·국수,본그룹
ba_13226860,2025-05,1.0,109.83333333333333,21.833333333333332,0.0,0.0,0.09523809523809523,0.0,0,백반·죽·국수,본그룹
ba_13226860,2025-06,1.0,90.66666666666667,17.555555555555557,0.0,0.0,0.047619047619047616,0.0,0,백반·죽·국수,본그룹
ba_13227516,2025-06,0.3333333333333333,37.0,7.333333333333333,0.0,0.0,0.047619047619047616,0.0,1,백반·죽·국수,본그룹
ba_13227516,2025-05,1.0,122.5,22.5,0.0,0.0,0.3571428571428571,0.08333333333333333,0,백반·죽·국수,본그룹
ba_13227543,2025-05,0.0,0.0,0.0,0.0,0.0,0.0,0.0,0,백반·죽·국수,본그룹
ba_13227543,2025-06,0.0,0.0,0.0,0.0,0.0,0.0,0.0,1,백반·죽·국수,본그룹
ba_13227543,2025-07,1.0,188.14285714285714,42.285714285714285,0.0,0.0,0.4489795918367347,0.19047619047619047,0,백반·죽·국수,본그룹
ba_13227659,2025-05,0.0,0.0,0.0,0.0,0.0,0.0,0.0,0,백반·죽·국수,본그룹
ba_13227659,2025-06,0.0,0.0,0.0,0.0,0.0,0.0,0.0,0,백반·죽·국수,본그룹
ba_13227696,2025-05,0.3333333333333333,8.333333333333334,1.6666666666666667,0.0,0.0,0.0,0.0,0,백반·죽·국수,본그룹
ba_13227696,2025-06,0.0,0.0,0.0,0.0,0.0,0.0,0.0,0,백반·죽·국수,본그룹
ba_13228453,2025-07,1.0,251.0,55.0,0.5,0.5,0.46428571428571425,0.16666666666666666,0,백반·죽·국수,본그룹
ba_13228520,2025-07,1.0,183.0,36.0,1.0,1.0,0.2857142857142857,0.16666666666666666,1,백반·죽·국수,본그룹
ba_13228647,2025-05,1.0,145.5,29.0,0.0,0.0,0.21428571428571427,0.0,0,백반·죽·국수,본그룹
ba_13228647,2025-06,1.0,122.66666666666667,25.666666666666668,0.0,0.0,0.09523809523809523,0.0,0,백반·죽·국수,본그룹
ba_13228668,2025-05,0.0,0.0,0.0,0.0,0.0,0.0,0.0,0,백반·죽·국수,본그룹
ba_13228668,2025-06,0.0,0.0,0.0,0.0,0.0,0.0,0.0,1,백반·죽·국수,본그룹
ba_13228675,2025-05,0.0,0.0,0.0,0.0,0.0,0.0,0.0,1,백반·죽·국수,본그룹
ba_13228675,2025-07,1.0,219.375,48.875,0.25,0.25,0.4821428571428571,0.2708333333333333,1,백반·죽·국수,본그룹
ba_13228677,2025-05,0.0,0.0,0.0,0.0,0.0,0.0,0.0,0,백반·죽·국수,본그룹
ba_13228869,2025-05,1.0,149.0,32.0,0.0,0.0,0.14285714285714285,0.16666666666666666,0,백반·죽·국수,본그룹
ba_13228869,2025-07,1.0,149.0,25.0,0.0,0.0,0.2857142857142857,0.16666666666666666,1,백반·죽·국수,본그룹
ba_13228874,2025-05,0.0,0.0,0.0,0.0,0.0,0.0,0.0,0,백반·죽·국수,본그룹
ba_13228878,2025-04,1.0,77.0,13.0,0.0,0.0,0.5714285714285714,0.16666666666666666,0,백반·죽·국수,본그룹
ba_13228878,2025-05,1.0,79.0,13.0,0.0,0.0,0.5714285714285714,0.16666666666666666,0,백반·죽·국수,본그룹
ba_13228878,2025-06,1.0,78.5,13.0,0.0,0.0,0.5714285714285714,0.16666666666666666,1,백반·죽·국수,본그룹
ba_13228878,2025-07,1.0,240.0,52.0,0.0,0.0,0.5,0.16666666666666666,1,백반·죽·국수,본그룹
ba_13228909,2025-07,1.0,107.33333333333333,21.666666666666668,0.0,0.0,0.23809523809523805,0.1111111111111111,0,백반·죽·국수,본그룹
ba_13228945,2025-05,1.0,120.0,22.0,0.0,0.0,0.2857142857142857,0.0,0,백반·죽·국수,본그룹
ba_13228945,2025-07,1.0,303.0,64.0,1.0,1.0,0.2857142857142857,0.16666666666666666,1,백반·죽·국수,본그룹
ba_13228993,2025-05,0.0,0.0,0.0,0.0,0.0,0.0,0.0,0,백반·죽·국수,본그룹
ba_13229107,2025-06,0.0,0.0,0.0,0.0,0.0,0.0,0.0,1,백반·죽·국수,본그룹
ba_13229152,2025-05,1.0,166.0,27.5,0.0,0.0,0.14285714285714285,0.0,0,백반·죽·국수,본그룹
ba_13229152,2025-06,1.0,122.0,20.0,0.0,0.0,0.14285714285714285,0.0,1,백반·죽·국수,본그룹
ba_13229152,2025-07,1.0,216.0,48.0,0.0,0.0,0.5,0.25,0,백반·죽·국수,본그룹
ba_13229173,2025-05,0.5,120.5,24.5,0.0,0.0,0.21428571428571427,0.08333333333333333,0,백반·죽·국수,본그룹
ba_13229173,2025-06,1.0,257.0,54.5,0.0,0.0,0.3571428571428571,0.16666666666666666,1,백반·죽·국수,본그룹
ba_13229173,2025-07,1.0,257.0,55.0,0.0,0.0,0.3571428571428571,0.25,0,백반·죽·국수,본그룹
ba_13229184,2025-05,1.0,60.333333333333336,12.333333333333334,0.0,0.0,0.047619047619047616,0.0,0,백반·죽·국수,본그룹
ba_13229184,2025-06,1.0,64.66666666666667,13.0,0.0,0.0,0.09523809523809523,0.05555555555555555,0,백반·죽·국수,본그룹
ba_13229184,2025-07,1.0,97.0,21.0,0.0,0.0,0.0,0.0,0,백반·죽·국수,본그룹
ba_13229527,2025-06,0.0,0.0,0.0,0.0,0.0,0.0,0.0,1,백반·죽·국수,본그룹
ba_13229560,2025-05,0.0,0.0,0.0,0.0,0.0,0.0,0.0,0,백반·죽·국수,본그룹
ba_13229560,2025-06,1.0,121.0,22.0,0.0,0.0,0.42857142857142855,0.0,0,백반·죽·국수,본그룹
ba_13229560,2025-07,1.0,122.0,22.0,0.0,0.0,0.42857142857142855,0.0,0,백반·죽·국수,본그룹
ba_13229747,2025-05,0.0,0.0,0.0,0.0,0.0,0.0,0.0,0,백반·죽·국수,본그룹
ba_13229747,2025-07,0.0,0.0,0.0,0.0,0.0,0.0,0.0,1,백반·죽·국수,본그룹
ba_13229858,2025-05,0.0,0.0,0.0,0.0,0.0,0.0,0.0,0,백반·죽·국수,본그룹
ba_13229858,2025-06,0.0,0.0,0.0,0.0,0.0,0.0,0.0,0,백반·죽·국수,본그룹
ba_13229960,2025-05,0.0,0.0,0.0,0.0,0.0,0.0,0.0,0,백반·죽·국수,본그룹
ba_13230502,2025-05,0.0,0.0,0.0,0.0,0.0,0.0,0.0,0,백반·죽·국수,본그룹
ba_13230793,2025-05,0.0,0.0,0.0,0.0,0.0,0.0,0.0,0,백반·죽·국수,본그룹
ba_13230793,2025-06,0.0,0.0,0.0,0.0,0.0,0.0,0.0,1,백반·죽·국수,본그룹
ba_13230834,2025-07,0.0,0.0,0.0,0.0,0.0,0.0,0.0,1,백반·죽·국수,본그룹
ba_13230838,2025-06,1.0,109.0,22.0,0.0,0.0,0.42857142857142855,0.16666666666666666,1,백반·죽·국수,본그룹
ba_13230846,2025-06,1.0,113.0,25.0,1.0,1.0,0.14285714285714285,0.16666666666666666,1,백반·죽·국수,본그룹
ba_13230846,2025-07,1.0,223.0,49.0,0.0,0.0,0.5714285714285714,0.25,1,백반·죽·국수,본그룹
ba_13230903,2025-05,0.0,0.0,0.0,0.0,0.0,0.0,0.0,0,백반·죽·국수,본그룹
ba_13230903,2025-06,0.0,0.0,0.0,0.0,0.0,0.0,0.0,1,백반·죽·국수,본그룹
ba_13230921,2025-05,0.0,0.0,0.0,0.0,0.0,0.0,0.0,1,백반·죽·국수,본그룹
ba_13231050,2025-05,0.0,0.0,0.0,0.0,0.0,0.0,0.0,0,백반·죽·국수,본그룹
ba_13231050,2025-06,0.0,0.0,0.0,0.0,0.0,0.0,0.0,0,백반·죽·국수,본그룹
ba_13231147,2025-04,1.0,52.0,9.0,0.0,0.0,0.14285714285714285,0.0,0,백반·죽·국수,본그룹
ba_13231147,2025-05,1.0,64.0,14.0,0.0,0.0,0.14285714285714285,0.0,1,백반·죽·국수,본그룹
ba_13231147,2025-06,1.0,52.5,10.5,0.0,0.0,0.21428571428571427,0.0,0,백반·죽·국수,본그룹
ba_13231157,2025-05,0.0,0.0,0.0,0.0,0.0,0.0,0.0,0,백반·죽·국수,본그룹
ba_13231157,2025-06,0.0,0.0,0.0,0.0,0.0,0.0,0.0,1,백반·죽·국수,본그룹
ba_13231157,2025-07,1.0,187.75,41.5,0.0,0.0,0.3571428571428571,0.16666666666666666,1,백반·죽·국수,본그룹
ba_13231481,2025-05,1.0,214.0,45.0,1.0,1.0,0.42857142857142855,0.5,1,백반·죽·국수,본그룹
ba_13231481,2025-06,1.0,188.0,40.0,0.0,0.0,0.42857142857142855,0.3333333333333333,1,백반·죽·국수,본그룹
ba_13231795,2025-07,0.0,0.0,0.0,0.0,0.0,0.0,0.0,1,백반·죽·국수,본그룹
ba_13231958,2025-06,0.0,0.0,0.0,0.0,0.0,0.0,0.0,1,백반·죽·국수,본그룹
ba_13231958,2025-07,0.0,0.0,0.0,0.0,0.0,0.0,0.0,1,백반·죽·국수,본그룹
ba_13232110,2025-06,0.6666666666666666,132.0,26.666666666666668,0.0,0.0,0.09523809523809523,0.0,1,백반·죽·국수,본그룹
ba_13232110,2025-05,1.0,207.0,43.0,0.0,0.0,0.2857142857142857,0.0,0,백반·죽·국수,본그룹
ba_13232134,2025-05,1.0,187.0,42.0,0.0,0.0,0.5714285714285714,0.0,0,백반·죽·국수,본그룹
ba_13232348,2025-05,0.0,0.0,0.0,0.0,0.0,0.0,0.0,0,백반·죽·국수,본그룹
ba_13232348,2025-07,0.5,40.5,8.0,0.0,0.0,0.07142857142857142,0.0,1,백반·죽·국수,본그룹
ba_13232348,2025-06,1.0,158.5,32.75,0.25,0.25,0.5357142857142857,0.125,1,백반·죽·국수,본그룹
ba_13232508,2025-07,1.0,259.0,57.5,0.0,0.0,0.5,0.16666666666666666,0,백반·죽·국수,본그룹
ba_13233115,2025-05,0.0,0.0,0.0,0.0,0.0,0.0,0.0,0,백반·죽·국수,본그룹
ba_13233212,2025-05,1.0,73.0,17.0,0.0,0.0,0.07142857142857142,0.0,0,백반·죽·국수,본그룹
ba_13233212,2025-06,1.0,73.0,17.0,0.0,0.0,0.14285714285714285,0.0,1,백반·죽·국수,본그룹
ba_13233212,2025-07,1.0,68.0,14.0,0.0,0.0,0.42857142857142855,0.16666666666666666,0,백반·죽·국수,본그룹
ba_13233433,2025-05,0.0,0.0,0.0,0.0,0.0,0.0,0.0,0,백반·죽·국수,본그룹
ba_13233433,2025-07,0.0,0.0,0.0,0.0,0.0,0.0,0.0,0,백반·죽·국수,본그룹
ba_13233436,2025-06,1.0,45.0,9.0,0.0,0.0,0.14285714285714285,0.16666666666666666,1,백반·죽·국수,본그룹
ba_13233445,2025-05,0.0,0.0,0.0,0.0,0.0,0.0,0.0,0,백반·죽·국수,본그룹
ba_13233445,2025-06,0.0,0.0,0.0,0.0,0.0,0.0,0.0,1,백반·죽·국수,본그룹
ba_13233445,2025-07,0.0,0.0,0.0,0.0,0.0,0.0,0.0,0,백반·죽·국수,본그룹
ba_13233448,2025-05,0.0,0.0,0.0,0.0,0.0,0.0,0.0,0,백반·죽·국수,본그룹
ba_13233448,2025-06,0.0,0.0,0.0,0.0,0.0,0.0,0.0,1,백반·죽·국수,본그룹
ba_13233454,2025-05,0.0,0.0,0.0,0.0,0.0,0.0,0.0,0,백반·죽·국수,본그룹
ba_13233454,2025-06,0.0,0.0,0.0,0.0,0.0,0.0,0.0,1,백반·죽·국수,본그룹
ba_13233457,2025-05,1.0,71.66666666666667,11.0,0.0,0.0,0.3333333333333333,0.16666666666666666,0,백반·죽·국수,본그룹
ba_13233457,2025-07,1.0,181.0,40.0,0.0,0.0,0.5714285714285714,0.16666666666666666,0,백반·죽·국수,본그룹
ba_13233463,2025-05,1.0,175.5,29.0,0.0,0.0,0.14285714285714285,0.0,0,백반·죽·국수,본그룹
ba_13233463,2025-06,1.0,108.0,18.0,0.0,0.0,0.14285714285714285,0.0,1,백반·죽·국수,본그룹
ba_13233466,2025-05,0.0,0.0,0.0,0.0,0.0,0.0,0.0,0,백반·죽·국수,본그룹
ba_13233466,2025-06,0.0,0.0,0.0,0.0,0.0,0.0,0.0,1,백반·죽·국수,본그룹
ba_13233466,2025-07,0.0,0.0,0.0,0.0,0.0,0.0,0.0,0,백반·죽·국수,본그룹
ba_13233483,2025-06,0.0,0.0,0.0,0.0,0.0,0.0,0.0,1,백반·죽·국수,본그룹
ba_13233484,2025-07,1.0,242.0,51.0,1.0,1.0,0.42857142857142855,0.16666666666666666,1,백반·죽·국수,본그룹
ba_13233506,2025-04,1.0,169.0,38.0,1.0,1.0,0.2857142857142857,0.16666666666666666,0,백반·죽·국수,본그룹
ba_13233506,2025-05,1.0,218.0,46.0,1.0,1.0,0.42857142857142855,0.3333333333333333,0,백반·죽·국수,본그룹
ba_13233506,2025-06,1.0,249.0,51.0,1.0,1.0,0.7142857142857143,0.3333333333333333,1,백반·죽·국수,본그룹
ba_13233506,2025-07,1.0,253.0,56.0,0.0,0.0,0.4761904761904761,0.2222222222222222,1,백반·죽·국수,본그룹
ba_13233554,2025-05,0.0,0.0,0.0,0.0,0.0,0.0,0.0,0,백반·죽·국수,본그룹
ba_13233554,2025-06,1.0,203.66666666666666,45.333333333333336,0.3333333333333333,0.3333333333333333,0.4761904761904761,0.1111111111111111,1,백반·죽·국수,본그룹
ba_13233575,2025-06,1.0,198.0,41.0,0.0,0.0,0.14285714285714285,0.0,1,백반·죽·국수,본그룹
ba_13233576,2025-05,0.0,0.0,0.0,0.0,0.0,0.0,0.0,0,백반·죽·국수,본그룹
ba_13233576,2025-06,0.0,0.0,0.0,0.0,0.0,0.0,0.0,1,백반·죽·국수,본그룹
ba_13233576,2025-07,0.5,81.0,17.0,0.0,0.0,0.0,0.0,1,백반·죽·국수,본그룹
ba_13233581,2025-05,0.0,0.0,0.0,0.0,0.0,0.0,0.0,0,백반·죽·국수,본그룹
ba_13233581,2025-06,0.0,0.0,0.0,0.0,0.0,0.0,0.0,0,백반·죽·국수,본그룹
ba_13233581,2025-07,0.0,0.0,0.0,0.0,0.0,0.0,0.0,1,백반·죽·국수,본그룹
ba_13233587,2025-05,0.0,0.0,0.0,0.0,0.0,0.0,0.0,0,백반·죽·국수,본그룹
ba_13233587,2025-06,0.5,69.5,14.5,0.0,0.0,0.21428571428571427,0.08333333333333333,1,백반·죽·국수,본그룹
ba_13233594,2025-05,0.0,0.0,0.0,0.0,0.0,0.0,0.0,0,백반·죽·국수,본그룹
ba_13233594,2025-06,0.0,0.0,0.0,0.0,0.0,0.0,0.0,1,백반·죽·국수,본그룹
ba_13233606,2025-05,1.0,261.0,51.0,0.0,0.0,0.14285714285714285,0.0,0,백반·죽·국수,본그룹
ba_13233606,2025-06,1.0,224.33333333333334,45.666666666666664,0.3333333333333333,0.3333333333333333,0.42857142857142855,0.05555555555555555,1,백반·죽·국수,본그룹
ba_13233607,2025-05,0.0,0.0,0.0,0.0,0.0,0.0,0.0,0,백반·죽·국수,본그룹
ba_13233607,2025-06,0.0,0.0,0.0,0.0,0.0,0.0,0.0,1,백반·죽·국수,본그룹
ba_13233607,2025-07,0.0,0.0,0.0,0.0,0.0,0.0,0.0,1,백반·죽·국수,본그룹
ba_13233639,2025-05,1.0,200.0,48.0,0.0,0.0,0.2857142857142857,0.0,0,백반·죽·국수,본그룹
ba_13233639,2025-07,1.0,254.66666666666666,57.0,0.0,0.0,0.42857142857142855,0.27777777777777773,0,백반·죽·국수,본그룹
ba_13233688,2025-05,0.0,0.0,0.0,0.0,0.0,0.0,0.0,0,백반·죽·국수,본그룹
ba_13233688,2025-06,0.0,0.0,0.0,0.0,0.0,0.0,0.0,1,백반·죽·국수,본그룹
ba_13233716,2025-05,0.0,0.0,0.0,0.0,0.0,0.0,0.0,0,백반·죽·국수,본그룹
ba_13233716,2025-06,1.0,153.0,30.0,0.0,0.0,0.5714285714285714,0.3333333333333333,1,백반·죽·국수,본그룹
ba_13233724,2025-05,1.0,60.5,9.0,0.0,0.0,0.2857142857142857,0.16666666666666666,0,백반·죽·국수,본그룹
ba_13233724,2025-06,1.0,115.5,21.0,0.0,0.0,0.5,0.16666666666666666,1,백반·죽·국수,본그룹
ba_13233724,2025-07,1.0,203.5,47.0,0.0,0.0,0.5714285714285714,0.3333333333333333,0,백반·죽·국수,본그룹
ba_13233726,2025-05,1.0,273.6,59.8,0.0,0.0,0.5714285714285714,0.3333333333333333,0,백반·죽·국수,본그룹
ba_13233726,2025-06,1.0,312.6,68.4,0.0,0.0,0.5428571428571428,0.3,1,백반·죽·국수,본그룹
ba_13233735,2025-05,1.0,78.0,14.0,0.0,0.0,0.07142857142857142,0.0,0,백반·죽·국수,본그룹
ba_13233742,2025-05,0.0,0.0,0.0,0.0,0.0,0.0,0.0,0,백반·죽·국수,본그룹
ba_13233742,2025-07,1.0,210.5,45.0,0.0,0.0,0.42857142857142855,0.16666666666666666,0,백반·죽·국수,본그룹
ba_13233764,2025-05,1.0,145.66666666666666,30.333333333333332,0.0,0.0,0.42857142857142855,0.16666666666666666,0,백반·죽·국수,본그룹
ba_13233764,2025-07,1.0,208.4,47.1,0.1,0.1,0.42857142857142855,0.25,1,백반·죽·국수,본그룹
ba_13233778,2025-05,0.0,0.0,0.0,0.0,0.0,0.0,0.0,1,백반·죽·국수,본그룹
ba_13233778,2025-06,0.8571428571428571,115.85714285714286,25.142857142857142,0.0,0.0,0.36734693877551017,0.16666666666666666,1,백반·죽·국수,본그룹
ba_13233778,2025-07,1.0,219.42857142857142,49.285714285714285,0.07142857142857142,0.07142857142857142,0.5204081632653061,0.2738095238095238,1,백반·죽·국수,본그룹
ba_13233782,2025-05,0.0,0.0,0.0,0.0,0.0,0.0,0.0,0,백반·죽·국수,본그룹
ba_13233856,2025-05,1.0,14.0,2.0,0.0,0.0,0.14285714285714285,0.0,1,백반·죽·국수,본그룹
ba_13233856,2025-06,1.0,15.0,2.0,0.0,0.0,0.14285714285714285,0.0,1,백반·죽·국수,본그룹
ba_13234034,2025-07,1.0,229.28571428571428,50.857142857142854,0.2857142857142857,0.2857142857142857,0.4387755102040816,0.20238095238095236,1,백반·죽·국수,본그룹
ba_13234101,2025-04,1.0,135.5,24.5,0.0,0.0,0.2857142857142857,0.0,1,백반·죽·국수,본그룹
ba_13234101,2025-05,1.0,173.0,32.0,0.0,0.0,0.2857142857142857,0.0,0,백반·죽·국수,본그룹
ba_13234101,2025-06,1.0,191.66666666666666,41.0,0.3333333333333333,0.3333333333333333,0.6190476190476191,0.27777777777777773,0,백반·죽·국수,본그룹
ba_13234101,2025-07,1.0,207.5,46.5,0.0,0.0,0.3571428571428571,0.25,0,백반·죽·국수,본그룹
ba_13234187,2025-05,0.0,0.0,0.0,0.0,0.0,0.0,0.0,0,백반·죽·국수,본그룹
ba_13234188,2025-05,1.0,283.75,62.125,0.0,0.0,0.3571428571428571,0.125,0,백반·죽·국수,본그룹
ba_13234188,2025-06,1.0,278.75,61.25,0.0,0.0,0.4642857142857143,0.125,1,백반·죽·국수,본그룹
ba_13234188,2025-07,1.0,290.5,64.0,0.0,0.0,0.5714285714285714,0.3333333333333333,1,백반·죽·국수,본그룹
ba_13234193,2025-05,0.0,0.0,0.0,0.0,0.0,0.0,0.0,0,백반·죽·국수,본그룹
ba_13234193,2025-06,0.4,71.6,15.2,0.4,0.4,0.2,0.1,1,백반·죽·국수,본그룹
ba_13234193,2025-07,0.0,0.0,0.0,0.0,0.0,0.0,0.0,1,백반·죽·국수,본그룹
ba_13234475,2025-05,1.0,94.0,17.0,0.0,0.0,0.2857142857142857,0.16666666666666666,0,백반·죽·국수,본그룹
ba_13234523,2025-05,1.0,129.0,26.5,0.0,0.0,0.3571428571428571,0.25,0,백반·죽·국수,본그룹
ba_13234523,2025-06,1.0,113.0,28.0,0.0,0.0,0.2857142857142857,0.0,0,백반·죽·국수,본그룹
ba_13234523,2025-07,1.0,151.6,34.0,0.0,0.0,0.4,0.06666666666666667,0,백반·죽·국수,본그룹
ba_13234578,2025-05,0.0,0.0,0.0,0.0,0.0,0.0,0.0,0,백반·죽·국수,본그룹
ba_13234790,2025-05,1.0,113.28571428571429,23.857142857142858,0.0,0.0,0.4081632653061224,0.21428571428571427,1,치킨,굽네치킨
ba_13234790,2025-06,1.0,131.375,27.5,0.125,0.125,0.26785714285714285,0.0625,1,치킨,굽네치킨
ba_13235318,2025-06,0.0,0.0,0.0,0.0,0.0,0.0,0.0,0,백반·죽·국수,본그룹
ba_13235498,2025-05,1.0,163.0,36.0,0.0,0.0,0.3571428571428571,0.16666666666666666,0,백반·죽·국수,본그룹
ba_13235498,2025-06,1.0,154.0,31.0,0.0,0.0,0.2857142857142857,0.16666666666666666,0,백반·죽·국수,본그룹
ba_13235535,2025-06,0.0,0.0,0.0,0.0,0.0,0.0,0.0,1,백반·죽·국수,본그룹
ba_13236401,2025-06,1.0,141.0,30.0,0.0,0.0,0.5714285714285714,0.5,1,백반·죽·국수,본그룹
ba_13236479,2025-06,0.0,0.0,0.0,0.0,0.0,0.0,0.0,1,백반·죽·국수,본그룹
ba_13236481,2025-06,0.0,0.0,0.0,0.0,0.0,0.0,0.0,0,백반·죽·국수,본그룹
ba_13236584,2025-07,0.0,0.0,0.0,0.0,0.0,0.0,0.0,1,백반·죽·국수,본그룹
ba_13236745,2025-05,0.0,0.0,0.0,0.0,0.0,0.0,0.0,0,백반·죽·국수,본그룹
ba_13236745,2025-06,0.0,0.0,0.0,0.0,0.0,0.0,0.0,1,백반·죽·국수,본그룹
ba_13236745,2025-07,0.0,0.0,0.0,0.0,0.0,0.0,0.0,1,백반·죽·국수,본그룹
ba_13237293,2025-06,0.0,0.0,0.0,0.0,0.0,0.0,0.0,0,백반·죽·국수,본그룹
ba_13237293,2025-07,0.0,0.0,0.0,0.0,0.0,0.0,0.0,0,백반·죽·국수,본그룹
ba_13237700,2025-05,0.0,0.0,0.0,0.0,0.0,0.0,0.0,0,백반·죽·국수,본그룹
ba_13237700,2025-06,0.0,0.0,0.0,0.0,0.0,0.0,0.0,1,백반·죽·국수,본그룹
ba_13243585,2025-05,1.0,96.0,22.0,0.0,0.0,0.2857142857142857,0.16666666666666666,1,백반·죽·국수,본그룹
ba_13243585,2025-06,1.0,110.0,23.0,0.0,0.0,0.14285714285714285,0.0,1,백반·죽·국수,본그룹
ba_13249105,2025-06,0.0,0.0,0.0,0.0,0.0,0.0,0.0,0,피자,굽네치킨
ba_13249105,2025-07,0.5,39.5,8.0,0.5,0.5,0.2857142857142857,0.08333333333333333,0,피자,굽네치킨
ba_13249105,2025-05,1.0,91.0,19.0,0.0,0.0,0.0,0.0,1,피자,굽네치킨
ba_13249989,2025-05,1.0,378.0869565217391,74.70652173913044,1.0,1.0,0.8509316770186335,0.16666666666666666,0,치킨,굽네치킨
ba_13249989,2025-06,1.0,376.50877192982455,74.54385964912281,1.0,1.0,0.8471177944862155,0.16666666666666666,1,치킨,굽네치킨
ba_13251048,2025-05,0.0,0.0,0.0,0.0,0.0,0.0,0.0,0,백반·죽·국수,본그룹
ba_13251048,2025-06,0.3333333333333333,57.0,12.333333333333334,0.0,0.0,0.047619047619047616,0.0,0,백반·죽·국수,본그룹
ba_13251048,2025-07,1.0,122.0,29.0,0.0,0.0,0.5714285714285714,0.3333333333333333,0,백반·죽·국수,본그룹
ba_13260523,2025-05,0.0,0.0,0.0,0.0,0.0,0.0,0.0,0,백반·죽·국수,본그룹
ba_13260523,2025-06,0.0,0.0,0.0,0.0,0.0,0.0,0.0,1,백반·죽·국수,본그룹
ba_13260584,2025-06,1.0,76.0,16.0,0.0,0.0,0.2857142857142857,0.16666666666666666,1,백반·죽·국수,본그룹
ba_13260584,2025-07,1.0,159.5,33.0,0.5,0.5,0.6428571428571428,0.25,0,백반·죽·국수,본그룹
ba_13265806,2025-07,0.0,0.0,0.0,0.0,0.0,0.0,0.0,1,백반·죽·국수,본그룹
ba_13267079,2025-05,0.0,0.0,0.0,0.0,0.0,0.0,0.0,1,백반·죽·국수,본그룹
ba_13267079,2025-06,0.6666666666666666,266.0,61.666666666666664,0.6666666666666666,0.6666666666666666,0.5238095238095238,0.16666666666666666,1,백반·죽·국수,본그룹
ba_13268955,2025-06,1.0,97.5,20.5,0.0,0.0,0.2857142857142857,0.08333333333333333,1,백반·죽·국수,본그룹
ba_13305413,2025-07,1.0,239.66666666666666,53.0,0.3333333333333333,0.3333333333333333,0.5238095238095238,0.27777777777777773,1,백반·죽·국수,본그룹
ba_13311793,2025-05,0.65625,407.125,89.84375,0.65625,0.65625,0.1875,0.109375,1,치킨,굽네치킨
ba_13311793,2025-06,0.0,0.0,0.0,0.0,0.0,0.0,0.0,0,치킨,굽네치킨
ba_13313413,2025-05,0.0625,20.5625,4.25,0.0,0.0,0.017857142857142856,0.010416666666666666,1,치킨,굽네치킨
ba_13313413,2025-06,0.25925925925925924,133.0,26.703703703703702,0.25925925925925924,0.25925925925925924,0.07407407407407407,0.043209876543209874,1,치킨,굽네치킨
ba_13313909,2025-05,0.75,162.75,36.75,0.25,0.25,0.25,0.125,0,치킨,굽네치킨
ba_13313909,2025-06,0.16666666666666666,33.166666666666664,7.333333333333333,0.16666666666666666,0.16666666666666666,0.07142857142857142,0.05555555555555555,0,치킨,굽네치킨
ba_13379446,2025-05,0.0,0.0,0.0,0.0,0.0,0.0,0.0,1,치킨,굽네치킨
ba_13379446,2025-06,0.0,0.0,0.0,0.0,0.0,0.0,0.0,1,치킨,굽네치킨
ba_13412065,2025-05,0.9787234042553191,229.08510638297872,52.808510638297875,0.9787234042553191,0.9787234042553191,0.6945288753799392,0.324468085106383,1,치킨,굽네치킨
ba_13412065,2025-06,0.984375,228.015625,52.484375,0.96875,0.96875,0.6941964285714286,0.3255208333333333,1,치킨,굽네치킨
ba_13436824,2025-05,1.0,185.0,42.0,0.0,0.0,0.42857142857142855,0.16666666666666666,0,백반·죽·국수,본그룹
ba_13436824,2025-06,1.0,189.0,42.0,0.0,0.0,0.42857142857142855,0.16666666666666666,1,백반·죽·국수,본그룹
ba_13436824,2025-07,1.0,123.0,25.0,0.0,0.0,0.2857142857142857,0.3333333333333333,1,백반·죽·국수,본그룹
ba_13451078,2025-06,1.0,149.0,30.0,0.0,0.0,0.42857142857142855,0.16666666666666666,1,백반·죽·국수,본그룹
ba_13459937,2025-06,0.9,70.8,15.8,0.0,0.0,0.24285714285714283,0.0,0,치킨,굽네치킨
ba_13459937,2025-05,1.0,80.92307692307692,18.0,0.0,0.0,0.2857142857142857,0.0,0,치킨,굽네치킨
ba_13471384,2025-05,1.0,34.5,7.0,0.0,0.0,0.0,0.0,0,백반·죽·국수,본그룹
ba_13471384,2025-06,1.0,57.0,10.0,0.0,0.0,0.0,0.0,0,백반·죽·국수,본그룹
ba_13472981,2025-04,0.0,0.0,0.0,0.0,0.0,0.0,0.0,0,피자,굽네치킨
ba_13473077,2025-05,1.0,67.33333333333333,12.0,0.0,0.0,0.047619047619047616,0.0,0,백반·죽·국수,본그룹
ba_13473077,2025-06,1.0,86.0,17.0,0.0,0.0,0.14285714285714285,0.0,1,백반·죽·국수,본그룹
ba_13475914,2025-05,0.0,0.0,0.0,0.0,0.0,0.0,0.0,0,백반·죽·국수,본그룹
ba_13475914,2025-06,0.0,0.0,0.0,0.0,0.0,0.0,0.0,1,백반·죽·국수,본그룹
ba_13475914,2025-07,0.0,0.0,0.0,0.0,0.0,0.0,0.0,0,백반·죽·국수,본그룹
ba_13477857,2025-05,0.0,0.0,0.0,0.0,0.0,0.0,0.0,1,백반·죽·국수,본그룹
ba_13492399,2025-05,1.0,188.25,44.5,0.0,0.0,0.4642857142857143,0.16666666666666666,0,백반·죽·국수,본그룹
ba_13492399,2025-06,1.0,265.5,60.25,0.0,0.0,0.39285714285714285,0.25,1,백반·죽·국수,본그룹
ba_13492399,2025-07,1.0,209.75,47.25,0.0,0.0,0.5,0.29166666666666663,0,백반·죽·국수,본그룹
ba_13504506,2025-05,0.5,31.5,6.0,0.5,0.5,0.07142857142857142,0.0,0,백반·죽·국수,본그룹
ba_13504506,2025-06,1.0,167.0,37.333333333333336,0.3333333333333333,0.3333333333333333,0.42857142857142855,0.16666666666666666,1,백반·죽·국수,본그룹
ba_13504506,2025-07,1.0,173.0,39.0,0.0,0.0,0.42857142857142855,0.16666666666666666,0,백반·죽·국수,본그룹
ba_13522931,2025-05,0.0,0.0,0.0,0.0,0.0,0.0,0.0,0,백반·죽·국수,본그룹
ba_13522931,2025-06,0.0,0.0,0.0,0.0,0.0,0.0,0.0,0,백반·죽·국수,본그룹
ba_13522931,2025-07,1.0,107.0,23.0,0.0,0.0,0.42857142857142855,0.16666666666666666,1,백반·죽·국수,본그룹
ba_13539608,2025-05,0.875,77.125,16.5625,0.0,0.0,0.125,0.125,1,치킨,굽네치킨
ba_13539608,2025-06,0.64,60.48,12.8,0.0,0.0,0.09142857142857143,0.006666666666666666,1,치킨,굽네치킨
ba_13539979,2025-05,0.0,0.0,0.0,0.0,0.0,0.0,0.0,0,백반·죽·국수,본그룹
ba_13550181,2025-05,0.0,0.0,0.0,0.0,0.0,0.0,0.0,0,백반·죽·국수,본그룹
ba_13550240,2025-05,0.0,0.0,0.0,0.0,0.0,0.0,0.0,0,백반·죽·국수,본그룹
ba_13550240,2025-06,0.0,0.0,0.0,0.0,0.0,0.0,0.0,0,백반·죽·국수,본그룹
ba_13550240,2025-07,0.0,0.0,0.0,0.0,0.0,0.0,0.0,0,백반·죽·국수,본그룹
ba_13574800,2025-05,0.0,0.0,0.0,0.0,0.0,0.0,0.0,1,치킨,굽네치킨
ba_13574800,2025-06,0.0,0.0,0.0,0.0,0.0,0.0,0.0,0,치킨,굽네치킨
ba_13580972,2025-05,0.0196078431372549,4.490196078431373,0.9411764705882353,0.0196078431372549,0.0196078431372549,0.0056022408963585435,0.00326797385620915,0,치킨,굽네치킨
ba_13580972,2025-06,0.0,0.0,0.0,0.0,0.0,0.0,0.0,0,치킨,굽네치킨
ba_13584348,2025-05,0.0,0.0,0.0,0.0,0.0,0.0,0.0,1,치킨,굽네치킨
ba_13584348,2025-06,0.09090909090909091,20.636363636363637,4.363636363636363,0.0,0.0,0.025974025974025972,0.01515151515151515,1,치킨,굽네치킨
ba_13596071,2025-05,0.0,0.0,0.0,0.0,0.0,0.0,0.0,1,백반·죽·국수,본그룹
ba_13596071,2025-06,1.0,132.0,30.0,0.0,0.0,0.7142857142857143,0.3333333333333333,1,백반·죽·국수,본그룹
ba_13596730,2025-05,0.16666666666666666,14.666666666666666,3.1666666666666665,0.0,0.0,0.023809523809523808,0.027777777777777776,1,치킨,굽네치킨
ba_13596730,2025-06,0.42857142857142855,79.14285714285714,16.571428571428573,0.0,0.0,0.061224489795918366,0.07142857142857142,1,치킨,굽네치킨
ba_13612153,2025-07,0.0,0.0,0.0,0.0,0.0,0.0,0.0,1,백반·죽·국수,본그룹
ba_13630053,2025-05,0.0,0.0,0.0,0.0,0.0,0.0,0.0,0,백반·죽·국수,본그룹
ba_13630053,2025-06,0.0,0.0,0.0,0.0,0.0,0.0,0.0,1,백반·죽·국수,본그룹
ba_13630053,2025-07,0.0,0.0,0.0,0.0,0.0,0.0,0.0,1,백반·죽·국수,본그룹
ba_13639608,2025-05,1.0,226.46031746031747,44.41269841269841,0.3968253968253968,0.3968253968253968,0.4580498866213151,0.16666666666666666,1,치킨,굽네치킨
ba_13639608,2025-06,1.0,207.0,40.58620689655172,0.0,0.0,0.5492610837438423,0.16666666666666666,1,치킨,굽네치킨
ba_13648667,2025-05,0.0,0.0,0.0,0.0,0.0,0.0,0.0,1,백반·죽·국수,본그룹
ba_13648667,2025-07,1.0,242.33333333333334,54.333333333333336,0.3333333333333333,0.3333333333333333,0.42857142857142855,0.27777777777777773,0,백반·죽·국수,본그룹
ba_13651212,2025-05,0.0,0.0,0.0,0.0,0.0,0.0,0.0,0,백반·죽·국수,본그룹
ba_13651212,2025-06,0.0,0.0,0.0,0.0,0.0,0.0,0.0,0,백반·죽·국수,본그룹
ba_13683573,2025-05,1.0,207.75,42.0,0.0,0.0,0.39285714285714285,0.125,1,백반·죽·국수,본그룹
ba_13683573,2025-06,1.0,72.5,12.5,0.0,0.0,0.17857142857142855,0.0,1,백반·죽·국수,본그룹
ba_13722581,2025-05,0.0,0.0,0.0,0.0,0.0,0.0,0.0,0,백반·죽·국수,본그룹
ba_13722581,2025-06,0.0,0.0,0.0,0.0,0.0,0.0,0.0,0,백반·죽·국수,본그룹
ba_13730162,2025-04,0.0,0.0,0.0,0.0,0.0,0.0,0.0,0,백반·죽·국수,본그룹
ba_13730162,2025-05,0.0,0.0,0.0,0.0,0.0,0.0,0.0,0,백반·죽·국수,본그룹
ba_13730162,2025-06,0.6666666666666666,118.66666666666667,24.0,0.0,0.0,0.38095238095238093,0.1111111111111111,1,백반·죽·국수,본그룹
ba_13730162,2025-07,1.0,214.0,47.166666666666664,0.3333333333333333,0.3333333333333333,0.5238095238095238,0.19444444444444442,1,백반·죽·국수,본그룹
ba_13752011,2025-05,1.0,164.25742574257427,35.257425742574256,0.297029702970297,0.297029702970297,0.45261669024045265,0.20132013201320131,1,치킨,굽네치킨
ba_13752011,2025-06,1.0,157.93243243243242,33.95945945945946,0.21621621621621623,0.21621621621621623,0.4884169884169884,0.17117117117117117,1,치킨,굽네치킨
ba_13768149,2025-05,0.0,0.0,0.0,0.0,0.0,0.0,0.0,0,치킨,굽네치킨
ba_13769748,2025-05,0.0,0.0,0.0,0.0,0.0,0.0,0.0,1,치킨,굽네치킨
ba_13769748,2025-06,0.0,0.0,0.0,0.0,0.0,0.0,0.0,0,치킨,굽네치킨
ba_13769748,2025-07,0.0,0.0,0.0,0.0,0.0,0.0,0.0,0,치킨,굽네치킨
ba_13787561,2025-05,1.0,227.0,52.0,1.0,1.0,0.5714285714285714,0.5,1,백반·죽·국수,본그룹
ba_13787561,2025-06,1.0,80.0,16.0,0.0,0.0,0.42857142857142855,0.0,1,백반·죽·국수,본그룹
ba_13787561,2025-07,1.0,233.1,52.2,0.0,0.0,0.3714285714285714,0.2,0,백반·죽·국수,본그룹
ba_13870012,2025-05,0.0,0.0,0.0,0.0,0.0,0.0,0.0,1,백반·죽·국수,본그룹
ba_13870012,2025-06,0.0,0.0,0.0,0.0,0.0,0.0,0.0,1,백반·죽·국수,본그룹
ba_13870012,2025-07,1.0,229.5,51.5,0.0,0.0,0.6428571428571428,0.3333333333333333,1,백반·죽·국수,본그룹
ba_13918069,2025-04,1.0,306.0,55.0,0.0,0.0,0.42857142857142855,0.0,0,백반·죽·국수,본그룹
ba_13928548,2025-05,0.0,0.0,0.0,0.0,0.0,0.0,0.0,1,치킨,굽네치킨
ba_13928548,2025-06,0.0,0.0,0.0,0.0,0.0,0.0,0.0,0,치킨,굽네치킨
ba_13969584,2025-05,0.0,0.0,0.0,0.0,0.0,0.0,0.0,0,피자,굽네치킨
ba_13969584,2025-06,0.0,0.0,0.0,0.0,0.0,0.0,0.0,0,피자,굽네치킨
ba_13972595,2025-05,1.0,91.0,16.0,0.0,0.0,0.0,0.0,0,피자,굽네치킨
ba_13972771,2025-05,0.0,0.0,0.0,0.0,0.0,0.0,0.0,0,피자,굽네치킨
ba_13973745,2025-05,0.0,0.0,0.0,0.0,0.0,0.0,0.0,0,피자,굽네치킨
ba_13973813,2025-05,1.0,91.66666666666667,19.0,0.0,0.0,0.19047619047619047,0.05555555555555555,0,피자,굽네치킨
ba_13973901,2025-04,0.0,0.0,0.0,0.0,0.0,0.0,0.0,1,피자,굽네치킨
ba_13973901,2025-05,0.0,0.0,0.0,0.0,0.0,0.0,0.0,1,피자,굽네치킨
ba_13976690,2025-05,0.0,0.0,0.0,0.0,0.0,0.0,0.0,0,피자,굽네치킨
ba_13977023,2025-05,0.0,0.0,0.0,0.0,0.0,0.0,0.0,0,피자,굽네치킨
ba_13977023,2025-06,0.0,0.0,0.0,0.0,0.0,0.0,0.0,0,피자,굽네치킨
ba_13977023,2025-07,0.0,0.0,0.0,0.0,0.0,0.0,0.0,0,피자,굽네치킨
ba_13984579,2025-07,0.0,0.0,0.0,0.0,0.0,0.0,0.0,1,피자,굽네치킨
ba_14042200,2025-04,0.0,0.0,0.0,0.0,0.0,0.0,0.0,0,백반·죽·국수,본그룹
ba_14042200,2025-05,0.0,0.0,0.0,0.0,0.0,0.0,0.0,1,백반·죽·국수,본그룹
ba_14042200,2025-06,0.0,0.0,0.0,0.0,0.0,0.0,0.0,1,백반·죽·국수,본그룹
ba_14049107,2025-05,1.0,131.33333333333334,29.333333333333332,0.0,0.0,0.42857142857142855,0.16666666666666666,0,치킨,굽네치킨
ba_14092187,2025-05,1.0,150.28125,32.5,0.0,0.0,0.2857142857142857,0.005208333333333333,0,치킨,굽네치킨
ba_14092187,2025-06,1.0,156.0,33.36842105263158,0.0,0.0,0.2781954887218045,0.008771929824561403,0,치킨,굽네치킨
ba_14117511,2025-05,1.0,304.26666666666665,60.64,0.0,0.0,0.7085714285714286,0.4955555555555555,1,치킨,굽네치킨
ba_14117511,2025-06,1.0,297.13953488372096,59.372093023255815,0.046511627906976744,0.046511627906976744,0.6810631229235881,0.4806201550387597,0,치킨,굽네치킨
ba_14117512,2025-05,1.0,294.0,57.0,0.0,0.0,0.7142857142857143,0.5,0,피자,굽네치킨
ba_14171127,2025-05,1.0,881.2857142857143,189.85714285714286,0.2857142857142857,0.2857142857142857,0.42857142857142855,0.16666666666666666,0,피자,굽네치킨
ba_14171127,2025-06,1.0,967.6666666666666,213.33333333333334,1.0,1.0,0.42857142857142855,0.16666666666666666,0,피자,굽네치킨
ba_14190360,2025-05,1.0,160.0,34.0,0.0,0.0,0.2857142857142857,0.0,1,피자,굽네치킨
ba_14190360,2025-06,1.0,160.0,34.0,0.0,0.0,0.2857142857142857,0.0,0,피자,굽네치킨
ba_14228061,2025-05,0.0,0.0,0.0,0.0,0.0,0.0,0.0,0,치킨,굽네치킨
ba_14228061,2025-06,0.05555555555555555,11.694444444444445,2.4166666666666665,0.027777777777777776,0.027777777777777776,0.011904761904761904,0.004629629629629629,0,치킨,굽네치킨
ba_14228480,2025-05,1.0,114.0,23.0,0.0,0.0,0.2857142857142857,0.0,0,치킨,굽네치킨
ba_14229365,2025-05,1.0,116.57894736842105,23.92105263157895,0.02631578947368421,0.02631578947368421,0.28195488721804507,0.0043859649122807015,0,치킨,굽네치킨
ba_14229365,2025-06,1.0,113.7,23.366666666666667,0.03333333333333333,0.03333333333333333,0.29047619047619044,0.0,0,치킨,굽네치킨
ba_14238012,2025-05,1.0,34.333333333333336,6.166666666666667,0.0,0.0,0.11904761904761903,0.0,0,백반·죽·국수,본그룹
ba_14238012,2025-06,1.0,36.285714285714285,7.285714285714286,0.14285714285714285,0.14285714285714285,0.1020408163265306,0.0,1,백반·죽·국수,본그룹
ba_14238012,2025-07,1.0,89.85714285714286,20.0,0.0,0.0,0.18367346938775508,0.09523809523809523,0,백반·죽·국수,본그룹
ba_14239270,2025-05,0.0,0.0,0.0,0.0,0.0,0.0,0.0,1,피자,굽네치킨
ba_14239270,2025-06,0.0,0.0,0.0,0.0,0.0,0.0,0.0,0,피자,굽네치킨
ba_14239270,2025-07,0.0,0.0,0.0,0.0,0.0,0.0,0.0,0,피자,굽네치킨
ba_14245849,2025-05,0.0,0.0,0.0,0.0,0.0,0.0,0.0,0,백반·죽·국수,본그룹
ba_14245849,2025-06,0.0,0.0,0.0,0.0,0.0,0.0,0.0,1,백반·죽·국수,본그룹
ba_14245878,2025-06,0.0,0.0,0.0,0.0,0.0,0.0,0.0,0,백반·죽·국수,본그룹
ba_14248050,2025-05,1.0,55.285714285714285,10.714285714285714,0.0,0.0,0.5510204081632653,0.2857142857142857,0,치킨,굽네치킨
ba_14248050,2025-06,1.0,51.0,10.0,0.0,0.0,0.5714285714285714,0.3333333333333333,0,치킨,굽네치킨
ba_14248050,2025-07,1.0,50.0,10.0,0.0,0.0,0.5714285714285714,0.3333333333333333,0,치킨,굽네치킨
ba_14248059,2025-06,0.7142857142857143,37.57142857142857,7.142857142857143,0.0,0.0,0.4081632653061224,0.23809523809523808,0,치킨,굽네치킨
ba_14248059,2025-05,1.0,51.142857142857146,9.857142857142858,0.0,0.0,0.5714285714285714,0.3333333333333333,1,치킨,굽네치킨
ba_14248059,2025-07,1.0,53.5,10.0,0.0,0.0,0.5714285714285714,0.3333333333333333,0,치킨,굽네치킨
ba_14249433,2025-05,1.0,377.84722222222223,75.73611111111111,0.027777777777777776,0.027777777777777776,0.42857142857142855,0.16435185185185183,1,치킨,굽네치킨
ba_14249433,2025-06,1.0,381.8974358974359,76.28205128205128,0.01282051282051282,0.01282051282051282,0.4285714285714285,0.16666666666666666,0,치킨,굽네치킨
ba_14249441,2025-05,1.0,358.3333333333333,71.33333333333333,0.0,0.0,0.42857142857142855,0.16666666666666666,0,피자,굽네치킨
ba_14249441,2025-06,1.0,442.0,90.0,0.0,0.0,0.42857142857142855,0.16666666666666666,0,피자,굽네치킨
ba_14250328,2025-05,1.0,102.76923076923077,23.307692307692307,0.0,0.0,0.29670329670329665,0.01282051282051282,1,치킨,굽네치킨
ba_14250328,2025-06,1.0,107.8,24.0,0.1,0.1,0.24285714285714283,0.03333333333333333,0,치킨,굽네치킨
ba_14251741,2025-05,0.0,0.0,0.0,0.0,0.0,0.0,0.0,0,치킨,굽네치킨
ba_14251741,2025-06,0.0,0.0,0.0,0.0,0.0,0.0,0.0,1,치킨,굽네치킨
ba_14251745,2025-06,0.0,0.0,0.0,0.0,0.0,0.0,0.0,0,피자,굽네치킨
ba_14251745,2025-07,0.0,0.0,0.0,0.0,0.0,0.0,0.0,0,피자,굽네치킨
ba_14253619,2025-06,1.0,108.0,24.0,0.0,0.0,0.2857142857142857,0.0,1,백반·죽·국수,본그룹
ba_14254080,2025-05,0.0,0.0,0.0,0.0,0.0,0.0,0.0,0,치킨,굽네치킨
ba_14254080,2025-06,0.0,0.0,0.0,0.0,0.0,0.0,0.0,0,치킨,굽네치킨
ba_14259741,2025-05,1.0,109.5,20.0,0.0,0.0,0.2857142857142857,0.16666666666666666,0,백반·죽·국수,본그룹
ba_14259741,2025-06,1.0,109.0,20.0,0.0,0.0,0.2857142857142857,0.16666666666666666,1,백반·죽·국수,본그룹
ba_14260091,2025-05,0.0,0.0,0.0,0.0,0.0,0.0,0.0,1,치킨,굽네치킨
ba_14260091,2025-06,0.017543859649122806,4.543859649122807,1.0175438596491229,0.017543859649122806,0.017543859649122806,0.007518796992481203,0.005847953216374269,0,치킨,굽네치킨
ba_14260093,2025-05,0.0,0.0,0.0,0.0,0.0,0.0,0.0,0,피자,굽네치킨
ba_14260093,2025-06,0.0,0.0,0.0,0.0,0.0,0.0,0.0,0,피자,굽네치킨
ba_14262149,2025-05,1.0,136.5,27.75,1.0,1.0,0.14285714285714285,0.08333333333333333,0,백반·죽·국수,본그룹
ba_14262149,2025-06,1.0,221.0,48.0,0.0,0.0,0.2857142857142857,0.16666666666666666,0,백반·죽·국수,본그룹
ba_14262149,2025-07,1.0,141.0,31.0,0.0,0.0,0.5714285714285714,0.16666666666666666,0,백반·죽·국수,본그룹
ba_14267053,2025-05,1.0,155.0,39.0,0.0,0.0,0.7142857142857143,0.3333333333333333,0,치킨,굽네치킨
ba_14267053,2025-06,1.0,156.0,39.0,0.0,0.0,0.7142857142857143,0.3333333333333333,0,치킨,굽네치킨
ba_14267751,2025-05,1.0,133.07142857142858,26.892857142857142,0.03571428571428571,0.03571428571428571,0.2602040816326531,0.08928571428571429,1,치킨,굽네치킨
ba_14267751,2025-06,1.0,118.61538461538461,24.0,0.0,0.0,0.1868131868131868,0.02564102564102564,1,치킨,굽네치킨
ba_14268780,2025-05,1.0,226.16666666666666,48.333333333333336,0.3333333333333333,0.3333333333333333,0.5952380952380952,0.3055555555555555,0,백반·죽·국수,본그룹
ba_14270407,2025-06,1.0,293.5,61.0,0.0,0.0,0.21428571428571427,0.16666666666666666,1,백반·죽·국수,본그룹
ba_14270407,2025-07,1.0,232.0,48.0,1.0,1.0,0.2857142857142857,0.16666666666666666,0,백반·죽·국수,본그룹
ba_14270903,2025-05,0.0,0.0,0.0,0.0,0.0,0.0,0.0,0,치킨,굽네치킨
ba_14270903,2025-06,0.0,0.0,0.0,0.0,0.0,0.0,0.0,0,치킨,굽네치킨
ba_14270904,2025-05,0.25,57.75,12.5,0.25,0.25,0.07142857142857142,0.041666666666666664,1,치킨,굽네치킨
ba_14270904,2025-06,0.1,22.2,4.8,0.1,0.1,0.02857142857142857,0.016666666666666666,0,치킨,굽네치킨
ba_14271330,2025-05,0.0,0.0,0.0,0.0,0.0,0.0,0.0,1,치킨,굽네치킨
ba_14271330,2025-06,0.18181818181818182,21.181818181818183,5.0,0.0,0.0,0.0,0.0,0,치킨,굽네치킨
ba_14271331,2025-07,0.0,0.0,0.0,0.0,0.0,0.0,0.0,0,피자,굽네치킨
ba_14272179,2025-07,1.0,157.0,39.0,0.0,0.0,0.7142857142857143,0.3333333333333333,1,피자,굽네치킨
ba_14273436,2025-05,0.0,0.0,0.0,0.0,0.0,0.0,0.0,0,백반·죽·국수,본그룹
ba_14273436,2025-06,0.0,0.0,0.0,0.0,0.0,0.0,0.0,0,백반·죽·국수,본그룹
ba_14273436,2025-07,0.0,0.0,0.0,0.0,0.0,0.0,0.0,0,백반·죽·국수,본그룹
ba_14273972,2025-06,1.0,31.0,6.0,0.0,0.0,0.2857142857142857,0.0,1,백반·죽·국수,본그룹
ba_14273972,2025-07,1.0,216.875,48.0,0.0,0.0,0.5,0.22916666666666666,1,백반·죽·국수,본그룹
ba_14274675,2025-05,0.0,0.0,0.0,0.0,0.0,0.0,0.0,0,백반·죽·국수,본그룹
ba_14274675,2025-06,0.5,80.5,16.5,0.5,0.5,0.2857142857142857,0.0,1,백반·죽·국수,본그룹
ba_14274836,2025-05,0.0,0.0,0.0,0.0,0.0,0.0,0.0,0,피자,굽네치킨
ba_14274836,2025-06,0.0,0.0,0.0,0.0,0.0,0.0,0.0,0,피자,굽네치킨
ba_14276685,2025-05,0.6666666666666666,45.666666666666664,7.0,0.0,0.0,0.047619047619047616,0.0,0,백반·죽·국수,본그룹
ba_14276685,2025-06,0.0,0.0,0.0,0.0,0.0,0.0,0.0,1,백반·죽·국수,본그룹
ba_14276685,2025-07,0.0,0.0,0.0,0.0,0.0,0.0,0.0,1,백반·죽·국수,본그룹
ba_14277930,2025-05,0.3333333333333333,86.0,21.0,0.0,0.0,0.0,0.0,0,백반·죽·국수,본그룹
ba_14277930,2025-06,0.0,0.0,0.0,0.0,0.0,0.0,0.0,0,백반·죽·국수,본그룹
ba_14283482,2025-06,1.0,69.0,11.0,0.0,0.0,0.0,0.16666666666666666,1,백반·죽·국수,본그룹
ba_14283482,2025-07,1.0,183.0,41.25,0.25,0.25,0.2857142857142857,0.16666666666666666,0,백반·죽·국수,본그룹
ba_14294026,2025-05,0.041666666666666664,9.083333333333334,1.9583333333333333,0.041666666666666664,0.041666666666666664,0.011904761904761904,0.006944444444444444,0,치킨,굽네치킨
ba_14294026,2025-06,0.0,0.0,0.0,0.0,0.0,0.0,0.0,0,치킨,굽네치킨
ba_14296954,2025-05,0.0,0.0,0.0,0.0,0.0,0.0,0.0,1,치킨,굽네치킨
ba_14296954,2025-06,0.3333333333333333,67.66666666666667,13.333333333333334,0.0,0.0,0.09523809523809523,0.05555555555555555,0,치킨,굽네치킨
ba_14309634,2025-05,0.84,180.96,38.04,0.64,0.64,0.3028571428571428,0.02,1,치킨,굽네치킨
ba_14309634,2025-06,0.5,53.5,11.0,0.125,0.125,0.08928571428571427,0.041666666666666664,0,치킨,굽네치킨
ba_14322928,2025-05,1.0,84.0,17.0,0.0,0.0,0.42857142857142855,0.16666666666666666,0,백반·죽·국수,본그룹
ba_14322928,2025-06,1.0,83.0,16.0,0.0,0.0,0.42857142857142855,0.16666666666666666,0,백반·죽·국수,본그룹
ba_14325499,2025-05,0.0,0.0,0.0,0.0,0.0,0.0,0.0,0,백반·죽·국수,본그룹
ba_14325499,2025-06,1.0,84.5,17.0,0.5,0.5,0.2857142857142857,0.0,1,백반·죽·국수,본그룹
ba_14327485,2025-05,0.07142857142857142,28.357142857142858,6.857142857142857,0.0,0.0,0.01020408163265306,0.011904761904761904,0,치킨,굽네치킨
ba_14327485,2025-06,0.06666666666666667,14.533333333333333,3.533333333333333,0.0,0.0,0.0,0.0,0,치킨,굽네치킨
ba_14327700,2025-05,1.0,736.375,169.1875,1.0,1.0,0.6607142857142857,0.3333333333333333,0,백반·죽·국수,본그룹
ba_14327700,2025-06,1.0,635.25,143.8125,1.0,1.0,0.6339285714285714,0.3020833333333333,1,백반·죽·국수,본그룹
ba_14332090,2025-05,0.9523809523809523,81.66666666666667,15.619047619047619,0.0,0.0,0.1564625850340136,0.0,1,치킨,굽네치킨
ba_14332090,2025-06,1.0,82.15384615384616,15.846153846153847,0.0,0.0,0.15384615384615385,0.0,1,치킨,굽네치킨
ba_14332093,2025-05,1.0,110.0,21.0,0.0,0.0,0.14285714285714285,0.0,1,피자,굽네치킨
ba_14332093,2025-06,1.0,72.0,14.0,0.0,0.0,0.14285714285714285,0.0,1,피자,굽네치킨
ba_14336642,2025-05,0.0,0.0,0.0,0.0,0.0,0.0,0.0,1,치킨,굽네치킨
ba_14336642,2025-06,0.0,0.0,0.0,0.0,0.0,0.0,0.0,1,치킨,굽네치킨
ba_14341228,2025-05,0.0,0.0,0.0,0.0,0.0,0.0,0.0,0,피자,굽네치킨
ba_14341228,2025-07,0.0,0.0,0.0,0.0,0.0,0.0,0.0,0,피자,굽네치킨
ba_14352915,2025-05,1.0,355.6666666666667,78.33333333333333,0.0,0.0,0.6190476190476191,0.16666666666666666,1,백반·죽·국수,본그룹
ba_14352915,2025-07,1.0,255.5,57.0,0.0,0.0,0.5,0.25,0,백반·죽·국수,본그룹
ba_14356032,2025-04,1.0,169.0,40.0,0.0,0.0,0.5714285714285714,0.3333333333333333,0,백반·죽·국수,본그룹
ba_14356032,2025-05,1.0,103.0,24.0,0.0,0.0,0.7142857142857143,0.3333333333333333,1,백반·죽·국수,본그룹
ba_14356032,2025-07,1.0,170.0,35.0,0.0,0.0,0.5714285714285714,0.16666666666666666,1,백반·죽·국수,본그룹
ba_14360458,2025-05,0.7,87.9,14.3,0.0,0.0,0.11428571428571428,0.016666666666666666,0,백반·죽·국수,본그룹
ba_14360458,2025-06,0.8,104.2,18.0,0.0,0.0,0.14285714285714285,0.0,1,백반·죽·국수,본그룹
ba_14363013,2025-05,1.0,140.0,27.5,0.0,0.0,0.3571428571428571,0.0,0,백반·죽·국수,본그룹
ba_14363013,2025-06,1.0,142.25,27.5,0.0,0.0,0.3571428571428571,0.041666666666666664,1,백반·죽·국수,본그룹
ba_14363013,2025-07,1.0,222.5,50.25,0.25,0.25,0.6071428571428571,0.3333333333333333,1,백반·죽·국수,본그룹
ba_14371606,2025-05,1.0,99.0,18.0,0.0,0.0,0.21428571428571427,0.16666666666666666,0,백반·죽·국수,본그룹
ba_14371606,2025-06,1.0,135.0,27.5,0.0,0.0,0.5,0.16666666666666666,1,백반·죽·국수,본그룹
ba_14387283,2025-05,0.0,0.0,0.0,0.0,0.0,0.0,0.0,0,백반·죽·국수,본그룹
ba_14387630,2025-06,0.8846153846153846,107.34615384615384,23.634615384615383,0.057692307692307696,0.057692307692307696,0.4395604395604395,0.1282051282051282,0,치킨,굽네치킨
ba_14387630,2025-05,1.0,127.73214285714286,26.321428571428573,0.0,0.0,0.423469387755102,0.1636904761904762,0,치킨,굽네치킨
ba_14388856,2025-05,0.972972972972973,133.67567567567568,24.43243243243243,0.10810810810810811,0.10810810810810811,0.3783783783783784,0.12162162162162163,0,치킨,굽네치킨
ba_14388856,2025-06,0.98,121.0,21.24,0.02,0.02,0.46,0.15666666666666665,0,치킨,굽네치킨
ba_14388863,2025-05,1.0,78.0,14.0,0.0,0.0,0.3571428571428571,0.25,0,피자,굽네치킨
ba_14390691,2025-05,0.5,98.25,21.5,0.0,0.0,0.21428571428571427,0.08333333333333333,0,백반·죽·국수,본그룹
ba_14390691,2025-06,0.875,170.875,37.5,0.0,0.0,0.42857142857142855,0.10416666666666666,1,백반·죽·국수,본그룹
ba_14392310,2025-05,1.0,125.0,26.0,0.0,0.0,0.42857142857142855,0.16666666666666666,1,피자,굽네치킨
ba_14392310,2025-06,1.0,153.25,32.5,0.5,0.5,0.3214285714285714,0.125,1,피자,굽네치킨
ba_14392310,2025-07,1.0,109.0,23.0,0.0,0.0,0.4,0.13333333333333333,1,피자,굽네치킨
ba_14392877,2025-04,0.0,0.0,0.0,0.0,0.0,0.0,0.0,0,백반·죽·국수,본그룹
ba_14396364,2025-05,1.0,112.0,23.428571428571427,0.14285714285714285,0.14285714285714285,0.36734693877551017,0.21428571428571427,0,백반·죽·국수,본그룹
ba_14396364,2025-06,1.0,58.0,13.0,0.0,0.0,0.2857142857142857,0.3333333333333333,1,백반·죽·국수,본그룹
ba_14396364,2025-07,1.0,184.66666666666666,37.666666666666664,0.0,0.0,0.23809523809523805,0.1111111111111111,1,백반·죽·국수,본그룹
ba_14397420,2025-05,0.9,94.4,19.5,0.0,0.0,0.15714285714285714,0.03333333333333333,0,치킨,굽네치킨
ba_14397420,2025-06,0.0,0.0,0.0,0.0,0.0,0.0,0.0,0,치킨,굽네치킨
ba_14400680,2025-05,0.0,0.0,0.0,0.0,0.0,0.0,0.0,0,치킨,굽네치킨
ba_14400680,2025-06,0.0,0.0,0.0,0.0,0.0,0.0,0.0,0,치킨,굽네치킨
ba_14435298,2025-06,0.0,0.0,0.0,0.0,0.0,0.0,0.0,0,백반·죽·국수,본그룹
ba_14435750,2025-05,1.0,92.0,16.0,0.0,0.0,0.0,0.0,0,백반·죽·국수,본그룹
ba_14437626,2025-05,0.9431818181818182,110.23863636363636,22.647727272727273,0.0,0.0,0.26785714285714285,0.0018939393939393938,0,치킨,굽네치킨
ba_14437626,2025-06,0.9642857142857143,113.01785714285714,23.142857142857142,0.0,0.0,0.2755102040816326,0.0,0,치킨,굽네치킨
ba_14440526,2025-05,0.0,0.0,0.0,0.0,0.0,0.0,0.0,1,치킨,굽네치킨
ba_14440526,2025-06,0.0,0.0,0.0,0.0,0.0,0.0,0.0,1,치킨,굽네치킨
ba_14440680,2025-05,0.12,21.88,4.6,0.04,0.04,0.01714285714285714,0.006666666666666666,0,치킨,굽네치킨
ba_14440680,2025-06,0.4666666666666667,33.86666666666667,7.533333333333333,0.0,0.0,0.05714285714285714,0.0,0,치킨,굽네치킨
ba_14440681,2025-05,0.0,0.0,0.0,0.0,0.0,0.0,0.0,1,피자,굽네치킨
ba_14440681,2025-06,0.0,0.0,0.0,0.0,0.0,0.0,0.0,0,피자,굽네치킨
ba_14441181,2025-05,0.0,0.0,0.0,0.0,0.0,0.0,0.0,1,치킨,굽네치킨
ba_14441181,2025-06,0.0,0.0,0.0,0.0,0.0,0.0,0.0,1,치킨,굽네치킨
ba_14448826,2025-05,0.0,0.0,0.0,0.0,0.0,0.0,0.0,0,백반·죽·국수,본그룹
ba_14448826,2025-06,0.0,0.0,0.0,0.0,0.0,0.0,0.0,1,백반·죽·국수,본그룹
ba_14449139,2025-05,1.0,311.96774193548384,65.14516129032258,0.0,0.0,0.14055299539170504,0.1639784946236559,1,치킨,굽네치킨
ba_14449139,2025-06,1.0,313.2708333333333,65.41666666666667,0.020833333333333332,0.020833333333333332,0.13988095238095236,0.16319444444444445,1,치킨,굽네치킨
ba_14454741,2025-06,0.0,0.0,0.0,0.0,0.0,0.0,0.0,0,백반·죽·국수,본그룹
ba_14454741,2025-04,1.0,222.0,43.0,0.0,0.0,0.42857142857142855,0.16666666666666666,0,백반·죽·국수,본그룹
ba_14456345,2025-05,1.0,59.25,10.0,0.0,0.0,0.3571428571428571,0.0,0,백반·죽·국수,본그룹
ba_14456345,2025-06,1.0,62.0,11.333333333333334,0.0,0.0,0.38095238095238093,0.05555555555555555,0,백반·죽·국수,본그룹
ba_14456826,2025-05,1.0,237.0,46.0,1.0,1.0,0.7142857142857143,0.0,0,백반·죽·국수,본그룹
ba_14456826,2025-06,1.0,220.33333333333334,42.333333333333336,1.0,1.0,0.7142857142857143,0.0,1,백반·죽·국수,본그룹
ba_14456827,2025-05,1.0,38.0,8.0,0.0,0.0,0.0,0.0,0,백반·죽·국수,본그룹
ba_14457403,2025-05,1.0,230.0,48.5,0.0,0.0,0.14285714285714285,0.08333333333333333,0,백반·죽·국수,본그룹
ba_14457403,2025-06,1.0,256.55555555555554,58.22222222222222,0.0,0.0,0.4920634920634921,0.16666666666666666,1,백반·죽·국수,본그룹
ba_14458025,2025-05,1.0,232.3913043478261,45.0,0.0,0.0,0.4285714285714285,0.3333333333333333,1,치킨,굽네치킨
ba_14458025,2025-06,1.0,234.57575757575756,45.72727272727273,0.030303030303030304,0.030303030303030304,0.42857142857142855,0.3333333333333333,0,치킨,굽네치킨
ba_14462203,2025-06,1.0,177.0,35.0,0.0,0.0,0.21428571428571427,0.16666666666666666,1,백반·죽·국수,본그룹
ba_14462203,2025-07,1.0,217.5,47.5,0.0,0.0,0.3571428571428571,0.25,1,백반·죽·국수,본그룹
ba_14463467,2025-06,0.9830508474576272,509.35593220338984,85.62711864406779,0.01694915254237288,0.01694915254237288,0.4382566585956416,0.17514124293785308,0,치킨,굽네치킨
ba_14463467,2025-05,1.0,568.4333333333333,94.13333333333334,0.0,0.0,0.4476190476190476,0.18888888888888886,1,치킨,굽네치킨
ba_14463469,2025-05,0.3333333333333333,180.33333333333334,29.0,0.0,0.0,0.14285714285714285,0.05555555555555555,0,피자,굽네치킨
ba_14463469,2025-06,0.0,0.0,0.0,0.0,0.0,0.0,0.0,0,피자,굽네치킨
ba_14463469,2025-04,1.0,596.0,101.0,0.0,0.0,0.42857142857142855,0.16666666666666666,0,피자,굽네치킨
ba_14464913,2025-05,1.0,192.6231884057971,41.73913043478261,0.014492753623188406,0.014492753623188406,0.43064182194616973,0.1956521739130435,1,치킨,굽네치킨
ba_14464913,2025-06,1.0,189.5909090909091,41.303030303030305,0.030303030303030304,0.030303030303030304,0.41558441558441556,0.1893939393939394,1,치킨,굽네치킨
ba_14470771,2025-05,0.0,0.0,0.0,0.0,0.0,0.0,0.0,0,백반·죽·국수,본그룹
ba_14470771,2025-06,0.0,0.0,0.0,0.0,0.0,0.0,0.0,0,백반·죽·국수,본그룹
ba_14470771,2025-07,0.0,0.0,0.0,0.0,0.0,0.0,0.0,0,백반·죽·국수,본그룹
ba_14473511,2025-05,0.0,0.0,0.0,0.0,0.0,0.0,0.0,0,백반·죽·국수,본그룹
ba_14473511,2025-07,0.6666666666666666,140.0,30.0,0.0,0.0,0.38095238095238093,0.16666666666666666,0,백반·죽·국수,본그룹
ba_14488211,2025-05,0.16666666666666666,23.166666666666668,4.666666666666667,0.0,0.0,0.023809523809523808,0.027777777777777776,1,치킨,굽네치킨
ba_14488211,2025-06,0.0,0.0,0.0,0.0,0.0,0.0,0.0,0,치킨,굽네치킨
ba_14488212,2025-06,0.0,0.0,0.0,0.0,0.0,0.0,0.0,0,피자,굽네치킨
ba_14488495,2025-06,0.0,0.0,0.0,0.0,0.0,0.0,0.0,0,백반·죽·국수,본그룹
ba_14495840,2025-05,0.0,0.0,0.0,0.0,0.0,0.0,0.0,0,백반·죽·국수,본그룹
ba_14495840,2025-06,1.0,228.0,48.0,0.0,0.0,0.5714285714285714,0.3333333333333333,0,백반·죽·국수,본그룹
ba_14504490,2025-05,0.0,0.0,0.0,0.0,0.0,0.0,0.0,1,백반·죽·국수,본그룹
ba_14504490,2025-06,0.0,0.0,0.0,0.0,0.0,0.0,0.0,1,백반·죽·국수,본그룹
ba_14506379,2025-05,1.0,258.0,56.0,0.0,0.0,0.5714285714285714,0.0,0,백반·죽·국수,본그룹
ba_14506379,2025-06,1.0,177.0,38.0,0.0,0.0,0.5714285714285714,0.16666666666666666,1,백반·죽·국수,본그룹
ba_14506379,2025-07,1.0,191.0,42.0,0.0,0.0,0.2857142857142857,0.0,1,백반·죽·국수,본그룹
ba_14506800,2025-07,1.0,54.0,10.0,0.0,0.0,0.0,0.0,1,백반·죽·국수,본그룹
ba_14513076,2025-05,1.0,181.0,38.0,0.0,0.0,0.2857142857142857,0.0,1,백반·죽·국수,본그룹
ba_14513076,2025-06,1.0,160.0,32.0,0.0,0.0,0.3571428571428571,0.08333333333333333,1,백반·죽·국수,본그룹
ba_14513076,2025-07,1.0,245.0,55.0,0.0,0.0,0.5714285714285714,0.16666666666666666,0,백반·죽·국수,본그룹
ba_14525069,2025-05,1.0,130.0,24.0,0.0,0.0,0.42857142857142855,0.0,0,치킨,굽네치킨
ba_14525069,2025-06,1.0,164.16666666666666,34.0,0.16666666666666666,0.16666666666666666,0.35714285714285715,0.13888888888888887,0,치킨,굽네치킨
ba_14525359,2025-05,0.0,0.0,0.0,0.0,0.0,0.0,0.0,0,백반·죽·국수,본그룹
ba_14528279,2025-05,0.0,0.0,0.0,0.0,0.0,0.0,0.0,1,치킨,굽네치킨
ba_14528279,2025-06,0.0,0.0,0.0,0.0,0.0,0.0,0.0,0,치킨,굽네치킨
ba_14528412,2025-05,0.0,0.0,0.0,0.0,0.0,0.0,0.0,0,피자,굽네치킨
ba_14528412,2025-06,0.0,0.0,0.0,0.0,0.0,0.0,0.0,0,피자,굽네치킨
ba_14530939,2025-05,1.0,163.5,32.0,0.0,0.0,0.14285714285714285,0.0,0,백반·죽·국수,본그룹
ba_14530939,2025-07,1.0,126.0,24.0,0.0,0.0,0.42857142857142855,0.16666666666666666,1,백반·죽·국수,본그룹
ba_14533127,2025-05,1.0,33.5,7.0,0.0,0.0,0.14285714285714285,0.08333333333333333,0,백반·죽·국수,본그룹
ba_14533127,2025-06,1.0,101.0,21.0,0.0,0.0,0.14285714285714285,0.0,0,백반·죽·국수,본그룹
ba_14533127,2025-07,1.0,120.5,28.5,0.0,0.0,0.2857142857142857,0.08333333333333333,1,백반·죽·국수,본그룹
ba_14541579,2025-05,0.0,0.0,0.0,0.0,0.0,0.0,0.0,1,치킨,굽네치킨
ba_14541579,2025-06,0.16666666666666666,27.833333333333332,6.0,0.0,0.0,0.047619047619047616,0.0,1,치킨,굽네치킨
ba_14544899,2025-05,1.0,32.0,6.0,0.0,0.0,0.0,0.0,0,백반·죽·국수,본그룹
ba_14548743,2025-05,0.8,117.8,20.0,0.0,0.0,0.11428571428571428,0.0,0,치킨,굽네치킨
ba_14548743,2025-06,1.0,131.75,23.25,0.0,0.0,0.14285714285714285,0.041666666666666664,0,치킨,굽네치킨
ba_14556221,2025-05,0.058823529411764705,12.882352941176471,2.823529411764706,0.058823529411764705,0.058823529411764705,0.01680672268907563,0.00980392156862745,0,치킨,굽네치킨
ba_14556221,2025-06,0.05,4.9,0.9,0.0,0.0,0.014285714285714285,0.008333333333333333,0,치킨,굽네치킨
ba_14557869,2025-05,0.9705882352941176,155.2058823529412,31.823529411764707,0.9411764705882353,0.9411764705882353,0.2857142857142857,0.16176470588235295,0,치킨,굽네치킨
ba_14557869,2025-06,0.9583333333333334,155.125,31.791666666666668,0.8333333333333334,0.8333333333333334,0.2619047619047619,0.13888888888888887,0,치킨,굽네치킨
ba_14563145,2025-05,0.1,21.3,4.5,0.0,0.0,0.0,0.0,0,치킨,굽네치킨
ba_14563145,2025-06,0.0,0.0,0.0,0.0,0.0,0.0,0.0,0,치킨,굽네치킨
ba_14564492,2025-04,0.0,0.0,0.0,0.0,0.0,0.0,0.0,0,백반·죽·국수,본그룹
ba_14564492,2025-05,0.0,0.0,0.0,0.0,0.0,0.0,0.0,0,백반·죽·국수,본그룹
ba_14574885,2025-05,1.0,130.75,28.0,0.0,0.0,0.7142857142857143,0.3333333333333333,0,백반·죽·국수,본그룹
ba_14574885,2025-06,1.0,129.8,28.0,0.0,0.0,0.6857142857142857,0.36666666666666664,1,백반·죽·국수,본그룹
ba_14575172,2025-05,0.0,0.0,0.0,0.0,0.0,0.0,0.0,1,치킨,굽네치킨
ba_14575172,2025-06,0.0,0.0,0.0,0.0,0.0,0.0,0.0,0,치킨,굽네치킨
ba_14578524,2025-05,0.3333333333333333,76.66666666666667,14.666666666666666,0.16666666666666666,0.16666666666666666,0.023809523809523808,0.0,0,치킨,굽네치킨
ba_14578524,2025-06,0.2,37.3,7.9,0.1,0.1,0.02857142857142857,0.016666666666666666,0,치킨,굽네치킨
ba_14580787,2025-05,0.0,0.0,0.0,0.0,0.0,0.0,0.0,0,백반·죽·국수,본그룹
ba_14580787,2025-06,0.0,0.0,0.0,0.0,0.0,0.0,0.0,0,백반·죽·국수,본그룹
ba_14581239,2025-05,0.0,0.0,0.0,0.0,0.0,0.0,0.0,0,치킨,굽네치킨
ba_14581239,2025-06,0.0,0.0,0.0,0.0,0.0,0.0,0.0,0,치킨,굽네치킨
ba_14582073,2025-05,1.0,111.5,23.875,0.0,0.0,0.2589285714285714,0.020833333333333332,1,치킨,굽네치킨
ba_14582073,2025-06,1.0,110.1,23.8,0.0,0.0,0.3857142857142857,0.11666666666666665,1,치킨,굽네치킨
ba_14591780,2025-05,1.0,181.0909090909091,36.59090909090909,0.13636363636363635,0.13636363636363635,0.3181818181818182,0.07575757575757575,0,치킨,굽네치킨
ba_14591780,2025-06,1.0,195.1818181818182,42.72727272727273,0.2727272727272727,0.2727272727272727,0.3116883116883117,0.18181818181818182,0,치킨,굽네치킨
ba_14593720,2025-06,0.0,0.0,0.0,0.0,0.0,0.0,0.0,0,치킨,굽네치킨
ba_14593798,2025-05,0.0,0.0,0.0,0.0,0.0,0.0,0.0,1,치킨,굽네치킨
ba_14593798,2025-06,0.058823529411764705,12.823529411764707,2.823529411764706,0.058823529411764705,0.058823529411764705,0.01680672268907563,0.00980392156862745,0,치킨,굽네치킨
ba_14593800,2025-05,0.0,0.0,0.0,0.0,0.0,0.0,0.0,0,피자,굽네치킨
ba_14593800,2025-06,0.0,0.0,0.0,0.0,0.0,0.0,0.0,0,피자,굽네치킨
ba_14594474,2025-05,0.0,0.0,0.0,0.0,0.0,0.0,0.0,0,백반·죽·국수,본그룹
ba_14594474,2025-06,0.0,0.0,0.0,0.0,0.0,0.0,0.0,0,백반·죽·국수,본그룹
ba_14597164,2025-05,0.5263157894736842,121.47368421052632,26.31578947368421,0.5263157894736842,0.5263157894736842,0.22556390977443608,0.0,1,치킨,굽네치킨
ba_14597164,2025-06,0.0,0.0,0.0,0.0,0.0,0.0,0.0,0,치킨,굽네치킨
ba_14597165,2025-06,0.0,0.0,0.0,0.0,0.0,0.0,0.0,0,피자,굽네치킨
ba_14597165,2025-07,0.0,0.0,0.0,0.0,0.0,0.0,0.0,0,피자,굽네치킨
ba_14598667,2025-06,0.6,108.0,23.6,0.4,0.4,0.3142857142857143,0.1,0,백반·죽·국수,본그룹
ba_14598667,2025-07,1.0,174.0,36.0,1.0,1.0,0.5714285714285714,0.3333333333333333,0,백반·죽·국수,본그룹
ba_14599961,2025-05,0.1111111111111111,12.555555555555555,2.3333333333333335,0.0,0.0,0.0,0.0,1,치킨,굽네치킨
ba_14599961,2025-06,0.0,0.0,0.0,0.0,0.0,0.0,0.0,0,치킨,굽네치킨
ba_14599973,2025-05,0.0,0.0,0.0,0.0,0.0,0.0,0.0,1,치킨,굽네치킨
ba_14599973,2025-06,0.0,0.0,0.0,0.0,0.0,0.0,0.0,0,치킨,굽네치킨
ba_14599973,2025-07,0.0,0.0,0.0,0.0,0.0,0.0,0.0,0,치킨,굽네치킨
ba_14600429,2025-04,0.0,0.0,0.0,0.0,0.0,0.0,0.0,1,치킨,굽네치킨
ba_14600429,2025-05,0.0,0.0,0.0,0.0,0.0,0.0,0.0,0,치킨,굽네치킨
ba_14600429,2025-06,0.0,0.0,0.0,0.0,0.0,0.0,0.0,0,치킨,굽네치킨
ba_14600429,2025-07,0.0,0.0,0.0,0.0,0.0,0.0,0.0,0,치킨,굽네치킨
ba_14603467,2025-06,1.0,166.0,35.0,0.0,0.0,0.5714285714285714,0.16666666666666666,0,백반·죽·국수,본그룹
ba_14603467,2025-07,1.0,195.5,43.5,0.25,0.25,0.46428571428571425,0.29166666666666663,1,백반·죽·국수,본그룹
ba_14604237,2025-05,0.0,0.0,0.0,0.0,0.0,0.0,0.0,1,치킨,굽네치킨
ba_14604237,2025-06,0.0,0.0,0.0,0.0,0.0,0.0,0.0,0,치킨,굽네치킨
ba_14607412,2025-05,0.0,0.0,0.0,0.0,0.0,0.0,0.0,0,치킨,굽네치킨
ba_14607412,2025-06,0.0,0.0,0.0,0.0,0.0,0.0,0.0,1,치킨,굽네치킨
ba_14613531,2025-05,1.0,122.0,27.0,0.0,0.0,0.42857142857142855,0.0,1,백반·죽·국수,본그룹
ba_14613531,2025-06,1.0,114.5,24.0,0.5,0.5,0.17857142857142855,0.041666666666666664,1,백반·죽·국수,본그룹
ba_14615149,2025-05,0.09090909090909091,5.303030303030303,1.0909090909090908,0.0,0.0,0.0,0.0,1,치킨,굽네치킨
ba_14615149,2025-06,0.0,0.0,0.0,0.0,0.0,0.0,0.0,0,치킨,굽네치킨
ba_14620216,2025-05,0.7755102040816326,165.53061224489795,34.183673469387756,0.0,0.0,0.4139941690962099,0.10544217687074829,0,치킨,굽네치킨
ba_14620216,2025-06,0.25862068965517243,41.89655172413793,8.586206896551724,0.2413793103448276,0.2413793103448276,0.10344827586206896,0.07758620689655173,0,치킨,굽네치킨
ba_14623314,2025-05,0.0,0.0,0.0,0.0,0.0,0.0,0.0,1,치킨,굽네치킨
ba_14623314,2025-06,0.0,0.0,0.0,0.0,0.0,0.0,0.0,0,치킨,굽네치킨
ba_14625157,2025-06,0.25,21.0,3.375,0.0,0.0,0.08928571428571427,0.020833333333333332,0,치킨,굽네치킨
ba_14625157,2025-05,1.0,194.75,37.25,0.25,0.25,0.39285714285714285,0.041666666666666664,0,치킨,굽네치킨
ba_14625762,2025-07,0.0,0.0,0.0,0.0,0.0,0.0,0.0,1,백반·죽·국수,본그룹
ba_14627570,2025-05,1.0,87.33333333333333,18.0,0.3333333333333333,0.3333333333333333,0.38095238095238093,0.05555555555555555,0,백반·죽·국수,본그룹
ba_14627570,2025-07,1.0,170.0,38.0,0.5,0.5,0.5,0.25,1,백반·죽·국수,본그룹
ba_14629153,2025-05,0.0,0.0,0.0,0.0,0.0,0.0,0.0,1,치킨,굽네치킨
ba_14629153,2025-07,0.0,0.0,0.0,0.0,0.0,0.0,0.0,0,치킨,굽네치킨
ba_14629918,2025-06,0.6666666666666666,77.0,14.0,0.0,0.0,0.047619047619047616,0.05555555555555555,1,치킨,굽네치킨
ba_14629919,2025-05,0.0,0.0,0.0,0.0,0.0,0.0,0.0,0,피자,굽네치킨
ba_14637553,2025-05,0.0,0.0,0.0,0.0,0.0,0.0,0.0,0,치킨,굽네치킨
ba_14637553,2025-06,0.5,116.25,26.0,0.5,0.5,0.17857142857142855,0.125,0,치킨,굽네치킨
ba_14637553,2025-07,0.0,0.0,0.0,0.0,0.0,0.0,0.0,0,치킨,굽네치킨
ba_14637963,2025-06,0.0,0.0,0.0,0.0,0.0,0.0,0.0,0,치킨,굽네치킨
ba_14637963,2025-07,0.0,0.0,0.0,0.0,0.0,0.0,0.0,1,치킨,굽네치킨
ba_14640352,2025-05,1.0,133.5,25.75,0.0,0.0,0.2857142857142857,0.0,0,백반·죽·국수,본그룹
ba_14640352,2025-06,1.0,132.2,26.8,0.0,0.0,0.34285714285714286,0.06666666666666667,1,백반·죽·국수,본그룹
ba_14640352,2025-07,1.0,206.0,44.166666666666664,0.3333333333333333,0.3333333333333333,0.5476190476190476,0.19444444444444442,1,백반·죽·국수,본그룹
ba_14643477,2025-05,1.0,268.5,55.0,0.0,0.0,0.4285714285714286,0.16666666666666666,0,백반·죽·국수,본그룹
ba_14643477,2025-06,1.0,215.33333333333334,43.333333333333336,0.0,0.0,0.4761904761904761,0.16666666666666666,1,백반·죽·국수,본그룹
ba_14643477,2025-07,1.0,232.25,51.0,0.375,0.375,0.5,0.2708333333333333,0,백반·죽·국수,본그룹
ba_14645179,2025-05,1.0,161.0,35.0,1.0,1.0,0.42857142857142855,0.16666666666666666,0,백반·죽·국수,본그룹
ba_14645179,2025-06,1.0,135.0,30.0,0.0,0.0,0.42857142857142855,0.16666666666666666,1,백반·죽·국수,본그룹
ba_14647668,2025-05,1.0,227.0,48.5,0.0,0.0,0.5714285714285714,0.0,0,백반·죽·국수,본그룹
ba_14647668,2025-06,1.0,260.0,59.0,0.0,0.0,0.5714285714285714,0.0,1,백반·죽·국수,본그룹
ba_14647668,2025-07,1.0,219.0,50.25,0.0,0.0,0.46428571428571425,0.20833333333333331,1,백반·죽·국수,본그룹
ba_14648765,2025-05,0.0,0.0,0.0,0.0,0.0,0.0,0.0,0,치킨,굽네치킨
ba_14648765,2025-06,0.0,0.0,0.0,0.0,0.0,0.0,0.0,0,치킨,굽네치킨
ba_14649303,2025-05,1.0,56.625,10.5,0.0,0.0,0.21428571428571427,0.010416666666666666,0,치킨,굽네치킨
ba_14649303,2025-06,1.0,47.0,8.75,0.0,0.0,0.21428571428571427,0.0,0,치킨,굽네치킨
ba_14652311,2025-05,0.5,114.5,25.0,0.5,0.5,0.21428571428571427,0.0,1,치킨,굽네치킨
ba_14652311,2025-06,0.0,0.0,0.0,0.0,0.0,0.0,0.0,0,치킨,굽네치킨
ba_14652929,2025-05,1.0,377.45360824742266,80.64948453608247,1.0,1.0,0.8571428571428571,0.33333333333333326,1,치킨,굽네치킨
ba_14652929,2025-06,1.0,379.97222222222223,81.16666666666667,1.0,1.0,0.8571428571428571,0.3333333333333333,0,치킨,굽네치킨
ba_14653291,2025-05,1.0,377.5,80.0,1.0,1.0,0.8571428571428571,0.3333333333333333,0,피자,굽네치킨
ba_14653291,2025-06,1.0,374.0,80.0,1.0,1.0,0.8571428571428571,0.3333333333333333,0,피자,굽네치킨
ba_14653291,2025-07,1.0,377.5,80.0,1.0,1.0,0.8571428571428571,0.3333333333333333,1,피자,굽네치킨
ba_14654080,2025-05,1.0,152.90243902439025,33.53658536585366,1.0,1.0,0.4320557491289198,0.3333333333333333,1,치킨,굽네치킨
ba_14654080,2025-06,1.0,152.7764705882353,33.6,1.0,1.0,0.4336134453781512,0.3333333333333333,0,치킨,굽네치킨
ba_14654803,2025-05,0.0,0.0,0.0,0.0,0.0,0.0,0.0,0,백반·죽·국수,본그룹
ba_14654803,2025-06,0.6666666666666666,72.33333333333333,15.0,0.3333333333333333,0.3333333333333333,0.047619047619047616,0.0,1,백반·죽·국수,본그룹
ba_14654803,2025-07,1.0,204.83333333333334,46.0,0.16666666666666666,0.16666666666666666,0.3333333333333333,0.19444444444444442,1,백반·죽·국수,본그룹
ba_14658160,2025-05,0.0,0.0,0.0,0.0,0.0,0.0,0.0,0,치킨,굽네치킨
ba_14658160,2025-06,0.0,0.0,0.0,0.0,0.0,0.0,0.0,0,치킨,굽네치킨
ba_14658825,2025-05,0.0,0.0,0.0,0.0,0.0,0.0,0.0,1,치킨,굽네치킨
ba_14658825,2025-06,0.0,0.0,0.0,0.0,0.0,0.0,0.0,1,치킨,굽네치킨
ba_14662462,2025-05,0.0,0.0,0.0,0.0,0.0,0.0,0.0,1,치킨,굽네치킨
ba_14662462,2025-06,0.0,0.0,0.0,0.0,0.0,0.0,0.0,0,치킨,굽네치킨
ba_14662547,2025-05,0.2,39.2,8.8,0.2,0.2,0.08571428571428572,0.06666666666666667,1,치킨,굽네치킨
ba_14662547,2025-06,0.0,0.0,0.0,0.0,0.0,0.0,0.0,0,치킨,굽네치킨
ba_14663126,2025-05,1.0,94.0,21.0,0.0,0.0,0.7142857142857143,0.3333333333333333,1,치킨,굽네치킨
ba_14663126,2025-06,1.0,91.0,18.0,0.0,0.0,0.2857142857142857,0.1111111111111111,0,치킨,굽네치킨
ba_14663126,2025-07,1.0,127.0,31.5,0.0,0.0,0.42857142857142855,0.16666666666666666,0,치킨,굽네치킨
ba_14663534,2025-05,0.08333333333333333,21.833333333333332,4.833333333333333,0.08333333333333333,0.08333333333333333,0.03571428571428571,0.027777777777777776,0,치킨,굽네치킨
ba_14663534,2025-06,0.0,0.0,0.0,0.0,0.0,0.0,0.0,0,치킨,굽네치킨
ba_14665998,2025-05,0.0,0.0,0.0,0.0,0.0,0.0,0.0,0,백반·죽·국수,본그룹
ba_14669107,2025-06,0.9833333333333333,164.28333333333333,36.31666666666667,0.0,0.0,0.5190476190476191,0.23333333333333334,1,치킨,굽네치킨
ba_14669107,2025-05,1.0,149.025,32.475,0.0,0.0,0.5428571428571428,0.19166666666666665,1,치킨,굽네치킨
ba_14669108,2025-05,1.0,141.0,30.0,0.0,0.0,0.5714285714285714,0.16666666666666666,1,피자,굽네치킨
ba_14669108,2025-06,1.0,141.0,30.0,0.0,0.0,0.5714285714285714,0.16666666666666666,1,피자,굽네치킨
ba_14669108,2025-07,1.0,138.0,30.0,0.0,0.0,0.5714285714285714,0.16666666666666666,1,피자,굽네치킨
ba_14669109,2025-05,1.0,163.4,35.8,0.06666666666666667,0.06666666666666667,0.5428571428571428,0.2222222222222222,1,치킨,굽네치킨
ba_14669109,2025-06,1.0,151.66666666666666,32.888888888888886,0.1111111111111111,0.1111111111111111,0.4126984126984127,0.18518518518518517,0,치킨,굽네치킨
ba_14671483,2025-05,0.75,193.5,40.0,0.75,0.75,0.03571428571428571,0.0,0,치킨,굽네치킨
ba_14671483,2025-06,0.125,29.375,6.25,0.125,0.125,0.017857142857142856,0.0,0,치킨,굽네치킨
ba_14671490,2025-05,0.0,0.0,0.0,0.0,0.0,0.0,0.0,1,피자,굽네치킨
ba_14671490,2025-07,0.0,0.0,0.0,0.0,0.0,0.0,0.0,0,피자,굽네치킨
ba_14671974,2025-05,0.0,0.0,0.0,0.0,0.0,0.0,0.0,0,피자,굽네치킨
ba_14671974,2025-06,0.0,0.0,0.0,0.0,0.0,0.0,0.0,0,피자,굽네치킨
ba_14671974,2025-07,1.0,74.0,14.0,1.0,1.0,0.14285714285714285,0.0,0,피자,굽네치킨
ba_14673431,2025-05,0.0,0.0,0.0,0.0,0.0,0.0,0.0,0,치킨,굽네치킨
ba_14673431,2025-06,0.0,0.0,0.0,0.0,0.0,0.0,0.0,0,치킨,굽네치킨
ba_14673431,2025-07,0.0,0.0,0.0,0.0,0.0,0.0,0.0,1,치킨,굽네치킨
ba_14673434,2025-05,1.0,138.85714285714286,31.0,0.0,0.0,0.36734693877551017,0.16666666666666666,1,치킨,굽네치킨
ba_14673434,2025-06,1.0,145.0909090909091,31.727272727272727,0.09090909090909091,0.09090909090909091,0.36363636363636365,0.16666666666666666,1,치킨,굽네치킨
ba_14675307,2025-05,0.0,0.0,0.0,0.0,0.0,0.0,0.0,1,치킨,굽네치킨
ba_14675307,2025-06,0.3333333333333333,69.16666666666667,15.333333333333334,0.3333333333333333,0.3333333333333333,0.11904761904761903,0.08333333333333333,0,치킨,굽네치킨
ba_14675393,2025-05,0.0,0.0,0.0,0.0,0.0,0.0,0.0,0,치킨,굽네치킨
ba_14675393,2025-06,0.25,48.0,9.75,0.0,0.0,0.0,0.0,0,치킨,굽네치킨
ba_14675393,2025-07,0.0,0.0,0.0,0.0,0.0,0.0,0.0,0,치킨,굽네치킨
ba_14679019,2025-05,0.99,345.82,76.15,0.99,0.99,0.5657142857142857,0.495,1,치킨,굽네치킨
ba_14679019,2025-06,1.0,349.5593220338983,77.0,1.0,1.0,0.5714285714285714,0.5,1,치킨,굽네치킨
ba_14685750,2025-05,1.0,184.95,41.0,0.95,0.95,0.28035714285714286,0.0020833333333333333,1,치킨,굽네치킨
ba_14685750,2025-06,1.0,180.3134328358209,39.80597014925373,0.9552238805970149,0.9552238805970149,0.2771855010660981,0.007462686567164179,0,치킨,굽네치킨
ba_14686856,2025-05,1.0,130.66666666666666,25.333333333333332,0.0,0.0,0.2857142857142857,0.0,0,백반·죽·국수,본그룹
ba_14686856,2025-06,1.0,135.0,23.75,0.0,0.0,0.14285714285714285,0.041666666666666664,0,백반·죽·국수,본그룹
ba_14686990,2025-05,0.0,0.0,0.0,0.0,0.0,0.0,0.0,0,백반·죽·국수,본그룹
ba_14686990,2025-06,0.0,0.0,0.0,0.0,0.0,0.0,0.0,1,백반·죽·국수,본그룹
ba_14686997,2025-05,0.9473684210526315,107.78947368421052,22.157894736842106,0.0,0.0,0.06015037593984962,0.0,0,백반·죽·국수,본그룹
ba_14686997,2025-06,1.0,136.6206896551724,27.79310344827586,0.0,0.0,0.09852216748768472,0.017241379310344827,1,백반·죽·국수,본그룹
ba_14687060,2025-05,0.0,0.0,0.0,0.0,0.0,0.0,0.0,0,백반·죽·국수,본그룹
ba_14687060,2025-06,0.75,84.5,17.75,0.0,0.0,0.19642857142857142,0.08333333333333333,0,백반·죽·국수,본그룹
ba_14687076,2025-05,0.0,0.0,0.0,0.0,0.0,0.0,0.0,0,백반·죽·국수,본그룹
ba_14687076,2025-06,0.25,27.25,5.0,0.0,0.0,0.07142857142857142,0.0,0,백반·죽·국수,본그룹
ba_14687088,2025-05,0.0,0.0,0.0,0.0,0.0,0.0,0.0,0,백반·죽·국수,본그룹
ba_14687088,2025-06,0.0,0.0,0.0,0.0,0.0,0.0,0.0,1,백반·죽·국수,본그룹
ba_14687088,2025-07,1.0,229.0,50.666666666666664,0.0,0.0,0.35714285714285715,0.19444444444444442,1,백반·죽·국수,본그룹
ba_14687092,2025-05,0.0,0.0,0.0,0.0,0.0,0.0,0.0,1,백반·죽·국수,본그룹
ba_14687092,2025-06,0.4,61.2,12.4,0.0,0.0,0.22857142857142856,0.06666666666666667,1,백반·죽·국수,본그룹
ba_14687115,2025-05,0.0,0.0,0.0,0.0,0.0,0.0,0.0,0,백반·죽·국수,본그룹
ba_14687115,2025-06,0.0,0.0,0.0,0.0,0.0,0.0,0.0,1,백반·죽·국수,본그룹
ba_14687119,2025-05,0.0,0.0,0.0,0.0,0.0,0.0,0.0,1,백반·죽·국수,본그룹
ba_14687119,2025-06,0.38461538461538464,51.07692307692308,10.461538461538462,0.07692307692307693,0.07692307692307693,0.16483516483516483,0.05128205128205128,1,백반·죽·국수,본그룹
ba_14687134,2025-05,0.0,0.0,0.0,0.0,0.0,0.0,0.0,0,백반·죽·국수,본그룹
ba_14687134,2025-06,0.0,0.0,0.0,0.0,0.0,0.0,0.0,0,백반·죽·국수,본그룹
ba_14687136,2025-05,0.0,0.0,0.0,0.0,0.0,0.0,0.0,0,백반·죽·국수,본그룹
ba_14687136,2025-06,0.0,0.0,0.0,0.0,0.0,0.0,0.0,1,백반·죽·국수,본그룹
ba_14687137,2025-06,0.0,0.0,0.0,0.0,0.0,0.0,0.0,1,백반·죽·국수,본그룹
ba_14687137,2025-07,0.0,0.0,0.0,0.0,0.0,0.0,0.0,1,백반·죽·국수,본그룹
ba_14687166,2025-05,1.0,216.0,48.0,0.0,0.0,0.3571428571428571,0.3333333333333333,1,백반·죽·국수,본그룹
ba_14687166,2025-06,1.0,217.57142857142858,48.857142857142854,0.0,0.0,0.30612244897959184,0.21428571428571427,1,백반·죽·국수,본그룹
ba_14687296,2025-05,0.03225806451612903,2.0,0.41935483870967744,0.0,0.0,0.004608294930875576,0.005376344086021505,0,백반·죽·국수,본그룹
ba_14687296,2025-06,0.5652173913043478,95.17391304347827,20.17391304347826,0.08695652173913043,0.08695652173913043,0.2795031055900621,0.10144927536231883,0,백반·죽·국수,본그룹
ba_14687307,2025-05,0.0,0.0,0.0,0.0,0.0,0.0,0.0,1,백반·죽·국수,본그룹
ba_14687307,2025-07,1.0,199.75,45.0,0.0,0.0,0.3214285714285714,0.16666666666666666,1,백반·죽·국수,본그룹
ba_14687310,2025-05,0.0,0.0,0.0,0.0,0.0,0.0,0.0,0,백반·죽·국수,본그룹
ba_14687310,2025-06,0.8,145.2,31.0,0.4,0.4,0.37142857142857144,0.13333333333333333,1,백반·죽·국수,본그룹
ba_14687315,2025-05,0.0,0.0,0.0,0.0,0.0,0.0,0.0,0,백반·죽·국수,본그룹
ba_14687315,2025-06,0.2,52.2,11.6,0.2,0.2,0.08571428571428572,0.06666666666666667,1,백반·죽·국수,본그룹
ba_14687318,2025-05,0.0,0.0,0.0,0.0,0.0,0.0,0.0,1,백반·죽·국수,본그룹
ba_14687318,2025-06,0.9047619047619048,117.71428571428571,25.238095238095237,0.19047619047619047,0.19047619047619047,0.3469387755102041,0.11111111111111109,1,백반·죽·국수,본그룹
ba_14687322,2025-05,0.0,0.0,0.0,0.0,0.0,0.0,0.0,0,백반·죽·국수,본그룹
ba_14687322,2025-06,0.0,0.0,0.0,0.0,0.0,0.0,0.0,1,백반·죽·국수,본그룹
ba_14687322,2025-07,1.0,113.0,26.0,0.0,0.0,0.42857142857142855,0.0,1,백반·죽·국수,본그룹
ba_14687323,2025-05,0.3333333333333333,42.666666666666664,11.0,0.0,0.0,0.0,0.0,0,백반·죽·국수,본그룹
ba_14687323,2025-06,1.0,95.0,21.0,0.0,0.0,0.2857142857142857,0.08333333333333333,1,백반·죽·국수,본그룹
ba_14687326,2025-05,0.0,0.0,0.0,0.0,0.0,0.0,0.0,1,백반·죽·국수,본그룹
ba_14687326,2025-06,1.0,174.5,37.5,0.0,0.0,0.5,0.25,1,백반·죽·국수,본그룹
ba_14687327,2025-05,0.5,51.0,9.625,0.0,0.0,0.23214285714285715,0.08333333333333333,0,백반·죽·국수,본그룹
ba_14687327,2025-06,0.75,91.0,19.5,0.0,0.0,0.25,0.125,1,백반·죽·국수,본그룹
ba_14687333,2025-05,1.0,233.0952380952381,46.19047619047619,0.047619047619047616,0.047619047619047616,0.26530612244897955,0.1746031746031746,0,백반·죽·국수,본그룹
ba_14687333,2025-06,1.0,218.10714285714286,42.92857142857143,0.0,0.0,0.24489795918367346,0.14880952380952378,1,백반·죽·국수,본그룹
ba_14687335,2025-05,1.0,225.31428571428572,42.25714285714286,0.0,0.0,0.326530612244898,0.1,0,백반·죽·국수,본그룹
ba_14687335,2025-06,1.0,205.94285714285715,42.94285714285714,0.02857142857142857,0.02857142857142857,0.2693877551020408,0.08571428571428572,1,백반·죽·국수,본그룹
ba_14687340,2025-05,1.0,234.125,50.8125,0.0,0.0,0.375,0.0625,0,백반·죽·국수,본그룹
ba_14687340,2025-06,1.0,209.6,45.6,0.0,0.0,0.37142857142857144,0.1,1,백반·죽·국수,본그룹
ba_14687341,2025-05,0.0,0.0,0.0,0.0,0.0,0.0,0.0,0,백반·죽·국수,본그룹
ba_14687341,2025-06,1.0,170.75,36.25,0.0,0.0,0.5714285714285714,0.16666666666666666,1,백반·죽·국수,본그룹
ba_14687341,2025-07,1.0,270.0,60.0,0.5,0.5,0.42857142857142855,0.25,1,백반·죽·국수,본그룹
ba_14687344,2025-05,0.5,48.833333333333336,10.0,0.0,0.0,0.07142857142857142,0.0,1,백반·죽·국수,본그룹
ba_14687344,2025-07,0.7777777777777778,111.88888888888889,24.11111111111111,0.0,0.0,0.19047619047619047,0.1111111111111111,1,백반·죽·국수,본그룹
ba_14687344,2025-06,1.0,73.91666666666667,15.25,0.0,0.0,0.11904761904761903,0.013888888888888888,1,백반·죽·국수,본그룹
ba_14687347,2025-05,0.0,0.0,0.0,0.0,0.0,0.0,0.0,0,백반·죽·국수,본그룹
ba_14687350,2025-05,0.8076923076923077,113.53846153846153,23.76923076923077,0.0,0.0,0.2032967032967033,0.019230769230769232,0,백반·죽·국수,본그룹
ba_14687350,2025-06,1.0,183.4,39.06666666666667,0.26666666666666666,0.26666666666666666,0.4857142857142857,0.12222222222222222,1,백반·죽·국수,본그룹
ba_14687354,2025-05,0.0,0.0,0.0,0.0,0.0,0.0,0.0,0,백반·죽·국수,본그룹
ba_14687354,2025-06,0.0,0.0,0.0,0.0,0.0,0.0,0.0,1,백반·죽·국수,본그룹
ba_14687365,2025-05,0.0,0.0,0.0,0.0,0.0,0.0,0.0,0,백반·죽·국수,본그룹
ba_14687365,2025-06,0.3333333333333333,70.66666666666667,15.666666666666666,0.3333333333333333,0.3333333333333333,0.14285714285714285,0.1111111111111111,1,백반·죽·국수,본그룹
ba_14687365,2025-07,0.0,0.0,0.0,0.0,0.0,0.0,0.0,1,백반·죽·국수,본그룹
ba_14687368,2025-05,0.0,0.0,0.0,0.0,0.0,0.0,0.0,0,백반·죽·국수,본그룹
ba_14687368,2025-06,0.0,0.0,0.0,0.0,0.0,0.0,0.0,1,백반·죽·국수,본그룹
ba_14687382,2025-05,1.0,98.16666666666667,19.055555555555557,0.0,0.0,0.18253968253968253,0.027777777777777776,1,백반·죽·국수,본그룹
ba_14687382,2025-06,1.0,106.33333333333333,18.666666666666668,0.0,0.0,0.23809523809523805,0.05555555555555555,1,백반·죽·국수,본그룹
ba_14687388,2025-05,1.0,117.75,24.875,0.0,0.0,0.1607142857142857,0.0625,0,백반·죽·국수,본그룹
ba_14687493,2025-05,0.0,0.0,0.0,0.0,0.0,0.0,0.0,0,백반·죽·국수,본그룹
ba_14687493,2025-06,0.0,0.0,0.0,0.0,0.0,0.0,0.0,0,백반·죽·국수,본그룹
ba_14687493,2025-07,1.0,107.0,19.0,0.0,0.0,0.42857142857142855,0.0,0,백반·죽·국수,본그룹
ba_14687497,2025-05,0.0,0.0,0.0,0.0,0.0,0.0,0.0,0,백반·죽·국수,본그룹
ba_14687497,2025-06,0.0,0.0,0.0,0.0,0.0,0.0,0.0,1,백반·죽·국수,본그룹
ba_14688075,2025-05,0.0,0.0,0.0,0.0,0.0,0.0,0.0,0,백반·죽·국수,본그룹
ba_14688075,2025-06,0.0,0.0,0.0,0.0,0.0,0.0,0.0,0,백반·죽·국수,본그룹
ba_14688086,2025-05,0.0,0.0,0.0,0.0,0.0,0.0,0.0,0,백반·죽·국수,본그룹
ba_14688086,2025-06,0.6666666666666666,87.66666666666667,17.666666666666668,0.3333333333333333,0.3333333333333333,0.3333333333333333,0.16666666666666666,0,백반·죽·국수,본그룹
ba_14688088,2025-05,1.0,312.1666666666667,64.41666666666667,0.0,0.0,0.10714285714285714,0.05555555555555555,0,백반·죽·국수,본그룹
ba_14688088,2025-06,1.0,265.6,57.4,0.0,0.0,0.08571428571428572,0.0,1,백반·죽·국수,본그룹
ba_14688093,2025-05,0.0,0.0,0.0,0.0,0.0,0.0,0.0,1,백반·죽·국수,본그룹
ba_14688093,2025-06,0.0,0.0,0.0,0.0,0.0,0.0,0.0,1,백반·죽·국수,본그룹
ba_14688094,2025-05,0.0,0.0,0.0,0.0,0.0,0.0,0.0,1,백반·죽·국수,본그룹
ba_14688094,2025-06,0.0,0.0,0.0,0.0,0.0,0.0,0.0,1,백반·죽·국수,본그룹
ba_14688094,2025-07,1.0,203.16666666666666,44.833333333333336,0.0,0.0,0.4761904761904761,0.2222222222222222,1,백반·죽·국수,본그룹
ba_14688100,2025-04,0.0,0.0,0.0,0.0,0.0,0.0,0.0,0,백반·죽·국수,본그룹
ba_14688100,2025-05,0.0,0.0,0.0,0.0,0.0,0.0,0.0,0,백반·죽·국수,본그룹
ba_14688100,2025-06,0.0,0.0,0.0,0.0,0.0,0.0,0.0,1,백반·죽·국수,본그룹
ba_14688108,2025-05,0.0,0.0,0.0,0.0,0.0,0.0,0.0,1,백반·죽·국수,본그룹
ba_14688108,2025-06,1.0,159.3,34.5,0.15,0.15,0.4714285714285714,0.14166666666666666,1,백반·죽·국수,본그룹
ba_14688114,2025-06,0.9285714285714286,338.7142857142857,51.642857142857146,0.21428571428571427,0.21428571428571427,0.19387755102040813,0.03571428571428571,1,백반·죽·국수,본그룹
ba_14688114,2025-05,1.0,358.0,54.857142857142854,0.14285714285714285,0.14285714285714285,0.22448979591836735,0.047619047619047616,1,백반·죽·국수,본그룹
ba_14688173,2025-05,0.0,0.0,0.0,0.0,0.0,0.0,0.0,0,백반·죽·국수,본그룹
ba_14688173,2025-06,0.0,0.0,0.0,0.0,0.0,0.0,0.0,1,백반·죽·국수,본그룹
ba_14688173,2025-07,0.0,0.0,0.0,0.0,0.0,0.0,0.0,1,백반·죽·국수,본그룹
ba_14688176,2025-05,0.2,34.6,7.0,0.0,0.0,0.0,0.0,0,백반·죽·국수,본그룹
ba_14688176,2025-06,0.6666666666666666,86.0,17.666666666666668,0.0,0.0,0.0,0.0,1,백반·죽·국수,본그룹
ba_14688180,2025-05,0.0,0.0,0.0,0.0,0.0,0.0,0.0,1,백반·죽·국수,본그룹
ba_14688180,2025-06,0.0,0.0,0.0,0.0,0.0,0.0,0.0,1,백반·죽·국수,본그룹
ba_14688182,2025-05,0.0,0.0,0.0,0.0,0.0,0.0,0.0,0,백반·죽·국수,본그룹
ba_14688182,2025-06,0.0,0.0,0.0,0.0,0.0,0.0,0.0,0,백반·죽·국수,본그룹
ba_14688182,2025-07,1.0,143.5,31.5,0.5,0.5,0.42857142857142855,0.16666666666666666,1,백반·죽·국수,본그룹
ba_14688192,2025-05,0.0,0.0,0.0,0.0,0.0,0.0,0.0,0,백반·죽·국수,본그룹
ba_14688192,2025-06,0.0,0.0,0.0,0.0,0.0,0.0,0.0,0,백반·죽·국수,본그룹
ba_14688192,2025-07,0.0,0.0,0.0,0.0,0.0,0.0,0.0,0,백반·죽·국수,본그룹
ba_14688196,2025-05,0.0,0.0,0.0,0.0,0.0,0.0,0.0,0,백반·죽·국수,본그룹
ba_14688196,2025-06,0.0,0.0,0.0,0.0,0.0,0.0,0.0,1,백반·죽·국수,본그룹
ba_14688197,2025-05,0.0,0.0,0.0,0.0,0.0,0.0,0.0,1,백반·죽·국수,본그룹
ba_14688197,2025-06,0.6,108.0,22.0,0.2,0.2,0.2857142857142857,0.03333333333333333,1,백반·죽·국수,본그룹
ba_14688207,2025-05,0.0,0.0,0.0,0.0,0.0,0.0,0.0,0,백반·죽·국수,본그룹
ba_14688233,2025-05,0.8,18.0,2.2,0.0,0.0,0.02857142857142857,0.0,1,백반·죽·국수,본그룹
ba_14688233,2025-06,1.0,29.333333333333332,3.6666666666666665,0.3333333333333333,0.3333333333333333,0.047619047619047616,0.0,1,백반·죽·국수,본그룹
ba_14688336,2025-05,0.0,0.0,0.0,0.0,0.0,0.0,0.0,0,백반·죽·국수,본그룹
ba_14688336,2025-06,0.6153846153846154,87.38461538461539,19.23076923076923,0.23076923076923078,0.23076923076923078,0.1868131868131868,0.0641025641025641,0,백반·죽·국수,본그룹
ba_14688337,2025-05,1.0,98.0,20.0,0.0,0.0,0.5714285714285714,0.16666666666666666,0,백반·죽·국수,본그룹
ba_14688337,2025-06,1.0,114.0,24.0,0.0,0.0,0.5238095238095238,0.16666666666666666,1,백반·죽·국수,본그룹
ba_14688338,2025-05,0.0,0.0,0.0,0.0,0.0,0.0,0.0,1,백반·죽·국수,본그룹
ba_14688338,2025-06,0.0,0.0,0.0,0.0,0.0,0.0,0.0,1,백반·죽·국수,본그룹
ba_14688345,2025-04,0.0,0.0,0.0,0.0,0.0,0.0,0.0,0,백반·죽·국수,본그룹
ba_14688345,2025-07,0.0,0.0,0.0,0.0,0.0,0.0,0.0,1,백반·죽·국수,본그룹
ba_14688363,2025-05,0.0,0.0,0.0,0.0,0.0,0.0,0.0,0,백반·죽·국수,본그룹
ba_14688363,2025-06,1.0,154.0,34.0,0.0,0.0,0.3571428571428571,0.08333333333333333,1,백반·죽·국수,본그룹
ba_14688363,2025-07,1.0,215.0,49.0,0.0,0.0,0.5,0.25,1,백반·죽·국수,본그룹
ba_14688371,2025-05,0.0,0.0,0.0,0.0,0.0,0.0,0.0,1,백반·죽·국수,본그룹
ba_14688371,2025-06,0.6666666666666666,90.66666666666667,20.666666666666668,0.0,0.0,0.38095238095238093,0.16666666666666666,1,백반·죽·국수,본그룹
ba_14688371,2025-07,1.0,206.75,46.5,0.0,0.0,0.39285714285714285,0.20833333333333331,1,백반·죽·국수,본그룹
ba_14688483,2025-05,0.0,0.0,0.0,0.0,0.0,0.0,0.0,0,백반·죽·국수,본그룹
ba_14688483,2025-06,0.0,0.0,0.0,0.0,0.0,0.0,0.0,0,백반·죽·국수,본그룹
ba_14688483,2025-07,0.0,0.0,0.0,0.0,0.0,0.0,0.0,0,백반·죽·국수,본그룹
ba_14688499,2025-05,0.0,0.0,0.0,0.0,0.0,0.0,0.0,0,백반·죽·국수,본그룹
ba_14688499,2025-06,0.0,0.0,0.0,0.0,0.0,0.0,0.0,1,백반·죽·국수,본그룹
ba_14688499,2025-07,1.0,227.25,49.75,0.0,0.0,0.39285714285714285,0.25,1,백반·죽·국수,본그룹
ba_14688522,2025-05,0.0,0.0,0.0,0.0,0.0,0.0,0.0,0,백반·죽·국수,본그룹
ba_14688522,2025-06,0.0,0.0,0.0,0.0,0.0,0.0,0.0,1,백반·죽·국수,본그룹
ba_14688525,2025-05,0.0,0.0,0.0,0.0,0.0,0.0,0.0,0,백반·죽·국수,본그룹
ba_14688525,2025-06,0.5517241379310345,90.0,18.689655172413794,0.1724137931034483,0.1724137931034483,0.29064039408867,0.09195402298850575,1,백반·죽·국수,본그룹
ba_14688555,2025-05,0.0,0.0,0.0,0.0,0.0,0.0,0.0,1,백반·죽·국수,본그룹
ba_14688555,2025-06,0.0,0.0,0.0,0.0,0.0,0.0,0.0,1,백반·죽·국수,본그룹
ba_14688557,2025-07,1.0,235.66666666666666,53.333333333333336,0.0,0.0,0.5238095238095238,0.27777777777777773,1,백반·죽·국수,본그룹
ba_14688559,2025-05,0.0,0.0,0.0,0.0,0.0,0.0,0.0,0,백반·죽·국수,본그룹
ba_14688563,2025-05,0.0,0.0,0.0,0.0,0.0,0.0,0.0,1,백반·죽·국수,본그룹
ba_14688563,2025-06,0.0,0.0,0.0,0.0,0.0,0.0,0.0,1,백반·죽·국수,본그룹
ba_14688567,2025-06,0.0,0.0,0.0,0.0,0.0,0.0,0.0,1,백반·죽·국수,본그룹
ba_14688570,2025-06,0.0,0.0,0.0,0.0,0.0,0.0,0.0,1,백반·죽·국수,본그룹
ba_14688570,2025-07,1.0,136.0,31.0,0.0,0.0,0.42857142857142855,0.16666666666666666,1,백반·죽·국수,본그룹
ba_14688571,2025-05,1.0,236.71428571428572,50.07142857142857,0.35714285714285715,0.35714285714285715,0.4693877551020408,0.25,0,백반·죽·국수,본그룹
ba_14688571,2025-06,1.0,227.08333333333334,49.083333333333336,0.5833333333333334,0.5833333333333334,0.4880952380952381,0.2222222222222222,0,백반·죽·국수,본그룹
ba_14688571,2025-07,1.0,245.64285714285714,54.357142857142854,0.14285714285714285,0.14285714285714285,0.4591836734693877,0.29761904761904756,0,백반·죽·국수,본그룹
ba_14688582,2025-05,1.0,179.2,35.0,0.0,0.0,0.3142857142857143,0.13333333333333333,0,백반·죽·국수,본그룹
ba_14688582,2025-06,1.0,142.5625,26.8125,0.0,0.0,0.48214285714285715,0.23958333333333331,1,백반·죽·국수,본그룹
ba_14688602,2025-05,1.0,134.5,28.5,0.5,0.5,0.3571428571428571,0.25,1,백반·죽·국수,본그룹
ba_14688602,2025-07,1.0,126.55555555555556,27.0,0.0,0.0,0.25396825396825395,0.12962962962962962,1,백반·죽·국수,본그룹
ba_14688609,2025-07,0.6666666666666666,159.0,36.0,0.3333333333333333,0.3333333333333333,0.3333333333333333,0.1111111111111111,0,백반·죽·국수,본그룹
ba_14688614,2025-05,0.0,0.0,0.0,0.0,0.0,0.0,0.0,0,백반·죽·국수,본그룹
ba_14688614,2025-06,1.0,142.0,28.0,0.0,0.0,0.5714285714285714,0.16666666666666666,0,백반·죽·국수,본그룹
ba_14688631,2025-06,0.4444444444444444,66.88888888888889,13.88888888888889,0.2222222222222222,0.2222222222222222,0.20634920634920634,0.09259259259259259,0,백반·죽·국수,본그룹
ba_14688631,2025-05,1.0,208.8,43.6,0.0,0.0,0.6571428571428571,0.26666666666666666,0,백반·죽·국수,본그룹
ba_14688656,2025-07,1.0,133.5,27.0,0.5,0.5,0.42857142857142855,0.08333333333333333,1,백반·죽·국수,본그룹
ba_14688684,2025-05,1.0,93.05555555555556,17.27777777777778,0.0,0.0,0.23809523809523808,0.06481481481481481,0,백반·죽·국수,본그룹
ba_14688684,2025-06,1.0,99.75,19.5,0.0,0.0,0.19047619047619047,0.06944444444444443,0,백반·죽·국수,본그룹
ba_14688687,2025-05,1.0,88.33333333333333,16.25,0.0,0.0,0.38095238095238093,0.13888888888888887,1,백반·죽·국수,본그룹
ba_14688687,2025-06,1.0,84.53333333333333,15.266666666666667,0.0,0.0,0.41904761904761906,0.14444444444444443,1,백반·죽·국수,본그룹
ba_14688693,2025-05,0.0,0.0,0.0,0.0,0.0,0.0,0.0,0,백반·죽·국수,본그룹
ba_14688693,2025-06,0.0,0.0,0.0,0.0,0.0,0.0,0.0,1,백반·죽·국수,본그룹
ba_14688693,2025-07,0.0,0.0,0.0,0.0,0.0,0.0,0.0,1,백반·죽·국수,본그룹
ba_14688697,2025-05,1.0,96.0,21.333333333333332,0.0,0.0,0.047619047619047616,0.1111111111111111,0,백반·죽·국수,본그룹
ba_14688697,2025-06,1.0,172.0,38.75,0.25,0.25,0.17857142857142855,0.08333333333333333,1,백반·죽·국수,본그룹
ba_14688702,2025-05,0.0,0.0,0.0,0.0,0.0,0.0,0.0,0,백반·죽·국수,본그룹
ba_14688702,2025-07,1.0,159.66666666666666,35.333333333333336,0.0,0.0,0.38095238095238093,0.2222222222222222,1,백반·죽·국수,본그룹
ba_14688707,2025-05,0.0,0.0,0.0,0.0,0.0,0.0,0.0,0,백반·죽·국수,본그룹
ba_14688707,2025-06,0.0,0.0,0.0,0.0,0.0,0.0,0.0,1,백반·죽·국수,본그룹
ba_14688709,2025-05,0.1111111111111111,9.11111111111111,1.7777777777777777,0.0,0.0,0.031746031746031744,0.0,0,백반·죽·국수,본그룹
ba_14688709,2025-06,0.0,0.0,0.0,0.0,0.0,0.0,0.0,0,백반·죽·국수,본그룹
ba_14688709,2025-07,0.0,0.0,0.0,0.0,0.0,0.0,0.0,0,백반·죽·국수,본그룹
ba_14688716,2025-05,0.0,0.0,0.0,0.0,0.0,0.0,0.0,0,백반·죽·국수,본그룹
ba_14688716,2025-06,0.125,32.875,7.25,0.125,0.125,0.05357142857142857,0.041666666666666664,0,백반·죽·국수,본그룹
ba_14688728,2025-05,0.0,0.0,0.0,0.0,0.0,0.0,0.0,0,백반·죽·국수,본그룹
ba_14688728,2025-06,0.2,44.0,9.6,0.2,0.2,0.05714285714285714,0.03333333333333333,0,백반·죽·국수,본그룹
ba_14688728,2025-07,0.0,0.0,0.0,0.0,0.0,0.0,0.0,0,백반·죽·국수,본그룹
ba_14688729,2025-05,0.0,0.0,0.0,0.0,0.0,0.0,0.0,0,백반·죽·국수,본그룹
ba_14688729,2025-06,1.0,143.0,26.0,0.0,0.0,0.2857142857142857,0.16666666666666666,1,백반·죽·국수,본그룹
ba_14688746,2025-05,0.0,0.0,0.0,0.0,0.0,0.0,0.0,0,백반·죽·국수,본그룹
ba_14688746,2025-06,0.75,128.5,27.25,0.5,0.5,0.42857142857142855,0.125,1,백반·죽·국수,본그룹
ba_14688746,2025-07,1.0,228.5,51.166666666666664,0.16666666666666666,0.16666666666666666,0.42857142857142855,0.25,1,백반·죽·국수,본그룹
ba_14688751,2025-05,0.0,0.0,0.0,0.0,0.0,0.0,0.0,0,백반·죽·국수,본그룹
ba_14688751,2025-06,0.0,0.0,0.0,0.0,0.0,0.0,0.0,1,백반·죽·국수,본그룹
ba_14688765,2025-05,0.0,0.0,0.0,0.0,0.0,0.0,0.0,1,백반·죽·국수,본그룹
ba_14688765,2025-06,0.0,0.0,0.0,0.0,0.0,0.0,0.0,1,백반·죽·국수,본그룹
ba_14688789,2025-05,1.0,52.0,13.0,0.0,0.0,0.2857142857142857,0.16666666666666666,0,백반·죽·국수,본그룹
ba_14688789,2025-06,1.0,88.0,15.0,0.0,0.0,0.2857142857142857,0.0,0,백반·죽·국수,본그룹
ba_14688848,2025-05,0.6666666666666666,169.66666666666666,38.0,0.0,0.0,0.09523809523809523,0.1111111111111111,0,백반·죽·국수,본그룹
ba_14688848,2025-06,1.0,224.0,48.0,1.0,1.0,0.2857142857142857,0.16666666666666666,1,백반·죽·국수,본그룹
ba_14688848,2025-07,1.0,230.16666666666666,52.166666666666664,0.08333333333333333,0.08333333333333333,0.46428571428571425,0.23611111111111108,1,백반·죽·국수,본그룹
ba_14688854,2025-04,1.0,116.0,24.0,0.0,0.0,0.5714285714285714,0.3333333333333333,0,백반·죽·국수,본그룹
ba_14688854,2025-05,1.0,116.0,23.5,0.0,0.0,0.42857142857142855,0.25,0,백반·죽·국수,본그룹
ba_14688854,2025-06,1.0,118.0,24.5,0.0,0.0,0.5714285714285714,0.25,1,백반·죽·국수,본그룹
ba_14688860,2025-05,0.0,0.0,0.0,0.0,0.0,0.0,0.0,1,백반·죽·국수,본그룹
ba_14688860,2025-06,0.5,49.5,10.0,0.0,0.0,0.14285714285714285,0.08333333333333333,1,백반·죽·국수,본그룹
ba_14688879,2025-05,0.0,0.0,0.0,0.0,0.0,0.0,0.0,0,백반·죽·국수,본그룹
ba_14688879,2025-06,0.14285714285714285,30.142857142857142,6.714285714285714,0.14285714285714285,0.14285714285714285,0.061224489795918366,0.047619047619047616,0,백반·죽·국수,본그룹
ba_14688905,2025-05,0.0,0.0,0.0,0.0,0.0,0.0,0.0,0,백반·죽·국수,본그룹
ba_14688905,2025-06,0.0,0.0,0.0,0.0,0.0,0.0,0.0,0,백반·죽·국수,본그룹
ba_14688905,2025-07,0.0,0.0,0.0,0.0,0.0,0.0,0.0,0,백반·죽·국수,본그룹
ba_14688907,2025-05,0.0,0.0,0.0,0.0,0.0,0.0,0.0,1,백반·죽·국수,본그룹
ba_14688907,2025-06,0.0,0.0,0.0,0.0,0.0,0.0,0.0,1,백반·죽·국수,본그룹
ba_14688907,2025-07,1.0,156.66666666666666,31.666666666666668,0.6666666666666666,0.6666666666666666,0.5714285714285714,0.1111111111111111,1,백반·죽·국수,본그룹
ba_14688923,2025-05,0.0,0.0,0.0,0.0,0.0,0.0,0.0,0,백반·죽·국수,본그룹
ba_14688923,2025-06,0.0,0.0,0.0,0.0,0.0,0.0,0.0,1,백반·죽·국수,본그룹
ba_14688924,2025-06,0.8333333333333334,160.83333333333334,30.5,0.16666666666666666,0.16666666666666666,0.2619047619047619,0.05555555555555555,1,백반·죽·국수,본그룹
ba_14688924,2025-05,1.0,178.4,31.8,0.0,0.0,0.3,0.016666666666666666,0,백반·죽·국수,본그룹
ba_14688931,2025-05,0.16666666666666666,25.333333333333332,5.333333333333333,0.0,0.0,0.023809523809523808,0.0,1,백반·죽·국수,본그룹
ba_14688931,2025-06,0.8,140.0,30.4,0.4,0.4,0.4,0.16666666666666666,1,백반·죽·국수,본그룹
ba_14688931,2025-07,1.0,143.0,30.5,0.0,0.0,0.46428571428571425,0.16666666666666666,1,백반·죽·국수,본그룹
ba_14688963,2025-06,0.0,0.0,0.0,0.0,0.0,0.0,0.0,1,백반·죽·국수,본그룹
ba_14688982,2025-04,0.0,0.0,0.0,0.0,0.0,0.0,0.0,1,백반·죽·국수,본그룹
ba_14688982,2025-05,0.4,22.4,4.2,0.0,0.0,0.02857142857142857,0.0,1,백반·죽·국수,본그룹
ba_14688982,2025-06,0.0,0.0,0.0,0.0,0.0,0.0,0.0,1,백반·죽·국수,본그룹
ba_14688982,2025-07,0.875,167.25,37.625,0.125,0.125,0.39285714285714285,0.125,1,백반·죽·국수,본그룹
ba_14689003,2025-05,0.0,0.0,0.0,0.0,0.0,0.0,0.0,1,백반·죽·국수,본그룹
ba_14689003,2025-06,0.0,0.0,0.0,0.0,0.0,0.0,0.0,1,백반·죽·국수,본그룹
ba_14689004,2025-05,0.0,0.0,0.0,0.0,0.0,0.0,0.0,1,백반·죽·국수,본그룹
ba_14689004,2025-06,1.0,149.0,28.5,1.0,1.0,0.5714285714285714,0.16666666666666666,1,백반·죽·국수,본그룹
ba_14689007,2025-05,1.0,163.5,31.0,0.0,0.0,0.5,0.16666666666666666,1,백반·죽·국수,본그룹
ba_14689007,2025-06,1.0,157.5,31.25,0.0,0.0,0.3214285714285714,0.125,1,백반·죽·국수,본그룹
ba_14689013,2025-05,0.0,0.0,0.0,0.0,0.0,0.0,0.0,0,백반·죽·국수,본그룹
ba_14689013,2025-06,0.16666666666666666,35.666666666666664,7.833333333333333,0.16666666666666666,0.16666666666666666,0.047619047619047616,0.027777777777777776,0,백반·죽·국수,본그룹
ba_14689024,2025-05,0.0,0.0,0.0,0.0,0.0,0.0,0.0,1,백반·죽·국수,본그룹
ba_14689024,2025-06,0.0,0.0,0.0,0.0,0.0,0.0,0.0,1,백반·죽·국수,본그룹
ba_14689101,2025-05,0.0,0.0,0.0,0.0,0.0,0.0,0.0,1,백반·죽·국수,본그룹
ba_14689101,2025-06,1.0,124.0,28.0,0.0,0.0,0.2857142857142857,0.16666666666666666,1,백반·죽·국수,본그룹
ba_14689115,2025-05,1.0,211.2,44.2,0.4,0.4,0.5142857142857142,0.26666666666666666,0,백반·죽·국수,본그룹
ba_14689115,2025-06,1.0,235.5,50.166666666666664,0.0,0.0,0.38095238095238093,0.19444444444444442,1,백반·죽·국수,본그룹
ba_14689378,2025-05,0.5,133.5,29.0,0.0,0.0,0.2857142857142857,0.08333333333333333,0,백반·죽·국수,본그룹
ba_14689378,2025-06,0.3333333333333333,64.0,12.666666666666666,0.0,0.0,0.19047619047619047,0.05555555555555555,0,백반·죽·국수,본그룹
ba_14689378,2025-07,1.0,156.0,40.0,0.0,0.0,0.2857142857142857,0.16666666666666666,0,백반·죽·국수,본그룹
ba_14689381,2025-05,0.0,0.0,0.0,0.0,0.0,0.0,0.0,0,백반·죽·국수,본그룹
ba_14689381,2025-06,0.0,0.0,0.0,0.0,0.0,0.0,0.0,1,백반·죽·국수,본그룹
ba_14689382,2025-06,0.7777777777777778,157.0,30.0,0.3333333333333333,0.3333333333333333,0.20634920634920637,0.07407407407407407,1,백반·죽·국수,본그룹
ba_14689387,2025-05,0.0,0.0,0.0,0.0,0.0,0.0,0.0,0,백반·죽·국수,본그룹
ba_14689387,2025-06,0.5714285714285714,98.71428571428571,21.142857142857142,0.14285714285714285,0.14285714285714285,0.18367346938775508,0.047619047619047616,1,백반·죽·국수,본그룹
ba_14689395,2025-05,0.4,77.4,16.6,0.4,0.4,0.08571428571428572,0.06666666666666667,1,백반·죽·국수,본그룹
ba_14689395,2025-06,1.0,141.25,29.5,1.0,1.0,0.07142857142857142,0.041666666666666664,1,백반·죽·국수,본그룹
ba_14689401,2025-05,0.0,0.0,0.0,0.0,0.0,0.0,0.0,0,백반·죽·국수,본그룹
ba_14689401,2025-06,0.0,0.0,0.0,0.0,0.0,0.0,0.0,0,백반·죽·국수,본그룹
ba_14689401,2025-07,0.0,0.0,0.0,0.0,0.0,0.0,0.0,0,백반·죽·국수,본그룹
ba_14689402,2025-05,0.0,0.0,0.0,0.0,0.0,0.0,0.0,1,백반·죽·국수,본그룹
ba_14689402,2025-06,0.0,0.0,0.0,0.0,0.0,0.0,0.0,0,백반·죽·국수,본그룹
ba_14689402,2025-07,0.6666666666666666,114.66666666666667,23.666666666666668,0.3333333333333333,0.3333333333333333,0.3333333333333333,0.16666666666666666,1,백반·죽·국수,본그룹
ba_14689403,2025-05,0.0,0.0,0.0,0.0,0.0,0.0,0.0,0,백반·죽·국수,본그룹
ba_14689403,2025-06,0.0,0.0,0.0,0.0,0.0,0.0,0.0,0,백반·죽·국수,본그룹
ba_14689409,2025-05,0.0,0.0,0.0,0.0,0.0,0.0,0.0,1,백반·죽·국수,본그룹
ba_14689409,2025-06,0.0,0.0,0.0,0.0,0.0,0.0,0.0,1,백반·죽·국수,본그룹
ba_14689415,2025-07,0.6666666666666666,145.66666666666666,32.666666666666664,0.0,0.0,0.3333333333333333,0.16666666666666666,1,백반·죽·국수,본그룹
ba_14689415,2025-05,1.0,95.5,15.0,0.0,0.0,0.14285714285714285,0.0,0,백반·죽·국수,본그룹
ba_14689415,2025-06,1.0,207.0,46.0,1.0,1.0,0.2857142857142857,0.16666666666666666,1,백반·죽·국수,본그룹
ba_14689416,2025-05,0.0,0.0,0.0,0.0,0.0,0.0,0.0,0,백반·죽·국수,본그룹
ba_14689416,2025-06,0.14285714285714285,30.285714285714285,6.714285714285714,0.14285714285714285,0.14285714285714285,0.061224489795918366,0.047619047619047616,1,백반·죽·국수,본그룹
ba_14689416,2025-07,0.0,0.0,0.0,0.0,0.0,0.0,0.0,0,백반·죽·국수,본그룹
ba_14689427,2025-05,0.0,0.0,0.0,0.0,0.0,0.0,0.0,0,백반·죽·국수,본그룹
ba_14689427,2025-06,0.25,36.25,8.25,0.0,0.0,0.17857142857142858,0.125,0,백반·죽·국수,본그룹
ba_14689427,2025-07,1.0,162.6,35.2,0.0,0.0,0.6,0.2333333333333333,0,백반·죽·국수,본그룹
ba_14689441,2025-05,0.0,0.0,0.0,0.0,0.0,0.0,0.0,1,백반·죽·국수,본그룹
ba_14689441,2025-06,0.0,0.0,0.0,0.0,0.0,0.0,0.0,1,백반·죽·국수,본그룹
ba_14689441,2025-07,1.0,175.5,38.0,0.0,0.0,0.5714285714285714,0.16666666666666666,1,백반·죽·국수,본그룹
ba_14689448,2025-05,0.0,0.0,0.0,0.0,0.0,0.0,0.0,1,백반·죽·국수,본그룹
ba_14689448,2025-06,0.2857142857142857,43.714285714285715,10.571428571428571,0.0,0.0,0.12244897959183673,0.023809523809523808,1,백반·죽·국수,본그룹
ba_14689454,2025-05,0.2,41.6,7.8,0.0,0.0,0.0,0.0,0,백반·죽·국수,본그룹
ba_14689454,2025-06,0.0,0.0,0.0,0.0,0.0,0.0,0.0,1,백반·죽·국수,본그룹
ba_14689464,2025-05,0.2,52.6,11.6,0.2,0.2,0.08571428571428572,0.06666666666666667,0,백반·죽·국수,본그룹
ba_14689464,2025-06,0.0,0.0,0.0,0.0,0.0,0.0,0.0,0,백반·죽·국수,본그룹
ba_14689464,2025-07,0.8571428571428571,108.42857142857143,23.285714285714285,0.2857142857142857,0.2857142857142857,0.38775510204081637,0.11904761904761904,0,백반·죽·국수,본그룹
ba_14689472,2025-05,1.0,71.0,15.0,0.0,0.0,0.2857142857142857,0.3333333333333333,0,백반·죽·국수,본그룹
ba_14689472,2025-06,1.0,64.0,13.0,0.0,0.0,0.2857142857142857,0.3333333333333333,1,백반·죽·국수,본그룹
ba_14689481,2025-05,1.0,155.5,31.0,0.0,0.0,0.5714285714285714,0.16666666666666666,1,백반·죽·국수,본그룹
ba_14689481,2025-06,1.0,173.66666666666666,32.0,0.0,0.0,0.5714285714285714,0.16666666666666666,1,백반·죽·국수,본그룹
ba_14689485,2025-05,0.0,0.0,0.0,0.0,0.0,0.0,0.0,0,백반·죽·국수,본그룹
ba_14689485,2025-06,0.0,0.0,0.0,0.0,0.0,0.0,0.0,1,백반·죽·국수,본그룹
ba_14689485,2025-07,1.0,233.0,51.0,0.0,0.0,0.5,0.3333333333333333,1,백반·죽·국수,본그룹
ba_14689496,2025-05,0.0,0.0,0.0,0.0,0.0,0.0,0.0,0,백반·죽·국수,본그룹
ba_14689496,2025-06,0.0,0.0,0.0,0.0,0.0,0.0,0.0,0,백반·죽·국수,본그룹
ba_14689496,2025-07,0.0,0.0,0.0,0.0,0.0,0.0,0.0,0,백반·죽·국수,본그룹
ba_14689536,2025-05,0.8333333333333334,119.25,23.416666666666668,0.0,0.0,0.25,0.013888888888888888,0,백반·죽·국수,본그룹
ba_14689536,2025-06,0.0,0.0,0.0,0.0,0.0,0.0,0.0,0,백반·죽·국수,본그룹
ba_14689545,2025-06,0.8333333333333334,109.0,24.666666666666668,0.0,0.0,0.3095238095238095,0.08333333333333333,1,백반·죽·국수,본그룹
ba_14689545,2025-05,1.0,201.0,44.5,0.75,0.75,0.2857142857142857,0.20833333333333331,0,백반·죽·국수,본그룹
ba_14689548,2025-05,0.0,0.0,0.0,0.0,0.0,0.0,0.0,0,백반·죽·국수,본그룹
ba_14689548,2025-06,0.7142857142857143,124.28571428571429,26.0,0.14285714285714285,0.14285714285714285,0.38775510204081626,0.14285714285714285,1,백반·죽·국수,본그룹
ba_14689573,2025-05,1.0,236.0,43.0,0.25,0.25,0.2857142857142857,0.041666666666666664,0,백반·죽·국수,본그룹
ba_14689573,2025-06,1.0,216.5,39.0,0.0,0.0,0.2857142857142857,0.027777777777777776,1,백반·죽·국수,본그룹
ba_14689591,2025-05,0.0,0.0,0.0,0.0,0.0,0.0,0.0,0,백반·죽·국수,본그룹
ba_14689591,2025-06,1.0,263.0,58.0,1.0,1.0,0.42857142857142855,0.3333333333333333,1,백반·죽·국수,본그룹
ba_14689595,2025-06,0.3333333333333333,77.66666666666667,16.5,0.0,0.0,0.10714285714285714,0.06944444444444443,0,백반·죽·국수,본그룹
ba_14689595,2025-05,1.0,209.28571428571428,44.285714285714285,0.0,0.0,0.36734693877551017,0.19047619047619047,0,백반·죽·국수,본그룹
ba_14689608,2025-05,1.0,232.625,49.625,0.0,0.0,0.5535714285714285,0.16666666666666666,1,백반·죽·국수,본그룹
ba_14689608,2025-06,1.0,142.83333333333334,32.166666666666664,0.3333333333333333,0.3333333333333333,0.4047619047619047,0.19444444444444442,1,백반·죽·국수,본그룹
ba_14689610,2025-05,0.0,0.0,0.0,0.0,0.0,0.0,0.0,1,백반·죽·국수,본그룹
ba_14689610,2025-06,0.0,0.0,0.0,0.0,0.0,0.0,0.0,1,백반·죽·국수,본그룹
ba_14689611,2025-05,0.0,0.0,0.0,0.0,0.0,0.0,0.0,1,백반·죽·국수,본그룹
ba_14689611,2025-06,0.0,0.0,0.0,0.0,0.0,0.0,0.0,1,백반·죽·국수,본그룹
ba_14689614,2025-05,0.0,0.0,0.0,0.0,0.0,0.0,0.0,0,백반·죽·국수,본그룹
ba_14689614,2025-06,0.0,0.0,0.0,0.0,0.0,0.0,0.0,1,백반·죽·국수,본그룹
ba_14689625,2025-05,1.0,225.44444444444446,49.888888888888886,0.3333333333333333,0.3333333333333333,0.5079365079365079,0.24074074074074073,0,백반·죽·국수,본그룹
ba_14689625,2025-06,1.0,215.25,45.5,0.4166666666666667,0.4166666666666667,0.5595238095238094,0.3194444444444444,1,백반·죽·국수,본그룹
ba_14689645,2025-05,1.0,80.83333333333333,15.833333333333334,0.0,0.0,0.16666666666666666,0.0,1,백반·죽·국수,본그룹
ba_14689645,2025-06,1.0,67.5,12.6,0.0,0.0,0.2571428571428571,0.06666666666666667,1,백반·죽·국수,본그룹
ba_14689734,2025-05,0.0,0.0,0.0,0.0,0.0,0.0,0.0,0,백반·죽·국수,본그룹
ba_14689734,2025-06,0.0,0.0,0.0,0.0,0.0,0.0,0.0,1,백반·죽·국수,본그룹
ba_14689734,2025-07,0.0,0.0,0.0,0.0,0.0,0.0,0.0,1,백반·죽·국수,본그룹
ba_14689750,2025-05,0.2222222222222222,37.22222222222222,8.11111111111111,0.1111111111111111,0.1111111111111111,0.031746031746031744,0.018518518518518517,0,백반·죽·국수,본그룹
ba_14689750,2025-06,0.3333333333333333,60.666666666666664,12.666666666666666,0.0,0.0,0.19047619047619047,0.1111111111111111,1,백반·죽·국수,본그룹
ba_14689756,2025-05,0.5,37.75,7.5,0.0,0.0,0.21428571428571427,0.0,0,백반·죽·국수,본그룹
ba_14689756,2025-06,1.0,126.83333333333333,27.5,0.16666666666666666,0.16666666666666666,0.4047619047619047,0.16666666666666666,1,백반·죽·국수,본그룹
ba_14689757,2025-05,0.0,0.0,0.0,0.0,0.0,0.0,0.0,0,백반·죽·국수,본그룹
ba_14689757,2025-06,1.0,163.16666666666666,34.666666666666664,0.0,0.0,0.3333333333333333,0.027777777777777776,1,백반·죽·국수,본그룹
ba_14689759,2025-05,0.75,47.0,8.75,0.0,0.0,0.21428571428571427,0.0,0,백반·죽·국수,본그룹
ba_14689759,2025-06,1.0,115.0,24.0,0.0,0.0,0.0,0.0,0,백반·죽·국수,본그룹
ba_14689761,2025-05,0.0,0.0,0.0,0.0,0.0,0.0,0.0,0,백반·죽·국수,본그룹
ba_14689761,2025-06,0.0,0.0,0.0,0.0,0.0,0.0,0.0,1,백반·죽·국수,본그룹
ba_14689761,2025-07,0.6666666666666666,56.666666666666664,12.333333333333334,0.0,0.0,0.3333333333333333,0.05555555555555555,1,백반·죽·국수,본그룹
ba_14689766,2025-05,0.0,0.0,0.0,0.0,0.0,0.0,0.0,0,백반·죽·국수,본그룹
ba_14689766,2025-06,0.8333333333333334,144.83333333333334,32.0,0.16666666666666666,0.16666666666666666,0.4047619047619047,0.13888888888888887,1,백반·죽·국수,본그룹
ba_14689782,2025-05,0.0,0.0,0.0,0.0,0.0,0.0,0.0,0,백반·죽·국수,본그룹
ba_14689782,2025-06,0.0,0.0,0.0,0.0,0.0,0.0,0.0,1,백반·죽·국수,본그룹
ba_14689782,2025-07,0.0,0.0,0.0,0.0,0.0,0.0,0.0,1,백반·죽·국수,본그룹
ba_14689809,2025-05,0.0,0.0,0.0,0.0,0.0,0.0,0.0,1,백반·죽·국수,본그룹
ba_14689837,2025-05,0.0,0.0,0.0,0.0,0.0,0.0,0.0,1,백반·죽·국수,본그룹
ba_14689837,2025-06,0.5,49.0,9.0,0.0,0.0,0.14285714285714285,0.08333333333333333,1,백반·죽·국수,본그룹
ba_14689846,2025-05,1.0,163.8,38.4,0.2,0.2,0.3714285714285714,0.1,0,백반·죽·국수,본그룹
ba_14689846,2025-06,1.0,151.16666666666666,34.166666666666664,0.0,0.0,0.4047619047619047,0.19444444444444442,0,백반·죽·국수,본그룹
ba_14689846,2025-07,1.0,152.0,33.0,0.0,0.0,0.2857142857142857,0.08333333333333333,0,백반·죽·국수,본그룹
ba_14689854,2025-05,1.0,193.3939393939394,42.39393939393939,0.0,0.0,0.5714285714285714,0.101010101010101,1,백반·죽·국수,본그룹
ba_14689854,2025-06,1.0,195.22857142857143,43.542857142857144,0.0,0.0,0.5918367346938774,0.0619047619047619,1,백반·죽·국수,본그룹
ba_14689855,2025-05,0.0,0.0,0.0,0.0,0.0,0.0,0.0,0,백반·죽·국수,본그룹
ba_14689855,2025-06,0.0,0.0,0.0,0.0,0.0,0.0,0.0,0,백반·죽·국수,본그룹
ba_14689859,2025-05,0.0,0.0,0.0,0.0,0.0,0.0,0.0,0,백반·죽·국수,본그룹
ba_14689859,2025-07,0.0,0.0,0.0,0.0,0.0,0.0,0.0,1,백반·죽·국수,본그룹
ba_14689869,2025-05,0.0,0.0,0.0,0.0,0.0,0.0,0.0,0,백반·죽·국수,본그룹
ba_14689869,2025-06,1.0,124.0,27.5,0.0,0.0,0.21428571428571427,0.0,1,백반·죽·국수,본그룹
ba_14689875,2025-05,1.0,345.0,63.785714285714285,0.07142857142857142,0.07142857142857142,0.5408163265306122,0.21428571428571427,0,백반·죽·국수,본그룹
ba_14689875,2025-06,1.0,337.4,63.2,0.0,0.0,0.42857142857142855,0.2,1,백반·죽·국수,본그룹
ba_14689886,2025-05,0.25,68.0,15.25,0.25,0.25,0.10714285714285714,0.08333333333333333,1,백반·죽·국수,본그룹
ba_14689886,2025-06,1.0,124.0,24.0,0.0,0.0,0.42857142857142855,0.0,1,백반·죽·국수,본그룹
ba_14689890,2025-05,1.0,173.8,33.2,0.0,0.0,0.42857142857142855,0.0,0,백반·죽·국수,본그룹
ba_14689890,2025-06,1.0,140.16666666666666,25.833333333333332,0.0,0.0,0.35714285714285715,0.0,1,백반·죽·국수,본그룹
ba_14689894,2025-05,0.0,0.0,0.0,0.0,0.0,0.0,0.0,0,백반·죽·국수,본그룹
ba_14689894,2025-06,0.0,0.0,0.0,0.0,0.0,0.0,0.0,1,백반·죽·국수,본그룹
ba_14689904,2025-05,1.0,37.0,7.0,0.0,0.0,0.14285714285714285,0.0,1,백반·죽·국수,본그룹
ba_14689904,2025-06,1.0,164.25,33.75,0.25,0.25,0.42857142857142855,0.125,1,백반·죽·국수,본그룹
ba_14689904,2025-07,1.0,164.5,37.0,0.5,0.5,0.42857142857142855,0.08333333333333333,1,백반·죽·국수,본그룹
ba_14689906,2025-05,0.0,0.0,0.0,0.0,0.0,0.0,0.0,0,백반·죽·국수,본그룹
ba_14689906,2025-06,0.0,0.0,0.0,0.0,0.0,0.0,0.0,0,백반·죽·국수,본그룹
ba_14689910,2025-05,0.0,0.0,0.0,0.0,0.0,0.0,0.0,0,백반·죽·국수,본그룹
ba_14689910,2025-06,0.7142857142857143,132.14285714285714,28.571428571428573,0.2857142857142857,0.2857142857142857,0.32653061224489793,0.21428571428571427,0,백반·죽·국수,본그룹
ba_14689936,2025-05,1.0,146.0,29.25,0.0,0.0,0.19047619047619047,0.05555555555555555,0,백반·죽·국수,본그룹
ba_14689936,2025-06,1.0,117.66666666666667,24.2,0.06666666666666667,0.06666666666666667,0.18095238095238092,0.04444444444444444,1,백반·죽·국수,본그룹
ba_14689936,2025-07,1.0,215.33333333333334,48.55555555555556,0.3333333333333333,0.3333333333333333,0.47619047619047616,0.24074074074074073,1,백반·죽·국수,본그룹
ba_14689940,2025-06,0.8181818181818182,130.54545454545453,25.90909090909091,0.09090909090909091,0.09090909090909091,0.15584415584415584,0.045454545454545456,1,백반·죽·국수,본그룹
ba_14689940,2025-05,1.0,178.85714285714286,35.857142857142854,0.42857142857142855,0.42857142857142855,0.32653061224489793,0.09523809523809523,0,백반·죽·국수,본그룹
ba_14689940,2025-07,1.0,195.71428571428572,39.57142857142857,0.14285714285714285,0.14285714285714285,0.38775510204081626,0.11904761904761904,1,백반·죽·국수,본그룹
ba_14689942,2025-06,0.0,0.0,0.0,0.0,0.0,0.0,0.0,1,백반·죽·국수,본그룹
ba_14689953,2025-06,0.0,0.0,0.0,0.0,0.0,0.0,0.0,1,백반·죽·국수,본그룹
ba_14689993,2025-05,0.42857142857142855,24.0,4.142857142857143,0.0,0.0,0.1020408163265306,0.047619047619047616,0,백반·죽·국수,본그룹
ba_14689993,2025-06,1.0,71.0,12.0,0.0,0.0,0.26530612244897955,0.023809523809523808,1,백반·죽·국수,본그룹
ba_14689999,2025-05,0.0,0.0,0.0,0.0,0.0,0.0,0.0,0,백반·죽·국수,본그룹
ba_14689999,2025-06,0.0,0.0,0.0,0.0,0.0,0.0,0.0,0,백반·죽·국수,본그룹
ba_14689999,2025-07,1.0,157.0,34.5,0.0,0.0,0.2857142857142857,0.0,0,백반·죽·국수,본그룹
ba_14690002,2025-05,0.0,0.0,0.0,0.0,0.0,0.0,0.0,0,백반·죽·국수,본그룹
ba_14690002,2025-06,0.2857142857142857,62.285714285714285,13.571428571428571,0.2857142857142857,0.2857142857142857,0.1020408163265306,0.07142857142857142,1,백반·죽·국수,본그룹
ba_14690002,2025-07,0.0,0.0,0.0,0.0,0.0,0.0,0.0,1,백반·죽·국수,본그룹
ba_14690014,2025-05,0.0,0.0,0.0,0.0,0.0,0.0,0.0,0,백반·죽·국수,본그룹
ba_14690014,2025-06,1.0,165.0,34.0,0.0,0.0,0.2857142857142857,0.0,0,백반·죽·국수,본그룹
ba_14690034,2025-05,1.0,156.25,31.5,0.0,0.0,0.5,0.16666666666666666,1,백반·죽·국수,본그룹
ba_14690034,2025-06,1.0,138.4,28.4,0.0,0.0,0.5142857142857142,0.16666666666666666,1,백반·죽·국수,본그룹
ba_14690034,2025-07,1.0,228.0,51.0,0.0,0.0,0.45238095238095233,0.25,1,백반·죽·국수,본그룹
ba_14690045,2025-05,0.0,0.0,0.0,0.0,0.0,0.0,0.0,0,백반·죽·국수,본그룹
ba_14690045,2025-06,0.0,0.0,0.0,0.0,0.0,0.0,0.0,1,백반·죽·국수,본그룹
ba_14690050,2025-05,0.0,0.0,0.0,0.0,0.0,0.0,0.0,0,백반·죽·국수,본그룹
ba_14690050,2025-06,1.0,159.2,32.4,0.4,0.4,0.45714285714285713,0.2,1,백반·죽·국수,본그룹
ba_14690050,2025-07,1.0,130.0,33.0,0.0,0.0,0.2857142857142857,0.16666666666666666,1,백반·죽·국수,본그룹
ba_14690053,2025-05,0.2,53.6,11.6,0.2,0.2,0.08571428571428572,0.06666666666666667,0,백반·죽·국수,본그룹
ba_14690053,2025-06,0.06666666666666667,15.2,3.3333333333333335,0.06666666666666667,0.06666666666666667,0.019047619047619046,0.01111111111111111,1,백반·죽·국수,본그룹
ba_14690056,2025-06,0.5,37.0,8.0,0.5,0.5,0.14285714285714285,0.16666666666666666,0,백반·죽·국수,본그룹
ba_14690056,2025-07,1.0,202.0,46.5,0.0,0.0,0.5714285714285714,0.25,1,백반·죽·국수,본그룹
ba_14690057,2025-06,0.875,52.0,10.875,0.0,0.0,0.19642857142857142,0.041666666666666664,1,백반·죽·국수,본그룹
ba_14690057,2025-05,1.0,55.0,11.0,0.0,0.0,0.21428571428571427,0.0,1,백반·죽·국수,본그룹
ba_14690062,2025-05,0.0,0.0,0.0,0.0,0.0,0.0,0.0,1,백반·죽·국수,본그룹
ba_14690062,2025-06,0.0,0.0,0.0,0.0,0.0,0.0,0.0,1,백반·죽·국수,본그룹
ba_14690062,2025-07,0.0,0.0,0.0,0.0,0.0,0.0,0.0,1,백반·죽·국수,본그룹
ba_14690068,2025-05,1.0,114.0,20.5,0.0,0.0,0.14285714285714285,0.08333333333333333,1,백반·죽·국수,본그룹
ba_14690068,2025-06,1.0,72.66666666666667,12.0,0.0,0.0,0.2857142857142857,0.1111111111111111,1,백반·죽·국수,본그룹
ba_14690077,2025-05,0.0,0.0,0.0,0.0,0.0,0.0,0.0,0,백반·죽·국수,본그룹
ba_14690077,2025-06,0.0,0.0,0.0,0.0,0.0,0.0,0.0,0,백반·죽·국수,본그룹
ba_14690077,2025-07,0.0,0.0,0.0,0.0,0.0,0.0,0.0,0,백반·죽·국수,본그룹
ba_14690081,2025-05,0.0,0.0,0.0,0.0,0.0,0.0,0.0,1,백반·죽·국수,본그룹
ba_14690081,2025-06,0.6428571428571429,102.92857142857143,22.0,0.14285714285714285,0.14285714285714285,0.3163265306122449,0.10714285714285714,1,백반·죽·국수,본그룹
ba_14690086,2025-05,1.0,99.33333333333333,20.666666666666668,0.0,0.0,0.3333333333333333,0.1111111111111111,0,백반·죽·국수,본그룹
ba_14690086,2025-06,1.0,83.0,18.666666666666668,0.0,0.0,0.19047619047619047,0.05555555555555555,1,백반·죽·국수,본그룹
ba_14690092,2025-05,0.5,30.0,5.5,0.0,0.0,0.0,0.0,0,백반·죽·국수,본그룹
ba_14690092,2025-06,0.6666666666666666,111.66666666666667,23.666666666666668,0.0,0.0,0.38095238095238093,0.05555555555555555,0,백반·죽·국수,본그룹
ba_14690110,2025-05,0.0,0.0,0.0,0.0,0.0,0.0,0.0,1,백반·죽·국수,본그룹
ba_14690110,2025-07,1.0,221.5,48.5,0.0,0.0,0.4761904761904761,0.19444444444444442,1,백반·죽·국수,본그룹
ba_14690124,2025-04,0.0,0.0,0.0,0.0,0.0,0.0,0.0,0,백반·죽·국수,본그룹
ba_14690154,2025-05,0.2857142857142857,8.571428571428571,1.4285714285714286,0.0,0.0,0.02040816326530612,0.023809523809523808,0,백반·죽·국수,본그룹
ba_14690154,2025-06,0.0,0.0,0.0,0.0,0.0,0.0,0.0,1,백반·죽·국수,본그룹
ba_14690155,2025-05,0.0,0.0,0.0,0.0,0.0,0.0,0.0,1,백반·죽·국수,본그룹
ba_14690155,2025-06,0.0,0.0,0.0,0.0,0.0,0.0,0.0,1,백반·죽·국수,본그룹
ba_14690155,2025-07,0.6666666666666666,157.66666666666666,36.22222222222222,0.0,0.0,0.36507936507936506,0.18518518518518517,1,백반·죽·국수,본그룹
ba_14690378,2025-06,1.0,96.33333333333333,21.666666666666668,0.0,0.0,0.14285714285714285,0.0,1,백반·죽·국수,본그룹
ba_14690378,2025-07,1.0,165.0,35.0,1.0,1.0,0.5714285714285714,0.3333333333333333,1,백반·죽·국수,본그룹
ba_14690560,2025-06,0.0,0.0,0.0,0.0,0.0,0.0,0.0,1,백반·죽·국수,본그룹
ba_14690565,2025-05,0.0,0.0,0.0,0.0,0.0,0.0,0.0,0,백반·죽·국수,본그룹
ba_14690565,2025-06,0.0,0.0,0.0,0.0,0.0,0.0,0.0,1,백반·죽·국수,본그룹
ba_14690587,2025-05,0.0,0.0,0.0,0.0,0.0,0.0,0.0,1,백반·죽·국수,본그룹
ba_14690587,2025-06,1.0,137.0,29.5,0.0,0.0,0.14285714285714285,0.0,1,백반·죽·국수,본그룹
ba_14690630,2025-06,1.0,198.6,40.2,0.0,0.0,0.3142857142857143,0.03333333333333333,1,백반·죽·국수,본그룹
ba_14690660,2025-06,0.75,80.5,17.625,0.25,0.25,0.25,0.08333333333333333,1,백반·죽·국수,본그룹
ba_14690660,2025-05,1.0,108.83333333333333,23.166666666666668,0.16666666666666666,0.16666666666666666,0.38095238095238093,0.1111111111111111,0,백반·죽·국수,본그룹
ba_14690665,2025-05,1.0,256.0,59.4,0.0,0.0,0.2571428571428571,0.06666666666666667,0,백반·죽·국수,본그룹
ba_14690665,2025-06,1.0,348.4,79.6,0.0,0.0,0.5428571428571428,0.16666666666666666,1,백반·죽·국수,본그룹
ba_14690665,2025-07,1.0,275.8,61.2,0.0,0.0,0.45714285714285713,0.26666666666666666,1,백반·죽·국수,본그룹
ba_14690672,2025-05,0.0,0.0,0.0,0.0,0.0,0.0,0.0,0,백반·죽·국수,본그룹
ba_14690672,2025-07,0.0,0.0,0.0,0.0,0.0,0.0,0.0,0,백반·죽·국수,본그룹
ba_14690672,2025-06,1.0,169.0,35.0,0.5,0.5,0.5714285714285714,0.25,0,백반·죽·국수,본그룹
ba_14690673,2025-05,0.0,0.0,0.0,0.0,0.0,0.0,0.0,0,백반·죽·국수,본그룹
ba_14690673,2025-06,1.0,126.33333333333333,23.666666666666668,0.0,0.0,0.09523809523809523,0.05555555555555555,1,백반·죽·국수,본그룹
ba_14690674,2025-05,1.0,82.11111111111111,15.333333333333334,0.0,0.0,0.19047619047619047,0.037037037037037035,0,백반·죽·국수,본그룹
ba_14690674,2025-06,1.0,100.0,17.0,0.0,0.0,0.14285714285714285,0.0,1,백반·죽·국수,본그룹
ba_14690674,2025-07,1.0,169.14285714285714,37.285714285714285,0.0,0.0,0.2040816326530612,0.14285714285714285,1,백반·죽·국수,본그룹
ba_14690677,2025-05,0.0,0.0,0.0,0.0,0.0,0.0,0.0,1,백반·죽·국수,본그룹
ba_14690677,2025-06,0.3,44.6,9.6,0.0,0.0,0.11428571428571428,0.05,1,백반·죽·국수,본그룹
ba_14690680,2025-05,1.0,264.0,57.0,0.0,0.0,0.42857142857142855,0.16666666666666666,1,백반·죽·국수,본그룹
ba_14690680,2025-06,1.0,257.3333333333333,53.333333333333336,0.3333333333333333,0.3333333333333333,0.5238095238095238,0.2222222222222222,1,백반·죽·국수,본그룹
ba_14690689,2025-05,1.0,95.0,17.5,0.0,0.0,0.5714285714285714,0.16666666666666666,0,백반·죽·국수,본그룹
ba_14690689,2025-06,1.0,141.66666666666666,28.666666666666668,0.0,0.0,0.4761904761904761,0.1111111111111111,1,백반·죽·국수,본그룹
ba_14690689,2025-07,1.0,165.0,35.0,0.0,0.0,0.5238095238095238,0.1111111111111111,1,백반·죽·국수,본그룹
ba_14690695,2025-05,0.16666666666666666,26.666666666666668,5.0,0.0,0.0,0.023809523809523808,0.0,1,백반·죽·국수,본그룹
ba_14690695,2025-06,0.0,0.0,0.0,0.0,0.0,0.0,0.0,1,백반·죽·국수,본그룹
ba_14690704,2025-05,0.0,0.0,0.0,0.0,0.0,0.0,0.0,0,백반·죽·국수,본그룹
ba_14690704,2025-06,1.0,122.0,24.0,0.0,0.0,0.0,0.0,1,백반·죽·국수,본그룹
ba_14690709,2025-05,0.0,0.0,0.0,0.0,0.0,0.0,0.0,0,백반·죽·국수,본그룹
ba_14690709,2025-06,1.0,155.0,31.0,0.0,0.0,0.5714285714285714,0.0,1,백반·죽·국수,본그룹
ba_14690709,2025-07,1.0,220.5,48.0,0.5,0.5,0.5714285714285714,0.3333333333333333,0,백반·죽·국수,본그룹
ba_14690712,2025-05,1.0,123.5,25.5,0.0,0.0,0.6428571428571428,0.08333333333333333,0,백반·죽·국수,본그룹
ba_14690712,2025-06,1.0,124.33333333333333,25.333333333333332,0.0,0.0,0.4761904761904761,0.0,1,백반·죽·국수,본그룹
ba_14690718,2025-04,1.0,153.0,34.0,0.5,0.5,0.2857142857142857,0.25,0,백반·죽·국수,본그룹
ba_14690718,2025-05,1.0,75.66666666666667,16.0,0.0,0.0,0.23809523809523805,0.1111111111111111,0,백반·죽·국수,본그룹
ba_14690718,2025-06,1.0,90.0,20.0,0.0,0.0,0.2857142857142857,0.16666666666666666,1,백반·죽·국수,본그룹
ba_14690722,2025-06,1.0,118.66666666666667,22.333333333333332,0.0,0.0,0.3333333333333333,0.1111111111111111,1,백반·죽·국수,본그룹
ba_14690722,2025-07,1.0,144.0,29.0,0.0,0.0,0.5714285714285714,0.0,1,백반·죽·국수,본그룹
ba_14690723,2025-05,0.0,0.0,0.0,0.0,0.0,0.0,0.0,1,백반·죽·국수,본그룹
ba_14690723,2025-06,0.0,0.0,0.0,0.0,0.0,0.0,0.0,1,백반·죽·국수,본그룹
ba_14690724,2025-05,0.0,0.0,0.0,0.0,0.0,0.0,0.0,0,백반·죽·국수,본그룹
ba_14690725,2025-05,0.0,0.0,0.0,0.0,0.0,0.0,0.0,0,백반·죽·국수,본그룹
ba_14690725,2025-06,0.125,27.875,6.0,0.125,0.125,0.03571428571428571,0.020833333333333332,1,백반·죽·국수,본그룹
ba_14690752,2025-05,0.0,0.0,0.0,0.0,0.0,0.0,0.0,0,백반·죽·국수,본그룹
ba_14690752,2025-06,0.2857142857142857,38.857142857142854,8.285714285714286,0.0,0.0,0.12244897959183673,0.047619047619047616,1,백반·죽·국수,본그룹
ba_14690752,2025-07,0.75,176.125,39.75,0.0,0.0,0.25,0.125,1,백반·죽·국수,본그룹
ba_14690763,2025-05,1.0,357.5,77.0,0.16666666666666666,0.16666666666666666,0.42857142857142855,0.27777777777777773,0,백반·죽·국수,본그룹
ba_14690763,2025-06,1.0,416.0,90.0,0.0,0.0,0.2857142857142857,0.16666666666666666,0,백반·죽·국수,본그룹
ba_14690763,2025-07,1.0,185.0,41.0,0.0,0.0,0.5714285714285714,0.3333333333333333,0,백반·죽·국수,본그룹
ba_14690774,2025-05,0.0,0.0,0.0,0.0,0.0,0.0,0.0,0,백반·죽·국수,본그룹
ba_14690774,2025-06,0.0,0.0,0.0,0.0,0.0,0.0,0.0,1,백반·죽·국수,본그룹
ba_14690786,2025-05,0.0,0.0,0.0,0.0,0.0,0.0,0.0,0,백반·죽·국수,본그룹
ba_14690786,2025-06,0.3333333333333333,71.0,16.333333333333332,0.3333333333333333,0.3333333333333333,0.14285714285714285,0.1111111111111111,0,백반·죽·국수,본그룹
ba_14690806,2025-05,0.0,0.0,0.0,0.0,0.0,0.0,0.0,0,백반·죽·국수,본그룹
ba_14690806,2025-06,0.0,0.0,0.0,0.0,0.0,0.0,0.0,1,백반·죽·국수,본그룹
ba_14690836,2025-05,0.0,0.0,0.0,0.0,0.0,0.0,0.0,0,백반·죽·국수,본그룹
ba_14690909,2025-05,1.0,31.75,5.75,0.0,0.0,0.14285714285714285,0.0,0,백반·죽·국수,본그룹
ba_14690909,2025-06,1.0,27.0,5.0,0.0,0.0,0.14285714285714285,0.0,0,백반·죽·국수,본그룹
ba_14690909,2025-07,1.0,49.8,10.0,0.0,0.0,0.17142857142857143,0.06666666666666667,0,백반·죽·국수,본그룹
ba_14690983,2025-05,0.25,43.5,9.5,0.0,0.0,0.03571428571428571,0.0,1,백반·죽·국수,본그룹
ba_14690983,2025-06,0.7142857142857143,284.42857142857144,64.85714285714286,0.7142857142857143,0.7142857142857143,0.6122448979591837,0.23809523809523808,1,백반·죽·국수,본그룹
ba_14690992,2025-05,0.0,0.0,0.0,0.0,0.0,0.0,0.0,0,백반·죽·국수,본그룹
ba_14690992,2025-06,0.0,0.0,0.0,0.0,0.0,0.0,0.0,1,백반·죽·국수,본그룹
ba_14691005,2025-05,0.0,0.0,0.0,0.0,0.0,0.0,0.0,0,백반·죽·국수,본그룹
ba_14691005,2025-06,0.0,0.0,0.0,0.0,0.0,0.0,0.0,1,백반·죽·국수,본그룹
ba_14691030,2025-05,0.0,0.0,0.0,0.0,0.0,0.0,0.0,0,백반·죽·국수,본그룹
ba_14691030,2025-06,0.0,0.0,0.0,0.0,0.0,0.0,0.0,1,백반·죽·국수,본그룹
ba_14691036,2025-05,1.0,579.0,133.0,0.0,0.0,0.7857142857142857,0.16666666666666666,0,백반·죽·국수,본그룹
ba_14691036,2025-06,1.0,386.0,86.75,0.0,0.0,0.6428571428571428,0.16666666666666666,1,백반·죽·국수,본그룹
ba_14691037,2025-05,0.0,0.0,0.0,0.0,0.0,0.0,0.0,0,백반·죽·국수,본그룹
ba_14691037,2025-06,1.0,180.5,39.5,0.5,0.5,0.5714285714285714,0.08333333333333333,1,백반·죽·국수,본그룹
ba_14691042,2025-05,1.0,191.75,41.75,0.0,0.0,0.42857142857142855,0.16666666666666666,1,백반·죽·국수,본그룹
ba_14691042,2025-06,1.0,213.5,46.5,0.0,0.0,0.38095238095238093,0.1111111111111111,1,백반·죽·국수,본그룹
ba_14691044,2025-05,0.0,0.0,0.0,0.0,0.0,0.0,0.0,0,백반·죽·국수,본그룹
ba_14691059,2025-05,0.0,0.0,0.0,0.0,0.0,0.0,0.0,1,백반·죽·국수,본그룹
ba_14691059,2025-06,0.0,0.0,0.0,0.0,0.0,0.0,0.0,1,백반·죽·국수,본그룹
ba_14691062,2025-05,0.8888888888888888,81.88888888888889,14.11111111111111,0.0,0.0,0.14285714285714285,0.037037037037037035,0,백반·죽·국수,본그룹
ba_14691062,2025-06,0.0,0.0,0.0,0.0,0.0,0.0,0.0,1,백반·죽·국수,본그룹
ba_14691072,2025-05,0.0,0.0,0.0,0.0,0.0,0.0,0.0,0,백반·죽·국수,본그룹
ba_14691072,2025-06,0.6666666666666666,62.333333333333336,13.666666666666666,0.3333333333333333,0.3333333333333333,0.38095238095238093,0.1111111111111111,1,백반·죽·국수,본그룹
ba_14691072,2025-07,1.0,228.5,50.5,0.25,0.25,0.5,0.29166666666666663,1,백반·죽·국수,본그룹
ba_14691077,2025-05,1.0,165.8,33.2,0.0,0.0,0.22857142857142856,0.13333333333333333,1,백반·죽·국수,본그룹
ba_14691077,2025-06,1.0,188.0,39.0,0.0,0.0,0.21428571428571427,0.08333333333333333,1,백반·죽·국수,본그룹
ba_14691078,2025-07,0.75,8.75,1.5,0.0,0.0,0.0,0.0,0,백반·죽·국수,본그룹
ba_14691078,2025-05,1.0,29.666666666666668,5.666666666666667,0.0,0.0,0.0,0.0,0,백반·죽·국수,본그룹
ba_14691078,2025-06,1.0,12.5,2.0,0.0,0.0,0.0,0.0,0,백반·죽·국수,본그룹
ba_14691080,2025-05,0.0,0.0,0.0,0.0,0.0,0.0,0.0,1,백반·죽·국수,본그룹
ba_14691080,2025-06,0.0,0.0,0.0,0.0,0.0,0.0,0.0,1,백반·죽·국수,본그룹
ba_14691084,2025-05,0.0,0.0,0.0,0.0,0.0,0.0,0.0,0,백반·죽·국수,본그룹
ba_14691084,2025-06,0.1,12.0,2.6,0.0,0.0,0.02142857142857143,0.008333333333333333,1,백반·죽·국수,본그룹
ba_14691088,2025-04,0.0,0.0,0.0,0.0,0.0,0.0,0.0,0,백반·죽·국수,본그룹
ba_14691088,2025-05,0.0,0.0,0.0,0.0,0.0,0.0,0.0,0,백반·죽·국수,본그룹
ba_14691088,2025-06,0.0,0.0,0.0,0.0,0.0,0.0,0.0,1,백반·죽·국수,본그룹
ba_14691089,2025-05,0.0,0.0,0.0,0.0,0.0,0.0,0.0,0,백반·죽·국수,본그룹
ba_14691089,2025-06,1.0,181.33333333333334,37.666666666666664,0.3333333333333333,0.3333333333333333,0.5714285714285714,0.27777777777777773,1,백반·죽·국수,본그룹
ba_14691089,2025-07,1.0,221.0,48.75,0.0,0.0,0.5,0.29166666666666663,1,백반·죽·국수,본그룹
ba_14691093,2025-05,0.0,0.0,0.0,0.0,0.0,0.0,0.0,1,백반·죽·국수,본그룹
ba_14691093,2025-06,0.0,0.0,0.0,0.0,0.0,0.0,0.0,1,백반·죽·국수,본그룹
ba_14691093,2025-07,1.0,204.33333333333334,44.333333333333336,0.0,0.0,0.5238095238095238,0.19444444444444442,1,백반·죽·국수,본그룹
ba_14691101,2025-05,0.0,0.0,0.0,0.0,0.0,0.0,0.0,0,백반·죽·국수,본그룹
ba_14691101,2025-06,0.0,0.0,0.0,0.0,0.0,0.0,0.0,1,백반·죽·국수,본그룹
ba_14691105,2025-05,0.0,0.0,0.0,0.0,0.0,0.0,0.0,0,백반·죽·국수,본그룹
ba_14691106,2025-05,1.0,57.375,11.0,0.0,0.0,0.17857142857142855,0.020833333333333332,0,백반·죽·국수,본그룹
ba_14691106,2025-06,1.0,38.0,8.0,0.0,0.0,0.2857142857142857,0.0,1,백반·죽·국수,본그룹
ba_14691112,2025-05,1.0,124.0,27.75,0.0,0.0,0.46428571428571425,0.125,1,백반·죽·국수,본그룹
ba_14691112,2025-06,1.0,123.0,26.0,0.0,0.0,0.14285714285714285,0.05555555555555555,1,백반·죽·국수,본그룹
ba_14691116,2025-05,1.0,225.4,43.2,0.0,0.0,0.17142857142857143,0.0,0,백반·죽·국수,본그룹
ba_14691120,2025-06,1.0,140.0,23.75,0.25,0.25,0.17857142857142855,0.041666666666666664,1,백반·죽·국수,본그룹
ba_14691130,2025-05,0.0,0.0,0.0,0.0,0.0,0.0,0.0,1,백반·죽·국수,본그룹
ba_14691130,2025-06,0.3333333333333333,42.333333333333336,9.666666666666666,0.0,0.0,0.09523809523809523,0.0,1,백반·죽·국수,본그룹
ba_14691130,2025-07,1.0,207.4,46.4,0.2,0.2,0.4714285714285714,0.25,1,백반·죽·국수,본그룹
ba_14691145,2025-05,0.0,0.0,0.0,0.0,0.0,0.0,0.0,1,백반·죽·국수,본그룹
ba_14691146,2025-06,0.0,0.0,0.0,0.0,0.0,0.0,0.0,1,백반·죽·국수,본그룹
ba_14691146,2025-05,1.0,74.0,14.0,0.0,0.0,0.14285714285714285,0.16666666666666666,0,백반·죽·국수,본그룹
ba_14691147,2025-05,1.0,36.0,5.5,0.0,0.0,0.14285714285714285,0.08333333333333333,0,백반·죽·국수,본그룹
ba_14691147,2025-06,1.0,30.0,5.0,0.0,0.0,0.14285714285714285,0.16666666666666666,0,백반·죽·국수,본그룹
ba_14691147,2025-07,1.0,38.0,6.0,0.0,0.0,0.14285714285714285,0.0,1,백반·죽·국수,본그룹
ba_14691150,2025-05,1.0,252.4,55.1,0.0,0.0,0.5571428571428572,0.3333333333333333,0,백반·죽·국수,본그룹
ba_14691150,2025-06,1.0,290.57142857142856,65.0,0.0,0.0,0.4693877551020408,0.2619047619047619,1,백반·죽·국수,본그룹
ba_14691155,2025-05,1.0,185.30434782608697,35.82608695652174,0.0,0.0,0.32919254658385094,0.05797101449275362,0,백반·죽·국수,본그룹
ba_14691155,2025-06,1.0,201.0952380952381,40.23809523809524,0.0,0.0,0.4217687074829931,0.15079365079365079,1,백반·죽·국수,본그룹
ba_14691171,2025-05,1.0,93.625,18.25,0.0,0.0,0.07142857142857142,0.0,0,백반·죽·국수,본그룹
ba_14691171,2025-06,1.0,121.86666666666666,25.333333333333332,0.2,0.2,0.09523809523809522,0.02222222222222222,0,백반·죽·국수,본그룹
ba_14691172,2025-05,1.0,43.0,8.5,0.0,0.0,0.07142857142857142,0.0,0,백반·죽·국수,본그룹
ba_14691172,2025-06,1.0,91.2,18.8,0.0,0.0,0.02857142857142857,0.0,1,백반·죽·국수,본그룹
ba_14691172,2025-07,1.0,87.0,18.5,0.0,0.0,0.07142857142857142,0.0,1,백반·죽·국수,본그룹
ba_14691173,2025-05,0.0,0.0,0.0,0.0,0.0,0.0,0.0,1,백반·죽·국수,본그룹
ba_14691178,2025-05,0.0,0.0,0.0,0.0,0.0,0.0,0.0,0,백반·죽·국수,본그룹
ba_14691178,2025-06,0.125,22.625,4.125,0.0,0.0,0.05357142857142857,0.020833333333333332,0,백반·죽·국수,본그룹
ba_14691179,2025-05,0.0,0.0,0.0,0.0,0.0,0.0,0.0,1,백반·죽·국수,본그룹
ba_14691179,2025-06,0.8571428571428571,142.28571428571428,29.571428571428573,0.0,0.0,0.42857142857142855,0.16666666666666666,1,백반·죽·국수,본그룹
ba_14691187,2025-05,0.5,167.0,30.5,0.0,0.0,0.2857142857142857,0.08333333333333333,1,백반·죽·국수,본그룹
ba_14691187,2025-06,1.0,277.0,64.0,0.0,0.0,0.7142857142857143,0.3333333333333333,1,백반·죽·국수,본그룹
ba_14691187,2025-07,1.0,212.125,47.0,0.0,0.0,0.46428571428571425,0.22916666666666666,1,백반·죽·국수,본그룹
ba_14691194,2025-05,1.0,88.0,18.5,0.0,0.0,0.14285714285714285,0.0,1,백반·죽·국수,본그룹
ba_14691194,2025-06,1.0,126.0,26.666666666666668,0.0,0.0,0.3333333333333333,0.08333333333333333,1,백반·죽·국수,본그룹
ba_14691194,2025-07,1.0,198.5,43.5,0.0,0.0,0.2857142857142857,0.16666666666666666,1,백반·죽·국수,본그룹
ba_14691209,2025-05,1.0,167.9,34.2,0.0,0.0,0.15714285714285714,0.08333333333333333,1,백반·죽·국수,본그룹
ba_14691209,2025-06,1.0,143.33333333333334,29.333333333333332,0.0,0.0,0.047619047619047616,0.0,1,백반·죽·국수,본그룹
ba_14691228,2025-05,0.0,0.0,0.0,0.0,0.0,0.0,0.0,0,백반·죽·국수,본그룹
ba_14691228,2025-07,0.0,0.0,0.0,0.0,0.0,0.0,0.0,1,백반·죽·국수,본그룹
ba_14691234,2025-05,0.0,0.0,0.0,0.0,0.0,0.0,0.0,0,백반·죽·국수,본그룹
ba_14691234,2025-06,1.0,232.0,52.0,0.0,0.0,0.42857142857142855,0.0,1,백반·죽·국수,본그룹
ba_14691235,2025-05,1.0,190.0,39.333333333333336,0.3333333333333333,0.3333333333333333,0.38095238095238093,0.16666666666666666,0,백반·죽·국수,본그룹
ba_14691235,2025-06,1.0,171.28571428571428,35.0,0.2857142857142857,0.2857142857142857,0.36734693877551017,0.23809523809523808,1,백반·죽·국수,본그룹
ba_14691235,2025-07,1.0,147.625,33.125,0.125,0.125,0.21428571428571427,0.16666666666666666,1,백반·죽·국수,본그룹
ba_14691237,2025-06,0.6666666666666666,162.0,35.0,0.0,0.0,0.3333333333333333,0.1111111111111111,0,백반·죽·국수,본그룹
ba_14691237,2025-05,1.0,168.0,37.5,0.5,0.5,0.3571428571428571,0.08333333333333333,0,백반·죽·국수,본그룹
ba_14691237,2025-07,1.0,178.0,37.0,0.0,0.0,0.2857142857142857,0.16666666666666666,0,백반·죽·국수,본그룹
ba_14691245,2025-05,1.0,103.66666666666667,23.333333333333332,0.0,0.0,0.047619047619047616,0.05555555555555555,1,백반·죽·국수,본그룹
ba_14691245,2025-06,1.0,119.33333333333333,26.666666666666668,0.0,0.0,0.3333333333333333,0.2222222222222222,1,백반·죽·국수,본그룹
ba_14691269,2025-05,1.0,100.33333333333333,18.666666666666668,0.16666666666666666,0.16666666666666666,0.5,0.27777777777777773,0,백반·죽·국수,본그룹
ba_14691269,2025-06,1.0,83.0,15.0,0.0,0.0,0.5714285714285714,0.3333333333333333,1,백반·죽·국수,본그룹
ba_14691270,2025-05,0.5,64.1,11.0,0.0,0.0,0.12857142857142856,0.08333333333333333,1,백반·죽·국수,본그룹
ba_14691270,2025-06,1.0,113.83333333333333,19.916666666666668,0.08333333333333333,0.08333333333333333,0.25,0.16666666666666666,1,백반·죽·국수,본그룹
ba_14691272,2025-05,0.0,0.0,0.0,0.0,0.0,0.0,0.0,0,백반·죽·국수,본그룹
ba_14691272,2025-06,0.0,0.0,0.0,0.0,0.0,0.0,0.0,0,백반·죽·국수,본그룹
ba_14691273,2025-06,0.6,144.4,28.8,0.4,0.4,0.3142857142857143,0.1,1,백반·죽·국수,본그룹
ba_14691273,2025-05,1.0,137.8,26.4,1.0,1.0,0.6,0.2,0,백반·죽·국수,본그룹
ba_14691277,2025-05,0.0,0.0,0.0,0.0,0.0,0.0,0.0,1,백반·죽·국수,본그룹
ba_14691277,2025-06,0.0,0.0,0.0,0.0,0.0,0.0,0.0,1,백반·죽·국수,본그룹
ba_14691292,2025-05,1.0,308.0,66.5,0.0,0.0,0.8571428571428571,0.3333333333333333,1,백반·죽·국수,본그룹
ba_14691292,2025-06,1.0,249.22222222222223,51.44444444444444,0.0,0.0,0.6031746031746031,0.2037037037037037,1,백반·죽·국수,본그룹
ba_14691295,2025-05,1.0,108.73170731707317,22.75609756097561,0.024390243902439025,0.024390243902439025,0.42857142857142855,0.17479674796747965,1,백반·죽·국수,본그룹
ba_14691295,2025-06,1.0,109.81132075471699,22.943396226415093,0.05660377358490566,0.05660377358490566,0.44743935309973043,0.16666666666666666,1,백반·죽·국수,본그룹
ba_14691296,2025-05,0.0,0.0,0.0,0.0,0.0,0.0,0.0,0,백반·죽·국수,본그룹
ba_14691296,2025-06,0.0,0.0,0.0,0.0,0.0,0.0,0.0,1,백반·죽·국수,본그룹
ba_14691298,2025-06,1.0,150.375,30.75,0.375,0.375,0.3214285714285714,0.10416666666666666,1,백반·죽·국수,본그룹
ba_14691330,2025-06,0.0,0.0,0.0,0.0,0.0,0.0,0.0,1,백반·죽·국수,본그룹
ba_14691344,2025-05,0.0,0.0,0.0,0.0,0.0,0.0,0.0,0,백반·죽·국수,본그룹
ba_14691344,2025-06,0.3333333333333333,59.44444444444444,12.444444444444445,0.1111111111111111,0.1111111111111111,0.20634920634920637,0.07407407407407407,1,백반·죽·국수,본그룹
ba_14691344,2025-07,1.0,218.0,47.642857142857146,0.07142857142857142,0.07142857142857142,0.5102040816326531,0.23809523809523808,1,백반·죽·국수,본그룹
ba_14691361,2025-05,0.0,0.0,0.0,0.0,0.0,0.0,0.0,0,백반·죽·국수,본그룹
ba_14691361,2025-06,1.0,164.85714285714286,35.57142857142857,0.2857142857142857,0.2857142857142857,0.42857142857142855,0.19047619047619047,1,백반·죽·국수,본그룹
ba_14691372,2025-05,0.0,0.0,0.0,0.0,0.0,0.0,0.0,1,백반·죽·국수,본그룹
ba_14691372,2025-06,1.0,36.0,6.0,0.0,0.0,0.2857142857142857,0.16666666666666666,1,백반·죽·국수,본그룹
ba_14691375,2025-05,1.0,267.46666666666664,58.36666666666667,0.06666666666666667,0.06666666666666667,0.3476190476190476,0.15,0,백반·죽·국수,본그룹
ba_14691375,2025-06,1.0,302.55555555555554,66.27777777777777,0.0,0.0,0.42063492063492064,0.14814814814814814,1,백반·죽·국수,본그룹
ba_14691751,2025-05,1.0,163.14285714285714,31.571428571428573,0.0,0.0,0.1020408163265306,0.047619047619047616,0,백반·죽·국수,본그룹
ba_14691751,2025-06,1.0,158.83333333333334,27.333333333333332,0.0,0.0,0.14285714285714285,0.027777777777777776,0,백반·죽·국수,본그룹
ba_14691791,2025-05,0.0,0.0,0.0,0.0,0.0,0.0,0.0,0,백반·죽·국수,본그룹
ba_14691791,2025-06,0.0,0.0,0.0,0.0,0.0,0.0,0.0,1,백반·죽·국수,본그룹
ba_14691797,2025-05,1.0,180.5,35.5,0.0,0.0,0.2857142857142857,0.08333333333333333,0,백반·죽·국수,본그룹
ba_14691798,2025-05,0.0,0.0,0.0,0.0,0.0,0.0,0.0,0,백반·죽·국수,본그룹
ba_14691798,2025-06,0.5,58.0,14.0,0.0,0.0,0.21428571428571427,0.08333333333333333,0,백반·죽·국수,본그룹
ba_14691801,2025-05,1.0,179.5,39.25,0.0,0.0,0.03571428571428571,0.041666666666666664,0,백반·죽·국수,본그룹
ba_14691801,2025-06,1.0,193.66666666666666,40.333333333333336,0.0,0.0,0.09523809523809523,0.0,1,백반·죽·국수,본그룹
ba_14691803,2025-05,1.0,151.75,26.5,0.0,0.0,0.03571428571428571,0.041666666666666664,1,백반·죽·국수,본그룹
ba_14691803,2025-06,1.0,148.83333333333334,26.833333333333332,0.0,0.0,0.023809523809523808,0.0,0,백반·죽·국수,본그룹
ba_14691813,2025-05,0.0,0.0,0.0,0.0,0.0,0.0,0.0,0,백반·죽·국수,본그룹
ba_14691813,2025-06,0.0,0.0,0.0,0.0,0.0,0.0,0.0,1,백반·죽·국수,본그룹
ba_14691813,2025-07,0.0,0.0,0.0,0.0,0.0,0.0,0.0,1,백반·죽·국수,본그룹
ba_14691815,2025-05,0.0,0.0,0.0,0.0,0.0,0.0,0.0,0,백반·죽·국수,본그룹
ba_14691815,2025-06,0.0,0.0,0.0,0.0,0.0,0.0,0.0,0,백반·죽·국수,본그룹
ba_14691817,2025-05,0.0,0.0,0.0,0.0,0.0,0.0,0.0,0,백반·죽·국수,본그룹
ba_14691817,2025-06,0.0,0.0,0.0,0.0,0.0,0.0,0.0,0,백반·죽·국수,본그룹
ba_14691817,2025-07,0.0,0.0,0.0,0.0,0.0,0.0,0.0,0,백반·죽·국수,본그룹
ba_14691829,2025-05,0.16666666666666666,32.333333333333336,6.166666666666667,0.0,0.0,0.0,0.0,0,백반·죽·국수,본그룹
ba_14691829,2025-06,0.0,0.0,0.0,0.0,0.0,0.0,0.0,1,백반·죽·국수,본그룹
ba_14691829,2025-07,0.6666666666666666,143.66666666666666,31.666666666666668,0.3333333333333333,0.3333333333333333,0.3095238095238095,0.16666666666666666,1,백반·죽·국수,본그룹
ba_14691834,2025-05,0.0,0.0,0.0,0.0,0.0,0.0,0.0,0,백반·죽·국수,본그룹
ba_14691834,2025-06,0.0,0.0,0.0,0.0,0.0,0.0,0.0,0,백반·죽·국수,본그룹
ba_14691857,2025-05,0.0,0.0,0.0,0.0,0.0,0.0,0.0,1,백반·죽·국수,본그룹
ba_14691857,2025-06,0.0,0.0,0.0,0.0,0.0,0.0,0.0,1,백반·죽·국수,본그룹
ba_14691859,2025-05,0.0,0.0,0.0,0.0,0.0,0.0,0.0,0,백반·죽·국수,본그룹
ba_14691859,2025-07,1.0,152.0,33.5,0.0,0.0,0.0,0.0,1,백반·죽·국수,본그룹
ba_14691860,2025-05,0.0,0.0,0.0,0.0,0.0,0.0,0.0,0,백반·죽·국수,본그룹
ba_14691860,2025-06,0.0,0.0,0.0,0.0,0.0,0.0,0.0,1,백반·죽·국수,본그룹
ba_14691861,2025-04,0.0,0.0,0.0,0.0,0.0,0.0,0.0,0,백반·죽·국수,본그룹
ba_14691861,2025-05,0.0,0.0,0.0,0.0,0.0,0.0,0.0,0,백반·죽·국수,본그룹
ba_14691864,2025-05,0.0,0.0,0.0,0.0,0.0,0.0,0.0,0,백반·죽·국수,본그룹
ba_14691864,2025-06,0.0,0.0,0.0,0.0,0.0,0.0,0.0,0,백반·죽·국수,본그룹
ba_14691884,2025-05,0.0,0.0,0.0,0.0,0.0,0.0,0.0,0,백반·죽·국수,본그룹
ba_14691884,2025-06,0.0,0.0,0.0,0.0,0.0,0.0,0.0,1,백반·죽·국수,본그룹
ba_14691884,2025-07,0.0,0.0,0.0,0.0,0.0,0.0,0.0,1,백반·죽·국수,본그룹
ba_14691891,2025-05,0.0,0.0,0.0,0.0,0.0,0.0,0.0,0,백반·죽·국수,본그룹
ba_14691891,2025-06,0.0,0.0,0.0,0.0,0.0,0.0,0.0,0,백반·죽·국수,본그룹
ba_14691894,2025-05,1.0,222.25,45.75,0.75,0.75,0.5,0.3333333333333333,1,백반·죽·국수,본그룹
ba_14691894,2025-06,1.0,225.8,47.6,0.4,0.4,0.5428571428571429,0.3,1,백반·죽·국수,본그룹
ba_14691901,2025-05,0.0,0.0,0.0,0.0,0.0,0.0,0.0,1,백반·죽·국수,본그룹
ba_14691901,2025-06,0.0,0.0,0.0,0.0,0.0,0.0,0.0,1,백반·죽·국수,본그룹
ba_14691904,2025-05,0.0,0.0,0.0,0.0,0.0,0.0,0.0,0,백반·죽·국수,본그룹
ba_14691904,2025-07,0.3333333333333333,11.666666666666666,2.0,0.0,0.0,0.0,0.0,0,백반·죽·국수,본그룹
ba_14691904,2025-06,1.0,51.5,9.5,0.0,0.0,0.0,0.0,0,백반·죽·국수,본그룹
ba_14691908,2025-05,0.0,0.0,0.0,0.0,0.0,0.0,0.0,1,백반·죽·국수,본그룹
ba_14691908,2025-06,0.2857142857142857,88.57142857142857,19.571428571428573,0.0,0.0,0.0,0.0,1,백반·죽·국수,본그룹
ba_14691908,2025-07,1.0,218.11111111111111,47.22222222222222,0.16666666666666666,0.16666666666666666,0.5238095238095238,0.24074074074074073,0,백반·죽·국수,본그룹
ba_14691909,2025-05,0.0,0.0,0.0,0.0,0.0,0.0,0.0,1,백반·죽·국수,본그룹
ba_14691909,2025-06,1.0,190.0,39.0,0.0,0.0,0.0,0.0,1,백반·죽·국수,본그룹
ba_14691909,2025-07,1.0,74.0,16.0,0.0,0.0,0.5714285714285714,0.16666666666666666,1,백반·죽·국수,본그룹
ba_14691918,2025-05,1.0,256.0,55.0,1.0,1.0,0.5714285714285714,0.16666666666666666,1,백반·죽·국수,본그룹
ba_14691943,2025-05,0.0,0.0,0.0,0.0,0.0,0.0,0.0,0,백반·죽·국수,본그룹
ba_14691943,2025-06,0.0,0.0,0.0,0.0,0.0,0.0,0.0,1,백반·죽·국수,본그룹
ba_14691949,2025-05,0.0,0.0,0.0,0.0,0.0,0.0,0.0,0,백반·죽·국수,본그룹
ba_14691949,2025-06,0.0,0.0,0.0,0.0,0.0,0.0,0.0,0,백반·죽·국수,본그룹
ba_14691953,2025-05,0.0,0.0,0.0,0.0,0.0,0.0,0.0,1,백반·죽·국수,본그룹
ba_14691953,2025-06,0.0,0.0,0.0,0.0,0.0,0.0,0.0,1,백반·죽·국수,본그룹
ba_14691953,2025-07,0.75,114.75,24.5,0.0,0.0,0.21428571428571427,0.125,1,백반·죽·국수,본그룹
ba_14691958,2025-05,1.0,121.16666666666667,23.166666666666668,0.0,0.0,0.21428571428571427,0.19444444444444442,0,백반·죽·국수,본그룹
ba_14691958,2025-06,1.0,137.16666666666666,27.0,0.16666666666666666,0.16666666666666666,0.2619047619047619,0.19444444444444442,1,백반·죽·국수,본그룹
ba_14691965,2025-05,0.0,0.0,0.0,0.0,0.0,0.0,0.0,1,백반·죽·국수,본그룹
ba_14691965,2025-06,0.5,86.0,18.75,0.0,0.0,0.3571428571428571,0.125,1,백반·죽·국수,본그룹
ba_14691969,2025-05,0.0,0.0,0.0,0.0,0.0,0.0,0.0,1,백반·죽·국수,본그룹
ba_14691969,2025-06,0.0,0.0,0.0,0.0,0.0,0.0,0.0,1,백반·죽·국수,본그룹
ba_14691974,2025-05,0.8333333333333334,44.166666666666664,8.5,0.0,0.0,0.19047619047619047,0.0,0,백반·죽·국수,본그룹
ba_14691974,2025-06,1.0,62.0,11.0,0.0,0.0,0.0,0.0,1,백반·죽·국수,본그룹
ba_14691974,2025-07,1.0,211.57142857142858,47.285714285714285,0.2857142857142857,0.2857142857142857,0.4693877551020408,0.2619047619047619,1,백반·죽·국수,본그룹
ba_14691975,2025-05,1.0,101.30434782608695,20.52173913043478,0.13043478260869565,0.13043478260869565,0.2546583850931677,0.06521739130434782,1,백반·죽·국수,본그룹
ba_14691975,2025-06,1.0,101.68,21.0,0.2,0.2,0.2457142857142857,0.08,1,백반·죽·국수,본그룹
ba_14691976,2025-05,0.6666666666666666,498.9583333333333,113.45833333333333,0.6666666666666666,0.6666666666666666,0.43452380952380953,0.2222222222222222,1,백반·죽·국수,본그룹
ba_14691976,2025-06,0.9230769230769231,534.6153846153846,119.53846153846153,0.9230769230769231,0.9230769230769231,0.6208791208791209,0.3333333333333333,1,백반·죽·국수,본그룹
ba_14691989,2025-05,0.2,8.4,1.4,0.0,0.0,0.0,0.0,1,백반·죽·국수,본그룹
ba_14691989,2025-06,0.0,0.0,0.0,0.0,0.0,0.0,0.0,1,백반·죽·국수,본그룹
ba_14691989,2025-07,1.0,199.7,45.6,0.0,0.0,0.4428571428571428,0.25,1,백반·죽·국수,본그룹
ba_14691996,2025-05,0.0,0.0,0.0,0.0,0.0,0.0,0.0,0,백반·죽·국수,본그룹
ba_14691996,2025-06,0.3333333333333333,27.0,5.333333333333333,0.0,0.0,0.19047619047619047,0.1111111111111111,1,백반·죽·국수,본그룹
ba_14691997,2025-05,1.0,179.44444444444446,36.666666666666664,0.0,0.0,0.5555555555555556,0.18518518518518517,0,백반·죽·국수,본그룹
ba_14691997,2025-06,1.0,201.0,41.90909090909091,0.0,0.0,0.5714285714285714,0.18181818181818182,0,백반·죽·국수,본그룹
ba_14691997,2025-07,1.0,223.21428571428572,44.642857142857146,0.0,0.0,0.5612244897959183,0.16666666666666666,0,백반·죽·국수,본그룹
ba_14691998,2025-05,1.0,165.8,26.2,0.0,0.0,0.11428571428571428,0.0,1,백반·죽·국수,본그룹
ba_14691998,2025-06,1.0,154.0,26.5,0.0,0.0,0.07142857142857142,0.0,1,백반·죽·국수,본그룹
ba_14691999,2025-06,0.5,54.5,9.0,0.0,0.0,0.0,0.0,1,백반·죽·국수,본그룹
ba_14691999,2025-07,0.5714285714285714,110.85714285714286,24.142857142857142,0.0,0.0,0.16326530612244897,0.07142857142857142,1,백반·죽·국수,본그룹
ba_14692012,2025-05,0.0,0.0,0.0,0.0,0.0,0.0,0.0,0,백반·죽·국수,본그룹
ba_14692012,2025-06,0.0,0.0,0.0,0.0,0.0,0.0,0.0,1,백반·죽·국수,본그룹
ba_14692022,2025-05,0.0,0.0,0.0,0.0,0.0,0.0,0.0,0,백반·죽·국수,본그룹
ba_14692022,2025-06,0.0,0.0,0.0,0.0,0.0,0.0,0.0,1,백반·죽·국수,본그룹
ba_14692022,2025-07,0.0,0.0,0.0,0.0,0.0,0.0,0.0,1,백반·죽·국수,본그룹
ba_14692035,2025-05,0.0,0.0,0.0,0.0,0.0,0.0,0.0,0,백반·죽·국수,본그룹
ba_14692035,2025-06,0.3333333333333333,31.333333333333332,6.0,0.0,0.0,0.0,0.0,0,백반·죽·국수,본그룹
ba_14692060,2025-05,0.0,0.0,0.0,0.0,0.0,0.0,0.0,1,백반·죽·국수,본그룹
ba_14692060,2025-06,0.5,103.75,22.25,0.25,0.25,0.25,0.16666666666666666,1,백반·죽·국수,본그룹
ba_14692060,2025-07,1.0,236.0,52.7,0.3,0.3,0.4428571428571429,0.26666666666666666,1,백반·죽·국수,본그룹
ba_14692077,2025-05,0.0,0.0,0.0,0.0,0.0,0.0,0.0,0,백반·죽·국수,본그룹
ba_14692077,2025-06,0.0,0.0,0.0,0.0,0.0,0.0,0.0,0,백반·죽·국수,본그룹
ba_14692092,2025-05,0.0,0.0,0.0,0.0,0.0,0.0,0.0,0,백반·죽·국수,본그룹
ba_14692116,2025-05,1.0,81.6,16.4,0.2,0.2,0.2571428571428571,0.03333333333333333,1,백반·죽·국수,본그룹
ba_14692116,2025-06,1.0,76.7,14.3,0.0,0.0,0.2571428571428571,0.0,1,백반·죽·국수,본그룹
ba_14692118,2025-05,0.0,0.0,0.0,0.0,0.0,0.0,0.0,1,백반·죽·국수,본그룹
ba_14692118,2025-06,0.0,0.0,0.0,0.0,0.0,0.0,0.0,1,백반·죽·국수,본그룹
ba_14692121,2025-05,1.0,93.0,18.0,0.0,0.0,0.19047619047619047,0.2222222222222222,0,백반·죽·국수,본그룹
ba_14692121,2025-06,1.0,107.0,21.666666666666668,0.0,0.0,0.23809523809523805,0.2222222222222222,1,백반·죽·국수,본그룹
ba_14692146,2025-05,0.0,0.0,0.0,0.0,0.0,0.0,0.0,0,백반·죽·국수,본그룹
ba_14692146,2025-06,0.0,0.0,0.0,0.0,0.0,0.0,0.0,0,백반·죽·국수,본그룹
ba_14692146,2025-07,0.0,0.0,0.0,0.0,0.0,0.0,0.0,0,백반·죽·국수,본그룹
ba_14692155,2025-05,1.0,193.0,41.0,1.0,1.0,0.2857142857142857,0.16666666666666666,1,백반·죽·국수,본그룹
ba_14692155,2025-06,1.0,180.2,38.4,1.0,1.0,0.22857142857142856,0.16666666666666666,1,백반·죽·국수,본그룹
ba_14692164,2025-05,0.0,0.0,0.0,0.0,0.0,0.0,0.0,0,백반·죽·국수,본그룹
ba_14692165,2025-05,0.0,0.0,0.0,0.0,0.0,0.0,0.0,1,백반·죽·국수,본그룹
ba_14692165,2025-06,0.5,45.0,8.0,0.0,0.0,0.21428571428571427,0.0,1,백반·죽·국수,본그룹
ba_14692168,2025-05,0.6875,162.0625,34.375,0.625,0.625,0.45535714285714285,0.20833333333333331,0,백반·죽·국수,본그룹
ba_14692168,2025-06,0.5625,119.5,25.5,0.4375,0.4375,0.25892857142857145,0.125,1,백반·죽·국수,본그룹
ba_14692178,2025-05,0.0,0.0,0.0,0.0,0.0,0.0,0.0,1,백반·죽·국수,본그룹
ba_14692185,2025-05,1.0,151.6,30.0,0.5,0.5,0.34285714285714286,0.1,1,백반·죽·국수,본그룹
ba_14692185,2025-06,1.0,175.14285714285714,36.714285714285715,0.14285714285714285,0.14285714285714285,0.5306122448979591,0.16666666666666666,0,백반·죽·국수,본그룹
ba_14692190,2025-05,1.0,235.75,53.083333333333336,0.0,0.0,0.3333333333333333,0.125,1,백반·죽·국수,본그룹
ba_14692190,2025-06,1.0,218.625,47.25,0.0625,0.0625,0.27678571428571425,0.13541666666666666,1,백반·죽·국수,본그룹
ba_14692194,2025-05,0.0,0.0,0.0,0.0,0.0,0.0,0.0,1,백반·죽·국수,본그룹
ba_14692194,2025-06,0.0,0.0,0.0,0.0,0.0,0.0,0.0,1,백반·죽·국수,본그룹
ba_14692201,2025-05,0.0,0.0,0.0,0.0,0.0,0.0,0.0,0,백반·죽·국수,본그룹
ba_14692201,2025-06,1.0,81.5,18.0,0.0,0.0,0.21428571428571427,0.0,1,백반·죽·국수,본그룹
ba_14692211,2025-05,1.0,168.5,34.875,0.0,0.0,0.30357142857142855,0.020833333333333332,0,백반·죽·국수,본그룹
ba_14692211,2025-06,1.0,135.36363636363637,26.90909090909091,0.09090909090909091,0.09090909090909091,0.3376623376623376,0.0303030303030303,1,백반·죽·국수,본그룹
ba_14692212,2025-05,0.0,0.0,0.0,0.0,0.0,0.0,0.0,0,백반·죽·국수,본그룹
ba_14692212,2025-06,1.0,212.0,45.0,0.0,0.0,0.14285714285714285,0.0,1,백반·죽·국수,본그룹
ba_14692216,2025-06,0.8888888888888888,152.88888888888889,31.88888888888889,0.2222222222222222,0.2222222222222222,0.492063492063492,0.16666666666666666,1,백반·죽·국수,본그룹
ba_14692232,2025-05,1.0,98.0,22.0,0.0,0.0,0.14285714285714285,0.0,1,백반·죽·국수,본그룹
ba_14692232,2025-06,1.0,132.0,27.0,0.0,0.0,0.2857142857142857,0.0,1,백반·죽·국수,본그룹
ba_14692242,2025-05,0.8571428571428571,112.28571428571429,23.857142857142858,0.14285714285714285,0.14285714285714285,0.14285714285714285,0.047619047619047616,1,백반·죽·국수,본그룹
ba_14692246,2025-05,1.0,138.0,29.0,0.0,0.0,0.42857142857142855,0.3333333333333333,0,백반·죽·국수,본그룹
ba_14692246,2025-06,1.0,161.33333333333334,34.333333333333336,0.0,0.0,0.45238095238095233,0.27777777777777773,1,백반·죽·국수,본그룹
ba_14692251,2025-05,0.1,21.5,4.9,0.1,0.1,0.04285714285714286,0.03333333333333333,1,백반·죽·국수,본그룹
ba_14692251,2025-06,0.5333333333333333,101.66666666666667,21.666666666666668,0.13333333333333333,0.13333333333333333,0.2857142857142857,0.08888888888888888,1,백반·죽·국수,본그룹
ba_14692258,2025-05,0.0,0.0,0.0,0.0,0.0,0.0,0.0,1,백반·죽·국수,본그룹
ba_14692258,2025-06,0.0,0.0,0.0,0.0,0.0,0.0,0.0,1,백반·죽·국수,본그룹
ba_14692258,2025-07,1.0,227.33333333333334,50.833333333333336,0.0,0.0,0.5,0.25,1,백반·죽·국수,본그룹
ba_14692275,2025-05,1.0,77.83333333333333,16.166666666666668,0.16666666666666666,0.16666666666666666,0.14285714285714285,0.05555555555555555,1,백반·죽·국수,본그룹
ba_14692275,2025-06,1.0,66.5,14.0,0.0,0.0,0.10714285714285714,0.0,1,백반·죽·국수,본그룹
ba_14692278,2025-05,0.0,0.0,0.0,0.0,0.0,0.0,0.0,0,백반·죽·국수,본그룹
ba_14692278,2025-07,0.0,0.0,0.0,0.0,0.0,0.0,0.0,1,백반·죽·국수,본그룹
ba_14692291,2025-05,0.0,0.0,0.0,0.0,0.0,0.0,0.0,0,백반·죽·국수,본그룹
ba_14692291,2025-06,0.0,0.0,0.0,0.0,0.0,0.0,0.0,0,백반·죽·국수,본그룹
ba_14692326,2025-05,0.25,51.75,11.5,0.25,0.25,0.10714285714285714,0.08333333333333333,1,백반·죽·국수,본그룹
ba_14692326,2025-06,0.0,0.0,0.0,0.0,0.0,0.0,0.0,1,백반·죽·국수,본그룹
ba_14692326,2025-07,1.0,235.0,51.916666666666664,0.08333333333333333,0.08333333333333333,0.5357142857142857,0.2638888888888889,1,백반·죽·국수,본그룹
ba_14692339,2025-05,1.0,158.0,33.5,0.0,0.0,0.7142857142857143,0.3333333333333333,0,백반·죽·국수,본그룹
ba_14692339,2025-06,1.0,140.5,30.0,0.0,0.0,0.7142857142857143,0.3333333333333333,1,백반·죽·국수,본그룹
ba_14692346,2025-05,0.25,19.25,3.5,0.0,0.0,0.017857142857142856,0.020833333333333332,0,백반·죽·국수,본그룹
ba_14692346,2025-06,0.0,0.0,0.0,0.0,0.0,0.0,0.0,0,백반·죽·국수,본그룹
ba_14692383,2025-05,0.0,0.0,0.0,0.0,0.0,0.0,0.0,0,백반·죽·국수,본그룹
ba_14692383,2025-06,0.0,0.0,0.0,0.0,0.0,0.0,0.0,0,백반·죽·국수,본그룹
ba_14692383,2025-07,0.0,0.0,0.0,0.0,0.0,0.0,0.0,0,백반·죽·국수,본그룹
ba_14692433,2025-05,0.0,0.0,0.0,0.0,0.0,0.0,0.0,0,백반·죽·국수,본그룹
ba_14692433,2025-06,0.6666666666666666,150.0,32.0,0.3333333333333333,0.3333333333333333,0.3333333333333333,0.2222222222222222,1,백반·죽·국수,본그룹
ba_14692433,2025-07,1.0,186.25,41.375,0.0,0.0,0.3571428571428571,0.25,1,백반·죽·국수,본그룹
ba_14692434,2025-04,1.0,80.0,18.0,0.0,0.0,0.42857142857142855,0.16666666666666666,0,백반·죽·국수,본그룹
ba_14692434,2025-05,1.0,77.0,17.25,0.0,0.0,0.3214285714285714,0.125,0,백반·죽·국수,본그룹
ba_14692434,2025-06,1.0,82.14285714285714,19.0,0.0,0.0,0.3469387755102041,0.023809523809523808,0,백반·죽·국수,본그룹
ba_14692434,2025-07,1.0,109.5,25.0,0.0,0.0,0.21428571428571427,0.0,0,백반·죽·국수,본그룹
ba_14692439,2025-05,1.0,287.0,57.0,1.0,1.0,0.7142857142857143,0.0,1,백반·죽·국수,본그룹
ba_14692439,2025-06,1.0,241.5,47.75,1.0,1.0,0.7142857142857143,0.0,1,백반·죽·국수,본그룹
ba_14692439,2025-07,1.0,247.5,52.7,0.5,0.5,0.5714285714285714,0.16666666666666666,1,백반·죽·국수,본그룹
ba_14692455,2025-05,1.0,320.0,67.0,1.0,1.0,0.2857142857142857,0.16666666666666666,1,백반·죽·국수,본그룹
ba_14692455,2025-06,1.0,148.83333333333334,31.666666666666668,0.0,0.0,0.42857142857142855,0.13888888888888887,1,백반·죽·국수,본그룹
ba_14692459,2025-05,0.0,0.0,0.0,0.0,0.0,0.0,0.0,1,백반·죽·국수,본그룹
ba_14692459,2025-06,1.0,146.55555555555554,29.666666666666668,0.4444444444444444,0.4444444444444444,0.3968253968253968,0.09259259259259259,1,백반·죽·국수,본그룹
ba_14692460,2025-05,1.0,128.5,24.5,0.0,0.0,0.03571428571428571,0.0,0,백반·죽·국수,본그룹
ba_14692460,2025-06,1.0,126.5,24.5,0.0,0.0,0.07142857142857142,0.027777777777777776,1,백반·죽·국수,본그룹
ba_14692482,2025-05,0.0,0.0,0.0,0.0,0.0,0.0,0.0,1,백반·죽·국수,본그룹
ba_14692482,2025-06,0.6666666666666666,102.33333333333333,21.666666666666668,0.0,0.0,0.3333333333333333,0.16666666666666666,1,백반·죽·국수,본그룹
ba_14692505,2025-05,1.0,232.5,49.666666666666664,0.5,0.5,0.6428571428571429,0.4166666666666667,0,백반·죽·국수,본그룹
ba_14692505,2025-07,1.0,237.75,53.416666666666664,0.0,0.0,0.5,0.27777777777777773,1,백반·죽·국수,본그룹
ba_14692549,2025-04,0.0,0.0,0.0,0.0,0.0,0.0,0.0,0,백반·죽·국수,본그룹
ba_14692549,2025-05,0.0,0.0,0.0,0.0,0.0,0.0,0.0,1,백반·죽·국수,본그룹
ba_14692549,2025-06,1.0,111.5,25.5,0.0,0.0,0.21428571428571427,0.08333333333333333,1,백반·죽·국수,본그룹
ba_14692551,2025-05,0.0,0.0,0.0,0.0,0.0,0.0,0.0,0,백반·죽·국수,본그룹
ba_14692551,2025-06,1.0,85.0,18.0,0.0,0.0,0.14285714285714285,0.3333333333333333,1,백반·죽·국수,본그룹
ba_14692592,2025-05,0.125,4.875,1.0,0.0,0.0,0.017857142857142856,0.0,0,백반·죽·국수,본그룹
ba_14692592,2025-06,1.0,157.5,32.75,0.25,0.25,0.42857142857142855,0.125,0,백반·죽·국수,본그룹
ba_14692796,2025-05,0.0,0.0,0.0,0.0,0.0,0.0,0.0,0,백반·죽·국수,본그룹
ba_14692796,2025-06,0.0,0.0,0.0,0.0,0.0,0.0,0.0,0,백반·죽·국수,본그룹
ba_14692985,2025-05,0.0,0.0,0.0,0.0,0.0,0.0,0.0,1,백반·죽·국수,본그룹
ba_14692985,2025-06,0.0,0.0,0.0,0.0,0.0,0.0,0.0,1,백반·죽·국수,본그룹
ba_14692985,2025-07,0.0,0.0,0.0,0.0,0.0,0.0,0.0,1,백반·죽·국수,본그룹
ba_14693042,2025-05,0.0,0.0,0.0,0.0,0.0,0.0,0.0,1,백반·죽·국수,본그룹
ba_14693042,2025-06,0.0,0.0,0.0,0.0,0.0,0.0,0.0,1,백반·죽·국수,본그룹
ba_14693289,2025-06,0.8,222.4,46.6,0.2,0.2,0.2714285714285714,0.1,0,백반·죽·국수,본그룹
ba_14693289,2025-05,1.0,268.875,53.375,0.375,0.375,0.375,0.10416666666666666,0,백반·죽·국수,본그룹
ba_14694145,2025-05,0.42857142857142855,108.14285714285714,21.142857142857142,0.0,0.0,0.12244897959183673,0.07142857142857142,0,백반·죽·국수,본그룹
ba_14694145,2025-06,0.0,0.0,0.0,0.0,0.0,0.0,0.0,1,백반·죽·국수,본그룹
ba_14694145,2025-07,0.0,0.0,0.0,0.0,0.0,0.0,0.0,1,백반·죽·국수,본그룹
ba_14694148,2025-05,1.0,74.5,17.5,0.0,0.0,0.14285714285714285,0.0,1,백반·죽·국수,본그룹
ba_14694148,2025-06,1.0,95.0,21.0,0.0,0.0,0.14285714285714285,0.0,1,백반·죽·국수,본그룹
ba_14694278,2025-06,1.0,53.0,8.0,0.0,0.0,0.14285714285714285,0.0,1,백반·죽·국수,본그룹
ba_14694287,2025-05,0.0,0.0,0.0,0.0,0.0,0.0,0.0,0,백반·죽·국수,본그룹
ba_14694287,2025-06,0.25,55.0,12.0,0.25,0.25,0.07142857142857142,0.041666666666666664,0,백반·죽·국수,본그룹
ba_14694390,2025-06,0.9523809523809523,155.1904761904762,33.42857142857143,0.19047619047619047,0.19047619047619047,0.4149659863945578,0.09523809523809523,1,백반·죽·국수,본그룹
ba_14694390,2025-05,1.0,183.66666666666666,41.0,0.3333333333333333,0.3333333333333333,0.5714285714285714,0.27777777777777773,1,백반·죽·국수,본그룹
ba_14694402,2025-05,0.0,0.0,0.0,0.0,0.0,0.0,0.0,0,백반·죽·국수,본그룹
ba_14694402,2025-06,0.0,0.0,0.0,0.0,0.0,0.0,0.0,1,백반·죽·국수,본그룹
ba_14694577,2025-05,0.5,39.5,6.5,0.0,0.0,0.0,0.0,0,백반·죽·국수,본그룹
ba_14694620,2025-05,0.0,0.0,0.0,0.0,0.0,0.0,0.0,1,백반·죽·국수,본그룹
ba_14694620,2025-06,1.0,215.57142857142858,44.142857142857146,0.0,0.0,0.30612244897959184,0.11904761904761904,1,백반·죽·국수,본그룹
ba_14694670,2025-05,0.0,0.0,0.0,0.0,0.0,0.0,0.0,0,백반·죽·국수,본그룹
ba_14694670,2025-06,0.0,0.0,0.0,0.0,0.0,0.0,0.0,1,백반·죽·국수,본그룹
ba_14694671,2025-05,0.0,0.0,0.0,0.0,0.0,0.0,0.0,0,백반·죽·국수,본그룹
ba_14694671,2025-06,0.6666666666666666,110.44444444444444,22.333333333333332,0.1111111111111111,0.1111111111111111,0.31746031746031744,0.12962962962962962,1,백반·죽·국수,본그룹
ba_14695006,2025-05,0.0,0.0,0.0,0.0,0.0,0.0,0.0,0,백반·죽·국수,본그룹
ba_14695006,2025-06,0.0,0.0,0.0,0.0,0.0,0.0,0.0,1,백반·죽·국수,본그룹
ba_14695008,2025-05,0.0,0.0,0.0,0.0,0.0,0.0,0.0,0,백반·죽·국수,본그룹
ba_14695008,2025-06,0.0,0.0,0.0,0.0,0.0,0.0,0.0,0,백반·죽·국수,본그룹
ba_14695008,2025-07,1.0,184.0,38.0,0.0,0.0,0.5714285714285714,0.16666666666666666,0,백반·죽·국수,본그룹
ba_14695290,2025-05,0.0,0.0,0.0,0.0,0.0,0.0,0.0,0,백반·죽·국수,본그룹
ba_14695290,2025-06,0.0,0.0,0.0,0.0,0.0,0.0,0.0,1,백반·죽·국수,본그룹
ba_14695290,2025-07,0.0,0.0,0.0,0.0,0.0,0.0,0.0,1,백반·죽·국수,본그룹
ba_14695958,2025-05,0.0,0.0,0.0,0.0,0.0,0.0,0.0,0,백반·죽·국수,본그룹
ba_14695958,2025-06,0.0,0.0,0.0,0.0,0.0,0.0,0.0,0,백반·죽·국수,본그룹
ba_14698364,2025-05,1.0,73.33333333333333,14.0,0.0,0.0,0.2857142857142857,0.16666666666666666,0,백반·죽·국수,본그룹
ba_14699201,2025-05,0.0,0.0,0.0,0.0,0.0,0.0,0.0,1,백반·죽·국수,본그룹
ba_14699201,2025-07,0.0,0.0,0.0,0.0,0.0,0.0,0.0,1,백반·죽·국수,본그룹
ba_14699399,2025-06,0.9761904761904762,457.1904761904762,104.04761904761905,0.9761904761904762,0.9761904761904762,0.5578231292517006,0.3253968253968254,0,치킨,굽네치킨
ba_14699399,2025-05,1.0,468.9375,106.0,0.9375,0.9375,0.5446428571428571,0.3177083333333333,0,치킨,굽네치킨
ba_14699649,2025-05,1.0,127.0,25.25,0.25,0.25,0.5,0.20833333333333331,0,치킨,굽네치킨
ba_14699649,2025-06,1.0,111.28571428571429,23.142857142857142,0.0,0.0,0.3469387755102041,0.07142857142857142,0,치킨,굽네치킨
ba_14700021,2025-05,0.37037037037037035,20.185185185185187,3.7037037037037037,0.037037037037037035,0.037037037037037035,0.06878306878306878,0.006172839506172839,1,치킨,굽네치킨
ba_14700021,2025-06,0.041666666666666664,9.5,2.0833333333333335,0.041666666666666664,0.041666666666666664,0.011904761904761904,0.006944444444444444,1,치킨,굽네치킨
ba_14700213,2025-05,1.0,131.0,25.5,0.0,0.0,0.2857142857142857,0.0,1,백반·죽·국수,본그룹
ba_14700213,2025-07,1.0,137.0,29.0,0.0,0.0,0.42857142857142855,0.3333333333333333,0,백반·죽·국수,본그룹
ba_14701137,2025-05,0.25,4.75,0.75,0.0,0.0,0.017857142857142856,0.0,0,백반·죽·국수,본그룹
ba_14701137,2025-06,0.16666666666666666,43.833333333333336,9.666666666666666,0.16666666666666666,0.16666666666666666,0.07142857142857142,0.05555555555555555,0,백반·죽·국수,본그룹
ba_14702063,2025-06,0.0,0.0,0.0,0.0,0.0,0.0,0.0,0,백반·죽·국수,본그룹
ba_14702120,2025-05,1.0,83.0,16.8,0.0,0.0,0.11428571428571428,0.0,0,백반·죽·국수,본그룹
ba_14702120,2025-06,1.0,49.75,9.5,0.0,0.0,0.10714285714285714,0.0,0,백반·죽·국수,본그룹
ba_14702996,2025-06,1.0,176.0,42.0,0.0,0.0,0.2857142857142857,0.16666666666666666,1,백반·죽·국수,본그룹
ba_14703930,2025-05,0.0,0.0,0.0,0.0,0.0,0.0,0.0,1,백반·죽·국수,본그룹
ba_14703930,2025-06,0.6666666666666666,82.0,18.333333333333332,0.3333333333333333,0.3333333333333333,0.23809523809523805,0.05555555555555555,1,백반·죽·국수,본그룹
ba_14706394,2025-05,1.0,100.6,20.9,0.0,0.0,0.3,0.0,0,백반·죽·국수,본그룹
ba_14706394,2025-06,1.0,104.25,21.5,0.125,0.125,0.2857142857142857,0.020833333333333332,0,백반·죽·국수,본그룹
ba_14706394,2025-07,1.0,132.33333333333334,30.333333333333332,0.0,0.0,0.42857142857142855,0.2222222222222222,1,백반·죽·국수,본그룹
ba_14708789,2025-05,0.5,31.0,7.0,0.5,0.5,0.2857142857142857,0.25,1,백반·죽·국수,본그룹
ba_14708789,2025-06,0.0,0.0,0.0,0.0,0.0,0.0,0.0,0,백반·죽·국수,본그룹
ba_14708789,2025-07,0.0,0.0,0.0,0.0,0.0,0.0,0.0,1,백반·죽·국수,본그룹
ba_14708929,2025-05,0.0,0.0,0.0,0.0,0.0,0.0,0.0,0,치킨,굽네치킨
ba_14708929,2025-06,0.0,0.0,0.0,0.0,0.0,0.0,0.0,0,치킨,굽네치킨
ba_14712294,2025-05,1.0,147.66666666666666,28.733333333333334,0.0,0.0,0.4666666666666667,0.02222222222222222,1,백반·죽·국수,본그룹
ba_14712294,2025-06,1.0,160.58333333333334,34.083333333333336,0.3333333333333333,0.3333333333333333,0.42857142857142855,0.18055555555555555,1,백반·죽·국수,본그룹
ba_14712797,2025-05,0.9375,138.75,27.5625,0.0625,0.0625,0.2232142857142857,0.05208333333333333,0,치킨,굽네치킨
ba_14712797,2025-06,1.0,148.8181818181818,30.454545454545453,0.09090909090909091,0.09090909090909091,0.14285714285714285,0.0303030303030303,0,치킨,굽네치킨
ba_14714062,2025-05,1.0,168.1,32.1,0.2,0.2,0.4714285714285714,0.2,0,백반·죽·국수,본그룹
ba_14714062,2025-06,1.0,199.8181818181818,44.09090909090909,0.0,0.0,0.44155844155844154,0.18181818181818182,1,백반·죽·국수,본그룹
ba_14715313,2025-05,0.55,142.95,29.85,0.0,0.0,0.15714285714285714,0.05833333333333333,0,치킨,굽네치킨
ba_14715313,2025-06,0.05,6.6,1.35,0.0,0.0,0.007142857142857143,0.008333333333333333,0,치킨,굽네치킨
ba_14716102,2025-05,1.0,84.8,18.0,0.0,0.0,0.22857142857142856,0.03333333333333333,0,백반·죽·국수,본그룹
ba_14716102,2025-06,1.0,98.0,20.25,0.0,0.0,0.17857142857142855,0.041666666666666664,0,백반·죽·국수,본그룹
ba_14716102,2025-07,1.0,108.5,20.75,0.0,0.0,0.14285714285714285,0.0,1,백반·죽·국수,본그룹
ba_14716332,2025-06,0.9821428571428571,358.4642857142857,78.53571428571429,0.9821428571428571,0.9821428571428571,0.0,0.0,0,치킨,굽네치킨
ba_14716332,2025-05,1.0,361.1574074074074,79.19444444444444,0.9907407407407407,0.9907407407407407,0.0066137566137566125,0.0030864197530864196,0,치킨,굽네치킨
ba_14719522,2025-05,1.0,85.0,18.0,0.0,0.0,0.21428571428571427,0.0,1,백반·죽·국수,본그룹
ba_14719522,2025-06,1.0,78.0,17.0,0.0,0.0,0.14285714285714285,0.0,1,백반·죽·국수,본그룹
ba_14719522,2025-07,1.0,255.0,57.0,0.0,0.0,0.4047619047619047,0.25,1,백반·죽·국수,본그룹
ba_14719554,2025-05,0.19047619047619047,19.285714285714285,3.9523809523809526,0.0,0.0,0.03401360544217687,0.015873015873015872,1,백반·죽·국수,본그룹
ba_14719554,2025-06,0.0,0.0,0.0,0.0,0.0,0.0,0.0,1,백반·죽·국수,본그룹
ba_14720263,2025-06,0.0,0.0,0.0,0.0,0.0,0.0,0.0,0,피자,굽네치킨
ba_14720368,2025-05,0.8,96.2,19.6,0.0,0.0,0.22857142857142856,0.0,0,백반·죽·국수,본그룹
ba_14720368,2025-06,0.875,137.125,29.875,0.125,0.125,0.25,0.08333333333333333,0,백반·죽·국수,본그룹
ba_14721018,2025-05,0.0,0.0,0.0,0.0,0.0,0.0,0.0,0,치킨,굽네치킨
ba_14721018,2025-06,0.0,0.0,0.0,0.0,0.0,0.0,0.0,0,치킨,굽네치킨
ba_14725485,2025-07,0.75,77.0,14.25,0.0,0.0,0.10714285714285714,0.0,0,치킨,굽네치킨
ba_14725485,2025-05,1.0,102.0,19.0,0.0,0.0,0.14285714285714285,0.0,0,치킨,굽네치킨
ba_14725485,2025-06,1.0,148.0,27.0,0.0,0.0,0.14285714285714285,0.0,0,치킨,굽네치킨
ba_14725627,2025-05,1.0,54.0,9.0,0.0,0.0,0.2857142857142857,0.0,0,백반·죽·국수,본그룹
ba_14725627,2025-06,1.0,136.16666666666666,29.333333333333332,0.0,0.0,0.21428571428571427,0.13888888888888887,1,백반·죽·국수,본그룹
ba_14726472,2025-05,1.0,81.35849056603773,16.471698113207548,0.18867924528301888,0.18867924528301888,0.2210242587601078,0.012578616352201257,1,치킨,굽네치킨
ba_14726472,2025-06,1.0,117.79411764705883,25.323529411764707,0.11764705882352941,0.11764705882352941,0.36554621848739494,0.1299019607843137,0,치킨,굽네치킨
ba_14726741,2025-05,0.0,0.0,0.0,0.0,0.0,0.0,0.0,0,백반·죽·국수,본그룹
ba_14727030,2025-05,1.0,233.25,51.5,0.0,0.0,0.15476190476190474,0.013888888888888888,0,백반·죽·국수,본그룹
ba_14727030,2025-06,1.0,212.5,46.5,0.0,0.0,0.3571428571428571,0.041666666666666664,1,백반·죽·국수,본그룹
ba_14727064,2025-05,1.0,85.5,18.0,0.0,0.0,0.11904761904761903,0.0,1,백반·죽·국수,본그룹
ba_14727064,2025-06,1.0,189.25,43.5,0.0,0.0,0.17857142857142855,0.041666666666666664,1,백반·죽·국수,본그룹
ba_14728444,2025-05,0.5,43.0,8.5,0.0,0.0,0.14285714285714285,0.08333333333333333,0,백반·죽·국수,본그룹
ba_14728444,2025-06,1.0,94.0,17.0,0.0,0.0,0.14285714285714285,0.0,1,백반·죽·국수,본그룹
ba_14728839,2025-05,0.0,0.0,0.0,0.0,0.0,0.0,0.0,0,치킨,굽네치킨
ba_14728839,2025-06,0.2,46.2,10.0,0.2,0.2,0.05714285714285714,0.03333333333333333,0,치킨,굽네치킨
ba_14728839,2025-07,0.0,0.0,0.0,0.0,0.0,0.0,0.0,0,치킨,굽네치킨
ba_14729038,2025-05,1.0,346.6666666666667,76.66666666666667,0.8333333333333334,0.8333333333333334,0.5238095238095238,0.19444444444444442,0,치킨,굽네치킨
ba_14729038,2025-06,1.0,423.0,93.0,1.0,1.0,0.5714285714285714,0.16666666666666666,0,치킨,굽네치킨
ba_14729038,2025-07,1.0,421.5,93.0,1.0,1.0,0.5714285714285714,0.16666666666666666,1,치킨,굽네치킨
ba_14729159,2025-05,1.0,153.0,30.373737373737374,0.2828282828282828,0.2828282828282828,0.2352092352092352,0.07744107744107744,1,치킨,굽네치킨
ba_14729159,2025-06,1.0,135.69026548672565,28.053097345132745,0.07964601769911504,0.07964601769911504,0.18078381795195952,0.10619469026548672,0,치킨,굽네치킨
ba_14729784,2025-05,1.0,140.82758620689654,26.586206896551722,0.10344827586206896,0.10344827586206896,0.29556650246305416,0.04022988505747126,1,치킨,굽네치킨
ba_14729784,2025-06,1.0,170.83333333333334,34.2,0.13333333333333333,0.13333333333333333,0.5238095238095238,0.2,0,치킨,굽네치킨
ba_14729971,2025-05,0.15384615384615385,18.5,3.8076923076923075,0.038461538461538464,0.038461538461538464,0.06043956043956044,0.02564102564102564,1,치킨,굽네치킨
ba_14729971,2025-06,0.043478260869565216,7.304347826086956,1.608695652173913,0.0,0.0,0.018633540372670808,0.007246376811594202,0,치킨,굽네치킨
ba_14730328,2025-06,1.0,57.0,11.0,0.0,0.0,0.2857142857142857,0.0,0,백반·죽·국수,본그룹
ba_14730328,2025-07,1.0,85.0,18.0,0.0,0.0,0.2857142857142857,0.0,0,백반·죽·국수,본그룹
ba_14730330,2025-05,1.0,102.5,22.75,0.0,0.0,0.25,0.0,0,백반·죽·국수,본그룹
ba_14730330,2025-06,1.0,77.5,14.0,0.0,0.0,0.2857142857142857,0.0,0,백반·죽·국수,본그룹
ba_14730330,2025-07,1.0,91.0,20.25,0.0,0.0,0.2857142857142857,0.0,1,백반·죽·국수,본그룹
ba_14731363,2025-05,1.0,127.0,27.0,0.0,0.0,0.14285714285714285,0.16666666666666666,0,백반·죽·국수,본그룹
ba_14731363,2025-06,1.0,157.0,35.0,0.0,0.0,0.14285714285714285,0.16666666666666666,0,백반·죽·국수,본그룹
ba_14731363,2025-07,1.0,184.0,39.0,0.0,0.0,0.14285714285714285,0.16666666666666666,0,백반·죽·국수,본그룹
ba_14732026,2025-05,1.0,138.07407407407408,28.14814814814815,0.05555555555555555,0.05555555555555555,0.16137566137566137,0.0030864197530864196,1,치킨,굽네치킨
ba_14732026,2025-06,1.0,173.60714285714286,34.767857142857146,0.07142857142857142,0.07142857142857142,0.2755102040816326,0.005952380952380952,1,치킨,굽네치킨
ba_14732355,2025-05,0.8333333333333334,65.5,11.833333333333334,0.0,0.0,0.2619047619047619,0.1111111111111111,1,백반·죽·국수,본그룹
ba_14732355,2025-06,0.5714285714285714,47.857142857142854,9.142857142857142,0.0,0.0,0.1020408163265306,0.07142857142857142,1,백반·죽·국수,본그룹
ba_14732602,2025-05,0.0,0.0,0.0,0.0,0.0,0.0,0.0,1,치킨,굽네치킨
ba_14732602,2025-06,0.0,0.0,0.0,0.0,0.0,0.0,0.0,0,치킨,굽네치킨
ba_14733665,2025-05,0.0,0.0,0.0,0.0,0.0,0.0,0.0,0,치킨,굽네치킨
ba_14733665,2025-06,0.6666666666666666,53.666666666666664,10.222222222222221,0.1111111111111111,0.1111111111111111,0.1111111111111111,0.018518518518518517,0,치킨,굽네치킨
ba_14735216,2025-05,0.1,23.4,5.0,0.1,0.1,0.02857142857142857,0.016666666666666666,1,백반·죽·국수,본그룹
ba_14735216,2025-06,0.2,25.9,5.5,0.0,0.0,0.11428571428571428,0.03333333333333333,1,백반·죽·국수,본그룹
ba_14735878,2025-05,1.0,94.22222222222223,16.88888888888889,0.1111111111111111,0.1111111111111111,0.047619047619047616,0.0,1,백반·죽·국수,본그룹
ba_14735878,2025-06,1.0,105.22222222222223,20.333333333333332,0.0,0.0,0.047619047619047616,0.009259259259259259,0,백반·죽·국수,본그룹
ba_14735878,2025-07,1.0,106.8,21.0,0.2,0.2,0.22857142857142856,0.06666666666666667,0,백반·죽·국수,본그룹
ba_14736681,2025-05,1.0,296.5,63.0,0.0,0.0,0.09523809523809523,0.0,0,백반·죽·국수,본그룹
ba_14736681,2025-06,1.0,356.5,73.5,0.0,0.0,0.07142857142857142,0.0,1,백반·죽·국수,본그룹
ba_14736683,2025-06,0.96,300.44,62.04,0.0,0.0,0.2171428571428571,0.04666666666666666,1,백반·죽·국수,본그룹
ba_14736683,2025-05,1.0,334.2692307692308,68.6923076923077,0.0,0.0,0.15384615384615385,0.038461538461538464,1,백반·죽·국수,본그룹
ba_14736722,2025-05,0.0,0.0,0.0,0.0,0.0,0.0,0.0,1,치킨,굽네치킨
ba_14736722,2025-06,0.0,0.0,0.0,0.0,0.0,0.0,0.0,0,치킨,굽네치킨
ba_14737726,2025-05,0.9772727272727273,176.72727272727272,39.09090909090909,0.18181818181818182,0.18181818181818182,0.47077922077922074,0.178030303030303,1,치킨,굽네치킨
ba_14737726,2025-06,0.9791666666666666,196.04166666666666,43.645833333333336,0.25,0.25,0.5952380952380952,0.2881944444444444,1,치킨,굽네치킨
ba_14739745,2025-06,0.375,69.625,14.125,0.125,0.125,0.08928571428571427,0.041666666666666664,1,치킨,굽네치킨
ba_14739745,2025-05,1.0,161.25,30.875,0.0,0.0,0.4107142857142857,0.125,1,치킨,굽네치킨
ba_14739746,2025-05,0.0,0.0,0.0,0.0,0.0,0.0,0.0,1,피자,굽네치킨
ba_14739815,2025-04,1.0,199.33333333333334,40.833333333333336,0.0,0.0,0.4047619047619047,0.13888888888888887,1,치킨,굽네치킨
ba_14739815,2025-05,1.0,200.25454545454545,37.27272727272727,0.12727272727272726,0.12727272727272726,0.3142857142857143,0.11818181818181818,1,치킨,굽네치킨
ba_14739815,2025-06,1.0,178.12328767123287,31.82191780821918,0.0410958904109589,0.0410958904109589,0.32289628180039137,0.15296803652968036,0,치킨,굽네치킨
ba_14740022,2025-05,0.16666666666666666,32.666666666666664,7.333333333333333,0.16666666666666666,0.16666666666666666,0.07142857142857142,0.05555555555555555,1,치킨,굽네치킨
ba_14740022,2025-06,0.0,0.0,0.0,0.0,0.0,0.0,0.0,0,치킨,굽네치킨
ba_14740239,2025-05,1.0,57.6,12.0,0.0,0.0,0.17142857142857143,0.06666666666666667,1,치킨,굽네치킨
ba_14740239,2025-06,1.0,53.666666666666664,10.0,0.0,0.0,0.09523809523809523,0.05555555555555555,0,치킨,굽네치킨
ba_14741847,2025-05,1.0,147.5,30.78125,0.125,0.125,0.3482142857142857,0.03645833333333333,1,치킨,굽네치킨
ba_14741847,2025-06,1.0,241.625,53.041666666666664,0.25,0.25,0.4880952380952381,0.1875,1,치킨,굽네치킨
ba_14742704,2025-05,0.0,0.0,0.0,0.0,0.0,0.0,0.0,1,백반·죽·국수,본그룹
ba_14742704,2025-06,0.0,0.0,0.0,0.0,0.0,0.0,0.0,0,백반·죽·국수,본그룹
ba_14742705,2025-05,0.0,0.0,0.0,0.0,0.0,0.0,0.0,1,백반·죽·국수,본그룹
ba_14742705,2025-06,0.3333333333333333,36.666666666666664,2.3333333333333335,0.0,0.0,0.047619047619047616,0.05555555555555555,1,백반·죽·국수,본그룹
ba_14743271,2025-05,1.0,42.09090909090909,8.090909090909092,0.0,0.0,0.03896103896103896,0.0,1,백반·죽·국수,본그룹
ba_14743271,2025-06,1.0,69.2,14.4,0.0,0.0,0.11428571428571428,0.0,1,백반·죽·국수,본그룹
ba_14743731,2025-05,0.0,0.0,0.0,0.0,0.0,0.0,0.0,0,백반·죽·국수,본그룹
ba_14743731,2025-06,1.0,152.0,30.0,0.0,0.0,0.5714285714285714,0.16666666666666666,1,백반·죽·국수,본그룹
ba_14743732,2025-05,0.0,0.0,0.0,0.0,0.0,0.0,0.0,1,백반·죽·국수,본그룹
ba_14743732,2025-06,1.0,120.0,26.25,0.0,0.0,0.3214285714285714,0.16666666666666666,1,백반·죽·국수,본그룹
ba_14744329,2025-05,0.0,0.0,0.0,0.0,0.0,0.0,0.0,1,백반·죽·국수,본그룹
ba_14744329,2025-06,0.0,0.0,0.0,0.0,0.0,0.0,0.0,1,백반·죽·국수,본그룹
ba_14744706,2025-05,1.0,124.5,26.0,0.5,0.5,0.14285714285714285,0.0,1,백반·죽·국수,본그룹
ba_14744706,2025-06,1.0,188.6,40.8,0.2,0.2,0.17142857142857143,0.03333333333333333,1,백반·죽·국수,본그룹
ba_14744706,2025-07,1.0,42.0,7.0,0.0,0.0,0.14285714285714285,0.0,1,백반·죽·국수,본그룹
ba_14744959,2025-04,1.0,55.0,11.0,0.0,0.0,0.14285714285714285,0.0,1,치킨,굽네치킨
ba_14744959,2025-05,1.0,81.08333333333333,16.0,0.0,0.0,0.23809523809523805,0.0,1,치킨,굽네치킨
ba_14744959,2025-06,1.0,127.81818181818181,27.272727272727273,0.0,0.0,0.2727272727272727,0.0,1,치킨,굽네치킨
ba_14746052,2025-05,0.0,0.0,0.0,0.0,0.0,0.0,0.0,1,백반·죽·국수,본그룹
ba_14746052,2025-06,1.0,96.33333333333333,20.333333333333332,0.6666666666666666,0.6666666666666666,0.38095238095238093,0.1111111111111111,1,백반·죽·국수,본그룹
ba_14746052,2025-07,1.0,242.57142857142858,54.142857142857146,0.0,0.0,0.4897959183673469,0.2619047619047619,1,백반·죽·국수,본그룹
ba_14746216,2025-04,1.0,91.0,17.0,0.0,0.0,0.0,0.0,1,치킨,굽네치킨
ba_14746216,2025-05,1.0,70.25,13.125,0.0,0.0,0.08928571428571427,0.0,1,치킨,굽네치킨
ba_14746216,2025-06,1.0,59.6,10.8,0.0,0.0,0.08571428571428572,0.0,0,치킨,굽네치킨
ba_14747382,2025-05,1.0,165.57142857142858,33.142857142857146,0.8571428571428571,0.8571428571428571,0.4897959183673469,0.16666666666666666,1,치킨,굽네치킨
ba_14747382,2025-06,1.0,185.46153846153845,39.53846153846154,0.6153846153846154,0.6153846153846154,0.5494505494505494,0.16666666666666666,0,치킨,굽네치킨
ba_14749296,2025-06,0.031746031746031744,7.523809523809524,1.5714285714285714,0.031746031746031744,0.031746031746031744,0.018140589569160998,0.007936507936507936,1,치킨,굽네치킨
ba_14749296,2025-05,1.0,205.97368421052633,43.44736842105263,0.9473684210526315,0.9473684210526315,0.575187969924812,0.21929824561403505,1,치킨,굽네치킨
ba_14753110,2025-06,0.875,126.125,25.75,0.0,0.0,0.25,0.0,1,백반·죽·국수,본그룹
ba_14753110,2025-05,1.0,148.33333333333334,31.333333333333332,0.0,0.0,0.3333333333333333,0.05555555555555555,1,백반·죽·국수,본그룹
ba_14753110,2025-07,1.0,242.0,53.0,0.14285714285714285,0.14285714285714285,0.4693877551020408,0.19047619047619047,1,백반·죽·국수,본그룹
ba_14754395,2025-06,0.0,0.0,0.0,0.0,0.0,0.0,0.0,0,치킨,굽네치킨
ba_14754893,2025-06,1.0,69.66666666666667,12.666666666666666,0.0,0.0,0.19047619047619047,0.05555555555555555,1,백반·죽·국수,본그룹
ba_14754936,2025-05,1.0,92.33333333333333,16.5,0.16666666666666666,0.16666666666666666,0.5,0.19444444444444442,1,치킨,굽네치킨
ba_14754936,2025-06,1.0,89.26315789473684,16.57894736842105,0.10526315789473684,0.10526315789473684,0.45112781954887216,0.14035087719298245,0,치킨,굽네치킨
ba_14754965,2025-05,0.0,0.0,0.0,0.0,0.0,0.0,0.0,0,백반·죽·국수,본그룹
ba_14756247,2025-06,0.0,0.0,0.0,0.0,0.0,0.0,0.0,1,백반·죽·국수,본그룹
ba_14756888,2025-06,1.0,79.36363636363636,16.09090909090909,0.0,0.0,0.11688311688311687,0.0,1,백반·죽·국수,본그룹
ba_14756889,2025-06,1.0,77.0,15.0,0.0,0.0,0.14285714285714285,0.0,1,백반·죽·국수,본그룹
ba_14757543,2025-06,0.6551724137931034,86.03448275862068,18.275862068965516,0.0,0.0,0.18719211822660095,0.0,1,치킨,굽네치킨
ba_14757711,2025-06,0.1111111111111111,21.88888888888889,4.888888888888889,0.1111111111111111,0.1111111111111111,0.047619047619047616,0.037037037037037035,1,치킨,굽네치킨
ba_14758255,2025-06,0.5,111.5,24.0,0.5,0.5,0.14285714285714285,0.08333333333333333,1,치킨,굽네치킨
ba_14760742,2025-06,0.25,37.75,7.75,0.0,0.0,0.10714285714285714,0.041666666666666664,1,백반·죽·국수,본그룹
ba_14762166,2025-06,0.8888888888888888,90.55555555555556,17.0,0.0,0.0,0.06349206349206349,0.12962962962962962,0,백반·죽·국수,본그룹
ba_14762166,2025-07,1.0,187.7,40.8,0.1,0.1,0.3714285714285714,0.25,1,백반·죽·국수,본그룹
ba_14766686,2025-06,1.0,558.0,106.0,0.0,0.0,0.3571428571428571,0.16666666666666666,1,피자,굽네치킨
ba_14770149,2025-07,1.0,126.0,26.5,0.0,0.0,0.3571428571428571,0.25,1,백반·죽·국수,본그룹
ba_14775582,2025-07,0.3333333333333333,69.33333333333333,10.0,0.0,0.0,0.14285714285714285,0.05555555555555555,0,백반·죽·국수,본그룹
