platform_shop_id,year_month,avg_text_sentiment,text_review_count,positive_text_rate,negative_text_rate,taste_rate,portion_rate,delivery_rate,price_rate,service_rate,reorder_rate,growth_label_top30,category,brand
ba_10015935,2025-07,0.6166666666666667,12,0.8333333333333334,0.08333333333333333,0.8333333333333334,0.08333333333333333,0.0,0.0,0.08333333333333333,0.0,1,치킨,굽네치킨
ba_10015935,2025-08,0.7714285714285714,7,0.8571428571428571,0.0,0.7142857142857143,0.2857142857142857,0.14285714285714285,0.0,0.14285714285714285,0.0,1,치킨,굽네치킨
ba_10015935,2025-09,0.6285714285714287,7,0.8571428571428571,0.0,0.5714285714285714,0.14285714285714285,0.14285714285714285,0.0,0.14285714285714285,0.0,1,치킨,굽네치킨
ba_10016162,2025-07,0.6705882352941177,34,0.8529411764705882,0.08823529411764706,0.7352941176470589,0.058823529411764705,0.08823529411764706,0.0,0.08823529411764706,0.14705882352941177,1,치킨,굽네치킨
ba_10016162,2025-08,0.7266666666666668,30,0.8666666666666667,0.0,0.8,0.03333333333333333,0.16666666666666666,0.0,0.03333333333333333,0.06666666666666667,0,치킨,굽네치킨
ba_10016162,2025-09,0.8064516129032258,31,0.9354838709677419,0.03225806451612903,0.8709677419354839,0.03225806451612903,0.0967741935483871,0.0,0.06451612903225806,0.06451612903225806,0,치킨,굽네치킨
ba_10019194,2025-07,0.64,5,1.0,0.0,0.8,0.2,0.2,0.0,0.2,0.0,0,치킨,굽네치킨
ba_10019194,2025-08,0.7999999999999999,3,1.0,0.0,0.6666666666666666,0.0,0.0,0.0,0.3333333333333333,0.0,0,치킨,굽네치킨
ba_10019194,2025-09,1.0,1,1.0,0.0,1.0,0.0,0.0,0.0,0.0,0.0,0,치킨,굽네치킨
ba_10019807,2025-07,0.6571428571428571,14,0.8571428571428571,0.07142857142857142,0.7857142857142857,0.14285714285714285,0.21428571428571427,0.0,0.07142857142857142,0.0,0,치킨,굽네치킨
ba_10019807,2025-08,0.65,12,0.75,0.0,0.5833333333333334,0.0,0.16666666666666666,0.0,0.16666666666666666,0.0,0,치킨,굽네치킨
ba_10019807,2025-09,0.43636363636363645,11,0.7272727272727273,0.09090909090909091,0.5454545454545454,0.18181818181818182,0.09090909090909091,0.0,0.09090909090909091,0.0,0,치킨,굽네치킨
ba_10020109,2025-07,0.631578947368421,19,0.8421052631578947,0.05263157894736842,0.8421052631578947,0.10526315789473684,0.10526315789473684,0.0,0.05263157894736842,0.15789473684210525,0,치킨,굽네치킨
ba_10020109,2025-08,0.6578947368421052,38,0.9473684210526315,0.0,0.6578947368421053,0.05263157894736842,0.07894736842105263,0.0,0.15789473684210525,0.07894736842105263,0,치킨,굽네치킨
ba_10020109,2025-09,0.6272727272727274,44,0.7954545454545454,0.045454545454545456,0.8409090909090909,0.18181818181818182,0.06818181818181818,0.045454545454545456,0.0,0.13636363636363635,0,치킨,굽네치킨
ba_10022124,2025-07,0.7857142857142857,14,0.8571428571428571,0.07142857142857142,1.0,0.07142857142857142,0.0,0.0,0.0,0.07142857142857142,0,치킨,굽네치킨
ba_10022124,2025-08,0.18333333333333335,12,0.4166666666666667,0.3333333333333333,0.4166666666666667,0.16666666666666666,0.08333333333333333,0.0,0.08333333333333333,0.0,0,치킨,굽네치킨
ba_10022124,2025-09,0.4571428571428572,7,0.5714285714285714,0.2857142857142857,0.5714285714285714,0.2857142857142857,0.14285714285714285,0.0,0.0,0.0,0,치킨,굽네치킨
ba_10040420,2025-07,0.7555555555555556,9,0.8888888888888888,0.0,1.0,0.1111111111111111,0.0,0.0,0.1111111111111111,0.1111111111111111,0,치킨,굽네치킨
ba_10040420,2025-08,-0.26666666666666666,3,0.0,0.6666666666666666,1.0,0.0,0.3333333333333333,0.0,0.6666666666666666,0.0,0,치킨,굽네치킨
ba_10040420,2025-09,0.27499999999999997,8,0.5,0.125,0.625,0.0,0.125,0.0,0.0,0.25,0,치킨,굽네치킨
ba_10040590,2025-09,0.56,10,0.9,0.0,0.9,0.2,0.1,0.0,0.0,0.0,1,치킨,굽네치킨
ba_10040590,2025-08,0.0,3,0.3333333333333333,0.3333333333333333,0.3333333333333333,0.3333333333333333,0.0,0.0,0.0,0.3333333333333333,1,치킨,굽네치킨
ba_10040621,2025-08,0.2,4,0.5,0.0,1.0,0.5,0.0,0.0,0.0,0.25,0,치킨,굽네치킨
ba_10040621,2025-09,0.09999999999999998,2,0.5,0.5,0.5,0.5,0.0,0.0,0.0,0.0,0,치킨,굽네치킨
ba_10040679,2025-08,0.8,4,1.0,0.0,0.75,0.0,0.0,0.0,0.5,0.0,1,치킨,굽네치킨
ba_10040679,2025-09,0.4,9,0.6666666666666666,0.0,0.4444444444444444,0.0,0.3333333333333333,0.0,0.1111111111111111,0.0,0,치킨,굽네치킨
ba_10040685,2025-07,0.46956521739130436,23,0.7391304347826086,0.17391304347826086,0.7391304347826086,0.08695652173913043,0.34782608695652173,0.043478260869565216,0.0,0.13043478260869565,1,치킨,굽네치킨
ba_10040685,2025-08,0.6222222222222222,18,0.7777777777777778,0.05555555555555555,0.6111111111111112,0.1111111111111111,0.0,0.1111111111111111,0.2222222222222222,0.2222222222222222,0,치킨,굽네치킨
ba_10040685,2025-09,0.6258064516129032,31,0.7741935483870968,0.0967741935483871,0.8064516129032258,0.03225806451612903,0.06451612903225806,0.12903225806451613,0.06451612903225806,0.0,0,치킨,굽네치킨
ba_10041246,2025-07,0.4,4,0.75,0.0,0.5,0.0,0.25,0.0,0.0,0.0,1,치킨,굽네치킨
ba_10041246,2025-08,0.7999999999999999,3,1.0,0.0,0.6666666666666666,0.0,0.0,0.0,0.3333333333333333,0.0,1,치킨,굽네치킨
ba_10041246,2025-09,1.0,3,1.0,0.0,1.0,0.0,0.3333333333333333,0.0,0.3333333333333333,0.0,1,치킨,굽네치킨
ba_10204887,2025-07,0.9,6,1.0,0.0,0.8333333333333334,0.16666666666666666,0.0,0.16666666666666666,0.0,0.0,0,치킨,굽네치킨
ba_10204887,2025-08,0.7666666666666666,6,1.0,0.0,0.6666666666666666,0.0,0.0,0.16666666666666666,0.6666666666666666,0.0,0,치킨,굽네치킨
ba_10204887,2025-09,0.75,8,1.0,0.0,0.875,0.0,0.125,0.0,0.125,0.0,0,치킨,굽네치킨
ba_10401021,2025-07,0.572972972972973,37,0.7297297297297297,0.02702702702702703,0.6216216216216216,0.1891891891891892,0.08108108108108109,0.05405405405405406,0.13513513513513514,0.08108108108108109,1,치킨,굽네치킨
ba_10401021,2025-08,0.697872340425532,47,0.8085106382978723,0.0851063829787234,0.8085106382978723,0.14893617021276595,0.19148936170212766,0.0425531914893617,0.06382978723404255,0.0425531914893617,1,치킨,굽네치킨
ba_10401021,2025-09,0.6222222222222222,27,0.7777777777777778,0.1111111111111111,0.8518518518518519,0.2222222222222222,0.1111111111111111,0.0,0.18518518518518517,0.18518518518518517,0,치킨,굽네치킨
ba_10418082,2025-08,0.6666666666666666,3,0.6666666666666666,0.0,0.6666666666666666,0.0,0.0,0.0,0.0,0.0,0,치킨,굽네치킨
ba_10418082,2025-09,0.8,1,1.0,0.0,0.0,0.0,1.0,0.0,0.0,0.0,0,치킨,굽네치킨
ba_10432360,2025-07,0.5777777777777778,9,0.8888888888888888,0.1111111111111111,0.7777777777777778,0.4444444444444444,0.2222222222222222,0.0,0.1111111111111111,0.0,0,치킨,굽네치킨
ba_10432360,2025-08,0.575,8,0.875,0.125,1.0,0.125,0.0,0.0,0.0,0.0,0,치킨,굽네치킨
ba_10469515,2025-09,0.5920000000000001,25,0.76,0.04,0.52,0.08,0.08,0.08,0.04,0.0,0,치킨,굽네치킨
ba_10469515,2025-07,0.6787878787878787,33,0.8787878787878788,0.06060606060606061,0.7272727272727273,0.06060606060606061,0.15151515151515152,0.030303030303030304,0.030303030303030304,0.09090909090909091,0,치킨,굽네치킨
ba_10469515,2025-08,0.769230769230769,13,0.9230769230769231,0.0,0.9230769230769231,0.0,0.0,0.0,0.0,0.0,0,치킨,굽네치킨
ba_10476209,2025-07,0.5111111111111112,9,0.8888888888888888,0.0,0.6666666666666666,0.2222222222222222,0.0,0.0,0.0,0.1111111111111111,0,치킨,굽네치킨
ba_10476209,2025-08,0.76,5,1.0,0.0,1.0,0.0,0.0,0.0,0.0,0.0,0,치킨,굽네치킨
ba_10476209,2025-09,0.75,4,0.75,0.0,0.75,0.25,0.0,0.0,0.25,0.0,0,치킨,굽네치킨
ba_10497667,2025-07,0.5619047619047619,21,0.8095238095238095,0.14285714285714285,0.7142857142857143,0.09523809523809523,0.19047619047619047,0.047619047619047616,0.047619047619047616,0.19047619047619047,1,치킨,굽네치킨
ba_10497667,2025-08,0.6538461538461539,26,0.8461538461538461,0.038461538461538464,0.8461538461538461,0.07692307692307693,0.3076923076923077,0.0,0.11538461538461539,0.0,0,치킨,굽네치킨
ba_10497667,2025-09,0.66,10,1.0,0.0,1.0,0.2,0.2,0.0,0.2,0.0,0,치킨,굽네치킨
ba_10501929,2025-07,0.7636363636363636,11,1.0,0.0,0.9090909090909091,0.36363636363636365,0.09090909090909091,0.09090909090909091,0.0,0.18181818181818182,0,치킨,굽네치킨
ba_10501929,2025-08,0.725,16,0.875,0.0,0.875,0.125,0.0625,0.0,0.0,0.0,1,치킨,굽네치킨
ba_10501929,2025-09,0.725,8,0.875,0.0,0.875,0.125,0.125,0.0,0.0,0.0,1,치킨,굽네치킨
ba_10509105,2025-07,0.8615384615384615,13,1.0,0.0,0.9230769230769231,0.15384615384615385,0.23076923076923078,0.0,0.3076923076923077,0.07692307692307693,1,치킨,굽네치킨
ba_10509105,2025-08,0.7529411764705882,17,1.0,0.0,0.8235294117647058,0.058823529411764705,0.29411764705882354,0.0,0.058823529411764705,0.0,0,치킨,굽네치킨
ba_10509105,2025-09,0.6142857142857144,14,0.7857142857142857,0.07142857142857142,0.8571428571428571,0.21428571428571427,0.42857142857142855,0.0,0.21428571428571427,0.07142857142857142,0,치킨,굽네치킨
ba_10571616,2025-08,0.7308823529411766,136,0.8529411764705882,0.014705882352941176,0.7941176470588235,0.07352941176470588,0.08088235294117647,0.0,0.0661764705882353,0.125,1,치킨,굽네치킨
ba_10571616,2025-09,0.74,160,0.88125,0.00625,0.775,0.075,0.0875,0.0,0.05625,0.075,1,치킨,굽네치킨
ba_10580903,2025-07,0.7583333333333333,96,0.9479166666666666,0.020833333333333332,0.8645833333333334,0.0625,0.125,0.0,0.07291666666666667,0.125,1,치킨,굽네치킨
ba_10580903,2025-08,0.8016129032258061,124,0.9435483870967742,0.008064516129032258,0.8951612903225806,0.06451612903225806,0.1532258064516129,0.0,0.0967741935483871,0.0967741935483871,0,치킨,굽네치킨
ba_10580903,2025-09,0.7820224719101123,89,0.9101123595505618,0.033707865168539325,0.8651685393258427,0.011235955056179775,0.11235955056179775,0.0,0.0898876404494382,0.0,0,치킨,굽네치킨
ba_10583009,2025-07,0.7294117647058824,51,0.8627450980392157,0.09803921568627451,0.8627450980392157,0.17647058823529413,0.058823529411764705,0.0,0.09803921568627451,0.058823529411764705,0,치킨,굽네치킨
ba_10583009,2025-08,0.6105263157894735,38,0.8157894736842105,0.07894736842105263,0.7894736842105263,0.18421052631578946,0.07894736842105263,0.0,0.05263157894736842,0.0,0,치킨,굽네치킨
ba_10583009,2025-09,0.6153846153846154,39,0.8461538461538461,0.10256410256410256,0.8717948717948718,0.15384615384615385,0.10256410256410256,0.07692307692307693,0.07692307692307693,0.15384615384615385,0,치킨,굽네치킨
ba_10597203,2025-07,0.6470588235294118,68,0.8529411764705882,0.04411764705882353,0.7941176470588235,0.08823529411764706,0.10294117647058823,0.0,0.058823529411764705,0.029411764705882353,0,치킨,굽네치킨
ba_10597203,2025-08,0.7999999999999999,63,0.9047619047619048,0.0,0.7936507936507936,0.09523809523809523,0.06349206349206349,0.0,0.015873015873015872,0.12698412698412698,1,치킨,굽네치킨
ba_10597203,2025-09,0.7366666666666666,60,0.9166666666666666,0.0,0.7666666666666667,0.08333333333333333,0.06666666666666667,0.0,0.03333333333333333,0.0,1,치킨,굽네치킨
ba_10604883,2025-07,0.8363636363636365,66,0.9393939393939394,0.0,0.8333333333333334,0.06060606060606061,0.09090909090909091,0.015151515151515152,0.06060606060606061,0.06060606060606061,1,치킨,굽네치킨
ba_10604883,2025-08,0.7562499999999999,64,0.890625,0.015625,0.828125,0.03125,0.109375,0.0,0.015625,0.09375,1,치킨,굽네치킨
ba_10604883,2025-09,0.7397260273972602,73,0.8904109589041096,0.0,0.821917808219178,0.0410958904109589,0.1643835616438356,0.0,0.0410958904109589,0.0821917808219178,0,치킨,굽네치킨
ba_10605803,2025-09,0.701492537313433,67,0.8208955223880597,0.029850746268656716,0.7910447761194029,0.1791044776119403,0.13432835820895522,0.0,0.029850746268656716,0.13432835820895522,1,치킨,굽네치킨
ba_10605803,2025-07,0.8026666666666668,75,0.9466666666666667,0.013333333333333334,0.8933333333333333,0.10666666666666667,0.09333333333333334,0.0,0.05333333333333334,0.10666666666666667,0,치킨,굽네치킨
ba_10605803,2025-08,0.7588235294117648,68,0.9117647058823529,0.0,0.8676470588235294,0.10294117647058823,0.08823529411764706,0.0,0.029411764705882353,0.07352941176470588,1,치킨,굽네치킨
ba_10627648,2025-09,0.6,5,0.8,0.2,0.4,0.0,0.0,0.0,0.2,0.0,0,치킨,굽네치킨
ba_10627648,2025-08,0.0,1,0.0,0.0,0.0,0.0,0.0,0.0,0.0,0.0,1,치킨,굽네치킨
ba_10636817,2025-07,0.5599999999999999,10,0.8,0.1,0.8,0.0,0.1,0.1,0.0,0.1,1,치킨,굽네치킨
ba_10636817,2025-08,1.0,3,1.0,0.0,1.0,0.6666666666666666,0.0,0.0,0.0,0.3333333333333333,0,치킨,굽네치킨
ba_10636817,2025-09,0.7,8,0.875,0.125,0.75,0.25,0.25,0.0,0.25,0.25,0,치킨,굽네치킨
ba_10638951,2025-07,0.36363636363636365,11,0.5454545454545454,0.0,0.2727272727272727,0.09090909090909091,0.18181818181818182,0.0,0.0,0.18181818181818182,0,치킨,굽네치킨
ba_10638951,2025-08,0.26666666666666666,3,0.3333333333333333,0.0,0.3333333333333333,0.0,0.0,0.0,0.0,0.0,0,치킨,굽네치킨
ba_10638951,2025-09,1.0,3,1.0,0.0,1.0,0.3333333333333333,0.3333333333333333,0.0,0.0,0.3333333333333333,0,치킨,굽네치킨
ba_10657170,2025-08,0.46666666666666673,12,0.6666666666666666,0.0,0.6666666666666666,0.25,0.0,0.0,0.08333333333333333,0.0,0,치킨,굽네치킨
ba_10657170,2025-09,0.6190476190476191,21,0.7142857142857143,0.14285714285714285,0.9047619047619048,0.09523809523809523,0.047619047619047616,0.0,0.2857142857142857,0.0,0,치킨,굽네치킨
ba_10657170,2025-07,0.6,12,0.9166666666666666,0.08333333333333333,1.0,0.16666666666666666,0.08333333333333333,0.0,0.16666666666666666,0.16666666666666666,1,치킨,굽네치킨
ba_10698232,2025-07,0.7580645161290324,62,0.9193548387096774,0.016129032258064516,0.7903225806451613,0.0967741935483871,0.1774193548387097,0.0,0.06451612903225806,0.11290322580645161,0,치킨,굽네치킨
ba_10698232,2025-08,0.7729166666666667,96,0.9270833333333334,0.0,0.8229166666666666,0.041666666666666664,0.07291666666666667,0.0,0.07291666666666667,0.0625,1,치킨,굽네치킨
ba_10698232,2025-09,0.7169811320754719,106,0.8773584905660378,0.0,0.7830188679245284,0.10377358490566038,0.10377358490566038,0.0,0.03773584905660377,0.04716981132075472,1,치킨,굽네치킨
ba_10698315,2025-08,0.4,1,1.0,0.0,1.0,0.0,1.0,0.0,0.0,0.0,1,치킨,굽네치킨
ba_10698315,2025-09,0.25,4,0.5,0.25,0.75,0.25,0.0,0.0,0.25,0.0,1,치킨,굽네치킨
ba_10705443,2025-07,0.6571428571428571,7,0.8571428571428571,0.0,0.5714285714285714,0.0,0.14285714285714285,0.0,0.14285714285714285,0.14285714285714285,1,치킨,굽네치킨
ba_10705443,2025-08,0.06666666666666665,3,0.6666666666666666,0.3333333333333333,1.0,0.6666666666666666,0.0,0.0,0.3333333333333333,0.0,0,치킨,굽네치킨
ba_10705443,2025-09,0.45,4,0.5,0.0,0.25,0.0,0.25,0.0,0.0,0.0,0,치킨,굽네치킨
ba_10706208,2025-07,0.5826086956521739,23,0.7391304347826086,0.08695652173913043,0.6086956521739131,0.17391304347826086,0.0,0.0,0.13043478260869565,0.043478260869565216,0,치킨,굽네치킨
ba_10706208,2025-08,0.4782608695652173,23,0.7391304347826086,0.08695652173913043,0.6956521739130435,0.13043478260869565,0.21739130434782608,0.043478260869565216,0.13043478260869565,0.0,1,치킨,굽네치킨
ba_10706208,2025-09,0.7473684210526316,19,0.9473684210526315,0.0,0.7894736842105263,0.0,0.0,0.0,0.10526315789473684,0.05263157894736842,1,치킨,굽네치킨
ba_10739524,2025-08,0.52,5,0.6,0.0,0.6,0.2,0.0,0.0,0.0,0.2,0,치킨,굽네치킨
ba_10739524,2025-09,0.8,2,1.0,0.0,1.0,0.0,1.0,0.0,0.5,0.0,0,치킨,굽네치킨
ba_10739556,2025-07,0.5666666666666667,6,0.6666666666666666,0.0,0.6666666666666666,0.0,0.0,0.0,0.0,0.16666666666666666,0,치킨,굽네치킨
ba_10739556,2025-08,0.4444444444444444,9,0.6666666666666666,0.0,0.5555555555555556,0.0,0.2222222222222222,0.0,0.0,0.0,1,치킨,굽네치킨
ba_10739556,2025-09,0.4166666666666667,12,0.6666666666666666,0.08333333333333333,0.6666666666666666,0.25,0.16666666666666666,0.0,0.0,0.0,1,치킨,굽네치킨
ba_10750970,2025-07,0.4666666666666666,12,0.6666666666666666,0.16666666666666666,0.6666666666666666,0.16666666666666666,0.0,0.0,0.08333333333333333,0.08333333333333333,0,치킨,굽네치킨
ba_10750970,2025-08,0.8222222222222222,9,0.8888888888888888,0.1111111111111111,0.8888888888888888,0.1111111111111111,0.2222222222222222,0.1111111111111111,0.1111111111111111,0.1111111111111111,0,치킨,굽네치킨
ba_10750970,2025-09,0.41428571428571426,14,0.7142857142857143,0.07142857142857142,0.42857142857142855,0.0,0.2857142857142857,0.0,0.0,0.14285714285714285,1,치킨,굽네치킨
ba_10759478,2025-07,0.6285714285714284,7,0.7142857142857143,0.14285714285714285,0.5714285714285714,0.14285714285714285,0.14285714285714285,0.0,0.2857142857142857,0.14285714285714285,1,치킨,굽네치킨
ba_10759478,2025-08,0.6,8,1.0,0.0,0.625,0.0,0.125,0.0,0.125,0.125,1,치킨,굽네치킨
ba_10759478,2025-09,0.5200000000000001,20,0.9,0.05,0.6,0.25,0.3,0.0,0.3,0.0,0,치킨,굽네치킨
ba_10768614,2025-07,0.7200000000000001,15,1.0,0.0,0.8,0.0,0.26666666666666666,0.0,0.0,0.0,0,치킨,굽네치킨
ba_10768614,2025-08,0.76,5,0.8,0.2,1.0,0.0,0.0,0.2,0.0,0.2,0,치킨,굽네치킨
ba_10768614,2025-09,1.0,5,1.0,0.0,1.0,0.0,0.4,0.0,0.0,0.0,0,치킨,굽네치킨
ba_10771255,2025-07,0.6717391304347828,92,0.9021739130434783,0.010869565217391304,0.782608695652174,0.13043478260869565,0.14130434782608695,0.0,0.05434782608695652,0.08695652173913043,0,치킨,굽네치킨
ba_10771255,2025-08,0.7410526315789476,95,0.8842105263157894,0.021052631578947368,0.8315789473684211,0.042105263157894736,0.2,0.0,0.010526315789473684,0.08421052631578947,0,치킨,굽네치킨
ba_10771255,2025-09,0.7173553719008267,121,0.8925619834710744,0.008264462809917356,0.8429752066115702,0.09917355371900827,0.12396694214876033,0.01652892561983471,0.01652892561983471,0.06611570247933884,0,치킨,굽네치킨
ba_10774000,2025-07,0.6454545454545454,44,0.9318181818181818,0.0,0.7727272727272727,0.06818181818181818,0.022727272727272728,0.022727272727272728,0.045454545454545456,0.09090909090909091,0,치킨,굽네치킨
ba_10774000,2025-08,0.7090909090909091,44,0.9090909090909091,0.0,0.7272727272727273,0.045454545454545456,0.09090909090909091,0.0,0.045454545454545456,0.06818181818181818,0,치킨,굽네치킨
ba_10774000,2025-09,0.75,40,0.9,0.025,0.825,0.075,0.1,0.0,0.0,0.1,0,치킨,굽네치킨
ba_10774794,2025-07,0.6545454545454545,11,0.9090909090909091,0.0,0.9090909090909091,0.0,0.09090909090909091,0.0,0.0,0.0,0,치킨,굽네치킨
ba_10774794,2025-08,0.7555555555555556,9,0.8888888888888888,0.0,0.7777777777777778,0.2222222222222222,0.0,0.0,0.2222222222222222,0.1111111111111111,0,치킨,굽네치킨
ba_10774794,2025-09,0.625,8,0.875,0.0,0.75,0.0,0.0,0.0,0.125,0.0,0,치킨,굽네치킨
ba_10776500,2025-07,0.5166666666666666,12,0.8333333333333334,0.08333333333333333,0.6666666666666666,0.16666666666666666,0.08333333333333333,0.0,0.0,0.16666666666666666,1,치킨,굽네치킨
ba_10776500,2025-08,0.43999999999999995,5,0.8,0.2,0.8,0.0,0.2,0.0,0.0,0.2,1,치킨,굽네치킨
ba_10776500,2025-09,0.6444444444444444,9,0.7777777777777778,0.1111111111111111,0.7777777777777778,0.1111111111111111,0.0,0.0,0.1111111111111111,0.1111111111111111,0,치킨,굽네치킨
ba_10798649,2025-09,0.6152173913043478,92,0.8260869565217391,0.03260869565217391,0.6521739130434783,0.14130434782608695,0.021739130434782608,0.010869565217391304,0.06521739130434782,0.03260869565217391,0,치킨,굽네치킨
ba_10798649,2025-07,0.6678899082568811,109,0.8623853211009175,0.027522935779816515,0.7706422018348624,0.06422018348623854,0.12844036697247707,0.0,0.045871559633027525,0.10091743119266056,0,치킨,굽네치킨
ba_10798649,2025-08,0.6406504065040649,123,0.7886178861788617,0.04065040650406504,0.6829268292682927,0.10569105691056911,0.04878048780487805,0.0,0.07317073170731707,0.10569105691056911,0,치킨,굽네치킨
ba_10800862,2025-07,0.7763779527559055,127,0.905511811023622,0.015748031496062992,0.8661417322834646,0.09448818897637795,0.07874015748031496,0.0,0.07086614173228346,0.05511811023622047,0,치킨,굽네치킨
ba_10800862,2025-08,0.7303030303030306,132,0.8636363636363636,0.03787878787878788,0.7954545454545454,0.09090909090909091,0.045454545454545456,0.0,0.03787878787878788,0.045454545454545456,0,치킨,굽네치킨
ba_10800862,2025-09,0.7442857142857142,140,0.8928571428571429,0.03571428571428571,0.7857142857142857,0.08571428571428572,0.05,0.014285714285714285,0.08571428571428572,0.09285714285714286,0,치킨,굽네치킨
ba_10821092,2025-07,0.7420289855072465,69,0.855072463768116,0.028985507246376812,0.8115942028985508,0.10144927536231885,0.043478260869565216,0.0,0.028985507246376812,0.057971014492753624,0,치킨,굽네치킨
ba_10821092,2025-08,0.7285714285714285,70,0.9,0.02857142857142857,0.8142857142857143,0.1,0.11428571428571428,0.0,0.1,0.11428571428571428,0,치킨,굽네치킨
ba_10821092,2025-09,0.7020408163265306,49,0.8979591836734694,0.04081632653061224,0.8367346938775511,0.061224489795918366,0.10204081632653061,0.0,0.061224489795918366,0.08163265306122448,0,치킨,굽네치킨
ba_10841421,2025-09,0.34545454545454546,11,0.5454545454545454,0.2727272727272727,0.6363636363636364,0.2727272727272727,0.36363636363636365,0.0,0.09090909090909091,0.0,0,치킨,굽네치킨
ba_10841421,2025-08,0.5,6,0.8333333333333334,0.0,0.6666666666666666,0.16666666666666666,0.0,0.0,0.0,0.16666666666666666,1,치킨,굽네치킨
ba_10841883,2025-07,0.7047619047619047,63,0.9047619047619048,0.031746031746031744,0.8888888888888888,0.1111111111111111,0.1111111111111111,0.0,0.07936507936507936,0.07936507936507936,1,치킨,굽네치킨
ba_10841883,2025-08,0.6550458715596333,109,0.8532110091743119,0.045871559633027525,0.8073394495412844,0.07339449541284404,0.11926605504587157,0.01834862385321101,0.09174311926605505,0.10091743119266056,1,치킨,굽네치킨
ba_10841883,2025-09,0.6757396449704139,169,0.8106508875739645,0.011834319526627219,0.7633136094674556,0.08284023668639054,0.05917159763313609,0.011834319526627219,0.07100591715976332,0.05917159763313609,1,치킨,굽네치킨
ba_10872945,2025-08,0.6565217391304348,46,0.9130434782608695,0.021739130434782608,0.6739130434782609,0.06521739130434782,0.10869565217391304,0.0,0.08695652173913043,0.08695652173913043,1,치킨,굽네치킨
ba_10872945,2025-09,0.6880000000000002,75,0.8666666666666667,0.0,0.7866666666666666,0.02666666666666667,0.06666666666666667,0.0,0.05333333333333334,0.02666666666666667,1,치킨,굽네치킨
ba_10872945,2025-07,0.31999999999999995,5,0.8,0.0,0.2,0.2,0.0,0.0,0.0,0.0,1,치킨,굽네치킨
ba_12014214,2025-07,0.9199999999999999,10,1.0,0.0,1.0,0.2,0.2,0.0,0.1,0.0,0,치킨,굽네치킨
ba_12014214,2025-08,1.0,8,1.0,0.0,1.0,0.0,0.125,0.0,0.0,0.0,0,치킨,굽네치킨
ba_12014214,2025-09,0.31428571428571433,7,0.42857142857142855,0.14285714285714285,0.42857142857142855,0.2857142857142857,0.0,0.0,0.14285714285714285,0.0,0,치킨,굽네치킨
ba_12015187,2025-08,1.0,1,1.0,0.0,1.0,0.0,0.0,0.0,0.0,0.0,0,피자,굽네치킨
ba_12016615,2025-09,0.6,2,1.0,0.0,0.5,0.0,0.0,0.0,0.0,0.0,0,피자,굽네치킨
ba_12020564,2025-07,0.9,6,1.0,0.0,0.8333333333333334,0.0,0.0,0.0,0.0,0.0,0,피자,굽네치킨
ba_12020564,2025-08,0.6,3,1.0,0.0,1.0,0.0,0.0,0.0,0.0,0.0,0,피자,굽네치킨
ba_12020564,2025-09,0.6,4,1.0,0.0,1.0,0.0,0.0,0.0,0.0,0.0,0,피자,굽네치킨
ba_12029686,2025-08,0.0,3,0.0,0.0,0.0,0.0,0.0,0.0,0.0,0.0,0,치킨,굽네치킨
ba_12029686,2025-09,0.26666666666666666,3,0.6666666666666666,0.3333333333333333,0.6666666666666666,0.0,0.6666666666666666,0.3333333333333333,0.0,0.0,0,치킨,굽네치킨
ba_13052096,2025-07,0.6980392156862747,51,0.8823529411764706,0.0196078431372549,0.8431372549019608,0.0784313725490196,0.11764705882352941,0.0,0.09803921568627451,0.0196078431372549,1,치킨,굽네치킨
ba_13052096,2025-08,0.6882352941176471,68,0.8823529411764706,0.029411764705882353,0.75,0.04411764705882353,0.10294117647058823,0.0,0.04411764705882353,0.029411764705882353,1,치킨,굽네치킨
ba_13052096,2025-09,0.6692307692307694,78,0.8461538461538461,0.0641025641025641,0.8333333333333334,0.05128205128205128,0.14102564102564102,0.01282051282051282,0.1282051282051282,0.08974358974358974,0,치킨,굽네치킨
ba_13062668,2025-07,0.5599999999999999,5,0.6,0.2,0.6,0.2,0.2,0.0,0.2,0.4,0,치킨,굽네치킨
ba_13062668,2025-08,0.5,6,0.6666666666666666,0.16666666666666666,0.8333333333333334,0.0,0.0,0.0,0.0,0.16666666666666666,1,치킨,굽네치킨
ba_13062668,2025-09,0.7428571428571428,7,0.8571428571428571,0.0,0.5714285714285714,0.0,0.42857142857142855,0.0,0.14285714285714285,0.0,1,치킨,굽네치킨
ba_13076527,2025-07,0.6580000000000001,100,0.86,0.05,0.82,0.11,0.21,0.0,0.07,0.03,0,치킨,굽네치킨
ba_13076527,2025-08,0.6417582417582418,91,0.8351648351648352,0.04395604395604396,0.7582417582417582,0.07692307692307693,0.08791208791208792,0.0,0.03296703296703297,0.07692307692307693,0,치킨,굽네치킨
ba_13076527,2025-09,0.6598130841121496,107,0.8411214953271028,0.056074766355140186,0.7663551401869159,0.11214953271028037,0.1588785046728972,0.018691588785046728,0.07476635514018691,0.028037383177570093,0,치킨,굽네치킨
ba_13081281,2025-07,0.6333333333333333,6,0.8333333333333334,0.16666666666666666,0.8333333333333334,0.16666666666666666,0.16666666666666666,0.0,0.16666666666666666,0.16666666666666666,0,치킨,굽네치킨
ba_13081281,2025-08,0.35000000000000003,8,0.5,0.0,0.625,0.125,0.25,0.0,0.0,0.0,1,치킨,굽네치킨
ba_13081281,2025-09,0.76,5,1.0,0.0,0.8,0.0,0.2,0.0,0.2,0.2,1,치킨,굽네치킨
ba_13103901,2025-07,1.0,3,1.0,0.0,1.0,0.0,0.0,0.0,0.0,0.0,0,피자,굽네치킨
ba_13103901,2025-08,0.8,1,1.0,0.0,1.0,0.0,1.0,0.0,0.0,0.0,0,피자,굽네치킨
ba_13103901,2025-09,1.0,1,1.0,0.0,1.0,0.0,0.0,0.0,0.0,0.0,0,피자,굽네치킨
ba_13168465,2025-07,1.0,3,1.0,0.0,1.0,0.0,0.0,0.0,0.0,0.0,1,백반·죽·국수,본그룹
ba_13181486,2025-08,1.0,2,1.0,0.0,1.0,1.0,0.0,0.0,0.5,1.0,1,백반·죽·국수,본그룹
ba_13181486,2025-09,0.8666666666666667,6,1.0,0.0,0.8333333333333334,0.16666666666666666,0.16666666666666666,0.0,0.6666666666666666,0.5,1,백반·죽·국수,본그룹
ba_13181486,2025-07,0.38,10,0.7,0.2,0.5,0.1,0.4,0.0,0.5,0.1,1,백반·죽·국수,본그룹
ba_13181699,2025-09,1.0,1,1.0,0.0,1.0,0.0,0.0,0.0,1.0,0.0,1,백반·죽·국수,본그룹
ba_13181719,2025-09,1.0,1,1.0,0.0,1.0,0.0,0.0,0.0,0.0,0.0,1,백반·죽·국수,본그룹
ba_13181957,2025-08,0.86,10,0.9,0.0,0.9,0.2,0.0,0.0,0.2,0.0,0,백반·죽·국수,본그룹
ba_13181957,2025-09,0.6285714285714287,7,0.8571428571428571,0.0,0.42857142857142855,0.0,0.14285714285714285,0.0,0.2857142857142857,0.14285714285714285,0,백반·죽·국수,본그룹
ba_13182018,2025-07,0.7000000000000001,6,1.0,0.0,0.6666666666666666,0.16666666666666666,0.0,0.0,0.5,0.16666666666666666,0,백반·죽·국수,본그룹
ba_13182018,2025-08,0.9,2,1.0,0.0,1.0,0.0,0.0,0.0,0.5,0.0,0,백반·죽·국수,본그룹
ba_13182129,2025-07,0.4,2,0.5,0.0,0.5,0.0,0.0,0.0,0.5,0.0,0,백반·죽·국수,본그룹
ba_13182129,2025-08,0.5200000000000001,5,1.0,0.0,0.2,0.4,0.0,0.0,0.4,0.0,0,백반·죽·국수,본그룹
ba_13188150,2025-09,0.5,4,0.5,0.0,0.5,0.25,0.0,0.0,0.0,0.25,0,백반·죽·국수,본그룹
ba_13188150,2025-08,1.0,1,1.0,0.0,1.0,0.0,0.0,0.0,0.0,0.0,0,백반·죽·국수,본그룹
ba_13189894,2025-08,0.85,4,1.0,0.0,0.75,0.75,0.0,0.0,0.75,0.0,0,백반·죽·국수,본그룹
ba_13193158,2025-09,0.0,1,0.0,0.0,0.0,0.0,0.0,0.0,0.0,0.0,1,백반·죽·국수,본그룹
ba_13199208,2025-09,1.0,1,1.0,0.0,1.0,0.0,0.0,0.0,1.0,0.0,1,백반·죽·국수,본그룹
ba_13199335,2025-08,0.4,1,1.0,0.0,0.0,0.0,0.0,0.0,0.0,0.0,0,백반·죽·국수,본그룹
ba_13199394,2025-07,1.0,2,1.0,0.0,1.0,0.0,0.0,0.0,0.5,0.0,1,백반·죽·국수,본그룹
ba_13199394,2025-08,0.6,1,1.0,0.0,0.0,0.0,1.0,0.0,0.0,0.0,0,백반·죽·국수,본그룹
ba_13199394,2025-09,1.0,1,1.0,0.0,1.0,0.0,0.0,0.0,1.0,0.0,0,백반·죽·국수,본그룹
ba_13199864,2025-07,1.0,5,1.0,0.0,1.0,0.4,0.0,0.0,0.0,0.0,1,백반·죽·국수,본그룹
ba_13199864,2025-08,0.46666666666666673,6,1.0,0.0,0.8333333333333334,0.0,0.0,0.0,0.16666666666666666,0.0,0,백반·죽·국수,본그룹
ba_13203399,2025-07,0.7999999999999999,19,0.9473684210526315,0.0,0.5263157894736842,0.21052631578947367,0.21052631578947367,0.0,0.631578947368421,0.0,1,백반·죽·국수,본그룹
ba_13203399,2025-08,0.3111111111111111,9,0.6666666666666666,0.1111111111111111,0.3333333333333333,0.0,0.0,0.0,0.4444444444444444,0.0,1,백반·죽·국수,본그룹
ba_13203399,2025-09,1.0,5,1.0,0.0,1.0,0.4,0.4,0.0,0.6,0.0,0,백반·죽·국수,본그룹
ba_13219094,2025-09,1.0,1,1.0,0.0,1.0,0.0,0.0,0.0,0.0,0.0,0,백반·죽·국수,본그룹
ba_13219951,2025-08,0.5333333333333333,3,0.6666666666666666,0.3333333333333333,0.3333333333333333,0.0,0.3333333333333333,0.0,0.0,0.3333333333333333,0,백반·죽·국수,본그룹
ba_13221638,2025-08,1.0,1,1.0,0.0,1.0,0.0,0.0,0.0,0.0,0.0,0,백반·죽·국수,본그룹
ba_13221638,2025-09,1.0,2,1.0,0.0,1.0,0.5,0.0,0.0,0.0,0.0,0,백반·죽·국수,본그룹
ba_13221638,2025-07,1.0,4,1.0,0.0,1.0,0.0,0.5,0.0,0.0,0.0,1,백반·죽·국수,본그룹
ba_13221975,2025-07,0.4,1,1.0,0.0,0.0,0.0,0.0,0.0,0.0,0.0,0,백반·죽·국수,본그룹
ba_13221975,2025-08,0.5,4,1.0,0.0,0.25,0.0,0.0,0.0,0.0,0.5,1,백반·죽·국수,본그룹
ba_13221975,2025-09,0.6,1,1.0,0.0,1.0,0.0,0.0,0.0,0.0,0.0,0,백반·죽·국수,본그룹
ba_13222051,2025-09,1.0,1,1.0,0.0,1.0,0.0,0.0,0.0,0.0,0.0,0,백반·죽·국수,본그룹
ba_13222051,2025-07,0.6666666666666666,6,0.6666666666666666,0.0,0.3333333333333333,0.3333333333333333,0.3333333333333333,0.3333333333333333,0.3333333333333333,0.0,1,백반·죽·국수,본그룹
ba_13222051,2025-08,1.0,2,1.0,0.0,1.0,0.0,0.0,0.0,0.0,1.0,0,백반·죽·국수,본그룹
ba_13222170,2025-08,0.846153846153846,13,1.0,0.0,0.6153846153846154,0.15384615384615385,0.15384615384615385,0.0,0.6923076923076923,0.0,1,백반·죽·국수,본그룹
ba_13222170,2025-07,0.75,16,1.0,0.0,0.5,0.1875,0.0,0.0,0.1875,0.1875,1,백반·죽·국수,본그룹
ba_13222170,2025-09,0.7750000000000001,8,1.0,0.0,0.75,0.0,0.0,0.0,0.0,0.0,0,백반·죽·국수,본그룹
ba_13223141,2025-08,0.4,1,1.0,0.0,0.0,0.0,0.0,0.0,0.0,0.0,1,백반·죽·국수,본그룹
ba_13223141,2025-09,1.0,1,1.0,0.0,1.0,0.0,0.0,0.0,0.0,0.0,1,백반·죽·국수,본그룹
ba_13223329,2025-08,1.0,1,1.0,0.0,1.0,0.0,1.0,1.0,0.0,1.0,1,백반·죽·국수,본그룹
ba_13223504,2025-08,0.9,2,1.0,0.0,1.0,0.0,0.5,0.0,0.0,0.0,1,백반·죽·국수,본그룹
ba_13223504,2025-09,0.6,1,1.0,0.0,0.0,0.0,0.0,0.0,1.0,0.0,1,백반·죽·국수,본그룹
ba_13223520,2025-08,1.0,2,1.0,0.0,1.0,0.0,0.0,0.0,0.0,0.0,0,백반·죽·국수,본그룹
ba_13223538,2025-08,1.0,2,1.0,0.0,1.0,0.0,0.0,0.0,0.0,0.0,0,백반·죽·국수,본그룹
ba_13223538,2025-09,1.0,4,1.0,0.0,1.0,0.0,0.0,0.0,0.0,0.0,0,백반·죽·국수,본그룹
ba_13223654,2025-08,0.3739130434782609,23,0.6086956521739131,0.0,0.30434782608695654,0.6086956521739131,0.13043478260869565,0.0,0.17391304347826086,0.043478260869565216,1,백반·죽·국수,본그룹
ba_13223654,2025-09,0.48800000000000004,25,0.76,0.08,0.52,0.48,0.04,0.0,0.08,0.0,1,백반·죽·국수,본그룹
ba_13223654,2025-07,0.2,1,1.0,0.0,1.0,0.0,0.0,0.0,1.0,0.0,1,백반·죽·국수,본그룹
ba_13224027,2025-09,0.6,1,1.0,0.0,0.0,0.0,1.0,0.0,0.0,0.0,0,백반·죽·국수,본그룹
ba_13224710,2025-09,-0.30000000000000004,2,0.5,0.5,0.0,0.0,0.5,0.0,0.5,0.0,0,백반·죽·국수,본그룹
ba_13224802,2025-09,1.0,2,1.0,0.0,1.0,0.0,0.0,0.0,0.0,0.0,0,백반·죽·국수,본그룹
ba_13224844,2025-09,-0.4,1,0.0,1.0,1.0,1.0,1.0,0.0,0.0,0.0,0,백반·죽·국수,본그룹
ba_13225842,2025-07,1.0,2,1.0,0.0,1.0,0.5,0.5,0.0,1.0,0.5,1,백반·죽·국수,본그룹
ba_13225842,2025-08,0.2,1,1.0,0.0,0.0,0.0,0.0,0.0,0.0,0.0,0,백반·죽·국수,본그룹
ba_13225939,2025-08,0.8333333333333334,6,1.0,0.0,0.8333333333333334,0.0,0.16666666666666666,0.0,0.16666666666666666,0.0,0,백반·죽·국수,본그룹
ba_13225939,2025-09,0.7,8,1.0,0.0,0.625,0.125,0.125,0.0,0.375,0.0,1,백반·죽·국수,본그룹
ba_13226546,2025-08,0.0,1,0.0,0.0,0.0,0.0,0.0,0.0,0.0,0.0,0,백반·죽·국수,본그룹
ba_13226843,2025-08,0.8,2,1.0,0.0,0.5,0.0,0.5,0.0,0.0,0.0,0,백반·죽·국수,본그룹
ba_13226843,2025-09,0.5,2,0.5,0.0,0.5,0.0,0.5,0.0,0.0,0.0,0,백반·죽·국수,본그룹
ba_13226860,2025-07,0.5666666666666668,6,1.0,0.0,0.5,0.16666666666666666,0.16666666666666666,0.0,0.3333333333333333,0.16666666666666666,0,백반·죽·국수,본그룹
ba_13226860,2025-08,0.47692307692307695,13,0.8461538461538461,0.07692307692307693,0.6923076923076923,0.38461538461538464,0.07692307692307693,0.0,0.23076923076923078,0.0,1,백반·죽·국수,본그룹
ba_13226860,2025-09,0.6333333333333334,6,1.0,0.0,0.8333333333333334,0.0,0.16666666666666666,0.0,0.3333333333333333,0.16666666666666666,0,백반·죽·국수,본그룹
ba_13226947,2025-07,1.0,5,1.0,0.0,1.0,0.0,0.0,0.0,0.6,0.0,1,백반·죽·국수,본그룹
ba_13227516,2025-09,0.6666666666666666,3,0.6666666666666666,0.0,0.6666666666666666,0.0,0.3333333333333333,0.0,0.0,0.0,0,백반·죽·국수,본그룹
ba_13227516,2025-07,0.5333333333333333,3,0.6666666666666666,0.3333333333333333,0.6666666666666666,0.0,0.0,0.0,0.0,0.0,0,백반·죽·국수,본그룹
ba_13227516,2025-08,0.0,2,0.0,0.0,0.0,0.0,0.0,0.0,0.0,0.0,0,백반·죽·국수,본그룹
ba_13227543,2025-08,0.6857142857142858,7,0.8571428571428571,0.0,0.8571428571428571,0.2857142857142857,0.2857142857142857,0.0,0.2857142857142857,0.0,0,백반·죽·국수,본그룹
ba_13227543,2025-09,0.15555555555555556,9,0.2222222222222222,0.1111111111111111,0.2222222222222222,0.1111111111111111,0.0,0.0,0.0,0.0,0,백반·죽·국수,본그룹
ba_13227659,2025-07,0.6,1,1.0,0.0,0.0,0.0,0.0,0.0,1.0,0.0,0,백반·죽·국수,본그룹
ba_13227696,2025-07,0.5777777777777777,9,1.0,0.0,0.4444444444444444,0.2222222222222222,0.1111111111111111,0.0,0.3333333333333333,0.0,0,백반·죽·국수,본그룹
ba_13227696,2025-09,0.6571428571428573,7,0.8571428571428571,0.0,0.5714285714285714,0.42857142857142855,0.42857142857142855,0.0,0.2857142857142857,0.14285714285714285,1,백반·죽·국수,본그룹
ba_13228166,2025-09,1.0,2,1.0,0.0,1.0,0.5,0.0,0.0,0.0,0.0,0,백반·죽·국수,본그룹
ba_13228453,2025-09,0.8,2,1.0,0.0,1.0,0.0,0.0,0.0,0.0,0.0,0,백반·죽·국수,본그룹
ba_13228647,2025-07,1.0,4,1.0,0.0,1.0,0.25,0.25,0.0,0.75,0.25,0,백반·죽·국수,본그룹
ba_13228647,2025-08,0.2,1,1.0,0.0,0.0,0.0,0.0,0.0,1.0,0.0,0,백반·죽·국수,본그룹
ba_13228668,2025-07,0.8666666666666667,9,1.0,0.0,0.5555555555555556,0.2222222222222222,0.0,0.0,0.0,0.0,1,백반·죽·국수,본그룹
ba_13228668,2025-08,0.8857142857142858,7,1.0,0.0,0.8571428571428571,0.0,0.5714285714285714,0.0,0.14285714285714285,0.0,0,백반·죽·국수,본그룹
ba_13228668,2025-09,0.4,1,1.0,0.0,0.0,0.0,0.0,0.0,0.0,0.0,0,백반·죽·국수,본그룹
ba_13228675,2025-08,0.8666666666666667,3,1.0,0.0,1.0,0.0,0.0,0.0,0.0,0.0,0,백반·죽·국수,본그룹
ba_13228677,2025-08,0.9333333333333332,3,1.0,0.0,1.0,0.6666666666666666,0.0,0.0,1.0,0.0,0,백반·죽·국수,본그룹
ba_13228677,2025-09,1.0,1,1.0,0.0,1.0,1.0,0.0,0.0,0.0,0.0,0,백반·죽·국수,본그룹
ba_13228869,2025-08,0.8,2,1.0,0.0,0.0,0.0,0.0,0.0,1.0,0.0,1,백반·죽·국수,본그룹
ba_13228878,2025-09,0.5,2,0.5,0.0,0.5,0.0,0.0,0.0,0.0,0.0,1,백반·죽·국수,본그룹
ba_13228909,2025-08,1.0,2,1.0,0.0,1.0,0.0,0.0,0.0,1.0,0.0,1,백반·죽·국수,본그룹
ba_13228945,2025-09,1.0,1,1.0,0.0,1.0,0.0,0.0,0.0,0.0,0.0,1,백반·죽·국수,본그룹
ba_13228993,2025-08,0.6,1,1.0,0.0,1.0,0.0,0.0,0.0,0.0,0.0,1,백반·죽·국수,본그룹
ba_13229107,2025-09,0.13333333333333333,3,0.3333333333333333,0.0,0.0,0.0,0.0,0.0,0.0,0.0,1,백반·죽·국수,본그룹
ba_13229107,2025-08,1.0,1,1.0,0.0,1.0,0.0,0.0,0.0,0.0,0.0,1,백반·죽·국수,본그룹
ba_13229152,2025-08,0.2,4,0.5,0.0,0.0,0.0,0.0,0.0,0.0,0.0,0,백반·죽·국수,본그룹
ba_13229152,2025-09,1.0,2,1.0,0.0,1.0,0.0,0.0,0.0,0.0,0.0,0,백반·죽·국수,본그룹
ba_13229173,2025-08,1.0,1,1.0,0.0,1.0,1.0,0.0,0.0,0.0,0.0,0,백반·죽·국수,본그룹
ba_13229184,2025-08,1.0,1,1.0,0.0,1.0,0.0,0.0,0.0,1.0,1.0,1,백반·죽·국수,본그룹
ba_13229527,2025-07,1.0,6,1.0,0.0,1.0,0.0,0.3333333333333333,0.0,0.0,0.0,1,백반·죽·국수,본그룹
ba_13229527,2025-08,1.0,2,1.0,0.0,1.0,0.0,0.0,0.0,0.0,0.0,0,백반·죽·국수,본그룹
ba_13229527,2025-09,0.9333333333333332,3,1.0,0.0,1.0,0.3333333333333333,0.0,0.0,0.3333333333333333,0.0,0,백반·죽·국수,본그룹
ba_13229747,2025-08,1.0,1,1.0,0.0,1.0,0.0,0.0,0.0,0.0,0.0,0,백반·죽·국수,본그룹
ba_13229858,2025-09,0.6,1,1.0,0.0,0.0,0.0,1.0,0.0,0.0,0.0,1,백반·죽·국수,본그룹
ba_13229960,2025-07,0.3,2,0.5,0.0,0.5,0.0,0.0,0.0,0.0,0.0,0,백반·죽·국수,본그룹
ba_13230007,2025-09,0.0,1,0.0,0.0,0.0,0.0,0.0,0.0,0.0,0.0,0,백반·죽·국수,본그룹
ba_13230793,2025-08,1.0,1,1.0,0.0,1.0,0.0,0.0,0.0,0.0,0.0,0,백반·죽·국수,본그룹
ba_13230793,2025-09,0.4,2,0.5,0.5,1.0,0.0,0.5,0.0,0.5,0.0,0,백반·죽·국수,본그룹
ba_13230813,2025-09,1.0,1,1.0,0.0,1.0,0.0,0.0,0.0,0.0,0.0,0,백반·죽·국수,본그룹
ba_13230834,2025-08,0.6,1,1.0,0.0,0.0,0.0,0.0,0.0,0.0,0.0,1,백반·죽·국수,본그룹
ba_13230838,2025-09,0.4,1,1.0,0.0,0.0,0.0,0.0,0.0,0.0,0.0,0,백반·죽·국수,본그룹
ba_13230903,2025-07,1.0,2,1.0,0.0,1.0,0.5,0.0,0.0,0.5,0.0,1,백반·죽·국수,본그룹
ba_13230903,2025-08,1.0,3,1.0,0.0,1.0,0.0,0.0,0.0,0.3333333333333333,0.3333333333333333,0,백반·죽·국수,본그룹
ba_13230921,2025-08,0.4,2,1.0,0.0,0.0,0.0,1.0,0.0,1.0,1.0,0,백반·죽·국수,본그룹
ba_13231050,2025-08,0.4,1,1.0,0.0,0.0,0.0,0.0,0.0,0.0,0.0,1,백반·죽·국수,본그룹
ba_13231120,2025-08,0.6,1,1.0,0.0,0.0,0.0,0.0,0.0,0.0,0.0,1,백반·죽·국수,본그룹
ba_13231147,2025-08,1.0,2,1.0,0.0,1.0,0.0,0.0,0.0,1.0,0.0,1,백반·죽·국수,본그룹
ba_13231147,2025-09,0.1,2,0.5,0.0,0.0,0.0,0.0,0.0,0.5,0.0,1,백반·죽·국수,본그룹
ba_13231481,2025-09,0.4,2,1.0,0.0,0.5,0.5,0.5,0.0,1.0,0.0,0,백반·죽·국수,본그룹
ba_13231795,2025-08,0.7,2,1.0,0.0,0.5,0.0,0.0,0.0,0.5,0.0,1,백반·죽·국수,본그룹
ba_13231958,2025-08,1.0,1,1.0,0.0,1.0,0.0,1.0,0.0,0.0,0.0,1,백반·죽·국수,본그룹
ba_13232110,2025-09,0.5333333333333333,3,0.6666666666666666,0.0,0.6666666666666666,0.0,0.3333333333333333,0.0,0.0,0.0,0,백반·죽·국수,본그룹
ba_13232134,2025-08,0.4,1,1.0,0.0,0.0,0.0,0.0,0.0,0.0,0.0,0,백반·죽·국수,본그룹
ba_13232348,2025-08,0.4,1,1.0,0.0,0.0,0.0,0.0,0.0,0.0,0.0,0,백반·죽·국수,본그룹
ba_13232348,2025-09,1.0,1,1.0,0.0,1.0,0.0,1.0,0.0,1.0,0.0,0,백반·죽·국수,본그룹
ba_13232508,2025-08,1.0,1,1.0,0.0,1.0,0.0,1.0,0.0,1.0,0.0,0,백반·죽·국수,본그룹
ba_13232508,2025-09,1.0,1,1.0,0.0,1.0,0.0,0.0,0.0,0.0,0.0,0,백반·죽·국수,본그룹
ba_13233115,2025-07,0.7555555555555556,9,0.8888888888888888,0.0,0.8888888888888888,0.2222222222222222,0.1111111111111111,0.0,0.2222222222222222,0.0,1,백반·죽·국수,본그룹
ba_13233115,2025-08,0.6000000000000001,4,1.0,0.0,0.25,0.25,0.0,0.0,0.25,0.0,1,백반·죽·국수,본그룹
ba_13233115,2025-09,0.9,2,1.0,0.0,0.5,0.5,0.0,0.0,0.0,0.0,0,백반·죽·국수,본그룹
ba_13233212,2025-09,0.9,2,1.0,0.0,1.0,0.0,0.0,0.0,0.0,0.0,0,백반·죽·국수,본그룹
ba_13233433,2025-08,0.0,1,0.0,0.0,0.0,0.0,0.0,0.0,0.0,0.0,0,백반·죽·국수,본그룹
ba_13233433,2025-09,1.0,1,1.0,0.0,1.0,0.0,0.0,0.0,0.0,0.0,0,백반·죽·국수,본그룹
ba_13233436,2025-08,0.7,2,1.0,0.0,0.5,0.0,0.5,0.0,0.5,0.0,0,백반·죽·국수,본그룹
ba_13233445,2025-08,0.6,3,1.0,0.0,1.0,0.0,0.0,0.0,0.0,0.0,0,백반·죽·국수,본그룹
ba_13233445,2025-09,1.0,1,1.0,0.0,1.0,0.0,0.0,0.0,0.0,0.0,0,백반·죽·국수,본그룹
ba_13233448,2025-08,0.0,2,0.0,0.0,0.0,0.0,0.0,0.0,0.0,0.0,0,백반·죽·국수,본그룹
ba_13233454,2025-07,0.06666666666666667,3,0.3333333333333333,0.0,0.0,0.3333333333333333,0.0,0.0,0.3333333333333333,0.0,0,백반·죽·국수,본그룹
ba_13233454,2025-08,1.0,1,1.0,0.0,1.0,1.0,0.0,0.0,0.0,0.0,0,백반·죽·국수,본그룹
ba_13233454,2025-09,0.0,1,0.0,0.0,0.0,0.0,0.0,0.0,0.0,0.0,0,백반·죽·국수,본그룹
ba_13233457,2025-08,0.4,4,1.0,0.0,0.5,0.25,0.0,0.0,0.5,0.0,0,백반·죽·국수,본그룹
ba_13233463,2025-07,0.7,2,1.0,0.0,0.5,0.0,0.0,0.0,0.0,0.0,0,백반·죽·국수,본그룹
ba_13233463,2025-09,1.0,2,1.0,0.0,1.0,1.0,0.0,0.0,0.5,0.0,0,백반·죽·국수,본그룹
ba_13233483,2025-09,1.0,1,1.0,0.0,1.0,0.0,1.0,0.0,0.0,0.0,0,백반·죽·국수,본그룹
ba_13233483,2025-07,0.2,4,0.5,0.5,0.5,0.5,0.0,0.0,0.0,0.0,0,백반·죽·국수,본그룹
ba_13233483,2025-08,0.8,5,0.8,0.0,0.8,0.2,0.4,0.2,0.0,0.0,0,백반·죽·국수,본그룹
ba_13233484,2025-09,1.0,1,1.0,0.0,1.0,0.0,0.0,0.0,1.0,1.0,0,백반·죽·국수,본그룹
ba_13233506,2025-09,0.7,2,1.0,0.0,0.5,0.0,0.0,0.0,0.0,0.0,0,백반·죽·국수,본그룹
ba_13233506,2025-08,0.8,1,1.0,0.0,0.0,0.0,0.0,0.0,1.0,0.0,0,백반·죽·국수,본그룹
ba_13233554,2025-08,0.5,2,0.5,0.0,0.5,0.5,0.5,0.0,0.0,0.0,0,백반·죽·국수,본그룹
ba_13233554,2025-09,0.6799999999999999,5,1.0,0.0,0.6,0.0,0.0,0.0,0.4,0.0,0,백반·죽·국수,본그룹
ba_13233576,2025-08,0.9142857142857144,7,1.0,0.0,1.0,0.14285714285714285,0.0,0.0,0.42857142857142855,0.0,1,백반·죽·국수,본그룹
ba_13233576,2025-09,1.0,3,1.0,0.0,1.0,0.0,0.6666666666666666,0.0,0.0,0.0,0,백반·죽·국수,본그룹
ba_13233578,2025-09,1.0,1,1.0,0.0,1.0,0.0,1.0,0.0,0.0,0.0,0,백반·죽·국수,본그룹
ba_13233579,2025-09,1.0,2,1.0,0.0,1.0,1.0,0.5,0.0,0.0,0.0,1,백반·죽·국수,본그룹
ba_13233581,2025-08,0.8,2,1.0,0.0,1.0,0.0,0.0,0.0,0.0,0.0,0,백반·죽·국수,본그룹
ba_13233581,2025-09,0.6,3,0.6666666666666666,0.0,0.6666666666666666,0.0,0.3333333333333333,0.0,0.3333333333333333,0.0,1,백반·죽·국수,본그룹
ba_13233587,2025-07,0.9199999999999999,5,1.0,0.0,0.6,0.0,0.0,0.0,0.4,0.0,1,백반·죽·국수,본그룹
ba_13233587,2025-08,0.5428571428571428,7,0.5714285714285714,0.0,0.42857142857142855,0.0,0.14285714285714285,0.0,0.14285714285714285,0.2857142857142857,0,백반·죽·국수,본그룹
ba_13233587,2025-09,0.6799999999999999,5,1.0,0.0,1.0,0.0,0.0,0.0,0.4,0.0,0,백반·죽·국수,본그룹
ba_13233592,2025-07,1.0,3,1.0,0.0,1.0,0.0,0.0,0.0,0.0,0.0,1,백반·죽·국수,본그룹
ba_13233592,2025-08,0.4,1,1.0,0.0,0.0,0.0,0.0,0.0,0.0,0.0,1,백반·죽·국수,본그룹
ba_13233592,2025-09,0.76,5,1.0,0.0,0.6,0.0,0.0,0.0,0.4,0.0,1,백반·죽·국수,본그룹
ba_13233594,2025-08,0.0,1,0.0,0.0,0.0,0.0,0.0,0.0,0.0,0.0,0,백반·죽·국수,본그룹
ba_13233594,2025-09,1.0,1,1.0,0.0,1.0,0.0,0.0,0.0,0.0,0.0,0,백반·죽·국수,본그룹
ba_13233606,2025-08,0.5,2,0.5,0.0,0.5,0.0,0.0,0.0,0.0,0.0,0,백반·죽·국수,본그룹
ba_13233606,2025-07,0.6,6,1.0,0.0,0.5,0.0,0.5,0.0,0.5,0.0,1,백반·죽·국수,본그룹
ba_13233606,2025-09,0.7714285714285715,7,1.0,0.0,0.42857142857142855,0.2857142857142857,0.2857142857142857,0.0,0.0,0.2857142857142857,0,백반·죽·국수,본그룹
ba_13233607,2025-08,0.39999999999999997,3,0.6666666666666666,0.0,0.3333333333333333,0.0,0.0,0.0,0.6666666666666666,0.0,0,백반·죽·국수,본그룹
ba_13233607,2025-09,0.9,6,1.0,0.0,0.8333333333333334,0.0,0.0,0.0,0.16666666666666666,0.16666666666666666,0,백반·죽·국수,본그룹
ba_13233639,2025-08,1.0,2,1.0,0.0,1.0,0.0,0.0,0.0,0.5,0.5,0,백반·죽·국수,본그룹
ba_13233639,2025-09,1.0,2,1.0,0.0,1.0,0.0,0.0,0.0,0.0,0.0,0,백반·죽·국수,본그룹
ba_13233716,2025-08,0.0,1,0.0,0.0,0.0,0.0,1.0,0.0,0.0,0.0,1,백반·죽·국수,본그룹
ba_13233716,2025-09,1.0,1,1.0,0.0,1.0,0.0,0.0,0.0,0.0,0.0,1,백반·죽·국수,본그룹
ba_13233726,2025-08,0.6000000000000001,4,1.0,0.0,0.25,0.0,0.0,0.0,0.5,0.0,0,백반·죽·국수,본그룹
ba_13233726,2025-09,0.8,4,1.0,0.0,0.5,0.0,0.25,0.0,0.25,0.0,0,백반·죽·국수,본그룹
ba_13233735,2025-07,0.5,6,1.0,0.0,0.5,0.16666666666666666,0.16666666666666666,0.0,0.0,0.0,0,백반·죽·국수,본그룹
ba_13233735,2025-08,0.4,1,1.0,0.0,0.0,0.0,0.0,0.0,0.0,0.0,0,백반·죽·국수,본그룹
ba_13233764,2025-08,0.5333333333333333,3,1.0,0.0,0.0,0.0,0.0,0.0,0.6666666666666666,0.0,0,백반·죽·국수,본그룹
ba_13233778,2025-09,0.8,8,1.0,0.0,0.75,0.0,0.25,0.0,0.375,0.125,0,백반·죽·국수,본그룹
ba_13233778,2025-08,0.9166666666666666,12,0.9166666666666666,0.0,0.75,0.16666666666666666,0.16666666666666666,0.0,0.3333333333333333,0.0,0,백반·죽·국수,본그룹
ba_13233782,2025-07,0.7999999999999999,3,1.0,0.0,0.6666666666666666,0.0,0.0,0.0,0.3333333333333333,0.0,1,백반·죽·국수,본그룹
ba_13233782,2025-08,0.6,3,1.0,0.0,0.3333333333333333,0.0,0.0,0.0,0.0,0.0,1,백반·죽·국수,본그룹
ba_13233782,2025-09,0.8571428571428571,7,1.0,0.0,0.8571428571428571,0.2857142857142857,0.0,0.0,0.5714285714285714,0.2857142857142857,1,백반·죽·국수,본그룹
ba_13233856,2025-08,1.0,2,1.0,0.0,1.0,0.0,0.0,0.0,0.0,0.0,0,백반·죽·국수,본그룹
ba_13234034,2025-08,0.6666666666666666,3,1.0,0.0,0.3333333333333333,0.0,0.0,0.0,0.0,0.0,0,백반·죽·국수,본그룹
ba_13234034,2025-09,0.9,2,1.0,0.0,1.0,0.0,0.0,0.0,0.5,0.5,0,백반·죽·국수,본그룹
ba_13234089,2025-09,-0.2,1,0.0,1.0,0.0,0.0,0.0,0.0,0.0,1.0,0,백반·죽·국수,본그룹
ba_13234089,2025-08,0.6,1,1.0,0.0,0.0,0.0,0.0,0.0,0.0,1.0,1,백반·죽·국수,본그룹
ba_13234101,2025-08,1.0,1,1.0,0.0,1.0,1.0,0.0,0.0,0.0,0.0,0,백반·죽·국수,본그룹
ba_13234188,2025-08,0.0,2,0.0,0.0,0.0,0.0,0.0,0.0,0.0,0.0,0,백반·죽·국수,본그룹
ba_13234188,2025-09,0.2,2,0.5,0.0,0.0,0.0,1.0,0.0,0.5,0.0,0,백반·죽·국수,본그룹
ba_13234193,2025-08,0.2857142857142857,7,0.5714285714285714,0.2857142857142857,0.7142857142857143,0.2857142857142857,0.2857142857142857,0.0,0.14285714285714285,0.0,1,백반·죽·국수,본그룹
ba_13234193,2025-09,0.4333333333333333,6,0.8333333333333334,0.0,0.5,0.16666666666666666,0.0,0.0,0.3333333333333333,0.0,0,백반·죽·국수,본그룹
ba_13234475,2025-08,0.0,2,0.0,0.0,0.0,0.0,0.0,1.0,0.0,0.0,1,백반·죽·국수,본그룹
ba_13234523,2025-09,1.0,1,1.0,0.0,1.0,0.0,0.0,0.0,0.0,0.0,0,백반·죽·국수,본그룹
ba_13234578,2025-07,0.7,2,1.0,0.0,0.5,0.0,0.0,0.0,0.0,0.0,1,백반·죽·국수,본그룹
ba_13234578,2025-08,1.0,2,1.0,0.0,1.0,0.0,0.5,0.0,0.0,0.0,0,백반·죽·국수,본그룹
ba_13234578,2025-09,0.4,1,1.0,0.0,0.0,0.0,0.0,0.0,1.0,0.0,0,백반·죽·국수,본그룹
ba_13234790,2025-07,0.6736842105263157,19,0.8947368421052632,0.05263157894736842,0.7894736842105263,0.15789473684210525,0.15789473684210525,0.0,0.21052631578947367,0.0,1,치킨,굽네치킨
ba_13234790,2025-08,0.6285714285714287,14,0.7142857142857143,0.0,0.5714285714285714,0.14285714285714285,0.14285714285714285,0.0,0.07142857142857142,0.0,0,치킨,굽네치킨
ba_13234790,2025-09,0.8222222222222223,9,0.8888888888888888,0.0,0.5555555555555556,0.0,0.0,0.0,0.2222222222222222,0.1111111111111111,0,치킨,굽네치킨
ba_13235498,2025-07,0.6,2,1.0,0.0,0.5,0.0,0.5,0.0,0.5,0.0,1,백반·죽·국수,본그룹
ba_13235498,2025-09,0.52,5,0.6,0.0,0.6,0.0,0.0,0.0,0.0,0.0,1,백반·죽·국수,본그룹
ba_13235500,2025-08,0.2,2,0.5,0.0,0.0,0.0,0.0,0.0,0.0,0.0,1,백반·죽·국수,본그룹
ba_13235535,2025-07,0.8,1,1.0,0.0,1.0,0.0,0.0,0.0,0.0,1.0,1,백반·죽·국수,본그룹
ba_13235535,2025-08,0.75,4,0.75,0.0,0.75,0.5,0.0,0.0,0.0,0.0,1,백반·죽·국수,본그룹
ba_13235557,2025-07,0.1,4,0.5,0.0,0.0,0.0,0.5,0.0,0.0,0.0,1,백반·죽·국수,본그룹
ba_13235557,2025-08,1.0,1,1.0,0.0,0.0,0.0,0.0,0.0,1.0,0.0,0,백반·죽·국수,본그룹
ba_13235557,2025-09,-0.8,1,0.0,1.0,1.0,1.0,0.0,0.0,0.0,0.0,0,백반·죽·국수,본그룹
ba_13235588,2025-09,0.8,1,1.0,0.0,1.0,0.0,0.0,0.0,1.0,0.0,0,백반·죽·국수,본그룹
ba_13236401,2025-09,-1.0,1,0.0,1.0,0.0,0.0,1.0,0.0,0.0,0.0,0,백반·죽·국수,본그룹
ba_13236401,2025-08,0.4,1,1.0,0.0,0.0,0.0,0.0,0.0,0.0,0.0,1,백반·죽·국수,본그룹
ba_13236481,2025-07,0.8666666666666667,3,1.0,0.0,1.0,0.0,0.0,0.0,0.0,0.0,0,백반·죽·국수,본그룹
ba_13236481,2025-08,1.0,1,1.0,0.0,1.0,0.0,0.0,0.0,0.0,0.0,1,백반·죽·국수,본그룹
ba_13236481,2025-09,0.85,4,1.0,0.0,0.75,0.25,0.0,0.0,0.25,0.25,1,백반·죽·국수,본그룹
ba_13236584,2025-09,-0.4,1,0.0,1.0,0.0,0.0,0.0,1.0,0.0,0.0,1,백반·죽·국수,본그룹
ba_13236745,2025-08,-0.2,1,0.0,1.0,0.0,0.0,0.0,0.0,0.0,0.0,0,백반·죽·국수,본그룹
ba_13237700,2025-07,0.31428571428571433,14,1.0,0.0,0.5,0.0,0.14285714285714285,0.0,0.5,0.0,0,백반·죽·국수,본그룹
ba_13237700,2025-08,0.7333333333333334,6,0.8333333333333334,0.0,0.6666666666666666,0.3333333333333333,0.0,0.0,0.0,0.0,0,백반·죽·국수,본그룹
ba_13237700,2025-09,0.0,2,0.0,0.0,0.0,0.0,0.0,0.0,0.0,0.0,0,백반·죽·국수,본그룹
ba_13243585,2025-09,1.0,2,1.0,0.0,1.0,1.0,1.0,1.0,0.0,0.0,0,백반·죽·국수,본그룹
ba_13248384,2025-08,0.0,1,0.0,0.0,0.0,0.0,0.0,0.0,0.0,0.0,1,백반·죽·국수,본그룹
ba_13248384,2025-09,0.0,1,0.0,0.0,0.0,0.0,0.0,0.0,1.0,0.0,0,백반·죽·국수,본그룹
ba_13249105,2025-09,-0.2,1,0.0,1.0,0.0,0.0,1.0,0.0,0.0,0.0,0,피자,굽네치킨
ba_13249989,2025-08,0.7461988304093568,171,0.9239766081871345,0.011695906432748537,0.8421052631578947,0.09941520467836257,0.09941520467836257,0.005847953216374269,0.08187134502923976,0.04678362573099415,1,치킨,굽네치킨
ba_13249989,2025-09,0.732394366197183,426,0.8685446009389671,0.004694835680751174,0.7863849765258216,0.06807511737089202,0.07276995305164319,0.014084507042253521,0.05868544600938967,0.08215962441314555,1,치킨,굽네치킨
ba_13249989,2025-07,0.705691056910569,123,0.8943089430894309,0.008130081300813009,0.7804878048780488,0.04065040650406504,0.08943089430894309,0.0,0.07317073170731707,0.07317073170731707,1,치킨,굽네치킨
ba_13260523,2025-07,0.8,1,1.0,0.0,1.0,1.0,0.0,0.0,0.0,0.0,0,백반·죽·국수,본그룹
ba_13260523,2025-08,0.2,1,1.0,0.0,1.0,0.0,0.0,0.0,0.0,0.0,0,백반·죽·국수,본그룹
ba_13260523,2025-09,0.8,1,1.0,0.0,1.0,0.0,0.0,0.0,0.0,0.0,0,백반·죽·국수,본그룹
ba_13260584,2025-09,1.0,2,1.0,0.0,0.0,0.0,1.0,0.0,0.0,0.0,0,백반·죽·국수,본그룹
ba_13265806,2025-08,1.0,4,1.0,0.0,1.0,0.0,0.0,0.0,0.5,0.0,0,백반·죽·국수,본그룹
ba_13267079,2025-07,1.0,5,1.0,0.0,1.0,0.6,0.0,0.0,1.0,0.0,0,백반·죽·국수,본그룹
ba_13267079,2025-08,1.0,4,1.0,0.0,1.0,0.0,0.0,0.0,0.5,0.0,0,백반·죽·국수,본그룹
ba_13267079,2025-09,0.52,10,1.0,0.0,0.8,0.0,0.8,0.0,0.0,0.0,0,백반·죽·국수,본그룹
ba_13268955,2025-08,1.0,3,1.0,0.0,1.0,0.0,0.0,0.0,0.3333333333333333,0.0,0,백반·죽·국수,본그룹
ba_13305413,2025-09,0.7,2,1.0,0.0,0.5,0.0,0.0,0.0,0.0,0.0,0,백반·죽·국수,본그룹
ba_13311793,2025-07,0.7470588235294118,34,0.8823529411764706,0.029411764705882353,0.8823529411764706,0.029411764705882353,0.14705882352941177,0.0,0.058823529411764705,0.11764705882352941,0,치킨,굽네치킨
ba_13311793,2025-08,0.6437499999999999,32,0.78125,0.0,0.625,0.09375,0.0625,0.0,0.03125,0.0625,0,치킨,굽네치킨
ba_13311793,2025-09,0.7333333333333334,12,0.75,0.0,0.75,0.08333333333333333,0.08333333333333333,0.0,0.0,0.08333333333333333,0,치킨,굽네치킨
ba_13313413,2025-08,0.6999999999999998,38,0.9473684210526315,0.0,0.8157894736842105,0.07894736842105263,0.10526315789473684,0.0,0.05263157894736842,0.07894736842105263,0,치킨,굽네치킨
ba_13313413,2025-09,0.7999999999999999,32,0.96875,0.0,0.96875,0.0625,0.09375,0.0,0.03125,0.125,0,치킨,굽네치킨
ba_13313413,2025-07,0.694736842105263,38,0.868421052631579,0.02631578947368421,0.8157894736842105,0.05263157894736842,0.02631578947368421,0.02631578947368421,0.02631578947368421,0.05263157894736842,0,치킨,굽네치킨
ba_13313909,2025-09,0.45,8,0.625,0.125,0.625,0.0,0.0,0.0,0.125,0.0,1,치킨,굽네치킨
ba_13313909,2025-07,0.6,13,0.6923076923076923,0.23076923076923078,0.6923076923076923,0.15384615384615385,0.15384615384615385,0.0,0.07692307692307693,0.07692307692307693,0,치킨,굽네치킨
ba_13313909,2025-08,0.8,5,0.8,0.0,0.8,0.2,0.0,0.0,0.2,0.0,1,치킨,굽네치킨
ba_13326281,2025-08,0.4,1,1.0,0.0,0.0,0.0,0.0,0.0,1.0,0.0,1,백반·죽·국수,본그룹
ba_13379446,2025-07,0.8,10,0.8,0.0,0.9,0.1,0.1,0.0,0.1,0.0,0,치킨,굽네치킨
ba_13379446,2025-08,0.5599999999999999,5,0.8,0.2,0.8,0.0,0.2,0.0,0.2,0.0,0,치킨,굽네치킨
ba_13379446,2025-09,0.13846153846153844,13,0.38461538461538464,0.38461538461538464,0.38461538461538464,0.0,0.15384615384615385,0.0,0.0,0.0,0,치킨,굽네치킨
ba_13412065,2025-08,0.7866666666666667,165,0.9090909090909091,0.03636363636363636,0.8666666666666667,0.07272727272727272,0.09090909090909091,0.006060606060606061,0.03636363636363636,0.09090909090909091,1,치킨,굽네치킨
ba_13412065,2025-07,0.6175,80,0.8,0.0625,0.775,0.1,0.075,0.0125,0.0625,0.075,1,치킨,굽네치킨
ba_13412065,2025-09,0.7221789883268479,257,0.8521400778210116,0.011673151750972763,0.7937743190661478,0.11673151750972763,0.07392996108949416,0.007782101167315175,0.054474708171206226,0.0933852140077821,0,치킨,굽네치킨
ba_13436824,2025-09,1.0,1,1.0,0.0,1.0,0.0,0.0,0.0,0.0,0.0,0,백반·죽·국수,본그룹
ba_13451078,2025-09,1.0,2,1.0,0.0,1.0,0.0,0.0,0.0,0.0,0.0,1,백반·죽·국수,본그룹
ba_13459937,2025-07,0.7181818181818183,22,0.8636363636363636,0.045454545454545456,0.8636363636363636,0.09090909090909091,0.13636363636363635,0.09090909090909091,0.045454545454545456,0.09090909090909091,1,치킨,굽네치킨
ba_13459937,2025-08,0.8800000000000001,10,0.9,0.0,0.8,0.2,0.2,0.0,0.2,0.0,1,치킨,굽네치킨
ba_13459937,2025-09,0.7076923076923076,13,0.8461538461538461,0.07692307692307693,0.8461538461538461,0.23076923076923078,0.15384615384615385,0.0,0.0,0.07692307692307693,0,치킨,굽네치킨
ba_13470236,2025-07,0.6,3,0.6666666666666666,0.3333333333333333,1.0,0.3333333333333333,0.0,0.0,0.6666666666666666,0.0,1,백반·죽·국수,본그룹
ba_13470236,2025-08,0.6666666666666666,6,0.6666666666666666,0.0,0.6666666666666666,0.3333333333333333,0.3333333333333333,0.0,0.3333333333333333,0.0,0,백반·죽·국수,본그룹
ba_13470236,2025-09,0.0,3,0.0,0.0,0.0,0.0,0.0,0.0,0.0,0.0,0,백반·죽·국수,본그룹
ba_13471384,2025-08,0.65,4,0.75,0.0,0.5,0.25,0.25,0.0,0.0,0.0,1,백반·죽·국수,본그룹
ba_13471384,2025-07,0.5,2,1.0,0.0,0.5,0.0,0.0,0.0,0.0,0.0,0,백반·죽·국수,본그룹
ba_13471384,2025-09,0.6,2,1.0,0.0,1.0,0.0,0.0,0.0,0.0,0.0,1,백반·죽·국수,본그룹
ba_13473077,2025-08,0.20000000000000004,3,0.3333333333333333,0.6666666666666666,0.3333333333333333,0.6666666666666666,0.0,0.0,0.0,0.0,0,백반·죽·국수,본그룹
ba_13473077,2025-09,0.6444444444444444,9,1.0,0.0,0.7777777777777778,0.4444444444444444,0.3333333333333333,0.0,0.4444444444444444,0.1111111111111111,0,백반·죽·국수,본그룹
ba_13473077,2025-07,0.6,4,1.0,0.0,1.0,0.0,0.0,0.0,0.0,0.0,1,백반·죽·국수,본그룹
ba_13475914,2025-08,1.0,1,1.0,0.0,1.0,0.0,0.0,0.0,0.0,0.0,0,백반·죽·국수,본그룹
ba_13475914,2025-09,0.8666666666666667,3,1.0,0.0,1.0,0.0,0.3333333333333333,0.0,0.0,0.0,0,백반·죽·국수,본그룹
ba_13477857,2025-08,0.30000000000000004,2,1.0,0.0,1.0,0.0,0.5,0.0,0.0,0.0,0,백반·죽·국수,본그룹
ba_13492399,2025-09,0.0,2,0.0,0.0,0.0,0.0,0.0,0.0,0.0,0.0,0,백반·죽·국수,본그룹
ba_13504506,2025-09,1.0,2,1.0,0.0,1.0,0.0,0.0,0.0,0.0,0.0,0,백반·죽·국수,본그룹
ba_13522931,2025-08,0.6571428571428573,7,1.0,0.0,0.8571428571428571,0.5714285714285714,0.0,0.0,0.0,0.0,1,백반·죽·국수,본그룹
ba_13522931,2025-09,0.72,5,1.0,0.0,0.8,0.0,0.2,0.0,0.0,0.0,1,백반·죽·국수,본그룹
ba_13539608,2025-07,0.6577777777777778,45,0.8,0.044444444444444446,0.8222222222222222,0.044444444444444446,0.13333333333333333,0.0,0.08888888888888889,0.044444444444444446,0,치킨,굽네치킨
ba_13539608,2025-08,0.6916666666666669,48,0.8541666666666666,0.020833333333333332,0.8125,0.0625,0.16666666666666666,0.0,0.08333333333333333,0.020833333333333332,0,치킨,굽네치킨
ba_13539608,2025-09,0.6250000000000001,32,0.875,0.03125,0.8125,0.0625,0.09375,0.0,0.03125,0.0,0,치킨,굽네치킨
ba_13539851,2025-07,0.6222222222222222,9,0.7777777777777778,0.1111111111111111,0.7777777777777778,0.0,0.2222222222222222,0.1111111111111111,0.0,0.0,1,치킨,굽네치킨
ba_13539851,2025-08,0.675,8,0.75,0.0,0.625,0.0,0.0,0.0,0.125,0.125,0,치킨,굽네치킨
ba_13539851,2025-09,0.8666666666666667,3,1.0,0.0,0.6666666666666666,0.0,0.0,0.0,0.0,0.3333333333333333,0,치킨,굽네치킨
ba_13539979,2025-08,1.0,2,1.0,0.0,1.0,0.0,1.0,0.0,1.0,0.0,1,백반·죽·국수,본그룹
ba_13550181,2025-08,0.2,2,1.0,0.0,0.0,0.0,1.0,0.0,0.0,0.0,1,백반·죽·국수,본그룹
ba_13550240,2025-09,0.8,2,1.0,0.0,1.0,0.0,0.5,0.0,0.5,0.0,1,백반·죽·국수,본그룹
ba_13574800,2025-07,0.6789473684210525,38,0.9473684210526315,0.0,0.8421052631578947,0.07894736842105263,0.21052631578947367,0.02631578947368421,0.0,0.0,0,치킨,굽네치킨
ba_13574800,2025-08,0.7,22,0.8636363636363636,0.0,0.8181818181818182,0.09090909090909091,0.09090909090909091,0.0,0.09090909090909091,0.0,0,치킨,굽네치킨
ba_13574800,2025-09,0.6133333333333333,15,0.7333333333333333,0.0,0.6666666666666666,0.06666666666666667,0.0,0.0,0.0,0.0,0,치킨,굽네치킨
ba_13580972,2025-07,0.7147540983606556,61,0.8360655737704918,0.03278688524590164,0.7704918032786885,0.04918032786885246,0.13114754098360656,0.0,0.08196721311475409,0.04918032786885246,0,치킨,굽네치킨
ba_13580972,2025-08,0.8444444444444446,45,0.9555555555555556,0.0,0.9111111111111111,0.022222222222222223,0.13333333333333333,0.0,0.022222222222222223,0.044444444444444446,0,치킨,굽네치킨
ba_13580972,2025-09,0.0,1,0.0,0.0,0.0,0.0,0.0,0.0,0.0,0.0,1,치킨,굽네치킨
ba_13584348,2025-07,0.275,16,0.625,0.1875,0.5,0.0,0.0625,0.0625,0.0,0.0625,1,치킨,굽네치킨
ba_13584348,2025-08,0.6799999999999999,5,1.0,0.0,0.8,0.0,0.6,0.0,0.4,0.2,1,치킨,굽네치킨
ba_13584348,2025-09,0.4666666666666666,6,0.6666666666666666,0.0,0.5,0.16666666666666666,0.0,0.0,0.0,0.16666666666666666,0,치킨,굽네치킨
ba_13596071,2025-09,0.6,1,1.0,0.0,0.0,0.0,0.0,0.0,0.0,0.0,0,백반·죽·국수,본그룹
ba_13596730,2025-07,0.5599999999999999,10,0.8,0.0,0.7,0.2,0.1,0.0,0.0,0.1,0,치킨,굽네치킨
ba_13596730,2025-08,0.509090909090909,11,0.6363636363636364,0.18181818181818182,0.7272727272727273,0.18181818181818182,0.45454545454545453,0.0,0.45454545454545453,0.09090909090909091,0,치킨,굽네치킨
ba_13596730,2025-09,0.5555555555555557,9,0.7777777777777778,0.0,0.5555555555555556,0.0,0.0,0.0,0.1111111111111111,0.2222222222222222,0,치킨,굽네치킨
ba_13630053,2025-08,1.0,2,1.0,0.0,1.0,0.0,0.0,0.0,0.0,0.0,0,백반·죽·국수,본그룹
ba_13630053,2025-09,0.4666666666666666,3,0.6666666666666666,0.0,0.3333333333333333,0.0,0.0,0.0,0.0,0.0,0,백반·죽·국수,본그룹
ba_13639608,2025-08,0.7032967032967031,91,0.8461538461538461,0.03296703296703297,0.7802197802197802,0.06593406593406594,0.16483516483516483,0.01098901098901099,0.07692307692307693,0.10989010989010989,0,치킨,굽네치킨
ba_13639608,2025-09,0.7518518518518517,54,0.9074074074074074,0.018518518518518517,0.7962962962962963,0.037037037037037035,0.09259259259259259,0.018518518518518517,0.09259259259259259,0.05555555555555555,0,치킨,굽네치킨
ba_13639608,2025-07,0.8024691358024691,81,0.9506172839506173,0.012345679012345678,0.7901234567901234,0.06172839506172839,0.1111111111111111,0.012345679012345678,0.12345679012345678,0.012345679012345678,1,치킨,굽네치킨
ba_13648667,2025-08,1.0,2,1.0,0.0,1.0,0.0,0.0,0.0,0.0,0.0,0,백반·죽·국수,본그룹
ba_13651212,2025-07,0.8,2,1.0,0.0,1.0,0.0,0.0,0.0,0.0,0.0,0,백반·죽·국수,본그룹
ba_13651212,2025-09,0.5,2,0.5,0.0,0.5,0.0,0.0,0.0,0.0,0.0,1,백반·죽·국수,본그룹
ba_13683573,2025-07,0.7999999999999999,19,0.8947368421052632,0.0,0.8947368421052632,0.0,0.0,0.0,0.15789473684210525,0.0,1,백반·죽·국수,본그룹
ba_13683573,2025-08,0.5777777777777778,18,0.9444444444444444,0.05555555555555555,0.5,0.2777777777777778,0.1111111111111111,0.0,0.4444444444444444,0.1111111111111111,0,백반·죽·국수,본그룹
ba_13683573,2025-09,0.6307692307692307,13,0.7692307692307693,0.0,0.7692307692307693,0.0,0.07692307692307693,0.0,0.3076923076923077,0.0,0,백반·죽·국수,본그룹
ba_13722581,2025-08,0.8,2,1.0,0.0,0.5,0.0,0.0,0.0,0.5,0.0,0,백반·죽·국수,본그룹
ba_13730162,2025-09,0.2,2,1.0,0.0,0.0,0.0,0.0,0.0,1.0,0.0,1,백반·죽·국수,본그룹
ba_13752011,2025-09,0.6547619047619049,84,0.7976190476190477,0.07142857142857142,0.75,0.10714285714285714,0.023809523809523808,0.0,0.08333333333333333,0.09523809523809523,0,치킨,굽네치킨
ba_13752011,2025-07,0.7136363636363638,88,0.875,0.011363636363636364,0.8068181818181818,0.10227272727272728,0.06818181818181818,0.0,0.09090909090909091,0.022727272727272728,0,치킨,굽네치킨
ba_13752011,2025-08,0.7767441860465117,86,0.9418604651162791,0.011627906976744186,0.8372093023255814,0.06976744186046512,0.10465116279069768,0.0,0.10465116279069768,0.16279069767441862,0,치킨,굽네치킨
ba_13768149,2025-08,0.6666666666666666,3,0.6666666666666666,0.0,0.6666666666666666,0.0,0.0,0.0,0.0,0.0,1,치킨,굽네치킨
ba_13768149,2025-09,0.5,2,0.5,0.0,0.5,0.0,0.0,0.0,0.0,0.0,1,치킨,굽네치킨
ba_13769748,2025-08,1.0,3,1.0,0.0,1.0,0.0,0.0,0.0,0.3333333333333333,0.0,0,치킨,굽네치킨
ba_13769748,2025-09,1.0,1,1.0,0.0,1.0,0.0,1.0,0.0,0.0,0.0,0,치킨,굽네치킨
ba_13787561,2025-08,0.9,12,1.0,0.0,0.5833333333333334,0.25,0.16666666666666666,0.0,0.16666666666666666,0.0,0,백반·죽·국수,본그룹
ba_13787561,2025-09,0.8000000000000002,3,1.0,0.0,0.6666666666666666,0.3333333333333333,0.0,0.0,0.0,0.0,0,백반·죽·국수,본그룹
ba_13870012,2025-08,0.8,8,1.0,0.0,1.0,0.0,0.25,0.0,0.25,0.0,0,백반·죽·국수,본그룹
ba_13918069,2025-08,0.6799999999999999,5,1.0,0.0,0.2,0.0,0.2,0.0,0.0,0.0,0,백반·죽·국수,본그룹
ba_13918069,2025-09,0.4,2,1.0,0.0,1.0,0.0,1.0,0.0,0.0,0.0,0,백반·죽·국수,본그룹
ba_13928548,2025-07,0.72,5,0.8,0.0,0.8,0.2,0.4,0.0,0.4,0.0,0,치킨,굽네치킨
ba_13928548,2025-08,0.6,8,0.75,0.125,0.5,0.0,0.25,0.0,0.0,0.0,0,치킨,굽네치킨
ba_13928548,2025-09,0.39999999999999997,6,0.6666666666666666,0.0,0.6666666666666666,0.0,0.0,0.0,0.0,0.0,0,치킨,굽네치킨
ba_13969584,2025-07,0.4,1,1.0,0.0,0.0,0.0,0.0,0.0,0.0,0.0,1,피자,굽네치킨
ba_13969607,2025-09,1.0,1,1.0,0.0,1.0,0.0,0.0,0.0,0.0,0.0,0,피자,굽네치킨
ba_13972155,2025-08,1.0,1,1.0,0.0,1.0,0.0,0.0,0.0,0.0,0.0,0,피자,굽네치킨
ba_13972771,2025-08,1.0,1,1.0,0.0,1.0,0.0,0.0,0.0,0.0,0.0,0,피자,굽네치킨
ba_13973745,2025-08,-0.4,1,0.0,1.0,0.0,0.0,1.0,0.0,0.0,0.0,1,피자,굽네치킨
ba_13973745,2025-09,-0.4,1,0.0,1.0,1.0,0.0,0.0,0.0,0.0,0.0,0,피자,굽네치킨
ba_13973813,2025-07,0.8,2,1.0,0.0,0.5,0.0,0.0,0.0,0.0,0.0,1,피자,굽네치킨
ba_13973813,2025-08,1.0,2,1.0,0.0,1.0,0.0,1.0,0.0,1.0,0.0,1,피자,굽네치킨
ba_13973813,2025-09,0.68,10,1.0,0.0,0.4,0.0,0.4,0.0,0.0,0.2,1,피자,굽네치킨
ba_13973901,2025-07,1.0,1,1.0,0.0,1.0,0.0,0.0,0.0,0.0,0.0,0,피자,굽네치킨
ba_13973901,2025-09,1.0,2,1.0,0.0,1.0,0.0,0.0,0.0,0.0,0.0,0,피자,굽네치킨
ba_13975731,2025-07,1.0,2,1.0,0.0,1.0,0.5,0.0,0.0,0.0,0.0,0,피자,굽네치킨
ba_13984579,2025-08,1.0,4,1.0,0.0,1.0,0.25,0.25,0.0,0.0,0.0,1,피자,굽네치킨
ba_13984579,2025-09,0.26666666666666666,3,0.6666666666666666,0.0,0.6666666666666666,0.0,0.3333333333333333,0.0,0.0,0.0,1,피자,굽네치킨
ba_14042200,2025-07,1.0,2,1.0,0.0,1.0,0.0,1.0,0.0,0.0,0.0,0,백반·죽·국수,본그룹
ba_14092187,2025-07,0.5906976744186047,43,0.8372093023255814,0.046511627906976744,0.6744186046511628,0.11627906976744186,0.09302325581395349,0.023255813953488372,0.11627906976744186,0.09302325581395349,0,치킨,굽네치킨
ba_14092187,2025-08,0.6999999999999997,50,0.94,0.04,0.88,0.16,0.04,0.0,0.04,0.06,0,치킨,굽네치킨
ba_14092187,2025-09,0.723076923076923,26,0.9615384615384616,0.0,0.6538461538461539,0.038461538461538464,0.0,0.0,0.15384615384615385,0.0,0,치킨,굽네치킨
ba_14108842,2025-07,1.0,1,1.0,0.0,1.0,0.0,0.0,0.0,0.0,1.0,1,치킨,굽네치킨
ba_14108842,2025-09,1.0,4,1.0,0.0,1.0,0.5,0.0,0.0,0.0,0.25,0,치킨,굽네치킨
ba_14117511,2025-08,0.6124999999999999,16,0.6875,0.125,0.625,0.125,0.0625,0.0625,0.0625,0.0625,0,치킨,굽네치킨
ba_14117511,2025-09,0.5149999999999999,40,0.775,0.05,0.725,0.15,0.1,0.0,0.025,0.025,0,치킨,굽네치킨
ba_14117511,2025-07,0.48148148148148145,27,0.7037037037037037,0.07407407407407407,0.6296296296296297,0.18518518518518517,0.14814814814814814,0.0,0.07407407407407407,0.0,0,치킨,굽네치킨
ba_14117512,2025-09,0.2,1,1.0,0.0,1.0,0.0,0.0,0.0,0.0,0.0,0,피자,굽네치킨
ba_14153764,2025-07,1.0,2,1.0,0.0,1.0,0.0,0.0,0.0,0.0,0.0,0,피자,굽네치킨
ba_14153764,2025-08,1.0,1,1.0,0.0,1.0,0.0,0.0,0.0,0.0,0.0,0,피자,굽네치킨
ba_14171127,2025-07,0.75,4,0.75,0.0,0.75,0.0,0.0,0.0,0.0,0.25,0,피자,굽네치킨
ba_14171127,2025-08,0.8,5,0.8,0.0,0.8,0.0,0.0,0.0,0.0,0.2,0,피자,굽네치킨
ba_14171127,2025-09,0.6,3,1.0,0.0,1.0,0.0,0.0,0.0,0.0,0.0,0,피자,굽네치킨
ba_14173661,2025-09,0.0,1,0.0,0.0,0.0,0.0,0.0,0.0,0.0,0.0,0,피자,굽네치킨
ba_14228061,2025-07,0.7283018867924529,53,0.8679245283018868,0.0,0.7547169811320755,0.03773584905660377,0.11320754716981132,0.0,0.07547169811320754,0.09433962264150944,0,치킨,굽네치킨
ba_14228061,2025-08,0.7629629629629628,27,0.8888888888888888,0.07407407407407407,0.9259259259259259,0.037037037037037035,0.14814814814814814,0.037037037037037035,0.07407407407407407,0.07407407407407407,0,치킨,굽네치킨
ba_14228061,2025-09,0.6296296296296295,27,0.8518518518518519,0.07407407407407407,0.7407407407407407,0.14814814814814814,0.037037037037037035,0.0,0.037037037037037035,0.1111111111111111,0,치킨,굽네치킨
ba_14229365,2025-08,0.7377777777777779,45,0.8888888888888888,0.044444444444444446,0.8222222222222222,0.08888888888888889,0.08888888888888889,0.0,0.06666666666666667,0.08888888888888889,1,치킨,굽네치킨
ba_14229365,2025-07,0.6571428571428571,56,0.875,0.05357142857142857,0.8571428571428571,0.05357142857142857,0.125,0.0,0.10714285714285714,0.07142857142857142,0,치킨,굽네치킨
ba_14229365,2025-09,0.758139534883721,43,0.8837209302325582,0.023255813953488372,0.8604651162790697,0.06976744186046512,0.09302325581395349,0.0,0.046511627906976744,0.09302325581395349,1,치킨,굽네치킨
ba_14238012,2025-08,0.4,2,1.0,0.0,1.0,0.0,0.0,0.0,1.0,0.0,0,백반·죽·국수,본그룹
ba_14238012,2025-09,0.6666666666666666,3,0.6666666666666666,0.0,0.6666666666666666,0.0,0.0,0.0,0.0,0.0,0,백반·죽·국수,본그룹
ba_14245849,2025-07,0.68,5,1.0,0.0,0.6,0.0,0.4,0.0,0.0,0.0,0,백반·죽·국수,본그룹
ba_14245849,2025-08,0.5,2,1.0,0.0,0.0,0.0,0.0,0.0,0.5,0.0,0,백반·죽·국수,본그룹
ba_14245849,2025-09,0.5,2,0.5,0.0,0.5,0.0,0.0,0.0,0.0,0.0,0,백반·죽·국수,본그룹
ba_14248059,2025-09,0.4666666666666666,3,0.6666666666666666,0.3333333333333333,0.6666666666666666,0.3333333333333333,0.0,0.0,0.3333333333333333,0.0,0,치킨,굽네치킨
ba_14248059,2025-08,0.7777777777777778,9,0.8888888888888888,0.0,0.7777777777777778,0.1111111111111111,0.0,0.1111111111111111,0.0,0.1111111111111111,0,치킨,굽네치킨
ba_14249433,2025-07,0.6804878048780489,82,0.8536585365853658,0.0,0.7560975609756098,0.0975609756097561,0.036585365853658534,0.0,0.06097560975609756,0.08536585365853659,0,치킨,굽네치킨
ba_14249433,2025-08,0.6918367346938776,98,0.9183673469387755,0.01020408163265306,0.7551020408163265,0.14285714285714285,0.07142857142857142,0.01020408163265306,0.030612244897959183,0.04081632653061224,1,치킨,굽네치킨
ba_14249433,2025-09,0.7728155339805828,103,0.9320388349514563,0.0,0.7864077669902912,0.08737864077669903,0.06796116504854369,0.038834951456310676,0.05825242718446602,0.038834951456310676,1,치킨,굽네치킨
ba_14250328,2025-07,0.5411764705882353,17,0.7647058823529411,0.058823529411764705,0.7647058823529411,0.29411764705882354,0.058823529411764705,0.058823529411764705,0.058823529411764705,0.11764705882352941,0,치킨,굽네치킨
ba_14250328,2025-08,0.4666666666666667,18,0.6111111111111112,0.05555555555555555,0.6111111111111112,0.3888888888888889,0.0,0.0,0.0,0.0,0,치킨,굽네치킨
ba_14250328,2025-09,0.7818181818181817,11,1.0,0.0,0.7272727272727273,0.36363636363636365,0.0,0.0,0.09090909090909091,0.0,0,치킨,굽네치킨
ba_14251741,2025-07,0.30909090909090914,11,0.6363636363636364,0.09090909090909091,0.6363636363636364,0.0,0.18181818181818182,0.0,0.09090909090909091,0.09090909090909091,1,치킨,굽네치킨
ba_14251741,2025-08,0.42000000000000004,10,0.8,0.1,0.6,0.2,0.1,0.0,0.3,0.0,1,치킨,굽네치킨
ba_14251741,2025-09,0.4666666666666667,9,0.6666666666666666,0.0,0.5555555555555556,0.0,0.1111111111111111,0.0,0.0,0.1111111111111111,0,치킨,굽네치킨
ba_14253619,2025-07,1.0,1,1.0,0.0,1.0,0.0,0.0,0.0,1.0,1.0,1,백반·죽·국수,본그룹
ba_14253619,2025-08,1.0,1,1.0,0.0,1.0,0.0,0.0,0.0,0.0,0.0,1,백반·죽·국수,본그룹
ba_14254080,2025-07,0.911111111111111,9,1.0,0.0,1.0,0.1111111111111111,0.1111111111111111,0.0,0.1111111111111111,0.1111111111111111,0,치킨,굽네치킨
ba_14254080,2025-08,0.8285714285714286,7,1.0,0.0,0.8571428571428571,0.0,0.0,0.0,0.2857142857142857,0.0,1,치킨,굽네치킨
ba_14254080,2025-09,0.7333333333333334,9,1.0,0.0,0.7777777777777778,0.1111111111111111,0.0,0.1111111111111111,0.1111111111111111,0.1111111111111111,1,치킨,굽네치킨
ba_14259741,2025-07,1.0,4,1.0,0.0,1.0,1.0,0.5,0.0,0.5,0.0,1,백반·죽·국수,본그룹
ba_14259741,2025-08,1.0,2,1.0,0.0,1.0,0.0,0.0,0.0,1.0,0.0,0,백반·죽·국수,본그룹
ba_14259741,2025-09,0.9333333333333332,6,1.0,0.0,1.0,0.0,0.3333333333333333,0.0,0.3333333333333333,0.0,0,백반·죽·국수,본그룹
ba_14260091,2025-07,0.49756097560975604,41,0.7073170731707317,0.12195121951219512,0.6097560975609756,0.04878048780487805,0.17073170731707318,0.0,0.024390243902439025,0.024390243902439025,0,치킨,굽네치킨
ba_14260091,2025-08,0.4473684210526316,38,0.6842105263157895,0.13157894736842105,0.6052631578947368,0.02631578947368421,0.15789473684210525,0.0,0.05263157894736842,0.07894736842105263,0,치킨,굽네치킨
ba_14260091,2025-09,0.46249999999999997,48,0.7708333333333334,0.14583333333333334,0.8125,0.16666666666666666,0.3125,0.0,0.10416666666666667,0.0,0,치킨,굽네치킨
ba_14260093,2025-07,0.6,2,1.0,0.0,0.5,0.0,0.5,0.0,0.0,0.0,0,피자,굽네치킨
ba_14260093,2025-08,0.8,2,1.0,0.0,1.0,0.0,0.0,0.0,0.0,0.0,0,피자,굽네치킨
ba_14260093,2025-09,0.2,1,1.0,0.0,1.0,1.0,0.0,0.0,0.0,0.0,0,피자,굽네치킨
ba_14262149,2025-08,1.0,1,1.0,0.0,1.0,0.0,0.0,0.0,0.0,0.0,0,백반·죽·국수,본그룹
ba_14262149,2025-09,1.0,1,1.0,0.0,1.0,0.0,0.0,0.0,0.0,1.0,1,백반·죽·국수,본그룹
ba_14267053,2025-07,0.4,4,0.75,0.0,0.5,0.5,0.25,0.0,0.0,0.0,1,치킨,굽네치킨
ba_14267053,2025-08,0.64,5,0.8,0.0,0.8,0.0,0.0,0.0,0.2,0.0,1,치킨,굽네치킨
ba_14267053,2025-09,1.0,1,1.0,0.0,1.0,0.0,0.0,0.0,0.0,0.0,0,치킨,굽네치킨
ba_14267751,2025-07,0.7948717948717949,39,0.9743589743589743,0.0,0.8974358974358975,0.10256410256410256,0.23076923076923078,0.0,0.05128205128205128,0.10256410256410256,1,치킨,굽네치킨
ba_14267751,2025-08,0.72,30,0.8666666666666667,0.03333333333333333,0.7333333333333333,0.1,0.06666666666666667,0.0,0.06666666666666667,0.0,1,치킨,굽네치킨
ba_14267751,2025-09,0.7199999999999998,50,0.9,0.02,0.74,0.14,0.06,0.08,0.12,0.12,1,치킨,굽네치킨
ba_14268780,2025-09,0.6,2,1.0,0.0,1.0,0.0,0.0,0.0,0.0,1.0,0,백반·죽·국수,본그룹
ba_14270903,2025-08,1.0,1,1.0,0.0,1.0,0.0,1.0,0.0,1.0,0.0,0,치킨,굽네치킨
ba_14270904,2025-07,0.3,6,0.5,0.0,0.3333333333333333,0.0,0.0,0.0,0.0,0.0,0,치킨,굽네치킨
ba_14270904,2025-08,0.5111111111111112,9,0.7777777777777778,0.2222222222222222,0.5555555555555556,0.0,0.1111111111111111,0.0,0.2222222222222222,0.0,0,치킨,굽네치킨
ba_14270904,2025-09,0.6857142857142857,7,0.8571428571428571,0.0,0.7142857142857143,0.14285714285714285,0.14285714285714285,0.0,0.42857142857142855,0.0,0,치킨,굽네치킨
ba_14271330,2025-07,0.5333333333333333,12,0.8333333333333334,0.08333333333333333,0.8333333333333334,0.16666666666666666,0.08333333333333333,0.0,0.16666666666666666,0.08333333333333333,0,치킨,굽네치킨
ba_14271330,2025-08,0.64,10,0.9,0.0,0.7,0.1,0.4,0.0,0.3,0.0,1,치킨,굽네치킨
ba_14271330,2025-09,0.6499999999999999,8,0.75,0.125,0.875,0.0,0.0,0.125,0.125,0.0,1,치킨,굽네치킨
ba_14271331,2025-08,1.0,1,1.0,0.0,1.0,0.0,0.0,0.0,0.0,0.0,0,피자,굽네치킨
ba_14273436,2025-08,0.2,2,0.5,0.0,0.0,0.0,0.0,0.0,0.0,0.0,0,백반·죽·국수,본그룹
ba_14273436,2025-09,0.0,2,0.0,0.0,0.0,0.5,0.0,0.0,0.0,0.0,1,백반·죽·국수,본그룹
ba_14273972,2025-08,0.6,2,1.0,0.0,0.0,0.0,1.0,0.0,1.0,1.0,0,백반·죽·국수,본그룹
ba_14274675,2025-08,0.8666666666666667,3,1.0,0.0,1.0,0.0,0.3333333333333333,0.0,0.0,0.0,0,백반·죽·국수,본그룹
ba_14274675,2025-09,1.0,1,1.0,0.0,0.0,0.0,0.0,0.0,1.0,0.0,0,백반·죽·국수,본그룹
ba_14276685,2025-08,0.13333333333333333,3,0.3333333333333333,0.3333333333333333,0.3333333333333333,0.0,0.3333333333333333,0.0,0.3333333333333333,0.0,1,백반·죽·국수,본그룹
ba_14277930,2025-08,0.6,1,1.0,0.0,1.0,0.0,0.0,0.0,0.0,0.0,0,백반·죽·국수,본그룹
ba_14277930,2025-09,1.0,1,1.0,0.0,1.0,0.0,0.0,0.0,0.0,0.0,1,백반·죽·국수,본그룹
ba_14279612,2025-07,0.6,4,1.0,0.0,1.0,0.0,0.0,0.0,0.0,0.0,1,백반·죽·국수,본그룹
ba_14279612,2025-08,-0.1,2,0.5,0.5,0.0,0.0,0.5,0.0,0.0,0.5,0,백반·죽·국수,본그룹
ba_14279612,2025-09,0.7333333333333334,3,1.0,0.0,1.0,0.0,0.3333333333333333,0.0,0.3333333333333333,0.0,0,백반·죽·국수,본그룹
ba_14283482,2025-08,1.0,2,1.0,0.0,1.0,0.0,0.0,0.0,0.0,0.0,0,백반·죽·국수,본그룹
ba_14285796,2025-08,0.6,1,1.0,0.0,0.0,0.0,0.0,0.0,0.0,0.0,0,백반·죽·국수,본그룹
ba_14294026,2025-07,0.5399999999999999,40,0.775,0.075,0.725,0.2,0.075,0.0,0.025,0.05,0,치킨,굽네치킨
ba_14294026,2025-08,0.8222222222222222,36,0.9444444444444444,0.027777777777777776,0.8055555555555556,0.08333333333333333,0.3055555555555556,0.0,0.027777777777777776,0.05555555555555555,0,치킨,굽네치킨
ba_14294026,2025-09,0.6789473684210527,38,0.8421052631578947,0.0,0.7105263157894737,0.02631578947368421,0.10526315789473684,0.0,0.07894736842105263,0.0,0,치킨,굽네치킨
ba_14296954,2025-07,0.22222222222222227,9,0.5555555555555556,0.1111111111111111,0.3333333333333333,0.0,0.1111111111111111,0.0,0.0,0.2222222222222222,0,치킨,굽네치킨
ba_14296954,2025-08,0.4857142857142857,7,0.7142857142857143,0.0,0.5714285714285714,0.14285714285714285,0.14285714285714285,0.0,0.0,0.0,1,치킨,굽네치킨
ba_14296954,2025-09,0.9,4,1.0,0.0,1.0,0.0,0.0,0.25,0.25,0.0,1,치킨,굽네치킨
ba_14309634,2025-07,0.6296296296296297,27,0.8148148148148148,0.07407407407407407,0.8518518518518519,0.1111111111111111,0.18518518518518517,0.0,0.0,0.037037037037037035,1,치킨,굽네치킨
ba_14309634,2025-08,0.55625,32,0.8125,0.0625,0.5625,0.09375,0.09375,0.0,0.25,0.125,1,치킨,굽네치킨
ba_14309634,2025-09,0.5952380952380953,42,0.7857142857142857,0.09523809523809523,0.7142857142857143,0.07142857142857142,0.21428571428571427,0.023809523809523808,0.16666666666666666,0.07142857142857142,1,치킨,굽네치킨
ba_14322928,2025-08,0.6,2,1.0,0.0,1.0,0.0,0.0,0.0,0.0,0.0,1,백반·죽·국수,본그룹
ba_14327485,2025-07,0.7866666666666667,15,0.9333333333333333,0.06666666666666667,1.0,0.13333333333333333,0.13333333333333333,0.0,0.06666666666666667,0.0,0,치킨,굽네치킨
ba_14327485,2025-08,0.6142857142857142,14,0.8571428571428571,0.0,0.9285714285714286,0.14285714285714285,0.0,0.0,0.14285714285714285,0.07142857142857142,0,치킨,굽네치킨
ba_14327485,2025-09,0.6,4,0.75,0.0,0.75,0.0,0.25,0.0,0.0,0.25,0,치킨,굽네치킨
ba_14327700,2025-07,0.7571428571428572,28,1.0,0.0,0.7142857142857143,0.14285714285714285,0.21428571428571427,0.0,0.42857142857142855,0.14285714285714285,1,백반·죽·국수,본그룹
ba_14327700,2025-08,0.68,15,0.9333333333333333,0.06666666666666667,0.7333333333333333,0.4,0.2,0.0,0.3333333333333333,0.06666666666666667,0,백반·죽·국수,본그룹
ba_14327700,2025-09,0.75,16,0.875,0.0,0.75,0.125,0.0,0.0,0.25,0.1875,0,백반·죽·국수,본그룹
ba_14332090,2025-07,0.5285714285714286,14,0.8571428571428571,0.07142857142857142,0.7857142857142857,0.14285714285714285,0.5,0.0,0.2857142857142857,0.14285714285714285,1,치킨,굽네치킨
ba_14332090,2025-08,0.38,10,0.6,0.3,0.7,0.3,0.5,0.0,0.1,0.1,0,치킨,굽네치킨
ba_14332090,2025-09,0.5466666666666667,15,0.8,0.13333333333333333,0.8666666666666667,0.3333333333333333,0.26666666666666666,0.0,0.06666666666666667,0.0,0,치킨,굽네치킨
ba_14332093,2025-07,-0.4,1,0.0,1.0,0.0,0.0,1.0,0.0,0.0,0.0,1,피자,굽네치킨
ba_14332093,2025-08,0.8285714285714285,7,0.8571428571428571,0.14285714285714285,1.0,0.42857142857142855,0.2857142857142857,0.14285714285714285,0.0,0.2857142857142857,0,피자,굽네치킨
ba_14335138,2025-08,0.7000000000000001,6,0.8333333333333334,0.0,0.8333333333333334,0.0,0.0,0.0,0.16666666666666666,0.0,1,치킨,굽네치킨
ba_14335138,2025-09,0.8666666666666667,3,1.0,0.0,1.0,0.0,0.0,0.0,0.3333333333333333,0.0,0,치킨,굽네치킨
ba_14336642,2025-07,0.8571428571428571,28,0.9642857142857143,0.0,0.8928571428571429,0.07142857142857142,0.07142857142857142,0.0,0.10714285714285714,0.0,0,치킨,굽네치킨
ba_14336642,2025-08,0.62,20,0.95,0.0,0.8,0.2,0.15,0.0,0.05,0.05,0,치킨,굽네치킨
ba_14336642,2025-09,0.7548387096774193,31,0.9354838709677419,0.0,0.8709677419354839,0.0967741935483871,0.12903225806451613,0.0,0.06451612903225806,0.0967741935483871,0,치킨,굽네치킨
ba_14356032,2025-09,1.0,1,1.0,0.0,1.0,0.0,0.0,0.0,0.0,0.0,0,백반·죽·국수,본그룹
ba_14360458,2025-07,0.8000000000000002,6,1.0,0.0,0.6666666666666666,0.3333333333333333,0.0,0.0,1.0,0.0,0,백반·죽·국수,본그룹
ba_14360458,2025-08,0.6,2,1.0,0.0,0.0,0.0,0.0,0.0,1.0,0.0,0,백반·죽·국수,본그룹
ba_14360458,2025-09,1.0,4,1.0,0.0,0.5,1.0,0.5,0.0,0.0,0.0,0,백반·죽·국수,본그룹
ba_14363013,2025-08,1.0,1,1.0,0.0,1.0,0.0,0.0,0.0,0.0,0.0,0,백반·죽·국수,본그룹
ba_14363013,2025-09,0.8,4,1.0,0.0,0.5,0.0,0.5,0.0,0.0,0.0,0,백반·죽·국수,본그룹
ba_14371606,2025-09,-0.06666666666666667,3,0.0,0.3333333333333333,1.0,0.0,0.0,0.0,0.0,0.0,0,백반·죽·국수,본그룹
ba_14387630,2025-09,0.6761904761904763,63,0.8412698412698413,0.031746031746031744,0.7936507936507936,0.15873015873015872,0.06349206349206349,0.0,0.07936507936507936,0.031746031746031744,0,치킨,굽네치킨
ba_14387630,2025-07,0.7446153846153846,65,0.9076923076923077,0.03076923076923077,0.8153846153846154,0.1076923076923077,0.13846153846153847,0.0,0.015384615384615385,0.07692307692307693,0,치킨,굽네치킨
ba_14387630,2025-08,0.8131868131868129,91,0.9120879120879121,0.02197802197802198,0.8461538461538461,0.08791208791208792,0.16483516483516483,0.01098901098901099,0.10989010989010989,0.054945054945054944,0,치킨,굽네치킨
ba_14388856,2025-08,0.56,30,0.8333333333333334,0.1,0.8333333333333334,0.03333333333333333,0.13333333333333333,0.0,0.2,0.03333333333333333,0,치킨,굽네치킨
ba_14388856,2025-07,0.7458333333333335,48,0.8958333333333334,0.0,0.7708333333333334,0.020833333333333332,0.041666666666666664,0.020833333333333332,0.041666666666666664,0.08333333333333333,0,치킨,굽네치킨
ba_14388856,2025-09,0.6705882352941174,51,0.8627450980392157,0.058823529411764705,0.8431372549019608,0.13725490196078433,0.1568627450980392,0.0,0.0784313725490196,0.1568627450980392,0,치킨,굽네치킨
ba_14390691,2025-07,0.7500000000000001,8,1.0,0.0,0.5,0.0,0.0,0.0,0.5,0.0,0,백반·죽·국수,본그룹
ba_14390691,2025-08,0.0,1,0.0,0.0,0.0,0.0,0.0,0.0,0.0,0.0,0,백반·죽·국수,본그룹
ba_14390691,2025-09,0.6,1,1.0,0.0,0.0,1.0,0.0,0.0,1.0,0.0,0,백반·죽·국수,본그룹
ba_14392310,2025-08,1.0,3,1.0,0.0,1.0,0.0,0.0,0.0,0.0,0.6666666666666666,1,피자,굽네치킨
ba_14392310,2025-09,0.76,5,1.0,0.0,1.0,0.4,0.0,0.0,0.0,0.4,1,피자,굽네치킨
ba_14392877,2025-08,0.6,2,1.0,0.0,1.0,0.0,0.0,0.0,0.0,0.0,1,백반·죽·국수,본그룹
ba_14396364,2025-08,0.8,5,1.0,0.0,0.6,0.0,0.0,0.0,0.2,0.2,1,백반·죽·국수,본그룹
ba_14396364,2025-09,0.20000000000000004,3,0.3333333333333333,0.3333333333333333,0.0,0.3333333333333333,0.0,0.0,0.0,0.0,1,백반·죽·국수,본그룹
ba_14397420,2025-07,0.6444444444444444,18,0.8333333333333334,0.05555555555555555,0.8333333333333334,0.05555555555555555,0.2777777777777778,0.0,0.0,0.1111111111111111,0,치킨,굽네치킨
ba_14397420,2025-08,0.725,8,0.75,0.0,0.75,0.0,0.0,0.0,0.0,0.0,0,치킨,굽네치킨
ba_14397420,2025-09,0.72,5,1.0,0.0,0.8,0.2,0.0,0.0,0.0,0.2,0,치킨,굽네치킨
ba_14400680,2025-07,0.7428571428571429,7,1.0,0.0,1.0,0.14285714285714285,0.0,0.0,0.14285714285714285,0.14285714285714285,0,치킨,굽네치킨
ba_14400680,2025-09,0.30000000000000004,4,0.5,0.5,0.75,0.0,0.0,0.0,0.25,0.0,1,치킨,굽네치킨
ba_14400681,2025-08,0.2,1,1.0,0.0,1.0,0.0,0.0,0.0,0.0,0.0,1,피자,굽네치킨
ba_14437626,2025-09,0.5975609756097561,82,0.7926829268292683,0.024390243902439025,0.7560975609756098,0.036585365853658534,0.12195121951219512,0.024390243902439025,0.024390243902439025,0.04878048780487805,0,치킨,굽네치킨
ba_14437626,2025-07,0.7774647887323946,71,0.9436619718309859,0.028169014084507043,0.8732394366197183,0.07042253521126761,0.1267605633802817,0.014084507042253521,0.028169014084507043,0.08450704225352113,1,치킨,굽네치킨
ba_14437626,2025-08,0.7012658227848103,79,0.8607594936708861,0.0379746835443038,0.7848101265822784,0.05063291139240506,0.10126582278481013,0.012658227848101266,0.05063291139240506,0.05063291139240506,1,치킨,굽네치킨
ba_14440526,2025-07,0.5111111111111112,9,0.7777777777777778,0.2222222222222222,0.6666666666666666,0.0,0.1111111111111111,0.0,0.0,0.0,0,치킨,굽네치킨
ba_14440526,2025-08,1.0,5,1.0,0.0,1.0,0.0,0.2,0.0,0.0,0.0,0,치킨,굽네치킨
ba_14440526,2025-09,0.0,1,0.0,0.0,0.0,0.0,0.0,0.0,0.0,0.0,0,치킨,굽네치킨
ba_14440680,2025-09,0.7142857142857143,35,0.8857142857142857,0.05714285714285714,0.8857142857142857,0.0,0.05714285714285714,0.05714285714285714,0.05714285714285714,0.0,0,치킨,굽네치킨
ba_14440680,2025-07,0.5125,16,0.75,0.0,0.625,0.0625,0.0625,0.0,0.0625,0.0625,0,치킨,굽네치킨
ba_14440680,2025-08,0.6454545454545454,22,0.8636363636363636,0.045454545454545456,0.8181818181818182,0.09090909090909091,0.09090909090909091,0.0,0.045454545454545456,0.045454545454545456,0,치킨,굽네치킨
ba_14441181,2025-07,0.8,11,0.9090909090909091,0.0,0.7272727272727273,0.09090909090909091,0.0,0.0,0.2727272727272727,0.09090909090909091,1,치킨,굽네치킨
ba_14441181,2025-08,0.8307692307692308,13,0.9230769230769231,0.0,0.8461538461538461,0.07692307692307693,0.15384615384615385,0.0,0.23076923076923078,0.0,1,치킨,굽네치킨
ba_14441181,2025-09,0.6962962962962962,27,0.8148148148148148,0.0,0.7407407407407407,0.14814814814814814,0.18518518518518517,0.0,0.037037037037037035,0.1111111111111111,0,치킨,굽네치킨
ba_14441192,2025-09,-0.2,1,0.0,1.0,1.0,0.0,0.0,0.0,0.0,0.0,0,피자,굽네치킨
ba_14448826,2025-07,0.8666666666666666,6,1.0,0.0,1.0,0.0,0.0,0.0,0.0,0.0,1,백반·죽·국수,본그룹
ba_14448826,2025-08,1.0,4,1.0,0.0,0.5,0.0,0.0,0.0,0.5,0.0,0,백반·죽·국수,본그룹
ba_14449139,2025-07,0.7639999999999999,50,0.92,0.02,0.82,0.1,0.14,0.02,0.12,0.06,1,치킨,굽네치킨
ba_14449139,2025-08,0.6576923076923075,52,0.8653846153846154,0.019230769230769232,0.7884615384615384,0.038461538461538464,0.07692307692307693,0.0,0.1346153846153846,0.038461538461538464,1,치킨,굽네치킨
ba_14449139,2025-09,0.7962025316455696,158,0.9367088607594937,0.0,0.810126582278481,0.06329113924050633,0.06329113924050633,0.0,0.12658227848101267,0.0759493670886076,0,치킨,굽네치킨
ba_14454741,2025-07,0.4,1,1.0,0.0,1.0,0.0,0.0,0.0,1.0,0.0,0,백반·죽·국수,본그룹
ba_14454741,2025-09,1.0,2,1.0,0.0,1.0,0.0,0.0,0.0,1.0,0.0,1,백반·죽·국수,본그룹
ba_14456345,2025-07,0.3,2,0.5,0.0,0.5,0.0,0.0,0.0,0.0,0.0,0,백반·죽·국수,본그룹
ba_14456345,2025-08,0.7333333333333334,3,1.0,0.0,0.6666666666666666,0.0,0.3333333333333333,0.0,0.0,0.0,0,백반·죽·국수,본그룹
ba_14456345,2025-09,0.6,3,1.0,0.0,0.6666666666666666,0.6666666666666666,0.3333333333333333,0.0,0.0,0.0,1,백반·죽·국수,본그룹
ba_14456826,2025-07,0.2,2,1.0,0.0,1.0,0.0,0.0,0.0,0.0,0.0,0,백반·죽·국수,본그룹
ba_14456826,2025-08,1.0,1,1.0,0.0,1.0,0.0,0.0,0.0,1.0,0.0,0,백반·죽·국수,본그룹
ba_14456826,2025-09,0.30000000000000004,2,1.0,0.0,0.0,0.0,0.5,0.0,0.5,0.0,0,백반·죽·국수,본그룹
ba_14456827,2025-08,1.0,1,1.0,0.0,1.0,0.0,0.0,0.0,0.0,0.0,0,백반·죽·국수,본그룹
ba_14457403,2025-09,0.6,3,1.0,0.0,0.6666666666666666,0.0,0.0,0.0,0.3333333333333333,0.0,0,백반·죽·국수,본그룹
ba_14458025,2025-09,0.8333333333333334,60,0.9666666666666667,0.0,0.8333333333333334,0.2,0.06666666666666667,0.03333333333333333,0.08333333333333333,0.15,0,치킨,굽네치킨
ba_14458025,2025-07,0.6857142857142856,42,0.8571428571428571,0.0,0.7619047619047619,0.023809523809523808,0.11904761904761904,0.0,0.047619047619047616,0.07142857142857142,1,치킨,굽네치킨
ba_14458025,2025-08,0.7636363636363637,66,0.9393939393939394,0.0,0.8636363636363636,0.015151515151515152,0.06060606060606061,0.0,0.06060606060606061,0.045454545454545456,0,치킨,굽네치킨
ba_14459736,2025-07,1.0,1,1.0,0.0,1.0,0.0,0.0,0.0,0.0,0.0,1,치킨,굽네치킨
ba_14459736,2025-09,0.8666666666666667,3,1.0,0.0,1.0,0.0,0.0,0.0,0.0,0.0,0,치킨,굽네치킨
ba_14459736,2025-08,1.0,1,1.0,0.0,1.0,0.0,0.0,0.0,0.0,0.0,1,치킨,굽네치킨
ba_14462203,2025-09,0.30000000000000004,2,1.0,0.0,0.5,0.0,0.5,0.0,0.0,0.0,0,백반·죽·국수,본그룹
ba_14463467,2025-08,0.7363636363636363,44,0.9090909090909091,0.022727272727272728,0.7727272727272727,0.022727272727272728,0.0,0.0,0.045454545454545456,0.09090909090909091,0,치킨,굽네치킨
ba_14463467,2025-07,0.7660377358490565,53,0.9056603773584906,0.03773584905660377,0.7924528301886793,0.05660377358490566,0.03773584905660377,0.0,0.03773584905660377,0.07547169811320754,0,치킨,굽네치킨
ba_14463467,2025-09,0.7163265306122453,98,0.9081632653061225,0.02040816326530612,0.8061224489795918,0.02040816326530612,0.08163265306122448,0.0,0.11224489795918367,0.08163265306122448,0,치킨,굽네치킨
ba_14463469,2025-09,0.6,2,1.0,0.0,1.0,0.0,0.0,0.0,0.0,0.0,0,피자,굽네치킨
ba_14464913,2025-07,0.773469387755102,98,0.9081632653061225,0.0,0.8163265306122449,0.09183673469387756,0.11224489795918367,0.0,0.10204081632653061,0.10204081632653061,1,치킨,굽네치킨
ba_14464913,2025-08,0.7830769230769231,130,0.9307692307692308,0.0,0.8615384615384616,0.06923076923076923,0.05384615384615385,0.007692307692307693,0.05384615384615385,0.07692307692307693,1,치킨,굽네치킨
ba_14464913,2025-09,0.7206521739130433,184,0.9021739130434783,0.010869565217391304,0.7989130434782609,0.059782608695652176,0.07608695652173914,0.010869565217391304,0.10869565217391304,0.16847826086956522,0,치킨,굽네치킨
ba_14470771,2025-08,0.65,4,1.0,0.0,0.5,0.0,0.0,0.0,0.5,0.0,0,백반·죽·국수,본그룹
ba_14470771,2025-09,0.3,2,0.5,0.0,0.5,0.0,0.0,0.0,0.5,0.0,1,백반·죽·국수,본그룹
ba_14473511,2025-08,-0.6,1,0.0,1.0,0.0,1.0,1.0,0.0,0.0,0.0,0,백반·죽·국수,본그룹
ba_14473511,2025-09,1.0,1,1.0,0.0,1.0,0.0,0.0,0.0,0.0,0.0,0,백반·죽·국수,본그룹
ba_14488211,2025-07,0.5111111111111111,9,0.6666666666666666,0.2222222222222222,0.5555555555555556,0.2222222222222222,0.2222222222222222,0.0,0.0,0.0,1,치킨,굽네치킨
ba_14488211,2025-08,0.625,8,0.75,0.125,0.75,0.25,0.5,0.0,0.125,0.0,1,치킨,굽네치킨
ba_14488211,2025-09,0.6,8,0.75,0.0,0.625,0.125,0.0,0.0,0.25,0.0,0,치킨,굽네치킨
ba_14488212,2025-08,1.0,1,1.0,0.0,1.0,0.0,0.0,0.0,0.0,0.0,0,피자,굽네치킨
ba_14488495,2025-09,1.0,2,1.0,0.0,0.5,0.0,0.0,0.0,0.0,0.5,0,백반·죽·국수,본그룹
ba_14495840,2025-08,0.4,1,1.0,0.0,1.0,1.0,0.0,0.0,0.0,0.0,1,백반·죽·국수,본그룹
ba_14504490,2025-07,0.85,12,0.9166666666666666,0.0,0.9166666666666666,0.16666666666666666,0.0,0.0,0.08333333333333333,0.08333333333333333,1,백반·죽·국수,본그룹
ba_14504490,2025-08,0.5818181818181817,22,0.7727272727272727,0.09090909090909091,0.6363636363636364,0.13636363636363635,0.045454545454545456,0.0,0.2727272727272727,0.0,1,백반·죽·국수,본그룹
ba_14504490,2025-09,0.6933333333333334,15,0.7333333333333333,0.0,0.6666666666666666,0.06666666666666667,0.0,0.0,0.0,0.0,1,백반·죽·국수,본그룹
ba_14506800,2025-08,0.5,2,0.5,0.0,0.5,1.0,0.5,0.0,0.5,0.5,0,백반·죽·국수,본그룹
ba_14513076,2025-08,1.0,5,1.0,0.0,1.0,0.4,0.0,0.0,0.4,0.6,0,백반·죽·국수,본그룹
ba_14525069,2025-07,0.5833333333333334,12,0.9166666666666666,0.08333333333333333,0.75,0.16666666666666666,0.08333333333333333,0.08333333333333333,0.0,0.0,1,치킨,굽네치킨
ba_14525069,2025-08,0.22999999999999998,20,0.55,0.25,0.45,0.15,0.1,0.0,0.05,0.0,1,치킨,굽네치킨
ba_14525069,2025-09,0.7538461538461539,13,0.8461538461538461,0.15384615384615385,0.8461538461538461,0.0,0.15384615384615385,0.15384615384615385,0.0,0.0,1,치킨,굽네치킨
ba_14525359,2025-09,-0.4,1,0.0,1.0,0.0,0.0,0.0,0.0,0.0,0.0,0,백반·죽·국수,본그룹
ba_14528279,2025-07,0.8857142857142858,7,1.0,0.0,0.8571428571428571,0.0,0.14285714285714285,0.0,0.14285714285714285,0.0,1,치킨,굽네치킨
ba_14528279,2025-08,0.7125000000000001,16,0.8125,0.0625,0.875,0.125,0.0,0.0,0.25,0.125,0,치킨,굽네치킨
ba_14528279,2025-09,0.6,20,0.8,0.1,0.7,0.1,0.15,0.1,0.2,0.15,0,치킨,굽네치킨
ba_14528412,2025-08,0.0,1,0.0,0.0,0.0,0.0,0.0,0.0,0.0,0.0,1,피자,굽네치킨
ba_14528412,2025-09,0.5,2,0.5,0.0,0.5,0.0,0.0,0.0,0.0,0.0,0,피자,굽네치킨
ba_14528476,2025-07,1.0,1,1.0,0.0,1.0,0.0,0.0,0.0,0.0,0.0,0,백반·죽·국수,본그룹
ba_14530939,2025-08,1.0,1,1.0,0.0,1.0,0.0,0.0,0.0,0.0,0.0,1,백반·죽·국수,본그룹
ba_14530939,2025-09,0.9333333333333332,3,1.0,0.0,0.6666666666666666,0.0,0.3333333333333333,0.0,0.3333333333333333,0.0,1,백반·죽·국수,본그룹
ba_14533127,2025-08,0.5,2,0.5,0.0,0.5,0.0,0.0,0.0,0.0,0.0,0,백반·죽·국수,본그룹
ba_14533127,2025-09,1.0,2,1.0,0.0,1.0,0.0,0.0,0.0,0.5,0.0,1,백반·죽·국수,본그룹
ba_14541579,2025-07,0.7384615384615386,13,0.9230769230769231,0.0,0.8461538461538461,0.07692307692307693,0.23076923076923078,0.0,0.07692307692307693,0.07692307692307693,1,치킨,굽네치킨
ba_14541579,2025-08,0.5285714285714286,14,0.7857142857142857,0.07142857142857142,0.5,0.07142857142857142,0.21428571428571427,0.0,0.14285714285714285,0.14285714285714285,0,치킨,굽네치킨
ba_14541579,2025-09,0.44999999999999996,12,0.75,0.0,0.6666666666666666,0.08333333333333333,0.0,0.08333333333333333,0.16666666666666666,0.0,0,치킨,굽네치킨
ba_14544899,2025-07,1.0,1,1.0,0.0,1.0,0.0,0.0,0.0,0.0,0.0,1,백반·죽·국수,본그룹
ba_14548743,2025-07,0.6571428571428571,7,0.8571428571428571,0.0,0.42857142857142855,0.42857142857142855,0.14285714285714285,0.0,0.14285714285714285,0.0,1,치킨,굽네치킨
ba_14548743,2025-08,0.5538461538461539,13,0.6153846153846154,0.0,0.6923076923076923,0.15384615384615385,0.15384615384615385,0.0,0.0,0.07692307692307693,1,치킨,굽네치킨
ba_14548743,2025-09,0.38947368421052636,19,0.5789473684210527,0.10526315789473684,0.6842105263157895,0.10526315789473684,0.10526315789473684,0.0,0.10526315789473684,0.0,1,치킨,굽네치킨
ba_14556221,2025-07,0.536,25,0.8,0.04,0.6,0.04,0.0,0.0,0.08,0.08,0,치킨,굽네치킨
ba_14556221,2025-08,0.809090909090909,22,0.9090909090909091,0.045454545454545456,0.9545454545454546,0.0,0.18181818181818182,0.0,0.09090909090909091,0.13636363636363635,1,치킨,굽네치킨
ba_14556221,2025-09,0.6545454545454547,11,0.8181818181818182,0.18181818181818182,0.9090909090909091,0.18181818181818182,0.0,0.0,0.0,0.0,1,치킨,굽네치킨
ba_14557869,2025-08,0.7285714285714288,28,0.8571428571428571,0.03571428571428571,0.8214285714285714,0.03571428571428571,0.17857142857142858,0.0,0.10714285714285714,0.10714285714285714,0,치킨,굽네치킨
ba_14557869,2025-07,0.7555555555555555,18,0.8888888888888888,0.05555555555555555,0.7777777777777778,0.1111111111111111,0.1111111111111111,0.0,0.2777777777777778,0.3333333333333333,0,치킨,굽네치킨
ba_14557869,2025-09,0.8428571428571429,14,1.0,0.0,0.7857142857142857,0.21428571428571427,0.14285714285714285,0.0,0.14285714285714285,0.21428571428571427,0,치킨,굽네치킨
ba_14557882,2025-07,0.6210526315789474,19,0.7368421052631579,0.0,0.7368421052631579,0.0,0.10526315789473684,0.0,0.0,0.15789473684210525,1,치킨,굽네치킨
ba_14557882,2025-08,0.7018867924528303,53,0.8867924528301887,0.018867924528301886,0.8113207547169812,0.07547169811320754,0.07547169811320754,0.0,0.03773584905660377,0.16981132075471697,0,치킨,굽네치킨
ba_14557882,2025-09,0.68,40,0.825,0.075,0.725,0.075,0.25,0.0,0.175,0.025,0,치킨,굽네치킨
ba_14563145,2025-07,0.6153846153846154,13,0.8461538461538461,0.07692307692307693,0.8461538461538461,0.15384615384615385,0.3076923076923077,0.0,0.23076923076923078,0.07692307692307693,0,치킨,굽네치킨
ba_14563145,2025-08,0.7142857142857144,7,1.0,0.0,0.8571428571428571,0.2857142857142857,0.14285714285714285,0.0,0.2857142857142857,0.0,1,치킨,굽네치킨
ba_14563145,2025-09,0.6,2,1.0,0.0,1.0,0.0,0.0,0.0,0.0,0.0,1,치킨,굽네치킨
ba_14564492,2025-09,1.0,2,1.0,0.0,1.0,0.0,0.0,0.0,0.0,0.0,0,백반·죽·국수,본그룹
ba_14573167,2025-08,0.0,1,0.0,0.0,0.0,0.0,0.0,0.0,0.0,0.0,1,백반·죽·국수,본그룹
ba_14573167,2025-09,0.10000000000000003,2,0.5,0.5,0.5,0.0,0.0,0.0,0.0,0.0,1,백반·죽·국수,본그룹
ba_14574885,2025-07,0.4285714285714287,7,1.0,0.0,1.0,0.0,0.0,0.0,0.0,0.0,1,백반·죽·국수,본그룹
ba_14574885,2025-08,0.6666666666666666,6,1.0,0.0,0.6666666666666666,0.0,0.0,0.0,0.0,0.0,1,백반·죽·국수,본그룹
ba_14574885,2025-09,0.44000000000000006,5,1.0,0.0,0.2,0.4,0.0,0.0,0.0,0.0,0,백반·죽·국수,본그룹
ba_14575172,2025-07,0.4,17,0.7647058823529411,0.11764705882352941,0.6470588235294118,0.11764705882352941,0.23529411764705882,0.0,0.058823529411764705,0.058823529411764705,0,치킨,굽네치킨
ba_14575172,2025-08,0.5,14,0.6428571428571429,0.14285714285714285,0.5714285714285714,0.07142857142857142,0.14285714285714285,0.0,0.0,0.07142857142857142,1,치킨,굽네치킨
ba_14575172,2025-09,0.425,8,0.5,0.25,0.625,0.125,0.125,0.0,0.0,0.125,1,치킨,굽네치킨
ba_14578524,2025-07,0.7263157894736842,19,0.9473684210526315,0.05263157894736842,0.8947368421052632,0.15789473684210525,0.10526315789473684,0.05263157894736842,0.21052631578947367,0.10526315789473684,1,치킨,굽네치킨
ba_14578524,2025-08,0.5,8,0.625,0.0,0.5,0.125,0.25,0.0,0.0,0.125,1,치킨,굽네치킨
ba_14578524,2025-09,0.7571428571428572,14,0.9285714285714286,0.0,0.7142857142857143,0.2857142857142857,0.21428571428571427,0.0,0.2857142857142857,0.07142857142857142,1,치킨,굽네치킨
ba_14580787,2025-09,1.0,1,1.0,0.0,1.0,1.0,1.0,0.0,0.0,0.0,0,백반·죽·국수,본그룹
ba_14581239,2025-07,0.38,10,0.6,0.3,0.8,0.0,0.2,0.0,0.0,0.0,0,치킨,굽네치킨
ba_14581239,2025-08,0.6857142857142858,7,0.8571428571428571,0.0,0.7142857142857143,0.0,0.0,0.0,0.0,0.0,1,치킨,굽네치킨
ba_14581239,2025-09,0.6666666666666666,3,0.6666666666666666,0.0,1.0,0.0,0.3333333333333333,0.0,0.0,0.0,1,치킨,굽네치킨
ba_14582073,2025-07,0.24444444444444446,9,0.5555555555555556,0.1111111111111111,0.4444444444444444,0.0,0.2222222222222222,0.0,0.0,0.0,1,치킨,굽네치킨
ba_14582073,2025-08,0.48000000000000004,15,0.7333333333333333,0.13333333333333333,0.8,0.0,0.4,0.0,0.13333333333333333,0.0,1,치킨,굽네치킨
ba_14582073,2025-09,0.6333333333333333,12,0.8333333333333334,0.0,1.0,0.0,0.16666666666666666,0.0,0.16666666666666666,0.3333333333333333,0,치킨,굽네치킨
ba_14582508,2025-07,1.0,1,1.0,0.0,0.0,0.0,1.0,0.0,1.0,1.0,0,백반·죽·국수,본그룹
ba_14591780,2025-07,0.79,20,0.9,0.0,0.9,0.05,0.1,0.0,0.1,0.0,0,치킨,굽네치킨
ba_14591780,2025-08,0.52,15,0.7333333333333333,0.0,0.6666666666666666,0.13333333333333333,0.0,0.0,0.06666666666666667,0.0,0,치킨,굽네치킨
ba_14591780,2025-09,0.6363636363636364,11,0.6363636363636364,0.0,0.6363636363636364,0.09090909090909091,0.0,0.0,0.09090909090909091,0.0,0,치킨,굽네치킨
ba_14593720,2025-07,0.7666666666666667,6,1.0,0.0,1.0,0.5,0.3333333333333333,0.0,0.16666666666666666,0.16666666666666666,1,치킨,굽네치킨
ba_14593720,2025-08,0.6,2,1.0,0.0,1.0,0.0,0.5,0.0,0.0,0.0,0,치킨,굽네치킨
ba_14593720,2025-09,0.2,2,1.0,0.0,1.0,0.0,0.0,0.0,0.0,0.0,0,치킨,굽네치킨
ba_14593798,2025-07,0.5529411764705883,17,0.7647058823529411,0.11764705882352941,0.8235294117647058,0.17647058823529413,0.29411764705882354,0.0,0.058823529411764705,0.11764705882352941,0,치킨,굽네치킨
ba_14593798,2025-08,0.6833333333333332,12,0.8333333333333334,0.08333333333333333,0.8333333333333334,0.08333333333333333,0.16666666666666666,0.0,0.0,0.08333333333333333,1,치킨,굽네치킨
ba_14593798,2025-09,0.6285714285714284,14,0.7857142857142857,0.07142857142857142,0.7142857142857143,0.07142857142857142,0.21428571428571427,0.0,0.0,0.21428571428571427,1,치킨,굽네치킨
ba_14593800,2025-08,-0.4,1,0.0,1.0,1.0,0.0,0.0,0.0,0.0,0.0,0,피자,굽네치킨
ba_14594474,2025-07,0.9333333333333332,6,1.0,0.0,1.0,0.16666666666666666,0.16666666666666666,0.0,0.3333333333333333,0.0,1,백반·죽·국수,본그룹
ba_14594474,2025-09,0.0,1,0.0,0.0,0.0,0.0,0.0,0.0,0.0,0.0,0,백반·죽·국수,본그룹
ba_14597164,2025-07,0.45294117647058824,34,0.6764705882352942,0.14705882352941177,0.7941176470588235,0.17647058823529413,0.14705882352941177,0.029411764705882353,0.08823529411764706,0.029411764705882353,0,치킨,굽네치킨
ba_14597164,2025-08,0.37419354838709684,31,0.5483870967741935,0.12903225806451613,0.4838709677419355,0.12903225806451613,0.16129032258064516,0.0,0.0967741935483871,0.03225806451612903,1,치킨,굽네치킨
ba_14597164,2025-09,0.288,25,0.56,0.28,0.68,0.16,0.2,0.0,0.08,0.04,1,치킨,굽네치킨
ba_14598667,2025-08,0.8,4,1.0,0.0,0.5,0.0,0.0,0.0,0.75,0.0,0,백반·죽·국수,본그룹
ba_14598667,2025-09,0.8,2,1.0,0.0,1.0,0.0,0.0,0.0,0.0,0.0,1,백반·죽·국수,본그룹
ba_14599961,2025-07,0.5142857142857143,7,0.8571428571428571,0.14285714285714285,0.8571428571428571,0.14285714285714285,0.14285714285714285,0.0,0.0,0.0,0,치킨,굽네치킨
ba_14599961,2025-08,0.9,4,1.0,0.0,1.0,0.25,0.5,0.0,0.25,0.0,0,치킨,굽네치킨
ba_14599961,2025-09,0.9,4,1.0,0.0,1.0,0.25,0.0,0.0,0.25,0.5,0,치킨,굽네치킨
ba_14599973,2025-08,0.6,5,0.6,0.0,0.6,0.4,0.0,0.0,0.0,0.0,0,치킨,굽네치킨
ba_14599973,2025-09,0.75,4,1.0,0.0,0.75,0.0,0.25,0.0,0.25,0.0,0,치킨,굽네치킨
ba_14600429,2025-08,0.65,4,0.75,0.0,0.5,0.0,0.0,0.0,0.25,0.0,0,치킨,굽네치킨
ba_14600429,2025-09,0.5714285714285714,7,0.5714285714285714,0.0,0.5714285714285714,0.0,0.0,0.0,0.0,0.14285714285714285,0,치킨,굽네치킨
ba_14603467,2025-08,0.8,4,1.0,0.0,0.75,0.25,0.0,0.0,0.5,0.0,1,백반·죽·국수,본그룹
ba_14603467,2025-09,1.0,1,1.0,0.0,1.0,0.0,0.0,0.0,0.0,0.0,0,백반·죽·국수,본그룹
ba_14604237,2025-07,0.7714285714285715,7,1.0,0.0,0.8571428571428571,0.0,0.14285714285714285,0.0,0.0,0.0,1,치킨,굽네치킨
ba_14604237,2025-08,0.6333333333333333,6,0.8333333333333334,0.0,0.3333333333333333,0.16666666666666666,0.0,0.16666666666666666,0.16666666666666666,0.3333333333333333,0,치킨,굽네치킨
ba_14604237,2025-09,0.48,5,0.8,0.2,0.6,0.4,0.4,0.2,0.0,0.0,0,치킨,굽네치킨
ba_14606315,2025-07,0.9333333333333332,6,1.0,0.0,1.0,0.3333333333333333,0.3333333333333333,0.0,0.3333333333333333,0.0,1,백반·죽·국수,본그룹
ba_14606315,2025-08,-0.4,1,0.0,1.0,0.0,1.0,1.0,0.0,1.0,1.0,0,백반·죽·국수,본그룹
ba_14607412,2025-07,0.6357142857142858,28,0.8214285714285714,0.03571428571428571,0.6785714285714286,0.21428571428571427,0.17857142857142858,0.0,0.07142857142857142,0.03571428571428571,0,치킨,굽네치킨
ba_14607412,2025-08,0.7517241379310344,29,0.9310344827586207,0.0,0.7931034482758621,0.10344827586206896,0.1724137931034483,0.0,0.06896551724137931,0.10344827586206896,0,치킨,굽네치킨
ba_14607412,2025-09,0.6636363636363637,22,0.8636363636363636,0.0,0.6818181818181818,0.045454545454545456,0.0,0.0,0.0,0.09090909090909091,0,치킨,굽네치킨
ba_14613531,2025-07,0.7000000000000001,8,1.0,0.0,0.75,0.25,0.25,0.0,0.5,0.0,1,백반·죽·국수,본그룹
ba_14613531,2025-08,0.65,8,0.875,0.125,0.75,0.0,0.0,0.0,0.5,0.0,0,백반·죽·국수,본그룹
ba_14613531,2025-09,0.575,8,0.875,0.0,0.375,0.375,0.25,0.0,0.25,0.125,0,백반·죽·국수,본그룹
ba_14615149,2025-07,0.7136363636363637,44,0.8409090909090909,0.022727272727272728,0.7954545454545454,0.09090909090909091,0.11363636363636363,0.0,0.0,0.045454545454545456,0,치킨,굽네치킨
ba_14615149,2025-08,0.5783783783783784,37,0.7567567567567568,0.08108108108108109,0.7027027027027027,0.10810810810810811,0.2702702702702703,0.0,0.10810810810810811,0.05405405405405406,0,치킨,굽네치킨
ba_14615149,2025-09,0.5793103448275861,29,0.8275862068965517,0.06896551724137931,0.7241379310344828,0.1724137931034483,0.06896551724137931,0.034482758620689655,0.06896551724137931,0.034482758620689655,0,치킨,굽네치킨
ba_14616721,2025-08,1.0,1,1.0,0.0,1.0,0.0,0.0,0.0,0.0,0.0,1,백반·죽·국수,본그룹
ba_14616721,2025-09,0.3333333333333333,3,0.6666666666666666,0.3333333333333333,1.0,0.0,0.0,0.0,0.0,0.0,0,백반·죽·국수,본그룹
ba_14620216,2025-07,0.7066666666666667,60,0.8833333333333333,0.0,0.8,0.1,0.05,0.03333333333333333,0.08333333333333333,0.08333333333333333,0,치킨,굽네치킨
ba_14620216,2025-08,0.6,63,0.7777777777777778,0.06349206349206349,0.7777777777777778,0.12698412698412698,0.1111111111111111,0.0,0.1111111111111111,0.031746031746031744,0,치킨,굽네치킨
ba_14620216,2025-09,0.7319148936170214,47,0.9148936170212766,0.0425531914893617,0.8085106382978723,0.23404255319148937,0.10638297872340426,0.0,0.0851063829787234,0.02127659574468085,0,치킨,굽네치킨
ba_14623314,2025-07,0.6521739130434783,23,0.8260869565217391,0.13043478260869565,0.8695652173913043,0.043478260869565216,0.17391304347826086,0.0,0.30434782608695654,0.17391304347826086,0,치킨,굽네치킨
ba_14623314,2025-08,0.8666666666666667,6,1.0,0.0,0.8333333333333334,0.0,0.0,0.0,0.0,0.3333333333333333,0,치킨,굽네치킨
ba_14623314,2025-09,0.9199999999999999,5,1.0,0.0,0.8,0.0,0.4,0.0,0.0,0.2,0,치킨,굽네치킨
ba_14625157,2025-07,0.5142857142857143,7,0.7142857142857143,0.2857142857142857,1.0,0.2857142857142857,0.14285714285714285,0.14285714285714285,0.0,0.0,0,치킨,굽네치킨
ba_14625157,2025-08,0.76,5,1.0,0.0,1.0,0.0,0.2,0.0,0.2,0.2,0,치킨,굽네치킨
ba_14625157,2025-09,0.24,5,0.4,0.2,0.4,0.0,0.0,0.0,0.0,0.0,0,치킨,굽네치킨
ba_14625762,2025-08,0.6,1,1.0,0.0,1.0,0.0,0.0,0.0,0.0,0.0,0,백반·죽·국수,본그룹
ba_14625762,2025-09,0.5,4,0.5,0.0,0.5,0.0,0.0,0.0,0.5,0.0,0,백반·죽·국수,본그룹
ba_14627570,2025-08,0.7454545454545454,11,0.9090909090909091,0.09090909090909091,0.8181818181818182,0.0,0.18181818181818182,0.0,0.5454545454545454,0.0,0,백반·죽·국수,본그룹
ba_14627570,2025-09,0.4,2,1.0,0.0,0.0,1.0,0.0,0.0,1.0,0.0,1,백반·죽·국수,본그룹
ba_14629153,2025-08,1.0,1,1.0,0.0,1.0,0.0,0.0,0.0,0.0,0.0,0,치킨,굽네치킨
ba_14629153,2025-09,0.5,2,1.0,0.0,0.0,0.0,0.0,0.0,1.0,0.0,1,치킨,굽네치킨
ba_14629918,2025-07,0.8400000000000001,5,1.0,0.0,0.8,0.2,0.2,0.0,0.0,0.4,1,치킨,굽네치킨
ba_14629918,2025-08,1.0,2,1.0,0.0,1.0,0.0,0.5,0.0,0.0,0.0,1,치킨,굽네치킨
ba_14629918,2025-09,0.8500000000000001,4,1.0,0.0,1.0,0.5,0.25,0.0,0.0,0.0,0,치킨,굽네치킨
ba_14637553,2025-08,-0.2,1,0.0,1.0,1.0,0.0,0.0,0.0,0.0,0.0,0,치킨,굽네치킨
ba_14637553,2025-09,0.0,2,0.5,0.5,1.0,0.0,0.0,0.0,0.0,0.0,0,치킨,굽네치킨
ba_14637963,2025-09,0.7333333333333334,3,1.0,0.0,0.6666666666666666,0.0,0.3333333333333333,0.0,0.6666666666666666,0.0,0,치킨,굽네치킨
ba_14640352,2025-08,0.7454545454545454,11,1.0,0.0,0.7272727272727273,0.0,0.5454545454545454,0.0,0.36363636363636365,0.0,0,백반·죽·국수,본그룹
ba_14640352,2025-09,1.0,4,1.0,0.0,1.0,0.0,0.0,0.0,0.0,0.5,0,백반·죽·국수,본그룹
ba_14643477,2025-08,1.0,5,1.0,0.0,0.8,0.0,0.0,0.0,0.2,0.0,0,백반·죽·국수,본그룹
ba_14643477,2025-09,0.0,1,0.0,0.0,0.0,0.0,0.0,0.0,0.0,0.0,0,백반·죽·국수,본그룹
ba_14645179,2025-07,0.7333333333333334,6,1.0,0.0,1.0,0.0,0.3333333333333333,0.0,0.3333333333333333,0.0,1,백반·죽·국수,본그룹
ba_14645179,2025-08,1.0,1,1.0,0.0,1.0,0.0,0.0,0.0,0.0,0.0,0,백반·죽·국수,본그룹
ba_14645179,2025-09,1.0,1,1.0,0.0,1.0,0.0,0.0,0.0,0.0,0.0,0,백반·죽·국수,본그룹
ba_14647668,2025-09,0.3,4,0.5,0.0,0.25,0.0,0.0,0.0,0.25,0.0,1,백반·죽·국수,본그룹
ba_14648765,2025-07,0.6857142857142857,7,0.8571428571428571,0.0,0.7142857142857143,0.0,0.14285714285714285,0.0,0.0,0.0,0,치킨,굽네치킨
ba_14648765,2025-08,1.0,1,1.0,0.0,1.0,0.0,0.0,0.0,0.0,0.0,0,치킨,굽네치킨
ba_14648765,2025-09,1.0,1,1.0,0.0,1.0,0.0,0.0,0.0,0.0,0.0,0,치킨,굽네치킨
ba_14649303,2025-09,0.7714285714285715,7,0.8571428571428571,0.0,0.7142857142857143,0.0,0.14285714285714285,0.0,0.0,0.0,0,치킨,굽네치킨
ba_14649303,2025-07,0.5499999999999999,8,0.75,0.125,0.875,0.125,0.375,0.0,0.125,0.25,0,치킨,굽네치킨
ba_14649303,2025-08,0.9,4,1.0,0.0,1.0,0.0,0.0,0.0,0.0,0.0,0,치킨,굽네치킨
ba_14652311,2025-07,0.8800000000000001,5,1.0,0.0,1.0,0.0,0.2,0.0,0.2,0.0,0,치킨,굽네치킨
ba_14652311,2025-08,0.8,5,1.0,0.0,1.0,0.0,0.4,0.0,0.2,0.2,0,치킨,굽네치킨
ba_14652311,2025-09,1.0,3,1.0,0.0,1.0,0.0,0.0,0.0,0.0,0.0,0,치킨,굽네치킨
ba_14652929,2025-08,0.7734693877551019,98,0.8775510204081632,0.01020408163265306,0.8163265306122449,0.14285714285714285,0.22448979591836735,0.01020408163265306,0.030612244897959183,0.11224489795918367,0,치킨,굽네치킨
ba_14652929,2025-07,0.7394495412844037,109,0.9174311926605505,0.01834862385321101,0.8073394495412844,0.09174311926605505,0.14678899082568808,0.0,0.07339449541284404,0.027522935779816515,0,치킨,굽네치킨
ba_14652929,2025-09,0.722950819672131,122,0.8688524590163934,0.02459016393442623,0.7622950819672131,0.10655737704918032,0.08196721311475409,0.0,0.09016393442622951,0.07377049180327869,0,치킨,굽네치킨
ba_14653291,2025-08,0.9428571428571428,7,1.0,0.0,1.0,0.42857142857142855,0.2857142857142857,0.0,0.0,0.0,0,피자,굽네치킨
ba_14653291,2025-09,0.7333333333333334,3,1.0,0.0,0.6666666666666666,0.3333333333333333,0.3333333333333333,0.0,0.6666666666666666,0.0,0,피자,굽네치킨
ba_14654080,2025-09,0.7921052631578944,152,0.9210526315789473,0.006578947368421052,0.8552631578947368,0.05263157894736842,0.09868421052631579,0.013157894736842105,0.06578947368421052,0.07236842105263158,0,치킨,굽네치킨
ba_14654080,2025-07,0.7289473684210527,76,0.9078947368421053,0.02631578947368421,0.8421052631578947,0.06578947368421052,0.15789473684210525,0.013157894736842105,0.039473684210526314,0.11842105263157894,1,치킨,굽네치킨
ba_14654080,2025-08,0.7899999999999999,140,0.95,0.0,0.8,0.07142857142857142,0.10714285714285714,0.007142857142857143,0.06428571428571428,0.08571428571428572,0,치킨,굽네치킨
ba_14654803,2025-08,0.6000000000000001,4,1.0,0.0,0.5,0.0,0.0,0.0,0.5,0.0,1,백반·죽·국수,본그룹
ba_14654803,2025-09,0.9199999999999999,5,1.0,0.0,1.0,0.0,0.0,0.0,0.2,0.2,0,백반·죽·국수,본그룹
ba_14658160,2025-07,0.7142857142857143,7,0.8571428571428571,0.14285714285714285,0.7142857142857143,0.14285714285714285,0.14285714285714285,0.0,0.14285714285714285,0.14285714285714285,1,치킨,굽네치킨
ba_14658160,2025-08,0.6666666666666666,3,0.6666666666666666,0.0,0.3333333333333333,0.3333333333333333,0.0,0.0,0.3333333333333333,0.0,1,치킨,굽네치킨
ba_14658160,2025-09,0.7714285714285715,7,0.8571428571428571,0.0,0.7142857142857143,0.0,0.14285714285714285,0.0,0.0,0.14285714285714285,1,치킨,굽네치킨
ba_14658825,2025-07,0.6222222222222222,18,0.8888888888888888,0.0,0.8333333333333334,0.05555555555555555,0.16666666666666666,0.0,0.0,0.05555555555555555,1,치킨,굽네치킨
ba_14658825,2025-08,0.5421052631578948,38,0.7894736842105263,0.05263157894736842,0.6578947368421053,0.15789473684210525,0.23684210526315788,0.0,0.07894736842105263,0.10526315789473684,0,치킨,굽네치킨
ba_14658825,2025-09,0.6,24,0.75,0.0,0.75,0.125,0.16666666666666666,0.0,0.4166666666666667,0.08333333333333333,0,치킨,굽네치킨
ba_14662462,2025-07,0.8666666666666667,6,1.0,0.0,1.0,0.0,0.0,0.0,0.3333333333333333,0.0,1,치킨,굽네치킨
ba_14662462,2025-08,0.0,2,0.0,0.0,0.5,0.5,0.0,0.0,0.0,0.0,0,치킨,굽네치킨
ba_14662547,2025-08,0.7000000000000001,4,1.0,0.0,0.75,0.0,0.0,0.0,0.0,0.0,0,치킨,굽네치킨
ba_14662547,2025-07,0.34285714285714286,7,0.7142857142857143,0.14285714285714285,0.5714285714285714,0.42857142857142855,0.14285714285714285,0.14285714285714285,0.0,0.0,0,치킨,굽네치킨
ba_14663126,2025-08,0.7666666666666666,6,0.8333333333333334,0.0,0.3333333333333333,0.0,0.16666666666666666,0.0,0.0,0.0,0,치킨,굽네치킨
ba_14663126,2025-09,0.6666666666666666,6,1.0,0.0,1.0,0.0,0.0,0.0,0.0,0.0,0,치킨,굽네치킨
ba_14663534,2025-07,0.6799999999999999,5,0.8,0.0,0.8,0.4,0.2,0.0,0.0,0.2,0,치킨,굽네치킨
ba_14663534,2025-08,0.43333333333333335,6,0.5,0.16666666666666666,0.5,0.0,0.16666666666666666,0.0,0.16666666666666666,0.0,1,치킨,굽네치킨
ba_14663534,2025-09,0.45,4,0.75,0.0,0.75,0.0,0.25,0.0,0.0,0.0,1,치킨,굽네치킨
ba_14666363,2025-07,0.5894736842105261,19,0.9473684210526315,0.0,0.8947368421052632,0.10526315789473684,0.05263157894736842,0.05263157894736842,0.10526315789473684,0.05263157894736842,1,치킨,굽네치킨
ba_14666363,2025-08,0.7,26,0.8461538461538461,0.038461538461538464,0.8461538461538461,0.07692307692307693,0.07692307692307693,0.0,0.0,0.11538461538461539,1,치킨,굽네치킨
ba_14666363,2025-09,0.6162162162162161,37,0.7837837837837838,0.02702702702702703,0.8108108108108109,0.05405405405405406,0.08108108108108109,0.0,0.05405405405405406,0.0,1,치킨,굽네치킨
ba_14669107,2025-07,0.6986301369863014,73,0.8767123287671232,0.0273972602739726,0.7671232876712328,0.1095890410958904,0.1506849315068493,0.0136986301369863,0.0547945205479452,0.0273972602739726,1,치킨,굽네치킨
ba_14669107,2025-08,0.6282352941176471,85,0.8,0.047058823529411764,0.7294117647058823,0.11764705882352941,0.2,0.023529411764705882,0.07058823529411765,0.047058823529411764,0,치킨,굽네치킨
ba_14669107,2025-09,0.7152542372881358,59,0.8813559322033898,0.0,0.7966101694915254,0.0847457627118644,0.05084745762711865,0.0,0.03389830508474576,0.06779661016949153,0,치킨,굽네치킨
ba_14669108,2025-08,0.7333333333333334,3,1.0,0.0,1.0,1.0,0.3333333333333333,0.0,0.0,0.0,0,피자,굽네치킨
ba_14669109,2025-07,0.6857142857142857,7,0.8571428571428571,0.14285714285714285,0.8571428571428571,0.0,0.14285714285714285,0.0,0.14285714285714285,0.0,1,치킨,굽네치킨
ba_14669109,2025-08,0.16,5,0.4,0.4,0.6,0.6,0.2,0.0,0.4,0.0,1,치킨,굽네치킨
ba_14669109,2025-09,0.6999999999999998,24,0.9583333333333334,0.0,0.7083333333333334,0.041666666666666664,0.125,0.0,0.125,0.08333333333333333,1,치킨,굽네치킨
ba_14671483,2025-08,0.6,5,0.8,0.0,0.8,0.0,0.0,0.0,0.0,0.0,0,치킨,굽네치킨
ba_14671483,2025-09,0.7,8,0.875,0.0,0.5,0.125,0.125,0.0,0.25,0.0,0,치킨,굽네치킨
ba_14671483,2025-07,0.5599999999999999,5,0.6,0.2,0.6,0.2,0.0,0.0,0.0,0.0,1,치킨,굽네치킨
ba_14671490,2025-09,1.0,1,1.0,0.0,1.0,0.0,0.0,0.0,0.0,0.0,0,피자,굽네치킨
ba_14671974,2025-08,0.6,1,1.0,0.0,1.0,0.0,0.0,0.0,0.0,0.0,0,피자,굽네치킨
ba_14671974,2025-09,0.0,2,0.0,0.0,1.0,0.0,0.0,0.0,0.0,0.0,0,피자,굽네치킨
ba_14673431,2025-09,0.8,1,1.0,0.0,1.0,0.0,0.0,0.0,0.0,0.0,0,치킨,굽네치킨
ba_14673434,2025-07,0.49523809523809537,21,0.7142857142857143,0.14285714285714285,0.6666666666666666,0.14285714285714285,0.3333333333333333,0.0,0.19047619047619047,0.09523809523809523,1,치킨,굽네치킨
ba_14673434,2025-08,0.6799999999999999,15,0.8666666666666667,0.0,0.8,0.06666666666666667,0.13333333333333333,0.0,0.06666666666666667,0.13333333333333333,1,치킨,굽네치킨
ba_14673434,2025-09,0.7857142857142857,14,0.8571428571428571,0.0,0.7857142857142857,0.0,0.0,0.0,0.07142857142857142,0.14285714285714285,0,치킨,굽네치킨
ba_14673508,2025-08,0.4,1,1.0,0.0,1.0,0.0,0.0,0.0,0.0,0.0,0,백반·죽·국수,본그룹
ba_14675307,2025-07,0.04,5,0.4,0.2,0.6,0.2,0.4,0.0,0.2,0.0,0,치킨,굽네치킨
ba_14675307,2025-08,0.0,1,0.0,0.0,0.0,0.0,0.0,0.0,0.0,0.0,1,치킨,굽네치킨
ba_14675307,2025-09,1.0,2,1.0,0.0,1.0,0.5,0.0,0.0,0.0,0.0,1,치킨,굽네치킨
ba_14675393,2025-09,1.0,3,1.0,0.0,1.0,0.0,0.0,0.0,0.0,0.0,0,치킨,굽네치킨
ba_14679019,2025-09,0.6891891891891891,148,0.8851351351351351,0.033783783783783786,0.7635135135135135,0.07432432432432433,0.06756756756756757,0.013513513513513514,0.0472972972972973,0.0472972972972973,0,치킨,굽네치킨
ba_14679019,2025-07,0.738181818181818,110,0.8909090909090909,0.0,0.7545454545454545,0.09090909090909091,0.1,0.02727272727272727,0.045454545454545456,0.08181818181818182,1,치킨,굽네치킨
ba_14679019,2025-08,0.7326203208556147,187,0.8877005347593583,0.0213903743315508,0.8502673796791443,0.0374331550802139,0.08021390374331551,0.0053475935828877,0.0427807486631016,0.0427807486631016,0,치킨,굽네치킨
ba_14685750,2025-08,0.8000000000000003,90,0.9777777777777777,0.011111111111111112,0.9222222222222223,0.12222222222222222,0.1,0.011111111111111112,0.1111111111111111,0.1,0,치킨,굽네치킨
ba_14685750,2025-07,0.717142857142857,70,0.9285714285714286,0.0,0.8,0.04285714285714286,0.11428571428571428,0.014285714285714285,0.02857142857142857,0.02857142857142857,0,치킨,굽네치킨
ba_14685750,2025-09,0.7000000000000002,76,0.8947368421052632,0.039473684210526314,0.8157894736842105,0.13157894736842105,0.09210526315789473,0.0,0.039473684210526314,0.09210526315789473,1,치킨,굽네치킨
ba_14686856,2025-07,0.44000000000000006,5,0.8,0.0,0.4,0.4,0.0,0.0,0.6,0.2,0,백반·죽·국수,본그룹
ba_14686856,2025-08,0.45,4,0.75,0.0,0.25,0.0,0.0,0.0,0.5,0.0,0,백반·죽·국수,본그룹
ba_14686856,2025-09,-0.4,2,0.0,0.5,0.5,0.0,0.5,0.0,0.0,0.0,1,백반·죽·국수,본그룹
ba_14686997,2025-07,0.7396226415094339,53,0.9245283018867925,0.0,0.6792452830188679,0.07547169811320754,0.09433962264150944,0.0,0.3018867924528302,0.07547169811320754,1,백반·죽·국수,본그룹
ba_14686997,2025-08,0.7483870967741936,31,0.8064516129032258,0.0,0.7741935483870968,0.25806451612903225,0.25806451612903225,0.0,0.0967741935483871,0.1935483870967742,0,백반·죽·국수,본그룹
ba_14686997,2025-09,0.6249999999999999,24,0.875,0.041666666666666664,0.7083333333333334,0.25,0.08333333333333333,0.0,0.25,0.041666666666666664,0,백반·죽·국수,본그룹
ba_14687060,2025-07,0.37142857142857144,14,0.5,0.07142857142857142,0.5,0.21428571428571427,0.21428571428571427,0.0,0.07142857142857142,0.07142857142857142,0,백반·죽·국수,본그룹
ba_14687060,2025-08,0.5789473684210527,19,0.7368421052631579,0.05263157894736842,0.5789473684210527,0.0,0.21052631578947367,0.0,0.15789473684210525,0.05263157894736842,0,백반·죽·국수,본그룹
ba_14687060,2025-09,0.6,1,1.0,0.0,0.0,0.0,1.0,0.0,0.0,0.0,0,백반·죽·국수,본그룹
ba_14687076,2025-07,0.8,7,1.0,0.0,0.8571428571428571,0.14285714285714285,0.14285714285714285,0.0,0.2857142857142857,0.0,0,백반·죽·국수,본그룹
ba_14687076,2025-08,0.43333333333333335,6,1.0,0.0,0.5,0.0,0.16666666666666666,0.0,0.5,0.0,0,백반·죽·국수,본그룹
ba_14687076,2025-09,0.55,4,0.75,0.0,0.75,0.25,0.0,0.0,0.25,0.0,0,백반·죽·국수,본그룹
ba_14687088,2025-08,0.6285714285714287,7,0.7142857142857143,0.14285714285714285,0.7142857142857143,0.14285714285714285,0.0,0.0,0.0,0.0,0,백반·죽·국수,본그룹
ba_14687088,2025-09,0.6,3,1.0,0.0,0.6666666666666666,0.0,0.0,0.0,0.0,0.0,0,백반·죽·국수,본그룹
ba_14687092,2025-07,0.45000000000000007,16,0.875,0.0,0.6875,0.0,0.1875,0.0,0.375,0.125,1,백반·죽·국수,본그룹
ba_14687092,2025-09,0.2,1,1.0,0.0,1.0,0.0,0.0,0.0,0.0,0.0,0,백반·죽·국수,본그룹
ba_14687115,2025-07,0.5333333333333333,3,0.6666666666666666,0.3333333333333333,1.0,0.6666666666666666,0.0,0.0,0.0,0.0,1,백반·죽·국수,본그룹
ba_14687115,2025-08,0.0,1,0.0,0.0,0.0,0.0,0.0,0.0,0.0,0.0,1,백반·죽·국수,본그룹
ba_14687115,2025-09,0.9,2,1.0,0.0,0.5,0.5,0.0,0.0,0.0,0.0,1,백반·죽·국수,본그룹
ba_14687119,2025-07,0.6952380952380951,21,0.8095238095238095,0.0,0.6190476190476191,0.14285714285714285,0.047619047619047616,0.0,0.23809523809523808,0.09523809523809523,1,백반·죽·국수,본그룹
ba_14687119,2025-08,0.7333333333333334,6,1.0,0.0,0.6666666666666666,0.0,0.16666666666666666,0.0,0.16666666666666666,0.16666666666666666,1,백반·죽·국수,본그룹
ba_14687119,2025-09,0.6714285714285714,14,0.9285714285714286,0.0,0.5,0.14285714285714285,0.14285714285714285,0.0,0.2857142857142857,0.0,0,백반·죽·국수,본그룹
ba_14687134,2025-08,0.7,8,1.0,0.0,0.625,0.0,0.125,0.0,0.375,0.0,1,백반·죽·국수,본그룹
ba_14687134,2025-09,0.4,2,0.5,0.5,0.5,0.0,0.0,0.0,0.0,0.0,0,백반·죽·국수,본그룹
ba_14687134,2025-07,0.6,2,1.0,0.0,1.0,0.0,0.0,0.0,0.0,0.0,1,백반·죽·국수,본그룹
ba_14687136,2025-09,0.0,1,0.0,0.0,0.0,0.0,0.0,0.0,0.0,0.0,0,백반·죽·국수,본그룹
ba_14687166,2025-09,0.6,16,0.75,0.0625,0.5625,0.0625,0.125,0.0,0.1875,0.125,1,백반·죽·국수,본그룹
ba_14687166,2025-07,0.7454545454545454,11,1.0,0.0,0.7272727272727273,0.0,0.36363636363636365,0.0,0.45454545454545453,0.0,1,백반·죽·국수,본그룹
ba_14687166,2025-08,0.7416666666666667,24,1.0,0.0,0.7916666666666666,0.0,0.0,0.0,0.3333333333333333,0.16666666666666666,1,백반·죽·국수,본그룹
ba_14687296,2025-07,0.6899999999999998,20,0.9,0.0,0.5,0.1,0.2,0.0,0.15,0.2,0,백반·죽·국수,본그룹
ba_14687296,2025-08,0.6193548387096776,31,0.7741935483870968,0.0,0.5483870967741935,0.0967741935483871,0.12903225806451613,0.0,0.2903225806451613,0.0967741935483871,0,백반·죽·국수,본그룹
ba_14687296,2025-09,0.8064516129032258,31,1.0,0.0,0.8064516129032258,0.12903225806451613,0.03225806451612903,0.0,0.3548387096774194,0.16129032258064516,1,백반·죽·국수,본그룹
ba_14687307,2025-08,1.0,2,1.0,0.0,1.0,0.0,0.0,0.0,0.0,0.0,0,백반·죽·국수,본그룹
ba_14687307,2025-09,0.4,1,1.0,0.0,0.0,0.0,0.0,0.0,0.0,0.0,0,백반·죽·국수,본그룹
ba_14687310,2025-07,0.3333333333333333,3,0.6666666666666666,0.3333333333333333,0.0,0.0,0.0,0.0,0.0,0.3333333333333333,1,백반·죽·국수,본그룹
ba_14687310,2025-08,0.8000000000000002,3,1.0,0.0,1.0,0.3333333333333333,0.0,0.0,0.3333333333333333,0.0,1,백반·죽·국수,본그룹
ba_14687310,2025-09,0.44000000000000006,5,0.6,0.0,0.4,0.2,0.0,0.0,0.0,0.0,0,백반·죽·국수,본그룹
ba_14687315,2025-07,0.7666666666666666,6,1.0,0.0,1.0,0.16666666666666666,0.16666666666666666,0.0,0.3333333333333333,0.0,1,백반·죽·국수,본그룹
ba_14687315,2025-08,0.6,3,0.6666666666666666,0.0,0.6666666666666666,0.0,0.0,0.0,0.3333333333333333,0.0,1,백반·죽·국수,본그룹
ba_14687315,2025-09,0.13333333333333333,3,0.3333333333333333,0.0,0.3333333333333333,0.3333333333333333,0.0,0.0,0.0,0.0,0,백반·죽·국수,본그룹
ba_14687318,2025-07,0.775438596491228,57,0.9298245614035088,0.0,0.8070175438596491,0.03508771929824561,0.21052631578947367,0.0,0.07017543859649122,0.07017543859649122,1,백반·죽·국수,본그룹
ba_14687318,2025-08,0.6838709677419356,31,0.8387096774193549,0.03225806451612903,0.6129032258064516,0.06451612903225806,0.06451612903225806,0.0,0.16129032258064516,0.25806451612903225,1,백반·죽·국수,본그룹
ba_14687318,2025-09,0.5304347826086956,23,0.9565217391304348,0.043478260869565216,0.9130434782608695,0.13043478260869565,0.2608695652173913,0.043478260869565216,0.17391304347826086,0.08695652173913043,0,백반·죽·국수,본그룹
ba_14687323,2025-08,0.7,2,1.0,0.0,0.5,0.0,0.0,0.0,0.5,0.0,1,백반·죽·국수,본그룹
ba_14687323,2025-09,1.0,1,1.0,0.0,1.0,0.0,0.0,0.0,0.0,0.0,1,백반·죽·국수,본그룹
ba_14687326,2025-07,0.7,26,0.8846153846153846,0.0,0.5,0.0,0.2692307692307692,0.0,0.07692307692307693,0.07692307692307693,1,백반·죽·국수,본그룹
ba_14687326,2025-08,0.5333333333333333,6,0.6666666666666666,0.0,0.16666666666666666,0.0,0.0,0.0,0.0,0.3333333333333333,1,백반·죽·국수,본그룹
ba_14687326,2025-09,0.8625,16,0.9375,0.0,0.8125,0.0,0.1875,0.0,0.4375,0.0,0,백반·죽·국수,본그룹
ba_14687327,2025-07,0.6222222222222222,18,0.9444444444444444,0.05555555555555555,0.6111111111111112,0.05555555555555555,0.0,0.0,0.3888888888888889,0.0,0,백반·죽·국수,본그룹
ba_14687327,2025-08,1.0,6,1.0,0.0,1.0,0.3333333333333333,0.3333333333333333,0.0,0.0,0.0,0,백반·죽·국수,본그룹
ba_14687327,2025-09,0.3,4,0.5,0.0,0.25,0.0,0.0,0.0,0.25,0.0,0,백반·죽·국수,본그룹
ba_14687333,2025-09,0.7285714285714286,14,1.0,0.0,0.8571428571428571,0.07142857142857142,0.07142857142857142,0.0,0.14285714285714285,0.0,0,백반·죽·국수,본그룹
ba_14687333,2025-07,0.6037735849056601,53,0.8490566037735849,0.1509433962264151,0.5660377358490566,0.16981132075471697,0.11320754716981132,0.0,0.41509433962264153,0.0,1,백반·죽·국수,본그룹
ba_14687333,2025-08,0.9125000000000001,32,0.96875,0.0,0.90625,0.0625,0.09375,0.0,0.34375,0.03125,0,백반·죽·국수,본그룹
ba_14687335,2025-08,0.8151515151515151,66,1.0,0.0,0.803030303030303,0.13636363636363635,0.18181818181818182,0.0,0.36363636363636365,0.09090909090909091,1,백반·죽·국수,본그룹
ba_14687335,2025-07,0.7053763440860213,93,0.8924731182795699,0.0,0.6451612903225806,0.20430107526881722,0.25806451612903225,0.0,0.24731182795698925,0.1935483870967742,1,백반·죽·국수,본그룹
ba_14687335,2025-09,0.7884057971014492,69,0.9420289855072463,0.0,0.7536231884057971,0.2898550724637681,0.10144927536231885,0.0,0.42028985507246375,0.15942028985507245,0,백반·죽·국수,본그룹
ba_14687340,2025-07,0.9399999999999998,10,1.0,0.0,0.9,0.1,0.1,0.0,0.2,0.0,1,백반·죽·국수,본그룹
ba_14687340,2025-08,0.5777777777777778,9,1.0,0.0,0.6666666666666666,0.3333333333333333,0.1111111111111111,0.0,0.2222222222222222,0.2222222222222222,1,백반·죽·국수,본그룹
ba_14687340,2025-09,0.7555555555555555,18,0.8333333333333334,0.0,0.7777777777777778,0.0,0.2222222222222222,0.0,0.1111111111111111,0.1111111111111111,0,백반·죽·국수,본그룹
ba_14687341,2025-08,0.6333333333333333,6,0.6666666666666666,0.0,0.5,0.0,0.16666666666666666,0.0,0.0,0.0,0,백반·죽·국수,본그룹
ba_14687344,2025-08,0.7538461538461539,26,0.8846153846153846,0.07692307692307693,0.8461538461538461,0.11538461538461539,0.038461538461538464,0.0,0.11538461538461539,0.07692307692307693,1,백반·죽·국수,본그룹
ba_14687344,2025-09,0.8962962962962964,27,1.0,0.0,0.8148148148148148,0.037037037037037035,0.18518518518518517,0.0,0.25925925925925924,0.07407407407407407,0,백반·죽·국수,본그룹
ba_14687350,2025-09,0.8,16,0.9375,0.0,0.8125,0.125,0.0625,0.0,0.25,0.0625,0,백반·죽·국수,본그룹
ba_14687350,2025-07,0.567741935483871,62,0.7741935483870968,0.06451612903225806,0.6129032258064516,0.16129032258064516,0.11290322580645161,0.0,0.3548387096774194,0.11290322580645161,1,백반·죽·국수,본그룹
ba_14687350,2025-08,0.6666666666666666,24,0.9166666666666666,0.041666666666666664,0.5,0.20833333333333334,0.125,0.0,0.4583333333333333,0.08333333333333333,0,백반·죽·국수,본그룹
ba_14687354,2025-07,0.4,4,1.0,0.0,0.5,0.0,0.0,0.0,0.0,0.0,1,백반·죽·국수,본그룹
ba_14687354,2025-08,0.7555555555555555,9,0.8888888888888888,0.1111111111111111,0.7777777777777778,0.4444444444444444,0.1111111111111111,0.0,0.1111111111111111,0.1111111111111111,0,백반·죽·국수,본그룹
ba_14687354,2025-09,0.6,5,0.8,0.0,0.6,0.4,0.2,0.0,0.2,0.0,0,백반·죽·국수,본그룹
ba_14687365,2025-08,0.6799999999999999,5,0.8,0.0,0.6,0.2,0.2,0.0,0.0,0.0,0,백반·죽·국수,본그룹
ba_14687365,2025-09,0.9142857142857144,7,1.0,0.0,0.8571428571428571,0.14285714285714285,0.2857142857142857,0.0,0.2857142857142857,0.0,0,백반·죽·국수,본그룹
ba_14687368,2025-07,0.5142857142857143,7,0.5714285714285714,0.0,0.42857142857142855,0.0,0.14285714285714285,0.0,0.2857142857142857,0.0,1,백반·죽·국수,본그룹
ba_14687368,2025-08,0.5272727272727272,11,0.6363636363636364,0.09090909090909091,0.5454545454545454,0.09090909090909091,0.18181818181818182,0.0,0.0,0.0,1,백반·죽·국수,본그룹
ba_14687368,2025-09,0.5833333333333334,12,0.75,0.08333333333333333,0.5833333333333334,0.16666666666666666,0.08333333333333333,0.0,0.0,0.0,0,백반·죽·국수,본그룹
ba_14687382,2025-07,0.7166666666666668,24,0.7916666666666666,0.0,0.8333333333333334,0.041666666666666664,0.5416666666666666,0.0,0.125,0.0,1,백반·죽·국수,본그룹
ba_14687382,2025-08,0.7428571428571429,21,1.0,0.0,0.8095238095238095,0.14285714285714285,0.09523809523809523,0.0,0.047619047619047616,0.0,1,백반·죽·국수,본그룹
ba_14687382,2025-09,0.8461538461538461,26,1.0,0.0,0.7692307692307693,0.23076923076923078,0.07692307692307693,0.0,0.07692307692307693,0.07692307692307693,0,백반·죽·국수,본그룹
ba_14687388,2025-07,0.6571428571428571,7,0.7142857142857143,0.0,0.5714285714285714,0.0,0.14285714285714285,0.0,0.0,0.2857142857142857,0,백반·죽·국수,본그룹
ba_14687388,2025-08,0.4266666666666667,15,0.6,0.06666666666666667,0.4666666666666667,0.26666666666666666,0.06666666666666667,0.0,0.13333333333333333,0.06666666666666667,0,백반·죽·국수,본그룹
ba_14687388,2025-09,0.475,8,0.625,0.25,0.625,0.125,0.25,0.0,0.0,0.0,1,백반·죽·국수,본그룹
ba_14687493,2025-08,0.6,2,1.0,0.0,0.0,0.0,1.0,0.0,0.0,0.0,1,백반·죽·국수,본그룹
ba_14687493,2025-09,0.3333333333333333,3,0.6666666666666666,0.0,0.3333333333333333,0.0,0.0,0.0,0.0,0.3333333333333333,1,백반·죽·국수,본그룹
ba_14687497,2025-07,0.4,2,0.5,0.5,0.5,0.5,1.0,0.0,0.0,0.0,1,백반·죽·국수,본그룹
ba_14688075,2025-08,0.5666666666666667,6,0.8333333333333334,0.16666666666666666,0.8333333333333334,0.16666666666666666,0.16666666666666666,0.0,0.0,0.0,0,백반·죽·국수,본그룹
ba_14688075,2025-09,0.7999999999999999,3,1.0,0.0,0.6666666666666666,0.6666666666666666,0.3333333333333333,0.0,0.0,0.6666666666666666,1,백반·죽·국수,본그룹
ba_14688086,2025-07,0.4666666666666666,3,1.0,0.0,0.0,0.0,0.3333333333333333,0.0,0.3333333333333333,0.0,1,백반·죽·국수,본그룹
ba_14688086,2025-08,0.8,5,0.8,0.0,0.8,0.4,0.4,0.0,0.4,0.0,1,백반·죽·국수,본그룹
ba_14688086,2025-09,0.1,2,0.5,0.0,0.0,0.5,0.0,0.0,0.5,0.0,0,백반·죽·국수,본그룹
ba_14688088,2025-09,0.5130434782608696,23,0.8695652173913043,0.043478260869565216,0.6086956521739131,0.08695652173913043,0.08695652173913043,0.0,0.2608695652173913,0.043478260869565216,0,백반·죽·국수,본그룹
ba_14688088,2025-07,0.572972972972973,37,0.8648648648648649,0.10810810810810811,0.5675675675675675,0.24324324324324326,0.24324324324324326,0.0,0.32432432432432434,0.0,1,백반·죽·국수,본그룹
ba_14688088,2025-08,0.8239999999999997,25,0.92,0.0,0.84,0.36,0.32,0.0,0.32,0.12,0,백반·죽·국수,본그룹
ba_14688093,2025-07,1.0,2,1.0,0.0,1.0,0.0,0.0,0.0,0.0,0.0,1,백반·죽·국수,본그룹
ba_14688093,2025-08,0.7333333333333334,6,1.0,0.0,0.6666666666666666,0.0,0.0,0.0,0.0,0.0,0,백반·죽·국수,본그룹
ba_14688093,2025-09,0.30000000000000004,2,1.0,0.0,0.5,0.0,0.0,0.0,0.0,0.0,0,백반·죽·국수,본그룹
ba_14688094,2025-08,0.6,1,1.0,0.0,1.0,0.0,0.0,0.0,0.0,0.0,1,백반·죽·국수,본그룹
ba_14688094,2025-09,0.5142857142857143,7,0.5714285714285714,0.0,0.5714285714285714,0.0,0.14285714285714285,0.0,0.0,0.0,0,백반·죽·국수,본그룹
ba_14688100,2025-07,0.6,12,0.8333333333333334,0.0,0.5833333333333334,0.25,0.16666666666666666,0.0,0.5,0.16666666666666666,1,백반·죽·국수,본그룹
ba_14688100,2025-08,0.7733333333333333,15,0.9333333333333333,0.0,0.8666666666666667,0.06666666666666667,0.26666666666666666,0.0,0.3333333333333333,0.13333333333333333,1,백반·죽·국수,본그룹
ba_14688100,2025-09,0.8375,16,0.9375,0.0,0.8125,0.125,0.25,0.0,0.25,0.0625,0,백반·죽·국수,본그룹
ba_14688108,2025-07,0.6774193548387096,31,0.7741935483870968,0.0,0.6129032258064516,0.0967741935483871,0.0,0.03225806451612903,0.06451612903225806,0.0,1,백반·죽·국수,본그룹
ba_14688108,2025-08,0.9085714285714287,35,0.9714285714285714,0.02857142857142857,0.9142857142857143,0.14285714285714285,0.45714285714285713,0.02857142857142857,0.4,0.05714285714285714,0,백반·죽·국수,본그룹
ba_14688108,2025-09,0.8153846153846155,13,1.0,0.0,0.6923076923076923,0.0,0.15384615384615385,0.0,0.0,0.0,0,백반·죽·국수,본그룹
ba_14688114,2025-09,0.6266666666666666,30,0.8,0.0,0.6666666666666666,0.23333333333333334,0.1,0.0,0.1,0.0,0,백반·죽·국수,본그룹
ba_14688114,2025-07,0.7760000000000001,50,0.84,0.0,0.66,0.04,0.16,0.0,0.2,0.06,1,백반·죽·국수,본그룹
ba_14688114,2025-08,0.6301886792452829,53,0.8301886792452831,0.018867924528301886,0.5471698113207547,0.16981132075471697,0.18867924528301888,0.0,0.1320754716981132,0.03773584905660377,0,백반·죽·국수,본그룹
ba_14688173,2025-08,0.6,1,1.0,0.0,0.0,0.0,0.0,0.0,0.0,0.0,1,백반·죽·국수,본그룹
ba_14688173,2025-09,0.6,1,1.0,0.0,1.0,0.0,0.0,0.0,0.0,0.0,1,백반·죽·국수,본그룹
ba_14688176,2025-07,0.55,4,1.0,0.0,0.75,0.0,0.0,0.0,0.0,0.25,1,백반·죽·국수,본그룹
ba_14688176,2025-09,0.8,4,1.0,0.0,1.0,0.0,0.0,0.0,0.25,0.0,0,백반·죽·국수,본그룹
ba_14688180,2025-07,0.5294117647058824,17,0.8235294117647058,0.11764705882352941,0.5294117647058824,0.058823529411764705,0.11764705882352941,0.0,0.35294117647058826,0.0,1,백반·죽·국수,본그룹
ba_14688180,2025-08,0.6521739130434784,23,1.0,0.0,0.5217391304347826,0.13043478260869565,0.21739130434782608,0.0,0.08695652173913043,0.0,0,백반·죽·국수,본그룹
ba_14688180,2025-09,0.4818181818181818,22,0.5909090909090909,0.13636363636363635,0.5454545454545454,0.13636363636363635,0.18181818181818182,0.0,0.18181818181818182,0.045454545454545456,0,백반·죽·국수,본그룹
ba_14688182,2025-08,0.75,4,1.0,0.0,0.75,0.0,0.25,0.0,0.25,0.0,1,백반·죽·국수,본그룹
ba_14688182,2025-09,-0.2,2,0.0,0.5,0.0,0.5,0.0,0.0,0.0,0.0,1,백반·죽·국수,본그룹
ba_14688192,2025-08,0.8444444444444444,9,1.0,0.0,0.7777777777777778,0.2222222222222222,0.4444444444444444,0.0,0.1111111111111111,0.2222222222222222,0,백반·죽·국수,본그룹
ba_14688192,2025-09,0.65,8,0.75,0.0,0.75,0.125,0.125,0.0,0.125,0.0,1,백반·죽·국수,본그룹
ba_14688196,2025-07,0.35,4,0.5,0.25,0.5,0.0,0.0,0.0,0.0,0.0,1,백반·죽·국수,본그룹
ba_14688196,2025-08,1.0,2,1.0,0.0,1.0,0.0,0.0,0.0,0.5,0.0,0,백반·죽·국수,본그룹
ba_14688196,2025-09,0.6,1,1.0,0.0,0.0,1.0,0.0,0.0,0.0,0.0,0,백반·죽·국수,본그룹
ba_14688197,2025-07,0.6222222222222222,18,1.0,0.0,0.4444444444444444,0.0,0.1111111111111111,0.0,0.4444444444444444,0.0,1,백반·죽·국수,본그룹
ba_14688197,2025-08,0.5692307692307692,13,0.7692307692307693,0.0,0.38461538461538464,0.3076923076923077,0.3076923076923077,0.0,0.15384615384615385,0.15384615384615385,1,백반·죽·국수,본그룹
ba_14688197,2025-09,0.7142857142857143,7,1.0,0.0,0.7142857142857143,0.0,0.0,0.0,0.14285714285714285,0.0,1,백반·죽·국수,본그룹
ba_14688207,2025-08,1.0,3,1.0,0.0,1.0,0.3333333333333333,0.3333333333333333,0.0,0.3333333333333333,0.0,1,백반·죽·국수,본그룹
ba_14688233,2025-07,0.5,8,0.875,0.0,0.375,0.25,0.25,0.0,0.25,0.125,1,백반·죽·국수,본그룹
ba_14688233,2025-08,0.7,10,0.9,0.0,0.6,0.0,0.2,0.0,0.2,0.1,1,백반·죽·국수,본그룹
ba_14688233,2025-09,1.0,3,1.0,0.0,1.0,0.0,0.3333333333333333,0.0,0.0,0.0,1,백반·죽·국수,본그룹
ba_14688336,2025-07,0.44000000000000006,10,0.7,0.1,0.5,0.1,0.0,0.0,0.0,0.0,0,백반·죽·국수,본그룹
ba_14688336,2025-08,0.26666666666666666,6,0.3333333333333333,0.3333333333333333,0.6666666666666666,0.16666666666666666,0.0,0.0,0.0,0.0,0,백반·죽·국수,본그룹
ba_14688336,2025-09,0.8142857142857143,14,0.9285714285714286,0.0,0.9285714285714286,0.14285714285714285,0.21428571428571427,0.0,0.2857142857142857,0.2857142857142857,1,백반·죽·국수,본그룹
ba_14688337,2025-07,0.6666666666666666,6,1.0,0.0,0.6666666666666666,0.3333333333333333,0.0,0.0,0.0,0.0,1,백반·죽·국수,본그룹
ba_14688337,2025-08,1.0,4,1.0,0.0,1.0,0.25,0.25,0.0,0.0,0.25,1,백반·죽·국수,본그룹
ba_14688337,2025-09,0.8400000000000001,5,1.0,0.0,0.6,0.6,0.8,0.0,0.6,0.0,0,백반·죽·국수,본그룹
ba_14688338,2025-07,0.6,3,0.6666666666666666,0.0,0.6666666666666666,0.3333333333333333,0.0,0.0,0.0,0.3333333333333333,1,백반·죽·국수,본그룹
ba_14688338,2025-08,0.6,1,1.0,0.0,1.0,0.0,0.0,0.0,0.0,0.0,0,백반·죽·국수,본그룹
ba_14688338,2025-09,1.0,1,1.0,0.0,1.0,0.0,0.0,0.0,0.0,0.0,0,백반·죽·국수,본그룹
ba_14688345,2025-09,0.4,2,0.5,0.0,0.0,0.5,0.5,0.0,0.0,0.0,1,백반·죽·국수,본그룹
ba_14688363,2025-08,0.6333333333333333,6,0.6666666666666666,0.0,0.6666666666666666,0.3333333333333333,0.5,0.3333333333333333,0.5,0.0,0,백반·죽·국수,본그룹
ba_14688363,2025-09,0.72,5,1.0,0.0,0.8,0.0,0.0,0.0,0.0,0.0,0,백반·죽·국수,본그룹
ba_14688371,2025-08,0.7333333333333334,6,1.0,0.0,0.5,0.0,0.5,0.0,0.0,0.0,1,백반·죽·국수,본그룹
ba_14688371,2025-09,1.0,1,1.0,0.0,1.0,0.0,0.0,0.0,0.0,0.0,0,백반·죽·국수,본그룹
ba_14688499,2025-09,0.5,2,0.5,0.0,0.5,0.0,0.5,0.0,0.0,0.0,0,백반·죽·국수,본그룹
ba_14688522,2025-07,0.6333333333333334,12,0.8333333333333334,0.0,0.6666666666666666,0.16666666666666666,0.0,0.0,0.16666666666666666,0.0,1,백반·죽·국수,본그룹
ba_14688522,2025-08,0.55,8,1.0,0.0,0.75,0.0,0.125,0.0,0.25,0.125,0,백반·죽·국수,본그룹
ba_14688522,2025-09,0.8909090909090908,11,1.0,0.0,0.9090909090909091,0.18181818181818182,0.2727272727272727,0.0,0.09090909090909091,0.0,0,백반·죽·국수,본그룹
ba_14688525,2025-08,0.7666666666666667,30,0.9,0.0,0.8,0.13333333333333333,0.03333333333333333,0.0,0.2,0.03333333333333333,0,백반·죽·국수,본그룹
ba_14688525,2025-09,0.6857142857142857,7,1.0,0.0,0.7142857142857143,0.14285714285714285,0.0,0.0,0.42857142857142855,0.2857142857142857,0,백반·죽·국수,본그룹
ba_14688525,2025-07,0.7333333333333334,27,0.9629629629629629,0.037037037037037035,0.7777777777777778,0.14814814814814814,0.1111111111111111,0.037037037037037035,0.2962962962962963,0.037037037037037035,1,백반·죽·국수,본그룹
ba_14688555,2025-08,0.7534883720930234,43,0.9302325581395349,0.046511627906976744,0.7209302325581395,0.023255813953488372,0.2558139534883721,0.023255813953488372,0.23255813953488372,0.06976744186046512,1,백반·죽·국수,본그룹
ba_14688555,2025-07,0.664516129032258,31,0.7419354838709677,0.0,0.6774193548387096,0.0967741935483871,0.12903225806451613,0.0,0.06451612903225806,0.06451612903225806,1,백반·죽·국수,본그룹
ba_14688555,2025-09,0.6599999999999999,20,0.95,0.0,0.75,0.05,0.2,0.0,0.1,0.05,0,백반·죽·국수,본그룹
ba_14688557,2025-08,0.0,1,0.0,0.0,0.0,0.0,0.0,0.0,0.0,0.0,0,백반·죽·국수,본그룹
ba_14688557,2025-09,0.7,2,1.0,0.0,1.0,0.0,0.0,0.0,0.0,0.0,0,백반·죽·국수,본그룹
ba_14688559,2025-08,0.7333333333333334,3,1.0,0.0,1.0,0.0,0.0,0.0,0.0,0.0,1,백반·죽·국수,본그룹
ba_14688559,2025-07,0.6,2,1.0,0.0,1.0,0.0,0.0,0.0,0.0,0.0,1,백반·죽·국수,본그룹
ba_14688559,2025-09,0.0,2,0.0,0.0,0.0,0.0,0.0,0.0,0.0,0.0,0,백반·죽·국수,본그룹
ba_14688563,2025-07,0.8,10,0.9,0.0,0.7,0.0,0.3,0.0,0.0,0.0,1,백반·죽·국수,본그룹
ba_14688563,2025-08,0.6,6,0.8333333333333334,0.0,0.5,0.0,0.3333333333333333,0.0,0.3333333333333333,0.0,1,백반·죽·국수,본그룹
ba_14688563,2025-09,0.6333333333333333,6,0.8333333333333334,0.0,0.5,0.16666666666666666,0.16666666666666666,0.0,0.3333333333333333,0.0,0,백반·죽·국수,본그룹
ba_14688567,2025-08,0.0,2,0.0,0.0,0.0,0.0,0.0,0.0,0.0,0.0,0,백반·죽·국수,본그룹
ba_14688567,2025-09,1.0,1,1.0,0.0,0.0,0.0,1.0,0.0,0.0,0.0,0,백반·죽·국수,본그룹
ba_14688570,2025-08,0.7999999999999999,3,1.0,0.0,1.0,0.3333333333333333,0.0,0.3333333333333333,0.0,0.3333333333333333,0,백반·죽·국수,본그룹
ba_14688570,2025-09,0.7,2,1.0,0.0,0.5,0.0,0.0,0.0,0.5,0.0,0,백반·죽·국수,본그룹
ba_14688582,2025-09,0.7411764705882353,17,0.9411764705882353,0.0,0.8235294117647058,0.47058823529411764,0.23529411764705882,0.0,0.5294117647058824,0.23529411764705882,0,백반·죽·국수,본그룹
ba_14688582,2025-07,0.9,10,0.9,0.0,0.9,0.4,0.3,0.0,0.6,0.3,1,백반·죽·국수,본그룹
ba_14688582,2025-08,0.8705882352941177,17,0.9411764705882353,0.0,0.9411764705882353,0.11764705882352941,0.7058823529411765,0.11764705882352941,0.23529411764705882,0.11764705882352941,0,백반·죽·국수,본그룹
ba_14688602,2025-08,0.9199999999999999,5,1.0,0.0,1.0,0.0,0.0,0.0,0.0,0.4,1,백반·죽·국수,본그룹
ba_14688602,2025-09,0.8,7,1.0,0.0,1.0,0.14285714285714285,0.14285714285714285,0.0,0.2857142857142857,0.14285714285714285,1,백반·죽·국수,본그룹
ba_14688609,2025-08,1.0,1,1.0,0.0,1.0,0.0,0.0,0.0,0.0,0.0,0,백반·죽·국수,본그룹
ba_14688614,2025-08,0.8,4,1.0,0.0,0.75,0.0,0.0,0.0,0.25,0.75,1,백반·죽·국수,본그룹
ba_14688614,2025-09,0.2,2,1.0,0.0,0.5,0.0,0.0,0.0,0.5,0.0,1,백반·죽·국수,본그룹
ba_14688631,2025-07,0.7538461538461537,13,1.0,0.0,0.6923076923076923,0.15384615384615385,0.46153846153846156,0.0,0.0,0.15384615384615385,0,백반·죽·국수,본그룹
ba_14688631,2025-08,0.7333333333333333,15,0.8666666666666667,0.0,0.7333333333333333,0.3333333333333333,0.0,0.13333333333333333,0.0,0.13333333333333333,1,백반·죽·국수,본그룹
ba_14688631,2025-09,0.7176470588235295,17,1.0,0.0,0.7058823529411765,0.29411764705882354,0.17647058823529413,0.0,0.058823529411764705,0.17647058823529413,1,백반·죽·국수,본그룹
ba_14688656,2025-08,0.7000000000000001,4,1.0,0.0,1.0,0.0,0.5,0.0,0.0,0.5,1,백반·죽·국수,본그룹
ba_14688656,2025-09,1.0,3,1.0,0.0,1.0,0.3333333333333333,0.0,0.0,0.3333333333333333,0.0,0,백반·죽·국수,본그룹
ba_14688684,2025-07,0.7652173913043478,23,0.9565217391304348,0.0,0.6956521739130435,0.08695652173913043,0.17391304347826086,0.0,0.391304347826087,0.08695652173913043,0,백반·죽·국수,본그룹
ba_14688684,2025-08,0.8444444444444446,18,0.9444444444444444,0.0,0.7777777777777778,0.2222222222222222,0.2222222222222222,0.0,0.2777777777777778,0.2222222222222222,1,백반·죽·국수,본그룹
ba_14688684,2025-09,0.7249999999999999,40,0.9,0.0,0.65,0.15,0.125,0.0,0.375,0.075,1,백반·죽·국수,본그룹
ba_14688687,2025-07,0.69811320754717,53,0.8490566037735849,0.0,0.660377358490566,0.11320754716981132,0.09433962264150944,0.0,0.16981132075471697,0.05660377358490566,1,백반·죽·국수,본그룹
ba_14688687,2025-08,0.6682926829268292,41,0.8292682926829268,0.04878048780487805,0.7317073170731707,0.1951219512195122,0.17073170731707318,0.0,0.2682926829268293,0.024390243902439025,1,백반·죽·국수,본그룹
ba_14688687,2025-09,0.7609756097560977,41,0.9512195121951219,0.024390243902439025,0.5853658536585366,0.0975609756097561,0.17073170731707318,0.0,0.43902439024390244,0.04878048780487805,0,백반·죽·국수,본그룹
ba_14688693,2025-08,0.19999999999999998,2,0.5,0.5,0.5,0.0,0.5,0.0,0.0,0.0,1,백반·죽·국수,본그룹
ba_14688693,2025-09,0.6999999999999998,6,0.8333333333333334,0.16666666666666666,0.8333333333333334,0.5,0.5,0.0,0.5,0.16666666666666666,0,백반·죽·국수,본그룹
ba_14688697,2025-08,0.6000000000000001,4,0.75,0.0,1.0,0.0,0.0,0.0,0.0,0.0,0,백반·죽·국수,본그룹
ba_14688697,2025-09,0.9333333333333332,6,1.0,0.0,0.8333333333333334,0.0,0.0,0.0,0.3333333333333333,0.0,0,백반·죽·국수,본그룹
ba_14688702,2025-08,0.27999999999999997,5,0.6,0.4,0.8,0.2,0.2,0.0,0.0,0.2,1,백반·죽·국수,본그룹
ba_14688702,2025-09,0.4,1,1.0,0.0,0.0,1.0,0.0,0.0,0.0,0.0,0,백반·죽·국수,본그룹
ba_14688707,2025-07,0.5,6,0.5,0.0,0.5,0.0,0.0,0.0,0.0,0.0,1,백반·죽·국수,본그룹
ba_14688707,2025-08,0.8,4,1.0,0.0,1.0,0.25,0.0,0.0,0.25,0.0,1,백반·죽·국수,본그룹
ba_14688707,2025-09,0.45714285714285713,7,0.8571428571428571,0.14285714285714285,0.42857142857142855,0.14285714285714285,0.14285714285714285,0.0,0.42857142857142855,0.0,1,백반·죽·국수,본그룹
ba_14688709,2025-08,1.0,1,1.0,0.0,1.0,0.0,0.0,0.0,0.0,0.0,1,백반·죽·국수,본그룹
ba_14688716,2025-07,1.0,4,1.0,0.0,1.0,0.25,0.0,0.0,0.0,0.25,0,백반·죽·국수,본그룹
ba_14688716,2025-08,0.6333333333333333,6,0.8333333333333334,0.0,0.5,0.0,0.0,0.0,0.5,0.0,0,백반·죽·국수,본그룹
ba_14688716,2025-09,0.5249999999999999,8,0.875,0.0,0.375,0.0,0.0,0.0,0.0,0.125,1,백반·죽·국수,본그룹
ba_14688728,2025-08,0.3333333333333333,6,0.3333333333333333,0.0,0.8333333333333334,1.0,0.0,0.0,0.3333333333333333,0.0,1,백반·죽·국수,본그룹
ba_14688728,2025-09,0.4,5,0.8,0.0,0.4,0.0,0.2,0.0,0.2,0.4,1,백반·죽·국수,본그룹
ba_14688729,2025-08,0.52,5,0.6,0.0,0.6,0.0,0.4,0.0,0.0,0.0,1,백반·죽·국수,본그룹
ba_14688729,2025-07,1.0,6,1.0,0.0,1.0,0.0,0.3333333333333333,0.0,0.0,0.0,1,백반·죽·국수,본그룹
ba_14688729,2025-09,0.8,4,1.0,0.0,0.75,0.25,0.25,0.0,0.25,0.25,0,백반·죽·국수,본그룹
ba_14688738,2025-09,0.0,1,0.0,0.0,0.0,0.0,0.0,0.0,0.0,0.0,0,백반·죽·국수,본그룹
ba_14688746,2025-08,0.72,10,1.0,0.0,0.8,0.1,0.2,0.0,0.2,0.0,1,백반·죽·국수,본그룹
ba_14688746,2025-09,0.5000000000000001,6,0.8333333333333334,0.16666666666666666,0.8333333333333334,0.16666666666666666,0.0,0.0,0.0,0.0,0,백반·죽·국수,본그룹
ba_14688751,2025-08,0.6,2,1.0,0.0,0.5,0.0,1.0,0.0,0.0,0.0,1,백반·죽·국수,본그룹
ba_14688751,2025-09,1.0,1,1.0,0.0,1.0,0.0,0.0,0.0,0.0,0.0,1,백반·죽·국수,본그룹
ba_14688765,2025-08,0.9,4,1.0,0.0,0.75,0.0,0.25,0.0,0.0,0.0,1,백반·죽·국수,본그룹
ba_14688765,2025-09,0.575,8,0.75,0.125,0.75,0.0,0.0,0.0,0.75,0.125,0,백반·죽·국수,본그룹
ba_14688765,2025-07,0.6526315789473686,19,0.8421052631578947,0.15789473684210525,0.8421052631578947,0.5263157894736842,0.42105263157894735,0.0,0.3684210526315789,0.10526315789473684,1,백반·죽·국수,본그룹
ba_14688789,2025-08,1.0,7,1.0,0.0,0.2857142857142857,0.0,0.0,0.0,0.0,0.0,0,백반·죽·국수,본그룹
ba_14688789,2025-09,1.0,5,1.0,0.0,1.0,0.2,0.0,0.0,0.4,0.4,1,백반·죽·국수,본그룹
ba_14688848,2025-08,0.52,5,1.0,0.0,0.4,0.0,0.2,0.0,0.6,0.0,1,백반·죽·국수,본그룹
ba_14688848,2025-09,0.8857142857142856,7,1.0,0.0,0.8571428571428571,0.0,0.42857142857142855,0.0,0.2857142857142857,0.0,0,백반·죽·국수,본그룹
ba_14688854,2025-07,0.7333333333333334,3,1.0,0.0,1.0,0.3333333333333333,0.0,0.0,0.0,0.3333333333333333,1,백반·죽·국수,본그룹
ba_14688854,2025-08,0.8,8,1.0,0.0,1.0,0.125,0.75,0.0,0.75,0.0,0,백반·죽·국수,본그룹
ba_14688854,2025-09,0.27999999999999997,5,0.6,0.0,0.6,0.0,0.0,0.0,0.0,0.0,1,백반·죽·국수,본그룹
ba_14688860,2025-07,0.5999999999999999,14,0.7857142857142857,0.07142857142857142,0.42857142857142855,0.21428571428571427,0.21428571428571427,0.0,0.0,0.0,1,백반·죽·국수,본그룹
ba_14688860,2025-08,0.4000000000000001,12,0.6666666666666666,0.0,0.5833333333333334,0.3333333333333333,0.0,0.0,0.3333333333333333,0.0,1,백반·죽·국수,본그룹
ba_14688860,2025-09,0.7777777777777778,9,0.7777777777777778,0.0,0.7777777777777778,0.4444444444444444,0.2222222222222222,0.0,0.4444444444444444,0.0,0,백반·죽·국수,본그룹
ba_14688879,2025-07,0.775,8,1.0,0.0,0.875,0.0,0.125,0.0,0.125,0.0,0,백반·죽·국수,본그룹
ba_14688879,2025-08,0.6666666666666666,6,0.8333333333333334,0.0,0.5,0.16666666666666666,0.16666666666666666,0.0,0.16666666666666666,0.16666666666666666,0,백반·죽·국수,본그룹
ba_14688879,2025-09,0.4666666666666666,6,0.8333333333333334,0.0,0.5,0.0,0.16666666666666666,0.0,0.3333333333333333,0.0,1,백반·죽·국수,본그룹
ba_14688905,2025-08,1.0,2,1.0,0.0,1.0,0.0,0.0,0.0,0.5,0.0,0,백반·죽·국수,본그룹
ba_14688905,2025-09,0.30000000000000004,4,0.75,0.0,0.0,0.0,0.0,0.0,0.25,0.0,1,백반·죽·국수,본그룹
ba_14688907,2025-08,0.75,8,1.0,0.0,0.5,0.125,0.0,0.0,0.125,0.0,0,백반·죽·국수,본그룹
ba_14688907,2025-09,0.8285714285714285,7,0.8571428571428571,0.14285714285714285,1.0,0.0,0.0,0.0,0.0,0.0,0,백반·죽·국수,본그룹
ba_14688923,2025-08,0.6666666666666666,3,1.0,0.0,1.0,0.0,0.0,0.0,0.0,0.3333333333333333,0,백반·죽·국수,본그룹
ba_14688924,2025-08,0.5999999999999999,21,0.8571428571428571,0.0,0.5238095238095238,0.09523809523809523,0.23809523809523808,0.0,0.19047619047619047,0.047619047619047616,0,백반·죽·국수,본그룹
ba_14688924,2025-07,0.7517241379310345,29,0.8275862068965517,0.034482758620689655,0.8275862068965517,0.3103448275862069,0.0,0.0,0.034482758620689655,0.0,1,백반·죽·국수,본그룹
ba_14688924,2025-09,0.4,5,0.8,0.0,0.0,0.0,0.4,0.0,0.0,0.0,0,백반·죽·국수,본그룹
ba_14688931,2025-08,0.8333333333333334,6,1.0,0.0,0.5,0.0,0.3333333333333333,0.0,0.3333333333333333,0.0,0,백반·죽·국수,본그룹
ba_14688931,2025-09,1.0,2,1.0,0.0,1.0,0.0,0.0,0.0,0.0,0.0,0,백반·죽·국수,본그룹
ba_14688963,2025-07,0.4,2,1.0,0.0,1.0,1.0,0.0,0.0,0.0,0.0,1,백반·죽·국수,본그룹
ba_14688963,2025-08,0.7333333333333334,6,1.0,0.0,0.5,0.0,0.0,0.0,0.8333333333333334,0.3333333333333333,0,백반·죽·국수,본그룹
ba_14688963,2025-09,1.0,2,1.0,0.0,1.0,0.0,0.0,0.0,0.5,0.0,0,백반·죽·국수,본그룹
ba_14688982,2025-09,0.45,4,0.75,0.25,0.75,0.0,0.0,0.0,0.25,0.25,0,백반·죽·국수,본그룹
ba_14688982,2025-08,0.4250000000000001,8,0.875,0.125,0.375,0.0,0.0,0.0,0.375,0.375,0,백반·죽·국수,본그룹
ba_14689003,2025-07,0.8,4,1.0,0.0,0.75,0.5,0.0,0.0,0.0,0.0,1,백반·죽·국수,본그룹
ba_14689003,2025-08,0.5,4,0.75,0.25,0.5,0.25,0.0,0.0,0.0,0.25,1,백반·죽·국수,본그룹
ba_14689003,2025-09,0.7999999999999999,8,1.0,0.0,1.0,0.0,0.25,0.0,0.25,0.0,0,백반·죽·국수,본그룹
ba_14689004,2025-07,0.8800000000000001,10,1.0,0.0,1.0,0.4,0.4,0.0,0.2,0.2,1,백반·죽·국수,본그룹
ba_14689004,2025-08,0.8777777777777778,18,1.0,0.0,0.8888888888888888,0.16666666666666666,0.05555555555555555,0.0,0.0,0.16666666666666666,1,백반·죽·국수,본그룹
ba_14689004,2025-09,0.8100000000000002,20,1.0,0.0,0.8,0.1,0.25,0.0,0.25,0.15,0,백반·죽·국수,본그룹
ba_14689007,2025-07,0.7777777777777778,9,1.0,0.0,0.7777777777777778,0.2222222222222222,0.2222222222222222,0.0,0.5555555555555556,0.3333333333333333,1,백반·죽·국수,본그룹
ba_14689007,2025-08,1.0,12,1.0,0.0,1.0,0.25,0.0,0.0,0.6666666666666666,0.5,1,백반·죽·국수,본그룹
ba_14689007,2025-09,0.8800000000000001,10,0.9,0.0,0.8,0.2,0.0,0.0,0.6,0.2,1,백반·죽·국수,본그룹
ba_14689013,2025-08,1.0,2,1.0,0.0,1.0,0.0,0.0,0.0,0.0,0.0,1,백반·죽·국수,본그룹
ba_14689013,2025-09,1.0,1,1.0,0.0,1.0,0.0,0.0,0.0,0.0,1.0,1,백반·죽·국수,본그룹
ba_14689024,2025-07,0.6799999999999999,5,1.0,0.0,1.0,0.4,0.0,0.0,0.2,0.2,1,백반·죽·국수,본그룹
ba_14689024,2025-08,0.7818181818181817,11,1.0,0.0,0.7272727272727273,0.09090909090909091,0.09090909090909091,0.0,0.09090909090909091,0.0,0,백반·죽·국수,본그룹
ba_14689024,2025-09,0.7555555555555555,9,1.0,0.0,0.6666666666666666,0.2222222222222222,0.0,0.0,0.2222222222222222,0.0,1,백반·죽·국수,본그룹
ba_14689101,2025-07,0.6666666666666666,12,1.0,0.0,0.5,0.0,0.3333333333333333,0.0,0.3333333333333333,0.0,1,백반·죽·국수,본그룹
ba_14689101,2025-08,0.6666666666666666,6,0.6666666666666666,0.0,0.6666666666666666,0.0,0.5,0.0,0.3333333333333333,0.0,0,백반·죽·국수,본그룹
ba_14689101,2025-09,0.6,6,0.8333333333333334,0.16666666666666666,0.6666666666666666,0.3333333333333333,0.0,0.0,0.0,0.0,0,백반·죽·국수,본그룹
ba_14689115,2025-07,0.8,2,1.0,0.0,1.0,0.5,0.5,0.0,0.5,0.5,1,백반·죽·국수,본그룹
ba_14689115,2025-08,0.8,13,0.9230769230769231,0.0,0.8461538461538461,0.07692307692307693,0.07692307692307693,0.0,0.3076923076923077,0.07692307692307693,1,백반·죽·국수,본그룹
ba_14689115,2025-09,0.9,4,1.0,0.0,1.0,0.25,0.0,0.0,0.5,0.25,0,백반·죽·국수,본그룹
ba_14689378,2025-09,0.95,4,1.0,0.0,1.0,0.25,0.25,0.0,0.25,0.0,1,백반·죽·국수,본그룹
ba_14689381,2025-08,0.2,1,1.0,0.0,1.0,0.0,0.0,0.0,0.0,0.0,1,백반·죽·국수,본그룹
ba_14689381,2025-09,1.0,1,1.0,0.0,1.0,0.0,0.0,0.0,0.0,0.0,1,백반·죽·국수,본그룹
ba_14689382,2025-07,0.64,5,0.8,0.0,0.8,0.2,0.0,0.0,0.2,0.0,1,백반·죽·국수,본그룹
ba_14689382,2025-08,0.8000000000000002,13,1.0,0.0,0.7692307692307693,0.07692307692307693,0.15384615384615385,0.0,0.5384615384615384,0.23076923076923078,1,백반·죽·국수,본그룹
ba_14689382,2025-09,0.65,8,1.0,0.0,0.625,0.5,0.25,0.0,0.25,0.0,0,백반·죽·국수,본그룹
ba_14689387,2025-08,0.6923076923076923,13,0.8461538461538461,0.07692307692307693,0.7692307692307693,0.07692307692307693,0.15384615384615385,0.0,0.07692307692307693,0.15384615384615385,1,백반·죽·국수,본그룹
ba_14689387,2025-09,0.6727272727272727,11,0.9090909090909091,0.0,0.7272727272727273,0.2727272727272727,0.09090909090909091,0.0,0.09090909090909091,0.09090909090909091,0,백반·죽·국수,본그룹
ba_14689387,2025-07,0.6176470588235293,34,0.8235294117647058,0.0,0.9117647058823529,0.20588235294117646,0.23529411764705882,0.0,0.23529411764705882,0.0,1,백반·죽·국수,본그룹
ba_14689395,2025-08,1.0,3,1.0,0.0,1.0,0.0,0.0,0.0,0.3333333333333333,0.0,0,백반·죽·국수,본그룹
ba_14689395,2025-09,0.2888888888888889,9,0.6666666666666666,0.2222222222222222,0.6666666666666666,0.1111111111111111,0.0,0.0,0.2222222222222222,0.1111111111111111,1,백반·죽·국수,본그룹
ba_14689395,2025-07,0.575,8,0.75,0.125,0.875,0.0,0.375,0.0,0.125,0.0,1,백반·죽·국수,본그룹
ba_14689401,2025-08,0.5428571428571429,7,0.7142857142857143,0.0,0.7142857142857143,0.14285714285714285,0.0,0.0,0.2857142857142857,0.14285714285714285,0,백반·죽·국수,본그룹
ba_14689401,2025-09,0.29999999999999993,4,0.75,0.25,1.0,0.25,0.0,0.0,0.0,0.0,0,백반·죽·국수,본그룹
ba_14689402,2025-08,0.6,4,0.75,0.0,0.5,0.0,0.0,0.0,0.25,0.0,1,백반·죽·국수,본그룹
ba_14689402,2025-09,0.8888888888888888,9,0.8888888888888888,0.0,0.8888888888888888,0.0,0.0,0.0,0.0,0.0,0,백반·죽·국수,본그룹
ba_14689403,2025-07,0.4666666666666666,3,0.6666666666666666,0.0,0.3333333333333333,0.3333333333333333,0.3333333333333333,0.0,0.3333333333333333,0.0,0,백반·죽·국수,본그룹
ba_14689403,2025-08,0.36,5,0.6,0.0,0.4,0.2,0.2,0.2,0.2,0.0,1,백반·죽·국수,본그룹
ba_14689403,2025-09,0.19999999999999996,3,0.6666666666666666,0.3333333333333333,0.6666666666666666,0.3333333333333333,0.3333333333333333,0.0,0.3333333333333333,0.0,1,백반·죽·국수,본그룹
ba_14689409,2025-07,0.6,5,0.8,0.2,0.8,0.2,0.2,0.0,0.4,0.0,1,백반·죽·국수,본그룹
ba_14689409,2025-08,0.8,5,1.0,0.0,0.6,0.0,0.0,0.0,0.0,0.0,0,백반·죽·국수,본그룹
ba_14689409,2025-09,0.96,5,1.0,0.0,1.0,0.0,0.2,0.0,0.6,0.0,0,백반·죽·국수,본그룹
ba_14689415,2025-08,0.4444444444444444,9,0.6666666666666666,0.2222222222222222,0.6666666666666666,0.1111111111111111,0.0,0.0,0.0,0.3333333333333333,0,백반·죽·국수,본그룹
ba_14689415,2025-09,0.5333333333333333,3,1.0,0.0,0.3333333333333333,0.0,1.0,0.0,0.6666666666666666,0.6666666666666666,0,백반·죽·국수,본그룹
ba_14689416,2025-08,0.9,4,1.0,0.0,1.0,0.0,0.0,0.0,0.0,0.25,0,백반·죽·국수,본그룹
ba_14689427,2025-09,1.0,1,1.0,0.0,1.0,0.0,0.0,0.0,0.0,0.0,1,백반·죽·국수,본그룹
ba_14689427,2025-08,0.5,4,0.5,0.0,0.5,0.75,0.0,0.0,0.0,0.0,1,백반·죽·국수,본그룹
ba_14689441,2025-08,0.7999999999999999,7,1.0,0.0,0.8571428571428571,0.0,0.2857142857142857,0.0,0.2857142857142857,0.2857142857142857,1,백반·죽·국수,본그룹
ba_14689441,2025-09,0.6799999999999999,5,1.0,0.0,0.6,0.0,0.2,0.0,0.0,0.0,0,백반·죽·국수,본그룹
ba_14689448,2025-07,0.625,16,1.0,0.0,0.75,0.0,0.0,0.0,0.125,0.0,1,백반·죽·국수,본그룹
ba_14689448,2025-08,0.72,10,0.9,0.0,0.7,0.0,0.4,0.0,0.0,0.1,0,백반·죽·국수,본그룹
ba_14689448,2025-09,0.7333333333333333,9,0.7777777777777778,0.0,0.7777777777777778,0.2222222222222222,0.2222222222222222,0.0,0.1111111111111111,0.1111111111111111,0,백반·죽·국수,본그룹
ba_14689454,2025-08,0.44000000000000006,10,0.7,0.0,0.5,0.1,0.1,0.0,0.2,0.0,1,백반·죽·국수,본그룹
ba_14689454,2025-09,0.5666666666666667,6,0.6666666666666666,0.0,0.5,0.6666666666666666,0.16666666666666666,0.0,0.16666666666666666,0.0,0,백반·죽·국수,본그룹
ba_14689454,2025-07,0.7000000000000001,6,0.8333333333333334,0.16666666666666666,0.6666666666666666,0.16666666666666666,0.16666666666666666,0.0,0.16666666666666666,0.16666666666666666,1,백반·죽·국수,본그룹
ba_14689464,2025-08,0.5499999999999999,8,0.75,0.25,1.0,0.25,0.25,0.0,0.125,0.25,1,백반·죽·국수,본그룹
ba_14689464,2025-09,0.875,8,1.0,0.0,0.875,0.125,0.25,0.0,0.125,0.0,1,백반·죽·국수,본그룹
ba_14689472,2025-07,1.0,5,1.0,0.0,1.0,0.2,0.2,0.0,0.4,0.0,1,백반·죽·국수,본그룹
ba_14689472,2025-08,0.13333333333333333,3,0.3333333333333333,0.0,0.3333333333333333,0.0,0.0,0.0,0.0,0.0,1,백반·죽·국수,본그룹
ba_14689472,2025-09,0.78,10,1.0,0.0,0.6,0.2,0.0,0.0,0.0,0.0,1,백반·죽·국수,본그룹
ba_14689481,2025-07,0.8,21,0.8571428571428571,0.0,0.7142857142857143,0.2857142857142857,0.14285714285714285,0.0,0.0,0.14285714285714285,1,백반·죽·국수,본그룹
ba_14689481,2025-08,0.6000000000000001,9,0.8888888888888888,0.0,0.5555555555555556,0.0,0.0,0.0,0.0,0.0,1,백반·죽·국수,본그룹
ba_14689481,2025-09,1.0,11,1.0,0.0,1.0,0.0,0.36363636363636365,0.0,0.0,0.09090909090909091,0,백반·죽·국수,본그룹
ba_14689485,2025-08,-0.2,4,0.0,0.5,0.25,0.25,0.0,0.25,0.0,0.0,0,백반·죽·국수,본그룹
ba_14689485,2025-09,1.0,1,1.0,0.0,1.0,1.0,1.0,0.0,0.0,1.0,0,백반·죽·국수,본그룹
ba_14689496,2025-08,0.6,3,1.0,0.0,1.0,0.0,0.6666666666666666,0.0,0.0,0.0,1,백반·죽·국수,본그룹
ba_14689536,2025-07,0.7999999999999999,12,0.9166666666666666,0.08333333333333333,0.75,0.08333333333333333,0.08333333333333333,0.0,0.16666666666666666,0.25,0,백반·죽·국수,본그룹
ba_14689536,2025-08,0.6823529411764706,17,0.8823529411764706,0.058823529411764705,0.6470588235294118,0.17647058823529413,0.17647058823529413,0.0,0.17647058823529413,0.058823529411764705,1,백반·죽·국수,본그룹
ba_14689536,2025-09,0.7999999999999999,15,1.0,0.0,0.8,0.0,0.13333333333333333,0.0,0.3333333333333333,0.13333333333333333,1,백반·죽·국수,본그룹
ba_14689545,2025-07,0.9333333333333332,6,1.0,0.0,1.0,0.16666666666666666,0.0,0.0,0.0,0.0,1,백반·죽·국수,본그룹
ba_14689545,2025-08,0.8,4,1.0,0.0,0.75,0.0,0.0,0.0,0.25,0.25,1,백반·죽·국수,본그룹
ba_14689545,2025-09,0.7,2,1.0,0.0,0.0,0.0,0.0,0.0,0.0,0.0,0,백반·죽·국수,본그룹
ba_14689548,2025-07,0.8315789473684211,19,1.0,0.0,1.0,0.10526315789473684,0.15789473684210525,0.0,0.2631578947368421,0.21052631578947367,0,백반·죽·국수,본그룹
ba_14689548,2025-08,0.7666666666666667,12,1.0,0.0,0.8333333333333334,0.5,0.16666666666666666,0.0,0.25,0.08333333333333333,0,백반·죽·국수,본그룹
ba_14689548,2025-09,0.9,4,1.0,0.0,0.75,0.25,0.0,0.0,0.25,0.25,0,백반·죽·국수,본그룹
ba_14689573,2025-09,0.7230769230769231,13,0.8461538461538461,0.0,0.46153846153846156,0.0,0.07692307692307693,0.0,0.15384615384615385,0.3076923076923077,0,백반·죽·국수,본그룹
ba_14689573,2025-07,0.5333333333333333,18,0.8888888888888888,0.0,0.6666666666666666,0.16666666666666666,0.5,0.0,0.4444444444444444,0.1111111111111111,1,백반·죽·국수,본그룹
ba_14689573,2025-08,0.55,8,0.75,0.0,0.5,0.25,0.25,0.0,0.0,0.25,0,백반·죽·국수,본그룹
ba_14689595,2025-07,0.7999999999999999,10,1.0,0.0,0.8,0.3,0.2,0.0,0.4,0.0,0,백반·죽·국수,본그룹
ba_14689595,2025-08,0.6833333333333335,12,0.8333333333333334,0.0,0.5833333333333334,0.0,0.3333333333333333,0.0,0.3333333333333333,0.08333333333333333,1,백반·죽·국수,본그룹
ba_14689595,2025-09,0.4,7,0.8571428571428571,0.0,0.7142857142857143,0.0,0.14285714285714285,0.0,0.0,0.14285714285714285,1,백반·죽·국수,본그룹
ba_14689608,2025-07,0.78,20,0.9,0.1,0.8,0.1,0.1,0.0,0.0,0.3,1,백반·죽·국수,본그룹
ba_14689608,2025-08,0.44999999999999996,4,1.0,0.0,0.75,0.0,0.0,0.0,0.0,0.0,0,백반·죽·국수,본그룹
ba_14689608,2025-09,0.7999999999999999,6,1.0,0.0,1.0,0.0,0.0,0.0,0.0,0.0,0,백반·죽·국수,본그룹
ba_14689610,2025-07,0.8666666666666667,9,1.0,0.0,0.6666666666666666,0.2222222222222222,0.4444444444444444,0.0,0.2222222222222222,0.0,1,백반·죽·국수,본그룹
ba_14689610,2025-08,0.7142857142857143,7,0.8571428571428571,0.0,0.5714285714285714,0.14285714285714285,0.14285714285714285,0.0,0.2857142857142857,0.14285714285714285,1,백반·죽·국수,본그룹
ba_14689610,2025-09,0.9,6,1.0,0.0,0.8333333333333334,0.16666666666666666,0.0,0.0,0.3333333333333333,0.0,0,백반·죽·국수,본그룹
ba_14689611,2025-09,0.65,12,0.9166666666666666,0.0,0.75,0.0,0.16666666666666666,0.0,0.0,0.08333333333333333,0,백반·죽·국수,본그룹
ba_14689611,2025-07,0.6416666666666667,24,0.7916666666666666,0.0,0.6666666666666666,0.25,0.16666666666666666,0.0,0.4583333333333333,0.0,1,백반·죽·국수,본그룹
ba_14689611,2025-08,0.5058823529411766,17,0.8235294117647058,0.058823529411764705,0.4117647058823529,0.11764705882352941,0.0,0.058823529411764705,0.058823529411764705,0.0,0,백반·죽·국수,본그룹
ba_14689614,2025-07,1.0,2,1.0,0.0,1.0,0.0,0.0,0.0,0.0,0.0,1,백반·죽·국수,본그룹
ba_14689614,2025-08,0.4714285714285714,14,0.7142857142857143,0.14285714285714285,0.6428571428571429,0.21428571428571427,0.0,0.0,0.07142857142857142,0.0,1,백반·죽·국수,본그룹
ba_14689614,2025-09,0.7749999999999999,16,0.875,0.0,0.8125,0.125,0.0,0.0,0.1875,0.0,0,백반·죽·국수,본그룹
ba_14689625,2025-07,0.723076923076923,13,1.0,0.0,0.6153846153846154,0.15384615384615385,0.0,0.0,0.23076923076923078,0.0,1,백반·죽·국수,본그룹
ba_14689625,2025-08,0.7749999999999999,16,0.9375,0.0,0.5,0.125,0.375,0.0,0.1875,0.0,0,백반·죽·국수,본그룹
ba_14689625,2025-09,0.8285714285714285,14,1.0,0.0,0.7142857142857143,0.0,0.2857142857142857,0.0,0.2857142857142857,0.0,0,백반·죽·국수,본그룹
ba_14689645,2025-07,0.8153846153846155,13,1.0,0.0,0.7692307692307693,0.15384615384615385,0.23076923076923078,0.0,0.15384615384615385,0.0,1,백반·죽·국수,본그룹
ba_14689645,2025-09,0.75,12,0.9166666666666666,0.0,0.75,0.25,0.25,0.0,0.16666666666666666,0.0,0,백반·죽·국수,본그룹
ba_14689645,2025-08,0.7555555555555555,18,0.8333333333333334,0.05555555555555555,0.8333333333333334,0.2222222222222222,0.3333333333333333,0.0,0.2222222222222222,0.2222222222222222,1,백반·죽·국수,본그룹
ba_14689734,2025-08,0.5,2,0.5,0.0,0.5,0.5,0.0,0.0,0.0,0.0,1,백반·죽·국수,본그룹
ba_14689734,2025-09,0.65,4,0.75,0.0,0.75,0.0,0.5,0.0,0.0,0.0,1,백반·죽·국수,본그룹
ba_14689750,2025-08,0.6222222222222222,18,0.9444444444444444,0.05555555555555555,0.6111111111111112,0.1111111111111111,0.2777777777777778,0.05555555555555555,0.2777777777777778,0.0,1,백반·죽·국수,본그룹
ba_14689750,2025-09,0.7,16,0.875,0.0625,0.6875,0.0625,0.0,0.0,0.25,0.125,0,백반·죽·국수,본그룹
ba_14689750,2025-07,0.6000000000000001,27,0.7407407407407407,0.1111111111111111,0.6666666666666666,0.07407407407407407,0.07407407407407407,0.0,0.14814814814814814,0.0,1,백반·죽·국수,본그룹
ba_14689756,2025-07,0.2,1,1.0,0.0,1.0,0.0,0.0,0.0,0.0,0.0,1,백반·죽·국수,본그룹
ba_14689756,2025-08,0.6,4,0.75,0.0,0.75,0.25,0.0,0.0,0.5,0.0,1,백반·죽·국수,본그룹
ba_14689756,2025-09,0.4,2,0.5,0.5,1.0,0.5,0.0,0.0,0.5,0.0,0,백반·죽·국수,본그룹
ba_14689757,2025-07,0.6599999999999999,10,0.9,0.0,0.8,0.0,0.2,0.0,0.3,0.1,1,백반·죽·국수,본그룹
ba_14689757,2025-08,0.8,4,1.0,0.0,1.0,0.25,0.0,0.0,0.0,0.0,0,백반·죽·국수,본그룹
ba_14689757,2025-09,0.5333333333333334,9,0.7777777777777778,0.1111111111111111,0.8888888888888888,0.4444444444444444,0.0,0.0,0.0,0.0,0,백반·죽·국수,본그룹
ba_14689759,2025-07,0.6,2,1.0,0.0,1.0,0.0,1.0,0.0,0.0,0.0,1,백반·죽·국수,본그룹
ba_14689759,2025-08,0.35,4,0.75,0.0,0.0,0.5,0.25,0.0,0.0,0.75,1,백반·죽·국수,본그룹
ba_14689761,2025-09,0.5,2,0.5,0.0,0.5,0.5,0.0,0.0,0.0,0.0,0,백반·죽·국수,본그룹
ba_14689761,2025-08,0.9333333333333332,6,1.0,0.0,0.8333333333333334,0.0,0.3333333333333333,0.0,0.0,0.0,1,백반·죽·국수,본그룹
ba_14689766,2025-07,0.9636363636363636,11,1.0,0.0,0.9090909090909091,0.0,0.18181818181818182,0.0,0.45454545454545453,0.0,1,백반·죽·국수,본그룹
ba_14689766,2025-08,0.6857142857142858,14,0.8571428571428571,0.14285714285714285,0.8571428571428571,0.21428571428571427,0.07142857142857142,0.0,0.14285714285714285,0.0,1,백반·죽·국수,본그룹
ba_14689766,2025-09,0.8500000000000001,16,1.0,0.0,0.875,0.375,0.125,0.0,0.125,0.125,0,백반·죽·국수,본그룹
ba_14689782,2025-08,0.32,5,0.6,0.0,0.4,0.2,0.0,0.0,0.0,0.0,0,백반·죽·국수,본그룹
ba_14689782,2025-09,0.20000000000000004,3,0.6666666666666666,0.3333333333333333,0.3333333333333333,0.0,0.3333333333333333,0.0,0.0,0.0,0,백반·죽·국수,본그룹
ba_14689809,2025-07,0.7913043478260869,23,1.0,0.0,0.782608695652174,0.08695652173913043,0.34782608695652173,0.0,0.043478260869565216,0.08695652173913043,1,백반·죽·국수,본그룹
ba_14689809,2025-08,0.723076923076923,13,0.9230769230769231,0.07692307692307693,0.5384615384615384,0.07692307692307693,0.0,0.0,0.23076923076923078,0.0,0,백반·죽·국수,본그룹
ba_14689809,2025-09,0.55,4,0.75,0.0,0.5,0.0,0.25,0.0,0.0,0.0,0,백반·죽·국수,본그룹
ba_14689837,2025-07,0.7333333333333334,6,1.0,0.0,0.6666666666666666,0.16666666666666666,0.3333333333333333,0.0,0.3333333333333333,0.16666666666666666,0,백반·죽·국수,본그룹
ba_14689837,2025-08,0.7,2,1.0,0.0,0.0,0.0,0.0,0.0,0.5,0.0,0,백반·죽·국수,본그룹
ba_14689837,2025-09,0.6,2,1.0,0.0,1.0,0.0,0.0,0.0,0.0,0.0,1,백반·죽·국수,본그룹
ba_14689846,2025-09,0.0,1,0.0,0.0,0.0,0.0,0.0,0.0,0.0,0.0,1,백반·죽·국수,본그룹
ba_14689846,2025-08,0.65,4,1.0,0.0,0.75,0.0,0.0,0.0,0.0,0.0,0,백반·죽·국수,본그룹
ba_14689854,2025-07,0.7166666666666669,108,0.8611111111111112,0.0,0.7222222222222222,0.2037037037037037,0.1111111111111111,0.0,0.2962962962962963,0.037037037037037035,1,백반·죽·국수,본그룹
ba_14689854,2025-08,0.7478260869565215,69,0.9130434782608695,0.0,0.6521739130434783,0.10144927536231885,0.2318840579710145,0.0,0.3333333333333333,0.057971014492753624,1,백반·죽·국수,본그룹
ba_14689854,2025-09,0.7223529411764705,85,0.9176470588235294,0.0,0.7058823529411765,0.17647058823529413,0.1411764705882353,0.0,0.4235294117647059,0.08235294117647059,0,백반·죽·국수,본그룹
ba_14689855,2025-07,0.9,6,1.0,0.0,0.8333333333333334,0.16666666666666666,0.16666666666666666,0.0,0.16666666666666666,0.16666666666666666,0,백반·죽·국수,본그룹
ba_14689855,2025-08,0.775,16,0.8125,0.0,0.8125,0.125,0.125,0.0,0.4375,0.125,1,백반·죽·국수,본그룹
ba_14689855,2025-09,0.65,8,0.75,0.25,0.75,0.0,0.125,0.0,0.75,0.25,1,백반·죽·국수,본그룹
ba_14689859,2025-08,1.0,1,1.0,0.0,1.0,0.0,0.0,0.0,0.0,0.0,0,백반·죽·국수,본그룹
ba_14689869,2025-07,0.6666666666666666,12,0.8333333333333334,0.16666666666666666,0.6666666666666666,0.0,0.16666666666666666,0.0,0.0,0.0,1,백반·죽·국수,본그룹
ba_14689869,2025-08,0.6000000000000001,4,1.0,0.0,1.0,0.0,0.0,0.0,0.0,0.0,0,백반·죽·국수,본그룹
ba_14689869,2025-09,1.0,3,1.0,0.0,1.0,0.0,0.6666666666666666,0.0,0.0,0.0,0,백반·죽·국수,본그룹
ba_14689875,2025-07,0.5428571428571428,14,0.8571428571428571,0.14285714285714285,0.42857142857142855,0.14285714285714285,0.14285714285714285,0.0,0.2857142857142857,0.0,1,백반·죽·국수,본그룹
ba_14689875,2025-08,0.8,13,0.9230769230769231,0.0,0.7692307692307693,0.23076923076923078,0.07692307692307693,0.0,0.0,0.0,1,백반·죽·국수,본그룹
ba_14689875,2025-09,0.4727272727272727,11,0.7272727272727273,0.09090909090909091,0.5454545454545454,0.0,0.18181818181818182,0.0,0.0,0.0,0,백반·죽·국수,본그룹
ba_14689886,2025-08,0.46666666666666673,6,0.8333333333333334,0.0,0.5,0.16666666666666666,0.16666666666666666,0.0,0.3333333333333333,0.16666666666666666,1,백반·죽·국수,본그룹
ba_14689886,2025-07,0.6545454545454547,11,0.9090909090909091,0.09090909090909091,0.8181818181818182,0.0,0.5454545454545454,0.0,0.09090909090909091,0.0,1,백반·죽·국수,본그룹
ba_14689886,2025-09,1.0,1,1.0,0.0,1.0,0.0,0.0,0.0,0.0,0.0,0,백반·죽·국수,본그룹
ba_14689890,2025-07,0.4000000000000001,6,0.6666666666666666,0.0,0.3333333333333333,0.16666666666666666,0.8333333333333334,0.0,0.16666666666666666,0.0,1,백반·죽·국수,본그룹
ba_14689890,2025-08,0.475,8,0.625,0.0,0.375,0.125,0.125,0.0,0.375,0.0,1,백반·죽·국수,본그룹
ba_14689890,2025-09,0.8800000000000001,5,1.0,0.0,0.8,0.0,0.2,0.0,0.2,0.4,0,백반·죽·국수,본그룹
ba_14689894,2025-07,1.0,8,1.0,0.0,1.0,0.375,0.25,0.0,0.25,0.0,1,백반·죽·국수,본그룹
ba_14689894,2025-08,1.0,2,1.0,0.0,1.0,0.0,0.0,0.0,0.0,0.0,1,백반·죽·국수,본그룹
ba_14689904,2025-08,0.6000000000000001,6,1.0,0.0,0.8333333333333334,0.0,0.6666666666666666,0.0,0.0,0.0,1,백반·죽·국수,본그룹
ba_14689904,2025-09,0.7272727272727273,11,1.0,0.0,0.7272727272727273,0.0,0.0,0.0,0.36363636363636365,0.0,0,백반·죽·국수,본그룹
ba_14689906,2025-08,0.5,2,0.5,0.0,0.5,0.5,0.0,0.0,0.0,0.0,1,백반·죽·국수,본그룹
ba_14689906,2025-09,0.2,1,1.0,0.0,0.0,0.0,0.0,0.0,1.0,0.0,1,백반·죽·국수,본그룹
ba_14689910,2025-07,0.7111111111111111,9,0.8888888888888888,0.1111111111111111,0.7777777777777778,0.3333333333333333,0.1111111111111111,0.0,0.1111111111111111,0.0,0,백반·죽·국수,본그룹
ba_14689910,2025-08,0.6888888888888889,9,0.8888888888888888,0.1111111111111111,0.7777777777777778,0.2222222222222222,0.1111111111111111,0.0,0.0,0.0,0,백반·죽·국수,본그룹
ba_14689910,2025-09,0.3333333333333333,6,0.3333333333333333,0.0,0.3333333333333333,0.16666666666666666,0.0,0.0,0.0,0.0,1,백반·죽·국수,본그룹
ba_14689936,2025-08,0.7529411764705882,17,0.8823529411764706,0.0,0.8823529411764706,0.11764705882352941,0.35294117647058826,0.0,0.11764705882352941,0.23529411764705882,1,백반·죽·국수,본그룹
ba_14689936,2025-09,0.7076923076923077,13,1.0,0.0,0.5384615384615384,0.15384615384615385,0.23076923076923078,0.0,0.5384615384615384,0.15384615384615385,0,백반·죽·국수,본그룹
ba_14689940,2025-08,0.8,5,0.8,0.0,1.0,0.0,0.0,0.0,0.4,0.0,0,백반·죽·국수,본그룹
ba_14689940,2025-09,0.8,4,1.0,0.0,1.0,0.0,0.0,0.0,0.0,0.5,0,백반·죽·국수,본그룹
ba_14689942,2025-08,0.27999999999999997,5,0.6,0.2,0.2,0.2,0.0,0.0,0.2,0.0,1,백반·죽·국수,본그룹
ba_14689942,2025-09,1.0,1,1.0,0.0,1.0,0.0,0.0,0.0,0.0,0.0,0,백반·죽·국수,본그룹
ba_14689953,2025-07,0.7333333333333334,6,1.0,0.0,1.0,0.3333333333333333,0.0,0.0,0.0,0.0,1,백반·죽·국수,본그룹
ba_14689953,2025-08,0.45000000000000007,8,0.75,0.25,0.75,0.375,0.0,0.0,0.0,0.0,1,백반·죽·국수,본그룹
ba_14689953,2025-09,0.36,5,0.8,0.2,0.8,0.0,0.0,0.0,0.0,0.0,0,백반·죽·국수,본그룹
ba_14689993,2025-08,0.8571428571428571,7,1.0,0.0,0.7142857142857143,0.0,0.0,0.0,0.2857142857142857,0.0,0,백반·죽·국수,본그룹
ba_14689993,2025-07,0.5333333333333334,9,1.0,0.0,0.4444444444444444,0.0,0.0,0.0,0.0,0.0,1,백반·죽·국수,본그룹
ba_14689993,2025-09,1.0,3,1.0,0.0,1.0,0.6666666666666666,0.0,0.0,0.0,0.0,0,백반·죽·국수,본그룹
ba_14689999,2025-09,0.4000000000000001,3,1.0,0.0,0.3333333333333333,0.6666666666666666,0.6666666666666666,0.0,0.3333333333333333,0.0,1,백반·죽·국수,본그룹
ba_14689999,2025-08,1.0,5,1.0,0.0,0.6,0.6,0.4,0.0,0.0,0.0,1,백반·죽·국수,본그룹
ba_14690002,2025-08,0.9,2,1.0,0.0,1.0,0.0,0.0,0.0,0.0,0.5,1,백반·죽·국수,본그룹
ba_14690002,2025-09,0.7,2,1.0,0.0,1.0,0.0,0.0,0.0,0.0,0.0,0,백반·죽·국수,본그룹
ba_14690014,2025-07,0.39999999999999997,3,0.6666666666666666,0.0,0.6666666666666666,0.0,0.0,0.0,0.0,0.0,0,백반·죽·국수,본그룹
ba_14690014,2025-08,1.0,4,1.0,0.0,1.0,0.0,0.5,0.0,0.0,0.5,1,백반·죽·국수,본그룹
ba_14690034,2025-08,1.0,1,1.0,0.0,1.0,0.0,0.0,0.0,0.0,0.0,1,백반·죽·국수,본그룹
ba_14690034,2025-09,0.9333333333333332,3,1.0,0.0,1.0,0.3333333333333333,0.0,0.0,0.6666666666666666,0.0,0,백반·죽·국수,본그룹
ba_14690045,2025-09,0.75,4,1.0,0.0,0.5,0.0,0.0,0.0,0.25,0.0,1,백반·죽·국수,본그룹
ba_14690045,2025-07,0.48,5,0.6,0.0,0.2,0.0,0.0,0.0,0.2,0.0,0,백반·죽·국수,본그룹
ba_14690045,2025-08,0.25,4,0.5,0.25,0.5,0.0,0.0,0.0,0.0,0.0,1,백반·죽·국수,본그룹
ba_14690050,2025-08,0.9636363636363636,11,1.0,0.0,0.9090909090909091,0.0,0.18181818181818182,0.0,0.36363636363636365,0.2727272727272727,1,백반·죽·국수,본그룹
ba_14690050,2025-09,0.8142857142857143,14,1.0,0.0,0.6428571428571429,0.21428571428571427,0.42857142857142855,0.0,0.2857142857142857,0.2857142857142857,1,백반·죽·국수,본그룹
ba_14690053,2025-07,0.3555555555555555,9,0.5555555555555556,0.0,0.5555555555555556,0.1111111111111111,0.1111111111111111,0.0,0.0,0.0,1,백반·죽·국수,본그룹
ba_14690053,2025-08,0.723076923076923,13,0.9230769230769231,0.0,0.5384615384615384,0.3076923076923077,0.38461538461538464,0.0,0.23076923076923078,0.0,1,백반·죽·국수,본그룹
ba_14690053,2025-09,0.7636363636363637,11,0.9090909090909091,0.0,0.7272727272727273,0.09090909090909091,0.18181818181818182,0.0,0.18181818181818182,0.09090909090909091,0,백반·죽·국수,본그룹
ba_14690056,2025-09,1.0,1,1.0,0.0,1.0,0.0,0.0,0.0,0.0,0.0,1,백반·죽·국수,본그룹
ba_14690057,2025-09,0.4666666666666667,9,0.6666666666666666,0.1111111111111111,0.4444444444444444,0.2222222222222222,0.0,0.0,0.1111111111111111,0.0,0,백반·죽·국수,본그룹
ba_14690057,2025-07,0.6666666666666666,12,0.8333333333333334,0.0,0.5,0.3333333333333333,0.16666666666666666,0.0,0.16666666666666666,0.3333333333333333,1,백반·죽·국수,본그룹
ba_14690057,2025-08,0.8285714285714285,14,0.9285714285714286,0.0,0.8571428571428571,0.0,0.0,0.0,0.21428571428571427,0.0,1,백반·죽·국수,본그룹
ba_14690062,2025-08,0.8,1,1.0,0.0,1.0,1.0,0.0,0.0,0.0,0.0,0,백반·죽·국수,본그룹
ba_14690068,2025-07,0.6615384615384615,13,0.8461538461538461,0.0,0.7692307692307693,0.07692307692307693,0.15384615384615385,0.0,0.0,0.07692307692307693,1,백반·죽·국수,본그룹
ba_14690068,2025-08,0.45000000000000007,8,0.875,0.0,0.5,0.25,0.375,0.0,0.125,0.25,0,백반·죽·국수,본그룹
ba_14690068,2025-09,1.0,1,1.0,0.0,1.0,0.0,0.0,0.0,0.0,0.0,0,백반·죽·국수,본그룹
ba_14690077,2025-08,1.0,3,1.0,0.0,1.0,0.0,0.0,0.0,0.0,0.0,1,백반·죽·국수,본그룹
ba_14690077,2025-09,0.6,2,1.0,0.0,0.5,0.0,0.5,0.0,0.0,0.0,1,백반·죽·국수,본그룹
ba_14690081,2025-07,0.8566037735849056,53,0.9811320754716981,0.0,0.8301886792452831,0.1509433962264151,0.07547169811320754,0.0,0.07547169811320754,0.0,1,백반·죽·국수,본그룹
ba_14690081,2025-08,0.6937500000000001,32,0.90625,0.03125,0.625,0.28125,0.15625,0.0,0.40625,0.125,1,백반·죽·국수,본그룹
ba_14690081,2025-09,0.7000000000000001,14,1.0,0.0,0.6428571428571429,0.14285714285714285,0.21428571428571427,0.0,0.42857142857142855,0.0,0,백반·죽·국수,본그룹
ba_14690086,2025-07,0.7,2,1.0,0.0,0.5,0.0,0.0,0.0,0.0,0.0,1,백반·죽·국수,본그룹
ba_14690086,2025-08,0.8666666666666667,3,1.0,0.0,0.6666666666666666,0.0,0.0,0.0,0.0,0.6666666666666666,0,백반·죽·국수,본그룹
ba_14690086,2025-09,1.0,2,1.0,0.0,1.0,0.0,1.0,0.0,0.0,0.0,0,백반·죽·국수,본그룹
ba_14690092,2025-07,0.3,2,0.5,0.5,1.0,0.0,0.5,0.0,0.0,0.5,0,백반·죽·국수,본그룹
ba_14690092,2025-08,0.8666666666666667,3,1.0,0.0,1.0,0.0,0.3333333333333333,0.0,0.3333333333333333,0.3333333333333333,1,백반·죽·국수,본그룹
ba_14690092,2025-09,0.3333333333333333,3,0.3333333333333333,0.0,0.3333333333333333,0.0,0.0,0.0,0.3333333333333333,0.0,1,백반·죽·국수,본그룹
ba_14690110,2025-08,1.0,1,1.0,0.0,1.0,0.0,0.0,0.0,0.0,0.0,1,백반·죽·국수,본그룹
ba_14690110,2025-09,0.6,3,1.0,0.0,1.0,0.0,0.0,0.0,0.0,0.0,0,백반·죽·국수,본그룹
ba_14690122,2025-08,0.9,2,1.0,0.0,1.0,0.0,0.0,0.0,0.5,0.0,1,백반·죽·국수,본그룹
ba_14690122,2025-09,0.3,2,0.5,0.0,0.0,0.0,0.0,0.0,0.0,0.0,1,백반·죽·국수,본그룹
ba_14690154,2025-07,0.8,2,1.0,0.0,0.5,0.0,0.0,0.0,0.0,0.0,1,백반·죽·국수,본그룹
ba_14690154,2025-08,0.65,8,0.75,0.0,0.75,0.0,0.375,0.0,0.0,0.0,1,백반·죽·국수,본그룹
ba_14690154,2025-09,0.6833333333333332,12,1.0,0.0,0.25,0.5833333333333334,0.75,0.0,0.16666666666666666,0.5833333333333334,0,백반·죽·국수,본그룹
ba_14690155,2025-08,0.7250000000000001,8,1.0,0.0,0.625,0.0,0.0,0.0,0.5,0.0,1,백반·죽·국수,본그룹
ba_14690155,2025-09,0.45,4,0.75,0.25,0.5,0.0,0.0,0.0,0.0,0.0,0,백반·죽·국수,본그룹
ba_14690378,2025-08,0.6,2,1.0,0.0,0.0,0.0,0.0,0.0,0.0,0.0,1,백반·죽·국수,본그룹
ba_14690560,2025-08,1.0,2,1.0,0.0,0.5,0.0,0.0,0.0,0.0,0.0,0,백반·죽·국수,본그룹
ba_14690560,2025-09,1.0,1,1.0,0.0,1.0,0.0,0.0,0.0,0.0,0.0,1,백반·죽·국수,본그룹
ba_14690565,2025-07,0.6000000000000001,4,1.0,0.0,0.5,0.25,0.25,0.0,0.75,0.0,1,백반·죽·국수,본그룹
ba_14690565,2025-08,1.0,1,1.0,0.0,1.0,0.0,0.0,0.0,0.0,0.0,1,백반·죽·국수,본그룹
ba_14690565,2025-09,1.0,3,1.0,0.0,1.0,0.0,0.0,0.0,0.3333333333333333,0.0,1,백반·죽·국수,본그룹
ba_14690577,2025-07,1.0,2,1.0,0.0,1.0,0.0,0.5,0.0,0.0,0.5,1,백반·죽·국수,본그룹
ba_14690577,2025-09,0.0,1,0.0,0.0,0.0,0.0,0.0,0.0,0.0,0.0,0,백반·죽·국수,본그룹
ba_14690577,2025-08,0.0,1,0.0,0.0,0.0,0.0,0.0,0.0,0.0,0.0,1,백반·죽·국수,본그룹
ba_14690587,2025-07,0.52,15,0.7333333333333333,0.0,0.7333333333333333,0.0,0.2,0.0,0.0,0.13333333333333333,1,백반·죽·국수,본그룹
ba_14690587,2025-08,0.7333333333333334,6,1.0,0.0,0.6666666666666666,0.0,0.0,0.0,0.5,0.0,1,백반·죽·국수,본그룹
ba_14690587,2025-09,0.6250000000000001,8,0.875,0.0,0.875,0.0,0.25,0.0,0.25,0.25,0,백반·죽·국수,본그룹
ba_14690630,2025-07,0.3,4,0.5,0.0,0.5,0.0,0.0,0.0,0.0,0.0,1,백반·죽·국수,본그룹
ba_14690630,2025-08,1.0,3,1.0,0.0,0.3333333333333333,0.0,0.0,0.0,0.6666666666666666,0.0,1,백반·죽·국수,본그룹
ba_14690630,2025-09,0.911111111111111,9,1.0,0.0,1.0,0.1111111111111111,0.0,0.0,0.2222222222222222,0.0,1,백반·죽·국수,본그룹
ba_14690660,2025-07,0.9157894736842105,19,1.0,0.0,0.8947368421052632,0.15789473684210525,0.10526315789473684,0.0,0.3684210526315789,0.2631578947368421,1,백반·죽·국수,본그룹
ba_14690660,2025-08,0.7913043478260869,23,1.0,0.0,0.8260869565217391,0.08695652173913043,0.0,0.0,0.17391304347826086,0.2608695652173913,0,백반·죽·국수,본그룹
ba_14690660,2025-09,0.5,6,0.8333333333333334,0.0,0.8333333333333334,0.0,0.0,0.0,0.0,0.0,0,백반·죽·국수,본그룹
ba_14690665,2025-08,0.8,7,1.0,0.0,0.5714285714285714,0.14285714285714285,0.42857142857142855,0.0,0.14285714285714285,0.2857142857142857,1,백반·죽·국수,본그룹
ba_14690665,2025-09,0.9199999999999999,5,1.0,0.0,0.8,0.0,0.0,0.0,0.2,0.0,0,백반·죽·국수,본그룹
ba_14690672,2025-09,0.3,4,0.5,0.0,0.5,0.25,0.5,0.0,0.25,0.25,1,백반·죽·국수,본그룹
ba_14690672,2025-08,1.0,4,1.0,0.0,1.0,0.25,0.25,0.0,0.0,0.0,0,백반·죽·국수,본그룹
ba_14690673,2025-07,0.6240000000000001,25,0.88,0.08,0.72,0.12,0.08,0.0,0.2,0.04,1,백반·죽·국수,본그룹
ba_14690673,2025-08,0.8111111111111111,18,0.9444444444444444,0.0,0.8333333333333334,0.16666666666666666,0.05555555555555555,0.0,0.0,0.1111111111111111,0,백반·죽·국수,본그룹
ba_14690673,2025-09,1.0,8,1.0,0.0,1.0,0.25,0.25,0.0,0.25,0.0,0,백반·죽·국수,본그룹
ba_14690674,2025-08,0.8142857142857143,14,0.8571428571428571,0.0,0.7857142857142857,0.21428571428571427,0.21428571428571427,0.07142857142857142,0.2857142857142857,0.5,1,백반·죽·국수,본그룹
ba_14690674,2025-09,0.4666666666666666,3,0.6666666666666666,0.0,0.3333333333333333,0.0,0.0,0.0,0.0,0.0,0,백반·죽·국수,본그룹
ba_14690677,2025-09,0.9,4,1.0,0.0,1.0,0.0,0.0,0.0,0.0,0.0,0,백반·죽·국수,본그룹
ba_14690677,2025-07,0.6444444444444445,18,1.0,0.0,0.8888888888888888,0.1111111111111111,0.1111111111111111,0.0,0.0,0.0,1,백반·죽·국수,본그룹
ba_14690677,2025-08,0.8451612903225806,31,0.967741935483871,0.0,0.8064516129032258,0.03225806451612903,0.1935483870967742,0.0,0.2903225806451613,0.0967741935483871,0,백반·죽·국수,본그룹
ba_14690680,2025-07,0.825,16,0.875,0.0,0.75,0.0,0.125,0.0,0.375,0.125,1,백반·죽·국수,본그룹
ba_14690680,2025-08,0.7571428571428572,14,0.9285714285714286,0.0,0.6428571428571429,0.2857142857142857,0.2857142857142857,0.0,0.14285714285714285,0.0,1,백반·죽·국수,본그룹
ba_14690680,2025-09,0.6799999999999999,15,0.8666666666666667,0.0,0.6666666666666666,0.0,0.2,0.0,0.0,0.0,0,백반·죽·국수,본그룹
ba_14690689,2025-08,0.5384615384615384,13,0.7692307692307693,0.23076923076923078,0.8461538461538461,0.0,0.15384615384615385,0.0,0.3076923076923077,0.0,1,백반·죽·국수,본그룹
ba_14690689,2025-09,0.65,12,1.0,0.0,0.5,0.25,0.25,0.0,0.3333333333333333,0.0,1,백반·죽·국수,본그룹
ba_14690695,2025-08,0.6153846153846154,13,0.8461538461538461,0.0,0.6923076923076923,0.23076923076923078,0.0,0.0,0.23076923076923078,0.0,1,백반·죽·국수,본그룹
ba_14690695,2025-09,0.79,20,0.9,0.0,0.65,0.05,0.1,0.0,0.4,0.05,1,백반·죽·국수,본그룹
ba_14690695,2025-07,0.8600000000000001,10,1.0,0.0,0.8,0.2,0.0,0.0,0.3,0.1,1,백반·죽·국수,본그룹
ba_14690704,2025-07,0.65,8,0.75,0.0,0.625,0.0,0.125,0.0,0.0,0.125,1,백반·죽·국수,본그룹
ba_14690704,2025-08,0.6,1,1.0,0.0,1.0,1.0,0.0,0.0,0.0,0.0,1,백반·죽·국수,본그룹
ba_14690704,2025-09,0.85,4,1.0,0.0,0.75,0.0,0.25,0.0,0.0,0.75,1,백반·죽·국수,본그룹
ba_14690709,2025-08,0.8,1,1.0,0.0,0.0,0.0,1.0,0.0,1.0,0.0,0,백반·죽·국수,본그룹
ba_14690712,2025-07,0.8666666666666667,6,1.0,0.0,1.0,0.0,0.0,0.0,0.0,0.3333333333333333,1,백반·죽·국수,본그룹
ba_14690712,2025-08,0.76,5,0.8,0.2,1.0,0.0,0.0,0.0,0.0,0.0,1,백반·죽·국수,본그룹
ba_14690712,2025-09,0.6857142857142857,14,0.9285714285714286,0.07142857142857142,0.7142857142857143,0.21428571428571427,0.14285714285714285,0.0,0.21428571428571427,0.07142857142857142,1,백반·죽·국수,본그룹
ba_14690718,2025-07,1.0,2,1.0,0.0,1.0,0.0,0.0,0.0,0.0,0.0,1,백반·죽·국수,본그룹
ba_14690718,2025-08,0.6,1,1.0,0.0,1.0,0.0,0.0,0.0,0.0,0.0,1,백반·죽·국수,본그룹
ba_14690718,2025-09,0.4,1,1.0,0.0,0.0,0.0,0.0,0.0,0.0,0.0,0,백반·죽·국수,본그룹
ba_14690722,2025-08,0.13333333333333333,3,0.6666666666666666,0.3333333333333333,0.0,0.3333333333333333,0.0,0.3333333333333333,0.0,0.0,1,백반·죽·국수,본그룹
ba_14690722,2025-09,0.8,8,1.0,0.0,0.625,0.125,0.125,0.0,0.25,0.0,1,백반·죽·국수,본그룹
ba_14690723,2025-07,0.6,4,0.75,0.0,0.5,0.5,0.0,0.0,0.0,0.0,1,백반·죽·국수,본그룹
ba_14690723,2025-08,0.55,4,0.75,0.0,0.75,0.25,0.0,0.0,0.0,0.0,1,백반·죽·국수,본그룹
ba_14690723,2025-09,0.9428571428571428,14,1.0,0.0,1.0,0.14285714285714285,0.6428571428571429,0.0,0.14285714285714285,0.14285714285714285,0,백반·죽·국수,본그룹
ba_14690725,2025-07,0.6000000000000001,11,0.8181818181818182,0.09090909090909091,0.5454545454545454,0.09090909090909091,0.36363636363636365,0.0,0.09090909090909091,0.18181818181818182,1,백반·죽·국수,본그룹
ba_14690725,2025-08,0.7999999999999999,7,1.0,0.0,1.0,0.2857142857142857,0.0,0.0,0.14285714285714285,0.0,0,백반·죽·국수,본그룹
ba_14690725,2025-09,0.8571428571428571,7,0.8571428571428571,0.0,0.8571428571428571,0.14285714285714285,0.14285714285714285,0.0,0.0,0.14285714285714285,0,백반·죽·국수,본그룹
ba_14690752,2025-08,0.75,8,1.0,0.0,0.75,0.125,0.125,0.0,0.25,0.0,1,백반·죽·국수,본그룹
ba_14690752,2025-09,0.8250000000000001,8,1.0,0.0,0.75,0.0,0.625,0.0,0.375,0.125,0,백반·죽·국수,본그룹
ba_14690763,2025-08,0.6000000000000001,2,1.0,0.0,0.5,0.0,0.0,0.0,0.5,0.0,1,백반·죽·국수,본그룹
ba_14690763,2025-09,1.0,1,1.0,0.0,1.0,0.0,0.0,0.0,1.0,0.0,1,백반·죽·국수,본그룹
ba_14690774,2025-07,0.7749999999999999,8,1.0,0.0,0.625,0.0,0.0,0.0,0.25,0.125,0,백반·죽·국수,본그룹
ba_14690774,2025-08,0.5411764705882354,17,0.7647058823529411,0.11764705882352941,0.47058823529411764,0.29411764705882354,0.17647058823529413,0.0,0.35294117647058826,0.0,0,백반·죽·국수,본그룹
ba_14690774,2025-09,0.5090909090909091,11,0.6363636363636364,0.18181818181818182,0.6363636363636364,0.09090909090909091,0.2727272727272727,0.0,0.2727272727272727,0.09090909090909091,0,백반·죽·국수,본그룹
ba_14690786,2025-08,1.0,4,1.0,0.0,1.0,0.0,0.0,0.0,0.0,0.0,1,백반·죽·국수,본그룹
ba_14690786,2025-09,0.7428571428571428,7,1.0,0.0,0.8571428571428571,0.14285714285714285,0.0,0.0,0.2857142857142857,0.0,0,백반·죽·국수,본그룹
ba_14690786,2025-07,0.5599999999999999,5,0.8,0.0,0.4,0.4,0.0,0.0,0.4,0.0,1,백반·죽·국수,본그룹
ba_14690806,2025-07,0.64,5,0.8,0.0,0.6,0.0,0.2,0.0,0.0,0.0,1,백반·죽·국수,본그룹
ba_14690806,2025-08,0.6,7,0.8571428571428571,0.0,0.7142857142857143,0.14285714285714285,0.14285714285714285,0.0,0.0,0.0,1,백반·죽·국수,본그룹
ba_14690806,2025-09,0.509090909090909,11,0.9090909090909091,0.0,0.8181818181818182,0.18181818181818182,0.09090909090909091,0.0,0.18181818181818182,0.0,0,백반·죽·국수,본그룹
ba_14690909,2025-08,0.7333333333333334,6,0.8333333333333334,0.0,0.8333333333333334,0.3333333333333333,0.16666666666666666,0.0,0.3333333333333333,0.16666666666666666,0,백반·죽·국수,본그룹
ba_14690909,2025-09,0.75,4,0.75,0.0,0.75,0.0,0.25,0.0,0.0,0.0,0,백반·죽·국수,본그룹
ba_14690983,2025-09,0.7034482758620688,29,0.896551724137931,0.06896551724137931,0.6551724137931034,0.06896551724137931,0.0,0.0,0.3448275862068966,0.1724137931034483,0,백반·죽·국수,본그룹
ba_14690983,2025-07,0.7703703703703704,27,1.0,0.0,0.8148148148148148,0.0,0.0,0.0,0.2222222222222222,0.1111111111111111,1,백반·죽·국수,본그룹
ba_14690983,2025-08,0.8315789473684211,19,1.0,0.0,0.5789473684210527,0.15789473684210525,0.15789473684210525,0.0,0.47368421052631576,0.10526315789473684,1,백반·죽·국수,본그룹
ba_14690992,2025-07,0.65,4,0.75,0.0,0.5,0.0,0.25,0.0,0.25,0.0,1,백반·죽·국수,본그룹
ba_14690992,2025-08,0.7,4,1.0,0.0,0.5,0.25,0.5,0.0,0.5,0.0,1,백반·죽·국수,본그룹
ba_14690992,2025-09,0.5599999999999999,5,0.8,0.2,0.8,0.4,0.0,0.0,0.4,0.0,1,백반·죽·국수,본그룹
ba_14691001,2025-08,0.55,4,0.75,0.0,0.75,0.5,0.0,0.0,0.0,0.0,1,백반·죽·국수,본그룹
ba_14691001,2025-09,0.7250000000000001,8,0.875,0.0,0.375,0.25,0.25,0.0,0.25,0.5,0,백반·죽·국수,본그룹
ba_14691005,2025-07,0.6888888888888889,9,1.0,0.0,0.6666666666666666,0.0,0.2222222222222222,0.0,0.3333333333333333,0.3333333333333333,1,백반·죽·국수,본그룹
ba_14691005,2025-08,0.7,10,1.0,0.0,0.6,0.0,0.0,0.0,0.2,0.0,1,백반·죽·국수,본그룹
ba_14691005,2025-09,0.9,10,0.9,0.0,0.9,0.0,0.0,0.0,0.2,0.0,1,백반·죽·국수,본그룹
ba_14691030,2025-08,0.6,5,0.8,0.0,0.8,0.4,0.2,0.0,0.2,0.0,0,백반·죽·국수,본그룹
ba_14691030,2025-09,0.5599999999999999,5,0.8,0.0,0.4,0.0,0.0,0.0,0.0,0.0,0,백반·죽·국수,본그룹
ba_14691036,2025-07,0.8666666666666667,6,1.0,0.0,1.0,0.0,0.0,0.0,0.0,0.0,1,백반·죽·국수,본그룹
ba_14691036,2025-08,1.0,4,1.0,0.0,1.0,0.5,0.0,0.0,0.0,0.5,1,백반·죽·국수,본그룹
ba_14691036,2025-09,0.5,2,0.5,0.0,0.5,0.0,0.5,0.0,0.0,0.0,0,백반·죽·국수,본그룹
ba_14691037,2025-07,0.7333333333333334,6,1.0,0.0,0.6666666666666666,0.3333333333333333,0.0,0.0,0.5,0.0,1,백반·죽·국수,본그룹
ba_14691037,2025-08,1.0,2,1.0,0.0,1.0,0.0,0.0,0.0,1.0,0.0,1,백반·죽·국수,본그룹
ba_14691037,2025-09,1.0,4,1.0,0.0,1.0,0.0,0.0,0.0,0.0,0.0,0,백반·죽·국수,본그룹
ba_14691042,2025-07,0.96,10,1.0,0.0,1.0,0.0,0.0,0.0,0.2,0.0,1,백반·죽·국수,본그룹
ba_14691042,2025-08,0.92,15,0.9333333333333333,0.0,0.6,0.2,0.06666666666666667,0.0,0.4,0.06666666666666667,0,백반·죽·국수,본그룹
ba_14691042,2025-09,0.7,8,0.875,0.0,0.75,0.0,0.0,0.0,0.5,0.0,0,백반·죽·국수,본그룹
ba_14691044,2025-07,0.6,1,1.0,0.0,1.0,1.0,0.0,0.0,0.0,0.0,1,백반·죽·국수,본그룹
ba_14691044,2025-08,1.0,2,1.0,0.0,1.0,0.0,0.0,0.0,1.0,0.0,1,백반·죽·국수,본그룹
ba_14691044,2025-09,0.9,4,1.0,0.0,0.75,0.0,0.25,0.0,0.0,0.0,0,백반·죽·국수,본그룹
ba_14691059,2025-07,0.46666666666666673,6,1.0,0.0,1.0,0.0,0.0,0.0,0.0,0.0,1,백반·죽·국수,본그룹
ba_14691059,2025-08,0.6666666666666666,3,1.0,0.0,0.3333333333333333,0.0,0.6666666666666666,0.0,0.0,0.0,1,백반·죽·국수,본그룹
ba_14691059,2025-09,1.0,1,1.0,0.0,1.0,0.0,0.0,0.0,0.0,0.0,0,백반·죽·국수,본그룹
ba_14691062,2025-07,0.736842105263158,19,0.9473684210526315,0.05263157894736842,1.0,0.42105263157894735,0.21052631578947367,0.0,0.05263157894736842,0.0,1,백반·죽·국수,본그룹
ba_14691062,2025-08,0.5846153846153845,13,0.7692307692307693,0.23076923076923078,0.6923076923076923,0.23076923076923078,0.07692307692307693,0.0,0.3076923076923077,0.07692307692307693,0,백반·죽·국수,본그룹
ba_14691062,2025-09,0.7833333333333333,12,0.9166666666666666,0.0,0.75,0.08333333333333333,0.25,0.0,0.16666666666666666,0.0,0,백반·죽·국수,본그룹
ba_14691072,2025-08,0.8,1,1.0,0.0,1.0,0.0,0.0,0.0,0.0,0.0,0,백반·죽·국수,본그룹
ba_14691077,2025-09,0.44000000000000006,5,0.6,0.0,0.4,0.0,0.4,0.0,0.2,0.2,0,백반·죽·국수,본그룹
ba_14691077,2025-07,0.9428571428571428,7,1.0,0.0,1.0,0.0,0.0,0.0,0.0,0.0,1,백반·죽·국수,본그룹
ba_14691077,2025-08,0.9,8,1.0,0.0,0.875,0.0,0.375,0.0,0.375,0.0,1,백반·죽·국수,본그룹
ba_14691078,2025-08,0.6666666666666666,3,0.6666666666666666,0.0,0.6666666666666666,0.0,0.0,0.0,0.3333333333333333,0.3333333333333333,0,백반·죽·국수,본그룹
ba_14691078,2025-09,0.7999999999999999,3,1.0,0.0,0.6666666666666666,0.0,0.0,0.0,0.6666666666666666,0.0,1,백반·죽·국수,본그룹
ba_14691080,2025-07,0.2727272727272727,11,0.5454545454545454,0.2727272727272727,0.6363636363636364,0.2727272727272727,0.09090909090909091,0.0,0.2727272727272727,0.18181818181818182,1,백반·죽·국수,본그룹
ba_14691080,2025-08,0.6137931034482759,29,0.8275862068965517,0.10344827586206896,0.5172413793103449,0.10344827586206896,0.13793103448275862,0.0,0.1724137931034483,0.0,1,백반·죽·국수,본그룹
ba_14691080,2025-09,0.5714285714285714,21,0.8095238095238095,0.047619047619047616,0.6190476190476191,0.19047619047619047,0.14285714285714285,0.0,0.38095238095238093,0.0,0,백반·죽·국수,본그룹
ba_14691084,2025-07,0.5636363636363636,11,0.9090909090909091,0.09090909090909091,0.6363636363636364,0.09090909090909091,0.0,0.0,0.09090909090909091,0.0,1,백반·죽·국수,본그룹
ba_14691084,2025-08,0.6545454545454545,11,0.8181818181818182,0.0,0.7272727272727273,0.0,0.18181818181818182,0.0,0.18181818181818182,0.0,1,백반·죽·국수,본그룹
ba_14691084,2025-09,1.0,2,1.0,0.0,1.0,0.5,0.5,0.0,0.5,0.0,0,백반·죽·국수,본그룹
ba_14691088,2025-08,1.0,1,1.0,0.0,1.0,0.0,0.0,0.0,0.0,0.0,1,백반·죽·국수,본그룹
ba_14691088,2025-09,0.0,1,0.0,0.0,0.0,0.0,0.0,0.0,0.0,0.0,1,백반·죽·국수,본그룹
ba_14691089,2025-08,0.5,4,1.0,0.0,0.5,0.0,0.5,0.0,0.0,0.0,1,백반·죽·국수,본그룹
ba_14691093,2025-08,0.45,4,0.75,0.0,0.75,0.0,0.25,0.0,0.0,0.0,1,백반·죽·국수,본그룹
ba_14691093,2025-09,0.4714285714285715,14,0.8571428571428571,0.07142857142857142,0.7142857142857143,0.35714285714285715,0.0,0.0,0.07142857142857142,0.14285714285714285,0,백반·죽·국수,본그룹
ba_14691101,2025-07,0.5,4,1.0,0.0,0.75,0.0,0.25,0.0,0.5,0.0,1,백반·죽·국수,본그룹
ba_14691101,2025-08,0.5333333333333333,3,1.0,0.0,0.3333333333333333,0.0,0.0,0.0,0.3333333333333333,0.3333333333333333,1,백반·죽·국수,본그룹
ba_14691101,2025-09,0.5333333333333333,6,0.6666666666666666,0.0,0.3333333333333333,0.5,0.0,0.0,0.0,0.0,0,백반·죽·국수,본그룹
ba_14691106,2025-07,1.0,8,1.0,0.0,1.0,0.0,0.25,0.0,0.25,0.0,1,백반·죽·국수,본그룹
ba_14691106,2025-08,0.6909090909090909,11,1.0,0.0,0.7272727272727273,0.18181818181818182,0.0,0.0,0.0,0.36363636363636365,1,백반·죽·국수,본그룹
ba_14691106,2025-09,0.7777777777777778,9,1.0,0.0,0.4444444444444444,0.2222222222222222,0.0,0.0,0.3333333333333333,0.2222222222222222,0,백반·죽·국수,본그룹
ba_14691112,2025-07,0.6,11,0.8181818181818182,0.0,0.5454545454545454,0.0,0.0,0.0,0.0,0.0,1,백반·죽·국수,본그룹
ba_14691112,2025-08,0.6666666666666667,15,0.9333333333333333,0.06666666666666667,0.6666666666666666,0.0,0.3333333333333333,0.0,0.4,0.06666666666666667,1,백반·죽·국수,본그룹
ba_14691112,2025-09,0.8,2,1.0,0.0,0.5,0.0,0.0,0.0,0.5,0.5,0,백반·죽·국수,본그룹
ba_14691116,2025-07,0.85,8,1.0,0.0,0.625,0.375,0.0,0.0,0.0,0.0,1,백반·죽·국수,본그룹
ba_14691116,2025-08,0.9142857142857144,14,1.0,0.0,0.9285714285714286,0.42857142857142855,0.0,0.0,0.2857142857142857,0.0,1,백반·죽·국수,본그룹
ba_14691116,2025-09,0.6199999999999999,10,1.0,0.0,0.5,0.3,0.0,0.0,0.4,0.0,1,백반·죽·국수,본그룹
ba_14691120,2025-08,1.0,2,1.0,0.0,1.0,0.0,0.5,0.0,0.5,0.0,1,백반·죽·국수,본그룹
ba_14691120,2025-09,0.725,8,0.75,0.0,0.75,0.25,0.25,0.0,0.375,0.0,0,백반·죽·국수,본그룹
ba_14691130,2025-08,0.06666666666666665,3,0.3333333333333333,0.6666666666666666,0.6666666666666666,0.0,0.0,0.0,0.0,0.0,0,백반·죽·국수,본그룹
ba_14691130,2025-09,0.55,4,0.75,0.0,0.75,0.5,0.0,0.0,0.25,0.0,0,백반·죽·국수,본그룹
ba_14691145,2025-07,0.72,5,1.0,0.0,1.0,0.0,0.0,0.0,0.0,0.0,1,백반·죽·국수,본그룹
ba_14691145,2025-08,0.6499999999999999,8,1.0,0.0,1.0,0.0,0.0,0.0,0.125,0.0,1,백반·죽·국수,본그룹
ba_14691145,2025-09,0.625,8,1.0,0.0,0.75,0.0,0.0,0.0,0.0,0.125,1,백반·죽·국수,본그룹
ba_14691146,2025-08,0.8000000000000002,3,1.0,0.0,0.6666666666666666,0.3333333333333333,0.0,0.0,0.3333333333333333,0.3333333333333333,0,백반·죽·국수,본그룹
ba_14691146,2025-09,1.0,2,1.0,0.0,1.0,0.0,0.5,0.0,0.0,0.0,0,백반·죽·국수,본그룹
ba_14691147,2025-08,0.9,4,1.0,0.0,0.75,0.25,0.0,0.0,0.5,0.25,0,백반·죽·국수,본그룹
ba_14691147,2025-09,0.7333333333333334,3,1.0,0.0,0.6666666666666666,0.0,0.0,0.0,0.0,0.3333333333333333,1,백반·죽·국수,본그룹
ba_14691150,2025-07,0.7230769230769231,13,1.0,0.0,0.8461538461538461,0.0,0.0,0.0,0.15384615384615385,0.0,1,백반·죽·국수,본그룹
ba_14691150,2025-08,0.7777777777777779,9,1.0,0.0,1.0,0.1111111111111111,0.1111111111111111,0.0,0.2222222222222222,0.1111111111111111,1,백반·죽·국수,본그룹
ba_14691150,2025-09,0.9199999999999999,5,1.0,0.0,1.0,0.0,0.0,0.0,0.2,0.0,0,백반·죽·국수,본그룹
ba_14691155,2025-07,0.6705882352941176,34,0.8235294117647058,0.0,0.6764705882352942,0.11764705882352941,0.14705882352941177,0.0,0.29411764705882354,0.11764705882352941,1,백반·죽·국수,본그룹
ba_14691155,2025-08,0.6838709677419352,31,1.0,0.0,0.6774193548387096,0.0967741935483871,0.22580645161290322,0.0,0.3870967741935484,0.0,0,백반·죽·국수,본그룹
ba_14691155,2025-09,1.0,10,1.0,0.0,1.0,0.1,0.2,0.0,0.2,0.0,0,백반·죽·국수,본그룹
ba_14691171,2025-07,0.5666666666666668,6,1.0,0.0,0.8333333333333334,0.0,0.0,0.0,0.16666666666666666,0.16666666666666666,0,백반·죽·국수,본그룹
ba_14691171,2025-08,0.6333333333333333,12,0.75,0.0,0.6666666666666666,0.0,0.08333333333333333,0.0,0.3333333333333333,0.0,1,백반·죽·국수,본그룹
ba_14691171,2025-09,0.6,7,0.8571428571428571,0.0,0.5714285714285714,0.42857142857142855,0.14285714285714285,0.0,0.42857142857142855,0.2857142857142857,1,백반·죽·국수,본그룹
ba_14691172,2025-09,0.5428571428571428,7,0.8571428571428571,0.14285714285714285,1.0,0.14285714285714285,0.2857142857142857,0.0,0.14285714285714285,0.0,1,백반·죽·국수,본그룹
ba_14691172,2025-08,0.7428571428571429,7,1.0,0.0,0.8571428571428571,0.14285714285714285,0.14285714285714285,0.0,0.0,0.0,1,백반·죽·국수,본그룹
ba_14691173,2025-09,0.8666666666666667,6,1.0,0.0,0.8333333333333334,0.16666666666666666,0.0,0.0,0.0,0.3333333333333333,0,백반·죽·국수,본그룹
ba_14691173,2025-07,0.7733333333333334,15,1.0,0.0,0.8,0.0,0.0,0.0,0.13333333333333333,0.0,1,백반·죽·국수,본그룹
ba_14691173,2025-08,0.7272727272727273,11,0.9090909090909091,0.0,0.6363636363636364,0.36363636363636365,0.0,0.0,0.18181818181818182,0.36363636363636365,1,백반·죽·국수,본그룹
ba_14691178,2025-07,0.75,8,0.875,0.125,0.75,0.25,0.0,0.125,0.0,0.125,0,백반·죽·국수,본그룹
ba_14691178,2025-08,0.6666666666666666,12,0.75,0.0,0.6666666666666666,0.08333333333333333,0.0,0.0,0.16666666666666666,0.0,0,백반·죽·국수,본그룹
ba_14691178,2025-09,0.35,4,0.75,0.25,0.75,0.25,0.0,0.0,0.25,0.0,1,백반·죽·국수,본그룹
ba_14691179,2025-07,0.6421052631578947,19,0.8947368421052632,0.0,0.7368421052631579,0.10526315789473684,0.2631578947368421,0.0,0.0,0.0,1,백반·죽·국수,본그룹
ba_14691179,2025-08,0.8500000000000001,8,1.0,0.0,0.75,0.25,0.25,0.0,0.25,0.0,0,백반·죽·국수,본그룹
ba_14691179,2025-09,0.6666666666666666,3,0.6666666666666666,0.0,0.6666666666666666,0.0,0.0,0.0,0.0,0.0,0,백반·죽·국수,본그룹
ba_14691187,2025-08,0.25,4,0.25,0.0,0.25,0.25,0.0,0.0,0.0,0.25,1,백반·죽·국수,본그룹
ba_14691187,2025-09,0.675,8,0.75,0.0,0.75,0.0,0.125,0.0,0.25,0.125,0,백반·죽·국수,본그룹
ba_14691194,2025-08,0.0,3,0.0,0.0,0.0,0.3333333333333333,0.0,0.0,0.0,0.0,0,백반·죽·국수,본그룹
ba_14691194,2025-09,1.0,1,1.0,0.0,1.0,1.0,0.0,0.0,0.0,0.0,0,백반·죽·국수,본그룹
ba_14691209,2025-07,0.47272727272727283,11,0.7272727272727273,0.0,0.36363636363636365,0.0,0.0,0.0,0.18181818181818182,0.0,1,백반·죽·국수,본그룹
ba_14691209,2025-08,0.6666666666666666,3,0.6666666666666666,0.0,0.6666666666666666,0.0,0.6666666666666666,0.3333333333333333,0.0,0.0,0,백반·죽·국수,본그룹
ba_14691209,2025-09,0.4666666666666667,9,0.6666666666666666,0.0,0.5555555555555556,0.0,0.1111111111111111,0.0,0.1111111111111111,0.0,0,백반·죽·국수,본그룹
ba_14691228,2025-08,0.7,2,1.0,0.0,0.5,0.0,0.0,0.0,0.5,0.0,1,백반·죽·국수,본그룹
ba_14691228,2025-09,1.0,1,1.0,0.0,1.0,1.0,0.0,0.0,0.0,0.0,1,백반·죽·국수,본그룹
ba_14691234,2025-09,1.0,2,1.0,0.0,1.0,0.0,0.0,0.0,0.5,0.0,1,백반·죽·국수,본그룹
ba_14691234,2025-08,1.0,1,1.0,0.0,1.0,0.0,0.0,0.0,0.0,0.0,1,백반·죽·국수,본그룹
ba_14691235,2025-08,0.0,1,0.0,0.0,0.0,0.0,0.0,0.0,0.0,0.0,1,백반·죽·국수,본그룹
ba_14691235,2025-09,0.9333333333333332,3,1.0,0.0,1.0,0.0,0.6666666666666666,0.0,0.0,0.0,0,백반·죽·국수,본그룹
ba_14691245,2025-07,0.6499999999999999,8,1.0,0.0,0.75,0.0,0.75,0.0,0.0,0.0,1,백반·죽·국수,본그룹
ba_14691245,2025-08,0.9454545454545454,11,1.0,0.0,0.9090909090909091,0.36363636363636365,0.5454545454545454,0.0,0.18181818181818182,0.18181818181818182,1,백반·죽·국수,본그룹
ba_14691245,2025-09,0.9166666666666666,12,1.0,0.0,0.8333333333333334,0.16666666666666666,0.0,0.0,0.6666666666666666,0.0,0,백반·죽·국수,본그룹
ba_14691269,2025-07,0.9,12,1.0,0.0,0.8333333333333334,0.0,0.16666666666666666,0.0,0.16666666666666666,0.0,1,백반·죽·국수,본그룹
ba_14691269,2025-08,0.509090909090909,11,0.6363636363636364,0.0,0.45454545454545453,0.36363636363636365,0.0,0.0,0.18181818181818182,0.0,1,백반·죽·국수,본그룹
ba_14691269,2025-09,0.7333333333333334,3,1.0,0.0,0.6666666666666666,0.0,0.6666666666666666,0.0,0.3333333333333333,0.0,1,백반·죽·국수,본그룹
ba_14691270,2025-09,0.5999999999999999,8,0.75,0.25,0.875,0.125,0.125,0.0,0.0,0.125,0,백반·죽·국수,본그룹
ba_14691270,2025-07,0.6363636363636362,11,0.9090909090909091,0.09090909090909091,0.6363636363636364,0.36363636363636365,0.18181818181818182,0.0,0.09090909090909091,0.0,0,백반·죽·국수,본그룹
ba_14691270,2025-08,0.8285714285714285,7,0.8571428571428571,0.14285714285714285,0.8571428571428571,0.42857142857142855,0.2857142857142857,0.0,0.0,0.0,0,백반·죽·국수,본그룹
ba_14691272,2025-07,0.7,2,1.0,0.0,0.0,0.0,0.0,0.0,0.0,0.0,0,백반·죽·국수,본그룹
ba_14691272,2025-08,0.0,1,0.0,0.0,0.0,0.0,0.0,0.0,0.0,0.0,0,백반·죽·국수,본그룹
ba_14691273,2025-08,0.8,4,1.0,0.0,0.75,0.0,0.25,0.0,0.5,0.0,0,백반·죽·국수,본그룹
ba_14691273,2025-07,0.8,4,1.0,0.0,0.5,0.0,0.25,0.0,0.0,0.25,1,백반·죽·국수,본그룹
ba_14691273,2025-09,1.0,2,1.0,0.0,1.0,0.0,0.0,0.0,0.0,0.0,0,백반·죽·국수,본그룹
ba_14691277,2025-07,0.7,8,1.0,0.0,0.5,0.0,0.0,0.0,0.25,0.0,1,백반·죽·국수,본그룹
ba_14691277,2025-08,0.6285714285714287,14,0.7857142857142857,0.0,0.6428571428571429,0.14285714285714285,0.35714285714285715,0.0,0.35714285714285715,0.0,1,백반·죽·국수,본그룹
ba_14691277,2025-09,0.06666666666666667,3,0.3333333333333333,0.3333333333333333,0.3333333333333333,0.0,0.0,0.0,0.0,0.0,0,백반·죽·국수,본그룹
ba_14691292,2025-07,0.6999999999999998,24,1.0,0.0,0.5416666666666666,0.20833333333333334,0.125,0.0,0.75,0.3333333333333333,1,백반·죽·국수,본그룹
ba_14691292,2025-08,0.7999999999999999,17,1.0,0.0,0.7647058823529411,0.23529411764705882,0.17647058823529413,0.0,0.23529411764705882,0.11764705882352941,0,백반·죽·국수,본그룹
ba_14691292,2025-09,0.925,8,1.0,0.0,0.875,0.0,0.125,0.0,0.375,0.0,0,백반·죽·국수,본그룹
ba_14691295,2025-07,0.7242424242424241,132,0.9393939393939394,0.0,0.6666666666666666,0.16666666666666666,0.1590909090909091,0.0,0.2196969696969697,0.12878787878787878,1,백반·죽·국수,본그룹
ba_14691295,2025-08,0.776470588235294,68,0.9705882352941176,0.0,0.75,0.14705882352941177,0.10294117647058823,0.029411764705882353,0.29411764705882354,0.029411764705882353,0,백반·죽·국수,본그룹
ba_14691295,2025-09,0.7911111111111111,45,0.9111111111111111,0.0,0.8666666666666667,0.1111111111111111,0.2,0.0,0.15555555555555556,0.06666666666666667,0,백반·죽·국수,본그룹
ba_14691296,2025-09,0.4,4,0.75,0.25,0.75,0.25,0.0,0.0,0.25,0.0,1,백반·죽·국수,본그룹
ba_14691296,2025-08,0.6,5,0.8,0.0,0.6,0.0,0.2,0.0,0.0,0.0,1,백반·죽·국수,본그룹
ba_14691298,2025-07,0.8068965517241379,29,0.8620689655172413,0.0,0.8620689655172413,0.10344827586206896,0.3103448275862069,0.0,0.27586206896551724,0.0,1,백반·죽·국수,본그룹
ba_14691298,2025-08,0.7857142857142857,14,0.8571428571428571,0.0,0.7142857142857143,0.0,0.5,0.0,0.07142857142857142,0.21428571428571427,0,백반·죽·국수,본그룹
ba_14691298,2025-09,0.5333333333333333,9,0.6666666666666666,0.0,0.4444444444444444,0.4444444444444444,0.1111111111111111,0.0,0.3333333333333333,0.0,0,백반·죽·국수,본그룹
ba_14691330,2025-07,0.5142857142857143,7,0.7142857142857143,0.0,0.5714285714285714,0.14285714285714285,0.0,0.0,0.0,0.2857142857142857,1,백반·죽·국수,본그룹
ba_14691330,2025-08,0.75,4,0.75,0.0,0.75,0.0,0.0,0.0,0.0,0.0,1,백반·죽·국수,본그룹
ba_14691330,2025-09,0.65,4,0.75,0.0,0.75,0.0,0.0,0.0,0.25,0.25,0,백반·죽·국수,본그룹
ba_14691344,2025-08,0.8235294117647058,17,0.8823529411764706,0.058823529411764705,0.9411764705882353,0.0,0.23529411764705882,0.0,0.4117647058823529,0.11764705882352941,1,백반·죽·국수,본그룹
ba_14691344,2025-09,0.8666666666666666,12,1.0,0.0,0.6666666666666666,0.0,0.16666666666666666,0.0,0.16666666666666666,0.0,0,백반·죽·국수,본그룹
ba_14691361,2025-07,0.8444444444444444,18,1.0,0.0,0.8888888888888888,0.1111111111111111,0.2222222222222222,0.0,0.1111111111111111,0.3333333333333333,1,백반·죽·국수,본그룹
ba_14691361,2025-08,0.816,25,0.92,0.08,0.76,0.2,0.12,0.0,0.12,0.12,1,백반·죽·국수,본그룹
ba_14691361,2025-09,0.8162162162162162,37,0.972972972972973,0.02702702702702703,0.8918918918918919,0.13513513513513514,0.08108108108108109,0.0,0.1891891891891892,0.10810810810810811,0,백반·죽·국수,본그룹
ba_14691372,2025-08,0.36666666666666664,6,0.6666666666666666,0.0,0.16666666666666666,0.0,0.16666666666666666,0.16666666666666666,0.0,0.0,1,백반·죽·국수,본그룹
ba_14691372,2025-09,0.36,5,0.6,0.0,0.6,0.0,0.0,0.0,0.0,0.2,0,백반·죽·국수,본그룹
ba_14691372,2025-07,0.9,4,1.0,0.0,1.0,0.5,0.0,0.5,0.0,0.0,1,백반·죽·국수,본그룹
ba_14691375,2025-08,0.7310344827586208,29,0.9655172413793104,0.034482758620689655,0.7586206896551724,0.0,0.06896551724137931,0.0,0.1724137931034483,0.06896551724137931,0,백반·죽·국수,본그룹
ba_14691375,2025-07,0.8439024390243907,41,0.9512195121951219,0.0,0.7317073170731707,0.0975609756097561,0.14634146341463414,0.0,0.4146341463414634,0.14634146341463414,1,백반·죽·국수,본그룹
ba_14691375,2025-09,0.6363636363636364,22,0.7272727272727273,0.09090909090909091,0.7272727272727273,0.0,0.045454545454545456,0.0,0.22727272727272727,0.0,0,백반·죽·국수,본그룹
ba_14691400,2025-08,0.2,1,1.0,0.0,1.0,0.0,0.0,0.0,0.0,0.0,1,백반·죽·국수,본그룹
ba_14691751,2025-07,0.7000000000000001,6,0.8333333333333334,0.0,0.5,0.16666666666666666,0.0,0.0,0.3333333333333333,0.0,1,백반·죽·국수,본그룹
ba_14691751,2025-08,0.6000000000000001,12,0.75,0.0,0.5,0.3333333333333333,0.0,0.0,0.0,0.08333333333333333,1,백반·죽·국수,본그룹
ba_14691751,2025-09,0.6666666666666666,3,0.6666666666666666,0.0,0.6666666666666666,0.0,0.3333333333333333,0.0,0.6666666666666666,0.0,1,백반·죽·국수,본그룹
ba_14691791,2025-08,0.7999999999999999,3,1.0,0.0,0.6666666666666666,0.3333333333333333,0.0,0.0,0.3333333333333333,0.0,0,백반·죽·국수,본그룹
ba_14691791,2025-09,0.8,5,0.8,0.0,0.8,0.2,0.0,0.0,0.0,0.0,0,백반·죽·국수,본그룹
ba_14691791,2025-07,0.44000000000000006,5,0.8,0.0,0.4,0.0,0.4,0.0,0.2,0.0,1,백반·죽·국수,본그룹
ba_14691797,2025-07,0.7999999999999999,13,0.8461538461538461,0.0,0.8461538461538461,0.15384615384615385,0.15384615384615385,0.0,0.3076923076923077,0.0,1,백반·죽·국수,본그룹
ba_14691797,2025-08,0.9199999999999999,5,1.0,0.0,1.0,0.0,0.0,0.0,0.0,0.0,1,백반·죽·국수,본그룹
ba_14691797,2025-09,0.8666666666666667,6,1.0,0.0,1.0,0.16666666666666666,0.0,0.0,0.0,0.16666666666666666,0,백반·죽·국수,본그룹
ba_14691801,2025-07,0.7999999999999999,6,0.8333333333333334,0.16666666666666666,0.8333333333333334,0.6666666666666666,0.0,0.0,0.3333333333333333,0.0,1,백반·죽·국수,본그룹
ba_14691801,2025-08,0.5,6,0.5,0.0,0.5,0.0,0.0,0.0,0.0,0.0,1,백반·죽·국수,본그룹
ba_14691801,2025-09,0.4666666666666666,6,0.8333333333333334,0.16666666666666666,0.5,0.0,0.3333333333333333,0.16666666666666666,0.3333333333333333,0.0,0,백반·죽·국수,본그룹
ba_14691803,2025-07,0.8800000000000001,5,1.0,0.0,0.8,0.0,0.0,0.0,0.0,0.0,0,백반·죽·국수,본그룹
ba_14691803,2025-08,0.8857142857142858,7,1.0,0.0,0.7142857142857143,0.2857142857142857,0.14285714285714285,0.0,0.0,0.0,0,백반·죽·국수,본그룹
ba_14691803,2025-09,0.5333333333333333,3,0.6666666666666666,0.0,1.0,0.3333333333333333,0.0,0.0,0.0,0.0,1,백반·죽·국수,본그룹
ba_14691813,2025-08,1.0,3,1.0,0.0,1.0,0.0,0.3333333333333333,0.0,0.0,0.3333333333333333,1,백반·죽·국수,본그룹
ba_14691813,2025-09,0.7000000000000001,4,1.0,0.0,0.5,0.0,0.0,0.0,0.0,0.0,1,백반·죽·국수,본그룹
ba_14691815,2025-07,0.6000000000000001,2,1.0,0.0,0.5,0.0,0.0,0.0,0.0,0.0,0,백반·죽·국수,본그룹
ba_14691815,2025-08,0.41999999999999993,10,0.5,0.1,0.5,0.0,0.1,0.0,0.2,0.1,0,백반·죽·국수,본그룹
ba_14691815,2025-09,0.09999999999999999,4,0.5,0.25,0.5,0.25,0.0,0.0,0.0,0.0,1,백반·죽·국수,본그룹
ba_14691817,2025-08,0.72,5,1.0,0.0,0.4,0.0,0.0,0.0,0.4,0.0,0,백반·죽·국수,본그룹
ba_14691817,2025-09,0.19999999999999998,3,0.6666666666666666,0.3333333333333333,0.0,0.3333333333333333,0.0,0.0,0.6666666666666666,0.0,1,백반·죽·국수,본그룹
ba_14691829,2025-08,0.8333333333333334,6,0.8333333333333334,0.0,0.8333333333333334,0.0,0.0,0.0,0.16666666666666666,0.0,1,백반·죽·국수,본그룹
ba_14691829,2025-09,1.0,3,1.0,0.0,1.0,0.0,0.0,0.0,0.3333333333333333,0.3333333333333333,0,백반·죽·국수,본그룹
ba_14691834,2025-07,0.7333333333333334,3,1.0,0.0,0.6666666666666666,0.0,0.0,0.0,1.0,0.0,0,백반·죽·국수,본그룹
ba_14691834,2025-08,0.6,2,1.0,0.0,0.0,0.0,0.0,0.0,1.0,0.0,0,백반·죽·국수,본그룹
ba_14691834,2025-09,0.39999999999999997,3,0.6666666666666666,0.3333333333333333,1.0,0.3333333333333333,0.0,0.0,0.0,0.0,1,백반·죽·국수,본그룹
ba_14691857,2025-07,1.0,5,1.0,0.0,0.4,0.0,0.0,0.0,0.6,0.0,1,백반·죽·국수,본그룹
ba_14691857,2025-08,0.6,5,0.8,0.0,0.6,0.0,0.2,0.0,0.2,0.4,1,백반·죽·국수,본그룹
ba_14691857,2025-09,0.6857142857142857,7,1.0,0.0,0.2857142857142857,0.2857142857142857,0.0,0.0,0.42857142857142855,0.0,0,백반·죽·국수,본그룹
ba_14691859,2025-08,1.0,1,1.0,0.0,1.0,0.0,0.0,0.0,0.0,0.0,1,백반·죽·국수,본그룹
ba_14691859,2025-09,0.5,2,0.5,0.0,0.5,0.0,0.0,0.0,0.0,0.0,0,백반·죽·국수,본그룹
ba_14691860,2025-07,1.0,3,1.0,0.0,1.0,0.0,0.6666666666666666,0.0,0.3333333333333333,0.0,0,백반·죽·국수,본그룹
ba_14691860,2025-08,0.6000000000000001,5,1.0,0.0,0.8,0.2,0.0,0.0,0.2,0.0,0,백반·죽·국수,본그룹
ba_14691860,2025-09,0.275,8,0.5,0.125,0.5,0.125,0.0,0.125,0.0,0.0,1,백반·죽·국수,본그룹
ba_14691884,2025-08,1.0,1,1.0,0.0,1.0,0.0,0.0,0.0,0.0,0.0,0,백반·죽·국수,본그룹
ba_14691884,2025-09,1.0,1,1.0,0.0,1.0,1.0,0.0,0.0,1.0,0.0,0,백반·죽·국수,본그룹
ba_14691891,2025-07,0.7333333333333334,3,1.0,0.0,0.6666666666666666,0.3333333333333333,0.0,0.0,0.0,0.0,0,백반·죽·국수,본그룹
ba_14691891,2025-08,0.7000000000000001,4,1.0,0.0,0.75,0.5,0.25,0.0,0.0,0.25,0,백반·죽·국수,본그룹
ba_14691891,2025-09,1.0,2,1.0,0.0,1.0,0.0,0.5,0.0,0.5,0.5,1,백반·죽·국수,본그룹
ba_14691894,2025-09,0.8,5,0.8,0.0,0.8,0.0,0.2,0.0,0.0,0.2,0,백반·죽·국수,본그룹
ba_14691894,2025-07,0.6933333333333335,15,0.8,0.0,0.6666666666666666,0.0,0.0,0.0,0.13333333333333333,0.13333333333333333,1,백반·죽·국수,본그룹
ba_14691894,2025-08,0.5714285714285714,7,1.0,0.0,0.2857142857142857,0.2857142857142857,0.5714285714285714,0.0,0.7142857142857143,0.0,0,백반·죽·국수,본그룹
ba_14691901,2025-09,0.6222222222222222,9,0.7777777777777778,0.1111111111111111,0.6666666666666666,0.0,0.0,0.0,0.1111111111111111,0.3333333333333333,0,백반·죽·국수,본그룹
ba_14691901,2025-07,0.6428571428571427,14,1.0,0.0,0.5714285714285714,0.0,0.0,0.0,0.5,0.0,1,백반·죽·국수,본그룹
ba_14691901,2025-08,0.7818181818181817,11,0.9090909090909091,0.0,0.7272727272727273,0.09090909090909091,0.09090909090909091,0.0,0.2727272727272727,0.0,1,백반·죽·국수,본그룹
ba_14691904,2025-08,1.0,2,1.0,0.0,1.0,0.0,0.0,0.0,0.0,0.0,0,백반·죽·국수,본그룹
ba_14691904,2025-09,0.4,1,1.0,0.0,0.0,0.0,0.0,0.0,0.0,0.0,1,백반·죽·국수,본그룹
ba_14691908,2025-08,0.75,16,0.875,0.125,0.8125,0.125,0.25,0.0,0.1875,0.125,0,백반·죽·국수,본그룹
ba_14691908,2025-09,0.6285714285714287,7,0.8571428571428571,0.14285714285714285,0.5714285714285714,0.14285714285714285,0.0,0.14285714285714285,0.14285714285714285,0.42857142857142855,0,백반·죽·국수,본그룹
ba_14691909,2025-08,1.0,2,1.0,0.0,1.0,1.0,1.0,0.0,0.0,0.0,1,백반·죽·국수,본그룹
ba_14691909,2025-09,1.0,1,1.0,0.0,1.0,0.0,0.0,0.0,0.0,0.0,1,백반·죽·국수,본그룹
ba_14691918,2025-07,0.9,8,1.0,0.0,0.875,0.375,0.125,0.0,0.125,0.125,0,백반·죽·국수,본그룹
ba_14691943,2025-07,0.6666666666666666,6,0.6666666666666666,0.0,0.6666666666666666,0.16666666666666666,0.16666666666666666,0.0,0.0,0.0,1,백반·죽·국수,본그룹
ba_14691943,2025-08,0.5384615384615384,13,0.7692307692307693,0.07692307692307693,0.6923076923076923,0.07692307692307693,0.23076923076923078,0.07692307692307693,0.07692307692307693,0.0,0,백반·죽·국수,본그룹
ba_14691943,2025-09,0.5,8,0.625,0.125,0.625,0.25,0.25,0.0,0.0,0.0,0,백반·죽·국수,본그룹
ba_14691949,2025-07,0.26666666666666666,3,0.3333333333333333,0.0,0.3333333333333333,0.3333333333333333,0.3333333333333333,0.0,0.0,0.0,1,백반·죽·국수,본그룹
ba_14691949,2025-08,0.1,4,0.25,0.25,0.25,0.0,0.0,0.0,0.0,0.0,1,백반·죽·국수,본그룹
ba_14691949,2025-09,0.25,4,0.75,0.0,0.75,0.0,0.0,0.0,0.0,0.0,1,백반·죽·국수,본그룹
ba_14691953,2025-08,0.8,2,1.0,0.0,1.0,0.0,0.0,0.0,0.5,0.0,1,백반·죽·국수,본그룹
ba_14691953,2025-09,0.9285714285714286,14,0.9285714285714286,0.0,0.9285714285714286,0.2857142857142857,0.0,0.0,0.0,0.0,0,백반·죽·국수,본그룹
ba_14691958,2025-09,0.6545454545454544,11,1.0,0.0,0.6363636363636364,0.0,0.18181818181818182,0.0,0.8181818181818182,0.0,0,백반·죽·국수,본그룹
ba_14691958,2025-07,0.6133333333333332,15,0.9333333333333333,0.0,0.8,0.13333333333333333,0.0,0.0,0.13333333333333333,0.13333333333333333,1,백반·죽·국수,본그룹
ba_14691958,2025-08,0.8666666666666667,3,1.0,0.0,0.6666666666666666,1.0,0.6666666666666666,0.0,1.0,0.0,1,백반·죽·국수,본그룹
ba_14691965,2025-07,0.5818181818181819,11,1.0,0.0,0.45454545454545453,0.18181818181818182,0.0,0.0,0.0,0.0,1,백반·죽·국수,본그룹
ba_14691965,2025-08,0.5166666666666666,12,0.75,0.0,0.25,0.0,0.16666666666666666,0.0,0.5,0.0,1,백반·죽·국수,본그룹
ba_14691965,2025-09,0.8181818181818182,11,1.0,0.0,0.9090909090909091,0.18181818181818182,0.0,0.0,0.09090909090909091,0.09090909090909091,0,백반·죽·국수,본그룹
ba_14691969,2025-07,0.5555555555555556,9,0.7777777777777778,0.1111111111111111,0.7777777777777778,0.0,0.0,0.0,0.0,0.2222222222222222,1,백반·죽·국수,본그룹
ba_14691969,2025-08,0.6769230769230768,13,0.8461538461538461,0.07692307692307693,0.7692307692307693,0.3076923076923077,0.0,0.07692307692307693,0.23076923076923078,0.07692307692307693,1,백반·죽·국수,본그룹
ba_14691969,2025-09,0.4666666666666666,6,0.6666666666666666,0.16666666666666666,0.3333333333333333,0.0,0.3333333333333333,0.0,0.0,0.16666666666666666,0,백반·죽·국수,본그룹
ba_14691974,2025-08,1.0,2,1.0,0.0,1.0,0.0,0.5,0.0,0.0,0.0,1,백반·죽·국수,본그룹
ba_14691974,2025-09,0.85,4,1.0,0.0,0.75,0.0,0.25,0.0,0.0,0.0,0,백반·죽·국수,본그룹
ba_14691975,2025-07,0.7692307692307694,65,0.9230769230769231,0.0,0.7076923076923077,0.12307692307692308,0.24615384615384617,0.0,0.18461538461538463,0.2153846153846154,1,백반·죽·국수,본그룹
ba_14691975,2025-08,0.8608695652173913,46,0.9347826086956522,0.0,0.717391304347826,0.1956521739130435,0.10869565217391304,0.0,0.4782608695652174,0.08695652173913043,0,백반·죽·국수,본그룹
ba_14691975,2025-09,0.7793103448275861,29,1.0,0.0,0.6896551724137931,0.10344827586206896,0.1724137931034483,0.0,0.4827586206896552,0.13793103448275862,0,백반·죽·국수,본그룹
ba_14691976,2025-09,0.6971428571428572,35,0.8857142857142857,0.0,0.7428571428571429,0.2857142857142857,0.14285714285714285,0.0,0.2,0.02857142857142857,0,백반·죽·국수,본그룹
ba_14691976,2025-07,0.6461538461538464,91,0.8461538461538461,0.02197802197802198,0.5494505494505495,0.0989010989010989,0.13186813186813187,0.0,0.2857142857142857,0.08791208791208792,1,백반·죽·국수,본그룹
ba_14691976,2025-08,0.6458333333333334,48,0.9166666666666666,0.0,0.5,0.14583333333333334,0.125,0.041666666666666664,0.3333333333333333,0.16666666666666666,1,백반·죽·국수,본그룹
ba_14691989,2025-08,0.7333333333333334,9,0.8888888888888888,0.0,0.8888888888888888,0.1111111111111111,0.1111111111111111,0.0,0.1111111111111111,0.0,1,백반·죽·국수,본그룹
ba_14691989,2025-09,0.55,8,1.0,0.0,0.75,0.0,0.0,0.0,0.125,0.0,0,백반·죽·국수,본그룹
ba_14691996,2025-09,0.8857142857142858,7,1.0,0.0,1.0,0.14285714285714285,0.14285714285714285,0.0,0.42857142857142855,0.0,0,백반·죽·국수,본그룹
ba_14691996,2025-07,0.7000000000000001,10,1.0,0.0,0.7,0.5,0.0,0.0,0.0,0.0,1,백반·죽·국수,본그룹
ba_14691996,2025-08,0.8666666666666667,6,1.0,0.0,1.0,0.6666666666666666,0.3333333333333333,0.0,0.3333333333333333,0.0,1,백반·죽·국수,본그룹
ba_14691997,2025-08,0.76,20,0.95,0.0,0.65,0.2,0.2,0.0,0.35,0.05,0,백반·죽·국수,본그룹
ba_14691997,2025-09,0.6299999999999998,20,0.9,0.0,0.6,0.1,0.0,0.0,0.3,0.1,1,백반·죽·국수,본그룹
ba_14691998,2025-07,0.911111111111111,18,1.0,0.0,0.8888888888888888,0.1111111111111111,0.1111111111111111,0.0,0.0,0.1111111111111111,1,백반·죽·국수,본그룹
ba_14691998,2025-08,0.7454545454545454,11,0.9090909090909091,0.09090909090909091,0.6363636363636364,0.18181818181818182,0.2727272727272727,0.0,0.36363636363636365,0.18181818181818182,0,백반·죽·국수,본그룹
ba_14691998,2025-09,0.8571428571428571,7,1.0,0.0,0.7142857142857143,0.0,0.0,0.0,0.5714285714285714,0.2857142857142857,0,백반·죽·국수,본그룹
ba_14691999,2025-08,0.9800000000000001,10,1.0,0.0,1.0,0.0,0.2,0.0,0.0,0.0,1,백반·죽·국수,본그룹
ba_14691999,2025-09,0.7866666666666666,15,1.0,0.0,0.7333333333333333,0.0,0.13333333333333333,0.0,0.4666666666666667,0.0,1,백반·죽·국수,본그룹
ba_14692012,2025-08,0.5692307692307692,13,0.7692307692307693,0.15384615384615385,0.7692307692307693,0.23076923076923078,0.3076923076923077,0.07692307692307693,0.23076923076923078,0.15384615384615385,1,백반·죽·국수,본그룹
ba_14692012,2025-09,0.42000000000000004,10,0.7,0.0,0.3,0.1,0.2,0.0,0.2,0.3,0,백반·죽·국수,본그룹
ba_14692012,2025-07,0.36666666666666664,6,0.6666666666666666,0.3333333333333333,0.6666666666666666,0.0,0.3333333333333333,0.0,0.3333333333333333,0.0,1,백반·죽·국수,본그룹
ba_14692022,2025-08,0.8444444444444444,9,0.8888888888888888,0.1111111111111111,1.0,0.0,0.1111111111111111,0.0,0.1111111111111111,0.0,1,백반·죽·국수,본그룹
ba_14692022,2025-09,1.0,4,1.0,0.0,1.0,0.0,0.0,0.0,0.0,0.0,0,백반·죽·국수,본그룹
ba_14692035,2025-07,0.44999999999999996,4,0.75,0.25,1.0,0.25,0.25,0.0,0.5,0.0,0,백반·죽·국수,본그룹
ba_14692035,2025-08,0.7142857142857143,7,0.8571428571428571,0.14285714285714285,0.8571428571428571,0.0,0.2857142857142857,0.0,0.2857142857142857,0.14285714285714285,0,백반·죽·국수,본그룹
ba_14692035,2025-09,0.7,2,1.0,0.0,1.0,0.0,0.5,0.0,0.5,0.0,1,백반·죽·국수,본그룹
ba_14692060,2025-08,0.7181818181818181,22,0.8181818181818182,0.0,0.6363636363636364,0.5,0.09090909090909091,0.0,0.3181818181818182,0.09090909090909091,1,백반·죽·국수,본그룹
ba_14692060,2025-09,0.4857142857142857,7,1.0,0.0,0.7142857142857143,0.0,0.14285714285714285,0.0,0.2857142857142857,0.0,0,백반·죽·국수,본그룹
ba_14692077,2025-09,1.0,1,1.0,0.0,1.0,0.0,1.0,0.0,0.0,0.0,1,백반·죽·국수,본그룹
ba_14692092,2025-08,0.0,1,0.0,0.0,0.0,0.0,0.0,0.0,0.0,0.0,0,백반·죽·국수,본그룹
ba_14692116,2025-07,0.7199999999999999,30,1.0,0.0,0.6,0.1,0.1,0.0,0.2,0.1,1,백반·죽·국수,본그룹
ba_14692116,2025-08,0.6923076923076922,39,0.8974358974358975,0.05128205128205128,0.6923076923076923,0.1282051282051282,0.05128205128205128,0.0,0.07692307692307693,0.1794871794871795,1,백반·죽·국수,본그룹
ba_14692116,2025-09,0.8095238095238095,21,0.9047619047619048,0.0,0.9047619047619048,0.23809523809523808,0.19047619047619047,0.0,0.19047619047619047,0.0,0,백반·죽·국수,본그룹
ba_14692118,2025-08,0.75,12,0.9166666666666666,0.0,0.8333333333333334,0.3333333333333333,0.3333333333333333,0.0,0.08333333333333333,0.0,1,백반·죽·국수,본그룹
ba_14692118,2025-09,0.9199999999999999,5,1.0,0.0,0.6,0.0,1.0,0.0,0.0,0.0,0,백반·죽·국수,본그룹
ba_14692121,2025-07,0.8400000000000001,10,1.0,0.0,0.8,0.0,0.0,0.0,0.3,0.3,1,백반·죽·국수,본그룹
ba_14692121,2025-08,0.9,2,1.0,0.0,1.0,0.5,0.0,0.0,0.0,0.5,0,백반·죽·국수,본그룹
ba_14692121,2025-09,1.0,1,1.0,0.0,1.0,0.0,0.0,0.0,0.0,0.0,0,백반·죽·국수,본그룹
ba_14692146,2025-08,0.76,5,1.0,0.0,0.6,0.2,0.2,0.0,0.2,0.0,1,백반·죽·국수,본그룹
ba_14692146,2025-09,0.4571428571428572,7,0.7142857142857143,0.2857142857142857,0.2857142857142857,0.14285714285714285,0.14285714285714285,0.0,0.14285714285714285,0.0,1,백반·죽·국수,본그룹
ba_14692155,2025-07,0.7466666666666666,30,0.8666666666666667,0.0,0.7333333333333333,0.13333333333333333,0.26666666666666666,0.0,0.06666666666666667,0.0,1,백반·죽·국수,본그룹
ba_14692155,2025-08,0.6810810810810809,37,0.9459459459459459,0.0,0.7297297297297297,0.02702702702702703,0.05405405405405406,0.0,0.1891891891891892,0.08108108108108109,1,백반·죽·국수,본그룹
ba_14692155,2025-09,0.6,43,0.8372093023255814,0.023255813953488372,0.6511627906976745,0.046511627906976744,0.13953488372093023,0.0,0.09302325581395349,0.023255813953488372,0,백반·죽·국수,본그룹
ba_14692164,2025-08,0.95,4,1.0,0.0,0.75,0.0,0.0,0.0,0.0,0.0,0,백반·죽·국수,본그룹
ba_14692164,2025-09,0.6666666666666666,3,1.0,0.0,0.6666666666666666,0.0,0.0,0.0,0.0,0.0,0,백반·죽·국수,본그룹
ba_14692164,2025-07,0.2,1,1.0,0.0,0.0,0.0,0.0,0.0,0.0,0.0,1,백반·죽·국수,본그룹
ba_14692165,2025-07,0.5142857142857143,21,0.7142857142857143,0.0,0.47619047619047616,0.14285714285714285,0.0,0.0,0.42857142857142855,0.0,1,백반·죽·국수,본그룹
ba_14692165,2025-08,0.6799999999999999,10,0.9,0.0,0.5,0.1,0.4,0.0,0.1,0.0,1,백반·죽·국수,본그룹
ba_14692165,2025-09,0.4666666666666666,3,1.0,0.0,0.3333333333333333,0.0,0.3333333333333333,0.0,0.3333333333333333,0.0,0,백반·죽·국수,본그룹
ba_14692168,2025-07,0.6705882352941178,34,0.8529411764705882,0.029411764705882353,0.7941176470588235,0.11764705882352941,0.08823529411764706,0.0,0.29411764705882354,0.029411764705882353,1,백반·죽·국수,본그룹
ba_14692168,2025-08,0.75,32,0.875,0.0,0.625,0.125,0.15625,0.0,0.125,0.0625,1,백반·죽·국수,본그룹
ba_14692168,2025-09,0.7142857142857143,21,0.9047619047619048,0.0,0.8571428571428571,0.047619047619047616,0.19047619047619047,0.0,0.23809523809523808,0.047619047619047616,0,백반·죽·국수,본그룹
ba_14692178,2025-07,0.3666666666666667,6,0.5,0.0,0.5,0.0,0.3333333333333333,0.0,0.5,0.3333333333333333,0,백반·죽·국수,본그룹
ba_14692178,2025-08,0.3,2,0.5,0.0,0.5,0.5,0.0,0.0,0.0,0.0,0,백반·죽·국수,본그룹
ba_14692185,2025-07,0.8235294117647058,17,0.9411764705882353,0.0,0.7058823529411765,0.17647058823529413,0.29411764705882354,0.0,0.47058823529411764,0.0,0,백반·죽·국수,본그룹
ba_14692185,2025-08,0.8,20,1.0,0.0,0.75,0.0,0.25,0.0,0.2,0.25,0,백반·죽·국수,본그룹
ba_14692185,2025-09,0.8,11,0.8181818181818182,0.0,0.8181818181818182,0.09090909090909091,0.0,0.0,0.18181818181818182,0.09090909090909091,1,백반·죽·국수,본그룹
ba_14692190,2025-07,0.702439024390244,41,0.8780487804878049,0.0,0.7317073170731707,0.04878048780487805,0.04878048780487805,0.0,0.24390243902439024,0.14634146341463414,1,백반·죽·국수,본그룹
ba_14692190,2025-08,0.47692307692307706,13,0.9230769230769231,0.0,0.6923076923076923,0.15384615384615385,0.0,0.0,0.07692307692307693,0.3076923076923077,0,백반·죽·국수,본그룹
ba_14692190,2025-09,0.48,5,0.6,0.0,0.6,0.6,0.2,0.0,0.2,0.0,0,백반·죽·국수,본그룹
ba_14692194,2025-07,0.52,5,0.8,0.0,0.6,0.2,0.0,0.0,0.2,0.0,1,백반·죽·국수,본그룹
ba_14692194,2025-09,0.9,4,1.0,0.0,1.0,0.0,0.5,0.0,0.25,0.25,0,백반·죽·국수,본그룹
ba_14692194,2025-08,0.86,10,1.0,0.0,0.8,0.0,0.1,0.0,0.6,0.0,1,백반·죽·국수,본그룹
ba_14692201,2025-07,0.6000000000000001,4,1.0,0.0,0.5,0.0,0.25,0.0,0.5,0.0,1,백반·죽·국수,본그룹
ba_14692201,2025-08,0.1,2,0.5,0.0,0.5,0.0,0.0,0.0,0.0,0.0,0,백반·죽·국수,본그룹
ba_14692201,2025-09,1.0,1,1.0,0.0,1.0,0.0,1.0,0.0,0.0,0.0,0,백반·죽·국수,본그룹
ba_14692211,2025-07,0.7384615384615384,13,0.9230769230769231,0.0,0.46153846153846156,0.07692307692307693,0.38461538461538464,0.0,0.3076923076923077,0.07692307692307693,1,백반·죽·국수,본그룹
ba_14692211,2025-08,0.9333333333333332,6,1.0,0.0,0.6666666666666666,0.3333333333333333,0.0,0.0,0.3333333333333333,0.3333333333333333,0,백반·죽·국수,본그룹
ba_14692211,2025-09,0.7555555555555556,9,1.0,0.0,0.4444444444444444,0.2222222222222222,0.2222222222222222,0.0,0.2222222222222222,0.4444444444444444,0,백반·죽·국수,본그룹
ba_14692212,2025-08,0.8666666666666667,3,1.0,0.0,1.0,0.0,0.3333333333333333,0.0,0.0,0.0,0,백반·죽·국수,본그룹
ba_14692212,2025-09,0.8666666666666667,3,1.0,0.0,1.0,0.6666666666666666,0.6666666666666666,0.0,0.6666666666666666,0.0,0,백반·죽·국수,본그룹
ba_14692216,2025-07,0.7454545454545454,11,1.0,0.0,0.5454545454545454,0.2727272727272727,0.18181818181818182,0.0,0.45454545454545453,0.18181818181818182,1,백반·죽·국수,본그룹
ba_14692216,2025-08,0.8272727272727274,22,0.9545454545454546,0.0,0.9090909090909091,0.18181818181818182,0.18181818181818182,0.0,0.22727272727272727,0.09090909090909091,0,백반·죽·국수,본그룹
ba_14692216,2025-09,0.6947368421052631,19,0.8421052631578947,0.05263157894736842,0.631578947368421,0.10526315789473684,0.10526315789473684,0.0,0.15789473684210525,0.0,1,백반·죽·국수,본그룹
ba_14692232,2025-07,1.0,2,1.0,0.0,1.0,0.5,0.0,0.0,0.0,0.0,1,백반·죽·국수,본그룹
ba_14692232,2025-08,0.75,4,0.75,0.0,0.75,0.25,0.0,0.0,0.25,0.25,0,백반·죽·국수,본그룹
ba_14692232,2025-09,1.0,1,1.0,0.0,1.0,1.0,0.0,0.0,0.0,0.0,0,백반·죽·국수,본그룹
ba_14692242,2025-07,0.509090909090909,11,0.7272727272727273,0.09090909090909091,0.6363636363636364,0.09090909090909091,0.09090909090909091,0.09090909090909091,0.09090909090909091,0.0,1,백반·죽·국수,본그룹
ba_14692242,2025-08,0.7263157894736844,19,1.0,0.0,0.7368421052631579,0.10526315789473684,0.0,0.0,0.21052631578947367,0.0,1,백반·죽·국수,본그룹
ba_14692242,2025-09,0.35555555555555557,18,0.6111111111111112,0.2777777777777778,0.6666666666666666,0.0,0.2222222222222222,0.0,0.3333333333333333,0.0,0,백반·죽·국수,본그룹
ba_14692246,2025-07,1.0,2,1.0,0.0,1.0,0.0,0.0,0.0,0.0,0.0,1,백반·죽·국수,본그룹
ba_14692246,2025-08,1.0,3,1.0,0.0,1.0,0.6666666666666666,0.0,0.0,0.3333333333333333,0.6666666666666666,0,백반·죽·국수,본그룹
ba_14692246,2025-09,0.0,1,0.0,0.0,0.0,0.0,0.0,0.0,0.0,0.0,0,백반·죽·국수,본그룹
ba_14692251,2025-08,0.48387096774193544,31,0.7419354838709677,0.06451612903225806,0.6129032258064516,0.12903225806451613,0.1935483870967742,0.0,0.12903225806451613,0.03225806451612903,1,백반·죽·국수,본그룹
ba_14692251,2025-09,0.7230769230769231,13,0.8461538461538461,0.0,0.6923076923076923,0.07692307692307693,0.07692307692307693,0.0,0.23076923076923078,0.0,0,백반·죽·국수,본그룹
ba_14692251,2025-07,0.8129032258064518,31,0.9354838709677419,0.0,0.5483870967741935,0.03225806451612903,0.0,0.0,0.12903225806451613,0.0,1,백반·죽·국수,본그룹
ba_14692258,2025-08,1.0,4,1.0,0.0,1.0,0.0,0.25,0.0,0.5,0.0,1,백반·죽·국수,본그룹
ba_14692258,2025-09,1.0,2,1.0,0.0,1.0,0.0,0.0,0.0,0.5,0.0,0,백반·죽·국수,본그룹
ba_14692275,2025-07,0.8333333333333334,12,1.0,0.0,0.8333333333333334,0.0,0.16666666666666666,0.0,0.5,0.16666666666666666,1,백반·죽·국수,본그룹
ba_14692275,2025-08,0.8,20,1.0,0.0,0.7,0.0,0.3,0.0,0.3,0.0,1,백반·죽·국수,본그룹
ba_14692275,2025-09,0.8666666666666668,18,1.0,0.0,0.8333333333333334,0.05555555555555555,0.0,0.05555555555555555,0.16666666666666666,0.1111111111111111,0,백반·죽·국수,본그룹
ba_14692278,2025-09,1.0,1,1.0,0.0,1.0,1.0,0.0,0.0,0.0,0.0,0,백반·죽·국수,본그룹
ba_14692291,2025-07,1.0,5,1.0,0.0,1.0,0.2,0.0,0.0,0.0,0.0,1,백반·죽·국수,본그룹
ba_14692291,2025-08,1.0,9,1.0,0.0,0.8888888888888888,0.3333333333333333,0.1111111111111111,0.0,0.0,0.1111111111111111,0,백반·죽·국수,본그룹
ba_14692291,2025-09,1.0,1,1.0,0.0,1.0,0.0,0.0,0.0,0.0,0.0,1,백반·죽·국수,본그룹
ba_14692326,2025-08,0.8666666666666666,9,1.0,0.0,0.6666666666666666,0.1111111111111111,0.0,0.0,0.0,0.1111111111111111,1,백반·죽·국수,본그룹
ba_14692326,2025-09,0.9,8,1.0,0.0,0.75,0.0,0.25,0.0,0.25,0.25,0,백반·죽·국수,본그룹
ba_14692339,2025-08,1.0,2,1.0,0.0,1.0,0.0,0.0,0.0,0.0,0.0,0,백반·죽·국수,본그룹
ba_14692346,2025-07,0.8,4,1.0,0.0,0.5,0.0,0.75,0.0,0.25,0.0,1,백반·죽·국수,본그룹
ba_14692346,2025-08,0.6,11,0.8181818181818182,0.0,0.7272727272727273,0.09090909090909091,0.09090909090909091,0.0,0.18181818181818182,0.0,1,백반·죽·국수,본그룹
ba_14692346,2025-09,0.6,4,0.75,0.0,0.5,0.0,0.25,0.0,0.0,0.0,0,백반·죽·국수,본그룹
ba_14692383,2025-08,0.8,2,1.0,0.0,1.0,0.0,0.0,0.0,0.0,0.0,0,백반·죽·국수,본그룹
ba_14692383,2025-09,1.0,2,1.0,0.0,1.0,0.0,0.5,0.0,0.0,0.0,1,백반·죽·국수,본그룹
ba_14692433,2025-09,0.425,8,0.5,0.125,0.5,0.375,0.25,0.0,0.125,0.0,0,백반·죽·국수,본그룹
ba_14692433,2025-08,1.0,1,1.0,0.0,1.0,0.0,0.0,0.0,1.0,0.0,1,백반·죽·국수,본그룹
ba_14692434,2025-08,1.0,1,1.0,0.0,1.0,1.0,0.0,0.0,0.0,1.0,1,백반·죽·국수,본그룹
ba_14692434,2025-09,0.8,5,0.8,0.0,1.0,0.2,0.0,0.0,0.0,0.2,1,백반·죽·국수,본그룹
ba_14692439,2025-08,0.6761904761904762,21,0.7142857142857143,0.0,0.6190476190476191,0.42857142857142855,0.0,0.0,0.14285714285714285,0.19047619047619047,0,백반·죽·국수,본그룹
ba_14692439,2025-09,0.7999999999999999,3,1.0,0.0,0.6666666666666666,0.3333333333333333,0.0,0.0,0.3333333333333333,0.0,0,백반·죽·국수,본그룹
ba_14692455,2025-07,0.825,32,0.90625,0.0,0.8125,0.0625,0.21875,0.0,0.15625,0.0,1,백반·죽·국수,본그룹
ba_14692455,2025-08,0.8300000000000001,20,0.9,0.0,0.7,0.3,0.3,0.0,0.2,0.0,1,백반·죽·국수,본그룹
ba_14692455,2025-09,0.9555555555555555,18,1.0,0.0,0.8333333333333334,0.0,0.2222222222222222,0.0,0.0,0.1111111111111111,0,백반·죽·국수,본그룹
ba_14692459,2025-07,0.7866666666666665,15,0.9333333333333333,0.0,0.6666666666666666,0.0,0.26666666666666666,0.0,0.4,0.0,1,백반·죽·국수,본그룹
ba_14692459,2025-08,0.7384615384615383,13,0.8461538461538461,0.07692307692307693,0.8461538461538461,0.46153846153846156,0.23076923076923078,0.0,0.15384615384615385,0.38461538461538464,1,백반·죽·국수,본그룹
ba_14692459,2025-09,0.6933333333333334,15,0.8666666666666667,0.13333333333333333,0.6,0.13333333333333333,0.5333333333333333,0.0,0.0,0.0,0,백반·죽·국수,본그룹
ba_14692460,2025-07,0.5,2,0.5,0.0,0.5,0.0,0.0,0.0,0.5,0.0,1,백반·죽·국수,본그룹
ba_14692460,2025-08,1.0,1,1.0,0.0,1.0,0.0,1.0,0.0,0.0,0.0,0,백반·죽·국수,본그룹
ba_14692482,2025-07,0.6399999999999999,10,0.7,0.0,0.4,0.0,0.5,0.0,0.3,0.3,1,백반·죽·국수,본그룹
ba_14692482,2025-08,0.8,8,0.875,0.125,0.875,0.25,0.0,0.0,0.0,0.0,1,백반·죽·국수,본그룹
ba_14692482,2025-09,0.7714285714285715,7,1.0,0.0,0.7142857142857143,0.42857142857142855,0.0,0.0,0.2857142857142857,0.2857142857142857,0,백반·죽·국수,본그룹
ba_14692505,2025-08,0.5714285714285714,7,0.8571428571428571,0.14285714285714285,0.42857142857142855,0.2857142857142857,0.14285714285714285,0.14285714285714285,0.42857142857142855,0.0,1,백반·죽·국수,본그룹
ba_14692505,2025-09,1.0,4,1.0,0.0,1.0,0.0,0.0,0.0,0.5,0.0,0,백반·죽·국수,본그룹
ba_14692549,2025-07,0.8,4,1.0,0.0,0.0,0.0,0.0,0.0,0.0,0.0,1,백반·죽·국수,본그룹
ba_14692549,2025-08,0.19999999999999998,6,0.8333333333333334,0.16666666666666666,0.3333333333333333,0.16666666666666666,0.0,0.0,0.3333333333333333,0.0,1,백반·죽·국수,본그룹
ba_14692549,2025-09,0.7,2,1.0,0.0,1.0,0.0,0.0,0.0,0.0,0.5,0,백반·죽·국수,본그룹
ba_14692551,2025-09,0.4666666666666666,3,1.0,0.0,0.6666666666666666,0.0,0.0,0.0,0.3333333333333333,0.0,0,백반·죽·국수,본그룹
ba_14692592,2025-08,0.5,2,0.5,0.0,0.5,0.0,0.0,0.0,0.0,0.0,1,백반·죽·국수,본그룹
ba_14692592,2025-09,0.8666666666666667,3,1.0,0.0,0.6666666666666666,0.0,0.3333333333333333,0.0,0.6666666666666666,0.0,0,백반·죽·국수,본그룹
ba_14692592,2025-07,0.85,4,1.0,0.0,0.5,0.0,0.5,0.0,0.0,0.25,1,백반·죽·국수,본그룹
ba_14692796,2025-08,0.5555555555555556,9,0.7777777777777778,0.0,0.4444444444444444,0.2222222222222222,0.1111111111111111,0.0,0.1111111111111111,0.0,1,백반·죽·국수,본그룹
ba_14692796,2025-09,0.8333333333333334,6,1.0,0.0,0.8333333333333334,0.3333333333333333,0.16666666666666666,0.0,0.5,0.16666666666666666,0,백반·죽·국수,본그룹
ba_14692796,2025-07,0.7,4,0.75,0.25,0.75,0.0,0.25,0.0,0.0,0.0,1,백반·죽·국수,본그룹
ba_14692985,2025-09,0.6,2,1.0,0.0,1.0,0.0,0.0,0.0,0.0,0.0,0,백반·죽·국수,본그룹
ba_14693042,2025-07,1.0,3,1.0,0.0,1.0,0.0,0.0,0.0,0.3333333333333333,0.0,1,백반·죽·국수,본그룹
ba_14693042,2025-09,0.4,1,1.0,0.0,0.0,0.0,0.0,0.0,0.0,0.0,0,백반·죽·국수,본그룹
ba_14693289,2025-07,0.5,10,0.7,0.1,0.7,0.3,0.1,0.0,0.1,0.0,0,백반·죽·국수,본그룹
ba_14693289,2025-08,0.0,1,0.0,0.0,0.0,1.0,0.0,0.0,0.0,0.0,0,백반·죽·국수,본그룹
ba_14694145,2025-08,0.75,8,0.875,0.0,0.75,0.125,0.0,0.0,0.5,0.0,0,백반·죽·국수,본그룹
ba_14694145,2025-09,0.78,10,0.8,0.0,0.7,0.2,0.0,0.0,0.4,0.1,0,백반·죽·국수,본그룹
ba_14694148,2025-07,0.8545454545454546,11,1.0,0.0,0.9090909090909091,0.0,0.0,0.0,0.09090909090909091,0.0,1,백반·죽·국수,본그룹
ba_14694148,2025-08,0.5,6,0.6666666666666666,0.0,0.5,0.16666666666666666,0.16666666666666666,0.0,0.0,0.0,1,백반·죽·국수,본그룹
ba_14694148,2025-09,0.6,3,0.6666666666666666,0.0,1.0,0.0,0.0,0.0,0.0,0.0,0,백반·죽·국수,본그룹
ba_14694278,2025-07,0.7500000000000001,8,1.0,0.0,0.75,0.0,0.0,0.0,0.5,0.0,1,백반·죽·국수,본그룹
ba_14694278,2025-08,1.0,2,1.0,0.0,1.0,0.0,0.0,0.0,0.0,0.5,1,백반·죽·국수,본그룹
ba_14694278,2025-09,0.72,5,0.8,0.0,0.6,0.0,0.0,0.0,0.2,0.2,0,백반·죽·국수,본그룹
ba_14694287,2025-09,0.6,2,1.0,0.0,0.5,0.0,0.0,0.0,0.5,0.5,1,백반·죽·국수,본그룹
ba_14694390,2025-08,0.7365853658536583,123,0.959349593495935,0.008130081300813009,0.6747967479674797,0.1951219512195122,0.21951219512195122,0.0,0.3821138211382114,0.07317073170731707,1,백반·죽·국수,본그룹
ba_14694390,2025-09,0.8349999999999999,120,1.0,0.0,0.7833333333333333,0.041666666666666664,0.26666666666666666,0.0,0.30833333333333335,0.06666666666666667,0,백반·죽·국수,본그룹
ba_14694390,2025-07,0.803636363636363,165,0.9818181818181818,0.0,0.793939393939394,0.12121212121212122,0.13333333333333333,0.0,0.3696969696969697,0.14545454545454545,1,백반·죽·국수,본그룹
ba_14694402,2025-07,0.2,4,0.5,0.0,0.0,0.25,0.25,0.0,0.25,0.0,1,백반·죽·국수,본그룹
ba_14694402,2025-08,0.2,2,0.5,0.0,0.0,0.5,0.0,0.0,0.5,0.0,0,백반·죽·국수,본그룹
ba_14694402,2025-09,-0.3333333333333333,3,0.0,0.3333333333333333,0.0,0.0,0.0,0.0,0.0,0.0,0,백반·죽·국수,본그룹
ba_14694577,2025-09,0.7999999999999999,3,1.0,0.0,0.6666666666666666,0.0,0.0,0.0,0.3333333333333333,0.0,1,백반·죽·국수,본그룹
ba_14694620,2025-07,0.6571428571428573,14,0.7857142857142857,0.0,0.5714285714285714,0.14285714285714285,0.21428571428571427,0.0,0.14285714285714285,0.0,1,백반·죽·국수,본그룹
ba_14694620,2025-08,0.6,5,0.6,0.0,0.6,0.0,0.0,0.0,0.0,0.2,1,백반·죽·국수,본그룹
ba_14694620,2025-09,0.3333333333333333,9,0.7777777777777778,0.1111111111111111,0.3333333333333333,0.1111111111111111,0.1111111111111111,0.0,0.2222222222222222,0.0,0,백반·죽·국수,본그룹
ba_14694670,2025-07,0.4,5,0.6,0.4,0.8,0.0,0.2,0.0,0.2,0.0,1,백반·죽·국수,본그룹
ba_14694670,2025-08,0.6,3,0.6666666666666666,0.3333333333333333,1.0,0.0,0.3333333333333333,0.0,0.0,0.0,1,백반·죽·국수,본그룹
ba_14694670,2025-09,0.10000000000000003,2,0.5,0.5,1.0,0.5,0.5,0.0,0.5,0.0,0,백반·죽·국수,본그룹
ba_14694671,2025-07,0.6333333333333333,6,0.8333333333333334,0.0,0.5,0.0,0.0,0.0,0.0,0.0,0,백반·죽·국수,본그룹
ba_14694671,2025-08,0.8,2,1.0,0.0,1.0,1.0,0.0,0.0,1.0,0.0,0,백반·죽·국수,본그룹
ba_14695006,2025-07,0.8,4,1.0,0.0,1.0,0.0,0.75,0.0,0.5,0.0,1,백반·죽·국수,본그룹
ba_14695006,2025-08,0.5333333333333333,3,0.6666666666666666,0.0,0.6666666666666666,0.3333333333333333,0.0,0.0,0.3333333333333333,0.0,0,백반·죽·국수,본그룹
ba_14695006,2025-09,1.0,2,1.0,0.0,1.0,1.0,0.5,0.0,0.5,0.5,0,백반·죽·국수,본그룹
ba_14695008,2025-08,1.0,2,1.0,0.0,1.0,0.5,0.5,0.0,0.0,0.0,1,백반·죽·국수,본그룹
ba_14695008,2025-09,0.65,4,0.75,0.0,0.75,0.5,0.25,0.0,0.0,0.0,1,백반·죽·국수,본그룹
ba_14695290,2025-08,1.0,1,1.0,0.0,1.0,0.0,0.0,0.0,0.0,0.0,1,백반·죽·국수,본그룹
ba_14695290,2025-09,0.8,2,1.0,0.0,0.5,0.0,0.0,0.0,0.5,0.5,1,백반·죽·국수,본그룹
ba_14695958,2025-08,0.4,4,0.5,0.0,0.25,0.0,0.25,0.0,0.0,0.0,0,백반·죽·국수,본그룹
ba_14695958,2025-09,0.4666666666666666,3,0.6666666666666666,0.0,0.3333333333333333,0.0,0.0,0.0,0.0,0.0,1,백반·죽·국수,본그룹
ba_14695958,2025-07,1.0,4,1.0,0.0,1.0,0.0,0.0,0.0,0.0,0.0,0,백반·죽·국수,본그룹
ba_14698239,2025-07,0.85,4,1.0,0.0,0.75,0.0,0.25,0.0,0.25,0.0,0,백반·죽·국수,본그룹
ba_14698239,2025-08,0.2,1,1.0,0.0,1.0,0.0,0.0,0.0,0.0,0.0,0,백반·죽·국수,본그룹
ba_14698364,2025-07,0.6888888888888889,9,0.8888888888888888,0.0,0.7777777777777778,0.2222222222222222,0.1111111111111111,0.0,0.4444444444444444,0.0,1,백반·죽·국수,본그룹
ba_14698364,2025-08,0.7217391304347827,23,0.9565217391304348,0.043478260869565216,0.782608695652174,0.2608695652173913,0.08695652173913043,0.0,0.391304347826087,0.043478260869565216,1,백반·죽·국수,본그룹
ba_14698364,2025-09,0.6125,16,0.9375,0.0625,0.75,0.125,0.125,0.0,0.4375,0.125,1,백반·죽·국수,본그룹
ba_14699201,2025-08,0.5,2,0.5,0.0,0.5,0.0,0.0,0.0,0.5,0.5,1,백반·죽·국수,본그룹
ba_14699201,2025-09,0.5,2,0.5,0.0,0.5,0.0,0.0,0.0,0.0,0.5,0,백반·죽·국수,본그룹
ba_14699399,2025-07,0.6708333333333334,48,0.8541666666666666,0.020833333333333332,0.7291666666666666,0.2708333333333333,0.041666666666666664,0.041666666666666664,0.10416666666666667,0.10416666666666667,0,치킨,굽네치킨
ba_14699399,2025-08,0.6470588235294117,34,0.8235294117647058,0.029411764705882353,0.7352941176470589,0.058823529411764705,0.08823529411764706,0.0,0.08823529411764706,0.0,0,치킨,굽네치킨
ba_14699399,2025-09,0.7333333333333333,45,0.8666666666666667,0.06666666666666667,0.7777777777777778,0.06666666666666667,0.044444444444444446,0.0,0.1111111111111111,0.044444444444444446,0,치킨,굽네치킨
ba_14699649,2025-08,1.0,7,1.0,0.0,1.0,0.0,0.0,0.0,0.0,0.0,0,치킨,굽네치킨
ba_14699649,2025-09,0.6285714285714287,14,1.0,0.0,0.8571428571428571,0.07142857142857142,0.0,0.0,0.2857142857142857,0.0,0,치킨,굽네치킨
ba_14699649,2025-07,0.6166666666666666,12,0.75,0.08333333333333333,0.5833333333333334,0.08333333333333333,0.16666666666666666,0.0,0.08333333333333333,0.0,0,치킨,굽네치킨
ba_14700021,2025-07,0.6157894736842106,38,0.7368421052631579,0.02631578947368421,0.6842105263157895,0.05263157894736842,0.13157894736842105,0.0,0.05263157894736842,0.05263157894736842,1,치킨,굽네치킨
ba_14700021,2025-08,0.7235294117647059,34,0.9411764705882353,0.0,0.8235294117647058,0.08823529411764706,0.11764705882352941,0.029411764705882353,0.029411764705882353,0.11764705882352941,0,치킨,굽네치킨
ba_14700021,2025-09,0.6571428571428571,28,0.9285714285714286,0.0,0.8571428571428571,0.14285714285714285,0.10714285714285714,0.0,0.03571428571428571,0.0,0,치킨,굽네치킨
ba_14700213,2025-08,0.4,2,1.0,0.0,0.0,0.0,0.0,0.0,0.0,0.0,0,백반·죽·국수,본그룹
ba_14700213,2025-09,1.0,2,1.0,0.0,1.0,1.0,0.0,0.0,0.0,0.0,1,백반·죽·국수,본그룹
ba_14700905,2025-09,0.52,5,1.0,0.0,1.0,0.0,0.4,0.0,0.4,0.0,1,백반·죽·국수,본그룹
ba_14701137,2025-07,0.45714285714285713,7,0.7142857142857143,0.14285714285714285,0.2857142857142857,0.0,0.0,0.0,0.14285714285714285,0.0,0,백반·죽·국수,본그룹
ba_14701137,2025-08,0.525,8,0.75,0.125,0.75,0.125,0.25,0.125,0.0,0.0,1,백반·죽·국수,본그룹
ba_14701137,2025-09,0.8800000000000001,5,1.0,0.0,0.6,0.2,0.4,0.0,0.2,0.2,1,백반·죽·국수,본그룹
ba_14701165,2025-09,0.7,2,1.0,0.0,0.0,0.0,0.0,0.0,0.5,0.0,0,백반·죽·국수,본그룹
ba_14702063,2025-09,0.06666666666666667,3,0.3333333333333333,0.6666666666666666,0.3333333333333333,0.3333333333333333,0.6666666666666666,0.0,0.3333333333333333,0.0,1,백반·죽·국수,본그룹
ba_14702120,2025-07,0.5333333333333333,3,0.6666666666666666,0.3333333333333333,0.6666666666666666,0.0,1.0,0.0,0.0,0.0,0,백반·죽·국수,본그룹
ba_14702120,2025-08,0.4,2,1.0,0.0,0.5,0.0,0.5,0.0,0.5,0.0,0,백반·죽·국수,본그룹
ba_14702996,2025-08,1.0,1,1.0,0.0,1.0,0.0,0.0,0.0,0.0,0.0,0,백반·죽·국수,본그룹
ba_14703930,2025-07,0.7333333333333334,6,1.0,0.0,1.0,0.0,0.0,0.0,0.0,0.0,1,백반·죽·국수,본그룹
ba_14703930,2025-08,0.5599999999999999,5,0.6,0.0,0.6,0.4,0.0,0.0,0.0,0.2,1,백반·죽·국수,본그룹
ba_14703930,2025-09,0.4,1,1.0,0.0,0.0,0.0,0.0,0.0,0.0,0.0,0,백반·죽·국수,본그룹
ba_14706394,2025-08,0.86,10,1.0,0.0,0.7,0.3,0.0,0.0,0.6,0.1,1,백반·죽·국수,본그룹
ba_14706394,2025-09,0.825,8,1.0,0.0,0.875,0.25,0.125,0.0,0.375,0.125,1,백반·죽·국수,본그룹
ba_14708789,2025-08,0.6,1,1.0,0.0,0.0,1.0,0.0,0.0,0.0,0.0,1,백반·죽·국수,본그룹
ba_14708929,2025-07,0.6222222222222221,9,0.8888888888888888,0.0,0.8888888888888888,0.0,0.1111111111111111,0.0,0.0,0.1111111111111111,0,치킨,굽네치킨
ba_14708929,2025-08,0.45,4,0.75,0.0,0.75,0.0,0.0,0.0,0.0,0.0,0,치킨,굽네치킨
ba_14708929,2025-09,0.5,2,0.5,0.0,0.5,0.0,0.0,0.0,0.5,0.0,0,치킨,굽네치킨
ba_14712294,2025-07,0.6296296296296295,27,0.8518518518518519,0.0,0.7037037037037037,0.07407407407407407,0.25925925925925924,0.0,0.18518518518518517,0.0,1,백반·죽·국수,본그룹
ba_14712294,2025-08,0.8700000000000001,20,1.0,0.0,0.8,0.25,0.15,0.0,0.05,0.0,0,백반·죽·국수,본그룹
ba_14712294,2025-09,0.43076923076923074,13,0.6923076923076923,0.07692307692307693,0.46153846153846156,0.23076923076923078,0.3076923076923077,0.0,0.23076923076923078,0.15384615384615385,0,백반·죽·국수,본그룹
ba_14712797,2025-07,0.86,10,1.0,0.0,0.8,0.1,0.0,0.0,0.3,0.1,0,치킨,굽네치킨
ba_14712797,2025-08,0.8166666666666665,12,1.0,0.0,0.9166666666666666,0.08333333333333333,0.08333333333333333,0.0,0.08333333333333333,0.16666666666666666,1,치킨,굽네치킨
ba_14712797,2025-09,0.74,10,0.9,0.0,0.7,0.0,0.1,0.0,0.0,0.1,1,치킨,굽네치킨
ba_14714062,2025-08,0.7999999999999999,12,0.8333333333333334,0.0,0.75,0.16666666666666666,0.08333333333333333,0.0,0.08333333333333333,0.0,1,백반·죽·국수,본그룹
ba_14714062,2025-07,0.5647058823529413,17,0.8235294117647058,0.17647058823529413,0.4117647058823529,0.17647058823529413,0.058823529411764705,0.17647058823529413,0.0,0.058823529411764705,1,백반·죽·국수,본그룹
ba_14714062,2025-09,0.6857142857142857,7,0.8571428571428571,0.0,0.42857142857142855,0.42857142857142855,0.14285714285714285,0.0,0.14285714285714285,0.14285714285714285,0,백반·죽·국수,본그룹
ba_14714070,2025-08,0.0,1,0.0,0.0,0.0,0.0,1.0,0.0,0.0,0.0,0,백반·죽·국수,본그룹
ba_14715313,2025-07,0.8,30,0.9,0.0,0.8333333333333334,0.1,0.0,0.0,0.1,0.06666666666666667,0,치킨,굽네치킨
ba_14715313,2025-08,0.6875,16,0.875,0.0,0.8125,0.0,0.125,0.0,0.125,0.0625,0,치킨,굽네치킨
ba_14715313,2025-09,0.6947368421052631,19,0.9473684210526315,0.0,0.7894736842105263,0.10526315789473684,0.15789473684210525,0.0,0.15789473684210525,0.05263157894736842,0,치킨,굽네치킨
ba_14716102,2025-08,0.4,5,0.8,0.0,0.8,0.0,0.4,0.0,0.0,0.0,1,백반·죽·국수,본그룹
ba_14716102,2025-09,0.9666666666666667,6,1.0,0.0,0.8333333333333334,0.5,0.0,0.0,0.3333333333333333,0.0,1,백반·죽·국수,본그룹
ba_14716332,2025-09,0.6551181102362205,127,0.8188976377952756,0.031496062992125984,0.6929133858267716,0.06299212598425197,0.11023622047244094,0.007874015748031496,0.03937007874015748,0.07086614173228346,0,치킨,굽네치킨
ba_14716332,2025-07,0.7425531914893617,94,0.925531914893617,0.010638297872340425,0.7340425531914894,0.09574468085106383,0.0851063829787234,0.0,0.10638297872340426,0.06382978723404255,0,치킨,굽네치킨
ba_14716332,2025-08,0.7612903225806452,62,0.9193548387096774,0.0,0.8709677419354839,0.04838709677419355,0.0967741935483871,0.0,0.12903225806451613,0.06451612903225806,1,치킨,굽네치킨
ba_14719522,2025-08,0.6,1,1.0,0.0,1.0,0.0,0.0,0.0,0.0,0.0,0,백반·죽·국수,본그룹
ba_14719522,2025-09,0.9,2,1.0,0.0,1.0,0.5,0.0,0.0,0.0,0.0,0,백반·죽·국수,본그룹
ba_14719554,2025-08,0.6888888888888888,27,0.8518518518518519,0.0,0.7037037037037037,0.07407407407407407,0.18518518518518517,0.0,0.3333333333333333,0.14814814814814814,1,백반·죽·국수,본그룹
ba_14719554,2025-07,0.7391304347826086,23,1.0,0.0,0.782608695652174,0.0,0.30434782608695654,0.0,0.391304347826087,0.08695652173913043,0,백반·죽·국수,본그룹
ba_14719554,2025-09,0.7759999999999999,25,0.96,0.0,0.8,0.08,0.12,0.08,0.48,0.0,1,백반·죽·국수,본그룹
ba_14720262,2025-07,1.0,2,1.0,0.0,1.0,0.5,0.0,0.0,0.0,0.5,0,치킨,굽네치킨
ba_14720263,2025-09,1.0,3,1.0,0.0,1.0,0.0,0.3333333333333333,0.0,0.3333333333333333,0.0,0,피자,굽네치킨
ba_14720368,2025-07,0.7000000000000001,4,1.0,0.0,0.75,0.25,0.0,0.0,0.0,0.0,0,백반·죽·국수,본그룹
ba_14720368,2025-08,0.7428571428571429,21,0.9047619047619048,0.0,0.7619047619047619,0.0,0.2857142857142857,0.0,0.3333333333333333,0.0,0,백반·죽·국수,본그룹
ba_14720368,2025-09,0.65,16,0.6875,0.0,0.6875,0.0625,0.1875,0.0,0.0625,0.125,1,백반·죽·국수,본그룹
ba_14721018,2025-07,0.6,9,0.8888888888888888,0.1111111111111111,0.7777777777777778,0.1111111111111111,0.2222222222222222,0.0,0.0,0.0,1,치킨,굽네치킨
ba_14721018,2025-08,0.65,4,1.0,0.0,0.75,0.0,0.25,0.0,0.0,0.0,0,치킨,굽네치킨
ba_14721018,2025-09,0.76,5,1.0,0.0,0.6,0.4,0.0,0.0,0.0,0.4,0,치킨,굽네치킨
ba_14725485,2025-08,0.6,2,1.0,0.0,1.0,0.0,0.0,0.0,0.0,0.5,1,치킨,굽네치킨
ba_14725627,2025-07,1.0,1,1.0,0.0,1.0,1.0,0.0,0.0,1.0,0.0,1,백반·죽·국수,본그룹
ba_14725627,2025-09,0.9714285714285714,7,1.0,0.0,1.0,0.2857142857142857,0.0,0.0,0.5714285714285714,0.0,0,백반·죽·국수,본그룹
ba_14726472,2025-07,0.6958333333333333,96,0.84375,0.03125,0.7604166666666666,0.0625,0.125,0.0,0.125,0.07291666666666667,0,치킨,굽네치킨
ba_14726472,2025-08,0.7243243243243243,74,0.9324324324324325,0.02702702702702703,0.8108108108108109,0.04054054054054054,0.08108108108108109,0.013513513513513514,0.10810810810810811,0.05405405405405406,1,치킨,굽네치킨
ba_14726472,2025-09,0.7064935064935065,77,0.948051948051948,0.0,0.7922077922077922,0.06493506493506493,0.1038961038961039,0.012987012987012988,0.012987012987012988,0.1038961038961039,1,치킨,굽네치킨
ba_14726741,2025-08,0.2,1,1.0,0.0,0.0,0.0,1.0,0.0,0.0,0.0,1,백반·죽·국수,본그룹
ba_14726741,2025-09,0.9,2,1.0,0.0,1.0,0.0,0.0,0.0,0.0,0.0,0,백반·죽·국수,본그룹
ba_14727030,2025-07,0.9,4,1.0,0.0,1.0,0.0,0.0,0.0,0.0,0.0,1,백반·죽·국수,본그룹
ba_14727030,2025-08,0.76,5,1.0,0.0,0.6,0.0,0.0,0.0,0.4,0.0,1,백반·죽·국수,본그룹
ba_14727030,2025-09,0.6444444444444445,9,1.0,0.0,0.6666666666666666,0.1111111111111111,0.2222222222222222,0.0,0.3333333333333333,0.2222222222222222,0,백반·죽·국수,본그룹
ba_14727064,2025-07,0.4000000000000001,6,0.6666666666666666,0.0,0.3333333333333333,0.0,0.3333333333333333,0.0,0.3333333333333333,0.0,1,백반·죽·국수,본그룹
ba_14727064,2025-08,0.35555555555555557,9,0.7777777777777778,0.0,0.5555555555555556,0.1111111111111111,0.0,0.0,0.0,0.0,1,백반·죽·국수,본그룹
ba_14727064,2025-09,0.52,10,1.0,0.0,0.5,0.3,0.0,0.0,0.1,0.1,0,백반·죽·국수,본그룹
ba_14728444,2025-07,0.6,3,1.0,0.0,0.3333333333333333,0.3333333333333333,0.6666666666666666,0.0,0.0,0.0,1,백반·죽·국수,본그룹
ba_14728444,2025-08,0.7333333333333334,3,1.0,0.0,1.0,0.0,0.0,0.0,0.0,0.0,0,백반·죽·국수,본그룹
ba_14728839,2025-08,0.4,4,0.5,0.25,0.5,0.25,0.25,0.0,0.0,0.25,0,치킨,굽네치킨
ba_14728839,2025-09,0.2,1,1.0,0.0,1.0,0.0,0.0,0.0,0.0,0.0,1,치킨,굽네치킨
ba_14729038,2025-09,0.8,5,0.8,0.0,1.0,0.4,0.0,0.0,0.4,0.0,0,치킨,굽네치킨
ba_14729038,2025-08,0.9,6,1.0,0.0,0.8333333333333334,0.16666666666666666,0.0,0.0,0.3333333333333333,0.0,1,치킨,굽네치킨
ba_14729159,2025-07,0.7055555555555563,144,0.9166666666666666,0.0,0.7361111111111112,0.125,0.125,0.027777777777777776,0.125,0.125,1,치킨,굽네치킨
ba_14729159,2025-08,0.669189189189189,185,0.8378378378378378,0.021621621621621623,0.7621621621621621,0.0972972972972973,0.14054054054054055,0.021621621621621623,0.032432432432432434,0.0972972972972973,1,치킨,굽네치킨
ba_14729159,2025-09,0.7072289156626504,332,0.8975903614457831,0.018072289156626505,0.7439759036144579,0.12349397590361445,0.12349397590361445,0.0,0.09337349397590361,0.0783132530120482,1,치킨,굽네치킨
ba_14729784,2025-07,0.8514285714285713,35,0.9428571428571428,0.0,0.8571428571428571,0.05714285714285714,0.11428571428571428,0.02857142857142857,0.14285714285714285,0.08571428571428572,0,치킨,굽네치킨
ba_14729784,2025-08,0.8888888888888888,18,0.9444444444444444,0.0,1.0,0.1111111111111111,0.16666666666666666,0.0,0.16666666666666666,0.0,1,치킨,굽네치킨
ba_14729784,2025-09,0.7515151515151515,33,0.9393939393939394,0.0,0.8484848484848485,0.06060606060606061,0.030303030303030304,0.0,0.0,0.09090909090909091,1,치킨,굽네치킨
ba_14729971,2025-07,0.5037037037037037,27,0.7037037037037037,0.1111111111111111,0.8148148148148148,0.07407407407407407,0.037037037037037035,0.0,0.07407407407407407,0.0,0,치킨,굽네치킨
ba_14729971,2025-08,0.7555555555555556,9,1.0,0.0,0.7777777777777778,0.0,0.0,0.0,0.0,0.0,0,치킨,굽네치킨
ba_14729971,2025-09,0.5090909090909091,11,0.8181818181818182,0.09090909090909091,0.5454545454545454,0.0,0.18181818181818182,0.0,0.0,0.0,1,치킨,굽네치킨
ba_14730328,2025-08,0.6,1,1.0,0.0,1.0,0.0,1.0,0.0,1.0,0.0,1,백반·죽·국수,본그룹
ba_14730330,2025-08,0.6,1,1.0,0.0,1.0,0.0,0.0,0.0,0.0,0.0,1,백반·죽·국수,본그룹
ba_14730330,2025-09,0.8375,16,1.0,0.0,0.75,0.1875,0.125,0.0,0.125,0.0625,1,백반·죽·국수,본그룹
ba_14731363,2025-08,0.9,4,1.0,0.0,0.75,0.5,0.0,0.0,0.5,0.25,0,백반·죽·국수,본그룹
ba_14731363,2025-09,0.6666666666666666,3,1.0,0.0,0.3333333333333333,0.0,0.0,0.0,0.3333333333333333,0.0,0,백반·죽·국수,본그룹
ba_14732026,2025-09,0.6779761904761897,336,0.8541666666666666,0.005952380952380952,0.7410714285714286,0.10119047619047619,0.044642857142857144,0.011904761904761904,0.047619047619047616,0.09226190476190477,0,치킨,굽네치킨
ba_14732026,2025-08,0.625668449197861,187,0.8235294117647058,0.0374331550802139,0.6844919786096256,0.11229946524064172,0.09090909090909091,0.026737967914438502,0.06417112299465241,0.03208556149732621,1,치킨,굽네치킨
ba_14732355,2025-07,0.8,4,1.0,0.0,1.0,0.0,0.5,0.0,0.0,0.0,1,백반·죽·국수,본그룹
ba_14732355,2025-08,0.6333333333333332,12,0.8333333333333334,0.16666666666666666,0.5833333333333334,0.08333333333333333,0.3333333333333333,0.0,0.25,0.0,1,백반·죽·국수,본그룹
ba_14732355,2025-09,0.6533333333333334,15,0.8666666666666667,0.06666666666666667,0.8666666666666667,0.13333333333333333,0.0,0.0,0.2,0.2,0,백반·죽·국수,본그룹
ba_14732602,2025-07,0.2333333333333333,6,0.6666666666666666,0.16666666666666666,0.3333333333333333,0.16666666666666666,0.0,0.0,0.0,0.0,0,치킨,굽네치킨
ba_14732602,2025-08,0.4666666666666666,6,0.6666666666666666,0.16666666666666666,0.8333333333333334,0.0,0.0,0.0,0.0,0.0,0,치킨,굽네치킨
ba_14732602,2025-09,1.0,1,1.0,0.0,1.0,0.0,0.0,0.0,0.0,0.0,0,치킨,굽네치킨
ba_14733665,2025-08,0.8400000000000001,5,1.0,0.0,1.0,0.0,0.0,0.0,0.2,0.0,0,치킨,굽네치킨
ba_14733665,2025-09,0.7000000000000001,8,0.875,0.0,0.75,0.125,0.125,0.0,0.125,0.0,0,치킨,굽네치킨
ba_14733665,2025-07,0.68,10,0.9,0.1,0.8,0.1,0.0,0.0,0.0,0.3,0,치킨,굽네치킨
ba_14735216,2025-07,0.6285714285714284,35,0.8571428571428571,0.0,0.7142857142857143,0.37142857142857144,0.2,0.08571428571428572,0.17142857142857143,0.05714285714285714,1,백반·죽·국수,본그룹
ba_14735216,2025-08,0.6777777777777777,18,0.8333333333333334,0.05555555555555555,0.7777777777777778,0.3333333333333333,0.16666666666666666,0.0,0.05555555555555555,0.0,1,백반·죽·국수,본그룹
ba_14735216,2025-09,0.68,10,0.9,0.0,0.6,0.2,0.1,0.0,0.1,0.1,0,백반·죽·국수,본그룹
ba_14735878,2025-08,0.8,11,1.0,0.0,0.7272727272727273,0.0,0.0,0.0,0.0,0.18181818181818182,1,백반·죽·국수,본그룹
ba_14735878,2025-09,0.75,12,1.0,0.0,0.4166666666666667,0.4166666666666667,0.25,0.0,0.5,0.0,1,백반·죽·국수,본그룹
ba_14736681,2025-07,0.85,8,1.0,0.0,0.75,0.5,0.5,0.0,0.5,0.0,1,백반·죽·국수,본그룹
ba_14736681,2025-08,0.4666666666666666,3,1.0,0.0,1.0,0.3333333333333333,0.0,0.0,0.0,0.6666666666666666,0,백반·죽·국수,본그룹
ba_14736681,2025-09,1.0,1,1.0,0.0,1.0,0.0,0.0,0.0,0.0,0.0,0,백반·죽·국수,본그룹
ba_14736683,2025-07,0.8052631578947369,38,0.868421052631579,0.0,0.631578947368421,0.15789473684210525,0.05263157894736842,0.0,0.5,0.05263157894736842,1,백반·죽·국수,본그룹
ba_14736683,2025-08,0.8900000000000002,40,0.975,0.0,0.875,0.3,0.175,0.0,0.575,0.15,1,백반·죽·국수,본그룹
ba_14736683,2025-09,0.6560000000000001,25,1.0,0.0,0.48,0.0,0.12,0.0,0.64,0.08,0,백반·죽·국수,본그룹
ba_14736722,2025-07,0.9,4,1.0,0.0,1.0,0.0,0.0,0.0,0.0,0.0,1,치킨,굽네치킨
ba_14736722,2025-08,0.75,4,0.75,0.0,0.75,0.0,0.75,0.0,0.25,0.0,1,치킨,굽네치킨
ba_14736722,2025-09,0.7714285714285714,7,0.8571428571428571,0.14285714285714285,1.0,0.14285714285714285,0.2857142857142857,0.0,0.0,0.0,0,치킨,굽네치킨
ba_14737726,2025-07,0.5918918918918921,74,0.8243243243243243,0.04054054054054054,0.6621621621621622,0.1891891891891892,0.0945945945945946,0.013513513513513514,0.08108108108108109,0.08108108108108109,1,치킨,굽네치킨
ba_14737726,2025-08,0.6600000000000001,60,0.8833333333333333,0.016666666666666666,0.75,0.18333333333333332,0.16666666666666666,0.0,0.08333333333333333,0.03333333333333333,0,치킨,굽네치킨
ba_14737726,2025-09,0.7662650602409641,83,0.927710843373494,0.04819277108433735,0.9156626506024096,0.18072289156626506,0.08433734939759036,0.0,0.07228915662650602,0.03614457831325301,0,치킨,굽네치킨
ba_14739745,2025-07,0.6352941176470588,17,0.7058823529411765,0.058823529411764705,0.7647058823529411,0.058823529411764705,0.23529411764705882,0.0,0.0,0.0,1,치킨,굽네치킨
ba_14739745,2025-08,0.6166666666666666,12,0.75,0.08333333333333333,0.75,0.25,0.08333333333333333,0.0,0.0,0.0,0,치킨,굽네치킨
ba_14739745,2025-09,0.7675675675675676,37,0.972972972972973,0.0,0.918918918918919,0.02702702702702703,0.1891891891891892,0.0,0.16216216216216217,0.0,0,치킨,굽네치킨
ba_14739746,2025-07,0.5,4,0.75,0.0,0.5,0.25,0.0,0.0,0.25,0.0,0,피자,굽네치킨
ba_14739746,2025-09,0.8,4,1.0,0.0,1.0,0.0,0.5,0.0,0.5,0.0,1,피자,굽네치킨
ba_14739815,2025-07,0.766101694915254,59,0.9152542372881356,0.01694915254237288,0.7966101694915254,0.11864406779661017,0.13559322033898305,0.0,0.13559322033898305,0.0,0,치킨,굽네치킨
ba_14739815,2025-08,0.8,56,0.9464285714285714,0.017857142857142856,0.875,0.03571428571428571,0.10714285714285714,0.0,0.07142857142857142,0.05357142857142857,0,치킨,굽네치킨
ba_14739815,2025-09,0.7938461538461539,65,0.9538461538461539,0.0,0.8615384615384616,0.03076923076923077,0.06153846153846154,0.0,0.046153846153846156,0.09230769230769231,1,치킨,굽네치킨
ba_14740022,2025-07,0.5499999999999999,8,0.75,0.125,0.75,0.25,0.125,0.0,0.125,0.125,0,치킨,굽네치킨
ba_14740022,2025-08,0.7666666666666667,12,0.9166666666666666,0.0,0.9166666666666666,0.16666666666666666,0.08333333333333333,0.0,0.08333333333333333,0.0,0,치킨,굽네치킨
ba_14740022,2025-09,0.5428571428571428,7,1.0,0.0,0.7142857142857143,0.2857142857142857,0.0,0.0,0.5714285714285714,0.0,0,치킨,굽네치킨
ba_14740239,2025-07,0.6799999999999999,5,0.8,0.0,0.6,0.2,0.2,0.2,0.4,0.0,0,치킨,굽네치킨
ba_14740239,2025-08,0.13333333333333333,3,0.3333333333333333,0.0,0.3333333333333333,0.6666666666666666,1.0,0.0,0.0,0.0,0,치킨,굽네치킨
ba_14740239,2025-09,0.0,1,0.0,0.0,0.0,0.0,1.0,0.0,0.0,0.0,0,치킨,굽네치킨
ba_14741847,2025-07,0.6242424242424243,33,0.7575757575757576,0.0,0.696969696969697,0.06060606060606061,0.12121212121212122,0.0,0.030303030303030304,0.09090909090909091,0,치킨,굽네치킨
ba_14741847,2025-08,0.59375,32,0.75,0.03125,0.6875,0.0625,0.1875,0.0,0.0625,0.09375,0,치킨,굽네치킨
ba_14741847,2025-09,0.6749999999999999,16,0.875,0.0,0.75,0.0,0.1875,0.0,0.0,0.0625,0,치킨,굽네치킨
ba_14742704,2025-08,0.9333333333333332,3,1.0,0.0,0.6666666666666666,0.0,0.0,0.0,0.3333333333333333,0.3333333333333333,1,백반·죽·국수,본그룹
ba_14742705,2025-09,0.64,10,0.7,0.0,0.4,0.4,0.4,0.0,0.0,0.0,0,백반·죽·국수,본그룹
ba_14742705,2025-07,0.7333333333333335,18,1.0,0.0,0.6666666666666666,0.1111111111111111,0.4444444444444444,0.0,0.3333333333333333,0.3333333333333333,1,백반·죽·국수,본그룹
ba_14742705,2025-08,0.5428571428571428,7,0.7142857142857143,0.0,0.2857142857142857,0.0,0.14285714285714285,0.0,0.0,0.0,1,백반·죽·국수,본그룹
ba_14743271,2025-07,0.76,10,1.0,0.0,0.4,0.1,0.2,0.0,0.4,0.1,1,백반·죽·국수,본그룹
ba_14743271,2025-08,0.7565217391304347,23,1.0,0.0,0.782608695652174,0.08695652173913043,0.08695652173913043,0.0,0.34782608695652173,0.043478260869565216,1,백반·죽·국수,본그룹
ba_14743271,2025-09,0.9142857142857144,14,1.0,0.0,0.8571428571428571,0.21428571428571427,0.2857142857142857,0.0,0.21428571428571427,0.0,1,백반·죽·국수,본그룹
ba_14743731,2025-08,1.0,1,1.0,0.0,1.0,1.0,0.0,0.0,0.0,0.0,0,백반·죽·국수,본그룹
ba_14743732,2025-07,0.6750000000000002,24,0.875,0.0,0.625,0.20833333333333334,0.20833333333333334,0.0,0.20833333333333334,0.2916666666666667,1,백반·죽·국수,본그룹
ba_14743732,2025-08,0.9666666666666667,12,1.0,0.0,0.9166666666666666,0.4166666666666667,0.08333333333333333,0.16666666666666666,0.0,0.16666666666666666,1,백반·죽·국수,본그룹
ba_14743732,2025-09,0.8800000000000001,5,1.0,0.0,1.0,0.0,0.0,0.0,0.2,0.4,0,백반·죽·국수,본그룹
ba_14744329,2025-08,0.85,4,1.0,0.0,0.5,0.0,0.25,0.0,0.5,0.0,1,백반·죽·국수,본그룹
ba_14744329,2025-09,0.4,2,0.5,0.5,0.5,0.0,0.0,0.0,0.0,0.0,0,백반·죽·국수,본그룹
ba_14744706,2025-08,0.8,5,0.8,0.0,0.8,0.2,0.0,0.0,0.0,0.0,1,백반·죽·국수,본그룹
ba_14744959,2025-07,0.7250000000000001,24,0.875,0.08333333333333333,0.875,0.16666666666666666,0.20833333333333334,0.0,0.125,0.125,1,치킨,굽네치킨
ba_14744959,2025-08,0.7999999999999999,33,0.9393939393939394,0.0,0.8181818181818182,0.06060606060606061,0.09090909090909091,0.030303030303030304,0.15151515151515152,0.15151515151515152,0,치킨,굽네치킨
ba_14744959,2025-09,0.6690909090909093,55,0.8909090909090909,0.0,0.7272727272727273,0.07272727272727272,0.07272727272727272,0.0,0.2727272727272727,0.2,0,치킨,굽네치킨
ba_14746052,2025-08,0.6,5,0.6,0.0,0.6,0.2,0.2,0.0,0.0,0.2,1,백반·죽·국수,본그룹
ba_14746052,2025-09,0.4666666666666666,6,0.6666666666666666,0.0,0.3333333333333333,0.0,0.0,0.0,0.0,0.0,0,백반·죽·국수,본그룹
ba_14746216,2025-07,0.4,4,0.5,0.0,0.25,0.5,0.0,0.0,0.0,0.0,0,치킨,굽네치킨
ba_14746216,2025-08,0.35000000000000003,12,0.4166666666666667,0.08333333333333333,0.5,0.5,0.08333333333333333,0.0,0.0,0.0,0,치킨,굽네치킨
ba_14746216,2025-09,0.3333333333333333,3,0.3333333333333333,0.0,0.3333333333333333,0.0,0.0,0.0,0.0,0.0,0,치킨,굽네치킨
ba_14747382,2025-07,0.8181818181818182,11,1.0,0.0,0.8181818181818182,0.09090909090909091,0.18181818181818182,0.0,0.2727272727272727,0.18181818181818182,0,치킨,굽네치킨
ba_14747382,2025-08,0.7333333333333333,18,0.8888888888888888,0.0,0.8333333333333334,0.05555555555555555,0.1111111111111111,0.0,0.16666666666666666,0.1111111111111111,0,치킨,굽네치킨
ba_14747382,2025-09,0.7166666666666667,24,0.9166666666666666,0.0,0.7083333333333334,0.125,0.0,0.0,0.08333333333333333,0.20833333333333334,0,치킨,굽네치킨
ba_14749296,2025-07,0.6853658536585365,82,0.8414634146341463,0.0,0.7926829268292683,0.13414634146341464,0.10975609756097561,0.0,0.04878048780487805,0.10975609756097561,0,치킨,굽네치킨
ba_14749296,2025-08,0.6896551724137931,58,0.7931034482758621,0.017241379310344827,0.6896551724137931,0.1206896551724138,0.034482758620689655,0.034482758620689655,0.05172413793103448,0.1724137931034483,0,치킨,굽네치킨
ba_14749296,2025-09,0.7555555555555555,54,0.8888888888888888,0.018518518518518517,0.7777777777777778,0.2777777777777778,0.14814814814814814,0.0,0.1111111111111111,0.018518518518518517,0,치킨,굽네치킨
ba_14753110,2025-08,0.5777777777777778,9,0.7777777777777778,0.1111111111111111,0.4444444444444444,0.4444444444444444,0.0,0.1111111111111111,0.1111111111111111,0.0,0,백반·죽·국수,본그룹
ba_14753110,2025-09,0.7333333333333334,3,1.0,0.0,0.6666666666666666,0.0,0.0,0.0,0.3333333333333333,0.0,0,백반·죽·국수,본그룹
ba_14754395,2025-07,0.4,2,1.0,0.0,1.0,0.0,0.5,0.0,0.0,0.0,0,치킨,굽네치킨
ba_14754893,2025-07,0.7666666666666666,6,1.0,0.0,0.6666666666666666,0.0,0.5,0.0,0.3333333333333333,0.0,1,백반·죽·국수,본그룹
ba_14754893,2025-08,0.7225806451612903,31,0.8709677419354839,0.03225806451612903,0.6451612903225806,0.16129032258064516,0.25806451612903225,0.0,0.06451612903225806,0.16129032258064516,1,백반·죽·국수,본그룹
ba_14754893,2025-09,0.7375,16,0.9375,0.0,0.8125,0.125,0.125,0.0,0.25,0.0625,1,백반·죽·국수,본그룹
ba_14754936,2025-07,0.7111111111111111,9,0.7777777777777778,0.1111111111111111,0.8888888888888888,0.2222222222222222,0.1111111111111111,0.0,0.1111111111111111,0.1111111111111111,0,치킨,굽네치킨
ba_14754936,2025-08,0.6,4,0.75,0.25,1.0,0.5,0.5,0.0,0.0,0.0,1,치킨,굽네치킨
ba_14754936,2025-09,0.9400000000000001,10,1.0,0.0,0.9,0.2,0.1,0.0,0.0,0.0,1,치킨,굽네치킨
ba_14756247,2025-09,0.06666666666666667,3,0.3333333333333333,0.3333333333333333,0.0,0.6666666666666666,0.3333333333333333,0.0,0.0,0.3333333333333333,1,백반·죽·국수,본그룹
ba_14756888,2025-07,0.6636363636363635,44,1.0,0.0,0.7045454545454546,0.2727272727272727,0.20454545454545456,0.045454545454545456,0.20454545454545456,0.13636363636363635,1,백반·죽·국수,본그룹
ba_14756888,2025-08,0.7157894736842108,38,0.8947368421052632,0.05263157894736842,0.7368421052631579,0.13157894736842105,0.15789473684210525,0.0,0.05263157894736842,0.3684210526315789,0,백반·죽·국수,본그룹
ba_14756888,2025-09,0.5111111111111111,9,1.0,0.0,0.8888888888888888,0.0,0.0,0.0,0.1111111111111111,0.2222222222222222,0,백반·죽·국수,본그룹
ba_14756889,2025-09,1.0,1,1.0,0.0,1.0,0.0,0.0,0.0,0.0,1.0,1,백반·죽·국수,본그룹
ba_14757543,2025-07,0.6679245283018868,53,0.8113207547169812,0.05660377358490566,0.8113207547169812,0.05660377358490566,0.1320754716981132,0.0,0.018867924528301886,0.11320754716981132,1,치킨,굽네치킨
ba_14757543,2025-08,0.66,60,0.85,0.03333333333333333,0.7666666666666667,0.05,0.1,0.016666666666666666,0.08333333333333333,0.03333333333333333,0,치킨,굽네치킨
ba_14757543,2025-09,0.6555555555555556,36,0.8333333333333334,0.08333333333333333,0.8888888888888888,0.0,0.1388888888888889,0.0,0.027777777777777776,0.0,0,치킨,굽네치킨
ba_14757711,2025-07,0.19999999999999998,11,0.45454545454545453,0.36363636363636365,0.36363636363636365,0.0,0.2727272727272727,0.0,0.18181818181818182,0.0,1,치킨,굽네치킨
ba_14757711,2025-08,0.2857142857142857,7,0.7142857142857143,0.14285714285714285,0.5714285714285714,0.2857142857142857,0.14285714285714285,0.0,0.2857142857142857,0.0,0,치킨,굽네치킨
ba_14757711,2025-09,0.6000000000000001,4,0.75,0.25,0.75,0.5,0.25,0.0,0.0,0.25,0,치킨,굽네치킨
ba_14758255,2025-07,1.0,6,1.0,0.0,1.0,0.0,0.0,0.0,0.16666666666666666,0.0,1,치킨,굽네치킨
ba_14758255,2025-08,0.5,4,1.0,0.0,0.75,0.0,0.25,0.0,0.25,0.0,0,치킨,굽네치킨
ba_14758255,2025-09,0.7333333333333334,6,1.0,0.0,1.0,0.0,0.16666666666666666,0.0,0.0,0.0,0,치킨,굽네치킨
ba_14760741,2025-08,0.4,2,1.0,0.0,1.0,0.0,1.0,0.0,0.0,0.0,1,백반·죽·국수,본그룹
ba_14760741,2025-09,1.0,2,1.0,0.0,1.0,0.0,0.0,0.0,0.0,0.0,0,백반·죽·국수,본그룹
ba_14760742,2025-07,0.6833333333333335,12,0.9166666666666666,0.0,0.75,0.08333333333333333,0.25,0.0,0.0,0.08333333333333333,1,백반·죽·국수,본그룹
ba_14760742,2025-08,0.7333333333333334,6,1.0,0.0,0.6666666666666666,0.16666666666666666,0.16666666666666666,0.0,0.16666666666666666,0.5,1,백반·죽·국수,본그룹
ba_14760742,2025-09,0.66,20,1.0,0.0,0.75,0.2,0.15,0.0,0.55,0.1,1,백반·죽·국수,본그룹
ba_14762166,2025-09,1.0,1,1.0,0.0,1.0,0.0,0.0,0.0,1.0,0.0,0,백반·죽·국수,본그룹
ba_14766646,2025-08,0.7999999999999999,3,1.0,0.0,1.0,0.0,0.0,0.0,0.3333333333333333,0.3333333333333333,1,백반·죽·국수,본그룹
ba_14766646,2025-09,0.5,4,1.0,0.0,0.75,0.0,0.0,0.0,0.5,0.0,0,백반·죽·국수,본그룹
ba_14766647,2025-07,0.95,4,1.0,0.0,1.0,0.25,0.0,0.0,0.5,0.5,1,백반·죽·국수,본그룹
ba_14766647,2025-08,0.7999999999999998,12,1.0,0.0,0.6666666666666666,0.0,0.16666666666666666,0.0,0.16666666666666666,0.0,1,백반·죽·국수,본그룹
ba_14766647,2025-09,0.6235294117647059,17,0.7058823529411765,0.058823529411764705,0.7058823529411765,0.17647058823529413,0.17647058823529413,0.0,0.11764705882352941,0.0,0,백반·죽·국수,본그룹
ba_14766686,2025-07,0.7041666666666666,96,0.84375,0.041666666666666664,0.7916666666666666,0.13541666666666666,0.19791666666666666,0.020833333333333332,0.052083333333333336,0.08333333333333333,1,피자,굽네치킨
ba_14766686,2025-08,0.5515789473684213,95,0.8,0.09473684210526316,0.7157894736842105,0.1368421052631579,0.07368421052631578,0.0,0.10526315789473684,0.07368421052631578,1,피자,굽네치킨
ba_14766686,2025-09,0.5454545454545456,88,0.7613636363636364,0.09090909090909091,0.7272727272727273,0.13636363636363635,0.09090909090909091,0.0,0.03409090909090909,0.07954545454545454,0,피자,굽네치킨
ba_14767892,2025-08,0.7250000000000002,48,0.8541666666666666,0.020833333333333332,0.8333333333333334,0.10416666666666667,0.10416666666666667,0.0,0.16666666666666666,0.041666666666666664,1,치킨,굽네치킨
ba_14767892,2025-09,0.7096774193548387,31,0.8387096774193549,0.03225806451612903,0.7419354838709677,0.1935483870967742,0.0967741935483871,0.03225806451612903,0.16129032258064516,0.16129032258064516,1,치킨,굽네치킨
ba_14767892,2025-07,0.7833333333333332,12,0.8333333333333334,0.08333333333333333,0.75,0.08333333333333333,0.0,0.0,0.25,0.0,1,치킨,굽네치킨
ba_14767931,2025-07,0.8,17,0.9411764705882353,0.0,0.7058823529411765,0.0,0.058823529411764705,0.0,0.4117647058823529,0.058823529411764705,1,백반·죽·국수,본그룹
ba_14767931,2025-08,0.7724137931034484,29,1.0,0.0,0.5517241379310345,0.10344827586206896,0.1724137931034483,0.0,0.41379310344827586,0.0,0,백반·죽·국수,본그룹
ba_14767931,2025-09,0.5555555555555555,9,0.7777777777777778,0.0,0.3333333333333333,0.1111111111111111,0.2222222222222222,0.0,0.2222222222222222,0.0,0,백반·죽·국수,본그룹
ba_14767932,2025-07,0.9,4,1.0,0.0,1.0,0.25,0.0,0.0,0.0,0.75,1,백반·죽·국수,본그룹
ba_14767932,2025-08,0.46666666666666656,9,0.7777777777777778,0.2222222222222222,0.3333333333333333,0.4444444444444444,0.0,0.0,0.0,0.0,1,백반·죽·국수,본그룹
ba_14767932,2025-09,0.5,6,0.8333333333333334,0.0,0.5,0.0,0.0,0.0,0.0,0.0,1,백반·죽·국수,본그룹
ba_14769185,2025-07,0.9,4,1.0,0.0,1.0,0.0,0.0,0.0,0.0,0.0,1,치킨,굽네치킨
ba_14769185,2025-08,0.68,5,1.0,0.0,0.8,0.2,0.0,0.0,0.2,0.0,1,치킨,굽네치킨
ba_14769185,2025-09,0.6,5,0.6,0.0,0.6,0.0,0.0,0.0,0.0,0.0,0,치킨,굽네치킨
ba_14770149,2025-09,1.0,5,1.0,0.0,0.8,0.2,0.4,0.0,0.0,0.0,1,백반·죽·국수,본그룹
ba_14770149,2025-08,0.8,4,1.0,0.0,0.75,0.0,0.0,0.0,0.0,0.0,1,백반·죽·국수,본그룹
ba_14772060,2025-08,0.9,2,1.0,0.0,1.0,0.0,0.5,0.0,0.0,0.0,1,치킨,굽네치킨
ba_14772060,2025-09,0.5,2,0.5,0.0,0.5,0.0,0.5,0.0,0.0,0.0,1,치킨,굽네치킨
ba_14772844,2025-07,1.0,2,1.0,0.0,1.0,0.0,0.0,0.0,0.5,0.5,1,치킨,굽네치킨
ba_14772844,2025-08,0.6,5,0.8,0.0,0.6,0.2,0.2,0.0,0.4,0.2,0,치킨,굽네치킨
ba_14773134,2025-08,0.8,1,1.0,0.0,1.0,0.0,0.0,0.0,0.0,0.0,1,백반·죽·국수,본그룹
ba_14773135,2025-07,0.4,1,1.0,0.0,0.0,0.0,0.0,0.0,0.0,0.0,1,백반·죽·국수,본그룹
ba_14773135,2025-08,0.7230769230769231,13,0.8461538461538461,0.07692307692307693,0.7692307692307693,0.38461538461538464,0.0,0.0,0.38461538461538464,0.0,1,백반·죽·국수,본그룹
ba_14773135,2025-09,0.5166666666666666,12,0.75,0.08333333333333333,0.6666666666666666,0.0,0.16666666666666666,0.08333333333333333,0.08333333333333333,0.08333333333333333,1,백반·죽·국수,본그룹
ba_14773140,2025-08,0.7259259259259259,27,0.8148148148148148,0.0,0.7777777777777778,0.1111111111111111,0.2222222222222222,0.0,0.18518518518518517,0.14814814814814814,1,치킨,굽네치킨
ba_14773140,2025-09,0.7756097560975609,41,0.9024390243902439,0.0975609756097561,0.8292682926829268,0.17073170731707318,0.07317073170731707,0.04878048780487805,0.04878048780487805,0.04878048780487805,0,치킨,굽네치킨
ba_14773773,2025-08,0.7567567567567564,111,0.9099099099099099,0.018018018018018018,0.8378378378378378,0.10810810810810811,0.05405405405405406,0.0,0.02702702702702703,0.11711711711711711,1,치킨,굽네치킨
ba_14773773,2025-09,0.7026315789473683,152,0.8881578947368421,0.006578947368421052,0.7828947368421053,0.13157894736842105,0.046052631578947366,0.0,0.02631578947368421,0.039473684210526314,1,치킨,굽네치킨
ba_14775022,2025-07,1.0,3,1.0,0.0,0.6666666666666666,0.0,0.0,0.0,0.0,0.0,1,백반·죽·국수,본그룹
ba_14775022,2025-08,0.911111111111111,9,1.0,0.0,0.8888888888888888,0.1111111111111111,0.2222222222222222,0.0,0.4444444444444444,0.1111111111111111,1,백반·죽·국수,본그룹
ba_14775022,2025-09,0.6666666666666666,3,0.6666666666666666,0.0,0.6666666666666666,0.0,0.0,0.0,0.3333333333333333,0.0,1,백반·죽·국수,본그룹
ba_14775582,2025-08,0.2,1,1.0,0.0,0.0,0.0,0.0,0.0,1.0,0.0,0,백반·죽·국수,본그룹
ba_14775705,2025-08,0.9428571428571428,7,1.0,0.0,1.0,0.0,0.2857142857142857,0.0,0.2857142857142857,0.2857142857142857,1,백반·죽·국수,본그룹
ba_14775705,2025-09,0.12,5,0.4,0.2,0.6,0.0,0.0,0.0,0.0,0.0,1,백반·죽·국수,본그룹
ba_14775877,2025-07,0.6,2,1.0,0.0,0.5,0.5,0.0,0.0,0.0,1.0,1,치킨,굽네치킨
ba_14775877,2025-08,0.525,8,0.875,0.125,1.0,0.25,0.125,0.0,0.0,0.0,1,치킨,굽네치킨
ba_14775877,2025-09,0.8222222222222222,9,1.0,0.0,1.0,0.3333333333333333,0.0,0.0,0.0,0.0,1,치킨,굽네치킨
ba_14776515,2025-09,0.0,2,0.5,0.5,0.5,0.0,1.0,0.0,0.0,0.0,0,치킨,굽네치킨
ba_14776515,2025-08,0.7599999999999999,15,0.8666666666666667,0.06666666666666667,0.6,0.0,0.13333333333333333,0.0,0.06666666666666667,0.0,1,치킨,굽네치킨
ba_14778106,2025-07,0.7999999999999999,3,1.0,0.0,0.6666666666666666,0.0,0.0,0.0,0.0,0.0,0,치킨,굽네치킨
ba_14778684,2025-08,0.8,2,1.0,0.0,1.0,0.0,0.0,0.0,0.0,0.0,1,백반·죽·국수,본그룹
ba_14778684,2025-09,1.0,1,1.0,0.0,1.0,0.0,0.0,0.0,0.0,0.0,1,백반·죽·국수,본그룹
ba_14780115,2025-07,0.4333333333333334,6,0.8333333333333334,0.16666666666666666,0.8333333333333334,0.16666666666666666,0.3333333333333333,0.0,0.0,0.0,1,치킨,굽네치킨
ba_14780115,2025-08,0.6041666666666667,48,0.8333333333333334,0.041666666666666664,0.7708333333333334,0.08333333333333333,0.0625,0.020833333333333332,0.08333333333333333,0.0625,1,치킨,굽네치킨
ba_14780115,2025-09,0.75,96,0.9166666666666666,0.010416666666666666,0.7916666666666666,0.125,0.07291666666666667,0.020833333333333332,0.0625,0.0625,1,치킨,굽네치킨
ba_14780432,2025-08,1.0,3,1.0,0.0,1.0,0.0,0.3333333333333333,0.0,0.6666666666666666,0.3333333333333333,0,백반·죽·국수,본그룹
ba_14782074,2025-09,0.7689655172413793,58,0.896551724137931,0.034482758620689655,0.9137931034482759,0.05172413793103448,0.05172413793103448,0.017241379310344827,0.1724137931034483,0.08620689655172414,1,치킨,굽네치킨
ba_14782170,2025-07,0.4,1,1.0,0.0,0.0,0.0,0.0,0.0,0.0,0.0,1,치킨,굽네치킨
ba_14782170,2025-08,0.39999999999999997,6,0.6666666666666666,0.0,0.16666666666666666,0.0,0.0,0.0,0.0,0.0,1,치킨,굽네치킨
ba_14782170,2025-09,0.8,8,1.0,0.0,0.75,0.5,0.5,0.0,0.25,0.25,0,치킨,굽네치킨
ba_14782523,2025-08,0.9,4,1.0,0.0,1.0,0.25,0.25,0.0,0.0,0.0,1,치킨,굽네치킨
ba_14782523,2025-09,0.8583333333333334,24,0.9583333333333334,0.0,0.9166666666666666,0.08333333333333333,0.125,0.0,0.08333333333333333,0.125,1,치킨,굽네치킨
ba_14782607,2025-08,0.7542857142857143,70,0.9714285714285714,0.0,0.7857142857142857,0.18571428571428572,0.08571428571428572,0.0,0.18571428571428572,0.1,1,치킨,굽네치킨
ba_14782607,2025-09,0.701818181818182,110,0.8727272727272727,0.0,0.8181818181818182,0.10909090909090909,0.07272727272727272,0.0,0.01818181818181818,0.03636363636363636,0,치킨,굽네치킨
ba_14783137,2025-08,0.9,2,1.0,0.0,1.0,0.0,0.0,0.0,0.0,0.0,1,치킨,굽네치킨
ba_14783137,2025-09,0.75,8,1.0,0.0,1.0,0.0,0.0,0.0,0.25,0.0,1,치킨,굽네치킨
ba_14783436,2025-08,0.0,1,0.0,0.0,0.0,0.0,0.0,0.0,0.0,0.0,1,백반·죽·국수,본그룹
ba_14783436,2025-09,0.9,6,1.0,0.0,1.0,0.6666666666666666,0.3333333333333333,0.0,0.0,0.0,0,백반·죽·국수,본그룹
ba_14783596,2025-08,0.62,20,0.7,0.05,0.85,0.15,0.0,0.05,0.05,0.15,1,치킨,굽네치킨
ba_14783596,2025-09,0.5571428571428572,14,0.7857142857142857,0.07142857142857142,0.7857142857142857,0.0,0.14285714285714285,0.0,0.0,0.07142857142857142,1,치킨,굽네치킨
ba_14785504,2025-08,0.7290322580645161,31,0.8709677419354839,0.0,0.6774193548387096,0.41935483870967744,0.12903225806451613,0.0,0.16129032258064516,0.12903225806451613,1,백반·죽·국수,본그룹
ba_14785504,2025-09,0.7304347826086957,23,0.8260869565217391,0.08695652173913043,0.6956521739130435,0.34782608695652173,0.13043478260869565,0.0,0.43478260869565216,0.08695652173913043,0,백반·죽·국수,본그룹
ba_14786815,2025-09,1.0,1,1.0,0.0,1.0,1.0,0.0,0.0,1.0,1.0,1,백반·죽·국수,본그룹
ba_14787229,2025-08,1.0,1,1.0,0.0,1.0,0.0,1.0,0.0,1.0,0.0,1,백반·죽·국수,본그룹
ba_14787229,2025-09,0.64,5,0.8,0.0,0.6,0.2,0.2,0.0,0.2,0.2,1,백반·죽·국수,본그룹
ba_14787776,2025-09,0.34285714285714286,7,0.42857142857142855,0.2857142857142857,0.7142857142857143,0.7142857142857143,0.2857142857142857,0.0,0.0,0.2857142857142857,1,치킨,굽네치킨
ba_14788494,2025-09,0.28571428571428564,7,0.5714285714285714,0.42857142857142855,0.42857142857142855,0.7142857142857143,0.2857142857142857,0.0,0.0,0.2857142857142857,1,치킨,굽네치킨
ba_14788679,2025-09,0.9,4,1.0,0.0,0.75,0.0,0.25,0.0,0.25,0.0,1,백반·죽·국수,본그룹
ba_14789833,2025-09,0.375,16,0.5,0.125,0.625,0.0,0.125,0.0,0.0,0.125,1,치킨,굽네치킨
ba_14789844,2025-09,0.763157894736842,38,0.9210526315789473,0.05263157894736842,0.7894736842105263,0.05263157894736842,0.13157894736842105,0.0,0.10526315789473684,0.13157894736842105,1,치킨,굽네치킨
ba_14791302,2025-09,0.6862745098039215,51,0.9019607843137255,0.0196078431372549,0.6862745098039216,0.0784313725490196,0.0196078431372549,0.0,0.0784313725490196,0.11764705882352941,1,치킨,굽네치킨
ba_14793023,2025-09,0.7000000000000001,8,0.875,0.125,0.625,0.0,0.125,0.0,0.125,0.25,1,백반·죽·국수,본그룹
ba_14794083,2025-09,0.65,4,0.75,0.0,0.5,0.0,0.0,0.0,0.0,0.0,1,백반·죽·국수,본그룹
ba_14794547,2025-09,0.42857142857142855,7,0.5714285714285714,0.14285714285714285,0.42857142857142855,0.0,0.42857142857142855,0.0,0.14285714285714285,0.0,1,치킨,굽네치킨
ba_14795104,2025-09,0.7142857142857144,63,0.873015873015873,0.031746031746031744,0.8412698412698413,0.12698412698412698,0.19047619047619047,0.015873015873015872,0.06349206349206349,0.07936507936507936,1,치킨,굽네치킨
ba_14795563,2025-09,1.0,2,1.0,0.0,1.0,0.5,0.0,0.0,0.0,0.5,1,백반·죽·국수,본그룹
ba_14796833,2025-09,1.0,1,1.0,0.0,1.0,0.0,0.0,0.0,0.0,0.0,1,치킨,굽네치킨
ba_14796835,2025-09,1.0,1,1.0,0.0,0.0,0.0,1.0,0.0,0.0,0.0,1,치킨,굽네치킨
ba_14797390,2025-09,0.7,2,1.0,0.0,0.5,0.0,0.0,0.0,0.0,0.5,1,치킨,굽네치킨
ba_14798760,2025-09,1.0,3,1.0,0.0,1.0,0.3333333333333333,0.3333333333333333,0.0,0.0,0.3333333333333333,1,치킨,굽네치킨
ba_14798893,2025-09,1.0,1,1.0,0.0,1.0,1.0,1.0,0.0,0.0,0.0,1,백반·죽·국수,본그룹
ba_14798894,2025-09,0.8,4,1.0,0.0,0.75,0.25,0.25,0.0,0.75,0.0,1,백반·죽·국수,본그룹
ba_14799070,2025-09,0.1,2,0.5,0.5,0.5,1.0,0.0,0.0,0.0,0.0,1,치킨,굽네치킨
ba_14799629,2025-09,1.0,1,1.0,0.0,1.0,0.0,0.0,0.0,0.0,1.0,1,치킨,굽네치킨
ba_14800284,2025-09,0.75,4,0.75,0.0,0.75,0.0,0.25,0.0,0.0,0.25,1,치킨,굽네치킨
ba_14801006,2025-09,0.5599999999999999,5,0.8,0.0,0.4,0.2,0.0,0.0,0.0,0.2,1,치킨,굽네치킨
ba_14801139,2025-09,1.0,1,1.0,0.0,1.0,0.0,1.0,0.0,0.0,1.0,1,치킨,굽네치킨
ba_10015935,2025-01,0.8,16,0.9375,0.0,0.875,0.1875,0.1875,0.0,0.0625,0.0625,1,치킨,굽네치킨
ba_10015935,2025-02,0.7285714285714285,14,0.7857142857142857,0.0,0.7857142857142857,0.0,0.0,0.0,0.07142857142857142,0.14285714285714285,0,치킨,굽네치킨
ba_10015935,2025-03,0.6461538461538462,13,0.9230769230769231,0.0,0.9230769230769231,0.15384615384615385,0.23076923076923078,0.0,0.07692307692307693,0.0,1,치킨,굽네치킨
ba_10015935,2025-04,0.78,10,0.9,0.0,0.8,0.1,0.1,0.0,0.0,0.2,0,치킨,굽네치킨
ba_10016162,2025-01,0.7833333333333333,12,0.9166666666666666,0.0,0.8333333333333334,0.08333333333333333,0.08333333333333333,0.0,0.0,0.08333333333333333,1,치킨,굽네치킨
ba_10016162,2025-02,0.7066666666666666,15,0.8666666666666667,0.0,0.8,0.06666666666666667,0.2,0.0,0.0,0.0,1,치킨,굽네치킨
ba_10016162,2025-03,0.6588235294117647,17,0.8235294117647058,0.0,0.7647058823529411,0.0,0.11764705882352941,0.0,0.058823529411764705,0.058823529411764705,1,치킨,굽네치킨
ba_10016162,2025-04,0.6571428571428573,7,0.8571428571428571,0.0,0.8571428571428571,0.0,0.0,0.0,0.14285714285714285,0.0,1,치킨,굽네치킨
ba_10019194,2025-02,0.7000000000000001,12,0.9166666666666666,0.08333333333333333,0.9166666666666666,0.08333333333333333,0.16666666666666666,0.0,0.08333333333333333,0.0,0,치킨,굽네치킨
ba_10019194,2025-03,0.9,6,1.0,0.0,1.0,0.16666666666666666,0.0,0.0,0.0,0.0,1,치킨,굽네치킨
ba_10019194,2025-04,0.6000000000000001,6,1.0,0.0,1.0,0.0,0.16666666666666666,0.0,0.3333333333333333,0.0,1,치킨,굽네치킨
ba_10019194,2025-01,0.725,16,1.0,0.0,0.8125,0.1875,0.0,0.0,0.0625,0.0625,0,치킨,굽네치킨
ba_10019807,2025-01,0.6363636363636364,11,0.8181818181818182,0.0,0.7272727272727273,0.18181818181818182,0.18181818181818182,0.0,0.0,0.0,0,치킨,굽네치킨
ba_10019807,2025-02,0.575,8,0.75,0.125,0.75,0.125,0.0,0.0,0.25,0.0,0,치킨,굽네치킨
ba_10019807,2025-03,0.6,5,0.6,0.0,0.6,0.2,0.0,0.0,0.2,0.0,0,치킨,굽네치킨
ba_10019807,2025-04,0.36,5,0.4,0.2,0.6,0.0,0.0,0.0,0.0,0.0,0,치킨,굽네치킨
ba_10020109,2025-01,0.5076923076923078,13,0.7692307692307693,0.0,0.6153846153846154,0.0,0.0,0.0,0.07692307692307693,0.07692307692307693,1,치킨,굽네치킨
ba_10020109,2025-02,0.6181818181818182,11,0.7272727272727273,0.09090909090909091,0.7272727272727273,0.18181818181818182,0.18181818181818182,0.0,0.09090909090909091,0.18181818181818182,1,치킨,굽네치킨
ba_10020109,2025-03,0.65,16,0.8125,0.0625,0.8125,0.1875,0.1875,0.0,0.125,0.0,1,치킨,굽네치킨
ba_10020109,2025-04,0.65,8,1.0,0.0,0.625,0.0,0.25,0.0,0.0,0.0,1,치킨,굽네치킨
ba_10022124,2025-01,0.5444444444444444,18,0.7777777777777778,0.05555555555555555,0.6666666666666666,0.0,0.16666666666666666,0.0,0.1111111111111111,0.1111111111111111,0,치킨,굽네치킨
ba_10022124,2025-02,0.5066666666666666,15,0.6666666666666666,0.13333333333333333,0.6666666666666666,0.13333333333333333,0.4,0.0,0.0,0.06666666666666667,0,치킨,굽네치킨
ba_10022124,2025-03,0.76,5,1.0,0.0,0.8,0.4,0.2,0.0,0.0,0.0,0,치킨,굽네치킨
ba_10022124,2025-04,0.85,8,1.0,0.0,1.0,0.0,0.25,0.0,0.0,0.125,0,치킨,굽네치킨
ba_10040420,2025-01,0.675,8,1.0,0.0,0.625,0.0,0.0,0.0,0.375,0.0,0,치킨,굽네치킨
ba_10040420,2025-02,0.6666666666666666,3,0.6666666666666666,0.0,0.6666666666666666,0.0,0.0,0.0,0.0,0.0,0,치킨,굽네치킨
ba_10040420,2025-03,0.7,4,0.75,0.0,0.5,0.0,0.0,0.0,0.0,0.25,0,치킨,굽네치킨
ba_10040420,2025-04,0.82,10,1.0,0.0,0.9,0.3,0.1,0.0,0.1,0.2,0,치킨,굽네치킨
ba_10040621,2025-01,0.8666666666666667,6,1.0,0.0,1.0,0.0,0.0,0.0,0.0,0.0,0,치킨,굽네치킨
ba_10040621,2025-02,1.0,4,1.0,0.0,1.0,0.0,0.25,0.0,0.0,0.0,0,치킨,굽네치킨
ba_10040621,2025-03,1.0,5,1.0,0.0,1.0,0.2,0.0,0.0,0.2,0.4,1,치킨,굽네치킨
ba_10040621,2025-04,0.65,4,1.0,0.0,1.0,0.0,0.25,0.0,0.0,0.0,1,치킨,굽네치킨
ba_10040679,2025-01,0.6615384615384616,13,0.9230769230769231,0.0,0.6923076923076923,0.15384615384615385,0.15384615384615385,0.0,0.07692307692307693,0.0,0,치킨,굽네치킨
ba_10040679,2025-02,0.6923076923076923,13,1.0,0.0,0.8461538461538461,0.0,0.0,0.0,0.0,0.0,0,치킨,굽네치킨
ba_10040679,2025-03,0.8153846153846154,13,0.9230769230769231,0.0,0.9230769230769231,0.0,0.0,0.0,0.07692307692307693,0.23076923076923078,1,치킨,굽네치킨
ba_10040679,2025-04,0.5,6,0.8333333333333334,0.16666666666666666,0.5,0.0,0.0,0.0,0.16666666666666666,0.0,1,치킨,굽네치킨
ba_10040685,2025-02,0.44000000000000006,10,0.6,0.1,0.7,0.0,0.1,0.0,0.0,0.1,0,치킨,굽네치킨
ba_10040685,2025-03,1.0,3,1.0,0.0,1.0,0.3333333333333333,0.3333333333333333,0.0,0.0,0.3333333333333333,0,치킨,굽네치킨
ba_10040685,2025-01,0.5111111111111111,18,0.7777777777777778,0.1111111111111111,0.7222222222222222,0.16666666666666666,0.05555555555555555,0.0,0.05555555555555555,0.05555555555555555,0,치킨,굽네치킨
ba_10040685,2025-04,0.4166666666666667,12,0.6666666666666666,0.08333333333333333,0.5833333333333334,0.08333333333333333,0.08333333333333333,0.0,0.08333333333333333,0.0,1,치킨,굽네치킨
ba_10041246,2025-01,0.8,4,1.0,0.0,0.75,0.5,0.25,0.0,0.0,0.0,1,치킨,굽네치킨
ba_10041246,2025-02,0.55,8,0.75,0.125,0.625,0.125,0.25,0.0,0.0,0.0,0,치킨,굽네치킨
ba_10041246,2025-03,0.575,8,0.625,0.0,0.625,0.0,0.25,0.0,0.125,0.125,0,치킨,굽네치킨
ba_10041246,2025-04,0.6222222222222222,9,0.7777777777777778,0.0,0.5555555555555556,0.1111111111111111,0.3333333333333333,0.0,0.2222222222222222,0.0,0,치킨,굽네치킨
ba_10204887,2025-02,0.8416666666666667,24,0.9583333333333334,0.041666666666666664,0.875,0.041666666666666664,0.16666666666666666,0.0,0.041666666666666664,0.16666666666666666,0,치킨,굽네치킨
ba_10204887,2025-03,-0.06666666666666667,3,0.3333333333333333,0.6666666666666666,0.3333333333333333,0.3333333333333333,0.3333333333333333,0.0,0.0,0.3333333333333333,0,치킨,굽네치킨
ba_10204887,2025-01,0.8428571428571427,14,1.0,0.0,0.7857142857142857,0.14285714285714285,0.14285714285714285,0.0,0.0,0.07142857142857142,0,치킨,굽네치킨
ba_10204887,2025-04,1.0,4,1.0,0.0,1.0,0.0,0.25,0.0,0.25,0.25,0,치킨,굽네치킨
ba_10401021,2025-01,0.3333333333333333,3,0.3333333333333333,0.0,0.6666666666666666,0.0,0.3333333333333333,0.0,0.3333333333333333,0.0,1,치킨,굽네치킨
ba_10401021,2025-02,0.23199999999999998,25,0.48,0.24,0.56,0.12,0.28,0.0,0.04,0.0,1,치킨,굽네치킨
ba_10401021,2025-03,0.7703703703703704,27,0.8518518518518519,0.0,0.8148148148148148,0.14814814814814814,0.0,0.0,0.037037037037037035,0.0,0,치킨,굽네치킨
ba_10401021,2025-04,0.65,12,0.8333333333333334,0.08333333333333333,0.75,0.08333333333333333,0.16666666666666666,0.0,0.16666666666666666,0.08333333333333333,0,치킨,굽네치킨
ba_10418082,2025-02,0.6333333333333334,6,0.8333333333333334,0.0,0.6666666666666666,0.0,0.16666666666666666,0.0,0.0,0.0,0,치킨,굽네치킨
ba_10432360,2025-01,0.65,4,0.75,0.0,0.75,0.0,0.0,0.0,0.0,0.0,0,치킨,굽네치킨
ba_10432360,2025-02,0.39999999999999997,3,0.6666666666666666,0.0,0.6666666666666666,0.0,0.0,0.0,0.0,0.0,0,치킨,굽네치킨
ba_10432360,2025-03,0.46666666666666673,3,0.6666666666666666,0.3333333333333333,0.6666666666666666,0.0,0.3333333333333333,0.0,0.0,0.0,1,치킨,굽네치킨
ba_10432360,2025-04,0.5333333333333333,3,1.0,0.0,0.6666666666666666,0.0,0.0,0.0,0.0,0.0,1,치킨,굽네치킨
ba_10469515,2025-01,0.7531914893617022,47,0.8936170212765957,0.0,0.7659574468085106,0.02127659574468085,0.02127659574468085,0.0,0.0,0.0425531914893617,0,치킨,굽네치킨
ba_10469515,2025-02,0.7890243902439023,164,0.9512195121951219,0.006097560975609756,0.8597560975609756,0.054878048780487805,0.07926829268292683,0.0,0.07926829268292683,0.07926829268292683,0,치킨,굽네치킨
ba_10469515,2025-03,0.7469387755102042,98,0.9183673469387755,0.030612244897959183,0.8571428571428571,0.05102040816326531,0.061224489795918366,0.0,0.04081632653061224,0.05102040816326531,0,치킨,굽네치킨
ba_10469515,2025-04,0.5857142857142857,14,0.7142857142857143,0.14285714285714285,0.6428571428571429,0.07142857142857142,0.07142857142857142,0.0,0.0,0.0,0,치킨,굽네치킨
ba_10497667,2025-01,0.6000000000000001,9,0.6666666666666666,0.1111111111111111,0.7777777777777778,0.2222222222222222,0.3333333333333333,0.0,0.0,0.1111111111111111,0,치킨,굽네치킨
ba_10497667,2025-02,0.75,20,0.9,0.0,0.85,0.0,0.2,0.0,0.2,0.1,0,치킨,굽네치킨
ba_10497667,2025-03,0.55,8,0.875,0.0,1.0,0.0,0.125,0.0,0.0,0.375,0,치킨,굽네치킨
ba_10497667,2025-04,0.6599999999999999,10,0.8,0.0,0.6,0.1,0.2,0.0,0.2,0.0,0,치킨,굽네치킨
ba_10501929,2025-01,0.5272727272727272,11,0.7272727272727273,0.09090909090909091,0.7272727272727273,0.0,0.2727272727272727,0.0,0.09090909090909091,0.09090909090909091,0,치킨,굽네치킨
ba_10501929,2025-02,0.8400000000000001,10,0.9,0.0,0.9,0.1,0.1,0.0,0.1,0.0,0,치킨,굽네치킨
ba_10501929,2025-03,0.6,8,0.75,0.0,0.875,0.0,0.0,0.0,0.0,0.0,0,치킨,굽네치킨
ba_10501929,2025-04,0.5666666666666667,6,0.6666666666666666,0.16666666666666666,0.8333333333333334,0.16666666666666666,0.0,0.0,0.16666666666666666,0.16666666666666666,0,치킨,굽네치킨
ba_10509105,2025-01,0.6357142857142859,28,0.8214285714285714,0.0,0.75,0.07142857142857142,0.14285714285714285,0.0,0.21428571428571427,0.03571428571428571,0,치킨,굽네치킨
ba_10509105,2025-02,0.8695652173913043,23,0.9565217391304348,0.0,0.9565217391304348,0.0,0.2608695652173913,0.0,0.17391304347826086,0.043478260869565216,0,치킨,굽네치킨
ba_10509105,2025-03,0.8444444444444444,18,0.9444444444444444,0.0,0.8888888888888888,0.0,0.16666666666666666,0.0,0.1111111111111111,0.0,0,치킨,굽네치킨
ba_10509105,2025-04,0.7333333333333333,12,0.8333333333333334,0.0,0.8333333333333334,0.08333333333333333,0.0,0.0,0.0,0.0,0,치킨,굽네치킨
ba_10571616,2025-03,0.6687500000000001,32,0.875,0.03125,0.84375,0.0625,0.1875,0.0,0.0625,0.1875,1,치킨,굽네치킨
ba_10571616,2025-02,0.7846153846153846,13,0.8461538461538461,0.0,0.8461538461538461,0.0,0.15384615384615385,0.0,0.15384615384615385,0.0,1,치킨,굽네치킨
ba_10571616,2025-04,0.6232558139534883,43,0.813953488372093,0.023255813953488372,0.6976744186046512,0.13953488372093023,0.18604651162790697,0.0,0.023255813953488372,0.13953488372093023,1,치킨,굽네치킨
ba_10580903,2025-01,0.8137931034482758,29,0.9655172413793104,0.0,0.8620689655172413,0.06896551724137931,0.1724137931034483,0.034482758620689655,0.034482758620689655,0.034482758620689655,1,치킨,굽네치킨
ba_10580903,2025-02,0.7363636363636363,22,0.9090909090909091,0.045454545454545456,0.9090909090909091,0.13636363636363635,0.18181818181818182,0.0,0.0,0.0,1,치킨,굽네치킨
ba_10580903,2025-03,0.6895522388059703,67,0.8507462686567164,0.029850746268656716,0.8208955223880597,0.05970149253731343,0.11940298507462686,0.0,0.029850746268656716,0.029850746268656716,0,치킨,굽네치킨
ba_10580903,2025-04,0.6892857142857142,56,0.8214285714285714,0.03571428571428571,0.7142857142857143,0.16071428571428573,0.125,0.0,0.07142857142857142,0.08928571428571429,0,치킨,굽네치킨
ba_10583009,2025-02,0.7066666666666668,30,0.8666666666666667,0.03333333333333333,0.8,0.06666666666666667,0.2,0.0,0.0,0.06666666666666667,0,치킨,굽네치킨
ba_10583009,2025-03,0.8,15,0.8666666666666667,0.0,0.8,0.2,0.0,0.0,0.0,0.06666666666666667,0,치킨,굽네치킨
ba_10583009,2025-04,0.5599999999999999,10,0.6,0.0,0.6,0.1,0.1,0.0,0.0,0.3,1,치킨,굽네치킨
ba_10583009,2025-01,0.6666666666666666,18,0.8888888888888888,0.05555555555555555,0.7222222222222222,0.1111111111111111,0.2222222222222222,0.05555555555555555,0.1111111111111111,0.16666666666666666,0,치킨,굽네치킨
ba_10597203,2025-02,0.7444444444444445,18,0.8888888888888888,0.0,0.8333333333333334,0.05555555555555555,0.0,0.0,0.0,0.05555555555555555,0,치킨,굽네치킨
ba_10597203,2025-03,0.7666666666666667,36,0.9444444444444444,0.0,0.8333333333333334,0.027777777777777776,0.08333333333333333,0.0,0.1388888888888889,0.027777777777777776,1,치킨,굽네치킨
ba_10597203,2025-04,0.6666666666666666,24,0.875,0.08333333333333333,0.7083333333333334,0.08333333333333333,0.0,0.0,0.125,0.041666666666666664,1,치킨,굽네치킨
ba_10604883,2025-01,0.7935483870967743,31,0.9032258064516129,0.0,0.8064516129032258,0.06451612903225806,0.1935483870967742,0.0,0.06451612903225806,0.0967741935483871,1,치킨,굽네치킨
ba_10604883,2025-02,0.6999999999999998,24,0.875,0.041666666666666664,0.75,0.041666666666666664,0.0,0.0,0.08333333333333333,0.0,1,치킨,굽네치킨
ba_10604883,2025-03,0.85,8,1.0,0.0,1.0,0.0,0.0,0.0,0.0,0.125,1,치킨,굽네치킨
ba_10604883,2025-04,0.8411764705882353,34,0.9411764705882353,0.0,0.9117647058823529,0.0,0.14705882352941177,0.0,0.029411764705882353,0.058823529411764705,1,치킨,굽네치킨
ba_10605803,2025-02,0.6631578947368421,19,0.7894736842105263,0.10526315789473684,0.7894736842105263,0.10526315789473684,0.05263157894736842,0.0,0.10526315789473684,0.0,0,치킨,굽네치킨
ba_10605803,2025-01,0.8166666666666665,12,0.9166666666666666,0.0,0.9166666666666666,0.0,0.08333333333333333,0.0,0.08333333333333333,0.0,0,치킨,굽네치킨
ba_10605803,2025-03,0.4222222222222222,9,0.6666666666666666,0.0,0.5555555555555556,0.1111111111111111,0.1111111111111111,0.0,0.0,0.0,1,치킨,굽네치킨
ba_10605803,2025-04,0.7111111111111111,9,0.8888888888888888,0.0,0.8888888888888888,0.0,0.1111111111111111,0.0,0.1111111111111111,0.0,1,치킨,굽네치킨
ba_10627648,2025-01,0.9,6,1.0,0.0,0.8333333333333334,0.0,0.0,0.0,0.16666666666666666,0.0,0,치킨,굽네치킨
ba_10627648,2025-02,0.7,4,1.0,0.0,0.75,0.0,0.0,0.0,0.0,0.0,0,치킨,굽네치킨
ba_10627648,2025-03,0.55,4,1.0,0.0,0.75,0.0,0.0,0.0,0.0,0.25,1,치킨,굽네치킨
ba_10627648,2025-04,0.7333333333333334,3,1.0,0.0,1.0,0.0,0.0,0.0,0.0,0.0,1,치킨,굽네치킨
ba_10636817,2025-01,0.6470588235294118,17,0.8823529411764706,0.0,0.7647058823529411,0.058823529411764705,0.0,0.0,0.0,0.11764705882352941,0,치킨,굽네치킨
ba_10636817,2025-02,0.9666666666666667,12,1.0,0.0,1.0,0.16666666666666666,0.08333333333333333,0.0,0.0,0.08333333333333333,0,치킨,굽네치킨
ba_10636817,2025-03,0.4,4,0.75,0.25,0.75,0.5,0.5,0.0,0.0,0.25,0,치킨,굽네치킨
ba_10636817,2025-04,0.2,1,1.0,0.0,1.0,0.0,0.0,0.0,0.0,0.0,0,치킨,굽네치킨
ba_10638951,2025-02,0.5800000000000001,10,0.9,0.0,0.7,0.0,0.1,0.0,0.0,0.0,0,치킨,굽네치킨
ba_10638951,2025-01,0.86,10,1.0,0.0,0.9,0.0,0.3,0.0,0.0,0.0,0,치킨,굽네치킨
ba_10638951,2025-03,0.7,8,0.75,0.0,0.75,0.0,0.0,0.0,0.0,0.0,0,치킨,굽네치킨
ba_10638951,2025-04,0.7142857142857143,7,0.8571428571428571,0.0,0.8571428571428571,0.0,0.0,0.0,0.14285714285714285,0.14285714285714285,0,치킨,굽네치킨
ba_10657170,2025-03,0.7619047619047619,21,1.0,0.0,0.7619047619047619,0.047619047619047616,0.047619047619047616,0.0,0.047619047619047616,0.047619047619047616,0,치킨,굽네치킨
ba_10657170,2025-01,0.5142857142857143,14,0.7857142857142857,0.07142857142857142,0.6428571428571429,0.07142857142857142,0.07142857142857142,0.0,0.14285714285714285,0.07142857142857142,0,치킨,굽네치킨
ba_10657170,2025-02,0.8857142857142858,7,1.0,0.0,0.8571428571428571,0.0,0.0,0.0,0.0,0.2857142857142857,0,치킨,굽네치킨
ba_10657170,2025-04,0.6000000000000001,2,1.0,0.0,0.5,0.0,0.0,0.0,0.5,0.0,0,치킨,굽네치킨
ba_10698232,2025-01,0.740625,64,0.875,0.0,0.75,0.046875,0.171875,0.0,0.09375,0.125,1,치킨,굽네치킨
ba_10698232,2025-02,0.7637931034482758,116,0.896551724137931,0.02586206896551724,0.8275862068965517,0.0603448275862069,0.07758620689655173,0.0,0.12931034482758622,0.05172413793103448,0,치킨,굽네치킨
ba_10698232,2025-03,0.7172413793103447,58,0.8448275862068966,0.0,0.7758620689655172,0.10344827586206896,0.1724137931034483,0.0,0.10344827586206896,0.08620689655172414,1,치킨,굽네치킨
ba_10698232,2025-04,0.7409090909090911,132,0.9242424242424242,0.007575757575757576,0.8333333333333334,0.09848484848484848,0.09090909090909091,0.007575757575757576,0.08333333333333333,0.06818181818181818,1,치킨,굽네치킨
ba_10698315,2025-01,0.4,2,1.0,0.0,0.0,0.0,0.5,0.0,0.5,0.0,0,치킨,굽네치킨
ba_10698315,2025-02,0.5,2,1.0,0.0,1.0,0.0,0.0,0.0,0.0,0.0,0,치킨,굽네치킨
ba_10698315,2025-04,1.0,1,1.0,0.0,1.0,0.0,0.0,0.0,0.0,0.0,1,치킨,굽네치킨
ba_10705443,2025-01,1.0,6,1.0,0.0,1.0,0.16666666666666666,0.16666666666666666,0.0,0.16666666666666666,0.0,1,치킨,굽네치킨
ba_10705443,2025-02,0.8833333333333333,12,1.0,0.0,0.9166666666666666,0.0,0.16666666666666666,0.0,0.25,0.08333333333333333,0,치킨,굽네치킨
ba_10705443,2025-03,0.6,2,1.0,0.0,0.5,0.0,0.0,0.0,0.5,0.0,0,치킨,굽네치킨
ba_10705443,2025-04,1.0,1,1.0,0.0,0.0,1.0,0.0,0.0,0.0,1.0,0,치킨,굽네치킨
ba_10706208,2025-01,0.6764705882352943,68,0.8088235294117647,0.029411764705882353,0.8088235294117647,0.07352941176470588,0.11764705882352941,0.0,0.07352941176470588,0.08823529411764706,0,치킨,굽네치킨
ba_10706208,2025-02,0.6612903225806451,62,0.8870967741935484,0.03225806451612903,0.7580645161290323,0.08064516129032258,0.11290322580645161,0.016129032258064516,0.0967741935483871,0.04838709677419355,0,치킨,굽네치킨
ba_10706208,2025-03,0.71,40,0.85,0.025,0.675,0.025,0.075,0.0,0.0,0.0,0,치킨,굽네치킨
ba_10706208,2025-04,0.7384615384615386,26,0.8461538461538461,0.038461538461538464,0.7692307692307693,0.07692307692307693,0.19230769230769232,0.0,0.11538461538461539,0.07692307692307693,0,치킨,굽네치킨
ba_10739524,2025-01,0.4000000000000001,9,0.5555555555555556,0.3333333333333333,0.8888888888888888,0.0,0.0,0.0,0.0,0.0,0,치킨,굽네치킨
ba_10739524,2025-02,0.4,2,1.0,0.0,1.0,0.0,0.0,0.0,0.0,0.0,0,치킨,굽네치킨
ba_10739524,2025-03,0.24000000000000005,5,0.4,0.2,0.4,0.0,0.0,0.0,0.0,0.0,0,치킨,굽네치킨
ba_10739524,2025-04,0.7333333333333334,3,1.0,0.0,1.0,0.3333333333333333,0.0,0.0,0.0,0.6666666666666666,1,치킨,굽네치킨
ba_10739556,2025-01,0.7142857142857143,7,0.8571428571428571,0.0,0.7142857142857143,0.0,0.14285714285714285,0.0,0.0,0.0,1,치킨,굽네치킨
ba_10739556,2025-02,0.62,10,0.7,0.0,0.7,0.1,0.1,0.0,0.1,0.1,1,치킨,굽네치킨
ba_10739556,2025-03,0.86,10,0.9,0.0,0.9,0.0,0.0,0.0,0.1,0.2,1,치킨,굽네치킨
ba_10739556,2025-04,0.74,10,0.9,0.0,0.8,0.0,0.1,0.0,0.0,0.2,0,치킨,굽네치킨
ba_10750970,2025-01,0.6492307692307694,65,0.8615384615384616,0.03076923076923077,0.7076923076923077,0.09230769230769231,0.13846153846153847,0.015384615384615385,0.046153846153846156,0.046153846153846156,0,치킨,굽네치킨
ba_10750970,2025-02,0.7114754098360658,61,0.9016393442622951,0.04918032786885246,0.8360655737704918,0.08196721311475409,0.14754098360655737,0.0,0.04918032786885246,0.06557377049180328,0,치킨,굽네치킨
ba_10750970,2025-03,0.5181818181818182,22,0.6818181818181818,0.13636363636363635,0.7272727272727273,0.045454545454545456,0.22727272727272727,0.09090909090909091,0.045454545454545456,0.045454545454545456,0,치킨,굽네치킨
ba_10750970,2025-04,0.7200000000000001,15,0.8,0.0,0.8,0.13333333333333333,0.26666666666666666,0.0,0.06666666666666667,0.0,0,치킨,굽네치킨
ba_10759478,2025-01,0.6,5,0.8,0.0,0.6,0.0,0.2,0.0,0.4,0.0,1,치킨,굽네치킨
ba_10759478,2025-02,0.7714285714285715,7,1.0,0.0,0.7142857142857143,0.0,0.0,0.0,0.0,0.2857142857142857,0,치킨,굽네치킨
ba_10759478,2025-03,0.6799999999999999,5,0.8,0.0,0.8,0.2,0.2,0.0,0.2,0.0,1,치킨,굽네치킨
ba_10759478,2025-04,1.0,3,1.0,0.0,0.6666666666666666,0.0,0.0,0.0,0.0,0.0,1,치킨,굽네치킨
ba_10768614,2025-01,0.7864406779661016,59,0.9661016949152542,0.0,0.847457627118644,0.03389830508474576,0.01694915254237288,0.0,0.0,0.06779661016949153,0,치킨,굽네치킨
ba_10768614,2025-02,0.76,40,0.9,0.05,0.9,0.025,0.025,0.0,0.025,0.05,0,치킨,굽네치킨
ba_10768614,2025-03,0.8,15,0.8666666666666667,0.06666666666666667,0.9333333333333333,0.0,0.13333333333333333,0.0,0.06666666666666667,0.0,0,치킨,굽네치킨
ba_10768614,2025-04,0.6749999999999999,24,1.0,0.0,0.7083333333333334,0.0,0.041666666666666664,0.0,0.16666666666666666,0.041666666666666664,0,치킨,굽네치킨
ba_10771255,2025-01,0.7961538461538462,52,0.9230769230769231,0.0,0.7884615384615384,0.07692307692307693,0.09615384615384616,0.0,0.15384615384615385,0.09615384615384616,0,치킨,굽네치킨
ba_10771255,2025-02,0.6933333333333332,45,0.8888888888888888,0.0,0.6888888888888889,0.06666666666666667,0.2222222222222222,0.0,0.06666666666666667,0.13333333333333333,0,치킨,굽네치킨
ba_10771255,2025-03,0.6866666666666666,30,0.8333333333333334,0.1,0.7333333333333333,0.13333333333333333,0.36666666666666664,0.0,0.06666666666666667,0.1,0,치킨,굽네치킨
ba_10771255,2025-04,0.7955555555555558,45,0.9555555555555556,0.0,0.8222222222222222,0.06666666666666667,0.06666666666666667,0.022222222222222223,0.08888888888888889,0.044444444444444446,1,치킨,굽네치킨
ba_10774000,2025-01,0.5909090909090909,22,0.9545454545454546,0.045454545454545456,0.7727272727272727,0.18181818181818182,0.13636363636363635,0.0,0.045454545454545456,0.09090909090909091,0,치킨,굽네치킨
ba_10774000,2025-02,0.7058823529411765,17,0.8823529411764706,0.058823529411764705,0.7647058823529411,0.058823529411764705,0.058823529411764705,0.0,0.058823529411764705,0.0,0,치킨,굽네치킨
ba_10774000,2025-03,0.6727272727272727,22,0.9090909090909091,0.0,0.6363636363636364,0.0,0.045454545454545456,0.0,0.045454545454545456,0.18181818181818182,0,치킨,굽네치킨
ba_10774000,2025-04,0.8375,32,0.96875,0.0,0.84375,0.0,0.03125,0.0,0.03125,0.03125,1,치킨,굽네치킨
ba_10774794,2025-01,0.6666666666666666,15,0.8666666666666667,0.06666666666666667,0.7333333333333333,0.06666666666666667,0.06666666666666667,0.0,0.2,0.0,0,치킨,굽네치킨
ba_10774794,2025-02,0.5875000000000001,16,0.8125,0.125,0.6875,0.1875,0.3125,0.0,0.125,0.125,0,치킨,굽네치킨
ba_10774794,2025-03,0.36000000000000004,15,0.7333333333333333,0.2,0.8,0.06666666666666667,0.2,0.0,0.0,0.06666666666666667,0,치킨,굽네치킨
ba_10774794,2025-04,0.5833333333333334,12,0.6666666666666666,0.16666666666666666,0.5833333333333334,0.0,0.08333333333333333,0.0,0.08333333333333333,0.0,0,치킨,굽네치킨
ba_10798649,2025-02,0.744578313253012,83,0.9036144578313253,0.012048192771084338,0.8192771084337349,0.04819277108433735,0.0963855421686747,0.0,0.060240963855421686,0.03614457831325301,0,치킨,굽네치킨
ba_10798649,2025-03,0.5710144927536233,69,0.7681159420289855,0.057971014492753624,0.7681159420289855,0.08695652173913043,0.07246376811594203,0.0,0.0,0.07246376811594203,0,치킨,굽네치킨
ba_10798649,2025-04,0.6276923076923075,65,0.8,0.03076923076923077,0.7076923076923077,0.09230769230769231,0.09230769230769231,0.0,0.07692307692307693,0.06153846153846154,0,치킨,굽네치킨
ba_10798649,2025-01,0.7318181818181817,44,0.9090909090909091,0.045454545454545456,0.8863636363636364,0.09090909090909091,0.11363636363636363,0.0,0.09090909090909091,0.045454545454545456,0,치킨,굽네치킨
ba_10800862,2025-02,0.7289473684210525,152,0.9013157894736842,0.03289473684210526,0.8355263157894737,0.08552631578947369,0.08552631578947369,0.0,0.03289473684210526,0.03289473684210526,0,치킨,굽네치킨
ba_10800862,2025-03,0.7821428571428573,56,0.9285714285714286,0.017857142857142856,0.875,0.08928571428571429,0.08928571428571429,0.0,0.03571428571428571,0.16071428571428573,0,치킨,굽네치킨
ba_10800862,2025-04,0.7669724770642202,109,0.981651376146789,0.0,0.8532110091743119,0.045871559633027525,0.045871559633027525,0.009174311926605505,0.06422018348623854,0.08256880733944955,0,치킨,굽네치킨
ba_10821092,2025-01,0.672340425531915,47,0.8936170212765957,0.0425531914893617,0.7659574468085106,0.0851063829787234,0.10638297872340426,0.0,0.02127659574468085,0.02127659574468085,0,치킨,굽네치킨
ba_10821092,2025-02,0.809090909090909,44,1.0,0.0,0.8636363636363636,0.06818181818181818,0.11363636363636363,0.022727272727272728,0.045454545454545456,0.09090909090909091,0,치킨,굽네치킨
ba_10821092,2025-03,0.74,50,0.88,0.02,0.82,0.06,0.1,0.0,0.06,0.04,0,치킨,굽네치킨
ba_10821092,2025-04,0.7304347826086955,46,0.8695652173913043,0.043478260869565216,0.8913043478260869,0.043478260869565216,0.06521739130434782,0.0,0.06521739130434782,0.08695652173913043,1,치킨,굽네치킨
ba_10841421,2025-01,0.6666666666666666,6,0.6666666666666666,0.0,0.6666666666666666,0.0,0.16666666666666666,0.0,0.16666666666666666,0.3333333333333333,0,치킨,굽네치킨
ba_10841421,2025-02,0.5,16,0.6875,0.125,0.8125,0.125,0.125,0.0625,0.125,0.0,0,치킨,굽네치킨
ba_10841421,2025-03,0.34285714285714286,7,0.42857142857142855,0.0,0.2857142857142857,0.0,0.2857142857142857,0.0,0.0,0.0,0,치킨,굽네치킨
ba_10841421,2025-04,0.5428571428571428,7,0.7142857142857143,0.14285714285714285,0.7142857142857143,0.14285714285714285,0.14285714285714285,0.0,0.14285714285714285,0.2857142857142857,0,치킨,굽네치킨
ba_10841883,2025-01,0.7166666666666667,48,0.875,0.0625,0.7916666666666666,0.125,0.20833333333333334,0.0,0.0625,0.0625,0,치킨,굽네치킨
ba_10841883,2025-02,0.6960000000000001,50,0.88,0.0,0.68,0.06,0.08,0.0,0.06,0.06,0,치킨,굽네치킨
ba_10841883,2025-03,0.728,25,0.92,0.0,0.84,0.04,0.16,0.0,0.12,0.08,0,치킨,굽네치킨
ba_10841883,2025-04,0.7238095238095239,21,0.8095238095238095,0.0,0.6666666666666666,0.0,0.14285714285714285,0.0,0.09523809523809523,0.0,0,치킨,굽네치킨
ba_10872945,2025-01,0.7809523809523808,42,0.8809523809523809,0.07142857142857142,0.8809523809523809,0.11904761904761904,0.11904761904761904,0.0,0.047619047619047616,0.11904761904761904,0,치킨,굽네치킨
ba_10872945,2025-02,0.6952380952380952,42,0.8809523809523809,0.0,0.8095238095238095,0.09523809523809523,0.09523809523809523,0.0,0.047619047619047616,0.07142857142857142,0,치킨,굽네치킨
ba_10872945,2025-03,0.72,15,0.8666666666666667,0.0,0.8666666666666667,0.0,0.0,0.0,0.0,0.13333333333333333,0,치킨,굽네치킨
ba_10872945,2025-04,0.6000000000000001,11,0.9090909090909091,0.0,0.6363636363636364,0.09090909090909091,0.18181818181818182,0.0,0.0,0.09090909090909091,0,치킨,굽네치킨
ba_12014214,2025-01,0.6421052631578947,19,0.8421052631578947,0.05263157894736842,0.7368421052631579,0.05263157894736842,0.2631578947368421,0.0,0.0,0.10526315789473684,0,치킨,굽네치킨
ba_12014214,2025-02,0.8000000000000002,12,0.9166666666666666,0.0,0.8333333333333334,0.08333333333333333,0.16666666666666666,0.0,0.08333333333333333,0.0,0,치킨,굽네치킨
ba_12014214,2025-03,0.2,1,1.0,0.0,0.0,0.0,0.0,0.0,1.0,0.0,1,치킨,굽네치킨
ba_12014214,2025-04,0.5,4,1.0,0.0,0.75,0.0,0.0,0.0,0.0,0.25,1,치킨,굽네치킨
ba_12020564,2025-01,0.7066666666666668,45,0.8888888888888888,0.0,0.7777777777777778,0.06666666666666667,0.022222222222222223,0.0,0.022222222222222223,0.044444444444444446,0,피자,굽네치킨
ba_12020564,2025-02,0.8903225806451612,31,1.0,0.0,0.8709677419354839,0.03225806451612903,0.12903225806451613,0.0,0.03225806451612903,0.0,0,피자,굽네치킨
ba_12020564,2025-03,0.9400000000000001,10,1.0,0.0,0.8,0.2,0.0,0.0,0.1,0.0,0,피자,굽네치킨
ba_12020564,2025-04,0.6526315789473685,19,0.7894736842105263,0.0,0.7368421052631579,0.0,0.15789473684210525,0.0,0.0,0.05263157894736842,0,피자,굽네치킨
ba_12029686,2025-01,0.8695652173913043,23,0.9565217391304348,0.0,0.9130434782608695,0.08695652173913043,0.13043478260869565,0.043478260869565216,0.08695652173913043,0.08695652173913043,0,치킨,굽네치킨
ba_12029686,2025-02,0.72,5,0.8,0.0,0.6,0.2,0.0,0.0,0.0,0.0,0,치킨,굽네치킨
ba_12029686,2025-03,0.5666666666666667,6,0.6666666666666666,0.3333333333333333,0.6666666666666666,0.0,0.3333333333333333,0.0,0.3333333333333333,0.0,0,치킨,굽네치킨
ba_12029686,2025-04,1.0,1,1.0,0.0,1.0,0.0,0.0,0.0,0.0,0.0,0,치킨,굽네치킨
ba_13052096,2025-02,0.6585365853658537,41,0.8292682926829268,0.04878048780487805,0.8048780487804879,0.07317073170731707,0.07317073170731707,0.0,0.04878048780487805,0.024390243902439025,0,치킨,굽네치킨
ba_13052096,2025-03,0.6536585365853659,41,0.8536585365853658,0.04878048780487805,0.7804878048780488,0.04878048780487805,0.07317073170731707,0.0,0.04878048780487805,0.04878048780487805,0,치킨,굽네치킨
ba_13052096,2025-01,0.7276595744680852,47,0.851063829787234,0.0,0.8297872340425532,0.0851063829787234,0.10638297872340426,0.0,0.0425531914893617,0.06382978723404255,0,치킨,굽네치킨
ba_13052096,2025-04,0.7257142857142858,35,0.8571428571428571,0.08571428571428572,0.8857142857142857,0.05714285714285714,0.14285714285714285,0.0,0.08571428571428572,0.05714285714285714,0,치킨,굽네치킨
ba_13062668,2025-01,0.95,4,1.0,0.0,0.75,0.0,0.25,0.0,0.25,0.0,0,치킨,굽네치킨
ba_13062668,2025-02,0.7555555555555555,9,0.8888888888888888,0.1111111111111111,0.8888888888888888,0.0,0.0,0.0,0.1111111111111111,0.0,0,치킨,굽네치킨
ba_13062668,2025-03,0.6666666666666666,6,0.6666666666666666,0.0,0.6666666666666666,0.0,0.0,0.0,0.0,0.16666666666666666,0,치킨,굽네치킨
ba_13062668,2025-04,1.0,3,1.0,0.0,1.0,0.3333333333333333,0.0,0.0,0.6666666666666666,0.0,0,치킨,굽네치킨
ba_13076527,2025-01,0.5863636363636363,44,0.8181818181818182,0.09090909090909091,0.7954545454545454,0.06818181818181818,0.25,0.0,0.18181818181818182,0.06818181818181818,0,치킨,굽네치킨
ba_13076527,2025-02,0.6539682539682538,63,0.8253968253968254,0.09523809523809523,0.8253968253968254,0.1111111111111111,0.19047619047619047,0.0,0.06349206349206349,0.031746031746031744,0,치킨,굽네치킨
ba_13076527,2025-03,0.6074074074074075,54,0.7962962962962963,0.1111111111111111,0.7037037037037037,0.09259259259259259,0.2962962962962963,0.018518518518518517,0.037037037037037035,0.1111111111111111,0,치킨,굽네치킨
ba_13076527,2025-04,0.5758620689655174,58,0.8275862068965517,0.10344827586206896,0.7758620689655172,0.05172413793103448,0.22413793103448276,0.0,0.08620689655172414,0.10344827586206896,0,치킨,굽네치킨
ba_13081281,2025-01,0.5799999999999998,10,0.8,0.2,0.7,0.3,0.0,0.0,0.0,0.0,1,치킨,굽네치킨
ba_13081281,2025-02,0.6666666666666666,6,0.6666666666666666,0.0,0.8333333333333334,0.16666666666666666,0.0,0.0,0.0,0.0,0,치킨,굽네치킨
ba_13081281,2025-03,0.10000000000000002,4,0.75,0.25,0.5,0.0,0.5,0.0,0.0,0.0,0,치킨,굽네치킨
ba_13081281,2025-04,0.5714285714285714,7,0.7142857142857143,0.0,0.7142857142857143,0.14285714285714285,0.42857142857142855,0.0,0.0,0.0,0,치킨,굽네치킨
ba_13103901,2025-01,0.6909090909090909,11,0.9090909090909091,0.0,0.8181818181818182,0.09090909090909091,0.09090909090909091,0.0,0.0,0.0,1,피자,굽네치킨
ba_13103901,2025-02,0.7142857142857143,7,0.8571428571428571,0.0,0.8571428571428571,0.2857142857142857,0.0,0.0,0.14285714285714285,0.14285714285714285,1,피자,굽네치킨
ba_13103901,2025-03,0.6333333333333333,6,0.6666666666666666,0.16666666666666666,0.6666666666666666,0.0,0.0,0.0,0.16666666666666666,0.16666666666666666,1,피자,굽네치킨
ba_13103901,2025-04,0.8,8,0.875,0.0,0.875,0.0,0.0,0.0,0.375,0.0,0,피자,굽네치킨
ba_13168465,2025-01,0.8,13,0.9230769230769231,0.07692307692307693,0.6923076923076923,0.0,0.07692307692307693,0.0,0.07692307692307693,0.0,0,백반·죽·국수,본그룹
ba_13168465,2025-02,0.9333333333333332,3,1.0,0.0,1.0,0.3333333333333333,0.3333333333333333,0.0,0.3333333333333333,0.0,0,백반·죽·국수,본그룹
ba_13168465,2025-03,0.8666666666666667,3,1.0,0.0,0.6666666666666666,0.0,0.0,0.0,0.3333333333333333,0.0,0,백반·죽·국수,본그룹
ba_13168465,2025-04,1.0,2,1.0,0.0,1.0,0.0,0.0,0.0,0.0,0.0,0,백반·죽·국수,본그룹
ba_13181486,2025-01,0.7130434782608696,23,0.9565217391304348,0.0,0.7391304347826086,0.13043478260869565,0.13043478260869565,0.0,0.2608695652173913,0.043478260869565216,0,백반·죽·국수,본그룹
ba_13181486,2025-02,0.5714285714285714,14,0.7857142857142857,0.14285714285714285,0.9285714285714286,0.35714285714285715,0.35714285714285715,0.07142857142857142,0.07142857142857142,0.0,0,백반·죽·국수,본그룹
ba_13181486,2025-03,0.709090909090909,11,0.8181818181818182,0.09090909090909091,0.7272727272727273,0.09090909090909091,0.2727272727272727,0.0,0.2727272727272727,0.0,0,백반·죽·국수,본그룹
ba_13181486,2025-04,0.5272727272727272,11,0.6363636363636364,0.09090909090909091,0.6363636363636364,0.0,0.18181818181818182,0.0,0.09090909090909091,0.0,0,백반·죽·국수,본그룹
ba_13181699,2025-02,0.2,2,0.5,0.0,0.0,0.0,0.0,0.0,0.5,0.0,0,백반·죽·국수,본그룹
ba_13181699,2025-03,1.0,2,1.0,0.0,1.0,0.5,0.0,0.0,0.5,0.0,0,백반·죽·국수,본그룹
ba_13181699,2025-04,0.0,1,0.0,0.0,0.0,0.0,0.0,0.0,0.0,0.0,0,백반·죽·국수,본그룹
ba_13181719,2025-01,0.8,5,0.8,0.0,0.8,0.0,0.0,0.2,0.0,0.0,0,백반·죽·국수,본그룹
ba_13181719,2025-02,0.9,2,1.0,0.0,1.0,0.0,0.0,0.0,0.5,0.0,0,백반·죽·국수,본그룹
ba_13181719,2025-03,1.0,1,1.0,0.0,1.0,0.0,0.0,0.0,0.0,0.0,0,백반·죽·국수,본그룹
ba_13181957,2025-02,0.76,10,0.9,0.1,0.7,0.1,0.2,0.0,0.4,0.0,0,백반·죽·국수,본그룹
ba_13181957,2025-03,0.5000000000000001,6,0.8333333333333334,0.0,0.5,0.16666666666666666,0.16666666666666666,0.0,0.16666666666666666,0.0,0,백반·죽·국수,본그룹
ba_13181957,2025-04,0.7999999999999999,3,1.0,0.0,0.6666666666666666,0.3333333333333333,0.0,0.0,0.6666666666666666,0.0,0,백반·죽·국수,본그룹
ba_13182018,2025-03,0.4,1,1.0,0.0,0.0,0.0,1.0,0.0,1.0,0.0,1,백반·죽·국수,본그룹
ba_13182018,2025-04,0.9,4,1.0,0.0,1.0,0.0,0.25,0.0,0.25,0.25,1,백반·죽·국수,본그룹
ba_13182129,2025-02,0.6,2,1.0,0.0,0.0,0.0,0.0,0.0,0.0,0.0,0,백반·죽·국수,본그룹
ba_13182129,2025-03,0.6,3,1.0,0.0,0.3333333333333333,0.3333333333333333,0.0,0.0,0.0,0.0,0,백반·죽·국수,본그룹
ba_13182129,2025-04,0.8,2,1.0,0.0,1.0,0.0,0.0,0.0,0.0,0.0,0,백반·죽·국수,본그룹
ba_13186079,2025-02,0.6000000000000001,2,1.0,0.0,0.0,0.0,0.0,0.0,0.0,0.5,0,백반·죽·국수,본그룹
ba_13186079,2025-03,0.6,1,1.0,0.0,0.0,0.0,0.0,0.0,1.0,0.0,0,백반·죽·국수,본그룹
ba_13188150,2025-02,0.8,2,1.0,0.0,0.5,0.0,0.0,0.0,0.5,0.0,0,백반·죽·국수,본그룹
ba_13188150,2025-03,0.55,4,1.0,0.0,0.25,0.0,0.25,0.0,0.5,0.25,0,백반·죽·국수,본그룹
ba_13188150,2025-04,0.5142857142857143,7,1.0,0.0,0.42857142857142855,0.14285714285714285,0.0,0.0,0.14285714285714285,0.14285714285714285,0,백반·죽·국수,본그룹
ba_13189796,2025-03,0.0,1,0.0,0.0,0.0,0.0,0.0,0.0,0.0,0.0,0,백반·죽·국수,본그룹
ba_13189796,2025-04,1.0,1,1.0,0.0,1.0,0.0,0.0,0.0,0.0,0.0,0,백반·죽·국수,본그룹
ba_13189894,2025-01,0.7166666666666668,12,1.0,0.0,0.8333333333333334,0.0,0.16666666666666666,0.0,0.4166666666666667,0.08333333333333333,0,백반·죽·국수,본그룹
ba_13189894,2025-02,1.0,2,1.0,0.0,1.0,0.0,0.5,0.0,0.5,0.5,0,백반·죽·국수,본그룹
ba_13189894,2025-03,0.6666666666666666,3,0.6666666666666666,0.0,0.6666666666666666,0.3333333333333333,0.3333333333333333,0.0,0.3333333333333333,0.0,0,백반·죽·국수,본그룹
ba_13189894,2025-04,1.0,1,1.0,0.0,1.0,0.0,0.0,0.0,1.0,1.0,0,백반·죽·국수,본그룹
ba_13193158,2025-04,0.6,3,0.6666666666666666,0.3333333333333333,0.6666666666666666,0.6666666666666666,0.3333333333333333,0.0,0.6666666666666666,0.0,0,백반·죽·국수,본그룹
ba_13199208,2025-02,0.575,8,0.75,0.0,0.625,0.125,0.125,0.0,0.0,0.25,0,백반·죽·국수,본그룹
ba_13199208,2025-03,0.9333333333333332,3,1.0,0.0,0.6666666666666666,0.0,0.3333333333333333,0.0,0.0,0.0,0,백반·죽·국수,본그룹
ba_13199208,2025-04,0.5333333333333333,3,0.6666666666666666,0.0,0.3333333333333333,0.0,0.0,0.0,0.3333333333333333,0.0,0,백반·죽·국수,본그룹
ba_13199335,2025-02,0.35,4,0.75,0.0,0.25,0.0,0.0,0.0,0.0,0.0,0,백반·죽·국수,본그룹
ba_13199335,2025-03,1.0,2,1.0,0.0,1.0,0.0,0.0,0.0,1.0,0.0,0,백반·죽·국수,본그룹
ba_13199335,2025-04,0.7,2,1.0,0.0,1.0,0.5,0.0,0.0,0.0,0.0,0,백반·죽·국수,본그룹
ba_13199394,2025-01,0.6181818181818182,11,0.8181818181818182,0.09090909090909091,0.45454545454545453,0.2727272727272727,0.2727272727272727,0.09090909090909091,0.09090909090909091,0.09090909090909091,0,백반·죽·국수,본그룹
ba_13199394,2025-02,0.4,4,0.5,0.25,0.75,0.5,0.25,0.0,0.0,0.25,0,백반·죽·국수,본그룹
ba_13199394,2025-03,0.8,2,1.0,0.0,1.0,0.0,0.5,0.0,0.0,0.0,0,백반·죽·국수,본그룹
ba_13199394,2025-04,1.0,1,1.0,0.0,1.0,0.0,1.0,0.0,0.0,0.0,0,백반·죽·국수,본그룹
ba_13199864,2025-02,0.85,4,1.0,0.0,0.75,0.25,0.0,0.0,0.75,0.25,0,백반·죽·국수,본그룹
ba_13199864,2025-03,0.9,4,1.0,0.0,0.75,0.0,0.0,0.0,0.5,0.0,0,백반·죽·국수,본그룹
ba_13199864,2025-04,0.5333333333333333,3,0.6666666666666666,0.0,0.3333333333333333,0.0,0.0,0.0,0.3333333333333333,0.0,0,백반·죽·국수,본그룹
ba_13200219,2025-04,1.0,1,1.0,0.0,1.0,0.0,0.0,0.0,0.0,0.0,0,백반·죽·국수,본그룹
ba_13200236,2025-01,0.7333333333333334,6,1.0,0.0,0.8333333333333334,0.0,0.0,0.0,0.16666666666666666,0.16666666666666666,0,백반·죽·국수,본그룹
ba_13203399,2025-02,0.8333333333333334,6,0.8333333333333334,0.0,0.6666666666666666,0.0,0.0,0.0,0.5,0.0,0,백반·죽·국수,본그룹
ba_13203399,2025-03,0.7999999999999999,7,1.0,0.0,0.7142857142857143,0.0,0.14285714285714285,0.0,0.7142857142857143,0.14285714285714285,0,백반·죽·국수,본그룹
ba_13203399,2025-04,0.7000000000000001,8,0.875,0.0,0.5,0.125,0.125,0.0,0.375,0.125,1,백반·죽·국수,본그룹
ba_13219045,2025-01,0.4,1,1.0,0.0,0.0,0.0,0.0,0.0,0.0,0.0,0,백반·죽·국수,본그룹
ba_13219094,2025-02,0.6,2,1.0,0.0,0.5,0.0,0.5,0.0,0.5,0.0,0,백반·죽·국수,본그룹
ba_13219094,2025-04,1.0,1,1.0,0.0,1.0,0.0,0.0,0.0,0.0,0.0,0,백반·죽·국수,본그룹
ba_13219734,2025-03,0.2,1,1.0,0.0,1.0,0.0,0.0,0.0,0.0,0.0,0,백반·죽·국수,본그룹
ba_13219734,2025-04,-0.6,1,0.0,1.0,1.0,0.0,0.0,0.0,0.0,0.0,0,백반·죽·국수,본그룹
ba_13221638,2025-02,0.2,2,0.5,0.0,0.0,0.0,0.0,0.0,0.0,0.0,0,백반·죽·국수,본그룹
ba_13221638,2025-03,1.0,4,1.0,0.0,1.0,0.25,0.0,0.0,0.0,0.25,0,백반·죽·국수,본그룹
ba_13221638,2025-04,0.2,1,1.0,0.0,1.0,0.0,0.0,0.0,0.0,0.0,0,백반·죽·국수,본그룹
ba_13221865,2025-02,0.9,2,1.0,0.0,0.5,0.0,0.0,0.0,0.5,0.0,0,백반·죽·국수,본그룹
ba_13221865,2025-03,0.4,1,1.0,0.0,0.0,0.0,0.0,0.0,0.0,0.0,0,백반·죽·국수,본그룹
ba_13221975,2025-03,0.4,4,0.5,0.25,0.5,0.25,0.0,0.0,0.0,0.0,0,백반·죽·국수,본그룹
ba_13221975,2025-04,0.85,4,1.0,0.0,1.0,0.25,0.0,0.0,0.0,0.0,0,백반·죽·국수,본그룹
ba_13221975,2025-02,0.6499999999999999,4,1.0,0.0,0.5,0.0,0.75,0.0,0.25,0.0,0,백반·죽·국수,본그룹
ba_13222051,2025-01,0.7999999999999999,11,0.9090909090909091,0.0,0.8181818181818182,0.2727272727272727,0.18181818181818182,0.0,0.0,0.0,0,백반·죽·국수,본그룹
ba_13222051,2025-02,1.0,3,1.0,0.0,1.0,0.0,0.3333333333333333,0.0,0.3333333333333333,0.0,0,백반·죽·국수,본그룹
ba_13222051,2025-03,0.0,1,0.0,0.0,1.0,0.0,0.0,0.0,1.0,0.0,0,백반·죽·국수,본그룹
ba_13222170,2025-01,0.425,8,0.75,0.0,0.25,0.25,0.125,0.0,0.0,0.125,0,백반·죽·국수,본그룹
ba_13222170,2025-02,0.8666666666666667,6,1.0,0.0,1.0,0.0,0.16666666666666666,0.0,0.5,0.16666666666666666,0,백반·죽·국수,본그룹
ba_13222170,2025-03,0.4,4,0.75,0.0,0.75,0.0,0.0,0.0,0.0,0.0,0,백반·죽·국수,본그룹
ba_13222170,2025-04,0.4000000000000001,3,1.0,0.0,0.0,0.0,0.0,0.0,0.0,0.0,1,백반·죽·국수,본그룹
ba_13223141,2025-01,0.6,7,0.8571428571428571,0.0,0.42857142857142855,0.14285714285714285,0.2857142857142857,0.0,0.42857142857142855,0.14285714285714285,0,백반·죽·국수,본그룹
ba_13223141,2025-02,0.7999999999999999,3,1.0,0.0,0.6666666666666666,0.0,0.0,0.0,0.6666666666666666,0.0,0,백반·죽·국수,본그룹
ba_13223141,2025-04,0.4,1,1.0,0.0,0.0,0.0,0.0,0.0,0.0,0.0,0,백반·죽·국수,본그룹
ba_13223329,2025-03,0.8,2,1.0,0.0,0.5,0.0,0.0,0.0,0.5,0.0,0,백반·죽·국수,본그룹
ba_13223520,2025-02,0.7,2,1.0,0.0,0.5,0.0,0.0,0.0,0.5,0.0,0,백반·죽·국수,본그룹
ba_13223520,2025-03,0.7,2,1.0,0.0,0.5,0.0,0.5,0.0,0.5,0.0,0,백반·죽·국수,본그룹
ba_13223538,2025-02,1.0,4,1.0,0.0,1.0,0.25,0.0,0.0,0.0,0.0,0,백반·죽·국수,본그룹
ba_13223538,2025-03,0.7,2,1.0,0.0,0.5,0.0,0.0,0.0,0.0,0.0,0,백반·죽·국수,본그룹
ba_13223538,2025-04,0.0,1,0.0,0.0,0.0,0.0,0.0,0.0,0.0,0.0,0,백반·죽·국수,본그룹
ba_13223711,2025-02,0.8,2,1.0,0.0,0.5,0.0,0.5,0.0,0.5,0.0,0,백반·죽·국수,본그룹
ba_13224027,2025-02,1.0,1,1.0,0.0,1.0,0.0,0.0,0.0,0.0,0.0,0,백반·죽·국수,본그룹
ba_13224027,2025-04,0.7333333333333334,3,1.0,0.0,0.6666666666666666,0.0,0.0,0.0,0.0,0.0,0,백반·죽·국수,본그룹
ba_13224710,2025-02,1.0,1,1.0,0.0,1.0,0.0,0.0,0.0,1.0,0.0,0,백반·죽·국수,본그룹
ba_13224710,2025-04,0.2,1,1.0,0.0,0.0,0.0,0.0,0.0,1.0,0.0,0,백반·죽·국수,본그룹
ba_13224802,2025-01,0.6555555555555556,18,0.7222222222222222,0.0,0.6666666666666666,0.1111111111111111,0.2777777777777778,0.0,0.2222222222222222,0.0,0,백반·죽·국수,본그룹
ba_13224802,2025-02,0.7866666666666667,15,0.9333333333333333,0.0,0.6666666666666666,0.13333333333333333,0.4,0.0,0.4,0.13333333333333333,0,백반·죽·국수,본그룹
ba_13224802,2025-03,0.8666666666666667,3,1.0,0.0,0.3333333333333333,0.0,0.3333333333333333,0.0,0.6666666666666666,0.0,0,백반·죽·국수,본그룹
ba_13224844,2025-03,0.2,1,1.0,0.0,1.0,0.0,0.0,0.0,0.0,0.0,0,백반·죽·국수,본그룹
ba_13225746,2025-03,0.6,2,1.0,0.0,0.5,0.0,0.0,0.0,0.5,0.0,0,백반·죽·국수,본그룹
ba_13225754,2025-04,0.0,1,0.0,0.0,0.0,0.0,0.0,0.0,0.0,0.0,0,백반·죽·국수,본그룹
ba_13225842,2025-01,0.5777777777777777,9,0.7777777777777778,0.1111111111111111,0.6666666666666666,0.0,0.3333333333333333,0.0,0.2222222222222222,0.0,0,백반·죽·국수,본그룹
ba_13225842,2025-02,0.7333333333333334,3,1.0,0.0,0.6666666666666666,0.3333333333333333,0.3333333333333333,0.0,0.0,0.0,0,백반·죽·국수,본그룹
ba_13225939,2025-01,0.6857142857142857,7,0.8571428571428571,0.14285714285714285,1.0,0.0,0.14285714285714285,0.0,0.14285714285714285,0.0,0,백반·죽·국수,본그룹
ba_13225939,2025-02,0.6,6,0.6666666666666666,0.0,0.6666666666666666,0.16666666666666666,0.3333333333333333,0.0,0.0,0.16666666666666666,0,백반·죽·국수,본그룹
ba_13225939,2025-03,0.6,3,1.0,0.0,1.0,0.0,0.0,0.0,0.0,0.0,0,백반·죽·국수,본그룹
ba_13225939,2025-04,0.6666666666666666,3,1.0,0.0,0.3333333333333333,0.3333333333333333,0.0,0.0,0.0,0.0,0,백반·죽·국수,본그룹
ba_13226530,2025-01,0.9199999999999999,5,1.0,0.0,1.0,0.0,0.2,0.0,0.2,0.0,0,백반·죽·국수,본그룹
ba_13226530,2025-02,1.0,1,1.0,0.0,1.0,0.0,0.0,0.0,1.0,0.0,0,백반·죽·국수,본그룹
ba_13226546,2025-01,0.5636363636363636,11,0.7272727272727273,0.09090909090909091,0.7272727272727273,0.0,0.09090909090909091,0.0,0.36363636363636365,0.0,0,백반·죽·국수,본그룹
ba_13226546,2025-02,0.3,2,0.5,0.0,0.0,0.0,1.0,0.0,0.0,0.0,0,백반·죽·국수,본그룹
ba_13226546,2025-03,0.55,4,0.75,0.0,0.5,0.0,0.5,0.0,0.5,0.0,0,백반·죽·국수,본그룹
ba_13226546,2025-04,1.0,1,1.0,0.0,1.0,0.0,0.0,0.0,1.0,0.0,0,백반·죽·국수,본그룹
ba_13226580,2025-01,0.8484848484848485,33,0.9696969696969697,0.0,0.7575757575757576,0.09090909090909091,0.15151515151515152,0.0,0.5454545454545454,0.21212121212121213,0,백반·죽·국수,본그룹
ba_13226580,2025-02,0.8,2,1.0,0.0,1.0,0.5,0.0,0.0,0.0,0.0,0,백반·죽·국수,본그룹
ba_13226580,2025-03,0.8,1,1.0,0.0,0.0,0.0,0.0,0.0,1.0,1.0,0,백반·죽·국수,본그룹
ba_13226580,2025-04,0.5333333333333333,3,0.6666666666666666,0.3333333333333333,0.6666666666666666,0.3333333333333333,0.3333333333333333,0.0,0.0,0.3333333333333333,0,백반·죽·국수,본그룹
ba_13226670,2025-02,0.45,4,0.5,0.25,0.5,0.25,0.5,0.0,0.25,0.0,0,백반·죽·국수,본그룹
ba_13226670,2025-03,1.0,1,1.0,0.0,1.0,0.0,0.0,0.0,0.0,0.0,0,백반·죽·국수,본그룹
ba_13226670,2025-04,0.4,1,1.0,0.0,0.0,0.0,0.0,0.0,1.0,0.0,0,백반·죽·국수,본그룹
ba_13226843,2025-01,0.6571428571428571,7,1.0,0.0,0.8571428571428571,0.2857142857142857,0.0,0.0,0.14285714285714285,0.0,0,백반·죽·국수,본그룹
ba_13226843,2025-02,0.76,5,1.0,0.0,0.8,0.0,0.2,0.0,0.0,0.0,0,백반·죽·국수,본그룹
ba_13226843,2025-03,0.4,2,0.5,0.5,1.0,0.0,0.0,0.0,0.0,0.0,0,백반·죽·국수,본그룹
ba_13226843,2025-04,0.6,1,1.0,0.0,1.0,0.0,0.0,0.0,0.0,0.0,0,백반·죽·국수,본그룹
ba_13226851,2025-01,0.9333333333333332,6,1.0,0.0,1.0,0.16666666666666666,0.0,0.0,0.3333333333333333,0.0,0,백반·죽·국수,본그룹
ba_13226851,2025-02,0.4,2,1.0,0.0,0.0,0.0,0.0,0.0,0.0,0.5,0,백반·죽·국수,본그룹
ba_13226851,2025-03,1.0,2,1.0,0.0,1.0,0.0,0.0,0.0,0.5,0.0,0,백반·죽·국수,본그룹
ba_13226860,2025-01,0.688888888888889,27,0.9259259259259259,0.0,0.6666666666666666,0.18518518518518517,0.037037037037037035,0.0,0.3333333333333333,0.0,0,백반·죽·국수,본그룹
ba_13226860,2025-02,0.7257142857142858,35,0.8857142857142857,0.0,0.7142857142857143,0.14285714285714285,0.08571428571428572,0.0,0.2571428571428571,0.05714285714285714,0,백반·죽·국수,본그룹
ba_13226860,2025-03,0.5,4,0.75,0.25,0.5,0.0,0.25,0.0,0.5,0.0,0,백반·죽·국수,본그룹
ba_13226860,2025-04,0.7142857142857143,14,0.7857142857142857,0.0,0.6428571428571429,0.14285714285714285,0.0,0.0,0.42857142857142855,0.07142857142857142,0,백반·죽·국수,본그룹
ba_13226947,2025-02,0.9333333333333332,6,1.0,0.0,1.0,0.16666666666666666,0.16666666666666666,0.0,0.16666666666666666,0.0,0,백반·죽·국수,본그룹
ba_13227070,2025-02,1.0,1,1.0,0.0,1.0,0.0,0.0,0.0,0.0,0.0,0,백반·죽·국수,본그룹
ba_13227070,2025-04,0.6,1,1.0,0.0,1.0,0.0,0.0,0.0,0.0,1.0,0,백반·죽·국수,본그룹
ba_13227070,2025-03,0.5,2,0.5,0.0,0.5,0.0,0.0,0.0,0.0,0.0,0,백반·죽·국수,본그룹
ba_13227516,2025-01,0.7368421052631579,19,0.8947368421052632,0.0,0.631578947368421,0.15789473684210525,0.05263157894736842,0.0,0.10526315789473684,0.0,0,백반·죽·국수,본그룹
ba_13227516,2025-02,0.8,10,1.0,0.0,0.7,0.4,0.1,0.0,0.3,0.0,0,백반·죽·국수,본그룹
ba_13227516,2025-03,0.7000000000000001,6,1.0,0.0,0.5,0.16666666666666666,0.16666666666666666,0.0,0.8333333333333334,0.0,0,백반·죽·국수,본그룹
ba_13227516,2025-04,0.6285714285714287,7,0.8571428571428571,0.0,0.5714285714285714,0.0,0.14285714285714285,0.0,0.2857142857142857,0.0,0,백반·죽·국수,본그룹
ba_13227543,2025-02,0.85,4,1.0,0.0,0.75,0.0,0.25,0.0,0.0,0.0,0,백반·죽·국수,본그룹
ba_13227543,2025-03,0.8666666666666667,6,1.0,0.0,0.6666666666666666,0.3333333333333333,0.8333333333333334,0.0,0.6666666666666666,0.0,0,백반·죽·국수,본그룹
ba_13227543,2025-04,0.9,6,1.0,0.0,0.6666666666666666,0.8333333333333334,0.6666666666666666,0.0,0.6666666666666666,0.16666666666666666,0,백반·죽·국수,본그룹
ba_13227659,2025-02,0.8,1,1.0,0.0,0.0,1.0,0.0,0.0,0.0,1.0,0,백반·죽·국수,본그룹
ba_13227659,2025-03,0.3333333333333333,3,0.6666666666666666,0.3333333333333333,0.6666666666666666,0.0,0.0,0.0,0.3333333333333333,0.0,0,백반·죽·국수,본그룹
ba_13227659,2025-04,0.0,1,0.0,0.0,0.0,0.0,0.0,0.0,0.0,1.0,0,백반·죽·국수,본그룹
ba_13227696,2025-02,1.0,4,1.0,0.0,1.0,0.0,0.0,0.0,0.25,0.0,0,백반·죽·국수,본그룹
ba_13227696,2025-03,0.2,1,1.0,0.0,1.0,0.0,0.0,0.0,0.0,0.0,0,백반·죽·국수,본그룹
ba_13227696,2025-04,0.65,4,1.0,0.0,0.75,0.5,0.0,0.0,0.0,0.0,0,백반·죽·국수,본그룹
ba_13228166,2025-03,-0.2,1,0.0,1.0,1.0,0.0,0.0,0.0,0.0,0.0,0,백반·죽·국수,본그룹
ba_13228453,2025-01,0.425,8,0.625,0.125,0.5,0.125,0.25,0.0,0.25,0.125,0,백반·죽·국수,본그룹
ba_13228453,2025-02,0.7999999999999999,4,1.0,0.0,0.75,0.0,0.0,0.0,0.0,0.0,0,백반·죽·국수,본그룹
ba_13228453,2025-03,0.72,5,1.0,0.0,0.6,0.0,0.0,0.0,0.2,0.0,0,백반·죽·국수,본그룹
ba_13228453,2025-04,0.26666666666666666,3,1.0,0.0,0.3333333333333333,0.0,0.0,0.0,0.0,0.3333333333333333,0,백반·죽·국수,본그룹
ba_13228520,2025-02,0.6,1,1.0,0.0,1.0,0.0,0.0,0.0,0.0,0.0,0,백반·죽·국수,본그룹
ba_13228520,2025-03,0.8,1,1.0,0.0,1.0,1.0,0.0,0.0,1.0,0.0,0,백반·죽·국수,본그룹
ba_13228647,2025-01,0.8083333333333331,24,1.0,0.0,0.75,0.16666666666666666,0.08333333333333333,0.0,0.5,0.16666666666666666,0,백반·죽·국수,본그룹
ba_13228647,2025-02,0.65,4,1.0,0.0,0.5,0.25,0.0,0.0,0.5,0.0,0,백반·죽·국수,본그룹
ba_13228647,2025-03,0.2,1,1.0,0.0,0.0,0.0,0.0,0.0,1.0,0.0,0,백반·죽·국수,본그룹
ba_13228647,2025-04,0.8,4,1.0,0.0,0.75,0.25,0.25,0.0,0.5,0.25,0,백반·죽·국수,본그룹
ba_13228668,2025-01,0.7040000000000002,25,0.8,0.04,0.76,0.08,0.28,0.0,0.32,0.2,0,백반·죽·국수,본그룹
ba_13228668,2025-02,0.5333333333333333,6,0.6666666666666666,0.0,0.6666666666666666,0.5,0.0,0.0,0.16666666666666666,0.0,0,백반·죽·국수,본그룹
ba_13228668,2025-03,0.39999999999999997,3,0.6666666666666666,0.3333333333333333,0.6666666666666666,0.0,0.0,0.0,0.0,0.0,0,백반·죽·국수,본그룹
ba_13228668,2025-04,0.8444444444444444,9,1.0,0.0,0.6666666666666666,0.0,0.5555555555555556,0.0,0.4444444444444444,0.1111111111111111,0,백반·죽·국수,본그룹
ba_13228675,2025-02,1.0,2,1.0,0.0,1.0,0.5,0.0,0.0,0.0,0.0,0,백반·죽·국수,본그룹
ba_13228677,2025-02,1.0,1,1.0,0.0,1.0,0.0,0.0,0.0,0.0,0.0,0,백반·죽·국수,본그룹
ba_13228677,2025-03,0.9,2,1.0,0.0,0.5,0.0,0.5,0.0,0.5,0.0,0,백반·죽·국수,본그룹
ba_13228869,2025-01,0.8,10,0.9,0.0,0.7,0.0,0.1,0.0,0.4,0.0,0,백반·죽·국수,본그룹
ba_13228869,2025-02,1.0,1,1.0,0.0,1.0,0.0,0.0,0.0,0.0,0.0,0,백반·죽·국수,본그룹
ba_13228869,2025-03,1.0,5,1.0,0.0,1.0,0.2,0.2,0.0,0.6,0.2,0,백반·죽·국수,본그룹
ba_13228869,2025-04,0.8666666666666667,6,1.0,0.0,0.6666666666666666,0.3333333333333333,0.16666666666666666,0.0,0.5,0.0,0,백반·죽·국수,본그룹
ba_13228874,2025-02,0.4,1,1.0,0.0,0.0,0.0,0.0,0.0,1.0,0.0,0,백반·죽·국수,본그룹
ba_13228874,2025-03,1.0,1,1.0,0.0,1.0,0.0,0.0,0.0,0.0,0.0,0,백반·죽·국수,본그룹
ba_13228874,2025-01,0.8,2,1.0,0.0,1.0,0.5,0.5,0.0,0.0,0.0,0,백반·죽·국수,본그룹
ba_13228878,2025-01,0.7272727272727272,11,1.0,0.0,0.7272727272727273,0.09090909090909091,0.18181818181818182,0.0,0.09090909090909091,0.09090909090909091,0,백반·죽·국수,본그룹
ba_13228878,2025-02,0.6,3,1.0,0.0,1.0,0.0,0.3333333333333333,0.0,0.3333333333333333,0.0,0,백반·죽·국수,본그룹
ba_13228878,2025-03,0.4,4,0.75,0.0,0.75,0.0,0.25,0.0,0.25,0.0,0,백반·죽·국수,본그룹
ba_13228909,2025-01,0.8909090909090908,11,1.0,0.0,0.9090909090909091,0.09090909090909091,0.09090909090909091,0.0,0.09090909090909091,0.09090909090909091,0,백반·죽·국수,본그룹
ba_13228909,2025-02,0.3333333333333333,3,0.3333333333333333,0.0,0.3333333333333333,0.0,0.3333333333333333,0.0,0.0,0.0,0,백반·죽·국수,본그룹
ba_13228909,2025-04,0.5,2,1.0,0.0,0.5,0.5,0.5,0.0,0.5,0.0,0,백반·죽·국수,본그룹
ba_13228945,2025-03,0.9,2,1.0,0.0,1.0,0.0,0.5,0.0,0.0,0.0,0,백반·죽·국수,본그룹
ba_13228945,2025-04,0.72,5,1.0,0.0,0.6,0.4,0.2,0.0,0.2,0.2,0,백반·죽·국수,본그룹
ba_13228945,2025-01,0.8285714285714285,7,1.0,0.0,0.8571428571428571,0.42857142857142855,0.2857142857142857,0.0,0.2857142857142857,0.0,0,백반·죽·국수,본그룹
ba_13228978,2025-01,0.2,2,0.5,0.0,0.0,0.0,0.0,0.0,0.0,0.0,0,백반·죽·국수,본그룹
ba_13228978,2025-02,1.0,1,1.0,0.0,1.0,0.0,0.0,0.0,0.0,0.0,0,백반·죽·국수,본그룹
ba_13228993,2025-01,0.4,1,1.0,0.0,0.0,1.0,1.0,0.0,1.0,0.0,0,백반·죽·국수,본그룹
ba_13228993,2025-03,0.1,2,0.5,0.0,0.5,0.0,0.0,0.0,0.0,0.0,0,백반·죽·국수,본그룹
ba_13228993,2025-04,1.0,2,1.0,0.0,1.0,0.0,0.0,0.0,0.5,0.0,0,백반·죽·국수,본그룹
ba_13229107,2025-01,0.6727272727272727,11,0.7272727272727273,0.09090909090909091,0.8181818181818182,0.18181818181818182,0.18181818181818182,0.0,0.09090909090909091,0.0,0,백반·죽·국수,본그룹
ba_13229107,2025-02,0.6,1,1.0,0.0,1.0,0.0,0.0,0.0,0.0,0.0,0,백반·죽·국수,본그룹
ba_13229107,2025-03,0.0,1,0.0,0.0,0.0,0.0,0.0,0.0,0.0,0.0,0,백반·죽·국수,본그룹
ba_13229152,2025-02,0.6,4,0.75,0.0,0.5,0.25,0.25,0.0,0.0,0.0,0,백반·죽·국수,본그룹
ba_13229152,2025-04,0.0,1,0.0,0.0,0.0,0.0,0.0,0.0,0.0,0.0,0,백반·죽·국수,본그룹
ba_13229173,2025-01,0.6,14,0.7857142857142857,0.14285714285714285,0.5714285714285714,0.14285714285714285,0.2857142857142857,0.0,0.5,0.07142857142857142,0,백반·죽·국수,본그룹
ba_13229173,2025-02,0.55,4,0.75,0.0,0.5,0.0,0.0,0.0,0.5,0.0,0,백반·죽·국수,본그룹
ba_13229173,2025-03,0.2,4,0.5,0.0,0.5,0.0,0.0,0.0,0.0,0.0,0,백반·죽·국수,본그룹
ba_13229173,2025-04,0.4,2,1.0,0.0,0.0,0.0,0.0,0.0,0.0,0.0,0,백반·죽·국수,본그룹
ba_13229184,2025-02,0.48571428571428565,7,0.7142857142857143,0.14285714285714285,0.42857142857142855,0.14285714285714285,0.14285714285714285,0.0,0.42857142857142855,0.14285714285714285,0,백반·죽·국수,본그룹
ba_13229184,2025-03,1.0,2,1.0,0.0,1.0,0.0,0.0,0.0,0.0,0.0,0,백반·죽·국수,본그룹
ba_13229527,2025-01,0.7333333333333334,9,0.8888888888888888,0.0,0.7777777777777778,0.0,0.0,0.0,0.3333333333333333,0.1111111111111111,0,백반·죽·국수,본그룹
ba_13229527,2025-02,1.0,1,1.0,0.0,1.0,0.0,0.0,0.0,0.0,1.0,0,백반·죽·국수,본그룹
ba_13229527,2025-03,0.6,2,1.0,0.0,1.0,0.0,0.0,0.0,0.0,0.0,0,백반·죽·국수,본그룹
ba_13229527,2025-04,1.0,1,1.0,0.0,1.0,0.0,0.0,0.0,0.0,0.0,0,백반·죽·국수,본그룹
ba_13229560,2025-01,0.66,10,0.9,0.0,0.7,0.0,0.2,0.0,0.2,0.0,0,백반·죽·국수,본그룹
ba_13229560,2025-02,1.0,1,1.0,0.0,1.0,0.0,1.0,0.0,0.0,0.0,0,백반·죽·국수,본그룹
ba_13229747,2025-01,0.5818181818181818,11,0.8181818181818182,0.09090909090909091,0.8181818181818182,0.18181818181818182,0.09090909090909091,0.09090909090909091,0.09090909090909091,0.0,0,백반·죽·국수,본그룹
ba_13229747,2025-02,1.0,5,1.0,0.0,1.0,0.2,0.4,0.0,0.4,0.0,0,백반·죽·국수,본그룹
ba_13229747,2025-04,1.0,1,1.0,0.0,1.0,0.0,0.0,0.0,0.0,0.0,0,백반·죽·국수,본그룹
ba_13229858,2025-02,1.0,1,1.0,0.0,1.0,0.0,0.0,0.0,0.0,0.0,0,백반·죽·국수,본그룹
ba_13229858,2025-03,1.0,1,1.0,0.0,0.0,0.0,0.0,0.0,1.0,0.0,0,백반·죽·국수,본그룹
ba_13229858,2025-04,-0.09999999999999998,2,0.5,0.5,0.5,0.0,0.5,0.0,0.0,0.0,0,백반·죽·국수,본그룹
ba_13229960,2025-01,0.0,2,0.0,0.0,0.0,0.0,0.0,0.0,0.0,0.0,0,백반·죽·국수,본그룹
ba_13229960,2025-02,0.4,4,0.5,0.25,0.75,0.25,0.25,0.0,0.0,0.25,0,백반·죽·국수,본그룹
ba_13229960,2025-04,1.0,1,1.0,0.0,1.0,0.0,0.0,0.0,1.0,0.0,0,백반·죽·국수,본그룹
ba_13230502,2025-04,0.4,2,1.0,0.0,0.0,0.0,0.5,0.0,0.0,0.0,0,백반·죽·국수,본그룹
ba_13230793,2025-02,1.0,1,1.0,0.0,1.0,0.0,0.0,0.0,0.0,0.0,0,백반·죽·국수,본그룹
ba_13230793,2025-03,1.0,2,1.0,0.0,1.0,0.5,0.0,0.0,0.0,0.5,0,백반·죽·국수,본그룹
ba_13230793,2025-04,1.0,1,1.0,0.0,0.0,0.0,0.0,0.0,0.0,0.0,0,백반·죽·국수,본그룹
ba_13230834,2025-03,1.0,1,1.0,0.0,1.0,0.0,0.0,0.0,0.0,0.0,0,백반·죽·국수,본그룹
ba_13230838,2025-02,0.8571428571428571,7,1.0,0.0,0.7142857142857143,0.14285714285714285,0.0,0.0,0.5714285714285714,0.0,0,백반·죽·국수,본그룹
ba_13230838,2025-01,0.8,9,1.0,0.0,0.6666666666666666,0.0,0.2222222222222222,0.0,0.2222222222222222,0.0,0,백반·죽·국수,본그룹
ba_13230838,2025-03,1.0,1,1.0,0.0,1.0,0.0,0.0,0.0,1.0,1.0,0,백반·죽·국수,본그룹
ba_13230846,2025-01,0.7428571428571429,7,1.0,0.0,0.7142857142857143,0.2857142857142857,0.5714285714285714,0.0,0.2857142857142857,0.14285714285714285,0,백반·죽·국수,본그룹
ba_13230846,2025-03,0.8000000000000002,3,1.0,0.0,0.6666666666666666,0.3333333333333333,0.0,0.0,0.3333333333333333,0.0,0,백반·죽·국수,본그룹
ba_13230846,2025-04,0.4,1,1.0,0.0,1.0,0.0,1.0,0.0,0.0,0.0,0,백반·죽·국수,본그룹
ba_13230879,2025-01,0.9333333333333332,6,1.0,0.0,1.0,0.3333333333333333,0.0,0.0,0.3333333333333333,0.0,0,백반·죽·국수,본그룹
ba_13230903,2025-01,0.9250000000000002,32,1.0,0.0,0.9375,0.09375,0.125,0.0,0.25,0.0625,0,백반·죽·국수,본그룹
ba_13230903,2025-02,0.9142857142857143,7,1.0,0.0,1.0,0.14285714285714285,0.14285714285714285,0.0,0.5714285714285714,0.0,0,백반·죽·국수,본그룹
ba_13230903,2025-03,0.9500000000000001,12,1.0,0.0,0.9166666666666666,0.16666666666666666,0.25,0.0,0.5833333333333334,0.16666666666666666,0,백반·죽·국수,본그룹
ba_13230903,2025-04,0.8666666666666667,9,1.0,0.0,0.7777777777777778,0.2222222222222222,0.2222222222222222,0.0,0.1111111111111111,0.2222222222222222,0,백반·죽·국수,본그룹
ba_13230921,2025-03,0.2,1,1.0,0.0,0.0,0.0,0.0,0.0,0.0,1.0,0,백반·죽·국수,본그룹
ba_13230969,2025-02,0.5,2,0.5,0.0,0.5,0.0,0.0,0.0,0.0,0.0,0,백반·죽·국수,본그룹
ba_13230969,2025-03,1.0,1,1.0,0.0,1.0,0.0,0.0,0.0,0.0,0.0,0,백반·죽·국수,본그룹
ba_13230969,2025-04,1.0,1,1.0,0.0,1.0,0.0,0.0,0.0,0.0,0.0,0,백반·죽·국수,본그룹
ba_13231050,2025-02,0.8,2,1.0,0.0,0.5,0.0,0.5,0.0,0.0,0.0,0,백반·죽·국수,본그룹
ba_13231050,2025-03,1.0,3,1.0,0.0,1.0,0.0,0.3333333333333333,0.0,0.0,0.0,0,백반·죽·국수,본그룹
ba_13231050,2025-01,0.6000000000000001,13,0.8461538461538461,0.0,0.46153846153846156,0.3076923076923077,0.3076923076923077,0.0,0.46153846153846156,0.0,0,백반·죽·국수,본그룹
ba_13231050,2025-04,0.0,2,0.0,0.0,0.0,0.0,0.0,0.0,0.0,0.0,0,백반·죽·국수,본그룹
ba_13231120,2025-04,1.0,1,1.0,0.0,1.0,0.0,0.0,0.0,1.0,0.0,0,백반·죽·국수,본그룹
ba_13231147,2025-02,1.0,1,1.0,0.0,1.0,1.0,0.0,0.0,0.0,0.0,0,백반·죽·국수,본그룹
ba_13231147,2025-03,0.0,1,0.0,0.0,0.0,0.0,0.0,0.0,0.0,0.0,0,백반·죽·국수,본그룹
ba_13231157,2025-02,0.35,4,0.75,0.0,0.75,0.25,0.0,0.0,0.25,0.0,0,백반·죽·국수,본그룹
ba_13231157,2025-03,0.6,1,1.0,0.0,1.0,0.0,0.0,0.0,1.0,0.0,0,백반·죽·국수,본그룹
ba_13231481,2025-01,0.7,2,1.0,0.0,0.5,0.0,0.5,0.0,1.0,0.5,0,백반·죽·국수,본그룹
ba_13231481,2025-02,1.0,1,1.0,0.0,1.0,0.0,0.0,0.0,0.0,0.0,0,백반·죽·국수,본그룹
ba_13231481,2025-03,1.0,1,1.0,0.0,1.0,0.0,0.0,0.0,0.0,0.0,0,백반·죽·국수,본그룹
ba_13231795,2025-01,0.325,8,0.75,0.0,0.375,0.125,0.0,0.0,0.0,0.0,0,백반·죽·국수,본그룹
ba_13231958,2025-02,0.7333333333333334,3,1.0,0.0,0.3333333333333333,0.0,0.0,0.0,0.6666666666666666,0.0,0,백반·죽·국수,본그룹
ba_13231958,2025-03,0.8666666666666667,3,1.0,0.0,0.6666666666666666,0.0,0.0,0.0,0.3333333333333333,0.0,0,백반·죽·국수,본그룹
ba_13232110,2025-01,0.68,10,0.9,0.1,0.7,0.0,0.3,0.0,0.2,0.1,0,백반·죽·국수,본그룹
ba_13232110,2025-02,0.525,8,0.875,0.0,0.5,0.0,0.125,0.0,0.125,0.0,0,백반·죽·국수,본그룹
ba_13232110,2025-03,0.8000000000000002,6,1.0,0.0,0.8333333333333334,0.16666666666666666,0.6666666666666666,0.0,0.16666666666666666,0.0,0,백반·죽·국수,본그룹
ba_13232110,2025-04,0.6,5,0.8,0.0,0.6,0.2,0.6,0.0,0.2,0.4,0,백반·죽·국수,본그룹
ba_13232134,2025-01,0.890909090909091,11,1.0,0.0,0.9090909090909091,0.0,0.18181818181818182,0.0,0.0,0.2727272727272727,0,백반·죽·국수,본그룹
ba_13232134,2025-03,1.0,1,1.0,0.0,1.0,0.0,1.0,0.0,0.0,0.0,0,백반·죽·국수,본그룹
ba_13232348,2025-02,0.4,2,0.5,0.0,0.5,0.0,0.0,0.0,0.5,0.0,0,백반·죽·국수,본그룹
ba_13232348,2025-03,-0.2,1,0.0,1.0,0.0,0.0,0.0,0.0,0.0,0.0,0,백반·죽·국수,본그룹
ba_13232348,2025-04,0.4666666666666666,3,1.0,0.0,0.6666666666666666,0.3333333333333333,0.3333333333333333,0.0,0.0,0.6666666666666666,0,백반·죽·국수,본그룹
ba_13232508,2025-01,0.6727272727272727,11,0.8181818181818182,0.0,0.6363636363636364,0.0,0.18181818181818182,0.0,0.18181818181818182,0.0,0,백반·죽·국수,본그룹
ba_13232508,2025-02,0.5,2,0.5,0.0,0.5,1.0,0.5,0.0,0.0,0.0,0,백반·죽·국수,본그룹
ba_13232508,2025-03,0.6,2,1.0,0.0,1.0,0.0,0.0,0.0,0.0,0.0,0,백반·죽·국수,본그룹
ba_13233115,2025-04,0.9,4,1.0,0.0,1.0,0.0,0.0,0.0,0.75,0.0,0,백반·죽·국수,본그룹
ba_13233115,2025-02,0.6,4,0.75,0.0,0.75,0.5,0.0,0.0,0.25,0.0,0,백반·죽·국수,본그룹
ba_13233115,2025-03,1.0,2,1.0,0.0,1.0,0.0,0.5,0.0,0.0,0.0,0,백반·죽·국수,본그룹
ba_13233212,2025-02,1.0,3,1.0,0.0,1.0,0.0,0.0,0.0,0.0,0.0,0,백반·죽·국수,본그룹
ba_13233212,2025-03,0.5,2,0.5,0.0,0.5,0.0,0.0,0.0,0.0,0.0,0,백반·죽·국수,본그룹
ba_13233212,2025-04,0.55,4,0.75,0.0,0.5,0.25,0.25,0.0,0.0,0.0,0,백반·죽·국수,본그룹
ba_13233433,2025-04,1.0,1,1.0,0.0,1.0,0.0,0.0,0.0,1.0,0.0,0,백반·죽·국수,본그룹
ba_13233433,2025-01,0.6,5,0.8,0.0,0.6,0.2,0.0,0.0,0.0,0.2,0,백반·죽·국수,본그룹
ba_13233433,2025-02,0.2,1,1.0,0.0,1.0,0.0,0.0,0.0,0.0,0.0,0,백반·죽·국수,본그룹
ba_13233433,2025-03,1.0,2,1.0,0.0,1.0,0.5,0.0,0.0,0.0,0.0,0,백반·죽·국수,본그룹
ba_13233436,2025-03,1.0,3,1.0,0.0,1.0,0.0,0.0,0.0,0.0,0.0,0,백반·죽·국수,본그룹
ba_13233436,2025-04,1.0,1,1.0,0.0,1.0,0.0,0.0,0.0,0.0,1.0,0,백반·죽·국수,본그룹
ba_13233445,2025-02,0.2,1,1.0,0.0,0.0,0.0,1.0,0.0,1.0,0.0,0,백반·죽·국수,본그룹
ba_13233445,2025-03,1.0,2,1.0,0.0,1.0,0.0,0.0,0.0,0.5,0.0,0,백반·죽·국수,본그룹
ba_13233445,2025-04,0.7333333333333334,3,1.0,0.0,0.6666666666666666,0.3333333333333333,0.3333333333333333,0.0,0.3333333333333333,0.0,0,백반·죽·국수,본그룹
ba_13233445,2025-01,0.5,4,1.0,0.0,0.5,0.0,0.0,0.0,0.5,0.25,0,백반·죽·국수,본그룹
ba_13233448,2025-02,0.9333333333333332,3,1.0,0.0,1.0,0.0,0.0,0.0,0.3333333333333333,0.0,0,백반·죽·국수,본그룹
ba_13233448,2025-01,0.85,8,0.875,0.0,0.75,0.125,0.0,0.0,0.125,0.0,0,백반·죽·국수,본그룹
ba_13233448,2025-04,1.0,2,1.0,0.0,1.0,0.0,0.5,0.0,0.5,0.0,0,백반·죽·국수,본그룹
ba_13233454,2025-02,0.6666666666666666,3,0.6666666666666666,0.0,0.6666666666666666,0.3333333333333333,0.0,0.0,0.3333333333333333,0.0,0,백반·죽·국수,본그룹
ba_13233454,2025-04,0.41999999999999993,10,0.9,0.0,0.2,0.0,0.0,0.0,0.0,0.0,0,백반·죽·국수,본그룹
ba_13233457,2025-01,0.625,8,0.75,0.0,0.5,0.0,0.125,0.0,0.0,0.0,0,백반·죽·국수,본그룹
ba_13233457,2025-02,0.6999999999999998,6,1.0,0.0,0.5,0.0,0.3333333333333333,0.0,0.3333333333333333,0.0,0,백반·죽·국수,본그룹
ba_13233457,2025-03,0.8333333333333334,6,0.8333333333333334,0.0,0.6666666666666666,0.16666666666666666,0.16666666666666666,0.0,0.3333333333333333,0.16666666666666666,0,백반·죽·국수,본그룹
ba_13233457,2025-04,1.0,1,1.0,0.0,1.0,0.0,0.0,0.0,0.0,0.0,0,백반·죽·국수,본그룹
ba_13233463,2025-02,0.7666666666666666,6,1.0,0.0,0.5,0.0,0.16666666666666666,0.0,0.0,0.0,0,백반·죽·국수,본그룹
ba_13233463,2025-03,0.7999999999999999,3,1.0,0.0,0.6666666666666666,0.3333333333333333,0.0,0.0,0.6666666666666666,0.0,0,백반·죽·국수,본그룹
ba_13233466,2025-01,0.44000000000000006,5,0.8,0.2,0.6,0.4,0.0,0.0,0.2,0.0,0,백반·죽·국수,본그룹
ba_13233466,2025-03,0.2,1,1.0,0.0,1.0,0.0,0.0,0.0,0.0,0.0,0,백반·죽·국수,본그룹
ba_13233483,2025-01,0.8571428571428571,7,1.0,0.0,0.8571428571428571,0.0,0.14285714285714285,0.0,0.42857142857142855,0.14285714285714285,0,백반·죽·국수,본그룹
ba_13233483,2025-02,0.6666666666666666,6,1.0,0.0,0.8333333333333334,0.0,0.0,0.0,0.3333333333333333,0.16666666666666666,0,백반·죽·국수,본그룹
ba_13233483,2025-03,0.75,4,1.0,0.0,1.0,0.0,0.0,0.0,0.0,0.0,0,백반·죽·국수,본그룹
ba_13233484,2025-04,0.6,1,1.0,0.0,1.0,0.0,0.0,0.0,0.0,0.0,0,백반·죽·국수,본그룹
ba_13233506,2025-01,1.0,5,1.0,0.0,1.0,0.2,0.0,0.0,0.0,0.0,0,백반·죽·국수,본그룹
ba_13233506,2025-02,0.7999999999999999,3,1.0,0.0,1.0,0.3333333333333333,0.0,0.0,0.0,0.0,0,백반·죽·국수,본그룹
ba_13233506,2025-03,0.3333333333333333,3,0.6666666666666666,0.0,0.3333333333333333,0.0,0.0,0.0,0.0,0.0,0,백반·죽·국수,본그룹
ba_13233554,2025-02,0.9333333333333332,6,1.0,0.0,0.8333333333333334,0.16666666666666666,0.16666666666666666,0.0,0.6666666666666666,0.0,0,백반·죽·국수,본그룹
ba_13233554,2025-03,0.6857142857142857,7,1.0,0.0,0.7142857142857143,0.0,0.14285714285714285,0.0,0.2857142857142857,0.0,0,백반·죽·국수,본그룹
ba_13233554,2025-04,1.0,3,1.0,0.0,1.0,0.0,0.3333333333333333,0.0,1.0,0.0,0,백반·죽·국수,본그룹
ba_13233554,2025-01,0.5777777777777778,9,0.8888888888888888,0.0,0.5555555555555556,0.0,0.0,0.0,0.1111111111111111,0.0,0,백반·죽·국수,본그룹
ba_13233575,2025-02,0.6,3,1.0,0.0,0.6666666666666666,0.3333333333333333,0.3333333333333333,0.0,0.3333333333333333,0.0,0,백반·죽·국수,본그룹
ba_13233575,2025-03,1.0,1,1.0,0.0,1.0,0.0,0.0,0.0,1.0,0.0,0,백반·죽·국수,본그룹
ba_13233575,2025-04,0.4,1,1.0,0.0,0.0,0.0,1.0,0.0,0.0,0.0,0,백반·죽·국수,본그룹
ba_13233576,2025-01,0.6571428571428573,7,1.0,0.0,0.5714285714285714,0.14285714285714285,0.14285714285714285,0.0,0.2857142857142857,0.0,0,백반·죽·국수,본그룹
ba_13233576,2025-02,0.6,3,0.6666666666666666,0.0,0.6666666666666666,0.3333333333333333,0.3333333333333333,0.0,0.0,0.0,0,백반·죽·국수,본그룹
ba_13233576,2025-03,0.7428571428571429,7,0.8571428571428571,0.0,0.7142857142857143,0.0,0.0,0.0,0.2857142857142857,0.2857142857142857,0,백반·죽·국수,본그룹
ba_13233576,2025-04,0.8666666666666667,3,1.0,0.0,0.6666666666666666,0.0,0.3333333333333333,0.0,0.3333333333333333,0.0,0,백반·죽·국수,본그룹
ba_13233578,2025-01,0.4571428571428572,7,0.7142857142857143,0.14285714285714285,0.5714285714285714,0.2857142857142857,0.14285714285714285,0.0,0.2857142857142857,0.0,0,백반·죽·국수,본그룹
ba_13233578,2025-02,0.4666666666666666,3,0.6666666666666666,0.0,0.3333333333333333,0.0,0.0,0.3333333333333333,0.3333333333333333,0.0,0,백반·죽·국수,본그룹
ba_13233578,2025-03,0.5666666666666667,6,1.0,0.0,0.3333333333333333,0.0,0.16666666666666666,0.0,0.16666666666666666,0.16666666666666666,0,백반·죽·국수,본그룹
ba_13233578,2025-04,0.5,2,0.5,0.0,0.5,0.0,0.0,0.0,0.5,0.0,0,백반·죽·국수,본그룹
ba_13233579,2025-02,0.8,1,1.0,0.0,1.0,0.0,0.0,0.0,0.0,0.0,0,백반·죽·국수,본그룹
ba_13233581,2025-02,0.55,4,0.75,0.0,0.5,0.0,0.25,0.0,0.5,0.0,0,백반·죽·국수,본그룹
ba_13233581,2025-04,0.6,3,0.6666666666666666,0.0,0.3333333333333333,0.0,0.3333333333333333,0.0,0.0,0.0,0,백반·죽·국수,본그룹
ba_13233587,2025-01,0.8461538461538461,13,0.9230769230769231,0.07692307692307693,0.9230769230769231,0.38461538461538464,0.07692307692307693,0.0,0.3076923076923077,0.0,0,백반·죽·국수,본그룹
ba_13233587,2025-02,0.75,8,0.875,0.125,1.0,0.25,0.0,0.0,0.625,0.0,0,백반·죽·국수,본그룹
ba_13233587,2025-03,0.8800000000000001,5,1.0,0.0,0.8,0.0,0.0,0.0,0.4,0.0,0,백반·죽·국수,본그룹
ba_13233587,2025-04,0.5636363636363636,11,0.8181818181818182,0.0,0.45454545454545453,0.18181818181818182,0.18181818181818182,0.0,0.18181818181818182,0.0,0,백반·죽·국수,본그룹
ba_13233592,2025-03,1.0,1,1.0,0.0,1.0,0.0,1.0,0.0,0.0,0.0,0,백반·죽·국수,본그룹
ba_13233592,2025-04,0.39999999999999997,3,0.6666666666666666,0.0,0.3333333333333333,0.3333333333333333,0.0,0.0,0.3333333333333333,0.0,0,백반·죽·국수,본그룹
ba_13233594,2025-01,0.9400000000000001,10,1.0,0.0,0.9,0.2,0.1,0.0,0.0,0.0,0,백반·죽·국수,본그룹
ba_13233594,2025-02,0.44000000000000006,5,0.6,0.0,0.6,0.0,0.0,0.0,0.2,0.2,0,백반·죽·국수,본그룹
ba_13233594,2025-03,0.7,2,1.0,0.0,1.0,0.0,0.5,0.0,0.0,0.0,0,백반·죽·국수,본그룹
ba_13233594,2025-04,0.39999999999999997,3,0.6666666666666666,0.3333333333333333,0.3333333333333333,0.0,0.3333333333333333,0.0,0.3333333333333333,0.0,0,백반·죽·국수,본그룹
ba_13233606,2025-01,0.8454545454545456,22,0.9090909090909091,0.0,0.8181818181818182,0.22727272727272727,0.045454545454545456,0.0,0.3181818181818182,0.0,0,백반·죽·국수,본그룹
ba_13233606,2025-02,0.65,4,1.0,0.0,0.5,0.0,0.5,0.0,0.25,0.0,0,백반·죽·국수,본그룹
ba_13233606,2025-03,1.0,1,1.0,0.0,1.0,0.0,0.0,0.0,0.0,0.0,0,백반·죽·국수,본그룹
ba_13233606,2025-04,0.8,2,1.0,0.0,0.5,0.0,0.0,0.0,0.5,0.0,0,백반·죽·국수,본그룹
ba_13233607,2025-03,0.9,4,1.0,0.0,0.5,0.5,0.0,0.0,0.5,0.0,0,백반·죽·국수,본그룹
ba_13233607,2025-04,0.8400000000000001,5,1.0,0.0,0.8,0.0,0.0,0.0,0.0,0.2,0,백반·죽·국수,본그룹
ba_13233639,2025-03,0.6,2,1.0,0.0,0.5,0.5,0.0,0.0,0.5,0.0,0,백반·죽·국수,본그룹
ba_13233639,2025-04,1.0,1,1.0,0.0,1.0,0.0,0.0,0.0,1.0,0.0,0,백반·죽·국수,본그룹
ba_13233688,2025-02,0.8,2,1.0,0.0,1.0,0.5,0.0,0.0,0.5,0.0,0,백반·죽·국수,본그룹
ba_13233716,2025-01,0.6888888888888888,9,0.7777777777777778,0.0,0.7777777777777778,0.1111111111111111,0.2222222222222222,0.0,0.3333333333333333,0.1111111111111111,0,백반·죽·국수,본그룹
ba_13233716,2025-02,1.0,1,1.0,0.0,1.0,1.0,0.0,0.0,0.0,0.0,0,백반·죽·국수,본그룹
ba_13233716,2025-03,0.19999999999999998,3,0.3333333333333333,0.0,0.3333333333333333,0.0,0.3333333333333333,0.0,0.0,0.0,0,백반·죽·국수,본그룹
ba_13233716,2025-04,-1.0,1,0.0,1.0,0.0,0.0,0.0,0.0,0.0,0.0,0,백반·죽·국수,본그룹
ba_13233724,2025-01,0.27999999999999997,5,0.6,0.0,0.8,0.4,0.2,0.2,0.0,0.0,0,백반·죽·국수,본그룹
ba_13233724,2025-02,1.0,2,1.0,0.0,1.0,0.0,0.0,0.0,0.5,0.0,0,백반·죽·국수,본그룹
ba_13233724,2025-03,0.0,1,0.0,0.0,1.0,0.0,0.0,0.0,0.0,0.0,0,백반·죽·국수,본그룹
ba_13233724,2025-04,0.7333333333333334,3,1.0,0.0,1.0,0.3333333333333333,0.0,0.0,0.3333333333333333,0.3333333333333333,0,백반·죽·국수,본그룹
ba_13233726,2025-01,0.5,8,0.75,0.0,0.375,0.125,0.0,0.0,0.125,0.0,0,백반·죽·국수,본그룹
ba_13233726,2025-02,0.85,4,1.0,0.0,0.75,0.25,0.5,0.0,0.5,0.0,0,백반·죽·국수,본그룹
ba_13233726,2025-03,0.4,5,0.8,0.0,0.2,0.0,0.4,0.0,0.6,0.2,0,백반·죽·국수,본그룹
ba_13233726,2025-04,0.6,2,1.0,0.0,0.5,0.5,0.0,0.0,1.0,0.0,0,백반·죽·국수,본그룹
ba_13233735,2025-02,1.0,2,1.0,0.0,1.0,0.0,0.5,0.0,0.0,0.0,0,백반·죽·국수,본그룹
ba_13233735,2025-03,0.5,4,0.75,0.25,0.5,0.0,0.5,0.0,0.25,0.0,0,백반·죽·국수,본그룹
ba_13233735,2025-04,1.0,2,1.0,0.0,1.0,0.0,0.0,0.0,0.5,0.0,0,백반·죽·국수,본그룹
ba_13233742,2025-01,0.7111111111111111,9,0.8888888888888888,0.0,0.8888888888888888,0.3333333333333333,0.3333333333333333,0.0,0.0,0.3333333333333333,0,백반·죽·국수,본그룹
ba_13233742,2025-02,0.26666666666666666,3,0.3333333333333333,0.0,0.0,0.0,0.0,0.0,0.3333333333333333,0.3333333333333333,0,백반·죽·국수,본그룹
ba_13233764,2025-02,0.8571428571428571,21,1.0,0.0,0.7619047619047619,0.14285714285714285,0.3333333333333333,0.0,0.47619047619047616,0.19047619047619047,0,백반·죽·국수,본그룹
ba_13233764,2025-03,0.7714285714285714,7,0.8571428571428571,0.0,0.5714285714285714,0.14285714285714285,0.14285714285714285,0.0,0.42857142857142855,0.14285714285714285,0,백반·죽·국수,본그룹
ba_13233764,2025-04,0.8666666666666667,9,1.0,0.0,0.7777777777777778,0.0,0.2222222222222222,0.0,0.4444444444444444,0.2222222222222222,0,백반·죽·국수,본그룹
ba_13233767,2025-02,0.6,1,1.0,0.0,0.0,0.0,1.0,0.0,0.0,0.0,0,백반·죽·국수,본그룹
ba_13233767,2025-03,0.3,2,0.5,0.0,0.5,0.5,0.0,0.0,0.0,0.0,0,백반·죽·국수,본그룹
ba_13233778,2025-01,0.875,8,1.0,0.0,1.0,0.25,0.125,0.0,0.25,0.0,0,백반·죽·국수,본그룹
ba_13233778,2025-02,0.8800000000000001,5,1.0,0.0,1.0,0.0,0.0,0.0,0.4,0.0,0,백반·죽·국수,본그룹
ba_13233778,2025-03,0.7000000000000001,10,0.9,0.0,0.7,0.0,0.0,0.0,0.0,0.1,0,백반·죽·국수,본그룹
ba_13233778,2025-04,0.8857142857142856,7,1.0,0.0,0.8571428571428571,0.0,0.14285714285714285,0.0,0.42857142857142855,0.2857142857142857,0,백반·죽·국수,본그룹
ba_13233782,2025-02,0.4571428571428572,7,0.7142857142857143,0.0,0.42857142857142855,0.2857142857142857,0.0,0.0,0.14285714285714285,0.0,0,백반·죽·국수,본그룹
ba_13233782,2025-03,0.4666666666666666,3,0.6666666666666666,0.3333333333333333,0.6666666666666666,0.0,0.0,0.0,0.0,0.0,0,백반·죽·국수,본그룹
ba_13233782,2025-04,0.9714285714285714,7,1.0,0.0,1.0,0.14285714285714285,0.0,0.0,0.42857142857142855,0.14285714285714285,0,백반·죽·국수,본그룹
ba_13233856,2025-03,0.6,1,1.0,0.0,0.0,0.0,0.0,0.0,0.0,0.0,0,백반·죽·국수,본그룹
ba_13234034,2025-01,0.65,4,0.75,0.0,0.75,0.0,0.0,0.0,0.0,0.0,0,백반·죽·국수,본그룹
ba_13234034,2025-02,0.7333333333333334,3,1.0,0.0,0.6666666666666666,0.0,0.0,0.0,0.3333333333333333,0.0,0,백반·죽·국수,본그룹
ba_13234034,2025-03,0.4666666666666666,3,1.0,0.0,0.6666666666666666,0.0,0.3333333333333333,0.3333333333333333,0.0,0.0,0,백반·죽·국수,본그룹
ba_13234034,2025-04,1.0,2,1.0,0.0,0.5,0.5,0.0,0.0,0.0,0.0,1,백반·죽·국수,본그룹
ba_13234089,2025-02,0.4,2,1.0,0.0,0.5,0.0,0.0,0.0,0.0,0.0,0,백반·죽·국수,본그룹
ba_13234101,2025-02,0.5333333333333333,3,0.6666666666666666,0.0,0.6666666666666666,0.0,0.0,0.0,0.0,0.0,0,백반·죽·국수,본그룹
ba_13234188,2025-01,0.7365853658536584,41,0.9024390243902439,0.024390243902439025,0.7804878048780488,0.0975609756097561,0.17073170731707318,0.0,0.36585365853658536,0.04878048780487805,0,백반·죽·국수,본그룹
ba_13234188,2025-02,0.7749999999999999,8,0.875,0.0,0.875,0.25,0.125,0.0,0.25,0.125,0,백반·죽·국수,본그룹
ba_13234188,2025-03,0.4,5,0.6,0.2,0.4,0.6,0.0,0.0,0.2,0.0,0,백반·죽·국수,본그룹
ba_13234188,2025-04,0.7000000000000001,6,0.8333333333333334,0.0,0.8333333333333334,0.0,0.0,0.0,0.0,0.0,0,백반·죽·국수,본그룹
ba_13234193,2025-04,0.0,1,0.0,0.0,0.0,0.0,0.0,0.0,0.0,0.0,0,백반·죽·국수,본그룹
ba_13234193,2025-01,0.32,5,0.8,0.0,0.4,0.0,0.6,0.0,0.0,0.0,0,백반·죽·국수,본그룹
ba_13234193,2025-02,0.55,8,0.75,0.0,0.375,0.25,0.125,0.0,0.25,0.125,0,백반·죽·국수,본그룹
ba_13234193,2025-03,0.8333333333333334,6,1.0,0.0,1.0,0.3333333333333333,0.16666666666666666,0.0,0.3333333333333333,0.0,0,백반·죽·국수,본그룹
ba_13234475,2025-01,0.6666666666666666,6,0.8333333333333334,0.0,0.8333333333333334,0.0,0.16666666666666666,0.0,0.0,0.0,0,백반·죽·국수,본그룹
ba_13234475,2025-02,0.8,2,1.0,0.0,0.5,0.0,0.0,0.0,0.5,0.0,0,백반·죽·국수,본그룹
ba_13234475,2025-03,0.3,2,0.5,0.0,0.0,0.0,0.0,0.0,0.5,0.0,0,백반·죽·국수,본그룹
ba_13234523,2025-01,0.8095238095238095,84,0.9285714285714286,0.0,0.7380952380952381,0.23809523809523808,0.11904761904761904,0.0,0.23809523809523808,0.14285714285714285,0,백반·죽·국수,본그룹
ba_13234523,2025-02,0.7777777777777779,9,1.0,0.0,0.6666666666666666,0.4444444444444444,0.2222222222222222,0.0,0.2222222222222222,0.4444444444444444,0,백반·죽·국수,본그룹
ba_13234523,2025-03,0.2,2,1.0,0.0,1.0,0.0,0.0,0.0,0.0,0.0,0,백반·죽·국수,본그룹
ba_13234578,2025-02,0.8,2,1.0,0.0,1.0,0.0,0.0,0.0,0.0,0.0,0,백반·죽·국수,본그룹
ba_13234578,2025-03,0.6,1,1.0,0.0,1.0,0.0,0.0,0.0,0.0,0.0,0,백반·죽·국수,본그룹
ba_13234578,2025-04,1.0,1,1.0,0.0,1.0,1.0,0.0,0.0,0.0,0.0,0,백반·죽·국수,본그룹
ba_13234790,2025-01,0.6000000000000001,16,0.75,0.0625,0.8125,0.125,0.125,0.0,0.1875,0.25,0,치킨,굽네치킨
ba_13234790,2025-02,0.875,16,1.0,0.0,0.9375,0.125,0.25,0.0,0.125,0.0,0,치킨,굽네치킨
ba_13234790,2025-03,0.48888888888888893,9,0.5555555555555556,0.1111111111111111,0.5555555555555556,0.0,0.1111111111111111,0.0,0.2222222222222222,0.1111111111111111,0,치킨,굽네치킨
ba_13234790,2025-04,0.8,4,1.0,0.0,1.0,0.0,0.0,0.0,0.0,0.0,0,치킨,굽네치킨
ba_13235318,2025-03,1.0,1,1.0,0.0,1.0,1.0,0.0,0.0,1.0,0.0,0,백반·죽·국수,본그룹
ba_13235498,2025-01,0.4666666666666667,9,0.6666666666666666,0.2222222222222222,0.7777777777777778,0.2222222222222222,0.3333333333333333,0.0,0.1111111111111111,0.0,0,백반·죽·국수,본그룹
ba_13235498,2025-03,0.4,2,0.5,0.0,0.5,0.5,0.0,0.0,0.0,0.0,0,백반·죽·국수,본그룹
ba_13235498,2025-04,0.6,2,1.0,0.0,1.0,0.0,0.0,0.0,0.0,0.0,0,백반·죽·국수,본그룹
ba_13235500,2025-02,0.0,1,0.0,0.0,0.0,0.0,0.0,0.0,0.0,0.0,0,백반·죽·국수,본그룹
ba_13235500,2025-03,0.6,2,1.0,0.0,0.5,0.0,0.5,0.0,0.0,0.0,0,백반·죽·국수,본그룹
ba_13235508,2025-02,1.0,1,1.0,0.0,1.0,0.0,0.0,0.0,0.0,0.0,0,백반·죽·국수,본그룹
ba_13235508,2025-04,1.0,1,1.0,0.0,1.0,1.0,0.0,0.0,0.0,0.0,0,백반·죽·국수,본그룹
ba_13235535,2025-01,0.43999999999999995,5,0.8,0.0,0.2,0.4,0.0,0.0,0.2,0.0,0,백반·죽·국수,본그룹
ba_13235535,2025-03,1.0,1,1.0,0.0,1.0,0.0,0.0,0.0,0.0,0.0,0,백반·죽·국수,본그룹
ba_13235557,2025-03,0.75,4,0.75,0.0,0.75,0.25,0.25,0.0,0.0,0.0,0,백반·죽·국수,본그룹
ba_13235588,2025-01,0.7000000000000001,6,0.8333333333333334,0.0,0.5,0.0,0.16666666666666666,0.0,0.5,0.0,0,백반·죽·국수,본그룹
ba_13235588,2025-02,1.0,1,1.0,0.0,1.0,1.0,0.0,0.0,0.0,0.0,0,백반·죽·국수,본그룹
ba_13235588,2025-03,0.6,1,1.0,0.0,0.0,0.0,0.0,0.0,0.0,0.0,0,백반·죽·국수,본그룹
ba_13235588,2025-04,0.6,1,1.0,0.0,0.0,1.0,0.0,0.0,1.0,0.0,0,백반·죽·국수,본그룹
ba_13235631,2025-02,0.8666666666666667,3,1.0,0.0,0.6666666666666666,0.3333333333333333,0.0,0.0,0.0,0.0,0,백반·죽·국수,본그룹
ba_13236401,2025-03,0.09999999999999998,2,0.5,0.5,0.5,0.5,0.5,0.0,0.0,0.0,0,백반·죽·국수,본그룹
ba_13236481,2025-02,0.6,3,1.0,0.0,0.6666666666666666,0.3333333333333333,0.0,0.0,0.3333333333333333,0.3333333333333333,0,백반·죽·국수,본그룹
ba_13236481,2025-03,0.95,4,1.0,0.0,1.0,0.25,0.25,0.0,0.25,0.25,0,백반·죽·국수,본그룹
ba_13236481,2025-04,0.8800000000000001,5,1.0,0.0,1.0,0.0,0.0,0.0,0.0,0.2,0,백반·죽·국수,본그룹
ba_13236745,2025-01,0.3111111111111111,9,0.7777777777777778,0.1111111111111111,0.6666666666666666,0.1111111111111111,0.2222222222222222,0.1111111111111111,0.2222222222222222,0.0,0,백반·죽·국수,본그룹
ba_13236745,2025-02,0.6,3,1.0,0.0,0.3333333333333333,0.0,0.0,0.0,0.0,0.0,0,백반·죽·국수,본그룹
ba_13236745,2025-03,0.25,4,0.25,0.0,0.25,0.0,0.0,0.0,0.0,0.0,0,백반·죽·국수,본그룹
ba_13236745,2025-04,0.55,4,0.75,0.0,0.75,0.0,0.0,0.0,0.0,0.0,0,백반·죽·국수,본그룹
ba_13237293,2025-03,1.0,2,1.0,0.0,1.0,0.0,0.0,0.0,0.0,0.5,0,백반·죽·국수,본그룹
ba_13237700,2025-01,0.4727272727272726,22,0.7727272727272727,0.045454545454545456,0.45454545454545453,0.13636363636363635,0.045454545454545456,0.0,0.18181818181818182,0.0,0,백반·죽·국수,본그룹
ba_13237700,2025-02,0.2923076923076924,13,0.8461538461538461,0.07692307692307693,0.23076923076923078,0.15384615384615385,0.07692307692307693,0.0,0.3076923076923077,0.07692307692307693,0,백반·죽·국수,본그룹
ba_13237700,2025-03,0.6666666666666666,3,0.6666666666666666,0.0,0.6666666666666666,0.0,0.0,0.0,0.0,0.0,0,백반·죽·국수,본그룹
ba_13237700,2025-04,0.7333333333333334,3,1.0,0.0,0.6666666666666666,0.3333333333333333,0.0,0.0,0.3333333333333333,0.0,0,백반·죽·국수,본그룹
ba_13248384,2025-01,0.6333333333333333,6,0.6666666666666666,0.0,0.6666666666666666,0.0,0.3333333333333333,0.0,0.0,0.0,0,백반·죽·국수,본그룹
ba_13248384,2025-03,0.75,4,1.0,0.0,1.0,0.25,0.0,0.0,0.0,0.0,0,백반·죽·국수,본그룹
ba_13249105,2025-02,1.0,1,1.0,0.0,1.0,0.0,0.0,0.0,0.0,0.0,1,피자,굽네치킨
ba_13249989,2025-01,1.0,1,1.0,0.0,1.0,0.0,0.0,0.0,0.0,0.0,1,치킨,굽네치킨
ba_13249989,2025-02,0.7749999999999999,160,0.93125,0.00625,0.80625,0.10625,0.1,0.0,0.1,0.075,0,치킨,굽네치킨
ba_13249989,2025-03,0.7906249999999999,64,0.921875,0.015625,0.796875,0.03125,0.0625,0.0,0.03125,0.046875,0,치킨,굽네치킨
ba_13249989,2025-04,0.7673469387755102,98,0.9081632653061225,0.01020408163265306,0.8571428571428571,0.07142857142857142,0.11224489795918367,0.0,0.061224489795918366,0.09183673469387756,0,치킨,굽네치킨
ba_13251048,2025-02,0.6,1,1.0,0.0,1.0,0.0,0.0,0.0,0.0,0.0,0,백반·죽·국수,본그룹
ba_13251048,2025-03,1.0,1,1.0,0.0,1.0,0.0,0.0,0.0,1.0,0.0,0,백반·죽·국수,본그룹
ba_13251048,2025-04,-1.0,1,0.0,1.0,1.0,1.0,0.0,0.0,0.0,0.0,0,백반·죽·국수,본그룹
ba_13260523,2025-02,1.0,1,1.0,0.0,1.0,0.0,0.0,0.0,1.0,0.0,0,백반·죽·국수,본그룹
ba_13260523,2025-03,0.7333333333333334,3,1.0,0.0,1.0,0.0,0.0,0.0,0.0,0.3333333333333333,0,백반·죽·국수,본그룹
ba_13260523,2025-04,0.6666666666666666,3,1.0,0.0,1.0,0.3333333333333333,0.0,0.0,0.0,0.0,0,백반·죽·국수,본그룹
ba_13260584,2025-02,1.0,1,1.0,0.0,1.0,0.0,0.0,0.0,0.0,0.0,0,백반·죽·국수,본그룹
ba_13260584,2025-03,0.0,1,0.0,0.0,0.0,0.0,0.0,0.0,0.0,0.0,0,백반·죽·국수,본그룹
ba_13260584,2025-04,0.36,5,0.8,0.0,0.2,0.0,0.2,0.0,0.4,0.0,0,백반·죽·국수,본그룹
ba_13267079,2025-01,0.5599999999999999,5,1.0,0.0,0.6,0.4,0.4,0.0,0.4,0.0,0,백반·죽·국수,본그룹
ba_13267079,2025-02,1.0,1,1.0,0.0,1.0,0.0,0.0,0.0,0.0,0.0,0,백반·죽·국수,본그룹
ba_13267079,2025-04,1.0,1,1.0,0.0,1.0,0.0,0.0,0.0,1.0,0.0,1,백반·죽·국수,본그룹
ba_13268955,2025-01,0.7142857142857143,7,0.8571428571428571,0.14285714285714285,0.7142857142857143,0.14285714285714285,0.2857142857142857,0.0,0.42857142857142855,0.0,0,백반·죽·국수,본그룹
ba_13268955,2025-02,0.4000000000000001,3,0.6666666666666666,0.0,0.3333333333333333,0.3333333333333333,0.0,0.0,0.0,0.0,0,백반·죽·국수,본그룹
ba_13268955,2025-03,0.5,2,0.5,0.0,0.5,0.0,0.0,0.0,0.5,0.0,0,백반·죽·국수,본그룹
ba_13268955,2025-04,0.5,2,0.5,0.0,0.5,0.5,0.5,0.0,0.5,0.0,0,백반·죽·국수,본그룹
ba_13292835,2025-02,1.0,1,1.0,0.0,1.0,0.0,0.0,0.0,1.0,0.0,0,백반·죽·국수,본그룹
ba_13311793,2025-03,0.7870967741935483,31,0.9032258064516129,0.03225806451612903,0.8064516129032258,0.12903225806451613,0.12903225806451613,0.03225806451612903,0.0,0.1935483870967742,1,치킨,굽네치킨
ba_13311793,2025-04,0.6869565217391304,23,0.8260869565217391,0.08695652173913043,0.9565217391304348,0.13043478260869565,0.13043478260869565,0.0,0.0,0.043478260869565216,0,치킨,굽네치킨
ba_13313413,2025-01,0.68,20,0.85,0.05,0.75,0.2,0.05,0.0,0.1,0.05,0,치킨,굽네치킨
ba_13313413,2025-02,0.624,25,0.76,0.08,0.8,0.16,0.08,0.0,0.04,0.12,0,치킨,굽네치킨
ba_13313413,2025-03,0.7519999999999999,25,0.88,0.0,0.8,0.0,0.12,0.0,0.08,0.16,0,치킨,굽네치킨
ba_13313413,2025-04,0.7142857142857143,14,0.8571428571428571,0.07142857142857142,1.0,0.0,0.07142857142857142,0.0,0.0,0.14285714285714285,0,치킨,굽네치킨
ba_13313909,2025-01,0.8923076923076922,13,0.9230769230769231,0.0,0.9230769230769231,0.0,0.07692307692307693,0.0,0.0,0.07692307692307693,0,치킨,굽네치킨
ba_13313909,2025-04,0.4857142857142857,7,0.7142857142857143,0.14285714285714285,0.7142857142857143,0.14285714285714285,0.14285714285714285,0.0,0.14285714285714285,0.0,1,치킨,굽네치킨
ba_13313909,2025-02,0.6727272727272727,11,0.8181818181818182,0.0,0.7272727272727273,0.0,0.0,0.0,0.0,0.0,0,치킨,굽네치킨
ba_13313909,2025-03,0.4,5,0.8,0.0,0.6,0.2,0.0,0.0,0.0,0.0,1,치킨,굽네치킨
ba_13379446,2025-01,0.8,5,0.8,0.0,0.8,0.2,0.4,0.0,0.4,0.2,0,치킨,굽네치킨
ba_13379446,2025-02,0.6000000000000001,2,1.0,0.0,1.0,0.5,0.5,0.0,0.5,0.0,1,치킨,굽네치킨
ba_13379446,2025-03,0.6363636363636364,11,0.8181818181818182,0.09090909090909091,0.9090909090909091,0.0,0.09090909090909091,0.0,0.0,0.0,0,치킨,굽네치킨
ba_13379446,2025-04,0.16666666666666666,6,0.3333333333333333,0.3333333333333333,0.5,0.0,0.0,0.0,0.0,0.0,0,치킨,굽네치킨
ba_13412065,2025-02,0.7086956521739131,138,0.8768115942028986,0.043478260869565216,0.8188405797101449,0.15217391304347827,0.16666666666666666,0.007246376811594203,0.08695652173913043,0.07246376811594203,0,치킨,굽네치킨
ba_13412065,2025-03,0.7204819277108435,83,0.891566265060241,0.012048192771084338,0.8313253012048193,0.0963855421686747,0.12048192771084337,0.0,0.03614457831325301,0.024096385542168676,0,치킨,굽네치킨
ba_13412065,2025-04,0.6824742268041237,97,0.8556701030927835,0.0,0.7628865979381443,0.08247422680412371,0.1134020618556701,0.0,0.1134020618556701,0.030927835051546393,0,치킨,굽네치킨
ba_13436824,2025-01,0.9199999999999999,5,1.0,0.0,0.6,0.0,0.0,0.0,0.4,0.0,0,백반·죽·국수,본그룹
ba_13436824,2025-03,1.0,1,1.0,0.0,1.0,0.0,0.0,0.0,0.0,0.0,0,백반·죽·국수,본그룹
ba_13436824,2025-04,1.0,1,1.0,0.0,1.0,0.0,0.0,0.0,0.0,0.0,0,백반·죽·국수,본그룹
ba_13451078,2025-03,1.0,1,1.0,0.0,1.0,0.0,1.0,0.0,0.0,0.0,0,백반·죽·국수,본그룹
ba_13451078,2025-04,0.7,2,1.0,0.0,0.5,0.0,0.0,0.0,0.0,0.0,0,백반·죽·국수,본그룹
ba_13459937,2025-02,0.6000000000000001,9,0.6666666666666666,0.0,0.5555555555555556,0.2222222222222222,0.0,0.0,0.0,0.1111111111111111,1,치킨,굽네치킨
ba_13459937,2025-03,0.5857142857142856,14,0.8571428571428571,0.0,0.7142857142857143,0.14285714285714285,0.21428571428571427,0.0,0.14285714285714285,0.0,1,치킨,굽네치킨
ba_13459937,2025-04,0.7454545454545454,11,0.9090909090909091,0.0,0.8181818181818182,0.0,0.18181818181818182,0.0,0.09090909090909091,0.09090909090909091,1,치킨,굽네치킨
ba_13471384,2025-02,0.7333333333333334,3,1.0,0.0,1.0,0.0,0.0,0.0,0.0,0.0,0,백반·죽·국수,본그룹
ba_13471384,2025-03,0.5333333333333333,3,0.6666666666666666,0.0,0.3333333333333333,0.3333333333333333,0.3333333333333333,0.0,0.3333333333333333,0.0,0,백반·죽·국수,본그룹
ba_13471384,2025-04,0.4,1,1.0,0.0,0.0,0.0,0.0,0.0,0.0,0.0,0,백반·죽·국수,본그룹
ba_13472981,2025-01,0.6,1,1.0,0.0,1.0,0.0,0.0,0.0,0.0,0.0,1,피자,굽네치킨
ba_13473077,2025-02,0.8666666666666666,6,1.0,0.0,0.5,0.0,0.3333333333333333,0.0,0.3333333333333333,0.16666666666666666,0,백반·죽·국수,본그룹
ba_13473077,2025-01,0.62,10,1.0,0.0,0.6,0.0,0.2,0.0,0.2,0.0,0,백반·죽·국수,본그룹
ba_13473077,2025-03,1.0,1,1.0,0.0,1.0,1.0,0.0,0.0,0.0,0.0,0,백반·죽·국수,본그룹
ba_13473077,2025-04,1.0,3,1.0,0.0,1.0,0.0,0.0,0.0,0.0,0.0,0,백반·죽·국수,본그룹
ba_13475914,2025-01,0.7875,16,0.875,0.0,0.8125,0.125,0.375,0.0,0.125,0.0625,0,백반·죽·국수,본그룹
ba_13475914,2025-02,0.7833333333333333,12,0.9166666666666666,0.0,0.6666666666666666,0.0,0.08333333333333333,0.0,0.08333333333333333,0.0,0,백반·죽·국수,본그룹
ba_13475914,2025-03,0.6857142857142858,7,1.0,0.0,0.5714285714285714,0.14285714285714285,0.2857142857142857,0.0,0.14285714285714285,0.0,0,백반·죽·국수,본그룹
ba_13475914,2025-04,0.9800000000000001,10,1.0,0.0,0.9,0.2,0.4,0.0,0.2,0.0,0,백반·죽·국수,본그룹
ba_13477857,2025-02,-0.2,1,0.0,1.0,0.0,1.0,0.0,0.0,0.0,0.0,0,백반·죽·국수,본그룹
ba_13477857,2025-03,0.5,2,1.0,0.0,0.0,0.0,0.5,0.0,0.0,0.0,0,백반·죽·국수,본그룹
ba_13477857,2025-04,0.7333333333333334,3,1.0,0.0,0.6666666666666666,0.0,0.3333333333333333,0.0,0.0,0.0,1,백반·죽·국수,본그룹
ba_13492399,2025-02,0.7333333333333334,3,1.0,0.0,0.6666666666666666,0.0,0.0,0.0,0.6666666666666666,0.0,0,백반·죽·국수,본그룹
ba_13492399,2025-03,1.0,2,1.0,0.0,1.0,0.5,0.0,0.0,0.0,0.0,0,백반·죽·국수,본그룹
ba_13492399,2025-04,0.85,4,1.0,0.0,0.75,0.25,0.0,0.0,0.5,0.0,0,백반·죽·국수,본그룹
ba_13504506,2025-02,-0.1,2,0.0,0.5,0.0,0.5,0.0,0.0,0.0,0.0,0,백반·죽·국수,본그룹
ba_13522931,2025-02,0.6,6,0.8333333333333334,0.0,0.6666666666666666,0.3333333333333333,0.0,0.0,0.0,0.0,0,백반·죽·국수,본그룹
ba_13522931,2025-03,0.6666666666666666,6,1.0,0.0,0.5,0.0,0.0,0.0,0.3333333333333333,0.0,0,백반·죽·국수,본그룹
ba_13522931,2025-04,0.7,4,1.0,0.0,0.75,0.25,0.25,0.0,0.25,0.25,0,백반·죽·국수,본그룹
ba_13539608,2025-04,0.6166666666666666,24,0.7916666666666666,0.08333333333333333,0.6666666666666666,0.16666666666666666,0.125,0.0,0.20833333333333334,0.041666666666666664,0,치킨,굽네치킨
ba_13539608,2025-01,0.72,50,0.9,0.0,0.8,0.12,0.06,0.0,0.08,0.06,0,치킨,굽네치킨
ba_13539608,2025-02,0.6523809523809524,42,0.8095238095238095,0.023809523809523808,0.7380952380952381,0.09523809523809523,0.07142857142857142,0.0,0.14285714285714285,0.07142857142857142,0,치킨,굽네치킨
ba_13539608,2025-03,0.6400000000000001,25,0.76,0.16,0.96,0.08,0.12,0.04,0.08,0.16,0,치킨,굽네치킨
ba_13539851,2025-01,0.78,10,0.9,0.0,0.9,0.0,0.2,0.0,0.1,0.0,0,치킨,굽네치킨
ba_13539851,2025-02,1.0,4,1.0,0.0,1.0,0.25,0.0,0.0,0.0,0.0,0,치킨,굽네치킨
ba_13539851,2025-03,0.6571428571428571,7,0.8571428571428571,0.14285714285714285,0.8571428571428571,0.2857142857142857,0.14285714285714285,0.0,0.0,0.0,0,치킨,굽네치킨
ba_13539851,2025-04,1.0,4,1.0,0.0,1.0,0.5,0.25,0.0,0.0,0.25,0,치킨,굽네치킨
ba_13539979,2025-02,1.0,2,1.0,0.0,1.0,0.0,0.0,0.0,0.0,0.0,0,백반·죽·국수,본그룹
ba_13539979,2025-04,0.6,2,1.0,0.0,0.5,0.0,0.5,0.0,0.0,0.0,0,백반·죽·국수,본그룹
ba_13550240,2025-02,1.0,4,1.0,0.0,1.0,0.25,0.25,0.0,0.5,0.0,0,백반·죽·국수,본그룹
ba_13550240,2025-03,1.0,3,1.0,0.0,1.0,0.0,0.0,0.0,0.0,0.0,0,백반·죽·국수,본그룹
ba_13550240,2025-04,-0.4,1,0.0,1.0,0.0,1.0,0.0,0.0,1.0,1.0,0,백반·죽·국수,본그룹
ba_13574800,2025-01,0.7666666666666668,36,0.9722222222222222,0.027777777777777776,0.8888888888888888,0.05555555555555555,0.05555555555555555,0.0,0.08333333333333333,0.16666666666666666,0,치킨,굽네치킨
ba_13574800,2025-02,0.8380952380952381,42,0.9761904761904762,0.0,0.8809523809523809,0.047619047619047616,0.047619047619047616,0.0,0.047619047619047616,0.023809523809523808,0,치킨,굽네치킨
ba_13574800,2025-03,0.8923076923076922,13,1.0,0.0,0.9230769230769231,0.07692307692307693,0.07692307692307693,0.0,0.0,0.07692307692307693,0,치킨,굽네치킨
ba_13574800,2025-04,0.7428571428571429,14,0.9285714285714286,0.0,0.9285714285714286,0.0,0.0,0.0,0.07142857142857142,0.07142857142857142,0,치킨,굽네치킨
ba_13580972,2025-01,0.7872340425531915,47,0.8936170212765957,0.02127659574468085,0.7659574468085106,0.06382978723404255,0.1276595744680851,0.0,0.19148936170212766,0.0851063829787234,0,치킨,굽네치킨
ba_13580972,2025-02,0.8500000000000001,36,0.9722222222222222,0.0,0.9166666666666666,0.1111111111111111,0.1111111111111111,0.0,0.027777777777777776,0.16666666666666666,0,치킨,굽네치킨
ba_13580972,2025-03,0.725,32,0.96875,0.0,0.78125,0.09375,0.25,0.0,0.03125,0.125,0,치킨,굽네치킨
ba_13580972,2025-04,0.7885714285714286,35,0.9428571428571428,0.0,0.8,0.0,0.14285714285714285,0.0,0.05714285714285714,0.02857142857142857,1,치킨,굽네치킨
ba_13584348,2025-02,0.7111111111111111,18,0.8888888888888888,0.05555555555555555,0.7777777777777778,0.1111111111111111,0.1111111111111111,0.0,0.0,0.0,0,치킨,굽네치킨
ba_13584348,2025-03,0.7538461538461537,13,0.8461538461538461,0.0,0.7692307692307693,0.0,0.07692307692307693,0.0,0.07692307692307693,0.0,0,치킨,굽네치킨
ba_13584348,2025-04,0.7555555555555555,9,1.0,0.0,0.8888888888888888,0.0,0.2222222222222222,0.0,0.0,0.0,0,치킨,굽네치킨
ba_13584348,2025-01,0.8000000000000002,36,0.9722222222222222,0.0,0.9166666666666666,0.1111111111111111,0.3055555555555556,0.0,0.1111111111111111,0.027777777777777776,0,치킨,굽네치킨
ba_13596071,2025-01,0.7999999999999999,9,1.0,0.0,1.0,0.1111111111111111,0.1111111111111111,0.0,0.2222222222222222,0.0,0,백반·죽·국수,본그룹
ba_13596730,2025-01,0.6,4,0.75,0.0,1.0,0.25,0.25,0.0,0.0,0.0,0,치킨,굽네치킨
ba_13596730,2025-02,1.0,4,1.0,0.0,1.0,0.25,0.25,0.0,0.25,0.0,0,치킨,굽네치킨
ba_13596730,2025-03,0.5272727272727272,11,0.7272727272727273,0.09090909090909091,0.5454545454545454,0.36363636363636365,0.2727272727272727,0.0,0.09090909090909091,0.0,1,치킨,굽네치킨
ba_13596730,2025-04,0.6,2,1.0,0.0,0.5,0.0,0.0,0.0,0.0,0.0,1,치킨,굽네치킨
ba_13612153,2025-02,0.8666666666666667,3,1.0,0.0,1.0,0.0,0.0,0.0,0.0,0.0,0,백반·죽·국수,본그룹
ba_13612153,2025-04,0.2,1,1.0,0.0,0.0,0.0,1.0,0.0,1.0,0.0,0,백반·죽·국수,본그룹
ba_13630053,2025-02,0.6,2,1.0,0.0,1.0,0.5,0.0,0.0,0.0,0.5,0,백반·죽·국수,본그룹
ba_13630053,2025-03,0.1,2,0.5,0.0,0.0,0.5,0.0,0.0,0.0,0.0,1,백반·죽·국수,본그룹
ba_13630053,2025-04,0.6,3,0.6666666666666666,0.0,0.3333333333333333,0.3333333333333333,0.3333333333333333,0.0,0.3333333333333333,0.0,0,백반·죽·국수,본그룹
ba_13639608,2025-01,0.6777777777777779,36,0.8333333333333334,0.05555555555555555,0.75,0.027777777777777776,0.2222222222222222,0.0,0.1111111111111111,0.027777777777777776,0,치킨,굽네치킨
ba_13639608,2025-02,0.5515151515151515,33,0.8181818181818182,0.030303030303030304,0.696969696969697,0.12121212121212122,0.15151515151515152,0.0,0.06060606060606061,0.06060606060606061,0,치킨,굽네치킨
ba_13639608,2025-03,0.7047619047619049,42,0.8809523809523809,0.023809523809523808,0.7857142857142857,0.047619047619047616,0.09523809523809523,0.0,0.07142857142857142,0.07142857142857142,1,치킨,굽네치킨
ba_13639608,2025-04,0.7727272727272728,66,0.9090909090909091,0.0,0.8484848484848485,0.045454545454545456,0.015151515151515152,0.0,0.09090909090909091,0.045454545454545456,0,치킨,굽네치킨
ba_13651212,2025-01,0.43999999999999995,10,0.8,0.1,0.6,0.1,0.1,0.0,0.1,0.0,0,백반·죽·국수,본그룹
ba_13651212,2025-02,-0.2,1,0.0,1.0,1.0,0.0,0.0,0.0,0.0,0.0,0,백반·죽·국수,본그룹
ba_13651212,2025-03,0.4000000000000001,3,0.6666666666666666,0.0,0.0,0.6666666666666666,0.3333333333333333,0.0,0.0,0.3333333333333333,0,백반·죽·국수,본그룹
ba_13651212,2025-04,1.0,1,1.0,0.0,1.0,0.0,1.0,0.0,0.0,0.0,0,백반·죽·국수,본그룹
ba_13683573,2025-01,0.52,10,0.8,0.0,0.6,0.2,0.1,0.0,0.1,0.0,0,백반·죽·국수,본그룹
ba_13683573,2025-02,0.35,4,0.75,0.0,0.5,0.0,0.0,0.0,0.25,0.0,0,백반·죽·국수,본그룹
ba_13683573,2025-03,0.64,5,0.8,0.0,0.8,0.0,0.0,0.0,0.0,0.0,0,백반·죽·국수,본그룹
ba_13683573,2025-04,0.4666666666666666,3,1.0,0.0,0.3333333333333333,0.3333333333333333,0.0,0.0,0.6666666666666666,0.0,0,백반·죽·국수,본그룹
ba_13722581,2025-04,1.0,1,1.0,0.0,1.0,0.0,0.0,0.0,0.0,0.0,1,백반·죽·국수,본그룹
ba_13730162,2025-03,-0.2,1,0.0,1.0,0.0,0.0,0.0,0.0,0.0,0.0,0,백반·죽·국수,본그룹
ba_13752011,2025-02,0.728358208955224,134,0.8507462686567164,0.0,0.8134328358208955,0.05223880597014925,0.11194029850746269,0.0,0.11940298507462686,0.05970149253731343,0,치킨,굽네치킨
ba_13752011,2025-01,0.7305555555555554,144,0.8541666666666666,0.027777777777777776,0.8055555555555556,0.09722222222222222,0.1388888888888889,0.006944444444444444,0.1111111111111111,0.05555555555555555,0,치킨,굽네치킨
ba_13752011,2025-03,0.7864864864864867,74,0.9459459459459459,0.0,0.9054054054054054,0.05405405405405406,0.12162162162162163,0.0,0.10810810810810811,0.05405405405405406,0,치킨,굽네치킨
ba_13752011,2025-04,0.7975609756097561,82,0.9146341463414634,0.0,0.8658536585365854,0.06097560975609756,0.06097560975609756,0.012195121951219513,0.14634146341463414,0.012195121951219513,0,치킨,굽네치킨
ba_13768149,2025-02,0.6,1,1.0,0.0,1.0,0.0,0.0,0.0,0.0,0.0,1,치킨,굽네치킨
ba_13769748,2025-01,0.2,1,1.0,0.0,1.0,0.0,0.0,0.0,0.0,0.0,1,치킨,굽네치킨
ba_13769748,2025-02,1.0,2,1.0,0.0,1.0,0.5,0.0,0.0,0.0,0.0,0,치킨,굽네치킨
ba_13769748,2025-03,1.0,1,1.0,0.0,1.0,0.0,0.0,0.0,0.0,0.0,1,치킨,굽네치킨
ba_13769748,2025-04,0.7,2,1.0,0.0,0.5,0.5,0.5,0.0,0.5,0.0,1,치킨,굽네치킨
ba_13787561,2025-03,0.6,4,0.75,0.0,0.5,0.0,0.5,0.0,0.25,0.0,1,백반·죽·국수,본그룹
ba_13787561,2025-04,1.0,6,1.0,0.0,1.0,0.3333333333333333,0.3333333333333333,0.0,0.0,0.0,0,백반·죽·국수,본그룹
ba_13870012,2025-01,0.6499999999999999,8,0.875,0.0,0.625,0.25,0.0,0.0,0.25,0.0,0,백반·죽·국수,본그룹
ba_13870012,2025-02,0.6666666666666666,3,0.6666666666666666,0.0,0.6666666666666666,0.0,0.3333333333333333,0.0,0.3333333333333333,0.0,0,백반·죽·국수,본그룹
ba_13870012,2025-03,0.2,1,1.0,0.0,1.0,0.0,0.0,0.0,0.0,0.0,0,백반·죽·국수,본그룹
ba_13918069,2025-03,0.6,3,0.6666666666666666,0.3333333333333333,0.6666666666666666,0.0,0.6666666666666666,0.0,0.3333333333333333,0.3333333333333333,0,백반·죽·국수,본그룹
ba_13918069,2025-01,0.7200000000000001,15,0.8666666666666667,0.06666666666666667,0.7333333333333333,0.13333333333333333,0.06666666666666667,0.0,0.13333333333333333,0.06666666666666667,0,백반·죽·국수,본그룹
ba_13918069,2025-02,1.0,2,1.0,0.0,1.0,0.5,0.5,0.0,0.5,0.0,0,백반·죽·국수,본그룹
ba_13928548,2025-01,0.7625,32,0.90625,0.03125,0.78125,0.0625,0.125,0.0,0.0,0.0,0,치킨,굽네치킨
ba_13928548,2025-02,0.7363636363636363,22,0.9545454545454546,0.0,0.8636363636363636,0.0,0.18181818181818182,0.0,0.13636363636363635,0.0,0,치킨,굽네치킨
ba_13928548,2025-03,0.5333333333333333,3,0.6666666666666666,0.0,0.6666666666666666,0.0,0.0,0.0,0.0,0.0,0,치킨,굽네치킨
ba_13928548,2025-04,0.3333333333333333,3,0.6666666666666666,0.0,0.3333333333333333,0.0,0.3333333333333333,0.0,0.0,0.0,1,치킨,굽네치킨
ba_13972155,2025-04,0.8,2,1.0,0.0,1.0,0.0,0.0,0.0,0.0,0.0,0,피자,굽네치킨
ba_13972595,2025-01,0.5599999999999999,5,1.0,0.0,0.8,0.0,0.0,0.0,0.2,0.0,0,피자,굽네치킨
ba_13972595,2025-02,1.0,1,1.0,0.0,1.0,0.0,0.0,0.0,0.0,0.0,0,피자,굽네치킨
ba_13972771,2025-04,0.8,4,1.0,0.0,0.75,0.0,0.0,0.0,0.0,0.0,0,피자,굽네치킨
ba_13972819,2025-02,1.0,1,1.0,0.0,1.0,0.0,0.0,0.0,0.0,0.0,0,피자,굽네치킨
ba_13973349,2025-02,1.0,1,1.0,0.0,1.0,0.0,1.0,0.0,0.0,0.0,1,피자,굽네치킨
ba_13973813,2025-03,0.75,4,1.0,0.0,0.5,0.0,0.0,0.0,0.0,0.25,1,피자,굽네치킨
ba_13973813,2025-04,1.0,2,1.0,0.0,1.0,0.0,0.0,0.0,0.5,0.0,0,피자,굽네치킨
ba_13973901,2025-03,0.8,1,1.0,0.0,1.0,0.0,0.0,0.0,0.0,0.0,1,피자,굽네치킨
ba_13974075,2025-04,0.6,1,1.0,0.0,0.0,0.0,0.0,0.0,0.0,0.0,0,피자,굽네치킨
ba_13975731,2025-03,0.4,1,1.0,0.0,1.0,0.0,0.0,0.0,0.0,0.0,1,피자,굽네치킨
ba_13975731,2025-04,0.8,2,1.0,0.0,1.0,0.0,0.0,0.0,0.5,0.0,1,피자,굽네치킨
ba_14042200,2025-02,0.8,2,1.0,0.0,1.0,1.0,0.0,0.0,0.0,0.5,0,백반·죽·국수,본그룹
ba_14049107,2025-01,0.5333333333333333,21,0.6666666666666666,0.047619047619047616,0.5714285714285714,0.09523809523809523,0.2857142857142857,0.0,0.09523809523809523,0.0,0,치킨,굽네치킨
ba_14049107,2025-02,0.6,9,0.6666666666666666,0.3333333333333333,0.6666666666666666,0.2222222222222222,0.3333333333333333,0.0,0.0,0.1111111111111111,0,치킨,굽네치킨
ba_14049107,2025-03,0.38095238095238093,21,0.6666666666666666,0.19047619047619047,0.6666666666666666,0.14285714285714285,0.19047619047619047,0.0,0.09523809523809523,0.047619047619047616,0,치킨,굽네치킨
ba_14049107,2025-04,0.33,20,0.5,0.25,0.55,0.2,0.15,0.0,0.1,0.0,0,치킨,굽네치킨
ba_14092187,2025-01,0.736842105263158,38,0.8421052631578947,0.0,0.7894736842105263,0.15789473684210525,0.15789473684210525,0.02631578947368421,0.10526315789473684,0.10526315789473684,0,치킨,굽네치킨
ba_14092187,2025-02,0.7066666666666666,30,0.8666666666666667,0.03333333333333333,0.8333333333333334,0.06666666666666667,0.0,0.0,0.16666666666666666,0.03333333333333333,0,치킨,굽네치킨
ba_14092187,2025-03,0.6717948717948717,39,0.7948717948717948,0.07692307692307693,0.7948717948717948,0.15384615384615385,0.15384615384615385,0.0,0.15384615384615385,0.02564102564102564,0,치킨,굽네치킨
ba_14092187,2025-04,0.7481481481481481,27,0.9259259259259259,0.0,0.8888888888888888,0.0,0.07407407407407407,0.0,0.037037037037037035,0.037037037037037035,0,치킨,굽네치킨
ba_14117511,2025-02,0.36,25,0.64,0.16,0.6,0.08,0.28,0.0,0.04,0.16,1,치킨,굽네치킨
ba_14117511,2025-01,0.4347826086956521,23,0.6086956521739131,0.043478260869565216,0.5652173913043478,0.08695652173913043,0.17391304347826086,0.0,0.0,0.08695652173913043,0,치킨,굽네치킨
ba_14117511,2025-03,0.35555555555555557,27,0.5185185185185185,0.037037037037037035,0.4444444444444444,0.07407407407407407,0.037037037037037035,0.0,0.0,0.037037037037037035,1,치킨,굽네치킨
ba_14117511,2025-04,0.4976744186046512,43,0.6744186046511628,0.023255813953488372,0.5581395348837209,0.06976744186046512,0.09302325581395349,0.0,0.046511627906976744,0.023255813953488372,0,치킨,굽네치킨
ba_14117512,2025-03,0.7333333333333334,3,1.0,0.0,0.6666666666666666,0.0,0.3333333333333333,0.0,0.3333333333333333,0.0,1,피자,굽네치킨
ba_14153764,2025-04,0.4,1,1.0,0.0,1.0,0.0,0.0,0.0,0.0,0.0,1,피자,굽네치킨
ba_14171127,2025-02,0.8000000000000002,6,1.0,0.0,0.6666666666666666,0.0,0.0,0.0,0.0,0.3333333333333333,1,피자,굽네치킨
ba_14171127,2025-03,0.6666666666666666,9,0.8888888888888888,0.0,0.7777777777777778,0.0,0.2222222222222222,0.0,0.0,0.0,1,피자,굽네치킨
ba_14171127,2025-04,0.8,7,1.0,0.0,1.0,0.0,0.14285714285714285,0.0,0.0,0.2857142857142857,0,피자,굽네치킨
ba_14185617,2025-01,0.2,1,1.0,0.0,1.0,0.0,0.0,0.0,0.0,0.0,1,피자,굽네치킨
ba_14185617,2025-03,1.0,1,1.0,0.0,0.0,0.0,1.0,0.0,0.0,0.0,0,피자,굽네치킨
ba_14228061,2025-01,0.6909090909090909,22,0.9090909090909091,0.0,0.7272727272727273,0.09090909090909091,0.0,0.0,0.045454545454545456,0.0,1,치킨,굽네치킨
ba_14228061,2025-02,0.7228070175438597,57,0.8947368421052632,0.017543859649122806,0.7543859649122807,0.05263157894736842,0.14035087719298245,0.0,0.08771929824561403,0.10526315789473684,1,치킨,굽네치킨
ba_14228061,2025-03,0.7257142857142855,70,0.9,0.014285714285714285,0.7571428571428571,0.05714285714285714,0.11428571428571428,0.0,0.07142857142857142,0.05714285714285714,1,치킨,굽네치킨
ba_14228061,2025-04,0.7777777777777778,36,0.9166666666666666,0.0,0.8611111111111112,0.16666666666666666,0.1111111111111111,0.0,0.05555555555555555,0.05555555555555555,0,치킨,굽네치킨
ba_14228480,2025-03,1.0,1,1.0,0.0,1.0,0.0,0.0,0.0,0.0,0.0,0,치킨,굽네치킨
ba_14229365,2025-01,0.7958333333333333,96,0.9270833333333334,0.010416666666666666,0.8125,0.15625,0.16666666666666666,0.010416666666666666,0.09375,0.03125,1,치킨,굽네치킨
ba_14229365,2025-02,0.8000000000000002,71,0.9154929577464789,0.0,0.8732394366197183,0.11267605633802817,0.07042253521126761,0.0,0.08450704225352113,0.056338028169014086,0,치킨,굽네치킨
ba_14229365,2025-03,0.7773584905660377,53,0.9433962264150944,0.0,0.8113207547169812,0.05660377358490566,0.1320754716981132,0.0,0.09433962264150944,0.05660377358490566,0,치킨,굽네치킨
ba_14229365,2025-04,0.7541666666666668,48,0.875,0.041666666666666664,0.7708333333333334,0.08333333333333333,0.0625,0.0,0.041666666666666664,0.041666666666666664,0,치킨,굽네치킨
ba_14238012,2025-01,0.6,7,0.7142857142857143,0.0,0.5714285714285714,0.0,0.0,0.0,0.14285714285714285,0.0,0,백반·죽·국수,본그룹
ba_14238012,2025-02,0.2,4,0.5,0.0,0.0,0.0,0.0,0.0,0.25,0.0,0,백반·죽·국수,본그룹
ba_14238012,2025-03,0.5333333333333333,6,0.8333333333333334,0.0,0.3333333333333333,0.0,0.16666666666666666,0.0,0.0,0.0,0,백반·죽·국수,본그룹
ba_14238012,2025-04,0.5333333333333333,6,0.8333333333333334,0.16666666666666666,0.5,0.0,0.16666666666666666,0.0,0.0,0.16666666666666666,0,백반·죽·국수,본그룹
ba_14239270,2025-02,0.7333333333333334,3,1.0,0.0,1.0,0.0,0.0,0.0,0.3333333333333333,0.0,1,피자,굽네치킨
ba_14239270,2025-03,0.85,4,1.0,0.0,0.75,0.0,0.0,0.0,0.0,0.0,1,피자,굽네치킨
ba_14245849,2025-01,0.4142857142857142,14,0.5,0.07142857142857142,0.42857142857142855,0.07142857142857142,0.0,0.0,0.0,0.0,0,백반·죽·국수,본그룹
ba_14245849,2025-02,1.0,7,1.0,0.0,1.0,0.0,0.0,0.0,0.14285714285714285,0.0,0,백반·죽·국수,본그룹
ba_14245849,2025-03,0.575,8,0.875,0.0,0.375,0.0,0.375,0.0,0.5,0.0,0,백반·죽·국수,본그룹
ba_14245849,2025-04,1.0,1,1.0,0.0,1.0,0.0,0.0,0.0,1.0,0.0,0,백반·죽·국수,본그룹
ba_14245878,2025-01,0.6,7,0.7142857142857143,0.0,0.5714285714285714,0.0,0.2857142857142857,0.0,0.2857142857142857,0.14285714285714285,0,백반·죽·국수,본그룹
ba_14245878,2025-02,1.0,2,1.0,0.0,1.0,0.0,0.0,0.0,0.0,0.0,0,백반·죽·국수,본그룹
ba_14248050,2025-01,0.8222222222222222,18,0.9444444444444444,0.0,0.9444444444444444,0.0,0.16666666666666666,0.0,0.1111111111111111,0.1111111111111111,0,치킨,굽네치킨
ba_14248050,2025-02,0.8666666666666667,18,1.0,0.0,0.8888888888888888,0.05555555555555555,0.16666666666666666,0.0,0.05555555555555555,0.1111111111111111,0,치킨,굽네치킨
ba_14248050,2025-03,0.7000000000000001,8,0.875,0.0,0.875,0.0,0.0,0.0,0.0,0.0,0,치킨,굽네치킨
ba_14248050,2025-04,0.7,4,1.0,0.0,0.75,0.0,0.0,0.0,0.0,0.0,0,치킨,굽네치킨
ba_14248059,2025-01,0.7333333333333334,6,0.8333333333333334,0.16666666666666666,1.0,0.3333333333333333,0.16666666666666666,0.0,0.0,0.0,1,치킨,굽네치킨
ba_14248059,2025-02,0.8571428571428571,7,1.0,0.0,1.0,0.42857142857142855,0.2857142857142857,0.0,0.0,0.0,1,치킨,굽네치킨
ba_14248059,2025-03,0.6500000000000001,4,1.0,0.0,1.0,0.0,0.0,0.0,0.0,0.0,1,치킨,굽네치킨
ba_14248059,2025-04,0.0,1,0.0,0.0,0.0,0.0,0.0,0.0,0.0,0.0,1,치킨,굽네치킨
ba_14249433,2025-01,0.7749999999999998,80,0.9,0.0125,0.825,0.0125,0.1,0.0,0.075,0.0125,0,치킨,굽네치킨
ba_14249433,2025-02,0.7310344827586207,87,0.8850574712643678,0.011494252873563218,0.8160919540229885,0.06896551724137931,0.034482758620689655,0.0,0.022988505747126436,0.034482758620689655,0,치킨,굽네치킨
ba_14249433,2025-03,0.6566037735849055,53,0.8490566037735849,0.018867924528301886,0.7924528301886793,0.018867924528301886,0.09433962264150944,0.0,0.018867924528301886,0.07547169811320754,0,치킨,굽네치킨
ba_14249433,2025-04,0.6229885057471265,87,0.8045977011494253,0.0,0.6896551724137931,0.05747126436781609,0.08045977011494253,0.0,0.04597701149425287,0.04597701149425287,0,치킨,굽네치킨
ba_14249441,2025-02,1.0,1,1.0,0.0,1.0,0.0,0.0,0.0,0.0,0.0,1,피자,굽네치킨
ba_14249441,2025-03,0.6666666666666666,9,0.7777777777777778,0.0,0.7777777777777778,0.1111111111111111,0.2222222222222222,0.0,0.0,0.2222222222222222,1,피자,굽네치킨
ba_14249441,2025-04,0.8666666666666667,9,1.0,0.0,0.7777777777777778,0.2222222222222222,0.3333333333333333,0.0,0.3333333333333333,0.0,0,피자,굽네치킨
ba_14250328,2025-01,0.7500000000000001,44,0.9318181818181818,0.0,0.8863636363636364,0.11363636363636363,0.13636363636363635,0.0,0.045454545454545456,0.045454545454545456,0,치킨,굽네치킨
ba_14250328,2025-02,0.6355555555555555,45,0.8666666666666667,0.044444444444444446,0.7555555555555555,0.1111111111111111,0.06666666666666667,0.0,0.06666666666666667,0.06666666666666667,0,치킨,굽네치킨
ba_14250328,2025-03,0.6399999999999999,25,0.88,0.08,0.88,0.08,0.08,0.0,0.04,0.08,1,치킨,굽네치킨
ba_14250328,2025-04,0.6896551724137929,29,0.8275862068965517,0.034482758620689655,0.7931034482758621,0.034482758620689655,0.06896551724137931,0.0,0.034482758620689655,0.10344827586206896,1,치킨,굽네치킨
ba_14250329,2025-03,0.6666666666666666,3,1.0,0.0,0.6666666666666666,0.0,0.0,0.0,0.0,0.3333333333333333,1,피자,굽네치킨
ba_14251741,2025-01,0.7478260869565218,23,0.9130434782608695,0.0,0.8695652173913043,0.08695652173913043,0.043478260869565216,0.0,0.043478260869565216,0.043478260869565216,0,치킨,굽네치킨
ba_14251741,2025-02,0.8242424242424241,33,0.9393939393939394,0.0,0.7878787878787878,0.06060606060606061,0.12121212121212122,0.0,0.0,0.030303030303030304,0,치킨,굽네치킨
ba_14251741,2025-03,0.6133333333333333,15,0.8,0.06666666666666667,0.7333333333333333,0.06666666666666667,0.06666666666666667,0.0,0.0,0.0,0,치킨,굽네치킨
ba_14251741,2025-04,0.6923076923076924,13,1.0,0.0,0.6923076923076923,0.15384615384615385,0.15384615384615385,0.0,0.0,0.07692307692307693,0,치킨,굽네치킨
ba_14254080,2025-01,0.9333333333333332,6,1.0,0.0,0.8333333333333334,0.0,0.5,0.0,0.16666666666666666,0.0,1,치킨,굽네치킨
ba_14254080,2025-02,0.6,4,0.75,0.0,0.5,0.0,0.25,0.0,0.0,0.0,0,치킨,굽네치킨
ba_14254080,2025-03,0.8,10,0.9,0.1,0.9,0.0,0.1,0.0,0.0,0.2,0,치킨,굽네치킨
ba_14254080,2025-04,1.0,5,1.0,0.0,1.0,0.2,0.0,0.0,0.2,0.0,0,치킨,굽네치킨
ba_14256619,2025-03,1.0,1,1.0,0.0,1.0,0.0,0.0,0.0,0.0,0.0,0,백반·죽·국수,본그룹
ba_14256619,2025-01,-0.1,2,0.0,0.5,1.0,0.0,0.0,0.0,0.0,0.0,0,백반·죽·국수,본그룹
ba_14256619,2025-02,1.0,1,1.0,0.0,1.0,0.0,0.0,0.0,0.0,0.0,0,백반·죽·국수,본그룹
ba_14259741,2025-02,0.7428571428571429,7,0.8571428571428571,0.0,0.8571428571428571,0.42857142857142855,0.14285714285714285,0.0,0.2857142857142857,0.0,0,백반·죽·국수,본그룹
ba_14259741,2025-04,0.6,2,1.0,0.0,1.0,0.0,0.0,0.0,0.0,0.0,0,백반·죽·국수,본그룹
ba_14259741,2025-03,0.8666666666666667,6,1.0,0.0,0.8333333333333334,0.0,0.3333333333333333,0.0,0.3333333333333333,0.16666666666666666,0,백반·죽·국수,본그룹
ba_14260091,2025-01,0.5882352941176471,51,0.8235294117647058,0.058823529411764705,0.6862745098039216,0.13725490196078433,0.09803921568627451,0.0,0.058823529411764705,0.0392156862745098,0,치킨,굽네치킨
ba_14260091,2025-02,0.6093750000000001,64,0.78125,0.09375,0.765625,0.203125,0.0625,0.0,0.09375,0.09375,0,치킨,굽네치킨
ba_14260091,2025-03,0.5212121212121212,33,0.8181818181818182,0.0,0.6060606060606061,0.0,0.06060606060606061,0.0,0.030303030303030304,0.030303030303030304,0,치킨,굽네치킨
ba_14260091,2025-04,0.4846153846153846,26,0.6923076923076923,0.07692307692307693,0.7307692307692307,0.23076923076923078,0.15384615384615385,0.0,0.0,0.07692307692307693,0,치킨,굽네치킨
ba_14260093,2025-01,0.6,2,1.0,0.0,1.0,0.0,0.0,0.0,0.0,0.0,1,피자,굽네치킨
ba_14260093,2025-02,0.6,2,1.0,0.0,1.0,0.0,0.0,0.0,0.0,0.0,1,피자,굽네치킨
ba_14260093,2025-03,1.0,1,1.0,0.0,1.0,0.0,1.0,0.0,0.0,0.0,1,피자,굽네치킨
ba_14260093,2025-04,0.6,1,1.0,0.0,1.0,0.0,0.0,0.0,0.0,0.0,1,피자,굽네치킨
ba_14262149,2025-03,0.9333333333333332,6,1.0,0.0,1.0,0.16666666666666666,0.16666666666666666,0.0,0.16666666666666666,0.16666666666666666,0,백반·죽·국수,본그룹
ba_14262149,2025-01,0.5166666666666666,12,0.75,0.16666666666666666,0.5833333333333334,0.25,0.3333333333333333,0.0,0.4166666666666667,0.08333333333333333,0,백반·죽·국수,본그룹
ba_14262149,2025-02,0.6000000000000001,4,0.75,0.0,0.25,0.0,0.0,0.0,0.5,0.0,0,백반·죽·국수,본그룹
ba_14262149,2025-04,1.0,1,1.0,0.0,1.0,0.0,0.0,0.0,0.0,0.0,0,백반·죽·국수,본그룹
ba_14267053,2025-01,0.44000000000000006,5,0.6,0.2,0.6,0.0,0.4,0.0,0.0,0.0,0,치킨,굽네치킨
ba_14267053,2025-02,0.3,4,0.5,0.0,0.5,0.0,0.0,0.0,0.0,0.25,0,치킨,굽네치킨
ba_14267053,2025-03,0.06666666666666665,3,0.3333333333333333,0.6666666666666666,1.0,0.0,0.0,0.0,0.0,0.3333333333333333,0,치킨,굽네치킨
ba_14267053,2025-04,0.95,4,1.0,0.0,1.0,0.0,0.25,0.0,0.0,0.0,0,치킨,굽네치킨
ba_14267751,2025-04,0.4736842105263159,19,0.7368421052631579,0.10526315789473684,0.631578947368421,0.0,0.2631578947368421,0.0,0.05263157894736842,0.0,1,치킨,굽네치킨
ba_14267751,2025-01,0.7404255319148937,47,0.9148936170212766,0.0,0.851063829787234,0.0851063829787234,0.10638297872340426,0.0,0.14893617021276595,0.0425531914893617,0,치킨,굽네치킨
ba_14267751,2025-02,0.8782608695652175,23,1.0,0.0,0.9565217391304348,0.043478260869565216,0.17391304347826086,0.0,0.13043478260869565,0.043478260869565216,0,치킨,굽네치킨
ba_14267751,2025-03,0.6764705882352942,34,0.8235294117647058,0.058823529411764705,0.7647058823529411,0.058823529411764705,0.08823529411764706,0.0,0.08823529411764706,0.11764705882352941,0,치킨,굽네치킨
ba_14268780,2025-02,0.9,4,1.0,0.0,0.5,0.25,0.0,0.0,0.0,0.25,0,백반·죽·국수,본그룹
ba_14268780,2025-03,0.6,4,1.0,0.0,0.75,0.25,0.0,0.0,0.0,0.0,0,백반·죽·국수,본그룹
ba_14268780,2025-04,1.0,2,1.0,0.0,1.0,0.0,0.5,0.0,0.0,0.0,0,백반·죽·국수,본그룹
ba_14270407,2025-02,0.39999999999999997,3,0.6666666666666666,0.0,0.3333333333333333,0.0,0.3333333333333333,0.0,0.3333333333333333,0.0,0,백반·죽·국수,본그룹
ba_14270407,2025-04,1.0,1,1.0,0.0,1.0,1.0,0.0,0.0,1.0,0.0,0,백반·죽·국수,본그룹
ba_14270903,2025-01,1.0,2,1.0,0.0,1.0,0.0,0.0,0.0,0.5,0.0,0,치킨,굽네치킨
ba_14270903,2025-02,1.0,1,1.0,0.0,1.0,1.0,0.0,0.0,0.0,0.0,0,치킨,굽네치킨
ba_14270904,2025-01,0.06666666666666667,3,0.3333333333333333,0.3333333333333333,0.3333333333333333,0.3333333333333333,0.3333333333333333,0.0,0.3333333333333333,0.0,1,치킨,굽네치킨
ba_14270904,2025-02,0.25,8,0.5,0.125,0.25,0.125,0.375,0.0,0.125,0.0,1,치킨,굽네치킨
ba_14270904,2025-03,0.033333333333333326,6,0.5,0.3333333333333333,0.3333333333333333,0.16666666666666666,0.16666666666666666,0.0,0.0,0.0,1,치킨,굽네치킨
ba_14270904,2025-04,0.5666666666666667,6,0.6666666666666666,0.16666666666666666,0.6666666666666666,0.16666666666666666,0.16666666666666666,0.16666666666666666,0.0,0.0,1,치킨,굽네치킨
ba_14271330,2025-01,0.632,25,0.84,0.08,0.88,0.16,0.08,0.0,0.04,0.16,0,치킨,굽네치킨
ba_14271330,2025-02,0.7466666666666667,30,0.9,0.0,0.7333333333333333,0.0,0.03333333333333333,0.0,0.1,0.13333333333333333,0,치킨,굽네치킨
ba_14271330,2025-03,0.6470588235294119,17,0.8235294117647058,0.0,0.6470588235294118,0.058823529411764705,0.0,0.0,0.058823529411764705,0.11764705882352941,0,치킨,굽네치킨
ba_14271330,2025-04,0.85,8,1.0,0.0,1.0,0.0,0.0,0.0,0.0,0.125,0,치킨,굽네치킨
ba_14271331,2025-03,0.7,2,1.0,0.0,0.5,0.0,0.5,0.0,0.0,0.0,1,피자,굽네치킨
ba_14271331,2025-04,0.2,2,1.0,0.0,0.5,0.0,0.5,0.0,0.0,0.0,1,피자,굽네치킨
ba_14272566,2025-01,0.4,1,1.0,0.0,0.0,0.0,0.0,0.0,0.0,0.0,0,백반·죽·국수,본그룹
ba_14272566,2025-04,0.0,1,0.0,0.0,0.0,0.0,0.0,0.0,0.0,0.0,0,백반·죽·국수,본그룹
ba_14273436,2025-01,0.6545454545454544,11,0.7272727272727273,0.09090909090909091,0.8181818181818182,0.2727272727272727,0.09090909090909091,0.0,0.2727272727272727,0.0,0,백반·죽·국수,본그룹
ba_14273436,2025-02,0.9199999999999999,5,1.0,0.0,1.0,0.0,0.0,0.0,0.2,0.0,0,백반·죽·국수,본그룹
ba_14273436,2025-03,0.7,8,0.875,0.125,0.625,0.25,0.25,0.0,0.125,0.0,0,백반·죽·국수,본그룹
ba_14273436,2025-04,0.30000000000000004,2,1.0,0.0,1.0,0.0,0.0,0.0,0.0,0.0,0,백반·죽·국수,본그룹
ba_14273972,2025-02,0.5,2,0.5,0.0,0.5,0.0,0.0,0.0,0.0,0.0,0,백반·죽·국수,본그룹
ba_14273972,2025-03,1.0,2,1.0,0.0,1.0,0.0,0.0,0.0,0.5,0.0,0,백반·죽·국수,본그룹
ba_14273972,2025-04,0.4,1,1.0,0.0,0.0,0.0,0.0,0.0,0.0,0.0,1,백반·죽·국수,본그룹
ba_14274675,2025-04,0.5666666666666667,6,0.8333333333333334,0.16666666666666666,0.6666666666666666,0.16666666666666666,0.0,0.0,0.16666666666666666,0.0,0,백반·죽·국수,본그룹
ba_14274675,2025-01,0.8285714285714286,14,1.0,0.0,0.7857142857142857,0.0,0.14285714285714285,0.0,0.42857142857142855,0.07142857142857142,0,백반·죽·국수,본그룹
ba_14274675,2025-02,0.5714285714285714,7,0.7142857142857143,0.14285714285714285,0.5714285714285714,0.2857142857142857,0.14285714285714285,0.0,0.2857142857142857,0.0,0,백반·죽·국수,본그룹
ba_14274675,2025-03,0.5,2,0.5,0.0,0.5,0.0,0.0,0.0,0.0,0.0,0,백반·죽·국수,본그룹
ba_14276685,2025-02,0.8,2,1.0,0.0,0.5,0.0,0.5,0.0,0.0,0.0,0,백반·죽·국수,본그룹
ba_14276685,2025-03,0.5,2,0.5,0.0,0.5,0.0,0.0,0.0,0.0,0.0,0,백반·죽·국수,본그룹
ba_14276685,2025-04,1.0,1,1.0,0.0,1.0,0.0,0.0,0.0,0.0,0.0,0,백반·죽·국수,본그룹
ba_14277930,2025-01,0.9,10,0.9,0.0,0.9,0.4,0.1,0.0,0.0,0.0,0,백반·죽·국수,본그룹
ba_14277930,2025-02,0.7714285714285715,7,1.0,0.0,1.0,0.0,0.0,0.0,0.0,0.14285714285714285,0,백반·죽·국수,본그룹
ba_14277930,2025-04,1.0,1,1.0,0.0,1.0,0.0,0.0,0.0,0.0,0.0,0,백반·죽·국수,본그룹
ba_14277930,2025-03,1.0,4,1.0,0.0,1.0,0.25,0.0,0.0,0.0,0.0,0,백반·죽·국수,본그룹
ba_14279612,2025-01,0.6333333333333333,6,0.8333333333333334,0.0,0.5,0.16666666666666666,0.16666666666666666,0.0,0.0,0.0,0,백반·죽·국수,본그룹
ba_14279612,2025-02,1.0,4,1.0,0.0,1.0,0.0,0.0,0.0,0.0,0.0,0,백반·죽·국수,본그룹
ba_14279612,2025-03,0.6,1,1.0,0.0,1.0,0.0,0.0,0.0,0.0,0.0,0,백반·죽·국수,본그룹
ba_14279612,2025-04,-0.4,1,0.0,1.0,0.0,0.0,1.0,0.0,0.0,0.0,0,백반·죽·국수,본그룹
ba_14280570,2025-02,0.0,1,0.0,0.0,0.0,0.0,0.0,0.0,0.0,0.0,0,백반·죽·국수,본그룹
ba_14283482,2025-01,0.6571428571428571,7,1.0,0.0,0.5714285714285714,0.14285714285714285,0.0,0.0,0.14285714285714285,0.2857142857142857,0,백반·죽·국수,본그룹
ba_14283482,2025-02,-0.2,1,0.0,1.0,0.0,0.0,0.0,0.0,1.0,0.0,0,백반·죽·국수,본그룹
ba_14283482,2025-03,0.7999999999999999,3,1.0,0.0,0.3333333333333333,0.0,0.3333333333333333,0.0,0.3333333333333333,0.0,0,백반·죽·국수,본그룹
ba_14283482,2025-04,1.0,1,1.0,0.0,1.0,0.0,0.0,0.0,0.0,0.0,0,백반·죽·국수,본그룹
ba_14285796,2025-02,0.8,2,1.0,0.0,0.5,0.0,1.0,0.0,0.0,0.0,0,백반·죽·국수,본그룹
ba_14285796,2025-03,0.6,3,1.0,0.0,0.3333333333333333,0.0,0.0,0.0,0.0,0.0,0,백반·죽·국수,본그룹
ba_14285796,2025-04,0.4000000000000001,3,0.6666666666666666,0.0,0.3333333333333333,0.0,0.0,0.0,0.0,0.0,0,백반·죽·국수,본그룹
ba_14294026,2025-01,0.7411764705882354,34,0.8823529411764706,0.029411764705882353,0.9117647058823529,0.08823529411764706,0.2647058823529412,0.0,0.08823529411764706,0.08823529411764706,1,치킨,굽네치킨
ba_14294026,2025-03,0.696774193548387,31,0.8709677419354839,0.03225806451612903,0.6774193548387096,0.06451612903225806,0.12903225806451613,0.0,0.1935483870967742,0.03225806451612903,1,치킨,굽네치킨
ba_14294026,2025-04,0.7571428571428572,28,0.9285714285714286,0.07142857142857142,0.8928571428571429,0.10714285714285714,0.17857142857142858,0.0,0.0,0.03571428571428571,1,치킨,굽네치킨
ba_14294026,2025-02,0.6095238095238095,21,0.8095238095238095,0.047619047619047616,0.7619047619047619,0.047619047619047616,0.23809523809523808,0.0,0.14285714285714285,0.09523809523809523,0,치킨,굽네치킨
ba_14296954,2025-01,0.6571428571428571,7,0.8571428571428571,0.14285714285714285,0.8571428571428571,0.14285714285714285,0.14285714285714285,0.0,0.0,0.14285714285714285,0,치킨,굽네치킨
ba_14296954,2025-02,0.39999999999999997,4,1.0,0.0,1.0,0.0,0.0,0.0,0.0,0.0,0,치킨,굽네치킨
ba_14296954,2025-03,0.525,8,0.625,0.125,0.75,0.125,0.0,0.0,0.0,0.0,0,치킨,굽네치킨
ba_14296954,2025-04,0.9333333333333332,6,1.0,0.0,1.0,0.0,0.16666666666666666,0.0,0.16666666666666666,0.0,0,치킨,굽네치킨
ba_14308401,2025-01,-0.6,1,0.0,1.0,0.0,0.0,1.0,0.0,0.0,0.0,0,치킨,굽네치킨
ba_14308401,2025-02,1.0,1,1.0,0.0,1.0,0.0,0.0,0.0,0.0,0.0,0,치킨,굽네치킨
ba_14309634,2025-01,0.5714285714285714,28,0.7857142857142857,0.03571428571428571,0.75,0.17857142857142858,0.07142857142857142,0.03571428571428571,0.03571428571428571,0.03571428571428571,0,치킨,굽네치킨
ba_14309634,2025-02,0.5461538461538462,26,0.7307692307692307,0.15384615384615385,0.7692307692307693,0.07692307692307693,0.23076923076923078,0.0,0.038461538461538464,0.0,0,치킨,굽네치킨
ba_14309634,2025-03,0.7333333333333333,30,0.8333333333333334,0.03333333333333333,0.7666666666666667,0.06666666666666667,0.06666666666666667,0.0,0.0,0.13333333333333333,0,치킨,굽네치킨
ba_14309634,2025-04,0.7040000000000001,25,0.92,0.0,0.8,0.08,0.04,0.0,0.08,0.16,0,치킨,굽네치킨
ba_14322928,2025-04,0.8,1,1.0,0.0,1.0,0.0,0.0,0.0,1.0,1.0,0,백반·죽·국수,본그룹
ba_14325499,2025-01,0.5333333333333333,9,0.7777777777777778,0.1111111111111111,0.7777777777777778,0.1111111111111111,0.4444444444444444,0.0,0.1111111111111111,0.0,0,백반·죽·국수,본그룹
ba_14325499,2025-02,0.5333333333333333,3,1.0,0.0,0.3333333333333333,0.3333333333333333,0.0,0.0,0.6666666666666666,0.0,0,백반·죽·국수,본그룹
ba_14325499,2025-04,0.4,2,0.5,0.5,1.0,0.5,0.0,0.0,0.0,0.0,0,백반·죽·국수,본그룹
ba_14327485,2025-01,0.6812500000000001,32,0.84375,0.03125,0.6875,0.15625,0.21875,0.0,0.09375,0.0625,0,치킨,굽네치킨
ba_14327485,2025-02,0.7875,32,0.875,0.0,0.84375,0.03125,0.09375,0.0,0.1875,0.0625,0,치킨,굽네치킨
ba_14327485,2025-03,0.6888888888888889,18,0.7777777777777778,0.0,0.7222222222222222,0.16666666666666666,0.1111111111111111,0.0,0.3333333333333333,0.1111111111111111,0,치킨,굽네치킨
ba_14327485,2025-04,0.8333333333333334,6,1.0,0.0,1.0,0.16666666666666666,0.3333333333333333,0.0,0.16666666666666666,0.0,0,치킨,굽네치킨
ba_14327700,2025-01,0.7520000000000002,50,0.96,0.0,0.72,0.24,0.18,0.0,0.24,0.08,0,백반·죽·국수,본그룹
ba_14327700,2025-02,0.7916666666666666,48,0.9375,0.0,0.6875,0.1875,0.14583333333333334,0.0,0.3958333333333333,0.10416666666666667,0,백반·죽·국수,본그룹
ba_14327700,2025-03,0.55,32,0.78125,0.09375,0.53125,0.1875,0.09375,0.03125,0.21875,0.15625,0,백반·죽·국수,본그룹
ba_14327700,2025-04,0.6190476190476191,21,0.8095238095238095,0.0,0.5714285714285714,0.0,0.14285714285714285,0.0,0.3333333333333333,0.0,0,백반·죽·국수,본그룹
ba_14332090,2025-02,0.5096774193548387,31,0.7741935483870968,0.0967741935483871,0.7096774193548387,0.06451612903225806,0.0967741935483871,0.0,0.06451612903225806,0.0,0,치킨,굽네치킨
ba_14332090,2025-01,0.6688524590163936,61,0.8688524590163934,0.04918032786885246,0.7377049180327869,0.06557377049180328,0.13114754098360656,0.0,0.06557377049180328,0.01639344262295082,0,치킨,굽네치킨
ba_14332090,2025-03,0.2285714285714286,14,0.5714285714285714,0.21428571428571427,0.5,0.07142857142857142,0.07142857142857142,0.0,0.0,0.07142857142857142,0,치킨,굽네치킨
ba_14332090,2025-04,0.4352941176470589,17,0.7647058823529411,0.11764705882352941,0.7058823529411765,0.11764705882352941,0.23529411764705882,0.0,0.058823529411764705,0.0,0,치킨,굽네치킨
ba_14332093,2025-02,0.7,2,1.0,0.0,0.5,0.0,0.0,0.0,0.0,0.0,0,피자,굽네치킨
ba_14332093,2025-04,0.0,1,0.0,0.0,0.0,0.0,0.0,0.0,0.0,0.0,0,피자,굽네치킨
ba_14335172,2025-02,0.46666666666666673,3,1.0,0.0,0.3333333333333333,0.3333333333333333,0.3333333333333333,0.0,0.0,0.0,0,피자,굽네치킨
ba_14335172,2025-03,0.2,1,1.0,0.0,1.0,0.0,0.0,0.0,0.0,0.0,0,피자,굽네치킨
ba_14336642,2025-01,0.7799999999999999,20,0.9,0.05,0.9,0.0,0.05,0.0,0.05,0.2,0,치킨,굽네치킨
ba_14336642,2025-02,0.623529411764706,17,0.8235294117647058,0.058823529411764705,0.8235294117647058,0.11764705882352941,0.058823529411764705,0.0,0.11764705882352941,0.11764705882352941,0,치킨,굽네치킨
ba_14336642,2025-03,0.76,10,0.9,0.1,1.0,0.1,0.2,0.0,0.1,0.0,0,치킨,굽네치킨
ba_14336642,2025-04,0.7333333333333333,18,0.8888888888888888,0.05555555555555555,0.9444444444444444,0.1111111111111111,0.2777777777777778,0.0,0.16666666666666666,0.16666666666666666,0,치킨,굽네치킨
ba_14341228,2025-01,0.6,7,0.8571428571428571,0.14285714285714285,0.8571428571428571,0.14285714285714285,0.14285714285714285,0.0,0.14285714285714285,0.0,0,피자,굽네치킨
ba_14341228,2025-02,0.7999999999999999,6,1.0,0.0,1.0,0.0,0.16666666666666666,0.0,0.16666666666666666,0.0,0,피자,굽네치킨
ba_14341228,2025-03,0.775,8,0.875,0.0,1.0,0.25,0.125,0.0,0.375,0.0,0,피자,굽네치킨
ba_14341228,2025-04,0.65,4,1.0,0.0,0.75,0.0,0.0,0.0,0.0,0.0,0,피자,굽네치킨
ba_14352915,2025-01,0.85,8,0.875,0.0,0.875,0.125,0.0,0.0,0.25,0.0,0,백반·죽·국수,본그룹
ba_14352915,2025-02,0.6799999999999999,5,1.0,0.0,0.6,0.0,0.0,0.0,0.2,0.0,0,백반·죽·국수,본그룹
ba_14352915,2025-03,0.9,2,1.0,0.0,1.0,0.0,0.0,0.0,0.0,0.0,0,백반·죽·국수,본그룹
ba_14352915,2025-04,0.4,2,1.0,0.0,0.5,0.5,0.0,0.0,0.0,0.0,0,백반·죽·국수,본그룹
ba_14356032,2025-02,-0.2,1,0.0,1.0,0.0,0.0,0.0,0.0,1.0,0.0,0,백반·죽·국수,본그룹
ba_14360458,2025-01,0.8285714285714285,21,0.9523809523809523,0.0,0.9523809523809523,0.09523809523809523,0.14285714285714285,0.0,0.38095238095238093,0.09523809523809523,0,백반·죽·국수,본그룹
ba_14360458,2025-02,0.2,2,1.0,0.0,0.0,0.0,0.5,0.0,0.5,0.0,0,백반·죽·국수,본그룹
ba_14360458,2025-04,0.7,2,1.0,0.0,0.5,0.0,0.0,0.0,0.0,0.0,1,백반·죽·국수,본그룹
ba_14363013,2025-02,0.7,2,1.0,0.0,1.0,0.5,0.5,0.0,0.0,0.5,0,백반·죽·국수,본그룹
ba_14363013,2025-03,0.9,4,1.0,0.0,1.0,0.25,0.5,0.0,0.5,0.25,0,백반·죽·국수,본그룹
ba_14363013,2025-04,0.5,4,0.75,0.0,0.25,0.0,0.0,0.0,0.25,0.25,0,백반·죽·국수,본그룹
ba_14371606,2025-01,0.6285714285714287,7,0.7142857142857143,0.14285714285714285,0.5714285714285714,0.14285714285714285,0.42857142857142855,0.0,0.2857142857142857,0.14285714285714285,0,백반·죽·국수,본그룹
ba_14371606,2025-02,1.0,7,1.0,0.0,1.0,0.2857142857142857,0.2857142857142857,0.0,0.2857142857142857,0.2857142857142857,0,백반·죽·국수,본그룹
ba_14371606,2025-03,0.7333333333333334,6,1.0,0.0,0.8333333333333334,0.0,0.16666666666666666,0.0,0.5,0.0,0,백반·죽·국수,본그룹
ba_14371606,2025-04,1.0,1,1.0,0.0,1.0,0.0,0.0,0.0,0.0,0.0,0,백반·죽·국수,본그룹
ba_14387630,2025-01,0.5733333333333334,15,0.7333333333333333,0.13333333333333333,0.7333333333333333,0.06666666666666667,0.06666666666666667,0.0,0.0,0.0,1,치킨,굽네치킨
ba_14387630,2025-02,0.7833333333333332,48,0.8541666666666666,0.0,0.8125,0.10416666666666667,0.14583333333333334,0.0,0.125,0.0625,1,치킨,굽네치킨
ba_14387630,2025-03,0.786440677966102,59,0.9152542372881356,0.0,0.9152542372881356,0.11864406779661017,0.1694915254237288,0.0,0.0847457627118644,0.05084745762711865,1,치킨,굽네치킨
ba_14387630,2025-04,0.7347826086956524,46,0.8695652173913043,0.0,0.717391304347826,0.06521739130434782,0.15217391304347827,0.0,0.021739130434782608,0.021739130434782608,1,치킨,굽네치킨
ba_14388856,2025-02,0.7428571428571429,21,0.8571428571428571,0.047619047619047616,0.9047619047619048,0.09523809523809523,0.14285714285714285,0.0,0.19047619047619047,0.09523809523809523,1,치킨,굽네치킨
ba_14388856,2025-01,0.65625,32,0.84375,0.0,0.78125,0.125,0.0625,0.0,0.03125,0.09375,1,치킨,굽네치킨
ba_14388856,2025-03,0.638709677419355,31,0.8709677419354839,0.0,0.7419354838709677,0.03225806451612903,0.06451612903225806,0.0,0.06451612903225806,0.06451612903225806,1,치킨,굽네치킨
ba_14388856,2025-04,0.7393939393939396,33,0.8787878787878788,0.06060606060606061,0.8787878787878788,0.09090909090909091,0.21212121212121213,0.0,0.12121212121212122,0.06060606060606061,1,치킨,굽네치킨
ba_14388863,2025-03,1.0,1,1.0,0.0,1.0,0.0,1.0,0.0,1.0,0.0,1,피자,굽네치킨
ba_14390691,2025-02,0.9066666666666667,15,1.0,0.0,0.8,0.0,0.06666666666666667,0.0,0.06666666666666667,0.2,0,백반·죽·국수,본그룹
ba_14390691,2025-03,0.9428571428571428,7,1.0,0.0,1.0,0.0,0.14285714285714285,0.0,0.42857142857142855,0.14285714285714285,0,백반·죽·국수,본그룹
ba_14390691,2025-04,1.0,2,1.0,0.0,1.0,0.0,0.0,0.0,0.5,0.5,0,백반·죽·국수,본그룹
ba_14390691,2025-01,0.8444444444444446,45,0.9555555555555556,0.0,0.7111111111111111,0.17777777777777778,0.15555555555555556,0.0,0.4888888888888889,0.1111111111111111,0,백반·죽·국수,본그룹
ba_14392877,2025-02,1.0,1,1.0,0.0,1.0,0.0,0.0,0.0,1.0,0.0,0,백반·죽·국수,본그룹
ba_14396364,2025-02,0.20000000000000004,3,0.6666666666666666,0.0,0.3333333333333333,0.0,0.0,0.0,0.0,0.0,1,백반·죽·국수,본그룹
ba_14396364,2025-04,0.6666666666666666,3,0.6666666666666666,0.0,0.6666666666666666,0.0,0.0,0.0,0.0,0.3333333333333333,0,백반·죽·국수,본그룹
ba_14397420,2025-01,0.7307692307692307,52,0.8846153846153846,0.038461538461538464,0.9615384615384616,0.07692307692307693,0.057692307692307696,0.0,0.038461538461538464,0.038461538461538464,0,치킨,굽네치킨
ba_14397420,2025-02,0.68125,32,0.875,0.0625,0.75,0.03125,0.125,0.0,0.09375,0.0,0,치킨,굽네치킨
ba_14397420,2025-03,0.5857142857142856,14,0.7857142857142857,0.0,0.6428571428571429,0.0,0.0,0.0,0.07142857142857142,0.07142857142857142,0,치킨,굽네치킨
ba_14397420,2025-04,0.5666666666666667,6,0.8333333333333334,0.0,0.6666666666666666,0.16666666666666666,0.0,0.0,0.0,0.3333333333333333,0,치킨,굽네치킨
ba_14400680,2025-01,0.06666666666666667,3,0.3333333333333333,0.3333333333333333,0.3333333333333333,0.3333333333333333,0.0,0.0,0.0,0.0,0,치킨,굽네치킨
ba_14400680,2025-02,0.75,4,0.75,0.0,0.75,0.25,0.0,0.0,0.25,0.0,0,치킨,굽네치킨
ba_14400680,2025-03,1.0,3,1.0,0.0,1.0,0.0,0.3333333333333333,0.0,0.0,0.0,1,치킨,굽네치킨
ba_14400680,2025-04,0.75,4,1.0,0.0,1.0,0.25,0.0,0.0,0.25,0.0,1,치킨,굽네치킨
ba_14400681,2025-03,1.0,1,1.0,0.0,1.0,0.0,0.0,0.0,0.0,0.0,0,피자,굽네치킨
ba_14400681,2025-04,1.0,2,1.0,0.0,1.0,0.5,0.5,0.0,0.0,0.0,0,피자,굽네치킨
ba_14422337,2025-02,0.4,1,1.0,0.0,0.0,0.0,1.0,0.0,0.0,0.0,0,백반·죽·국수,본그룹
ba_14435298,2025-01,0.5,4,0.75,0.25,0.75,0.25,0.25,0.0,0.25,0.0,0,백반·죽·국수,본그룹
ba_14435750,2025-01,0.65,4,0.75,0.0,0.25,0.0,0.25,0.0,0.5,0.0,0,백반·죽·국수,본그룹
ba_14435750,2025-02,0.2,1,1.0,0.0,0.0,1.0,0.0,0.0,0.0,0.0,0,백반·죽·국수,본그룹
ba_14435750,2025-04,1.0,1,1.0,0.0,1.0,0.0,1.0,0.0,0.0,0.0,0,백반·죽·국수,본그룹
ba_14437626,2025-01,0.8326530612244899,49,0.9795918367346939,0.0,0.8571428571428571,0.10204081632653061,0.10204081632653061,0.0,0.10204081632653061,0.08163265306122448,0,치킨,굽네치킨
ba_14437626,2025-02,0.6903703703703701,135,0.8666666666666667,0.02962962962962963,0.7555555555555555,0.037037037037037035,0.08888888888888889,0.0,0.02962962962962963,0.044444444444444446,0,치킨,굽네치킨
ba_14437626,2025-03,0.7696969696969694,99,0.8787878787878788,0.0,0.8484848484848485,0.06060606060606061,0.1414141414141414,0.0,0.0707070707070707,0.0707070707070707,0,치킨,굽네치킨
ba_14437626,2025-04,0.7250000000000001,72,0.9027777777777778,0.027777777777777776,0.7777777777777778,0.06944444444444445,0.1111111111111111,0.0,0.08333333333333333,0.05555555555555555,0,치킨,굽네치킨
ba_14440526,2025-02,0.9199999999999999,5,1.0,0.0,1.0,0.2,0.2,0.0,0.0,0.0,0,치킨,굽네치킨
ba_14440526,2025-03,0.95,4,1.0,0.0,1.0,0.0,0.0,0.0,0.0,0.25,0,치킨,굽네치킨
ba_14440526,2025-04,0.6,1,1.0,0.0,1.0,0.0,0.0,0.0,0.0,0.0,0,치킨,굽네치킨
ba_14440680,2025-02,0.6923076923076923,13,0.9230769230769231,0.0,0.7692307692307693,0.0,0.07692307692307693,0.0,0.07692307692307693,0.0,1,치킨,굽네치킨
ba_14440680,2025-03,0.6142857142857144,14,0.9285714285714286,0.0,0.8571428571428571,0.07142857142857142,0.0,0.0,0.21428571428571427,0.0,1,치킨,굽네치킨
ba_14440680,2025-04,0.6,14,0.8571428571428571,0.07142857142857142,0.7857142857142857,0.07142857142857142,0.0,0.0,0.07142857142857142,0.0,1,치킨,굽네치킨
ba_14440681,2025-02,1.0,1,1.0,0.0,1.0,0.0,0.0,0.0,1.0,0.0,0,피자,굽네치킨
ba_14441181,2025-01,0.5636363636363636,22,0.7727272727272727,0.0,0.6818181818181818,0.09090909090909091,0.0,0.0,0.0,0.0,1,치킨,굽네치킨
ba_14441181,2025-02,0.7,8,0.875,0.0,0.625,0.0,0.0,0.0,0.0,0.125,1,치킨,굽네치킨
ba_14441181,2025-03,0.5599999999999999,5,0.8,0.0,0.8,0.0,0.0,0.0,0.0,0.0,1,치킨,굽네치킨
ba_14441181,2025-04,1.0,3,1.0,0.0,1.0,0.3333333333333333,0.6666666666666666,0.0,0.0,0.0,1,치킨,굽네치킨
ba_14441192,2025-01,1.0,1,1.0,0.0,1.0,0.0,0.0,0.0,0.0,0.0,0,피자,굽네치킨
ba_14441192,2025-04,1.0,1,1.0,0.0,1.0,0.0,0.0,0.0,0.0,0.0,0,피자,굽네치킨
ba_14441192,2025-03,1.0,1,1.0,0.0,1.0,0.0,1.0,0.0,0.0,0.0,1,피자,굽네치킨
ba_14448826,2025-02,0.19999999999999998,4,0.5,0.5,1.0,0.25,0.25,0.25,0.0,0.0,0,백반·죽·국수,본그룹
ba_14448826,2025-03,0.8666666666666667,3,1.0,0.0,0.6666666666666666,0.3333333333333333,0.0,0.0,0.3333333333333333,0.0,0,백반·죽·국수,본그룹
ba_14448826,2025-04,0.7333333333333334,3,1.0,0.0,1.0,0.3333333333333333,0.0,0.0,0.3333333333333333,0.0,0,백반·죽·국수,본그룹
ba_14449139,2025-01,0.8025,80,0.8875,0.0,0.8125,0.075,0.075,0.0,0.1375,0.0375,0,치킨,굽네치킨
ba_14449139,2025-02,0.7222222222222222,54,0.8888888888888888,0.037037037037037035,0.8518518518518519,0.037037037037037035,0.09259259259259259,0.0,0.037037037037037035,0.0,0,치킨,굽네치킨
ba_14449139,2025-03,0.6115384615384617,52,0.7884615384615384,0.038461538461538464,0.7307692307692307,0.07692307692307693,0.11538461538461539,0.019230769230769232,0.057692307692307696,0.057692307692307696,0,치킨,굽네치킨
ba_14449139,2025-04,0.6851851851851852,54,0.8888888888888888,0.0,0.7222222222222222,0.037037037037037035,0.2037037037037037,0.0,0.09259259259259259,0.018518518518518517,0,치킨,굽네치킨
ba_14454741,2025-01,0.64,10,0.9,0.0,0.7,0.0,0.2,0.0,0.1,0.0,0,백반·죽·국수,본그룹
ba_14454741,2025-02,0.2,2,1.0,0.0,1.0,0.5,0.0,0.0,0.0,0.0,0,백반·죽·국수,본그룹
ba_14454741,2025-03,0.8,2,1.0,0.0,0.5,0.0,0.0,0.0,0.5,0.0,0,백반·죽·국수,본그룹
ba_14456345,2025-01,0.6727272727272727,11,0.7272727272727273,0.0,0.6363636363636364,0.18181818181818182,0.36363636363636365,0.09090909090909091,0.45454545454545453,0.0,1,백반·죽·국수,본그룹
ba_14456345,2025-02,0.7,10,0.9,0.0,0.7,0.1,0.2,0.0,0.4,0.0,0,백반·죽·국수,본그룹
ba_14456345,2025-03,0.8842105263157893,19,1.0,0.0,0.7368421052631579,0.05263157894736842,0.42105263157894735,0.0,0.42105263157894735,0.15789473684210525,0,백반·죽·국수,본그룹
ba_14456345,2025-04,0.7125,16,0.9375,0.0,0.6875,0.25,0.25,0.0,0.125,0.0625,0,백반·죽·국수,본그룹
ba_14456826,2025-01,0.7090909090909091,11,0.9090909090909091,0.0,0.6363636363636364,0.18181818181818182,0.09090909090909091,0.09090909090909091,0.09090909090909091,0.0,0,백반·죽·국수,본그룹
ba_14456826,2025-02,0.62,10,0.9,0.1,0.7,0.4,0.1,0.0,0.3,0.1,0,백반·죽·국수,본그룹
ba_14456826,2025-03,1.0,1,1.0,0.0,1.0,1.0,0.0,0.0,1.0,0.0,0,백반·죽·국수,본그룹
ba_14456826,2025-04,0.6,4,0.75,0.0,0.5,0.5,0.0,0.0,0.25,0.25,0,백반·죽·국수,본그룹
ba_14456827,2025-02,0.39999999999999997,3,0.6666666666666666,0.0,0.6666666666666666,0.0,0.0,0.0,0.3333333333333333,0.0,0,백반·죽·국수,본그룹
ba_14456827,2025-01,0.4666666666666666,6,0.6666666666666666,0.0,0.5,0.0,0.16666666666666666,0.0,0.0,0.16666666666666666,0,백반·죽·국수,본그룹
ba_14456827,2025-03,0.4,2,0.5,0.5,0.5,0.5,0.0,0.0,1.0,0.0,0,백반·죽·국수,본그룹
ba_14456827,2025-04,1.0,1,1.0,0.0,1.0,0.0,0.0,0.0,0.0,0.0,0,백반·죽·국수,본그룹
ba_14457403,2025-01,0.7684210526315788,19,0.9473684210526315,0.0,0.7894736842105263,0.05263157894736842,0.21052631578947367,0.0,0.3684210526315789,0.0,0,백반·죽·국수,본그룹
ba_14457403,2025-02,1.0,11,1.0,0.0,1.0,0.36363636363636365,0.0,0.0,0.45454545454545453,0.09090909090909091,0,백반·죽·국수,본그룹
ba_14457403,2025-03,0.16,5,0.6,0.2,0.0,0.0,0.2,0.0,0.6,0.4,0,백반·죽·국수,본그룹
ba_14457403,2025-04,0.5142857142857143,7,0.7142857142857143,0.14285714285714285,0.5714285714285714,0.14285714285714285,0.42857142857142855,0.0,0.2857142857142857,0.2857142857142857,0,백반·죽·국수,본그룹
ba_14458025,2025-01,0.8137931034482759,58,0.9482758620689655,0.0,0.9137931034482759,0.017241379310344827,0.1206896551724138,0.0,0.1206896551724138,0.08620689655172414,0,치킨,굽네치킨
ba_14458025,2025-02,0.7935483870967743,31,0.9354838709677419,0.0,0.9354838709677419,0.03225806451612903,0.12903225806451613,0.0,0.03225806451612903,0.0967741935483871,0,치킨,굽네치킨
ba_14458025,2025-03,0.7411764705882352,17,0.8823529411764706,0.0,0.7647058823529411,0.0,0.11764705882352941,0.0,0.058823529411764705,0.11764705882352941,1,치킨,굽네치킨
ba_14458025,2025-04,0.6571428571428571,28,0.8571428571428571,0.07142857142857142,0.7142857142857143,0.0,0.17857142857142858,0.0,0.03571428571428571,0.07142857142857142,1,치킨,굽네치킨
ba_14459736,2025-01,-0.13333333333333333,3,0.3333333333333333,0.3333333333333333,0.3333333333333333,0.0,0.3333333333333333,0.0,0.0,0.0,0,치킨,굽네치킨
ba_14459736,2025-02,0.5,2,0.5,0.0,0.5,0.0,0.0,0.0,0.0,0.0,0,치킨,굽네치킨
ba_14459736,2025-03,0.19999999999999998,3,0.3333333333333333,0.3333333333333333,0.6666666666666666,0.3333333333333333,0.3333333333333333,0.3333333333333333,0.0,0.3333333333333333,0,치킨,굽네치킨
ba_14463467,2025-02,0.7576923076923078,52,0.8846153846153846,0.019230769230769232,0.8076923076923077,0.038461538461538464,0.057692307692307696,0.0,0.0,0.038461538461538464,0,치킨,굽네치킨
ba_14463467,2025-01,0.7777777777777779,63,0.9523809523809523,0.015873015873015872,0.8095238095238095,0.047619047619047616,0.07936507936507936,0.0,0.015873015873015872,0.1111111111111111,0,치킨,굽네치킨
ba_14463467,2025-03,0.6787878787878788,33,0.9393939393939394,0.0,0.7878787878787878,0.09090909090909091,0.12121212121212122,0.0,0.09090909090909091,0.0,0,치킨,굽네치킨
ba_14463467,2025-04,0.7428571428571428,21,0.9523809523809523,0.0,0.9047619047619048,0.0,0.047619047619047616,0.0,0.09523809523809523,0.09523809523809523,0,치킨,굽네치킨
ba_14463469,2025-03,0.7999999999999999,3,1.0,0.0,0.6666666666666666,0.0,0.0,0.0,0.3333333333333333,0.0,0,피자,굽네치킨
ba_14464913,2025-03,0.7368421052631582,38,0.9736842105263158,0.0,0.8421052631578947,0.15789473684210525,0.07894736842105263,0.0,0.10526315789473684,0.05263157894736842,0,치킨,굽네치킨
ba_14464913,2025-01,0.7742857142857144,70,0.8857142857142857,0.02857142857142857,0.8,0.08571428571428572,0.05714285714285714,0.0,0.1,0.04285714285714286,0,치킨,굽네치킨
ba_14464913,2025-02,0.7120000000000002,100,0.88,0.01,0.84,0.04,0.09,0.0,0.09,0.09,0,치킨,굽네치킨
ba_14464913,2025-04,0.9043478260869565,23,1.0,0.0,0.8260869565217391,0.043478260869565216,0.08695652173913043,0.0,0.30434782608695654,0.043478260869565216,1,치킨,굽네치킨
ba_14464914,2025-01,0.6666666666666666,3,0.6666666666666666,0.0,0.6666666666666666,0.0,0.0,0.0,0.0,0.0,0,피자,굽네치킨
ba_14464914,2025-02,0.7999999999999999,3,1.0,0.0,1.0,0.3333333333333333,0.3333333333333333,0.0,0.0,0.0,0,피자,굽네치킨
ba_14464914,2025-03,0.6666666666666666,3,0.6666666666666666,0.0,0.6666666666666666,0.3333333333333333,0.0,0.0,0.0,0.3333333333333333,0,피자,굽네치킨
ba_14470771,2025-01,0.5599999999999999,10,0.8,0.0,0.5,0.0,0.1,0.0,0.2,0.0,0,백반·죽·국수,본그룹
ba_14470771,2025-02,0.7666666666666666,12,0.9166666666666666,0.0,0.6666666666666666,0.0,0.08333333333333333,0.0,0.16666666666666666,0.16666666666666666,0,백반·죽·국수,본그룹
ba_14470771,2025-03,0.6333333333333333,6,0.8333333333333334,0.16666666666666666,0.6666666666666666,0.16666666666666666,0.0,0.0,0.6666666666666666,0.0,0,백반·죽·국수,본그룹
ba_14470771,2025-04,1.0,1,1.0,0.0,1.0,0.0,0.0,0.0,0.0,0.0,0,백반·죽·국수,본그룹
ba_14473511,2025-01,0.6571428571428573,14,0.8571428571428571,0.07142857142857142,0.5714285714285714,0.07142857142857142,0.07142857142857142,0.0,0.2857142857142857,0.0,0,백반·죽·국수,본그룹
ba_14473511,2025-02,0.2,1,1.0,0.0,0.0,1.0,0.0,0.0,0.0,0.0,0,백반·죽·국수,본그룹
ba_14473511,2025-03,0.4,2,0.5,0.0,0.5,1.0,0.0,0.0,0.5,0.0,0,백반·죽·국수,본그룹
ba_14473511,2025-04,0.6666666666666666,3,1.0,0.0,0.6666666666666666,0.3333333333333333,0.0,0.0,0.3333333333333333,0.0,0,백반·죽·국수,본그룹
ba_14484534,2025-04,0.2,1,1.0,0.0,0.0,0.0,1.0,0.0,1.0,0.0,0,백반·죽·국수,본그룹
ba_14488211,2025-01,0.3499999999999999,12,0.75,0.25,0.5833333333333334,0.16666666666666666,0.5,0.0,0.08333333333333333,0.08333333333333333,0,치킨,굽네치킨
ba_14488211,2025-02,0.48,5,0.8,0.2,0.6,0.2,0.2,0.0,0.0,0.0,0,치킨,굽네치킨
ba_14488211,2025-03,0.5333333333333333,6,0.8333333333333334,0.16666666666666666,0.8333333333333334,0.16666666666666666,0.0,0.0,0.16666666666666666,0.16666666666666666,1,치킨,굽네치킨
ba_14488495,2025-01,0.7999999999999999,3,1.0,0.0,0.6666666666666666,0.0,0.3333333333333333,0.0,0.0,0.3333333333333333,0,백반·죽·국수,본그룹
ba_14488495,2025-02,0.7,2,1.0,0.0,0.5,0.5,0.5,0.0,0.5,0.0,0,백반·죽·국수,본그룹
ba_14495840,2025-04,1.0,2,1.0,0.0,1.0,0.5,0.0,0.0,0.0,0.0,0,백반·죽·국수,본그룹
ba_14504490,2025-01,0.7833333333333333,12,0.8333333333333334,0.0,0.6666666666666666,0.16666666666666666,0.0,0.0,0.08333333333333333,0.08333333333333333,0,백반·죽·국수,본그룹
ba_14504490,2025-02,0.8666666666666667,3,1.0,0.0,1.0,0.0,0.3333333333333333,0.0,0.0,0.0,0,백반·죽·국수,본그룹
ba_14504490,2025-03,0.75,4,1.0,0.0,0.5,0.25,0.25,0.0,0.25,0.0,0,백반·죽·국수,본그룹
ba_14506379,2025-01,0.7333333333333334,6,0.8333333333333334,0.0,0.6666666666666666,0.3333333333333333,0.3333333333333333,0.0,0.0,0.0,0,백반·죽·국수,본그룹
ba_14506379,2025-03,0.75,4,0.75,0.0,0.75,0.0,0.0,0.0,0.0,0.0,0,백반·죽·국수,본그룹
ba_14506379,2025-04,1.0,2,1.0,0.0,1.0,0.5,0.0,0.0,0.5,0.0,0,백반·죽·국수,본그룹
ba_14506800,2025-02,0.9,2,1.0,0.0,1.0,0.0,0.0,0.0,0.5,0.0,0,백반·죽·국수,본그룹
ba_14506800,2025-03,1.0,1,1.0,0.0,1.0,0.0,0.0,0.0,1.0,0.0,0,백반·죽·국수,본그룹
ba_14506800,2025-04,1.0,1,1.0,0.0,1.0,0.0,0.0,0.0,0.0,0.0,0,백반·죽·국수,본그룹
ba_14513076,2025-02,0.76,5,1.0,0.0,0.8,0.0,0.0,0.0,0.6,0.0,0,백반·죽·국수,본그룹
ba_14513076,2025-03,0.6,2,1.0,0.0,1.0,0.0,0.0,0.0,0.0,0.0,0,백반·죽·국수,본그룹
ba_14513076,2025-04,0.7,2,1.0,0.0,1.0,0.0,0.5,0.0,0.0,0.0,0,백반·죽·국수,본그룹
ba_14525069,2025-01,0.48571428571428577,7,1.0,0.0,0.7142857142857143,0.0,0.0,0.0,0.0,0.0,1,치킨,굽네치킨
ba_14525069,2025-02,0.925,8,1.0,0.0,0.875,0.0,0.0,0.0,0.125,0.0,0,치킨,굽네치킨
ba_14525069,2025-03,0.5777777777777777,9,0.6666666666666666,0.3333333333333333,0.7777777777777778,0.2222222222222222,0.0,0.0,0.0,0.1111111111111111,1,치킨,굽네치킨
ba_14525069,2025-04,0.6461538461538461,13,0.7692307692307693,0.0,0.7692307692307693,0.07692307692307693,0.15384615384615385,0.0,0.07692307692307693,0.0,1,치킨,굽네치킨
ba_14525359,2025-01,0.5599999999999999,5,0.6,0.2,0.6,0.4,0.4,0.0,0.2,0.0,0,백반·죽·국수,본그룹
ba_14525359,2025-03,1.0,1,1.0,0.0,1.0,0.0,0.0,0.0,0.0,0.0,0,백반·죽·국수,본그룹
ba_14525359,2025-04,1.0,4,1.0,0.0,1.0,0.0,0.0,0.0,0.25,0.25,0,백반·죽·국수,본그룹
ba_14528279,2025-01,0.7428571428571429,7,1.0,0.0,0.8571428571428571,0.14285714285714285,0.2857142857142857,0.0,0.14285714285714285,0.14285714285714285,1,치킨,굽네치킨
ba_14528279,2025-02,1.0,4,1.0,0.0,1.0,0.0,0.0,0.0,0.25,0.0,0,치킨,굽네치킨
ba_14528279,2025-03,0.6399999999999999,10,0.7,0.1,0.8,0.1,0.0,0.0,0.1,0.0,1,치킨,굽네치킨
ba_14528279,2025-04,0.5666666666666667,6,0.6666666666666666,0.0,0.5,0.0,0.3333333333333333,0.0,0.0,0.0,1,치킨,굽네치킨
ba_14528412,2025-02,1.0,1,1.0,0.0,1.0,0.0,0.0,0.0,0.0,0.0,0,피자,굽네치킨
ba_14530939,2025-02,0.8,2,1.0,0.0,0.5,0.0,0.5,0.0,0.5,0.5,0,백반·죽·국수,본그룹
ba_14530939,2025-03,0.2,1,1.0,0.0,0.0,0.0,0.0,0.0,1.0,0.0,0,백반·죽·국수,본그룹
ba_14530939,2025-04,0.8,4,1.0,0.0,1.0,0.0,1.0,0.0,0.25,0.25,0,백반·죽·국수,본그룹
ba_14533127,2025-03,0.4666666666666666,3,1.0,0.0,0.3333333333333333,0.3333333333333333,0.3333333333333333,0.0,0.3333333333333333,0.0,1,백반·죽·국수,본그룹
ba_14533127,2025-04,0.12000000000000002,5,0.4,0.6,0.8,0.0,0.4,0.0,0.2,0.0,0,백반·죽·국수,본그룹
ba_14541579,2025-01,0.7666666666666666,6,1.0,0.0,0.6666666666666666,0.3333333333333333,0.3333333333333333,0.0,0.16666666666666666,0.16666666666666666,1,치킨,굽네치킨
ba_14541579,2025-02,0.5111111111111112,9,0.7777777777777778,0.1111111111111111,0.6666666666666666,0.2222222222222222,0.3333333333333333,0.0,0.1111111111111111,0.0,0,치킨,굽네치킨
ba_14541579,2025-03,0.7692307692307693,13,0.8461538461538461,0.07692307692307693,0.6923076923076923,0.23076923076923078,0.3076923076923077,0.0,0.23076923076923078,0.07692307692307693,0,치킨,굽네치킨
ba_14541579,2025-04,0.7818181818181817,11,0.9090909090909091,0.0,0.9090909090909091,0.09090909090909091,0.2727272727272727,0.0,0.09090909090909091,0.09090909090909091,1,치킨,굽네치킨
ba_14548743,2025-02,0.6461538461538461,13,0.8461538461538461,0.07692307692307693,0.7692307692307693,0.07692307692307693,0.23076923076923078,0.0,0.23076923076923078,0.0,0,치킨,굽네치킨
ba_14548743,2025-04,0.7833333333333332,12,0.8333333333333334,0.0,0.8333333333333334,0.08333333333333333,0.16666666666666666,0.0,0.4166666666666667,0.08333333333333333,1,치킨,굽네치킨
ba_14548743,2025-01,0.7866666666666667,15,0.9333333333333333,0.0,0.7333333333333333,0.13333333333333333,0.26666666666666666,0.0,0.2,0.06666666666666667,0,치킨,굽네치킨
ba_14548743,2025-03,0.625,8,1.0,0.0,0.625,0.25,0.25,0.0,0.125,0.125,1,치킨,굽네치킨
ba_14551802,2025-01,0.7999999999999999,3,1.0,0.0,1.0,0.0,0.6666666666666666,0.0,0.0,0.0,0,백반·죽·국수,본그룹
ba_14556221,2025-01,0.7619047619047619,21,0.9047619047619048,0.0,0.7142857142857143,0.047619047619047616,0.09523809523809523,0.0,0.14285714285714285,0.047619047619047616,1,치킨,굽네치킨
ba_14556221,2025-02,0.6888888888888888,18,0.8333333333333334,0.0,0.7222222222222222,0.0,0.05555555555555555,0.0,0.0,0.0,1,치킨,굽네치킨
ba_14556221,2025-03,0.6000000000000001,11,0.9090909090909091,0.0,0.7272727272727273,0.0,0.0,0.0,0.09090909090909091,0.0,1,치킨,굽네치킨
ba_14556221,2025-04,0.5333333333333333,18,0.7777777777777778,0.0,0.7777777777777778,0.05555555555555555,0.16666666666666666,0.0,0.05555555555555555,0.1111111111111111,0,치킨,굽네치킨
ba_14557869,2025-01,0.8370370370370371,27,0.9629629629629629,0.0,0.9259259259259259,0.14814814814814814,0.14814814814814814,0.0,0.18518518518518517,0.18518518518518517,1,치킨,굽네치킨
ba_14557869,2025-02,0.5611111111111112,36,0.7222222222222222,0.1388888888888889,0.6666666666666666,0.1388888888888889,0.16666666666666666,0.0,0.027777777777777776,0.0,1,치킨,굽네치킨
ba_14557869,2025-03,0.654054054054054,37,0.8648648648648649,0.05405405405405406,0.7297297297297297,0.16216216216216217,0.16216216216216217,0.0,0.21621621621621623,0.16216216216216217,1,치킨,굽네치킨
ba_14557869,2025-04,0.6518518518518519,27,0.8148148148148148,0.037037037037037035,0.7777777777777778,0.14814814814814814,0.25925925925925924,0.0,0.1111111111111111,0.1111111111111111,1,치킨,굽네치킨
ba_14563145,2025-01,0.8,2,1.0,0.0,1.0,0.0,0.0,0.0,0.0,0.5,1,치킨,굽네치킨
ba_14563145,2025-02,0.5,6,0.8333333333333334,0.16666666666666666,0.6666666666666666,0.16666666666666666,0.16666666666666666,0.0,0.0,0.0,1,치킨,굽네치킨
ba_14563145,2025-03,0.9428571428571428,7,1.0,0.0,1.0,0.14285714285714285,0.2857142857142857,0.0,0.14285714285714285,0.0,1,치킨,굽네치킨
ba_14563145,2025-04,0.7333333333333334,3,1.0,0.0,1.0,0.0,0.3333333333333333,0.0,0.0,0.6666666666666666,1,치킨,굽네치킨
ba_14564492,2025-01,0.7000000000000001,6,1.0,0.0,0.5,0.0,0.0,0.0,0.16666666666666666,0.0,0,백반·죽·국수,본그룹
ba_14564492,2025-02,0.8666666666666667,3,1.0,0.0,1.0,0.0,0.0,0.0,0.0,0.3333333333333333,0,백반·죽·국수,본그룹
ba_14573167,2025-01,0.35,4,0.5,0.0,0.25,0.0,0.25,0.0,0.5,0.0,0,백반·죽·국수,본그룹
ba_14573167,2025-02,1.0,2,1.0,0.0,0.5,0.5,0.0,0.0,0.0,0.0,0,백반·죽·국수,본그룹
ba_14573167,2025-04,0.6,1,1.0,0.0,1.0,0.0,0.0,0.0,0.0,0.0,0,백반·죽·국수,본그룹
ba_14574885,2025-02,0.8,4,1.0,0.0,1.0,0.0,0.0,0.0,0.25,0.0,0,백반·죽·국수,본그룹
ba_14574885,2025-03,0.6,2,1.0,0.0,1.0,0.0,0.0,0.0,0.0,0.0,1,백반·죽·국수,본그룹
ba_14574885,2025-04,0.39999999999999997,4,1.0,0.0,1.0,0.0,0.0,0.0,0.25,0.0,0,백반·죽·국수,본그룹
ba_14575172,2025-01,0.39999999999999997,8,0.75,0.125,0.5,0.125,0.0,0.0,0.0,0.0,1,치킨,굽네치킨
ba_14575172,2025-02,0.48571428571428577,7,1.0,0.0,1.0,0.0,0.0,0.0,0.0,0.0,1,치킨,굽네치킨
ba_14575172,2025-03,0.8181818181818182,11,1.0,0.0,0.7272727272727273,0.0,0.09090909090909091,0.0,0.18181818181818182,0.2727272727272727,1,치킨,굽네치킨
ba_14575172,2025-04,0.5,4,0.5,0.0,0.75,0.0,0.0,0.0,0.0,0.25,1,치킨,굽네치킨
ba_14578524,2025-01,0.7749999999999998,56,0.9464285714285714,0.017857142857142856,0.8392857142857143,0.10714285714285714,0.17857142857142858,0.0,0.05357142857142857,0.03571428571428571,0,치킨,굽네치킨
ba_14578524,2025-02,0.7157894736842106,57,0.8947368421052632,0.0,0.7368421052631579,0.10526315789473684,0.05263157894736842,0.0,0.05263157894736842,0.07017543859649122,0,치킨,굽네치킨
ba_14578524,2025-03,0.7769230769230769,26,0.9615384615384616,0.0,0.8846153846153846,0.0,0.038461538461538464,0.0,0.07692307692307693,0.11538461538461539,1,치킨,굽네치킨
ba_14578524,2025-04,0.6799999999999999,5,1.0,0.0,0.2,0.2,0.0,0.0,0.8,0.0,0,치킨,굽네치킨
ba_14580787,2025-01,0.7000000000000001,12,1.0,0.0,0.8333333333333334,0.08333333333333333,0.3333333333333333,0.0,0.16666666666666666,0.08333333333333333,0,백반·죽·국수,본그룹
ba_14580787,2025-02,1.0,3,1.0,0.0,1.0,0.0,0.3333333333333333,0.0,0.0,0.0,0,백반·죽·국수,본그룹
ba_14580787,2025-03,1.0,2,1.0,0.0,1.0,0.0,0.0,0.0,1.0,0.0,0,백반·죽·국수,본그룹
ba_14581239,2025-01,0.7333333333333333,9,1.0,0.0,0.6666666666666666,0.1111111111111111,0.0,0.0,0.0,0.0,1,치킨,굽네치킨
ba_14581239,2025-02,0.4333333333333333,6,0.8333333333333334,0.16666666666666666,0.3333333333333333,0.0,0.0,0.0,0.0,0.0,0,치킨,굽네치킨
ba_14581239,2025-03,0.6,6,0.6666666666666666,0.16666666666666666,0.6666666666666666,0.16666666666666666,0.0,0.0,0.0,0.0,0,치킨,굽네치킨
ba_14581239,2025-04,0.6,3,0.6666666666666666,0.0,0.6666666666666666,0.0,0.3333333333333333,0.0,0.0,0.0,0,치킨,굽네치킨
ba_14581501,2025-01,0.75,4,0.75,0.0,0.75,0.0,0.0,0.0,0.25,0.0,0,백반·죽·국수,본그룹
ba_14582073,2025-01,0.7133333333333334,30,0.8333333333333334,0.03333333333333333,0.7666666666666667,0.13333333333333333,0.13333333333333333,0.03333333333333333,0.13333333333333333,0.03333333333333333,0,치킨,굽네치킨
ba_14582073,2025-02,0.5555555555555556,18,0.8888888888888888,0.05555555555555555,0.5555555555555556,0.05555555555555555,0.16666666666666666,0.0,0.05555555555555555,0.0,0,치킨,굽네치킨
ba_14582073,2025-03,0.7466666666666667,15,0.9333333333333333,0.0,0.7333333333333333,0.06666666666666667,0.2,0.0,0.13333333333333333,0.06666666666666667,0,치킨,굽네치킨
ba_14582073,2025-04,0.4625000000000001,16,0.8125,0.0,0.625,0.25,0.0,0.0,0.0,0.125,0,치킨,굽네치킨
ba_14582508,2025-02,0.4,1,1.0,0.0,0.0,0.0,0.0,0.0,0.0,0.0,0,백반·죽·국수,본그룹
ba_14591780,2025-01,0.8307692307692309,26,0.9230769230769231,0.038461538461538464,0.9230769230769231,0.11538461538461539,0.11538461538461539,0.0,0.15384615384615385,0.11538461538461539,1,치킨,굽네치킨
ba_14591780,2025-02,0.6962962962962963,27,0.9259259259259259,0.0,0.8148148148148148,0.037037037037037035,0.07407407407407407,0.0,0.1111111111111111,0.1111111111111111,0,치킨,굽네치킨
ba_14591780,2025-03,0.6875000000000001,16,0.875,0.0625,0.875,0.125,0.0,0.0,0.125,0.0,1,치킨,굽네치킨
ba_14591780,2025-04,0.8210526315789473,19,0.9473684210526315,0.0,0.9473684210526315,0.0,0.0,0.0,0.0,0.05263157894736842,1,치킨,굽네치킨
ba_14593720,2025-01,1.0,2,1.0,0.0,1.0,0.5,0.0,0.0,0.0,0.0,1,치킨,굽네치킨
ba_14593720,2025-02,-0.26666666666666666,3,0.0,0.3333333333333333,0.0,0.3333333333333333,0.3333333333333333,0.0,0.0,0.0,0,치킨,굽네치킨
ba_14593720,2025-03,0.19999999999999998,2,0.5,0.5,1.0,0.5,0.0,0.0,0.0,0.5,1,치킨,굽네치킨
ba_14593720,2025-04,0.0,3,0.3333333333333333,0.3333333333333333,0.3333333333333333,0.0,0.0,0.0,0.0,0.0,1,치킨,굽네치킨
ba_14593798,2025-01,0.5,16,0.75,0.0625,0.5625,0.125,0.125,0.0,0.0625,0.0625,0,치킨,굽네치킨
ba_14593798,2025-02,0.6000000000000001,8,0.875,0.0,0.625,0.125,0.375,0.0,0.125,0.0,0,치킨,굽네치킨
ba_14593798,2025-03,0.8,9,1.0,0.0,1.0,0.0,0.0,0.0,0.0,0.0,0,치킨,굽네치킨
ba_14593798,2025-04,0.7111111111111111,9,0.8888888888888888,0.1111111111111111,0.7777777777777778,0.3333333333333333,0.0,0.0,0.1111111111111111,0.2222222222222222,0,치킨,굽네치킨
ba_14593800,2025-02,0.5,2,0.5,0.0,0.5,0.0,0.0,0.0,0.0,0.0,0,피자,굽네치킨
ba_14593800,2025-03,0.4,1,1.0,0.0,0.0,0.0,0.0,0.0,0.0,0.0,0,피자,굽네치킨
ba_14594474,2025-01,0.8666666666666665,42,0.9761904761904762,0.0,0.8333333333333334,0.11904761904761904,0.21428571428571427,0.0,0.047619047619047616,0.09523809523809523,0,백반·죽·국수,본그룹
ba_14594474,2025-02,0.9666666666666667,6,1.0,0.0,0.8333333333333334,0.0,0.0,0.0,0.3333333333333333,0.0,0,백반·죽·국수,본그룹
ba_14594474,2025-03,0.55,4,1.0,0.0,0.5,0.0,0.25,0.0,0.5,0.0,0,백반·죽·국수,본그룹
ba_14594474,2025-04,0.6000000000000001,8,0.875,0.0,0.625,0.125,0.0,0.0,0.25,0.0,0,백반·죽·국수,본그룹
ba_14597164,2025-01,0.45882352941176474,17,0.7058823529411765,0.11764705882352941,0.5882352941176471,0.11764705882352941,0.23529411764705882,0.0,0.058823529411764705,0.0,0,치킨,굽네치킨
ba_14597164,2025-02,0.3857142857142857,14,0.5,0.14285714285714285,0.5714285714285714,0.21428571428571427,0.2857142857142857,0.0,0.07142857142857142,0.07142857142857142,0,치킨,굽네치킨
ba_14597164,2025-03,0.2545454545454545,11,0.6363636363636364,0.2727272727272727,0.5454545454545454,0.09090909090909091,0.0,0.0,0.09090909090909091,0.0,0,치킨,굽네치킨
ba_14597164,2025-04,0.5523809523809524,21,0.8095238095238095,0.09523809523809523,0.6666666666666666,0.3333333333333333,0.3333333333333333,0.0,0.09523809523809523,0.14285714285714285,0,치킨,굽네치킨
ba_14597165,2025-03,0.2,1,1.0,0.0,1.0,0.0,0.0,0.0,0.0,0.0,1,피자,굽네치킨
ba_14597165,2025-04,0.39999999999999997,3,0.6666666666666666,0.0,0.6666666666666666,0.3333333333333333,0.0,0.0,0.0,0.0,0,피자,굽네치킨
ba_14599961,2025-01,0.24999999999999997,4,0.75,0.25,0.25,0.0,0.25,0.0,0.0,0.0,0,치킨,굽네치킨
ba_14599961,2025-02,0.9333333333333332,6,1.0,0.0,0.8333333333333334,0.16666666666666666,0.3333333333333333,0.0,0.8333333333333334,0.0,0,치킨,굽네치킨
ba_14599961,2025-03,0.5,2,0.5,0.0,0.5,0.0,0.0,0.0,0.0,0.0,1,치킨,굽네치킨
ba_14599961,2025-04,0.8400000000000001,5,1.0,0.0,1.0,0.0,0.2,0.0,0.0,0.0,0,치킨,굽네치킨
ba_14599973,2025-04,0.7333333333333334,3,1.0,0.0,1.0,0.0,0.0,0.0,0.0,0.0,1,치킨,굽네치킨
ba_14600429,2025-01,1.0,3,1.0,0.0,1.0,0.0,0.3333333333333333,0.0,0.0,0.0,1,치킨,굽네치킨
ba_14600429,2025-02,0.6857142857142857,14,1.0,0.0,0.5714285714285714,0.14285714285714285,0.07142857142857142,0.0,0.0,0.0,1,치킨,굽네치킨
ba_14600429,2025-03,0.8,5,0.8,0.0,0.8,0.4,0.2,0.0,0.4,0.0,1,치킨,굽네치킨
ba_14603467,2025-03,0.85,4,1.0,0.0,1.0,0.0,0.0,0.0,0.0,0.0,0,백반·죽·국수,본그룹
ba_14603467,2025-04,0.9333333333333332,3,1.0,0.0,1.0,0.3333333333333333,0.3333333333333333,0.0,0.6666666666666666,0.3333333333333333,0,백반·죽·국수,본그룹
ba_14603467,2025-02,0.72,5,1.0,0.0,0.8,0.2,0.0,0.0,0.0,0.0,0,백반·죽·국수,본그룹
ba_14604237,2025-02,0.48,5,0.8,0.0,0.6,0.2,0.0,0.0,0.0,0.2,0,치킨,굽네치킨
ba_14604237,2025-03,0.72,5,1.0,0.0,0.8,0.0,0.0,0.0,0.0,0.0,1,치킨,굽네치킨
ba_14604237,2025-04,0.711111111111111,9,0.8888888888888888,0.0,0.8888888888888888,0.1111111111111111,0.1111111111111111,0.0,0.0,0.0,1,치킨,굽네치킨
ba_14607412,2025-01,0.7583333333333333,24,1.0,0.0,0.7916666666666666,0.0,0.0,0.0,0.0,0.0,0,치킨,굽네치킨
ba_14607412,2025-02,0.7466666666666666,15,0.9333333333333333,0.0,0.7333333333333333,0.06666666666666667,0.06666666666666667,0.0,0.13333333333333333,0.06666666666666667,0,치킨,굽네치킨
ba_14607412,2025-03,0.5538461538461539,13,0.6923076923076923,0.15384615384615385,0.6153846153846154,0.23076923076923078,0.15384615384615385,0.0,0.07692307692307693,0.0,0,치킨,굽네치킨
ba_14607412,2025-04,0.5866666666666667,15,0.8,0.06666666666666667,0.6666666666666666,0.0,0.2,0.06666666666666667,0.0,0.13333333333333333,0,치킨,굽네치킨
ba_14613531,2025-02,1.0,3,1.0,0.0,1.0,0.3333333333333333,0.0,0.0,0.3333333333333333,0.0,0,백반·죽·국수,본그룹
ba_14613531,2025-03,0.5333333333333333,3,1.0,0.0,0.3333333333333333,0.3333333333333333,0.6666666666666666,0.0,0.3333333333333333,0.3333333333333333,0,백반·죽·국수,본그룹
ba_14613531,2025-04,0.7333333333333334,3,1.0,0.0,1.0,0.3333333333333333,0.3333333333333333,0.0,0.6666666666666666,0.0,0,백반·죽·국수,본그룹
ba_14615149,2025-01,0.736,25,0.88,0.0,0.8,0.08,0.04,0.0,0.04,0.04,0,치킨,굽네치킨
ba_14615149,2025-02,0.8222222222222223,9,1.0,0.0,1.0,0.2222222222222222,0.0,0.0,0.0,0.0,0,치킨,굽네치킨
ba_14615149,2025-03,0.68,10,1.0,0.0,1.0,0.3,0.2,0.0,0.1,0.2,1,치킨,굽네치킨
ba_14615149,2025-04,0.9199999999999999,10,1.0,0.0,1.0,0.1,0.3,0.0,0.2,0.0,1,치킨,굽네치킨
ba_14616721,2025-02,0.39999999999999997,3,0.6666666666666666,0.0,0.6666666666666666,0.0,0.0,0.0,0.0,0.0,0,백반·죽·국수,본그룹
ba_14616721,2025-04,1.0,5,1.0,0.0,1.0,0.0,0.0,0.0,0.4,0.0,0,백반·죽·국수,본그룹
ba_14620216,2025-01,0.7342105263157896,76,0.8947368421052632,0.013157894736842105,0.8552631578947368,0.05263157894736842,0.17105263157894737,0.013157894736842105,0.09210526315789473,0.09210526315789473,0,치킨,굽네치킨
ba_14620216,2025-02,0.6452830188679246,53,0.7924528301886793,0.018867924528301886,0.7169811320754716,0.09433962264150944,0.1320754716981132,0.0,0.05660377358490566,0.03773584905660377,0,치킨,굽네치킨
ba_14620216,2025-03,0.7937499999999998,64,0.890625,0.03125,0.84375,0.046875,0.1875,0.0,0.09375,0.046875,0,치킨,굽네치킨
ba_14620216,2025-04,0.7457627118644068,59,0.9322033898305084,0.01694915254237288,0.847457627118644,0.05084745762711865,0.2033898305084746,0.0,0.06779661016949153,0.1016949152542373,0,치킨,굽네치킨
ba_14623314,2025-01,0.7666666666666666,24,0.9583333333333334,0.0,0.9166666666666666,0.08333333333333333,0.16666666666666666,0.041666666666666664,0.08333333333333333,0.2916666666666667,1,치킨,굽네치킨
ba_14623314,2025-02,0.8451612903225807,31,0.967741935483871,0.0,0.8709677419354839,0.06451612903225806,0.12903225806451613,0.03225806451612903,0.03225806451612903,0.0967741935483871,0,치킨,굽네치킨
ba_14623314,2025-03,0.74,20,0.95,0.0,0.9,0.0,0.2,0.0,0.0,0.1,1,치킨,굽네치킨
ba_14623314,2025-04,0.7217391304347827,23,0.9565217391304348,0.0,0.782608695652174,0.0,0.17391304347826086,0.0,0.0,0.13043478260869565,1,치킨,굽네치킨
ba_14625157,2025-03,0.8400000000000001,5,1.0,0.0,1.0,0.0,0.2,0.0,0.4,0.0,1,치킨,굽네치킨
ba_14625157,2025-01,0.7454545454545454,11,0.9090909090909091,0.09090909090909091,0.9090909090909091,0.09090909090909091,0.09090909090909091,0.09090909090909091,0.0,0.09090909090909091,1,치킨,굽네치킨
ba_14625157,2025-02,0.6181818181818182,11,0.8181818181818182,0.09090909090909091,0.7272727272727273,0.09090909090909091,0.2727272727272727,0.0,0.0,0.09090909090909091,0,치킨,굽네치킨
ba_14625157,2025-04,0.76,5,0.8,0.0,0.8,0.0,0.2,0.0,0.0,0.0,0,치킨,굽네치킨
ba_14625762,2025-01,0.9,10,1.0,0.0,0.8,0.2,0.1,0.0,0.0,0.0,0,백반·죽·국수,본그룹
ba_14625762,2025-02,0.6799999999999999,5,1.0,0.0,0.6,0.0,0.0,0.0,0.4,0.0,0,백반·죽·국수,본그룹
ba_14625762,2025-04,0.6,1,1.0,0.0,1.0,0.0,0.0,0.0,0.0,0.0,0,백반·죽·국수,본그룹
ba_14627570,2025-01,0.6758620689655173,29,0.9310344827586207,0.0,0.7241379310344828,0.13793103448275862,0.10344827586206896,0.0,0.10344827586206896,0.1724137931034483,0,백반·죽·국수,본그룹
ba_14627570,2025-02,0.7999999999999999,9,0.8888888888888888,0.0,0.8888888888888888,0.0,0.1111111111111111,0.0,0.0,0.0,0,백반·죽·국수,본그룹
ba_14627570,2025-03,0.475,8,0.75,0.25,0.625,0.25,0.25,0.0,0.5,0.0,0,백반·죽·국수,본그룹
ba_14627570,2025-04,0.7,2,1.0,0.0,1.0,0.0,0.5,0.0,0.0,0.0,0,백반·죽·국수,본그룹
ba_14629153,2025-01,1.0,1,1.0,0.0,1.0,0.0,0.0,0.0,0.0,0.0,1,치킨,굽네치킨
ba_14629153,2025-02,0.6,1,1.0,0.0,1.0,0.0,1.0,0.0,0.0,0.0,0,치킨,굽네치킨
ba_14629918,2025-03,1.0,3,1.0,0.0,1.0,0.0,0.0,0.0,0.0,0.3333333333333333,0,치킨,굽네치킨
ba_14637553,2025-01,0.65,4,0.75,0.25,0.75,0.0,0.0,0.0,0.0,0.0,0,치킨,굽네치킨
ba_14637553,2025-02,-0.15000000000000002,4,0.25,0.25,0.25,0.0,0.0,0.0,0.0,0.0,0,치킨,굽네치킨
ba_14637553,2025-03,0.8,4,1.0,0.0,1.0,0.25,0.25,0.0,0.5,0.5,0,치킨,굽네치킨
ba_14637553,2025-04,0.6666666666666666,3,0.6666666666666666,0.0,0.6666666666666666,0.0,0.0,0.0,0.3333333333333333,0.0,0,치킨,굽네치킨
ba_14637963,2025-01,1.0,2,1.0,0.0,1.0,0.5,0.5,0.0,0.0,0.0,0,치킨,굽네치킨
ba_14637963,2025-02,0.6,1,1.0,0.0,1.0,0.0,0.0,0.0,0.0,0.0,0,치킨,굽네치킨
ba_14637963,2025-03,0.6,2,1.0,0.0,1.0,0.5,0.0,0.0,0.0,0.0,1,치킨,굽네치킨
ba_14637963,2025-04,0.9,2,1.0,0.0,1.0,0.5,0.0,0.0,0.0,0.0,1,치킨,굽네치킨
ba_14640352,2025-02,0.07999999999999999,5,0.4,0.2,0.2,0.2,0.2,0.0,0.4,0.2,1,백반·죽·국수,본그룹
ba_14640352,2025-04,0.8999999999999999,6,1.0,0.0,1.0,0.0,0.16666666666666666,0.0,0.16666666666666666,0.0,0,백반·죽·국수,본그룹
ba_14640352,2025-03,0.7999999999999999,7,0.8571428571428571,0.14285714285714285,0.8571428571428571,0.14285714285714285,0.14285714285714285,0.0,0.2857142857142857,0.14285714285714285,1,백반·죽·국수,본그룹
ba_14643477,2025-01,0.78,20,0.95,0.05,0.65,0.35,0.2,0.0,0.4,0.0,0,백반·죽·국수,본그룹
ba_14643477,2025-02,0.9,10,1.0,0.0,1.0,0.3,0.1,0.0,0.5,0.0,0,백반·죽·국수,본그룹
ba_14643477,2025-03,0.9,4,1.0,0.0,0.5,0.0,0.25,0.0,0.25,0.25,0,백반·죽·국수,본그룹
ba_14643477,2025-04,0.8666666666666667,3,1.0,0.0,0.6666666666666666,0.0,0.3333333333333333,0.0,0.3333333333333333,0.3333333333333333,0,백반·죽·국수,본그룹
ba_14645179,2025-01,0.7285714285714286,14,0.8571428571428571,0.0,0.5714285714285714,0.21428571428571427,0.21428571428571427,0.0,0.42857142857142855,0.07142857142857142,0,백반·죽·국수,본그룹
ba_14645179,2025-02,0.6666666666666665,12,0.9166666666666666,0.08333333333333333,0.5833333333333334,0.16666666666666666,0.0,0.0,0.25,0.0,0,백반·죽·국수,본그룹
ba_14645179,2025-03,0.8,2,1.0,0.0,1.0,0.5,0.0,0.0,0.5,0.5,0,백반·죽·국수,본그룹
ba_14645179,2025-04,0.6,1,1.0,0.0,0.0,0.0,0.0,0.0,0.0,0.0,0,백반·죽·국수,본그룹
ba_14647668,2025-01,0.8250000000000001,16,1.0,0.0,0.625,0.25,0.1875,0.0,0.4375,0.125,0,백반·죽·국수,본그룹
ba_14647668,2025-02,0.7666666666666666,6,0.8333333333333334,0.0,0.8333333333333334,0.3333333333333333,0.0,0.0,0.16666666666666666,0.0,0,백반·죽·국수,본그룹
ba_14647668,2025-03,1.0,2,1.0,0.0,1.0,0.0,0.0,0.0,1.0,0.0,0,백반·죽·국수,본그룹
ba_14647668,2025-04,1.0,2,1.0,0.0,1.0,0.0,0.0,0.0,0.0,0.0,0,백반·죽·국수,본그룹
ba_14648765,2025-01,0.9,4,1.0,0.0,1.0,0.0,0.25,0.0,0.0,0.0,0,치킨,굽네치킨
ba_14648765,2025-02,0.43333333333333335,6,0.5,0.16666666666666666,0.5,0.3333333333333333,0.16666666666666666,0.0,0.0,0.16666666666666666,0,치킨,굽네치킨
ba_14648765,2025-03,0.8800000000000001,5,1.0,0.0,0.8,0.2,0.4,0.0,0.2,0.2,0,치킨,굽네치킨
ba_14648765,2025-04,0.32,5,0.6,0.4,0.8,0.0,0.6,0.0,0.0,0.0,0,치킨,굽네치킨
ba_14649303,2025-02,0.6,4,1.0,0.0,0.75,0.0,0.0,0.0,0.0,0.25,1,치킨,굽네치킨
ba_14649303,2025-03,0.7090909090909091,11,0.9090909090909091,0.09090909090909091,0.5454545454545454,0.2727272727272727,0.18181818181818182,0.0,0.18181818181818182,0.09090909090909091,1,치킨,굽네치킨
ba_14649303,2025-04,0.8,4,1.0,0.0,1.0,0.25,0.0,0.0,0.0,0.0,1,치킨,굽네치킨
ba_14652311,2025-01,0.74,10,0.9,0.0,0.9,0.2,0.2,0.0,0.2,0.1,0,치킨,굽네치킨
ba_14652311,2025-02,0.6666666666666666,6,0.8333333333333334,0.0,0.8333333333333334,0.3333333333333333,0.16666666666666666,0.0,0.0,0.16666666666666666,0,치킨,굽네치킨
ba_14652311,2025-03,0.8,1,1.0,0.0,1.0,0.0,1.0,0.0,0.0,0.0,0,치킨,굽네치킨
ba_14652311,2025-04,0.6666666666666666,6,0.8333333333333334,0.0,0.8333333333333334,0.0,0.0,0.0,0.0,0.0,0,치킨,굽네치킨
ba_14652929,2025-01,0.7880597014925372,67,0.9552238805970149,0.014925373134328358,0.8507462686567164,0.1044776119402985,0.08955223880597014,0.014925373134328358,0.05970149253731343,0.04477611940298507,0,치킨,굽네치킨
ba_14652929,2025-02,0.752941176470588,119,0.9159663865546218,0.008403361344537815,0.7983193277310925,0.025210084033613446,0.13445378151260504,0.0,0.07563025210084033,0.09243697478991597,0,치킨,굽네치킨
ba_14652929,2025-03,0.7108695652173914,92,0.8695652173913043,0.043478260869565216,0.8152173913043478,0.05434782608695652,0.15217391304347827,0.0,0.07608695652173914,0.08695652173913043,0,치킨,굽네치킨
ba_14652929,2025-04,0.7636363636363639,55,0.9272727272727272,0.0,0.8363636363636363,0.07272727272727272,0.07272727272727272,0.0,0.03636363636363636,0.07272727272727272,0,치킨,굽네치킨
ba_14653291,2025-01,0.8285714285714285,7,1.0,0.0,0.7142857142857143,0.0,0.14285714285714285,0.0,0.0,0.0,0,피자,굽네치킨
ba_14653291,2025-02,0.6857142857142857,7,1.0,0.0,1.0,0.0,0.0,0.0,0.14285714285714285,0.0,0,피자,굽네치킨
ba_14653291,2025-03,0.7999999999999999,10,1.0,0.0,1.0,0.1,0.1,0.1,0.1,0.0,0,피자,굽네치킨
ba_14653291,2025-04,1.0,5,1.0,0.0,1.0,0.2,0.2,0.0,0.0,0.2,0,피자,굽네치킨
ba_14654080,2025-01,0.7108108108108109,74,0.8648648648648649,0.013513513513513514,0.8378378378378378,0.12162162162162163,0.0945945945945946,0.013513513513513514,0.04054054054054054,0.0945945945945946,0,치킨,굽네치킨
ba_14654080,2025-02,0.7694117647058825,85,0.9529411764705882,0.011764705882352941,0.8117647058823529,0.11764705882352941,0.17647058823529413,0.011764705882352941,0.03529411764705882,0.09411764705882353,0,치킨,굽네치킨
ba_14654080,2025-03,0.7174603174603174,63,0.9047619047619048,0.015873015873015872,0.7936507936507936,0.047619047619047616,0.19047619047619047,0.0,0.015873015873015872,0.06349206349206349,0,치킨,굽네치킨
ba_14654080,2025-04,0.7543859649122808,114,0.9210526315789473,0.0,0.7982456140350878,0.08771929824561403,0.08771929824561403,0.008771929824561403,0.09649122807017543,0.08771929824561403,0,치킨,굽네치킨
ba_14654803,2025-02,0.8,5,0.8,0.0,0.8,0.4,0.0,0.0,0.0,0.4,0,백반·죽·국수,본그룹
ba_14654803,2025-03,1.0,4,1.0,0.0,1.0,0.0,0.5,0.0,0.0,0.0,0,백반·죽·국수,본그룹
ba_14654803,2025-04,0.85,4,1.0,0.0,0.75,0.0,0.25,0.0,0.0,0.0,0,백반·죽·국수,본그룹
ba_14654803,2025-01,0.8117647058823528,17,0.8823529411764706,0.0,0.7647058823529411,0.11764705882352941,0.11764705882352941,0.0,0.058823529411764705,0.058823529411764705,0,백반·죽·국수,본그룹
ba_14658160,2025-01,0.76,5,1.0,0.0,0.8,0.0,0.0,0.0,0.0,0.0,1,치킨,굽네치킨
ba_14658160,2025-02,0.8800000000000001,5,1.0,0.0,0.8,0.0,0.2,0.0,0.0,0.2,0,치킨,굽네치킨
ba_14658160,2025-03,1.0,2,1.0,0.0,1.0,0.0,0.5,0.0,0.0,0.0,1,치킨,굽네치킨
ba_14658160,2025-04,0.2,2,0.5,0.0,0.0,0.0,0.0,0.0,0.0,0.0,1,치킨,굽네치킨
ba_14658825,2025-01,0.6847457627118645,59,0.847457627118644,0.03389830508474576,0.7796610169491526,0.11864406779661017,0.11864406779661017,0.0,0.0847457627118644,0.06779661016949153,0,치킨,굽네치킨
ba_14658825,2025-02,0.5882352941176471,51,0.7843137254901961,0.058823529411764705,0.7647058823529411,0.058823529411764705,0.11764705882352941,0.0,0.0196078431372549,0.0196078431372549,0,치킨,굽네치킨
ba_14658825,2025-03,0.7771428571428571,35,0.9428571428571428,0.0,0.8285714285714286,0.02857142857142857,0.0,0.02857142857142857,0.11428571428571428,0.17142857142857143,0,치킨,굽네치킨
ba_14658825,2025-04,0.6125,16,0.6875,0.0,0.5625,0.125,0.0625,0.0,0.0,0.0,0,치킨,굽네치킨
ba_14662462,2025-01,0.7999999999999999,3,1.0,0.0,0.6666666666666666,0.0,0.3333333333333333,0.0,0.3333333333333333,0.0,1,치킨,굽네치킨
ba_14662462,2025-04,0.8,1,1.0,0.0,1.0,0.0,1.0,0.0,0.0,0.0,1,치킨,굽네치킨
ba_14662462,2025-03,-0.4,1,0.0,1.0,0.0,0.0,0.0,0.0,0.0,0.0,1,치킨,굽네치킨
ba_14662547,2025-01,0.6999999999999998,6,0.8333333333333334,0.16666666666666666,0.5,0.3333333333333333,0.3333333333333333,0.0,0.16666666666666666,0.0,1,치킨,굽네치킨
ba_14662547,2025-02,0.6285714285714287,7,0.7142857142857143,0.0,0.7142857142857143,0.14285714285714285,0.14285714285714285,0.0,0.0,0.0,0,치킨,굽네치킨
ba_14662547,2025-03,0.95,4,1.0,0.0,1.0,0.0,0.5,0.0,0.0,0.0,1,치킨,굽네치킨
ba_14662547,2025-04,0.9,4,1.0,0.0,1.0,0.25,0.25,0.0,0.25,0.0,1,치킨,굽네치킨
ba_14663126,2025-01,0.7416666666666666,24,0.9166666666666666,0.041666666666666664,0.8333333333333334,0.041666666666666664,0.125,0.0,0.25,0.041666666666666664,0,치킨,굽네치킨
ba_14663126,2025-02,0.8142857142857142,14,1.0,0.0,0.9285714285714286,0.0,0.0,0.0,0.0,0.07142857142857142,0,치킨,굽네치킨
ba_14663126,2025-03,0.68,5,0.8,0.2,0.8,0.0,0.2,0.0,0.2,0.0,0,치킨,굽네치킨
ba_14663126,2025-04,1.0,1,1.0,0.0,1.0,0.0,0.0,0.0,0.0,0.0,0,치킨,굽네치킨
ba_14663534,2025-01,0.55,4,0.75,0.25,0.75,0.0,0.25,0.0,0.25,0.0,1,치킨,굽네치킨
ba_14663534,2025-02,0.65,4,1.0,0.0,0.5,0.0,0.5,0.0,0.25,0.0,0,치킨,굽네치킨
ba_14663534,2025-03,0.72,5,1.0,0.0,0.8,0.4,0.0,0.0,0.2,0.2,1,치킨,굽네치킨
ba_14663534,2025-04,0.9,4,1.0,0.0,1.0,0.0,0.25,0.0,0.0,0.25,0,치킨,굽네치킨
ba_14665998,2025-03,-0.4,1,0.0,1.0,0.0,0.0,1.0,1.0,0.0,0.0,0,백반·죽·국수,본그룹
ba_14669107,2025-02,0.7580952380952382,105,0.8952380952380953,0.01904761904761905,0.8285714285714286,0.10476190476190476,0.2761904761904762,0.0,0.08571428571428572,0.08571428571428572,0,치킨,굽네치킨
ba_14669107,2025-03,0.67,60,0.85,0.05,0.7166666666666667,0.08333333333333333,0.31666666666666665,0.0,0.1,0.03333333333333333,0,치킨,굽네치킨
ba_14669107,2025-04,0.612,50,0.82,0.1,0.78,0.12,0.2,0.0,0.1,0.2,0,치킨,굽네치킨
ba_14669107,2025-01,0.7413793103448277,58,0.896551724137931,0.017241379310344827,0.8103448275862069,0.1206896551724138,0.2413793103448276,0.0,0.13793103448275862,0.10344827586206896,1,치킨,굽네치킨
ba_14669108,2025-02,1.0,2,1.0,0.0,1.0,0.0,0.5,0.0,0.0,0.0,1,피자,굽네치킨
ba_14669108,2025-03,0.8,2,1.0,0.0,1.0,0.0,0.0,0.0,0.0,0.5,0,피자,굽네치킨
ba_14669109,2025-01,0.8888888888888888,9,0.8888888888888888,0.0,0.8888888888888888,0.1111111111111111,0.1111111111111111,0.0,0.0,0.0,1,치킨,굽네치킨
ba_14669109,2025-02,0.26666666666666666,6,0.6666666666666666,0.16666666666666666,0.5,0.0,0.5,0.0,0.16666666666666666,0.3333333333333333,1,치킨,굽네치킨
ba_14669109,2025-03,0.9,8,1.0,0.0,1.0,0.0,0.125,0.0,0.0,0.125,1,치킨,굽네치킨
ba_14669109,2025-04,0.44999999999999996,4,0.75,0.0,0.75,0.0,0.0,0.0,0.0,0.0,1,치킨,굽네치킨
ba_14671483,2025-03,0.6,5,0.6,0.0,0.6,0.0,0.0,0.0,0.0,0.0,1,치킨,굽네치킨
ba_14671483,2025-01,0.5777777777777778,9,0.6666666666666666,0.0,0.6666666666666666,0.0,0.1111111111111111,0.0,0.1111111111111111,0.1111111111111111,1,치킨,굽네치킨
ba_14671483,2025-02,0.8222222222222222,9,0.8888888888888888,0.1111111111111111,0.8888888888888888,0.1111111111111111,0.0,0.0,0.0,0.0,1,치킨,굽네치킨
ba_14671483,2025-04,0.65,8,0.75,0.125,0.75,0.0,0.0,0.0,0.0,0.125,0,치킨,굽네치킨
ba_14671490,2025-02,-0.6,1,0.0,1.0,0.0,0.0,1.0,0.0,0.0,0.0,0,피자,굽네치킨
ba_14671974,2025-02,1.0,1,1.0,0.0,1.0,0.0,0.0,0.0,0.0,0.0,1,피자,굽네치킨
ba_14671974,2025-04,0.6,1,1.0,0.0,1.0,0.0,0.0,0.0,0.0,0.0,1,피자,굽네치킨
ba_14673431,2025-01,0.5,2,0.5,0.0,0.5,0.0,0.0,0.0,0.0,0.0,0,치킨,굽네치킨
ba_14673431,2025-02,0.6,2,1.0,0.0,1.0,0.0,0.0,0.0,0.0,0.0,0,치킨,굽네치킨
ba_14673431,2025-03,1.0,1,1.0,0.0,1.0,0.0,1.0,0.0,0.0,0.0,0,치킨,굽네치킨
ba_14673431,2025-04,0.2,2,0.5,0.0,0.0,0.0,0.0,0.0,0.0,0.0,1,치킨,굽네치킨
ba_14673434,2025-01,0.625,16,0.8125,0.0,0.6875,0.125,0.0625,0.0,0.125,0.0625,1,치킨,굽네치킨
ba_14673434,2025-02,0.4769230769230769,13,0.6923076923076923,0.15384615384615385,0.6153846153846154,0.23076923076923078,0.15384615384615385,0.0,0.0,0.07692307692307693,1,치킨,굽네치킨
ba_14673434,2025-03,0.7250000000000001,8,0.875,0.0,0.75,0.0,0.125,0.0,0.125,0.0,0,치킨,굽네치킨
ba_14673434,2025-04,0.5142857142857143,7,0.7142857142857143,0.14285714285714285,0.8571428571428571,0.0,0.2857142857142857,0.0,0.14285714285714285,0.2857142857142857,0,치킨,굽네치킨
ba_14673508,2025-01,1.0,1,1.0,0.0,1.0,0.0,0.0,0.0,0.0,0.0,0,백반·죽·국수,본그룹
ba_14675307,2025-01,0.44999999999999996,4,1.0,0.0,0.5,0.25,0.25,0.0,0.0,0.0,1,치킨,굽네치킨
ba_14675307,2025-02,0.6,2,1.0,0.0,1.0,0.0,0.5,0.0,0.0,0.0,0,치킨,굽네치킨
ba_14675307,2025-03,0.45,4,0.75,0.25,0.5,0.0,0.5,0.0,0.0,0.0,0,치킨,굽네치킨
ba_14675307,2025-04,0.6,2,1.0,0.0,0.5,0.0,0.0,0.0,0.0,0.0,0,치킨,굽네치킨
ba_14675393,2025-01,0.6499999999999999,8,1.0,0.0,0.75,0.25,0.375,0.0,0.0,0.125,0,치킨,굽네치킨
ba_14675393,2025-02,0.65,8,0.75,0.0,0.75,0.125,0.125,0.0,0.0,0.0,0,치킨,굽네치킨
ba_14675393,2025-03,0.625,8,0.875,0.0,0.75,0.25,0.125,0.0,0.0,0.25,0,치킨,굽네치킨
ba_14675393,2025-04,0.5333333333333333,6,0.8333333333333334,0.0,0.3333333333333333,0.3333333333333333,0.0,0.0,0.16666666666666666,0.16666666666666666,0,치킨,굽네치킨
ba_14679019,2025-02,0.783739837398374,123,0.926829268292683,0.0,0.8048780487804879,0.04065040650406504,0.06504065040650407,0.0,0.04878048780487805,0.07317073170731707,1,치킨,굽네치킨
ba_14679019,2025-01,0.8285714285714286,42,0.9523809523809523,0.0,0.9285714285714286,0.047619047619047616,0.047619047619047616,0.0,0.047619047619047616,0.07142857142857142,1,치킨,굽네치킨
ba_14679019,2025-03,0.742857142857143,70,0.9428571428571428,0.014285714285714285,0.8857142857142857,0.07142857142857142,0.17142857142857143,0.0,0.07142857142857142,0.07142857142857142,0,치킨,굽네치킨
ba_14679019,2025-04,0.7162790697674418,86,0.8837209302325582,0.0,0.8023255813953488,0.12790697674418605,0.05813953488372093,0.0,0.05813953488372093,0.023255813953488372,0,치킨,굽네치킨
ba_14685750,2025-04,0.7820895522388062,67,0.8805970149253731,0.014925373134328358,0.8656716417910447,0.029850746268656716,0.08955223880597014,0.0,0.08955223880597014,0.08955223880597014,0,치킨,굽네치킨
ba_14685750,2025-01,0.7806451612903227,62,0.9516129032258065,0.016129032258064516,0.8225806451612904,0.08064516129032258,0.16129032258064516,0.0,0.11290322580645161,0.03225806451612903,1,치킨,굽네치킨
ba_14685750,2025-02,0.7922330097087378,103,0.941747572815534,0.019417475728155338,0.8640776699029126,0.06796116504854369,0.0970873786407767,0.009708737864077669,0.1553398058252427,0.11650485436893204,0,치킨,굽네치킨
ba_14685750,2025-03,0.7520000000000001,75,0.9333333333333333,0.02666666666666667,0.8266666666666667,0.08,0.02666666666666667,0.013333333333333334,0.13333333333333333,0.05333333333333334,0,치킨,굽네치킨
ba_14686856,2025-02,0.85,20,0.9,0.05,0.9,0.3,0.2,0.0,0.2,0.15,0,백반·죽·국수,본그룹
ba_14686856,2025-01,0.8888888888888888,18,1.0,0.0,0.7222222222222222,0.2222222222222222,0.1111111111111111,0.0,0.2777777777777778,0.1111111111111111,1,백반·죽·국수,본그룹
ba_14686856,2025-03,0.8375,16,1.0,0.0,0.6875,0.1875,0.0,0.0,0.125,0.125,0,백반·죽·국수,본그룹
ba_14686856,2025-04,0.8,10,1.0,0.0,0.8,0.1,0.1,0.0,0.3,0.1,0,백반·죽·국수,본그룹
ba_14686990,2025-02,1.0,2,1.0,0.0,0.5,0.0,0.5,0.0,0.0,0.0,1,백반·죽·국수,본그룹
ba_14686990,2025-03,0.0,2,0.5,0.5,0.5,0.5,0.0,0.0,0.5,0.0,0,백반·죽·국수,본그룹
ba_14686990,2025-04,0.5,2,0.5,0.0,0.5,0.0,0.0,0.0,0.0,0.0,0,백반·죽·국수,본그룹
ba_14686997,2025-02,0.736,25,0.96,0.0,0.8,0.24,0.16,0.0,0.28,0.04,1,백반·죽·국수,본그룹
ba_14686997,2025-03,0.7333333333333333,18,0.9444444444444444,0.05555555555555555,0.8888888888888888,0.16666666666666666,0.16666666666666666,0.0,0.1111111111111111,0.1111111111111111,1,백반·죽·국수,본그룹
ba_14686997,2025-04,0.59,20,0.85,0.1,0.75,0.25,0.15,0.0,0.2,0.05,0,백반·죽·국수,본그룹
ba_14687060,2025-02,0.7666666666666666,6,1.0,0.0,0.5,0.0,0.16666666666666666,0.16666666666666666,0.0,0.0,1,백반·죽·국수,본그룹
ba_14687060,2025-03,0.8800000000000001,10,1.0,0.0,0.9,0.3,0.2,0.0,0.2,0.1,1,백반·죽·국수,본그룹
ba_14687060,2025-04,0.65,12,0.8333333333333334,0.08333333333333333,0.6666666666666666,0.08333333333333333,0.3333333333333333,0.0,0.16666666666666666,0.16666666666666666,0,백반·죽·국수,본그룹
ba_14687076,2025-02,1.0,2,1.0,0.0,1.0,0.0,0.0,0.0,0.5,0.0,1,백반·죽·국수,본그룹
ba_14687076,2025-03,0.7666666666666666,6,0.8333333333333334,0.0,0.8333333333333334,0.5,0.16666666666666666,0.0,0.3333333333333333,0.0,1,백반·죽·국수,본그룹
ba_14687076,2025-04,0.8363636363636364,11,1.0,0.0,0.7272727272727273,0.09090909090909091,0.18181818181818182,0.0,0.18181818181818182,0.09090909090909091,0,백반·죽·국수,본그룹
ba_14687088,2025-02,0.775,8,1.0,0.0,0.875,0.25,0.0,0.0,0.5,0.125,1,백반·죽·국수,본그룹
ba_14687088,2025-03,0.65,4,0.75,0.0,1.0,0.25,0.0,0.0,0.0,0.25,0,백반·죽·국수,본그룹
ba_14687088,2025-04,0.6727272727272727,11,0.7272727272727273,0.0,0.7272727272727273,0.18181818181818182,0.09090909090909091,0.0,0.09090909090909091,0.0,0,백반·죽·국수,본그룹
ba_14687092,2025-02,0.7000000000000001,6,0.8333333333333334,0.0,0.8333333333333334,0.0,0.16666666666666666,0.0,0.3333333333333333,0.0,1,백반·죽·국수,본그룹
ba_14687092,2025-03,0.3,2,0.5,0.0,0.5,0.0,0.0,0.0,0.0,0.0,1,백반·죽·국수,본그룹
ba_14687092,2025-04,0.9714285714285714,7,1.0,0.0,1.0,0.0,0.0,0.0,0.2857142857142857,0.2857142857142857,1,백반·죽·국수,본그룹
ba_14687115,2025-02,0.8666666666666667,3,1.0,0.0,0.6666666666666666,0.0,0.3333333333333333,0.0,0.0,0.0,1,백반·죽·국수,본그룹
ba_14687115,2025-03,0.30000000000000004,4,0.75,0.0,0.75,0.5,0.0,0.0,0.0,0.0,0,백반·죽·국수,본그룹
ba_14687115,2025-04,0.9,2,1.0,0.0,1.0,0.5,1.0,0.0,0.5,0.0,0,백반·죽·국수,본그룹
ba_14687119,2025-02,0.6222222222222222,9,0.6666666666666666,0.0,0.4444444444444444,0.1111111111111111,0.1111111111111111,0.0,0.1111111111111111,0.0,1,백반·죽·국수,본그룹
ba_14687119,2025-03,0.5333333333333333,3,1.0,0.0,0.3333333333333333,0.6666666666666666,0.3333333333333333,0.0,0.3333333333333333,0.0,1,백반·죽·국수,본그룹
ba_14687119,2025-04,0.6333333333333333,6,0.6666666666666666,0.16666666666666666,0.8333333333333334,0.5,0.0,0.0,0.16666666666666666,0.16666666666666666,1,백반·죽·국수,본그룹
ba_14687134,2025-02,0.7000000000000001,4,1.0,0.0,0.5,0.0,0.0,0.0,0.5,0.25,1,백반·죽·국수,본그룹
ba_14687134,2025-03,0.5,2,0.5,0.0,0.5,0.5,0.5,0.0,0.0,0.0,1,백반·죽·국수,본그룹
ba_14687134,2025-04,0.6666666666666666,3,0.6666666666666666,0.0,1.0,0.0,0.3333333333333333,0.0,0.3333333333333333,0.3333333333333333,0,백반·죽·국수,본그룹
ba_14687136,2025-02,0.6,1,1.0,0.0,1.0,0.0,0.0,0.0,0.0,0.0,1,백반·죽·국수,본그룹
ba_14687136,2025-03,0.2,1,1.0,0.0,0.0,1.0,0.0,0.0,1.0,0.0,1,백반·죽·국수,본그룹
ba_14687136,2025-04,1.0,1,1.0,0.0,1.0,0.0,0.0,0.0,0.0,0.0,0,백반·죽·국수,본그룹
ba_14687166,2025-02,0.6222222222222222,9,0.8888888888888888,0.0,0.5555555555555556,0.4444444444444444,0.2222222222222222,0.0,0.3333333333333333,0.0,1,백반·죽·국수,본그룹
ba_14687166,2025-03,0.8,5,0.8,0.0,0.8,0.2,0.6,0.0,0.6,0.2,0,백반·죽·국수,본그룹
ba_14687166,2025-04,0.7714285714285715,7,1.0,0.0,0.5714285714285714,0.5714285714285714,0.42857142857142855,0.0,0.2857142857142857,0.42857142857142855,0,백반·죽·국수,본그룹
ba_14687296,2025-02,0.7548387096774194,31,0.967741935483871,0.0,0.7419354838709677,0.1935483870967742,0.1935483870967742,0.0,0.3870967741935484,0.03225806451612903,1,백반·죽·국수,본그룹
ba_14687296,2025-03,0.6923076923076923,26,0.9230769230769231,0.0,0.7307692307692307,0.07692307692307693,0.11538461538461539,0.0,0.19230769230769232,0.0,0,백반·죽·국수,본그룹
ba_14687296,2025-04,0.7100000000000001,40,0.925,0.025,0.775,0.075,0.075,0.0,0.25,0.075,0,백반·죽·국수,본그룹
ba_14687307,2025-02,1.0,2,1.0,0.0,1.0,0.0,0.0,0.0,0.5,0.0,1,백반·죽·국수,본그룹
ba_14687307,2025-03,0.39999999999999997,3,0.6666666666666666,0.0,0.6666666666666666,0.0,0.0,0.0,0.3333333333333333,0.0,0,백반·죽·국수,본그룹
ba_14687310,2025-02,0.48,5,0.8,0.0,0.4,0.2,0.2,0.0,0.0,0.0,1,백반·죽·국수,본그룹
ba_14687310,2025-03,0.4,2,1.0,0.0,1.0,0.0,0.0,0.0,0.0,0.0,1,백반·죽·국수,본그룹
ba_14687310,2025-04,0.6,15,0.8,0.06666666666666667,0.9333333333333333,0.13333333333333333,0.13333333333333333,0.2,0.06666666666666667,0.2,0,백반·죽·국수,본그룹
ba_14687315,2025-02,0.3333333333333333,3,1.0,0.0,0.3333333333333333,0.0,0.0,0.0,0.0,0.0,1,백반·죽·국수,본그룹
ba_14687315,2025-03,0.4666666666666666,3,0.6666666666666666,0.0,1.0,0.0,0.3333333333333333,0.0,0.0,0.3333333333333333,1,백반·죽·국수,본그룹
ba_14687315,2025-04,0.9333333333333332,3,1.0,0.0,0.6666666666666666,0.3333333333333333,0.3333333333333333,0.3333333333333333,0.0,0.0,0,백반·죽·국수,본그룹
ba_14687318,2025-02,0.9142857142857144,7,1.0,0.0,0.8571428571428571,0.0,0.14285714285714285,0.0,0.2857142857142857,0.14285714285714285,1,백반·죽·국수,본그룹
ba_14687318,2025-03,0.9199999999999999,5,1.0,0.0,1.0,0.0,0.0,0.0,0.4,0.0,1,백반·죽·국수,본그룹
ba_14687318,2025-04,0.4,8,0.5,0.0,0.625,0.25,0.0,0.0,0.125,0.0,1,백반·죽·국수,본그룹
ba_14687322,2025-02,0.7333333333333334,3,1.0,0.0,1.0,0.6666666666666666,0.0,0.0,0.0,0.3333333333333333,1,백반·죽·국수,본그룹
ba_14687322,2025-03,0.52,5,0.8,0.2,1.0,0.0,0.0,0.0,0.2,0.2,0,백반·죽·국수,본그룹
ba_14687322,2025-04,0.5,6,0.8333333333333334,0.0,0.8333333333333334,0.5,0.0,0.0,0.16666666666666666,0.16666666666666666,0,백반·죽·국수,본그룹
ba_14687323,2025-02,0.55,8,0.75,0.0,0.375,0.0,0.25,0.0,0.0,0.125,1,백반·죽·국수,본그룹
ba_14687323,2025-03,0.4000000000000001,3,0.6666666666666666,0.3333333333333333,1.0,0.0,0.0,0.0,0.3333333333333333,0.0,0,백반·죽·국수,본그룹
ba_14687323,2025-04,0.0,2,0.5,0.5,1.0,0.0,0.0,0.0,0.0,0.0,0,백반·죽·국수,본그룹
ba_14687326,2025-02,0.8400000000000001,5,1.0,0.0,0.8,0.0,0.2,0.0,0.2,0.0,1,백반·죽·국수,본그룹
ba_14687326,2025-03,0.7999999999999999,8,0.875,0.0,0.875,0.125,0.25,0.125,0.0,0.0,0,백반·죽·국수,본그룹
ba_14687326,2025-04,0.6666666666666666,6,1.0,0.0,0.6666666666666666,0.16666666666666666,0.16666666666666666,0.0,0.0,0.0,1,백반·죽·국수,본그룹
ba_14687327,2025-02,0.9666666666666667,6,1.0,0.0,1.0,0.0,0.3333333333333333,0.0,0.3333333333333333,0.0,1,백반·죽·국수,본그룹
ba_14687327,2025-03,0.5428571428571428,7,0.7142857142857143,0.14285714285714285,0.5714285714285714,0.2857142857142857,0.2857142857142857,0.14285714285714285,0.2857142857142857,0.14285714285714285,1,백반·죽·국수,본그룹
ba_14687327,2025-04,0.8444444444444444,9,1.0,0.0,0.7777777777777778,0.1111111111111111,0.2222222222222222,0.0,0.2222222222222222,0.0,1,백반·죽·국수,본그룹
ba_14687333,2025-02,0.8272727272727273,22,0.8636363636363636,0.045454545454545456,0.8636363636363636,0.18181818181818182,0.22727272727272727,0.045454545454545456,0.5,0.18181818181818182,1,백반·죽·국수,본그룹
ba_14687333,2025-03,0.7769230769230767,26,1.0,0.0,0.7307692307692307,0.15384615384615385,0.23076923076923078,0.0,0.46153846153846156,0.07692307692307693,0,백반·죽·국수,본그룹
ba_14687333,2025-04,0.7119999999999999,25,0.92,0.0,0.68,0.08,0.08,0.0,0.16,0.08,0,백반·죽·국수,본그룹
ba_14687335,2025-02,0.7999999999999999,39,0.9487179487179487,0.0,0.8461538461538461,0.2564102564102564,0.1794871794871795,0.02564102564102564,0.358974358974359,0.0,1,백반·죽·국수,본그룹
ba_14687335,2025-03,0.825,40,0.95,0.0,0.725,0.2,0.075,0.0,0.35,0.0,1,백반·죽·국수,본그룹
ba_14687335,2025-04,0.8092307692307693,65,0.9692307692307692,0.015384615384615385,0.7846153846153846,0.16923076923076924,0.24615384615384617,0.0,0.27692307692307694,0.09230769230769231,0,백반·죽·국수,본그룹
ba_14687340,2025-02,1.0,7,1.0,0.0,1.0,0.14285714285714285,0.0,0.0,0.2857142857142857,0.0,1,백반·죽·국수,본그룹
ba_14687340,2025-03,0.7714285714285715,7,1.0,0.0,0.8571428571428571,0.14285714285714285,0.0,0.0,0.0,0.0,1,백반·죽·국수,본그룹
ba_14687340,2025-04,0.85,20,1.0,0.0,0.8,0.1,0.05,0.0,0.0,0.15,0,백반·죽·국수,본그룹
ba_14687341,2025-02,1.0,3,1.0,0.0,1.0,0.0,0.6666666666666666,0.0,0.3333333333333333,0.0,1,백반·죽·국수,본그룹
ba_14687341,2025-04,0.8999999999999999,6,1.0,0.0,0.8333333333333334,0.16666666666666666,0.16666666666666666,0.0,0.0,0.16666666666666666,0,백반·죽·국수,본그룹
ba_14687341,2025-03,0.8,4,1.0,0.0,1.0,0.25,0.5,0.0,0.0,0.0,1,백반·죽·국수,본그룹
ba_14687347,2025-02,1.0,2,1.0,0.0,1.0,0.0,0.5,0.0,0.0,0.5,1,백반·죽·국수,본그룹
ba_14687347,2025-03,0.45,4,0.5,0.25,0.75,0.25,0.25,0.0,0.0,0.0,0,백반·죽·국수,본그룹
ba_14687347,2025-04,0.39999999999999997,3,0.6666666666666666,0.0,0.6666666666666666,0.6666666666666666,0.0,0.0,0.0,0.0,0,백반·죽·국수,본그룹
ba_14687350,2025-04,0.8624999999999999,32,1.0,0.0,0.71875,0.09375,0.125,0.0,0.25,0.03125,0,백반·죽·국수,본그룹
ba_14687350,2025-02,0.8300000000000001,20,0.85,0.0,0.75,0.15,0.45,0.0,0.15,0.05,1,백반·죽·국수,본그룹
ba_14687350,2025-03,0.7230769230769231,26,0.9230769230769231,0.0,0.7692307692307693,0.19230769230769232,0.19230769230769232,0.0,0.23076923076923078,0.23076923076923078,0,백반·죽·국수,본그룹
ba_14687354,2025-02,0.65,4,0.75,0.0,0.75,0.0,0.0,0.0,0.0,0.0,1,백반·죽·국수,본그룹
ba_14687354,2025-03,0.725,8,0.875,0.0,0.875,0.0,0.0,0.0,0.125,0.0,1,백반·죽·국수,본그룹
ba_14687354,2025-04,0.8,4,1.0,0.0,0.5,0.0,0.0,0.0,0.0,0.0,0,백반·죽·국수,본그룹
ba_14687365,2025-02,0.5,4,1.0,0.0,1.0,0.0,0.0,0.0,0.0,0.0,1,백반·죽·국수,본그룹
ba_14687365,2025-03,0.7,2,1.0,0.0,0.5,0.0,0.0,0.0,0.0,0.0,1,백반·죽·국수,본그룹
ba_14687365,2025-04,0.6399999999999999,5,1.0,0.0,0.8,0.0,0.0,0.0,0.4,0.0,1,백반·죽·국수,본그룹
ba_14687368,2025-02,0.7111111111111112,9,1.0,0.0,0.7777777777777778,0.2222222222222222,0.2222222222222222,0.0,0.1111111111111111,0.1111111111111111,1,백반·죽·국수,본그룹
ba_14687368,2025-03,0.5714285714285714,7,0.8571428571428571,0.0,0.7142857142857143,0.2857142857142857,0.0,0.0,0.2857142857142857,0.0,0,백반·죽·국수,본그룹
ba_14687368,2025-04,0.44000000000000006,5,0.8,0.2,0.6,0.0,0.0,0.0,0.0,0.0,0,백반·죽·국수,본그룹
ba_14687382,2025-02,0.625,8,0.875,0.0,0.625,0.125,0.5,0.0,0.375,0.0,1,백반·죽·국수,본그룹
ba_14687382,2025-03,0.8857142857142856,7,1.0,0.0,0.7142857142857143,0.2857142857142857,0.14285714285714285,0.0,0.2857142857142857,0.0,1,백반·죽·국수,본그룹
ba_14687382,2025-04,0.7,10,0.9,0.0,0.6,0.2,0.2,0.0,0.2,0.0,1,백반·죽·국수,본그룹
ba_14687388,2025-02,0.7374999999999999,16,0.875,0.0,0.75,0.4375,0.125,0.0,0.1875,0.125,1,백반·죽·국수,본그룹
ba_14687388,2025-03,0.76,10,0.8,0.2,0.8,0.4,0.0,0.0,0.1,0.0,0,백반·죽·국수,본그룹
ba_14687388,2025-04,0.8769230769230768,13,1.0,0.0,0.8461538461538461,0.15384615384615385,0.0,0.0,0.3076923076923077,0.15384615384615385,0,백반·죽·국수,본그룹
ba_14687493,2025-03,0.3,2,0.5,0.5,1.0,0.5,0.0,0.5,0.0,0.0,0,백반·죽·국수,본그룹
ba_14687493,2025-02,0.0,1,0.0,0.0,0.0,0.0,0.0,0.0,0.0,0.0,1,백반·죽·국수,본그룹
ba_14687497,2025-02,0.95,4,1.0,0.0,1.0,0.0,0.0,0.0,0.25,0.25,1,백반·죽·국수,본그룹
ba_14687497,2025-03,0.65,4,0.75,0.25,1.0,0.25,0.25,0.0,0.25,0.0,1,백반·죽·국수,본그룹
ba_14687497,2025-04,1.0,2,1.0,0.0,1.0,0.0,0.0,0.0,0.0,0.5,0,백반·죽·국수,본그룹
ba_14688075,2025-02,0.48888888888888893,9,0.6666666666666666,0.1111111111111111,0.5555555555555556,0.0,0.1111111111111111,0.0,0.2222222222222222,0.0,1,백반·죽·국수,본그룹
ba_14688075,2025-03,0.4857142857142857,7,0.8571428571428571,0.0,0.42857142857142855,0.0,0.2857142857142857,0.0,0.2857142857142857,0.0,1,백반·죽·국수,본그룹
ba_14688075,2025-04,0.5714285714285714,7,0.7142857142857143,0.14285714285714285,0.7142857142857143,0.42857142857142855,0.2857142857142857,0.0,0.2857142857142857,0.0,0,백반·죽·국수,본그룹
ba_14688086,2025-02,0.45,4,0.5,0.0,0.25,0.25,0.25,0.0,0.25,0.0,1,백반·죽·국수,본그룹
ba_14688086,2025-03,0.7,4,0.75,0.25,1.0,0.0,0.0,0.0,0.5,0.0,0,백반·죽·국수,본그룹
ba_14688086,2025-04,0.8,2,1.0,0.0,0.5,0.0,0.0,0.0,0.0,0.0,0,백반·죽·국수,본그룹
ba_14688088,2025-02,0.6875,16,0.9375,0.0625,0.75,0.1875,0.25,0.0,0.25,0.0,1,백반·죽·국수,본그룹
ba_14688088,2025-03,0.5578947368421053,19,0.8421052631578947,0.10526315789473684,0.8421052631578947,0.47368421052631576,0.15789473684210525,0.0,0.3684210526315789,0.21052631578947367,0,백반·죽·국수,본그룹
ba_14688088,2025-04,0.9818181818181819,11,1.0,0.0,1.0,0.18181818181818182,0.36363636363636365,0.0,0.2727272727272727,0.09090909090909091,0,백반·죽·국수,본그룹
ba_14688093,2025-03,0.8,2,1.0,0.0,0.5,0.0,0.0,0.0,0.0,0.0,1,백반·죽·국수,본그룹
ba_14688093,2025-02,1.0,4,1.0,0.0,1.0,0.25,0.25,0.0,0.0,0.0,1,백반·죽·국수,본그룹
ba_14688093,2025-04,0.6,2,1.0,0.0,1.0,0.5,0.5,0.0,0.0,0.0,0,백반·죽·국수,본그룹
ba_14688094,2025-02,0.7428571428571429,7,0.8571428571428571,0.0,0.7142857142857143,0.0,0.2857142857142857,0.0,0.2857142857142857,0.0,1,백반·죽·국수,본그룹
ba_14688094,2025-03,0.2,1,1.0,0.0,0.0,0.0,1.0,0.0,0.0,0.0,0,백반·죽·국수,본그룹
ba_14688094,2025-04,1.0,1,1.0,0.0,1.0,0.0,0.0,0.0,0.0,0.0,0,백반·죽·국수,본그룹
ba_14688100,2025-02,0.7999999999999999,11,1.0,0.0,0.6363636363636364,0.36363636363636365,0.09090909090909091,0.0,0.2727272727272727,0.0,1,백반·죽·국수,본그룹
ba_14688100,2025-03,0.6333333333333333,6,0.8333333333333334,0.0,0.6666666666666666,0.0,0.0,0.0,0.16666666666666666,0.16666666666666666,0,백반·죽·국수,본그룹
ba_14688108,2025-02,0.8333333333333334,12,1.0,0.0,0.75,0.16666666666666666,0.16666666666666666,0.0,0.25,0.08333333333333333,1,백반·죽·국수,본그룹
ba_14688108,2025-03,0.6,11,0.8181818181818182,0.09090909090909091,0.7272727272727273,0.18181818181818182,0.0,0.09090909090909091,0.0,0.0,1,백반·죽·국수,본그룹
ba_14688108,2025-04,0.4266666666666667,15,0.6,0.0,0.5333333333333333,0.26666666666666666,0.06666666666666667,0.0,0.13333333333333333,0.0,1,백반·죽·국수,본그룹
ba_14688114,2025-02,0.7764705882352941,17,0.8823529411764706,0.0,0.7058823529411765,0.0,0.11764705882352941,0.0,0.11764705882352941,0.058823529411764705,1,백반·죽·국수,본그룹
ba_14688114,2025-03,0.6545454545454545,11,0.8181818181818182,0.18181818181818182,0.8181818181818182,0.09090909090909091,0.2727272727272727,0.0,0.09090909090909091,0.09090909090909091,0,백반·죽·국수,본그룹
ba_14688114,2025-04,0.7176470588235295,17,0.8823529411764706,0.058823529411764705,0.7058823529411765,0.17647058823529413,0.17647058823529413,0.0,0.23529411764705882,0.11764705882352941,1,백반·죽·국수,본그룹
ba_14688173,2025-02,0.75,4,1.0,0.0,0.75,0.0,0.5,0.0,0.5,0.25,1,백반·죽·국수,본그룹
ba_14688173,2025-03,1.0,1,1.0,0.0,1.0,0.0,0.0,0.0,0.0,0.0,1,백반·죽·국수,본그룹
ba_14688173,2025-04,0.3111111111111111,9,0.6666666666666666,0.1111111111111111,0.4444444444444444,0.2222222222222222,0.1111111111111111,0.1111111111111111,0.1111111111111111,0.0,0,백반·죽·국수,본그룹
ba_14688176,2025-04,1.0,2,1.0,0.0,1.0,0.5,0.0,0.0,0.5,0.0,0,백반·죽·국수,본그룹
ba_14688176,2025-02,0.8800000000000001,5,1.0,0.0,1.0,0.0,0.4,0.0,0.2,0.4,1,백반·죽·국수,본그룹
ba_14688176,2025-03,0.75,4,0.75,0.0,0.25,0.25,0.25,0.0,0.25,0.0,0,백반·죽·국수,본그룹
ba_14688180,2025-04,0.6476190476190476,21,0.9047619047619048,0.0,0.5238095238095238,0.14285714285714285,0.19047619047619047,0.0,0.14285714285714285,0.09523809523809523,0,백반·죽·국수,본그룹
ba_14688180,2025-02,0.9058823529411765,17,1.0,0.0,0.8823529411764706,0.35294117647058826,0.17647058823529413,0.0,0.17647058823529413,0.17647058823529413,1,백반·죽·국수,본그룹
ba_14688180,2025-03,0.7578947368421054,19,0.8947368421052632,0.0,0.7894736842105263,0.10526315789473684,0.3157894736842105,0.0,0.21052631578947367,0.0,0,백반·죽·국수,본그룹
ba_14688182,2025-02,0.9,2,1.0,0.0,0.5,0.0,0.5,0.0,0.0,0.0,1,백반·죽·국수,본그룹
ba_14688182,2025-03,0.6,2,1.0,0.0,1.0,0.0,0.5,0.0,0.0,0.0,0,백반·죽·국수,본그룹
ba_14688192,2025-02,0.476923076923077,13,0.7692307692307693,0.15384615384615385,0.6923076923076923,0.38461538461538464,0.23076923076923078,0.0,0.23076923076923078,0.23076923076923078,1,백반·죽·국수,본그룹
ba_14688192,2025-03,0.4,8,0.75,0.125,0.625,0.375,0.25,0.0,0.5,0.0,0,백반·죽·국수,본그룹
ba_14688192,2025-04,1.0,3,1.0,0.0,1.0,0.0,0.0,0.0,0.3333333333333333,0.3333333333333333,0,백반·죽·국수,본그룹
ba_14688196,2025-02,0.8833333333333334,12,1.0,0.0,0.75,0.16666666666666666,0.0,0.0,0.08333333333333333,0.0,1,백반·죽·국수,본그룹
ba_14688196,2025-03,0.8777777777777778,18,0.9444444444444444,0.05555555555555555,1.0,0.0,0.0,0.0,0.1111111111111111,0.0,0,백반·죽·국수,본그룹
ba_14688196,2025-04,0.9666666666666667,6,1.0,0.0,1.0,0.3333333333333333,0.3333333333333333,0.0,0.3333333333333333,0.0,0,백반·죽·국수,본그룹
ba_14688197,2025-02,0.7,2,1.0,0.0,0.5,0.5,0.0,0.5,0.5,0.0,1,백반·죽·국수,본그룹
ba_14688197,2025-03,0.8,2,1.0,0.0,0.5,0.5,1.0,0.0,0.0,0.5,1,백반·죽·국수,본그룹
ba_14688197,2025-04,0.55,8,0.75,0.0,0.75,0.375,0.125,0.0,0.125,0.125,1,백반·죽·국수,본그룹
ba_14688207,2025-02,1.0,4,1.0,0.0,1.0,0.25,0.0,0.0,0.0,0.0,0,백반·죽·국수,본그룹
ba_14688207,2025-03,0.26666666666666666,3,0.6666666666666666,0.0,0.3333333333333333,0.0,0.0,0.0,0.3333333333333333,0.0,0,백반·죽·국수,본그룹
ba_14688207,2025-04,0.6,1,1.0,0.0,0.0,0.0,1.0,0.0,0.0,0.0,0,백반·죽·국수,본그룹
ba_14688233,2025-02,0.8,4,1.0,0.0,1.0,0.0,0.25,0.0,0.0,0.0,1,백반·죽·국수,본그룹
ba_14688233,2025-03,0.85,4,1.0,0.0,0.75,0.0,0.25,0.0,0.25,0.0,0,백반·죽·국수,본그룹
ba_14688233,2025-04,0.6666666666666666,3,0.6666666666666666,0.0,0.6666666666666666,0.0,0.3333333333333333,0.3333333333333333,0.0,0.0,0,백반·죽·국수,본그룹
ba_14688336,2025-02,0.6307692307692309,13,0.7692307692307693,0.15384615384615385,0.6923076923076923,0.46153846153846156,0.15384615384615385,0.0,0.15384615384615385,0.07692307692307693,1,백반·죽·국수,본그룹
ba_14688336,2025-03,0.5066666666666666,15,0.6666666666666666,0.13333333333333333,0.5333333333333333,0.26666666666666666,0.13333333333333333,0.0,0.13333333333333333,0.06666666666666667,0,백반·죽·국수,본그룹
ba_14688336,2025-04,0.8800000000000001,10,1.0,0.0,0.9,0.2,0.1,0.0,0.1,0.1,0,백반·죽·국수,본그룹
ba_14688337,2025-02,0.2,2,0.5,0.5,0.5,0.5,0.0,0.0,0.0,0.0,1,백반·죽·국수,본그룹
ba_14688337,2025-03,0.6,3,0.6666666666666666,0.3333333333333333,1.0,0.0,0.0,0.0,0.3333333333333333,0.3333333333333333,0,백반·죽·국수,본그룹
ba_14688337,2025-04,0.5,2,0.5,0.0,0.5,0.5,0.0,0.0,0.0,0.0,0,백반·죽·국수,본그룹
ba_14688345,2025-02,0.0,1,0.0,0.0,0.0,0.0,0.0,0.0,0.0,0.0,1,백반·죽·국수,본그룹
ba_14688345,2025-03,0.0,1,0.0,0.0,1.0,0.0,0.0,0.0,0.0,0.0,0,백반·죽·국수,본그룹
ba_14688363,2025-02,0.7,2,1.0,0.0,1.0,0.0,0.0,0.0,0.0,0.0,1,백반·죽·국수,본그룹
ba_14688363,2025-03,0.6,1,1.0,0.0,1.0,0.0,0.0,0.0,0.0,0.0,0,백반·죽·국수,본그룹
ba_14688363,2025-04,0.85,4,1.0,0.0,1.0,0.0,0.5,0.0,0.0,0.0,0,백반·죽·국수,본그룹
ba_14688371,2025-02,0.8,5,0.8,0.0,0.8,0.2,0.2,0.0,0.2,0.2,1,백반·죽·국수,본그룹
ba_14688371,2025-03,0.9,2,1.0,0.0,1.0,0.0,1.0,0.0,0.0,0.0,0,백반·죽·국수,본그룹
ba_14688371,2025-04,0.72,5,1.0,0.0,0.8,0.0,0.2,0.0,0.6,0.0,0,백반·죽·국수,본그룹
ba_14688483,2025-02,0.7000000000000001,6,1.0,0.0,0.6666666666666666,0.0,0.16666666666666666,0.0,0.3333333333333333,0.0,0,백반·죽·국수,본그룹
ba_14688483,2025-04,1.0,2,1.0,0.0,1.0,0.0,0.5,0.0,1.0,0.0,0,백반·죽·국수,본그룹
ba_14688499,2025-02,0.8000000000000002,3,1.0,0.0,0.6666666666666666,0.0,0.3333333333333333,0.0,0.3333333333333333,0.3333333333333333,1,백반·죽·국수,본그룹
ba_14688499,2025-03,1.0,3,1.0,0.0,1.0,0.0,0.0,0.0,0.0,0.0,0,백반·죽·국수,본그룹
ba_14688499,2025-04,0.8,2,1.0,0.0,0.5,0.0,0.5,0.0,0.5,0.0,0,백반·죽·국수,본그룹
ba_14688522,2025-02,0.6,3,1.0,0.0,0.6666666666666666,0.3333333333333333,0.6666666666666666,0.0,0.0,0.0,1,백반·죽·국수,본그룹
ba_14688522,2025-03,0.72,5,0.8,0.0,0.6,0.0,0.0,0.0,0.0,0.0,1,백반·죽·국수,본그룹
ba_14688522,2025-04,0.6444444444444444,9,0.7777777777777778,0.0,0.6666666666666666,0.3333333333333333,0.1111111111111111,0.0,0.0,0.0,0,백반·죽·국수,본그룹
ba_14688525,2025-03,0.7846153846153847,26,0.9230769230769231,0.038461538461538464,0.7692307692307693,0.038461538461538464,0.07692307692307693,0.0,0.46153846153846156,0.038461538461538464,1,백반·죽·국수,본그룹
ba_14688525,2025-04,0.8666666666666668,33,1.0,0.0,0.8484848484848485,0.12121212121212122,0.18181818181818182,0.0,0.21212121212121213,0.18181818181818182,0,백반·죽·국수,본그룹
ba_14688525,2025-02,0.77,20,0.9,0.0,0.65,0.1,0.1,0.0,0.25,0.0,1,백반·죽·국수,본그룹
ba_14688555,2025-02,0.7714285714285714,7,1.0,0.0,0.42857142857142855,0.14285714285714285,0.2857142857142857,0.0,0.5714285714285714,0.14285714285714285,1,백반·죽·국수,본그룹
ba_14688555,2025-03,0.65,4,1.0,0.0,0.5,0.25,0.5,0.0,0.0,0.25,1,백반·죽·국수,본그룹
ba_14688555,2025-04,0.45,8,0.875,0.0,0.75,0.0,0.375,0.0,0.0,0.0,1,백반·죽·국수,본그룹
ba_14688557,2025-03,0.2,1,1.0,0.0,0.0,0.0,0.0,0.0,1.0,0.0,1,백반·죽·국수,본그룹
ba_14688557,2025-04,1.0,1,1.0,0.0,1.0,0.0,0.0,0.0,0.0,0.0,1,백반·죽·국수,본그룹
ba_14688559,2025-02,1.0,2,1.0,0.0,1.0,0.0,0.0,0.0,0.5,0.0,1,백반·죽·국수,본그룹
ba_14688559,2025-03,0.5,2,0.5,0.0,0.5,0.0,0.0,0.0,0.0,0.0,1,백반·죽·국수,본그룹
ba_14688559,2025-04,0.7,2,1.0,0.0,0.5,0.5,1.0,0.0,0.5,0.0,0,백반·죽·국수,본그룹
ba_14688563,2025-02,0.4857142857142857,7,0.5714285714285714,0.14285714285714285,0.5714285714285714,0.14285714285714285,0.42857142857142855,0.0,0.2857142857142857,0.14285714285714285,1,백반·죽·국수,본그룹
ba_14688563,2025-03,0.7999999999999999,3,1.0,0.0,0.6666666666666666,0.0,0.0,0.0,0.3333333333333333,0.3333333333333333,0,백반·죽·국수,본그룹
ba_14688563,2025-04,0.76,5,1.0,0.0,0.8,0.4,0.2,0.0,0.2,0.0,0,백반·죽·국수,본그룹
ba_14688567,2025-02,0.5,2,0.5,0.0,0.5,0.0,0.0,0.0,0.0,0.0,1,백반·죽·국수,본그룹
ba_14688567,2025-03,0.8,2,1.0,0.0,1.0,0.0,1.0,0.0,0.5,0.0,0,백반·죽·국수,본그룹
ba_14688567,2025-04,0.3,2,0.5,0.5,0.5,0.0,0.0,0.0,0.0,0.0,0,백반·죽·국수,본그룹
ba_14688570,2025-02,1.0,4,1.0,0.0,0.75,0.0,0.0,0.0,0.0,0.0,1,백반·죽·국수,본그룹
ba_14688570,2025-03,0.9,2,1.0,0.0,1.0,0.0,0.0,0.0,0.5,0.0,0,백반·죽·국수,본그룹
ba_14688570,2025-04,0.6,2,1.0,0.0,0.5,0.0,0.5,0.0,0.0,0.5,0,백반·죽·국수,본그룹
ba_14688571,2025-02,0.6749999999999999,8,1.0,0.0,0.625,0.25,0.375,0.0,0.375,0.0,1,백반·죽·국수,본그룹
ba_14688571,2025-03,0.65,12,0.8333333333333334,0.08333333333333333,0.75,0.25,0.0,0.0,0.3333333333333333,0.08333333333333333,0,백반·죽·국수,본그룹
ba_14688571,2025-04,0.6933333333333332,15,0.9333333333333333,0.0,0.6666666666666666,0.06666666666666667,0.13333333333333333,0.0,0.2,0.13333333333333333,0,백반·죽·국수,본그룹
ba_14688582,2025-02,0.875,8,1.0,0.0,0.875,0.125,0.125,0.0,0.5,0.0,1,백반·죽·국수,본그룹
ba_14688582,2025-03,0.825,8,0.875,0.0,0.75,0.0,0.0,0.0,0.25,0.125,1,백반·죽·국수,본그룹
ba_14688582,2025-04,0.8400000000000001,15,1.0,0.0,0.8666666666666667,0.3333333333333333,0.2,0.0,0.3333333333333333,0.0,0,백반·죽·국수,본그룹
ba_14688602,2025-02,0.825,8,1.0,0.0,0.875,0.375,0.0,0.0,0.25,0.375,0,백반·죽·국수,본그룹
ba_14688602,2025-03,-0.2,2,0.5,0.5,0.5,0.0,0.0,0.0,0.0,0.0,0,백반·죽·국수,본그룹
ba_14688602,2025-04,1.0,3,1.0,0.0,1.0,0.3333333333333333,0.0,0.0,0.3333333333333333,0.0,0,백반·죽·국수,본그룹
ba_14688609,2025-02,1.0,1,1.0,0.0,1.0,0.0,0.0,0.0,1.0,0.0,1,백반·죽·국수,본그룹
ba_14688609,2025-03,0.6,2,1.0,0.0,1.0,0.0,0.5,0.0,0.0,0.0,0,백반·죽·국수,본그룹
ba_14688609,2025-04,1.0,1,1.0,0.0,1.0,0.0,0.0,0.0,0.0,0.0,0,백반·죽·국수,본그룹
ba_14688614,2025-02,1.0,1,1.0,0.0,1.0,1.0,0.0,0.0,0.0,0.0,1,백반·죽·국수,본그룹
ba_14688614,2025-03,0.55,4,0.75,0.0,0.5,0.25,0.5,0.0,0.5,0.0,0,백반·죽·국수,본그룹
ba_14688614,2025-04,0.75,4,1.0,0.0,0.5,0.25,0.0,0.0,0.25,0.0,0,백반·죽·국수,본그룹
ba_14688631,2025-02,0.9,6,1.0,0.0,1.0,0.3333333333333333,0.3333333333333333,0.0,0.0,0.3333333333333333,1,백반·죽·국수,본그룹
ba_14688631,2025-03,0.8166666666666668,24,0.9583333333333334,0.0,0.7916666666666666,0.125,0.3333333333333333,0.0,0.16666666666666666,0.08333333333333333,0,백반·죽·국수,본그룹
ba_14688631,2025-04,0.911111111111111,18,1.0,0.0,0.8333333333333334,0.1111111111111111,0.16666666666666666,0.0,0.1111111111111111,0.0,0,백반·죽·국수,본그룹
ba_14688656,2025-04,0.0,1,0.0,0.0,0.0,0.0,0.0,0.0,0.0,0.0,0,백반·죽·국수,본그룹
ba_14688684,2025-02,1.0,5,1.0,0.0,1.0,0.6,0.4,0.0,0.0,0.0,1,백반·죽·국수,본그룹
ba_14688684,2025-03,0.9099999999999999,20,1.0,0.0,0.95,0.15,0.2,0.0,0.4,0.2,1,백반·죽·국수,본그룹
ba_14688684,2025-04,0.82,20,0.95,0.0,0.85,0.2,0.15,0.0,0.1,0.15,0,백반·죽·국수,본그룹
ba_14688687,2025-02,0.7625,16,1.0,0.0,0.8125,0.1875,0.3125,0.0,0.375,0.125,1,백반·죽·국수,본그룹
ba_14688687,2025-03,0.7,18,1.0,0.0,0.7777777777777778,0.16666666666666666,0.3333333333333333,0.0,0.4444444444444444,0.1111111111111111,1,백반·죽·국수,본그룹
ba_14688687,2025-04,0.6875,16,0.875,0.0,0.5625,0.0625,0.0,0.0,0.1875,0.1875,1,백반·죽·국수,본그룹
ba_14688693,2025-02,0.5333333333333333,3,0.6666666666666666,0.0,0.6666666666666666,0.0,0.0,0.0,0.0,0.0,1,백반·죽·국수,본그룹
ba_14688693,2025-03,1.0,3,1.0,0.0,1.0,0.0,0.6666666666666666,0.0,0.0,0.0,1,백반·죽·국수,본그룹
ba_14688693,2025-04,1.0,2,1.0,0.0,1.0,0.0,0.5,0.0,0.5,0.0,0,백반·죽·국수,본그룹
ba_14688697,2025-02,0.72,5,0.8,0.0,0.6,0.0,0.4,0.0,0.2,0.2,1,백반·죽·국수,본그룹
ba_14688697,2025-03,0.7333333333333333,9,0.8888888888888888,0.0,0.8888888888888888,0.1111111111111111,0.4444444444444444,0.0,0.1111111111111111,0.0,0,백반·죽·국수,본그룹
ba_14688697,2025-04,0.6599999999999999,10,0.8,0.0,0.7,0.2,0.1,0.0,0.2,0.0,0,백반·죽·국수,본그룹
ba_14688702,2025-02,0.7,2,1.0,0.0,0.5,0.0,0.5,0.0,1.0,0.0,1,백반·죽·국수,본그룹
ba_14688702,2025-03,0.8333333333333334,6,0.8333333333333334,0.0,0.8333333333333334,0.0,0.5,0.0,0.16666666666666666,0.16666666666666666,0,백반·죽·국수,본그룹
ba_14688702,2025-04,0.6285714285714284,7,0.8571428571428571,0.14285714285714285,0.5714285714285714,0.0,0.2857142857142857,0.0,0.0,0.14285714285714285,0,백반·죽·국수,본그룹
ba_14688707,2025-02,0.7666666666666666,6,0.8333333333333334,0.0,0.8333333333333334,0.16666666666666666,0.0,0.0,0.16666666666666666,0.0,1,백반·죽·국수,본그룹
ba_14688707,2025-03,0.4666666666666666,3,1.0,0.0,0.6666666666666666,0.0,0.3333333333333333,0.0,0.0,0.0,0,백반·죽·국수,본그룹
ba_14688707,2025-04,0.76,5,1.0,0.0,1.0,0.4,0.0,0.0,0.0,0.2,0,백반·죽·국수,본그룹
ba_14688709,2025-03,0.95,4,1.0,0.0,0.75,0.0,0.5,0.0,0.25,0.0,1,백반·죽·국수,본그룹
ba_14688709,2025-04,0.9333333333333332,6,1.0,0.0,1.0,0.0,0.16666666666666666,0.0,0.16666666666666666,0.16666666666666666,0,백반·죽·국수,본그룹
ba_14688709,2025-02,0.7428571428571429,7,0.8571428571428571,0.0,0.5714285714285714,0.0,0.14285714285714285,0.0,0.14285714285714285,0.14285714285714285,1,백반·죽·국수,본그룹
ba_14688716,2025-03,0.6571428571428573,7,0.8571428571428571,0.0,0.8571428571428571,0.2857142857142857,0.0,0.0,0.42857142857142855,0.14285714285714285,1,백반·죽·국수,본그룹
ba_14688716,2025-04,0.6000000000000001,8,0.75,0.125,0.625,0.125,0.25,0.0,0.125,0.125,0,백반·죽·국수,본그룹
ba_14688716,2025-02,0.9199999999999999,5,1.0,0.0,1.0,0.0,0.2,0.0,0.0,0.4,1,백반·죽·국수,본그룹
ba_14688728,2025-02,0.5599999999999999,5,0.6,0.2,0.6,0.0,0.0,0.0,0.0,0.0,1,백반·죽·국수,본그룹
ba_14688728,2025-03,0.9333333333333332,3,1.0,0.0,1.0,0.3333333333333333,0.3333333333333333,0.0,0.0,0.3333333333333333,0,백반·죽·국수,본그룹
ba_14688728,2025-04,0.5,2,0.5,0.0,0.0,0.0,1.0,0.0,0.5,0.0,0,백반·죽·국수,본그룹
ba_14688729,2025-03,0.26666666666666666,3,0.6666666666666666,0.3333333333333333,0.0,0.0,0.3333333333333333,0.0,0.3333333333333333,0.0,1,백반·죽·국수,본그룹
ba_14688729,2025-04,0.6,4,0.75,0.0,0.75,0.25,0.0,0.0,0.0,0.0,0,백반·죽·국수,본그룹
ba_14688738,2025-02,0.4,1,1.0,0.0,1.0,1.0,0.0,0.0,0.0,0.0,0,백반·죽·국수,본그룹
ba_14688746,2025-02,0.4,5,0.6,0.4,0.6,0.2,0.2,0.2,0.2,0.2,1,백반·죽·국수,본그룹
ba_14688746,2025-03,0.8333333333333334,6,1.0,0.0,0.8333333333333334,0.0,0.3333333333333333,0.0,0.3333333333333333,0.16666666666666666,0,백반·죽·국수,본그룹
ba_14688746,2025-04,0.5,6,0.6666666666666666,0.0,0.6666666666666666,0.0,0.0,0.0,0.3333333333333333,0.0,0,백반·죽·국수,본그룹
ba_14688751,2025-03,0.30000000000000004,4,0.5,0.25,0.25,0.5,0.25,0.0,0.0,0.25,0,백반·죽·국수,본그룹
ba_14688751,2025-04,0.3333333333333333,3,0.3333333333333333,0.0,0.3333333333333333,0.0,0.3333333333333333,0.0,0.0,0.0,0,백반·죽·국수,본그룹
ba_14688751,2025-02,0.2,1,1.0,0.0,1.0,0.0,1.0,0.0,0.0,0.0,1,백반·죽·국수,본그룹
ba_14688765,2025-02,0.8,2,1.0,0.0,0.0,0.5,0.5,0.0,0.5,0.0,1,백반·죽·국수,본그룹
ba_14688765,2025-03,0.7999999999999999,7,0.8571428571428571,0.0,0.8571428571428571,0.42857142857142855,0.0,0.0,0.0,0.14285714285714285,1,백반·죽·국수,본그룹
ba_14688765,2025-04,0.7555555555555556,9,1.0,0.0,0.7777777777777778,0.1111111111111111,0.1111111111111111,0.0,0.1111111111111111,0.0,1,백반·죽·국수,본그룹
ba_14688789,2025-02,1.0,1,1.0,0.0,1.0,0.0,0.0,0.0,1.0,0.0,1,백반·죽·국수,본그룹
ba_14688789,2025-04,0.6,4,0.75,0.0,0.5,0.75,0.25,0.0,0.75,0.0,0,백반·죽·국수,본그룹
ba_14688848,2025-02,0.6666666666666666,6,1.0,0.0,0.8333333333333334,0.16666666666666666,0.5,0.0,0.5,0.16666666666666666,1,백반·죽·국수,본그룹
ba_14688848,2025-03,0.8,4,1.0,0.0,0.75,0.5,0.25,0.0,0.5,0.25,0,백반·죽·국수,본그룹
ba_14688848,2025-04,0.7,2,1.0,0.0,0.5,0.0,0.0,0.0,0.0,0.0,0,백반·죽·국수,본그룹
ba_14688854,2025-02,1.0,2,1.0,0.0,1.0,0.0,0.5,0.0,0.0,0.0,1,백반·죽·국수,본그룹
ba_14688854,2025-03,0.8666666666666667,3,1.0,0.0,1.0,0.0,0.0,0.0,0.3333333333333333,0.6666666666666666,0,백반·죽·국수,본그룹
ba_14688860,2025-02,1.0,1,1.0,0.0,1.0,0.0,0.0,0.0,0.0,0.0,1,백반·죽·국수,본그룹
ba_14688860,2025-03,0.7,2,1.0,0.0,0.5,0.0,0.0,0.0,0.0,0.0,1,백반·죽·국수,본그룹
ba_14688860,2025-04,0.7999999999999999,3,1.0,0.0,1.0,0.6666666666666666,0.0,0.0,0.0,0.3333333333333333,1,백반·죽·국수,본그룹
ba_14688879,2025-02,0.76,5,1.0,0.0,0.8,0.2,0.2,0.0,0.4,0.2,1,백반·죽·국수,본그룹
ba_14688879,2025-03,0.7999999999999999,6,0.8333333333333334,0.0,0.8333333333333334,0.5,0.16666666666666666,0.0,0.16666666666666666,0.0,0,백반·죽·국수,본그룹
ba_14688879,2025-04,0.8,5,1.0,0.0,0.8,0.4,0.0,0.0,0.0,0.0,0,백반·죽·국수,본그룹
ba_14688905,2025-02,0.5714285714285714,7,0.7142857142857143,0.14285714285714285,0.7142857142857143,0.2857142857142857,0.2857142857142857,0.0,0.14285714285714285,0.14285714285714285,1,백반·죽·국수,본그룹
ba_14688905,2025-03,0.875,8,1.0,0.0,1.0,0.125,0.125,0.0,0.375,0.375,0,백반·죽·국수,본그룹
ba_14688905,2025-04,0.525,8,0.625,0.0,0.5,0.125,0.5,0.0,0.125,0.0,0,백반·죽·국수,본그룹
ba_14688907,2025-02,0.5,4,0.75,0.25,0.75,0.25,0.0,0.0,0.0,0.0,1,백반·죽·국수,본그룹
ba_14688923,2025-02,0.6000000000000001,2,1.0,0.0,0.0,0.0,0.0,0.0,0.0,0.0,1,백반·죽·국수,본그룹
ba_14688923,2025-03,1.0,3,1.0,0.0,1.0,0.6666666666666666,0.3333333333333333,0.0,0.0,0.0,0,백반·죽·국수,본그룹
ba_14688923,2025-04,0.6,1,1.0,0.0,0.0,1.0,0.0,1.0,0.0,0.0,0,백반·죽·국수,본그룹
ba_14688924,2025-03,0.49999999999999994,14,0.7142857142857143,0.21428571428571427,0.5714285714285714,0.0,0.5,0.0,0.14285714285714285,0.0,0,백반·죽·국수,본그룹
ba_14688924,2025-04,0.7875,16,0.9375,0.0,0.75,0.125,0.3125,0.0,0.125,0.125,0,백반·죽·국수,본그룹
ba_14688924,2025-02,0.7647058823529411,17,0.8823529411764706,0.0,0.7647058823529411,0.23529411764705882,0.4117647058823529,0.058823529411764705,0.11764705882352941,0.11764705882352941,1,백반·죽·국수,본그룹
ba_14688931,2025-02,1.0,3,1.0,0.0,1.0,0.0,0.0,0.0,0.0,0.0,1,백반·죽·국수,본그룹
ba_14688931,2025-03,0.55,4,0.75,0.0,0.5,0.0,0.5,0.0,0.0,0.0,1,백반·죽·국수,본그룹
ba_14688931,2025-04,0.6,3,0.6666666666666666,0.0,0.6666666666666666,0.3333333333333333,0.3333333333333333,0.0,0.0,0.3333333333333333,1,백반·죽·국수,본그룹
ba_14688963,2025-03,1.0,1,1.0,0.0,1.0,1.0,0.0,0.0,0.0,0.0,1,백반·죽·국수,본그룹
ba_14688963,2025-04,0.75,4,1.0,0.0,0.5,0.75,0.5,0.0,0.5,0.5,1,백반·죽·국수,본그룹
ba_14688982,2025-03,0.76,5,0.8,0.0,0.4,0.4,0.2,0.0,0.2,0.0,1,백반·죽·국수,본그룹
ba_14688982,2025-02,0.6,1,1.0,0.0,0.0,0.0,0.0,0.0,1.0,0.0,1,백반·죽·국수,본그룹
ba_14689003,2025-02,0.85,4,1.0,0.0,1.0,0.0,0.25,0.0,0.0,0.0,0,백반·죽·국수,본그룹
ba_14689003,2025-03,1.0,4,1.0,0.0,1.0,0.0,0.5,0.0,0.5,0.25,0,백반·죽·국수,본그룹
ba_14689004,2025-02,0.7428571428571429,7,1.0,0.0,0.8571428571428571,0.14285714285714285,0.14285714285714285,0.0,0.14285714285714285,0.14285714285714285,0,백반·죽·국수,본그룹
ba_14689004,2025-03,0.7333333333333334,3,1.0,0.0,0.6666666666666666,0.0,0.0,0.0,0.0,0.0,0,백반·죽·국수,본그룹
ba_14689004,2025-04,1.0,2,1.0,0.0,1.0,0.0,0.0,0.0,0.5,0.0,1,백반·죽·국수,본그룹
ba_14689007,2025-02,0.825,8,1.0,0.0,0.75,0.25,0.25,0.0,0.125,0.125,0,백반·죽·국수,본그룹
ba_14689007,2025-03,0.9,4,1.0,0.0,0.75,0.25,0.0,0.0,0.5,0.0,0,백반·죽·국수,본그룹
ba_14689007,2025-04,1.0,5,1.0,0.0,1.0,0.0,0.0,0.0,0.0,0.0,0,백반·죽·국수,본그룹
ba_14689013,2025-02,0.65,4,1.0,0.0,0.25,0.0,0.0,0.0,0.25,0.0,1,백반·죽·국수,본그룹
ba_14689013,2025-03,0.7333333333333334,3,1.0,0.0,0.6666666666666666,0.0,0.0,0.0,0.0,0.0,1,백반·죽·국수,본그룹
ba_14689024,2025-02,0.8000000000000002,6,1.0,0.0,0.8333333333333334,0.0,0.0,0.0,0.0,0.0,1,백반·죽·국수,본그룹
ba_14689024,2025-03,0.6,1,1.0,0.0,0.0,0.0,0.0,0.0,0.0,0.0,0,백반·죽·국수,본그룹
ba_14689024,2025-04,0.8285714285714285,7,1.0,0.0,0.8571428571428571,0.14285714285714285,0.0,0.14285714285714285,0.0,0.14285714285714285,0,백반·죽·국수,본그룹
ba_14689101,2025-02,0.76,5,1.0,0.0,1.0,0.4,0.0,0.0,0.2,0.0,1,백반·죽·국수,본그룹
ba_14689101,2025-03,1.0,2,1.0,0.0,1.0,0.0,0.5,0.0,0.0,0.5,1,백반·죽·국수,본그룹
ba_14689101,2025-04,0.6666666666666666,3,0.6666666666666666,0.0,0.6666666666666666,0.3333333333333333,0.0,0.0,0.3333333333333333,0.0,1,백반·죽·국수,본그룹
ba_14689115,2025-02,0.45,4,0.75,0.0,0.5,0.25,0.0,0.0,0.25,0.0,1,백반·죽·국수,본그룹
ba_14689115,2025-03,0.9,6,1.0,0.0,0.8333333333333334,0.0,0.0,0.0,0.16666666666666666,0.3333333333333333,0,백반·죽·국수,본그룹
ba_14689115,2025-04,0.8933333333333333,15,1.0,0.0,0.8666666666666667,0.4,0.13333333333333333,0.0,0.13333333333333333,0.13333333333333333,0,백반·죽·국수,본그룹
ba_14689378,2025-02,0.3,2,0.5,0.0,0.0,0.0,0.0,0.0,0.0,0.0,0,백반·죽·국수,본그룹
ba_14689378,2025-03,0.8666666666666667,3,1.0,0.0,1.0,0.3333333333333333,0.0,0.0,0.0,0.0,0,백반·죽·국수,본그룹
ba_14689378,2025-04,1.0,1,1.0,0.0,1.0,0.0,0.0,0.0,0.0,1.0,0,백반·죽·국수,본그룹
ba_14689381,2025-02,0.7,4,0.75,0.0,0.75,0.25,0.5,0.0,0.0,0.0,1,백반·죽·국수,본그룹
ba_14689381,2025-03,0.6,1,1.0,0.0,1.0,0.0,0.0,0.0,0.0,0.0,0,백반·죽·국수,본그룹
ba_14689381,2025-04,0.75,4,0.75,0.0,0.75,0.5,0.25,0.0,0.5,0.25,0,백반·죽·국수,본그룹
ba_14689382,2025-03,0.7666666666666666,6,0.8333333333333334,0.0,0.6666666666666666,0.3333333333333333,0.3333333333333333,0.0,0.3333333333333333,0.0,0,백반·죽·국수,본그룹
ba_14689382,2025-02,0.5599999999999999,5,0.8,0.0,0.2,0.2,0.0,0.2,0.2,0.2,1,백반·죽·국수,본그룹
ba_14689382,2025-04,1.0,2,1.0,0.0,1.0,0.0,0.0,0.0,0.0,0.0,0,백반·죽·국수,본그룹
ba_14689387,2025-02,0.7666666666666667,12,0.9166666666666666,0.0,0.8333333333333334,0.16666666666666666,0.16666666666666666,0.0,0.16666666666666666,0.16666666666666666,1,백반·죽·국수,본그룹
ba_14689387,2025-03,0.9,4,1.0,0.0,0.75,0.0,0.0,0.0,0.25,0.25,1,백반·죽·국수,본그룹
ba_14689387,2025-04,0.8545454545454546,11,1.0,0.0,0.8181818181818182,0.0,0.09090909090909091,0.09090909090909091,0.18181818181818182,0.18181818181818182,1,백반·죽·국수,본그룹
ba_14689395,2025-03,1.0,1,1.0,0.0,1.0,1.0,0.0,0.0,0.0,0.0,1,백반·죽·국수,본그룹
ba_14689395,2025-04,0.2,4,0.25,0.0,0.25,0.25,0.25,0.0,0.0,0.25,1,백반·죽·국수,본그룹
ba_14689401,2025-03,0.6749999999999999,8,0.75,0.0,0.75,0.25,0.125,0.0,0.25,0.125,0,백반·죽·국수,본그룹
ba_14689401,2025-04,0.6,10,0.8,0.1,0.8,0.1,0.1,0.0,0.1,0.1,0,백반·죽·국수,본그룹
ba_14689401,2025-02,0.8666666666666667,9,0.8888888888888888,0.0,0.8888888888888888,0.2222222222222222,0.3333333333333333,0.0,0.1111111111111111,0.1111111111111111,1,백반·죽·국수,본그룹
ba_14689402,2025-04,0.5,2,0.5,0.0,0.5,0.0,0.5,0.0,0.0,0.0,1,백반·죽·국수,본그룹
ba_14689403,2025-02,0.8857142857142858,7,1.0,0.0,0.7142857142857143,0.2857142857142857,0.2857142857142857,0.0,0.5714285714285714,0.0,1,백반·죽·국수,본그룹
ba_14689403,2025-03,0.4,2,1.0,0.0,0.5,0.0,0.0,0.0,0.0,0.0,1,백반·죽·국수,본그룹
ba_14689403,2025-04,0.7428571428571429,7,1.0,0.0,0.8571428571428571,0.14285714285714285,0.14285714285714285,0.0,0.2857142857142857,0.14285714285714285,0,백반·죽·국수,본그룹
ba_14689409,2025-02,0.6,5,0.8,0.2,0.8,0.0,0.6,0.0,0.2,0.0,1,백반·죽·국수,본그룹
ba_14689409,2025-03,-0.2,1,0.0,1.0,0.0,1.0,0.0,1.0,0.0,0.0,1,백반·죽·국수,본그룹
ba_14689409,2025-04,0.76,5,1.0,0.0,0.8,0.0,0.2,0.0,0.4,0.2,0,백반·죽·국수,본그룹
ba_14689415,2025-02,0.476923076923077,13,0.8461538461538461,0.0,0.5384615384615384,0.23076923076923078,0.23076923076923078,0.0,0.3076923076923077,0.23076923076923078,1,백반·죽·국수,본그룹
ba_14689415,2025-03,0.5818181818181818,11,0.9090909090909091,0.0,0.6363636363636364,0.09090909090909091,0.18181818181818182,0.0,0.09090909090909091,0.18181818181818182,0,백반·죽·국수,본그룹
ba_14689415,2025-04,0.6799999999999999,5,0.8,0.0,0.8,0.2,0.2,0.0,0.2,0.2,0,백반·죽·국수,본그룹
ba_14689416,2025-02,0.775,8,0.875,0.0,0.875,0.125,0.125,0.0,0.125,0.0,1,백반·죽·국수,본그룹
ba_14689416,2025-03,1.0,1,1.0,0.0,1.0,0.0,0.0,0.0,0.0,0.0,1,백반·죽·국수,본그룹
ba_14689416,2025-04,0.46666666666666673,6,0.6666666666666666,0.16666666666666666,0.8333333333333334,0.3333333333333333,0.0,0.0,0.0,0.0,0,백반·죽·국수,본그룹
ba_14689427,2025-02,0.5666666666666668,6,1.0,0.0,0.6666666666666666,0.0,0.16666666666666666,0.0,0.16666666666666666,0.0,1,백반·죽·국수,본그룹
ba_14689427,2025-03,0.34285714285714286,7,0.8571428571428571,0.14285714285714285,0.7142857142857143,0.0,0.42857142857142855,0.0,0.14285714285714285,0.0,0,백반·죽·국수,본그룹
ba_14689427,2025-04,0.825,8,0.875,0.0,0.875,0.0,0.125,0.0,0.25,0.0,0,백반·죽·국수,본그룹
ba_14689441,2025-02,1.0,1,1.0,0.0,1.0,0.0,0.0,0.0,0.0,1.0,1,백반·죽·국수,본그룹
ba_14689441,2025-03,0.5,2,0.5,0.0,0.5,0.0,0.0,0.0,0.0,0.0,0,백반·죽·국수,본그룹
ba_14689441,2025-04,1.0,2,1.0,0.0,1.0,0.0,0.0,0.0,0.0,0.0,0,백반·죽·국수,본그룹
ba_14689454,2025-02,0.7428571428571429,7,0.8571428571428571,0.0,0.7142857142857143,0.2857142857142857,0.0,0.0,0.2857142857142857,0.14285714285714285,1,백반·죽·국수,본그룹
ba_14689454,2025-03,0.9249999999999999,8,1.0,0.0,1.0,0.125,0.25,0.0,0.125,0.0,0,백반·죽·국수,본그룹
ba_14689454,2025-04,0.52,10,0.9,0.1,0.6,0.3,0.2,0.1,0.2,0.0,0,백반·죽·국수,본그룹
ba_14689464,2025-02,0.5714285714285714,7,0.7142857142857143,0.0,0.5714285714285714,0.7142857142857143,0.14285714285714285,0.0,0.0,0.14285714285714285,1,백반·죽·국수,본그룹
ba_14689464,2025-03,0.7000000000000001,4,1.0,0.0,0.5,0.25,0.25,0.0,0.25,0.0,0,백반·죽·국수,본그룹
ba_14689464,2025-04,0.8285714285714285,7,1.0,0.0,0.7142857142857143,0.14285714285714285,0.2857142857142857,0.0,0.0,0.14285714285714285,0,백반·죽·국수,본그룹
ba_14689472,2025-02,0.7142857142857143,7,1.0,0.0,0.5714285714285714,0.0,0.2857142857142857,0.0,0.2857142857142857,0.0,1,백반·죽·국수,본그룹
ba_14689472,2025-03,0.3333333333333333,3,0.3333333333333333,0.0,0.3333333333333333,0.0,0.0,0.0,0.0,0.0,0,백반·죽·국수,본그룹
ba_14689472,2025-04,0.7428571428571429,7,0.8571428571428571,0.14285714285714285,0.7142857142857143,0.2857142857142857,0.14285714285714285,0.0,0.14285714285714285,0.0,0,백반·죽·국수,본그룹
ba_14689481,2025-02,0.9,8,1.0,0.0,0.875,0.125,0.0,0.0,0.25,0.0,1,백반·죽·국수,본그룹
ba_14689481,2025-03,0.7,4,1.0,0.0,1.0,0.0,0.5,0.0,0.0,0.0,0,백반·죽·국수,본그룹
ba_14689481,2025-04,0.7142857142857143,7,0.8571428571428571,0.0,0.8571428571428571,0.14285714285714285,0.14285714285714285,0.0,0.14285714285714285,0.14285714285714285,0,백반·죽·국수,본그룹
ba_14689485,2025-02,1.0,1,1.0,0.0,1.0,0.0,1.0,0.0,0.0,0.0,1,백반·죽·국수,본그룹
ba_14689485,2025-03,1.0,1,1.0,0.0,1.0,0.0,0.0,0.0,1.0,0.0,0,백반·죽·국수,본그룹
ba_14689485,2025-04,1.0,2,1.0,0.0,1.0,0.0,0.0,0.0,0.0,0.0,0,백반·죽·국수,본그룹
ba_14689496,2025-02,0.7333333333333334,3,1.0,0.0,0.6666666666666666,0.0,0.3333333333333333,0.0,0.3333333333333333,0.0,1,백반·죽·국수,본그룹
ba_14689496,2025-03,0.7333333333333333,6,1.0,0.0,0.6666666666666666,0.0,0.0,0.0,0.16666666666666666,0.0,0,백반·죽·국수,본그룹
ba_14689496,2025-04,1.0,1,1.0,0.0,1.0,0.0,0.0,0.0,0.0,0.0,0,백반·죽·국수,본그룹
ba_14689536,2025-02,0.7076923076923076,13,0.8461538461538461,0.07692307692307693,0.9230769230769231,0.15384615384615385,0.38461538461538464,0.0,0.23076923076923078,0.3076923076923077,1,백반·죽·국수,본그룹
ba_14689536,2025-03,0.4769230769230769,13,0.6923076923076923,0.0,0.5384615384615384,0.23076923076923078,0.3076923076923077,0.15384615384615385,0.23076923076923078,0.0,0,백반·죽·국수,본그룹
ba_14689536,2025-04,0.575,16,0.75,0.0,0.5625,0.1875,0.0625,0.0,0.1875,0.0625,0,백반·죽·국수,본그룹
ba_14689545,2025-02,0.7555555555555556,9,1.0,0.0,0.6666666666666666,0.1111111111111111,0.2222222222222222,0.0,0.0,0.0,1,백반·죽·국수,본그룹
ba_14689545,2025-03,0.76,5,1.0,0.0,0.6,0.2,0.0,0.0,0.4,0.2,0,백반·죽·국수,본그룹
ba_14689545,2025-04,0.525,8,0.75,0.0,0.5,0.0,0.125,0.0,0.25,0.125,0,백반·죽·국수,본그룹
ba_14689548,2025-02,0.6222222222222222,9,0.8888888888888888,0.1111111111111111,0.7777777777777778,0.2222222222222222,0.0,0.0,0.2222222222222222,0.0,1,백반·죽·국수,본그룹
ba_14689548,2025-03,0.5777777777777778,9,0.7777777777777778,0.1111111111111111,0.6666666666666666,0.1111111111111111,0.2222222222222222,0.0,0.2222222222222222,0.0,1,백반·죽·국수,본그룹
ba_14689548,2025-04,0.75,20,0.9,0.1,0.75,0.2,0.1,0.05,0.15,0.2,0,백반·죽·국수,본그룹
ba_14689573,2025-02,0.9090909090909091,11,1.0,0.0,0.8181818181818182,0.09090909090909091,0.45454545454545453,0.0,0.2727272727272727,0.09090909090909091,1,백반·죽·국수,본그룹
ba_14689573,2025-03,0.7375,16,0.875,0.0625,0.6875,0.0625,0.125,0.0,0.1875,0.0,0,백반·죽·국수,본그룹
ba_14689573,2025-04,0.8153846153846155,13,0.9230769230769231,0.07692307692307693,0.9230769230769231,0.07692307692307693,0.15384615384615385,0.0,0.07692307692307693,0.15384615384615385,0,백반·죽·국수,본그룹
ba_14689591,2025-02,1.0,1,1.0,0.0,1.0,0.0,0.0,0.0,0.0,0.0,1,백반·죽·국수,본그룹
ba_14689591,2025-03,0.5,2,0.5,0.0,0.5,0.0,0.0,0.0,0.0,0.0,0,백반·죽·국수,본그룹
ba_14689591,2025-04,1.0,2,1.0,0.0,1.0,0.0,0.0,0.0,0.0,0.0,0,백반·죽·국수,본그룹
ba_14689595,2025-02,0.8333333333333334,6,1.0,0.0,0.8333333333333334,0.16666666666666666,0.0,0.0,0.0,0.0,1,백반·죽·국수,본그룹
ba_14689595,2025-03,0.8133333333333332,15,0.9333333333333333,0.06666666666666667,0.8666666666666667,0.06666666666666667,0.3333333333333333,0.06666666666666667,0.13333333333333333,0.06666666666666667,0,백반·죽·국수,본그룹
ba_14689595,2025-04,0.7999999999999999,9,0.8888888888888888,0.1111111111111111,0.8888888888888888,0.3333333333333333,0.2222222222222222,0.0,0.4444444444444444,0.0,0,백반·죽·국수,본그룹
ba_14689608,2025-03,0.8400000000000001,5,1.0,0.0,0.8,0.0,0.0,0.0,0.0,0.0,1,백반·죽·국수,본그룹
ba_14689608,2025-04,0.5428571428571428,7,0.8571428571428571,0.0,0.5714285714285714,0.2857142857142857,0.14285714285714285,0.14285714285714285,0.0,0.14285714285714285,1,백반·죽·국수,본그룹
ba_14689610,2025-02,0.7999999999999999,3,1.0,0.0,0.6666666666666666,0.0,0.0,0.0,0.0,0.0,1,백반·죽·국수,본그룹
ba_14689610,2025-03,0.8,2,1.0,0.0,1.0,0.5,0.0,0.0,0.0,0.0,1,백반·죽·국수,본그룹
ba_14689610,2025-04,1.0,2,1.0,0.0,1.0,0.0,0.0,0.0,0.0,0.5,1,백반·죽·국수,본그룹
ba_14689611,2025-02,0.575,8,0.875,0.0,0.75,0.125,0.125,0.0,0.375,0.25,1,백반·죽·국수,본그룹
ba_14689611,2025-03,0.6666666666666666,6,0.6666666666666666,0.0,0.8333333333333334,0.16666666666666666,0.0,0.0,0.0,0.0,0,백반·죽·국수,본그룹
ba_14689611,2025-04,0.45999999999999996,10,0.9,0.1,0.5,0.1,0.0,0.0,0.6,0.0,1,백반·죽·국수,본그룹
ba_14689614,2025-03,0.3,2,0.5,0.0,0.5,0.0,0.0,0.0,0.5,0.0,0,백반·죽·국수,본그룹
ba_14689614,2025-04,1.0,2,1.0,0.0,1.0,0.0,0.5,0.0,0.0,0.5,0,백반·죽·국수,본그룹
ba_14689614,2025-02,0.0,1,0.0,0.0,0.0,1.0,0.0,0.0,0.0,0.0,1,백반·죽·국수,본그룹
ba_14689625,2025-02,0.7142857142857143,7,0.8571428571428571,0.0,0.7142857142857143,0.14285714285714285,0.2857142857142857,0.0,0.42857142857142855,0.14285714285714285,1,백반·죽·국수,본그룹
ba_14689625,2025-03,0.75,12,0.9166666666666666,0.0,0.8333333333333334,0.08333333333333333,0.25,0.0,0.25,0.0,1,백반·죽·국수,본그룹
ba_14689625,2025-04,0.8363636363636363,11,0.9090909090909091,0.0,0.8181818181818182,0.0,0.18181818181818182,0.0,0.36363636363636365,0.18181818181818182,0,백반·죽·국수,본그룹
ba_14689645,2025-02,0.5599999999999999,10,0.6,0.0,0.5,0.2,0.0,0.0,0.0,0.0,1,백반·죽·국수,본그룹
ba_14689645,2025-03,0.4,4,0.75,0.0,0.5,0.5,0.0,0.25,0.25,0.0,1,백반·죽·국수,본그룹
ba_14689645,2025-04,0.575,8,0.75,0.0,0.5,0.125,0.25,0.0,0.0,0.0,0,백반·죽·국수,본그룹
ba_14689734,2025-02,0.39999999999999997,3,0.6666666666666666,0.3333333333333333,0.6666666666666666,0.3333333333333333,0.6666666666666666,0.0,0.3333333333333333,0.0,1,백반·죽·국수,본그룹
ba_14689734,2025-03,0.9666666666666667,6,1.0,0.0,1.0,0.16666666666666666,0.16666666666666666,0.0,0.16666666666666666,0.16666666666666666,0,백반·죽·국수,본그룹
ba_14689734,2025-04,0.0,1,0.0,0.0,0.0,1.0,0.0,1.0,0.0,0.0,0,백반·죽·국수,본그룹
ba_14689750,2025-02,0.75,8,0.875,0.0,0.625,0.25,0.25,0.0,0.125,0.125,1,백반·죽·국수,본그룹
ba_14689750,2025-03,0.7333333333333333,12,0.9166666666666666,0.08333333333333333,0.8333333333333334,0.08333333333333333,0.16666666666666666,0.0,0.08333333333333333,0.0,0,백반·죽·국수,본그룹
ba_14689750,2025-04,0.8888888888888888,9,1.0,0.0,0.8888888888888888,0.1111111111111111,0.0,0.0,0.3333333333333333,0.1111111111111111,0,백반·죽·국수,본그룹
ba_14689756,2025-02,0.9428571428571428,7,1.0,0.0,0.8571428571428571,0.2857142857142857,0.14285714285714285,0.0,0.14285714285714285,0.14285714285714285,1,백반·죽·국수,본그룹
ba_14689756,2025-03,0.6285714285714287,7,0.8571428571428571,0.0,0.5714285714285714,0.0,0.0,0.0,0.2857142857142857,0.14285714285714285,0,백반·죽·국수,본그룹
ba_14689756,2025-04,1.0,6,1.0,0.0,1.0,0.0,0.3333333333333333,0.0,0.0,0.0,0,백반·죽·국수,본그룹
ba_14689757,2025-02,0.775,8,1.0,0.0,0.875,0.125,0.25,0.0,0.0,0.0,1,백반·죽·국수,본그룹
ba_14689757,2025-03,0.7090909090909091,11,0.9090909090909091,0.0,0.8181818181818182,0.09090909090909091,0.18181818181818182,0.0,0.18181818181818182,0.0,0,백반·죽·국수,본그룹
ba_14689757,2025-04,0.5333333333333333,6,0.6666666666666666,0.0,0.5,0.16666666666666666,0.0,0.0,0.0,0.16666666666666666,0,백반·죽·국수,본그룹
ba_14689759,2025-02,0.4666666666666666,3,0.6666666666666666,0.0,0.3333333333333333,0.0,0.6666666666666666,0.0,0.0,0.3333333333333333,1,백반·죽·국수,본그룹
ba_14689759,2025-03,0.8,4,1.0,0.0,0.75,0.25,0.25,0.0,0.25,0.25,0,백반·죽·국수,본그룹
ba_14689759,2025-04,0.5,2,0.5,0.0,0.5,0.0,0.5,0.0,0.0,0.0,1,백반·죽·국수,본그룹
ba_14689761,2025-02,0.7111111111111111,9,0.7777777777777778,0.0,0.6666666666666666,0.3333333333333333,0.3333333333333333,0.0,0.2222222222222222,0.2222222222222222,1,백반·죽·국수,본그룹
ba_14689761,2025-03,0.65,4,0.75,0.0,0.75,0.25,0.0,0.0,0.0,0.0,1,백반·죽·국수,본그룹
ba_14689761,2025-04,0.85,12,0.9166666666666666,0.0,0.8333333333333334,0.08333333333333333,0.25,0.0,0.08333333333333333,0.08333333333333333,0,백반·죽·국수,본그룹
ba_14689766,2025-02,0.72,5,0.8,0.0,0.8,0.0,0.2,0.2,0.2,0.0,1,백반·죽·국수,본그룹
ba_14689766,2025-03,0.6666666666666666,3,0.6666666666666666,0.0,0.6666666666666666,0.0,0.0,0.0,0.0,0.3333333333333333,0,백반·죽·국수,본그룹
ba_14689766,2025-04,0.13333333333333333,3,0.6666666666666666,0.0,0.3333333333333333,0.0,0.3333333333333333,0.0,0.3333333333333333,0.0,0,백반·죽·국수,본그룹
ba_14689782,2025-02,0.5333333333333333,3,0.6666666666666666,0.0,0.6666666666666666,0.0,0.0,0.0,0.0,0.0,1,백반·죽·국수,본그룹
ba_14689782,2025-03,0.0,1,0.0,0.0,0.0,0.0,0.0,0.0,0.0,0.0,1,백반·죽·국수,본그룹
ba_14689782,2025-04,0.3,6,0.5,0.0,0.16666666666666666,0.0,0.16666666666666666,0.0,0.0,0.0,0,백반·죽·국수,본그룹
ba_14689809,2025-02,0.72,5,0.8,0.0,0.8,0.4,0.2,0.0,0.2,0.2,1,백반·죽·국수,본그룹
ba_14689809,2025-03,0.7666666666666667,6,1.0,0.0,0.6666666666666666,0.0,0.16666666666666666,0.0,0.3333333333333333,0.16666666666666666,0,백반·죽·국수,본그룹
ba_14689809,2025-04,0.52,5,0.6,0.0,0.4,0.0,0.0,0.0,0.0,0.0,1,백반·죽·국수,본그룹
ba_14689837,2025-03,0.65,4,0.75,0.0,1.0,0.25,0.0,0.0,0.0,0.0,0,백반·죽·국수,본그룹
ba_14689837,2025-02,1.0,1,1.0,0.0,1.0,0.0,0.0,0.0,0.0,0.0,1,백반·죽·국수,본그룹
ba_14689846,2025-02,1.0,3,1.0,0.0,1.0,0.3333333333333333,0.0,0.0,0.0,0.0,1,백반·죽·국수,본그룹
ba_14689846,2025-03,0.6,7,1.0,0.0,0.42857142857142855,0.14285714285714285,0.14285714285714285,0.0,0.14285714285714285,0.14285714285714285,1,백반·죽·국수,본그룹
ba_14689846,2025-04,0.4666666666666666,3,0.6666666666666666,0.0,0.3333333333333333,0.0,0.0,0.0,0.3333333333333333,0.0,0,백반·죽·국수,본그룹
ba_14689854,2025-02,0.73125,32,0.96875,0.0,0.75,0.125,0.1875,0.0,0.21875,0.09375,1,백반·죽·국수,본그룹
ba_14689854,2025-03,0.6823529411764706,34,0.8529411764705882,0.029411764705882353,0.6176470588235294,0.20588235294117646,0.20588235294117646,0.0,0.3235294117647059,0.029411764705882353,0,백반·죽·국수,본그룹
ba_14689854,2025-04,0.757142857142857,28,0.9642857142857143,0.0,0.7857142857142857,0.21428571428571427,0.17857142857142858,0.0,0.39285714285714285,0.07142857142857142,1,백반·죽·국수,본그룹
ba_14689855,2025-02,0.8363636363636363,11,1.0,0.0,0.8181818181818182,0.2727272727272727,0.09090909090909091,0.09090909090909091,0.18181818181818182,0.2727272727272727,1,백반·죽·국수,본그룹
ba_14689855,2025-03,0.7999999999999999,3,1.0,0.0,0.6666666666666666,0.3333333333333333,0.6666666666666666,0.0,0.0,0.3333333333333333,0,백반·죽·국수,본그룹
ba_14689855,2025-04,0.8769230769230769,13,1.0,0.0,0.7692307692307693,0.23076923076923078,0.15384615384615385,0.0,0.23076923076923078,0.15384615384615385,0,백반·죽·국수,본그룹
ba_14689859,2025-03,0.7,2,1.0,0.0,0.5,0.0,1.0,0.0,0.5,0.0,0,백반·죽·국수,본그룹
ba_14689859,2025-04,0.4666666666666666,3,0.6666666666666666,0.0,0.3333333333333333,0.3333333333333333,0.3333333333333333,0.0,0.3333333333333333,0.0,0,백반·죽·국수,본그룹
ba_14689869,2025-03,0.8666666666666667,3,1.0,0.0,0.6666666666666666,0.0,0.0,0.0,0.0,0.0,0,백반·죽·국수,본그룹
ba_14689869,2025-04,0.19999999999999998,2,0.5,0.5,0.5,0.5,0.0,0.0,0.0,0.0,0,백반·죽·국수,본그룹
ba_14689869,2025-02,0.725,8,0.875,0.125,0.75,0.25,0.375,0.0,0.625,0.25,0,백반·죽·국수,본그룹
ba_14689875,2025-03,0.85,4,1.0,0.0,0.75,0.0,0.0,0.0,0.0,0.0,1,백반·죽·국수,본그룹
ba_14689875,2025-04,0.7142857142857143,7,1.0,0.0,0.8571428571428571,0.14285714285714285,0.0,0.0,0.2857142857142857,0.14285714285714285,1,백반·죽·국수,본그룹
ba_14689886,2025-02,0.85,8,0.875,0.0,0.875,0.25,0.125,0.0,0.125,0.125,0,백반·죽·국수,본그룹
ba_14689886,2025-03,1.0,2,1.0,0.0,1.0,0.0,0.5,0.0,0.0,0.5,0,백반·죽·국수,본그룹
ba_14689886,2025-04,0.96,5,1.0,0.0,0.8,0.0,0.4,0.0,0.2,0.0,0,백반·죽·국수,본그룹
ba_14689890,2025-03,0.5466666666666667,15,0.7333333333333333,0.06666666666666667,0.4666666666666667,0.13333333333333333,0.2,0.0,0.26666666666666666,0.0,0,백반·죽·국수,본그룹
ba_14689890,2025-02,0.9090909090909091,11,0.9090909090909091,0.0,0.9090909090909091,0.09090909090909091,0.2727272727272727,0.0,0.45454545454545453,0.36363636363636365,1,백반·죽·국수,본그룹
ba_14689890,2025-04,0.56,15,0.7333333333333333,0.06666666666666667,0.7333333333333333,0.13333333333333333,0.2,0.06666666666666667,0.06666666666666667,0.0,0,백반·죽·국수,본그룹
ba_14689894,2025-02,0.6,3,0.6666666666666666,0.0,0.3333333333333333,0.3333333333333333,1.0,0.0,0.3333333333333333,0.3333333333333333,1,백반·죽·국수,본그룹
ba_14689894,2025-03,0.7000000000000001,6,0.8333333333333334,0.0,0.5,0.0,0.16666666666666666,0.0,0.0,0.16666666666666666,0,백반·죽·국수,본그룹
ba_14689894,2025-04,0.4571428571428572,7,0.7142857142857143,0.14285714285714285,0.42857142857142855,0.0,0.14285714285714285,0.0,0.14285714285714285,0.0,0,백반·죽·국수,본그룹
ba_14689904,2025-02,1.0,5,1.0,0.0,1.0,0.2,0.2,0.0,0.2,0.0,1,백반·죽·국수,본그룹
ba_14689904,2025-04,0.6666666666666666,3,0.6666666666666666,0.0,0.6666666666666666,0.3333333333333333,0.3333333333333333,0.0,0.0,0.3333333333333333,0,백반·죽·국수,본그룹
ba_14689906,2025-03,0.3666666666666667,6,0.6666666666666666,0.16666666666666666,0.6666666666666666,0.16666666666666666,0.0,0.0,0.0,0.16666666666666666,0,백반·죽·국수,본그룹
ba_14689906,2025-04,0.5,2,1.0,0.0,0.5,1.0,0.5,0.0,1.0,0.0,0,백반·죽·국수,본그룹
ba_14689910,2025-02,1.0,3,1.0,0.0,1.0,0.0,0.3333333333333333,0.0,0.6666666666666666,0.0,1,백반·죽·국수,본그룹
ba_14689910,2025-03,0.7454545454545454,11,1.0,0.0,0.8181818181818182,0.09090909090909091,0.0,0.0,0.2727272727272727,0.09090909090909091,1,백반·죽·국수,본그룹
ba_14689910,2025-04,0.5368421052631579,19,0.7894736842105263,0.05263157894736842,0.6842105263157895,0.3157894736842105,0.15789473684210525,0.0,0.2631578947368421,0.0,0,백반·죽·국수,본그룹
ba_14689936,2025-02,0.56,5,0.8,0.0,0.6,1.0,0.0,0.0,0.0,0.2,1,백반·죽·국수,본그룹
ba_14689936,2025-03,0.8857142857142858,7,1.0,0.0,1.0,0.0,0.14285714285714285,0.0,0.2857142857142857,0.0,1,백반·죽·국수,본그룹
ba_14689936,2025-04,0.76,15,0.8666666666666667,0.0,0.8,0.13333333333333333,0.0,0.0,0.0,0.06666666666666667,0,백반·죽·국수,본그룹
ba_14689940,2025-02,0.8400000000000001,5,1.0,0.0,0.8,0.0,0.2,0.0,0.2,0.0,1,백반·죽·국수,본그룹
ba_14689940,2025-03,0.7666666666666666,6,0.8333333333333334,0.0,0.8333333333333334,0.0,0.0,0.0,0.0,0.0,1,백반·죽·국수,본그룹
ba_14689940,2025-04,0.6307692307692307,13,0.8461538461538461,0.0,0.7692307692307693,0.07692307692307693,0.38461538461538464,0.07692307692307693,0.0,0.0,0,백반·죽·국수,본그룹
ba_14689942,2025-02,0.8333333333333334,6,1.0,0.0,1.0,0.16666666666666666,0.0,0.16666666666666666,0.16666666666666666,0.0,1,백반·죽·국수,본그룹
ba_14689942,2025-04,0.65,4,1.0,0.0,0.75,0.25,0.0,0.0,0.0,0.0,0,백반·죽·국수,본그룹
ba_14689953,2025-02,0.6,4,0.75,0.0,0.5,0.5,0.25,0.0,0.0,0.0,1,백반·죽·국수,본그룹
ba_14689953,2025-03,0.6000000000000001,5,1.0,0.0,0.8,0.0,0.2,0.0,0.2,0.0,0,백반·죽·국수,본그룹
ba_14689953,2025-04,0.0,1,0.0,0.0,0.0,0.0,0.0,0.0,0.0,0.0,0,백반·죽·국수,본그룹
ba_14689993,2025-03,0.6857142857142857,14,0.8571428571428571,0.14285714285714285,0.6428571428571429,0.07142857142857142,0.14285714285714285,0.0,0.21428571428571427,0.0,0,백반·죽·국수,본그룹
ba_14689993,2025-02,0.875,8,1.0,0.0,0.875,0.0,0.25,0.0,0.625,0.0,1,백반·죽·국수,본그룹
ba_14689999,2025-02,0.6888888888888888,9,0.7777777777777778,0.0,0.4444444444444444,0.0,0.3333333333333333,0.0,0.4444444444444444,0.0,1,백반·죽·국수,본그룹
ba_14689999,2025-03,0.7000000000000001,6,1.0,0.0,0.5,0.0,0.0,0.0,0.0,0.16666666666666666,0,백반·죽·국수,본그룹
ba_14689999,2025-04,0.9,6,1.0,0.0,0.8333333333333334,0.3333333333333333,0.0,0.0,0.5,0.16666666666666666,0,백반·죽·국수,본그룹
ba_14690002,2025-02,0.75,4,0.75,0.0,0.75,0.0,0.25,0.0,0.25,0.25,1,백반·죽·국수,본그룹
ba_14690002,2025-03,0.28,5,0.6,0.4,0.6,0.4,0.0,0.0,0.0,0.0,1,백반·죽·국수,본그룹
ba_14690002,2025-04,0.875,8,1.0,0.0,0.875,0.0,0.375,0.0,0.125,0.125,0,백반·죽·국수,본그룹
ba_14690014,2025-02,0.6,1,1.0,0.0,1.0,0.0,0.0,0.0,0.0,0.0,1,백반·죽·국수,본그룹
ba_14690014,2025-03,0.6,1,1.0,0.0,0.0,1.0,0.0,0.0,1.0,0.0,1,백반·죽·국수,본그룹
ba_14690014,2025-04,0.9,2,1.0,0.0,0.5,0.0,0.0,0.0,1.0,0.0,0,백반·죽·국수,본그룹
ba_14690034,2025-02,0.0,1,0.0,0.0,0.0,0.0,0.0,0.0,0.0,0.0,1,백반·죽·국수,본그룹
ba_14690034,2025-03,0.6,1,1.0,0.0,1.0,0.0,0.0,0.0,0.0,0.0,1,백반·죽·국수,본그룹
ba_14690034,2025-04,0.95,4,1.0,0.0,1.0,0.0,0.0,0.0,0.25,0.25,1,백반·죽·국수,본그룹
ba_14690045,2025-02,0.75,4,1.0,0.0,0.5,0.0,0.25,0.0,0.0,0.0,1,백반·죽·국수,본그룹
ba_14690045,2025-03,0.55,4,0.75,0.25,1.0,0.25,0.0,0.0,0.25,0.25,0,백반·죽·국수,본그룹
ba_14690045,2025-04,0.7333333333333334,3,1.0,0.0,1.0,0.3333333333333333,0.3333333333333333,0.0,0.0,0.0,0,백반·죽·국수,본그룹
ba_14690050,2025-02,0.5142857142857143,7,0.7142857142857143,0.0,0.42857142857142855,0.2857142857142857,0.0,0.0,0.14285714285714285,0.0,1,백반·죽·국수,본그룹
ba_14690050,2025-03,1.0,1,1.0,0.0,1.0,1.0,0.0,0.0,0.0,0.0,0,백반·죽·국수,본그룹
ba_14690050,2025-04,0.6,2,1.0,0.0,1.0,0.0,0.5,0.0,0.0,0.0,0,백반·죽·국수,본그룹
ba_14690053,2025-02,0.6666666666666666,12,0.8333333333333334,0.0,0.75,0.16666666666666666,0.3333333333333333,0.0,0.16666666666666666,0.08333333333333333,1,백반·죽·국수,본그룹
ba_14690053,2025-03,0.7714285714285715,7,1.0,0.0,0.5714285714285714,0.2857142857142857,0.0,0.14285714285714285,0.0,0.2857142857142857,0,백반·죽·국수,본그룹
ba_14690053,2025-04,0.8666666666666667,6,1.0,0.0,0.8333333333333334,0.16666666666666666,0.5,0.0,0.16666666666666666,0.0,0,백반·죽·국수,본그룹
ba_14690056,2025-02,0.68,10,0.9,0.0,0.7,0.0,0.3,0.0,0.2,0.0,0,백반·죽·국수,본그룹
ba_14690056,2025-03,0.0,1,0.0,0.0,0.0,0.0,0.0,0.0,0.0,0.0,0,백반·죽·국수,본그룹
ba_14690056,2025-04,0.6,1,1.0,0.0,0.0,0.0,0.0,0.0,0.0,0.0,0,백반·죽·국수,본그룹
ba_14690057,2025-02,0.6888888888888889,9,1.0,0.0,0.8888888888888888,0.2222222222222222,0.2222222222222222,0.0,0.1111111111111111,0.1111111111111111,1,백반·죽·국수,본그룹
ba_14690057,2025-03,0.6,5,1.0,0.0,0.8,0.0,0.4,0.0,0.0,0.0,0,백반·죽·국수,본그룹
ba_14690057,2025-04,0.6857142857142857,7,0.8571428571428571,0.0,0.5714285714285714,0.2857142857142857,0.14285714285714285,0.0,0.14285714285714285,0.14285714285714285,0,백반·죽·국수,본그룹
ba_14690062,2025-02,1.0,1,1.0,0.0,1.0,0.0,0.0,0.0,0.0,0.0,1,백반·죽·국수,본그룹
ba_14690062,2025-04,0.6,1,1.0,0.0,1.0,1.0,0.0,0.0,0.0,0.0,0,백반·죽·국수,본그룹
ba_14690068,2025-03,0.2,1,1.0,0.0,0.0,0.0,0.0,0.0,1.0,0.0,0,백반·죽·국수,본그룹
ba_14690068,2025-04,0.8666666666666667,3,1.0,0.0,0.3333333333333333,0.0,0.3333333333333333,0.0,0.3333333333333333,0.0,0,백반·죽·국수,본그룹
ba_14690068,2025-02,0.7333333333333334,3,1.0,0.0,0.6666666666666666,0.0,0.3333333333333333,0.0,0.3333333333333333,0.0,0,백반·죽·국수,본그룹
ba_14690077,2025-02,0.7333333333333334,3,1.0,0.0,1.0,0.0,1.0,0.0,0.3333333333333333,0.0,1,백반·죽·국수,본그룹
ba_14690077,2025-03,0.6666666666666666,9,0.8888888888888888,0.0,0.7777777777777778,0.3333333333333333,0.0,0.0,0.4444444444444444,0.0,1,백반·죽·국수,본그룹
ba_14690077,2025-04,0.8,5,1.0,0.0,0.6,0.4,0.0,0.0,0.4,0.0,0,백반·죽·국수,본그룹
ba_14690081,2025-02,0.7428571428571429,7,0.8571428571428571,0.0,0.7142857142857143,0.0,0.2857142857142857,0.0,0.14285714285714285,0.0,1,백반·죽·국수,본그룹
ba_14690081,2025-04,0.7333333333333334,9,1.0,0.0,0.6666666666666666,0.2222222222222222,0.2222222222222222,0.0,0.5555555555555556,0.2222222222222222,1,백반·죽·국수,본그룹
ba_14690086,2025-02,0.7428571428571429,7,1.0,0.0,0.42857142857142855,0.0,0.2857142857142857,0.0,0.2857142857142857,0.14285714285714285,1,백반·죽·국수,본그룹
ba_14690086,2025-03,0.45,4,0.75,0.25,0.75,0.25,0.0,0.0,0.25,0.0,1,백반·죽·국수,본그룹
ba_14690086,2025-04,0.7666666666666666,6,1.0,0.0,0.8333333333333334,0.3333333333333333,0.3333333333333333,0.0,0.0,0.16666666666666666,0,백반·죽·국수,본그룹
ba_14690092,2025-02,0.6666666666666666,3,0.6666666666666666,0.0,0.6666666666666666,0.0,0.3333333333333333,0.0,0.6666666666666666,0.0,1,백반·죽·국수,본그룹
ba_14690092,2025-03,1.0,1,1.0,0.0,1.0,0.0,0.0,0.0,0.0,0.0,1,백반·죽·국수,본그룹
ba_14690092,2025-04,0.2,1,1.0,0.0,1.0,0.0,0.0,0.0,0.0,0.0,1,백반·죽·국수,본그룹
ba_14690110,2025-02,1.0,1,1.0,0.0,1.0,0.0,0.0,0.0,0.0,0.0,1,백반·죽·국수,본그룹
ba_14690110,2025-03,0.4666666666666666,3,0.6666666666666666,0.0,0.3333333333333333,0.3333333333333333,0.6666666666666666,0.0,0.3333333333333333,0.3333333333333333,0,백반·죽·국수,본그룹
ba_14690110,2025-04,0.8666666666666667,3,1.0,0.0,1.0,0.0,0.0,0.0,0.3333333333333333,0.0,0,백반·죽·국수,본그룹
ba_14690124,2025-02,0.8,2,1.0,0.0,0.5,0.0,0.0,0.0,0.5,0.0,1,백반·죽·국수,본그룹
ba_14690124,2025-03,0.3,2,0.5,0.0,1.0,0.0,0.0,0.0,0.0,0.0,0,백반·죽·국수,본그룹
ba_14690154,2025-03,0.6615384615384616,13,0.8461538461538461,0.07692307692307693,0.7692307692307693,0.15384615384615385,0.23076923076923078,0.0,0.23076923076923078,0.07692307692307693,0,백반·죽·국수,본그룹
ba_14690154,2025-02,0.8181818181818182,11,0.9090909090909091,0.0,0.8181818181818182,0.0,0.2727272727272727,0.0,0.18181818181818182,0.09090909090909091,1,백반·죽·국수,본그룹
ba_14690154,2025-04,0.7142857142857143,14,0.8571428571428571,0.0,0.6428571428571429,0.0,0.07142857142857142,0.0,0.21428571428571427,0.14285714285714285,0,백반·죽·국수,본그룹
ba_14690155,2025-02,-0.04999999999999999,4,0.5,0.25,0.25,0.25,0.25,0.0,0.25,0.0,1,백반·죽·국수,본그룹
ba_14690155,2025-03,0.4,4,0.75,0.25,0.5,0.25,0.0,0.0,0.0,0.0,0,백반·죽·국수,본그룹
ba_14690155,2025-04,0.7,2,1.0,0.0,0.5,0.0,0.0,0.0,0.0,0.0,0,백반·죽·국수,본그룹
ba_14690378,2025-03,0.6,1,1.0,0.0,1.0,1.0,0.0,0.0,0.0,0.0,1,백반·죽·국수,본그룹
ba_14690378,2025-04,0.0,1,0.0,0.0,1.0,0.0,0.0,0.0,0.0,0.0,0,백반·죽·국수,본그룹
ba_14690560,2025-02,1.0,4,1.0,0.0,1.0,0.0,0.0,0.0,0.25,0.0,0,백반·죽·국수,본그룹
ba_14690565,2025-02,0.7,4,1.0,0.0,0.75,0.0,0.25,0.0,0.0,0.0,1,백반·죽·국수,본그룹
ba_14690565,2025-03,0.44000000000000006,5,0.8,0.0,0.4,0.0,0.2,0.0,0.2,0.0,0,백반·죽·국수,본그룹
ba_14690565,2025-04,0.6,4,1.0,0.0,1.0,0.0,0.25,0.0,0.0,0.0,0,백반·죽·국수,본그룹
ba_14690660,2025-04,0.8333333333333334,18,0.8888888888888888,0.0,0.8888888888888888,0.16666666666666666,0.05555555555555555,0.0,0.05555555555555555,0.05555555555555555,0,백반·죽·국수,본그룹
ba_14690660,2025-02,0.5058823529411764,17,0.7058823529411765,0.0,0.4117647058823529,0.11764705882352941,0.23529411764705882,0.0,0.17647058823529413,0.058823529411764705,1,백반·죽·국수,본그룹
ba_14690660,2025-03,0.6222222222222222,9,0.7777777777777778,0.0,0.5555555555555556,0.3333333333333333,0.0,0.0,0.2222222222222222,0.1111111111111111,0,백반·죽·국수,본그룹
ba_14690665,2025-02,0.7999999999999999,3,1.0,0.0,0.6666666666666666,0.0,0.6666666666666666,0.0,0.3333333333333333,0.0,1,백반·죽·국수,본그룹
ba_14690665,2025-03,1.0,2,1.0,0.0,1.0,0.0,0.0,0.0,0.5,0.5,1,백반·죽·국수,본그룹
ba_14690665,2025-04,0.6,3,0.6666666666666666,0.3333333333333333,1.0,0.0,0.0,0.0,0.0,0.0,0,백반·죽·국수,본그룹
ba_14690672,2025-02,0.7428571428571429,7,0.8571428571428571,0.0,0.5714285714285714,0.0,0.14285714285714285,0.0,0.14285714285714285,0.0,1,백반·죽·국수,본그룹
ba_14690672,2025-03,0.4,4,0.75,0.25,0.5,0.0,0.25,0.0,0.0,0.0,0,백반·죽·국수,본그룹
ba_14690672,2025-04,0.4000000000000001,3,0.6666666666666666,0.0,0.3333333333333333,0.3333333333333333,0.0,0.0,0.0,0.3333333333333333,0,백반·죽·국수,본그룹
ba_14690673,2025-02,0.8,5,0.8,0.0,0.8,0.0,0.0,0.0,0.0,0.0,1,백반·죽·국수,본그룹
ba_14690673,2025-03,0.6,6,0.6666666666666666,0.0,0.5,0.16666666666666666,0.0,0.0,0.16666666666666666,0.0,1,백반·죽·국수,본그룹
ba_14690673,2025-04,0.5599999999999999,10,0.8,0.1,0.6,0.3,0.0,0.0,0.2,0.1,0,백반·죽·국수,본그룹
ba_14690674,2025-02,0.8400000000000001,10,1.0,0.0,0.9,0.2,0.1,0.0,0.1,0.0,1,백반·죽·국수,본그룹
ba_14690674,2025-03,0.7749999999999999,8,1.0,0.0,0.625,0.0,0.125,0.0,0.375,0.0,0,백반·죽·국수,본그룹
ba_14690674,2025-04,0.76,5,1.0,0.0,0.6,0.4,0.0,0.0,0.2,0.2,0,백반·죽·국수,본그룹
ba_14690677,2025-02,0.5,4,0.5,0.0,0.75,0.25,0.0,0.0,0.0,0.25,1,백반·죽·국수,본그룹
ba_14690677,2025-03,0.7333333333333333,9,0.7777777777777778,0.0,0.7777777777777778,0.0,0.1111111111111111,0.0,0.0,0.0,1,백반·죽·국수,본그룹
ba_14690677,2025-04,0.5599999999999999,5,1.0,0.0,0.4,0.0,0.2,0.0,0.2,0.0,1,백반·죽·국수,본그룹
ba_14690680,2025-02,0.711111111111111,9,1.0,0.0,0.6666666666666666,0.0,0.1111111111111111,0.0,0.5555555555555556,0.1111111111111111,1,백반·죽·국수,본그룹
ba_14690680,2025-03,0.8727272727272727,11,1.0,0.0,0.8181818181818182,0.09090909090909091,0.18181818181818182,0.0,0.09090909090909091,0.18181818181818182,0,백반·죽·국수,본그룹
ba_14690680,2025-04,0.8727272727272727,11,0.9090909090909091,0.0,0.8181818181818182,0.36363636363636365,0.2727272727272727,0.0,0.45454545454545453,0.09090909090909091,0,백반·죽·국수,본그룹
ba_14690689,2025-02,1.0,3,1.0,0.0,1.0,0.0,0.0,0.0,0.6666666666666666,0.0,1,백반·죽·국수,본그룹
ba_14690689,2025-03,0.76,5,1.0,0.0,0.8,0.0,0.2,0.0,0.4,0.0,1,백반·죽·국수,본그룹
ba_14690689,2025-04,0.7111111111111112,9,1.0,0.0,0.7777777777777778,0.0,0.1111111111111111,0.0,0.3333333333333333,0.0,0,백반·죽·국수,본그룹
ba_14690695,2025-02,0.711111111111111,9,1.0,0.0,0.3333333333333333,0.1111111111111111,0.1111111111111111,0.0,0.4444444444444444,0.1111111111111111,1,백반·죽·국수,본그룹
ba_14690695,2025-03,0.5066666666666667,15,0.9333333333333333,0.06666666666666667,0.3333333333333333,0.06666666666666667,0.13333333333333333,0.0,0.26666666666666666,0.06666666666666667,0,백반·죽·국수,본그룹
ba_14690695,2025-04,0.5,6,0.8333333333333334,0.0,0.6666666666666666,0.3333333333333333,0.0,0.0,0.0,0.0,0,백반·죽·국수,본그룹
ba_14690704,2025-02,0.8,1,1.0,0.0,1.0,0.0,0.0,0.0,0.0,0.0,1,백반·죽·국수,본그룹
ba_14690704,2025-03,0.6333333333333334,6,0.8333333333333334,0.0,0.5,0.16666666666666666,0.16666666666666666,0.0,0.16666666666666666,0.0,0,백반·죽·국수,본그룹
ba_14690704,2025-04,0.65,4,0.75,0.0,0.5,0.0,0.25,0.0,0.25,0.0,0,백반·죽·국수,본그룹
ba_14690709,2025-03,0.0,2,0.5,0.5,0.0,0.5,0.0,0.0,0.0,0.0,1,백반·죽·국수,본그룹
ba_14690709,2025-04,1.0,1,1.0,0.0,1.0,0.0,0.0,0.0,0.0,0.0,1,백반·죽·국수,본그룹
ba_14690712,2025-02,0.7333333333333334,6,1.0,0.0,0.8333333333333334,0.3333333333333333,0.3333333333333333,0.0,0.3333333333333333,0.16666666666666666,1,백반·죽·국수,본그룹
ba_14690712,2025-03,0.4666666666666666,6,0.6666666666666666,0.16666666666666666,0.6666666666666666,0.16666666666666666,0.16666666666666666,0.0,0.3333333333333333,0.16666666666666666,0,백반·죽·국수,본그룹
ba_14690712,2025-04,0.64,5,0.8,0.0,0.6,0.4,0.2,0.2,0.0,0.0,0,백반·죽·국수,본그룹
ba_14690718,2025-02,0.55,4,0.75,0.0,0.75,0.25,0.25,0.0,0.25,0.0,0,백반·죽·국수,본그룹
ba_14690718,2025-03,0.6,1,1.0,0.0,1.0,0.0,0.0,0.0,0.0,0.0,0,백반·죽·국수,본그룹
ba_14690723,2025-02,0.6857142857142857,7,0.8571428571428571,0.0,0.8571428571428571,0.0,0.2857142857142857,0.0,0.2857142857142857,0.0,1,백반·죽·국수,본그룹
ba_14690723,2025-03,1.0,1,1.0,0.0,1.0,0.0,0.0,0.0,0.0,0.0,1,백반·죽·국수,본그룹
ba_14690724,2025-04,0.3333333333333333,3,0.3333333333333333,0.0,0.3333333333333333,0.0,0.3333333333333333,0.0,0.0,0.0,0,백반·죽·국수,본그룹
ba_14690725,2025-02,0.44999999999999996,4,0.75,0.0,0.25,0.0,0.0,0.0,0.75,0.0,1,백반·죽·국수,본그룹
ba_14690725,2025-03,0.7000000000000001,6,0.8333333333333334,0.0,0.8333333333333334,0.0,0.16666666666666666,0.0,0.0,0.0,1,백반·죽·국수,본그룹
ba_14690725,2025-04,0.775,8,1.0,0.0,0.875,0.125,0.25,0.0,0.125,0.0,0,백반·죽·국수,본그룹
ba_14690752,2025-02,0.7090909090909091,11,0.8181818181818182,0.0,0.8181818181818182,0.09090909090909091,0.09090909090909091,0.0,0.0,0.0,1,백반·죽·국수,본그룹
ba_14690752,2025-03,0.7666666666666667,12,0.9166666666666666,0.08333333333333333,0.9166666666666666,0.0,0.08333333333333333,0.0,0.08333333333333333,0.08333333333333333,0,백반·죽·국수,본그룹
ba_14690752,2025-04,1.0,5,1.0,0.0,1.0,0.0,0.0,0.0,0.0,0.0,0,백반·죽·국수,본그룹
ba_14690763,2025-03,1.0,2,1.0,0.0,1.0,0.0,0.0,0.0,0.0,0.0,1,백반·죽·국수,본그룹
ba_14690763,2025-04,0.2,1,1.0,0.0,1.0,0.0,0.0,0.0,0.0,0.0,1,백반·죽·국수,본그룹
ba_14690774,2025-02,0.8222222222222222,9,1.0,0.0,1.0,0.4444444444444444,0.1111111111111111,0.1111111111111111,0.1111111111111111,0.0,1,백반·죽·국수,본그룹
ba_14690774,2025-03,0.37142857142857144,7,0.42857142857142855,0.0,0.2857142857142857,0.14285714285714285,0.0,0.0,0.14285714285714285,0.0,1,백반·죽·국수,본그룹
ba_14690774,2025-04,0.5428571428571428,14,0.8571428571428571,0.0,0.42857142857142855,0.0,0.0,0.0,0.21428571428571427,0.07142857142857142,0,백반·죽·국수,본그룹
ba_14690786,2025-03,0.82,10,1.0,0.0,0.8,0.1,0.3,0.0,0.2,0.0,1,백반·죽·국수,본그룹
ba_14690786,2025-04,0.5199999999999999,5,1.0,0.0,0.4,0.4,0.0,0.0,0.4,0.0,0,백반·죽·국수,본그룹
ba_14690806,2025-02,1.0,1,1.0,0.0,1.0,0.0,0.0,0.0,0.0,0.0,1,백반·죽·국수,본그룹
ba_14690806,2025-03,0.96,5,1.0,0.0,0.8,0.0,0.2,0.0,0.4,0.0,1,백반·죽·국수,본그룹
ba_14690806,2025-04,0.7999999999999999,8,1.0,0.0,0.75,0.0,0.5,0.0,0.25,0.0,0,백반·죽·국수,본그룹
ba_14690836,2025-02,0.85,4,1.0,0.0,0.75,0.0,0.0,0.0,0.75,0.0,1,백반·죽·국수,본그룹
ba_14690836,2025-03,1.0,1,1.0,0.0,1.0,0.0,0.0,0.0,0.0,0.0,0,백반·죽·국수,본그룹
ba_14690836,2025-04,1.0,1,1.0,0.0,1.0,0.0,0.0,0.0,0.0,0.0,0,백반·죽·국수,본그룹
ba_14690909,2025-02,0.575,8,0.75,0.25,0.75,0.375,0.125,0.0,0.25,0.0,1,백반·죽·국수,본그룹
ba_14690909,2025-03,0.6,6,0.8333333333333334,0.0,0.5,0.16666666666666666,0.3333333333333333,0.16666666666666666,0.0,0.0,0,백반·죽·국수,본그룹
ba_14690909,2025-04,0.6666666666666666,6,0.8333333333333334,0.0,0.5,0.3333333333333333,0.16666666666666666,0.0,0.16666666666666666,0.3333333333333333,0,백반·죽·국수,본그룹
ba_14690983,2025-02,0.6133333333333333,15,0.7333333333333333,0.0,0.6666666666666666,0.2,0.0,0.0,0.26666666666666666,0.06666666666666667,1,백반·죽·국수,본그룹
ba_14690983,2025-03,0.85,4,1.0,0.0,0.5,0.25,0.5,0.0,0.0,0.0,0,백반·죽·국수,본그룹
ba_14690983,2025-04,0.7777777777777778,9,1.0,0.0,1.0,0.2222222222222222,0.1111111111111111,0.0,0.5555555555555556,0.0,0,백반·죽·국수,본그룹
ba_14690992,2025-03,0.2,2,0.5,0.0,0.0,0.0,0.0,0.0,0.0,0.0,0,백반·죽·국수,본그룹
ba_14690992,2025-04,0.8400000000000001,5,1.0,0.0,0.6,0.2,0.4,0.0,0.2,0.0,0,백반·죽·국수,본그룹
ba_14691001,2025-02,0.7,2,1.0,0.0,0.5,0.0,0.0,0.0,0.0,0.0,0,백반·죽·국수,본그룹
ba_14691005,2025-02,0.8250000000000001,8,1.0,0.0,0.75,0.5,0.125,0.0,0.125,0.125,1,백반·죽·국수,본그룹
ba_14691005,2025-03,0.36,5,0.8,0.0,0.2,0.0,0.6,0.0,0.2,0.0,0,백반·죽·국수,본그룹
ba_14691005,2025-04,0.6666666666666666,6,1.0,0.0,0.6666666666666666,0.16666666666666666,0.16666666666666666,0.0,0.3333333333333333,0.16666666666666666,0,백반·죽·국수,본그룹
ba_14691030,2025-03,0.72,5,0.8,0.0,0.6,0.2,0.2,0.0,0.4,0.4,1,백반·죽·국수,본그룹
ba_14691030,2025-04,0.6,7,0.8571428571428571,0.0,0.42857142857142855,0.0,0.42857142857142855,0.0,0.2857142857142857,0.0,0,백반·죽·국수,본그룹
ba_14691036,2025-03,1.0,2,1.0,0.0,1.0,0.0,0.0,0.0,0.0,0.0,1,백반·죽·국수,본그룹
ba_14691036,2025-04,0.5428571428571428,7,0.7142857142857143,0.0,0.42857142857142855,0.0,0.14285714285714285,0.0,0.0,0.0,1,백반·죽·국수,본그룹
ba_14691037,2025-03,0.6,6,0.6666666666666666,0.0,0.6666666666666666,0.0,0.16666666666666666,0.0,0.16666666666666666,0.16666666666666666,0,백반·죽·국수,본그룹
ba_14691037,2025-04,0.2857142857142857,7,0.42857142857142855,0.2857142857142857,0.5714285714285714,0.0,0.14285714285714285,0.0,0.0,0.0,0,백반·죽·국수,본그룹
ba_14691037,2025-02,0.55,8,0.875,0.0,0.625,0.25,0.0,0.0,0.0,0.0,1,백반·죽·국수,본그룹
ba_14691042,2025-03,0.75,4,0.75,0.0,0.75,0.5,0.0,0.0,0.5,0.25,1,백반·죽·국수,본그룹
ba_14691042,2025-04,0.7000000000000001,6,0.8333333333333334,0.0,0.6666666666666666,0.0,0.6666666666666666,0.0,0.16666666666666666,0.0,1,백반·죽·국수,본그룹
ba_14691044,2025-03,0.85,4,1.0,0.0,0.75,0.25,0.25,0.0,0.25,0.25,0,백반·죽·국수,본그룹
ba_14691059,2025-03,1.0,3,1.0,0.0,1.0,0.0,0.0,0.0,0.0,0.0,0,백반·죽·국수,본그룹
ba_14691059,2025-04,0.5,2,0.5,0.0,0.5,0.0,0.0,0.0,0.0,0.0,1,백반·죽·국수,본그룹
ba_14691062,2025-02,0.76,5,1.0,0.0,0.8,0.0,0.0,0.0,0.0,0.2,1,백반·죽·국수,본그룹
ba_14691062,2025-03,0.6888888888888889,9,0.8888888888888888,0.0,0.6666666666666666,0.3333333333333333,0.2222222222222222,0.0,0.0,0.0,1,백반·죽·국수,본그룹
ba_14691062,2025-04,0.7555555555555554,9,0.8888888888888888,0.0,0.7777777777777778,0.1111111111111111,0.1111111111111111,0.0,0.1111111111111111,0.0,0,백반·죽·국수,본그룹
ba_14691072,2025-02,0.5333333333333333,6,0.8333333333333334,0.16666666666666666,0.6666666666666666,0.16666666666666666,0.16666666666666666,0.0,0.16666666666666666,0.0,1,백반·죽·국수,본그룹
ba_14691072,2025-03,0.6,3,1.0,0.0,1.0,0.0,0.0,0.0,0.0,0.0,0,백반·죽·국수,본그룹
ba_14691072,2025-04,1.0,4,1.0,0.0,1.0,0.0,0.25,0.0,0.0,0.0,0,백반·죽·국수,본그룹
ba_14691077,2025-03,0.7666666666666667,6,1.0,0.0,0.6666666666666666,0.16666666666666666,0.16666666666666666,0.0,0.16666666666666666,0.0,1,백반·죽·국수,본그룹
ba_14691077,2025-04,0.8800000000000001,5,1.0,0.0,1.0,0.0,0.0,0.0,0.0,0.0,1,백반·죽·국수,본그룹
ba_14691078,2025-03,0.25,4,0.5,0.25,0.25,0.0,0.25,0.25,0.25,0.0,1,백반·죽·국수,본그룹
ba_14691078,2025-04,0.6666666666666666,3,1.0,0.0,0.3333333333333333,0.0,0.0,0.0,0.6666666666666666,0.3333333333333333,0,백반·죽·국수,본그룹
ba_14691084,2025-02,0.8173913043478261,23,0.9130434782608695,0.0,0.8695652173913043,0.17391304347826086,0.2608695652173913,0.0,0.30434782608695654,0.13043478260869565,1,백반·죽·국수,본그룹
ba_14691084,2025-03,0.7549999999999999,40,0.925,0.025,0.625,0.025,0.25,0.0,0.175,0.15,0,백반·죽·국수,본그룹
ba_14691084,2025-04,0.8555555555555555,18,1.0,0.0,0.7777777777777778,0.2222222222222222,0.2777777777777778,0.0,0.2222222222222222,0.05555555555555555,0,백반·죽·국수,본그룹
ba_14691088,2025-02,0.0,1,0.0,0.0,0.0,0.0,0.0,0.0,0.0,0.0,1,백반·죽·국수,본그룹
ba_14691088,2025-03,0.6,2,1.0,0.0,0.5,0.0,0.5,0.0,0.0,0.5,0,백반·죽·국수,본그룹
ba_14691089,2025-03,-0.1,2,0.0,0.5,0.5,0.5,0.0,0.0,0.0,0.0,1,백반·죽·국수,본그룹
ba_14691089,2025-04,1.0,1,1.0,0.0,1.0,0.0,0.0,0.0,0.0,0.0,0,백반·죽·국수,본그룹
ba_14691101,2025-02,0.78,10,1.0,0.0,0.6,0.1,0.3,0.1,0.2,0.0,1,백반·죽·국수,본그룹
ba_14691101,2025-03,0.8400000000000001,5,1.0,0.0,0.6,0.2,0.2,0.0,0.0,0.0,0,백반·죽·국수,본그룹
ba_14691101,2025-04,0.8285714285714286,7,1.0,0.0,0.8571428571428571,0.0,0.2857142857142857,0.0,0.2857142857142857,0.2857142857142857,0,백반·죽·국수,본그룹
ba_14691105,2025-02,0.9333333333333332,6,1.0,0.0,1.0,0.0,0.0,0.0,0.16666666666666666,0.0,0,백반·죽·국수,본그룹
ba_14691105,2025-03,0.75,4,0.75,0.0,1.0,0.0,0.5,0.0,0.0,0.0,0,백반·죽·국수,본그룹
ba_14691106,2025-03,0.6,3,1.0,0.0,0.6666666666666666,0.0,0.3333333333333333,0.0,0.0,0.0,1,백반·죽·국수,본그룹
ba_14691106,2025-04,0.76,5,0.8,0.0,0.8,0.0,0.2,0.0,0.2,0.0,1,백반·죽·국수,본그룹
ba_14691112,2025-04,1.0,5,1.0,0.0,1.0,0.0,0.0,0.0,0.0,0.0,1,백반·죽·국수,본그룹
ba_14691116,2025-02,0.7142857142857143,7,1.0,0.0,0.7142857142857143,0.14285714285714285,0.0,0.0,0.14285714285714285,0.0,1,백반·죽·국수,본그룹
ba_14691116,2025-03,0.7,8,1.0,0.0,0.75,0.125,0.125,0.0,0.375,0.125,0,백반·죽·국수,본그룹
ba_14691116,2025-04,0.7428571428571429,7,1.0,0.0,0.7142857142857143,0.0,0.2857142857142857,0.0,0.5714285714285714,0.0,0,백반·죽·국수,본그룹
ba_14691130,2025-04,1.0,3,1.0,0.0,1.0,0.0,0.3333333333333333,0.0,0.0,0.0,1,백반·죽·국수,본그룹
ba_14691145,2025-04,0.9,2,1.0,0.0,1.0,0.0,0.0,0.0,0.0,0.0,0,백반·죽·국수,본그룹
ba_14691146,2025-03,0.75,4,1.0,0.0,1.0,0.25,0.0,0.0,0.0,0.25,1,백반·죽·국수,본그룹
ba_14691146,2025-04,0.6,3,1.0,0.0,1.0,0.0,0.3333333333333333,0.0,0.0,0.0,0,백반·죽·국수,본그룹
ba_14691147,2025-03,0.6571428571428573,7,1.0,0.0,0.5714285714285714,0.0,0.14285714285714285,0.0,0.42857142857142855,0.0,0,백반·죽·국수,본그룹
ba_14691147,2025-04,1.0,3,1.0,0.0,1.0,0.0,0.0,0.0,0.0,0.3333333333333333,0,백반·죽·국수,본그룹
ba_14691147,2025-02,0.65,4,0.75,0.0,0.5,0.0,0.0,0.0,0.5,0.0,1,백반·죽·국수,본그룹
ba_14691150,2025-04,0.75,4,1.0,0.0,0.75,0.25,0.25,0.0,0.75,0.0,1,백반·죽·국수,본그룹
ba_14691150,2025-03,0.9,6,1.0,0.0,0.6666666666666666,0.16666666666666666,0.16666666666666666,0.0,0.3333333333333333,0.16666666666666666,1,백반·죽·국수,본그룹
ba_14691155,2025-02,0.7902439024390242,41,0.9512195121951219,0.0,0.6829268292682927,0.04878048780487805,0.24390243902439024,0.0,0.17073170731707318,0.12195121951219512,1,백반·죽·국수,본그룹
ba_14691155,2025-03,0.6857142857142857,21,0.9523809523809523,0.047619047619047616,0.6190476190476191,0.19047619047619047,0.14285714285714285,0.0,0.38095238095238093,0.09523809523809523,0,백반·죽·국수,본그룹
ba_14691155,2025-04,0.6785714285714286,28,0.8571428571428571,0.0,0.6785714285714286,0.14285714285714285,0.21428571428571427,0.0,0.21428571428571427,0.14285714285714285,0,백반·죽·국수,본그룹
ba_14691171,2025-03,0.6714285714285716,14,1.0,0.0,0.6428571428571429,0.14285714285714285,0.07142857142857142,0.0,0.35714285714285715,0.14285714285714285,1,백반·죽·국수,본그룹
ba_14691171,2025-04,0.711111111111111,9,1.0,0.0,0.6666666666666666,0.1111111111111111,0.2222222222222222,0.0,0.4444444444444444,0.2222222222222222,0,백반·죽·국수,본그룹
ba_14691172,2025-03,0.3666666666666667,6,0.5,0.16666666666666666,0.6666666666666666,0.16666666666666666,0.16666666666666666,0.0,0.0,0.0,1,백반·죽·국수,본그룹
ba_14691172,2025-04,0.7333333333333334,6,1.0,0.0,0.5,0.0,0.16666666666666666,0.0,0.16666666666666666,0.0,0,백반·죽·국수,본그룹
ba_14691173,2025-03,0.68,5,1.0,0.0,0.6,0.0,0.2,0.0,0.4,0.0,1,백반·죽·국수,본그룹
ba_14691173,2025-04,0.8,4,1.0,0.0,0.75,0.25,0.0,0.0,0.0,0.0,1,백반·죽·국수,본그룹
ba_14691178,2025-03,0.72,10,1.0,0.0,0.9,0.4,0.4,0.0,0.4,0.0,1,백반·죽·국수,본그룹
ba_14691178,2025-04,0.577777777777778,9,1.0,0.0,0.5555555555555556,0.2222222222222222,0.1111111111111111,0.1111111111111111,0.1111111111111111,0.0,1,백반·죽·국수,본그룹
ba_14691179,2025-02,0.4,2,1.0,0.0,0.0,0.5,0.5,0.0,0.0,0.0,1,백반·죽·국수,본그룹
ba_14691179,2025-03,0.6666666666666666,6,0.8333333333333334,0.16666666666666666,0.6666666666666666,0.0,0.0,0.16666666666666666,0.16666666666666666,0.16666666666666666,1,백반·죽·국수,본그룹
ba_14691179,2025-04,0.6333333333333333,6,0.8333333333333334,0.0,0.6666666666666666,0.0,0.0,0.0,0.0,0.16666666666666666,1,백반·죽·국수,본그룹
ba_14691187,2025-03,0.6,2,1.0,0.0,1.0,0.0,0.0,0.0,0.0,0.0,1,백반·죽·국수,본그룹
ba_14691187,2025-04,1.0,4,1.0,0.0,1.0,0.25,0.0,0.0,0.0,0.0,1,백반·죽·국수,본그룹
ba_14691194,2025-04,0.7,2,1.0,0.0,1.0,0.0,0.5,0.0,0.0,0.5,1,백반·죽·국수,본그룹
ba_14691209,2025-03,0.7999999999999999,3,1.0,0.0,0.6666666666666666,0.0,0.0,0.0,0.0,0.3333333333333333,1,백반·죽·국수,본그룹
ba_14691209,2025-04,0.5777777777777778,9,0.7777777777777778,0.0,0.6666666666666666,0.1111111111111111,0.1111111111111111,0.0,0.2222222222222222,0.1111111111111111,1,백반·죽·국수,본그룹
ba_14691228,2025-03,0.8,1,1.0,0.0,1.0,0.0,0.0,0.0,1.0,0.0,1,백반·죽·국수,본그룹
ba_14691228,2025-04,1.0,1,1.0,0.0,1.0,0.0,0.0,0.0,0.0,0.0,0,백반·죽·국수,본그룹
ba_14691234,2025-02,0.5555555555555556,9,0.8888888888888888,0.1111111111111111,0.6666666666666666,0.2222222222222222,0.2222222222222222,0.0,0.1111111111111111,0.0,0,백반·죽·국수,본그룹
ba_14691234,2025-03,0.26666666666666666,3,0.6666666666666666,0.0,0.0,0.0,0.0,0.0,0.0,0.0,0,백반·죽·국수,본그룹
ba_14691235,2025-03,0.25,4,0.75,0.0,0.25,0.0,0.0,0.0,0.0,0.0,1,백반·죽·국수,본그룹
ba_14691235,2025-04,0.9,2,1.0,0.0,1.0,0.0,0.0,0.0,0.0,0.0,1,백반·죽·국수,본그룹
ba_14691237,2025-03,0.7000000000000001,6,0.8333333333333334,0.0,0.6666666666666666,0.16666666666666666,0.16666666666666666,0.0,0.16666666666666666,0.0,1,백반·죽·국수,본그룹
ba_14691237,2025-04,0.3333333333333333,3,0.3333333333333333,0.0,0.3333333333333333,0.0,0.3333333333333333,0.0,0.0,0.0,0,백반·죽·국수,본그룹
ba_14691245,2025-02,0.72,10,1.0,0.0,0.6,0.1,0.3,0.0,0.1,0.0,1,백반·죽·국수,본그룹
ba_14691245,2025-03,0.43333333333333335,6,0.6666666666666666,0.16666666666666666,0.8333333333333334,0.16666666666666666,0.5,0.0,0.0,0.0,0,백반·죽·국수,본그룹
ba_14691245,2025-04,0.4,2,1.0,0.0,1.0,0.5,0.0,0.0,0.0,0.0,0,백반·죽·국수,본그룹
ba_14691269,2025-02,0.8,7,1.0,0.0,0.8571428571428571,0.0,0.14285714285714285,0.0,0.14285714285714285,0.0,1,백반·죽·국수,본그룹
ba_14691269,2025-03,0.8857142857142858,7,1.0,0.0,1.0,0.0,0.0,0.0,0.14285714285714285,0.0,0,백반·죽·국수,본그룹
ba_14691269,2025-04,0.44000000000000006,5,0.6,0.0,0.4,0.2,0.0,0.0,0.2,0.0,0,백반·죽·국수,본그룹
ba_14691270,2025-02,0.6148148148148148,27,0.8518518518518519,0.037037037037037035,0.5925925925925926,0.07407407407407407,0.07407407407407407,0.0,0.18518518518518517,0.07407407407407407,0,백반·죽·국수,본그룹
ba_14691270,2025-03,0.64,5,1.0,0.0,0.6,0.0,0.0,0.0,0.4,0.0,0,백반·죽·국수,본그룹
ba_14691270,2025-04,0.5142857142857143,7,0.7142857142857143,0.0,0.2857142857142857,0.0,0.14285714285714285,0.0,0.42857142857142855,0.42857142857142855,0,백반·죽·국수,본그룹
ba_14691272,2025-02,0.6571428571428571,14,0.7857142857142857,0.07142857142857142,0.7142857142857143,0.21428571428571427,0.07142857142857142,0.0,0.07142857142857142,0.07142857142857142,0,백반·죽·국수,본그룹
ba_14691272,2025-03,0.4800000000000001,5,0.8,0.0,0.6,0.0,0.0,0.0,0.4,0.0,0,백반·죽·국수,본그룹
ba_14691272,2025-04,0.8,2,1.0,0.0,1.0,0.0,0.0,0.0,0.0,0.0,0,백반·죽·국수,본그룹
ba_14691273,2025-02,0.5818181818181819,11,0.9090909090909091,0.0,0.6363636363636364,0.18181818181818182,0.2727272727272727,0.0,0.18181818181818182,0.0,0,백반·죽·국수,본그룹
ba_14691273,2025-03,0.42857142857142855,7,0.8571428571428571,0.0,0.2857142857142857,0.0,0.42857142857142855,0.0,0.14285714285714285,0.0,0,백반·죽·국수,본그룹
ba_14691273,2025-04,0.8,5,1.0,0.0,0.6,0.2,0.2,0.0,0.2,0.2,0,백반·죽·국수,본그룹
ba_14691277,2025-04,0.24000000000000005,5,0.6,0.0,0.2,0.0,0.0,0.0,0.0,0.0,1,백반·죽·국수,본그룹
ba_14691277,2025-03,1.0,2,1.0,0.0,1.0,0.0,0.0,0.0,1.0,0.0,1,백반·죽·국수,본그룹
ba_14691292,2025-02,0.9,2,1.0,0.0,1.0,0.0,0.0,0.0,0.5,0.0,1,백반·죽·국수,본그룹
ba_14691292,2025-03,0.8666666666666667,6,1.0,0.0,0.8333333333333334,0.16666666666666666,0.5,0.0,0.3333333333333333,0.0,1,백반·죽·국수,본그룹
ba_14691292,2025-04,0.8461538461538461,13,1.0,0.0,1.0,0.3076923076923077,0.23076923076923078,0.0,0.46153846153846156,0.0,1,백반·죽·국수,본그룹
ba_14691295,2025-03,0.845,40,0.95,0.0,0.8,0.25,0.2,0.0,0.375,0.075,1,백반·죽·국수,본그룹
ba_14691295,2025-04,0.8089887640449438,89,0.9438202247191011,0.0,0.6741573033707865,0.1797752808988764,0.15730337078651685,0.0,0.24719101123595505,0.10112359550561797,1,백반·죽·국수,본그룹
ba_14691296,2025-03,0.6799999999999999,5,1.0,0.0,0.6,0.0,0.2,0.0,0.4,0.0,0,백반·죽·국수,본그룹
ba_14691296,2025-04,0.5,4,0.75,0.25,0.75,0.0,0.25,0.0,0.25,0.0,0,백반·죽·국수,본그룹
ba_14691298,2025-02,0.7666666666666666,12,0.9166666666666666,0.08333333333333333,0.75,0.16666666666666666,0.3333333333333333,0.0,0.4166666666666667,0.0,0,백반·죽·국수,본그룹
ba_14691298,2025-03,1.0,3,1.0,0.0,1.0,0.0,0.0,0.0,0.3333333333333333,0.3333333333333333,0,백반·죽·국수,본그룹
ba_14691298,2025-04,0.75,4,0.75,0.0,0.75,0.5,0.0,0.0,0.0,0.0,1,백반·죽·국수,본그룹
ba_14691330,2025-04,0.6,3,0.6666666666666666,0.3333333333333333,0.6666666666666666,0.0,0.0,0.0,0.3333333333333333,0.0,1,백반·죽·국수,본그룹
ba_14691344,2025-02,0.8727272727272729,11,1.0,0.0,0.7272727272727273,0.09090909090909091,0.2727272727272727,0.0,0.36363636363636365,0.09090909090909091,1,백반·죽·국수,본그룹
ba_14691344,2025-03,0.6750000000000002,16,0.9375,0.0625,0.8125,0.0625,0.125,0.0625,0.375,0.0625,0,백반·죽·국수,본그룹
ba_14691344,2025-04,0.8857142857142856,7,1.0,0.0,0.8571428571428571,0.0,0.14285714285714285,0.0,0.0,0.0,0,백반·죽·국수,본그룹
ba_14691361,2025-02,0.79375,32,0.90625,0.0,0.6875,0.1875,0.1875,0.0,0.25,0.09375,1,백반·죽·국수,본그룹
ba_14691361,2025-03,0.8,27,0.9629629629629629,0.0,0.8148148148148148,0.14814814814814814,0.25925925925925924,0.0,0.37037037037037035,0.07407407407407407,0,백반·죽·국수,본그룹
ba_14691361,2025-04,0.6666666666666666,6,1.0,0.0,0.8333333333333334,0.16666666666666666,0.0,0.0,0.5,0.0,0,백반·죽·국수,본그룹
ba_14691372,2025-04,0.7333333333333334,3,1.0,0.0,0.6666666666666666,0.0,0.0,0.0,0.3333333333333333,0.0,1,백반·죽·국수,본그룹
ba_14691375,2025-03,0.84,15,0.9333333333333333,0.0,0.8,0.0,0.26666666666666666,0.0,0.13333333333333333,0.2,1,백반·죽·국수,본그룹
ba_14691375,2025-04,0.7304347826086957,23,0.782608695652174,0.043478260869565216,0.782608695652174,0.13043478260869565,0.08695652173913043,0.0,0.08695652173913043,0.08695652173913043,1,백반·죽·국수,본그룹
ba_14691375,2025-02,0.8899999999999999,20,0.95,0.0,0.9,0.1,0.2,0.0,0.45,0.25,1,백반·죽·국수,본그룹
ba_14691401,2025-03,0.4,1,1.0,0.0,0.0,0.0,0.0,0.0,0.0,0.0,0,백반·죽·국수,본그룹
ba_14691751,2025-02,0.7818181818181816,11,1.0,0.0,0.5454545454545454,0.45454545454545453,0.09090909090909091,0.0,0.09090909090909091,0.09090909090909091,1,백반·죽·국수,본그룹
ba_14691751,2025-03,0.676923076923077,13,0.8461538461538461,0.07692307692307693,0.6923076923076923,0.23076923076923078,0.15384615384615385,0.0,0.23076923076923078,0.0,0,백반·죽·국수,본그룹
ba_14691751,2025-04,0.7,10,0.8,0.0,0.6,0.4,0.2,0.0,0.3,0.2,0,백반·죽·국수,본그룹
ba_14691791,2025-03,0.4,1,1.0,0.0,0.0,0.0,0.0,0.0,0.0,0.0,1,백반·죽·국수,본그룹
ba_14691791,2025-04,0.4666666666666666,3,0.6666666666666666,0.0,0.0,0.0,0.6666666666666666,0.0,0.0,0.0,1,백반·죽·국수,본그룹
ba_14691797,2025-03,0.85,4,1.0,0.0,0.75,0.5,0.25,0.0,0.25,0.25,1,백반·죽·국수,본그룹
ba_14691797,2025-04,0.8571428571428571,7,1.0,0.0,0.5714285714285714,0.42857142857142855,0.0,0.0,0.42857142857142855,0.14285714285714285,0,백반·죽·국수,본그룹
ba_14691798,2025-02,0.8666666666666667,3,1.0,0.0,0.6666666666666666,0.0,0.3333333333333333,0.0,0.3333333333333333,0.3333333333333333,1,백반·죽·국수,본그룹
ba_14691798,2025-03,0.6,2,1.0,0.0,1.0,0.0,0.0,0.0,0.0,0.0,0,백반·죽·국수,본그룹
ba_14691798,2025-04,0.7333333333333334,3,1.0,0.0,0.6666666666666666,0.0,0.0,0.0,0.0,0.0,0,백반·죽·국수,본그룹
ba_14691801,2025-03,0.6499999999999999,12,0.8333333333333334,0.08333333333333333,0.5833333333333334,0.16666666666666666,0.08333333333333333,0.0,0.08333333333333333,0.08333333333333333,0,백반·죽·국수,본그룹
ba_14691801,2025-04,0.82,10,0.9,0.0,0.9,0.1,0.4,0.0,0.2,0.0,0,백반·죽·국수,본그룹
ba_14691803,2025-03,1.0,3,1.0,0.0,1.0,0.3333333333333333,0.3333333333333333,0.0,0.3333333333333333,0.0,1,백반·죽·국수,본그룹
ba_14691813,2025-02,0.4,2,1.0,0.0,0.0,0.0,0.0,0.0,0.0,0.0,1,백반·죽·국수,본그룹
ba_14691813,2025-03,0.0,2,0.0,0.0,0.0,0.0,0.0,0.0,0.0,0.0,0,백반·죽·국수,본그룹
ba_14691813,2025-04,0.85,4,1.0,0.0,0.75,0.0,0.25,0.0,0.5,0.0,0,백반·죽·국수,본그룹
ba_14691815,2025-03,0.75,4,1.0,0.0,0.75,0.0,0.25,0.0,0.0,0.0,1,백반·죽·국수,본그룹
ba_14691815,2025-04,0.7250000000000001,8,0.875,0.0,0.75,0.0,0.0,0.0,0.25,0.125,0,백반·죽·국수,본그룹
ba_14691817,2025-03,0.55,4,0.75,0.0,0.5,0.0,0.0,0.0,0.25,0.0,1,백반·죽·국수,본그룹
ba_14691817,2025-04,0.7,2,1.0,0.0,0.5,0.0,0.5,0.0,0.0,0.0,0,백반·죽·국수,본그룹
ba_14691829,2025-03,0.8285714285714286,7,1.0,0.0,0.8571428571428571,0.0,0.2857142857142857,0.0,0.14285714285714285,0.0,1,백반·죽·국수,본그룹
ba_14691829,2025-04,0.43333333333333335,12,0.75,0.08333333333333333,0.75,0.16666666666666666,0.3333333333333333,0.0,0.16666666666666666,0.25,0,백반·죽·국수,본그룹
ba_14691834,2025-03,1.0,1,1.0,0.0,1.0,0.0,0.0,0.0,0.0,0.0,1,백반·죽·국수,본그룹
ba_14691834,2025-04,0.8,2,1.0,0.0,1.0,0.0,0.0,0.0,0.0,0.0,1,백반·죽·국수,본그룹
ba_14691857,2025-03,0.5,2,0.5,0.0,0.5,0.0,0.0,0.0,0.0,0.0,1,백반·죽·국수,본그룹
ba_14691857,2025-04,0.76,5,1.0,0.0,0.8,0.0,0.0,0.0,0.0,0.4,1,백반·죽·국수,본그룹
ba_14691859,2025-02,0.24,5,0.4,0.2,0.4,0.2,0.0,0.0,0.0,0.2,1,백반·죽·국수,본그룹
ba_14691859,2025-03,0.6666666666666666,6,0.8333333333333334,0.0,0.3333333333333333,0.0,0.5,0.0,0.16666666666666666,0.0,0,백반·죽·국수,본그룹
ba_14691859,2025-04,0.12000000000000002,5,0.6,0.2,0.2,0.6,0.0,0.0,0.2,0.0,0,백반·죽·국수,본그룹
ba_14691860,2025-03,0.8,4,1.0,0.0,1.0,0.25,0.25,0.0,0.0,0.0,1,백반·죽·국수,본그룹
ba_14691860,2025-04,0.525,8,1.0,0.0,0.5,0.125,0.125,0.0,0.25,0.0,0,백반·죽·국수,본그룹
ba_14691861,2025-02,0.55,4,0.75,0.25,0.5,0.25,0.25,0.0,0.0,0.0,0,백반·죽·국수,본그룹
ba_14691861,2025-03,0.5,2,0.5,0.0,0.5,1.0,0.0,0.0,0.0,0.0,0,백반·죽·국수,본그룹
ba_14691864,2025-03,0.7999999999999999,3,1.0,0.0,1.0,0.0,0.0,0.0,0.3333333333333333,0.0,1,백반·죽·국수,본그룹
ba_14691864,2025-04,0.675,8,0.75,0.0,0.75,0.375,0.0,0.0,0.0,0.25,0,백반·죽·국수,본그룹
ba_14691884,2025-04,0.85,4,1.0,0.0,0.75,0.0,0.25,0.0,0.0,0.0,1,백반·죽·국수,본그룹
ba_14691891,2025-03,0.5,2,0.5,0.0,0.5,0.0,0.0,0.0,0.0,0.0,1,백반·죽·국수,본그룹
ba_14691891,2025-04,0.65,4,0.75,0.25,1.0,0.0,0.5,0.0,0.5,0.25,0,백반·죽·국수,본그룹
ba_14691894,2025-02,0.42499999999999993,8,0.875,0.125,0.5,0.375,0.375,0.0,0.125,0.125,0,백반·죽·국수,본그룹
ba_14691894,2025-03,1.0,5,1.0,0.0,1.0,0.0,0.2,0.0,0.6,0.2,0,백반·죽·국수,본그룹
ba_14691894,2025-04,1.0,2,1.0,0.0,1.0,0.0,0.0,0.0,0.0,0.0,0,백반·죽·국수,본그룹
ba_14691901,2025-02,0.7818181818181817,11,0.9090909090909091,0.0,0.7272727272727273,0.18181818181818182,0.18181818181818182,0.0,0.09090909090909091,0.18181818181818182,1,백반·죽·국수,본그룹
ba_14691901,2025-03,0.72,5,1.0,0.0,0.6,0.0,0.0,0.0,0.4,0.0,0,백반·죽·국수,본그룹
ba_14691901,2025-04,0.7999999999999999,7,0.8571428571428571,0.0,0.7142857142857143,0.0,0.14285714285714285,0.0,0.42857142857142855,0.14285714285714285,0,백반·죽·국수,본그룹
ba_14691904,2025-02,1.0,2,1.0,0.0,1.0,0.0,0.0,0.0,0.5,0.0,1,백반·죽·국수,본그룹
ba_14691904,2025-03,0.0,1,0.0,0.0,0.0,0.0,0.0,0.0,0.0,0.0,1,백반·죽·국수,본그룹
ba_14691904,2025-04,0.8666666666666667,3,1.0,0.0,1.0,0.3333333333333333,0.0,0.0,0.3333333333333333,0.3333333333333333,0,백반·죽·국수,본그룹
ba_14691908,2025-03,0.7333333333333334,3,1.0,0.0,1.0,0.0,0.0,0.0,0.0,0.0,1,백반·죽·국수,본그룹
ba_14691908,2025-04,0.6888888888888889,9,0.8888888888888888,0.0,0.5555555555555556,0.1111111111111111,0.1111111111111111,0.0,0.3333333333333333,0.2222222222222222,1,백반·죽·국수,본그룹
ba_14691918,2025-01,1.0,2,1.0,0.0,1.0,0.0,0.0,0.0,0.0,0.0,0,백반·죽·국수,본그룹
ba_14691918,2025-02,1.0,2,1.0,0.0,1.0,0.5,0.0,0.0,0.0,0.0,0,백반·죽·국수,본그룹
ba_14691918,2025-03,-0.2,1,0.0,1.0,0.0,1.0,0.0,0.0,0.0,0.0,0,백반·죽·국수,본그룹
ba_14691918,2025-04,1.0,1,1.0,0.0,1.0,1.0,0.0,0.0,0.0,0.0,1,백반·죽·국수,본그룹
ba_14691943,2025-02,0.9,4,1.0,0.0,1.0,0.25,0.25,0.0,0.0,0.0,1,백반·죽·국수,본그룹
ba_14691943,2025-03,0.688888888888889,9,0.8888888888888888,0.0,0.5555555555555556,0.1111111111111111,0.0,0.0,0.1111111111111111,0.0,1,백반·죽·국수,본그룹
ba_14691943,2025-04,0.775,8,0.875,0.125,0.75,0.0,0.25,0.125,0.0,0.0,0,백반·죽·국수,본그룹
ba_14691949,2025-03,0.72,5,0.8,0.0,0.6,0.0,0.4,0.0,0.0,0.2,1,백반·죽·국수,본그룹
ba_14691949,2025-04,0.48,5,0.8,0.2,0.8,0.2,0.0,0.0,0.0,0.2,0,백반·죽·국수,본그룹
ba_14691953,2025-02,0.64,5,0.8,0.0,0.8,0.0,0.2,0.0,0.2,0.2,1,백반·죽·국수,본그룹
ba_14691953,2025-03,0.4666666666666666,3,0.6666666666666666,0.0,0.3333333333333333,0.0,0.3333333333333333,0.0,0.3333333333333333,0.0,0,백반·죽·국수,본그룹
ba_14691953,2025-04,0.5,4,0.5,0.0,0.75,0.25,0.0,0.0,0.25,0.0,0,백반·죽·국수,본그룹
ba_14691958,2025-03,0.6888888888888889,9,0.8888888888888888,0.0,0.6666666666666666,0.2222222222222222,0.1111111111111111,0.0,0.0,0.0,1,백반·죽·국수,본그룹
ba_14691958,2025-04,0.6857142857142858,14,0.9285714285714286,0.0,0.8571428571428571,0.14285714285714285,0.14285714285714285,0.0,0.07142857142857142,0.14285714285714285,0,백반·죽·국수,본그룹
ba_14691965,2025-03,0.7,10,0.9,0.1,0.9,0.3,0.0,0.0,0.1,0.0,0,백반·죽·국수,본그룹
ba_14691965,2025-04,1.0,2,1.0,0.0,1.0,0.0,0.0,0.0,0.0,0.0,1,백반·죽·국수,본그룹
ba_14691969,2025-03,0.6,6,1.0,0.0,0.6666666666666666,0.0,0.0,0.0,0.3333333333333333,0.16666666666666666,1,백반·죽·국수,본그룹
ba_14691969,2025-04,0.7714285714285714,7,0.8571428571428571,0.0,1.0,0.14285714285714285,0.2857142857142857,0.0,0.0,0.0,1,백반·죽·국수,본그룹
ba_14691974,2025-03,0.5714285714285714,7,0.8571428571428571,0.0,0.5714285714285714,0.14285714285714285,0.0,0.0,0.14285714285714285,0.0,1,백반·죽·국수,본그룹
ba_14691974,2025-04,-0.04999999999999999,4,0.25,0.25,0.0,0.25,0.0,0.0,0.25,0.0,0,백반·죽·국수,본그룹
ba_14691975,2025-03,0.6909090909090909,11,1.0,0.0,0.6363636363636364,0.18181818181818182,0.18181818181818182,0.0,0.36363636363636365,0.09090909090909091,1,백반·죽·국수,본그룹
ba_14691975,2025-04,0.7666666666666666,12,1.0,0.0,0.9166666666666666,0.08333333333333333,0.16666666666666666,0.0,0.25,0.0,1,백반·죽·국수,본그룹
ba_14691976,2025-03,0.6857142857142858,42,0.8571428571428571,0.047619047619047616,0.7142857142857143,0.14285714285714285,0.2619047619047619,0.023809523809523808,0.30952380952380953,0.09523809523809523,1,백반·죽·국수,본그룹
ba_14691976,2025-04,0.6689655172413793,29,0.9310344827586207,0.0,0.6206896551724138,0.1724137931034483,0.10344827586206896,0.0,0.3793103448275862,0.0,1,백반·죽·국수,본그룹
ba_14691989,2025-02,0.76,5,0.8,0.0,0.8,0.4,0.2,0.0,0.2,0.2,1,백반·죽·국수,본그룹
ba_14691989,2025-03,0.6,11,0.8181818181818182,0.0,0.7272727272727273,0.09090909090909091,0.2727272727272727,0.0,0.09090909090909091,0.0,0,백반·죽·국수,본그룹
ba_14691989,2025-04,0.9199999999999999,5,1.0,0.0,1.0,0.0,0.0,0.0,0.0,0.2,0,백반·죽·국수,본그룹
ba_14691990,2025-02,0.2,1,1.0,0.0,1.0,0.0,1.0,0.0,0.0,0.0,0,백반·죽·국수,본그룹
ba_14691996,2025-03,0.13333333333333333,3,0.3333333333333333,0.6666666666666666,1.0,0.6666666666666666,0.0,0.3333333333333333,0.0,0.0,1,백반·죽·국수,본그룹
ba_14691996,2025-04,0.6666666666666666,6,0.6666666666666666,0.0,0.6666666666666666,0.0,0.0,0.0,0.0,0.0,0,백반·죽·국수,본그룹
ba_14691997,2025-03,0.8100000000000002,20,1.0,0.0,0.85,0.15,0.05,0.0,0.35,0.0,1,백반·죽·국수,본그룹
ba_14691997,2025-04,0.7076923076923077,13,0.9230769230769231,0.07692307692307693,0.7692307692307693,0.07692307692307693,0.23076923076923078,0.0,0.15384615384615385,0.07692307692307693,0,백반·죽·국수,본그룹
ba_14691998,2025-03,1.0,3,1.0,0.0,1.0,0.0,0.0,0.0,0.0,0.0,1,백반·죽·국수,본그룹
ba_14691998,2025-04,0.8,4,1.0,0.0,0.5,0.0,0.25,0.0,0.0,0.5,1,백반·죽·국수,본그룹
ba_14691999,2025-03,0.6,6,0.8333333333333334,0.0,0.5,0.0,0.0,0.0,0.0,0.0,1,백반·죽·국수,본그룹
ba_14691999,2025-04,0.8,5,0.8,0.0,0.8,0.4,0.0,0.0,0.0,0.0,0,백반·죽·국수,본그룹
ba_14692012,2025-02,0.56,5,0.8,0.2,0.8,0.2,0.0,0.0,0.0,0.0,1,백반·죽·국수,본그룹
ba_14692012,2025-03,0.6285714285714287,7,0.7142857142857143,0.0,0.8571428571428571,0.14285714285714285,0.14285714285714285,0.0,0.14285714285714285,0.14285714285714285,1,백반·죽·국수,본그룹
ba_14692012,2025-04,0.6599999999999999,10,0.9,0.1,0.8,0.1,0.1,0.0,0.0,0.1,0,백반·죽·국수,본그룹
ba_14692022,2025-02,0.5499999999999999,4,1.0,0.0,0.75,0.0,0.25,0.0,0.0,0.0,1,백반·죽·국수,본그룹
ba_14692022,2025-03,0.72,5,1.0,0.0,0.6,0.0,0.2,0.0,0.4,0.2,1,백반·죽·국수,본그룹
ba_14692022,2025-04,0.8000000000000002,6,1.0,0.0,0.8333333333333334,0.0,0.16666666666666666,0.0,0.16666666666666666,0.16666666666666666,0,백반·죽·국수,본그룹
ba_14692035,2025-03,1.0,1,1.0,0.0,1.0,0.0,1.0,0.0,0.0,0.0,1,백반·죽·국수,본그룹
ba_14692035,2025-04,0.5333333333333333,3,0.6666666666666666,0.3333333333333333,0.6666666666666666,0.0,0.0,0.0,0.0,0.0,0,백반·죽·국수,본그룹
ba_14692035,2025-02,-0.2,1,0.0,1.0,1.0,0.0,0.0,0.0,0.0,0.0,1,백반·죽·국수,본그룹
ba_14692060,2025-02,0.8857142857142856,7,1.0,0.0,0.5714285714285714,0.2857142857142857,0.2857142857142857,0.0,0.14285714285714285,0.14285714285714285,1,백반·죽·국수,본그룹
ba_14692060,2025-03,0.6571428571428571,7,0.8571428571428571,0.0,0.5714285714285714,0.14285714285714285,0.2857142857142857,0.0,0.14285714285714285,0.0,0,백반·죽·국수,본그룹
ba_14692060,2025-04,0.5833333333333334,12,1.0,0.0,0.6666666666666666,0.16666666666666666,0.16666666666666666,0.0,0.16666666666666666,0.0,0,백반·죽·국수,본그룹
ba_14692077,2025-02,0.1,2,0.5,0.0,0.0,0.0,0.5,0.0,0.0,0.0,1,백반·죽·국수,본그룹
ba_14692077,2025-03,0.7,2,1.0,0.0,0.5,0.0,0.5,0.5,0.0,0.5,0,백반·죽·국수,본그룹
ba_14692077,2025-04,0.4,2,0.5,0.0,0.0,0.5,0.0,0.0,0.0,0.0,0,백반·죽·국수,본그룹
ba_14692092,2025-02,0.55,4,0.75,0.0,0.75,0.25,0.0,0.0,0.0,0.0,1,백반·죽·국수,본그룹
ba_14692092,2025-03,0.8666666666666667,6,1.0,0.0,0.6666666666666666,0.0,0.16666666666666666,0.0,0.0,0.0,0,백반·죽·국수,본그룹
ba_14692092,2025-04,1.0,4,1.0,0.0,1.0,0.5,0.0,0.0,0.25,0.0,0,백반·죽·국수,본그룹
ba_14692116,2025-03,0.4,1,1.0,0.0,0.0,0.0,0.0,0.0,0.0,0.0,1,백반·죽·국수,본그룹
ba_14692116,2025-04,0.6199999999999999,10,0.9,0.1,0.7,0.0,0.4,0.0,0.1,0.1,1,백반·죽·국수,본그룹
ba_14692121,2025-03,0.4,1,1.0,0.0,0.0,0.0,0.0,0.0,0.0,0.0,1,백반·죽·국수,본그룹
ba_14692121,2025-04,0.8999999999999999,8,1.0,0.0,1.0,0.0,0.0,0.0,0.0,0.0,0,백반·죽·국수,본그룹
ba_14692146,2025-03,1.0,3,1.0,0.0,0.6666666666666666,0.0,0.3333333333333333,0.0,0.0,0.0,1,백반·죽·국수,본그룹
ba_14692146,2025-04,0.5428571428571428,7,0.7142857142857143,0.0,0.5714285714285714,0.14285714285714285,0.14285714285714285,0.0,0.0,0.14285714285714285,1,백반·죽·국수,본그룹
ba_14692155,2025-02,0.85,8,1.0,0.0,0.875,0.125,0.375,0.0,0.375,0.0,0,백반·죽·국수,본그룹
ba_14692155,2025-03,0.72,10,0.9,0.0,0.6,0.1,0.1,0.0,0.1,0.1,0,백반·죽·국수,본그룹
ba_14692155,2025-04,0.7714285714285715,7,1.0,0.0,0.7142857142857143,0.0,0.2857142857142857,0.0,0.2857142857142857,0.0,0,백반·죽·국수,본그룹
ba_14692164,2025-03,0.6666666666666666,3,0.6666666666666666,0.0,0.6666666666666666,0.3333333333333333,0.0,0.0,0.0,0.0,1,백반·죽·국수,본그룹
ba_14692164,2025-04,0.4666666666666666,3,0.6666666666666666,0.0,0.6666666666666666,0.3333333333333333,0.0,0.0,0.0,0.0,0,백반·죽·국수,본그룹
ba_14692165,2025-02,0.9,4,1.0,0.0,0.75,0.0,0.5,0.0,0.5,0.0,1,백반·죽·국수,본그룹
ba_14692165,2025-03,0.6333333333333334,6,0.8333333333333334,0.0,0.8333333333333334,0.0,0.16666666666666666,0.0,0.0,0.0,1,백반·죽·국수,본그룹
ba_14692165,2025-04,0.75,12,1.0,0.0,0.75,0.16666666666666666,0.08333333333333333,0.0,0.08333333333333333,0.0,0,백반·죽·국수,본그룹
ba_14692168,2025-04,0.67,20,0.85,0.0,0.65,0.15,0.2,0.0,0.15,0.0,1,백반·죽·국수,본그룹
ba_14692168,2025-03,0.8782608695652175,23,1.0,0.0,0.8260869565217391,0.17391304347826086,0.13043478260869565,0.0,0.2608695652173913,0.043478260869565216,1,백반·죽·국수,본그룹
ba_14692185,2025-02,0.6,4,0.75,0.0,0.5,0.25,0.5,0.0,0.0,0.0,1,백반·죽·국수,본그룹
ba_14692185,2025-03,0.8,5,1.0,0.0,0.6,0.4,0.4,0.0,0.2,0.2,1,백반·죽·국수,본그룹
ba_14692185,2025-04,0.8499999999999999,16,1.0,0.0,0.75,0.0,0.125,0.0,0.375,0.25,0,백반·죽·국수,본그룹
ba_14692190,2025-02,0.725,16,0.9375,0.0,0.75,0.0625,0.1875,0.0,0.3125,0.0625,1,백반·죽·국수,본그룹
ba_14692190,2025-03,0.6347826086956521,23,0.8695652173913043,0.043478260869565216,0.6086956521739131,0.13043478260869565,0.08695652173913043,0.043478260869565216,0.17391304347826086,0.043478260869565216,1,백반·죽·국수,본그룹
ba_14692190,2025-04,0.6620689655172414,29,0.896551724137931,0.034482758620689655,0.6206896551724138,0.06896551724137931,0.1724137931034483,0.0,0.10344827586206896,0.10344827586206896,0,백반·죽·국수,본그룹
ba_14692194,2025-03,1.0,3,1.0,0.0,1.0,0.3333333333333333,0.0,0.0,0.3333333333333333,0.0,1,백반·죽·국수,본그룹
ba_14692201,2025-02,0.6,5,1.0,0.0,0.6,0.2,0.2,0.0,0.0,0.0,0,백반·죽·국수,본그룹
ba_14692201,2025-03,0.7,2,1.0,0.0,1.0,0.5,0.0,0.0,0.0,0.0,0,백반·죽·국수,본그룹
ba_14692201,2025-04,0.4,1,1.0,0.0,0.0,0.0,0.0,0.0,0.0,0.0,0,백반·죽·국수,본그룹
ba_14692211,2025-02,0.7250000000000001,8,0.875,0.0,0.75,0.125,0.125,0.0,0.0,0.0,1,백반·죽·국수,본그룹
ba_14692211,2025-03,0.8526315789473684,19,0.9473684210526315,0.0,0.8947368421052632,0.0,0.0,0.0,0.10526315789473684,0.05263157894736842,0,백반·죽·국수,본그룹
ba_14692211,2025-04,0.6857142857142857,7,0.8571428571428571,0.0,0.7142857142857143,0.0,0.14285714285714285,0.0,0.0,0.14285714285714285,0,백반·죽·국수,본그룹
ba_14692212,2025-03,0.5,2,0.5,0.0,0.5,0.5,0.0,0.0,0.0,0.0,1,백반·죽·국수,본그룹
ba_14692212,2025-04,0.6,2,1.0,0.0,1.0,0.5,0.5,0.0,0.0,0.0,0,백반·죽·국수,본그룹
ba_14692232,2025-03,0.7,2,1.0,0.0,1.0,0.0,0.5,0.0,0.0,0.0,0,백반·죽·국수,본그룹
ba_14692242,2025-02,0.75,4,0.75,0.0,0.75,0.0,0.25,0.0,0.25,0.25,1,백반·죽·국수,본그룹
ba_14692242,2025-03,0.4,5,0.6,0.2,0.8,0.0,0.0,0.0,0.0,0.0,0,백반·죽·국수,본그룹
ba_14692242,2025-04,0.6000000000000001,2,1.0,0.0,0.0,0.0,0.5,0.0,0.0,0.0,1,백반·죽·국수,본그룹
ba_14692246,2025-02,0.2,1,1.0,0.0,0.0,0.0,1.0,0.0,1.0,0.0,1,백반·죽·국수,본그룹
ba_14692246,2025-03,1.0,1,1.0,0.0,1.0,0.0,0.0,0.0,1.0,0.0,1,백반·죽·국수,본그룹
ba_14692246,2025-04,0.7000000000000001,4,1.0,0.0,0.75,0.0,0.0,0.0,0.0,0.5,0,백반·죽·국수,본그룹
ba_14692251,2025-03,0.64,10,0.8,0.0,0.7,0.1,0.0,0.0,0.2,0.1,1,백반·죽·국수,본그룹
ba_14692251,2025-04,0.38333333333333336,12,0.5833333333333334,0.0,0.4166666666666667,0.0,0.08333333333333333,0.0,0.08333333333333333,0.0,1,백반·죽·국수,본그룹
ba_14692258,2025-03,0.0,2,0.0,0.0,0.0,0.0,0.0,0.0,0.0,0.0,1,백반·죽·국수,본그룹
ba_14692258,2025-04,1.0,2,1.0,0.0,1.0,0.0,0.5,0.0,0.0,0.0,1,백반·죽·국수,본그룹
ba_14692275,2025-02,0.4666666666666667,9,0.5555555555555556,0.0,0.4444444444444444,0.2222222222222222,0.6666666666666666,0.0,0.1111111111111111,0.0,1,백반·죽·국수,본그룹
ba_14692275,2025-03,0.6,4,0.75,0.25,1.0,0.0,0.25,0.0,0.25,0.25,0,백반·죽·국수,본그룹
ba_14692275,2025-04,0.7999999999999999,9,0.8888888888888888,0.0,0.7777777777777778,0.2222222222222222,0.3333333333333333,0.0,0.1111111111111111,0.0,0,백반·죽·국수,본그룹
ba_14692278,2025-02,0.9,4,1.0,0.0,1.0,0.0,0.25,0.0,0.25,0.25,1,백반·죽·국수,본그룹
ba_14692278,2025-03,1.0,1,1.0,0.0,1.0,0.0,0.0,0.0,0.0,0.0,0,백반·죽·국수,본그룹
ba_14692291,2025-02,0.44000000000000006,5,0.6,0.0,0.2,0.0,0.0,0.0,0.0,0.0,1,백반·죽·국수,본그룹
ba_14692291,2025-03,0.5,2,0.5,0.0,0.5,0.0,0.0,0.0,0.0,0.0,1,백반·죽·국수,본그룹
ba_14692291,2025-04,0.8,5,1.0,0.0,1.0,0.0,0.0,0.0,0.2,0.0,0,백반·죽·국수,본그룹
ba_14692326,2025-02,0.6285714285714287,7,0.8571428571428571,0.0,0.7142857142857143,0.0,0.14285714285714285,0.0,0.14285714285714285,0.0,1,백반·죽·국수,본그룹
ba_14692326,2025-03,1.0,1,1.0,0.0,1.0,0.0,0.0,0.0,0.0,0.0,0,백반·죽·국수,본그룹
ba_14692326,2025-04,0.4,2,0.5,0.5,1.0,0.0,0.0,0.0,0.5,0.0,0,백반·죽·국수,본그룹
ba_14692339,2025-03,1.0,2,1.0,0.0,1.0,0.0,0.0,0.0,0.5,0.0,1,백반·죽·국수,본그룹
ba_14692339,2025-04,0.7333333333333334,3,1.0,0.0,0.0,0.0,0.0,0.0,0.3333333333333333,0.3333333333333333,0,백반·죽·국수,본그룹
ba_14692346,2025-02,0.9,4,1.0,0.0,0.75,0.0,0.0,0.0,0.5,0.0,1,백반·죽·국수,본그룹
ba_14692346,2025-03,0.39999999999999997,3,0.6666666666666666,0.0,0.3333333333333333,0.0,0.0,0.0,0.3333333333333333,0.0,1,백반·죽·국수,본그룹
ba_14692346,2025-04,0.8,5,1.0,0.0,0.8,0.2,0.0,0.0,1.0,0.0,0,백반·죽·국수,본그룹
ba_14692368,2025-02,0.6571428571428571,7,1.0,0.0,0.5714285714285714,0.0,0.0,0.0,0.0,0.0,0,백반·죽·국수,본그룹
ba_14692368,2025-03,1.0,3,1.0,0.0,0.6666666666666666,0.3333333333333333,0.0,0.0,0.3333333333333333,0.3333333333333333,0,백반·죽·국수,본그룹
ba_14692383,2025-02,0.8,5,1.0,0.0,1.0,0.0,0.0,0.0,0.0,0.0,1,백반·죽·국수,본그룹
ba_14692383,2025-03,0.7333333333333334,3,1.0,0.0,0.6666666666666666,0.0,0.3333333333333333,0.0,0.3333333333333333,0.3333333333333333,0,백반·죽·국수,본그룹
ba_14692383,2025-04,1.0,1,1.0,0.0,1.0,1.0,0.0,0.0,0.0,0.0,0,백반·죽·국수,본그룹
ba_14692433,2025-02,1.0,5,1.0,0.0,1.0,0.2,0.2,0.0,0.0,0.0,1,백반·죽·국수,본그룹
ba_14692433,2025-03,0.7999999999999999,3,1.0,0.0,0.6666666666666666,0.0,0.3333333333333333,0.0,0.6666666666666666,0.0,0,백반·죽·국수,본그룹
ba_14692433,2025-04,0.5,2,1.0,0.0,0.5,0.0,0.0,0.0,0.0,0.0,0,백반·죽·국수,본그룹
ba_14692434,2025-03,1.0,8,1.0,0.0,0.875,0.25,0.0,0.0,0.5,0.125,1,백반·죽·국수,본그룹
ba_14692439,2025-02,0.6,15,0.8,0.0,0.4666666666666667,0.06666666666666667,0.13333333333333333,0.0,0.4,0.06666666666666667,0,백반·죽·국수,본그룹
ba_14692439,2025-03,0.7333333333333334,6,0.8333333333333334,0.0,0.5,0.3333333333333333,0.0,0.0,0.3333333333333333,0.16666666666666666,0,백반·죽·국수,본그룹
ba_14692439,2025-04,0.5714285714285714,7,0.7142857142857143,0.0,0.7142857142857143,0.0,0.0,0.0,0.14285714285714285,0.0,0,백반·죽·국수,본그룹
ba_14692455,2025-03,0.7000000000000001,6,0.8333333333333334,0.0,0.6666666666666666,0.16666666666666666,0.5,0.16666666666666666,0.16666666666666666,0.16666666666666666,0,백반·죽·국수,본그룹
ba_14692455,2025-04,0.7000000000000001,4,1.0,0.0,0.75,0.0,0.25,0.0,0.5,0.0,1,백반·죽·국수,본그룹
ba_14692459,2025-02,0.76,5,1.0,0.0,1.0,0.0,0.2,0.0,0.0,0.0,1,백반·죽·국수,본그룹
ba_14692459,2025-03,0.55,4,0.75,0.25,0.5,0.0,0.0,0.0,0.0,0.0,1,백반·죽·국수,본그룹
ba_14692459,2025-04,0.8166666666666668,12,0.9166666666666666,0.0,0.75,0.25,0.4166666666666667,0.0,0.16666666666666666,0.0,1,백반·죽·국수,본그룹
ba_14692460,2025-04,0.7,2,1.0,0.0,0.5,0.0,0.5,0.0,0.0,0.0,0,백반·죽·국수,본그룹
ba_14692460,2025-02,1.0,2,1.0,0.0,1.0,0.0,0.5,0.0,0.5,0.0,1,백반·죽·국수,본그룹
ba_14692460,2025-03,0.8857142857142856,7,1.0,0.0,1.0,0.0,0.42857142857142855,0.0,0.42857142857142855,0.0,0,백반·죽·국수,본그룹
ba_14692482,2025-02,1.0,6,1.0,0.0,1.0,0.3333333333333333,0.16666666666666666,0.0,0.3333333333333333,0.16666666666666666,1,백반·죽·국수,본그룹
ba_14692482,2025-04,0.7333333333333334,6,1.0,0.0,0.6666666666666666,0.0,0.3333333333333333,0.0,0.0,0.16666666666666666,0,백반·죽·국수,본그룹
ba_14692482,2025-03,0.5714285714285714,7,0.7142857142857143,0.0,0.42857142857142855,0.0,0.42857142857142855,0.14285714285714285,0.2857142857142857,0.14285714285714285,0,백반·죽·국수,본그룹
ba_14692505,2025-02,0.6,4,0.75,0.0,0.25,0.0,0.0,0.0,0.25,0.0,1,백반·죽·국수,본그룹
ba_14692505,2025-03,0.6666666666666666,6,0.6666666666666666,0.0,0.6666666666666666,0.16666666666666666,0.0,0.0,0.16666666666666666,0.16666666666666666,1,백반·죽·국수,본그룹
ba_14692505,2025-04,0.96,5,1.0,0.0,0.8,0.2,0.2,0.0,0.6,0.2,0,백반·죽·국수,본그룹
ba_14692549,2025-02,0.6,5,0.8,0.0,0.4,0.4,0.6,0.0,0.6,0.2,1,백반·죽·국수,본그룹
ba_14692549,2025-03,0.8,2,1.0,0.0,0.5,0.0,0.5,0.0,0.0,0.0,0,백반·죽·국수,본그룹
ba_14692551,2025-04,0.52,5,0.6,0.0,0.6,0.2,0.2,0.0,0.0,0.0,0,백반·죽·국수,본그룹
ba_14692551,2025-02,0.25,4,0.75,0.25,0.5,0.25,0.0,0.25,0.0,0.25,1,백반·죽·국수,본그룹
ba_14692551,2025-03,0.65,4,1.0,0.0,0.75,0.5,0.5,0.0,0.25,0.25,1,백반·죽·국수,본그룹
ba_14692592,2025-02,0.4,2,0.5,0.0,0.5,0.0,0.5,0.0,0.5,0.0,1,백반·죽·국수,본그룹
ba_14692592,2025-03,0.5,4,0.5,0.0,0.5,0.25,0.0,0.0,0.25,0.25,1,백반·죽·국수,본그룹
ba_14692592,2025-04,0.5599999999999999,5,0.6,0.0,0.6,0.4,0.2,0.0,0.0,0.0,0,백반·죽·국수,본그룹
ba_14692796,2025-02,1.0,3,1.0,0.0,1.0,0.3333333333333333,0.0,0.0,0.3333333333333333,0.0,1,백반·죽·국수,본그룹
ba_14692796,2025-03,0.6,2,1.0,0.0,0.5,0.0,0.0,0.0,0.0,0.0,1,백반·죽·국수,본그룹
ba_14692796,2025-04,0.3333333333333333,3,0.6666666666666666,0.3333333333333333,0.6666666666666666,0.0,0.3333333333333333,0.0,0.0,0.0,0,백반·죽·국수,본그룹
ba_14692985,2025-04,1.0,1,1.0,0.0,1.0,0.0,0.0,0.0,0.0,0.0,1,백반·죽·국수,본그룹
ba_14693042,2025-03,0.2,1,1.0,0.0,0.0,0.0,0.0,0.0,1.0,0.0,1,백반·죽·국수,본그룹
ba_14693042,2025-04,0.6,1,1.0,0.0,1.0,0.0,0.0,0.0,0.0,0.0,1,백반·죽·국수,본그룹
ba_14693289,2025-02,0.5714285714285714,14,0.9285714285714286,0.07142857142857142,0.6428571428571429,0.07142857142857142,0.2857142857142857,0.0,0.2857142857142857,0.07142857142857142,1,백반·죽·국수,본그룹
ba_14693289,2025-04,0.7714285714285715,14,0.8571428571428571,0.0,0.7142857142857143,0.07142857142857142,0.2857142857142857,0.0,0.35714285714285715,0.21428571428571427,0,백반·죽·국수,본그룹
ba_14693289,2025-01,0.7,8,0.875,0.0,0.75,0.5,0.25,0.0,0.625,0.0,1,백반·죽·국수,본그룹
ba_14693289,2025-03,0.8705882352941176,17,1.0,0.0,0.7647058823529411,0.058823529411764705,0.17647058823529413,0.0,0.4117647058823529,0.058823529411764705,0,백반·죽·국수,본그룹
ba_14694145,2025-02,0.48,5,1.0,0.0,0.4,0.2,0.2,0.0,0.4,0.0,1,백반·죽·국수,본그룹
ba_14694145,2025-03,0.0,1,0.0,0.0,0.0,0.0,0.0,0.0,0.0,1.0,1,백반·죽·국수,본그룹
ba_14694145,2025-04,0.6833333333333335,12,0.9166666666666666,0.0,0.5833333333333334,0.16666666666666666,0.0,0.0,0.3333333333333333,0.0,0,백반·죽·국수,본그룹
ba_14694148,2025-02,0.1,2,0.5,0.0,0.0,0.0,0.0,0.0,0.0,0.0,1,백반·죽·국수,본그룹
ba_14694148,2025-04,0.7,4,1.0,0.0,1.0,0.5,0.25,0.0,0.25,0.0,1,백반·죽·국수,본그룹
ba_14694278,2025-04,0.7428571428571429,7,0.8571428571428571,0.0,0.7142857142857143,0.0,0.2857142857142857,0.0,0.42857142857142855,0.2857142857142857,0,백반·죽·국수,본그룹
ba_14694278,2025-02,0.85,8,0.875,0.0,0.625,0.375,0.125,0.0,0.25,0.125,0,백반·죽·국수,본그룹
ba_14694278,2025-03,0.8800000000000001,5,1.0,0.0,0.8,0.0,0.0,0.0,0.2,0.0,0,백반·죽·국수,본그룹
ba_14694287,2025-02,0.5,2,0.5,0.0,0.5,0.0,0.0,0.0,0.0,0.0,1,백반·죽·국수,본그룹
ba_14694287,2025-04,0.8,4,1.0,0.0,1.0,0.0,0.0,0.0,0.0,0.0,0,백반·죽·국수,본그룹
ba_14694390,2025-02,0.709090909090909,11,0.8181818181818182,0.0,0.7272727272727273,0.18181818181818182,0.2727272727272727,0.0,0.18181818181818182,0.0,1,백반·죽·국수,본그룹
ba_14694390,2025-03,0.4000000000000001,6,0.6666666666666666,0.0,0.16666666666666666,0.0,0.5,0.0,0.3333333333333333,0.0,1,백반·죽·국수,본그룹
ba_14694390,2025-04,0.776470588235294,17,0.9411764705882353,0.0,0.5882352941176471,0.0,0.5294117647058824,0.0,0.11764705882352941,0.058823529411764705,1,백반·죽·국수,본그룹
ba_14694402,2025-02,0.3,2,0.5,0.0,0.5,0.5,0.0,0.0,0.0,0.0,1,백반·죽·국수,본그룹
ba_14694402,2025-03,0.8333333333333334,6,0.8333333333333334,0.0,0.5,0.16666666666666666,0.3333333333333333,0.0,0.16666666666666666,0.16666666666666666,0,백반·죽·국수,본그룹
ba_14694402,2025-04,-0.5,2,0.0,0.5,0.0,0.0,0.5,0.0,0.0,0.0,0,백반·죽·국수,본그룹
ba_14694577,2025-02,1.0,4,1.0,0.0,1.0,0.25,0.25,0.0,0.25,0.0,1,백반·죽·국수,본그룹
ba_14694577,2025-03,0.8,1,1.0,0.0,1.0,0.0,1.0,0.0,1.0,0.0,0,백반·죽·국수,본그룹
ba_14694577,2025-04,0.6,2,1.0,0.0,0.5,0.0,0.5,0.0,0.0,0.0,0,백반·죽·국수,본그룹
ba_14694620,2025-03,0.9428571428571428,7,1.0,0.0,0.8571428571428571,0.14285714285714285,0.14285714285714285,0.0,0.14285714285714285,0.0,0,백반·죽·국수,본그룹
ba_14694620,2025-02,0.65,4,0.75,0.0,0.5,0.0,0.0,0.0,0.0,0.0,1,백반·죽·국수,본그룹
ba_14694620,2025-04,0.7000000000000001,6,1.0,0.0,0.3333333333333333,0.0,0.3333333333333333,0.0,0.0,0.16666666666666666,0,백반·죽·국수,본그룹
ba_14694670,2025-02,0.9428571428571428,7,1.0,0.0,0.8571428571428571,0.2857142857142857,0.2857142857142857,0.14285714285714285,0.2857142857142857,0.0,1,백반·죽·국수,본그룹
ba_14694670,2025-03,0.5142857142857142,7,0.5714285714285714,0.14285714285714285,0.42857142857142855,0.2857142857142857,0.14285714285714285,0.0,0.0,0.0,0,백반·죽·국수,본그룹
ba_14694670,2025-04,0.4666666666666666,3,0.6666666666666666,0.0,0.3333333333333333,0.3333333333333333,0.0,0.0,0.0,0.0,0,백반·죽·국수,본그룹
ba_14694671,2025-02,0.8666666666666667,3,1.0,0.0,1.0,0.0,0.0,0.0,0.0,0.3333333333333333,1,백반·죽·국수,본그룹
ba_14694671,2025-03,0.8,2,1.0,0.0,0.5,0.0,0.5,0.0,0.0,0.0,1,백반·죽·국수,본그룹
ba_14694671,2025-04,0.6285714285714287,7,0.8571428571428571,0.0,0.8571428571428571,0.0,0.0,0.0,0.2857142857142857,0.14285714285714285,0,백반·죽·국수,본그룹
ba_14695006,2025-02,1.0,3,1.0,0.0,1.0,0.3333333333333333,0.6666666666666666,0.0,0.3333333333333333,0.0,1,백반·죽·국수,본그룹
ba_14695006,2025-03,0.8,2,1.0,0.0,1.0,0.5,0.5,0.0,0.0,0.5,1,백반·죽·국수,본그룹
ba_14695006,2025-04,0.8400000000000001,5,1.0,0.0,0.6,0.2,0.0,0.0,0.0,0.0,0,백반·죽·국수,본그룹
ba_14695008,2025-03,0.7,2,1.0,0.0,0.5,0.0,0.0,0.0,0.0,0.0,1,백반·죽·국수,본그룹
ba_14695008,2025-04,0.19999999999999998,7,0.2857142857142857,0.0,0.14285714285714285,0.14285714285714285,0.0,0.0,0.0,0.0,1,백반·죽·국수,본그룹
ba_14695236,2025-02,0.5,2,0.5,0.0,0.5,0.0,0.0,0.0,0.0,0.0,0,백반·죽·국수,본그룹
ba_14695290,2025-04,1.0,1,1.0,0.0,1.0,0.0,0.0,0.0,0.0,0.0,1,백반·죽·국수,본그룹
ba_14695958,2025-02,1.0,5,1.0,0.0,1.0,0.2,0.0,0.0,0.2,0.0,1,백반·죽·국수,본그룹
ba_14695958,2025-03,1.0,2,1.0,0.0,1.0,0.5,0.5,0.0,0.5,0.0,0,백반·죽·국수,본그룹
ba_14695958,2025-04,0.7333333333333334,6,1.0,0.0,0.6666666666666666,0.3333333333333333,0.0,0.0,0.0,0.0,0,백반·죽·국수,본그룹
ba_14698239,2025-02,0.5,2,1.0,0.0,0.5,0.0,0.0,0.5,0.0,0.0,0,백반·죽·국수,본그룹
ba_14698239,2025-03,1.0,1,1.0,0.0,1.0,0.0,0.0,0.0,0.0,0.0,0,백반·죽·국수,본그룹
ba_14698239,2025-04,0.5,2,0.5,0.0,0.5,1.0,0.0,0.0,0.0,0.0,0,백반·죽·국수,본그룹
ba_14698364,2025-02,0.8,9,1.0,0.0,0.6666666666666666,0.2222222222222222,0.1111111111111111,0.0,0.4444444444444444,0.0,1,백반·죽·국수,본그룹
ba_14698364,2025-03,0.65,8,1.0,0.0,0.5,0.0,0.25,0.0,0.625,0.0,0,백반·죽·국수,본그룹
ba_14698364,2025-04,0.8800000000000001,10,1.0,0.0,0.9,0.2,0.4,0.0,0.4,0.0,0,백반·죽·국수,본그룹
ba_14699201,2025-02,1.0,2,1.0,0.0,1.0,0.0,0.0,0.0,0.0,0.0,1,백반·죽·국수,본그룹
ba_14699201,2025-03,0.8,2,1.0,0.0,0.5,0.0,0.0,0.0,0.5,0.0,0,백반·죽·국수,본그룹
ba_14699399,2025-02,0.6432432432432431,37,0.7837837837837838,0.05405405405405406,0.7027027027027027,0.1891891891891892,0.35135135135135137,0.0,0.24324324324324326,0.2702702702702703,1,치킨,굽네치킨
ba_14699399,2025-03,0.6666666666666666,27,0.7777777777777778,0.037037037037037035,0.7777777777777778,0.1111111111111111,0.25925925925925924,0.0,0.2222222222222222,0.1111111111111111,1,치킨,굽네치킨
ba_14699399,2025-04,0.6814814814814815,27,0.8148148148148148,0.0,0.8148148148148148,0.14814814814814814,0.07407407407407407,0.037037037037037035,0.18518518518518517,0.037037037037037035,1,치킨,굽네치킨
ba_14699649,2025-02,0.6285714285714287,7,0.8571428571428571,0.14285714285714285,0.8571428571428571,0.2857142857142857,0.14285714285714285,0.0,0.0,0.14285714285714285,1,치킨,굽네치킨
ba_14699649,2025-03,0.8727272727272727,11,1.0,0.0,0.9090909090909091,0.18181818181818182,0.18181818181818182,0.0,0.09090909090909091,0.18181818181818182,1,치킨,굽네치킨
ba_14699649,2025-04,0.5166666666666666,12,0.5833333333333334,0.0,0.5833333333333334,0.0,0.08333333333333333,0.0,0.08333333333333333,0.08333333333333333,1,치킨,굽네치킨
ba_14700021,2025-02,0.5999999999999999,33,0.7575757575757576,0.18181818181818182,0.696969696969697,0.15151515151515152,0.2727272727272727,0.0,0.12121212121212122,0.12121212121212122,1,치킨,굽네치킨
ba_14700021,2025-03,0.7,20,0.85,0.1,0.7,0.1,0.15,0.05,0.1,0.15,1,치킨,굽네치킨
ba_14700021,2025-04,0.7411764705882353,17,0.9411764705882353,0.0,0.8235294117647058,0.11764705882352941,0.058823529411764705,0.0,0.058823529411764705,0.17647058823529413,1,치킨,굽네치킨
ba_14700905,2025-02,0.96,5,1.0,0.0,1.0,0.6,0.4,0.0,0.2,0.4,0,백반·죽·국수,본그룹
ba_14700905,2025-01,0.5,2,0.5,0.0,0.5,0.5,0.0,0.0,0.0,0.5,1,백반·죽·국수,본그룹
ba_14700905,2025-03,0.6666666666666666,3,0.6666666666666666,0.0,0.6666666666666666,0.0,0.0,0.0,0.3333333333333333,0.0,0,백반·죽·국수,본그룹
ba_14700905,2025-04,1.0,1,1.0,0.0,1.0,0.0,0.0,0.0,1.0,0.0,0,백반·죽·국수,본그룹
ba_14701137,2025-02,0.675,8,0.75,0.0,0.75,0.125,0.25,0.0,0.25,0.0,1,백반·죽·국수,본그룹
ba_14701137,2025-03,1.0,4,1.0,0.0,0.75,0.0,0.5,0.0,0.25,0.0,1,백반·죽·국수,본그룹
ba_14701137,2025-04,0.275,8,0.625,0.25,0.5,0.125,0.0,0.0,0.25,0.0,0,백반·죽·국수,본그룹
ba_14701165,2025-02,1.0,1,1.0,0.0,1.0,0.0,0.0,0.0,0.0,0.0,0,백반·죽·국수,본그룹
ba_14702063,2025-02,0.7999999999999999,3,1.0,0.0,1.0,0.3333333333333333,0.3333333333333333,0.0,0.0,0.0,1,백반·죽·국수,본그룹
ba_14702063,2025-03,1.0,3,1.0,0.0,1.0,0.0,0.3333333333333333,0.0,0.3333333333333333,0.0,0,백반·죽·국수,본그룹
ba_14702120,2025-02,0.6000000000000001,11,0.7272727272727273,0.0,0.7272727272727273,0.18181818181818182,0.0,0.0,0.0,0.09090909090909091,0,백반·죽·국수,본그룹
ba_14702120,2025-03,0.5,2,0.5,0.0,0.5,0.0,0.0,0.0,0.0,0.0,0,백반·죽·국수,본그룹
ba_14702996,2025-02,0.7,4,0.75,0.0,0.75,0.5,0.25,0.0,0.0,0.0,0,백반·죽·국수,본그룹
ba_14702996,2025-03,0.9333333333333332,3,1.0,0.0,1.0,0.0,0.0,0.0,0.6666666666666666,0.3333333333333333,0,백반·죽·국수,본그룹
ba_14703930,2025-03,0.7,2,1.0,0.0,0.5,0.0,0.0,0.0,0.0,0.0,1,백반·죽·국수,본그룹
ba_14706394,2025-02,0.7749999999999999,8,1.0,0.0,0.625,0.375,0.375,0.0,0.25,0.0,1,백반·죽·국수,본그룹
ba_14706394,2025-03,0.5333333333333333,6,0.8333333333333334,0.0,0.3333333333333333,0.3333333333333333,0.16666666666666666,0.0,0.3333333333333333,0.0,1,백반·죽·국수,본그룹
ba_14706394,2025-04,0.8666666666666666,6,1.0,0.0,0.6666666666666666,0.16666666666666666,0.0,0.0,0.16666666666666666,0.16666666666666666,0,백반·죽·국수,본그룹
ba_14708789,2025-04,1.0,1,1.0,0.0,1.0,0.0,0.0,0.0,1.0,0.0,0,백반·죽·국수,본그룹
ba_14708789,2025-02,-0.4,1,0.0,1.0,0.0,0.0,0.0,0.0,0.0,1.0,0,백반·죽·국수,본그룹
ba_14708929,2025-02,0.6888888888888889,9,1.0,0.0,0.8888888888888888,0.0,0.1111111111111111,0.1111111111111111,0.1111111111111111,0.0,1,치킨,굽네치킨
ba_14708929,2025-03,0.6588235294117647,17,0.9411764705882353,0.0,0.5882352941176471,0.17647058823529413,0.058823529411764705,0.0,0.058823529411764705,0.058823529411764705,1,치킨,굽네치킨
ba_14708929,2025-04,0.7666666666666666,6,1.0,0.0,0.6666666666666666,0.0,0.16666666666666666,0.0,0.16666666666666666,0.0,1,치킨,굽네치킨
ba_14712294,2025-03,0.75,4,1.0,0.0,0.75,0.0,0.25,0.0,0.0,0.0,1,백반·죽·국수,본그룹
ba_14712294,2025-04,0.7666666666666666,12,0.9166666666666666,0.0,0.9166666666666666,0.0,0.5,0.0,0.4166666666666667,0.3333333333333333,1,백반·죽·국수,본그룹
ba_14712797,2025-03,0.7571428571428571,14,0.8571428571428571,0.0,0.7857142857142857,0.0,0.0,0.0,0.07142857142857142,0.0,1,치킨,굽네치킨
ba_14712797,2025-04,0.7692307692307693,13,1.0,0.0,0.8461538461538461,0.0,0.07692307692307693,0.0,0.0,0.15384615384615385,0,치킨,굽네치킨
ba_14714062,2025-02,1.0,1,1.0,0.0,1.0,0.0,0.0,0.0,0.0,0.0,1,백반·죽·국수,본그룹
ba_14714062,2025-03,0.78,10,1.0,0.0,0.8,0.2,0.1,0.0,0.2,0.0,0,백반·죽·국수,본그룹
ba_14714062,2025-04,0.9,6,1.0,0.0,0.8333333333333334,0.16666666666666666,0.0,0.0,0.3333333333333333,0.0,0,백반·죽·국수,본그룹
ba_14715313,2025-02,0.75,4,0.75,0.0,0.75,0.0,0.0,0.0,0.0,0.25,1,치킨,굽네치킨
ba_14715313,2025-03,0.5857142857142856,14,0.7857142857142857,0.07142857142857142,0.5714285714285714,0.0,0.14285714285714285,0.0,0.14285714285714285,0.07142857142857142,1,치킨,굽네치킨
ba_14715313,2025-04,0.6533333333333332,15,0.8666666666666667,0.06666666666666667,0.8,0.2,0.0,0.0,0.2,0.13333333333333333,1,치킨,굽네치킨
ba_14716102,2025-03,0.6,3,1.0,0.0,0.0,0.0,0.0,0.0,0.6666666666666666,0.0,1,백반·죽·국수,본그룹
ba_14716102,2025-04,0.7833333333333333,12,0.9166666666666666,0.0,0.75,0.08333333333333333,0.0,0.08333333333333333,0.16666666666666666,0.3333333333333333,0,백반·죽·국수,본그룹
ba_14716332,2025-04,0.6762886597938144,97,0.8865979381443299,0.020618556701030927,0.7216494845360825,0.13402061855670103,0.1134020618556701,0.0,0.12371134020618557,0.1134020618556701,0,치킨,굽네치킨
ba_14716332,2025-02,0.5428571428571429,7,0.7142857142857143,0.2857142857142857,0.5714285714285714,0.0,0.0,0.0,0.42857142857142855,0.0,1,치킨,굽네치킨
ba_14716332,2025-03,0.7606060606060605,66,0.9242424242424242,0.0,0.8181818181818182,0.13636363636363635,0.13636363636363635,0.0,0.15151515151515152,0.07575757575757576,1,치킨,굽네치킨
ba_14719522,2025-03,1.0,1,1.0,0.0,1.0,0.0,0.0,0.0,0.0,0.0,1,백반·죽·국수,본그룹
ba_14719554,2025-02,0.8,2,1.0,0.0,1.0,0.0,0.5,0.0,0.0,0.0,1,백반·죽·국수,본그룹
ba_14719554,2025-03,0.7555555555555555,9,1.0,0.0,0.7777777777777778,0.3333333333333333,0.2222222222222222,0.0,0.0,0.1111111111111111,1,백반·죽·국수,본그룹
ba_14719554,2025-04,0.5333333333333333,6,0.8333333333333334,0.16666666666666666,0.6666666666666666,0.16666666666666666,0.16666666666666666,0.16666666666666666,0.16666666666666666,0.0,1,백반·죽·국수,본그룹
ba_14720263,2025-03,0.2,1,1.0,0.0,0.0,0.0,0.0,0.0,1.0,0.0,1,피자,굽네치킨
ba_14720368,2025-04,0.7333333333333333,21,0.9523809523809523,0.047619047619047616,0.7619047619047619,0.23809523809523808,0.19047619047619047,0.0,0.047619047619047616,0.047619047619047616,0,백반·죽·국수,본그룹
ba_14720368,2025-02,1.0,2,1.0,0.0,1.0,0.5,0.5,0.0,0.5,0.0,1,백반·죽·국수,본그룹
ba_14720368,2025-03,0.6,9,0.8888888888888888,0.0,0.6666666666666666,0.1111111111111111,0.0,0.0,0.2222222222222222,0.0,1,백반·죽·국수,본그룹
ba_14721018,2025-04,0.7333333333333334,6,1.0,0.0,0.5,0.3333333333333333,0.0,0.0,0.16666666666666666,0.0,1,치킨,굽네치킨
ba_14721018,2025-02,1.0,1,1.0,0.0,1.0,0.0,0.0,0.0,0.0,0.0,1,치킨,굽네치킨
ba_14721018,2025-03,1.0,5,1.0,0.0,1.0,0.2,0.0,0.0,0.0,0.2,1,치킨,굽네치킨
ba_14725485,2025-03,0.32,5,0.6,0.2,0.4,0.2,0.0,0.0,0.0,0.0,1,치킨,굽네치킨
ba_14725485,2025-04,0.13333333333333333,3,0.6666666666666666,0.0,0.6666666666666666,0.0,0.0,0.0,0.0,0.0,1,치킨,굽네치킨
ba_14725627,2025-03,0.6,2,1.0,0.0,1.0,0.0,0.5,0.0,0.0,0.0,1,백반·죽·국수,본그룹
ba_14725627,2025-04,0.95,8,1.0,0.0,0.875,0.25,0.25,0.0,0.25,0.0,0,백반·죽·국수,본그룹
ba_14726472,2025-03,0.6,10,0.9,0.1,0.8,0.2,0.0,0.0,0.2,0.1,1,치킨,굽네치킨
ba_14726472,2025-04,0.7200000000000001,35,0.8857142857142857,0.02857142857142857,0.8,0.05714285714285714,0.02857142857142857,0.0,0.02857142857142857,0.11428571428571428,1,치킨,굽네치킨
ba_14726738,2025-04,1.0,1,1.0,0.0,1.0,1.0,0.0,0.0,1.0,0.0,0,백반·죽·국수,본그룹
ba_14726741,2025-03,0.55,4,1.0,0.0,0.5,0.25,0.0,0.0,0.0,0.0,1,백반·죽·국수,본그룹
ba_14726741,2025-04,0.6,1,1.0,0.0,1.0,0.0,0.0,0.0,0.0,1.0,0,백반·죽·국수,본그룹
ba_14727030,2025-03,0.8,5,0.8,0.0,0.8,0.0,0.4,0.0,0.4,0.0,1,백반·죽·국수,본그룹
ba_14727030,2025-04,0.5111111111111111,9,0.6666666666666666,0.1111111111111111,0.6666666666666666,0.1111111111111111,0.2222222222222222,0.0,0.0,0.2222222222222222,1,백반·죽·국수,본그룹
ba_14727064,2025-03,0.64,5,1.0,0.0,0.8,0.4,0.2,0.2,0.0,0.2,1,백반·죽·국수,본그룹
ba_14727064,2025-04,0.85,4,1.0,0.0,0.75,0.0,0.0,0.0,0.25,0.0,1,백반·죽·국수,본그룹
ba_14728444,2025-03,0.5,2,0.5,0.0,0.5,0.5,0.0,0.0,0.0,0.0,0,백반·죽·국수,본그룹
ba_14728444,2025-04,0.0,2,0.0,0.0,0.0,0.0,0.5,0.0,0.0,0.0,0,백반·죽·국수,본그룹
ba_14728839,2025-03,0.4,2,1.0,0.0,0.5,0.0,0.0,0.0,0.5,0.0,1,치킨,굽네치킨
ba_14728839,2025-04,0.55,4,0.75,0.0,0.5,0.0,0.25,0.0,0.0,0.25,1,치킨,굽네치킨
ba_14729038,2025-03,0.7636363636363637,22,0.8181818181818182,0.045454545454545456,0.8181818181818182,0.18181818181818182,0.13636363636363635,0.0,0.09090909090909091,0.09090909090909091,1,치킨,굽네치킨
ba_14729038,2025-04,0.6714285714285715,14,0.8571428571428571,0.0,0.7857142857142857,0.07142857142857142,0.21428571428571427,0.0,0.0,0.21428571428571427,0,치킨,굽네치킨
ba_14729159,2025-03,0.9,6,1.0,0.0,1.0,0.3333333333333333,0.0,0.0,0.0,0.3333333333333333,1,치킨,굽네치킨
ba_14729159,2025-04,0.7000000000000001,48,0.9166666666666666,0.020833333333333332,0.8333333333333334,0.10416666666666667,0.20833333333333334,0.0,0.041666666666666664,0.14583333333333334,1,치킨,굽네치킨
ba_14729784,2025-04,0.6999999999999998,12,0.9166666666666666,0.0,0.8333333333333334,0.16666666666666666,0.08333333333333333,0.0,0.0,0.0,1,치킨,굽네치킨
ba_14729971,2025-03,0.6,7,0.7142857142857143,0.0,0.5714285714285714,0.0,0.0,0.14285714285714285,0.14285714285714285,0.2857142857142857,1,치킨,굽네치킨
ba_14729971,2025-04,0.6454545454545454,22,0.8181818181818182,0.0,0.6818181818181818,0.13636363636363635,0.09090909090909091,0.045454545454545456,0.13636363636363635,0.09090909090909091,1,치킨,굽네치킨
ba_14730330,2025-03,0.0,2,0.0,0.0,0.0,0.0,0.0,0.0,0.0,0.0,1,백반·죽·국수,본그룹
ba_14730330,2025-04,0.9333333333333333,15,1.0,0.0,0.9333333333333333,0.2,0.2,0.0,0.06666666666666667,0.2,0,백반·죽·국수,본그룹
ba_14731363,2025-03,1.0,1,1.0,0.0,1.0,0.0,0.0,0.0,0.0,0.0,1,백반·죽·국수,본그룹
ba_14732026,2025-04,0.46923076923076923,26,0.6153846153846154,0.07692307692307693,0.5769230769230769,0.23076923076923078,0.15384615384615385,0.0,0.11538461538461539,0.038461538461538464,1,치킨,굽네치킨
ba_14732355,2025-04,0.4727272727272727,11,0.7272727272727273,0.0,0.2727272727272727,0.0,0.2727272727272727,0.0,0.2727272727272727,0.09090909090909091,1,백반·죽·국수,본그룹
ba_14732355,2025-03,0.9,2,1.0,0.0,0.5,0.0,0.0,0.0,0.0,0.0,1,백반·죽·국수,본그룹
ba_14732602,2025-04,0.6,4,0.75,0.0,0.75,0.0,0.25,0.0,0.0,0.0,1,치킨,굽네치킨
ba_14733665,2025-03,0.825,8,0.875,0.0,0.875,0.125,0.0,0.0,0.0,0.0,1,치킨,굽네치킨
ba_14733665,2025-04,0.6941176470588235,17,0.8823529411764706,0.058823529411764705,0.8235294117647058,0.0,0.29411764705882354,0.0,0.0,0.17647058823529413,1,치킨,굽네치킨
ba_14735216,2025-03,1.0,1,1.0,0.0,1.0,1.0,0.0,0.0,0.0,0.0,1,백반·죽·국수,본그룹
ba_14735216,2025-04,1.0,6,1.0,0.0,1.0,0.16666666666666666,0.0,0.0,0.0,0.0,1,백반·죽·국수,본그룹
ba_14735878,2025-04,0.6,7,1.0,0.0,0.5714285714285714,0.14285714285714285,0.14285714285714285,0.14285714285714285,0.2857142857142857,0.0,1,백반·죽·국수,본그룹
ba_14736681,2025-04,0.95,4,1.0,0.0,1.0,0.25,0.5,0.0,0.5,0.25,1,백반·죽·국수,본그룹
ba_14736683,2025-04,0.7333333333333334,21,0.9047619047619048,0.0,0.7142857142857143,0.14285714285714285,0.0,0.047619047619047616,0.23809523809523808,0.19047619047619047,1,백반·죽·국수,본그룹
ba_14736722,2025-04,0.3,4,0.5,0.25,0.25,0.0,0.5,0.0,0.0,0.0,1,치킨,굽네치킨
ba_14737726,2025-04,0.7478260869565218,23,0.9130434782608695,0.043478260869565216,0.7391304347826086,0.17391304347826086,0.17391304347826086,0.0,0.043478260869565216,0.21739130434782608,1,치킨,굽네치킨
ba_14740022,2025-04,0.4,1,1.0,0.0,0.0,0.0,0.0,0.0,0.0,0.0,1,치킨,굽네치킨
ba_14740239,2025-04,0.6571428571428571,7,0.8571428571428571,0.14285714285714285,0.7142857142857143,0.0,0.14285714285714285,0.0,0.14285714285714285,0.0,1,치킨,굽네치킨
ba_14742704,2025-04,0.30000000000000004,2,1.0,0.0,1.0,0.0,0.0,0.0,0.0,0.0,1,백반·죽·국수,본그룹
ba_14742705,2025-04,0.8333333333333334,6,1.0,0.0,0.6666666666666666,0.0,0.16666666666666666,0.0,0.16666666666666666,0.0,1,백반·죽·국수,본그룹
ba_14743271,2025-04,0.9333333333333332,6,1.0,0.0,0.8333333333333334,0.3333333333333333,0.16666666666666666,0.0,0.16666666666666666,0.0,1,백반·죽·국수,본그룹
ba_10418082,2025-01,0.2,1,1.0,0.0,0.0,0.0,0.0,0.0,1.0,0.0,0,치킨,굽네치킨
ba_10571616,2025-01,0.4666666666666666,6,0.6666666666666666,0.0,0.3333333333333333,0.16666666666666666,0.16666666666666666,0.0,0.16666666666666666,0.6666666666666666,1,치킨,굽네치킨
ba_10800862,2025-01,0.7799999999999999,30,0.9,0.0,0.8,0.1,0.13333333333333333,0.0,0.06666666666666667,0.13333333333333333,1,치킨,굽네치킨
ba_13181699,2025-01,0.8666666666666667,3,1.0,0.0,0.6666666666666666,0.6666666666666666,0.0,0.0,0.6666666666666666,0.0,0,백반·죽·국수,본그룹
ba_13181957,2025-01,0.3333333333333334,3,0.6666666666666666,0.3333333333333333,0.3333333333333333,0.3333333333333333,0.0,0.0,0.3333333333333333,0.3333333333333333,0,백반·죽·국수,본그룹
ba_13182129,2025-01,0.6000000000000001,4,1.0,0.0,0.75,0.0,0.0,0.0,0.5,0.5,0,백반·죽·국수,본그룹
ba_13186079,2025-01,0.4,1,1.0,0.0,0.0,0.0,0.0,0.0,0.0,0.0,0,백반·죽·국수,본그룹
ba_13188150,2025-01,0.7333333333333334,3,1.0,0.0,0.6666666666666666,0.3333333333333333,0.0,0.0,0.3333333333333333,0.3333333333333333,0,백반·죽·국수,본그룹
ba_13189796,2025-01,0.0,1,0.0,0.0,0.0,0.0,0.0,0.0,0.0,0.0,0,백반·죽·국수,본그룹
ba_13193158,2025-01,0.7,4,0.75,0.0,0.75,0.5,0.0,0.0,0.25,0.0,0,백반·죽·국수,본그룹
ba_13199208,2025-01,0.5333333333333334,6,1.0,0.0,0.5,0.0,0.3333333333333333,0.0,0.3333333333333333,0.0,0,백반·죽·국수,본그룹
ba_13199335,2025-01,0.8,5,0.8,0.0,0.8,0.2,0.2,0.0,0.4,0.0,0,백반·죽·국수,본그룹
ba_13199864,2025-01,0.2,1,1.0,0.0,0.0,0.0,0.0,0.0,1.0,0.0,0,백반·죽·국수,본그룹
ba_13200219,2025-01,0.78,10,1.0,0.0,0.8,0.0,0.1,0.0,0.2,0.0,0,백반·죽·국수,본그룹
ba_13203399,2025-01,0.8222222222222223,9,1.0,0.0,0.8888888888888888,0.1111111111111111,0.1111111111111111,0.0,0.2222222222222222,0.0,0,백반·죽·국수,본그룹
ba_13219094,2025-01,0.2857142857142857,7,0.42857142857142855,0.0,0.0,0.0,0.14285714285714285,0.0,0.14285714285714285,0.14285714285714285,0,백반·죽·국수,본그룹
ba_13219734,2025-01,0.35,4,0.75,0.25,0.5,0.25,0.25,0.0,0.0,0.25,0,백반·죽·국수,본그룹
ba_13221638,2025-01,0.7333333333333334,9,0.8888888888888888,0.0,0.6666666666666666,0.1111111111111111,0.4444444444444444,0.0,0.3333333333333333,0.0,0,백반·죽·국수,본그룹
ba_13221865,2025-01,0.8400000000000001,5,1.0,0.0,0.8,0.0,0.0,0.0,0.4,0.2,0,백반·죽·국수,본그룹
ba_13221975,2025-01,0.6,4,1.0,0.0,0.75,0.0,0.25,0.0,0.0,0.25,0,백반·죽·국수,본그룹
ba_13222803,2025-01,0.6,1,1.0,0.0,1.0,0.0,0.0,0.0,1.0,0.0,0,백반·죽·국수,본그룹
ba_13223329,2025-01,0.7666666666666666,6,0.8333333333333334,0.0,0.6666666666666666,0.3333333333333333,0.0,0.0,0.16666666666666666,0.0,0,백반·죽·국수,본그룹
ba_13223367,2025-01,-0.26666666666666666,3,0.3333333333333333,0.6666666666666666,0.6666666666666666,0.6666666666666666,0.6666666666666666,0.3333333333333333,0.0,0.0,0,백반·죽·국수,본그룹
ba_13223504,2025-01,0.4666666666666666,3,0.6666666666666666,0.3333333333333333,0.6666666666666666,0.3333333333333333,0.3333333333333333,0.0,0.3333333333333333,0.0,0,백반·죽·국수,본그룹
ba_13223520,2025-01,0.7999999999999999,6,1.0,0.0,0.6666666666666666,0.16666666666666666,0.16666666666666666,0.0,0.16666666666666666,0.0,0,백반·죽·국수,본그룹
ba_13223538,2025-01,0.6666666666666666,3,1.0,0.0,1.0,0.3333333333333333,0.0,0.0,0.0,0.0,0,백반·죽·국수,본그룹
ba_13223654,2025-01,0.75,4,1.0,0.0,1.0,0.25,0.25,0.0,0.25,0.0,0,백반·죽·국수,본그룹
ba_13223711,2025-01,0.7999999999999999,7,1.0,0.0,0.8571428571428571,0.14285714285714285,0.0,0.0,0.14285714285714285,0.0,0,백반·죽·국수,본그룹
ba_13224027,2025-01,0.8333333333333334,6,1.0,0.0,0.6666666666666666,0.3333333333333333,0.3333333333333333,0.0,0.3333333333333333,0.0,0,백반·죽·국수,본그룹
ba_13224710,2025-01,0.7999999999999999,6,0.8333333333333334,0.0,0.8333333333333334,0.0,0.16666666666666666,0.0,0.3333333333333333,0.16666666666666666,0,백반·죽·국수,본그룹
ba_13224790,2025-01,1.0,1,1.0,0.0,1.0,0.0,0.0,0.0,1.0,0.0,0,백반·죽·국수,본그룹
ba_13224833,2025-01,0.0,1,0.0,0.0,0.0,0.0,0.0,0.0,0.0,0.0,0,백반·죽·국수,본그룹
ba_13224844,2025-01,0.6,3,1.0,0.0,0.6666666666666666,0.0,0.3333333333333333,0.0,0.0,0.0,0,백반·죽·국수,본그룹
ba_13225746,2025-01,0.7,2,1.0,0.0,0.5,0.0,0.0,0.0,0.0,0.0,0,백반·죽·국수,본그룹
ba_13225754,2025-01,0.0,1,0.0,0.0,0.0,0.0,0.0,0.0,0.0,0.0,0,백반·죽·국수,본그룹
ba_13226670,2025-01,0.75,4,0.75,0.0,0.5,0.5,0.25,0.0,0.0,0.0,0,백반·죽·국수,본그룹
ba_13226947,2025-01,0.9636363636363636,11,1.0,0.0,0.9090909090909091,0.09090909090909091,0.18181818181818182,0.0,0.2727272727272727,0.0,0,백반·죽·국수,본그룹
ba_13227070,2025-01,0.55,4,0.75,0.0,0.25,0.25,0.0,0.0,0.25,0.0,0,백반·죽·국수,본그룹
ba_13227543,2025-01,0.82,10,0.9,0.0,0.7,0.2,0.3,0.0,0.3,0.0,0,백반·죽·국수,본그룹
ba_13227659,2025-01,1.0,3,1.0,0.0,1.0,0.3333333333333333,0.0,0.0,0.0,0.0,0,백반·죽·국수,본그룹
ba_13227696,2025-01,0.65,4,1.0,0.0,0.5,0.25,0.25,0.0,0.25,0.0,0,백반·죽·국수,본그룹
ba_13228166,2025-01,0.8333333333333334,6,1.0,0.0,0.8333333333333334,0.3333333333333333,0.0,0.0,0.16666666666666666,0.0,0,백반·죽·국수,본그룹
ba_13228520,2025-01,0.7666666666666667,6,1.0,0.0,0.8333333333333334,0.3333333333333333,0.0,0.0,0.3333333333333333,0.0,0,백반·죽·국수,본그룹
ba_13228675,2025-01,1.0,1,1.0,0.0,1.0,0.0,0.0,0.0,0.0,0.0,0,백반·죽·국수,본그룹
ba_13228677,2025-01,1.0,3,1.0,0.0,0.6666666666666666,0.0,0.6666666666666666,0.0,0.6666666666666666,0.0,0,백반·죽·국수,본그룹
ba_13229184,2025-01,0.6857142857142857,7,0.8571428571428571,0.14285714285714285,0.5714285714285714,0.42857142857142855,0.2857142857142857,0.0,0.0,0.0,0,백반·죽·국수,본그룹
ba_13229975,2025-01,0.5333333333333333,3,0.6666666666666666,0.0,0.3333333333333333,0.0,0.0,0.0,0.0,0.0,0,백반·죽·국수,본그룹
ba_13230007,2025-01,1.0,1,1.0,0.0,1.0,0.0,0.0,0.0,0.0,0.0,0,백반·죽·국수,본그룹
ba_13230502,2025-01,1.0,1,1.0,0.0,1.0,0.0,0.0,0.0,0.0,0.0,0,백반·죽·국수,본그룹
ba_13230793,2025-01,0.8,5,0.8,0.0,0.8,0.2,0.2,0.0,0.2,0.0,0,백반·죽·국수,본그룹
ba_13230824,2025-01,1.0,1,1.0,0.0,1.0,1.0,1.0,0.0,0.0,0.0,0,백반·죽·국수,본그룹
ba_13230834,2025-01,0.4,2,0.5,0.0,1.0,1.0,0.0,0.0,0.0,0.0,0,백반·죽·국수,본그룹
ba_13230921,2025-01,0.85,4,1.0,0.0,1.0,0.0,0.0,0.0,0.25,0.0,0,백반·죽·국수,본그룹
ba_13230969,2025-01,1.0,3,1.0,0.0,1.0,0.0,0.6666666666666666,0.0,0.0,0.0,0,백반·죽·국수,본그룹
ba_13231120,2025-01,1.0,2,1.0,0.0,1.0,1.0,0.5,0.0,0.5,0.0,0,백반·죽·국수,본그룹
ba_13231147,2025-01,0.6666666666666666,3,0.6666666666666666,0.0,0.6666666666666666,0.0,0.3333333333333333,0.0,0.0,0.0,0,백반·죽·국수,본그룹
ba_13231157,2025-01,0.5,6,0.8333333333333334,0.0,0.3333333333333333,0.3333333333333333,0.5,0.0,0.0,0.0,0,백반·죽·국수,본그룹
ba_13231958,2025-01,0.75,4,0.75,0.0,0.75,0.5,0.25,0.0,0.25,0.0,0,백반·죽·국수,본그룹
ba_13232348,2025-01,0.6,1,1.0,0.0,1.0,0.0,0.0,0.0,0.0,0.0,0,백반·죽·국수,본그룹
ba_13233115,2025-01,0.4800000000000001,5,0.8,0.0,0.4,0.0,0.2,0.0,0.8,0.0,0,백반·죽·국수,본그룹
ba_13233212,2025-01,0.9,4,1.0,0.0,1.0,0.0,0.0,0.0,0.0,0.0,0,백반·죽·국수,본그룹
ba_13233436,2025-01,1.0,1,1.0,0.0,1.0,1.0,0.0,0.0,1.0,0.0,0,백반·죽·국수,본그룹
ba_13233454,2025-01,0.96,5,1.0,0.0,0.8,0.4,0.2,0.0,0.4,0.2,0,백반·죽·국수,본그룹
ba_13233463,2025-01,0.8571428571428571,7,1.0,0.0,0.7142857142857143,0.42857142857142855,0.2857142857142857,0.0,0.2857142857142857,0.0,0,백반·죽·국수,본그룹
ba_13233575,2025-01,0.6,3,1.0,0.0,0.3333333333333333,0.0,0.0,0.0,0.0,0.0,0,백반·죽·국수,본그룹
ba_13233579,2025-01,1.0,1,1.0,0.0,1.0,0.0,0.0,0.0,0.0,0.0,0,백반·죽·국수,본그룹
ba_13233581,2025-01,0.4,9,0.6666666666666666,0.0,0.5555555555555556,0.0,0.0,0.0,0.1111111111111111,0.3333333333333333,0,백반·죽·국수,본그룹
ba_13233607,2025-01,1.0,1,1.0,0.0,1.0,0.0,0.0,0.0,0.0,0.0,0,백반·죽·국수,본그룹
ba_13233639,2025-01,0.8666666666666667,3,1.0,0.0,1.0,0.3333333333333333,0.0,0.0,0.3333333333333333,0.0,0,백반·죽·국수,본그룹
ba_13233688,2025-01,1.0,3,1.0,0.0,1.0,0.0,0.0,0.0,0.3333333333333333,0.0,0,백반·죽·국수,본그룹
ba_13233735,2025-01,0.85,4,1.0,0.0,0.75,0.0,0.25,0.0,0.25,0.0,0,백반·죽·국수,본그룹
ba_13233764,2025-01,0.75,12,0.9166666666666666,0.0,0.5833333333333334,0.25,0.08333333333333333,0.0,0.16666666666666666,0.16666666666666666,0,백반·죽·국수,본그룹
ba_13233782,2025-01,0.35555555555555557,9,0.5555555555555556,0.1111111111111111,0.4444444444444444,0.0,0.1111111111111111,0.0,0.2222222222222222,0.0,0,백반·죽·국수,본그룹
ba_13233856,2025-01,0.709090909090909,11,0.8181818181818182,0.09090909090909091,0.8181818181818182,0.18181818181818182,0.2727272727272727,0.09090909090909091,0.09090909090909091,0.09090909090909091,0,백반·죽·국수,본그룹
ba_13234089,2025-01,0.4,5,0.6,0.0,0.4,0.0,0.0,0.0,0.2,0.2,0,백반·죽·국수,본그룹
ba_13234101,2025-01,0.5,2,0.5,0.0,0.5,0.0,0.5,0.0,0.0,0.0,0,백반·죽·국수,본그룹
ba_13234187,2025-01,0.3333333333333333,3,0.6666666666666666,0.3333333333333333,0.6666666666666666,0.0,0.0,0.0,0.3333333333333333,0.0,0,백반·죽·국수,본그룹
ba_13234578,2025-01,0.7333333333333334,3,1.0,0.0,0.6666666666666666,0.3333333333333333,0.0,0.0,0.3333333333333333,0.0,0,백반·죽·국수,본그룹
ba_13235318,2025-01,1.0,1,1.0,0.0,1.0,0.0,0.0,0.0,1.0,0.0,0,백반·죽·국수,본그룹
ba_13235500,2025-01,0.7000000000000001,6,0.8333333333333334,0.0,0.8333333333333334,0.0,0.16666666666666666,0.0,0.16666666666666666,0.0,0,백반·죽·국수,본그룹
ba_13235508,2025-01,0.5,2,1.0,0.0,0.5,0.0,0.0,0.0,1.0,0.0,0,백반·죽·국수,본그룹
ba_13235557,2025-01,0.5666666666666667,6,0.8333333333333334,0.0,0.5,0.0,0.0,0.0,0.5,0.16666666666666666,0,백반·죽·국수,본그룹
ba_13235631,2025-01,1.0,2,1.0,0.0,1.0,0.5,0.0,0.0,0.5,0.5,0,백반·죽·국수,본그룹
ba_13236401,2025-01,1.0,1,1.0,0.0,1.0,0.0,0.0,0.0,0.0,0.0,0,백반·죽·국수,본그룹
ba_13236479,2025-01,0.4,1,1.0,0.0,0.0,0.0,1.0,0.0,1.0,0.0,0,백반·죽·국수,본그룹
ba_13236481,2025-01,0.6,2,1.0,0.0,0.5,0.0,0.0,0.0,0.5,0.0,0,백반·죽·국수,본그룹
ba_13236584,2025-01,1.0,1,1.0,0.0,1.0,0.0,0.0,0.0,0.0,0.0,0,백반·죽·국수,본그룹
ba_13237293,2025-01,0.5599999999999999,5,1.0,0.0,0.4,0.4,0.0,0.0,0.2,0.2,0,백반·죽·국수,본그룹
ba_13247000,2025-01,0.2,1,1.0,0.0,0.0,1.0,0.0,0.0,1.0,0.0,0,백반·죽·국수,본그룹
ba_13249105,2025-01,-0.4,1,0.0,1.0,0.0,0.0,1.0,0.0,0.0,0.0,0,피자,굽네치킨
ba_13251048,2025-01,0.7999999999999999,3,1.0,0.0,0.6666666666666666,0.0,0.0,0.0,0.6666666666666666,0.0,0,백반·죽·국수,본그룹
ba_13260523,2025-01,0.9,6,1.0,0.0,1.0,0.16666666666666666,0.16666666666666666,0.0,0.16666666666666666,0.0,0,백반·죽·국수,본그룹
ba_13260584,2025-01,0.5666666666666667,6,0.8333333333333334,0.0,0.6666666666666666,0.0,0.0,0.0,0.0,0.3333333333333333,0,백반·죽·국수,본그룹
ba_13292835,2025-01,0.0,1,0.0,0.0,0.0,0.0,0.0,0.0,0.0,0.0,0,백반·죽·국수,본그룹
ba_13308613,2025-01,0.55,4,0.75,0.0,0.5,0.25,0.5,0.0,0.25,0.0,0,백반·죽·국수,본그룹
ba_13412065,2025-01,0.7454545454545454,22,0.7727272727272727,0.045454545454545456,0.8636363636363636,0.18181818181818182,0.2727272727272727,0.0,0.13636363636363635,0.09090909090909091,1,치킨,굽네치킨
ba_13451078,2025-01,0.9,4,1.0,0.0,1.0,0.0,0.0,0.0,0.25,0.0,0,백반·죽·국수,본그룹
ba_13471384,2025-01,0.06666666666666667,3,0.3333333333333333,0.0,0.0,0.0,0.0,0.0,0.0,0.0,0,백반·죽·국수,본그룹
ba_13477857,2025-01,0.7666666666666666,6,1.0,0.0,0.6666666666666666,0.16666666666666666,0.16666666666666666,0.0,0.3333333333333333,0.16666666666666666,0,백반·죽·국수,본그룹
ba_13492399,2025-01,0.7428571428571429,7,1.0,0.0,0.7142857142857143,0.0,0.14285714285714285,0.0,0.2857142857142857,0.0,0,백반·죽·국수,본그룹
ba_13504506,2025-01,1.0,2,1.0,0.0,1.0,0.0,0.0,0.0,0.5,0.0,0,백반·죽·국수,본그룹
ba_13522931,2025-01,0.6000000000000001,4,1.0,0.0,1.0,0.0,0.25,0.0,0.5,0.0,0,백반·죽·국수,본그룹
ba_13539979,2025-01,0.6666666666666666,3,1.0,0.0,0.3333333333333333,0.0,0.3333333333333333,0.0,0.3333333333333333,0.0,0,백반·죽·국수,본그룹
ba_13550181,2025-01,0.24,5,0.4,0.0,0.2,0.0,0.0,0.0,0.2,0.2,0,백반·죽·국수,본그룹
ba_13550240,2025-01,0.5142857142857143,7,0.8571428571428571,0.14285714285714285,0.7142857142857143,0.5714285714285714,0.2857142857142857,0.14285714285714285,0.0,0.0,0,백반·죽·국수,본그룹
ba_13612153,2025-01,0.64,5,0.8,0.0,0.8,0.4,0.0,0.0,0.0,0.0,0,백반·죽·국수,본그룹
ba_13630053,2025-01,0.8666666666666667,3,1.0,0.0,1.0,0.0,0.0,0.0,0.0,0.0,0,백반·죽·국수,본그룹
ba_13648667,2025-01,1.0,1,1.0,0.0,1.0,0.0,0.0,0.0,0.0,0.0,0,백반·죽·국수,본그룹
ba_13722581,2025-01,0.8,2,1.0,0.0,1.0,0.0,0.0,0.0,0.0,0.0,0,백반·죽·국수,본그룹
ba_13730162,2025-01,0.6,3,0.6666666666666666,0.0,0.3333333333333333,0.6666666666666666,0.0,0.0,0.0,0.0,0,백반·죽·국수,본그룹
ba_13972155,2025-01,0.6,2,1.0,0.0,1.0,0.0,0.0,0.0,0.0,0.5,1,피자,굽네치킨
ba_13973901,2025-01,1.0,1,1.0,0.0,1.0,0.0,0.0,0.0,0.0,0.0,1,피자,굽네치킨
ba_13975731,2025-01,0.8,1,1.0,0.0,1.0,0.0,0.0,0.0,1.0,0.0,1,피자,굽네치킨
ba_13977023,2025-01,1.0,1,1.0,0.0,1.0,0.0,0.0,0.0,0.0,0.0,1,피자,굽네치킨
ba_14042200,2025-01,0.625,8,0.625,0.0,0.625,0.25,0.25,0.0,0.125,0.0,0,백반·죽·국수,본그룹
ba_14117512,2025-01,0.2,1,1.0,0.0,1.0,0.0,0.0,0.0,0.0,0.0,1,피자,굽네치킨
ba_14153764,2025-01,0.4,1,1.0,0.0,0.0,0.0,0.0,0.0,0.0,0.0,1,피자,굽네치킨
ba_14171127,2025-01,1.0,2,1.0,0.0,1.0,0.0,0.0,0.0,0.0,0.0,1,피자,굽네치킨
ba_14228480,2025-01,0.7,2,1.0,0.0,0.5,0.0,0.0,0.0,0.0,0.0,0,치킨,굽네치킨
ba_14249441,2025-01,1.0,2,1.0,0.0,1.0,0.0,0.0,0.0,0.0,0.0,1,피자,굽네치킨
ba_14250329,2025-01,0.6,2,1.0,0.0,0.5,0.0,0.5,0.0,0.5,0.0,1,피자,굽네치킨
ba_14259741,2025-01,0.78,10,0.9,0.0,0.8,0.3,0.1,0.0,0.2,0.1,0,백반·죽·국수,본그룹
ba_14268780,2025-01,0.8285714285714285,7,1.0,0.0,0.8571428571428571,0.2857142857142857,0.2857142857142857,0.0,0.2857142857142857,0.0,0,백반·죽·국수,본그룹
ba_14270407,2025-01,0.6,3,1.0,0.0,0.3333333333333333,0.0,0.0,0.0,0.6666666666666666,0.0,0,백반·죽·국수,본그룹
ba_14271331,2025-01,0.2,1,1.0,0.0,1.0,0.0,0.0,1.0,0.0,0.0,1,피자,굽네치킨
ba_14273478,2025-01,1.0,1,1.0,0.0,1.0,0.0,0.0,0.0,0.0,0.0,0,피자,굽네치킨
ba_14273972,2025-01,1.0,3,1.0,0.0,1.0,0.3333333333333333,0.3333333333333333,0.0,0.0,0.0,0,백반·죽·국수,본그룹
ba_14276685,2025-01,1.0,1,1.0,0.0,1.0,0.0,1.0,0.0,1.0,0.0,0,백반·죽·국수,본그룹
ba_14280570,2025-01,0.65,4,0.75,0.0,0.5,0.0,0.25,0.0,0.0,0.0,0,백반·죽·국수,본그룹
ba_14285796,2025-01,0.8800000000000001,5,1.0,0.0,0.8,0.0,0.2,0.0,0.2,0.0,0,백반·죽·국수,본그룹
ba_14322928,2025-01,0.39999999999999997,3,0.6666666666666666,0.0,0.3333333333333333,0.0,0.0,0.0,0.6666666666666666,0.0,0,백반·죽·국수,본그룹
ba_14356032,2025-01,0.4,1,1.0,0.0,0.0,0.0,1.0,0.0,1.0,0.0,0,백반·죽·국수,본그룹
ba_14363013,2025-01,0.8,9,1.0,0.0,0.7777777777777778,0.0,0.3333333333333333,0.0,0.0,0.0,0,백반·죽·국수,본그룹
ba_14387283,2025-01,0.7999999999999999,3,1.0,0.0,0.6666666666666666,0.0,0.0,0.0,0.3333333333333333,0.0,0,백반·죽·국수,본그룹
ba_14392877,2025-01,0.6,3,1.0,0.0,0.6666666666666666,0.3333333333333333,0.3333333333333333,0.0,0.6666666666666666,0.0,0,백반·죽·국수,본그룹
ba_14440526,2025-01,1.0,1,1.0,0.0,1.0,0.0,0.0,0.0,0.0,0.0,1,치킨,굽네치킨
ba_14440680,2025-01,0.5571428571428572,14,0.7142857142857143,0.07142857142857142,0.5714285714285714,0.0,0.07142857142857142,0.0,0.07142857142857142,0.14285714285714285,1,치킨,굽네치킨
ba_14440681,2025-01,0.8,2,1.0,0.0,1.0,0.0,0.5,0.0,0.0,0.0,1,피자,굽네치킨
ba_14448826,2025-01,0.8545454545454546,11,0.9090909090909091,0.0,0.7272727272727273,0.18181818181818182,0.18181818181818182,0.0,0.18181818181818182,0.09090909090909091,0,백반·죽·국수,본그룹
ba_14463469,2025-01,0.8666666666666667,3,1.0,0.0,1.0,0.0,0.0,0.0,0.0,0.6666666666666666,1,피자,굽네치킨
ba_14484534,2025-01,1.0,1,1.0,0.0,1.0,0.0,0.0,0.0,1.0,0.0,0,백반·죽·국수,본그룹
ba_14495840,2025-01,1.0,3,1.0,0.0,1.0,0.3333333333333333,0.0,0.0,0.0,0.0,0,백반·죽·국수,본그룹
ba_14506800,2025-01,0.39999999999999997,3,0.6666666666666666,0.3333333333333333,0.3333333333333333,0.6666666666666666,0.0,0.0,0.0,0.0,0,백반·죽·국수,본그룹
ba_14513076,2025-01,0.6933333333333332,15,0.9333333333333333,0.0,0.6666666666666666,0.2,0.13333333333333333,0.0,0.4666666666666667,0.2,0,백반·죽·국수,본그룹
ba_14528412,2025-01,0.6,2,1.0,0.0,1.0,0.0,0.0,0.0,0.0,0.0,0,피자,굽네치킨
ba_14528476,2025-01,0.9333333333333332,3,1.0,0.0,1.0,0.6666666666666666,0.0,0.0,0.0,0.0,0,백반·죽·국수,본그룹
ba_14530939,2025-01,0.19999999999999998,2,0.5,0.5,0.5,0.0,0.5,0.0,0.0,0.0,0,백반·죽·국수,본그룹
ba_14544899,2025-01,0.6857142857142858,7,0.8571428571428571,0.0,0.7142857142857143,0.14285714285714285,0.14285714285714285,0.0,0.2857142857142857,0.0,0,백반·죽·국수,본그룹
ba_14560963,2025-01,0.2,1,1.0,0.0,1.0,0.0,0.0,0.0,0.0,0.0,0,피자,굽네치킨
ba_14574885,2025-01,0.9333333333333332,3,1.0,0.0,1.0,0.0,0.3333333333333333,0.0,0.3333333333333333,0.0,0,백반·죽·국수,본그룹
ba_14582508,2025-01,0.25,8,0.375,0.125,0.5,0.25,0.125,0.0,0.25,0.0,0,백반·죽·국수,본그룹
ba_14599973,2025-01,0.7,2,1.0,0.0,0.5,0.0,0.0,0.0,0.0,0.0,0,치킨,굽네치킨
ba_14603467,2025-01,0.8333333333333334,6,1.0,0.0,0.8333333333333334,0.16666666666666666,0.3333333333333333,0.16666666666666666,0.16666666666666666,0.0,0,백반·죽·국수,본그룹
ba_14604237,2025-01,0.72,5,1.0,0.0,0.6,0.2,0.0,0.0,0.0,0.0,0,치킨,굽네치킨
ba_14606315,2025-01,0.8400000000000001,5,1.0,0.0,0.8,0.0,0.0,0.0,0.4,0.0,0,백반·죽·국수,본그룹
ba_14613531,2025-01,0.7,8,0.875,0.0,0.625,0.125,0.125,0.0,0.25,0.125,0,백반·죽·국수,본그룹
ba_14616721,2025-01,0.56,10,0.9,0.1,0.6,0.4,0.3,0.0,0.4,0.1,0,백반·죽·국수,본그룹
ba_14665998,2025-01,0.9333333333333332,3,1.0,0.0,1.0,0.0,0.6666666666666666,0.0,0.3333333333333333,0.3333333333333333,0,백반·죽·국수,본그룹
ba_14671974,2025-01,1.0,1,1.0,0.0,1.0,0.0,0.0,0.0,0.0,0.0,1,피자,굽네치킨
ba_10015935,2025-05,0.6666666666666666,6,0.8333333333333334,0.0,0.5,0.0,0.16666666666666666,0.0,0.0,0.0,0,치킨,굽네치킨
ba_10015935,2025-06,0.475,8,0.625,0.0,0.625,0.0,0.0,0.0,0.125,0.0,0,치킨,굽네치킨
ba_10016162,2025-05,0.5866666666666667,15,0.8,0.06666666666666667,0.7333333333333333,0.13333333333333333,0.2,0.0,0.06666666666666667,0.06666666666666667,1,치킨,굽네치킨
ba_10016162,2025-06,0.672,25,0.88,0.04,0.76,0.12,0.24,0.0,0.04,0.08,0,치킨,굽네치킨
ba_10019194,2025-05,0.7999999999999999,6,1.0,0.0,0.8333333333333334,0.0,0.0,0.0,0.3333333333333333,0.0,0,치킨,굽네치킨
ba_10019194,2025-06,0.7,4,0.75,0.25,0.75,0.25,0.0,0.25,0.0,0.0,0,치킨,굽네치킨
ba_10019807,2025-05,0.6,7,0.7142857142857143,0.0,0.5714285714285714,0.0,0.2857142857142857,0.0,0.14285714285714285,0.14285714285714285,1,치킨,굽네치킨
ba_10019807,2025-06,0.5,6,0.8333333333333334,0.0,1.0,0.0,0.16666666666666666,0.0,0.0,0.16666666666666666,0,치킨,굽네치킨
ba_10020109,2025-05,0.6476190476190476,21,0.8095238095238095,0.0,0.6666666666666666,0.09523809523809523,0.19047619047619047,0.0,0.14285714285714285,0.09523809523809523,1,치킨,굽네치킨
ba_10020109,2025-06,0.7894736842105263,19,0.9473684210526315,0.0,0.9473684210526315,0.15789473684210525,0.05263157894736842,0.0,0.15789473684210525,0.10526315789473684,1,치킨,굽네치킨
ba_10022124,2025-05,0.75,16,0.875,0.0,0.6875,0.3125,0.1875,0.0,0.0625,0.0625,1,치킨,굽네치킨
ba_10022124,2025-06,0.45999999999999996,10,0.8,0.1,0.7,0.1,0.1,0.0,0.1,0.0,0,치킨,굽네치킨
ba_10040420,2025-05,0.625,8,0.625,0.0,0.75,0.0,0.125,0.0,0.125,0.0,1,치킨,굽네치킨
ba_10040420,2025-06,1.0,1,1.0,0.0,1.0,0.0,0.0,0.0,0.0,0.0,0,치킨,굽네치킨
ba_10040621,2025-05,1.0,1,1.0,0.0,1.0,0.0,0.0,0.0,1.0,0.0,0,치킨,굽네치킨
ba_10040621,2025-06,0.6,6,0.8333333333333334,0.0,0.8333333333333334,0.3333333333333333,0.0,0.0,0.16666666666666666,0.16666666666666666,0,치킨,굽네치킨
ba_10040621,2025-07,1.0,1,1.0,0.0,1.0,0.0,0.0,0.0,0.0,0.0,0,치킨,굽네치킨
ba_10040679,2025-05,0.7333333333333333,9,1.0,0.0,0.7777777777777778,0.1111111111111111,0.1111111111111111,0.0,0.2222222222222222,0.0,0,치킨,굽네치킨
ba_10040679,2025-06,-0.2,2,0.5,0.5,0.0,0.0,0.5,0.0,0.0,0.0,0,치킨,굽네치킨
ba_10040679,2025-07,0.75,4,1.0,0.0,0.75,0.0,0.25,0.0,0.0,0.0,1,치킨,굽네치킨
ba_10040685,2025-06,0.5692307692307692,13,0.6923076923076923,0.15384615384615385,0.6153846153846154,0.15384615384615385,0.15384615384615385,0.0,0.07692307692307693,0.23076923076923078,1,치킨,굽네치킨
ba_10040685,2025-05,0.7090909090909091,11,0.9090909090909091,0.09090909090909091,0.8181818181818182,0.0,0.2727272727272727,0.0,0.0,0.0,1,치킨,굽네치킨
ba_10041246,2025-06,1.0,1,1.0,0.0,1.0,0.0,0.0,0.0,0.0,0.0,0,치킨,굽네치킨
ba_10204887,2025-05,0.4800000000000001,5,0.8,0.2,1.0,0.4,0.2,0.2,0.0,0.2,0,치킨,굽네치킨
ba_10204887,2025-06,1.0,2,1.0,0.0,1.0,0.0,0.0,0.0,1.0,0.0,0,치킨,굽네치킨
ba_10401021,2025-05,0.7166666666666667,24,0.875,0.041666666666666664,0.7916666666666666,0.08333333333333333,0.125,0.0,0.041666666666666664,0.041666666666666664,1,치킨,굽네치킨
ba_10401021,2025-06,0.6235294117647059,17,0.8823529411764706,0.058823529411764705,0.8235294117647058,0.11764705882352941,0.23529411764705882,0.0,0.11764705882352941,0.0,1,치킨,굽네치킨
ba_10418082,2025-05,0.7999999999999999,3,1.0,0.0,0.6666666666666666,0.0,0.0,0.0,0.0,0.0,0,치킨,굽네치킨
ba_10418082,2025-06,0.7,2,1.0,0.0,0.5,0.0,0.0,0.0,0.0,0.0,0,치킨,굽네치킨
ba_10418082,2025-07,0.0,1,0.0,0.0,0.0,0.0,0.0,0.0,0.0,0.0,0,치킨,굽네치킨
ba_10432360,2025-05,0.6500000000000001,8,1.0,0.0,0.625,0.0,0.125,0.0,0.25,0.0,0,치킨,굽네치킨
ba_10432360,2025-06,0.8800000000000001,5,1.0,0.0,0.8,0.2,0.0,0.0,0.0,0.0,0,치킨,굽네치킨
ba_10469515,2025-05,0.8500000000000001,16,1.0,0.0,0.9375,0.0,0.125,0.0625,0.0625,0.0,1,치킨,굽네치킨
ba_10469515,2025-06,0.6933333333333334,15,0.8666666666666667,0.06666666666666667,0.8666666666666667,0.06666666666666667,0.06666666666666667,0.0,0.06666666666666667,0.06666666666666667,0,치킨,굽네치킨
ba_10476209,2025-06,-0.1,2,0.0,0.5,0.0,0.5,0.0,0.0,0.0,0.0,1,치킨,굽네치킨
ba_10497667,2025-05,0.6307692307692307,13,0.6923076923076923,0.07692307692307693,0.6153846153846154,0.0,0.15384615384615385,0.07692307692307693,0.0,0.0,1,치킨,굽네치킨
ba_10497667,2025-06,0.30000000000000004,10,0.6,0.1,0.4,0.1,0.1,0.0,0.4,0.0,0,치킨,굽네치킨
ba_10501929,2025-05,0.6222222222222222,9,0.8888888888888888,0.1111111111111111,0.7777777777777778,0.2222222222222222,0.2222222222222222,0.0,0.0,0.0,1,치킨,굽네치킨
ba_10501929,2025-06,0.7999999999999999,12,1.0,0.0,0.8333333333333334,0.08333333333333333,0.08333333333333333,0.0,0.08333333333333333,0.08333333333333333,0,치킨,굽네치킨
ba_10509105,2025-05,0.66,10,0.9,0.0,0.7,0.1,0.3,0.0,0.0,0.0,1,치킨,굽네치킨
ba_10509105,2025-06,0.7666666666666666,6,1.0,0.0,0.8333333333333334,0.0,0.3333333333333333,0.0,0.0,0.16666666666666666,0,치킨,굽네치킨
ba_10571616,2025-07,0.786046511627907,43,0.9767441860465116,0.0,0.8604651162790697,0.09302325581395349,0.023255813953488372,0.0,0.0,0.023255813953488372,0,치킨,굽네치킨
ba_10571616,2025-05,0.7692307692307693,26,0.9615384615384616,0.038461538461538464,0.8846153846153846,0.11538461538461539,0.038461538461538464,0.0,0.07692307692307693,0.0,0,치킨,굽네치킨
ba_10571616,2025-06,0.7400000000000002,110,0.9,0.01818181818181818,0.8454545454545455,0.10909090909090909,0.10909090909090909,0.00909090909090909,0.07272727272727272,0.02727272727272727,0,치킨,굽네치킨
ba_10580903,2025-05,0.809375,64,0.96875,0.0,0.84375,0.078125,0.09375,0.0,0.03125,0.078125,1,치킨,굽네치킨
ba_10580903,2025-06,0.7555555555555558,54,0.9074074074074074,0.037037037037037035,0.8888888888888888,0.09259259259259259,0.14814814814814814,0.0,0.05555555555555555,0.1111111111111111,1,치킨,굽네치킨
ba_10583009,2025-05,0.5111111111111111,18,0.7777777777777778,0.1111111111111111,0.6111111111111112,0.0,0.05555555555555555,0.0,0.1111111111111111,0.05555555555555555,1,치킨,굽네치킨
ba_10583009,2025-06,0.7307692307692307,26,0.9230769230769231,0.0,0.6923076923076923,0.038461538461538464,0.07692307692307693,0.0,0.038461538461538464,0.11538461538461539,0,치킨,굽네치킨
ba_10597203,2025-05,0.6538461538461539,26,0.8076923076923077,0.038461538461538464,0.6923076923076923,0.038461538461538464,0.07692307692307693,0.0,0.11538461538461539,0.038461538461538464,1,치킨,굽네치킨
ba_10597203,2025-06,0.6964285714285715,56,0.875,0.0,0.7678571428571429,0.08928571428571429,0.125,0.0,0.07142857142857142,0.03571428571428571,0,치킨,굽네치킨
ba_10604883,2025-05,0.7658536585365853,41,0.926829268292683,0.0,0.8292682926829268,0.12195121951219512,0.12195121951219512,0.0,0.07317073170731707,0.04878048780487805,1,치킨,굽네치킨
ba_10604883,2025-06,0.7282051282051281,39,0.9743589743589743,0.02564102564102564,0.8461538461538461,0.05128205128205128,0.07692307692307693,0.0,0.05128205128205128,0.05128205128205128,0,치킨,굽네치킨
ba_10605803,2025-05,0.4222222222222223,9,0.6666666666666666,0.2222222222222222,0.5555555555555556,0.0,0.2222222222222222,0.0,0.1111111111111111,0.1111111111111111,1,치킨,굽네치킨
ba_10605803,2025-06,0.7463414634146341,41,0.9024390243902439,0.0,0.8292682926829268,0.12195121951219512,0.17073170731707318,0.024390243902439025,0.07317073170731707,0.04878048780487805,0,치킨,굽네치킨
ba_10627648,2025-05,0.6666666666666666,3,1.0,0.0,0.6666666666666666,0.0,0.0,0.0,0.0,0.0,1,치킨,굽네치킨
ba_10627648,2025-07,1.0,2,1.0,0.0,1.0,0.0,0.0,0.0,0.0,0.0,1,치킨,굽네치킨
ba_10636817,2025-05,0.7,2,1.0,0.0,1.0,0.0,0.0,0.0,0.0,0.0,1,치킨,굽네치킨
ba_10636817,2025-06,0.6,1,1.0,0.0,0.0,0.0,0.0,0.0,0.0,0.0,1,치킨,굽네치킨
ba_10638951,2025-05,0.825,8,1.0,0.0,0.875,0.0,0.0,0.0,0.125,0.0,0,치킨,굽네치킨
ba_10638951,2025-06,0.19999999999999998,3,0.6666666666666666,0.3333333333333333,0.6666666666666666,0.0,0.0,0.0,0.0,0.0,0,치킨,굽네치킨
ba_10657170,2025-05,0.8333333333333334,6,0.8333333333333334,0.0,0.8333333333333334,0.0,0.0,0.0,0.3333333333333333,0.0,1,치킨,굽네치킨
ba_10657170,2025-06,0.5,6,0.5,0.0,0.5,0.0,0.0,0.0,0.0,0.0,1,치킨,굽네치킨
ba_10698232,2025-05,0.7194805194805195,77,0.8571428571428571,0.05194805194805195,0.8051948051948052,0.09090909090909091,0.05194805194805195,0.0,0.1038961038961039,0.07792207792207792,0,치킨,굽네치킨
ba_10698232,2025-06,0.7499999999999998,108,0.8981481481481481,0.0,0.8518518518518519,0.06481481481481481,0.09259259259259259,0.0,0.09259259259259259,0.08333333333333333,0,치킨,굽네치킨
ba_10698315,2025-05,0.85,4,1.0,0.0,0.75,0.5,0.25,0.0,0.25,0.0,0,치킨,굽네치킨
ba_10698315,2025-06,0.4,1,1.0,0.0,1.0,0.0,0.0,0.0,0.0,0.0,0,치킨,굽네치킨
ba_10698315,2025-07,0.2,2,0.5,0.0,0.5,0.5,0.0,0.5,0.0,0.0,0,치킨,굽네치킨
ba_10705443,2025-05,0.9142857142857144,7,1.0,0.0,0.8571428571428571,0.14285714285714285,0.14285714285714285,0.0,0.14285714285714285,0.0,1,치킨,굽네치킨
ba_10705443,2025-06,1.0,4,1.0,0.0,1.0,0.25,0.25,0.0,0.0,0.25,1,치킨,굽네치킨
ba_10706208,2025-05,0.7642857142857143,28,0.8928571428571429,0.07142857142857142,0.8571428571428571,0.07142857142857142,0.03571428571428571,0.0,0.14285714285714285,0.07142857142857142,1,치킨,굽네치킨
ba_10706208,2025-06,0.7272727272727273,33,0.9090909090909091,0.0,0.7575757575757576,0.030303030303030304,0.18181818181818182,0.0,0.06060606060606061,0.12121212121212122,0,치킨,굽네치킨
ba_10739524,2025-05,0.64,10,0.8,0.0,0.8,0.0,0.1,0.0,0.0,0.1,0,치킨,굽네치킨
ba_10739524,2025-06,0.6666666666666666,3,0.6666666666666666,0.0,0.6666666666666666,0.0,0.6666666666666666,0.0,0.3333333333333333,0.0,0,치킨,굽네치킨
ba_10739524,2025-07,0.5,2,1.0,0.0,1.0,0.5,0.0,0.0,0.0,0.0,0,치킨,굽네치킨
ba_10739556,2025-05,0.625,8,0.75,0.125,1.0,0.0,0.125,0.0,0.0,0.0,0,치킨,굽네치킨
ba_10739556,2025-06,0.45,8,0.625,0.125,0.75,0.25,0.25,0.0,0.125,0.0,0,치킨,굽네치킨
ba_10750970,2025-05,0.13846153846153844,13,0.5384615384615384,0.23076923076923078,0.6153846153846154,0.23076923076923078,0.23076923076923078,0.0,0.0,0.07692307692307693,1,치킨,굽네치킨
ba_10750970,2025-06,0.24444444444444446,9,0.3333333333333333,0.1111111111111111,0.4444444444444444,0.0,0.1111111111111111,0.0,0.0,0.1111111111111111,0,치킨,굽네치킨
ba_10759478,2025-05,0.39999999999999997,8,0.625,0.125,0.625,0.125,0.125,0.0,0.0,0.0,0,치킨,굽네치킨
ba_10759478,2025-06,0.6,6,0.8333333333333334,0.0,0.8333333333333334,0.16666666666666666,0.0,0.0,0.0,0.16666666666666666,0,치킨,굽네치킨
ba_10768614,2025-05,0.6235294117647058,17,0.8235294117647058,0.0,0.7058823529411765,0.0,0.11764705882352941,0.0,0.058823529411764705,0.0,0,치킨,굽네치킨
ba_10768614,2025-06,0.675,16,0.75,0.0,0.75,0.125,0.25,0.0,0.0625,0.25,0,치킨,굽네치킨
ba_10771255,2025-06,0.7714285714285714,49,0.9387755102040817,0.0,0.7755102040816326,0.061224489795918366,0.14285714285714285,0.0,0.04081632653061224,0.04081632653061224,1,치킨,굽네치킨
ba_10771255,2025-05,0.807017543859649,57,0.9298245614035088,0.03508771929824561,0.7719298245614035,0.10526315789473684,0.21052631578947367,0.0,0.14035087719298245,0.03508771929824561,1,치킨,굽네치킨
ba_10774000,2025-05,0.6864864864864866,37,0.8918918918918919,0.02702702702702703,0.8918918918918919,0.08108108108108109,0.08108108108108109,0.0,0.02702702702702703,0.02702702702702703,1,치킨,굽네치킨
ba_10774000,2025-06,0.7062499999999999,32,0.9375,0.0,0.8125,0.0,0.125,0.0,0.0625,0.03125,1,치킨,굽네치킨
ba_10774794,2025-05,0.44999999999999996,12,0.75,0.0,0.75,0.08333333333333333,0.25,0.0,0.0,0.16666666666666666,0,치킨,굽네치킨
ba_10774794,2025-06,0.28888888888888886,9,0.5555555555555556,0.2222222222222222,0.6666666666666666,0.1111111111111111,0.2222222222222222,0.0,0.0,0.0,0,치킨,굽네치킨
ba_10776500,2025-06,0.9428571428571428,7,1.0,0.0,1.0,0.0,0.0,0.0,0.0,0.42857142857142855,1,치킨,굽네치킨
ba_10798649,2025-06,0.6509090909090909,110,0.8454545454545455,0.06363636363636363,0.7636363636363637,0.16363636363636364,0.18181818181818182,0.01818181818181818,0.10909090909090909,0.1,1,치킨,굽네치킨
ba_10798649,2025-05,0.5758241758241759,91,0.7912087912087912,0.06593406593406594,0.6593406593406593,0.0989010989010989,0.15384615384615385,0.0,0.054945054945054944,0.06593406593406594,1,치킨,굽네치킨
ba_10800862,2025-06,0.7428571428571429,63,0.873015873015873,0.0,0.7777777777777778,0.07936507936507936,0.047619047619047616,0.0,0.031746031746031744,0.06349206349206349,0,치킨,굽네치킨
ba_10800862,2025-05,0.7376344086021508,93,0.946236559139785,0.010752688172043012,0.9139784946236559,0.08602150537634409,0.12903225806451613,0.0,0.021505376344086023,0.06451612903225806,1,치킨,굽네치킨
ba_10821092,2025-05,0.814814814814815,81,0.9506172839506173,0.0,0.8765432098765432,0.08641975308641975,0.1111111111111111,0.0,0.024691358024691357,0.07407407407407407,1,치킨,굽네치킨
ba_10821092,2025-06,0.7617647058823527,68,0.9117647058823529,0.04411764705882353,0.8823529411764706,0.058823529411764705,0.07352941176470588,0.0,0.029411764705882353,0.07352941176470588,0,치킨,굽네치킨
ba_10841421,2025-05,0.42000000000000004,10,0.6,0.1,0.5,0.2,0.1,0.0,0.0,0.0,1,치킨,굽네치킨
ba_10841421,2025-07,0.19999999999999998,3,0.3333333333333333,0.3333333333333333,0.6666666666666666,0.6666666666666666,0.0,0.0,0.0,0.0,1,치킨,굽네치킨
ba_10841421,2025-06,0.4,4,0.75,0.0,0.5,0.25,0.0,0.0,0.0,0.0,0,치킨,굽네치킨
ba_10841883,2025-05,0.7999999999999999,14,0.8571428571428571,0.0,0.9285714285714286,0.07142857142857142,0.21428571428571427,0.0,0.14285714285714285,0.07142857142857142,1,치킨,굽네치킨
ba_10841883,2025-06,0.6709677419354839,31,0.967741935483871,0.03225806451612903,0.8387096774193549,0.06451612903225806,0.0967741935483871,0.03225806451612903,0.03225806451612903,0.06451612903225806,1,치킨,굽네치킨
ba_10872945,2025-05,0.6956521739130435,23,0.9130434782608695,0.043478260869565216,0.8695652173913043,0.08695652173913043,0.2608695652173913,0.0,0.08695652173913043,0.0,1,치킨,굽네치킨
ba_10872945,2025-06,0.76,10,0.8,0.1,0.9,0.1,0.2,0.0,0.0,0.1,1,치킨,굽네치킨
ba_12014214,2025-05,0.8363636363636363,11,0.9090909090909091,0.09090909090909091,0.9090909090909091,0.0,0.09090909090909091,0.0,0.0,0.09090909090909091,0,치킨,굽네치킨
ba_12014214,2025-06,1.0,3,1.0,0.0,1.0,0.0,0.3333333333333333,0.0,0.0,0.0,0,치킨,굽네치킨
ba_12016615,2025-05,1.0,1,1.0,0.0,1.0,0.0,0.0,0.0,0.0,0.0,0,피자,굽네치킨
ba_12020564,2025-05,0.7066666666666667,30,0.9,0.03333333333333333,0.8333333333333334,0.06666666666666667,0.23333333333333334,0.0,0.0,0.06666666666666667,0,피자,굽네치킨
ba_12020564,2025-06,0.9294117647058824,17,1.0,0.0,0.9411764705882353,0.17647058823529413,0.058823529411764705,0.0,0.11764705882352941,0.058823529411764705,0,피자,굽네치킨
ba_12029686,2025-05,0.2,1,1.0,0.0,1.0,0.0,0.0,0.0,0.0,0.0,0,치킨,굽네치킨
ba_12029686,2025-06,0.20000000000000004,3,0.6666666666666666,0.0,0.3333333333333333,0.0,0.0,0.0,0.0,0.0,0,치킨,굽네치킨
ba_12029686,2025-07,1.0,1,1.0,0.0,1.0,0.0,0.0,0.0,0.0,0.0,0,치킨,굽네치킨
ba_13052096,2025-05,0.7466666666666667,45,0.9111111111111111,0.0,0.8,0.15555555555555556,0.17777777777777778,0.0,0.044444444444444446,0.022222222222222223,0,치킨,굽네치킨
ba_13052096,2025-06,0.6285714285714286,42,0.7857142857142857,0.047619047619047616,0.6428571428571429,0.07142857142857142,0.09523809523809523,0.0,0.07142857142857142,0.11904761904761904,1,치킨,굽네치킨
ba_13062668,2025-05,0.35,4,0.75,0.0,0.25,0.0,0.5,0.0,0.25,0.0,1,치킨,굽네치킨
ba_13062668,2025-06,0.1,2,0.5,0.5,0.5,0.0,0.0,0.0,0.0,0.0,0,치킨,굽네치킨
ba_13076527,2025-05,0.6465116279069768,43,0.813953488372093,0.046511627906976744,0.7906976744186046,0.09302325581395349,0.18604651162790697,0.0,0.023255813953488372,0.046511627906976744,1,치킨,굽네치킨
ba_13076527,2025-06,0.5757575757575759,66,0.7575757575757576,0.07575757575757576,0.696969696969697,0.10606060606060606,0.09090909090909091,0.0,0.030303030303030304,0.045454545454545456,0,치킨,굽네치킨
ba_13081281,2025-05,0.95,4,1.0,0.0,0.75,0.0,0.0,0.0,0.25,0.25,0,치킨,굽네치킨
ba_13081281,2025-06,1.0,4,1.0,0.0,1.0,0.0,0.25,0.0,0.25,0.0,0,치킨,굽네치킨
ba_13103901,2025-05,1.0,1,1.0,0.0,1.0,0.0,0.0,0.0,1.0,0.0,0,피자,굽네치킨
ba_13103901,2025-06,0.5333333333333333,3,0.6666666666666666,0.0,0.6666666666666666,0.0,0.0,0.0,0.0,0.0,0,피자,굽네치킨
ba_13168465,2025-05,1.0,2,1.0,0.0,1.0,0.0,0.0,0.0,0.0,0.5,0,백반·죽·국수,본그룹
ba_13168465,2025-06,0.76,5,0.8,0.2,0.8,0.4,0.0,0.0,0.0,0.2,1,백반·죽·국수,본그룹
ba_13181486,2025-05,0.5599999999999999,5,0.8,0.2,1.0,0.0,0.4,0.0,0.2,0.0,0,백반·죽·국수,본그룹
ba_13181486,2025-06,1.0,3,1.0,0.0,1.0,0.3333333333333333,0.6666666666666666,0.0,0.3333333333333333,0.0,0,백반·죽·국수,본그룹
ba_13181699,2025-06,0.2,1,1.0,0.0,1.0,0.0,0.0,0.0,0.0,0.0,0,백반·죽·국수,본그룹
ba_13181719,2025-04,0.0,1,0.0,0.0,0.0,0.0,0.0,0.0,0.0,0.0,0,백반·죽·국수,본그룹
ba_13181719,2025-05,1.0,1,1.0,0.0,1.0,0.0,0.0,0.0,0.0,0.0,0,백반·죽·국수,본그룹
ba_13181957,2025-05,0.7999999999999999,3,1.0,0.0,0.6666666666666666,0.3333333333333333,0.0,0.0,0.3333333333333333,0.0,1,백반·죽·국수,본그룹
ba_13181957,2025-06,0.8333333333333334,6,0.8333333333333334,0.0,1.0,0.16666666666666666,0.3333333333333333,0.0,0.16666666666666666,0.16666666666666666,1,백반·죽·국수,본그룹
ba_13181957,2025-07,0.7749999999999998,8,1.0,0.0,0.625,0.375,0.375,0.0,1.0,0.0,1,백반·죽·국수,본그룹
ba_13182018,2025-05,0.9,2,1.0,0.0,0.5,1.0,0.0,0.0,0.0,0.0,0,백반·죽·국수,본그룹
ba_13182018,2025-06,1.0,1,1.0,0.0,1.0,0.0,0.0,0.0,1.0,1.0,0,백반·죽·국수,본그룹
ba_13182129,2025-05,0.65,4,0.75,0.0,0.75,0.0,0.0,0.0,0.5,0.0,0,백반·죽·국수,본그룹
ba_13182129,2025-06,0.9333333333333332,3,1.0,0.0,1.0,0.0,0.3333333333333333,0.0,0.6666666666666666,0.0,0,백반·죽·국수,본그룹
ba_13186079,2025-04,1.0,1,1.0,0.0,1.0,0.0,0.0,0.0,0.0,0.0,0,백반·죽·국수,본그룹
ba_13186079,2025-05,0.2,2,0.5,0.0,0.5,0.5,0.5,0.0,0.5,0.0,0,백반·죽·국수,본그룹
ba_13188150,2025-05,0.5,2,0.5,0.0,0.5,0.5,0.5,0.0,0.0,0.0,0,백반·죽·국수,본그룹
ba_13188150,2025-06,0.7,2,1.0,0.0,0.5,0.0,0.5,0.0,0.5,0.0,1,백반·죽·국수,본그룹
ba_13188150,2025-07,1.0,3,1.0,0.0,1.0,0.0,0.0,0.0,0.0,0.0,1,백반·죽·국수,본그룹
ba_13189796,2025-06,0.9,4,1.0,0.0,1.0,0.0,0.0,0.0,0.0,0.0,1,백반·죽·국수,본그룹
ba_13189894,2025-06,0.42857142857142855,7,0.7142857142857143,0.0,0.42857142857142855,0.0,0.14285714285714285,0.0,0.42857142857142855,0.0,1,백반·죽·국수,본그룹
ba_13189894,2025-07,1.0,2,1.0,0.0,1.0,0.0,0.0,0.0,0.0,0.0,1,백반·죽·국수,본그룹
ba_13193158,2025-05,0.6,4,0.75,0.0,0.5,0.0,0.0,0.0,0.25,0.0,0,백반·죽·국수,본그룹
ba_13199208,2025-05,0.8,2,1.0,0.0,1.0,0.0,0.0,0.0,0.0,0.0,0,백반·죽·국수,본그룹
ba_13199208,2025-06,0.2,1,1.0,0.0,1.0,0.0,0.0,0.0,0.0,0.0,0,백반·죽·국수,본그룹
ba_13199208,2025-07,0.6,1,1.0,0.0,1.0,0.0,0.0,0.0,0.0,0.0,0,백반·죽·국수,본그룹
ba_13199335,2025-06,1.0,2,1.0,0.0,1.0,0.0,0.0,0.0,0.5,0.5,1,백반·죽·국수,본그룹
ba_13199335,2025-07,1.0,6,1.0,0.0,0.6666666666666666,0.0,0.0,0.0,0.6666666666666666,0.0,1,백반·죽·국수,본그룹
ba_13199394,2025-05,0.7,2,1.0,0.0,0.5,0.0,0.0,0.0,0.5,0.0,0,백반·죽·국수,본그룹
ba_13199394,2025-06,0.2,1,1.0,0.0,0.0,0.0,0.0,0.0,1.0,0.0,1,백반·죽·국수,본그룹
ba_13199864,2025-05,0.7999999999999999,6,1.0,0.0,0.5,0.0,0.16666666666666666,0.0,0.3333333333333333,0.16666666666666666,0,백반·죽·국수,본그룹
ba_13203399,2025-05,0.54,10,1.0,0.0,0.5,0.1,0.1,0.0,0.5,0.4,1,백반·죽·국수,본그룹
ba_13203399,2025-06,0.7333333333333334,6,1.0,0.0,0.6666666666666666,0.0,0.16666666666666666,0.0,0.6666666666666666,0.0,0,백반·죽·국수,본그룹
ba_13219045,2025-05,0.6,2,1.0,0.0,1.0,0.0,0.0,0.0,0.0,0.0,0,백반·죽·국수,본그룹
ba_13219094,2025-06,1.0,2,1.0,0.0,1.0,0.0,0.0,0.0,1.0,0.0,1,백반·죽·국수,본그룹
ba_13219951,2025-05,0.6,1,1.0,0.0,0.0,0.0,0.0,0.0,0.0,0.0,1,백반·죽·국수,본그룹
ba_13219951,2025-06,0.6,2,1.0,0.0,1.0,0.0,0.0,0.0,0.0,0.0,1,백반·죽·국수,본그룹
ba_13219951,2025-07,1.0,2,1.0,0.0,1.0,0.0,0.0,0.0,0.0,0.0,1,백반·죽·국수,본그룹
ba_13221638,2025-05,0.6,2,1.0,0.0,1.0,0.0,0.0,0.0,0.0,0.0,0,백반·죽·국수,본그룹
ba_13221638,2025-06,1.0,1,1.0,0.0,1.0,0.0,0.0,0.0,1.0,0.0,1,백반·죽·국수,본그룹
ba_13221865,2025-07,1.0,2,1.0,0.0,1.0,0.0,0.0,0.0,0.0,0.0,1,백반·죽·국수,본그룹
ba_13221975,2025-05,0.65,4,0.75,0.0,0.5,0.0,0.25,0.0,0.5,0.0,0,백반·죽·국수,본그룹
ba_13221975,2025-06,1.0,1,1.0,0.0,1.0,0.0,0.0,0.0,0.0,0.0,0,백반·죽·국수,본그룹
ba_13222051,2025-04,1.0,1,1.0,0.0,1.0,0.0,0.0,0.0,0.0,0.0,0,백반·죽·국수,본그룹
ba_13222051,2025-05,1.0,2,1.0,0.0,1.0,0.0,0.0,0.0,0.0,0.0,0,백반·죽·국수,본그룹
ba_13222051,2025-06,0.4,2,0.5,0.0,0.5,0.0,0.5,0.0,0.0,0.0,1,백반·죽·국수,본그룹
ba_13222170,2025-06,0.7333333333333334,9,1.0,0.0,0.7777777777777778,0.2222222222222222,0.2222222222222222,0.0,0.2222222222222222,0.0,1,백반·죽·국수,본그룹
ba_13223141,2025-05,1.0,1,1.0,0.0,0.0,0.0,1.0,0.0,0.0,0.0,0,백반·죽·국수,본그룹
ba_13223141,2025-06,1.0,1,1.0,0.0,1.0,1.0,1.0,0.0,1.0,0.0,0,백반·죽·국수,본그룹
ba_13223329,2025-05,1.0,1,1.0,0.0,1.0,0.0,0.0,0.0,0.0,0.0,0,백반·죽·국수,본그룹
ba_13223538,2025-05,0.7,2,1.0,0.0,1.0,0.0,0.0,0.0,0.0,0.0,0,백반·죽·국수,본그룹
ba_13223538,2025-06,0.7,2,1.0,0.0,0.5,0.0,0.0,0.0,0.0,0.0,1,백반·죽·국수,본그룹
ba_13223538,2025-07,1.0,2,1.0,0.0,1.0,0.0,0.0,0.0,0.0,0.0,1,백반·죽·국수,본그룹
ba_13223654,2025-05,0.4,1,1.0,0.0,0.0,0.0,0.0,0.0,0.0,0.0,1,백반·죽·국수,본그룹
ba_13223654,2025-06,0.2,2,0.5,0.0,0.0,0.0,0.5,0.0,0.0,0.0,1,백반·죽·국수,본그룹
ba_13224027,2025-05,0.8800000000000001,5,1.0,0.0,1.0,0.2,0.4,0.0,0.6,0.2,0,백반·죽·국수,본그룹
ba_13224027,2025-06,0.8,2,1.0,0.0,1.0,0.0,0.0,0.0,0.0,0.0,1,백반·죽·국수,본그룹
ba_13224802,2025-05,0.6,1,1.0,0.0,1.0,0.0,0.0,0.0,0.0,0.0,0,백반·죽·국수,본그룹
ba_13224802,2025-07,0.8,8,1.0,0.0,0.75,0.25,0.0,0.0,0.0,0.0,0,백반·죽·국수,본그룹
ba_13224833,2025-05,0.8,1,1.0,0.0,1.0,0.0,0.0,0.0,0.0,0.0,0,백반·죽·국수,본그룹
ba_13224833,2025-06,0.9,2,1.0,0.0,1.0,0.0,0.5,0.0,0.0,0.0,0,백반·죽·국수,본그룹
ba_13225754,2025-07,0.2,1,1.0,0.0,0.0,0.0,1.0,0.0,0.0,0.0,0,백반·죽·국수,본그룹
ba_13225842,2025-06,1.0,1,1.0,0.0,1.0,0.0,1.0,0.0,1.0,0.0,1,백반·죽·국수,본그룹
ba_13225939,2025-05,1.0,2,1.0,0.0,1.0,0.0,0.0,0.0,0.0,0.0,0,백반·죽·국수,본그룹
ba_13225939,2025-06,1.0,1,1.0,0.0,1.0,0.0,1.0,0.0,0.0,0.0,0,백반·죽·국수,본그룹
ba_13225939,2025-07,1.0,1,1.0,0.0,1.0,0.0,0.0,0.0,0.0,0.0,0,백반·죽·국수,본그룹
ba_13226546,2025-05,0.6666666666666666,3,0.6666666666666666,0.0,0.6666666666666666,0.0,0.0,0.0,0.3333333333333333,0.0,0,백반·죽·국수,본그룹
ba_13226546,2025-06,0.2,1,1.0,0.0,0.0,0.0,1.0,0.0,0.0,0.0,0,백반·죽·국수,본그룹
ba_13226580,2025-05,0.4,1,1.0,0.0,1.0,0.0,0.0,0.0,0.0,0.0,0,백반·죽·국수,본그룹
ba_13226580,2025-06,1.0,1,1.0,0.0,1.0,0.0,0.0,0.0,0.0,0.0,1,백반·죽·국수,본그룹
ba_13226670,2025-05,1.0,2,1.0,0.0,1.0,0.0,0.0,0.0,0.0,0.0,0,백반·죽·국수,본그룹
ba_13226843,2025-05,0.4666666666666666,3,0.6666666666666666,0.0,0.3333333333333333,0.0,0.0,0.0,0.0,0.0,0,백반·죽·국수,본그룹
ba_13226843,2025-07,0.8,4,1.0,0.0,1.0,0.0,0.5,0.0,0.0,0.0,1,백반·죽·국수,본그룹
ba_13226851,2025-06,0.6,1,1.0,0.0,1.0,0.0,0.0,0.0,0.0,0.0,1,백반·죽·국수,본그룹
ba_13226860,2025-05,0.4333333333333333,6,0.8333333333333334,0.16666666666666666,0.3333333333333333,0.0,0.6666666666666666,0.0,0.5,0.16666666666666666,0,백반·죽·국수,본그룹
ba_13226860,2025-06,0.7777777777777778,9,1.0,0.0,0.5555555555555556,0.2222222222222222,0.1111111111111111,0.0,0.3333333333333333,0.2222222222222222,0,백반·죽·국수,본그룹
ba_13227516,2025-06,0.7333333333333334,3,1.0,0.0,1.0,0.0,0.0,0.0,0.0,0.0,1,백반·죽·국수,본그룹
ba_13227516,2025-05,1.0,2,1.0,0.0,1.0,0.0,0.0,0.0,0.0,0.0,0,백반·죽·국수,본그룹
ba_13227543,2025-05,0.7000000000000001,4,1.0,0.0,0.5,0.0,0.25,0.0,0.5,0.0,0,백반·죽·국수,본그룹
ba_13227543,2025-06,1.0,2,1.0,0.0,0.5,0.0,0.0,0.0,0.5,0.0,1,백반·죽·국수,본그룹
ba_13227543,2025-07,0.7714285714285715,7,1.0,0.0,0.7142857142857143,0.14285714285714285,1.0,0.0,0.2857142857142857,0.0,0,백반·죽·국수,본그룹
ba_13227659,2025-05,0.4,1,1.0,0.0,0.0,0.0,0.0,0.0,0.0,0.0,0,백반·죽·국수,본그룹
ba_13227659,2025-06,1.0,1,1.0,0.0,1.0,0.0,0.0,0.0,1.0,0.0,0,백반·죽·국수,본그룹
ba_13227696,2025-05,0.26666666666666666,3,0.6666666666666666,0.0,0.0,0.0,0.0,0.0,0.3333333333333333,0.0,0,백반·죽·국수,본그룹
ba_13227696,2025-06,1.0,2,1.0,0.0,1.0,0.0,0.5,0.0,0.0,0.0,0,백반·죽·국수,본그룹
ba_13228453,2025-07,0.30000000000000004,4,1.0,0.0,0.5,0.0,1.0,0.0,1.0,0.0,0,백반·죽·국수,본그룹
ba_13228520,2025-07,0.0,1,0.0,0.0,0.0,0.0,0.0,0.0,0.0,0.0,1,백반·죽·국수,본그룹
ba_13228647,2025-05,1.0,2,1.0,0.0,1.0,0.0,0.5,0.0,0.5,0.0,0,백반·죽·국수,본그룹
ba_13228647,2025-06,0.7333333333333334,3,1.0,0.0,1.0,0.0,0.3333333333333333,0.0,0.6666666666666666,0.0,0,백반·죽·국수,본그룹
ba_13228668,2025-05,0.8666666666666667,3,1.0,0.0,0.6666666666666666,0.0,0.6666666666666666,0.0,0.3333333333333333,0.0,0,백반·죽·국수,본그룹
ba_13228668,2025-06,0.6,5,0.8,0.0,0.4,0.2,0.2,0.0,0.4,0.2,1,백반·죽·국수,본그룹
ba_13228675,2025-05,-0.8,1,0.0,1.0,0.0,0.0,0.0,0.0,0.0,0.0,1,백반·죽·국수,본그룹
ba_13228675,2025-07,1.0,8,1.0,0.0,1.0,0.0,0.0,0.0,0.0,0.0,1,백반·죽·국수,본그룹
ba_13228677,2025-05,0.8,2,1.0,0.0,1.0,0.0,0.0,0.0,0.5,0.0,0,백반·죽·국수,본그룹
ba_13228869,2025-05,1.0,1,1.0,0.0,1.0,0.0,0.0,0.0,1.0,0.0,0,백반·죽·국수,본그룹
ba_13228869,2025-07,1.0,1,1.0,0.0,1.0,0.0,0.0,0.0,1.0,0.0,1,백반·죽·국수,본그룹
ba_13228874,2025-05,1.0,2,1.0,0.0,1.0,0.0,0.5,0.0,0.0,0.0,0,백반·죽·국수,본그룹
ba_13228878,2025-04,0.8,2,1.0,0.0,0.5,0.0,0.0,0.0,0.0,0.0,0,백반·죽·국수,본그룹
ba_13228878,2025-05,0.8666666666666667,3,1.0,0.0,1.0,0.0,0.3333333333333333,0.0,0.0,0.0,0,백반·죽·국수,본그룹
ba_13228878,2025-06,1.0,2,1.0,0.0,1.0,0.0,0.0,0.0,0.0,0.0,1,백반·죽·국수,본그룹
ba_13228878,2025-07,0.8,2,1.0,0.0,1.0,0.0,0.0,0.0,0.0,0.0,1,백반·죽·국수,본그룹
ba_13228909,2025-07,0.7333333333333334,3,1.0,0.0,1.0,0.0,0.0,0.0,0.3333333333333333,0.0,0,백반·죽·국수,본그룹
ba_13228945,2025-05,1.0,1,1.0,0.0,0.0,0.0,0.0,0.0,1.0,1.0,0,백반·죽·국수,본그룹
ba_13228945,2025-07,0.2,1,1.0,0.0,1.0,1.0,0.0,0.0,0.0,0.0,1,백반·죽·국수,본그룹
ba_13228993,2025-05,1.0,1,1.0,0.0,1.0,0.0,0.0,0.0,0.0,0.0,0,백반·죽·국수,본그룹
ba_13229107,2025-06,0.2,1,1.0,0.0,0.0,0.0,1.0,0.0,1.0,0.0,1,백반·죽·국수,본그룹
ba_13229152,2025-05,0.6,2,1.0,0.0,1.0,0.0,0.0,0.0,0.0,0.0,0,백반·죽·국수,본그룹
ba_13229152,2025-06,0.2,1,1.0,0.0,1.0,0.0,0.0,0.0,0.0,1.0,1,백반·죽·국수,본그룹
ba_13229152,2025-07,1.0,2,1.0,0.0,1.0,1.0,0.0,0.0,0.0,0.0,0,백반·죽·국수,본그룹
ba_13229173,2025-05,0.4,2,1.0,0.0,0.0,0.0,0.5,0.0,0.0,0.0,0,백반·죽·국수,본그룹
ba_13229173,2025-06,1.0,2,1.0,0.0,1.0,0.0,0.0,0.0,0.0,0.0,1,백반·죽·국수,본그룹
ba_13229173,2025-07,0.0,2,0.0,0.0,0.0,0.0,0.0,0.0,0.0,0.0,0,백반·죽·국수,본그룹
ba_13229184,2025-05,1.0,3,1.0,0.0,1.0,0.0,0.6666666666666666,0.0,0.6666666666666666,0.0,0,백반·죽·국수,본그룹
ba_13229184,2025-06,0.7333333333333334,3,1.0,0.0,1.0,0.0,0.0,0.0,0.0,0.3333333333333333,0,백반·죽·국수,본그룹
ba_13229184,2025-07,1.0,1,1.0,0.0,1.0,0.0,0.0,0.0,0.0,0.0,0,백반·죽·국수,본그룹
ba_13229527,2025-06,1.0,1,1.0,0.0,0.0,0.0,0.0,0.0,0.0,0.0,1,백반·죽·국수,본그룹
ba_13229560,2025-05,0.2,1,1.0,0.0,0.0,0.0,1.0,0.0,0.0,0.0,0,백반·죽·국수,본그룹
ba_13229560,2025-06,0.2,1,1.0,0.0,0.0,0.0,1.0,0.0,0.0,0.0,0,백반·죽·국수,본그룹
ba_13229560,2025-07,1.0,1,1.0,0.0,1.0,0.0,0.0,0.0,0.0,0.0,0,백반·죽·국수,본그룹
ba_13229747,2025-05,0.9,2,1.0,0.0,1.0,0.0,0.5,0.0,0.5,0.0,0,백반·죽·국수,본그룹
ba_13229747,2025-07,0.13333333333333333,3,0.3333333333333333,0.0,0.3333333333333333,0.3333333333333333,0.3333333333333333,0.0,0.3333333333333333,0.0,1,백반·죽·국수,본그룹
ba_13229858,2025-05,0.8,1,1.0,0.0,1.0,0.0,0.0,0.0,1.0,0.0,0,백반·죽·국수,본그룹
ba_13229858,2025-06,1.0,2,1.0,0.0,1.0,0.0,0.0,0.0,0.0,0.0,0,백반·죽·국수,본그룹
ba_13229960,2025-05,0.2,2,0.5,0.0,0.0,0.0,0.0,0.0,0.0,0.0,0,백반·죽·국수,본그룹
ba_13230502,2025-05,1.0,1,1.0,0.0,1.0,0.0,0.0,0.0,0.0,0.0,0,백반·죽·국수,본그룹
ba_13230793,2025-05,1.0,1,1.0,0.0,1.0,0.0,0.0,0.0,0.0,0.0,0,백반·죽·국수,본그룹
ba_13230793,2025-06,1.0,1,1.0,0.0,1.0,0.0,0.0,0.0,0.0,0.0,1,백반·죽·국수,본그룹
ba_13230834,2025-07,1.0,1,1.0,0.0,1.0,0.0,0.0,0.0,0.0,0.0,1,백반·죽·국수,본그룹
ba_13230838,2025-06,1.0,1,1.0,0.0,1.0,0.0,1.0,0.0,0.0,0.0,1,백반·죽·국수,본그룹
ba_13230846,2025-06,0.4,1,1.0,0.0,1.0,0.0,0.0,0.0,1.0,0.0,1,백반·죽·국수,본그룹
ba_13230846,2025-07,1.0,2,1.0,0.0,1.0,0.0,0.0,0.0,0.0,0.0,1,백반·죽·국수,본그룹
ba_13230903,2025-05,0.85,4,1.0,0.0,1.0,0.25,0.25,0.0,0.75,0.0,0,백반·죽·국수,본그룹
ba_13230903,2025-06,0.9,4,1.0,0.0,0.75,0.0,0.25,0.0,0.25,0.25,1,백반·죽·국수,본그룹
ba_13230921,2025-05,0.4,1,1.0,0.0,0.0,0.0,0.0,0.0,0.0,0.0,1,백반·죽·국수,본그룹
ba_13231050,2025-05,0.76,5,1.0,0.0,0.6,0.0,0.0,0.0,0.2,0.2,0,백반·죽·국수,본그룹
ba_13231050,2025-06,0.6,2,1.0,0.0,0.0,0.0,0.5,0.0,0.5,0.5,0,백반·죽·국수,본그룹
ba_13231147,2025-04,1.0,1,1.0,0.0,1.0,0.0,1.0,0.0,0.0,0.0,0,백반·죽·국수,본그룹
ba_13231147,2025-05,0.4,1,1.0,0.0,0.0,0.0,0.0,0.0,0.0,0.0,1,백반·죽·국수,본그룹
ba_13231147,2025-06,0.7,2,1.0,0.0,1.0,0.0,0.0,0.0,0.0,0.0,0,백반·죽·국수,본그룹
ba_13231157,2025-05,0.0,1,0.0,0.0,0.0,0.0,1.0,0.0,1.0,0.0,0,백반·죽·국수,본그룹
ba_13231157,2025-06,0.4,1,1.0,0.0,0.0,0.0,0.0,0.0,0.0,0.0,1,백반·죽·국수,본그룹
ba_13231157,2025-07,1.0,4,1.0,0.0,1.0,1.0,0.0,0.0,1.0,0.0,1,백반·죽·국수,본그룹
ba_13231481,2025-05,1.0,1,1.0,0.0,1.0,0.0,0.0,0.0,0.0,0.0,1,백반·죽·국수,본그룹
ba_13231481,2025-06,0.4,1,1.0,0.0,0.0,0.0,0.0,0.0,0.0,0.0,1,백반·죽·국수,본그룹
ba_13231795,2025-07,1.0,1,1.0,0.0,1.0,0.0,1.0,0.0,0.0,0.0,1,백반·죽·국수,본그룹
ba_13231958,2025-06,1.0,1,1.0,0.0,1.0,0.0,0.0,0.0,0.0,0.0,1,백반·죽·국수,본그룹
ba_13231958,2025-07,0.5,2,1.0,0.0,1.0,0.0,0.0,0.0,0.5,0.0,1,백반·죽·국수,본그룹
ba_13232110,2025-06,0.8666666666666667,3,1.0,0.0,0.6666666666666666,0.0,0.0,0.0,0.0,0.0,1,백반·죽·국수,본그룹
ba_13232110,2025-05,1.0,2,1.0,0.0,1.0,0.0,0.5,0.0,0.0,0.0,0,백반·죽·국수,본그룹
ba_13232134,2025-05,1.0,1,1.0,0.0,1.0,1.0,0.0,0.0,0.0,0.0,0,백반·죽·국수,본그룹
ba_13232348,2025-05,0.75,4,1.0,0.0,0.5,0.25,0.5,0.0,0.5,0.25,0,백반·죽·국수,본그룹
ba_13232348,2025-07,0.8,2,1.0,0.0,0.5,0.5,0.0,0.0,0.5,0.0,1,백반·죽·국수,본그룹
ba_13232348,2025-06,0.65,4,0.75,0.0,0.75,0.25,0.0,0.0,0.25,0.0,1,백반·죽·국수,본그룹
ba_13232508,2025-07,1.0,2,1.0,0.0,1.0,0.0,0.0,0.0,0.0,0.0,0,백반·죽·국수,본그룹
ba_13233115,2025-05,0.8666666666666667,3,1.0,0.0,0.6666666666666666,0.0,0.3333333333333333,0.0,0.6666666666666666,0.0,0,백반·죽·국수,본그룹
ba_13233212,2025-05,0.6,2,1.0,0.0,1.0,0.0,0.0,0.0,0.5,0.0,0,백반·죽·국수,본그룹
ba_13233212,2025-06,0.4,1,1.0,0.0,0.0,0.0,0.0,0.0,0.0,0.0,1,백반·죽·국수,본그룹
ba_13233212,2025-07,0.4,1,1.0,0.0,0.0,0.0,0.0,0.0,0.0,0.0,0,백반·죽·국수,본그룹
ba_13233433,2025-05,0.6,3,0.6666666666666666,0.0,0.6666666666666666,0.0,0.0,0.0,0.0,0.0,0,백반·죽·국수,본그룹
ba_13233433,2025-07,1.0,1,1.0,0.0,1.0,0.0,0.0,0.0,0.0,0.0,0,백반·죽·국수,본그룹
ba_13233436,2025-06,0.6,1,1.0,0.0,1.0,0.0,0.0,0.0,0.0,0.0,1,백반·죽·국수,본그룹
ba_13233445,2025-05,1.0,2,1.0,0.0,1.0,0.0,0.0,0.0,0.0,0.0,0,백반·죽·국수,본그룹
ba_13233445,2025-06,0.7,2,1.0,0.0,0.5,0.0,0.5,0.0,0.5,0.0,1,백반·죽·국수,본그룹
ba_13233445,2025-07,1.0,1,1.0,0.0,1.0,1.0,0.0,0.0,0.0,0.0,0,백반·죽·국수,본그룹
ba_13233448,2025-05,1.0,1,1.0,0.0,1.0,1.0,1.0,0.0,1.0,0.0,0,백반·죽·국수,본그룹
ba_13233448,2025-06,1.0,1,1.0,0.0,1.0,0.0,0.0,0.0,0.0,0.0,1,백반·죽·국수,본그룹
ba_13233454,2025-05,0.8,1,1.0,0.0,1.0,0.0,0.0,0.0,1.0,0.0,0,백반·죽·국수,본그룹
ba_13233454,2025-06,1.0,1,1.0,0.0,1.0,0.0,1.0,0.0,0.0,0.0,1,백반·죽·국수,본그룹
ba_13233457,2025-05,0.6,3,1.0,0.0,1.0,0.6666666666666666,0.0,0.0,0.0,0.0,0,백반·죽·국수,본그룹
ba_13233457,2025-07,1.0,1,1.0,0.0,1.0,0.0,0.0,0.0,0.0,0.0,0,백반·죽·국수,본그룹
ba_13233463,2025-05,1.0,2,1.0,0.0,1.0,0.5,0.5,0.5,1.0,0.0,0,백반·죽·국수,본그룹
ba_13233463,2025-06,0.0,1,0.0,0.0,0.0,0.0,0.0,0.0,0.0,0.0,1,백반·죽·국수,본그룹
ba_13233466,2025-05,0.6,1,1.0,0.0,1.0,1.0,0.0,0.0,0.0,0.0,0,백반·죽·국수,본그룹
ba_13233466,2025-06,1.0,1,1.0,0.0,1.0,1.0,1.0,0.0,1.0,0.0,1,백반·죽·국수,본그룹
ba_13233466,2025-07,0.0,1,0.0,0.0,0.0,0.0,0.0,0.0,0.0,0.0,0,백반·죽·국수,본그룹
ba_13233483,2025-06,0.2,1,1.0,0.0,1.0,0.0,0.0,0.0,0.0,0.0,1,백반·죽·국수,본그룹
ba_13233484,2025-07,1.0,1,1.0,0.0,1.0,0.0,0.0,0.0,0.0,0.0,1,백반·죽·국수,본그룹
ba_13233506,2025-04,0.6,1,1.0,0.0,1.0,0.0,0.0,0.0,0.0,0.0,0,백반·죽·국수,본그룹
ba_13233506,2025-05,0.8,1,1.0,0.0,1.0,0.0,1.0,0.0,0.0,0.0,0,백반·죽·국수,본그룹
ba_13233506,2025-06,0.6,1,1.0,0.0,0.0,0.0,1.0,0.0,1.0,0.0,1,백반·죽·국수,본그룹
ba_13233506,2025-07,1.0,3,1.0,0.0,1.0,0.0,1.0,0.0,1.0,0.0,1,백반·죽·국수,본그룹
ba_13233554,2025-05,0.7142857142857143,7,0.8571428571428571,0.0,0.42857142857142855,0.2857142857142857,0.14285714285714285,0.0,0.42857142857142855,0.14285714285714285,0,백반·죽·국수,본그룹
ba_13233554,2025-06,0.6666666666666666,3,1.0,0.0,1.0,0.0,0.3333333333333333,0.0,0.3333333333333333,0.0,1,백반·죽·국수,본그룹
ba_13233575,2025-06,0.0,1,0.0,0.0,1.0,0.0,0.0,0.0,0.0,0.0,1,백반·죽·국수,본그룹
ba_13233576,2025-05,0.85,4,1.0,0.0,0.75,0.25,0.0,0.0,0.0,0.0,0,백반·죽·국수,본그룹
ba_13233576,2025-06,0.65,4,0.75,0.0,0.75,0.75,0.0,0.0,0.0,0.0,1,백반·죽·국수,본그룹
ba_13233576,2025-07,0.6,2,1.0,0.0,1.0,0.5,0.0,0.0,0.0,0.5,1,백반·죽·국수,본그룹
ba_13233581,2025-05,1.0,1,1.0,0.0,1.0,1.0,1.0,0.0,1.0,0.0,0,백반·죽·국수,본그룹
ba_13233581,2025-06,1.0,1,1.0,0.0,1.0,0.0,1.0,0.0,1.0,1.0,0,백반·죽·국수,본그룹
ba_13233581,2025-07,1.0,1,1.0,0.0,1.0,0.0,0.0,0.0,0.0,0.0,1,백반·죽·국수,본그룹
ba_13233587,2025-05,0.6,3,1.0,0.0,0.6666666666666666,0.3333333333333333,0.0,0.0,0.3333333333333333,0.3333333333333333,0,백반·죽·국수,본그룹
ba_13233587,2025-06,0.9,2,1.0,0.0,1.0,0.0,0.0,0.0,0.0,0.0,1,백반·죽·국수,본그룹
ba_13233594,2025-05,0.8,2,1.0,0.0,1.0,0.0,0.5,0.0,0.0,0.0,0,백반·죽·국수,본그룹
ba_13233594,2025-06,0.6,1,1.0,0.0,0.0,0.0,0.0,0.0,1.0,0.0,1,백반·죽·국수,본그룹
ba_13233606,2025-05,0.4,1,1.0,0.0,0.0,0.0,0.0,0.0,0.0,0.0,0,백반·죽·국수,본그룹
ba_13233606,2025-06,0.6,3,1.0,0.0,0.3333333333333333,0.0,0.0,0.0,0.0,0.0,1,백반·죽·국수,본그룹
ba_13233607,2025-05,1.0,1,1.0,0.0,1.0,0.0,0.0,0.0,0.0,0.0,0,백반·죽·국수,본그룹
ba_13233607,2025-06,0.6,1,1.0,0.0,1.0,0.0,0.0,0.0,0.0,0.0,1,백반·죽·국수,본그룹
ba_13233607,2025-07,0.7999999999999999,3,1.0,0.0,0.6666666666666666,0.6666666666666666,0.3333333333333333,0.0,0.3333333333333333,0.0,1,백반·죽·국수,본그룹
ba_13233639,2025-05,-0.4,1,0.0,1.0,0.0,0.0,1.0,0.0,0.0,0.0,0,백반·죽·국수,본그룹
ba_13233639,2025-07,0.4000000000000001,3,1.0,0.0,0.0,0.0,0.0,0.0,0.0,0.0,0,백반·죽·국수,본그룹
ba_13233688,2025-05,0.5,2,0.5,0.0,0.5,0.0,0.0,0.0,0.0,0.0,0,백반·죽·국수,본그룹
ba_13233688,2025-06,0.4,1,1.0,0.0,0.0,0.0,0.0,0.0,1.0,0.0,1,백반·죽·국수,본그룹
ba_13233716,2025-05,1.0,2,1.0,0.0,1.0,0.0,0.5,0.0,0.5,0.5,0,백반·죽·국수,본그룹
ba_13233716,2025-06,0.2,1,1.0,0.0,0.0,0.0,0.0,0.0,0.0,0.0,1,백반·죽·국수,본그룹
ba_13233724,2025-05,1.0,2,1.0,0.0,1.0,0.0,0.0,0.0,0.0,0.0,0,백반·죽·국수,본그룹
ba_13233724,2025-06,1.0,2,1.0,0.0,1.0,0.0,0.0,0.0,0.5,0.0,1,백반·죽·국수,본그룹
ba_13233724,2025-07,0.4,2,1.0,0.0,0.0,0.0,0.0,0.0,0.0,0.0,0,백반·죽·국수,본그룹
ba_13233726,2025-05,0.32,5,0.6,0.2,0.2,0.0,0.0,0.0,0.0,0.0,0,백반·죽·국수,본그룹
ba_13233726,2025-06,0.8800000000000001,5,1.0,0.0,0.6,0.2,0.2,0.0,0.2,0.0,1,백반·죽·국수,본그룹
ba_13233735,2025-05,0.3,2,0.5,0.0,0.5,0.5,0.0,0.0,0.0,0.0,0,백반·죽·국수,본그룹
ba_13233742,2025-05,0.4,1,1.0,0.0,0.0,0.0,0.0,0.0,1.0,0.0,0,백반·죽·국수,본그룹
ba_13233742,2025-07,0.0,2,0.0,0.0,0.0,0.0,0.0,0.0,0.0,0.0,0,백반·죽·국수,본그룹
ba_13233764,2025-05,0.6,3,1.0,0.0,1.0,0.0,0.0,0.0,0.0,0.3333333333333333,0,백반·죽·국수,본그룹
ba_13233764,2025-07,0.36,10,0.8,0.0,0.2,0.0,0.0,0.0,0.6,0.0,1,백반·죽·국수,본그룹
ba_13233778,2025-05,0.6,7,0.8571428571428571,0.0,0.5714285714285714,0.14285714285714285,0.14285714285714285,0.0,0.2857142857142857,0.0,1,백반·죽·국수,본그룹
ba_13233778,2025-06,0.8285714285714285,7,1.0,0.0,1.0,0.14285714285714285,0.14285714285714285,0.0,0.0,0.14285714285714285,1,백반·죽·국수,본그룹
ba_13233778,2025-07,0.7999999999999999,14,0.8571428571428571,0.0,0.8571428571428571,0.0,0.0,0.0,0.14285714285714285,0.0,1,백반·죽·국수,본그룹
ba_13233782,2025-05,0.9,4,1.0,0.0,1.0,0.25,0.0,0.0,0.0,0.25,0,백반·죽·국수,본그룹
ba_13233856,2025-05,0.8,1,1.0,0.0,1.0,0.0,1.0,0.0,0.0,0.0,1,백반·죽·국수,본그룹
ba_13233856,2025-06,1.0,1,1.0,0.0,1.0,0.0,0.0,0.0,1.0,0.0,1,백반·죽·국수,본그룹
ba_13234034,2025-07,0.5714285714285714,14,0.8571428571428571,0.0,0.5714285714285714,0.0,0.14285714285714285,0.0,0.5714285714285714,0.0,1,백반·죽·국수,본그룹
ba_13234101,2025-04,1.0,2,1.0,0.0,1.0,0.0,0.0,0.0,0.5,0.0,1,백반·죽·국수,본그룹
ba_13234101,2025-05,1.0,1,1.0,0.0,1.0,0.0,0.0,0.0,0.0,1.0,0,백반·죽·국수,본그룹
ba_13234101,2025-06,0.8000000000000002,3,1.0,0.0,1.0,0.3333333333333333,0.3333333333333333,0.0,1.0,0.0,0,백반·죽·국수,본그룹
ba_13234101,2025-07,0.8,2,1.0,0.0,1.0,0.0,0.0,0.0,1.0,0.0,0,백반·죽·국수,본그룹
ba_13234187,2025-05,1.0,1,1.0,0.0,1.0,0.0,0.0,0.0,0.0,0.0,0,백반·죽·국수,본그룹
ba_13234188,2025-05,0.775,8,0.875,0.0,0.75,0.125,0.375,0.0,0.25,0.0,0,백반·죽·국수,본그룹
ba_13234188,2025-06,0.5,4,0.5,0.0,0.5,0.0,0.25,0.0,0.25,0.25,1,백반·죽·국수,본그룹
ba_13234188,2025-07,1.0,2,1.0,0.0,1.0,0.0,0.0,0.0,1.0,0.0,1,백반·죽·국수,본그룹
ba_13234193,2025-05,0.8,5,0.8,0.0,0.8,0.2,0.6,0.0,0.4,0.0,0,백반·죽·국수,본그룹
ba_13234193,2025-06,0.4,5,0.6,0.0,0.6,0.0,0.2,0.0,0.0,0.0,1,백반·죽·국수,본그룹
ba_13234193,2025-07,0.5599999999999999,5,1.0,0.0,0.8,0.0,0.0,0.0,0.8,0.0,1,백반·죽·국수,본그룹
ba_13234475,2025-05,1.0,1,1.0,0.0,1.0,0.0,0.0,0.0,0.0,1.0,0,백반·죽·국수,본그룹
ba_13234523,2025-05,0.4,2,1.0,0.0,1.0,0.0,0.0,0.0,0.0,0.0,0,백반·죽·국수,본그룹
ba_13234523,2025-06,1.0,1,1.0,0.0,1.0,0.0,0.0,0.0,0.0,1.0,0,백반·죽·국수,본그룹
ba_13234523,2025-07,1.0,5,1.0,0.0,0.6,0.0,0.2,0.0,0.6,0.2,0,백반·죽·국수,본그룹
ba_13234578,2025-05,1.0,1,1.0,0.0,1.0,0.0,0.0,0.0,0.0,0.0,0,백반·죽·국수,본그룹
ba_13234790,2025-05,0.9714285714285714,7,1.0,0.0,1.0,0.0,0.14285714285714285,0.0,0.2857142857142857,0.0,1,치킨,굽네치킨
ba_13234790,2025-06,0.65,8,0.75,0.125,1.0,0.0,0.25,0.0,0.125,0.0,1,치킨,굽네치킨
ba_13235318,2025-06,0.4,1,1.0,0.0,1.0,1.0,1.0,0.0,0.0,0.0,0,백반·죽·국수,본그룹
ba_13235498,2025-05,0.6,2,1.0,0.0,1.0,0.0,0.5,0.0,0.0,0.0,0,백반·죽·국수,본그룹
ba_13235498,2025-06,1.0,1,1.0,0.0,1.0,0.0,0.0,0.0,0.0,0.0,0,백반·죽·국수,본그룹
ba_13235535,2025-06,0.6,1,1.0,0.0,1.0,0.0,0.0,1.0,0.0,0.0,1,백반·죽·국수,본그룹
ba_13236401,2025-06,0.8,1,1.0,0.0,1.0,0.0,0.0,0.0,0.0,0.0,1,백반·죽·국수,본그룹
ba_13236479,2025-06,0.6,1,1.0,0.0,0.0,0.0,1.0,0.0,0.0,0.0,1,백반·죽·국수,본그룹
ba_13236481,2025-06,0.5,4,0.5,0.0,0.5,0.0,0.0,0.0,0.25,0.25,0,백반·죽·국수,본그룹
ba_13236584,2025-07,0.2,1,1.0,0.0,1.0,1.0,1.0,0.0,0.0,0.0,1,백반·죽·국수,본그룹
ba_13236745,2025-05,0.4,2,0.5,0.0,0.5,0.5,0.0,0.0,0.0,0.0,0,백반·죽·국수,본그룹
ba_13236745,2025-06,0.5,2,0.5,0.0,0.5,0.0,0.0,0.0,0.0,0.0,1,백반·죽·국수,본그룹
ba_13236745,2025-07,1.0,1,1.0,0.0,0.0,1.0,0.0,0.0,1.0,0.0,1,백반·죽·국수,본그룹
ba_13237293,2025-06,0.6,1,1.0,0.0,1.0,0.0,0.0,0.0,0.0,0.0,0,백반·죽·국수,본그룹
ba_13237293,2025-07,1.0,1,1.0,0.0,1.0,0.0,1.0,0.0,0.0,0.0,0,백반·죽·국수,본그룹
ba_13237700,2025-05,0.8666666666666667,6,1.0,0.0,0.5,0.0,0.0,0.0,0.6666666666666666,0.0,0,백반·죽·국수,본그룹
ba_13237700,2025-06,0.2,1,1.0,0.0,0.0,0.0,0.0,0.0,1.0,0.0,1,백반·죽·국수,본그룹
ba_13243585,2025-05,1.0,1,1.0,0.0,1.0,0.0,1.0,0.0,0.0,0.0,1,백반·죽·국수,본그룹
ba_13243585,2025-06,1.0,1,1.0,0.0,1.0,0.0,0.0,0.0,1.0,0.0,1,백반·죽·국수,본그룹
ba_13249105,2025-06,0.0,1,0.0,0.0,0.0,0.0,0.0,0.0,0.0,0.0,0,피자,굽네치킨
ba_13249105,2025-07,0.9,2,1.0,0.0,1.0,0.0,0.5,0.0,0.0,0.0,0,피자,굽네치킨
ba_13249105,2025-05,0.6,2,1.0,0.0,0.5,0.0,0.5,0.0,0.0,0.0,1,피자,굽네치킨
ba_13249989,2025-05,0.7456521739130434,92,0.9021739130434783,0.021739130434782608,0.7717391304347826,0.05434782608695652,0.13043478260869565,0.0,0.07608695652173914,0.043478260869565216,0,치킨,굽네치킨
ba_13249989,2025-06,0.8280701754385965,57,0.9824561403508771,0.0,0.9122807017543859,0.14035087719298245,0.08771929824561403,0.0,0.0,0.05263157894736842,1,치킨,굽네치킨
ba_13251048,2025-05,0.0,1,0.0,0.0,0.0,0.0,0.0,0.0,0.0,0.0,0,백반·죽·국수,본그룹
ba_13251048,2025-06,0.6,3,1.0,0.0,0.3333333333333333,0.0,0.0,0.0,0.0,0.0,0,백반·죽·국수,본그룹
ba_13251048,2025-07,1.0,1,1.0,0.0,1.0,0.0,0.0,0.0,0.0,0.0,0,백반·죽·국수,본그룹
ba_13260523,2025-05,1.0,3,1.0,0.0,1.0,0.0,0.0,0.0,0.0,0.0,0,백반·죽·국수,본그룹
ba_13260523,2025-06,1.0,1,1.0,0.0,1.0,0.0,0.0,0.0,1.0,0.0,1,백반·죽·국수,본그룹
ba_13260584,2025-06,0.6,1,1.0,0.0,0.0,0.0,0.0,0.0,1.0,0.0,1,백반·죽·국수,본그룹
ba_13260584,2025-07,0.6,2,1.0,0.0,0.5,0.0,0.0,0.0,0.5,0.0,0,백반·죽·국수,본그룹
ba_13265806,2025-07,1.0,1,1.0,0.0,1.0,1.0,0.0,0.0,0.0,1.0,1,백반·죽·국수,본그룹
ba_13267079,2025-05,1.0,1,1.0,0.0,1.0,0.0,0.0,0.0,0.0,0.0,1,백반·죽·국수,본그룹
ba_13267079,2025-06,1.0,3,1.0,0.0,1.0,0.0,0.3333333333333333,0.0,0.0,0.0,1,백반·죽·국수,본그룹
ba_13268955,2025-06,0.8,2,1.0,0.0,1.0,0.0,0.0,0.0,0.0,0.0,1,백반·죽·국수,본그룹
ba_13305413,2025-07,1.0,3,1.0,0.0,1.0,0.0,0.0,0.0,1.0,0.0,1,백반·죽·국수,본그룹
ba_13311793,2025-05,0.7437499999999999,32,0.96875,0.0,0.8125,0.09375,0.25,0.0,0.0625,0.09375,1,치킨,굽네치킨
ba_13311793,2025-06,0.7428571428571429,14,0.8571428571428571,0.0,0.7857142857142857,0.14285714285714285,0.07142857142857142,0.0,0.07142857142857142,0.35714285714285715,0,치킨,굽네치킨
ba_13313413,2025-05,0.8000000000000002,16,1.0,0.0,0.9375,0.0,0.125,0.0,0.125,0.0625,1,치킨,굽네치킨
ba_13313413,2025-06,0.7777777777777778,27,0.9259259259259259,0.0,0.8148148148148148,0.07407407407407407,0.07407407407407407,0.0,0.037037037037037035,0.037037037037037035,1,치킨,굽네치킨
ba_13313909,2025-05,-0.2,4,0.5,0.5,0.5,0.0,0.75,0.0,0.0,0.0,0,치킨,굽네치킨
ba_13313909,2025-06,0.3,6,0.6666666666666666,0.16666666666666666,0.6666666666666666,0.16666666666666666,0.5,0.0,0.0,0.16666666666666666,0,치킨,굽네치킨
ba_13379446,2025-05,0.6,5,0.8,0.0,0.6,0.0,0.2,0.0,0.0,0.0,1,치킨,굽네치킨
ba_13379446,2025-06,0.6000000000000001,3,1.0,0.0,0.6666666666666666,0.0,0.3333333333333333,0.0,0.3333333333333333,0.3333333333333333,1,치킨,굽네치킨
ba_13412065,2025-05,0.7446808510638298,94,0.9148936170212766,0.031914893617021274,0.8723404255319149,0.0851063829787234,0.13829787234042554,0.0,0.0425531914893617,0.07446808510638298,1,치킨,굽네치킨
ba_13412065,2025-06,0.6781250000000001,64,0.84375,0.0,0.78125,0.0625,0.109375,0.0,0.0625,0.0625,1,치킨,굽네치킨
ba_13436824,2025-05,1.0,1,1.0,0.0,1.0,0.0,0.0,0.0,1.0,0.0,0,백반·죽·국수,본그룹
ba_13436824,2025-06,1.0,1,1.0,0.0,1.0,0.0,0.0,0.0,0.0,0.0,1,백반·죽·국수,본그룹
ba_13436824,2025-07,0.2,1,1.0,0.0,1.0,0.0,0.0,0.0,0.0,0.0,1,백반·죽·국수,본그룹
ba_13451078,2025-06,1.0,1,1.0,0.0,1.0,0.0,1.0,0.0,1.0,0.0,1,백반·죽·국수,본그룹
ba_13459937,2025-06,0.6799999999999999,10,0.9,0.1,0.9,0.2,0.1,0.0,0.1,0.1,0,치킨,굽네치킨
ba_13459937,2025-05,0.6769230769230768,13,0.9230769230769231,0.07692307692307693,0.6923076923076923,0.23076923076923078,0.0,0.0,0.15384615384615385,0.0,0,치킨,굽네치킨
ba_13471384,2025-05,0.6,2,1.0,0.0,1.0,0.0,0.0,0.0,0.0,0.0,0,백반·죽·국수,본그룹
ba_13471384,2025-06,-0.2,1,0.0,1.0,0.0,0.0,0.0,0.0,0.0,0.0,0,백반·죽·국수,본그룹
ba_13472981,2025-04,0.0,1,0.0,0.0,0.0,1.0,0.0,0.0,0.0,0.0,0,피자,굽네치킨
ba_13473077,2025-05,0.3333333333333333,3,1.0,0.0,0.3333333333333333,0.0,0.3333333333333333,0.0,0.0,0.0,0,백반·죽·국수,본그룹
ba_13473077,2025-06,1.0,1,1.0,0.0,1.0,0.0,0.0,0.0,0.0,0.0,1,백반·죽·국수,본그룹
ba_13475914,2025-05,1.0,3,1.0,0.0,0.6666666666666666,0.0,0.3333333333333333,0.0,0.3333333333333333,0.3333333333333333,0,백반·죽·국수,본그룹
ba_13475914,2025-06,0.9,4,1.0,0.0,1.0,0.25,0.0,0.0,0.0,0.25,1,백반·죽·국수,본그룹
ba_13475914,2025-07,1.0,2,1.0,0.0,1.0,0.5,0.0,0.0,0.0,0.0,0,백반·죽·국수,본그룹
ba_13477857,2025-05,0.8,1,1.0,0.0,1.0,0.0,0.0,0.0,0.0,0.0,1,백반·죽·국수,본그룹
ba_13492399,2025-05,1.0,4,1.0,0.0,1.0,0.0,0.0,0.0,1.0,0.0,0,백반·죽·국수,본그룹
ba_13492399,2025-06,0.9,4,1.0,0.0,0.5,0.25,0.5,0.0,0.75,0.0,1,백반·죽·국수,본그룹
ba_13492399,2025-07,0.6000000000000001,4,1.0,0.0,0.5,0.0,0.5,0.0,0.0,0.0,0,백반·죽·국수,본그룹
ba_13504506,2025-05,0.55,4,1.0,0.0,0.5,0.25,0.5,0.0,0.25,0.25,0,백반·죽·국수,본그룹
ba_13504506,2025-06,1.0,3,1.0,0.0,1.0,0.0,0.0,0.0,0.0,0.0,1,백반·죽·국수,본그룹
ba_13504506,2025-07,0.0,2,0.0,0.0,0.0,0.0,0.0,0.0,0.0,0.0,0,백반·죽·국수,본그룹
ba_13522931,2025-05,0.6000000000000001,8,0.75,0.0,0.75,0.25,0.125,0.0,0.0,0.0,0,백반·죽·국수,본그룹
ba_13522931,2025-06,0.2,2,1.0,0.0,0.0,0.0,0.0,0.0,1.0,0.0,0,백반·죽·국수,본그룹
ba_13522931,2025-07,0.7999999999999999,3,1.0,0.0,0.6666666666666666,0.0,0.0,0.0,0.0,0.0,1,백반·죽·국수,본그룹
ba_13539608,2025-05,0.775,16,0.8125,0.0,0.875,0.125,0.125,0.0,0.0625,0.0625,1,치킨,굽네치킨
ba_13539608,2025-06,0.648,25,0.84,0.0,0.76,0.16,0.08,0.0,0.04,0.08,1,치킨,굽네치킨
ba_13539979,2025-05,1.0,1,1.0,0.0,1.0,0.0,0.0,0.0,0.0,0.0,0,백반·죽·국수,본그룹
ba_13550181,2025-05,1.0,1,1.0,0.0,1.0,0.0,0.0,0.0,1.0,0.0,0,백반·죽·국수,본그룹
ba_13550240,2025-05,0.9,2,1.0,0.0,0.5,0.0,0.0,0.0,1.0,0.0,0,백반·죽·국수,본그룹
ba_13550240,2025-06,0.2,1,1.0,0.0,1.0,0.0,0.0,0.0,0.0,0.0,0,백반·죽·국수,본그룹
ba_13550240,2025-07,1.0,1,1.0,0.0,1.0,0.0,0.0,0.0,0.0,0.0,0,백반·죽·국수,본그룹
ba_13574800,2025-05,0.88,15,0.9333333333333333,0.0,0.8666666666666667,0.13333333333333333,0.06666666666666667,0.0,0.13333333333333333,0.06666666666666667,1,치킨,굽네치킨
ba_13574800,2025-06,0.75,24,0.9166666666666666,0.0,0.7916666666666666,0.041666666666666664,0.08333333333333333,0.08333333333333333,0.125,0.125,0,치킨,굽네치킨
ba_13580972,2025-05,0.7607843137254903,51,0.9019607843137255,0.058823529411764705,0.8235294117647058,0.0784313725490196,0.1568627450980392,0.0,0.0196078431372549,0.0784313725490196,0,치킨,굽네치킨
ba_13580972,2025-06,0.7999999999999999,43,0.9069767441860465,0.023255813953488372,0.8837209302325582,0.09302325581395349,0.13953488372093023,0.0,0.11627906976744186,0.023255813953488372,0,치킨,굽네치킨
ba_13584348,2025-05,0.4800000000000001,10,0.8,0.1,0.7,0.1,0.4,0.2,0.0,0.0,1,치킨,굽네치킨
ba_13584348,2025-06,0.49090909090909096,11,0.6363636363636364,0.0,0.36363636363636365,0.0,0.18181818181818182,0.0,0.0,0.09090909090909091,1,치킨,굽네치킨
ba_13596071,2025-05,1.0,1,1.0,0.0,1.0,0.0,0.0,0.0,1.0,0.0,1,백반·죽·국수,본그룹
ba_13596071,2025-06,1.0,1,1.0,0.0,1.0,0.0,0.0,0.0,0.0,0.0,1,백반·죽·국수,본그룹
ba_13596730,2025-05,0.9333333333333332,6,1.0,0.0,1.0,0.16666666666666666,0.0,0.0,0.16666666666666666,0.0,1,치킨,굽네치킨
ba_13596730,2025-06,0.5714285714285714,7,0.7142857142857143,0.14285714285714285,0.7142857142857143,0.14285714285714285,0.0,0.0,0.14285714285714285,0.0,1,치킨,굽네치킨
ba_13612153,2025-07,0.4,1,1.0,0.0,1.0,1.0,0.0,0.0,0.0,0.0,1,백반·죽·국수,본그룹
ba_13630053,2025-05,0.2,2,0.5,0.0,0.5,0.5,0.0,0.5,0.0,0.0,0,백반·죽·국수,본그룹
ba_13630053,2025-06,0.46666666666666673,3,0.6666666666666666,0.3333333333333333,0.0,0.3333333333333333,0.3333333333333333,0.0,0.3333333333333333,0.3333333333333333,1,백반·죽·국수,본그룹
ba_13630053,2025-07,0.8,2,1.0,0.0,0.5,0.5,0.0,0.0,0.5,0.0,1,백반·죽·국수,본그룹
ba_13639608,2025-05,0.7079365079365082,63,0.8095238095238095,0.031746031746031744,0.7301587301587301,0.015873015873015872,0.031746031746031744,0.0,0.07936507936507936,0.07936507936507936,1,치킨,굽네치킨
ba_13639608,2025-06,0.6655172413793102,58,0.8793103448275862,0.0,0.7241379310344828,0.10344827586206896,0.06896551724137931,0.017241379310344827,0.13793103448275862,0.034482758620689655,1,치킨,굽네치킨
ba_13648667,2025-05,1.0,1,1.0,0.0,1.0,0.0,0.0,0.0,0.0,0.0,1,백반·죽·국수,본그룹
ba_13648667,2025-07,0.0,3,0.0,0.0,0.0,0.0,1.0,0.0,0.0,0.0,0,백반·죽·국수,본그룹
ba_13651212,2025-05,0.3,2,0.5,0.0,0.0,0.5,0.0,0.0,0.5,0.0,0,백반·죽·국수,본그룹
ba_13651212,2025-06,0.3333333333333333,3,0.6666666666666666,0.3333333333333333,0.3333333333333333,0.3333333333333333,0.0,0.0,0.3333333333333333,0.0,0,백반·죽·국수,본그룹
ba_13683573,2025-05,0.9,4,1.0,0.0,1.0,0.25,0.0,0.0,0.25,0.0,1,백반·죽·국수,본그룹
ba_13683573,2025-06,0.85,4,1.0,0.0,0.75,0.25,0.0,0.0,0.5,0.25,1,백반·죽·국수,본그룹
ba_13722581,2025-05,1.0,1,1.0,0.0,1.0,1.0,0.0,0.0,0.0,1.0,0,백반·죽·국수,본그룹
ba_13722581,2025-06,0.0,1,0.0,0.0,0.0,0.0,0.0,0.0,0.0,0.0,0,백반·죽·국수,본그룹
ba_13730162,2025-04,1.0,1,1.0,0.0,1.0,0.0,0.0,0.0,0.0,0.0,0,백반·죽·국수,본그룹
ba_13730162,2025-05,1.0,1,1.0,0.0,1.0,0.0,1.0,0.0,0.0,0.0,0,백반·죽·국수,본그룹
ba_13730162,2025-06,1.0,3,1.0,0.0,1.0,0.0,0.0,0.0,0.6666666666666666,0.3333333333333333,1,백반·죽·국수,본그룹
ba_13730162,2025-07,0.6666666666666666,6,1.0,0.0,0.6666666666666666,0.3333333333333333,0.6666666666666666,0.0,0.3333333333333333,0.16666666666666666,1,백반·죽·국수,본그룹
ba_13752011,2025-05,0.7287128712871288,101,0.8712871287128713,0.019801980198019802,0.8217821782178217,0.04950495049504951,0.12871287128712872,0.0,0.1188118811881188,0.06930693069306931,1,치킨,굽네치킨
ba_13752011,2025-06,0.7162162162162165,74,0.9054054054054054,0.0,0.8648648648648649,0.08108108108108109,0.05405405405405406,0.0,0.14864864864864866,0.04054054054054054,1,치킨,굽네치킨
ba_13768149,2025-05,1.0,1,1.0,0.0,1.0,0.0,0.0,0.0,0.0,0.0,0,치킨,굽네치킨
ba_13769748,2025-05,0.7,2,1.0,0.0,0.5,0.0,0.0,0.0,0.0,0.0,1,치킨,굽네치킨
ba_13769748,2025-06,0.6,1,1.0,0.0,1.0,0.0,0.0,0.0,0.0,0.0,0,치킨,굽네치킨
ba_13769748,2025-07,1.0,2,1.0,0.0,1.0,0.0,0.0,0.0,0.0,0.0,0,치킨,굽네치킨
ba_13787561,2025-05,0.2,1,1.0,0.0,0.0,0.0,0.0,0.0,1.0,0.0,1,백반·죽·국수,본그룹
ba_13787561,2025-06,0.6,1,1.0,0.0,0.0,0.0,0.0,0.0,0.0,0.0,1,백반·죽·국수,본그룹
ba_13787561,2025-07,0.8800000000000001,10,1.0,0.0,1.0,0.0,0.4,0.0,0.2,0.0,0,백반·죽·국수,본그룹
ba_13870012,2025-05,0.1,2,0.5,0.5,0.0,0.5,0.0,0.0,0.0,0.0,1,백반·죽·국수,본그룹
ba_13870012,2025-06,0.5333333333333333,3,1.0,0.0,0.3333333333333333,0.0,0.0,0.0,0.3333333333333333,0.0,1,백반·죽·국수,본그룹
ba_13870012,2025-07,0.4,2,1.0,0.0,1.0,1.0,0.0,0.0,1.0,0.0,1,백반·죽·국수,본그룹
ba_13918069,2025-04,-0.4,1,0.0,1.0,0.0,1.0,0.0,0.0,0.0,0.0,0,백반·죽·국수,본그룹
ba_13928548,2025-05,1.0,5,1.0,0.0,1.0,0.4,0.4,0.0,0.2,0.2,1,치킨,굽네치킨
ba_13928548,2025-06,0.4,5,0.8,0.0,0.4,0.4,0.0,0.0,0.0,0.0,0,치킨,굽네치킨
ba_13969584,2025-05,0.2,1,1.0,0.0,1.0,0.0,0.0,0.0,0.0,0.0,0,피자,굽네치킨
ba_13969584,2025-06,-0.1,2,0.5,0.5,1.0,0.5,0.5,0.0,0.0,0.0,0,피자,굽네치킨
ba_13972595,2025-05,0.4,1,1.0,0.0,1.0,0.0,0.0,0.0,1.0,0.0,0,피자,굽네치킨
ba_13972771,2025-05,0.8,2,1.0,0.0,0.5,0.5,0.5,0.0,0.0,0.0,0,피자,굽네치킨
ba_13973745,2025-05,0.9,2,1.0,0.0,1.0,0.0,0.5,0.0,0.5,0.0,0,피자,굽네치킨
ba_13973813,2025-05,0.9333333333333332,3,1.0,0.0,1.0,0.0,0.3333333333333333,0.0,0.0,0.0,0,피자,굽네치킨
ba_13973901,2025-04,0.0,1,0.0,0.0,1.0,0.0,0.0,0.0,0.0,0.0,1,피자,굽네치킨
ba_13973901,2025-05,1.0,1,1.0,0.0,1.0,1.0,0.0,0.0,0.0,0.0,1,피자,굽네치킨
ba_13976690,2025-05,1.0,1,1.0,0.0,1.0,0.0,1.0,0.0,1.0,1.0,0,피자,굽네치킨
ba_13977023,2025-05,1.0,1,1.0,0.0,1.0,0.0,0.0,0.0,0.0,1.0,0,피자,굽네치킨
ba_13977023,2025-06,1.0,1,1.0,0.0,1.0,0.0,0.0,0.0,0.0,0.0,0,피자,굽네치킨
ba_13977023,2025-07,1.0,1,1.0,0.0,1.0,0.0,0.0,0.0,0.0,0.0,0,피자,굽네치킨
ba_13984579,2025-07,1.0,1,1.0,0.0,1.0,0.0,1.0,0.0,0.0,0.0,1,피자,굽네치킨
ba_14042200,2025-04,1.0,1,1.0,0.0,1.0,1.0,0.0,0.0,1.0,0.0,0,백반·죽·국수,본그룹
ba_14042200,2025-05,0.5,2,0.5,0.0,0.5,0.0,0.0,0.0,0.5,0.0,1,백반·죽·국수,본그룹
ba_14042200,2025-06,0.6,1,1.0,0.0,1.0,0.0,0.0,0.0,0.0,1.0,1,백반·죽·국수,본그룹
ba_14049107,2025-05,0.6666666666666666,3,1.0,0.0,1.0,0.3333333333333333,0.0,0.0,0.0,0.0,0,치킨,굽네치킨
ba_14092187,2025-05,0.8124999999999999,32,0.96875,0.0,0.875,0.09375,0.125,0.03125,0.0625,0.03125,0,치킨,굽네치킨
ba_14092187,2025-06,0.7052631578947369,19,0.8947368421052632,0.10526315789473684,0.9473684210526315,0.15789473684210525,0.10526315789473684,0.0,0.05263157894736842,0.15789473684210525,0,치킨,굽네치킨
ba_14117511,2025-05,0.6719999999999999,75,0.8933333333333333,0.02666666666666667,0.7866666666666666,0.14666666666666667,0.2,0.0,0.17333333333333334,0.06666666666666667,1,치킨,굽네치킨
ba_14117511,2025-06,0.3581395348837209,43,0.627906976744186,0.18604651162790697,0.6744186046511628,0.06976744186046512,0.13953488372093023,0.0,0.13953488372093023,0.06976744186046512,0,치킨,굽네치킨
ba_14117512,2025-05,0.2,1,1.0,0.0,0.0,0.0,0.0,0.0,1.0,0.0,0,피자,굽네치킨
ba_14171127,2025-05,0.7428571428571429,7,0.8571428571428571,0.0,0.8571428571428571,0.0,0.14285714285714285,0.0,0.0,0.0,0,피자,굽네치킨
ba_14171127,2025-06,0.6666666666666666,3,0.6666666666666666,0.0,0.6666666666666666,0.0,0.3333333333333333,0.0,0.0,0.0,0,피자,굽네치킨
ba_14190360,2025-05,1.0,1,1.0,0.0,1.0,0.0,0.0,0.0,0.0,0.0,1,피자,굽네치킨
ba_14190360,2025-06,0.9,2,1.0,0.0,1.0,0.0,0.0,0.0,0.0,0.0,0,피자,굽네치킨
ba_14228061,2025-05,0.726153846153846,65,0.8923076923076924,0.015384615384615385,0.7692307692307693,0.12307692307692308,0.18461538461538463,0.0,0.13846153846153847,0.09230769230769231,0,치킨,굽네치킨
ba_14228061,2025-06,0.6388888888888888,36,0.8333333333333334,0.027777777777777776,0.75,0.027777777777777776,0.1111111111111111,0.0,0.05555555555555555,0.05555555555555555,0,치킨,굽네치킨
ba_14228480,2025-05,0.8666666666666667,3,1.0,0.0,1.0,0.3333333333333333,0.3333333333333333,0.0,0.0,0.3333333333333333,0,치킨,굽네치킨
ba_14229365,2025-05,0.6368421052631578,38,0.8157894736842105,0.0,0.631578947368421,0.05263157894736842,0.10526315789473684,0.0,0.02631578947368421,0.0,0,치킨,굽네치킨
ba_14229365,2025-06,0.8533333333333334,30,1.0,0.0,0.9,0.1,0.13333333333333333,0.0,0.0,0.03333333333333333,0,치킨,굽네치킨
ba_14238012,2025-05,0.7666666666666666,6,0.8333333333333334,0.0,0.6666666666666666,0.16666666666666666,0.0,0.0,0.3333333333333333,0.0,0,백반·죽·국수,본그룹
ba_14238012,2025-06,0.8285714285714285,7,0.8571428571428571,0.14285714285714285,0.8571428571428571,0.14285714285714285,0.42857142857142855,0.14285714285714285,0.2857142857142857,0.14285714285714285,1,백반·죽·국수,본그룹
ba_14238012,2025-07,0.8285714285714285,7,1.0,0.0,0.5714285714285714,0.42857142857142855,0.14285714285714285,0.0,0.42857142857142855,0.0,0,백반·죽·국수,본그룹
ba_14239270,2025-05,0.0,1,0.0,0.0,0.0,0.0,0.0,0.0,0.0,0.0,1,피자,굽네치킨
ba_14239270,2025-06,1.0,1,1.0,0.0,1.0,0.0,0.0,0.0,0.0,0.0,0,피자,굽네치킨
ba_14239270,2025-07,1.0,1,1.0,0.0,1.0,0.0,1.0,0.0,0.0,0.0,0,피자,굽네치킨
ba_14245849,2025-05,0.68,5,1.0,0.0,0.6,0.0,0.2,0.0,0.2,0.2,0,백반·죽·국수,본그룹
ba_14245849,2025-06,1.0,1,1.0,0.0,1.0,0.0,0.0,0.0,0.0,0.0,1,백반·죽·국수,본그룹
ba_14245878,2025-06,0.6,1,1.0,0.0,1.0,0.0,0.0,0.0,0.0,0.0,0,백반·죽·국수,본그룹
ba_14248050,2025-05,0.5999999999999999,7,1.0,0.0,0.8571428571428571,0.0,0.14285714285714285,0.0,0.0,0.0,0,치킨,굽네치킨
ba_14248050,2025-06,1.0,1,1.0,0.0,1.0,0.0,0.0,0.0,0.0,0.0,0,치킨,굽네치킨
ba_14248050,2025-07,1.0,1,1.0,0.0,1.0,1.0,0.0,0.0,0.0,0.0,0,치킨,굽네치킨
ba_14248059,2025-06,0.5428571428571428,7,0.5714285714285714,0.14285714285714285,0.7142857142857143,0.14285714285714285,0.2857142857142857,0.0,0.0,0.0,0,치킨,굽네치킨
ba_14248059,2025-05,0.6285714285714287,7,0.8571428571428571,0.0,0.8571428571428571,0.14285714285714285,0.14285714285714285,0.0,0.0,0.0,1,치킨,굽네치킨
ba_14248059,2025-07,1.0,2,1.0,0.0,1.0,0.0,0.0,0.0,0.5,0.0,0,치킨,굽네치킨
ba_14249433,2025-05,0.7194444444444446,72,0.9027777777777778,0.0,0.8333333333333334,0.05555555555555555,0.06944444444444445,0.0,0.027777777777777776,0.09722222222222222,1,치킨,굽네치킨
ba_14249433,2025-06,0.6692307692307693,78,0.8974358974358975,0.01282051282051282,0.8076923076923077,0.0641025641025641,0.05128205128205128,0.0,0.02564102564102564,0.038461538461538464,0,치킨,굽네치킨
ba_14249441,2025-05,1.0,3,1.0,0.0,1.0,0.0,0.0,0.0,0.0,0.0,0,피자,굽네치킨
ba_14249441,2025-06,0.5333333333333333,3,0.6666666666666666,0.0,0.6666666666666666,0.0,0.0,0.0,0.0,0.0,0,피자,굽네치킨
ba_14250328,2025-05,0.7692307692307693,13,0.9230769230769231,0.0,0.6923076923076923,0.07692307692307693,0.15384615384615385,0.0,0.15384615384615385,0.0,1,치킨,굽네치킨
ba_14250328,2025-06,0.52,10,0.8,0.2,0.8,0.0,0.4,0.0,0.0,0.0,0,치킨,굽네치킨
ba_14251741,2025-05,0.676923076923077,13,0.8461538461538461,0.07692307692307693,0.6923076923076923,0.07692307692307693,0.23076923076923078,0.0,0.0,0.15384615384615385,0,치킨,굽네치킨
ba_14251741,2025-06,0.6,17,0.7647058823529411,0.0,0.7647058823529411,0.0,0.11764705882352941,0.0,0.0,0.0,1,치킨,굽네치킨
ba_14251745,2025-06,0.6,1,1.0,0.0,1.0,0.0,0.0,0.0,0.0,0.0,0,피자,굽네치킨
ba_14251745,2025-07,-0.4,1,0.0,1.0,1.0,0.0,0.0,0.0,0.0,0.0,0,피자,굽네치킨
ba_14253619,2025-06,1.0,1,1.0,0.0,1.0,0.0,0.0,0.0,0.0,0.0,1,백반·죽·국수,본그룹
ba_14254080,2025-05,0.39999999999999997,3,0.6666666666666666,0.0,1.0,0.0,0.0,0.0,0.0,0.0,0,치킨,굽네치킨
ba_14254080,2025-06,0.72,5,0.8,0.0,0.8,0.0,0.0,0.0,0.0,0.0,0,치킨,굽네치킨
ba_14259741,2025-05,0.9,2,1.0,0.0,0.5,0.0,0.5,0.0,1.0,0.0,0,백반·죽·국수,본그룹
ba_14259741,2025-06,1.0,1,1.0,0.0,1.0,0.0,0.0,0.0,1.0,0.0,1,백반·죽·국수,본그룹
ba_14260091,2025-05,0.5860465116279071,43,0.7674418604651163,0.11627906976744186,0.7441860465116279,0.11627906976744186,0.09302325581395349,0.0,0.13953488372093023,0.023255813953488372,1,치킨,굽네치킨
ba_14260091,2025-06,0.3929824561403509,57,0.6666666666666666,0.15789473684210525,0.6140350877192983,0.15789473684210525,0.14035087719298245,0.017543859649122806,0.03508771929824561,0.0,0,치킨,굽네치킨
ba_14260093,2025-05,0.8222222222222223,9,0.8888888888888888,0.0,1.0,0.1111111111111111,0.1111111111111111,0.1111111111111111,0.0,0.0,0,피자,굽네치킨
ba_14260093,2025-06,0.5599999999999999,5,0.8,0.2,0.8,0.4,0.4,0.0,0.0,0.0,0,피자,굽네치킨
ba_14262149,2025-05,0.85,4,1.0,0.0,1.0,0.0,0.0,0.0,0.5,0.0,0,백반·죽·국수,본그룹
ba_14262149,2025-06,-0.4,1,0.0,1.0,1.0,1.0,0.0,0.0,0.0,0.0,0,백반·죽·국수,본그룹
ba_14262149,2025-07,1.0,1,1.0,0.0,1.0,1.0,1.0,0.0,0.0,0.0,0,백반·죽·국수,본그룹
ba_14267053,2025-05,1.0,2,1.0,0.0,1.0,0.5,0.0,0.0,0.0,0.0,0,치킨,굽네치킨
ba_14267053,2025-06,1.0,1,1.0,0.0,1.0,0.0,0.0,0.0,0.0,0.0,0,치킨,굽네치킨
ba_14267751,2025-05,0.757142857142857,28,0.9642857142857143,0.0,0.75,0.0,0.03571428571428571,0.0,0.07142857142857142,0.07142857142857142,1,치킨,굽네치킨
ba_14267751,2025-06,0.6923076923076922,13,0.8461538461538461,0.07692307692307693,0.8461538461538461,0.0,0.07692307692307693,0.0,0.15384615384615385,0.07692307692307693,1,치킨,굽네치킨
ba_14268780,2025-05,0.7333333333333334,6,0.8333333333333334,0.0,0.8333333333333334,0.16666666666666666,0.16666666666666666,0.0,0.16666666666666666,0.0,0,백반·죽·국수,본그룹
ba_14270407,2025-06,0.5,2,1.0,0.0,0.5,0.5,0.0,0.0,0.0,0.0,1,백반·죽·국수,본그룹
ba_14270407,2025-07,1.0,1,1.0,0.0,1.0,0.0,0.0,0.0,0.0,0.0,0,백반·죽·국수,본그룹
ba_14270903,2025-05,1.0,1,1.0,0.0,1.0,0.0,0.0,0.0,0.0,0.0,0,치킨,굽네치킨
ba_14270903,2025-06,0.5,2,0.5,0.0,0.5,0.0,0.5,0.0,0.0,0.0,0,치킨,굽네치킨
ba_14270904,2025-05,0.1,4,0.25,0.25,0.25,0.5,0.25,0.25,0.0,0.0,1,치킨,굽네치킨
ba_14270904,2025-06,0.54,10,0.7,0.1,0.4,0.0,0.1,0.0,0.1,0.1,0,치킨,굽네치킨
ba_14271330,2025-05,0.5571428571428572,14,0.7857142857142857,0.0,0.7142857142857143,0.0,0.07142857142857142,0.0,0.0,0.0,1,치킨,굽네치킨
ba_14271330,2025-06,0.5454545454545454,11,0.7272727272727273,0.0,0.6363636363636364,0.0,0.09090909090909091,0.0,0.0,0.09090909090909091,0,치킨,굽네치킨
ba_14271331,2025-07,1.0,1,1.0,0.0,1.0,0.0,0.0,0.0,0.0,0.0,0,피자,굽네치킨
ba_14272179,2025-07,0.2,1,1.0,0.0,0.0,0.0,1.0,0.0,1.0,0.0,1,피자,굽네치킨
ba_14273436,2025-05,0.4666666666666666,3,0.6666666666666666,0.0,0.3333333333333333,0.0,0.0,0.0,0.0,0.0,0,백반·죽·국수,본그룹
ba_14273436,2025-06,0.6000000000000001,8,0.875,0.125,0.5,0.125,0.125,0.0,0.25,0.0,0,백반·죽·국수,본그룹
ba_14273436,2025-07,1.0,3,1.0,0.0,1.0,0.6666666666666666,0.0,0.0,0.0,0.0,0,백반·죽·국수,본그룹
ba_14273972,2025-06,1.0,1,1.0,0.0,1.0,0.0,0.0,0.0,0.0,0.0,1,백반·죽·국수,본그룹
ba_14273972,2025-07,0.95,8,1.0,0.0,1.0,0.0,0.25,0.0,0.0,0.25,1,백반·죽·국수,본그룹
ba_14274675,2025-05,0.5333333333333333,3,0.6666666666666666,0.0,0.3333333333333333,0.3333333333333333,0.0,0.0,0.3333333333333333,0.0,0,백반·죽·국수,본그룹
ba_14274675,2025-06,1.0,2,1.0,0.0,1.0,0.0,0.0,0.0,0.5,0.0,1,백반·죽·국수,본그룹
ba_14274836,2025-05,1.0,1,1.0,0.0,1.0,0.0,1.0,0.0,0.0,0.0,0,피자,굽네치킨
ba_14274836,2025-06,0.6,1,1.0,0.0,0.0,0.0,0.0,0.0,0.0,0.0,0,피자,굽네치킨
ba_14276685,2025-05,-0.1333333333333333,3,0.3333333333333333,0.6666666666666666,0.3333333333333333,0.0,0.0,0.0,0.0,0.0,0,백반·죽·국수,본그룹
ba_14276685,2025-06,0.6,1,1.0,0.0,0.0,1.0,0.0,0.0,0.0,0.0,1,백반·죽·국수,본그룹
ba_14276685,2025-07,0.13333333333333333,3,0.3333333333333333,0.0,0.3333333333333333,0.0,0.0,0.0,0.0,0.0,1,백반·죽·국수,본그룹
ba_14277930,2025-05,0.5333333333333333,3,0.6666666666666666,0.3333333333333333,1.0,0.3333333333333333,0.0,0.0,0.0,0.0,0,백반·죽·국수,본그룹
ba_14277930,2025-06,0.8666666666666667,3,1.0,0.0,1.0,0.0,0.0,0.0,0.0,0.3333333333333333,0,백반·죽·국수,본그룹
ba_14283482,2025-06,1.0,1,1.0,0.0,1.0,0.0,0.0,0.0,0.0,0.0,1,백반·죽·국수,본그룹
ba_14283482,2025-07,0.5,4,1.0,0.0,0.5,0.0,0.5,0.0,0.5,0.0,0,백반·죽·국수,본그룹
ba_14294026,2025-05,0.7166666666666668,24,0.8333333333333334,0.041666666666666664,0.7083333333333334,0.08333333333333333,0.08333333333333333,0.041666666666666664,0.041666666666666664,0.0,0,치킨,굽네치킨
ba_14294026,2025-06,0.573913043478261,23,0.8260869565217391,0.043478260869565216,0.6956521739130435,0.13043478260869565,0.08695652173913043,0.043478260869565216,0.043478260869565216,0.0,0,치킨,굽네치킨
ba_14296954,2025-05,0.8666666666666667,3,1.0,0.0,1.0,0.0,0.0,0.0,0.0,0.3333333333333333,1,치킨,굽네치킨
ba_14296954,2025-06,0.6666666666666666,3,0.6666666666666666,0.0,0.6666666666666666,0.0,0.3333333333333333,0.0,0.3333333333333333,0.3333333333333333,0,치킨,굽네치킨
ba_14309634,2025-05,0.6079999999999999,25,0.84,0.04,0.76,0.04,0.12,0.0,0.24,0.04,1,치킨,굽네치킨
ba_14309634,2025-06,0.55,8,0.75,0.0,0.5,0.0,0.125,0.0,0.125,0.0,0,치킨,굽네치킨
ba_14322928,2025-05,1.0,1,1.0,0.0,1.0,0.0,0.0,0.0,0.0,0.0,0,백반·죽·국수,본그룹
ba_14322928,2025-06,1.0,1,1.0,0.0,1.0,1.0,1.0,0.0,0.0,0.0,0,백반·죽·국수,본그룹
ba_14325499,2025-05,0.8,2,1.0,0.0,1.0,0.0,0.0,0.0,0.0,0.0,0,백반·죽·국수,본그룹
ba_14325499,2025-06,0.4,2,1.0,0.0,0.0,0.0,0.0,0.0,0.0,0.0,1,백반·죽·국수,본그룹
ba_14327485,2025-05,0.7428571428571428,14,0.9285714285714286,0.0,0.7857142857142857,0.14285714285714285,0.14285714285714285,0.0,0.14285714285714285,0.0,0,치킨,굽네치킨
ba_14327485,2025-06,0.56,15,0.9333333333333333,0.0,0.7333333333333333,0.06666666666666667,0.13333333333333333,0.06666666666666667,0.13333333333333333,0.06666666666666667,0,치킨,굽네치킨
ba_14327700,2025-05,0.7375,16,1.0,0.0,0.6875,0.1875,0.125,0.0,0.375,0.125,0,백반·죽·국수,본그룹
ba_14327700,2025-06,0.6625,16,0.8125,0.0,0.625,0.1875,0.125,0.0,0.375,0.0625,1,백반·죽·국수,본그룹
ba_14332090,2025-05,0.48571428571428577,21,0.7619047619047619,0.19047619047619047,0.7142857142857143,0.14285714285714285,0.19047619047619047,0.0,0.09523809523809523,0.09523809523809523,1,치킨,굽네치킨
ba_14332090,2025-06,0.7076923076923076,13,0.9230769230769231,0.07692307692307693,0.8461538461538461,0.23076923076923078,0.0,0.0,0.0,0.07692307692307693,1,치킨,굽네치킨
ba_14332093,2025-05,0.0,1,0.0,0.0,0.0,0.0,0.0,0.0,0.0,0.0,1,피자,굽네치킨
ba_14332093,2025-06,0.0,1,0.0,0.0,0.0,0.0,0.0,0.0,0.0,0.0,1,피자,굽네치킨
ba_14336642,2025-05,0.6823529411764706,17,0.9411764705882353,0.0,0.8823529411764706,0.17647058823529413,0.11764705882352941,0.058823529411764705,0.11764705882352941,0.0,1,치킨,굽네치킨
ba_14336642,2025-06,0.7565217391304347,23,0.8695652173913043,0.0,0.7391304347826086,0.08695652173913043,0.21739130434782608,0.0,0.08695652173913043,0.043478260869565216,1,치킨,굽네치킨
ba_14341228,2025-05,0.6,6,0.6666666666666666,0.16666666666666666,0.8333333333333334,0.0,0.16666666666666666,0.0,0.0,0.0,0,피자,굽네치킨
ba_14341228,2025-07,1.0,2,1.0,0.0,1.0,0.0,0.0,0.0,0.0,0.0,0,피자,굽네치킨
ba_14352915,2025-05,0.6,3,1.0,0.0,0.3333333333333333,0.0,0.3333333333333333,0.0,0.3333333333333333,0.0,1,백반·죽·국수,본그룹
ba_14352915,2025-07,0.8,2,1.0,0.0,1.0,0.0,0.0,0.0,0.0,0.0,0,백반·죽·국수,본그룹
ba_14356032,2025-04,1.0,1,1.0,0.0,1.0,0.0,0.0,0.0,0.0,1.0,0,백반·죽·국수,본그룹
ba_14356032,2025-05,1.0,1,1.0,0.0,1.0,0.0,0.0,0.0,0.0,0.0,1,백반·죽·국수,본그룹
ba_14356032,2025-07,1.0,1,1.0,0.0,1.0,0.0,0.0,0.0,0.0,0.0,1,백반·죽·국수,본그룹
ba_14360458,2025-05,0.78,10,0.9,0.0,0.6,0.0,0.1,0.0,0.4,0.0,0,백반·죽·국수,본그룹
ba_14360458,2025-06,0.72,5,1.0,0.0,0.8,0.4,0.2,0.0,0.6,0.0,1,백반·죽·국수,본그룹
ba_14363013,2025-05,1.0,2,1.0,0.0,1.0,0.0,0.5,0.0,1.0,0.0,0,백반·죽·국수,본그룹
ba_14363013,2025-06,0.85,4,1.0,0.0,0.5,0.0,0.0,0.0,0.5,0.0,1,백반·죽·국수,본그룹
ba_14363013,2025-07,0.7,4,1.0,0.0,0.5,0.0,0.0,0.0,0.0,0.0,1,백반·죽·국수,본그룹
ba_14371606,2025-05,0.5,2,1.0,0.0,0.0,0.0,0.0,0.0,0.5,0.0,0,백반·죽·국수,본그룹
ba_14371606,2025-06,1.0,2,1.0,0.0,1.0,0.0,0.0,0.0,0.0,0.0,1,백반·죽·국수,본그룹
ba_14387283,2025-05,1.0,1,1.0,0.0,1.0,0.0,0.0,0.0,0.0,0.0,0,백반·죽·국수,본그룹
ba_14387630,2025-06,0.7307692307692307,52,0.8846153846153846,0.019230769230769232,0.7692307692307693,0.07692307692307693,0.038461538461538464,0.0,0.0,0.019230769230769232,0,치킨,굽네치킨
ba_14387630,2025-05,0.7071428571428572,56,0.875,0.017857142857142856,0.8392857142857143,0.10714285714285714,0.16071428571428573,0.0,0.05357142857142857,0.05357142857142857,0,치킨,굽네치킨
ba_14388856,2025-05,0.6702702702702703,37,0.8378378378378378,0.10810810810810811,0.8378378378378378,0.16216216216216217,0.24324324324324326,0.0,0.10810810810810811,0.02702702702702703,0,치킨,굽네치킨
ba_14388856,2025-06,0.6519999999999999,50,0.88,0.04,0.86,0.08,0.16,0.0,0.1,0.1,0,치킨,굽네치킨
ba_14388863,2025-05,1.0,2,1.0,0.0,1.0,0.0,0.5,0.0,0.0,0.0,0,피자,굽네치킨
ba_14390691,2025-05,0.85,4,1.0,0.0,0.5,0.0,0.25,0.0,0.0,0.0,0,백반·죽·국수,본그룹
ba_14390691,2025-06,0.9,8,1.0,0.0,0.75,0.0,0.375,0.0,0.125,0.125,1,백반·죽·국수,본그룹
ba_14392310,2025-05,0.2,1,1.0,0.0,0.0,0.0,1.0,0.0,0.0,0.0,1,피자,굽네치킨
ba_14392310,2025-06,0.5,4,0.75,0.25,1.0,0.5,0.0,0.0,0.0,0.25,1,피자,굽네치킨
ba_14392310,2025-07,0.9199999999999999,5,1.0,0.0,1.0,0.2,0.0,0.0,0.0,0.6,1,피자,굽네치킨
ba_14392877,2025-04,0.8,1,1.0,0.0,1.0,0.0,0.0,0.0,1.0,1.0,0,백반·죽·국수,본그룹
ba_14396364,2025-05,0.7428571428571429,7,0.8571428571428571,0.0,0.8571428571428571,0.0,0.2857142857142857,0.0,0.2857142857142857,0.14285714285714285,0,백반·죽·국수,본그룹
ba_14396364,2025-06,1.0,1,1.0,0.0,1.0,0.0,0.0,0.0,0.0,0.0,1,백반·죽·국수,본그룹
ba_14396364,2025-07,0.39999999999999997,3,0.6666666666666666,0.0,0.6666666666666666,0.0,0.3333333333333333,0.0,0.3333333333333333,0.0,1,백반·죽·국수,본그룹
ba_14397420,2025-05,0.62,10,0.8,0.1,0.7,0.1,0.2,0.0,0.2,0.0,0,치킨,굽네치킨
ba_14397420,2025-06,0.7999999999999999,12,0.8333333333333334,0.0,0.8333333333333334,0.08333333333333333,0.0,0.0,0.08333333333333333,0.0,0,치킨,굽네치킨
ba_14400680,2025-05,0.35,4,0.5,0.0,0.25,0.0,0.0,0.0,0.0,0.0,0,치킨,굽네치킨
ba_14400680,2025-06,0.7000000000000001,6,0.8333333333333334,0.0,0.6666666666666666,0.0,0.16666666666666666,0.0,0.16666666666666666,0.0,0,치킨,굽네치킨
ba_14435298,2025-06,0.8,1,1.0,0.0,1.0,0.0,0.0,0.0,1.0,0.0,0,백반·죽·국수,본그룹
ba_14435750,2025-05,1.0,1,1.0,0.0,1.0,0.0,0.0,0.0,1.0,0.0,0,백반·죽·국수,본그룹
ba_14437626,2025-05,0.6681818181818181,88,0.8181818181818182,0.03409090909090909,0.6818181818181818,0.06818181818181818,0.09090909090909091,0.0,0.09090909090909091,0.022727272727272728,0,치킨,굽네치킨
ba_14437626,2025-06,0.7642857142857143,56,0.8928571428571429,0.017857142857142856,0.7857142857142857,0.05357142857142857,0.16071428571428573,0.0,0.07142857142857142,0.05357142857142857,0,치킨,굽네치킨
ba_14440526,2025-05,0.4,1,1.0,0.0,0.0,0.0,0.0,0.0,0.0,0.0,1,치킨,굽네치킨
ba_14440526,2025-06,0.8666666666666667,3,1.0,0.0,0.6666666666666666,0.0,0.3333333333333333,0.0,0.0,0.0,1,치킨,굽네치킨
ba_14440680,2025-05,0.6319999999999999,25,0.88,0.0,0.72,0.08,0.16,0.04,0.0,0.08,0,치킨,굽네치킨
ba_14440680,2025-06,0.64,15,0.8666666666666667,0.06666666666666667,0.7333333333333333,0.2,0.13333333333333333,0.0,0.0,0.0,0,치킨,굽네치킨
ba_14440681,2025-05,1.0,1,1.0,0.0,1.0,0.0,0.0,0.0,0.0,0.0,1,피자,굽네치킨
ba_14440681,2025-06,1.0,2,1.0,0.0,1.0,0.0,0.0,0.0,0.5,0.0,0,피자,굽네치킨
ba_14441181,2025-05,1.0,3,1.0,0.0,0.6666666666666666,0.0,0.3333333333333333,0.0,0.0,0.0,1,치킨,굽네치킨
ba_14441181,2025-06,0.8666666666666667,3,1.0,0.0,1.0,0.0,0.0,0.0,0.0,0.0,1,치킨,굽네치킨
ba_14448826,2025-05,0.2,1,1.0,0.0,1.0,0.0,0.0,0.0,0.0,0.0,0,백반·죽·국수,본그룹
ba_14448826,2025-06,1.0,1,1.0,0.0,1.0,0.0,0.0,0.0,1.0,0.0,1,백반·죽·국수,본그룹
ba_14449139,2025-05,0.8096774193548386,62,0.9354838709677419,0.0,0.8387096774193549,0.06451612903225806,0.14516129032258066,0.0,0.12903225806451613,0.06451612903225806,1,치킨,굽네치킨
ba_14449139,2025-06,0.7958333333333334,48,0.9166666666666666,0.0,0.7291666666666666,0.10416666666666667,0.16666666666666666,0.020833333333333332,0.125,0.020833333333333332,1,치킨,굽네치킨
ba_14454741,2025-06,1.0,1,1.0,0.0,1.0,0.0,0.0,0.0,0.0,0.0,0,백반·죽·국수,본그룹
ba_14454741,2025-04,0.4,1,1.0,0.0,0.0,0.0,0.0,0.0,0.0,0.0,0,백반·죽·국수,본그룹
ba_14456345,2025-05,0.9,4,1.0,0.0,1.0,0.0,0.25,0.0,0.25,0.0,0,백반·죽·국수,본그룹
ba_14456345,2025-06,0.6666666666666666,3,0.6666666666666666,0.0,0.6666666666666666,0.0,0.0,0.0,0.3333333333333333,0.0,0,백반·죽·국수,본그룹
ba_14456826,2025-05,0.8,2,1.0,0.0,1.0,0.0,0.0,0.0,0.5,0.0,0,백반·죽·국수,본그룹
ba_14456826,2025-06,1.0,3,1.0,0.0,1.0,0.0,0.3333333333333333,0.0,0.0,0.0,1,백반·죽·국수,본그룹
ba_14456827,2025-05,0.0,1,0.0,0.0,0.0,0.0,0.0,0.0,0.0,0.0,0,백반·죽·국수,본그룹
ba_14457403,2025-05,0.5,2,0.5,0.0,0.5,0.0,0.0,0.0,0.0,0.0,0,백반·죽·국수,본그룹
ba_14457403,2025-06,0.7555555555555556,9,0.8888888888888888,0.0,0.6666666666666666,0.3333333333333333,0.1111111111111111,0.0,0.4444444444444444,0.2222222222222222,1,백반·죽·국수,본그룹
ba_14458025,2025-05,0.8695652173913043,23,1.0,0.0,0.9130434782608695,0.13043478260869565,0.08695652173913043,0.0,0.21739130434782608,0.08695652173913043,1,치킨,굽네치킨
ba_14458025,2025-06,0.7212121212121213,33,0.8787878787878788,0.0,0.7575757575757576,0.030303030303030304,0.12121212121212122,0.0,0.06060606060606061,0.0,0,치킨,굽네치킨
ba_14462203,2025-06,1.0,2,1.0,0.0,1.0,0.0,0.5,0.0,0.5,0.5,1,백반·죽·국수,본그룹
ba_14462203,2025-07,1.0,2,1.0,0.0,1.0,1.0,0.0,0.0,0.0,0.0,1,백반·죽·국수,본그룹
ba_14463467,2025-06,0.7491525423728815,59,0.864406779661017,0.01694915254237288,0.8135593220338984,0.01694915254237288,0.06779661016949153,0.0,0.01694915254237288,0.01694915254237288,0,치킨,굽네치킨
ba_14463467,2025-05,0.76,30,0.9,0.03333333333333333,0.7,0.1,0.06666666666666667,0.0,0.06666666666666667,0.1,1,치킨,굽네치킨
ba_14463469,2025-05,0.5333333333333333,3,0.6666666666666666,0.0,0.3333333333333333,0.0,0.0,0.0,0.0,0.0,0,피자,굽네치킨
ba_14463469,2025-06,0.5,2,0.5,0.0,0.5,0.0,0.0,0.0,0.0,0.0,0,피자,굽네치킨
ba_14463469,2025-04,1.0,1,1.0,0.0,1.0,0.0,0.0,0.0,0.0,0.0,0,피자,굽네치킨
ba_14464913,2025-05,0.8318840579710147,69,0.9855072463768116,0.0,0.8695652173913043,0.11594202898550725,0.18840579710144928,0.0,0.13043478260869565,0.028985507246376812,1,치킨,굽네치킨
ba_14464913,2025-06,0.706060606060606,66,0.8333333333333334,0.015151515151515152,0.7727272727272727,0.09090909090909091,0.10606060606060606,0.0,0.10606060606060606,0.030303030303030304,1,치킨,굽네치킨
ba_14470771,2025-05,0.65,4,0.75,0.0,0.5,0.25,0.0,0.5,0.0,0.0,0,백반·죽·국수,본그룹
ba_14470771,2025-06,1.0,3,1.0,0.0,1.0,0.3333333333333333,0.0,0.0,0.3333333333333333,0.0,0,백반·죽·국수,본그룹
ba_14470771,2025-07,0.6666666666666666,3,0.6666666666666666,0.0,0.6666666666666666,0.0,0.0,0.0,0.3333333333333333,0.0,0,백반·죽·국수,본그룹
ba_14473511,2025-05,1.0,1,1.0,0.0,1.0,0.0,0.0,0.0,0.0,0.0,0,백반·죽·국수,본그룹
ba_14473511,2025-07,0.8666666666666667,3,1.0,0.0,0.6666666666666666,0.0,0.0,0.0,0.0,0.0,0,백반·죽·국수,본그룹
ba_14488211,2025-05,0.6333333333333334,6,0.8333333333333334,0.0,0.8333333333333334,0.3333333333333333,0.16666666666666666,0.0,0.3333333333333333,0.3333333333333333,1,치킨,굽네치킨
ba_14488211,2025-06,0.8,2,1.0,0.0,0.5,0.0,0.5,0.0,0.0,0.0,0,치킨,굽네치킨
ba_14488212,2025-06,1.0,1,1.0,0.0,1.0,0.0,0.0,0.0,0.0,0.0,0,피자,굽네치킨
ba_14488495,2025-06,0.0,1,0.0,0.0,0.0,0.0,0.0,0.0,0.0,0.0,0,백반·죽·국수,본그룹
ba_14495840,2025-05,0.2,2,1.0,0.0,0.5,0.0,0.0,0.0,0.5,0.0,0,백반·죽·국수,본그룹
ba_14495840,2025-06,1.0,1,1.0,0.0,1.0,0.0,0.0,0.0,0.0,0.0,0,백반·죽·국수,본그룹
ba_14504490,2025-05,0.9,2,1.0,0.0,1.0,0.0,0.0,0.0,0.0,0.0,1,백반·죽·국수,본그룹
ba_14504490,2025-06,0.9333333333333332,3,1.0,0.0,1.0,0.0,0.3333333333333333,0.0,0.0,0.0,1,백반·죽·국수,본그룹
ba_14506379,2025-05,1.0,1,1.0,0.0,1.0,0.0,1.0,0.0,1.0,0.0,0,백반·죽·국수,본그룹
ba_14506379,2025-06,0.0,1,0.0,0.0,0.0,0.0,0.0,0.0,0.0,0.0,1,백반·죽·국수,본그룹
ba_14506379,2025-07,1.0,1,1.0,0.0,1.0,1.0,0.0,0.0,0.0,0.0,1,백반·죽·국수,본그룹
ba_14506800,2025-07,1.0,1,1.0,0.0,1.0,0.0,0.0,0.0,0.0,0.0,1,백반·죽·국수,본그룹
ba_14513076,2025-05,1.0,2,1.0,0.0,1.0,0.0,0.0,0.0,1.0,0.0,1,백반·죽·국수,본그룹
ba_14513076,2025-06,0.5,2,0.5,0.0,0.5,0.0,0.0,0.0,0.0,0.0,1,백반·죽·국수,본그룹
ba_14513076,2025-07,0.2,1,1.0,0.0,0.0,1.0,0.0,0.0,0.0,0.0,0,백반·죽·국수,본그룹
ba_14525069,2025-05,1.0,1,1.0,0.0,1.0,0.0,0.0,0.0,1.0,0.0,0,치킨,굽네치킨
ba_14525069,2025-06,0.4666666666666666,6,0.6666666666666666,0.0,0.6666666666666666,0.0,0.16666666666666666,0.0,0.16666666666666666,0.16666666666666666,0,치킨,굽네치킨
ba_14525359,2025-05,0.0,1,0.0,0.0,0.0,0.0,0.0,0.0,0.0,0.0,0,백반·죽·국수,본그룹
ba_14528279,2025-05,0.9,10,0.9,0.0,0.9,0.2,0.1,0.0,0.1,0.0,1,치킨,굽네치킨
ba_14528279,2025-06,0.7500000000000001,12,1.0,0.0,0.75,0.08333333333333333,0.25,0.0,0.16666666666666666,0.08333333333333333,0,치킨,굽네치킨
ba_14528412,2025-05,0.4,2,0.5,0.5,1.0,0.0,0.0,0.0,0.0,0.0,0,피자,굽네치킨
ba_14528412,2025-06,0.2,1,1.0,0.0,1.0,1.0,0.0,0.0,0.0,0.0,0,피자,굽네치킨
ba_14530939,2025-05,0.4,2,1.0,0.0,0.5,0.0,0.0,0.0,0.5,0.0,0,백반·죽·국수,본그룹
ba_14530939,2025-07,1.0,1,1.0,0.0,1.0,0.0,0.0,0.0,0.0,0.0,1,백반·죽·국수,본그룹
ba_14533127,2025-05,0.30000000000000004,2,1.0,0.0,0.0,0.0,0.0,0.0,0.0,0.0,0,백반·죽·국수,본그룹
ba_14533127,2025-06,1.0,1,1.0,0.0,1.0,0.0,1.0,0.0,0.0,0.0,0,백반·죽·국수,본그룹
ba_14533127,2025-07,0.4,2,0.5,0.5,1.0,0.5,0.0,0.0,0.0,0.0,1,백반·죽·국수,본그룹
ba_14541579,2025-05,0.8500000000000001,12,1.0,0.0,0.9166666666666666,0.08333333333333333,0.3333333333333333,0.0,0.08333333333333333,0.0,1,치킨,굽네치킨
ba_14541579,2025-06,0.7666666666666666,6,0.8333333333333334,0.0,0.8333333333333334,0.0,0.16666666666666666,0.0,0.16666666666666666,0.0,1,치킨,굽네치킨
ba_14544899,2025-05,1.0,1,1.0,0.0,1.0,0.0,0.0,0.0,0.0,0.0,0,백반·죽·국수,본그룹
ba_14548743,2025-05,0.8,5,1.0,0.0,1.0,0.2,0.4,0.0,0.4,0.0,0,치킨,굽네치킨
ba_14548743,2025-06,0.85,4,1.0,0.0,1.0,0.0,0.25,0.0,0.25,0.0,0,치킨,굽네치킨
ba_14556221,2025-05,0.7529411764705882,17,0.8823529411764706,0.058823529411764705,0.7647058823529411,0.0,0.17647058823529413,0.0,0.058823529411764705,0.0,0,치킨,굽네치킨
ba_14556221,2025-06,0.5700000000000001,20,0.85,0.05,0.75,0.1,0.1,0.0,0.1,0.05,0,치킨,굽네치킨
ba_14557869,2025-05,0.6588235294117645,34,0.9117647058823529,0.0,0.7941176470588235,0.11764705882352941,0.14705882352941177,0.0,0.20588235294117646,0.029411764705882353,0,치킨,굽네치킨
ba_14557869,2025-06,0.6333333333333334,24,0.75,0.041666666666666664,0.7916666666666666,0.125,0.25,0.0,0.125,0.08333333333333333,0,치킨,굽네치킨
ba_14563145,2025-05,0.28,10,0.6,0.1,0.5,0.3,0.2,0.0,0.0,0.1,0,치킨,굽네치킨
ba_14563145,2025-06,0.76,5,1.0,0.0,0.8,0.0,0.6,0.0,0.2,0.0,0,치킨,굽네치킨
ba_14564492,2025-04,1.0,1,1.0,0.0,1.0,0.0,0.0,0.0,0.0,0.0,0,백반·죽·국수,본그룹
ba_14564492,2025-05,1.0,1,1.0,0.0,1.0,0.0,0.0,0.0,0.0,0.0,0,백반·죽·국수,본그룹
ba_14574885,2025-05,0.3333333333333335,12,1.0,0.0,0.9166666666666666,0.0,0.08333333333333333,0.0,0.0,0.0,0,백반·죽·국수,본그룹
ba_14574885,2025-06,0.68,5,1.0,0.0,0.8,0.0,0.4,0.0,0.4,0.0,1,백반·죽·국수,본그룹
ba_14575172,2025-05,0.7000000000000001,8,0.875,0.125,0.75,0.25,0.25,0.0,0.25,0.125,1,치킨,굽네치킨
ba_14575172,2025-06,0.65,12,0.8333333333333334,0.16666666666666666,0.8333333333333334,0.16666666666666666,0.16666666666666666,0.0,0.0,0.0,0,치킨,굽네치킨
ba_14578524,2025-05,0.5666666666666665,6,0.8333333333333334,0.16666666666666666,0.5,0.16666666666666666,0.16666666666666666,0.0,0.16666666666666666,0.16666666666666666,0,치킨,굽네치킨
ba_14578524,2025-06,0.5800000000000001,10,0.8,0.1,0.7,0.2,0.3,0.0,0.2,0.3,0,치킨,굽네치킨
ba_14580787,2025-05,1.0,1,1.0,0.0,1.0,0.0,0.0,0.0,1.0,0.0,0,백반·죽·국수,본그룹
ba_14580787,2025-06,0.7333333333333334,3,1.0,0.0,1.0,0.0,0.3333333333333333,0.0,0.0,0.0,0,백반·죽·국수,본그룹
ba_14581239,2025-05,0.8,2,1.0,0.0,1.0,0.0,0.5,0.0,0.0,0.0,0,치킨,굽네치킨
ba_14581239,2025-06,1.0,2,1.0,0.0,1.0,0.0,0.0,0.0,0.0,0.0,0,치킨,굽네치킨
ba_14582073,2025-05,0.4750000000000001,16,0.75,0.0625,0.4375,0.0625,0.1875,0.0,0.125,0.0625,1,치킨,굽네치킨
ba_14582073,2025-06,0.26,10,0.6,0.3,0.3,0.3,0.1,0.0,0.0,0.0,1,치킨,굽네치킨
ba_14591780,2025-05,0.7272727272727273,22,0.8636363636363636,0.0,0.7272727272727273,0.045454545454545456,0.045454545454545456,0.0,0.0,0.0,0,치킨,굽네치킨
ba_14591780,2025-06,0.8363636363636363,11,1.0,0.0,0.9090909090909091,0.0,0.09090909090909091,0.0,0.18181818181818182,0.18181818181818182,0,치킨,굽네치킨
ba_14593720,2025-06,0.4800000000000001,5,0.8,0.0,0.4,0.0,0.0,0.2,0.2,0.0,0,치킨,굽네치킨
ba_14593798,2025-05,0.8600000000000001,10,1.0,0.0,1.0,0.0,0.0,0.0,0.1,0.1,1,치킨,굽네치킨
ba_14593798,2025-06,0.7764705882352941,17,0.8823529411764706,0.0,0.8235294117647058,0.11764705882352941,0.11764705882352941,0.0,0.058823529411764705,0.17647058823529413,0,치킨,굽네치킨
ba_14593800,2025-05,0.8,1,1.0,0.0,1.0,0.0,0.0,0.0,0.0,0.0,0,피자,굽네치킨
ba_14593800,2025-06,1.0,2,1.0,0.0,1.0,0.5,0.5,0.0,0.0,0.5,0,피자,굽네치킨
ba_14594474,2025-05,0.9,4,1.0,0.0,0.75,0.25,0.25,0.0,0.25,0.0,0,백반·죽·국수,본그룹
ba_14594474,2025-06,1.0,2,1.0,0.0,0.5,0.5,0.0,0.0,0.5,0.0,0,백반·죽·국수,본그룹
ba_14597164,2025-05,0.5578947368421052,19,0.8421052631578947,0.05263157894736842,0.8947368421052632,0.2631578947368421,0.10526315789473684,0.05263157894736842,0.05263157894736842,0.0,1,치킨,굽네치킨
ba_14597164,2025-06,0.41818181818181815,22,0.5454545454545454,0.18181818181818182,0.5454545454545454,0.18181818181818182,0.045454545454545456,0.0,0.13636363636363635,0.09090909090909091,0,치킨,굽네치킨
ba_14597165,2025-06,0.0,1,0.0,0.0,0.0,0.0,0.0,0.0,0.0,0.0,0,피자,굽네치킨
ba_14597165,2025-07,0.6,1,1.0,0.0,1.0,0.0,1.0,0.0,0.0,0.0,0,피자,굽네치킨
ba_14598667,2025-06,0.5599999999999999,5,0.6,0.2,0.6,0.2,0.2,0.0,0.0,0.0,0,백반·죽·국수,본그룹
ba_14598667,2025-07,0.8,1,1.0,0.0,1.0,0.0,1.0,0.0,0.0,0.0,0,백반·죽·국수,본그룹
ba_14599961,2025-05,0.6888888888888889,9,0.8888888888888888,0.0,0.7777777777777778,0.0,0.1111111111111111,0.0,0.1111111111111111,0.0,1,치킨,굽네치킨
ba_14599961,2025-06,0.6444444444444444,9,0.8888888888888888,0.0,0.7777777777777778,0.2222222222222222,0.5555555555555556,0.0,0.2222222222222222,0.1111111111111111,0,치킨,굽네치킨
ba_14599973,2025-05,0.6666666666666666,3,0.6666666666666666,0.0,1.0,0.0,0.3333333333333333,0.0,0.0,0.0,1,치킨,굽네치킨
ba_14599973,2025-06,0.8400000000000001,5,1.0,0.0,1.0,0.0,0.0,0.0,0.2,0.0,0,치킨,굽네치킨
ba_14599973,2025-07,0.6,3,1.0,0.0,1.0,0.0,0.0,0.0,0.3333333333333333,0.0,0,치킨,굽네치킨
ba_14600429,2025-04,0.4666666666666666,3,1.0,0.0,0.6666666666666666,0.3333333333333333,0.0,0.0,0.0,0.0,1,치킨,굽네치킨
ba_14600429,2025-05,0.52,5,0.6,0.2,0.8,0.0,0.4,0.0,0.2,0.4,0,치킨,굽네치킨
ba_14600429,2025-06,0.6,6,1.0,0.0,0.8333333333333334,0.0,0.16666666666666666,0.0,0.16666666666666666,0.0,0,치킨,굽네치킨
ba_14600429,2025-07,0.48,5,0.6,0.4,0.6,0.4,0.0,0.0,0.0,0.0,0,치킨,굽네치킨
ba_14603467,2025-06,1.0,1,1.0,0.0,1.0,0.0,1.0,0.0,1.0,0.0,0,백반·죽·국수,본그룹
ba_14603467,2025-07,0.8,4,1.0,0.0,1.0,0.0,0.0,0.0,0.0,0.0,1,백반·죽·국수,본그룹
ba_14604237,2025-05,0.19999999999999998,3,0.3333333333333333,0.3333333333333333,0.3333333333333333,0.6666666666666666,0.0,0.0,0.0,0.0,1,치킨,굽네치킨
ba_14604237,2025-06,0.37142857142857144,7,0.42857142857142855,0.0,0.42857142857142855,0.0,0.0,0.0,0.0,0.14285714285714285,0,치킨,굽네치킨
ba_14607412,2025-05,0.7571428571428572,14,0.9285714285714286,0.0,0.8571428571428571,0.07142857142857142,0.07142857142857142,0.0,0.14285714285714285,0.0,0,치킨,굽네치킨
ba_14607412,2025-06,0.67,20,0.95,0.0,0.85,0.0,0.3,0.05,0.15,0.1,1,치킨,굽네치킨
ba_14613531,2025-05,0.8,1,1.0,0.0,1.0,0.0,0.0,0.0,1.0,0.0,1,백반·죽·국수,본그룹
ba_14613531,2025-06,0.8,4,1.0,0.0,0.75,0.75,0.25,0.0,0.5,0.75,1,백반·죽·국수,본그룹
ba_14615149,2025-05,0.7757575757575758,33,0.9090909090909091,0.0,0.8181818181818182,0.15151515151515152,0.12121212121212122,0.0,0.06060606060606061,0.030303030303030304,1,치킨,굽네치킨
ba_14615149,2025-06,0.6461538461538462,39,0.7948717948717948,0.10256410256410256,0.7692307692307693,0.07692307692307693,0.10256410256410256,0.0,0.1794871794871795,0.07692307692307693,0,치킨,굽네치킨
ba_14620216,2025-05,0.7632653061224491,49,0.9183673469387755,0.02040816326530612,0.8775510204081632,0.08163265306122448,0.22448979591836735,0.0,0.08163265306122448,0.061224489795918366,0,치킨,굽네치킨
ba_14620216,2025-06,0.7413793103448273,58,0.896551724137931,0.017241379310344827,0.8103448275862069,0.05172413793103448,0.20689655172413793,0.0,0.05172413793103448,0.05172413793103448,0,치킨,굽네치킨
ba_14623314,2025-05,0.6461538461538461,26,0.8076923076923077,0.038461538461538464,0.8076923076923077,0.0,0.07692307692307693,0.0,0.0,0.038461538461538464,1,치킨,굽네치킨
ba_14623314,2025-06,0.7583333333333333,24,0.9166666666666666,0.041666666666666664,0.75,0.041666666666666664,0.08333333333333333,0.0,0.0,0.0,0,치킨,굽네치킨
ba_14625157,2025-06,0.675,8,1.0,0.0,0.875,0.0,0.125,0.0,0.125,0.0,0,치킨,굽네치킨
ba_14625157,2025-05,1.0,4,1.0,0.0,1.0,0.0,0.0,0.0,0.0,0.0,0,치킨,굽네치킨
ba_14625762,2025-07,0.6,1,1.0,0.0,1.0,0.0,1.0,0.0,0.0,0.0,1,백반·죽·국수,본그룹
ba_14627570,2025-05,1.0,3,1.0,0.0,0.6666666666666666,0.0,0.0,0.0,0.3333333333333333,0.3333333333333333,0,백반·죽·국수,본그룹
ba_14627570,2025-07,0.8,2,1.0,0.0,1.0,0.0,0.0,0.0,0.0,0.0,1,백반·죽·국수,본그룹
ba_14629153,2025-05,0.4,1,1.0,0.0,1.0,0.0,0.0,0.0,0.0,0.0,1,치킨,굽네치킨
ba_14629153,2025-07,0.5,2,0.5,0.0,0.5,0.5,0.5,0.0,0.0,0.0,0,치킨,굽네치킨
ba_14629918,2025-06,0.0,3,0.0,0.0,0.0,0.0,0.3333333333333333,0.0,0.0,0.0,1,치킨,굽네치킨
ba_14629919,2025-05,1.0,1,1.0,0.0,1.0,0.0,0.0,0.0,0.0,0.0,0,피자,굽네치킨
ba_14637553,2025-05,0.7000000000000001,4,1.0,0.0,1.0,0.0,0.25,0.0,0.25,0.0,0,치킨,굽네치킨
ba_14637553,2025-06,0.29999999999999993,4,0.75,0.25,0.5,0.0,0.75,0.0,0.25,0.0,0,치킨,굽네치킨
ba_14637553,2025-07,0.6666666666666666,3,0.6666666666666666,0.0,0.6666666666666666,0.6666666666666666,0.3333333333333333,0.0,0.0,0.0,0,치킨,굽네치킨
ba_14637963,2025-06,1.0,1,1.0,0.0,1.0,0.0,0.0,0.0,0.0,0.0,0,치킨,굽네치킨
ba_14637963,2025-07,0.9,2,1.0,0.0,1.0,0.5,1.0,0.0,0.5,0.0,1,치킨,굽네치킨
ba_14640352,2025-05,1.0,4,1.0,0.0,1.0,0.25,0.0,0.0,0.0,0.25,0,백반·죽·국수,본그룹
ba_14640352,2025-06,0.8800000000000001,5,1.0,0.0,0.8,0.0,0.2,0.0,0.2,0.0,1,백반·죽·국수,본그룹
ba_14640352,2025-07,0.6666666666666666,6,0.6666666666666666,0.0,1.0,0.16666666666666666,0.3333333333333333,0.0,0.6666666666666666,0.0,1,백반·죽·국수,본그룹
ba_14643477,2025-05,0.3,2,0.5,0.5,0.5,0.0,0.0,0.0,0.0,0.0,0,백반·죽·국수,본그룹
ba_14643477,2025-06,0.7333333333333334,3,1.0,0.0,0.6666666666666666,0.0,0.0,0.0,0.0,0.0,1,백반·죽·국수,본그룹
ba_14643477,2025-07,0.95,8,1.0,0.0,0.75,0.5,0.25,0.0,0.5,0.0,0,백반·죽·국수,본그룹
ba_14645179,2025-05,1.0,1,1.0,0.0,1.0,0.0,0.0,0.0,0.0,0.0,0,백반·죽·국수,본그룹
ba_14645179,2025-06,1.0,1,1.0,0.0,1.0,0.0,1.0,0.0,1.0,1.0,1,백반·죽·국수,본그룹
ba_14647668,2025-05,0.9,2,1.0,0.0,1.0,0.0,0.5,0.5,0.5,0.0,0,백반·죽·국수,본그룹
ba_14647668,2025-06,1.0,1,1.0,0.0,1.0,1.0,1.0,0.0,1.0,0.0,1,백반·죽·국수,본그룹
ba_14647668,2025-07,1.0,4,1.0,0.0,1.0,0.0,0.0,0.0,0.5,0.0,1,백반·죽·국수,본그룹
ba_14648765,2025-05,0.6000000000000001,2,1.0,0.0,0.0,0.0,0.5,0.0,0.0,0.0,0,치킨,굽네치킨
ba_14648765,2025-06,0.6666666666666666,6,0.8333333333333334,0.0,0.6666666666666666,0.16666666666666666,0.16666666666666666,0.0,0.0,0.0,0,치킨,굽네치킨
ba_14649303,2025-05,0.5249999999999999,16,0.6875,0.125,0.75,0.125,0.0625,0.0,0.0625,0.0,0,치킨,굽네치킨
ba_14649303,2025-06,0.85,4,1.0,0.0,1.0,0.0,0.0,0.0,0.25,0.0,0,치킨,굽네치킨
ba_14652311,2025-05,0.65,4,0.75,0.0,1.0,0.25,0.0,0.0,0.0,0.0,1,치킨,굽네치킨
ba_14652311,2025-06,0.4,1,1.0,0.0,0.0,1.0,0.0,0.0,0.0,0.0,0,치킨,굽네치킨
ba_14652929,2025-05,0.7463917525773195,97,0.9278350515463918,0.0,0.8041237113402062,0.020618556701030927,0.05154639175257732,0.0,0.041237113402061855,0.030927835051546393,1,치킨,굽네치킨
ba_14652929,2025-06,0.7277777777777777,72,0.8611111111111112,0.041666666666666664,0.8055555555555556,0.08333333333333333,0.1111111111111111,0.0,0.027777777777777776,0.041666666666666664,0,치킨,굽네치킨
ba_14653291,2025-05,1.0,2,1.0,0.0,1.0,0.5,0.0,0.0,0.0,0.0,0,피자,굽네치킨
ba_14653291,2025-06,0.6799999999999999,5,1.0,0.0,0.8,0.4,0.2,0.0,0.0,0.2,0,피자,굽네치킨
ba_14653291,2025-07,1.0,4,1.0,0.0,1.0,0.0,0.0,0.0,0.0,0.0,1,피자,굽네치킨
ba_14654080,2025-05,0.8243902439024391,82,0.975609756097561,0.012195121951219513,0.8658536585365854,0.0975609756097561,0.06097560975609756,0.012195121951219513,0.0975609756097561,0.04878048780487805,1,치킨,굽네치킨
ba_14654080,2025-06,0.7576470588235295,85,0.8941176470588236,0.011764705882352941,0.788235294117647,0.07058823529411765,0.10588235294117647,0.0,0.058823529411764705,0.03529411764705882,0,치킨,굽네치킨
ba_14654803,2025-05,0.7333333333333334,3,1.0,0.0,0.6666666666666666,0.3333333333333333,0.0,0.0,0.3333333333333333,0.0,0,백반·죽·국수,본그룹
ba_14654803,2025-06,0.7999999999999999,3,1.0,0.0,0.6666666666666666,0.0,0.0,0.0,0.0,0.3333333333333333,1,백반·죽·국수,본그룹
ba_14654803,2025-07,0.4000000000000001,6,0.6666666666666666,0.0,0.0,0.3333333333333333,0.0,0.0,0.0,0.3333333333333333,1,백반·죽·국수,본그룹
ba_14658160,2025-05,1.0,8,1.0,0.0,1.0,0.125,0.125,0.0,0.0,0.125,0,치킨,굽네치킨
ba_14658160,2025-06,0.55,8,0.75,0.125,0.75,0.0,0.0,0.0,0.0,0.125,0,치킨,굽네치킨
ba_14658825,2025-05,0.7894736842105263,19,0.9473684210526315,0.0,0.7894736842105263,0.15789473684210525,0.15789473684210525,0.0,0.10526315789473684,0.05263157894736842,1,치킨,굽네치킨
ba_14658825,2025-06,0.7230769230769231,13,0.8461538461538461,0.0,0.6923076923076923,0.23076923076923078,0.07692307692307693,0.0,0.15384615384615385,0.0,1,치킨,굽네치킨
ba_14662462,2025-05,1.0,1,1.0,0.0,1.0,0.0,0.0,0.0,0.0,0.0,1,치킨,굽네치킨
ba_14662462,2025-06,1.0,1,1.0,0.0,1.0,0.0,0.0,0.0,0.0,0.0,0,치킨,굽네치킨
ba_14662547,2025-05,0.4800000000000001,5,0.8,0.2,1.0,0.0,0.4,0.0,0.0,0.0,1,치킨,굽네치킨
ba_14662547,2025-06,0.45,4,0.75,0.0,0.75,0.25,0.25,0.0,0.0,0.0,0,치킨,굽네치킨
ba_14663126,2025-05,0.4,1,1.0,0.0,1.0,0.0,0.0,0.0,0.0,0.0,1,치킨,굽네치킨
ba_14663126,2025-06,0.8666666666666667,3,1.0,0.0,0.6666666666666666,0.0,0.3333333333333333,0.0,0.6666666666666666,0.0,0,치킨,굽네치킨
ba_14663126,2025-07,0.7,2,1.0,0.0,1.0,0.0,0.0,0.0,0.0,0.0,0,치킨,굽네치킨
ba_14663534,2025-05,0.7000000000000001,12,0.8333333333333334,0.0,0.8333333333333334,0.08333333333333333,0.16666666666666666,0.0,0.0,0.0,0,치킨,굽네치킨
ba_14663534,2025-06,0.4666666666666666,3,1.0,0.0,1.0,0.0,0.0,0.0,0.0,0.0,0,치킨,굽네치킨
ba_14665998,2025-05,0.2,1,1.0,0.0,1.0,1.0,0.0,0.0,0.0,0.0,0,백반·죽·국수,본그룹
ba_14669107,2025-06,0.6866666666666666,60,0.8166666666666667,0.06666666666666667,0.7833333333333333,0.11666666666666667,0.11666666666666667,0.016666666666666666,0.03333333333333333,0.08333333333333333,1,치킨,굽네치킨
ba_14669107,2025-05,0.73,40,0.875,0.0,0.825,0.05,0.1,0.0,0.1,0.1,1,치킨,굽네치킨
ba_14669108,2025-05,0.7,2,1.0,0.0,1.0,0.0,0.0,0.0,0.0,0.5,1,피자,굽네치킨
ba_14669108,2025-06,1.0,1,1.0,0.0,1.0,0.0,0.0,0.0,0.0,1.0,1,피자,굽네치킨
ba_14669108,2025-07,0.4,1,1.0,0.0,0.0,0.0,0.0,0.0,0.0,0.0,1,피자,굽네치킨
ba_14669109,2025-05,0.4933333333333333,15,0.8666666666666667,0.13333333333333333,0.8666666666666667,0.0,0.26666666666666666,0.0,0.2,0.2,1,치킨,굽네치킨
ba_14669109,2025-06,0.1777777777777778,9,0.4444444444444444,0.3333333333333333,0.3333333333333333,0.3333333333333333,0.2222222222222222,0.0,0.0,0.0,0,치킨,굽네치킨
ba_14671483,2025-05,0.95,4,1.0,0.0,1.0,0.0,0.0,0.0,0.25,0.25,0,치킨,굽네치킨
ba_14671483,2025-06,0.7000000000000001,8,0.875,0.0,0.625,0.125,0.0,0.0,0.0,0.0,0,치킨,굽네치킨
ba_14671490,2025-05,1.0,1,1.0,0.0,1.0,1.0,0.0,0.0,0.0,0.0,1,피자,굽네치킨
ba_14671490,2025-07,1.0,1,1.0,0.0,1.0,0.0,0.0,0.0,1.0,0.0,0,피자,굽네치킨
ba_14671974,2025-05,0.6666666666666666,3,1.0,0.0,1.0,0.0,0.0,0.0,0.0,0.0,0,피자,굽네치킨
ba_14671974,2025-06,0.0,1,0.0,0.0,0.0,0.0,0.0,0.0,0.0,0.0,0,피자,굽네치킨
ba_14671974,2025-07,0.6,1,1.0,0.0,1.0,0.0,1.0,0.0,1.0,0.0,0,피자,굽네치킨
ba_14673431,2025-05,0.6,4,0.75,0.25,0.75,0.0,0.0,0.0,0.25,0.0,0,치킨,굽네치킨
ba_14673431,2025-06,0.0,1,0.0,0.0,0.0,0.0,0.0,0.0,0.0,0.0,0,치킨,굽네치킨
ba_14673431,2025-07,0.2,1,1.0,0.0,1.0,0.0,1.0,1.0,0.0,0.0,1,치킨,굽네치킨
ba_14673434,2025-05,0.6571428571428571,7,0.7142857142857143,0.0,0.7142857142857143,0.0,0.14285714285714285,0.0,0.0,0.0,1,치킨,굽네치킨
ba_14673434,2025-06,0.7636363636363637,11,0.9090909090909091,0.0,0.6363636363636364,0.09090909090909091,0.18181818181818182,0.0,0.09090909090909091,0.18181818181818182,1,치킨,굽네치킨
ba_14675307,2025-05,-0.19999999999999998,3,0.0,0.3333333333333333,0.0,0.0,0.0,0.0,0.0,0.0,1,치킨,굽네치킨
ba_14675307,2025-06,0.10000000000000002,6,0.5,0.5,0.5,0.3333333333333333,0.5,0.16666666666666666,0.16666666666666666,0.0,0,치킨,굽네치킨
ba_14675393,2025-05,0.8400000000000001,5,1.0,0.0,0.6,0.0,0.0,0.0,0.2,0.0,0,치킨,굽네치킨
ba_14675393,2025-06,0.6,4,0.75,0.0,0.75,0.5,0.25,0.0,0.0,0.0,0,치킨,굽네치킨
ba_14675393,2025-07,0.8,1,1.0,0.0,1.0,0.0,0.0,0.0,0.0,0.0,0,치킨,굽네치킨
ba_14679019,2025-05,0.7200000000000002,100,0.9,0.01,0.79,0.05,0.09,0.0,0.02,0.08,1,치킨,굽네치킨
ba_14679019,2025-06,0.711864406779661,59,0.864406779661017,0.0,0.7627118644067796,0.01694915254237288,0.01694915254237288,0.01694915254237288,0.06779661016949153,0.05084745762711865,1,치킨,굽네치킨
ba_14685750,2025-05,0.7125000000000001,80,0.8875,0.025,0.8,0.0625,0.1625,0.0,0.125,0.025,1,치킨,굽네치킨
ba_14685750,2025-06,0.6328358208955225,67,0.8507462686567164,0.04477611940298507,0.7313432835820896,0.08955223880597014,0.029850746268656716,0.0,0.05970149253731343,0.13432835820895522,0,치킨,굽네치킨
ba_14686856,2025-05,1.0,3,1.0,0.0,1.0,0.3333333333333333,0.0,0.0,0.0,0.0,0,백반·죽·국수,본그룹
ba_14686856,2025-06,0.35000000000000003,4,0.5,0.5,0.75,0.5,0.0,0.0,0.0,0.0,0,백반·죽·국수,본그룹
ba_14686990,2025-05,0.4,1,1.0,0.0,0.0,0.0,0.0,0.0,0.0,0.0,0,백반·죽·국수,본그룹
ba_14686990,2025-06,0.0,1,0.0,0.0,0.0,0.0,0.0,0.0,0.0,0.0,1,백반·죽·국수,본그룹
ba_14686997,2025-05,0.5894736842105263,19,0.8421052631578947,0.0,0.5789473684210527,0.21052631578947367,0.0,0.05263157894736842,0.15789473684210525,0.05263157894736842,0,백반·죽·국수,본그룹
ba_14686997,2025-06,0.606896551724138,29,0.8275862068965517,0.06896551724137931,0.6206896551724138,0.3103448275862069,0.20689655172413793,0.0,0.1724137931034483,0.10344827586206896,1,백반·죽·국수,본그룹
ba_14687060,2025-05,0.7272727272727272,11,0.9090909090909091,0.09090909090909091,0.8181818181818182,0.0,0.18181818181818182,0.0,0.09090909090909091,0.09090909090909091,0,백반·죽·국수,본그룹
ba_14687060,2025-06,0.525,8,0.875,0.125,0.375,0.125,0.25,0.0,0.125,0.0,0,백반·죽·국수,본그룹
ba_14687076,2025-05,0.64,5,0.8,0.0,0.4,0.2,0.0,0.0,0.2,0.0,0,백반·죽·국수,본그룹
ba_14687076,2025-06,0.4,4,0.75,0.0,0.5,0.0,0.5,0.0,0.0,0.0,0,백반·죽·국수,본그룹
ba_14687088,2025-05,1.0,3,1.0,0.0,1.0,0.3333333333333333,0.0,0.0,0.0,0.0,0,백반·죽·국수,본그룹
ba_14687088,2025-06,0.8,5,1.0,0.0,0.8,0.0,0.0,0.0,0.2,0.0,1,백반·죽·국수,본그룹
ba_14687088,2025-07,0.4666666666666666,6,1.0,0.0,1.0,0.0,0.0,0.0,0.0,0.0,1,백반·죽·국수,본그룹
ba_14687092,2025-05,0.9666666666666667,6,1.0,0.0,1.0,0.16666666666666666,0.0,0.0,0.3333333333333333,0.16666666666666666,1,백반·죽·국수,본그룹
ba_14687092,2025-06,0.5599999999999999,5,1.0,0.0,0.6,0.2,0.2,0.0,0.0,0.0,1,백반·죽·국수,본그룹
ba_14687115,2025-05,0.9,2,1.0,0.0,1.0,0.5,0.0,0.0,0.5,0.0,0,백반·죽·국수,본그룹
ba_14687115,2025-06,0.1,2,0.5,0.5,0.0,0.5,0.0,0.0,0.0,0.0,1,백반·죽·국수,본그룹
ba_14687119,2025-05,0.8400000000000001,5,1.0,0.0,0.8,0.2,0.4,0.0,0.2,0.0,1,백반·죽·국수,본그룹
ba_14687119,2025-06,0.8153846153846154,13,0.9230769230769231,0.0,0.8461538461538461,0.3076923076923077,0.15384615384615385,0.0,0.15384615384615385,0.15384615384615385,1,백반·죽·국수,본그룹
ba_14687134,2025-05,0.6,2,1.0,0.0,0.5,0.0,0.0,0.0,1.0,0.0,0,백반·죽·국수,본그룹
ba_14687134,2025-06,0.8,2,1.0,0.0,1.0,0.0,0.0,0.0,0.0,0.0,0,백반·죽·국수,본그룹
ba_14687136,2025-05,0.4666666666666666,3,1.0,0.0,0.3333333333333333,0.0,0.6666666666666666,0.0,0.6666666666666666,0.0,0,백반·죽·국수,본그룹
ba_14687136,2025-06,0.4,1,1.0,0.0,1.0,0.0,0.0,0.0,0.0,0.0,1,백반·죽·국수,본그룹
ba_14687137,2025-06,0.9,2,1.0,0.0,1.0,0.5,0.5,0.0,0.0,0.0,1,백반·죽·국수,본그룹
ba_14687137,2025-07,1.0,1,1.0,0.0,1.0,0.0,1.0,0.0,0.0,1.0,1,백반·죽·국수,본그룹
ba_14687166,2025-05,1.0,2,1.0,0.0,1.0,0.0,0.0,0.0,0.0,0.5,1,백반·죽·국수,본그룹
ba_14687166,2025-06,0.7714285714285715,7,1.0,0.0,0.5714285714285714,0.2857142857142857,0.14285714285714285,0.0,0.42857142857142855,0.0,1,백반·죽·국수,본그룹
ba_14687296,2025-05,0.8580645161290323,31,1.0,0.0,0.8709677419354839,0.12903225806451613,0.0967741935483871,0.0,0.3548387096774194,0.12903225806451613,0,백반·죽·국수,본그룹
ba_14687296,2025-06,0.7304347826086955,23,0.8695652173913043,0.0,0.782608695652174,0.08695652173913043,0.2608695652173913,0.0,0.391304347826087,0.13043478260869565,0,백반·죽·국수,본그룹
ba_14687307,2025-05,0.8666666666666667,3,1.0,0.0,0.6666666666666666,0.0,0.0,0.0,0.0,0.0,1,백반·죽·국수,본그룹
ba_14687307,2025-07,0.4,4,1.0,0.0,0.25,0.0,0.25,0.0,0.0,0.0,1,백반·죽·국수,본그룹
ba_14687310,2025-05,0.5428571428571429,7,0.7142857142857143,0.0,0.7142857142857143,0.0,0.0,0.0,0.14285714285714285,0.0,0,백반·죽·국수,본그룹
ba_14687310,2025-06,0.44000000000000006,5,0.8,0.2,0.4,0.0,0.2,0.0,0.0,0.0,1,백반·죽·국수,본그룹
ba_14687315,2025-05,1.0,2,1.0,0.0,0.5,0.0,0.0,0.0,0.0,0.0,0,백반·죽·국수,본그룹
ba_14687315,2025-06,0.8800000000000001,5,1.0,0.0,0.8,0.0,0.4,0.0,0.4,0.0,1,백반·죽·국수,본그룹
ba_14687318,2025-05,0.7428571428571429,14,0.7857142857142857,0.07142857142857142,0.7142857142857143,0.14285714285714285,0.14285714285714285,0.0,0.07142857142857142,0.07142857142857142,1,백반·죽·국수,본그룹
ba_14687318,2025-06,0.7333333333333334,21,0.8095238095238095,0.0,0.8095238095238095,0.19047619047619047,0.19047619047619047,0.0,0.09523809523809523,0.23809523809523808,1,백반·죽·국수,본그룹
ba_14687322,2025-05,0.0,1,0.0,0.0,0.0,0.0,0.0,0.0,0.0,0.0,0,백반·죽·국수,본그룹
ba_14687322,2025-06,0.39999999999999997,3,0.6666666666666666,0.0,0.3333333333333333,0.0,0.0,0.0,0.0,0.3333333333333333,1,백반·죽·국수,본그룹
ba_14687322,2025-07,1.0,1,1.0,0.0,1.0,0.0,0.0,0.0,0.0,0.0,1,백반·죽·국수,본그룹
ba_14687323,2025-05,0.7333333333333334,3,1.0,0.0,0.6666666666666666,0.3333333333333333,0.0,0.0,0.3333333333333333,0.0,0,백반·죽·국수,본그룹
ba_14687323,2025-06,1.0,2,1.0,0.0,1.0,0.0,0.0,0.0,0.0,0.0,1,백반·죽·국수,본그룹
ba_14687326,2025-05,0.6,7,0.7142857142857143,0.0,0.5714285714285714,0.0,0.42857142857142855,0.0,0.14285714285714285,0.0,1,백반·죽·국수,본그룹
ba_14687326,2025-06,1.0,2,1.0,0.0,1.0,0.0,0.5,0.0,0.0,0.5,1,백반·죽·국수,본그룹
ba_14687327,2025-05,0.8499999999999999,8,1.0,0.0,0.625,0.25,0.0,0.125,0.375,0.25,0,백반·죽·국수,본그룹
ba_14687327,2025-06,0.15,4,0.25,0.25,0.5,0.25,0.0,0.0,0.0,0.0,1,백반·죽·국수,본그룹
ba_14687333,2025-05,0.5999999999999999,21,0.7619047619047619,0.09523809523809523,0.6666666666666666,0.19047619047619047,0.2857142857142857,0.0,0.23809523809523808,0.19047619047619047,0,백반·죽·국수,본그룹
ba_14687333,2025-06,0.835714285714286,28,1.0,0.0,0.75,0.17857142857142858,0.21428571428571427,0.0,0.39285714285714285,0.10714285714285714,1,백반·죽·국수,본그룹
ba_14687335,2025-05,0.6628571428571429,35,0.8857142857142857,0.05714285714285714,0.6857142857142857,0.2857142857142857,0.2571428571428571,0.02857142857142857,0.4857142857142857,0.11428571428571428,0,백반·죽·국수,본그룹
ba_14687335,2025-06,0.7085714285714287,35,0.9142857142857143,0.0,0.7142857142857143,0.05714285714285714,0.17142857142857143,0.0,0.4,0.11428571428571428,1,백반·죽·국수,본그룹
ba_14687340,2025-05,0.7125,16,0.9375,0.0,0.6875,0.125,0.0,0.0,0.3125,0.0,0,백반·죽·국수,본그룹
ba_14687340,2025-06,0.8400000000000001,5,1.0,0.0,1.0,0.0,0.6,0.0,0.2,0.0,1,백반·죽·국수,본그룹
ba_14687341,2025-05,0.8333333333333334,6,0.8333333333333334,0.0,0.8333333333333334,0.0,0.0,0.0,0.16666666666666666,0.0,0,백반·죽·국수,본그룹
ba_14687341,2025-06,0.75,4,1.0,0.0,0.75,0.0,0.0,0.0,0.25,0.0,1,백반·죽·국수,본그룹
ba_14687341,2025-07,1.0,2,1.0,0.0,0.0,0.0,0.0,0.0,1.0,0.0,1,백반·죽·국수,본그룹
ba_14687344,2025-05,0.8333333333333334,6,0.8333333333333334,0.0,0.8333333333333334,0.16666666666666666,0.0,0.0,0.6666666666666666,0.0,1,백반·죽·국수,본그룹
ba_14687344,2025-07,0.9555555555555555,9,1.0,0.0,1.0,0.1111111111111111,0.0,0.1111111111111111,0.1111111111111111,0.0,1,백반·죽·국수,본그룹
ba_14687344,2025-06,0.8999999999999999,12,1.0,0.0,0.75,0.08333333333333333,0.08333333333333333,0.0,0.8333333333333334,0.0,1,백반·죽·국수,본그룹
ba_14687347,2025-05,0.48,5,0.6,0.0,0.6,0.2,0.0,0.0,0.0,0.0,0,백반·죽·국수,본그룹
ba_14687350,2025-05,0.6923076923076923,26,0.8076923076923077,0.0,0.6538461538461539,0.15384615384615385,0.15384615384615385,0.0,0.15384615384615385,0.038461538461538464,0,백반·죽·국수,본그룹
ba_14687350,2025-06,0.52,15,0.6666666666666666,0.06666666666666667,0.4666666666666667,0.06666666666666667,0.26666666666666666,0.0,0.13333333333333333,0.06666666666666667,1,백반·죽·국수,본그룹
ba_14687354,2025-05,0.8800000000000001,5,1.0,0.0,1.0,0.0,0.2,0.0,0.4,0.0,0,백반·죽·국수,본그룹
ba_14687354,2025-06,1.0,3,1.0,0.0,1.0,0.0,0.3333333333333333,0.0,0.0,0.0,1,백반·죽·국수,본그룹
ba_14687365,2025-05,0.6,7,0.7142857142857143,0.14285714285714285,0.5714285714285714,0.0,0.14285714285714285,0.0,0.14285714285714285,0.0,0,백반·죽·국수,본그룹
ba_14687365,2025-06,0.6666666666666666,3,0.6666666666666666,0.0,0.6666666666666666,0.3333333333333333,0.6666666666666666,0.0,0.3333333333333333,0.0,1,백반·죽·국수,본그룹
ba_14687365,2025-07,0.65,4,1.0,0.0,0.75,0.0,0.0,0.0,0.0,0.0,1,백반·죽·국수,본그룹
ba_14687368,2025-05,0.5333333333333333,3,1.0,0.0,0.6666666666666666,0.0,0.0,0.0,0.0,0.0,0,백반·죽·국수,본그룹
ba_14687368,2025-06,0.4,2,1.0,0.0,0.0,0.0,0.0,0.0,0.0,0.0,1,백반·죽·국수,본그룹
ba_14687382,2025-05,0.7888888888888889,18,0.8333333333333334,0.05555555555555555,0.8888888888888888,0.05555555555555555,0.2777777777777778,0.0,0.1111111111111111,0.05555555555555555,1,백반·죽·국수,본그룹
ba_14687382,2025-06,0.5333333333333333,3,0.6666666666666666,0.0,1.0,0.0,0.3333333333333333,0.0,0.0,0.0,1,백반·죽·국수,본그룹
ba_14687388,2025-05,0.475,8,0.75,0.0,0.75,0.125,0.0,0.0,0.125,0.125,0,백반·죽·국수,본그룹
ba_14687493,2025-05,0.8,2,1.0,0.0,1.0,0.5,0.5,0.0,0.0,0.0,0,백반·죽·국수,본그룹
ba_14687493,2025-06,1.0,1,1.0,0.0,1.0,1.0,1.0,0.0,0.0,0.0,0,백반·죽·국수,본그룹
ba_14687493,2025-07,0.6,1,1.0,0.0,0.0,0.0,0.0,0.0,1.0,0.0,0,백반·죽·국수,본그룹
ba_14687497,2025-05,0.7000000000000001,6,1.0,0.0,0.5,0.0,0.0,0.0,0.16666666666666666,0.0,0,백반·죽·국수,본그룹
ba_14687497,2025-06,1.0,2,1.0,0.0,1.0,0.0,0.0,0.0,0.5,0.0,1,백반·죽·국수,본그룹
ba_14688075,2025-05,0.6,14,0.7857142857142857,0.07142857142857142,0.7142857142857143,0.14285714285714285,0.07142857142857142,0.0,0.0,0.0,0,백반·죽·국수,본그룹
ba_14688075,2025-06,0.52,10,0.6,0.0,0.6,0.1,0.0,0.0,0.3,0.1,0,백반·죽·국수,본그룹
ba_14688086,2025-05,0.8,4,1.0,0.0,1.0,0.0,0.0,0.0,0.0,0.0,0,백반·죽·국수,본그룹
ba_14688086,2025-06,1.0,3,1.0,0.0,0.6666666666666666,0.0,0.3333333333333333,0.0,0.3333333333333333,0.0,0,백반·죽·국수,본그룹
ba_14688088,2025-05,0.5833333333333334,12,0.9166666666666666,0.0,0.6666666666666666,0.25,0.25,0.0,0.25,0.0,0,백반·죽·국수,본그룹
ba_14688088,2025-06,1.0,5,1.0,0.0,1.0,0.2,0.4,0.0,0.4,0.0,1,백반·죽·국수,본그룹
ba_14688093,2025-05,1.0,2,1.0,0.0,1.0,0.0,0.5,0.0,0.5,0.0,1,백반·죽·국수,본그룹
ba_14688093,2025-06,1.0,1,1.0,0.0,0.0,0.0,0.0,0.0,1.0,0.0,1,백반·죽·국수,본그룹
ba_14688094,2025-05,1.0,2,1.0,0.0,1.0,0.0,0.0,0.0,0.0,0.0,1,백반·죽·국수,본그룹
ba_14688094,2025-06,0.6,1,1.0,0.0,0.0,0.0,1.0,0.0,0.0,0.0,1,백반·죽·국수,본그룹
ba_14688094,2025-07,1.0,6,1.0,0.0,1.0,0.0,0.0,0.0,0.0,0.0,1,백반·죽·국수,본그룹
ba_14688100,2025-04,0.4,2,0.5,0.5,1.0,0.0,0.5,0.0,0.0,0.0,0,백반·죽·국수,본그룹
ba_14688100,2025-05,0.8250000000000001,8,1.0,0.0,0.75,0.125,0.0,0.0,0.5,0.0,0,백반·죽·국수,본그룹
ba_14688100,2025-06,0.7,8,1.0,0.0,0.625,0.125,0.125,0.0,0.375,0.0,1,백반·죽·국수,본그룹
ba_14688108,2025-05,0.5111111111111112,18,0.8888888888888888,0.1111111111111111,0.5,0.1111111111111111,0.2777777777777778,0.0,0.4444444444444444,0.0,1,백반·죽·국수,본그룹
ba_14688108,2025-06,0.4899999999999999,20,0.75,0.05,0.35,0.15,0.15,0.0,0.2,0.15,1,백반·죽·국수,본그룹
ba_14688114,2025-06,0.7428571428571429,14,0.9285714285714286,0.0,0.8571428571428571,0.07142857142857142,0.0,0.07142857142857142,0.21428571428571427,0.0,1,백반·죽·국수,본그룹
ba_14688114,2025-05,0.48571428571428577,7,0.8571428571428571,0.14285714285714285,0.8571428571428571,0.14285714285714285,0.14285714285714285,0.0,0.14285714285714285,0.0,1,백반·죽·국수,본그룹
ba_14688173,2025-05,0.9,4,1.0,0.0,1.0,0.25,0.5,0.0,0.0,0.0,0,백반·죽·국수,본그룹
ba_14688173,2025-06,1.0,2,1.0,0.0,1.0,0.5,0.5,0.0,0.5,0.0,1,백반·죽·국수,본그룹
ba_14688173,2025-07,0.6,1,1.0,0.0,0.0,0.0,1.0,0.0,0.0,0.0,1,백반·죽·국수,본그룹
ba_14688176,2025-05,0.52,5,1.0,0.0,0.6,0.0,0.0,0.0,0.0,0.0,0,백반·죽·국수,본그룹
ba_14688176,2025-06,0.6666666666666666,3,1.0,0.0,1.0,0.0,0.0,0.0,0.0,0.0,1,백반·죽·국수,본그룹
ba_14688180,2025-05,0.7,10,1.0,0.0,0.7,0.1,0.2,0.0,0.0,0.1,1,백반·죽·국수,본그룹
ba_14688180,2025-06,0.7846153846153846,13,0.9230769230769231,0.0,0.7692307692307693,0.07692307692307693,0.15384615384615385,0.0,0.23076923076923078,0.0,1,백반·죽·국수,본그룹
ba_14688182,2025-05,1.0,1,1.0,0.0,1.0,0.0,0.0,0.0,1.0,0.0,0,백반·죽·국수,본그룹
ba_14688182,2025-06,0.6,3,0.6666666666666666,0.0,0.6666666666666666,0.0,0.0,0.0,0.0,0.0,0,백반·죽·국수,본그룹
ba_14688182,2025-07,0.9,2,1.0,0.0,1.0,0.0,0.5,0.0,0.5,0.0,1,백반·죽·국수,본그룹
ba_14688192,2025-05,0.4666666666666666,3,1.0,0.0,0.3333333333333333,0.0,0.3333333333333333,0.0,0.6666666666666666,0.0,0,백반·죽·국수,본그룹
ba_14688192,2025-06,0.75,8,1.0,0.0,0.625,0.625,0.25,0.125,0.25,0.125,0,백반·죽·국수,본그룹
ba_14688192,2025-07,0.6,4,1.0,0.0,0.5,0.0,0.0,0.0,0.0,0.0,0,백반·죽·국수,본그룹
ba_14688196,2025-05,0.7000000000000001,4,1.0,0.0,0.5,0.25,0.25,0.0,0.5,0.25,0,백반·죽·국수,본그룹
ba_14688196,2025-06,0.2,5,0.6,0.2,0.2,0.0,0.2,0.0,0.4,0.0,1,백반·죽·국수,본그룹
ba_14688197,2025-05,0.45,4,0.5,0.25,0.75,0.0,0.0,0.0,0.0,0.0,1,백반·죽·국수,본그룹
ba_14688197,2025-06,0.8400000000000001,5,1.0,0.0,0.6,0.2,0.4,0.0,0.6,0.0,1,백반·죽·국수,본그룹
ba_14688207,2025-05,0.0,1,0.0,0.0,0.0,0.0,0.0,0.0,0.0,0.0,0,백반·죽·국수,본그룹
ba_14688233,2025-05,0.9199999999999999,5,1.0,0.0,1.0,0.2,0.2,0.0,0.2,0.0,1,백반·죽·국수,본그룹
ba_14688233,2025-06,0.6,3,0.6666666666666666,0.0,1.0,0.3333333333333333,0.6666666666666666,0.0,0.0,0.0,1,백반·죽·국수,본그룹
ba_14688336,2025-05,0.54,10,0.9,0.1,0.7,0.1,0.1,0.1,0.1,0.0,0,백반·죽·국수,본그룹
ba_14688336,2025-06,0.5846153846153845,13,0.6923076923076923,0.07692307692307693,0.46153846153846156,0.0,0.15384615384615385,0.07692307692307693,0.15384615384615385,0.07692307692307693,0,백반·죽·국수,본그룹
ba_14688337,2025-05,1.0,1,1.0,0.0,1.0,0.0,0.0,0.0,0.0,0.0,0,백반·죽·국수,본그룹
ba_14688337,2025-06,0.8666666666666667,3,1.0,0.0,0.6666666666666666,0.0,0.0,0.0,0.3333333333333333,0.3333333333333333,1,백반·죽·국수,본그룹
ba_14688338,2025-05,1.0,3,1.0,0.0,1.0,0.3333333333333333,0.3333333333333333,0.0,0.3333333333333333,0.0,1,백반·죽·국수,본그룹
ba_14688338,2025-06,0.0,1,0.0,0.0,0.0,0.0,0.0,0.0,0.0,0.0,1,백반·죽·국수,본그룹
ba_14688345,2025-04,0.0,1,0.0,0.0,0.0,0.0,0.0,1.0,0.0,0.0,0,백반·죽·국수,본그룹
ba_14688345,2025-07,0.4,1,1.0,0.0,0.0,0.0,0.0,0.0,0.0,0.0,1,백반·죽·국수,본그룹
ba_14688363,2025-05,0.6,2,1.0,0.0,0.0,0.5,0.5,0.0,0.5,0.0,0,백반·죽·국수,본그룹
ba_14688363,2025-06,0.30000000000000004,2,1.0,0.0,0.0,0.5,0.0,0.0,0.5,0.0,1,백반·죽·국수,본그룹
ba_14688363,2025-07,0.0,2,0.0,0.0,1.0,1.0,0.0,0.0,0.0,0.0,1,백반·죽·국수,본그룹
ba_14688371,2025-05,0.7999999999999999,3,1.0,0.0,0.6666666666666666,0.0,0.0,0.0,0.0,0.0,1,백반·죽·국수,본그룹
ba_14688371,2025-06,0.6,3,1.0,0.0,0.6666666666666666,0.0,0.0,0.0,0.0,0.0,1,백반·죽·국수,본그룹
ba_14688371,2025-07,0.7,4,1.0,0.0,0.5,0.5,0.0,0.0,0.0,0.0,1,백반·죽·국수,본그룹
ba_14688483,2025-05,0.8,1,1.0,0.0,1.0,0.0,0.0,0.0,1.0,0.0,0,백반·죽·국수,본그룹
ba_14688483,2025-06,0.5,2,0.5,0.0,0.5,0.0,0.0,0.0,0.0,0.0,0,백반·죽·국수,본그룹
ba_14688483,2025-07,1.0,2,1.0,0.0,1.0,0.0,0.5,0.0,0.5,0.0,0,백반·죽·국수,본그룹
ba_14688499,2025-05,1.0,1,1.0,0.0,1.0,0.0,1.0,0.0,1.0,0.0,0,백반·죽·국수,본그룹
ba_14688499,2025-06,1.0,1,1.0,0.0,1.0,0.0,0.0,0.0,1.0,1.0,1,백반·죽·국수,본그룹
ba_14688499,2025-07,0.95,4,1.0,0.0,1.0,0.0,0.0,0.0,0.0,0.75,1,백반·죽·국수,본그룹
ba_14688522,2025-05,0.9333333333333332,6,1.0,0.0,0.6666666666666666,0.0,0.0,0.0,0.0,0.0,0,백반·죽·국수,본그룹
ba_14688522,2025-06,0.5333333333333333,3,0.6666666666666666,0.0,0.6666666666666666,0.3333333333333333,0.0,0.0,0.0,0.0,1,백반·죽·국수,본그룹
ba_14688525,2025-05,0.8266666666666667,15,1.0,0.0,1.0,0.13333333333333333,0.2,0.0,0.3333333333333333,0.06666666666666667,0,백반·죽·국수,본그룹
ba_14688525,2025-06,0.6551724137931033,29,0.8620689655172413,0.0,0.5862068965517241,0.1724137931034483,0.13793103448275862,0.0,0.3103448275862069,0.0,1,백반·죽·국수,본그룹
ba_14688555,2025-05,0.66,10,0.8,0.0,0.7,0.1,0.3,0.0,0.0,0.1,1,백반·죽·국수,본그룹
ba_14688555,2025-06,0.6615384615384616,13,0.9230769230769231,0.07692307692307693,0.6923076923076923,0.23076923076923078,0.15384615384615385,0.0,0.23076923076923078,0.0,1,백반·죽·국수,본그룹
ba_14688557,2025-07,1.0,3,1.0,0.0,1.0,0.0,0.0,0.0,0.0,0.0,1,백반·죽·국수,본그룹
ba_14688559,2025-05,0.9,2,1.0,0.0,1.0,0.5,0.5,0.0,0.0,0.0,0,백반·죽·국수,본그룹
ba_14688563,2025-05,0.5,2,1.0,0.0,0.5,0.0,0.0,0.0,0.5,0.0,1,백반·죽·국수,본그룹
ba_14688563,2025-06,0.8571428571428571,7,0.8571428571428571,0.0,0.8571428571428571,0.0,0.2857142857142857,0.0,0.14285714285714285,0.14285714285714285,1,백반·죽·국수,본그룹
ba_14688567,2025-06,1.0,1,1.0,0.0,1.0,1.0,0.0,0.0,1.0,0.0,1,백반·죽·국수,본그룹
ba_14688570,2025-06,0.7333333333333334,3,1.0,0.0,0.6666666666666666,0.0,0.6666666666666666,0.0,0.3333333333333333,0.0,1,백반·죽·국수,본그룹
ba_14688570,2025-07,0.8,1,1.0,0.0,1.0,0.0,1.0,0.0,0.0,0.0,1,백반·죽·국수,본그룹
ba_14688571,2025-05,0.7999999999999999,14,1.0,0.0,0.9285714285714286,0.0,0.21428571428571427,0.0,0.0,0.07142857142857142,0,백반·죽·국수,본그룹
ba_14688571,2025-06,0.7166666666666667,12,0.8333333333333334,0.08333333333333333,0.8333333333333334,0.0,0.16666666666666666,0.0,0.25,0.0,0,백반·죽·국수,본그룹
ba_14688571,2025-07,0.6,14,0.8571428571428571,0.0,0.5714285714285714,0.0,0.0,0.0,0.14285714285714285,0.0,0,백반·죽·국수,본그룹
ba_14688582,2025-05,0.5599999999999999,5,0.6,0.2,0.8,0.0,0.0,0.2,0.2,0.0,0,백반·죽·국수,본그룹
ba_14688582,2025-06,0.6249999999999999,16,0.875,0.0625,0.625,0.25,0.125,0.0,0.25,0.0625,1,백반·죽·국수,본그룹
ba_14688602,2025-05,-0.5,2,0.0,0.5,0.0,0.5,0.5,0.0,0.0,0.5,1,백반·죽·국수,본그룹
ba_14688602,2025-07,0.4444444444444444,9,0.6666666666666666,0.0,0.4444444444444444,0.2222222222222222,0.1111111111111111,0.0,0.1111111111111111,0.1111111111111111,1,백반·죽·국수,본그룹
ba_14688609,2025-07,0.6666666666666666,3,1.0,0.0,1.0,0.0,0.0,0.0,0.0,0.0,0,백반·죽·국수,본그룹
ba_14688614,2025-05,0.6,2,1.0,0.0,0.5,0.0,0.0,0.0,0.0,0.0,0,백반·죽·국수,본그룹
ba_14688614,2025-06,1.0,1,1.0,0.0,1.0,0.0,0.0,0.0,0.0,0.0,0,백반·죽·국수,본그룹
ba_14688631,2025-06,0.8666666666666667,9,1.0,0.0,1.0,0.1111111111111111,0.3333333333333333,0.0,0.1111111111111111,0.0,0,백반·죽·국수,본그룹
ba_14688631,2025-05,0.8800000000000001,5,1.0,0.0,1.0,0.0,0.0,0.0,0.2,0.0,0,백반·죽·국수,본그룹
ba_14688656,2025-07,1.0,2,1.0,0.0,1.0,0.5,0.5,0.0,0.5,0.5,1,백반·죽·국수,본그룹
ba_14688684,2025-05,0.8333333333333334,18,1.0,0.0,0.8888888888888888,0.05555555555555555,0.3333333333333333,0.0,0.2777777777777778,0.16666666666666666,0,백반·죽·국수,본그룹
ba_14688684,2025-06,0.7166666666666667,12,1.0,0.0,0.6666666666666666,0.0,0.0,0.0,0.4166666666666667,0.08333333333333333,0,백반·죽·국수,본그룹
ba_14688687,2025-05,0.7666666666666667,12,1.0,0.0,0.6666666666666666,0.16666666666666666,0.0,0.0,0.3333333333333333,0.0,1,백반·죽·국수,본그룹
ba_14688687,2025-06,0.8400000000000001,15,0.9333333333333333,0.0,0.7333333333333333,0.0,0.26666666666666666,0.0,0.26666666666666666,0.06666666666666667,1,백반·죽·국수,본그룹
ba_14688693,2025-05,0.6666666666666666,3,0.6666666666666666,0.0,0.6666666666666666,0.3333333333333333,0.0,0.0,0.0,0.0,0,백반·죽·국수,본그룹
ba_14688693,2025-06,0.7000000000000001,6,0.8333333333333334,0.0,0.8333333333333334,0.3333333333333333,0.3333333333333333,0.0,0.0,0.0,1,백반·죽·국수,본그룹
ba_14688693,2025-07,0.9333333333333332,3,1.0,0.0,0.6666666666666666,0.0,0.3333333333333333,0.0,0.3333333333333333,0.0,1,백반·죽·국수,본그룹
ba_14688697,2025-05,0.4666666666666666,3,0.6666666666666666,0.0,0.3333333333333333,0.0,0.0,0.0,0.3333333333333333,0.0,0,백반·죽·국수,본그룹
ba_14688697,2025-06,0.45,4,0.75,0.25,0.5,0.0,0.5,0.0,0.0,0.25,1,백반·죽·국수,본그룹
ba_14688702,2025-05,1.0,1,1.0,0.0,1.0,0.0,0.0,0.0,0.0,0.0,0,백반·죽·국수,본그룹
ba_14688702,2025-07,1.0,3,1.0,0.0,1.0,0.6666666666666666,0.3333333333333333,0.0,0.0,0.0,1,백반·죽·국수,본그룹
ba_14688707,2025-05,0.5333333333333333,3,0.6666666666666666,0.0,0.6666666666666666,0.0,0.6666666666666666,0.0,0.0,0.0,0,백반·죽·국수,본그룹
ba_14688707,2025-06,0.7999999999999999,3,1.0,0.0,1.0,0.3333333333333333,0.6666666666666666,0.0,0.0,0.3333333333333333,1,백반·죽·국수,본그룹
ba_14688709,2025-05,0.6,9,0.7777777777777778,0.0,0.5555555555555556,0.1111111111111111,0.0,0.0,0.2222222222222222,0.0,0,백반·죽·국수,본그룹
ba_14688709,2025-06,0.8500000000000001,8,1.0,0.0,0.625,0.125,0.125,0.0,0.125,0.0,0,백반·죽·국수,본그룹
ba_14688709,2025-07,0.8666666666666666,6,1.0,0.0,0.8333333333333334,0.16666666666666666,0.16666666666666666,0.0,0.16666666666666666,0.0,0,백반·죽·국수,본그룹
ba_14688716,2025-05,0.5,2,1.0,0.0,1.0,0.0,0.0,0.0,0.5,0.0,0,백반·죽·국수,본그룹
ba_14688716,2025-06,0.725,8,0.875,0.0,0.75,0.0,0.25,0.0,0.0,0.125,0,백반·죽·국수,본그룹
ba_14688728,2025-05,0.8,1,1.0,0.0,1.0,0.0,0.0,0.0,0.0,1.0,0,백반·죽·국수,본그룹
ba_14688728,2025-06,0.08,5,0.4,0.4,0.4,0.4,0.2,0.0,0.4,0.0,0,백반·죽·국수,본그룹
ba_14688728,2025-07,-0.20000000000000004,3,0.0,0.6666666666666666,0.3333333333333333,0.6666666666666666,0.0,0.6666666666666666,0.0,0.0,0,백반·죽·국수,본그룹
ba_14688729,2025-05,0.3333333333333333,3,0.3333333333333333,0.0,0.3333333333333333,0.6666666666666666,0.3333333333333333,0.0,0.3333333333333333,0.0,0,백반·죽·국수,본그룹
ba_14688729,2025-06,0.4,1,1.0,0.0,1.0,1.0,0.0,1.0,0.0,0.0,1,백반·죽·국수,본그룹
ba_14688746,2025-05,0.7999999999999999,6,0.8333333333333334,0.0,0.8333333333333334,0.0,0.3333333333333333,0.0,0.0,0.0,0,백반·죽·국수,본그룹
ba_14688746,2025-06,0.7,4,0.75,0.0,0.5,0.0,0.25,0.0,0.25,0.25,1,백반·죽·국수,본그룹
ba_14688746,2025-07,1.0,6,1.0,0.0,1.0,0.0,0.0,0.0,0.5,0.5,1,백반·죽·국수,본그룹
ba_14688751,2025-05,1.0,1,1.0,0.0,1.0,0.0,0.0,0.0,1.0,0.0,0,백반·죽·국수,본그룹
ba_14688751,2025-06,0.6,2,1.0,0.0,0.5,0.0,0.0,0.0,0.0,0.0,1,백반·죽·국수,본그룹
ba_14688765,2025-05,0.48,5,0.8,0.0,0.4,0.2,0.2,0.0,0.0,0.0,1,백반·죽·국수,본그룹
ba_14688765,2025-06,0.7000000000000001,8,1.0,0.0,0.625,0.125,0.125,0.0,0.375,0.125,1,백반·죽·국수,본그룹
ba_14688789,2025-05,1.0,1,1.0,0.0,1.0,1.0,1.0,0.0,1.0,0.0,0,백반·죽·국수,본그룹
ba_14688789,2025-06,1.0,2,1.0,0.0,1.0,0.5,0.0,0.0,0.0,0.0,0,백반·죽·국수,본그룹
ba_14688848,2025-05,0.9333333333333332,3,1.0,0.0,0.6666666666666666,0.3333333333333333,0.3333333333333333,0.0,0.0,0.0,0,백반·죽·국수,본그룹
ba_14688848,2025-06,0.0,1,0.0,0.0,0.0,0.0,1.0,0.0,0.0,0.0,1,백반·죽·국수,본그룹
ba_14688848,2025-07,0.7333333333333334,12,1.0,0.0,1.0,0.16666666666666666,0.16666666666666666,0.0,0.0,0.0,1,백반·죽·국수,본그룹
ba_14688854,2025-04,0.2,1,1.0,0.0,0.0,0.0,0.0,0.0,1.0,0.0,0,백반·죽·국수,본그룹
ba_14688854,2025-05,0.30000000000000004,2,1.0,0.0,0.5,0.5,0.0,0.0,0.0,0.0,0,백반·죽·국수,본그룹
ba_14688854,2025-06,0.6,2,1.0,0.0,1.0,0.0,0.5,0.0,0.0,0.0,1,백반·죽·국수,본그룹
ba_14688860,2025-05,1.0,4,1.0,0.0,1.0,0.0,0.0,0.0,0.25,0.0,1,백반·죽·국수,본그룹
ba_14688860,2025-06,1.0,2,1.0,0.0,0.5,0.5,0.5,0.0,0.5,0.0,1,백반·죽·국수,본그룹
ba_14688879,2025-05,0.9,4,1.0,0.0,0.75,0.5,0.0,0.0,0.25,0.25,0,백반·죽·국수,본그룹
ba_14688879,2025-06,0.8285714285714284,7,1.0,0.0,1.0,0.0,0.2857142857142857,0.0,0.0,0.0,0,백반·죽·국수,본그룹
ba_14688905,2025-05,0.5,2,0.5,0.0,1.0,0.0,0.0,0.0,0.5,0.0,0,백반·죽·국수,본그룹
ba_14688905,2025-06,0.75,4,1.0,0.0,0.75,0.25,0.0,0.0,0.0,0.5,0,백반·죽·국수,본그룹
ba_14688905,2025-07,0.8000000000000002,6,1.0,0.0,0.8333333333333334,0.0,0.3333333333333333,0.0,0.3333333333333333,0.0,0,백반·죽·국수,본그룹
ba_14688907,2025-05,1.0,2,1.0,0.0,1.0,0.0,0.0,0.0,0.0,0.0,1,백반·죽·국수,본그룹
ba_14688907,2025-06,0.75,4,0.75,0.0,0.75,0.25,0.0,0.0,0.0,0.25,1,백반·죽·국수,본그룹
ba_14688907,2025-07,1.0,3,1.0,0.0,1.0,0.0,0.0,0.0,0.0,0.0,1,백반·죽·국수,본그룹
ba_14688923,2025-05,0.9333333333333332,3,1.0,0.0,1.0,0.6666666666666666,0.0,0.0,0.3333333333333333,0.0,0,백반·죽·국수,본그룹
ba_14688923,2025-06,0.5,2,0.5,0.0,0.5,0.0,0.0,0.0,0.0,0.0,1,백반·죽·국수,본그룹
ba_14688924,2025-06,0.5333333333333333,6,0.8333333333333334,0.16666666666666666,0.6666666666666666,0.3333333333333333,0.0,0.0,0.0,0.0,1,백반·죽·국수,본그룹
ba_14688924,2025-05,0.54,10,0.9,0.0,0.5,0.2,0.0,0.0,0.2,0.0,0,백반·죽·국수,본그룹
ba_14688931,2025-05,0.4000000000000001,6,0.6666666666666666,0.16666666666666666,0.5,0.3333333333333333,0.5,0.0,0.0,0.3333333333333333,1,백반·죽·국수,본그룹
ba_14688931,2025-06,0.72,5,0.8,0.0,0.6,0.0,0.0,0.0,0.0,0.0,1,백반·죽·국수,본그룹
ba_14688931,2025-07,0.65,4,0.75,0.0,0.75,0.5,0.25,0.0,0.0,0.0,1,백반·죽·국수,본그룹
ba_14688963,2025-06,0.5,2,0.5,0.0,0.0,0.5,0.5,0.0,0.5,0.0,1,백반·죽·국수,본그룹
ba_14688982,2025-04,0.4,1,1.0,0.0,0.0,0.0,0.0,0.0,1.0,0.0,1,백반·죽·국수,본그룹
ba_14688982,2025-05,0.6,5,0.8,0.0,0.4,0.2,0.0,0.0,0.2,0.0,1,백반·죽·국수,본그룹
ba_14688982,2025-06,0.5499999999999999,4,0.75,0.25,0.75,0.25,0.0,0.0,0.0,0.0,1,백반·죽·국수,본그룹
ba_14688982,2025-07,0.575,8,0.625,0.0,0.625,0.0,0.25,0.0,0.25,0.25,1,백반·죽·국수,본그룹
ba_14689003,2025-05,0.72,5,1.0,0.0,1.0,0.2,0.0,0.0,0.0,0.0,1,백반·죽·국수,본그룹
ba_14689003,2025-06,1.0,1,1.0,0.0,1.0,0.0,0.0,0.0,0.0,1.0,1,백반·죽·국수,본그룹
ba_14689004,2025-05,1.0,1,1.0,0.0,1.0,0.0,1.0,0.0,0.0,0.0,1,백반·죽·국수,본그룹
ba_14689004,2025-06,1.0,2,1.0,0.0,1.0,0.0,0.0,0.0,0.0,0.0,1,백반·죽·국수,본그룹
ba_14689007,2025-05,1.0,2,1.0,0.0,1.0,0.0,0.0,0.0,0.5,0.0,1,백반·죽·국수,본그룹
ba_14689007,2025-06,1.0,4,1.0,0.0,0.75,0.0,0.25,0.0,0.0,0.25,1,백반·죽·국수,본그룹
ba_14689013,2025-05,0.9,6,1.0,0.0,0.8333333333333334,0.16666666666666666,0.16666666666666666,0.0,0.16666666666666666,0.0,0,백반·죽·국수,본그룹
ba_14689013,2025-06,0.9666666666666667,6,1.0,0.0,0.8333333333333334,0.3333333333333333,0.3333333333333333,0.0,0.16666666666666666,0.0,0,백반·죽·국수,본그룹
ba_14689024,2025-05,1.0,1,1.0,0.0,1.0,0.0,1.0,0.0,0.0,0.0,1,백반·죽·국수,본그룹
ba_14689024,2025-06,0.7333333333333334,9,0.8888888888888888,0.0,0.6666666666666666,0.4444444444444444,0.1111111111111111,0.0,0.2222222222222222,0.2222222222222222,1,백반·죽·국수,본그룹
ba_14689101,2025-05,0.6666666666666666,3,0.6666666666666666,0.0,0.3333333333333333,0.3333333333333333,0.0,0.0,0.0,0.0,1,백반·죽·국수,본그룹
ba_14689101,2025-06,0.8,1,1.0,0.0,1.0,0.0,0.0,0.0,0.0,0.0,1,백반·죽·국수,본그룹
ba_14689115,2025-05,0.48,5,0.8,0.0,0.6,0.4,0.2,0.0,0.0,0.0,0,백반·죽·국수,본그룹
ba_14689115,2025-06,0.6666666666666666,6,0.8333333333333334,0.0,0.6666666666666666,0.3333333333333333,0.16666666666666666,0.0,0.5,0.16666666666666666,1,백반·죽·국수,본그룹
ba_14689378,2025-05,-0.30000000000000004,2,0.5,0.5,0.5,0.0,0.0,0.0,0.5,0.0,0,백반·죽·국수,본그룹
ba_14689378,2025-06,1.0,3,1.0,0.0,1.0,0.3333333333333333,0.0,0.0,0.0,0.3333333333333333,0,백반·죽·국수,본그룹
ba_14689378,2025-07,0.8,1,1.0,0.0,1.0,0.0,0.0,0.0,1.0,0.0,0,백반·죽·국수,본그룹
ba_14689381,2025-05,1.0,1,1.0,0.0,1.0,0.0,0.0,0.0,0.0,0.0,0,백반·죽·국수,본그룹
ba_14689381,2025-06,0.4666666666666666,3,0.6666666666666666,0.3333333333333333,1.0,0.3333333333333333,0.0,0.0,0.3333333333333333,0.0,1,백반·죽·국수,본그룹
ba_14689382,2025-06,0.711111111111111,9,0.8888888888888888,0.0,0.5555555555555556,0.0,0.2222222222222222,0.0,0.2222222222222222,0.0,1,백반·죽·국수,본그룹
ba_14689387,2025-05,0.8800000000000001,5,1.0,0.0,1.0,0.0,0.0,0.0,0.0,0.0,0,백반·죽·국수,본그룹
ba_14689387,2025-06,0.6285714285714287,7,0.7142857142857143,0.0,0.8571428571428571,0.2857142857142857,0.0,0.0,0.14285714285714285,0.0,1,백반·죽·국수,본그룹
ba_14689395,2025-05,0.4800000000000001,5,0.8,0.2,0.8,0.2,0.0,0.0,0.0,0.2,1,백반·죽·국수,본그룹
ba_14689395,2025-06,0.35,4,0.75,0.25,0.75,0.5,0.0,0.0,0.0,0.0,1,백반·죽·국수,본그룹
ba_14689401,2025-05,0.65,4,0.75,0.0,0.75,0.25,0.25,0.0,0.0,0.0,0,백반·죽·국수,본그룹
ba_14689401,2025-06,0.6333333333333334,6,0.8333333333333334,0.0,0.8333333333333334,0.3333333333333333,0.16666666666666666,0.0,0.16666666666666666,0.0,0,백반·죽·국수,본그룹
ba_14689401,2025-07,0.65,4,0.75,0.0,0.75,0.25,0.25,0.0,0.0,0.0,0,백반·죽·국수,본그룹
ba_14689402,2025-05,0.7000000000000001,4,1.0,0.0,1.0,0.25,0.0,0.0,0.25,0.25,1,백반·죽·국수,본그룹
ba_14689402,2025-06,0.6000000000000001,4,1.0,0.0,0.5,0.25,0.5,0.0,0.0,0.0,0,백반·죽·국수,본그룹
ba_14689402,2025-07,0.9333333333333332,3,1.0,0.0,1.0,0.3333333333333333,0.0,0.0,0.3333333333333333,0.0,1,백반·죽·국수,본그룹
ba_14689403,2025-05,0.9333333333333332,3,1.0,0.0,1.0,0.0,0.0,0.0,0.0,0.0,0,백반·죽·국수,본그룹
ba_14689403,2025-06,0.6799999999999999,5,0.8,0.2,0.6,0.4,0.4,0.0,0.0,0.2,0,백반·죽·국수,본그룹
ba_14689409,2025-05,0.64,5,0.8,0.0,0.6,0.0,0.0,0.0,0.6,0.2,1,백반·죽·국수,본그룹
ba_14689409,2025-06,0.6363636363636364,11,0.9090909090909091,0.0,0.7272727272727273,0.18181818181818182,0.36363636363636365,0.0,0.18181818181818182,0.09090909090909091,1,백반·죽·국수,본그룹
ba_14689415,2025-07,0.8666666666666667,3,1.0,0.0,1.0,0.0,1.0,0.0,0.0,0.0,1,백반·죽·국수,본그룹
ba_14689415,2025-05,1.0,2,1.0,0.0,1.0,0.0,0.5,0.0,0.0,0.0,0,백반·죽·국수,본그룹
ba_14689415,2025-06,0.0,1,0.0,0.0,0.0,1.0,0.0,0.0,0.0,0.0,1,백반·죽·국수,본그룹
ba_14689416,2025-05,0.8571428571428571,7,1.0,0.0,0.8571428571428571,0.14285714285714285,0.0,0.0,0.2857142857142857,0.0,0,백반·죽·국수,본그룹
ba_14689416,2025-06,0.2857142857142857,7,0.7142857142857143,0.14285714285714285,0.42857142857142855,0.2857142857142857,0.2857142857142857,0.0,0.0,0.0,1,백반·죽·국수,본그룹
ba_14689416,2025-07,0.3666666666666667,6,0.6666666666666666,0.16666666666666666,0.6666666666666666,0.16666666666666666,0.0,0.0,0.0,0.16666666666666666,0,백반·죽·국수,본그룹
ba_14689427,2025-05,0.48,5,0.8,0.0,0.4,0.0,0.0,0.0,0.0,0.0,0,백반·죽·국수,본그룹
ba_14689427,2025-06,0.85,4,1.0,0.0,0.75,0.0,0.0,0.0,0.0,0.0,0,백반·죽·국수,본그룹
ba_14689427,2025-07,0.76,5,1.0,0.0,0.8,0.0,0.4,0.0,0.2,0.0,0,백반·죽·국수,본그룹
ba_14689441,2025-05,0.4,1,1.0,0.0,0.0,0.0,0.0,0.0,0.0,0.0,1,백반·죽·국수,본그룹
ba_14689441,2025-06,0.5,2,0.5,0.0,0.5,0.0,0.5,0.0,0.5,0.0,1,백반·죽·국수,본그룹
ba_14689441,2025-07,1.0,2,1.0,0.0,1.0,0.0,0.0,0.0,0.0,0.0,1,백반·죽·국수,본그룹
ba_14689448,2025-05,1.0,3,1.0,0.0,1.0,0.0,0.3333333333333333,0.0,0.3333333333333333,0.0,1,백반·죽·국수,본그룹
ba_14689448,2025-06,0.5999999999999999,7,0.8571428571428571,0.0,0.7142857142857143,0.0,0.14285714285714285,0.0,0.42857142857142855,0.14285714285714285,1,백반·죽·국수,본그룹
ba_14689454,2025-05,0.31999999999999995,5,0.6,0.4,0.6,0.2,0.2,0.0,0.0,0.2,0,백반·죽·국수,본그룹
ba_14689454,2025-06,0.5333333333333333,6,0.8333333333333334,0.0,0.8333333333333334,0.16666666666666666,0.0,0.0,0.16666666666666666,0.16666666666666666,1,백반·죽·국수,본그룹
ba_14689464,2025-05,0.44000000000000006,5,0.6,0.0,0.8,0.2,0.2,0.0,0.4,0.0,0,백반·죽·국수,본그룹
ba_14689464,2025-06,0.55,4,0.75,0.0,0.75,0.5,0.5,0.0,0.25,0.0,0,백반·죽·국수,본그룹
ba_14689464,2025-07,0.8571428571428571,7,0.8571428571428571,0.0,0.8571428571428571,0.14285714285714285,0.14285714285714285,0.0,0.2857142857142857,0.2857142857142857,0,백반·죽·국수,본그룹
ba_14689472,2025-05,1.0,2,1.0,0.0,0.5,0.5,0.0,0.0,0.0,0.0,0,백반·죽·국수,본그룹
ba_14689472,2025-06,0.4,1,1.0,0.0,0.0,0.0,1.0,0.0,1.0,1.0,1,백반·죽·국수,본그룹
ba_14689481,2025-05,0.5,2,1.0,0.0,0.0,0.0,0.0,0.0,0.5,0.5,1,백반·죽·국수,본그룹
ba_14689481,2025-06,0.4666666666666666,3,1.0,0.0,0.6666666666666666,0.0,0.0,0.0,0.0,0.0,1,백반·죽·국수,본그룹
ba_14689485,2025-05,1.0,2,1.0,0.0,1.0,0.0,0.0,0.5,0.0,0.5,0,백반·죽·국수,본그룹
ba_14689485,2025-06,1.0,1,1.0,0.0,1.0,0.0,0.0,0.0,0.0,0.0,1,백반·죽·국수,본그룹
ba_14689485,2025-07,0.8,2,1.0,0.0,1.0,1.0,0.0,0.0,0.0,0.0,1,백반·죽·국수,본그룹
ba_14689496,2025-05,0.2,2,0.5,0.5,0.5,0.0,0.0,0.0,0.0,0.5,0,백반·죽·국수,본그룹
ba_14689496,2025-06,0.3333333333333333,3,0.3333333333333333,0.0,0.6666666666666666,0.3333333333333333,0.0,0.0,0.6666666666666666,0.0,0,백반·죽·국수,본그룹
ba_14689496,2025-07,1.0,1,1.0,0.0,1.0,1.0,0.0,0.0,0.0,0.0,0,백반·죽·국수,본그룹
ba_14689536,2025-05,0.8833333333333333,12,1.0,0.0,0.8333333333333334,0.25,0.3333333333333333,0.0,0.08333333333333333,0.0,0,백반·죽·국수,본그룹
ba_14689536,2025-06,0.7833333333333333,12,0.9166666666666666,0.0,0.6666666666666666,0.16666666666666666,0.0,0.0,0.16666666666666666,0.16666666666666666,0,백반·죽·국수,본그룹
ba_14689545,2025-06,0.5666666666666667,6,0.8333333333333334,0.16666666666666666,0.8333333333333334,0.3333333333333333,0.0,0.0,0.16666666666666666,0.0,1,백반·죽·국수,본그룹
ba_14689545,2025-05,0.25,4,0.25,0.0,0.0,0.0,0.75,0.0,0.25,0.0,0,백반·죽·국수,본그룹
ba_14689548,2025-05,0.76,5,1.0,0.0,0.8,0.0,0.2,0.0,0.6,0.0,0,백반·죽·국수,본그룹
ba_14689548,2025-06,0.6571428571428571,7,0.8571428571428571,0.14285714285714285,0.7142857142857143,0.14285714285714285,0.14285714285714285,0.0,0.14285714285714285,0.14285714285714285,1,백반·죽·국수,본그룹
ba_14689573,2025-05,0.8,4,1.0,0.0,0.75,0.0,0.0,0.0,0.75,0.0,0,백반·죽·국수,본그룹
ba_14689573,2025-06,1.0,6,1.0,0.0,1.0,0.16666666666666666,0.3333333333333333,0.0,0.16666666666666666,0.16666666666666666,1,백반·죽·국수,본그룹
ba_14689591,2025-05,0.8,4,1.0,0.0,0.75,0.0,0.0,0.0,0.25,0.0,0,백반·죽·국수,본그룹
ba_14689591,2025-06,0.2,1,1.0,0.0,1.0,0.0,0.0,0.0,0.0,0.0,1,백반·죽·국수,본그룹
ba_14689595,2025-06,0.6,12,0.9166666666666666,0.0,0.5,0.16666666666666666,0.08333333333333333,0.0,0.25,0.16666666666666666,0,백반·죽·국수,본그룹
ba_14689595,2025-05,0.8285714285714285,7,0.8571428571428571,0.0,0.8571428571428571,0.2857142857142857,0.14285714285714285,0.0,0.14285714285714285,0.0,0,백반·죽·국수,본그룹
ba_14689608,2025-05,0.75,8,1.0,0.0,0.875,0.125,0.125,0.0,0.125,0.25,1,백반·죽·국수,본그룹
ba_14689608,2025-06,1.0,6,1.0,0.0,1.0,0.0,0.5,0.0,0.0,0.16666666666666666,1,백반·죽·국수,본그룹
ba_14689610,2025-05,0.7333333333333333,9,0.7777777777777778,0.0,0.6666666666666666,0.0,0.0,0.0,0.2222222222222222,0.1111111111111111,1,백반·죽·국수,본그룹
ba_14689610,2025-06,0.8444444444444446,9,1.0,0.0,0.8888888888888888,0.2222222222222222,0.3333333333333333,0.0,0.1111111111111111,0.0,1,백반·죽·국수,본그룹
ba_14689611,2025-05,0.6285714285714287,7,0.8571428571428571,0.0,0.7142857142857143,0.0,0.0,0.0,0.2857142857142857,0.0,1,백반·죽·국수,본그룹
ba_14689611,2025-06,0.6799999999999999,5,1.0,0.0,0.8,0.2,0.2,0.0,0.6,0.2,1,백반·죽·국수,본그룹
ba_14689614,2025-05,0.65,4,1.0,0.0,0.75,0.0,0.0,0.0,0.0,0.0,0,백반·죽·국수,본그룹
ba_14689614,2025-06,0.7999999999999999,3,1.0,0.0,0.6666666666666666,0.0,0.0,0.0,0.0,0.0,1,백반·죽·국수,본그룹
ba_14689625,2025-05,0.6666666666666666,9,0.7777777777777778,0.1111111111111111,0.6666666666666666,0.4444444444444444,0.1111111111111111,0.0,0.0,0.0,0,백반·죽·국수,본그룹
ba_14689625,2025-06,0.7666666666666667,12,0.9166666666666666,0.0,0.6666666666666666,0.08333333333333333,0.08333333333333333,0.0,0.5,0.08333333333333333,1,백반·죽·국수,본그룹
ba_14689645,2025-05,0.8333333333333334,6,0.8333333333333334,0.0,0.8333333333333334,0.0,0.0,0.0,0.0,0.0,1,백반·죽·국수,본그룹
ba_14689645,2025-06,0.96,10,1.0,0.0,0.9,0.0,0.1,0.0,0.0,0.0,1,백반·죽·국수,본그룹
ba_14689734,2025-05,0.0,1,0.0,0.0,0.0,1.0,0.0,0.0,0.0,1.0,0,백반·죽·국수,본그룹
ba_14689734,2025-06,1.0,2,1.0,0.0,1.0,0.5,0.0,0.0,0.0,0.0,1,백반·죽·국수,본그룹
ba_14689734,2025-07,0.75,4,1.0,0.0,1.0,0.0,0.0,0.0,0.0,0.0,1,백반·죽·국수,본그룹
ba_14689750,2025-05,0.6222222222222222,9,0.7777777777777778,0.1111111111111111,0.8888888888888888,0.0,0.2222222222222222,0.0,0.2222222222222222,0.0,0,백반·죽·국수,본그룹
ba_14689750,2025-06,0.3333333333333333,3,0.3333333333333333,0.0,0.3333333333333333,0.0,0.0,0.0,0.0,0.0,1,백반·죽·국수,본그룹
ba_14689756,2025-05,1.0,4,1.0,0.0,1.0,0.0,0.5,0.0,0.25,0.0,0,백반·죽·국수,본그룹
ba_14689756,2025-06,1.0,6,1.0,0.0,1.0,0.16666666666666666,0.16666666666666666,0.0,0.16666666666666666,0.16666666666666666,1,백반·죽·국수,본그룹
ba_14689757,2025-05,0.5142857142857143,7,0.7142857142857143,0.0,0.5714285714285714,0.0,0.0,0.0,0.14285714285714285,0.0,0,백반·죽·국수,본그룹
ba_14689757,2025-06,0.6333333333333333,6,0.8333333333333334,0.0,0.6666666666666666,0.0,0.0,0.0,0.0,0.0,1,백반·죽·국수,본그룹
ba_14689759,2025-05,0.85,4,1.0,0.0,1.0,0.0,0.0,0.0,0.25,0.0,0,백반·죽·국수,본그룹
ba_14689759,2025-06,0.0,1,0.0,0.0,0.0,0.0,0.0,0.0,0.0,0.0,0,백반·죽·국수,본그룹
ba_14689761,2025-05,1.0,1,1.0,0.0,1.0,0.0,0.0,0.0,1.0,0.0,0,백반·죽·국수,본그룹
ba_14689761,2025-06,0.6,5,1.0,0.0,0.8,0.0,0.0,0.0,0.0,0.0,1,백반·죽·국수,본그룹
ba_14689761,2025-07,0.8666666666666667,3,1.0,0.0,1.0,0.3333333333333333,0.0,0.0,0.3333333333333333,0.0,1,백반·죽·국수,본그룹
ba_14689766,2025-05,0.9,4,1.0,0.0,1.0,0.5,0.25,0.0,0.0,0.25,0,백반·죽·국수,본그룹
ba_14689766,2025-06,0.6,6,0.6666666666666666,0.0,0.8333333333333334,0.0,0.3333333333333333,0.0,0.16666666666666666,0.16666666666666666,1,백반·죽·국수,본그룹
ba_14689782,2025-05,1.0,1,1.0,0.0,1.0,1.0,0.0,0.0,0.0,1.0,0,백반·죽·국수,본그룹
ba_14689782,2025-06,0.8,2,1.0,0.0,1.0,0.0,0.0,0.0,0.0,0.0,1,백반·죽·국수,본그룹
ba_14689782,2025-07,0.3333333333333333,3,0.3333333333333333,0.0,0.3333333333333333,0.3333333333333333,0.3333333333333333,0.0,0.0,0.0,1,백반·죽·국수,본그룹
ba_14689809,2025-05,0.13333333333333333,3,0.6666666666666666,0.0,0.3333333333333333,0.0,0.3333333333333333,0.0,1.0,0.0,1,백반·죽·국수,본그룹
ba_14689837,2025-05,0.2,1,1.0,0.0,0.0,0.0,0.0,0.0,1.0,0.0,1,백반·죽·국수,본그룹
ba_14689837,2025-06,0.8,2,1.0,0.0,0.5,0.0,0.5,0.0,0.0,0.0,1,백반·죽·국수,본그룹
ba_14689846,2025-05,0.64,5,1.0,0.0,0.6,0.4,0.4,0.0,0.2,0.0,0,백반·죽·국수,본그룹
ba_14689846,2025-06,0.6333333333333334,6,1.0,0.0,0.16666666666666666,0.16666666666666666,0.16666666666666666,0.0,0.5,0.0,0,백반·죽·국수,본그룹
ba_14689846,2025-07,0.7,2,1.0,0.0,0.5,0.0,0.5,0.0,0.0,0.0,0,백반·죽·국수,본그룹
ba_14689854,2025-05,0.6303030303030305,33,0.8787878787878788,0.030303030303030304,0.48484848484848486,0.12121212121212122,0.21212121212121213,0.0,0.2727272727272727,0.15151515151515152,1,백반·죽·국수,본그룹
ba_14689854,2025-06,0.782857142857143,35,1.0,0.0,0.7714285714285715,0.14285714285714285,0.2,0.0,0.4857142857142857,0.14285714285714285,1,백반·죽·국수,본그룹
ba_14689855,2025-05,1.0,4,1.0,0.0,1.0,0.0,0.5,0.0,0.0,0.0,0,백반·죽·국수,본그룹
ba_14689855,2025-06,0.7999999999999999,6,1.0,0.0,0.8333333333333334,0.0,0.0,0.0,0.0,0.0,0,백반·죽·국수,본그룹
ba_14689859,2025-05,-1.0,1,0.0,1.0,0.0,0.0,0.0,0.0,1.0,0.0,0,백반·죽·국수,본그룹
ba_14689859,2025-07,1.0,1,1.0,0.0,1.0,0.0,0.0,0.0,0.0,0.0,1,백반·죽·국수,본그룹
ba_14689869,2025-05,1.0,2,1.0,0.0,1.0,0.0,0.5,0.0,0.0,0.5,0,백반·죽·국수,본그룹
ba_14689869,2025-06,1.0,2,1.0,0.0,1.0,0.0,0.0,0.0,0.0,0.0,1,백반·죽·국수,본그룹
ba_14689875,2025-05,0.7999999999999999,14,0.9285714285714286,0.0,0.7857142857142857,0.14285714285714285,0.07142857142857142,0.0,0.14285714285714285,0.0,0,백반·죽·국수,본그룹
ba_14689875,2025-06,0.6,5,0.6,0.0,0.6,0.0,0.0,0.0,0.4,0.0,1,백반·죽·국수,본그룹
ba_14689886,2025-05,0.4,4,0.5,0.25,0.75,0.0,0.5,0.0,0.0,0.0,1,백반·죽·국수,본그룹
ba_14689886,2025-06,1.0,1,1.0,0.0,1.0,0.0,0.0,0.0,0.0,0.0,1,백반·죽·국수,본그룹
ba_14689890,2025-05,0.9199999999999999,5,1.0,0.0,0.6,0.2,0.0,0.0,0.4,0.0,0,백반·죽·국수,본그룹
ba_14689890,2025-06,0.43333333333333335,6,0.8333333333333334,0.16666666666666666,0.6666666666666666,0.16666666666666666,0.3333333333333333,0.0,0.0,0.0,1,백반·죽·국수,본그룹
ba_14689894,2025-05,0.0,1,0.0,0.0,0.0,0.0,0.0,0.0,0.0,0.0,0,백반·죽·국수,본그룹
ba_14689894,2025-06,0.9,6,1.0,0.0,0.8333333333333334,0.16666666666666666,0.0,0.0,0.0,0.16666666666666666,1,백반·죽·국수,본그룹
ba_14689904,2025-05,1.0,2,1.0,0.0,1.0,0.0,0.0,0.0,0.0,0.0,1,백반·죽·국수,본그룹
ba_14689904,2025-06,0.7,4,1.0,0.0,0.75,0.25,0.5,0.25,0.25,0.0,1,백반·죽·국수,본그룹
ba_14689904,2025-07,0.7,2,1.0,0.0,0.5,0.0,0.0,0.0,0.5,0.0,1,백반·죽·국수,본그룹
ba_14689906,2025-05,1.0,1,1.0,0.0,1.0,0.0,0.0,0.0,0.0,0.0,0,백반·죽·국수,본그룹
ba_14689906,2025-06,1.0,1,1.0,0.0,1.0,0.0,0.0,0.0,0.0,0.0,0,백반·죽·국수,본그룹
ba_14689910,2025-05,-0.3,2,0.0,0.5,0.5,0.0,0.0,0.0,0.0,0.0,0,백반·죽·국수,본그룹
ba_14689910,2025-06,0.5142857142857143,7,0.5714285714285714,0.0,0.42857142857142855,0.14285714285714285,0.2857142857142857,0.0,0.0,0.0,0,백반·죽·국수,본그룹
ba_14689936,2025-05,0.5166666666666667,12,0.6666666666666666,0.08333333333333333,0.5,0.08333333333333333,0.08333333333333333,0.0,0.25,0.08333333333333333,0,백반·죽·국수,본그룹
ba_14689936,2025-06,0.6133333333333333,15,0.8,0.0,0.5333333333333333,0.06666666666666667,0.06666666666666667,0.0,0.26666666666666666,0.0,1,백반·죽·국수,본그룹
ba_14689936,2025-07,0.7111111111111111,9,0.8888888888888888,0.0,0.6666666666666666,0.1111111111111111,0.0,0.0,0.2222222222222222,0.0,1,백반·죽·국수,본그룹
ba_14689940,2025-06,0.43636363636363645,11,0.7272727272727273,0.09090909090909091,0.6363636363636364,0.18181818181818182,0.18181818181818182,0.0,0.18181818181818182,0.0,1,백반·죽·국수,본그룹
ba_14689940,2025-05,0.6857142857142857,7,0.8571428571428571,0.0,0.7142857142857143,0.14285714285714285,0.0,0.0,0.14285714285714285,0.14285714285714285,0,백반·죽·국수,본그룹
ba_14689940,2025-07,0.6857142857142858,7,1.0,0.0,0.42857142857142855,0.0,0.42857142857142855,0.0,0.0,0.0,1,백반·죽·국수,본그룹
ba_14689942,2025-06,0.2,2,0.5,0.5,0.5,0.5,0.0,0.5,0.0,0.0,1,백반·죽·국수,본그룹
ba_14689953,2025-06,0.6333333333333333,6,0.6666666666666666,0.0,0.6666666666666666,0.16666666666666666,0.0,0.0,0.0,0.16666666666666666,1,백반·죽·국수,본그룹
ba_14689993,2025-05,0.6285714285714287,7,1.0,0.0,0.5714285714285714,0.0,0.14285714285714285,0.0,0.0,0.0,0,백반·죽·국수,본그룹
ba_14689993,2025-06,0.4857142857142857,7,0.7142857142857143,0.14285714285714285,0.42857142857142855,0.14285714285714285,0.14285714285714285,0.0,0.2857142857142857,0.14285714285714285,1,백반·죽·국수,본그룹
ba_14689999,2025-05,0.7666666666666666,6,1.0,0.0,1.0,0.0,0.3333333333333333,0.0,0.3333333333333333,0.16666666666666666,0,백반·죽·국수,본그룹
ba_14689999,2025-06,0.65,4,1.0,0.0,0.5,0.25,0.0,0.0,0.25,0.0,0,백반·죽·국수,본그룹
ba_14689999,2025-07,1.0,2,1.0,0.0,0.5,0.0,0.5,0.0,0.0,0.0,0,백반·죽·국수,본그룹
ba_14690002,2025-05,0.6999999999999998,6,1.0,0.0,0.8333333333333334,0.0,0.16666666666666666,0.0,0.16666666666666666,0.0,0,백반·죽·국수,본그룹
ba_14690002,2025-06,0.19999999999999998,7,0.42857142857142855,0.14285714285714285,0.42857142857142855,0.0,0.0,0.0,0.14285714285714285,0.0,1,백반·죽·국수,본그룹
ba_14690002,2025-07,0.4,5,0.4,0.0,0.2,0.2,0.2,0.0,0.0,0.0,1,백반·죽·국수,본그룹
ba_14690014,2025-05,0.75,4,1.0,0.0,0.75,0.0,0.0,0.0,0.25,0.25,0,백반·죽·국수,본그룹
ba_14690014,2025-06,1.0,1,1.0,0.0,1.0,0.0,1.0,0.0,1.0,0.0,0,백반·죽·국수,본그룹
ba_14690034,2025-05,0.75,4,1.0,0.0,1.0,0.0,0.0,0.0,0.5,0.5,1,백반·죽·국수,본그룹
ba_14690034,2025-06,0.72,5,1.0,0.0,0.8,0.2,0.2,0.0,0.0,0.0,1,백반·죽·국수,본그룹
ba_14690034,2025-07,0.7000000000000001,6,1.0,0.0,1.0,0.5,0.0,0.0,0.0,0.0,1,백반·죽·국수,본그룹
ba_14690045,2025-05,0.9333333333333332,6,1.0,0.0,0.8333333333333334,0.0,0.0,0.0,0.16666666666666666,0.0,0,백반·죽·국수,본그룹
ba_14690045,2025-06,0.76,5,1.0,0.0,0.8,0.0,0.0,0.0,0.0,0.0,1,백반·죽·국수,본그룹
ba_14690050,2025-05,1.0,2,1.0,0.0,1.0,0.0,1.0,0.0,0.5,0.0,0,백반·죽·국수,본그룹
ba_14690050,2025-06,0.4800000000000001,5,1.0,0.0,0.6,0.4,0.6,0.0,0.2,0.0,1,백반·죽·국수,본그룹
ba_14690050,2025-07,1.0,1,1.0,0.0,1.0,0.0,0.0,0.0,1.0,0.0,1,백반·죽·국수,본그룹
ba_14690053,2025-05,0.72,5,0.8,0.2,1.0,0.4,0.2,0.0,0.0,0.2,0,백반·죽·국수,본그룹
ba_14690053,2025-06,0.84,15,0.9333333333333333,0.0,0.6,0.4666666666666667,0.13333333333333333,0.0,0.0,0.13333333333333333,1,백반·죽·국수,본그룹
ba_14690056,2025-06,1.0,2,1.0,0.0,1.0,0.5,0.0,0.0,0.5,0.5,0,백반·죽·국수,본그룹
ba_14690056,2025-07,1.0,2,1.0,0.0,1.0,0.0,0.0,0.0,0.0,0.0,1,백반·죽·국수,본그룹
ba_14690057,2025-06,0.65,8,0.875,0.0,0.5,0.125,0.25,0.0,0.125,0.125,1,백반·죽·국수,본그룹
ba_14690057,2025-05,1.0,2,1.0,0.0,0.5,0.0,0.0,0.0,0.0,0.5,1,백반·죽·국수,본그룹
ba_14690062,2025-05,0.4,1,1.0,0.0,1.0,0.0,0.0,0.0,1.0,0.0,1,백반·죽·국수,본그룹
ba_14690062,2025-06,0.6000000000000001,2,1.0,0.0,0.0,0.0,0.5,0.0,0.0,0.0,1,백반·죽·국수,본그룹
ba_14690062,2025-07,1.0,2,1.0,0.0,1.0,0.5,0.0,0.0,0.0,0.0,1,백반·죽·국수,본그룹
ba_14690068,2025-05,0.9,2,1.0,0.0,0.5,0.0,1.0,0.0,0.5,0.0,1,백반·죽·국수,본그룹
ba_14690068,2025-06,0.0,3,0.3333333333333333,0.3333333333333333,0.0,0.0,0.3333333333333333,0.0,0.0,0.0,1,백반·죽·국수,본그룹
ba_14690077,2025-05,0.8666666666666667,3,1.0,0.0,0.6666666666666666,0.0,0.3333333333333333,0.0,0.0,0.0,0,백반·죽·국수,본그룹
ba_14690077,2025-06,0.6799999999999999,5,1.0,0.0,0.4,0.0,0.4,0.0,0.4,0.0,0,백반·죽·국수,본그룹
ba_14690077,2025-07,0.0,2,0.0,0.0,0.5,0.0,0.0,0.0,0.0,0.0,0,백반·죽·국수,본그룹
ba_14690081,2025-05,0.75,12,0.9166666666666666,0.0,0.75,0.0,0.25,0.0,0.5,0.16666666666666666,1,백반·죽·국수,본그룹
ba_14690081,2025-06,0.6428571428571429,14,0.8571428571428571,0.0,0.7142857142857143,0.07142857142857142,0.21428571428571427,0.0,0.35714285714285715,0.07142857142857142,1,백반·죽·국수,본그룹
ba_14690086,2025-05,0.8666666666666667,3,1.0,0.0,0.6666666666666666,0.3333333333333333,0.6666666666666666,0.0,0.0,0.0,0,백반·죽·국수,본그룹
ba_14690086,2025-06,1.0,3,1.0,0.0,1.0,0.0,0.3333333333333333,0.0,0.0,0.3333333333333333,1,백반·죽·국수,본그룹
ba_14690092,2025-05,1.0,2,1.0,0.0,1.0,0.0,0.0,0.0,0.0,0.0,0,백반·죽·국수,본그룹
ba_14690092,2025-06,0.39999999999999997,3,0.6666666666666666,0.0,0.6666666666666666,0.0,0.0,0.3333333333333333,0.0,0.0,0,백반·죽·국수,본그룹
ba_14690110,2025-05,1.0,1,1.0,0.0,1.0,0.0,1.0,0.0,1.0,0.0,1,백반·죽·국수,본그룹
ba_14690110,2025-07,0.7333333333333334,6,1.0,0.0,0.5,0.0,0.5,0.0,0.3333333333333333,0.16666666666666666,1,백반·죽·국수,본그룹
ba_14690124,2025-04,1.0,1,1.0,0.0,1.0,1.0,0.0,0.0,0.0,0.0,0,백반·죽·국수,본그룹
ba_14690154,2025-05,0.6,7,0.7142857142857143,0.0,0.7142857142857143,0.14285714285714285,0.14285714285714285,0.0,0.42857142857142855,0.0,0,백반·죽·국수,본그룹
ba_14690154,2025-06,0.6285714285714287,7,0.8571428571428571,0.14285714285714285,0.7142857142857143,0.14285714285714285,0.14285714285714285,0.0,0.5714285714285714,0.0,1,백반·죽·국수,본그룹
ba_14690155,2025-05,1.0,2,1.0,0.0,1.0,0.0,0.5,0.0,0.0,0.0,1,백반·죽·국수,본그룹
ba_14690155,2025-06,1.0,4,1.0,0.0,1.0,0.25,0.0,0.0,0.25,0.25,1,백반·죽·국수,본그룹
ba_14690155,2025-07,0.6444444444444444,9,0.6666666666666666,0.0,0.6666666666666666,0.0,0.0,0.0,0.0,0.0,1,백반·죽·국수,본그룹
ba_14690378,2025-06,0.9333333333333332,3,1.0,0.0,1.0,0.6666666666666666,0.0,0.0,0.0,0.0,1,백반·죽·국수,본그룹
ba_14690378,2025-07,1.0,1,1.0,0.0,1.0,1.0,0.0,0.0,0.0,0.0,1,백반·죽·국수,본그룹
ba_14690560,2025-06,0.2,1,1.0,0.0,0.0,1.0,1.0,0.0,1.0,0.0,1,백반·죽·국수,본그룹
ba_14690565,2025-05,0.7333333333333334,3,1.0,0.0,1.0,0.0,0.0,0.0,0.0,0.0,0,백반·죽·국수,본그룹
ba_14690565,2025-06,0.0,1,0.0,0.0,0.0,1.0,0.0,0.0,0.0,0.0,1,백반·죽·국수,본그룹
ba_14690587,2025-05,0.4,1,1.0,0.0,1.0,0.0,1.0,0.0,0.0,0.0,1,백반·죽·국수,본그룹
ba_14690587,2025-06,1.0,2,1.0,0.0,1.0,0.0,0.0,0.0,0.0,0.0,1,백반·죽·국수,본그룹
ba_14690630,2025-06,0.6799999999999999,5,0.8,0.2,1.0,0.2,0.4,0.0,0.2,0.0,1,백반·죽·국수,본그룹
ba_14690660,2025-06,0.6749999999999999,8,0.875,0.0,0.5,0.25,0.0,0.0,0.375,0.125,1,백반·죽·국수,본그룹
ba_14690660,2025-05,0.8333333333333334,6,1.0,0.0,0.6666666666666666,0.0,0.5,0.16666666666666666,0.16666666666666666,0.16666666666666666,0,백반·죽·국수,본그룹
ba_14690665,2025-05,0.8800000000000001,5,1.0,0.0,0.8,0.2,0.0,0.0,0.2,0.0,0,백반·죽·국수,본그룹
ba_14690665,2025-06,0.8,5,0.8,0.0,1.0,0.0,0.4,0.0,0.2,0.0,1,백반·죽·국수,본그룹
ba_14690665,2025-07,0.8,5,1.0,0.0,0.8,0.2,0.2,0.0,0.4,0.0,1,백반·죽·국수,본그룹
ba_14690672,2025-05,0.5999999999999999,5,1.0,0.0,0.4,0.0,0.0,0.0,0.2,0.0,0,백반·죽·국수,본그룹
ba_14690672,2025-07,0.0,1,0.0,0.0,0.0,1.0,0.0,0.0,0.0,0.0,0,백반·죽·국수,본그룹
ba_14690672,2025-06,0.7,2,1.0,0.0,0.5,0.0,0.0,0.0,0.0,0.0,0,백반·죽·국수,본그룹
ba_14690673,2025-05,0.8,1,1.0,0.0,1.0,1.0,0.0,0.0,0.0,0.0,0,백반·죽·국수,본그룹
ba_14690673,2025-06,0.7999999999999999,3,1.0,0.0,0.6666666666666666,0.0,0.3333333333333333,0.0,0.3333333333333333,0.0,1,백반·죽·국수,본그룹
ba_14690674,2025-05,0.6444444444444444,9,1.0,0.0,0.6666666666666666,0.0,0.0,0.0,0.5555555555555556,0.1111111111111111,0,백반·죽·국수,본그룹
ba_14690674,2025-06,1.0,1,1.0,0.0,1.0,0.0,0.0,0.0,0.0,0.0,1,백반·죽·국수,본그룹
ba_14690674,2025-07,0.8857142857142858,7,1.0,0.0,0.42857142857142855,0.2857142857142857,0.42857142857142855,0.0,0.2857142857142857,0.0,1,백반·죽·국수,본그룹
ba_14690677,2025-05,0.525,8,0.75,0.125,0.5,0.25,0.375,0.0,0.25,0.0,1,백반·죽·국수,본그룹
ba_14690677,2025-06,0.72,10,0.9,0.0,0.8,0.0,0.3,0.0,0.2,0.0,1,백반·죽·국수,본그룹
ba_14690680,2025-05,1.0,1,1.0,0.0,1.0,0.0,0.0,0.0,0.0,0.0,1,백반·죽·국수,본그룹
ba_14690680,2025-06,0.7333333333333334,3,1.0,0.0,0.6666666666666666,0.0,0.0,0.0,0.0,0.0,1,백반·죽·국수,본그룹
ba_14690689,2025-05,0.7,2,1.0,0.0,0.0,0.0,0.0,0.0,0.0,0.0,0,백반·죽·국수,본그룹
ba_14690689,2025-06,0.7999999999999999,3,1.0,0.0,0.6666666666666666,0.0,0.3333333333333333,0.3333333333333333,0.3333333333333333,0.3333333333333333,1,백반·죽·국수,본그룹
ba_14690689,2025-07,0.9333333333333332,3,1.0,0.0,0.3333333333333333,0.3333333333333333,0.0,0.0,0.0,0.0,1,백반·죽·국수,본그룹
ba_14690695,2025-05,0.3333333333333333,6,0.5,0.0,0.16666666666666666,0.16666666666666666,0.0,0.0,0.16666666666666666,0.16666666666666666,1,백반·죽·국수,본그룹
ba_14690695,2025-06,0.6181818181818182,11,0.9090909090909091,0.09090909090909091,0.6363636363636364,0.09090909090909091,0.09090909090909091,0.0,0.18181818181818182,0.09090909090909091,1,백반·죽·국수,본그룹
ba_14690704,2025-05,1.0,1,1.0,0.0,1.0,0.0,0.0,0.0,0.0,0.0,0,백반·죽·국수,본그룹
ba_14690704,2025-06,-0.6,1,0.0,1.0,0.0,1.0,0.0,0.0,0.0,0.0,1,백반·죽·국수,본그룹
ba_14690709,2025-05,0.6,1,1.0,0.0,0.0,0.0,1.0,0.0,0.0,0.0,0,백반·죽·국수,본그룹
ba_14690709,2025-06,0.8,1,1.0,0.0,0.0,0.0,0.0,0.0,0.0,0.0,1,백반·죽·국수,본그룹
ba_14690709,2025-07,0.6,2,1.0,0.0,0.0,0.0,0.0,0.0,1.0,0.0,0,백반·죽·국수,본그룹
ba_14690712,2025-05,0.6,2,1.0,0.0,0.5,0.0,0.0,0.0,0.5,0.0,0,백반·죽·국수,본그룹
ba_14690712,2025-06,0.8666666666666667,3,1.0,0.0,0.6666666666666666,0.0,0.0,0.0,0.0,0.0,1,백반·죽·국수,본그룹
ba_14690718,2025-04,1.0,2,1.0,0.0,1.0,0.0,0.0,0.0,0.0,0.0,0,백반·죽·국수,본그룹
ba_14690718,2025-05,0.6,3,0.6666666666666666,0.0,0.6666666666666666,0.0,0.0,0.0,0.3333333333333333,0.0,0,백반·죽·국수,본그룹
ba_14690718,2025-06,0.2,1,1.0,0.0,1.0,0.0,0.0,0.0,0.0,0.0,1,백반·죽·국수,본그룹
ba_14690722,2025-06,0.19999999999999998,3,0.3333333333333333,0.3333333333333333,0.3333333333333333,0.0,0.0,0.0,0.0,0.0,1,백반·죽·국수,본그룹
ba_14690722,2025-07,1.0,1,1.0,0.0,1.0,0.0,0.0,0.0,0.0,0.0,1,백반·죽·국수,본그룹
ba_14690723,2025-05,0.9,4,1.0,0.0,1.0,0.5,0.0,0.0,0.0,0.0,1,백반·죽·국수,본그룹
ba_14690723,2025-06,0.6888888888888888,9,0.7777777777777778,0.0,0.6666666666666666,0.3333333333333333,0.0,0.0,0.0,0.0,1,백반·죽·국수,본그룹
ba_14690724,2025-05,0.0,1,0.0,0.0,0.0,0.0,0.0,0.0,0.0,0.0,0,백반·죽·국수,본그룹
ba_14690725,2025-05,0.6363636363636364,11,0.8181818181818182,0.0,0.6363636363636364,0.09090909090909091,0.18181818181818182,0.0,0.18181818181818182,0.0,0,백반·죽·국수,본그룹
ba_14690725,2025-06,0.6749999999999999,8,0.75,0.125,0.75,0.0,0.125,0.0,0.0,0.25,1,백반·죽·국수,본그룹
ba_14690752,2025-05,0.6599999999999999,10,0.8,0.0,0.7,0.0,0.1,0.0,0.3,0.0,0,백반·죽·국수,본그룹
ba_14690752,2025-06,0.8285714285714286,7,1.0,0.0,0.7142857142857143,0.0,0.0,0.0,0.0,0.0,1,백반·죽·국수,본그룹
ba_14690752,2025-07,0.9,8,1.0,0.0,0.75,0.125,0.0,0.0,0.0,0.0,1,백반·죽·국수,본그룹
ba_14690763,2025-05,0.7999999999999999,6,1.0,0.0,0.6666666666666666,0.3333333333333333,0.5,0.0,0.5,0.3333333333333333,0,백반·죽·국수,본그룹
ba_14690763,2025-06,1.0,1,1.0,0.0,1.0,0.0,1.0,0.0,0.0,0.0,0,백반·죽·국수,본그룹
ba_14690763,2025-07,0.8,1,1.0,0.0,1.0,0.0,1.0,0.0,0.0,0.0,0,백반·죽·국수,본그룹
ba_14690774,2025-05,1.0,7,1.0,0.0,1.0,0.14285714285714285,0.2857142857142857,0.0,0.42857142857142855,0.0,0,백반·죽·국수,본그룹
ba_14690774,2025-06,0.8444444444444444,9,1.0,0.0,0.7777777777777778,0.1111111111111111,0.3333333333333333,0.0,0.4444444444444444,0.1111111111111111,1,백반·죽·국수,본그룹
ba_14690786,2025-05,0.7999999999999999,3,1.0,0.0,0.6666666666666666,0.0,0.0,0.0,0.0,0.0,0,백반·죽·국수,본그룹
ba_14690786,2025-06,0.5333333333333333,3,0.6666666666666666,0.0,0.6666666666666666,0.0,0.0,0.0,0.3333333333333333,0.0,0,백반·죽·국수,본그룹
ba_14690806,2025-05,1.0,2,1.0,0.0,1.0,0.5,0.5,0.0,0.5,0.0,0,백반·죽·국수,본그룹
ba_14690806,2025-06,0.8,1,1.0,0.0,1.0,0.0,0.0,0.0,0.0,0.0,1,백반·죽·국수,본그룹
ba_14690836,2025-05,0.2,1,1.0,0.0,1.0,0.0,0.0,0.0,0.0,0.0,0,백반·죽·국수,본그룹
ba_14690909,2025-05,0.85,4,1.0,0.0,0.75,0.0,0.0,0.0,0.25,0.0,0,백반·죽·국수,본그룹
ba_14690909,2025-06,1.0,1,1.0,0.0,1.0,0.0,0.0,0.0,0.0,0.0,0,백반·죽·국수,본그룹
ba_14690909,2025-07,0.4,5,0.6,0.0,0.2,0.2,0.4,0.0,0.2,0.2,0,백반·죽·국수,본그룹
ba_14690983,2025-05,0.7,4,0.75,0.0,0.75,0.0,0.5,0.0,0.25,0.25,1,백반·죽·국수,본그룹
ba_14690983,2025-06,0.6571428571428571,7,0.8571428571428571,0.0,0.8571428571428571,0.14285714285714285,0.42857142857142855,0.0,0.2857142857142857,0.0,1,백반·죽·국수,본그룹
ba_14690992,2025-05,0.9,2,1.0,0.0,1.0,0.0,0.0,0.0,0.0,0.0,0,백반·죽·국수,본그룹
ba_14690992,2025-06,1.0,1,1.0,0.0,1.0,0.0,0.0,0.0,0.0,0.0,1,백반·죽·국수,본그룹
ba_14691005,2025-05,0.8,4,1.0,0.0,0.75,0.0,0.25,0.0,0.25,0.25,0,백반·죽·국수,본그룹
ba_14691005,2025-06,0.7333333333333334,3,1.0,0.0,1.0,0.0,0.3333333333333333,0.0,0.0,0.0,1,백반·죽·국수,본그룹
ba_14691030,2025-05,1.0,3,1.0,0.0,1.0,0.0,0.0,0.3333333333333333,0.0,0.0,0,백반·죽·국수,본그룹
ba_14691030,2025-06,0.9333333333333332,6,1.0,0.0,1.0,0.0,0.0,0.0,0.3333333333333333,0.16666666666666666,1,백반·죽·국수,본그룹
ba_14691036,2025-05,0.9,2,1.0,0.0,1.0,0.0,0.0,0.0,0.5,0.5,0,백반·죽·국수,본그룹
ba_14691036,2025-06,1.0,4,1.0,0.0,1.0,0.0,0.25,0.0,0.25,0.75,1,백반·죽·국수,본그룹
ba_14691037,2025-05,1.0,2,1.0,0.0,1.0,0.0,0.5,0.0,0.0,0.5,0,백반·죽·국수,본그룹
ba_14691037,2025-06,0.7,2,1.0,0.0,0.0,0.0,0.0,0.0,0.5,0.0,1,백반·죽·국수,본그룹
ba_14691042,2025-05,0.55,4,1.0,0.0,1.0,0.0,0.0,0.0,0.25,0.0,1,백반·죽·국수,본그룹
ba_14691042,2025-06,0.7333333333333334,6,1.0,0.0,1.0,0.5,0.16666666666666666,0.0,0.16666666666666666,0.0,1,백반·죽·국수,본그룹
ba_14691044,2025-05,1.0,1,1.0,0.0,1.0,0.0,0.0,0.0,1.0,0.0,0,백반·죽·국수,본그룹
ba_14691059,2025-05,0.5,2,0.5,0.0,0.5,0.0,0.0,0.0,0.0,0.0,1,백반·죽·국수,본그룹
ba_14691059,2025-06,0.30000000000000004,4,0.75,0.0,0.5,0.25,0.25,0.0,0.25,0.0,1,백반·죽·국수,본그룹
ba_14691062,2025-05,0.4666666666666667,9,0.6666666666666666,0.0,0.4444444444444444,0.1111111111111111,0.1111111111111111,0.0,0.2222222222222222,0.0,0,백반·죽·국수,본그룹
ba_14691062,2025-06,0.6363636363636362,11,0.9090909090909091,0.0,0.6363636363636364,0.0,0.09090909090909091,0.0,0.2727272727272727,0.09090909090909091,1,백반·죽·국수,본그룹
ba_14691072,2025-05,0.7333333333333334,3,1.0,0.0,1.0,0.3333333333333333,0.3333333333333333,0.0,0.3333333333333333,0.0,0,백반·죽·국수,본그룹
ba_14691072,2025-06,1.0,3,1.0,0.0,1.0,0.0,0.3333333333333333,0.0,0.3333333333333333,0.0,1,백반·죽·국수,본그룹
ba_14691072,2025-07,0.6,4,1.0,0.0,0.5,0.0,0.5,0.0,0.5,0.0,1,백반·죽·국수,본그룹
ba_14691077,2025-05,0.6,5,0.8,0.0,0.4,0.0,0.0,0.0,0.0,0.2,1,백반·죽·국수,본그룹
ba_14691077,2025-06,0.2,2,1.0,0.0,1.0,0.0,0.0,0.0,0.0,0.0,1,백반·죽·국수,본그룹
ba_14691078,2025-07,1.0,4,1.0,0.0,1.0,0.0,0.25,0.0,0.0,0.25,0,백반·죽·국수,본그룹
ba_14691078,2025-05,0.3333333333333333,3,0.6666666666666666,0.3333333333333333,0.6666666666666666,0.3333333333333333,0.3333333333333333,0.0,0.3333333333333333,0.0,0,백반·죽·국수,본그룹
ba_14691078,2025-06,0.6,2,1.0,0.0,1.0,0.5,0.0,0.0,0.0,0.0,0,백반·죽·국수,본그룹
ba_14691080,2025-05,0.5,2,0.5,0.0,0.5,0.0,0.0,0.0,0.0,0.5,1,백반·죽·국수,본그룹
ba_14691080,2025-06,0.8857142857142858,7,1.0,0.0,0.8571428571428571,0.14285714285714285,0.2857142857142857,0.0,0.42857142857142855,0.14285714285714285,1,백반·죽·국수,본그룹
ba_14691084,2025-05,0.7157894736842104,19,0.9473684210526315,0.0,0.7894736842105263,0.05263157894736842,0.2631578947368421,0.0,0.3157894736842105,0.10526315789473684,0,백반·죽·국수,본그룹
ba_14691084,2025-06,0.62,20,0.9,0.0,0.65,0.1,0.2,0.0,0.25,0.05,1,백반·죽·국수,본그룹
ba_14691088,2025-04,0.2,1,1.0,0.0,1.0,0.0,0.0,0.0,0.0,0.0,0,백반·죽·국수,본그룹
ba_14691088,2025-05,0.2,1,1.0,0.0,1.0,0.0,0.0,0.0,0.0,0.0,0,백반·죽·국수,본그룹
ba_14691088,2025-06,0.6,1,1.0,0.0,1.0,0.0,0.0,0.0,0.0,0.0,1,백반·죽·국수,본그룹
ba_14691089,2025-05,1.0,1,1.0,0.0,1.0,0.0,0.0,0.0,0.0,1.0,0,백반·죽·국수,본그룹
ba_14691089,2025-06,0.9333333333333332,3,1.0,0.0,1.0,0.0,0.0,0.0,0.0,0.0,1,백반·죽·국수,본그룹
ba_14691089,2025-07,0.8,4,1.0,0.0,0.5,0.0,0.0,0.0,0.5,0.0,1,백반·죽·국수,본그룹
ba_14691093,2025-05,1.0,1,1.0,0.0,1.0,0.0,0.0,0.0,1.0,0.0,1,백반·죽·국수,본그룹
ba_14691093,2025-06,0.8,1,1.0,0.0,0.0,1.0,0.0,0.0,0.0,0.0,1,백반·죽·국수,본그룹
ba_14691093,2025-07,0.8333333333333334,6,1.0,0.0,1.0,0.16666666666666666,0.16666666666666666,0.0,0.16666666666666666,0.0,1,백반·죽·국수,본그룹
ba_14691101,2025-05,0.8,5,1.0,0.0,0.4,0.0,0.2,0.0,0.4,0.0,0,백반·죽·국수,본그룹
ba_14691101,2025-06,0.7999999999999999,3,1.0,0.0,1.0,0.0,0.3333333333333333,0.0,0.0,0.0,1,백반·죽·국수,본그룹
ba_14691105,2025-05,0.6,1,1.0,0.0,1.0,0.0,0.0,0.0,0.0,0.0,0,백반·죽·국수,본그룹
ba_14691106,2025-05,0.95,8,1.0,0.0,1.0,0.125,0.0,0.0,0.0,0.0,0,백반·죽·국수,본그룹
ba_14691106,2025-06,0.9,2,1.0,0.0,0.5,0.0,0.0,0.0,0.0,0.0,1,백반·죽·국수,본그룹
ba_14691112,2025-05,0.8,4,1.0,0.0,0.5,0.0,0.0,0.0,0.5,0.0,1,백반·죽·국수,본그룹
ba_14691112,2025-06,1.0,3,1.0,0.0,0.6666666666666666,0.3333333333333333,0.0,0.0,0.0,0.0,1,백반·죽·국수,본그룹
ba_14691116,2025-05,0.96,5,1.0,0.0,1.0,0.2,0.0,0.0,0.2,0.0,0,백반·죽·국수,본그룹
ba_14691120,2025-06,0.5,4,1.0,0.0,0.25,0.5,0.25,0.0,0.25,0.0,1,백반·죽·국수,본그룹
ba_14691130,2025-05,1.0,2,1.0,0.0,1.0,0.5,0.5,0.5,0.0,0.0,1,백반·죽·국수,본그룹
ba_14691130,2025-06,0.3333333333333333,3,0.3333333333333333,0.0,0.3333333333333333,0.0,0.0,0.0,0.0,0.0,1,백반·죽·국수,본그룹
ba_14691130,2025-07,0.9199999999999999,10,1.0,0.0,0.8,0.0,0.4,0.0,0.2,0.0,1,백반·죽·국수,본그룹
ba_14691145,2025-05,1.0,1,1.0,0.0,1.0,1.0,0.0,0.0,0.0,0.0,1,백반·죽·국수,본그룹
ba_14691146,2025-06,0.6666666666666666,3,0.6666666666666666,0.0,0.6666666666666666,0.0,0.0,0.0,0.3333333333333333,0.0,1,백반·죽·국수,본그룹
ba_14691146,2025-05,1.0,1,1.0,0.0,1.0,0.0,0.0,0.0,0.0,0.0,0,백반·죽·국수,본그룹
ba_14691147,2025-05,0.7,2,1.0,0.0,0.5,0.0,0.0,0.0,0.5,0.0,0,백반·죽·국수,본그룹
ba_14691147,2025-06,0.7,2,1.0,0.0,0.5,0.0,0.5,0.0,0.5,0.0,0,백반·죽·국수,본그룹
ba_14691147,2025-07,1.0,1,1.0,0.0,1.0,0.0,0.0,0.0,0.0,0.0,1,백반·죽·국수,본그룹
ba_14691150,2025-05,0.76,10,0.9,0.0,0.8,0.2,0.1,0.0,0.2,0.1,0,백반·죽·국수,본그룹
ba_14691150,2025-06,0.6,7,0.7142857142857143,0.2857142857142857,1.0,0.14285714285714285,0.42857142857142855,0.0,0.42857142857142855,0.0,1,백반·죽·국수,본그룹
ba_14691155,2025-05,0.7304347826086955,23,0.9130434782608695,0.0,0.6521739130434783,0.08695652173913043,0.17391304347826086,0.0,0.21739130434782608,0.08695652173913043,0,백반·죽·국수,본그룹
ba_14691155,2025-06,0.7999999999999998,21,1.0,0.0,0.7619047619047619,0.14285714285714285,0.38095238095238093,0.0,0.19047619047619047,0.14285714285714285,1,백반·죽·국수,본그룹
ba_14691171,2025-05,0.7,8,1.0,0.0,0.75,0.0,0.125,0.0,0.125,0.125,0,백반·죽·국수,본그룹
ba_14691171,2025-06,0.8533333333333334,15,1.0,0.0,0.8,0.13333333333333333,0.13333333333333333,0.0,0.3333333333333333,0.13333333333333333,0,백반·죽·국수,본그룹
ba_14691172,2025-05,0.6000000000000001,2,1.0,0.0,0.5,0.0,0.0,0.0,0.0,0.5,0,백반·죽·국수,본그룹
ba_14691172,2025-06,0.72,5,1.0,0.0,0.8,0.0,0.0,0.0,0.2,0.0,1,백반·죽·국수,본그룹
ba_14691172,2025-07,0.6000000000000001,4,1.0,0.0,0.5,0.0,0.0,0.0,0.25,0.0,1,백반·죽·국수,본그룹
ba_14691173,2025-05,1.0,2,1.0,0.0,1.0,0.0,0.5,0.0,0.5,0.0,1,백반·죽·국수,본그룹
ba_14691178,2025-05,0.8250000000000001,8,1.0,0.0,0.625,0.375,0.125,0.0,0.125,0.0,0,백반·죽·국수,본그룹
ba_14691178,2025-06,0.85,8,1.0,0.0,0.875,0.125,0.5,0.0,0.125,0.25,0,백반·죽·국수,본그룹
ba_14691179,2025-05,1.0,1,1.0,0.0,1.0,0.0,0.0,0.0,1.0,0.0,1,백반·죽·국수,본그룹
ba_14691179,2025-06,0.7999999999999999,7,0.8571428571428571,0.0,0.8571428571428571,0.14285714285714285,0.14285714285714285,0.0,0.2857142857142857,0.14285714285714285,1,백반·죽·국수,본그룹
ba_14691187,2025-05,0.4,2,0.5,0.5,0.5,0.5,0.0,0.0,0.0,0.0,1,백반·죽·국수,본그룹
ba_14691187,2025-06,0.8,1,1.0,0.0,1.0,0.0,0.0,0.0,0.0,0.0,1,백반·죽·국수,본그룹
ba_14691187,2025-07,0.85,8,1.0,0.0,0.75,0.0,0.0,0.0,0.25,0.0,1,백반·죽·국수,본그룹
ba_14691194,2025-05,0.9,2,1.0,0.0,1.0,0.0,0.0,0.0,0.0,0.0,1,백반·죽·국수,본그룹
ba_14691194,2025-06,0.7999999999999999,6,0.8333333333333334,0.0,0.6666666666666666,0.16666666666666666,0.3333333333333333,0.0,0.16666666666666666,0.0,1,백반·죽·국수,본그룹
ba_14691194,2025-07,0.6,2,1.0,0.0,0.0,0.0,0.0,0.0,1.0,0.0,1,백반·죽·국수,본그룹
ba_14691209,2025-05,0.6599999999999999,10,1.0,0.0,0.5,0.1,0.0,0.0,0.0,0.1,1,백반·죽·국수,본그룹
ba_14691209,2025-06,0.7999999999999999,3,1.0,0.0,0.6666666666666666,0.0,0.0,0.0,0.0,0.0,1,백반·죽·국수,본그룹
ba_14691228,2025-05,1.0,1,1.0,0.0,1.0,0.0,0.0,0.0,1.0,0.0,0,백반·죽·국수,본그룹
ba_14691228,2025-07,1.0,1,1.0,0.0,1.0,0.0,0.0,0.0,0.0,0.0,1,백반·죽·국수,본그룹
ba_14691234,2025-05,0.8666666666666667,3,1.0,0.0,1.0,0.3333333333333333,0.0,0.0,0.3333333333333333,0.0,0,백반·죽·국수,본그룹
ba_14691234,2025-06,0.6,1,1.0,0.0,1.0,0.0,1.0,0.0,0.0,0.0,1,백반·죽·국수,본그룹
ba_14691235,2025-05,0.3333333333333334,3,0.6666666666666666,0.3333333333333333,0.3333333333333333,0.6666666666666666,0.0,0.0,0.0,0.0,0,백반·죽·국수,본그룹
ba_14691235,2025-06,0.42857142857142855,7,0.8571428571428571,0.0,0.2857142857142857,0.14285714285714285,0.2857142857142857,0.0,0.14285714285714285,0.0,1,백반·죽·국수,본그룹
ba_14691235,2025-07,0.45,8,0.5,0.25,0.5,0.25,0.5,0.0,0.0,0.0,1,백반·죽·국수,본그룹
ba_14691237,2025-06,0.6666666666666666,3,0.6666666666666666,0.0,0.6666666666666666,0.3333333333333333,0.0,0.0,0.0,0.0,0,백반·죽·국수,본그룹
ba_14691237,2025-05,0.6,2,1.0,0.0,1.0,0.0,0.0,0.0,0.0,0.0,0,백반·죽·국수,본그룹
ba_14691237,2025-07,0.2,1,1.0,0.0,0.0,0.0,0.0,0.0,1.0,0.0,0,백반·죽·국수,본그룹
ba_14691245,2025-05,1.0,3,1.0,0.0,1.0,0.3333333333333333,0.0,0.0,0.0,0.0,1,백반·죽·국수,본그룹
ba_14691245,2025-06,1.0,3,1.0,0.0,1.0,0.3333333333333333,0.0,0.0,0.0,0.0,1,백반·죽·국수,본그룹
ba_14691269,2025-05,0.6,6,0.8333333333333334,0.0,0.8333333333333334,0.3333333333333333,0.16666666666666666,0.0,0.3333333333333333,0.16666666666666666,0,백반·죽·국수,본그룹
ba_14691269,2025-06,0.7,2,1.0,0.0,0.5,0.5,0.0,0.0,0.5,0.0,1,백반·죽·국수,본그룹
ba_14691270,2025-05,0.6399999999999999,10,0.8,0.1,0.8,0.1,0.0,0.0,0.2,0.0,1,백반·죽·국수,본그룹
ba_14691270,2025-06,0.4666666666666666,12,0.8333333333333334,0.08333333333333333,0.5833333333333334,0.16666666666666666,0.25,0.0,0.08333333333333333,0.08333333333333333,1,백반·죽·국수,본그룹
ba_14691272,2025-05,0.5333333333333333,3,0.6666666666666666,0.0,0.6666666666666666,0.0,0.0,0.0,0.3333333333333333,0.3333333333333333,0,백반·죽·국수,본그룹
ba_14691272,2025-06,0.30000000000000004,2,1.0,0.0,0.5,0.0,0.0,0.0,0.0,0.0,0,백반·죽·국수,본그룹
ba_14691273,2025-06,0.68,5,1.0,0.0,0.8,0.2,0.0,0.0,0.0,0.0,1,백반·죽·국수,본그룹
ba_14691273,2025-05,0.5199999999999999,5,0.8,0.2,0.6,0.2,0.0,0.0,0.2,0.0,0,백반·죽·국수,본그룹
ba_14691277,2025-05,0.7999999999999999,6,1.0,0.0,0.8333333333333334,0.3333333333333333,0.0,0.0,0.0,0.0,1,백반·죽·국수,본그룹
ba_14691277,2025-06,0.64,5,0.8,0.0,0.8,0.2,0.2,0.0,0.2,0.2,1,백반·죽·국수,본그룹
ba_14691292,2025-05,0.9,2,1.0,0.0,0.5,0.0,0.0,0.0,0.5,0.0,1,백반·죽·국수,본그룹
ba_14691292,2025-06,0.911111111111111,9,1.0,0.0,1.0,0.0,0.1111111111111111,0.0,0.2222222222222222,0.1111111111111111,1,백반·죽·국수,본그룹
ba_14691295,2025-05,0.7463414634146341,41,0.975609756097561,0.0,0.7804878048780488,0.17073170731707318,0.14634146341463414,0.0,0.36585365853658536,0.0975609756097561,1,백반·죽·국수,본그룹
ba_14691295,2025-06,0.7283018867924529,53,0.9056603773584906,0.0,0.6415094339622641,0.1509433962264151,0.16981132075471697,0.0,0.2830188679245283,0.11320754716981132,1,백반·죽·국수,본그룹
ba_14691296,2025-05,0.9,2,1.0,0.0,1.0,0.0,0.0,0.0,0.0,0.0,0,백반·죽·국수,본그룹
ba_14691296,2025-06,1.0,2,1.0,0.0,1.0,0.0,0.0,0.0,0.0,0.0,1,백반·죽·국수,본그룹
ba_14691298,2025-06,0.775,8,0.875,0.0,0.625,0.0,0.25,0.0,0.25,0.0,1,백반·죽·국수,본그룹
ba_14691330,2025-06,0.8,4,1.0,0.0,0.75,0.0,0.25,0.0,0.0,0.0,1,백반·죽·국수,본그룹
ba_14691344,2025-05,0.8181818181818182,11,1.0,0.0,0.9090909090909091,0.09090909090909091,0.0,0.0,0.09090909090909091,0.0,0,백반·죽·국수,본그룹
ba_14691344,2025-06,0.7111111111111111,9,0.8888888888888888,0.0,0.6666666666666666,0.2222222222222222,0.0,0.0,0.3333333333333333,0.1111111111111111,1,백반·죽·국수,본그룹
ba_14691344,2025-07,0.8428571428571429,14,1.0,0.0,0.9285714285714286,0.35714285714285715,0.07142857142857142,0.0,0.14285714285714285,0.14285714285714285,1,백반·죽·국수,본그룹
ba_14691361,2025-05,0.85,12,1.0,0.0,0.8333333333333334,0.16666666666666666,0.25,0.0,0.5833333333333334,0.08333333333333333,0,백반·죽·국수,본그룹
ba_14691361,2025-06,0.6571428571428571,7,1.0,0.0,0.5714285714285714,0.42857142857142855,0.14285714285714285,0.0,0.42857142857142855,0.2857142857142857,1,백반·죽·국수,본그룹
ba_14691372,2025-05,0.6,2,1.0,0.0,1.0,0.0,0.0,0.0,0.0,0.0,1,백반·죽·국수,본그룹
ba_14691372,2025-06,0.6,1,1.0,0.0,1.0,0.0,0.0,0.0,0.0,0.0,1,백반·죽·국수,본그룹
ba_14691375,2025-05,0.6666666666666667,30,0.8,0.0,0.5333333333333333,0.1,0.3,0.0,0.5,0.13333333333333333,0,백반·죽·국수,본그룹
ba_14691375,2025-06,0.7666666666666666,18,0.9444444444444444,0.0,0.6666666666666666,0.1111111111111111,0.05555555555555555,0.0,0.2222222222222222,0.0,1,백반·죽·국수,본그룹
ba_14691751,2025-05,0.6285714285714287,7,0.7142857142857143,0.14285714285714285,0.5714285714285714,0.2857142857142857,0.2857142857142857,0.0,0.0,0.14285714285714285,0,백반·죽·국수,본그룹
ba_14691751,2025-06,0.5333333333333333,6,0.8333333333333334,0.0,0.5,0.3333333333333333,0.0,0.0,0.16666666666666666,0.0,0,백반·죽·국수,본그룹
ba_14691791,2025-05,0.7714285714285715,7,1.0,0.0,0.8571428571428571,0.2857142857142857,0.14285714285714285,0.0,0.14285714285714285,0.0,0,백반·죽·국수,본그룹
ba_14691791,2025-06,1.0,1,1.0,0.0,1.0,0.0,0.0,0.0,0.0,0.0,1,백반·죽·국수,본그룹
ba_14691797,2025-05,0.5,2,0.5,0.0,0.5,0.0,0.0,0.0,0.0,0.0,0,백반·죽·국수,본그룹
ba_14691798,2025-05,0.6,2,1.0,0.0,0.5,1.0,0.0,0.0,0.5,0.0,0,백반·죽·국수,본그룹
ba_14691798,2025-06,1.0,2,1.0,0.0,1.0,0.0,0.0,0.0,0.0,0.0,0,백반·죽·국수,본그룹
ba_14691801,2025-05,0.65,4,0.75,0.0,0.75,0.0,0.25,0.0,0.0,0.0,0,백반·죽·국수,본그룹
ba_14691801,2025-06,0.6,3,0.6666666666666666,0.0,0.6666666666666666,0.3333333333333333,1.0,0.0,0.0,0.3333333333333333,1,백반·죽·국수,본그룹
ba_14691803,2025-05,0.75,4,1.0,0.0,0.5,0.0,0.25,0.0,0.25,0.0,1,백반·죽·국수,본그룹
ba_14691803,2025-06,0.8333333333333334,6,1.0,0.0,0.8333333333333334,0.16666666666666666,0.0,0.0,0.0,0.0,0,백반·죽·국수,본그룹
ba_14691813,2025-05,0.6,1,1.0,0.0,1.0,0.0,0.0,0.0,0.0,0.0,0,백반·죽·국수,본그룹
ba_14691813,2025-06,1.0,2,1.0,0.0,1.0,0.0,0.5,0.0,0.0,0.0,1,백반·죽·국수,본그룹
ba_14691813,2025-07,1.0,1,1.0,0.0,1.0,0.0,0.0,0.0,0.0,1.0,1,백반·죽·국수,본그룹
ba_14691815,2025-05,0.6666666666666666,6,1.0,0.0,0.6666666666666666,0.0,0.0,0.0,0.3333333333333333,0.0,0,백반·죽·국수,본그룹
ba_14691815,2025-06,0.52,5,0.8,0.0,0.6,0.0,0.2,0.0,0.0,0.2,0,백반·죽·국수,본그룹
ba_14691817,2025-05,1.0,1,1.0,0.0,1.0,0.0,0.0,0.0,0.0,0.0,0,백반·죽·국수,본그룹
ba_14691817,2025-06,1.0,2,1.0,0.0,0.5,0.5,0.0,0.0,0.0,0.5,0,백반·죽·국수,본그룹
ba_14691817,2025-07,0.7692307692307693,13,0.9230769230769231,0.0,0.6153846153846154,0.07692307692307693,0.15384615384615385,0.0,0.3076923076923077,0.0,0,백반·죽·국수,본그룹
ba_14691829,2025-05,0.7000000000000001,6,1.0,0.0,0.8333333333333334,0.16666666666666666,0.16666666666666666,0.0,0.5,0.16666666666666666,0,백반·죽·국수,본그룹
ba_14691829,2025-06,0.55,4,0.75,0.0,0.75,0.0,0.0,0.0,0.25,0.0,1,백반·죽·국수,본그룹
ba_14691829,2025-07,0.6333333333333333,6,0.8333333333333334,0.16666666666666666,0.8333333333333334,0.0,0.16666666666666666,0.0,0.0,0.5,1,백반·죽·국수,본그룹
ba_14691834,2025-05,0.5,4,0.75,0.25,0.5,0.5,0.0,0.0,0.0,0.0,0,백반·죽·국수,본그룹
ba_14691834,2025-06,0.0,1,0.0,0.0,1.0,0.0,0.0,0.0,0.0,0.0,0,백반·죽·국수,본그룹
ba_14691857,2025-05,0.4,1,1.0,0.0,1.0,0.0,0.0,0.0,0.0,0.0,1,백반·죽·국수,본그룹
ba_14691857,2025-06,0.6,3,1.0,0.0,1.0,0.0,0.0,0.0,0.0,0.3333333333333333,1,백반·죽·국수,본그룹
ba_14691859,2025-05,0.6,2,1.0,0.0,0.5,0.0,0.0,0.0,0.5,0.0,0,백반·죽·국수,본그룹
ba_14691859,2025-07,-0.3,2,0.0,0.5,0.5,0.5,0.0,0.0,0.5,0.0,1,백반·죽·국수,본그룹
ba_14691860,2025-05,0.3,2,0.5,0.0,0.5,0.5,0.0,0.0,0.0,0.0,0,백반·죽·국수,본그룹
ba_14691860,2025-06,1.0,2,1.0,0.0,1.0,0.0,0.5,0.0,0.5,0.0,1,백반·죽·국수,본그룹
ba_14691861,2025-04,1.0,2,1.0,0.0,1.0,0.5,0.5,0.0,0.0,0.0,0,백반·죽·국수,본그룹
ba_14691861,2025-05,1.0,1,1.0,0.0,1.0,0.0,0.0,0.0,0.0,0.0,0,백반·죽·국수,본그룹
ba_14691864,2025-05,0.6,1,1.0,0.0,1.0,0.0,0.0,0.0,0.0,0.0,0,백반·죽·국수,본그룹
ba_14691864,2025-06,0.4666666666666666,3,0.6666666666666666,0.0,0.3333333333333333,0.3333333333333333,0.3333333333333333,0.0,0.3333333333333333,0.3333333333333333,0,백반·죽·국수,본그룹
ba_14691884,2025-05,0.6,1,1.0,0.0,0.0,0.0,0.0,0.0,0.0,1.0,0,백반·죽·국수,본그룹
ba_14691884,2025-06,0.2,1,1.0,0.0,1.0,0.0,0.0,1.0,0.0,0.0,1,백반·죽·국수,본그룹
ba_14691884,2025-07,0.6,4,0.75,0.0,0.5,0.25,0.0,0.0,0.0,0.0,1,백반·죽·국수,본그룹
ba_14691891,2025-05,0.8,2,1.0,0.0,1.0,0.0,0.5,0.0,0.0,0.0,0,백반·죽·국수,본그룹
ba_14691891,2025-06,0.5,4,1.0,0.0,0.5,0.0,0.0,0.0,0.0,0.0,0,백반·죽·국수,본그룹
ba_14691894,2025-05,0.9,4,1.0,0.0,0.75,0.0,0.0,0.0,0.75,0.0,1,백반·죽·국수,본그룹
ba_14691894,2025-06,0.3999999999999999,5,0.8,0.2,0.4,0.0,0.2,0.0,0.8,0.0,1,백반·죽·국수,본그룹
ba_14691901,2025-05,1.0,5,1.0,0.0,1.0,0.0,0.4,0.0,0.4,0.0,1,백반·죽·국수,본그룹
ba_14691901,2025-06,0.6,4,0.75,0.25,0.75,0.25,0.5,0.0,0.5,0.25,1,백반·죽·국수,본그룹
ba_14691904,2025-05,0.2,1,1.0,0.0,0.0,0.0,0.0,0.0,1.0,0.0,0,백반·죽·국수,본그룹
ba_14691904,2025-07,0.7333333333333334,3,1.0,0.0,0.3333333333333333,0.3333333333333333,0.3333333333333333,0.0,0.0,0.0,0,백반·죽·국수,본그룹
ba_14691904,2025-06,0.9,2,1.0,0.0,0.5,0.0,0.5,0.0,0.5,0.0,0,백반·죽·국수,본그룹
ba_14691908,2025-05,0.75,8,0.875,0.0,0.75,0.0,0.0,0.0,0.0,0.25,1,백반·죽·국수,본그룹
ba_14691908,2025-06,0.6285714285714287,7,0.8571428571428571,0.0,0.5714285714285714,0.0,0.2857142857142857,0.0,0.2857142857142857,0.14285714285714285,1,백반·죽·국수,본그룹
ba_14691908,2025-07,0.9222222222222223,18,0.9444444444444444,0.0,0.6111111111111112,0.2222222222222222,0.16666666666666666,0.0,0.1111111111111111,0.0,0,백반·죽·국수,본그룹
ba_14691909,2025-05,0.2,1,1.0,0.0,1.0,0.0,0.0,0.0,0.0,0.0,1,백반·죽·국수,본그룹
ba_14691909,2025-06,0.4,1,1.0,0.0,1.0,1.0,0.0,0.0,0.0,0.0,1,백반·죽·국수,본그룹
ba_14691909,2025-07,1.0,1,1.0,0.0,1.0,0.0,1.0,0.0,0.0,0.0,1,백반·죽·국수,본그룹
ba_14691918,2025-05,-0.2,1,0.0,1.0,0.0,0.0,0.0,1.0,0.0,0.0,1,백반·죽·국수,본그룹
ba_14691943,2025-05,0.44000000000000006,5,0.6,0.2,0.8,0.4,0.2,0.0,0.2,0.0,0,백반·죽·국수,본그룹
ba_14691943,2025-06,0.5200000000000001,5,1.0,0.0,0.8,0.2,0.0,0.0,0.2,0.0,1,백반·죽·국수,본그룹
ba_14691949,2025-05,0.675,8,1.0,0.0,0.625,0.0,0.375,0.0,0.25,0.125,0,백반·죽·국수,본그룹
ba_14691949,2025-06,1.0,1,1.0,0.0,1.0,0.0,0.0,0.0,1.0,0.0,0,백반·죽·국수,본그룹
ba_14691953,2025-05,0.5,2,0.5,0.0,0.5,0.0,0.5,0.0,0.5,0.0,1,백반·죽·국수,본그룹
ba_14691953,2025-06,0.4,2,0.5,0.0,0.5,0.5,0.5,0.0,0.5,0.0,1,백반·죽·국수,본그룹
ba_14691953,2025-07,0.75,4,0.75,0.0,0.75,0.0,0.0,0.0,0.0,0.0,1,백반·죽·국수,본그룹
ba_14691958,2025-05,0.5333333333333333,6,0.6666666666666666,0.16666666666666666,0.6666666666666666,0.16666666666666666,0.0,0.0,0.0,0.0,0,백반·죽·국수,본그룹
ba_14691958,2025-06,0.10000000000000002,6,0.6666666666666666,0.3333333333333333,0.8333333333333334,0.0,0.0,0.0,0.0,0.0,1,백반·죽·국수,본그룹
ba_14691965,2025-05,0.85,4,1.0,0.0,0.75,0.0,0.0,0.0,0.0,0.0,1,백반·죽·국수,본그룹
ba_14691965,2025-06,0.8999999999999999,4,1.0,0.0,1.0,0.25,0.0,0.0,0.0,0.0,1,백반·죽·국수,본그룹
ba_14691969,2025-05,0.5333333333333333,3,1.0,0.0,0.6666666666666666,0.0,0.0,0.0,0.0,0.0,1,백반·죽·국수,본그룹
ba_14691969,2025-06,0.56,5,1.0,0.0,0.6,0.2,0.0,0.0,0.2,0.0,1,백반·죽·국수,본그룹
ba_14691974,2025-05,0.9333333333333332,6,1.0,0.0,0.8333333333333334,0.0,0.16666666666666666,0.0,0.6666666666666666,0.0,0,백반·죽·국수,본그룹
ba_14691974,2025-06,0.2,1,1.0,0.0,0.0,0.0,0.0,0.0,1.0,0.0,1,백반·죽·국수,본그룹
ba_14691974,2025-07,0.742857142857143,7,1.0,0.0,0.7142857142857143,0.0,0.2857142857142857,0.0,0.0,0.0,1,백반·죽·국수,본그룹
ba_14691975,2025-05,0.8260869565217391,23,1.0,0.0,0.7391304347826086,0.13043478260869565,0.2608695652173913,0.0,0.5217391304347826,0.13043478260869565,1,백반·죽·국수,본그룹
ba_14691975,2025-06,0.6960000000000001,25,0.92,0.0,0.56,0.2,0.08,0.0,0.32,0.12,1,백반·죽·국수,본그룹
ba_14691976,2025-05,0.6666666666666666,24,0.9166666666666666,0.0,0.75,0.125,0.125,0.0,0.2916666666666667,0.041666666666666664,1,백반·죽·국수,본그룹
ba_14691976,2025-06,0.8538461538461538,26,0.9230769230769231,0.0,0.8461538461538461,0.07692307692307693,0.19230769230769232,0.0,0.19230769230769232,0.11538461538461539,1,백반·죽·국수,본그룹
ba_14691989,2025-05,0.64,5,0.8,0.0,0.6,0.2,0.2,0.0,0.4,0.0,1,백반·죽·국수,본그룹
ba_14691989,2025-06,0.7,4,1.0,0.0,0.5,0.5,0.0,0.0,0.5,0.25,1,백반·죽·국수,본그룹
ba_14691989,2025-07,0.8400000000000001,10,1.0,0.0,0.8,0.0,0.2,0.0,0.2,0.0,1,백반·죽·국수,본그룹
ba_14691996,2025-05,0.5,2,0.5,0.0,1.0,1.0,0.0,0.0,0.0,0.0,0,백반·죽·국수,본그룹
ba_14691996,2025-06,0.6666666666666666,3,0.6666666666666666,0.0,0.6666666666666666,0.0,0.3333333333333333,0.0,0.0,0.0,1,백반·죽·국수,본그룹
ba_14691997,2025-05,0.6222222222222222,9,0.7777777777777778,0.0,0.5555555555555556,0.3333333333333333,0.2222222222222222,0.0,0.1111111111111111,0.1111111111111111,0,백반·죽·국수,본그룹
ba_14691997,2025-06,0.8181818181818182,11,1.0,0.0,0.6363636363636364,0.18181818181818182,0.2727272727272727,0.0,0.45454545454545453,0.2727272727272727,0,백반·죽·국수,본그룹
ba_14691997,2025-07,0.7857142857142857,14,1.0,0.0,0.6428571428571429,0.0,0.14285714285714285,0.0,0.35714285714285715,0.21428571428571427,0,백반·죽·국수,본그룹
ba_14691998,2025-05,0.6,5,0.8,0.0,0.6,0.0,0.4,0.0,0.0,0.0,1,백반·죽·국수,본그룹
ba_14691998,2025-06,0.6,2,1.0,0.0,0.5,0.0,0.5,0.0,0.0,0.0,1,백반·죽·국수,본그룹
ba_14691999,2025-06,0.8,2,1.0,0.0,1.0,0.0,0.0,0.0,0.0,0.0,1,백반·죽·국수,본그룹
ba_14691999,2025-07,0.6285714285714287,7,0.8571428571428571,0.14285714285714285,0.5714285714285714,0.2857142857142857,0.2857142857142857,0.0,0.14285714285714285,0.0,1,백반·죽·국수,본그룹
ba_14692012,2025-05,0.8400000000000001,5,1.0,0.0,0.6,0.2,0.6,0.0,0.6,0.0,0,백반·죽·국수,본그룹
ba_14692012,2025-06,0.8400000000000001,5,1.0,0.0,1.0,0.4,0.2,0.0,0.2,0.2,1,백반·죽·국수,본그룹
ba_14692022,2025-05,0.9428571428571428,7,1.0,0.0,1.0,0.2857142857142857,0.0,0.0,0.0,0.2857142857142857,0,백반·죽·국수,본그룹
ba_14692022,2025-06,0.7428571428571429,7,1.0,0.0,0.5714285714285714,0.14285714285714285,0.0,0.0,0.5714285714285714,0.0,1,백반·죽·국수,본그룹
ba_14692022,2025-07,0.6666666666666666,3,0.6666666666666666,0.0,0.6666666666666666,0.0,0.0,0.0,0.0,0.0,1,백반·죽·국수,본그룹
ba_14692035,2025-05,0.15000000000000002,4,0.5,0.25,0.25,0.25,0.0,0.0,0.5,0.0,0,백반·죽·국수,본그룹
ba_14692035,2025-06,0.8666666666666667,3,1.0,0.0,0.6666666666666666,0.3333333333333333,0.3333333333333333,0.0,0.0,0.3333333333333333,0,백반·죽·국수,본그룹
ba_14692060,2025-05,0.65,4,0.75,0.25,0.5,0.0,0.0,0.0,0.25,0.0,1,백반·죽·국수,본그룹
ba_14692060,2025-06,0.55,4,0.75,0.0,0.5,0.0,0.25,0.0,0.0,0.0,1,백반·죽·국수,본그룹
ba_14692060,2025-07,0.44000000000000006,10,0.8,0.0,0.2,0.0,0.2,0.0,0.2,0.0,1,백반·죽·국수,본그룹
ba_14692077,2025-05,0.2,1,1.0,0.0,1.0,0.0,0.0,0.0,0.0,0.0,0,백반·죽·국수,본그룹
ba_14692077,2025-06,1.0,1,1.0,0.0,1.0,1.0,1.0,0.0,0.0,1.0,0,백반·죽·국수,본그룹
ba_14692092,2025-05,0.9,2,1.0,0.0,1.0,0.0,0.5,0.0,0.0,0.0,0,백반·죽·국수,본그룹
ba_14692116,2025-05,0.5599999999999999,10,0.9,0.0,0.4,0.2,0.1,0.0,0.1,0.2,1,백반·죽·국수,본그룹
ba_14692116,2025-06,0.5800000000000001,10,0.9,0.1,0.8,0.2,0.0,0.0,0.1,0.0,1,백반·죽·국수,본그룹
ba_14692118,2025-05,1.0,1,1.0,0.0,1.0,0.0,0.0,0.0,0.0,0.0,1,백반·죽·국수,본그룹
ba_14692118,2025-06,0.6,3,0.6666666666666666,0.0,0.6666666666666666,0.3333333333333333,0.3333333333333333,0.0,0.0,0.0,1,백반·죽·국수,본그룹
ba_14692121,2025-05,0.8666666666666667,3,1.0,0.0,0.6666666666666666,0.0,0.3333333333333333,0.0,0.3333333333333333,0.0,0,백반·죽·국수,본그룹
ba_14692121,2025-06,0.4000000000000001,3,0.6666666666666666,0.3333333333333333,0.6666666666666666,0.3333333333333333,0.0,0.3333333333333333,0.0,0.3333333333333333,1,백반·죽·국수,본그룹
ba_14692146,2025-05,0.4,2,1.0,0.0,1.0,0.0,0.0,0.0,0.0,0.5,0,백반·죽·국수,본그룹
ba_14692146,2025-06,0.4,8,0.625,0.25,0.625,0.125,0.125,0.125,0.125,0.125,0,백반·죽·국수,본그룹
ba_14692146,2025-07,0.7999999999999999,3,1.0,0.0,1.0,0.3333333333333333,0.0,0.0,0.0,0.0,0,백반·죽·국수,본그룹
ba_14692155,2025-05,1.0,1,1.0,0.0,1.0,0.0,0.0,0.0,0.0,0.0,1,백반·죽·국수,본그룹
ba_14692155,2025-06,0.5599999999999999,5,0.8,0.2,1.0,0.0,0.0,0.0,0.0,0.0,1,백반·죽·국수,본그룹
ba_14692164,2025-05,0.8,1,1.0,0.0,0.0,0.0,0.0,0.0,0.0,0.0,0,백반·죽·국수,본그룹
ba_14692165,2025-05,0.76,5,1.0,0.0,0.6,0.2,0.2,0.0,0.4,0.0,1,백반·죽·국수,본그룹
ba_14692165,2025-06,0.6,2,1.0,0.0,0.5,0.0,0.5,0.0,0.5,0.0,1,백반·죽·국수,본그룹
ba_14692168,2025-05,0.8125,16,0.9375,0.0,0.75,0.25,0.125,0.0,0.25,0.125,0,백반·죽·국수,본그룹
ba_14692168,2025-06,0.575,16,0.8125,0.0625,0.5625,0.125,0.125,0.0,0.0625,0.125,1,백반·죽·국수,본그룹
ba_14692178,2025-05,0.7,2,1.0,0.0,1.0,0.0,0.5,0.0,0.0,0.0,1,백반·죽·국수,본그룹
ba_14692185,2025-05,0.82,10,0.9,0.0,0.7,0.2,0.1,0.0,0.4,0.0,1,백반·죽·국수,본그룹
ba_14692185,2025-06,0.6,7,0.8571428571428571,0.0,0.8571428571428571,0.0,0.14285714285714285,0.0,0.14285714285714285,0.0,0,백반·죽·국수,본그룹
ba_14692190,2025-05,0.6166666666666667,12,0.75,0.0,0.5833333333333334,0.25,0.25,0.0,0.25,0.0,1,백반·죽·국수,본그룹
ba_14692190,2025-06,0.675,16,0.9375,0.0,0.5625,0.1875,0.25,0.0625,0.0625,0.125,1,백반·죽·국수,본그룹
ba_14692194,2025-05,0.85,4,1.0,0.0,0.75,0.0,0.0,0.0,0.25,0.0,1,백반·죽·국수,본그룹
ba_14692194,2025-06,0.7666666666666666,6,0.8333333333333334,0.0,0.8333333333333334,0.5,0.0,0.0,0.0,0.0,1,백반·죽·국수,본그룹
ba_14692201,2025-05,0.4,1,1.0,0.0,0.0,0.0,1.0,0.0,0.0,0.0,0,백반·죽·국수,본그룹
ba_14692201,2025-06,0.7,2,1.0,0.0,0.5,0.0,0.0,0.0,0.0,0.5,1,백반·죽·국수,본그룹
ba_14692211,2025-05,0.95,8,1.0,0.0,0.875,0.5,0.125,0.0,0.25,0.0,0,백반·죽·국수,본그룹
ba_14692211,2025-06,0.7454545454545454,11,1.0,0.0,0.7272727272727273,0.18181818181818182,0.18181818181818182,0.0,0.36363636363636365,0.36363636363636365,1,백반·죽·국수,본그룹
ba_14692212,2025-05,0.4,2,0.5,0.0,0.5,0.0,0.0,0.0,0.5,0.0,0,백반·죽·국수,본그룹
ba_14692212,2025-06,0.0,1,0.0,0.0,0.0,0.0,0.0,0.0,0.0,0.0,1,백반·죽·국수,본그룹
ba_14692216,2025-06,0.8666666666666667,9,1.0,0.0,0.6666666666666666,0.1111111111111111,0.2222222222222222,0.0,0.0,0.0,1,백반·죽·국수,본그룹
ba_14692232,2025-05,1.0,1,1.0,0.0,1.0,0.0,0.0,0.0,0.0,0.0,1,백반·죽·국수,본그룹
ba_14692232,2025-06,1.0,1,1.0,0.0,1.0,0.0,0.0,0.0,0.0,0.0,1,백반·죽·국수,본그룹
ba_14692242,2025-05,0.48571428571428577,7,0.8571428571428571,0.0,0.2857142857142857,0.14285714285714285,0.5714285714285714,0.0,0.5714285714285714,0.0,1,백반·죽·국수,본그룹
ba_14692246,2025-05,1.0,1,1.0,0.0,1.0,0.0,1.0,0.0,1.0,0.0,0,백반·죽·국수,본그룹
ba_14692246,2025-06,0.6333333333333333,6,0.8333333333333334,0.16666666666666666,1.0,0.16666666666666666,0.0,0.0,0.16666666666666666,0.0,1,백반·죽·국수,본그룹
ba_14692251,2025-05,0.6200000000000001,10,1.0,0.0,0.7,0.3,0.3,0.0,0.0,0.1,1,백반·죽·국수,본그룹
ba_14692251,2025-06,0.5733333333333335,15,0.6666666666666666,0.13333333333333333,0.8,0.26666666666666666,0.06666666666666667,0.0,0.06666666666666667,0.0,1,백반·죽·국수,본그룹
ba_14692258,2025-05,1.0,3,1.0,0.0,1.0,0.0,0.0,0.0,0.3333333333333333,0.0,1,백반·죽·국수,본그룹
ba_14692258,2025-06,0.7333333333333334,3,1.0,0.0,0.6666666666666666,0.3333333333333333,0.0,0.0,0.3333333333333333,0.0,1,백반·죽·국수,본그룹
ba_14692258,2025-07,1.0,6,1.0,0.0,1.0,0.0,0.0,0.0,0.0,0.0,1,백반·죽·국수,본그룹
ba_14692275,2025-05,0.7999999999999999,6,1.0,0.0,0.6666666666666666,0.16666666666666666,0.16666666666666666,0.0,0.3333333333333333,0.16666666666666666,1,백반·죽·국수,본그룹
ba_14692275,2025-06,0.75,4,0.75,0.0,0.75,0.25,0.25,0.0,0.25,0.0,1,백반·죽·국수,본그룹
ba_14692278,2025-05,0.7,2,1.0,0.0,0.5,0.0,0.0,0.0,0.0,0.0,0,백반·죽·국수,본그룹
ba_14692278,2025-07,1.0,2,1.0,0.0,1.0,0.0,0.0,0.0,0.0,0.0,1,백반·죽·국수,본그룹
ba_14692291,2025-05,0.6,2,1.0,0.0,1.0,0.5,0.0,0.0,0.5,0.0,0,백반·죽·국수,본그룹
ba_14692291,2025-06,0.7,2,1.0,0.0,0.5,0.0,0.5,0.0,0.5,0.0,0,백반·죽·국수,본그룹
ba_14692326,2025-05,0.65,4,0.75,0.0,0.5,0.0,0.25,0.0,0.5,0.0,1,백반·죽·국수,본그룹
ba_14692326,2025-06,0.8,2,1.0,0.0,1.0,0.0,0.0,0.0,0.0,0.0,1,백반·죽·국수,본그룹
ba_14692326,2025-07,0.7333333333333333,12,1.0,0.0,0.6666666666666666,0.16666666666666666,0.16666666666666666,0.0,0.0,0.16666666666666666,1,백반·죽·국수,본그룹
ba_14692339,2025-05,1.0,2,1.0,0.0,1.0,0.0,0.0,0.0,0.5,0.0,0,백반·죽·국수,본그룹
ba_14692339,2025-06,0.6,2,1.0,0.0,0.5,0.0,0.0,0.0,0.0,0.0,1,백반·죽·국수,본그룹
ba_14692346,2025-05,0.7,8,0.875,0.125,0.875,0.125,0.0,0.0,0.0,0.125,0,백반·죽·국수,본그룹
ba_14692346,2025-06,0.8,5,1.0,0.0,0.8,0.0,0.2,0.0,0.4,0.0,0,백반·죽·국수,본그룹
ba_14692383,2025-05,0.52,5,0.8,0.2,0.6,0.0,0.2,0.0,0.0,0.2,0,백반·죽·국수,본그룹
ba_14692383,2025-06,0.5,2,0.5,0.0,0.5,0.0,0.0,0.0,0.0,0.0,0,백반·죽·국수,본그룹
ba_14692383,2025-07,0.3333333333333333,3,0.6666666666666666,0.3333333333333333,0.3333333333333333,0.3333333333333333,0.0,0.0,0.3333333333333333,0.0,0,백반·죽·국수,본그룹
ba_14692433,2025-05,0.76,5,1.0,0.0,1.0,0.0,0.0,0.0,0.0,0.0,0,백반·죽·국수,본그룹
ba_14692433,2025-06,0.5333333333333333,3,0.6666666666666666,0.0,0.6666666666666666,0.6666666666666666,0.3333333333333333,0.0,0.0,0.3333333333333333,1,백반·죽·국수,본그룹
ba_14692433,2025-07,0.95,8,1.0,0.0,1.0,0.5,0.0,0.0,0.0,0.25,1,백반·죽·국수,본그룹
ba_14692434,2025-04,0.9,2,1.0,0.0,0.5,0.0,0.0,0.0,0.0,0.0,0,백반·죽·국수,본그룹
ba_14692434,2025-05,0.45,4,1.0,0.0,0.25,0.0,0.25,0.0,0.75,0.0,0,백반·죽·국수,본그룹
ba_14692434,2025-06,0.7428571428571428,7,1.0,0.0,0.5714285714285714,0.0,0.42857142857142855,0.0,0.14285714285714285,0.0,0,백반·죽·국수,본그룹
ba_14692434,2025-07,0.30000000000000004,2,0.5,0.5,1.0,0.0,0.5,0.0,0.0,0.0,0,백반·죽·국수,본그룹
ba_14692439,2025-05,0.1,2,0.5,0.0,0.5,0.0,0.0,0.0,0.0,0.0,1,백반·죽·국수,본그룹
ba_14692439,2025-06,0.9,8,1.0,0.0,0.875,0.125,0.0,0.0,0.25,0.25,1,백반·죽·국수,본그룹
ba_14692439,2025-07,0.64,10,0.8,0.0,0.4,0.4,0.2,0.0,0.2,0.2,1,백반·죽·국수,본그룹
ba_14692455,2025-05,1.0,1,1.0,0.0,1.0,0.0,1.0,0.0,0.0,0.0,1,백반·죽·국수,본그룹
ba_14692455,2025-06,0.7333333333333334,6,1.0,0.0,0.6666666666666666,0.0,0.0,0.0,0.16666666666666666,0.0,1,백반·죽·국수,본그룹
ba_14692459,2025-05,0.6,2,1.0,0.0,1.0,0.0,0.0,0.0,0.0,0.0,1,백반·죽·국수,본그룹
ba_14692459,2025-06,0.6444444444444444,9,0.7777777777777778,0.0,0.6666666666666666,0.0,0.0,0.0,0.1111111111111111,0.1111111111111111,1,백반·죽·국수,본그룹
ba_14692460,2025-05,0.5,4,0.75,0.0,0.25,0.0,0.0,0.0,0.25,0.0,0,백반·죽·국수,본그룹
ba_14692460,2025-06,0.7333333333333334,6,0.8333333333333334,0.0,0.3333333333333333,0.3333333333333333,0.16666666666666666,0.0,0.3333333333333333,0.16666666666666666,1,백반·죽·국수,본그룹
ba_14692482,2025-05,0.64,5,1.0,0.0,0.8,0.2,0.2,0.0,0.4,0.0,1,백반·죽·국수,본그룹
ba_14692482,2025-06,0.7333333333333334,3,1.0,0.0,0.6666666666666666,0.3333333333333333,0.6666666666666666,0.0,0.6666666666666666,0.6666666666666666,1,백반·죽·국수,본그룹
ba_14692505,2025-05,0.9666666666666667,6,1.0,0.0,0.8333333333333334,0.5,0.3333333333333333,0.0,0.16666666666666666,0.0,0,백반·죽·국수,본그룹
ba_14692505,2025-07,1.0,12,1.0,0.0,1.0,0.0,0.0,0.0,0.0,0.0,1,백반·죽·국수,본그룹
ba_14692549,2025-04,0.4,2,0.5,0.5,0.5,0.5,0.0,0.0,0.0,0.0,0,백반·죽·국수,본그룹
ba_14692549,2025-05,0.8666666666666667,3,1.0,0.0,1.0,0.0,0.0,0.0,0.0,0.3333333333333333,1,백반·죽·국수,본그룹
ba_14692549,2025-06,0.6,2,1.0,0.0,1.0,0.0,0.5,0.0,0.0,0.0,1,백반·죽·국수,본그룹
ba_14692551,2025-05,0.5,2,0.5,0.0,0.0,0.0,0.5,0.0,0.5,0.5,0,백반·죽·국수,본그룹
ba_14692551,2025-06,0.8,1,1.0,0.0,1.0,0.0,0.0,0.0,0.0,0.0,1,백반·죽·국수,본그룹
ba_14692592,2025-05,0.525,8,0.625,0.0,0.5,0.125,0.0,0.0,0.125,0.125,0,백반·죽·국수,본그룹
ba_14692592,2025-06,0.9,4,1.0,0.0,0.75,0.0,0.25,0.0,0.5,0.0,0,백반·죽·국수,본그룹
ba_14692796,2025-05,0.75,4,0.75,0.0,1.0,0.25,0.0,0.25,0.0,0.0,0,백반·죽·국수,본그룹
ba_14692796,2025-06,0.3,6,0.6666666666666666,0.16666666666666666,0.5,0.16666666666666666,0.16666666666666666,0.16666666666666666,0.16666666666666666,0.0,0,백반·죽·국수,본그룹
ba_14692985,2025-05,1.0,1,1.0,0.0,1.0,0.0,0.0,0.0,0.0,0.0,1,백반·죽·국수,본그룹
ba_14692985,2025-06,1.0,1,1.0,0.0,1.0,0.0,0.0,0.0,0.0,0.0,1,백반·죽·국수,본그룹
ba_14692985,2025-07,0.1,2,0.5,0.5,0.0,0.0,0.0,0.0,0.0,0.0,1,백반·죽·국수,본그룹
ba_14693042,2025-05,1.0,2,1.0,0.0,1.0,0.0,0.5,0.5,0.0,0.0,1,백반·죽·국수,본그룹
ba_14693042,2025-06,1.0,1,1.0,0.0,0.0,0.0,0.0,0.0,0.0,0.0,1,백반·죽·국수,본그룹
ba_14693289,2025-06,0.72,10,0.9,0.0,0.7,0.1,0.4,0.0,0.3,0.0,0,백반·죽·국수,본그룹
ba_14693289,2025-05,0.65,8,0.875,0.0,0.375,0.125,0.125,0.0,0.375,0.125,0,백반·죽·국수,본그룹
ba_14694145,2025-05,0.6571428571428571,7,1.0,0.0,0.42857142857142855,0.0,0.14285714285714285,0.0,0.5714285714285714,0.14285714285714285,0,백반·죽·국수,본그룹
ba_14694145,2025-06,0.5,4,1.0,0.0,0.5,0.0,0.0,0.0,0.5,0.0,1,백반·죽·국수,본그룹
ba_14694145,2025-07,0.76,5,1.0,0.0,0.8,0.0,0.0,0.0,0.6,0.0,1,백반·죽·국수,본그룹
ba_14694148,2025-05,0.1,2,0.5,0.0,0.0,0.0,0.0,0.0,0.0,0.0,1,백반·죽·국수,본그룹
ba_14694148,2025-06,0.6,1,1.0,0.0,1.0,0.0,0.0,0.0,0.0,0.0,1,백반·죽·국수,본그룹
ba_14694278,2025-06,1.0,1,1.0,0.0,1.0,0.0,0.0,0.0,0.0,1.0,1,백반·죽·국수,본그룹
ba_14694287,2025-05,0.9,2,1.0,0.0,0.5,0.5,0.5,0.0,0.0,0.5,0,백반·죽·국수,본그룹
ba_14694287,2025-06,0.45,4,0.75,0.0,0.75,0.0,0.25,0.0,0.25,0.0,0,백반·죽·국수,본그룹
ba_14694390,2025-06,0.7619047619047619,21,1.0,0.0,0.7142857142857143,0.23809523809523808,0.09523809523809523,0.0,0.42857142857142855,0.09523809523809523,1,백반·죽·국수,본그룹
ba_14694390,2025-05,0.6666666666666666,3,1.0,0.0,1.0,0.0,0.0,0.0,0.3333333333333333,0.0,1,백반·죽·국수,본그룹
ba_14694402,2025-05,0.13333333333333333,3,0.6666666666666666,0.0,0.0,0.0,0.3333333333333333,0.0,0.3333333333333333,0.0,0,백반·죽·국수,본그룹
ba_14694402,2025-06,0.76,5,1.0,0.0,0.8,0.0,0.0,0.0,0.4,0.0,1,백반·죽·국수,본그룹
ba_14694577,2025-05,0.1,2,0.5,0.0,0.5,0.0,0.0,0.0,0.0,0.0,0,백반·죽·국수,본그룹
ba_14694620,2025-05,0.7333333333333334,3,1.0,0.0,0.3333333333333333,0.0,0.0,0.0,0.0,0.0,1,백반·죽·국수,본그룹
ba_14694620,2025-06,0.34285714285714286,7,0.42857142857142855,0.0,0.42857142857142855,0.14285714285714285,0.0,0.0,0.0,0.0,1,백반·죽·국수,본그룹
ba_14694670,2025-05,0.6,5,1.0,0.0,0.6,0.0,0.4,0.0,0.0,0.0,0,백반·죽·국수,본그룹
ba_14694670,2025-06,0.7,2,1.0,0.0,0.5,0.0,0.0,0.0,0.5,0.0,1,백반·죽·국수,본그룹
ba_14694671,2025-05,0.6,3,1.0,0.0,0.6666666666666666,0.3333333333333333,0.0,0.0,0.3333333333333333,0.3333333333333333,0,백반·죽·국수,본그룹
ba_14694671,2025-06,0.8666666666666667,9,0.8888888888888888,0.0,0.7777777777777778,0.2222222222222222,0.3333333333333333,0.0,0.0,0.3333333333333333,1,백반·죽·국수,본그룹
ba_14695006,2025-05,0.7,2,1.0,0.0,0.5,0.0,0.0,0.0,0.0,0.0,0,백반·죽·국수,본그룹
ba_14695006,2025-06,0.75,4,0.75,0.0,0.75,0.0,0.25,0.0,0.0,0.0,1,백반·죽·국수,본그룹
ba_14695008,2025-05,0.8,4,1.0,0.0,1.0,0.0,0.0,0.0,0.0,0.0,0,백반·죽·국수,본그룹
ba_14695008,2025-06,1.0,3,1.0,0.0,1.0,0.3333333333333333,0.3333333333333333,0.0,0.0,0.0,0,백반·죽·국수,본그룹
ba_14695008,2025-07,0.0,1,0.0,0.0,0.0,0.0,1.0,0.0,0.0,0.0,0,백반·죽·국수,본그룹
ba_14695290,2025-05,1.0,1,1.0,0.0,1.0,0.0,0.0,0.0,0.0,0.0,0,백반·죽·국수,본그룹
ba_14695290,2025-06,-0.1,2,0.0,0.5,0.5,0.0,0.0,0.0,0.0,0.0,1,백반·죽·국수,본그룹
ba_14695290,2025-07,1.0,1,1.0,0.0,1.0,0.0,1.0,0.0,0.0,0.0,1,백반·죽·국수,본그룹
ba_14695958,2025-05,0.45,4,0.75,0.0,0.5,0.0,0.25,0.0,0.0,0.0,0,백반·죽·국수,본그룹
ba_14695958,2025-06,0.8,4,1.0,0.0,1.0,0.25,0.0,0.0,0.0,0.0,0,백반·죽·국수,본그룹
ba_14698364,2025-05,0.6666666666666666,3,0.6666666666666666,0.0,0.6666666666666666,0.0,0.3333333333333333,0.0,0.3333333333333333,0.3333333333333333,0,백반·죽·국수,본그룹
ba_14699201,2025-05,0.8,2,1.0,0.0,0.5,0.0,1.0,0.0,0.0,0.0,1,백반·죽·국수,본그룹
ba_14699201,2025-07,0.6,1,1.0,0.0,0.0,0.0,0.0,0.0,1.0,0.0,1,백반·죽·국수,본그룹
ba_14699399,2025-06,0.6571428571428571,42,0.8333333333333334,0.023809523809523808,0.7380952380952381,0.047619047619047616,0.14285714285714285,0.0,0.14285714285714285,0.14285714285714285,0,치킨,굽네치킨
ba_14699399,2025-05,0.7312500000000001,32,0.875,0.0625,0.84375,0.09375,0.125,0.0625,0.09375,0.0625,0,치킨,굽네치킨
ba_14699649,2025-05,0.7,4,1.0,0.0,0.75,0.0,0.25,0.0,0.25,0.25,0,치킨,굽네치킨
ba_14699649,2025-06,0.5714285714285714,7,0.7142857142857143,0.0,0.7142857142857143,0.14285714285714285,0.0,0.0,0.14285714285714285,0.0,0,치킨,굽네치킨
ba_14700021,2025-05,0.8222222222222222,27,0.9259259259259259,0.037037037037037035,0.8888888888888888,0.2222222222222222,0.14814814814814814,0.0,0.18518518518518517,0.1111111111111111,1,치킨,굽네치킨
ba_14700021,2025-06,0.6083333333333333,24,0.9166666666666666,0.0,0.7916666666666666,0.125,0.08333333333333333,0.0,0.16666666666666666,0.16666666666666666,1,치킨,굽네치킨
ba_14700213,2025-05,0.8,2,1.0,0.0,1.0,0.0,0.0,0.0,0.0,0.0,1,백반·죽·국수,본그룹
ba_14700213,2025-07,1.0,1,1.0,0.0,1.0,1.0,0.0,0.0,0.0,0.0,0,백반·죽·국수,본그룹
ba_14701137,2025-05,0.7749999999999999,8,0.875,0.125,0.875,0.25,0.25,0.0,0.125,0.125,0,백반·죽·국수,본그룹
ba_14701137,2025-06,0.6333333333333333,6,0.8333333333333334,0.0,0.8333333333333334,0.0,0.0,0.0,0.16666666666666666,0.0,0,백반·죽·국수,본그룹
ba_14702063,2025-06,0.8,2,1.0,0.0,0.5,0.0,0.0,0.0,0.0,0.0,0,백반·죽·국수,본그룹
ba_14702120,2025-05,0.8,5,1.0,0.0,0.4,0.0,0.2,0.0,0.4,0.0,0,백반·죽·국수,본그룹
ba_14702120,2025-06,0.6,4,0.75,0.0,0.75,0.0,0.0,0.0,0.0,0.0,0,백반·죽·국수,본그룹
ba_14702996,2025-06,1.0,1,1.0,0.0,1.0,0.0,0.0,0.0,1.0,0.0,1,백반·죽·국수,본그룹
ba_14703930,2025-05,0.85,4,1.0,0.0,0.75,0.25,0.25,0.0,0.0,0.25,1,백반·죽·국수,본그룹
ba_14703930,2025-06,0.6,3,1.0,0.0,0.6666666666666666,0.6666666666666666,0.0,0.0,1.0,0.0,1,백반·죽·국수,본그룹
ba_14706394,2025-05,0.5800000000000001,10,0.8,0.0,0.5,0.1,0.0,0.0,0.1,0.1,0,백반·죽·국수,본그룹
ba_14706394,2025-06,0.55,8,0.75,0.25,0.75,0.25,0.5,0.0,0.0,0.0,0,백반·죽·국수,본그룹
ba_14706394,2025-07,0.26666666666666666,3,0.3333333333333333,0.0,0.3333333333333333,0.3333333333333333,0.0,0.0,0.0,0.0,1,백반·죽·국수,본그룹
ba_14708789,2025-05,0.8,2,1.0,0.0,0.5,0.5,0.5,0.0,0.5,0.0,1,백반·죽·국수,본그룹
ba_14708789,2025-06,0.6,2,1.0,0.0,0.5,0.0,0.0,0.0,0.5,0.0,0,백반·죽·국수,본그룹
ba_14708789,2025-07,0.5,2,0.5,0.0,0.5,0.5,0.0,0.0,0.5,0.5,1,백반·죽·국수,본그룹
ba_14708929,2025-05,0.95,8,1.0,0.0,1.0,0.0,0.125,0.0,0.0,0.125,0,치킨,굽네치킨
ba_14708929,2025-06,0.9333333333333332,6,1.0,0.0,0.8333333333333334,0.0,0.0,0.0,0.16666666666666666,0.16666666666666666,0,치킨,굽네치킨
ba_14712294,2025-05,0.7733333333333333,15,0.9333333333333333,0.0,0.8,0.26666666666666666,0.13333333333333333,0.0,0.26666666666666666,0.06666666666666667,1,백반·죽·국수,본그룹
ba_14712294,2025-06,0.7000000000000001,12,0.9166666666666666,0.08333333333333333,0.8333333333333334,0.08333333333333333,0.4166666666666667,0.0,0.3333333333333333,0.08333333333333333,1,백반·죽·국수,본그룹
ba_14712797,2025-05,0.6875,16,0.875,0.0625,0.8125,0.0625,0.1875,0.0,0.0625,0.0,0,치킨,굽네치킨
ba_14712797,2025-06,0.7272727272727272,11,0.8181818181818182,0.09090909090909091,0.8181818181818182,0.18181818181818182,0.0,0.0,0.18181818181818182,0.18181818181818182,0,치킨,굽네치킨
ba_14714062,2025-05,0.8800000000000001,10,1.0,0.0,0.8,0.1,0.0,0.0,0.2,0.2,0,백반·죽·국수,본그룹
ba_14714062,2025-06,0.6909090909090909,11,0.9090909090909091,0.09090909090909091,0.6363636363636364,0.2727272727272727,0.18181818181818182,0.0,0.2727272727272727,0.0,1,백반·죽·국수,본그룹
ba_14715313,2025-05,0.5599999999999998,20,0.8,0.0,0.7,0.15,0.05,0.0,0.0,0.1,0,치킨,굽네치킨
ba_14715313,2025-06,0.66,20,0.85,0.05,0.75,0.05,0.05,0.0,0.15,0.0,0,치킨,굽네치킨
ba_14716102,2025-05,0.72,5,1.0,0.0,0.6,0.0,0.2,0.0,0.0,0.0,0,백반·죽·국수,본그룹
ba_14716102,2025-06,1.0,4,1.0,0.0,1.0,0.0,0.25,0.0,0.25,0.0,0,백반·죽·국수,본그룹
ba_14716102,2025-07,0.75,4,1.0,0.0,0.75,0.0,0.0,0.0,0.0,0.0,1,백반·죽·국수,본그룹
ba_14716332,2025-06,0.5892857142857143,56,0.875,0.0,0.6785714285714286,0.14285714285714285,0.03571428571428571,0.017857142857142856,0.125,0.05357142857142857,0,치킨,굽네치킨
ba_14716332,2025-05,0.7425925925925926,108,0.9166666666666666,0.018518518518518517,0.8148148148148148,0.17592592592592593,0.1111111111111111,0.0,0.1388888888888889,0.08333333333333333,0,치킨,굽네치킨
ba_14719522,2025-05,0.6,2,1.0,0.0,1.0,0.0,0.0,0.0,0.0,0.0,1,백반·죽·국수,본그룹
ba_14719522,2025-06,0.8,1,1.0,0.0,1.0,0.0,0.0,0.0,0.0,0.0,1,백반·죽·국수,본그룹
ba_14719522,2025-07,0.7000000000000001,6,1.0,0.0,0.5,0.0,0.0,0.0,0.0,0.0,1,백반·죽·국수,본그룹
ba_14719554,2025-05,0.7999999999999998,21,1.0,0.0,0.9047619047619048,0.09523809523809523,0.2857142857142857,0.0,0.14285714285714285,0.09523809523809523,1,백반·죽·국수,본그룹
ba_14719554,2025-06,0.7727272727272727,22,0.9545454545454546,0.0,0.7727272727272727,0.18181818181818182,0.22727272727272727,0.0,0.2727272727272727,0.045454545454545456,1,백반·죽·국수,본그룹
ba_14720263,2025-06,1.0,1,1.0,0.0,1.0,0.0,0.0,0.0,0.0,0.0,0,피자,굽네치킨
ba_14720368,2025-05,0.72,10,1.0,0.0,0.8,0.2,0.1,0.0,0.1,0.1,0,백반·죽·국수,본그룹
ba_14720368,2025-06,0.55,8,0.75,0.125,0.625,0.5,0.125,0.0,0.0,0.0,0,백반·죽·국수,본그룹
ba_14721018,2025-05,0.8800000000000001,5,1.0,0.0,1.0,0.2,0.0,0.0,0.2,0.0,0,치킨,굽네치킨
ba_14721018,2025-06,1.0,3,1.0,0.0,1.0,0.0,0.0,0.0,0.6666666666666666,0.0,0,치킨,굽네치킨
ba_14725485,2025-07,0.55,4,1.0,0.0,0.75,0.25,0.0,0.0,0.0,0.0,0,치킨,굽네치킨
ba_14725485,2025-05,1.0,1,1.0,0.0,1.0,1.0,0.0,0.0,0.0,0.0,0,치킨,굽네치킨
ba_14725485,2025-06,0.2,1,1.0,0.0,1.0,0.0,0.0,0.0,0.0,0.0,0,치킨,굽네치킨
ba_14725627,2025-05,1.0,1,1.0,0.0,1.0,0.0,1.0,0.0,0.0,0.0,0,백반·죽·국수,본그룹
ba_14725627,2025-06,0.6,6,0.6666666666666666,0.16666666666666666,0.6666666666666666,0.16666666666666666,0.0,0.0,0.0,0.0,1,백반·죽·국수,본그룹
ba_14726472,2025-05,0.7886792452830189,53,0.8679245283018868,0.0,0.8679245283018868,0.11320754716981132,0.16981132075471697,0.0,0.11320754716981132,0.03773584905660377,1,치킨,굽네치킨
ba_14726472,2025-06,0.7470588235294118,68,0.8823529411764706,0.0,0.8529411764705882,0.08823529411764706,0.10294117647058823,0.0,0.058823529411764705,0.029411764705882353,0,치킨,굽네치킨
ba_14726741,2025-05,0.7,2,1.0,0.0,0.5,0.0,0.0,0.0,0.0,0.0,0,백반·죽·국수,본그룹
ba_14727030,2025-05,0.85,12,0.9166666666666666,0.0,0.6666666666666666,0.16666666666666666,0.08333333333333333,0.0,0.25,0.16666666666666666,0,백반·죽·국수,본그룹
ba_14727030,2025-06,0.85,4,1.0,0.0,1.0,0.0,0.0,0.0,0.0,0.0,1,백반·죽·국수,본그룹
ba_14727064,2025-05,0.7999999999999999,6,0.8333333333333334,0.0,0.8333333333333334,0.3333333333333333,0.16666666666666666,0.0,0.3333333333333333,0.0,1,백반·죽·국수,본그룹
ba_14727064,2025-06,0.8,4,1.0,0.0,0.75,0.0,0.0,0.0,0.5,0.0,1,백반·죽·국수,본그룹
ba_14728444,2025-05,0.2,2,1.0,0.0,0.5,0.5,0.5,0.0,0.0,0.0,0,백반·죽·국수,본그룹
ba_14728444,2025-06,0.4,1,1.0,0.0,0.0,0.0,0.0,0.0,0.0,0.0,1,백반·죽·국수,본그룹
ba_14728839,2025-05,0.25,8,0.625,0.25,0.5,0.375,0.0,0.0,0.0,0.125,0,치킨,굽네치킨
ba_14728839,2025-06,0.24000000000000005,5,0.6,0.2,0.6,0.0,0.2,0.0,0.2,0.0,0,치킨,굽네치킨
ba_14728839,2025-07,-0.3,2,0.5,0.5,0.5,0.0,0.0,0.0,0.0,0.0,0,치킨,굽네치킨
ba_14729038,2025-05,0.5333333333333333,6,0.6666666666666666,0.0,0.5,0.0,0.16666666666666666,0.0,0.16666666666666666,0.0,0,치킨,굽네치킨
ba_14729038,2025-06,0.3,2,0.5,0.0,0.5,0.0,0.0,0.0,0.0,0.0,0,치킨,굽네치킨
ba_14729038,2025-07,1.0,2,1.0,0.0,1.0,0.0,0.0,0.0,0.0,0.0,1,치킨,굽네치킨
ba_14729159,2025-05,0.7191919191919194,99,0.8888888888888888,0.020202020202020204,0.7575757575757576,0.1414141414141414,0.09090909090909091,0.020202020202020204,0.04040404040404041,0.08080808080808081,1,치킨,굽네치킨
ba_14729159,2025-06,0.7486725663716814,113,0.9292035398230089,0.008849557522123894,0.831858407079646,0.13274336283185842,0.035398230088495575,0.0,0.017699115044247787,0.035398230088495575,0,치킨,굽네치킨
ba_14729784,2025-05,0.7724137931034485,29,0.896551724137931,0.0,0.8275862068965517,0.13793103448275862,0.13793103448275862,0.0,0.1724137931034483,0.13793103448275862,1,치킨,굽네치킨
ba_14729784,2025-06,0.8200000000000002,30,1.0,0.0,0.9333333333333333,0.06666666666666667,0.06666666666666667,0.0,0.06666666666666667,0.06666666666666667,0,치킨,굽네치킨
ba_14729971,2025-05,0.6076923076923078,26,0.8461538461538461,0.038461538461538464,0.7692307692307693,0.07692307692307693,0.038461538461538464,0.0,0.07692307692307693,0.07692307692307693,1,치킨,굽네치킨
ba_14729971,2025-06,0.6173913043478261,23,0.9130434782608695,0.08695652173913043,0.8260869565217391,0.13043478260869565,0.13043478260869565,0.0,0.043478260869565216,0.043478260869565216,0,치킨,굽네치킨
ba_14730328,2025-06,0.4,1,1.0,0.0,0.0,0.0,0.0,0.0,1.0,0.0,0,백반·죽·국수,본그룹
ba_14730328,2025-07,1.0,1,1.0,0.0,1.0,0.0,0.0,0.0,0.0,0.0,0,백반·죽·국수,본그룹
ba_14730330,2025-05,0.55,4,0.75,0.0,0.5,0.0,0.0,0.0,0.25,0.0,0,백반·죽·국수,본그룹
ba_14730330,2025-06,0.8,2,1.0,0.0,1.0,0.0,0.0,0.0,0.0,0.0,0,백반·죽·국수,본그룹
ba_14730330,2025-07,0.9,4,1.0,0.0,1.0,0.0,0.0,0.0,0.0,0.25,1,백반·죽·국수,본그룹
ba_14731363,2025-05,0.9,2,1.0,0.0,0.5,0.0,1.0,0.0,0.5,0.0,0,백반·죽·국수,본그룹
ba_14731363,2025-06,1.0,1,1.0,0.0,1.0,0.0,0.0,0.0,0.0,0.0,0,백반·죽·국수,본그룹
ba_14731363,2025-07,1.0,1,1.0,0.0,1.0,0.0,1.0,0.0,0.0,0.0,0,백반·죽·국수,본그룹
ba_14732026,2025-05,0.7370370370370369,54,0.9259259259259259,0.037037037037037035,0.8703703703703703,0.14814814814814814,0.1111111111111111,0.0,0.037037037037037035,0.037037037037037035,1,치킨,굽네치킨
ba_14732026,2025-06,0.6178571428571429,56,0.8035714285714286,0.03571428571428571,0.7321428571428571,0.10714285714285714,0.05357142857142857,0.017857142857142856,0.017857142857142856,0.05357142857142857,1,치킨,굽네치킨
ba_14732355,2025-05,0.7999999999999999,6,0.8333333333333334,0.16666666666666666,0.6666666666666666,0.3333333333333333,0.0,0.16666666666666666,0.0,0.0,1,백반·죽·국수,본그룹
ba_14732355,2025-06,0.5142857142857143,7,0.7142857142857143,0.14285714285714285,0.8571428571428571,0.2857142857142857,0.0,0.0,0.14285714285714285,0.0,1,백반·죽·국수,본그룹
ba_14732602,2025-05,1.0,2,1.0,0.0,1.0,0.0,0.5,0.0,0.0,0.0,1,치킨,굽네치킨
ba_14732602,2025-06,1.0,1,1.0,0.0,1.0,0.0,0.0,0.0,0.0,0.0,0,치킨,굽네치킨
ba_14733665,2025-05,0.8222222222222223,9,0.8888888888888888,0.0,0.7777777777777778,0.0,0.0,0.0,0.1111111111111111,0.1111111111111111,0,치킨,굽네치킨
ba_14733665,2025-06,0.7555555555555555,9,0.8888888888888888,0.1111111111111111,0.7777777777777778,0.3333333333333333,0.1111111111111111,0.0,0.2222222222222222,0.1111111111111111,0,치킨,굽네치킨
ba_14735216,2025-05,0.7799999999999999,10,0.9,0.0,0.9,0.2,0.2,0.0,0.0,0.0,1,백반·죽·국수,본그룹
ba_14735216,2025-06,0.62,10,0.8,0.0,0.6,0.3,0.2,0.0,0.0,0.0,1,백반·죽·국수,본그룹
ba_14735878,2025-05,0.6222222222222222,9,0.6666666666666666,0.1111111111111111,0.6666666666666666,0.1111111111111111,0.0,0.0,0.1111111111111111,0.0,1,백반·죽·국수,본그룹
ba_14735878,2025-06,0.6888888888888888,18,0.8333333333333334,0.0,0.7222222222222222,0.1111111111111111,0.05555555555555555,0.0,0.16666666666666666,0.05555555555555555,0,백반·죽·국수,본그룹
ba_14735878,2025-07,0.72,5,1.0,0.0,0.6,0.0,0.2,0.0,0.4,0.0,0,백반·죽·국수,본그룹
ba_14736681,2025-05,0.5666666666666667,6,0.8333333333333334,0.16666666666666666,0.6666666666666666,0.16666666666666666,0.3333333333333333,0.0,0.6666666666666666,0.0,0,백반·죽·국수,본그룹
ba_14736681,2025-06,1.0,2,1.0,0.0,1.0,0.0,0.5,0.0,1.0,0.0,1,백반·죽·국수,본그룹
ba_14736683,2025-06,0.7040000000000001,25,0.88,0.0,0.64,0.12,0.08,0.0,0.48,0.16,1,백반·죽·국수,본그룹
ba_14736683,2025-05,0.8923076923076922,26,0.9615384615384616,0.0,0.7692307692307693,0.2692307692307692,0.11538461538461539,0.0,0.4230769230769231,0.19230769230769232,1,백반·죽·국수,본그룹
ba_14736722,2025-05,0.4857142857142857,7,0.7142857142857143,0.14285714285714285,0.7142857142857143,0.14285714285714285,0.2857142857142857,0.0,0.0,0.0,1,치킨,굽네치킨
ba_14736722,2025-06,0.6,3,0.6666666666666666,0.3333333333333333,1.0,0.0,0.0,0.0,0.3333333333333333,0.0,0,치킨,굽네치킨
ba_14737726,2025-05,0.631818181818182,44,0.8636363636363636,0.09090909090909091,0.8409090909090909,0.09090909090909091,0.1590909090909091,0.0,0.045454545454545456,0.11363636363636363,1,치킨,굽네치킨
ba_14737726,2025-06,0.6708333333333333,48,0.875,0.0625,0.7708333333333334,0.1875,0.08333333333333333,0.0,0.14583333333333334,0.08333333333333333,1,치킨,굽네치킨
ba_14739745,2025-06,0.625,8,0.875,0.0,0.75,0.0,0.125,0.0,0.125,0.125,1,치킨,굽네치킨
ba_14739745,2025-05,0.525,8,0.75,0.0,0.625,0.0,0.25,0.0,0.0,0.0,1,치킨,굽네치킨
ba_14739746,2025-05,1.0,1,1.0,0.0,1.0,0.0,0.0,0.0,0.0,0.0,1,피자,굽네치킨
ba_14739815,2025-04,0.5,6,0.8333333333333334,0.0,0.5,0.0,0.0,0.0,0.16666666666666666,0.6666666666666666,1,치킨,굽네치킨
ba_14739815,2025-05,0.6872727272727273,55,0.9272727272727272,0.01818181818181818,0.7818181818181819,0.03636363636363636,0.05454545454545454,0.0,0.10909090909090909,0.03636363636363636,1,치킨,굽네치킨
ba_14739815,2025-06,0.7232876712328767,73,0.8904109589041096,0.0273972602739726,0.8356164383561644,0.136986301369863,0.1506849315068493,0.0136986301369863,0.1095890410958904,0.1643835616438356,0,치킨,굽네치킨
ba_14740022,2025-05,0.5333333333333333,6,0.8333333333333334,0.16666666666666666,0.8333333333333334,0.0,0.3333333333333333,0.0,0.0,0.0,1,치킨,굽네치킨
ba_14740022,2025-06,0.3,2,0.5,0.0,0.5,0.5,0.0,0.0,0.0,0.0,0,치킨,굽네치킨
ba_14740239,2025-05,0.2,5,0.4,0.2,0.4,0.2,0.2,0.0,0.0,0.0,1,치킨,굽네치킨
ba_14740239,2025-06,0.8333333333333334,6,1.0,0.0,1.0,0.16666666666666666,0.16666666666666666,0.0,0.3333333333333333,0.0,0,치킨,굽네치킨
ba_14741847,2025-05,0.5874999999999999,32,0.8125,0.0625,0.71875,0.09375,0.21875,0.0,0.03125,0.03125,1,치킨,굽네치킨
ba_14741847,2025-06,0.6,24,0.7916666666666666,0.0,0.7083333333333334,0.08333333333333333,0.3333333333333333,0.041666666666666664,0.20833333333333334,0.08333333333333333,1,치킨,굽네치킨
ba_14742704,2025-05,1.0,5,1.0,0.0,1.0,0.2,0.0,0.2,0.4,0.0,1,백반·죽·국수,본그룹
ba_14742704,2025-06,0.4,1,1.0,0.0,0.0,0.0,0.0,0.0,0.0,0.0,0,백반·죽·국수,본그룹
ba_14742705,2025-05,0.9333333333333332,6,1.0,0.0,0.8333333333333334,0.3333333333333333,0.3333333333333333,0.0,0.16666666666666666,0.16666666666666666,1,백반·죽·국수,본그룹
ba_14742705,2025-06,0.6666666666666666,3,0.6666666666666666,0.0,0.6666666666666666,0.3333333333333333,0.0,0.0,0.3333333333333333,0.0,1,백반·죽·국수,본그룹
ba_14743271,2025-05,0.7272727272727273,11,0.9090909090909091,0.0,0.8181818181818182,0.0,0.18181818181818182,0.0,0.09090909090909091,0.0,1,백반·죽·국수,본그룹
ba_14743271,2025-06,0.6799999999999999,5,1.0,0.0,0.8,0.4,0.0,0.0,0.0,0.0,1,백반·죽·국수,본그룹
ba_14743731,2025-05,0.7000000000000001,4,1.0,0.0,0.5,0.25,0.0,0.0,0.0,0.25,0,백반·죽·국수,본그룹
ba_14743731,2025-06,0.4,1,1.0,0.0,0.0,0.0,0.0,0.0,0.0,0.0,1,백반·죽·국수,본그룹
ba_14743732,2025-05,0.6909090909090909,11,0.9090909090909091,0.0,0.36363636363636365,0.09090909090909091,0.18181818181818182,0.09090909090909091,0.18181818181818182,0.09090909090909091,1,백반·죽·국수,본그룹
ba_14743732,2025-06,0.65,4,0.75,0.0,0.5,0.0,0.25,0.0,0.0,0.25,1,백반·죽·국수,본그룹
ba_14744329,2025-05,0.7,2,1.0,0.0,0.5,0.0,0.0,0.0,0.0,0.0,1,백반·죽·국수,본그룹
ba_14744329,2025-06,0.8,4,1.0,0.0,0.5,0.25,0.0,0.0,0.0,0.25,1,백반·죽·국수,본그룹
ba_14744706,2025-05,0.4,2,0.5,0.5,1.0,0.0,0.0,0.0,0.0,0.0,1,백반·죽·국수,본그룹
ba_14744706,2025-06,0.32,5,0.4,0.2,0.6,0.4,0.4,0.0,0.0,0.2,1,백반·죽·국수,본그룹
ba_14744706,2025-07,1.0,1,1.0,0.0,1.0,0.0,1.0,0.0,0.0,0.0,1,백반·죽·국수,본그룹
ba_14744959,2025-04,1.0,1,1.0,0.0,1.0,0.0,1.0,0.0,0.0,0.0,1,치킨,굽네치킨
ba_14744959,2025-05,0.7666666666666667,12,0.9166666666666666,0.0,0.8333333333333334,0.3333333333333333,0.3333333333333333,0.0,0.16666666666666666,0.0,1,치킨,굽네치킨
ba_14744959,2025-06,0.8,11,1.0,0.0,0.8181818181818182,0.09090909090909091,0.36363636363636365,0.0,0.0,0.09090909090909091,1,치킨,굽네치킨
ba_14746052,2025-05,0.64,5,1.0,0.0,0.6,0.0,0.0,0.0,0.0,0.0,1,백반·죽·국수,본그룹
ba_14746052,2025-06,0.7999999999999999,3,1.0,0.0,1.0,0.0,0.3333333333333333,0.0,0.0,0.0,1,백반·죽·국수,본그룹
ba_14746052,2025-07,0.8285714285714285,7,1.0,0.0,0.7142857142857143,0.0,0.0,0.0,0.7142857142857143,0.0,1,백반·죽·국수,본그룹
ba_14746216,2025-04,0.0,1,0.0,0.0,1.0,0.0,0.0,0.0,0.0,1.0,1,치킨,굽네치킨
ba_14746216,2025-05,0.9,8,1.0,0.0,1.0,0.125,0.125,0.0,0.0,0.0,1,치킨,굽네치킨
ba_14746216,2025-06,0.52,5,0.6,0.0,0.8,0.0,0.0,0.0,0.0,0.0,0,치킨,굽네치킨
ba_14747382,2025-05,0.7714285714285715,7,0.8571428571428571,0.14285714285714285,0.8571428571428571,0.0,0.2857142857142857,0.0,0.14285714285714285,0.0,1,치킨,굽네치킨
ba_14747382,2025-06,0.6,13,0.8461538461538461,0.07692307692307693,0.6923076923076923,0.23076923076923078,0.15384615384615385,0.0,0.07692307692307693,0.23076923076923078,0,치킨,굽네치킨
ba_14749296,2025-06,0.7619047619047619,63,0.9206349206349206,0.015873015873015872,0.8253968253968254,0.12698412698412698,0.12698412698412698,0.015873015873015872,0.12698412698412698,0.06349206349206349,1,치킨,굽네치킨
ba_14749296,2025-05,0.8105263157894737,38,0.9473684210526315,0.0,0.9210526315789473,0.15789473684210525,0.02631578947368421,0.02631578947368421,0.10526315789473684,0.10526315789473684,1,치킨,굽네치킨
ba_14753110,2025-06,0.3,8,0.75,0.25,0.5,0.25,0.25,0.125,0.25,0.125,1,백반·죽·국수,본그룹
ba_14753110,2025-05,0.6,3,0.6666666666666666,0.3333333333333333,0.6666666666666666,0.3333333333333333,0.3333333333333333,0.0,0.3333333333333333,0.0,1,백반·죽·국수,본그룹
ba_14753110,2025-07,0.6571428571428573,7,1.0,0.0,0.7142857142857143,0.2857142857142857,0.0,0.0,0.2857142857142857,0.2857142857142857,1,백반·죽·국수,본그룹
ba_14754395,2025-06,0.8666666666666667,3,1.0,0.0,0.6666666666666666,0.0,0.3333333333333333,0.0,0.3333333333333333,0.0,0,치킨,굽네치킨
ba_14754893,2025-06,0.8000000000000002,3,1.0,0.0,0.6666666666666666,0.0,0.3333333333333333,0.0,0.0,0.0,1,백반·죽·국수,본그룹
ba_14754936,2025-05,0.8333333333333334,6,0.8333333333333334,0.0,0.8333333333333334,0.3333333333333333,0.16666666666666666,0.0,0.0,0.16666666666666666,1,치킨,굽네치킨
ba_14754936,2025-06,0.5999999999999999,19,0.7894736842105263,0.0,0.7368421052631579,0.15789473684210525,0.10526315789473684,0.0,0.10526315789473684,0.0,0,치킨,굽네치킨
ba_14754965,2025-05,1.0,1,1.0,0.0,1.0,0.0,1.0,0.0,0.0,0.0,0,백반·죽·국수,본그룹
ba_14756247,2025-06,1.0,2,1.0,0.0,1.0,0.0,0.5,0.0,0.0,0.5,1,백반·죽·국수,본그룹
ba_14756888,2025-06,0.5454545454545454,11,0.8181818181818182,0.09090909090909091,0.6363636363636364,0.18181818181818182,0.2727272727272727,0.0,0.18181818181818182,0.18181818181818182,1,백반·죽·국수,본그룹
ba_14756889,2025-06,1.0,1,1.0,0.0,1.0,0.0,1.0,0.0,0.0,0.0,1,백반·죽·국수,본그룹
ba_14757543,2025-06,0.7310344827586206,29,0.8620689655172413,0.034482758620689655,0.7586206896551724,0.10344827586206896,0.20689655172413793,0.0,0.10344827586206896,0.034482758620689655,1,치킨,굽네치킨
ba_14757711,2025-06,0.6444444444444444,9,0.7777777777777778,0.1111111111111111,0.8888888888888888,0.1111111111111111,0.3333333333333333,0.0,0.1111111111111111,0.2222222222222222,1,치킨,굽네치킨
ba_14758255,2025-06,0.9,2,1.0,0.0,1.0,0.0,0.5,0.0,0.0,0.0,1,치킨,굽네치킨
ba_14760742,2025-06,0.625,8,0.875,0.0,0.875,0.25,0.125,0.125,0.25,0.125,1,백반·죽·국수,본그룹
ba_14762166,2025-06,0.7777777777777778,9,0.7777777777777778,0.0,0.7777777777777778,0.2222222222222222,0.0,0.0,0.2222222222222222,0.2222222222222222,0,백반·죽·국수,본그룹
ba_14762166,2025-07,0.8400000000000001,10,1.0,0.0,0.6,0.3,0.4,0.2,0.2,0.0,1,백반·죽·국수,본그룹
ba_14766686,2025-06,1.0,2,1.0,0.0,1.0,0.5,0.0,0.0,0.0,0.0,1,피자,굽네치킨
ba_14770149,2025-07,0.5,2,0.5,0.0,1.0,0.0,0.5,0.0,1.0,0.0,1,백반·죽·국수,본그룹
ba_14775582,2025-07,0.7333333333333334,3,1.0,0.0,0.6666666666666666,0.3333333333333333,0.0,0.0,0.3333333333333333,0.0,0,백반·죽·국수,본그룹
