scenario,scenario_label,platform_shop_id,shop_name,brand,category,sido,sigungu,score,grade
official_current,현재 공식 가중치,ba_13248384,본죽&비빔밥 구리인창점,본그룹,백반·죽·국수,경기도,구리시,98.1806,A
official_current,현재 공식 가중치,ba_14689004,본죽&비빔밥 산본학원가점,본그룹,백반·죽·국수,경기도,군포시,92.8259,A
official_current,현재 공식 가중치,ba_14694390,본죽&비빔밥 평택시청점,본그룹,백반·죽·국수,경기도,평택시,92.0801,A
official_current,현재 공식 가중치,ba_14756888,본죽&비빔밥 창원대원점,본그룹,백반·죽·국수,경상남도,창원시,91.7757,A
official_current,현재 공식 가중치,ba_14692155,본죽&비빔밥 해운대백병원점,본그룹,백반·죽·국수,부산광역시,해운대구,91.7206,A
official_current,현재 공식 가중치,ba_14692232,본죽 아산용화점,본그룹,백반·죽·국수,충청남도,아산시,91.7066,A
official_current,현재 공식 가중치,ba_14692455,본죽&비빔밥 천안신불당북부점,본그룹,백반·죽·국수,충청남도,천안시,91.2679,A
official_current,현재 공식 가중치,ba_14688738,본죽&비빔밥 분당롯데점,본그룹,백반·죽·국수,경기도,성남시,90.2606,A
official_current,현재 공식 가중치,ba_13470236,본죽&비빔밥 신제주점,본그룹,백반·죽·국수,제주특별자치도,제주시,89.9463,A
official_current,현재 공식 가중치,ba_13223654,본죽&비빔밥 고양행신역점,본그룹,백반·죽·국수,경기도,고양시,89.8580,A
official_current,현재 공식 가중치,ba_14462203,본죽&비빔밥 동대구시장점,본그룹,백반·죽·국수,대구광역시,동구,89.4617,A
official_current,현재 공식 가중치,ba_13219951,본죽&비빔밥 순천연향점,본그룹,백반·죽·국수,전라남도,순천시,89.4538,A
official_current,현재 공식 가중치,ba_14690680,본죽&비빔밥 김해율하2지구점,본그룹,백반·죽·국수,경상남도,김해시,89.1407,A
official_current,현재 공식 가중치,ba_14691080,본죽&비빔밥 대전유성온천역점,본그룹,백반·죽·국수,대전광역시,유성구,89.0206,A
official_current,현재 공식 가중치,ba_14690155,본죽&비빔밥 김포걸포점,본그룹,백반·죽·국수,경기도,김포시,88.4927,A
official_current,현재 공식 가중치,ba_14691093,본죽&비빔밥 대전노은점,본그룹,백반·죽·국수,대전광역시,유성구,88.4380,A
official_current,현재 공식 가중치,ba_14691989,본죽&비빔밥 여천신동아점,본그룹,백반·죽·국수,전라남도,여수시,88.3968,A
official_current,현재 공식 가중치,ba_14689003,본죽&비빔밥 구리인창점,본그룹,백반·죽·국수,경기도,구리시,88.1572,A
official_current,현재 공식 가중치,ba_14689953,본죽&비빔밥 양주고읍점,본그룹,백반·죽·국수,경기도,양주시,87.9510,A
official_current,현재 공식 가중치,ba_14766686,굽네치킨 운정2호점,굽네치킨,피자,경기도,파주시,87.8775,A
official_current,현재 공식 가중치,ba_14690630,본죽&비빔밥 포항창포점,본그룹,백반·죽·국수,경상북도,포항시,87.8636,A
official_current,현재 공식 가중치,ba_14746052,본죽&비빔밥 포항두호점,본그룹,백반·죽·국수,경상북도,포항시,87.7541,A
official_current,현재 공식 가중치,ba_14690722,본죽&비빔밥 광주월곡점,본그룹,백반·죽·국수,광주광역시,광산구,87.5081,A
official_current,현재 공식 가중치,ba_14691298,본죽&비빔밥 대전전민동점,본그룹,백반·죽·국수,대전광역시,유성구,87.2072,A
official_current,현재 공식 가중치,ba_14758255,굽네치킨&피자 대구송현점,굽네치킨,치킨,대구광역시,달서구,87.1605,A
official_current,현재 공식 가중치,ba_14691001,본죽&비빔밥 광주연제점,본그룹,백반·죽·국수,광주광역시,북구,86.7352,A
official_current,현재 공식 가중치,ba_14356032,본죽&비빔밥 양평용문점,본그룹,백반·죽·국수,경기도,양평군,86.5513,A
official_current,현재 공식 가중치,ba_14692116,본죽&비빔밥 부산수영점,본그룹,백반·죽·국수,부산광역시,수영구,85.9430,A
official_current,현재 공식 가중치,ba_14691999,본죽&비빔밥 부산동래점,본그룹,백반·죽·국수,부산광역시,동래구,85.8240,A
official_current,현재 공식 가중치,ba_14690712,본죽&비빔밥 광주운남점,본그룹,백반·죽·국수,광주광역시,광산구,85.7658,A
official_current,현재 공식 가중치,ba_14690983,본죽&비빔밥 대전송촌점,본그룹,백반·죽·국수,대전광역시,대덕구,85.5925,A
official_current,현재 공식 가중치,ba_13228675,본죽&비빔밥 대전전민동점,본그룹,백반·죽·국수,대전광역시,유성구,85.5200,A
official_current,현재 공식 가중치,ba_14688100,본죽 구리수택점,본그룹,백반·죽·국수,경기도,구리시,85.3701,A
official_current,현재 공식 가중치,ba_14690689,본죽&비빔밥 광주신창점,본그룹,백반·죽·국수,광주광역시,광산구,85.3540,A
official_current,현재 공식 가중치,ba_13231481,본죽&비빔밥 광명소하지구점,본그룹,백반·죽·국수,경기도,광명시,84.8971,A
official_current,현재 공식 가중치,ba_14757543,굽네치킨&피자 동두천중앙점,굽네치킨,치킨,경기도,동두천시,84.8352,A
official_current,현재 공식 가중치,ba_13231157,본죽 수원인계점,본그룹,백반·죽·국수,경기도,수원시,84.7420,A
official_current,현재 공식 가중치,ba_14691062,본죽&비빔밥 광주염주화정점,본그룹,백반·죽·국수,광주광역시,서구,84.6679,A
official_current,현재 공식 가중치,ba_13683573,본죽&비빔밥 제주아라점,본그룹,백반·죽·국수,제주특별자치도,제주시,84.5166,A
official_current,현재 공식 가중치,ba_14335138,굽네치킨&피자 대전비래가양점,굽네치킨,치킨,대전광역시,동구,84.5178,A
official_current,현재 공식 가중치,ba_14691173,본죽&비빔밥 대구복현동점,본그룹,백반·죽·국수,대구광역시,북구,84.4425,A
official_current,현재 공식 가중치,ba_14692242,본죽&비빔밥 천안쌍용이마트점,본그룹,백반·죽·국수,충청남도,천안시,84.3433,A
official_current,현재 공식 가중치,ba_13235500,본죽 의정부회룡역점,본그룹,백반·죽·국수,경기도,의정부시,84.3191,A
official_current,현재 공식 가중치,ba_14691120,본죽&비빔밥 대구북구청점,본그룹,백반·죽·국수,대구광역시,북구,84.2529,A
official_current,현재 공식 가중치,ba_14743732,본죽&비빔밥 인천오류왕길점,본그룹,백반·죽·국수,인천광역시,서구,84.2342,A
official_current,현재 공식 가중치,ba_14688602,본죽&비빔밥 남양주덕소점,본그룹,백반·죽·국수,경기도,남양주시,84.2142,A
official_current,현재 공식 가중치,ba_14689448,본죽&비빔밥 이천점,본그룹,백반·죽·국수,경기도,이천시,84.2140,A
official_current,현재 공식 가중치,ba_14689809,본죽&비빔밥 안성당왕점,본그룹,백반·죽·국수,경기도,안성시,84.1740,A
official_current,현재 공식 가중치,ba_14690057,본죽앤비빔밥 인천검단점,본그룹,백반·죽·국수,인천광역시,서구,84.0986,A
official_current,현재 공식 가중치,ba_14742705,본죽&비빔밥 청주개신점,본그룹,백반·죽·국수,충청북도,청주시,84.0877,A
official_current,현재 공식 가중치,ba_14691909,본죽&비빔밥 부산정관모전점,본그룹,백반·죽·국수,부산광역시,기장군,84.0798,A
official_current,현재 공식 가중치,ba_13235557,본죽 도봉동점,본그룹,백반·죽·국수,서울특별시,도봉구,84.0027,A
official_current,현재 공식 가중치,ba_14690587,본죽&비빔밥 포항법원점,본그룹,백반·죽·국수,경상북도,포항시,83.9628,A
official_current,현재 공식 가중치,ba_14689382,본죽&비빔밥 수원권선시장점,본그룹,백반·죽·국수,경기도,수원시,83.7215,A
official_current,현재 공식 가중치,ba_14757711,굽네치킨&피자 칠금문화점,굽네치킨,치킨,충청북도,충주시,83.4136,A
official_current,현재 공식 가중치,ba_14692118,본죽&비빔밥 여수소호점,본그룹,백반·죽·국수,전라남도,여수시,83.3967,A
official_current,현재 공식 가중치,ba_14727030,본죽&비빔밥 부산명장역점,본그룹,백반·죽·국수,부산광역시,동래구,83.2478,A
official_current,현재 공식 가중치,ba_14692258,본죽 천안쌍용1동점,본그룹,백반·죽·국수,충청남도,천안시,82.9904,A
official_current,현재 공식 가중치,ba_14688557,본죽 보정동단국대점,본그룹,백반·죽·국수,경기도,용인시,82.8949,A
official_current,현재 공식 가중치,ba_14689904,본죽&비빔밥 안양호계포도원점,본그룹,백반·죽·국수,경기도,안양시,82.8475,A
official_current,현재 공식 가중치,ba_14689854,본죽&비빔밥 인천간석홈플러스앞점,본그룹,백반·죽·국수,인천광역시,남동구,82.8063,A
official_current,현재 공식 가중치,ba_14689573,본죽&비빔밥 시흥목감역점,본그룹,백반·죽·국수,경기도,시흥시,82.8029,A
official_current,현재 공식 가중치,ba_14689645,본죽&비빔밥 병점복합타운점,본그룹,백반·죽·국수,경기도,화성시,82.7475,A
official_current,현재 공식 가중치,ba_14689875,본죽 양산물금증산점,본그룹,백반·죽·국수,경상남도,양산시,82.7440,A
official_current,현재 공식 가중치,ba_14687344,본죽&비빔밥 쌍문점,본그룹,백반·죽·국수,서울특별시,도봉구,82.5462,A
official_current,현재 공식 가중치,ba_14459736,굽네치킨,굽네치킨,치킨,경기도,남양주시,82.5369,A
official_current,현재 공식 가중치,ba_13222170,본죽&비빔밥 전북김제점,본그룹,백반·죽·국수,전북특별자치도,김제시,82.4449,A
official_current,현재 공식 가중치,ba_14689886,본죽&비빔밥 안양호계사거리점,본그룹,백반·죽·국수,경기도,안양시,82.2153,A
official_current,현재 공식 가중치,ba_14688860,본죽&비빔밥 수색DMC점,본그룹,백반·죽·국수,서울특별시,은평구,82.0256,A
official_current,현재 공식 가중치,ba_14689766,본죽&비빔밥 인천신포동점,본그룹,백반·죽·국수,인천광역시,중구,81.9435,A
official_current,현재 공식 가중치,ba_14690110,본죽&비빔밥 신봉초교점,본그룹,백반·죽·국수,경기도,용인시,81.9210,A
official_current,현재 공식 가중치,ba_14688094,본죽 군포지샘병원점,본그룹,백반·죽·국수,경기도,군포시,81.8033,A
official_current,현재 공식 가중치,ba_14694148,본죽 통영점,본그룹,백반·죽·국수,경상남도,통영시,81.6978,A
official_current,현재 공식 가중치,ba_14689481,본죽&비빔밥 파주운정해오름점,본그룹,백반·죽·국수,경기도,파주시,81.3864,A
official_current,현재 공식 가중치,ba_14691958,본죽&비빔밥 부산내성교차로점,본그룹,백반·죽·국수,부산광역시,동래구,81.0614,A
official_current,현재 공식 가중치,ba_14691112,본죽 대구방촌점,본그룹,백반·죽·국수,대구광역시,동구,81.0059,A
official_current,현재 공식 가중치,ba_14692165,본죽 세종아름점,본그룹,백반·죽·국수,세종특별자치시,보듬3로,81.0131,A
official_current,현재 공식 가중치,ba_14692275,본죽&비빔밥 전주객사점,본그룹,백반·죽·국수,전북특별자치도,전주시,80.8931,A
official_current,현재 공식 가중치,ba_14690002,본죽 송도센트럴파크점,본그룹,백반·죽·국수,인천광역시,연수구,80.7990,A
official_current,현재 공식 가중치,ba_13233115,본죽&비빔밥 대구복현동점,본그룹,백반·죽·국수,대구광역시,북구,80.6379,A
official_current,현재 공식 가중치,ba_14690034,본죽&비빔밥 인천검암점,본그룹,백반·죽·국수,인천광역시,서구,80.3961,A
official_current,현재 공식 가중치,ba_14689611,본죽&비빔밥 시흥장곡점,본그룹,백반·죽·국수,경기도,시흥시,80.2627,A
official_current,현재 공식 가중치,ba_14691077,본죽&비빔밥 대구파티마병원점,본그룹,백반·죽·국수,대구광역시,동구,80.2120,A
official_current,현재 공식 가중치,ba_14689115,본죽&비빔밥 양주덕정점,본그룹,백반·죽·국수,경기도,양주시,80.1165,A
official_current,현재 공식 가중치,ba_14273972,본죽&비빔밥 단양점,본그룹,백반·죽·국수,충청북도,단양군,79.9763,B
official_current,현재 공식 가중치,ba_14691106,본죽&비빔밥 대구동구청점,본그룹,백반·죽·국수,대구광역시,동구,79.9487,B
official_current,현재 공식 가중치,ba_14690723,본죽&비빔밥 광주첨단월계점,본그룹,백반·죽·국수,광주광역시,광산구,79.8275,B
official_current,현재 공식 가중치,ba_14688114,본죽&비빔밥 신촌점,본그룹,백반·죽·국수,서울특별시,서대문구,79.8088,B
official_current,현재 공식 가중치,ba_14448826,본죽&비빔밥 인천검단신도시점,본그룹,백반·죽·국수,인천광역시,서구,79.8041,B
official_current,현재 공식 가중치,ba_14647668,본죽&비빔밥 인천간석홈플러스앞점,본그룹,백반·죽·국수,인천광역시,남동구,79.3466,B
official_current,현재 공식 가중치,ba_14691857,본죽&비빔밥 부산명지국제중앙점,본그룹,백반·죽·국수,부산광역시,강서구,79.3543,B
official_current,현재 공식 가중치,ba_14689890,본죽&비빔밥 구월아시아드점,본그룹,백반·죽·국수,인천광역시,남동구,79.2563,B
official_current,현재 공식 가중치,ba_14732026,굽네치킨 부산전포점,굽네치킨,치킨,부산광역시,부산진구,79.2548,B
official_current,현재 공식 가중치,ba_14691965,본죽&비빔밥 나주혁신호수공원점,본그룹,백반·죽·국수,전라남도,나주시,79.2299,B
official_current,현재 공식 가중치,ba_13199394,본죽&비빔밥 울산야음점,본그룹,백반·죽·국수,울산광역시,남구,79.2254,B
official_current,현재 공식 가중치,ba_14691209,본죽&비빔밥 대구두산점,본그룹,백반·죽·국수,대구광역시,수성구,79.1985,B
official_current,현재 공식 가중치,ba_14689734,본죽&비빔밥 송도신도시점,본그룹,백반·죽·국수,인천광역시,연수구,79.1185,B
official_current,현재 공식 가중치,ba_14687166,본죽&비빔밥 등촌공항대로점,본그룹,백반·죽·국수,서울특별시,강서구,78.9851,B
official_current,현재 공식 가중치,ba_14689614,본죽&비빔밥 시흥시화점,본그룹,백반·죽·국수,경기도,시흥시,78.8422,B
official_current,현재 공식 가중치,ba_14739745,굽네치킨 감정점,굽네치킨,치킨,경기도,김포시,78.7719,B
official_current,현재 공식 가중치,ba_14690992,본죽&비빔밥 대전신탄점,본그룹,백반·죽·국수,대전광역시,대덕구,78.6819,B
official_current,현재 공식 가중치,ba_13223520,본죽 신림고시촌점,본그룹,백반·죽·국수,서울특별시,관악구,78.5877,B
official_current,현재 공식 가중치,ba_14714062,본죽&비빔밥 파주운정산내마을점,본그룹,백반·죽·국수,경기도,파주시,78.5261,B
official_current,현재 공식 가중치,ba_14692326,본죽&비빔밥 제천청전점,본그룹,백반·죽·국수,충청북도,제천시,78.4780,B
official_current,현재 공식 가중치,ba_14753110,본죽&비빔밥 청주성화점,본그룹,백반·죽·국수,충청북도,청주시,78.4680,B
official_current,현재 공식 가중치,ba_14692505,본죽&비빔밥 울산남목점,본그룹,백반·죽·국수,울산광역시,동구,78.4745,B
official_current,현재 공식 가중치,ba_14691361,본죽&비빔밥 경산옥곡점,본그룹,백반·죽·국수,경상북도,경산시,78.4496,B
official_current,현재 공식 가중치,ba_14691245,본죽&비빔밥 대구동성로점,본그룹,백반·죽·국수,대구광역시,중구,78.3729,B
official_current,현재 공식 가중치,ba_14691277,본죽&비빔밥 대구달서구청점,본그룹,백반·죽·국수,대구광역시,달서구,78.2828,B
official_current,현재 공식 가중치,ba_14691130,본죽 부산진역점,본그룹,백반·죽·국수,부산광역시,동구,78.2465,B
official_current,현재 공식 가중치,ba_14692482,본죽&비빔밥 충주호암점,본그룹,백반·죽·국수,충청북도,충주시,78.2417,B
official_current,현재 공식 가중치,ba_14689750,본죽&비빔밥 안산본오점,본그룹,백반·죽·국수,경기도,안산시,78.1968,B
official_current,현재 공식 가중치,ba_14744959,굽네치킨 부산수정점,굽네치킨,치킨,부산광역시,동구,78.1800,B
official_current,현재 공식 가중치,ba_13918069,본죽&비빔밥 평택지제점,본그룹,백반·죽·국수,경기도,평택시,78.1554,B
official_current,현재 공식 가중치,ba_14688687,본죽&비빔밥 신길점,본그룹,백반·죽·국수,서울특별시,영등포구,78.1053,B
official_current,현재 공식 가중치,ba_14690674,본죽&비빔밥 광주신가점,본그룹,백반·죽·국수,광주광역시,광산구,77.9935,B
official_current,현재 공식 가중치,ba_14688522,본죽 시흥은행점,본그룹,백반·죽·국수,경기도,시흥시,77.9634,B
official_current,현재 공식 가중치,ba_13233576,본죽&비빔밥 당진점,본그룹,백반·죽·국수,충청남도,당진시,77.8937,B
official_current,현재 공식 가중치,ba_14625762,본죽&비빔밥 익산부송우남점,본그룹,백반·죽·국수,전북특별자치도,익산시,77.8054,B
official_current,현재 공식 가중치,ba_14691801,본죽 부산구남점,본그룹,백반·죽·국수,부산광역시,북구,77.6326,B
official_current,현재 공식 가중치,ba_14739746,굽네피자 감정점,굽네치킨,피자,경기도,김포시,77.5053,B
official_current,현재 공식 가중치,ba_14694620,본죽&비빔밥 경산신대부적점,본그룹,백반·죽·국수,경상북도,경산시,77.4953,B
official_current,현재 공식 가중치,ba_14692022,본죽&비빔밥 여수죽림점,본그룹,백반·죽·국수,전라남도,여수시,77.3208,B
official_current,현재 공식 가중치,ba_13223329,본죽&비빔밥 양주덕정점,본그룹,백반·죽·국수,경기도,양주시,77.0451,B
official_current,현재 공식 가중치,ba_14627570,본죽&비빔밥 김해안동푸르지오점,본그룹,백반·죽·국수,경상남도,김해시,76.9772,B
official_current,현재 공식 가중치,ba_14691943,본죽&비빔밥 순천연향점,본그룹,백반·죽·국수,전라남도,순천시,76.9447,B
official_current,현재 공식 가중치,ba_13260584,본죽&비빔밥 광주신창점,본그룹,백반·죽·국수,광주광역시,광산구,76.9204,B
official_current,현재 공식 가중치,ba_14703930,본죽 중화역점,본그룹,백반·죽·국수,서울특별시,중랑구,76.9089,B
official_current,현재 공식 가중치,ba_10841883,굽네치킨 선부3동점,굽네치킨,치킨,경기도,안산시,76.8968,B
official_current,현재 공식 가중치,ba_14688746,본죽&비빔밥 광명소하지구점,본그룹,백반·죽·국수,경기도,광명시,76.8725,B
official_current,현재 공식 가중치,ba_14691975,본죽&비빔밥 백양산롯데캐슬점,본그룹,백반·죽·국수,부산광역시,부산진구,76.8419,B
official_current,현재 공식 가중치,ba_14687318,본죽&비빔밥 독산정훈단지점,본그룹,백반·죽·국수,서울특별시,금천구,76.8219,B
official_current,현재 공식 가중치,ba_14688729,본죽&비빔밥 과천점,본그룹,백반·죽·국수,경기도,과천시,76.8109,B
official_current,현재 공식 가중치,ba_14691901,본죽&비빔밥 약사점,본그룹,백반·죽·국수,울산광역시,중구,76.7012,B
official_current,현재 공식 가중치,ba_14688848,본죽&비빔밥 연신갈현점,본그룹,백반·죽·국수,서울특별시,은평구,76.6110,B
official_current,현재 공식 가중치,ba_14690081,본죽 신곡시장점,본그룹,백반·죽·국수,서울특별시,양천구,76.4704,B
official_current,현재 공식 가중치,ba_14727064,본죽&비빔밥 전주혁신도시점,본그룹,백반·죽·국수,전북특별자치도,완주군,76.3964,B
official_current,현재 공식 가중치,ba_14691116,본죽&비빔밥 대구칠곡관음점,본그룹,백반·죽·국수,대구광역시,북구,76.3129,B
official_current,현재 공식 가중치,ba_14690718,본죽&비빔밥 광주노대점,본그룹,백반·죽·국수,광주광역시,남구,76.2407,B
official_current,현재 공식 가중치,ba_13234034,본죽 포항오천점,본그룹,백반·죽·국수,경상북도,포항시,76.2405,B
official_current,현재 공식 가중치,ba_14688555,본죽 수원인계점,본그룹,백반·죽·국수,경기도,수원시,76.1665,B
official_current,현재 공식 가중치,ba_14692194,본죽&비빔밥 익산영등제일점,본그룹,백반·죽·국수,전북특별자치도,익산시,75.9344,B
official_current,현재 공식 가중치,ba_14688197,본죽 인왕산점,본그룹,백반·죽·국수,서울특별시,서대문구,75.8360,B
official_current,현재 공식 가중치,ba_14689415,본죽&비빔밥 수원탑동점,본그룹,백반·죽·국수,경기도,수원시,75.7772,B
official_current,현재 공식 가중치,ba_14457403,본죽&비빔밥 부산연제점,본그룹,백반·죽·국수,부산광역시,연제구,75.7031,B
official_current,현재 공식 가중치,ba_14687119,본죽 성균관대점,본그룹,백반·죽·국수,서울특별시,종로구,75.6562,B
official_current,현재 공식 가중치,ba_14690665,본죽&비빔밥 장유신문점,본그룹,백반·죽·국수,경상남도,김해시,75.6500,B
official_current,현재 공식 가중치,ba_14688931,본죽&비빔밥 고양덕은점,본그룹,백반·죽·국수,경기도,고양시,75.4709,B
official_current,현재 공식 가중치,ba_14691179,본죽&비빔밥 내당삼익뉴타운점,본그룹,백반·죽·국수,대구광역시,서구,75.4557,B
official_current,현재 공식 가중치,ba_14691976,본죽&비빔밥 부산전포점,본그룹,백반·죽·국수,부산광역시,부산진구,75.4425,B
official_current,현재 공식 가중치,ba_14691401,본죽&비빔밥 대구대학교점,본그룹,백반·죽·국수,경상북도,경산시,75.2905,B
official_current,현재 공식 가중치,ba_14691998,본죽&비빔밥 부산엄궁점,본그룹,백반·죽·국수,부산광역시,사상구,75.2065,B
official_current,현재 공식 가중치,ba_13973813,굽네피자 선부3동점,굽네치킨,피자,경기도,안산시,75.1534,B
official_current,현재 공식 가중치,ba_14692216,본죽&비빔밥 조치원죽림점,본그룹,백반·죽·국수,세종특별자치시,조치원읍,75.1342,B
official_current,현재 공식 가중치,ba_14691101,본죽&비빔밥 대구율하점,본그룹,백반·죽·국수,대구광역시,동구,75.1030,B
official_current,현재 공식 가중치,ba_14689936,본죽&비빔밥 안양박달점,본그룹,백반·죽·국수,경기도,안양시,74.9028,B
official_current,현재 공식 가중치,ba_14692439,본죽&비빔밥 청주오송파라곤점,본그룹,백반·죽·국수,충청북도,청주시,74.8570,B
official_current,현재 공식 가중치,ba_14687368,본죽&비빔밥 장안동점,본그룹,백반·죽·국수,서울특별시,동대문구,74.7430,B
official_current,현재 공식 가중치,ba_14689757,본죽&비빔밥 인천연수점,본그룹,백반·죽·국수,인천광역시,연수구,74.6351,B
official_current,현재 공식 가중치,ba_14691059,본죽 대구세천점,본그룹,백반·죽·국수,대구광역시,달성군,74.5778,B
official_current,현재 공식 가중치,ba_14691375,본죽&비빔밥 경산중산점,본그룹,백반·죽·국수,경상북도,경산시,74.5133,B
official_current,현재 공식 가중치,ba_14613531,본죽&비빔밥 백양산롯데캐슬점,본그룹,백반·죽·국수,부산광역시,부산진구,74.4712,B
official_current,현재 공식 가중치,ba_13230813,본죽&비빔밥 용인물푸레마을점,본그룹,백반·죽·국수,경기도,용인시,74.4428,B
official_current,현재 공식 가중치,ba_13539851,굽네치킨 소답점,굽네치킨,치킨,경상남도,창원시,74.3915,B
official_current,현재 공식 가중치,ba_14691953,본죽&비빔밥 순천오천점,본그룹,백반·죽·국수,전라남도,순천시,74.3749,B
official_current,현재 공식 가중치,ba_14691150,본죽 다사죽곡점,본그룹,백반·죽·국수,대구광역시,달성군,74.3259,B
official_current,현재 공식 가중치,ba_14691969,본죽&비빔밥 부산사직점,본그룹,백반·죽·국수,부산광역시,동래구,74.3207,B
official_current,현재 공식 가중치,ba_14692121,본죽&비빔밥 부산법조타운점,본그룹,백반·죽·국수,부산광역시,연제구,74.2972,B
official_current,현재 공식 가중치,ba_13233856,본죽 세종아름점,본그룹,백반·죽·국수,세종특별자치시,보듬3로,74.1628,B
official_current,현재 공식 가중치,ba_13233778,본죽&비빔밥 포항효자점,본그룹,백반·죽·국수,경상북도,포항시,74.0905,B
official_current,현재 공식 가중치,ba_14691037,본죽&비빔밥 대전학하점,본그룹,백반·죽·국수,대전광역시,유성구,74.0659,B
official_current,현재 공식 가중치,ba_14688088,본죽&비빔밥 대흥역점,본그룹,백반·죽·국수,서울특별시,마포구,74.0484,B
official_current,현재 공식 가중치,ba_13596071,본죽&비빔밥 연신갈현점,본그룹,백반·죽·국수,서울특별시,은평구,73.8981,B
official_current,현재 공식 가중치,ba_13224710,본죽 안양관양동점,본그룹,백반·죽·국수,경기도,안양시,73.8833,B
official_current,현재 공식 가중치,ba_14732355,본죽&비빔밥 속초점,본그룹,백반·죽·국수,강원특별자치도,속초시,73.8738,B
official_current,현재 공식 가중치,ba_14688963,본죽 고양점,본그룹,백반·죽·국수,경기도,고양시,73.8495,B
official_current,현재 공식 가중치,ba_14688337,본죽&비빔밥 장위뉴타운점,본그룹,백반·죽·국수,서울특별시,성북구,73.7841,B
official_current,현재 공식 가중치,ba_14691042,본죽 대구서재점,본그룹,백반·죽·국수,대구광역시,달성군,73.7825,B
official_current,현재 공식 가중치,ba_14691269,본죽 대전도마사거리점,본그룹,백반·죽·국수,대전광역시,서구,73.7555,B
official_current,현재 공식 가중치,ba_14691005,본죽&비빔밥 광주화정점,본그룹,백반·죽·국수,광주광역시,서구,73.6549,B
official_current,현재 공식 가중치,ba_14574885,본죽&비빔밥 청주분평점,본그룹,백반·죽·국수,충청북도,청주시,73.5994,B
official_current,현재 공식 가중치,ba_13226530,본죽&비빔밥 목동사거리점,본그룹,백반·죽·국수,서울특별시,양천구,73.5303,B
official_current,현재 공식 가중치,ba_14691187,본죽&비빔밥 대구평리뉴타운점,본그룹,백반·죽·국수,대구광역시,서구,73.3546,B
official_current,현재 공식 가중치,ba_13472981,굽네피자,굽네치킨,피자,경상북도,상주시,73.2590,B
official_current,현재 공식 가중치,ba_14692060,본죽&비빔밥 돌곶이역점,본그룹,백반·죽·국수,서울특별시,성북구,73.2304,B
official_current,현재 공식 가중치,ba_14760742,본죽&비빔밥 용인신갈점,본그룹,백반·죽·국수,경기도,용인시,73.1843,B
official_current,현재 공식 가중치,ba_14689761,본죽&비빔밥 송도글로벌캠퍼스점,본그룹,백반·죽·국수,인천광역시,연수구,73.1510,B
official_current,현재 공식 가중치,ba_14276685,본죽 철원점,본그룹,백반·죽·국수,강원특별자치도,철원군,73.0797,B
official_current,현재 공식 가중치,ba_14687335,본죽&비빔밥 광운대역점,본그룹,백반·죽·국수,서울특별시,노원구,73.0708,B
official_current,현재 공식 가중치,ba_14691292,본죽&비빔밥 대구신매시장점,본그룹,백반·죽·국수,대구광역시,수성구,73.0397,B
official_current,현재 공식 가중치,ba_14687326,본죽&비빔밥 개봉점,본그룹,백반·죽·국수,서울특별시,구로구,73.0051,B
official_current,현재 공식 가중치,ba_14352915,본죽&비빔밥 대구다사역점,본그룹,백반·죽·국수,대구광역시,달성군,72.9944,B
official_current,현재 공식 가중치,ba_14691036,본죽&비빔밥 대구다사역점,본그룹,백반·죽·국수,대구광역시,달성군,72.9222,B
official_current,현재 공식 가중치,ba_14691974,본죽&비빔밥 부산율리점,본그룹,백반·죽·국수,부산광역시,북구,72.8695,B
official_current,현재 공식 가중치,ba_13973745,굽네피자 가산점,굽네치킨,피자,서울특별시,금천구,72.8368,B
official_current,현재 공식 가중치,ba_14702996,본죽&비빔밥 사당연세사랑병원점,본그룹,백반·죽·국수,서울특별시,서초구,72.8309,B
official_current,현재 공식 가중치,ba_14687382,본죽&비빔밥 노량진점,본그룹,백반·죽·국수,서울특별시,동작구,72.8120,B
official_current,현재 공식 가중치,ba_14691044,본죽&비빔밥 대구대곡역점,본그룹,백반·죽·국수,대구광역시,달성군,72.7717,B
official_current,현재 공식 가중치,ba_14692246,본죽&비빔밥 천안성성점,본그룹,백반·죽·국수,충청남도,천안시,72.6993,B
official_current,현재 공식 가중치,ba_14692012,본죽&비빔밥 여수여서점,본그룹,백반·죽·국수,전라남도,여수시,72.6347,B
official_current,현재 공식 가중치,ba_13234790,굽네치킨 덕정점,굽네치킨,치킨,경기도,양주시,72.5472,B
official_current,현재 공식 가중치,ba_14640352,본죽&비빔밥 광주삼각점,본그룹,백반·죽·국수,광주광역시,북구,72.5368,B
official_current,현재 공식 가중치,ba_14690806,본죽&비빔밥 광주백운대성초교점,본그룹,백반·죽·국수,광주광역시,남구,72.4738,B
official_current,현재 공식 가중치,ba_14392310,굽네피자 등촌2동점,굽네치킨,피자,서울특별시,강서구,72.4263,B
official_current,현재 공식 가중치,ba_13233592,본죽&비빔밥 대구대학교점,본그룹,백반·죽·국수,경상북도,경산시,72.3757,B
official_current,현재 공식 가중치,ba_14691344,본죽&비빔밥 경산사동점,본그룹,백반·죽·국수,경상북도,경산시,72.1061,B
official_current,현재 공식 가중치,ba_14689610,본죽 동인천점,본그룹,백반·죽·국수,인천광역시,중구,72.0948,B
official_current,현재 공식 가중치,ba_14689940,본죽&비빔밥 안양성원점,본그룹,백반·죽·국수,경기도,안양시,71.7035,B
official_current,현재 공식 가중치,ba_14688525,본죽 시흥시화병원점,본그룹,백반·죽·국수,경기도,시흥시,71.6796,B
official_current,현재 공식 가중치,ba_14688907,본죽&비빔밥 고양행신역점,본그룹,백반·죽·국수,경기도,고양시,71.6183,B
official_current,현재 공식 가중치,ba_14504490,본죽&비빔밥 부천순천향병원앞점,본그룹,백반·죽·국수,경기도,부천시,71.3859,B
official_current,현재 공식 가중치,ba_14688180,본죽&비빔밥 왕십리뉴타운점,본그룹,백반·죽·국수,서울특별시,성동구,71.3749,B
official_current,현재 공식 가중치,ba_14688363,본죽&비빔밥 목동역점,본그룹,백반·죽·국수,서울특별시,양천구,71.3569,B
official_current,현재 공식 가중치,ba_14692201,본죽&비빔밥 세종반곡점,본그룹,백반·죽·국수,세종특별자치시,한누리대로,71.3039,B
official_current,현재 공식 가중치,ba_14689993,본죽&비빔밥 용인구갈점,본그룹,백반·죽·국수,경기도,용인시,71.3046,B
official_current,현재 공식 가중치,ba_14606315,본죽&비빔밥 의정부범골역점,본그룹,백반·죽·국수,경기도,의정부시,71.2801,B
official_current,현재 공식 가중치,ba_14694278,본죽&비빔밥 오금동사거리점,본그룹,백반·죽·국수,서울특별시,송파구,71.1941,B
official_current,현재 공식 가중치,ba_13243585,본죽&비빔밥 쌍문점,본그룹,백반·죽·국수,서울특별시,도봉구,71.0446,B
official_current,현재 공식 가중치,ba_13984579,굽네피자 암사3동점,굽네치킨,피자,서울특별시,강동구,71.0323,B
official_current,현재 공식 가중치,ba_14692433,본죽&비빔밥 충주계룡힐스점,본그룹,백반·죽·국수,충청북도,충주시,70.8400,B
official_current,현재 공식 가중치,ba_13550181,본죽&비빔밥 양주고읍점,본그룹,백반·죽·국수,경기도,양주시,70.8302,B
official_current,현재 공식 가중치,ba_14689756,본죽 경기광주신현점,본그룹,백반·죽·국수,경기도,광주시,70.7328,B
official_current,현재 공식 가중치,ba_13249989,굽네치킨 달동점,굽네치킨,치킨,울산광역시,남구,70.6779,B
official_current,현재 공식 가중치,ba_10476209,굽네치킨 경남사천점,굽네치킨,치킨,경상남도,사천시,70.6659,B
official_current,현재 공식 가중치,ba_14690660,본죽&비빔밥 김해안동푸르지오점,본그룹,백반·죽·국수,경상남도,김해시,70.6702,B
official_current,현재 공식 가중치,ba_14690124,본죽&비빔밥 새터마을죽전현대홈타운점,본그룹,백반·죽·국수,경기도,용인시,70.6655,B
official_current,현재 공식 가중치,ba_14699201,본죽 전농동점,본그룹,백반·죽·국수,서울특별시,동대문구,70.6570,B
official_current,현재 공식 가중치,ba_14720262,굽네치킨 강화온수점,굽네치킨,치킨,인천광역시,강화군,70.6399,B
official_current,현재 공식 가중치,ba_13630053,본죽&비빔밥 경남사천점,본그룹,백반·죽·국수,경상남도,사천시,70.6341,B
official_current,현재 공식 가중치,ba_14690673,본죽&비빔밥 광주수완점,본그룹,백반·죽·국수,광주광역시,광산구,70.5741,B
official_current,현재 공식 가중치,ba_14688924,본죽&비빔밥 서대문역점,본그룹,백반·죽·국수,서울특별시,종로구,70.5702,B
official_current,현재 공식 가중치,ba_14654803,본죽&비빔밥 포항이인지구점,본그룹,백반·죽·국수,경상북도,포항시,70.5092,B
official_current,현재 공식 가중치,ba_14691996,본죽&비빔밥 부산덕천점,본그룹,백반·죽·국수,부산광역시,북구,70.4579,B
official_current,현재 공식 가중치,ba_14690565,본죽 창원중앙동점,본그룹,백반·죽·국수,경상남도,창원시,70.1173,B
official_current,현재 공식 가중치,ba_14692211,본죽&비빔밥 세종해밀점,본그룹,백반·죽·국수,세종특별자치시,해밀3로,70.0127,B
official_current,현재 공식 가중치,ba_14736683,본죽&비빔밥 신림녹두거리점,본그룹,백반·죽·국수,서울특별시,관악구,69.9807,B
official_current,현재 공식 가중치,ba_14712294,본죽&비빔밥 서울대입구역점,본그룹,백반·죽·국수,서울특별시,관악구,69.9718,B
official_current,현재 공식 가중치,ba_13230969,본죽&비빔밥 새터마을죽전현대홈타운점,본그룹,백반·죽·국수,경기도,용인시,69.9026,B
official_current,현재 공식 가중치,ba_14268780,본죽&비빔밥 세종집현점,본그룹,백반·죽·국수,세종특별자치시,남세종로,69.8063,B
official_current,현재 공식 가중치,ba_14688371,본죽&비빔밥 목동사거리점,본그룹,백반·죽·국수,서울특별시,양천구,69.5991,B
official_current,현재 공식 가중치,ba_14691088,본죽&비빔밥 경산터미널점,본그룹,백반·죽·국수,경상북도,경산시,69.4876,B
official_current,현재 공식 가중치,ba_14719522,본죽&비빔밥 전주혁신도시점,본그룹,백반·죽·국수,전북특별자치도,완주군,69.2748,B
official_current,현재 공식 가중치,ba_13752011,굽네치킨 영통2동점,굽네치킨,치킨,경기도,수원시,69.1772,B
official_current,현재 공식 가중치,ba_14688656,본죽&비빔밥 문래힐스테이트점,본그룹,백반·죽·국수,서울특별시,영등포구,69.0766,B
official_current,현재 공식 가중치,ba_14530939,본죽 경북청도점,본그룹,백반·죽·국수,경상북도,청도군,68.9955,B
official_current,현재 공식 가중치,ba_14689485,본죽&비빔밥 수원광교역점,본그룹,백반·죽·국수,경기도,수원시,68.9555,B
official_current,현재 공식 가중치,ba_14688559,본죽 용인강남대점,본그룹,백반·죽·국수,경기도,용인시,68.9111,B
official_current,현재 공식 가중치,ba_14691155,본죽&비빔밥 대구침산네거리점,본그룹,백반·죽·국수,대구광역시,북구,68.6409,B
official_current,현재 공식 가중치,ba_13200219,본죽&비빔밥 안성당왕점,본그룹,백반·죽·국수,경기도,안성시,68.5048,B
official_current,현재 공식 가중치,ba_14513076,본죽&비빔밥 광주첨단점,본그룹,백반·죽·국수,광주광역시,광산구,68.4644,B
official_current,현재 공식 가중치,ba_14689869,본죽&비빔밥 비산사거리점,본그룹,백반·죽·국수,경기도,안양시,68.4395,B
official_current,현재 공식 가중치,ba_13229107,본죽 대덕테크노밸리점,본그룹,백반·죽·국수,대전광역시,유성구,68.3404,B
official_current,현재 공식 가중치,ba_13787561,본죽&비빔밥 평택시청점,본그룹,백반·죽·국수,경기도,평택시,68.3393,B
official_current,현재 공식 가중치,ba_14441181,굽네치킨 나주빛가람점,굽네치킨,치킨,전라남도,나주시,68.2798,B
official_current,현재 공식 가중치,ba_10657170,굽네치킨 가좌1호점,굽네치킨,치킨,인천광역시,서구,68.1857,B
official_current,현재 공식 가중치,ba_14251741,굽네치킨 태전점,굽네치킨,치킨,대구광역시,북구,68.1515,B
official_current,현재 공식 가중치,ba_10627648,굽네치킨 상주냉림무양점,굽네치킨,치킨,경상북도,상주시,68.0726,B
official_current,현재 공식 가중치,ba_14582073,굽네치킨 양주덕계점,굽네치킨,치킨,경기도,양주시,68.0227,B
official_current,현재 공식 가중치,ba_10798649,굽네치킨 암사3동점,굽네치킨,치킨,서울특별시,강동구,67.9388,B
official_current,현재 공식 가중치,ba_14687333,본죽&비빔밥 석계역점,본그룹,백반·죽·국수,서울특별시,노원구,67.8789,B
official_current,현재 공식 가중치,ba_14688582,본죽&비빔밥 오목교역점,본그룹,백반·죽·국수,서울특별시,양천구,67.8774,B
official_current,현재 공식 가중치,ba_14691194,본죽&비빔밥 대구법원점,본그룹,백반·죽·국수,대구광역시,수성구,67.6163,B
official_current,현재 공식 가중치,ba_14691859,본죽&비빔밥 울산오토밸리점,본그룹,백반·죽·국수,울산광역시,북구,67.6007,B
official_current,현재 공식 가중치,ba_14371606,본죽&비빔밥 부산내성교차로점,본그룹,백반·죽·국수,부산광역시,동래구,67.5185,B
official_current,현재 공식 가중치,ba_13199864,본죽&비빔밥 울산남목점,본그룹,백반·죽·국수,울산광역시,동구,67.4998,B
official_current,현재 공식 가중치,ba_13234089,본죽 세종고운점,본그룹,백반·죽·국수,세종특별자치시,마음로,67.4845,B
official_current,현재 공식 가중치,ba_10636817,굽네치킨 양산물금점,굽네치킨,치킨,경상남도,양산시,67.4270,B
official_current,현재 공식 가중치,ba_14691270,본죽&비빔밥 대구용산장기점,본그룹,백반·죽·국수,대구광역시,달서구,67.3461,B
official_current,현재 공식 가중치,ba_14687340,본죽&비빔밥 방학역점,본그룹,백반·죽·국수,서울특별시,도봉구,67.2878,B
official_current,현재 공식 가중치,ba_14691295,본죽&비빔밥 대구월촌역점,본그룹,백반·죽·국수,대구광역시,달서구,67.2875,B
official_current,현재 공식 가중치,ba_12015187,굽네피자 길음1동점,굽네치킨,피자,서울특별시,성북구,67.2638,B
official_current,현재 공식 가중치,ba_10020109,굽네치킨 부산동삼점,굽네치킨,치킨,부산광역시,영도구,67.2494,B
official_current,현재 공식 가중치,ba_14688693,본죽 평촌학원가점,본그룹,백반·죽·국수,경기도,안양시,67.2457,B
official_current,현재 공식 가중치,ba_14689101,본죽&비빔밥 강남성심병원점,본그룹,백반·죽·국수,서울특별시,영등포구,67.2218,B
official_current,현재 공식 가중치,ba_13219094,본죽&비빔밥 남양주덕소점,본그룹,백반·죽·국수,경기도,남양주시,67.1691,B
official_current,현재 공식 가중치,ba_10776500,굽네치킨 가양점,굽네치킨,치킨,서울특별시,강서구,67.0669,B
official_current,현재 공식 가중치,ba_13267079,본죽&비빔밥 대전송촌점,본그룹,백반·죽·국수,대전광역시,대덕구,67.0469,B
official_current,현재 공식 가중치,ba_14688570,본죽 용인상갈점,본그룹,백반·죽·국수,경기도,용인시,67.0377,B
official_current,현재 공식 가중치,ba_14396364,본죽&비빔밥 용인어정역점,본그룹,백반·죽·국수,경기도,용인시,67.0442,B
official_current,현재 공식 가중치,ba_14692985,본죽&비빔밥 천안청당점,본그룹,백반·죽·국수,충청남도,천안시,67.0091,B
official_current,현재 공식 가중치,ba_14259741,본죽&비빔밥 춘천우두택지점,본그룹,백반·죽·국수,강원특별자치도,춘천시,66.9449,B
official_current,현재 공식 가중치,ba_13226851,본죽 부산진역점,본그룹,백반·죽·국수,부산광역시,동구,66.9300,B
official_current,현재 공식 가중치,ba_13412065,굽네치킨 신길뉴타운점,굽네치킨,치킨,서울특별시,영등포구,66.8860,B
official_current,현재 공식 가중치,ba_14669107,굽네치킨 의정부용현점,굽네치킨,치킨,경기도,의정부시,66.8835,B
official_current,현재 공식 가중치,ba_14691089,본죽&비빔밥 대전노은3지구점,본그룹,백반·죽·국수,대전광역시,유성구,66.8737,B
official_current,현재 공식 가중치,ba_14332093,굽네피자 금당왕지점,굽네치킨,피자,전라남도,순천시,66.7830,B
official_current,현재 공식 가중치,ba_14689608,본죽&비빔밥 평택신장점,본그룹,백반·죽·국수,경기도,평택시,66.7351,B
official_current,현재 공식 가중치,ba_13730162,본죽&비빔밥 경산진량점,본그룹,백반·죽·국수,경상북도,경산시,66.6823,B
official_current,현재 공식 가중치,ba_14787776,굽네치킨&피자 지제동삭점,굽네치킨,치킨,경기도,평택시,66.6613,B
official_current,현재 공식 가중치,ba_13233606,본죽&비빔밥 대구칠곡관음점,본그룹,백반·죽·국수,대구광역시,북구,66.6412,B
official_current,현재 공식 가중치,ba_14725627,본죽&비빔밥 가평현리점,본그룹,백반·죽·국수,경기도,가평군,66.6321,B
official_current,현재 공식 가중치,ba_14688093,본죽&비빔밥 상암하늘초교점,본그룹,백반·죽·국수,서울특별시,마포구,66.5988,B
official_current,현재 공식 가중치,ba_14279612,본죽&비빔밥 부산율리점,본그룹,백반·죽·국수,부산광역시,북구,66.4998,B
official_current,현재 공식 가중치,ba_14728444,본죽&비빔밥 속초점,본그룹,백반·죽·국수,강원특별자치도,속초시,66.4347,B
official_current,현재 공식 가중치,ba_13977167,굽네피자 연신내점,굽네치킨,피자,서울특별시,은평구,66.3569,B
official_current,현재 공식 가중치,ba_13233579,본죽&비빔밥 경산터미널점,본그룹,백반·죽·국수,경상북도,경산시,66.2068,B
official_current,현재 공식 가중치,ba_13181957,본죽&비빔밥 천안신불당북부점,본그룹,백반·죽·국수,충청남도,천안시,65.9139,B
official_current,현재 공식 가중치,ba_10040685,굽네치킨 창원팔용점,굽네치킨,치킨,경상남도,창원시,65.7729,B
official_current,현재 공식 가중치,ba_14658825,굽네치킨 문학점,굽네치킨,치킨,인천광역시,미추홀구,65.7024,B
official_current,현재 공식 가중치,ba_14690704,본죽&비빔밥 김해복음병원점,본그룹,백반·죽·국수,경상남도,김해시,65.6601,B
official_current,현재 공식 가중치,ba_13228668,본죽&비빔밥 대전유성온천역점,본그룹,백반·죽·국수,대전광역시,유성구,65.5993,B
official_current,현재 공식 가중치,ba_14464913,굽네치킨 부산구서점,굽네치킨,치킨,부산광역시,금정구,65.6006,B
official_current,현재 공식 가중치,ba_14692549,본죽&비빔밥 안양덕천래미안점,본그룹,백반·죽·국수,경기도,안양시,65.4794,B
official_current,현재 공식 가중치,ba_10771255,굽네치킨 제천하소점,굽네치킨,치킨,충청북도,제천시,65.4848,B
official_current,현재 공식 가중치,ba_14690053,본죽&비빔밥 동백중앙점,본그룹,백반·죽·국수,경기도,용인시,65.4435,B
official_current,현재 공식 가중치,ba_14679019,굽네치킨 울산반구점,굽네치킨,치킨,울산광역시,중구,65.4185,B
official_current,현재 공식 가중치,ba_13233587,본죽&비빔밥 나주혁신호수공원점,본그룹,백반·죽·국수,전라남도,나주시,65.3806,B
official_current,현재 공식 가중치,ba_13473077,본죽&비빔밥 목포북항점,본그룹,백반·죽·국수,전라남도,목포시,65.3573,B
official_current,현재 공식 가중치,ba_14673434,굽네치킨 죽도점,굽네치킨,치킨,경상북도,포항시,65.3427,B
official_current,현재 공식 가중치,ba_14616721,본죽&비빔밥 울산오토밸리점,본그룹,백반·죽·국수,울산광역시,북구,65.3289,B
official_current,현재 공식 가중치,ba_13436824,본죽&비빔밥 송탄점,본그룹,백반·죽·국수,경기도,평택시,65.2789,B
official_current,현재 공식 가중치,ba_14690752,본 죽&비빔밥 양산이마트앞점,본그룹,백반·죽·국수,경상남도,양산시,65.1838,B
official_current,현재 공식 가중치,ba_13249105,굽네피자 창원팔용점,굽네치킨,피자,경상남도,창원시,65.1693,B
official_current,현재 공식 가중치,ba_13229173,본죽&비빔밥 대구칠곡점,본그룹,백반·죽·국수,대구광역시,북구,65.1521,B
official_current,현재 공식 가중치,ba_14694577,본죽&비빔밥 대구동성로중앙점,본그룹,백반·죽·국수,대구광역시,중구,65.1138,B
official_current,현재 공식 가중치,ba_13308613,본죽&비빔밥 김포걸포점,본그룹,백반·죽·국수,경기도,김포시,65.1009,B
official_current,현재 공식 가중치,ba_14691372,본죽&비빔밥 구미신평비산점,본그룹,백반·죽·국수,경상북도,구미시,65.0272,B
official_current,현재 공식 가중치,ba_14691273,본죽&비빔밥 대구성서용산시장점,본그룹,백반·죽·국수,대구광역시,달서구,65.0250,B
official_current,현재 공식 가중치,ba_13233726,본죽 다사죽곡점,본그룹,백반·죽·국수,대구광역시,달성군,64.9660,C
official_current,현재 공식 가중치,ba_14756889,본죽&비빔밥 창원대원점,본그룹,백반·죽·국수,경상남도,창원시,64.9674,C
official_current,현재 공식 가중치,ba_14363013,본죽&비빔밥 광주삼각점,본그룹,백반·죽·국수,광주광역시,북구,64.9390,C
official_current,현재 공식 가중치,ba_14690677,본죽&비빔밥 김해어방점,본그룹,백반·죽·국수,경상남도,김해시,64.9423,C
official_current,현재 공식 가중치,ba_13265806,본죽&비빔밥 익산영등제일점,본그룹,백반·죽·국수,전북특별자치도,익산시,64.8408,C
official_current,현재 공식 가중치,ba_14274675,본죽&비빔밥 충주호암점,본그룹,백반·죽·국수,충청북도,충주시,64.8143,C
official_current,현재 공식 가중치,ba_14689007,본죽&비빔밥 김포신곡점,본그룹,백반·죽·국수,경기도,김포시,64.7550,C
official_current,현재 공식 가중치,ba_14327700,본죽&비빔밥 부산전포점,본그룹,백반·죽·국수,부산광역시,부산진구,64.7192,C
official_current,현재 공식 가중치,ba_14746216,굽네치킨&피자 내수점,굽네치킨,치킨,충청북도,청주시,64.6801,C
official_current,현재 공식 가중치,ba_14332090,굽네치킨 금당왕지점,굽네치킨,치킨,전라남도,순천시,64.6388,C
official_current,현재 공식 가중치,ba_14645179,본죽&비빔밥 경산임당점,본그룹,백반·죽·국수,경상북도,경산시,64.6257,C
official_current,현재 공식 가중치,ba_13224802,본죽&비빔밥 안양박달점,본그룹,백반·죽·국수,경기도,안양시,64.6232,C
official_current,현재 공식 가중치,ba_14698364,본죽&비빔밥 청주사창점,본그룹,백반·죽·국수,충청북도,청주시,64.4682,C
official_current,현재 공식 가중치,ba_14692190,본죽&비빔밥 세종다정점,본그룹,백반·죽·국수,세종특별자치시,다정중앙로,64.4333,C
official_current,현재 공식 가중치,ba_14691829,본죽 부산신평가락타운점,본그룹,백반·죽·국수,부산광역시,사하구,64.4250,C
official_current,현재 공식 가중치,ba_13639608,굽네치킨 금호점,굽네치킨,치킨,광주광역시,서구,64.3897,C
official_current,현재 공식 가중치,ba_14797390,굽네치킨 수원연무점,굽네치킨,치킨,경기도,수원시,64.3640,C
official_current,현재 공식 가중치,ba_13226947,본죽&비빔밥 부산법조타운점,본그룹,백반·죽·국수,부산광역시,연제구,64.3369,C
official_current,현재 공식 가중치,ba_14687092,본죽 동부이촌동점,본그룹,백반·죽·국수,서울특별시,용산구,64.2991,C
official_current,현재 공식 가중치,ba_14686997,본죽 삼전동점,본그룹,백반·죽·국수,서울특별시,송파구,64.2887,C
official_current,현재 공식 가중치,ba_14669109,굽네치킨&피자 의정부용현점,굽네치킨,치킨,경기도,의정부시,64.1551,C
official_current,현재 공식 가중치,ba_13584348,굽네치킨 부산개금점,굽네치킨,치킨,부산광역시,부산진구,64.1459,C
official_current,현재 공식 가중치,ba_13235535,본죽 의정부낙양점,본그룹,백반·죽·국수,경기도,의정부시,64.1513,C
official_current,현재 공식 가중치,ba_14506379,본죽&비빔밥 방학역점,본그룹,백반·죽·국수,서울특별시,도봉구,64.1281,C
official_current,현재 공식 가중치,ba_14484534,본죽&비빔밥 산본학원가점,본그룹,백반·죽·국수,경기도,군포시,64.0904,C
official_current,현재 공식 가중치,ba_13229152,본죽&비빔밥 부산엄궁점,본그룹,백반·죽·국수,부산광역시,사상구,64.0385,C
official_current,현재 공식 가중치,ba_13233578,본죽&비빔밥 대구성당뉴타운점,본그룹,백반·죽·국수,대구광역시,달서구,64.0416,C
official_current,현재 공식 가중치,ba_14238012,본죽&비빔밥 안동송현점,본그룹,백반·죽·국수,경상북도,안동시,63.9727,C
official_current,현재 공식 가중치,ba_14688173,본죽 구리인창아름마을점,본그룹,백반·죽·국수,경기도,구리시,63.9266,C
official_current,현재 공식 가중치,ba_14449139,굽네치킨&피자 용운판암점,굽네치킨,치킨,대전광역시,동구,63.8971,C
official_current,현재 공식 가중치,ba_14690378,본죽 오금점,본그룹,백반·죽·국수,서울특별시,송파구,63.8466,C
official_current,현재 공식 가중치,ba_14773773,굽네치킨 고덕로데오점,굽네치킨,치킨,경기도,평택시,63.8337,C
official_current,현재 공식 가중치,ba_14250328,굽네치킨&피자 인창점,굽네치킨,치킨,경기도,구리시,63.7798,C
official_current,현재 공식 가중치,ba_13228520,본죽&비빔밥 성남모란시장점,본그룹,백반·죽·국수,경기도,성남시,63.7476,C
official_current,현재 공식 가중치,ba_13232508,본죽&비빔밥 김해어방점,본그룹,백반·죽·국수,경상남도,김해시,63.7391,C
official_current,현재 공식 가중치,ba_13379446,굽네치킨&피자 평내점,굽네치킨,치킨,경기도,남양주시,63.7251,C
official_current,현재 공식 가중치,ba_14228481,굽네피자 중곡1동점,굽네치킨,피자,서울특별시,광진구,63.6772,C
official_current,현재 공식 가중치,ba_14573167,본죽&비빔밥 파주금촌점,본그룹,백반·죽·국수,경기도,파주시,63.6766,C
official_current,현재 공식 가중치,ba_14689625,본죽&비빔밥 평택여중사거리점,본그룹,백반·죽·국수,경기도,평택시,63.6669,C
official_current,현재 공식 가중치,ba_14772844,굽네치킨&피자 양촌점,굽네치킨,치킨,경기도,김포시,63.6350,C
official_current,현재 공식 가중치,ba_13233639,본죽&비빔밥 대구동성로점,본그룹,백반·죽·국수,대구광역시,중구,63.5979,C
official_current,현재 공식 가중치,ba_14796833,굽네치킨&피자 성황골약점,굽네치킨,치킨,전라남도,광양시,63.5809,C
official_current,현재 공식 가중치,ba_13305413,본죽&비빔밥 사당연세사랑병원점,본그룹,백반·죽·국수,서울특별시,서초구,63.5711,C
official_current,현재 공식 가중치,ba_14689387,본죽&비빔밥 성남금광점,본그룹,백반·죽·국수,경기도,성남시,63.5729,C
official_current,현재 공식 가중치,ba_13232110,본죽&비빔밥 부산토곡점,본그룹,백반·죽·국수,부산광역시,연제구,63.5510,C
official_current,현재 공식 가중치,ba_14325499,본죽&비빔밥 충주계룡힐스점,본그룹,백반·죽·국수,충청북도,충주시,63.5370,C
official_current,현재 공식 가중치,ba_14796835,굽네치킨 모라점,굽네치킨,치킨,부산광역시,사상구,63.4584,C
official_current,현재 공식 가중치,ba_13168465,본죽&비빔밥 약사점,본그룹,백반·죽·국수,울산광역시,중구,63.4267,C
official_current,현재 공식 가중치,ba_13477857,본죽&비빔밥 논산내동점,본그룹,백반·죽·국수,충청남도,논산시,63.3960,C
official_current,현재 공식 가중치,ba_14741847,굽네치킨 거제아시아드점,굽네치킨,치킨,부산광역시,연제구,63.3932,C
official_current,현재 공식 가중치,ba_14695006,본죽 안양관양동점,본그룹,백반·죽·국수,경기도,안양시,63.2733,C
official_current,현재 공식 가중치,ba_13085339,굽네치킨&피자 가양점,굽네치킨,피자,서울특별시,강서구,63.2221,C
official_current,현재 공식 가중치,ba_14688108,본죽&비빔밥 중앙대점,본그룹,백반·죽·국수,서울특별시,동작구,63.2186,C
official_current,현재 공식 가중치,ba_14789833,굽네치킨&피자 순천풍덕점,굽네치킨,치킨,전라남도,순천시,63.2018,C
official_current,현재 공식 가중치,ba_14643477,본죽&비빔밥 대구신매시장점,본그룹,백반·죽·국수,대구광역시,수성구,63.1832,C
official_current,현재 공식 가중치,ba_14747382,굽네치킨&피자 양주광적점,굽네치킨,치킨,경기도,양주시,63.1532,C
official_current,현재 공식 가중치,ba_14267053,굽네치킨&피자 마장점,굽네치킨,치킨,경기도,이천시,63.1297,C
official_current,현재 공식 가중치,ba_10497667,굽네치킨 온의퇴계점,굽네치킨,치킨,강원특별자치도,춘천시,63.0996,C
official_current,현재 공식 가중치,ba_14688707,본죽 명학역점,본그룹,백반·죽·국수,경기도,안양시,63.0123,C
official_current,현재 공식 가중치,ba_14525069,굽네치킨 다산중앙점,굽네치킨,치킨,경기도,남양주시,63.0017,C
official_current,현재 공식 가중치,ba_14691084,본죽&비빔밥 대전죽동점,본그룹,백반·죽·국수,대전광역시,유성구,62.9137,C
official_current,현재 공식 가중치,ba_10706208,굽네치킨 부산우동점,굽네치킨,치킨,부산광역시,해운대구,62.8333,C
official_current,현재 공식 가중치,ba_14663126,굽네치킨 통영죽림점,굽네치킨,치킨,경상남도,통영시,62.8219,C
official_current,현재 공식 가중치,ba_14700213,본죽&비빔밥 김포마산점,본그룹,백반·죽·국수,경기도,김포시,62.7947,C
official_current,현재 공식 가중치,ba_14688982,본죽&비빔밥 군포당정동점,본그룹,백반·죽·국수,경기도,군포시,62.7934,C
official_current,현재 공식 가중치,ba_14548743,굽네치킨 다산가운지금점,굽네치킨,치킨,경기도,남양주시,62.7761,C
official_current,현재 공식 가중치,ba_13233554,본죽 대구서재점,본그룹,백반·죽·국수,대구광역시,달성군,62.7417,C
official_current,현재 공식 가중치,ba_14691908,본죽&비빔밥 부경대경성대점,본그룹,백반·죽·국수,부산광역시,남구,62.7307,C
official_current,현재 공식 가중치,ba_14688196,본죽 홍제점,본그룹,백반·죽·국수,서울특별시,서대문구,62.7220,C
official_current,현재 공식 가중치,ba_13230921,본죽&비빔밥 문래홈플러스점,본그룹,백반·죽·국수,서울특별시,영등포구,62.7051,C
official_current,현재 공식 가중치,ba_13228453,본죽&비빔밥 부산명지국제중앙점,본그룹,백반·죽·국수,부산광역시,강서구,62.6910,C
official_current,현재 공식 가중치,ba_14689441,본죽&비빔밥 이천마장점,본그룹,백반·죽·국수,경기도,이천시,62.6247,C
official_current,현재 공식 가중치,ba_14690050,본죽&비빔밥 검단파라곤센트럴점,본그룹,백반·죽·국수,인천광역시,서구,62.5956,C
official_current,현재 공식 가중치,ba_13233688,본죽 대구세천점,본그룹,백반·죽·국수,대구광역시,달성군,62.5790,C
official_current,현재 공식 가중치,ba_14799629,굽네치킨 수원신동점,굽네치킨,치킨,경기도,수원시,62.5683,C
official_current,현재 공식 가중치,ba_13596730,굽네치킨 대구혁신점,굽네치킨,치킨,대구광역시,동구,62.5046,C
official_current,현재 공식 가중치,ba_10597203,굽네치킨 광주상무점,굽네치킨,치킨,광주광역시,서구,62.4628,C
official_current,현재 공식 가중치,ba_13223538,본죽&비빔밥 인천신포동점,본그룹,백반·죽·국수,인천광역시,중구,62.4480,C
official_current,현재 공식 가중치,ba_10774000,굽네치킨 울산삼산점,굽네치킨,치킨,울산광역시,남구,62.4408,C
official_current,현재 공식 가중치,ba_14687322,본죽&비빔밥 구의시장점,본그룹,백반·죽·국수,서울특별시,광진구,62.4189,C
official_current,현재 공식 가중치,ba_14629918,굽네치킨 양지동점,굽네치킨,치킨,경기도,성남시,62.4029,C
official_current,현재 공식 가중치,ba_14772060,굽네치킨&피자 천호1동점,굽네치킨,치킨,서울특별시,강동구,62.3771,C
official_current,현재 공식 가중치,ba_13233212,본죽 통영점,본그룹,백반·죽·국수,경상남도,통영시,62.3391,C
official_current,현재 공식 가중치,ba_13234188,본죽&비빔밥 경산중산점,본그룹,백반·죽·국수,경상북도,경산시,62.3091,C
official_current,현재 공식 가중치,ba_14360458,본죽&비빔밥 충북오송점,본그룹,백반·죽·국수,충청북도,청주시,62.2970,C
official_current,현재 공식 가중치,ba_14780115,굽네치킨&피자 부사문창점,굽네치킨,치킨,대전광역시,중구,62.2736,C
official_current,현재 공식 가중치,ba_13928548,굽네치킨&피자 성남용전점,굽네치킨,치킨,대전광역시,동구,62.2371,C
official_current,현재 공식 가중치,ba_14689545,본죽&비빔밥 파주야당역점,본그룹,백반·죽·국수,경기도,파주시,62.1972,C
official_current,현재 공식 가중치,ba_14688751,본죽&비빔밥 여의도역점,본그룹,백반·죽·국수,서울특별시,영등포구,62.1183,C
official_current,현재 공식 가중치,ba_14692212,본죽&비빔밥 세종대평점,본그룹,백반·죽·국수,세종특별자치시,한누리대로,62.0215,C
official_current,현재 공식 가중치,ba_14789844,굽네치킨 부산우2동점,굽네치킨,치킨,부산광역시,해운대구,61.9702,C
official_current,현재 공식 가중치,ba_14256619,본죽&비빔밥 비산사거리점,본그룹,백반·죽·국수,경기도,안양시,61.9567,C
official_current,현재 공식 가중치,ba_14691791,본죽 부산숙등역부민병원점,본그룹,백반·죽·국수,부산광역시,북구,61.9601,C
official_current,현재 공식 가중치,ba_14688765,본죽&비빔밥 영등포시장역점,본그룹,백반·죽·국수,서울특별시,영등포구,61.9265,C
official_current,현재 공식 가중치,ba_10759478,굽네치킨 남목점,굽네치킨,치킨,울산광역시,동구,61.9090,C
official_current,현재 공식 가중치,ba_14456826,본죽&비빔밥 청주오송파라곤점,본그룹,백반·죽·국수,충청북도,청주시,61.8958,C
official_current,현재 공식 가중치,ba_14653291,굽네피자 울산중앙점,굽네치킨,피자,울산광역시,중구,61.8376,C
official_current,현재 공식 가중치,ba_14541579,굽네치킨 킨텍스호수공원점,굽네치킨,치킨,경기도,고양시,61.8121,C
official_current,현재 공식 가중치,ba_14228480,굽네치킨 중곡1동점,굽네치킨,치킨,서울특별시,광진구,61.7501,C
official_current,현재 공식 가중치,ba_13231795,본죽&비빔밥 인천간석남부역점,본그룹,백반·죽·국수,인천광역시,남동구,61.7094,C
official_current,현재 공식 가중치,ba_13539979,본죽&비빔밥 대전신탄점,본그룹,백반·죽·국수,대전광역시,대덕구,61.5697,C
official_current,현재 공식 가중치,ba_10040679,굽네치킨 칠암망경점,굽네치킨,치킨,경상남도,진주시,61.5357,C
official_current,현재 공식 가중치,ba_13227543,본죽&비빔밥 부경대경성대점,본그룹,백반·죽·국수,부산광역시,남구,61.5041,C
official_current,현재 공식 가중치,ba_13237700,본죽&비빔밥 김해내외동점,본그룹,백반·죽·국수,경상남도,김해시,61.4779,C
official_current,현재 공식 가중치,ba_13236584,본죽 군포당동점,본그룹,백반·죽·국수,경기도,군포시,61.4426,C
official_current,현재 공식 가중치,ba_14775877,굽네치킨&피자 세종아름점,굽네치킨,치킨,세종특별자치시,세종로,61.4174,C
official_current,현재 공식 가중치,ba_14743271,본죽&비빔밥 안양석수점,본그룹,백반·죽·국수,경기도,안양시,61.4065,C
official_current,현재 공식 가중치,ba_14788494,굽네치킨 경화태백점,굽네치킨,치킨,경상남도,창원시,61.3969,C
official_current,현재 공식 가중치,ba_14687327,본죽&비빔밥 시흥사거리점,본그룹,백반·죽·국수,서울특별시,금천구,61.3799,C
official_current,현재 공식 가중치,ba_14249433,굽네치킨 부산하단점,굽네치킨,치킨,부산광역시,사하구,61.3071,C
official_current,현재 공식 가중치,ba_14336642,굽네치킨&피자 상대원점,굽네치킨,치킨,경기도,성남시,61.3030,C
official_current,현재 공식 가중치,ba_14783596,굽네치킨 사상역점,굽네치킨,치킨,부산광역시,사상구,61.2431,C
official_current,현재 공식 가중치,ba_13231958,본죽 송도센트럴파크점,본그룹,백반·죽·국수,인천광역시,연수구,61.2026,C
official_current,현재 공식 가중치,ba_14773140,굽네치킨 효자중화산1호점,굽네치킨,치킨,전북특별자치도,전주시,61.2029,C
official_current,현재 공식 가중치,ba_10469515,굽네치킨&피자 성서계명대점,굽네치킨,치킨,대구광역시,달서구,61.1658,C
official_current,현재 공식 가중치,ba_14695290,본죽&비빔밥 용산센트럴점,본그룹,백반·죽·국수,서울특별시,용산구,61.1639,C
official_current,현재 공식 가중치,ba_14773135,본죽&비빔밥 용인보라점,본그룹,백반·죽·국수,경기도,용인시,61.0561,C
official_current,현재 공식 가중치,ba_10872945,굽네치킨 대구대현점,굽네치킨,치킨,대구광역시,북구,61.0545,C
official_current,현재 공식 가중치,ba_14783137,굽네치킨 포천이동점,굽네치킨,치킨,경기도,포천시,60.9781,C
official_current,현재 공식 가중치,ba_14688182,본죽 수내푸른마을점,본그룹,백반·죽·국수,경기도,성남시,60.8955,C
official_current,현재 공식 가중치,ba_14782170,굽네치킨 수산점,굽네치킨,치킨,경상남도,밀양시,60.8674,C
official_current,현재 공식 가중치,ba_14528412,굽네피자 봉동점,굽네치킨,피자,전북특별자치도,완주군,60.8346,C
official_current,현재 공식 가중치,ba_14739815,굽네치킨&피자 신창신가점,굽네치킨,치킨,광주광역시,광산구,60.8189,C
official_current,현재 공식 가중치,ba_13973901,굽네피자 강원횡성점,굽네치킨,피자,강원특별자치도,횡성군,60.7927,C
official_current,현재 공식 가중치,ba_14782523,굽네치킨&피자 동부산오시리아점,굽네치킨,치킨,부산광역시,기장군,60.7622,C
official_current,현재 공식 가중치,ba_14689454,본죽&비빔밥 광교아브뉴프랑점,본그룹,백반·죽·국수,경기도,수원시,60.6664,C
official_current,현재 공식 가중치,ba_14692459,본죽&비빔밥 천안불당점,본그룹,백반·죽·국수,충청남도,천안시,60.6519,C
official_current,현재 공식 가중치,ba_14736681,본죽&비빔밥 신림녹두거리점,본그룹,백반·죽·국수,서울특별시,관악구,60.6294,C
official_current,현재 공식 가중치,ba_14767932,본죽&비빔밥 신중동점,본그룹,백반·죽·국수,경기도,부천시,60.5655,C
official_current,현재 공식 가중치,ba_13451078,본죽&비빔밥 김포신곡점,본그룹,백반·죽·국수,경기도,김포시,60.5451,C
official_current,현재 공식 가중치,ba_14689472,본죽&비빔밥 수원율전점,본그룹,백반·죽·국수,경기도,수원시,60.5250,C
official_current,현재 공식 가중치,ba_14593720,굽네치킨&피자 무주읍점,굽네치킨,치킨,전북특별자치도,무주군,60.4625,C
official_current,현재 공식 가중치,ba_13313413,굽네치킨&피자 대전도마점,굽네치킨,치킨,대전광역시,서구,60.4621,C
official_current,현재 공식 가중치,ba_10022124,굽네치킨 삼산2동점,굽네치킨,치킨,인천광역시,부평구,60.4384,C
official_current,현재 공식 가중치,ba_13223711,본죽&비빔밥 중앙대점,본그룹,백반·죽·국수,서울특별시,동작구,60.3791,C
official_current,현재 공식 가중치,ba_13233457,본죽&비빔밥 대구용산장기점,본그룹,백반·죽·국수,대구광역시,달서구,60.3722,C
official_current,현재 공식 가중치,ba_14782607,굽네치킨 경산중방점,굽네치킨,치킨,경상북도,경산시,60.3182,C
official_current,현재 공식 가중치,ba_14782074,굽네치킨 관음점,굽네치킨,치킨,대구광역시,북구,60.3240,C
official_current,현재 공식 가중치,ba_14578524,굽네치킨 세천점,굽네치킨,치킨,대구광역시,달성군,60.2263,C
official_current,현재 공식 가중치,ba_14458025,굽네치킨 울산공업탑점,굽네치킨,치킨,울산광역시,남구,60.1663,C
official_current,현재 공식 가중치,ba_14791302,굽네치킨 초읍점,굽네치킨,치킨,부산광역시,부산진구,60.1575,C
official_current,현재 공식 가중치,ba_14625157,굽네치킨 금촌점,굽네치킨,치킨,경기도,파주시,60.0871,C
official_current,현재 공식 가중치,ba_14248059,굽네치킨 은행선화점,굽네치킨,치킨,대전광역시,중구,60.0526,C
official_current,현재 공식 가중치,ba_13769748,굽네치킨 괴산점,굽네치킨,치킨,충청북도,괴산군,59.9431,C
official_current,현재 공식 가중치,ba_14691949,본죽&비빔밥 부산범일점,본그룹,백반·죽·국수,부산광역시,동구,59.8361,C
official_current,현재 공식 가중치,ba_14721018,굽네치킨&피자 대구서재점,굽네치킨,치킨,대구광역시,달성군,59.8235,C
official_current,현재 공식 가중치,ba_14691172,본죽 대구산격점,본그룹,백반·죽·국수,대구광역시,북구,59.8051,C
official_current,현재 공식 가중치,ba_14692551,본죽&비빔밥 당산점,본그룹,백반·죽·국수,서울특별시,영등포구,59.7481,C
official_current,현재 공식 가중치,ba_13504506,본죽&비빔밥 세종반곡점,본그룹,백반·죽·국수,세종특별자치시,한누리대로,59.6955,C
official_current,현재 공식 가중치,ba_10432360,굽네치킨 영주휴천점,굽네치킨,치킨,경상북도,영주시,59.6602,C
official_current,현재 공식 가중치,ba_14688728,본죽&비빔밥 판교역점,본그룹,백반·죽·국수,경기도,성남시,59.5914,C
official_current,현재 공식 가중치,ba_14694670,본죽&비빔밥 충무로역점,본그룹,백반·죽·국수,서울특별시,중구,59.5666,C
official_current,현재 공식 가중치,ba_14688631,본죽&비빔밥 부천소새울역점,본그룹,백반·죽·국수,경기도,부천시,59.5561,C
official_current,현재 공식 가중치,ba_14690086,본죽&비빔밥 수지상현점,본그룹,백반·죽·국수,경기도,용인시,59.5376,C
official_current,현재 공식 가중치,ba_14270904,굽네치킨 원미점,굽네치킨,치킨,경기도,부천시,59.4813,C
official_current,현재 공식 가중치,ba_14687350,본죽&비빔밥 구로구청점,본그룹,백반·죽·국수,서울특별시,구로구,59.4134,C
official_current,현재 공식 가중치,ba_10841421,굽네치킨 인계점,굽네치킨,치킨,경기도,수원시,59.3993,C
official_current,현재 공식 가중치,ba_14740022,굽네치킨 신봉점,굽네치킨,치킨,경기도,용인시,59.2862,C
official_current,현재 공식 가중치,ba_14729159,굽네치킨 원대자이점,굽네치킨,치킨,대구광역시,서구,59.1970,C
official_current,현재 공식 가중치,ba_13228878,본죽 대전도마사거리점,본그룹,백반·죽·국수,대전광역시,서구,59.1629,C
official_current,현재 공식 가중치,ba_14798760,굽네치킨&피자 도래울점,굽네치킨,치킨,경기도,고양시,59.1025,C
official_current,현재 공식 가중치,ba_14575172,굽네치킨 좌4동점,굽네치킨,치킨,부산광역시,해운대구,59.0391,C
official_current,현재 공식 가중치,ba_10750970,굽네치킨 청주강서지구점,굽네치킨,치킨,충청북도,청주시,59.0421,C
official_current,현재 공식 가중치,ba_13233463,본죽&비빔밥 대구북구청점,본그룹,백반·죽·국수,대구광역시,북구,58.9561,C
official_current,현재 공식 가중치,ba_13230834,본죽&비빔밥 송도신도시점,본그룹,백반·죽·국수,인천광역시,연수구,58.9406,C
official_current,현재 공식 가중치,ba_14390691,본죽&비빔밥 경산옥곡점,본그룹,백반·죽·국수,경상북도,경산시,58.9103,C
official_current,현재 공식 가중치,ba_14599973,굽네치킨 파주법원점,굽네치킨,치킨,경기도,파주시,58.9130,C
official_current,현재 공식 가중치,ba_13612153,본죽&비빔밥 철산역점,본그룹,백반·죽·국수,경기도,광명시,58.8223,C
official_current,현재 공식 가중치,ba_14760741,본죽&비빔밥 용인신갈점,본그룹,백반·죽·국수,경기도,용인시,58.7494,C
official_current,현재 공식 가중치,ba_14689409,본죽&비빔밥 수원권선롯데마트점,본그룹,백반·죽·국수,경기도,수원시,58.7167,C
official_current,현재 공식 가중치,ba_14690695,본죽&비빔밥 김해구산점,본그룹,백반·죽·국수,경상남도,김해시,58.7023,C
official_current,현재 공식 가중치,ba_13235588,본죽 성균관대점,본그룹,백반·죽·국수,서울특별시,종로구,58.6518,C
official_current,현재 공식 가중치,ba_13230879,본죽&비빔밥 강남성심병원점,본그룹,백반·죽·국수,서울특별시,영등포구,58.6436,C
official_current,현재 공식 가중치,ba_14654080,굽네치킨 부산명장점,굽네치킨,치킨,부산광역시,동래구,58.5644,C
official_current,현재 공식 가중치,ba_14700905,본죽&비빔밥 호탄점,본그룹,백반·죽·국수,경상남도,진주시,58.5417,C
official_current,현재 공식 가중치,ba_14719554,본죽&비빔밥 파주금릉역점,본그룹,백반·죽·국수,경기도,파주시,58.5428,C
official_current,현재 공식 가중치,ba_14603467,본죽&비빔밥 천안불당점,본그룹,백반·죽·국수,충청남도,천안시,58.5247,C
official_current,현재 공식 가중치,ba_14691894,본죽 광양마동점,본그룹,백반·죽·국수,전라남도,광양시,58.4854,C
official_current,현재 공식 가중치,ba_14689855,본죽&비빔밥 안양동편마을점,본그룹,백반·죽·국수,경기도,안양시,58.3984,C
official_current,현재 공식 가중치,ba_14260091,굽네치킨 부평역점,굽네치킨,치킨,인천광역시,부평구,58.3972,C
official_current,현재 공식 가중치,ba_13230838,본죽&비빔밥 시흥사거리점,본그룹,백반·죽·국수,서울특별시,금천구,58.3791,C
official_current,현재 공식 가중치,ba_14690154,본죽&비빔밥 대화역점,본그룹,백반·죽·국수,경기도,고양시,58.3634,C
official_current,현재 공식 가중치,ba_14691813,본죽&비빔밥 울산호계점,본그룹,백반·죽·국수,울산광역시,북구,58.3298,C
official_current,현재 공식 가중치,ba_13471384,본죽&비빔밥 통영죽림점,본그룹,백반·죽·국수,경상남도,통영시,58.3221,C
official_current,현재 공식 가중치,ba_14689395,본죽&비빔밥 용인둔전점,본그룹,백반·죽·국수,경기도,용인시,58.2652,C
official_current,현재 공식 가중치,ba_14720263,굽네피자 강화온수점,굽네치킨,피자,인천광역시,강화군,58.2381,C
official_current,현재 공식 가중치,ba_14688684,본죽&비빔밥 부천심곡본동점,본그룹,백반·죽·국수,경기도,부천시,58.2328,C
official_current,현재 공식 가중치,ba_14691797,본죽&비빔밥 부산모라점,본그룹,백반·죽·국수,부산광역시,사상구,58.1950,C
official_current,현재 공식 가중치,ba_10705443,굽네치킨 거제연초점,굽네치킨,치킨,경상남도,거제시,58.1333,C
official_current,현재 공식 가중치,ba_13188150,본죽&비빔밥 제주법원점,본그룹,백반·죽·국수,제주특별자치도,제주시,58.1262,C
official_current,현재 공식 가중치,ba_13522931,본죽&비빔밥 파주문산점,본그룹,백반·죽·국수,경기도,파주시,58.1212,C
official_current,현재 공식 가중치,ba_13222051,본죽&비빔밥 이천점,본그룹,백반·죽·국수,경기도,이천시,58.1182,C
official_current,현재 공식 가중치,ba_14688563,본죽&비빔밥 신정네거리역점,본그룹,백반·죽·국수,서울특별시,양천구,58.0492,C
official_current,현재 공식 가중치,ba_10739524,굽네치킨 강원횡성점,굽네치킨,치킨,강원특별자치도,횡성군,58.0413,C
official_current,현재 공식 가중치,ba_13233445,본죽&비빔밥 여수죽림점,본그룹,백반·죽·국수,전라남도,여수시,58.0203,C
official_current,현재 공식 가중치,ba_13539608,굽네치킨 창원중앙점,굽네치킨,치킨,경상남도,창원시,58.0226,C
official_current,현재 공식 가중치,ba_10604883,굽네치킨 거제고현점,굽네치킨,치킨,경상남도,거제시,57.9885,C
official_current,현재 공식 가중치,ba_14671974,굽네피자 부산동삼점,굽네치킨,피자,부산광역시,영도구,57.9581,C
official_current,현재 공식 가중치,ba_14708789,본죽&비빔밥 파주금릉역점,본그룹,백반·죽·국수,경기도,파주시,57.9406,C
official_current,현재 공식 가중치,ba_14652929,굽네치킨 울산중앙점,굽네치킨,치킨,울산광역시,중구,57.9340,C
official_current,현재 공식 가중치,ba_14591780,굽네치킨&피자 금산읍점,굽네치킨,치킨,충청남도,금산군,57.8933,C
official_current,현재 공식 가중치,ba_14267751,굽네치킨 신정7동점,굽네치킨,치킨,서울특별시,양천구,57.8649,C
official_current,현재 공식 가중치,ba_14273478,굽네피자 원미점,굽네치킨,피자,경기도,부천시,57.7463,C
official_current,현재 공식 가중치,ba_14691178,본죽&비빔밥 대구서구청점,본그룹,백반·죽·국수,대구광역시,서구,57.7476,C
official_current,현재 공식 가중치,ba_14688614,본죽 안산본오1동점,본그룹,백반·죽·국수,경기도,안산시,57.7260,C
official_current,현재 공식 가중치,ba_13227516,본죽&비빔밥 부산동래점,본그룹,백반·죽·국수,부산광역시,동래구,57.7179,C
official_current,현재 공식 가중치,ba_14689595,본죽&비빔밥 시흥배곧점,본그룹,백반·죽·국수,경기도,시흥시,57.6758,C
official_current,현재 공식 가중치,ba_14689496,본죽&비빔밥 수원역매산점,본그룹,백반·죽·국수,경기도,수원시,57.6797,C
official_current,현재 공식 가중치,ba_14689464,본죽&비빔밥 파주금촌점,본그룹,백반·죽·국수,경기도,파주시,57.6352,C
official_current,현재 공식 가중치,ba_14581239,굽네치킨 여좌중앙점,굽네치킨,치킨,경상남도,창원시,57.6377,C
official_current,현재 공식 가중치,ba_14688338,본죽 부천대성병원점,본그룹,백반·죽·국수,경기도,부천시,57.6404,C
official_current,현재 공식 가중치,ba_14528279,굽네치킨 봉동점,굽네치킨,치킨,전북특별자치도,완주군,57.5874,C
official_current,현재 공식 가중치,ba_14441192,굽네피자 나주빛가람점,굽네치킨,피자,전라남도,나주시,57.5185,C
official_current,현재 공식 가중치,ba_14440681,굽네피자 면목점,굽네치킨,피자,서울특별시,중랑구,57.4805,C
official_current,현재 공식 가중치,ba_14437626,굽네치킨&피자 대구읍내점,굽네치킨,치킨,대구광역시,북구,57.4219,C
official_current,현재 공식 가중치,ba_10401021,굽네치킨 가산점,굽네치킨,치킨,서울특별시,금천구,57.3525,C
official_current,현재 공식 가중치,ba_13203399,본죽&비빔밥 제주강정점,본그룹,백반·죽·국수,제주특별자치도,서귀포시,57.2991,C
official_current,현재 공식 가중치,ba_14688697,본죽&비빔밥 신풍역점,본그룹,백반·죽·국수,서울특별시,영등포구,57.2765,C
official_current,현재 공식 가중치,ba_10041246,굽네치킨 수색증산점,굽네치킨,치킨,서울특별시,은평구,57.2742,C
official_current,현재 공식 가중치,ba_14229365,굽네치킨&피자 중곡1동점,굽네치킨,치킨,서울특별시,광진구,57.2621,C
official_current,현재 공식 가중치,ba_10739556,굽네치킨 양산석산점,굽네치킨,치킨,경상남도,양산시,57.2340,C
official_current,현재 공식 가중치,ba_10698315,굽네치킨 풍기점,굽네치킨,치킨,경상북도,영주시,57.2306,C
official_current,현재 공식 가중치,ba_14488211,굽네치킨&피자 풍동점,굽네치킨,치킨,경기도,고양시,57.2250,C
official_current,현재 공식 가중치,ba_14749296,굽네치킨&피자 석촌고분점,굽네치킨,치킨,서울특별시,송파구,57.2346,C
official_current,현재 공식 가중치,ba_14716102,본죽&비빔밥 의정부발곡점,본그룹,백반·죽·국수,경기도,의정부시,57.2231,C
official_current,현재 공식 가중치,ba_14767931,본죽&비빔밥 신중동점,본그룹,백반·죽·국수,경기도,부천시,57.2166,C
official_current,현재 공식 가중치,ba_14706394,본죽&비빔밥 호탄점,본그룹,백반·죽·국수,경상남도,진주시,57.1447,C
official_current,현재 공식 가중치,ba_14690725,본죽&비빔밥 광주주월점,본그룹,백반·죽·국수,광주광역시,남구,57.1347,C
official_current,현재 공식 가중치,ba_14604237,굽네치킨 울산다운점,굽네치킨,치킨,울산광역시,중구,57.0960,C
official_current,현재 공식 가중치,ba_13233506,본죽 광양마동점,본그룹,백반·죽·국수,전라남도,광양시,57.0820,C
official_current,현재 공식 가중치,ba_13234193,본죽 경주황성점,본그룹,백반·죽·국수,경상북도,경주시,57.0795,C
official_current,현재 공식 가중치,ba_14691330,본죽&비빔밥 구미형곡송정점,본그룹,백반·죽·국수,경상북도,구미시,57.0441,C
official_current,현재 공식 가중치,ba_13052096,굽네치킨 구로5동점,굽네치킨,치킨,서울특별시,구로구,57.0394,C
official_current,현재 공식 가중치,ba_10509105,굽네치킨&피자 강저지구점,굽네치킨,치킨,충청북도,제천시,57.0015,C
official_current,현재 공식 가중치,ba_14799070,굽네치킨&피자 전남나주점,굽네치킨,치킨,전라남도,나주시,56.9583,C
official_current,현재 공식 가중치,ba_14712797,굽네치킨 논공점,굽네치킨,치킨,대구광역시,달성군,56.9496,C
official_current,현재 공식 가중치,ba_14463467,굽네치킨 화명신도시점,굽네치킨,치킨,부산광역시,북구,56.9356,C
official_current,현재 공식 가중치,ba_14690577,본죽&비빔밥 포항양덕점,본그룹,백반·죽·국수,경상북도,포항시,56.9305,C
official_current,현재 공식 가중치,ba_14671490,굽네피자 영천중앙점,굽네치킨,피자,경상북도,영천시,56.9029,C
official_current,현재 공식 가중치,ba_14454741,본죽&비빔밥 부천소새울역점,본그룹,백반·죽·국수,경기도,부천시,56.8586,C
official_current,현재 공식 가중치,ba_10016162,굽네치킨 신월사파점,굽네치킨,치킨,경상남도,창원시,56.8483,C
official_current,현재 공식 가중치,ba_14691751,본죽&비빔밥 대전판암점,본그룹,백반·죽·국수,대전광역시,동구,56.8253,C
official_current,현재 공식 가중치,ba_14687315,본죽&비빔밥 뚝섬유원지역점,본그룹,백반·죽·국수,서울특별시,광진구,56.7816,C
official_current,현재 공식 가중치,ba_13236479,본죽 군포지샘병원점,본그룹,백반·죽·국수,경기도,군포시,56.7281,C
official_current,현재 공식 가중치,ba_14673431,굽네치킨 부산온천점,굽네치킨,치킨,부산광역시,동래구,56.7136,C
official_current,현재 공식 가중치,ba_14754893,본죽&비빔밥 일산탄현큰마을점,본그룹,백반·죽·국수,경기도,고양시,56.6018,C
official_current,현재 공식 가중치,ba_13225842,본죽 동인천점,본그룹,백반·죽·국수,인천광역시,중구,56.5723,C
official_current,현재 공식 가중치,ba_14623314,굽네치킨 충효점,굽네치킨,치킨,경상북도,경주시,56.5514,C
official_current,현재 공식 가중치,ba_14564492,본죽&비빔밥 대구신월성점,본그룹,백반·죽·국수,대구광역시,달서구,56.4972,C
official_current,현재 공식 가중치,ba_14715313,굽네치킨&피자 홍은1동점,굽네치킨,치킨,서울특별시,서대문구,56.4508,C
official_current,현재 공식 가중치,ba_14687115,본죽 강서구청점,본그룹,백반·죽·국수,서울특별시,강서구,56.3707,C
official_current,현재 공식 가중치,ba_14795104,굽네치킨 독산스타점,굽네치킨,치킨,서울특별시,금천구,56.3610,C
official_current,현재 공식 가중치,ba_14687341,본죽&비빔밥 봉천역점,본그룹,백반·죽·국수,서울특별시,관악구,56.3084,C
official_current,현재 공식 가중치,ba_14598667,본죽&비빔밥 조치원죽림점,본그룹,백반·죽·국수,세종특별자치시,조치원읍,56.0897,C
official_current,현재 공식 가중치,ba_14694145,본죽&비빔밥 합정역점,본그룹,백반·죽·국수,서울특별시,마포구,55.9807,C
official_current,현재 공식 가중치,ba_14671483,굽네치킨 영천중앙점,굽네치킨,치킨,경상북도,영천시,55.9834,C
official_current,현재 공식 가중치,ba_14735878,본죽&비빔밥 시흥능곡점,본그룹,백반·죽·국수,경기도,시흥시,55.9744,C
official_current,현재 공식 가중치,ba_13975731,굽네피자 신길뉴타운점,굽네치킨,피자,서울특별시,영등포구,55.9512,C
official_current,현재 공식 가중치,ba_10821092,굽네치킨 주안3호점,굽네치킨,치킨,인천광역시,미추홀구,55.9177,C
official_current,현재 공식 가중치,ba_14690014,본죽&비빔밥 인천석바위점,본그룹,백반·죽·국수,인천광역시,미추홀구,55.9049,C
official_current,현재 공식 가중치,ba_13231147,본죽&비빔밥 인천송도웰카운티점,본그룹,백반·죽·국수,인천광역시,연수구,55.8728,C
official_current,현재 공식 가중치,ba_14736722,굽네치킨&피자 철원와수점,굽네치킨,치킨,강원특별자치도,철원군,55.8613,C
official_current,현재 공식 가중치,ba_14740239,굽네치킨 임실읍점,굽네치킨,치킨,전북특별자치도,임실군,55.7607,C
official_current,현재 공식 가중치,ba_14737726,굽네치킨 대치4동점,굽네치킨,치킨,서울특별시,강남구,55.6664,C
official_current,현재 공식 가중치,ba_14637553,굽네치킨&피자 양지동점,굽네치킨,치킨,경기도,성남시,55.6221,C
official_current,현재 공식 가중치,ba_14699649,굽네치킨 시흥신천점,굽네치킨,치킨,경기도,시흥시,55.5704,C
official_current,현재 공식 가중치,ba_14689759,본죽&비빔밥 인천송도웰카운티점,본그룹,백반·죽·국수,인천광역시,연수구,55.5354,C
official_current,현재 공식 가중치,ba_14692168,본죽&비빔밥 해운대장산역점,본그룹,백반·죽·국수,부산광역시,해운대구,55.5086,C
official_current,현재 공식 가중치,ba_14729038,굽네치킨&피자 파주읍점,굽네치킨,치킨,경기도,파주시,55.5127,C
official_current,현재 공식 가중치,ba_14689402,본죽&비빔밥 의정부을지대병원점,본그룹,백반·죽·국수,경기도,의정부시,55.4547,C
official_current,현재 공식 가중치,ba_13235498,본죽&비빔밥 외대점,본그룹,백반·죽·국수,서울특별시,동대문구,55.3526,C
official_current,현재 공식 가중치,ba_10638951,굽네치킨 영천동부점,굽네치킨,치킨,경상북도,영천시,55.3012,C
official_current,현재 공식 가중치,ba_14692185,본죽&비빔밥 세종첫마을점,본그룹,백반·죽·국수,세종특별자치시,노을3로,55.2925,C
official_current,현재 공식 가중치,ba_13492399,본죽&비빔밥 등촌공항대로점,본그룹,백반·죽·국수,서울특별시,강서구,55.2700,C
official_current,현재 공식 가중치,ba_13233575,본죽&비빔밥 대구두산점,본그룹,백반·죽·국수,대구광역시,수성구,55.1892,C
official_current,현재 공식 가중치,ba_10580903,굽네치킨 길음1동점,굽네치킨,치킨,서울특별시,성북구,55.1772,C
official_current,현재 공식 가중치,ba_13228909,본죽&비빔밥 청주사창점,본그룹,백반·죽·국수,충청북도,청주시,55.1062,C
official_current,현재 공식 가중치,ba_14691296,본죽 대덕테크노밸리점,본그룹,백반·죽·국수,대전광역시,유성구,55.1108,C
official_current,현재 공식 가중치,ba_14690068,본죽&비빔밥 용인동천점,본그룹,백반·죽·국수,경기도,용인시,55.0653,C
official_current,현재 공식 가중치,ba_13233782,본죽&비빔밥 대구서구청점,본그룹,백반·죽·국수,대구광역시,서구,54.9913,C
official_current,현재 공식 가중치,ba_14754936,굽네치킨 경주외동점,굽네치킨,치킨,경상북도,경주시,54.9718,C
official_current,현재 공식 가중치,ba_14600429,굽네치킨&피자 김천부곡점,굽네치킨,치킨,경상북도,김천시,54.9313,C
official_current,현재 공식 가중치,ba_14691171,본죽 부산서면점,본그룹,백반·죽·국수,부산광역시,부산진구,54.8664,C
official_current,현재 공식 가중치,ba_14440680,굽네치킨&피자 면목점,굽네치킨,치킨,서울특별시,중랑구,54.8485,C
official_current,현재 공식 가중치,ba_14744329,본죽&비빔밥 송파헬리오시티점,본그룹,백반·죽·국수,서울특별시,송파구,54.8407,C
official_current,현재 공식 가중치,ba_13475914,본죽&비빔밥 광주백운대성초교점,본그룹,백반·죽·국수,광주광역시,남구,54.8082,C
official_current,현재 공식 가중치,ba_14728839,굽네치킨 대구동인점,굽네치킨,치킨,대구광역시,중구,54.6661,C
official_current,현재 공식 가중치,ba_14729784,굽네치킨 경북울진점,굽네치킨,치킨,경상북도,울진군,54.6225,C
official_current,현재 공식 가중치,ba_10204887,굽네치킨 대구매호점,굽네치킨,치킨,대구광역시,수성구,54.6009,C
official_current,현재 공식 가중치,ba_14309634,굽네치킨&피자 삼성2동점,굽네치킨,치킨,서울특별시,강남구,54.5451,C
official_current,현재 공식 가중치,ba_14308402,굽네피자 삼성2동점,굽네치킨,피자,서울특별시,강남구,54.4976,C
official_current,현재 공식 가중치,ba_14685750,"굽네치킨 개금1,2동점",굽네치킨,치킨,부산광역시,부산진구,54.4523,C
official_current,현재 공식 가중치,ba_14322928,본죽&비빔밥 부천심곡본동점,본그룹,백반·죽·국수,경기도,부천시,54.4314,C
official_current,현재 공식 가중치,ba_14388863,굽네피자 여의도1호점,굽네치킨,피자,서울특별시,영등포구,54.3795,C
official_current,현재 공식 가중치,ba_13226860,본죽 부산서면점,본그룹,백반·죽·국수,부산광역시,부산진구,54.3284,C
official_current,현재 공식 가중치,ba_10800862,굽네치킨 송파점,굽네치킨,치킨,서울특별시,송파구,54.3343,C
official_current,현재 공식 가중치,ba_14708929,굽네치킨 고령다산점,굽네치킨,치킨,경상북도,고령군,54.3221,C
official_current,현재 공식 가중치,ba_14785504,본죽&비빔밥 증평점,본그룹,백반·죽·국수,충청북도,증평군,54.3170,C
official_current,현재 공식 가중치,ba_14720368,본죽&비빔밥 김포마산점,본그룹,백반·죽·국수,경기도,김포시,54.2876,C
official_current,현재 공식 가중치,ba_14689910,본죽&비빔밥 외대점,본그룹,백반·죽·국수,서울특별시,동대문구,54.1595,C
official_current,현재 공식 가중치,ba_14699399,굽네치킨 와동점,굽네치킨,치킨,경기도,안산시,54.1513,C
official_current,현재 공식 가중치,ba_14767892,굽네치킨&피자 둔촌시장점,굽네치킨,치킨,서울특별시,강동구,54.1424,C
official_current,현재 공식 가중치,ba_14726472,굽네치킨&피자 신대부적점,굽네치킨,치킨,경상북도,경산시,54.0551,C
official_current,현재 공식 가중치,ba_13226843,본죽 부산가야점,본그룹,백반·죽·국수,부산광역시,부산진구,54.0614,C
official_current,현재 공식 가중치,ba_14280570,본죽&비빔밥 분당수내점,본그룹,백반·죽·국수,경기도,성남시,53.9499,C
official_current,현재 공식 가중치,ba_14691146,본죽 부산범내골역점,본그룹,백반·죽·국수,부산광역시,부산진구,53.8515,C
official_current,현재 공식 가중치,ba_14700021,굽네치킨 영등포본동점,굽네치킨,치킨,서울특별시,영등포구,53.7336,C
official_current,현재 공식 가중치,ba_14689942,본죽 인천학산사거리점,본그룹,백반·죽·국수,인천광역시,미추홀구,53.6601,C
official_current,현재 공식 가중치,ba_10605803,굽네치킨 구월점,굽네치킨,치킨,인천광역시,남동구,53.6163,C
official_current,현재 공식 가중치,ba_14801006,굽네치킨&피자 상봉점,굽네치킨,치킨,서울특별시,중랑구,53.6058,C
official_current,현재 공식 가중치,ba_10040420,굽네치킨 김해진영점,굽네치킨,치킨,경상남도,김해시,53.5233,C
official_current,현재 공식 가중치,ba_14296954,굽네치킨&피자 청주동남지구점,굽네치킨,치킨,충청북도,청주시,53.3635,C
official_current,현재 공식 가중치,ba_13301511,본죽&비빔밥 송도글로벌캠퍼스점,본그룹,백반·죽·국수,인천광역시,연수구,53.2699,C
official_current,현재 공식 가중치,ba_14688086,본죽&비빔밥 보라매점,본그룹,백반·죽·국수,서울특별시,동작구,53.2455,C
official_current,현재 공식 가중치,ba_14690763,본죽&비빔밥 양산남부시장점,본그룹,백반·죽·국수,경상남도,양산시,53.2039,C
official_current,현재 공식 가중치,ba_13227696,본죽 부산온천장점,본그룹,백반·죽·국수,부산광역시,동래구,53.1880,C
official_current,현재 공식 가중치,ba_14260093,굽네치킨&피자 부평역점,굽네치킨,피자,인천광역시,부평구,53.1034,C
official_current,현재 공식 가중치,ba_14689782,본죽 김포감정점,본그룹,백반·죽·국수,경기도,김포시,53.0921,C
official_current,현재 공식 가중치,ba_13224790,본죽&비빔밥 안양덕천래미안점,본그룹,백반·죽·국수,경기도,안양시,53.0904,C
official_current,현재 공식 가중치,ba_14688207,본죽 이대점,본그룹,백반·죽·국수,서울특별시,서대문구,53.0774,C
official_current,현재 공식 가중치,ba_13233607,본죽 전북봉동점,본그룹,백반·죽·국수,전북특별자치도,완주군,53.0251,C
official_current,현재 공식 가중치,ba_13224027,본죽 삼전동점,본그룹,백반·죽·국수,서울특별시,송파구,52.9847,C
official_current,현재 공식 가중치,ba_14800284,굽네치킨&피자 광주양산점,굽네치킨,치킨,광주광역시,북구,52.9281,C
official_current,현재 공식 가중치,ba_14689548,본죽&비빔밥 평택법원점,본그룹,백반·죽·국수,경기도,평택시,52.7838,C
official_current,현재 공식 가중치,ba_14691030,본죽 대구진천역점,본그룹,백반·죽·국수,대구광역시,달서구,52.7723,C
official_current,현재 공식 가중치,ba_14388856,굽네치킨&피자 여의도1호점,굽네치킨,치킨,서울특별시,영등포구,52.7133,C
official_current,현재 공식 가중치,ba_14690786,본죽&비빔밥 광주문흥점,본그룹,백반·죽·국수,광주광역시,북구,52.6732,C
official_current,현재 공식 가중치,ba_13768149,굽네치킨 신탄진점,굽네치킨,치킨,대전광역시,대덕구,52.6568,C
official_current,현재 공식 가중치,ba_14732602,굽네치킨 서수원점,굽네치킨,치킨,경기도,수원시,52.6270,C
official_current,현재 공식 가중치,ba_14245878,본죽&비빔밥 안양동편마을점,본그룹,백반·죽·국수,경기도,안양시,52.5319,C
official_current,현재 공식 가중치,ba_14691234,본죽 대구남문시장점,본그룹,백반·죽·국수,대구광역시,중구,52.5183,C
official_current,현재 공식 가중치,ba_10019194,굽네치킨&피자 신탄진점,굽네치킨,치킨,대전광역시,대덕구,52.4150,C
official_current,현재 공식 가중치,ba_13228945,본죽&비빔밥 대전진잠점,본그룹,백반·죽·국수,대전광역시,유성구,52.2685,C
official_current,현재 공식 가중치,ba_14495840,본죽&비빔밥 검단파라곤센트럴점,본그룹,백반·죽·국수,인천광역시,서구,52.2570,C
official_current,현재 공식 가중치,ba_10040621,굽네치킨 울산성안점,굽네치킨,치킨,울산광역시,중구,52.1142,C
official_current,현재 공식 가중치,ba_13233436,본죽&비빔밥 대구효성타운점,본그룹,백반·죽·국수,대구광역시,남구,52.0722,C
official_current,현재 공식 가중치,ba_14687296,본죽&비빔밥 봉일시장점,본그룹,백반·죽·국수,서울특별시,관악구,52.0440,C
official_current,현재 공식 가중치,ba_13648667,본죽&비빔밥 대전노은3지구점,본그룹,백반·죽·국수,대전광역시,유성구,51.9242,C
official_current,현재 공식 가중치,ba_14794547,굽네치킨&피자 회기역점,굽네치킨,치킨,서울특별시,동대문구,51.9099,C
official_current,현재 공식 가중치,ba_14729971,굽네치킨 군포1동점,굽네치킨,치킨,경기도,군포시,51.8994,C
official_current,현재 공식 가중치,ba_13229527,본죽&비빔밥 상주점,본그룹,백반·죽·국수,경상북도,상주시,51.8846,C
official_current,현재 공식 가중치,ba_14730330,본죽&비빔밥 동탄꼬모점,본그룹,백반·죽·국수,경기도,화성시,51.8527,C
official_current,현재 공식 가중치,ba_14688176,본죽&비빔밥 옥수점,본그룹,백반·죽·국수,서울특별시,성동구,51.8267,C
official_current,현재 공식 가중치,ba_14689536,본죽&비빔밥 파주운정신도시점,본그룹,백반·죽·국수,경기도,파주시,51.7764,C
official_current,현재 공식 가중치,ba_13243478,본죽 보정동단국대점,본그룹,백반·죽·국수,경기도,용인시,51.6338,C
official_current,현재 공식 가중치,ba_13200236,본죽 남양주진접롯데시네마점,본그룹,백반·죽·국수,경기도,남양주시,51.5527,C
official_current,현재 공식 가중치,ba_14463469,굽네피자 화명신도시점,굽네치킨,피자,부산광역시,북구,51.5190,C
official_current,현재 공식 가중치,ba_14690045,본죽&비빔밥 인천당하점,본그룹,백반·죽·국수,인천광역시,서구,51.4480,C
official_current,현재 공식 가중치,ba_13230846,본죽&비빔밥 수원탑동점,본그룹,백반·죽·국수,경기도,수원시,51.2154,C
official_current,현재 공식 가중치,ba_13268955,본죽&비빔밥 전주객사점,본그룹,백반·죽·국수,전북특별자치도,전주시,50.9977,C
official_current,현재 공식 가중치,ba_13103901,굽네치킨&피자 나주혁신도시1호점,굽네치킨,피자,전라남도,나주시,50.9784,C
official_current,현재 공식 가중치,ba_13193158,본죽&비빔밥 인천당하점,본그룹,백반·죽·국수,인천광역시,서구,50.8495,C
official_current,현재 공식 가중치,ba_12014214,굽네치킨&피자 대전가오점,굽네치킨,치킨,대전광역시,동구,50.8119,C
official_current,현재 공식 가중치,ba_10015935,굽네치킨 봉곡사림점,굽네치킨,치킨,경상남도,창원시,50.7441,C
official_current,현재 공식 가중치,ba_14687137,본죽&비빔밥 명동점,본그룹,백반·죽·국수,서울특별시,중구,50.6844,C
official_current,현재 공식 가중치,ba_13221975,본죽&비빔밥 용인마평점,본그룹,백반·죽·국수,경기도,용인시,50.6261,C
official_current,현재 공식 가중치,ba_14254080,굽네치킨&피자 망우본동점,굽네치킨,치킨,서울특별시,중랑구,50.5858,C
official_current,현재 공식 가중치,ba_14689378,본죽&비빔밥 성남중앙병원점,본그룹,백반·죽·국수,경기도,성남시,50.5578,C
official_current,현재 공식 가중치,ba_14688336,본죽&비빔밥 고려대점,본그룹,백반·죽·국수,서울특별시,성북구,50.4874,C
official_current,현재 공식 가중치,ba_13224844,본죽&비빔밥 평촌점,본그룹,백반·죽·국수,경기도,안양시,50.3456,C
official_current,현재 공식 가중치,ba_14687310,본죽&비빔밥 가산디지털점,본그룹,백반·죽·국수,서울특별시,금천구,50.3312,C
official_current,현재 공식 가중치,ba_13228166,본죽 제천하소점,본그룹,백반·죽·국수,충청북도,제천시,50.3143,C
official_current,현재 공식 가중치,ba_14092187,굽네치킨&피자 일산식사점,굽네치킨,치킨,경기도,고양시,50.2924,C
official_current,현재 공식 가중치,ba_14692178,본죽&비빔밥 제주함덕점,본그룹,백반·죽·국수,제주특별자치도,제주시,50.2781,C
official_current,현재 공식 가중치,ba_14551802,본죽&비빔밥 명동2호점,본그룹,백반·죽·국수,서울특별시,중구,50.2267,C
official_current,현재 공식 가중치,ba_14687365,본죽&비빔밥 덕성여대점,본그룹,백반·죽·국수,서울특별시,도봉구,49.9821,D
official_current,현재 공식 가중치,ba_14725485,굽네치킨 구례읍점,굽네치킨,치킨,전라남도,구례군,49.8789,D
official_current,현재 공식 가중치,ba_13230007,본죽 죽전벽산타운점,본그룹,백반·죽·국수,경기도,용인시,49.7593,D
official_current,현재 공식 가중치,ba_14658160,굽네치킨&피자 대구옥포점,굽네치킨,치킨,대구광역시,달성군,49.7417,D
official_current,현재 공식 가중치,ba_14665998,본죽&비빔밥 오금동사거리점,본그룹,백반·죽·국수,서울특별시,송파구,49.5322,D
official_current,현재 공식 가중치,ba_14557869,굽네치킨 화곡4동점,굽네치킨,치킨,서울특별시,강서구,49.5084,D
official_current,현재 공식 가중치,ba_13228993,본죽&비빔밥 동탄솔빛나루점,본그룹,백반·죽·국수,경기도,화성시,49.4825,D
official_current,현재 공식 가중치,ba_13225746,본죽 고양점,본그룹,백반·죽·국수,경기도,고양시,49.1397,D
official_current,현재 공식 가중치,ba_14694402,본죽 월곡점,본그룹,백반·죽·국수,서울특별시,성북구,49.1249,D
official_current,현재 공식 가중치,ba_14666363,굽네치킨 충남태안점,굽네치킨,치킨,충청남도,태안군,49.1094,D
official_current,현재 공식 가중치,ba_14308401,굽네치킨 삼성2동점,굽네치킨,치킨,서울특별시,강남구,49.0507,D
official_current,현재 공식 가중치,ba_14692251,본죽&비빔밥 천안두정점,본그룹,백반·죽·국수,충청남도,천안시,49.0234,D
official_current,현재 공식 가중치,ba_14735216,본죽&비빔밥 수지성복점,본그룹,백반·죽·국수,경기도,용인시,48.9067,D
official_current,현재 공식 가중치,ba_14689403,본죽&비빔밥 의왕역점,본그룹,백반·죽·국수,경기도,의왕시,48.8798,D
official_current,현재 공식 가중치,ba_14228062,굽네피자 월계2동점,굽네치킨,피자,서울특별시,노원구,48.8621,D
official_current,현재 공식 가중치,ba_14690077,본죽&비빔밥 인천연희연세병원점,본그룹,백반·죽·국수,인천광역시,서구,48.7580,D
official_current,현재 공식 가중치,ba_14153764,굽네피자 주안3호점,굽네치킨,피자,인천광역시,미추홀구,48.6523,D
official_current,현재 공식 가중치,ba_14690062,본죽&비빔밥 용인물푸레마을점,본그룹,백반·죽·국수,경기도,용인시,48.6420,D
official_current,현재 공식 가중치,ba_14272566,본죽&비빔밥 광명6동점,본그룹,백반·죽·국수,경기도,광명시,48.5356,D
official_current,현재 공식 가중치,ba_14663534,굽네치킨 포항용흥점,굽네치킨,치킨,경상북도,포항시,48.5337,D
official_current,현재 공식 가중치,ba_13459937,굽네치킨 성사점,굽네치킨,치킨,경기도,고양시,48.4845,D
official_current,현재 공식 가중치,ba_14557882,굽네치킨 신방화역점,굽네치킨,치킨,서울특별시,강서구,48.2500,D
official_current,현재 공식 가중치,ba_14691228,본죽&비빔밥 대구사월점,본그룹,백반·죽·국수,대구광역시,수성구,48.1022,D
official_current,현재 공식 가중치,ba_14690092,본죽&비빔밥 인천불로동점,본그룹,백반·죽·국수,인천광역시,서구,47.9381,D
official_current,현재 공식 가중치,ba_13233483,본죽&비빔밥 경산사동점,본그룹,백반·죽·국수,경상북도,경산시,47.8827,D
official_current,현재 공식 가중치,ba_13234578,본죽&비빔밥 동백중앙점,본그룹,백반·죽·국수,경기도,용인시,47.8736,D
official_current,현재 공식 가중치,ba_14692278,본죽 제천하소점,본그룹,백반·죽·국수,충청북도,제천시,47.8579,D
official_current,현재 공식 가중치,ba_13081281,굽네치킨 하늘도시1호점,굽네치킨,치킨,인천광역시,중구,47.6500,D
official_current,현재 공식 가중치,ba_13229747,본죽 창원중앙동점,본그룹,백반·죽·국수,경상남도,창원시,47.6162,D
official_current,현재 공식 가중치,ba_14701165,본죽&비빔밥 연세세브란스빌딩점,본그룹,백반·죽·국수,서울특별시,중구,47.4905,D
official_current,현재 공식 가중치,ba_12020564,굽네치킨&피자 거제고현점,굽네치킨,피자,경상남도,거제시,47.4685,D
official_current,현재 공식 가중치,ba_14314711,굽네피자 송내2동점,굽네치킨,피자,경기도,부천시,47.4210,D
official_current,현재 공식 가중치,ba_14775705,본죽&비빔밥 익산원광대병원점,본그룹,백반·죽·국수,전북특별자치도,익산시,47.3694,D
official_current,현재 공식 가중치,ba_14693042,본죽&비빔밥 전주예수병원점,본그룹,백반·죽·국수,전북특별자치도,전주시,47.2494,D
official_current,현재 공식 가중치,ba_13199335,본죽&비빔밥 울산매곡점,본그룹,백반·죽·국수,울산광역시,북구,47.2329,D
official_current,현재 공식 가중치,ba_14689381,본죽&비빔밥 용인모현점,본그룹,백반·죽·국수,경기도,용인시,47.1664,D
official_current,현재 공식 가중치,ba_14228061,굽네치킨 월계2동점,굽네치킨,치킨,서울특별시,노원구,47.1341,D
official_current,현재 공식 가중치,ba_14117511,굽네치킨 논현1동점,굽네치킨,치킨,서울특별시,강남구,47.1319,D
official_current,현재 공식 가중치,ba_14392494,굽네피자 원주혁신점,굽네치킨,피자,강원특별자치도,원주시,46.9931,D
official_current,현재 공식 가중치,ba_14117512,굽네피자 논현1동점,굽네치킨,피자,서울특별시,강남구,46.9906,D
official_current,현재 공식 가중치,ba_14472921,굽네피자 내당중리점,굽네치킨,피자,대구광역시,서구,46.9541,D
official_current,현재 공식 가중치,ba_14648765,굽네치킨 서면가곡점,굽네치킨,치킨,전라남도,순천시,46.9434,D
official_current,현재 공식 가중치,ba_14594474,본죽&비빔밥 광주계림동점,본그룹,백반·죽·국수,광주광역시,동구,46.9336,D
official_current,현재 공식 가중치,ba_14042200,본죽&비빔밥 왕십리뉴타운점,본그룹,백반·죽·국수,서울특별시,성동구,46.9096,D
official_current,현재 공식 가중치,ba_14687354,본죽&비빔밥 신도림점,본그룹,백반·죽·국수,서울특별시,구로구,46.8957,D
official_current,현재 공식 가중치,ba_14687060,본죽&비빔밥 천호로데오점,본그룹,백반·죽·국수,서울특별시,강동구,46.8681,D
official_current,현재 공식 가중치,ba_13233716,본죽 포항죽도오거리점,본그룹,백반·죽·국수,경상북도,포항시,46.8599,D
official_current,현재 공식 가중치,ba_14651431,굽네피자 벌교읍점,굽네치킨,피자,전라남도,보성군,46.8509,D
official_current,현재 공식 가중치,ba_14335172,굽네피자 장곡장현점,굽네치킨,피자,경기도,시흥시,46.7539,D
official_current,현재 공식 가중치,ba_14651464,굽네피자 순천서면점,굽네치킨,피자,전라남도,순천시,46.7331,D
official_current,현재 공식 가중치,ba_14662547,굽네치킨 신사우점,굽네치킨,치킨,강원특별자치도,춘천시,46.7259,D
official_current,현재 공식 가중치,ba_13221865,본죽 처인구청점,본그룹,백반·죽·국수,경기도,용인시,46.6999,D
official_current,현재 공식 가중치,ba_10768614,굽네치킨 신월상남점,굽네치킨,치킨,경상남도,창원시,46.6695,D
official_current,현재 공식 가중치,ba_14297681,굽네피자 서산예천점,굽네치킨,피자,충청남도,서산시,46.5536,D
official_current,현재 공식 가중치,ba_13231120,본죽 안산본오1동점,본그룹,백반·죽·국수,경기도,안산시,46.4895,D
official_current,현재 공식 가중치,ba_10040411,굽네치킨,굽네치킨,치킨,서울특별시,성북구,46.3993,D
official_current,현재 공식 가중치,ba_14615268,굽네피자 효자점,굽네치킨,피자,강원특별자치도,춘천시,46.3651,D
official_current,현재 공식 가중치,ba_14620216,굽네치킨&피자 북아현점,굽네치킨,치킨,서울특별시,서대문구,46.2865,D
official_current,현재 공식 가중치,ba_14680684,굽네피자 부산온천점,굽네치킨,피자,부산광역시,동래구,46.2082,D
official_current,현재 공식 가중치,ba_14691235,본죽&비빔밥 대구범물동아백화점점,본그룹,백반·죽·국수,대구광역시,수성구,46.1790,D
official_current,현재 공식 가중치,ba_12026171,굽네치킨&피자 선부3동점,굽네치킨,피자,경기도,안산시,46.1706,D
official_current,현재 공식 가중치,ba_14338227,굽네피자 상대원점,굽네치킨,피자,경기도,성남시,45.9841,D
official_current,현재 공식 가중치,ba_14285796,본죽&비빔밥 대구평리뉴타운점,본그룹,백반·죽·국수,대구광역시,서구,45.9775,D
official_current,현재 공식 가중치,ba_14687088,본죽 길동시장점,본그룹,백반·죽·국수,서울특별시,강동구,45.9655,D
official_current,현재 공식 가중치,ba_14387283,본죽&비빔밥 신봉초교점,본그룹,백반·죽·국수,경기도,용인시,45.9619,D
official_current,현재 공식 가중치,ba_14688923,본죽&비빔밥 종로르메이에르점,본그룹,백반·죽·국수,서울특별시,종로구,45.9432,D
official_current,현재 공식 가중치,ba_13969906,굽네피자 포항흥해점,굽네치킨,피자,경상북도,포항시,45.9320,D
official_current,현재 공식 가중치,ba_14756247,본죽&비빔밥 일산가좌점,본그룹,백반·죽·국수,경기도,고양시,45.9235,D
official_current,현재 공식 가중치,ba_14171127,굽네피자 연경점,굽네치킨,피자,대구광역시,동구,45.9221,D
official_current,현재 공식 가중치,ba_12017934,굽네치킨&피자 삼숭고읍점,굽네치킨,피자,경기도,양주시,45.9084,D
official_current,현재 공식 가중치,ba_13233448,본죽&비빔밥 대구달서구청점,본그룹,백반·죽·국수,대구광역시,달서구,45.8870,D
official_current,현재 공식 가중치,ba_14692592,본죽 의정부가능역점,본그룹,백반·죽·국수,경기도,의정부시,45.8770,D
official_current,현재 공식 가중치,ba_13234475,본죽&비빔밥 노량진점,본그룹,백반·죽·국수,서울특별시,동작구,45.8598,D
official_current,현재 공식 가중치,ba_13079581,굽네치킨&피자 온의퇴계점,굽네치킨,피자,강원특별자치도,춘천시,45.8578,D
official_current,현재 공식 가중치,ba_13235631,본죽 인왕산점,본그룹,백반·죽·국수,서울특별시,서대문구,45.8268,D
official_current,현재 공식 가중치,ba_13233764,본죽 대구송라시장점,본그룹,백반·죽·국수,대구광역시,동구,45.7206,D
official_current,현재 공식 가중치,ba_14248058,굽네피자 은행선화점,굽네치킨,피자,대전광역시,중구,45.7124,D
official_current,현재 공식 가중치,ba_14788152,굽네피자 초읍점,굽네치킨,피자,부산광역시,부산진구,45.6677,D
official_current,현재 공식 가중치,ba_14199673,굽네피자 가양점,굽네치킨,피자,서울특별시,강서구,45.6516,D
official_current,현재 공식 가중치,ba_13236401,본죽 대학로본점,본그룹,백반·죽·국수,서울특별시,종로구,45.6291,D
official_current,현재 공식 가중치,ba_14668967,굽네피자 신사우점,굽네치킨,피자,강원특별자치도,춘천시,45.5946,D
official_current,현재 공식 가중치,ba_13969888,굽네피자 청주강서지구점,굽네치킨,피자,충청북도,청주시,45.5758,D
official_current,현재 공식 가중치,ba_13122792,굽네치킨&피자 청주 강서지구점,굽네치킨,피자,충청북도,청주시,45.5758,D
official_current,현재 공식 가중치,ba_14605018,굽네피자 대구신매점,굽네치킨,피자,대구광역시,수성구,45.5501,D
official_current,현재 공식 가중치,ba_13228677,본죽 청주봉명점,본그룹,백반·죽·국수,충청북도,청주시,45.3521,D
official_current,현재 공식 가중치,ba_13221638,본죽&비빔밥 이천마장점,본그룹,백반·죽·국수,경기도,이천시,45.3073,D
official_current,현재 공식 가중치,ba_13222803,본죽 오금점,본그룹,백반·죽·국수,서울특별시,송파구,45.2560,D
official_current,현재 공식 가중치,ba_13969554,굽네피자 포항양덕점,굽네치킨,피자,경상북도,포항시,45.2536,D
official_current,현재 공식 가중치,ba_14556221,굽네치킨&피자 청주봉명점,굽네치킨,치킨,충청북도,청주시,45.2367,D
official_current,현재 공식 가중치,ba_13223367,본죽 성수역점,본그룹,백반·죽·국수,서울특별시,성동구,45.2429,D
official_current,현재 공식 가중치,ba_14778106,굽네치킨 구로디지털점,굽네치킨,치킨,서울특별시,구로구,45.2288,D
official_current,현재 공식 가중치,ba_14544899,본죽&비빔밥 안양호계포도원점,본그룹,백반·죽·국수,경기도,안양시,45.1978,D
official_current,현재 공식 가중치,ba_13974018,굽네피자 송파점,굽네치킨,피자,서울특별시,송파구,45.1897,D
official_current,현재 공식 가중치,ba_14245849,본죽&비빔밥 광양중동점,본그룹,백반·죽·국수,전라남도,광양시,45.1851,D
official_current,현재 공식 가중치,ba_14171262,굽네피자 칠암망경점,굽네치킨,피자,경상남도,진주시,45.1899,D
official_current,현재 공식 가중치,ba_14464914,굽네피자 부산구서점,굽네치킨,피자,부산광역시,금정구,45.1325,D
official_current,현재 공식 가중치,ba_13969933,굽네피자 신탄진점,굽네치킨,피자,대전광역시,대덕구,45.1318,D
official_current,현재 공식 가중치,ba_13047702,굽네피자&치킨 광주상무점,굽네치킨,피자,광주광역시,서구,45.1071,D
official_current,현재 공식 가중치,ba_14387630,굽네치킨 등촌2동점,굽네치킨,치킨,서울특별시,강서구,45.0585,D
official_current,현재 공식 가중치,ba_12018905,굽네피자 거제연초점,굽네치킨,피자,경상남도,거제시,44.9529,D
official_current,현재 공식 가중치,ba_14272179,굽네피자 마장점,굽네치킨,피자,경기도,이천시,44.9543,D
official_current,현재 공식 가중치,ba_14296957,굽네피자 청주동남지구점,굽네치킨,피자,충청북도,청주시,44.9262,D
official_current,현재 공식 가중치,ba_13233735,본죽 대구감삼드림시티점,본그룹,백반·죽·국수,대구광역시,달서구,44.9095,D
official_current,현재 공식 가중치,ba_14809938,굽네치킨&피자 도곡스타점,굽네치킨,치킨,서울특별시,강남구,44.8867,D
official_current,현재 공식 가중치,ba_12018493,굽네치킨&피자 부산덕천점,굽네치킨,피자,부산광역시,북구,44.8660,D
official_current,현재 공식 가중치,ba_14690774,본죽&비빔밥 진주신안점,본그룹,백반·죽·국수,경상남도,진주시,44.8558,D
official_current,현재 공식 가중치,ba_13969928,굽네피자 거제고현점,굽네치킨,피자,경상남도,거제시,44.8504,D
official_current,현재 공식 가중치,ba_13163192,굽네치킨&피자 봉곡사림점,굽네치킨,피자,경상남도,창원시,44.7381,D
official_current,현재 공식 가중치,ba_14688499,본죽 수원화서점,본그룹,백반·죽·국수,경기도,수원시,44.7268,D
official_current,현재 공식 가중치,ba_13231195,본죽&비빔밥 수원광교역점,본그룹,백반·죽·국수,경기도,수원시,44.7241,D
official_current,현재 공식 가중치,ba_13969807,굽네피자 경남사천점,굽네치킨,피자,경상남도,사천시,44.6956,D
official_current,현재 공식 가중치,ba_14274576,굽네치킨&피자 갈현점,굽네치킨,치킨,서울특별시,은평구,44.6688,D
official_current,현재 공식 가중치,ba_13232348,본죽&비빔밥 광주선운지구점,본그룹,백반·죽·국수,광주광역시,광산구,44.6615,D
official_current,현재 공식 가중치,ba_14283482,본죽&비빔밥 목동역점,본그룹,백반·죽·국수,서울특별시,양천구,44.6158,D
official_current,현재 공식 가중치,ba_12019541,굽네피자 양산석산점,굽네치킨,피자,경상남도,양산시,44.6177,D
official_current,현재 공식 가중치,ba_14171093,굽네피자 양산물금점,굽네치킨,피자,경상남도,양산시,44.5673,D
official_current,현재 공식 가중치,ba_14353161,굽네피자 구월점,굽네치킨,피자,인천광역시,남동구,44.4878,D
official_current,현재 공식 가중치,ba_14352664,굽네피자 간석점,굽네치킨,피자,인천광역시,남동구,44.4879,D
official_current,현재 공식 가중치,ba_14687307,본죽&비빔밥 봉천현대시장점,본그룹,백반·죽·국수,서울특별시,관악구,44.4858,D
official_current,현재 공식 가중치,ba_14171081,굽네피자 김해진영점,굽네치킨,피자,경상남도,김해시,44.4657,D
official_current,현재 공식 가중치,ba_14294476,굽네피자 하늘도시1호점,굽네치킨,피자,인천광역시,중구,44.4625,D
official_current,현재 공식 가중치,ba_14637964,굽네피자 영덕영해점,굽네치킨,피자,경상북도,영덕군,44.4569,D
official_current,현재 공식 가중치,ba_13097221,굽네치킨&피자 하늘도시1호점,굽네치킨,피자,인천광역시,중구,44.4534,D
official_current,현재 공식 가중치,ba_14165975,굽네피자 송도신도시점,굽네치킨,피자,인천광역시,연수구,44.4271,D
official_current,현재 공식 가중치,ba_14691072,본죽&비빔밥 대구신서혁신지구점,본그룹,백반·죽·국수,대구광역시,동구,44.3797,D
official_current,현재 공식 가중치,ba_14691206,굽네피자 강화선원점,굽네치킨,피자,인천광역시,강화군,44.3810,D
official_current,현재 공식 가중치,ba_14600398,굽네피자 여좌중앙점,굽네치킨,피자,경상남도,창원시,44.3620,D
official_current,현재 공식 가중치,ba_10501929,굽네치킨 포항양덕점,굽네치킨,치킨,경상북도,포항시,44.2607,D
official_current,현재 공식 가중치,ba_14669108,굽네피자 의정부용현점,굽네치킨,피자,경기도,의정부시,44.2604,D
official_current,현재 공식 가중치,ba_13084303,굽네치킨&피자 양산물금점,굽네치킨,피자,경상남도,양산시,44.2079,D
official_current,현재 공식 가중치,ba_14766646,본죽&비빔밥 대전한남대점,본그룹,백반·죽·국수,대전광역시,동구,44.2041,D
official_current,현재 공식 가중치,ba_14692346,본죽&비빔밥 보령동대점,본그룹,백반·죽·국수,충청남도,보령시,44.1656,D
official_current,현재 공식 가중치,ba_14673508,본죽&비빔밥 고덕래미안점,본그룹,백반·죽·국수,서울특별시,강동구,44.0970,D
official_current,현재 공식 가중치,ba_14688233,본죽&비빔밥 수원오목천점,본그룹,백반·죽·국수,경기도,수원시,44.0673,D
official_current,현재 공식 가중치,ba_13219045,본죽 구리인창아름마을점,본그룹,백반·죽·국수,경기도,구리시,44.0597,D
official_current,현재 공식 가중치,ba_14692146,본죽&비빔밥 부산재송점,본그룹,백반·죽·국수,부산광역시,해운대구,44.0465,D
official_current,현재 공식 가중치,ba_12020571,굽네피자 수색증산점,굽네치킨,피자,서울특별시,은평구,43.9786,D
official_current,현재 공식 가중치,ba_14694671,본죽&비빔밥 범계로데오점,본그룹,백반·죽·국수,경기도,안양시,43.9631,D
official_current,현재 공식 가중치,ba_13229975,본죽 구성언남점,본그룹,백반·죽·국수,경기도,용인시,43.8258,D
official_current,현재 공식 가중치,ba_13111670,굽네치킨&피자 주안3호점,굽네치킨,피자,인천광역시,미추홀구,43.7629,D
official_current,현재 공식 가중치,ba_14189792,굽네피자 부산우동점,굽네치킨,피자,부산광역시,해운대구,43.7426,D
official_current,현재 공식 가중치,ba_14675307,굽네치킨 운남점,굽네치킨,치킨,인천광역시,중구,43.6883,D
official_current,현재 공식 가중치,ba_14440526,굽네치킨 서산동문점,굽네치킨,치킨,충청남도,서산시,43.6694,D
official_current,현재 공식 가중치,ba_14744706,본죽&비빔밥 세종시청점,본그룹,백반·죽·국수,세종특별자치시,한누리대로,43.6682,D
official_current,현재 공식 가중치,ba_10019807,굽네치킨 부산덕천점,굽네치킨,치킨,부산광역시,북구,43.6614,D
official_current,현재 공식 가중치,ba_14650120,굽네치킨&피자 벌교읍점,굽네치킨,치킨,전라남도,보성군,43.6254,D
official_current,현재 공식 가중치,ba_14698239,본죽&비빔밥 의왕고천점,본그룹,백반·죽·국수,경기도,의왕시,43.6291,D
official_current,현재 공식 가중치,ba_14250329,굽네피자 인창점,굽네치킨,피자,경기도,구리시,43.5950,D
official_current,현재 공식 가중치,ba_14390509,굽네치킨 원주혁신점,굽네치킨,치킨,강원특별자치도,원주시,43.4845,D
official_current,현재 공식 가중치,ba_14692460,본죽 안양샘병원점,본그룹,백반·죽·국수,경기도,안양시,43.4337,D
official_current,현재 공식 가중치,ba_14597164,굽네치킨&피자 역삼2동점,굽네치킨,치킨,서울특별시,강남구,43.4018,D
official_current,현재 공식 가중치,ba_14689999,본죽&비빔밥 인천승기사거리점,본그룹,백반·죽·국수,인천광역시,미추홀구,43.3737,D
official_current,현재 공식 가중치,ba_13232134,본죽&비빔밥 광주운남점,본그룹,백반·죽·국수,광주광역시,광산구,43.3136,D
official_current,현재 공식 가중치,ba_14687304,본죽&비빔밥 관악우체국점,본그룹,백반·죽·국수,서울특별시,관악구,43.2753,D
official_current,현재 공식 가중치,ba_13223885,본죽&비빔밥 관악우체국점,본그룹,백반·죽·국수,서울특별시,관악구,43.2753,D
official_current,현재 공식 가중치,ba_14701137,본죽&비빔밥 남양주호평점,본그룹,백반·죽·국수,경기도,남양주시,43.2744,D
official_current,현재 공식 가중치,ba_14689591,본죽&비빔밥 평택서정리역점,본그룹,백반·죽·국수,경기도,평택시,43.2110,D
official_current,현재 공식 가중치,ba_13233027,본죽&비빔밥 고척근린공원점,본그룹,백반·죽·국수,서울특별시,구로구,43.1973,D
official_current,현재 공식 가중치,ba_14687334,본죽&비빔밥 고척근린공원점,본그룹,백반·죽·국수,서울특별시,구로구,43.1973,D
official_current,현재 공식 가중치,ba_14792754,굽네치킨 보라점,굽네치킨,치킨,경기도,용인시,43.1237,D
official_current,현재 공식 가중치,ba_14687136,본죽 서울백병원점,본그룹,백반·죽·국수,서울특별시,중구,43.1045,D
official_current,현재 공식 가중치,ba_14271330,굽네치킨 일광신도시점,굽네치킨,치킨,부산광역시,기장군,43.0486,D
official_current,현재 공식 가중치,ba_14689802,본죽&비빔밥 한성대입구점,본그룹,백반·죽·국수,서울특별시,성북구,43.0230,D
official_current,현재 공식 가중치,ba_13235508,본죽&비빔밥 의정부녹양점,본그룹,백반·죽·국수,경기도,의정부시,42.9999,D
official_current,현재 공식 가중치,ba_13236745,본죽&비빔밥 김해장유코아점,본그룹,백반·죽·국수,경상남도,김해시,42.9475,D
official_current,현재 공식 가중치,ba_13189796,본죽&비빔밥 아산탕정점,본그룹,백반·죽·국수,충청남도,아산시,42.8754,D
official_current,현재 공식 가중치,ba_14692164,본죽 세종고운점,본그룹,백반·죽·국수,세종특별자치시,마음로,42.7155,D
official_current,현재 공식 가중치,ba_14810163,굽네피자 서현역점,굽네치킨,피자,경기도,성남시,42.5339,D
official_current,현재 공식 가중치,ba_14560963,굽네피자 다산가운지금점,굽네치킨,피자,경기도,남양주시,42.5168,D
official_current,현재 공식 가중치,ba_13580972,굽네치킨&피자 신수점,굽네치킨,치킨,서울특별시,마포구,42.4944,D
official_current,현재 공식 가중치,ba_14599961,굽네치킨 파주헤이리점,굽네치킨,치킨,경기도,파주시,42.4102,D
official_current,현재 공식 가중치,ba_10665884,굽네치킨 부산청학점,굽네치킨,치킨,부산광역시,영도구,42.3335,D
official_current,현재 공식 가중치,ba_14766647,본죽&비빔밥 대전한남대점,본그룹,백반·죽·국수,대전광역시,동구,42.2629,D
official_current,현재 공식 가중치,ba_14495787,굽네치킨 김해율하점,굽네치킨,치킨,경상남도,김해시,42.2469,D
official_current,현재 공식 가중치,ba_14692042,굽네치킨 강화선원점,굽네치킨,치킨,인천광역시,강화군,42.1373,D
official_current,현재 공식 가중치,ba_14689837,본죽&비빔밥 동탄역점,본그룹,백반·죽·국수,경기도,화성시,42.0775,D
official_current,현재 공식 가중치,ba_13233742,본죽&비빔밥 내당삼익뉴타운점,본그룹,백반·죽·국수,대구광역시,서구,42.0522,D
official_current,현재 공식 가중치,ba_14855560,굽네치킨 양산서창점,굽네치킨,치킨,경상남도,양산시,42.0320,D
official_current,현재 공식 가중치,ba_14488212,굽네피자 풍동점,굽네치킨,피자,경기도,고양시,42.0169,D
official_current,현재 공식 가중치,ba_14743731,본죽&비빔밥 인천오류왕길점,본그룹,백반·죽·국수,인천광역시,서구,41.9079,D
official_current,현재 공식 가중치,ba_13230903,본죽 시흥시화병원점,본그룹,백반·죽·국수,경기도,시흥시,41.9027,D
official_current,현재 공식 가중치,ba_14185617,굽네피자 영주휴천점,굽네치킨,피자,경상북도,영주시,41.6446,D
official_current,현재 공식 가중치,ba_10571616,굽네치킨 답십리1동점,굽네치킨,치킨,서울특별시,동대문구,41.5649,D
official_current,현재 공식 가중치,ba_14253619,본죽&비빔밥 문래힐스테이트점,본그룹,백반·죽·국수,서울특별시,영등포구,41.5479,D
official_current,현재 공식 가중치,ba_14171092,굽네피자 광주용봉점,굽네치킨,피자,광주광역시,북구,41.4418,D
official_current,현재 공식 가중치,ba_13972819,굽네피자 영통2동점,굽네치킨,피자,경기도,수원시,41.3867,D
official_current,현재 공식 가중치,ba_14687859,본죽&비빔밥 제기동역점,본그룹,백반·죽·국수,서울특별시,동대문구,41.2591,D
official_current,현재 공식 가중치,ba_13970104,굽네피자 대구혁신점,굽네치킨,피자,대구광역시,동구,41.0799,D
official_current,현재 공식 가중치,ba_13972425,굽네피자 광주문흥점,굽네치킨,피자,광주광역시,북구,41.0626,D
official_current,현재 공식 가중치,ba_14270407,본죽&비빔밥 벡스코역점,본그룹,백반·죽·국수,부산광역시,해운대구,41.0387,D
official_current,현재 공식 가중치,ba_13870012,본죽&비빔밥 시흥장곡점,본그룹,백반·죽·국수,경기도,시흥시,40.9908,D
official_current,현재 공식 가중치,ba_13226567,본죽 신정점,본그룹,백반·죽·국수,서울특별시,양천구,40.8707,D
official_current,현재 공식 가중치,ba_13313909,굽네치킨 논현고잔1호점,굽네치킨,치킨,인천광역시,남동구,40.7967,D
official_current,현재 공식 가중치,ba_13233767,본죽&비빔밥 세종정부청사점,본그룹,백반·죽·국수,세종특별자치시,절재로,40.8012,D
official_current,현재 공식 가중치,ba_14794083,본죽&비빔밥 부산광안역점,본그룹,백반·죽·국수,부산광역시,수영구,40.7917,D
official_current,현재 공식 가중치,ba_14687323,본죽&비빔밥 관악구청점,본그룹,백반·죽·국수,서울특별시,관악구,40.7800,D
official_current,현재 공식 가중치,ba_14689859,본죽&비빔밥 춘천퇴계한숲점,본그룹,백반·죽·국수,강원특별자치도,춘천시,40.7406,D
official_current,현재 공식 가중치,ba_13976690,굽네피자 신수점,굽네치킨,피자,서울특별시,마포구,40.6854,D
official_current,현재 공식 가중치,ba_14593798,굽네치킨&피자 광주오포점,굽네치킨,치킨,경기도,광주시,40.5763,D
official_current,현재 공식 가중치,ba_14473511,본죽&비빔밥카페 김해가야대역점,본그룹,백반·죽·국수,경상남도,김해시,40.5721,D
official_current,현재 공식 가중치,ba_13219734,본죽 구리토평점,본그룹,백반·죽·국수,경기도,구리시,40.3945,D
official_current,현재 공식 가중치,ba_14189742,굽네피자 논현고잔1호점,굽네치킨,피자,인천광역시,남동구,40.2842,D
official_current,현재 공식 가중치,ba_14791437,굽네치킨&피자 신수점,굽네치킨,치킨,서울특별시,마포구,40.2145,D
official_current,현재 공식 가중치,ba_13076527,굽네치킨 창2동점,굽네치킨,치킨,서울특별시,도봉구,40.2119,D
official_current,현재 공식 가중치,ba_14810162,굽네치킨&피자 서현역점,굽네치킨,치킨,경기도,성남시,40.1501,D
official_current,현재 공식 가중치,ba_13233484,본죽&비빔밥 진주하대점,본그룹,백반·죽·국수,경상남도,진주시,40.0672,D
official_current,현재 공식 가중치,ba_14733665,굽네치킨 수원조원점,굽네치킨,치킨,경기도,수원시,40.0387,D
official_current,현재 공식 가중치,ba_14688789,본죽&비빔밥 성남고등점,본그룹,백반·죽·국수,경기도,성남시,39.9884,D
official_current,현재 공식 가중치,ba_14688609,본죽 죽전벽산타운점,본그룹,백반·죽·국수,경기도,용인시,39.9139,D
official_current,현재 공식 가중치,ba_10040590,굽네치킨 삼숭고읍점,굽네치킨,치킨,경기도,양주시,39.8129,D
official_current,현재 공식 가중치,ba_10636815,굽네치킨 완도점,굽네치킨,치킨,전라남도,완도군,39.7189,D
official_current,현재 공식 가중치,ba_14808489,굽네치킨 전주서학점,굽네치킨,치킨,전북특별자치도,전주시,39.7101,D
official_current,현재 공식 가중치,ba_14413122,굽네치킨&피자 만성점,굽네치킨,치킨,전북특별자치도,전주시,39.6752,D
official_current,현재 공식 가중치,ba_14714070,본죽&비빔밥 의정부발곡점,본그룹,백반·죽·국수,경기도,의정부시,39.6195,D
official_current,현재 공식 가중치,ba_13233724,본죽&비빔밥 대구동성로중앙점,본그룹,백반·죽·국수,대구광역시,중구,39.6160,D
official_current,현재 공식 가중치,ba_14615149,굽네치킨&피자 강대효자점,굽네치킨,치킨,강원특별자치도,춘천시,39.5243,D
official_current,현재 공식 가중치,ba_14727755,굽네치킨&피자 덕진금암점,굽네치킨,치킨,전북특별자치도,전주시,39.4928,D
official_current,현재 공식 가중치,ba_13189894,본죽&비빔밥 양산부산대병원정문앞택지점,본그룹,백반·죽·국수,경상남도,양산시,39.4152,D
official_current,현재 공식 가중치,ba_14525359,본죽&비빔밥 용인모현점,본그룹,백반·죽·국수,경기도,용인시,39.3054,D
official_current,현재 공식 가중치,ba_14689013,본죽&비빔밥 김포사우점,본그룹,백반·죽·국수,경기도,김포시,39.3124,D
official_current,현재 공식 가중치,ba_14809478,굽네치킨 권선1동점,굽네치킨,치킨,경기도,수원시,39.2466,D
official_current,현재 공식 가중치,ba_14758007,굽네치킨 송도신도시점,굽네치킨,치킨,인천광역시,연수구,39.1909,D
official_current,현재 공식 가중치,ba_14827938,굽네치킨&피자 거북섬점,굽네치킨,치킨,경기도,시흥시,39.1377,D
official_current,현재 공식 가중치,ba_10685624,굽네치킨 광주문흥점,굽네치킨,치킨,광주광역시,북구,38.9160,D
official_current,현재 공식 가중치,ba_13231218,본죽 시흥하상동점,본그룹,백반·죽·국수,경기도,시흥시,38.9159,D
official_current,현재 공식 가중치,ba_14687388,본죽&비빔밥 중곡사거리점,본그룹,백반·죽·국수,서울특별시,광진구,38.9030,D
official_current,현재 공식 가중치,ba_14691803,본죽 부산학장점,본그룹,백반·죽·국수,부산광역시,사상구,38.8762,D
official_current,현재 공식 가중치,ba_14690724,본죽&비빔밥 경남사천점,본그룹,백반·죽·국수,경상남도,사천시,38.8728,D
official_current,현재 공식 가중치,ba_13233466,본죽&비빔밥 대구대곡역점,본그룹,백반·죽·국수,대구광역시,달성군,38.8337,D
official_current,현재 공식 가중치,ba_14251745,굽네피자 태전점,굽네치킨,피자,대구광역시,북구,38.8078,D
official_current,현재 공식 가중치,ba_14688541,본죽 시흥하상동점,본그룹,백반·죽·국수,경기도,시흥시,38.7978,D
official_current,현재 공식 가중치,ba_14688854,본죽 평택팽성점,본그룹,백반·죽·국수,경기도,평택시,38.7905,D
official_current,현재 공식 가중치,ba_14809544,굽네치킨 송도4동점,굽네치킨,치킨,인천광역시,연수구,38.7512,D
official_current,현재 공식 가중치,ba_14692289,본죽&비빔밥 당진점,본그룹,백반·죽·국수,충청남도,당진시,38.7404,D
official_current,현재 공식 가중치,ba_14692339,본죽&비빔밥 청주분평점,본그룹,백반·죽·국수,충청북도,청주시,38.7159,D
official_current,현재 공식 가중치,ba_14695958,본죽 삼양사거리점,본그룹,백반·죽·국수,서울특별시,강북구,38.6764,D
official_current,현재 공식 가중치,ba_14769185,굽네치킨&피자 김천신음점,굽네치킨,치킨,경상북도,김천시,38.6756,D
official_current,현재 공식 가중치,ba_14716332,굽네치킨&피자 태평3동점,굽네치킨,치킨,경기도,성남시,38.6619,D
official_current,현재 공식 가중치,ba_14689894,본죽&비빔밥 인천간석남부역점,본그룹,백반·죽·국수,인천광역시,남동구,38.6009,D
official_current,현재 공식 가중치,ba_14691884,본죽&비빔밥 구서쌍용예가점,본그룹,백반·죽·국수,부산광역시,금정구,38.5884,D
official_current,현재 공식 가중치,ba_14692256,본죽&비빔밥 천안성거점,본그룹,백반·죽·국수,충청남도,천안시,38.5929,D
official_current,현재 공식 가중치,ba_14691910,본죽&비빔밥 울산청량점,본그룹,백반·죽·국수,울산광역시,울주군,38.5199,D
official_current,현재 공식 가중치,ba_14803437,굽네치킨 명곡대원점,굽네치킨,치킨,경상남도,창원시,38.4925,D
official_current,현재 공식 가중치,ba_14692282,본죽&비빔밥 당진수청점,본그룹,백반·죽·국수,충청남도,당진시,38.4559,D
official_current,현재 공식 가중치,ba_14690056,본죽&비빔밥cafe 용인동백역점,본그룹,백반·죽·국수,경기도,용인시,38.4632,D
official_current,현재 공식 가중치,ba_14435750,본죽&비빔밥 광주연제점,본그룹,백반·죽·국수,광주광역시,북구,38.4551,D
official_current,현재 공식 가중치,ba_13506840,굽네치킨 & 피자 약수역점,굽네치킨,치킨,서울특별시,중구,38.4359,D
official_current,현재 공식 가중치,ba_14522619,본죽&비빔밥 수원권선롯데마트점,본그룹,백반·죽·국수,경기도,수원시,38.3953,D
official_current,현재 공식 가중치,ba_13226580,본죽 등촌역점,본그룹,백반·죽·국수,서울특별시,양천구,38.3862,D
official_current,현재 공식 가중치,ba_13234187,본죽 경산계양점,본그룹,백반·죽·국수,경상북도,경산시,38.3167,D
official_current,현재 공식 가중치,ba_14400023,본죽&비빔밥 시흥장곡점,본그룹,백반·죽·국수,경기도,시흥시,38.2960,D
official_current,현재 공식 가중치,ba_14189864,굽네피자 & 피자 약수역점,굽네치킨,피자,서울특별시,중구,38.2720,D
official_current,현재 공식 가중치,ba_14797330,굽네치킨&피자 초전점,굽네치킨,치킨,경상남도,진주시,38.2594,D
official_current,현재 공식 가중치,ba_14173661,굽네피자 신월사파점,굽네치킨,피자,경상남도,창원시,38.1944,D
official_current,현재 공식 가중치,ba_14689425,본죽&비빔밥 의정부시청점,본그룹,백반·죽·국수,경기도,의정부시,38.1800,D
official_current,현재 공식 가중치,ba_14809961,굽네치킨 창원소답점,굽네치킨,치킨,경상남도,창원시,38.1599,D
official_current,현재 공식 가중치,ba_14773134,본죽&비빔밥 용인보라점,본그룹,백반·죽·국수,경기도,용인시,38.0586,D
official_current,현재 공식 가중치,ba_14190360,굽네피자 일산식사점,굽네치킨,피자,경기도,고양시,38.0075,D
official_current,현재 공식 가중치,ba_14776515,굽네치킨 대소점,굽네치킨,치킨,충청북도,음성군,37.9947,D
official_current,현재 공식 가중치,ba_14691324,본죽 포항지곡점,본그룹,백반·죽·국수,경상북도,포항시,37.9175,D
official_current,현재 공식 가중치,ba_14624480,굽네피자 고산지구점,굽네치킨,피자,경기도,의정부시,37.9106,D
official_current,현재 공식 가중치,ba_14525750,굽네피자 지산신장점,굽네치킨,피자,경기도,평택시,37.9126,D
official_current,현재 공식 가중치,ba_13973779,굽네피자 용인서천점,굽네치킨,피자,경기도,용인시,37.8954,D
official_current,현재 공식 가중치,ba_13233433,본죽 대명안지랑점,본그룹,백반·죽·국수,대구광역시,남구,37.8894,D
official_current,현재 공식 가중치,ba_14629814,굽네피자 용인모현점,굽네치킨,피자,경기도,용인시,37.8462,D
official_current,현재 공식 가중치,ba_14689508,본죽&비빔밥 파주문산점,본그룹,백반·죽·국수,경기도,파주시,37.8502,D
official_current,현재 공식 가중치,ba_14695008,본죽&비빔밥 부산연산점,본그룹,백반·죽·국수,부산광역시,연제구,37.8411,D
official_current,현재 공식 가중치,ba_13247000,본죽 용인광교역점,본그룹,백반·죽·국수,경기도,용인시,37.8393,D
official_current,현재 공식 가중치,ba_14788679,본죽&비빔밥 안산선부점,본그룹,백반·죽·국수,경기도,안산시,37.8322,D
official_current,현재 공식 가중치,ba_14696545,굽네피자 구리갈매점,굽네치킨,피자,경기도,구리시,37.8139,D
official_current,현재 공식 가중치,ba_13973937,굽네피자 동탄1동점,굽네치킨,피자,경기도,화성시,37.7824,D
official_current,현재 공식 가중치,ba_14756868,본죽&비빔밥 평택시청점,본그룹,백반·죽·국수,경기도,평택시,37.7729,D
official_current,현재 공식 가중치,ba_14691863,본죽&비빔밥 부산명지cgv점,본그룹,백반·죽·국수,부산광역시,강서구,37.7167,D
official_current,현재 공식 가중치,ba_14691316,본죽 포항오천점,본그룹,백반·죽·국수,경상북도,포항시,37.7025,D
official_current,현재 공식 가중치,ba_14797999,굽네치킨&피자 대흥역점,굽네치킨,치킨,서울특별시,마포구,37.6541,D
official_current,현재 공식 가중치,ba_14842562,굽네치킨&피자 영등포구청역점,굽네치킨,치킨,서울특별시,영등포구,37.5701,D
official_current,현재 공식 가중치,ba_14637963,굽네치킨 영덕영해점,굽네치킨,치킨,경상북도,영덕군,37.5748,D
official_current,현재 공식 가중치,ba_14327485,굽네치킨&피자 장곡장현점,굽네치킨,치킨,경기도,시흥시,37.5593,D
official_current,현재 공식 가중치,ba_14252162,굽네피자 사당2동점,굽네치킨,피자,서울특별시,동작구,37.5454,D
official_current,현재 공식 가중치,ba_12030167,굽네치킨&피자 후평점,굽네치킨,피자,강원특별자치도,춘천시,37.5527,D
official_current,현재 공식 가중치,ba_14691981,본죽&비빔밥 부산개금점,본그룹,백반·죽·국수,부산광역시,부산진구,37.4939,D
official_current,현재 공식 가중치,ba_14320813,굽네피자 옥곡백천점,굽네치킨,피자,경상북도,경산시,37.4755,D
official_current,현재 공식 가중치,ba_14731363,본죽&비빔밥 충북대병원앞점,본그룹,백반·죽·국수,충청북도,청주시,37.4670,D
official_current,현재 공식 가중치,ba_13628326,본죽&비빔밥 부산개금점,본그룹,백반·죽·국수,부산광역시,부산진구,37.4733,D
official_current,현재 공식 가중치,ba_14629153,굽네치킨&피자 합천점,굽네치킨,치킨,경상남도,합천군,37.4575,D
official_current,현재 공식 가중치,ba_13973414,굽네피자 후평점,굽네치킨,피자,강원특별자치도,춘천시,37.4580,D
official_current,현재 공식 가중치,ba_14691338,본죽 포항흥해점,본그룹,백반·죽·국수,경상북도,포항시,37.4335,D
official_current,현재 공식 가중치,ba_14569929,굽네치킨 응암1호점,굽네치킨,치킨,서울특별시,은평구,37.3429,D
official_current,현재 공식 가중치,ba_14690597,본죽&비빔밥 포항상원점,본그룹,백반·죽·국수,경상북도,포항시,37.3414,D
official_current,현재 공식 가중치,ba_13181486,본죽&비빔밥 천안두정점,본그룹,백반·죽·국수,충청남도,천안시,37.3120,D
official_current,현재 공식 가중치,ba_14796264,굽네치킨 종암스타점,굽네치킨,치킨,서울특별시,성북구,37.2911,D
official_current,현재 공식 가중치,ba_14686990,본죽 문정로데오점,본그룹,백반·죽·국수,서울특별시,송파구,37.2686,D
official_current,현재 공식 가중치,ba_12016615,굽네피자 울산삼산점,굽네치킨,피자,울산광역시,남구,37.2208,D
official_current,현재 공식 가중치,ba_14787229,본죽&비빔밥 수원호매실화홍병원점,본그룹,백반·죽·국수,경기도,수원시,37.2126,D
official_current,현재 공식 가중치,ba_14189925,굽네피자 불광점,굽네치킨,피자,서울특별시,은평구,37.2110,D
official_current,현재 공식 가중치,ba_14542191,굽네피자 응암1호점,굽네치킨,피자,서울특별시,은평구,37.1800,D
official_current,현재 공식 가중치,ba_10418755,굽네치킨&피자 곤지암점,굽네치킨,치킨,경기도,광주시,37.1190,D
official_current,현재 공식 가중치,ba_14189471,굽네피자 등촌3동점,굽네치킨,피자,서울특별시,강서구,37.0980,D
official_current,현재 공식 가중치,ba_13712881,굽네치킨 등촌3동점,굽네치킨,치킨,서울특별시,강서구,37.0949,D
official_current,현재 공식 가중치,ba_14271331,굽네피자 일광신도시점,굽네치킨,피자,부산광역시,기장군,37.0938,D
official_current,현재 공식 가중치,ba_14662462,굽네치킨 광탄점,굽네치킨,치킨,경기도,파주시,37.0813,D
official_current,현재 공식 가중치,ba_14691860,본죽&비빔밥 부산동삼점,본그룹,백반·죽·국수,부산광역시,영도구,37.0726,D
official_current,현재 공식 가중치,ba_14103678,굽네치킨&피자 불광점,굽네치킨,치킨,서울특별시,은평구,37.0662,D
official_current,현재 공식 가중치,ba_14392323,굽네피자 삼산1동점,굽네치킨,피자,인천광역시,부평구,37.0337,D
official_current,현재 공식 가중치,ba_13448308,굽네치킨 역촌점,굽네치킨,치킨,서울특별시,은평구,37.0103,D
official_current,현재 공식 가중치,ba_14840445,굽네치킨&피자 등촌3동점,굽네치킨,치킨,서울특별시,강서구,37.0038,D
official_current,현재 공식 가중치,ba_14251345,굽네피자 강화점,굽네치킨,피자,인천광역시,강화군,36.9912,D
official_current,현재 공식 가중치,ba_14800652,본죽&비빔밥 내방역점,본그룹,백반·죽·국수,서울특별시,서초구,36.9815,D
official_current,현재 공식 가중치,ba_14691400,본죽&비빔밥 경산하양점,본그룹,백반·죽·국수,경상북도,경산시,36.9291,D
official_current,현재 공식 가중치,ba_14733416,굽네치킨&피자 먹골역점,굽네치킨,치킨,서울특별시,중랑구,36.9350,D
official_current,현재 공식 가중치,ba_14252159,굽네치킨 사당2동점,굽네치킨,치킨,서울특별시,동작구,36.9166,D
official_current,현재 공식 가중치,ba_14690580,본죽&비빔밥 포항문덕원동점,본그룹,백반·죽·국수,경상북도,포항시,36.8485,D
official_current,현재 공식 가중치,ba_13326281,본죽 만리점,본그룹,백반·죽·국수,서울특별시,중구,36.8368,D
official_current,현재 공식 가중치,ba_10024499,굽네치킨 보령동대점,굽네치킨,치킨,충청남도,보령시,36.8284,D
official_current,현재 공식 가중치,ba_14624481,굽네치킨&피자 고산지구점,굽네치킨,치킨,경기도,의정부시,36.7711,D
official_current,현재 공식 가중치,ba_13851878,굽네치킨 용인서천점,굽네치킨,치킨,경기도,용인시,36.7681,D
official_current,현재 공식 가중치,ba_14400681,굽네피자 영암삼호점,굽네치킨,피자,전라남도,영암군,36.7670,D
official_current,현재 공식 가중치,ba_10416959,굽네치킨 은행동점,굽네치킨,치킨,경기도,성남시,36.7633,D
official_current,현재 공식 가중치,ba_14624475,굽네치킨 고산지구점,굽네치킨,치킨,경기도,의정부시,36.7636,D
official_current,현재 공식 가중치,ba_14642115,굽네치킨 공도2호점,굽네치킨,치킨,경기도,안성시,36.7332,D
official_current,현재 공식 가중치,ba_14696546,굽네치킨&피자 구리갈매점,굽네치킨,치킨,경기도,구리시,36.7263,D
official_current,현재 공식 가중치,ba_14695236,본죽&비빔밥 제주법원점,본그룹,백반·죽·국수,제주특별자치도,제주시,36.7150,D
official_current,현재 공식 가중치,ba_14746091,굽네치킨&피자 별내청학점,굽네치킨,치킨,경기도,남양주시,36.7226,D
official_current,현재 공식 가중치,ba_13950340,굽네치킨 동탄1동점,굽네치킨,치킨,경기도,화성시,36.7249,D
official_current,현재 공식 가중치,ba_14857305,굽네치킨&피자 송탄지산점,굽네치킨,치킨,경기도,평택시,36.7162,D
official_current,현재 공식 가중치,ba_14854750,굽네치킨 울산신정3호점,굽네치킨,치킨,울산광역시,남구,36.7147,D
official_current,현재 공식 가중치,ba_14696544,굽네치킨 구리갈매점,굽네치킨,치킨,경기도,구리시,36.7116,D
official_current,현재 공식 가중치,ba_14691387,본죽&비빔밥 경주동국대병원점,본그룹,백반·죽·국수,경상북도,경주시,36.6921,D
official_current,현재 공식 가중치,ba_14692319,본죽&비빔밥 제주강정점,본그룹,백반·죽·국수,제주특별자치도,서귀포시,36.6877,D
official_current,현재 공식 가중치,ba_14853495,굽네치킨&피자 구리갈매점,굽네치킨,치킨,경기도,구리시,36.6820,D
official_current,현재 공식 가중치,ba_14690576,본죽&비빔밥 포항세명병원점,본그룹,백반·죽·국수,경상북도,포항시,36.6727,D
official_current,현재 공식 가중치,ba_14681358,굽네치킨 시흥능곡점,굽네치킨,치킨,경기도,시흥시,36.6747,D
official_current,현재 공식 가중치,ba_10840065,굽네치킨 천안백석점,굽네치킨,치킨,충청남도,천안시,36.6637,D
official_current,현재 공식 가중치,ba_14805037,굽네치킨&피자 광주퇴촌점,굽네치킨,치킨,경기도,광주시,36.6390,D
official_current,현재 공식 가중치,ba_14352930,굽네치킨 녹양점,굽네치킨,치킨,경기도,의정부시,36.6373,D
official_current,현재 공식 가중치,ba_14525748,굽네치킨 지산신장점,굽네치킨,치킨,경기도,평택시,36.6395,D
official_current,현재 공식 가중치,ba_14662584,굽네치킨&피자 광주퇴촌점,굽네치킨,치킨,경기도,광주시,36.6319,D
official_current,현재 공식 가중치,ba_14856977,굽네치킨&피자 용산점,굽네치킨,치킨,대구광역시,달서구,36.6296,D
official_current,현재 공식 가중치,ba_13311793,굽네치킨 연신내점,굽네치킨,치킨,서울특별시,은평구,36.6341,D
official_current,현재 공식 가중치,ba_14690658,본죽&비빔밥 포항이인지구점,본그룹,백반·죽·국수,경상북도,포항시,36.5797,D
official_current,현재 공식 가중치,ba_14810724,굽네치킨&피자 동대구해모로점,굽네치킨,치킨,대구광역시,동구,36.5695,D
official_current,현재 공식 가중치,ba_14481987,굽네치킨 마산점,굽네치킨,치킨,경기도,김포시,36.5504,D
official_current,현재 공식 가중치,ba_10767741,굽네치킨 후평점,굽네치킨,치킨,강원특별자치도,춘천시,36.5323,D
official_current,현재 공식 가중치,ba_12029686,굽네치킨 나주혁신도시1호점,굽네치킨,치킨,전라남도,나주시,36.5344,D
official_current,현재 공식 가중치,ba_14484108,굽네치킨 애막골후평점,굽네치킨,치킨,강원특별자치도,춘천시,36.5323,D
official_current,현재 공식 가중치,ba_14796881,굽네치킨 안산부곡점,굽네치킨,치킨,경기도,안산시,36.5214,D
official_current,현재 공식 가중치,ba_14768997,굽네치킨&피자 양벌점,굽네치킨,치킨,경기도,광주시,36.5204,D
official_current,현재 공식 가중치,ba_14629813,굽네치킨 용인모현점,굽네치킨,치킨,경기도,용인시,36.5143,D
official_current,현재 공식 가중치,ba_14692368,본죽&비빔밥 제주서귀포동홍점,본그룹,백반·죽·국수,제주특별자치도,서귀포시,36.4785,D
official_current,현재 공식 가중치,ba_13003575,굽네치킨&피자 여수관문점,굽네치킨,피자,전라남도,여수시,36.4798,D
official_current,현재 공식 가중치,ba_14759786,굽네치킨&피자 퇴계CGV점,굽네치킨,치킨,강원특별자치도,춘천시,36.4587,D
official_current,현재 공식 가중치,ba_13228939,본죽 산성역점,본그룹,백반·죽·국수,경기도,성남시,36.4547,D
official_current,현재 공식 가중치,ba_14692087,본죽&비빔밥 신제주점,본그룹,백반·죽·국수,제주특별자치도,제주시,36.4366,D
official_current,현재 공식 가중치,ba_14849575,굽네치킨 엄궁점,굽네치킨,치킨,부산광역시,사상구,36.4108,D
official_current,현재 공식 가중치,ba_13452835,굽네치킨 경남남해점,굽네치킨,치킨,경상남도,남해군,36.4120,D
official_current,현재 공식 가중치,ba_13574800,굽네치킨 대구신매점,굽네치킨,치킨,대구광역시,수성구,36.4146,D
official_current,현재 공식 가중치,ba_14691986,본죽&비빔밥 제주삼화점,본그룹,백반·죽·국수,제주특별자치도,제주시,36.4136,D
official_current,현재 공식 가중치,ba_14597165,굽네피자 역삼2동점,굽네치킨,피자,서울특별시,강남구,36.3997,D
official_current,현재 공식 가중치,ba_13348011,굽네치킨 하남신장점,굽네치킨,치킨,경기도,하남시,36.3931,D
official_current,현재 공식 가중치,ba_10620671,굽네치킨 광주백운점,굽네치킨,치킨,광주광역시,남구,36.3846,D
official_current,현재 공식 가중치,ba_14855934,굽네치킨 동대신점,굽네치킨,치킨,부산광역시,서구,36.3458,D
official_current,현재 공식 가중치,ba_14711140,본죽&비빔밥 제주삼화점,본그룹,백반·죽·국수,제주특별자치도,제주시,36.3446,D
official_current,현재 공식 가중치,ba_14711141,본죽&비빔밥 제주삼화점,본그룹,백반·죽·국수,제주특별자치도,제주시,36.3446,D
official_current,현재 공식 가중치,ba_14687497,본죽 대림점,본그룹,백반·죽·국수,서울특별시,동작구,36.3152,D
official_current,현재 공식 가중치,ba_14850510,굽네치킨 가야점,굽네치킨,치킨,부산광역시,부산진구,36.3054,D
official_current,현재 공식 가중치,ba_14691990,본죽&비빔밥 제주아라점,본그룹,백반·죽·국수,제주특별자치도,제주시,36.3060,D
official_current,현재 공식 가중치,ba_10499851,굽네치킨 대신점,굽네치킨,치킨,부산광역시,서구,36.2445,D
official_current,현재 공식 가중치,ba_14545829,굽네치킨 임학점,굽네치킨,치킨,인천광역시,계양구,36.1904,D
official_current,현재 공식 가중치,ba_12027186,굽네치킨&피자 청라1호점,굽네치킨,치킨,인천광역시,서구,36.1920,D
official_current,현재 공식 가중치,ba_14294656,굽네치킨 청천2동점,굽네치킨,치킨,인천광역시,부평구,36.1694,D
official_current,현재 공식 가중치,ba_13230824,본죽&비빔밥 가산테라타워점,본그룹,백반·죽·국수,서울특별시,금천구,36.1380,D
official_current,현재 공식 가중치,ba_14619205,굽네치킨&피자 신현원창점,굽네치킨,치킨,인천광역시,서구,36.1360,D
official_current,현재 공식 가중치,ba_13056957,굽네치킨 석남점,굽네치킨,치킨,인천광역시,서구,36.1357,D
official_current,현재 공식 가중치,ba_14730328,본죽&비빔밥 동탄꼬모점,본그룹,백반·죽·국수,경기도,화성시,35.9168,D
official_current,현재 공식 가중치,ba_14799661,본죽&비빔밥 의정부역점,본그룹,백반·죽·국수,경기도,의정부시,35.8809,D
official_current,현재 공식 가중치,ba_14688702,본죽&비빔밥 부천춘의점,본그룹,백반·죽·국수,경기도,부천시,35.7983,D
official_current,현재 공식 가중치,ba_13062668,굽네치킨 포항흥해점,굽네치킨,치킨,경상북도,포항시,35.8019,D
official_current,현재 공식 가중치,ba_14690672,본죽&비빔밥 김해율하점,본그룹,백반·죽·국수,경상남도,김해시,35.7437,D
official_current,현재 공식 가중치,ba_14689427,본죽&비빔밥 의정부금오점,본그룹,백반·죽·국수,경기도,의정부시,35.7297,D
official_current,현재 공식 가중치,ba_14692796,본죽&비빔밥 아산모종점,본그룹,백반·죽·국수,충청남도,아산시,35.6691,D
official_current,현재 공식 가중치,ba_14689906,본죽 인천간석사거리점,본그룹,백반·죽·국수,인천광역시,남동구,35.5875,D
official_current,현재 공식 가중치,ba_13972771,굽네피자 광주상무점,굽네치킨,피자,광주광역시,서구,35.5791,D
official_current,현재 공식 가중치,ba_14239270,굽네피자 대구이곡점,굽네치킨,피자,대구광역시,달서구,35.3076,D
official_current,현재 공식 가중치,ba_14726738,본죽&비빔밥 해운대센텀역점,본그룹,백반·죽·국수,부산광역시,해운대구,35.2794,D
official_current,현재 공식 가중치,ba_14456345,본죽&비빔밥 천안두정포레나점,본그룹,백반·죽·국수,충청남도,천안시,35.1838,D
official_current,현재 공식 가중치,ba_13236481,본죽&비빔밥 포항시외버스터미널점,본그룹,백반·죽·국수,경상북도,포항시,35.1476,D
official_current,현재 공식 가중치,ba_14691918,본죽&비빔밥 방학도깨비시장점,본그룹,백반·죽·국수,서울특별시,도봉구,35.1191,D
official_current,현재 공식 가중치,ba_14649303,굽네치킨 계룡대실점,굽네치킨,치킨,충청남도,계룡시,34.8586,D
official_current,현재 공식 가중치,ba_14691147,본죽&비빔밥 안동성소병원점,본그룹,백반·죽·국수,경상북도,안동시,34.8287,D
official_current,현재 공식 가중치,ba_14691078,본죽&비빔밥 통영항남점,본그룹,백반·죽·국수,경상남도,통영시,34.7803,D
official_current,현재 공식 가중치,ba_14392877,본죽&비빔밥 인천석바위점,본그룹,백반·죽·국수,인천광역시,미추홀구,34.7753,D
official_current,현재 공식 가중치,ba_14593800,굽네피자 광주오포점,굽네치킨,피자,경기도,광주시,34.7309,D
official_current,현재 공식 가중치,ba_14563145,굽네치킨 경주불국사점,굽네치킨,치킨,경상북도,경주시,34.7113,D
official_current,현재 공식 가중치,ba_14692434,본죽&비빔밥 천안백석푸르지오점,본그룹,백반·죽·국수,충청남도,천안시,34.5813,D
official_current,현재 공식 가중치,ba_14533127,본죽&비빔밥 위례창곡점,본그룹,백반·죽·국수,경기도,성남시,34.5632,D
official_current,현재 공식 가중치,ba_14754395,굽네치킨 구이점,굽네치킨,치킨,전북특별자치도,완주군,34.5466,D
official_current,현재 공식 가중치,ba_14506800,본죽&비빔밥 율전상률초점,본그룹,백반·죽·국수,경기도,수원시,34.5409,D
official_current,현재 공식 가중치,ba_14652311,굽네치킨&피자 강남세곡점,굽네치킨,치킨,서울특별시,강남구,34.5298,D
official_current,현재 공식 가중치,ba_14686856,본죽&비빔밥 부산만덕사거리점,본그룹,백반·죽·국수,부산광역시,북구,34.5078,D
official_current,현재 공식 가중치,ba_14691904,본죽&비빔밥 울산우정점,본그룹,백반·죽·국수,울산광역시,중구,34.4849,D
official_current,현재 공식 가중치,ba_14770149,본죽&비빔밥 동탄테크노밸리점,본그룹,백반·죽·국수,경기도,화성시,34.4499,D
official_current,현재 공식 가중치,ba_13972155,굽네피자 금호점,굽네치킨,피자,광주광역시,서구,34.3271,D
official_current,현재 공식 가중치,ba_13972595,굽네피자 나주혁신도시1호점,굽네치킨,피자,전라남도,나주시,34.3189,D
official_current,현재 공식 가중치,ba_13230793,본죽&비빔밥 구로디지털역점,본그룹,백반·죽·국수,서울특별시,구로구,34.3008,D
official_current,현재 공식 가중치,ba_14108842,굽네치킨 영암점,굽네치킨,치킨,전라남도,영암군,34.2671,D
official_current,현재 공식 가중치,ba_14274836,굽네피자 운천점,굽네치킨,피자,경기도,포천시,34.2681,D
official_current,현재 공식 가중치,ba_14690709,본죽&비빔밥 김해진영점,본그룹,백반·죽·국수,경상남도,김해시,34.1792,D
official_current,현재 공식 가중치,ba_14690909,본죽&비빔밥 마산회원동점,본그룹,백반·죽·국수,경상남도,창원시,34.1522,D
official_current,현재 공식 가중치,ba_13229960,본죽 창원소답점,본그룹,백반·죽·국수,경상남도,창원시,34.1510,D
official_current,현재 공식 가중치,ba_14742704,본죽&비빔밥 청주개신점,본그룹,백반·죽·국수,충청북도,청주시,34.0873,D
official_current,현재 공식 가중치,ba_14607412,굽네치킨&피자 거북섬점,굽네치킨,치킨,경기도,시흥시,33.9996,D
official_current,현재 공식 가중치,ba_14581501,본죽&비빔밥 동탄한림대병원점,본그룹,백반·죽·국수,경기도,화성시,33.9130,D
official_current,현재 공식 가중치,ba_13229184,본죽 대구산격점,본그룹,백반·죽·국수,대구광역시,북구,33.9049,D
official_current,현재 공식 가중치,ba_13977023,굽네피자 삼숭고읍점,굽네치킨,피자,경기도,양주시,33.8689,D
official_current,현재 공식 가중치,ba_13974075,굽네피자 인계점,굽네치킨,피자,경기도,수원시,33.8549,D
official_current,현재 공식 가중치,ba_14688115,본죽 산본사거리점,본그룹,백반·죽·국수,경기도,군포시,33.7393,D
official_current,현재 공식 가중치,ba_14688567,본죽&비빔밥 목동8단지점,본그룹,백반·죽·국수,서울특별시,양천구,33.7085,D
official_current,현재 공식 가중치,ba_13230502,본죽 화성봉담점,본그룹,백반·죽·국수,경기도,화성시,33.6908,D
official_current,현재 공식 가중치,ba_14397420,굽네치킨 진해장천점,굽네치킨,치킨,경상남도,창원시,33.5615,D
official_current,현재 공식 가중치,ba_13224833,본죽 명학역점,본그룹,백반·죽·국수,경기도,안양시,33.5234,D
official_current,현재 공식 가중치,ba_13233454,본죽 서산읍내동점,본그룹,백반·죽·국수,충청남도,서산시,33.4953,D
official_current,현재 공식 가중치,ba_14799660,본죽&비빔밥 의정부역점,본그룹,백반·죽·국수,경기도,의정부시,33.4462,D
official_current,현재 공식 가중치,ba_14690122,본죽&비빔밥 용인죽전사거리도담마을점,본그룹,백반·죽·국수,경기도,용인시,33.4488,D
official_current,현재 공식 가중치,ba_14629919,굽네피자 양지동점,굽네치킨,피자,경기도,성남시,33.3163,D
official_current,현재 공식 가중치,ba_13231050,본죽&비빔밥 안산고잔법원점,본그룹,백반·죽·국수,경기도,안산시,33.3098,D
official_current,현재 공식 가중치,ba_14687347,본죽&비빔밥 둔촌보훈병원점,본그룹,백반·죽·국수,서울특별시,강동구,33.2716,D
official_current,현재 공식 가중치,ba_13973349,굽네피자 온의퇴계점,굽네치킨,피자,강원특별자치도,춘천시,33.2252,D
official_current,현재 공식 가중치,ba_13969584,굽네피자 대구대현점,굽네치킨,피자,대구광역시,북구,33.1310,D
official_current,현재 공식 가중치,ba_14422337,본죽&비빔밥 고양덕은점,본그룹,백반·죽·국수,경기도,고양시,33.0750,D
official_current,현재 공식 가중치,ba_13234523,본죽&비빔밥 동탄목동점,본그룹,백반·죽·국수,경기도,화성시,33.0639,D
official_current,현재 공식 가중치,ba_14796355,본죽&비빔밥 남양주퇴계원점,본그룹,백반·죽·국수,경기도,남양주시,33.0038,D
official_current,현재 공식 가중치,ba_14691997,본죽&비빔밥 부산사상점,본그룹,백반·죽·국수,부산광역시,사상구,32.9761,D
official_current,현재 공식 가중치,ba_14691262,본죽&비빔밥 대구상인롯데점,본그룹,백반·죽·국수,대구광역시,달서구,32.8778,D
official_current,현재 공식 가중치,ba_14399330,본죽&비빔밥 대구상인롯데점,본그룹,백반·죽·국수,대구광역시,달서구,32.8747,D
official_current,현재 공식 가중치,ba_10583009,굽네치킨 광주용봉점,굽네치킨,치킨,광주광역시,북구,32.6938,D
official_current,현재 공식 가중치,ba_14801139,굽네치킨&피자 율하스타점,굽네치킨,치킨,경상남도,김해시,32.6887,D
official_current,현재 공식 가중치,ba_13228869,본죽&비빔밥 대전판암점,본그룹,백반·죽·국수,대전광역시,동구,32.6194,D
official_current,현재 공식 가중치,ba_14687134,본죽 만리점,본그룹,백반·죽·국수,서울특별시,중구,32.5451,D
official_current,현재 공식 가중치,ba_13260523,본죽＆비빔밥 평택포승점,본그룹,백반·죽·국수,경기도,평택시,32.5447,D
official_current,현재 공식 가중치,ba_14249441,굽네피자 부산하단점,굽네치킨,피자,부산광역시,사하구,32.4531,D
official_current,현재 공식 가중치,ba_14341228,굽네피자&치킨 고덕국제점,굽네치킨,피자,경기도,평택시,32.3859,D
official_current,현재 공식 가중치,ba_14703003,본죽 경남거제옥포점,본그룹,백반·죽·국수,경상남도,거제시,32.3855,D
official_current,현재 공식 가중치,ba_13223504,본죽&비빔밥 문정법조단지점,본그룹,백반·죽·국수,서울특별시,송파구,32.3345,D
official_current,현재 공식 가중치,ba_14400680,굽네치킨 영암삼호점,굽네치킨,치킨,전라남도,영암군,32.1812,D
official_current,현재 공식 가중치,ba_14691145,본죽&비빔밥 구미상모점,본그룹,백반·죽·국수,경상북도,구미시,32.1495,D
official_current,현재 공식 가중치,ba_14812426,본죽&비빔밥 대전선화점,본그룹,백반·죽·국수,대전광역시,중구,32.0645,D
official_current,현재 공식 가중치,ba_14812430,본죽&비빔밥 대전선화점,본그룹,백반·죽·국수,대전광역시,중구,32.0394,D
official_current,현재 공식 가중치,ba_14783436,본죽&비빔밥 마산합포오동점,본그룹,백반·죽·국수,경상남도,창원시,31.7852,D
official_current,현재 공식 가중치,ba_14762166,본죽&비빔밥 광주북구청점,본그룹,백반·죽·국수,광주광역시,북구,31.4364,D
official_current,현재 공식 가중치,ba_13233594,본죽 대구진천역점,본그룹,백반·죽·국수,대구광역시,달서구,31.4350,D
official_current,현재 공식 가중치,ba_10774794,굽네치킨&피자 회덕점,굽네치킨,치킨,경기도,광주시,31.1705,D
official_current,현재 공식 가중치,ba_13228978,본죽&비빔밥 인천연희연세병원점,본그룹,백반·죽·국수,인천광역시,서구,31.1209,D
official_current,현재 공식 가중치,ba_14702063,본죽&비빔밥 목동파라곤점,본그룹,백반·죽·국수,서울특별시,양천구,31.1026,D
official_current,현재 공식 가중치,ba_14831112,본죽&비빔밥 상봉역점,본그룹,백반·죽·국수,서울특별시,중랑구,31.0265,D
official_current,현재 공식 가중치,ba_14270903,굽네치킨&피자 원미점,굽네치킨,치킨,경기도,부천시,30.9842,D
official_current,현재 공식 가중치,ba_14841573,본죽&비빔밥 왕십리점,본그룹,백반·죽·국수,서울특별시,성동구,30.8639,D
official_current,현재 공식 가중치,ba_14688709,본죽&비빔밥 부천순천향병원앞점,본그룹,백반·죽·국수,경기도,부천시,30.8636,D
official_current,현재 공식 가중치,ba_14831111,본죽&비빔밥 상봉역점,본그룹,백반·죽·국수,서울특별시,중랑구,30.7809,D
official_current,현재 공식 가중치,ba_14841574,본죽&비빔밥 왕십리점,본그룹,백반·죽·국수,서울특별시,성동구,30.7563,D
official_current,현재 공식 가중치,ba_13251048,본죽&비빔밥 울산송정점,본그룹,백반·죽·국수,울산광역시,북구,30.4451,D
official_current,현재 공식 가중치,ba_13207953,본죽&비빔밥 자양동점,본그룹,백반·죽·국수,서울특별시,광진구,30.3589,D
official_current,현재 공식 가중치,ba_14692056,본죽&비빔밥 자양동점,본그룹,백반·죽·국수,서울특별시,광진구,30.3589,D
official_current,현재 공식 가중치,ba_14826413,본죽&비빔밥 대림성모점,본그룹,백반·죽·국수,서울특별시,동작구,30.3506,D
official_current,현재 공식 가중치,ba_14828692,본죽&비빔밥 대림성모점,본그룹,백반·죽·국수,서울특별시,동작구,30.3506,D
official_current,현재 공식 가중치,ba_13227070,본죽&비빔밥 부산신호점,본그룹,백반·죽·국수,부산광역시,강서구,30.2620,D
official_current,현재 공식 가중치,ba_14691798,본죽&비빔밥 울산송정점,본그룹,백반·죽·국수,울산광역시,북구,30.1465,D
official_current,현재 공식 가중치,ba_10698232,굽네치킨&피자 연경점,굽네치킨,치킨,대구광역시,동구,30.0756,D
official_current,현재 공식 가중치,ba_14798893,본죽&비빔밥 남양주퇴계원점,본그룹,백반·죽·국수,경기도,남양주시,30.0733,D
official_current,현재 공식 가중치,ba_14691237,본죽 대구황금동점,본그룹,백반·죽·국수,대구광역시,수성구,29.9812,D
official_current,현재 공식 가중치,ba_14780432,본죽&비빔밥 경기광주태전힐스테이트점,본그룹,백반·죽·국수,경기도,광주시,29.9509,D
official_current,현재 공식 가중치,ba_14754965,본죽&비빔밥 평택시청점,본그룹,백반·죽·국수,경기도,평택시,29.9377,D
official_current,현재 공식 가중치,ba_14049107,굽네치킨&피자 송도신도시점,굽네치킨,치킨,인천광역시,연수구,29.6678,D
official_current,현재 공식 가중치,ba_14248050,굽네치킨&피자 은행선화점,굽네치킨,치킨,대전광역시,중구,29.6612,D
official_current,현재 공식 가중치,ba_14691864,본죽&비빔밥 부산신호점,본그룹,백반·죽·국수,부산광역시,강서구,29.5459,D
official_current,현재 공식 가중치,ba_14528476,본죽&비빔밥 인천박촌역점,본그룹,백반·죽·국수,인천광역시,계양구,29.4912,D
official_current,현재 공식 가중치,ba_14690560,본죽 창원경상대학교병원점,본그룹,백반·죽·국수,경상남도,창원시,29.4085,D
official_current,현재 공식 가중치,ba_14262149,본죽&비빔밥 용인둔전점,본그룹,백반·죽·국수,경기도,용인시,29.2705,D
official_current,현재 공식 가중치,ba_14691105,본죽&비빔밥 대전하기동점,본그룹,백반·죽·국수,대전광역시,유성구,29.2220,D
official_current,현재 공식 가중치,ba_13292835,본죽&비빔밥 대전하기동점,본그룹,백반·죽·국수,대전광역시,유성구,29.2220,D
official_current,현재 공식 가중치,ba_13182129,본죽 천안순천향병원점,본그룹,백반·죽·국수,충청남도,천안시,29.2027,D
official_current,현재 공식 가중치,ba_14812126,본죽&비빔밥 가평설악점,본그룹,백반·죽·국수,경기도,가평군,29.0690,D
official_current,현재 공식 가중치,ba_13182018,본죽&비빔밥 순천중앙점,본그룹,백반·죽·국수,전라남도,순천시,28.9221,D
official_current,현재 공식 가중치,ba_14690836,본죽&비빔밥 마산내서점,본그룹,백반·죽·국수,경상남도,창원시,28.8224,D
official_current,현재 공식 가중치,ba_14781731,본죽&비빔밥 하남시청점,본그룹,백반·죽·국수,경기도,하남시,28.7628,D
official_current,현재 공식 가중치,ba_14691122,본죽 부산기장점,본그룹,백반·죽·국수,부산광역시,기장군,28.7407,D
official_current,현재 공식 가중치,ba_14691311,본죽 경북왜관점,본그룹,백반·죽·국수,경상북도,칠곡군,28.6354,D
official_current,현재 공식 가중치,ba_14689893,본죽 양산통도사점,본그룹,백반·죽·국수,경상남도,양산시,28.5705,D
official_current,현재 공식 가중치,ba_14775582,본죽&비빔밥 시흥배곧한라점,본그룹,백반·죽·국수,경기도,시흥시,28.5531,D
official_current,현재 공식 가중치,ba_14818313,본죽&비빔밥 대전복수점,본그룹,백반·죽·국수,대전광역시,서구,28.4745,D
official_current,현재 공식 가중치,ba_14818314,본죽&비빔밥 대전복수점,본그룹,백반·죽·국수,대전광역시,서구,28.4730,D
official_current,현재 공식 가중치,ba_13976616,굽네피자 여수관문점,굽네치킨,피자,전라남도,여수시,28.4478,D
official_current,현재 공식 가중치,ba_14691048,본죽&비빔밥 진해자은점,본그룹,백반·죽·국수,경상남도,창원시,28.4224,D
official_current,현재 공식 가중치,ba_14801362,본죽&비빔밥 청주지웰시티점,본그룹,백반·죽·국수,충청북도,청주시,28.3878,D
official_current,현재 공식 가중치,ba_14798894,본죽&비빔밥 남양주퇴계원점,본그룹,백반·죽·국수,경기도,남양주시,28.2986,D
official_current,현재 공식 가중치,ba_14692092,본죽&비빔밥 제주외도점,본그룹,백반·죽·국수,제주특별자치도,제주시,28.2575,D
official_current,현재 공식 가중치,ba_14689760,본죽&비빔밥 송도퍼스트파크점,본그룹,백반·죽·국수,인천광역시,연수구,28.2025,D
official_current,현재 공식 가중치,ba_13223141,본죽 일산탄현점,본그룹,백반·죽·국수,경기도,고양시,28.1938,D
official_current,현재 공식 가중치,ba_13234101,본죽&비빔밥 세종첫마을점,본그룹,백반·죽·국수,세종특별자치시,노을3로,28.1080,D
official_current,현재 공식 가중치,ba_14687493,본죽&비빔밥 상암DMC점,본그룹,백반·죽·국수,서울특별시,마포구,27.8830,D
official_current,현재 공식 가중치,ba_14728291,본죽 논산점,본그룹,백반·죽·국수,충청남도,논산시,27.8226,D
official_current,현재 공식 가중치,ba_14580787,본죽&비빔밥 광주운암벽산점,본그룹,백반·죽·국수,광주광역시,북구,27.7674,D
official_current,현재 공식 가중치,ba_13229560,본죽 양천구청점,본그룹,백반·죽·국수,서울특별시,양천구,27.6092,D
official_current,현재 공식 가중치,ba_10418082,굽네치킨 여수관문점,굽네치킨,치킨,전라남도,여수시,27.5901,D
official_current,현재 공식 가중치,ba_14688345,본죽 수원화서위브하늘채점,본그룹,백반·죽·국수,경기도,수원시,27.5552,D
official_current,현재 공식 가중치,ba_13237293,본죽 의왕오전점,본그룹,백반·죽·국수,경기도,의왕시,27.5132,D
official_current,현재 공식 가중치,ba_14675393,굽네치킨 적성점,굽네치킨,치킨,경기도,파주시,27.4242,D
official_current,현재 공식 가중치,ba_13181699,본죽 김포양곡점,본그룹,백반·죽·국수,경기도,김포시,27.3154,D
official_current,현재 공식 가중치,ba_14687076,본죽 양천구청점,본그룹,백반·죽·국수,서울특별시,양천구,26.8903,D
official_current,현재 공식 가중치,ba_14775022,본죽&비빔밥 광혜원점,본그룹,백반·죽·국수,충청북도,진천군,26.6315,D
official_current,현재 공식 가중치,ba_14688075,본죽 일산탄현점,본그룹,백반·죽·국수,경기도,고양시,26.5428,D
official_current,현재 공식 가중치,ba_13233581,본죽&비빔밥 진주혁신중앙점,본그룹,백반·죽·국수,경상남도,진주시,26.4910,D
official_current,현재 공식 가중치,ba_13969607,굽네피자 봉곡사림점,굽네치킨,피자,경상남도,창원시,26.0313,D
official_current,현재 공식 가중치,ba_14692035,본죽&비빔밥 여수미평점,본그룹,백반·죽·국수,전라남도,여수시,25.8211,D
official_current,현재 공식 가중치,ba_14786815,본죽&비빔밥 부산남천동점,본그룹,백반·죽·국수,부산광역시,수영구,25.7557,D
official_current,현재 공식 가중치,ba_13722581,본죽&비빔밥 의왕고천점,본그룹,백반·죽·국수,경기도,의왕시,25.3841,D
official_current,현재 공식 가중치,ba_14294026,굽네치킨&피자 신안중흥점,굽네치킨,치킨,광주광역시,북구,25.3004,D
official_current,현재 공식 가중치,ba_14582508,본죽 안산월피동점,본그룹,백반·죽·국수,경기도,안산시,25.2709,D
official_current,현재 공식 가중치,ba_13235318,본죽&비빔밥 상암DMC점,본그룹,백반·죽·국수,서울특별시,마포구,24.9339,D
official_current,현재 공식 가중치,ba_13550240,본죽&비빔밥 청주오창2지구점,본그룹,백반·죽·국수,충청북도,청주시,24.8168,D
official_current,현재 공식 가중치,ba_13225754,본죽&비빔밥 일산라페스타점,본그룹,백반·죽·국수,경기도,고양시,24.6421,D
official_current,현재 공식 가중치,ba_14689024,본죽&비빔밥 김포장기초당마을점,본그룹,백반·죽·국수,경기도,김포시,24.6012,D
official_current,현재 공식 가중치,ba_14778684,본죽&비빔밥 대구대천점,본그룹,백반·죽·국수,대구광역시,달서구,24.5734,D
official_current,현재 공식 가중치,ba_14689416,본죽&비빔밥 수원호매실화홍병원점,본그룹,백반·죽·국수,경기도,수원시,24.1727,D
official_current,현재 공식 가중치,ba_14793023,본죽&비빔밥 장호원점,본그룹,백반·죽·국수,경기도,이천시,24.1292,D
official_current,현재 공식 가중치,ba_14688716,본죽&비빔밥 일산식사점,본그룹,백반·죽·국수,경기도,고양시,23.8487,D
official_current,현재 공식 가중치,ba_13228647,본죽 대전용운점,본그룹,백반·죽·국수,대전광역시,동구,23.6787,D
official_current,현재 공식 가중치,ba_14691272,본죽 대전비래점,본그룹,백반·죽·국수,대전광역시,대덕구,23.6457,D
official_current,현재 공식 가중치,ba_14691817,본죽 부산장림점,본그룹,백반·죽·국수,부산광역시,사하구,23.6149,D
official_current,현재 공식 가중치,ba_13225939,본죽 경남거제옥포점,본그룹,백반·죽·국수,경상남도,거제시,23.0275,D
official_current,현재 공식 가중치,ba_14702120,본죽&비빔밥 천안풍세점,본그룹,백반·죽·국수,충청남도,천안시,23.0032,D
official_current,현재 공식 가중치,ba_14689401,본죽&비빔밥 수원호매실역점,본그룹,백반·죽·국수,경기도,수원시,22.4809,D
official_current,현재 공식 가중치,ba_14688879,본죽 수원대점,본그룹,백반·죽·국수,경기도,화성시,22.3868,D
official_current,현재 공식 가중치,ba_14456827,본죽&비빔밥 인천동암더샵점,본그룹,백반·죽·국수,인천광역시,부평구,22.3602,D
official_current,현재 공식 가중치,ba_14691834,본죽 부산고신대병원점,본그룹,백반·죽·국수,부산광역시,서구,22.1333,D
official_current,현재 공식 가중치,ba_14692077,본죽&비빔밥 진주혁신중앙점,본그룹,백반·죽·국수,경상남도,진주시,22.0903,D
official_current,현재 공식 가중치,ba_14726741,본죽&비빔밥 대구방촌해안역점,본그룹,백반·죽·국수,대구광역시,동구,21.9148,D
official_current,현재 공식 가중치,ba_14688483,본죽 동수원점,본그룹,백반·죽·국수,경기도,수원시,21.8683,D
official_current,현재 공식 가중치,ba_13226546,본죽&비빔밥 부산대학병원점,본그룹,백반·죽·국수,부산광역시,서구,21.8094,D
official_current,현재 공식 가중치,ba_14692291,본죽 청주하복대점,본그룹,백반·죽·국수,충청북도,청주시,21.5213,D
official_current,현재 공식 가중치,ba_14688192,본죽 성남신흥동점,본그룹,백반·죽·국수,경기도,성남시,21.4377,D
official_current,현재 공식 가중치,ba_13651212,본죽&비빔밥 광주금호점,본그룹,백반·죽·국수,광주광역시,서구,21.2583,D
official_current,현재 공식 가중치,ba_13186079,본죽 오산궐동점,본그룹,백반·죽·국수,경기도,오산시,21.2407,D
official_current,현재 공식 가중치,ba_14795563,본죽&비빔밥 잠원역점,본그룹,백반·죽·국수,서울특별시,서초구,21.0449,D
official_current,현재 공식 가중치,ba_13226670,본죽 부산영도점,본그룹,백반·죽·국수,부산광역시,영도구,20.7962,D
official_current,현재 공식 가중치,ba_13199208,본죽 울주덕신점,본그룹,백반·죽·국수,울산광역시,울주군,20.5744,D
official_current,현재 공식 가중치,ba_14692383,본죽&비빔밥 울산신정시장점,본그룹,백반·죽·국수,울산광역시,남구,20.3481,D
official_current,현재 공식 가중치,ba_14435298,본죽&비빔밥 인천부평나누리병원점,본그룹,백반·죽·국수,인천광역시,부평구,20.3442,D
official_current,현재 공식 가중치,ba_14273436,본죽&비빔밥 거제고현점,본그룹,백반·죽·국수,경상남도,거제시,20.3228,D
official_current,현재 공식 가중치,ba_14693289,본죽&비빔밥 천안쌍용3동점,본그룹,백반·죽·국수,충청남도,천안시,20.2271,D
official_current,현재 공식 가중치,ba_14488495,본죽&비빔밥 역촌점,본그룹,백반·죽·국수,서울특별시,은평구,20.1951,D
official_current,현재 공식 가중치,ba_14691891,본죽&비빔밥 울산성안점,본그룹,백반·죽·국수,울산광역시,중구,20.0934,D
official_current,현재 공식 가중치,ba_14688905,본죽&비빔밥 고양원당점,본그룹,백반·죽·국수,경기도,고양시,19.7307,D
official_current,현재 공식 가중치,ba_14691815,본죽 부산다대점,본그룹,백반·죽·국수,부산광역시,사하구,19.7066,D
official_current,현재 공식 가중치,ba_14470771,본죽&비빔밥 부산동대신역점,본그룹,백반·죽·국수,부산광역시,서구,19.2587,D
official_current,현재 공식 가중치,ba_14688571,본죽 안산선부점,본그룹,백반·죽·국수,경기도,안산시,19.2001,D
official_current,현재 공식 가중치,ba_13229858,본죽 창원반송점,본그룹,백반·죽·국수,경상남도,창원시,18.3211,D
official_current,현재 공식 가중치,ba_14689846,본죽&비빔밥 동탄영천점,본그룹,백반·죽·국수,경기도,화성시,17.8068,D
official_current,현재 공식 가중치,ba_14691861,본죽&비빔밥 울산역금아드림점,본그룹,백반·죽·국수,울산광역시,울주군,17.2067,D
official_current,현재 공식 가중치,ba_14277930,본죽&비빔밥 동탄청계점,본그룹,백반·죽·국수,경기도,화성시,17.0535,D
official_current,현재 공식 가중치,ba_13227659,본죽&비빔밥 부산괴정점,본그룹,백반·죽·국수,부산광역시,사하구,16.9858,D
official_current,현재 공식 가중치,ba_13228874,본죽&비빔밥 청주성안길점,본그룹,백반·죽·국수,충청북도,청주시,15.6185,D
official_current,현재 공식 가중치,ba_13181719,본죽&비빔밥 칠곡석적점,본그룹,백반·죽·국수,경상북도,칠곡군,15.5729,D
official_current,현재 공식 가중치,ba_14694287,본죽&비빔밥 인사동점,본그룹,백반·죽·국수,서울특별시,종로구,15.3157,D
growth_probability_focus,성장확률 강화,ba_13248384,본죽&비빔밥 구리인창점,본그룹,백반·죽·국수,경기도,구리시,97.8673,A
growth_probability_focus,성장확률 강화,ba_14689004,본죽&비빔밥 산본학원가점,본그룹,백반·죽·국수,경기도,군포시,91.9244,A
growth_probability_focus,성장확률 강화,ba_14694390,본죽&비빔밥 평택시청점,본그룹,백반·죽·국수,경기도,평택시,91.9218,A
growth_probability_focus,성장확률 강화,ba_14756888,본죽&비빔밥 창원대원점,본그룹,백반·죽·국수,경상남도,창원시,91.1382,A
growth_probability_focus,성장확률 강화,ba_14692155,본죽&비빔밥 해운대백병원점,본그룹,백반·죽·국수,부산광역시,해운대구,91.2317,A
growth_probability_focus,성장확률 강화,ba_14692232,본죽 아산용화점,본그룹,백반·죽·국수,충청남도,아산시,90.6444,A
growth_probability_focus,성장확률 강화,ba_14692455,본죽&비빔밥 천안신불당북부점,본그룹,백반·죽·국수,충청남도,천안시,90.8391,A
growth_probability_focus,성장확률 강화,ba_14688738,본죽&비빔밥 분당롯데점,본그룹,백반·죽·국수,경기도,성남시,89.5139,A
growth_probability_focus,성장확률 강화,ba_13470236,본죽&비빔밥 신제주점,본그룹,백반·죽·국수,제주특별자치도,제주시,87.7820,A
growth_probability_focus,성장확률 강화,ba_13223654,본죽&비빔밥 고양행신역점,본그룹,백반·죽·국수,경기도,고양시,88.6013,A
growth_probability_focus,성장확률 강화,ba_14462203,본죽&비빔밥 동대구시장점,본그룹,백반·죽·국수,대구광역시,동구,88.3559,A
growth_probability_focus,성장확률 강화,ba_13219951,본죽&비빔밥 순천연향점,본그룹,백반·죽·국수,전라남도,순천시,88.2994,A
growth_probability_focus,성장확률 강화,ba_14690680,본죽&비빔밥 김해율하2지구점,본그룹,백반·죽·국수,경상남도,김해시,89.9071,A
growth_probability_focus,성장확률 강화,ba_14691080,본죽&비빔밥 대전유성온천역점,본그룹,백반·죽·국수,대전광역시,유성구,89.9676,A
growth_probability_focus,성장확률 강화,ba_14690155,본죽&비빔밥 김포걸포점,본그룹,백반·죽·국수,경기도,김포시,88.5901,A
growth_probability_focus,성장확률 강화,ba_14691093,본죽&비빔밥 대전노은점,본그룹,백반·죽·국수,대전광역시,유성구,89.5652,A
growth_probability_focus,성장확률 강화,ba_14691989,본죽&비빔밥 여천신동아점,본그룹,백반·죽·국수,전라남도,여수시,89.3081,A
growth_probability_focus,성장확률 강화,ba_14689003,본죽&비빔밥 구리인창점,본그룹,백반·죽·국수,경기도,구리시,88.5903,A
growth_probability_focus,성장확률 강화,ba_14689953,본죽&비빔밥 양주고읍점,본그룹,백반·죽·국수,경기도,양주시,88.5912,A
growth_probability_focus,성장확률 강화,ba_14766686,굽네치킨 운정2호점,굽네치킨,피자,경기도,파주시,88.0748,A
growth_probability_focus,성장확률 강화,ba_14690630,본죽&비빔밥 포항창포점,본그룹,백반·죽·국수,경상북도,포항시,88.0958,A
growth_probability_focus,성장확률 강화,ba_14746052,본죽&비빔밥 포항두호점,본그룹,백반·죽·국수,경상북도,포항시,88.3041,A
growth_probability_focus,성장확률 강화,ba_14690722,본죽&비빔밥 광주월곡점,본그룹,백반·죽·국수,광주광역시,광산구,87.3263,A
growth_probability_focus,성장확률 강화,ba_14691298,본죽&비빔밥 대전전민동점,본그룹,백반·죽·국수,대전광역시,유성구,87.7006,A
growth_probability_focus,성장확률 강화,ba_14758255,굽네치킨&피자 대구송현점,굽네치킨,치킨,대구광역시,달서구,84.9561,A
growth_probability_focus,성장확률 강화,ba_14691001,본죽&비빔밥 광주연제점,본그룹,백반·죽·국수,광주광역시,북구,85.7584,A
growth_probability_focus,성장확률 강화,ba_14356032,본죽&비빔밥 양평용문점,본그룹,백반·죽·국수,경기도,양평군,85.6186,A
growth_probability_focus,성장확률 강화,ba_14692116,본죽&비빔밥 부산수영점,본그룹,백반·죽·국수,부산광역시,수영구,87.2369,A
growth_probability_focus,성장확률 강화,ba_14691999,본죽&비빔밥 부산동래점,본그룹,백반·죽·국수,부산광역시,동래구,86.5678,A
growth_probability_focus,성장확률 강화,ba_14690712,본죽&비빔밥 광주운남점,본그룹,백반·죽·국수,광주광역시,광산구,86.8325,A
growth_probability_focus,성장확률 강화,ba_14690983,본죽&비빔밥 대전송촌점,본그룹,백반·죽·국수,대전광역시,대덕구,86.7301,A
growth_probability_focus,성장확률 강화,ba_13228675,본죽&비빔밥 대전전민동점,본그룹,백반·죽·국수,대전광역시,유성구,85.1287,A
growth_probability_focus,성장확률 강화,ba_14688100,본죽 구리수택점,본그룹,백반·죽·국수,경기도,구리시,86.8196,A
growth_probability_focus,성장확률 강화,ba_14690689,본죽&비빔밥 광주신창점,본그룹,백반·죽·국수,광주광역시,광산구,86.4695,A
growth_probability_focus,성장확률 강화,ba_13231481,본죽&비빔밥 광명소하지구점,본그룹,백반·죽·국수,경기도,광명시,84.5693,A
growth_probability_focus,성장확률 강화,ba_14757543,굽네치킨&피자 동두천중앙점,굽네치킨,치킨,경기도,동두천시,83.1162,A
growth_probability_focus,성장확률 강화,ba_13231157,본죽 수원인계점,본그룹,백반·죽·국수,경기도,수원시,84.1641,A
growth_probability_focus,성장확률 강화,ba_14691062,본죽&비빔밥 광주염주화정점,본그룹,백반·죽·국수,광주광역시,서구,86.3885,A
growth_probability_focus,성장확률 강화,ba_13683573,본죽&비빔밥 제주아라점,본그룹,백반·죽·국수,제주특별자치도,제주시,86.2122,A
growth_probability_focus,성장확률 강화,ba_14335138,굽네치킨&피자 대전비래가양점,굽네치킨,치킨,대전광역시,동구,81.0326,A
growth_probability_focus,성장확률 강화,ba_14691173,본죽&비빔밥 대구복현동점,본그룹,백반·죽·국수,대구광역시,북구,84.3782,A
growth_probability_focus,성장확률 강화,ba_14692242,본죽&비빔밥 천안쌍용이마트점,본그룹,백반·죽·국수,충청남도,천안시,85.7352,A
growth_probability_focus,성장확률 강화,ba_13235500,본죽 의정부회룡역점,본그룹,백반·죽·국수,경기도,의정부시,83.5605,A
growth_probability_focus,성장확률 강화,ba_14691120,본죽&비빔밥 대구북구청점,본그룹,백반·죽·국수,대구광역시,북구,83.9765,A
growth_probability_focus,성장확률 강화,ba_14743732,본죽&비빔밥 인천오류왕길점,본그룹,백반·죽·국수,인천광역시,서구,83.9218,A
growth_probability_focus,성장확률 강화,ba_14688602,본죽&비빔밥 남양주덕소점,본그룹,백반·죽·국수,경기도,남양주시,85.4955,A
growth_probability_focus,성장확률 강화,ba_14689448,본죽&비빔밥 이천점,본그룹,백반·죽·국수,경기도,이천시,86.2484,A
growth_probability_focus,성장확률 강화,ba_14689809,본죽&비빔밥 안성당왕점,본그룹,백반·죽·국수,경기도,안성시,85.7499,A
growth_probability_focus,성장확률 강화,ba_14690057,본죽앤비빔밥 인천검단점,본그룹,백반·죽·국수,인천광역시,서구,85.6116,A
growth_probability_focus,성장확률 강화,ba_14742705,본죽&비빔밥 청주개신점,본그룹,백반·죽·국수,충청북도,청주시,84.9948,A
growth_probability_focus,성장확률 강화,ba_14691909,본죽&비빔밥 부산정관모전점,본그룹,백반·죽·국수,부산광역시,기장군,84.5307,A
growth_probability_focus,성장확률 강화,ba_13235557,본죽 도봉동점,본그룹,백반·죽·국수,서울특별시,도봉구,84.0087,A
growth_probability_focus,성장확률 강화,ba_14690587,본죽&비빔밥 포항법원점,본그룹,백반·죽·국수,경상북도,포항시,85.8578,A
growth_probability_focus,성장확률 강화,ba_14689382,본죽&비빔밥 수원권선시장점,본그룹,백반·죽·국수,경기도,수원시,85.3734,A
growth_probability_focus,성장확률 강화,ba_14757711,굽네치킨&피자 칠금문화점,굽네치킨,치킨,충청북도,충주시,81.3882,A
growth_probability_focus,성장확률 강화,ba_14692118,본죽&비빔밥 여수소호점,본그룹,백반·죽·국수,전라남도,여수시,84.1576,A
growth_probability_focus,성장확률 강화,ba_14727030,본죽&비빔밥 부산명장역점,본그룹,백반·죽·국수,부산광역시,동래구,84.5801,A
growth_probability_focus,성장확률 강화,ba_14692258,본죽 천안쌍용1동점,본그룹,백반·죽·국수,충청남도,천안시,84.5187,A
growth_probability_focus,성장확률 강화,ba_14688557,본죽 보정동단국대점,본그룹,백반·죽·국수,경기도,용인시,84.1120,A
growth_probability_focus,성장확률 강화,ba_14689904,본죽&비빔밥 안양호계포도원점,본그룹,백반·죽·국수,경기도,안양시,84.1425,A
growth_probability_focus,성장확률 강화,ba_14689854,본죽&비빔밥 인천간석홈플러스앞점,본그룹,백반·죽·국수,인천광역시,남동구,84.5457,A
growth_probability_focus,성장확률 강화,ba_14689573,본죽&비빔밥 시흥목감역점,본그룹,백반·죽·국수,경기도,시흥시,84.8106,A
growth_probability_focus,성장확률 강화,ba_14689645,본죽&비빔밥 병점복합타운점,본그룹,백반·죽·국수,경기도,화성시,84.4069,A
growth_probability_focus,성장확률 강화,ba_14689875,본죽 양산물금증산점,본그룹,백반·죽·국수,경상남도,양산시,84.8142,A
growth_probability_focus,성장확률 강화,ba_14687344,본죽&비빔밥 쌍문점,본그룹,백반·죽·국수,서울특별시,도봉구,82.3934,A
growth_probability_focus,성장확률 강화,ba_14459736,굽네치킨,굽네치킨,치킨,경기도,남양주시,79.5571,B
growth_probability_focus,성장확률 강화,ba_13222170,본죽&비빔밥 전북김제점,본그룹,백반·죽·국수,전북특별자치도,김제시,84.2888,A
growth_probability_focus,성장확률 강화,ba_14689886,본죽&비빔밥 안양호계사거리점,본그룹,백반·죽·국수,경기도,안양시,83.4957,A
growth_probability_focus,성장확률 강화,ba_14688860,본죽&비빔밥 수색DMC점,본그룹,백반·죽·국수,서울특별시,은평구,82.1174,A
growth_probability_focus,성장확률 강화,ba_14689766,본죽&비빔밥 인천신포동점,본그룹,백반·죽·국수,인천광역시,중구,83.5251,A
growth_probability_focus,성장확률 강화,ba_14690110,본죽&비빔밥 신봉초교점,본그룹,백반·죽·국수,경기도,용인시,83.2788,A
growth_probability_focus,성장확률 강화,ba_14688094,본죽 군포지샘병원점,본그룹,백반·죽·국수,경기도,군포시,83.4752,A
growth_probability_focus,성장확률 강화,ba_14694148,본죽 통영점,본그룹,백반·죽·국수,경상남도,통영시,83.8205,A
growth_probability_focus,성장확률 강화,ba_14689481,본죽&비빔밥 파주운정해오름점,본그룹,백반·죽·국수,경기도,파주시,83.6274,A
growth_probability_focus,성장확률 강화,ba_14691958,본죽&비빔밥 부산내성교차로점,본그룹,백반·죽·국수,부산광역시,동래구,82.7134,A
growth_probability_focus,성장확률 강화,ba_14691112,본죽 대구방촌점,본그룹,백반·죽·국수,대구광역시,동구,82.4356,A
growth_probability_focus,성장확률 강화,ba_14692165,본죽 세종아름점,본그룹,백반·죽·국수,세종특별자치시,보듬3로,83.0372,A
growth_probability_focus,성장확률 강화,ba_14692275,본죽&비빔밥 전주객사점,본그룹,백반·죽·국수,전북특별자치도,전주시,83.0415,A
growth_probability_focus,성장확률 강화,ba_14690002,본죽 송도센트럴파크점,본그룹,백반·죽·국수,인천광역시,연수구,83.3372,A
growth_probability_focus,성장확률 강화,ba_13233115,본죽&비빔밥 대구복현동점,본그룹,백반·죽·국수,대구광역시,북구,80.3036,A
growth_probability_focus,성장확률 강화,ba_14690034,본죽&비빔밥 인천검암점,본그룹,백반·죽·국수,인천광역시,서구,80.6638,A
growth_probability_focus,성장확률 강화,ba_14689611,본죽&비빔밥 시흥장곡점,본그룹,백반·죽·국수,경기도,시흥시,83.2352,A
growth_probability_focus,성장확률 강화,ba_14691077,본죽&비빔밥 대구파티마병원점,본그룹,백반·죽·국수,대구광역시,동구,81.4707,A
growth_probability_focus,성장확률 강화,ba_14689115,본죽&비빔밥 양주덕정점,본그룹,백반·죽·국수,경기도,양주시,81.9701,A
growth_probability_focus,성장확률 강화,ba_14273972,본죽&비빔밥 단양점,본그룹,백반·죽·국수,충청북도,단양군,81.0452,A
growth_probability_focus,성장확률 강화,ba_14691106,본죽&비빔밥 대구동구청점,본그룹,백반·죽·국수,대구광역시,동구,82.0678,A
growth_probability_focus,성장확률 강화,ba_14690723,본죽&비빔밥 광주첨단월계점,본그룹,백반·죽·국수,광주광역시,광산구,81.8061,A
growth_probability_focus,성장확률 강화,ba_14688114,본죽&비빔밥 신촌점,본그룹,백반·죽·국수,서울특별시,서대문구,80.2988,A
growth_probability_focus,성장확률 강화,ba_14448826,본죽&비빔밥 인천검단신도시점,본그룹,백반·죽·국수,인천광역시,서구,79.6742,B
growth_probability_focus,성장확률 강화,ba_14647668,본죽&비빔밥 인천간석홈플러스앞점,본그룹,백반·죽·국수,인천광역시,남동구,78.7808,B
growth_probability_focus,성장확률 강화,ba_14691857,본죽&비빔밥 부산명지국제중앙점,본그룹,백반·죽·국수,부산광역시,강서구,82.2510,A
growth_probability_focus,성장확률 강화,ba_14689890,본죽&비빔밥 구월아시아드점,본그룹,백반·죽·국수,인천광역시,남동구,80.9397,A
growth_probability_focus,성장확률 강화,ba_14732026,굽네치킨 부산전포점,굽네치킨,치킨,부산광역시,부산진구,81.1312,A
growth_probability_focus,성장확률 강화,ba_14691965,본죽&비빔밥 나주혁신호수공원점,본그룹,백반·죽·국수,전라남도,나주시,81.9372,A
growth_probability_focus,성장확률 강화,ba_13199394,본죽&비빔밥 울산야음점,본그룹,백반·죽·국수,울산광역시,남구,80.6008,A
growth_probability_focus,성장확률 강화,ba_14691209,본죽&비빔밥 대구두산점,본그룹,백반·죽·국수,대구광역시,수성구,81.7394,A
growth_probability_focus,성장확률 강화,ba_14689734,본죽&비빔밥 송도신도시점,본그룹,백반·죽·국수,인천광역시,연수구,81.7576,A
growth_probability_focus,성장확률 강화,ba_14687166,본죽&비빔밥 등촌공항대로점,본그룹,백반·죽·국수,서울특별시,강서구,78.7687,B
growth_probability_focus,성장확률 강화,ba_14689614,본죽&비빔밥 시흥시화점,본그룹,백반·죽·국수,경기도,시흥시,81.5920,A
growth_probability_focus,성장확률 강화,ba_14739745,굽네치킨 감정점,굽네치킨,치킨,경기도,김포시,79.4546,B
growth_probability_focus,성장확률 강화,ba_14690992,본죽&비빔밥 대전신탄점,본그룹,백반·죽·국수,대전광역시,대덕구,80.9288,A
growth_probability_focus,성장확률 강화,ba_13223520,본죽 신림고시촌점,본그룹,백반·죽·국수,서울특별시,관악구,78.4165,B
growth_probability_focus,성장확률 강화,ba_14714062,본죽&비빔밥 파주운정산내마을점,본그룹,백반·죽·국수,경기도,파주시,81.4836,A
growth_probability_focus,성장확률 강화,ba_14692326,본죽&비빔밥 제천청전점,본그룹,백반·죽·국수,충청북도,제천시,81.2162,A
growth_probability_focus,성장확률 강화,ba_14753110,본죽&비빔밥 청주성화점,본그룹,백반·죽·국수,충청북도,청주시,80.0418,A
growth_probability_focus,성장확률 강화,ba_14692505,본죽&비빔밥 울산남목점,본그룹,백반·죽·국수,울산광역시,동구,81.0722,A
growth_probability_focus,성장확률 강화,ba_14691361,본죽&비빔밥 경산옥곡점,본그룹,백반·죽·국수,경상북도,경산시,80.8919,A
growth_probability_focus,성장확률 강화,ba_14691245,본죽&비빔밥 대구동성로점,본그룹,백반·죽·국수,대구광역시,중구,80.7709,A
growth_probability_focus,성장확률 강화,ba_14691277,본죽&비빔밥 대구달서구청점,본그룹,백반·죽·국수,대구광역시,달서구,81.1742,A
growth_probability_focus,성장확률 강화,ba_14691130,본죽 부산진역점,본그룹,백반·죽·국수,부산광역시,동구,80.7858,A
growth_probability_focus,성장확률 강화,ba_14692482,본죽&비빔밥 충주호암점,본그룹,백반·죽·국수,충청북도,충주시,81.3372,A
growth_probability_focus,성장확률 강화,ba_14689750,본죽&비빔밥 안산본오점,본그룹,백반·죽·국수,경기도,안산시,80.9127,A
growth_probability_focus,성장확률 강화,ba_14744959,굽네치킨 부산수정점,굽네치킨,치킨,부산광역시,동구,78.6347,B
growth_probability_focus,성장확률 강화,ba_13918069,본죽&비빔밥 평택지제점,본그룹,백반·죽·국수,경기도,평택시,79.3321,B
growth_probability_focus,성장확률 강화,ba_14688687,본죽&비빔밥 신길점,본그룹,백반·죽·국수,서울특별시,영등포구,78.3464,B
growth_probability_focus,성장확률 강화,ba_14690674,본죽&비빔밥 광주신가점,본그룹,백반·죽·국수,광주광역시,광산구,80.0419,A
growth_probability_focus,성장확률 강화,ba_14688522,본죽 시흥은행점,본그룹,백반·죽·국수,경기도,시흥시,81.4135,A
growth_probability_focus,성장확률 강화,ba_13233576,본죽&비빔밥 당진점,본그룹,백반·죽·국수,충청남도,당진시,81.0966,A
growth_probability_focus,성장확률 강화,ba_14625762,본죽&비빔밥 익산부송우남점,본그룹,백반·죽·국수,전북특별자치도,익산시,79.0256,B
growth_probability_focus,성장확률 강화,ba_14691801,본죽 부산구남점,본그룹,백반·죽·국수,부산광역시,북구,80.7711,A
growth_probability_focus,성장확률 강화,ba_14739746,굽네피자 감정점,굽네치킨,피자,경기도,김포시,77.6579,B
growth_probability_focus,성장확률 강화,ba_14694620,본죽&비빔밥 경산신대부적점,본그룹,백반·죽·국수,경상북도,경산시,80.6128,A
growth_probability_focus,성장확률 강화,ba_14692022,본죽&비빔밥 여수죽림점,본그룹,백반·죽·국수,전라남도,여수시,80.5289,A
growth_probability_focus,성장확률 강화,ba_13223329,본죽&비빔밥 양주덕정점,본그룹,백반·죽·국수,경기도,양주시,76.7396,B
growth_probability_focus,성장확률 강화,ba_14627570,본죽&비빔밥 김해안동푸르지오점,본그룹,백반·죽·국수,경상남도,김해시,75.4219,B
growth_probability_focus,성장확률 강화,ba_14691943,본죽&비빔밥 순천연향점,본그룹,백반·죽·국수,전라남도,순천시,80.4681,A
growth_probability_focus,성장확률 강화,ba_13260584,본죽&비빔밥 광주신창점,본그룹,백반·죽·국수,광주광역시,광산구,77.3742,B
growth_probability_focus,성장확률 강화,ba_14703930,본죽 중화역점,본그룹,백반·죽·국수,서울특별시,중랑구,77.7471,B
growth_probability_focus,성장확률 강화,ba_10841883,굽네치킨 선부3동점,굽네치킨,치킨,경기도,안산시,79.1392,B
growth_probability_focus,성장확률 강화,ba_14688746,본죽&비빔밥 광명소하지구점,본그룹,백반·죽·국수,경기도,광명시,78.9378,B
growth_probability_focus,성장확률 강화,ba_14691975,본죽&비빔밥 백양산롯데캐슬점,본그룹,백반·죽·국수,부산광역시,부산진구,79.1280,B
growth_probability_focus,성장확률 강화,ba_14687318,본죽&비빔밥 독산정훈단지점,본그룹,백반·죽·국수,서울특별시,금천구,78.0377,B
growth_probability_focus,성장확률 강화,ba_14688729,본죽&비빔밥 과천점,본그룹,백반·죽·국수,경기도,과천시,80.2480,A
growth_probability_focus,성장확률 강화,ba_14691901,본죽&비빔밥 약사점,본그룹,백반·죽·국수,울산광역시,중구,80.2879,A
growth_probability_focus,성장확률 강화,ba_14688848,본죽&비빔밥 연신갈현점,본그룹,백반·죽·국수,서울특별시,은평구,76.9054,B
growth_probability_focus,성장확률 강화,ba_14690081,본죽 신곡시장점,본그룹,백반·죽·국수,서울특별시,양천구,77.2079,B
growth_probability_focus,성장확률 강화,ba_14727064,본죽&비빔밥 전주혁신도시점,본그룹,백반·죽·국수,전북특별자치도,완주군,80.0079,A
growth_probability_focus,성장확률 강화,ba_14691116,본죽&비빔밥 대구칠곡관음점,본그룹,백반·죽·국수,대구광역시,북구,78.4177,B
growth_probability_focus,성장확률 강화,ba_14690718,본죽&비빔밥 광주노대점,본그룹,백반·죽·국수,광주광역시,남구,79.4242,B
growth_probability_focus,성장확률 강화,ba_13234034,본죽 포항오천점,본그룹,백반·죽·국수,경상북도,포항시,78.8833,B
growth_probability_focus,성장확률 강화,ba_14688555,본죽 수원인계점,본그룹,백반·죽·국수,경기도,수원시,79.2276,B
growth_probability_focus,성장확률 강화,ba_14692194,본죽&비빔밥 익산영등제일점,본그룹,백반·죽·국수,전북특별자치도,익산시,77.9981,B
growth_probability_focus,성장확률 강화,ba_14688197,본죽 인왕산점,본그룹,백반·죽·국수,서울특별시,서대문구,75.9106,B
growth_probability_focus,성장확률 강화,ba_14689415,본죽&비빔밥 수원탑동점,본그룹,백반·죽·국수,경기도,수원시,79.2750,B
growth_probability_focus,성장확률 강화,ba_14457403,본죽&비빔밥 부산연제점,본그룹,백반·죽·국수,부산광역시,연제구,76.6446,B
growth_probability_focus,성장확률 강화,ba_14687119,본죽 성균관대점,본그룹,백반·죽·국수,서울특별시,종로구,76.8433,B
growth_probability_focus,성장확률 강화,ba_14690665,본죽&비빔밥 장유신문점,본그룹,백반·죽·국수,경상남도,김해시,78.9908,B
growth_probability_focus,성장확률 강화,ba_14688931,본죽&비빔밥 고양덕은점,본그룹,백반·죽·국수,경기도,고양시,78.7080,B
growth_probability_focus,성장확률 강화,ba_14691179,본죽&비빔밥 내당삼익뉴타운점,본그룹,백반·죽·국수,대구광역시,서구,78.8082,B
growth_probability_focus,성장확률 강화,ba_14691976,본죽&비빔밥 부산전포점,본그룹,백반·죽·국수,부산광역시,부산진구,78.9444,B
growth_probability_focus,성장확률 강화,ba_14691401,본죽&비빔밥 대구대학교점,본그룹,백반·죽·국수,경상북도,경산시,75.1764,B
growth_probability_focus,성장확률 강화,ba_14691998,본죽&비빔밥 부산엄궁점,본그룹,백반·죽·국수,부산광역시,사상구,78.1326,B
growth_probability_focus,성장확률 강화,ba_13973813,굽네피자 선부3동점,굽네치킨,피자,경기도,안산시,75.9959,B
growth_probability_focus,성장확률 강화,ba_14692216,본죽&비빔밥 조치원죽림점,본그룹,백반·죽·국수,세종특별자치시,조치원읍,77.9532,B
growth_probability_focus,성장확률 강화,ba_14691101,본죽&비빔밥 대구율하점,본그룹,백반·죽·국수,대구광역시,동구,78.4706,B
growth_probability_focus,성장확률 강화,ba_14689936,본죽&비빔밥 안양박달점,본그룹,백반·죽·국수,경기도,안양시,79.0706,B
growth_probability_focus,성장확률 강화,ba_14692439,본죽&비빔밥 청주오송파라곤점,본그룹,백반·죽·국수,충청북도,청주시,78.4694,B
growth_probability_focus,성장확률 강화,ba_14687368,본죽&비빔밥 장안동점,본그룹,백반·죽·국수,서울특별시,동대문구,76.1661,B
growth_probability_focus,성장확률 강화,ba_14689757,본죽&비빔밥 인천연수점,본그룹,백반·죽·국수,인천광역시,연수구,79.1357,B
growth_probability_focus,성장확률 강화,ba_14691059,본죽 대구세천점,본그룹,백반·죽·국수,대구광역시,달성군,76.9559,B
growth_probability_focus,성장확률 강화,ba_14691375,본죽&비빔밥 경산중산점,본그룹,백반·죽·국수,경상북도,경산시,78.2713,B
growth_probability_focus,성장확률 강화,ba_14613531,본죽&비빔밥 백양산롯데캐슬점,본그룹,백반·죽·국수,부산광역시,부산진구,76.2665,B
growth_probability_focus,성장확률 강화,ba_13230813,본죽&비빔밥 용인물푸레마을점,본그룹,백반·죽·국수,경기도,용인시,72.8097,B
growth_probability_focus,성장확률 강화,ba_13539851,굽네치킨 소답점,굽네치킨,치킨,경상남도,창원시,72.7168,B
growth_probability_focus,성장확률 강화,ba_14691953,본죽&비빔밥 순천오천점,본그룹,백반·죽·국수,전라남도,순천시,78.0594,B
growth_probability_focus,성장확률 강화,ba_14691150,본죽 다사죽곡점,본그룹,백반·죽·국수,대구광역시,달성군,78.1608,B
growth_probability_focus,성장확률 강화,ba_14691969,본죽&비빔밥 부산사직점,본그룹,백반·죽·국수,부산광역시,동래구,77.0740,B
growth_probability_focus,성장확률 강화,ba_14692121,본죽&비빔밥 부산법조타운점,본그룹,백반·죽·국수,부산광역시,연제구,76.5282,B
growth_probability_focus,성장확률 강화,ba_13233856,본죽 세종아름점,본그룹,백반·죽·국수,세종특별자치시,보듬3로,76.1952,B
growth_probability_focus,성장확률 강화,ba_13233778,본죽&비빔밥 포항효자점,본그룹,백반·죽·국수,경상북도,포항시,77.4666,B
growth_probability_focus,성장확률 강화,ba_14691037,본죽&비빔밥 대전학하점,본그룹,백반·죽·국수,대전광역시,유성구,77.7106,B
growth_probability_focus,성장확률 강화,ba_14688088,본죽&비빔밥 대흥역점,본그룹,백반·죽·국수,서울특별시,마포구,75.0208,B
growth_probability_focus,성장확률 강화,ba_13596071,본죽&비빔밥 연신갈현점,본그룹,백반·죽·국수,서울특별시,은평구,74.0817,B
growth_probability_focus,성장확률 강화,ba_13224710,본죽 안양관양동점,본그룹,백반·죽·국수,경기도,안양시,76.4858,B
growth_probability_focus,성장확률 강화,ba_14732355,본죽&비빔밥 속초점,본그룹,백반·죽·국수,강원특별자치도,속초시,78.1364,B
growth_probability_focus,성장확률 강화,ba_14688963,본죽 고양점,본그룹,백반·죽·국수,경기도,고양시,76.6524,B
growth_probability_focus,성장확률 강화,ba_14688337,본죽&비빔밥 장위뉴타운점,본그룹,백반·죽·국수,서울특별시,성북구,74.4766,B
growth_probability_focus,성장확률 강화,ba_14691042,본죽 대구서재점,본그룹,백반·죽·국수,대구광역시,달성군,77.1652,B
growth_probability_focus,성장확률 강화,ba_14691269,본죽 대전도마사거리점,본그룹,백반·죽·국수,대전광역시,서구,76.5626,B
growth_probability_focus,성장확률 강화,ba_14691005,본죽&비빔밥 광주화정점,본그룹,백반·죽·국수,광주광역시,서구,77.8029,B
growth_probability_focus,성장확률 강화,ba_14574885,본죽&비빔밥 청주분평점,본그룹,백반·죽·국수,충청북도,청주시,76.4238,B
growth_probability_focus,성장확률 강화,ba_13226530,본죽&비빔밥 목동사거리점,본그룹,백반·죽·국수,서울특별시,양천구,73.6894,B
growth_probability_focus,성장확률 강화,ba_14691187,본죽&비빔밥 대구평리뉴타운점,본그룹,백반·죽·국수,대구광역시,서구,75.7103,B
growth_probability_focus,성장확률 강화,ba_13472981,굽네피자,굽네치킨,피자,경상북도,상주시,72.8927,B
growth_probability_focus,성장확률 강화,ba_14692060,본죽&비빔밥 돌곶이역점,본그룹,백반·죽·국수,서울특별시,성북구,74.8357,B
growth_probability_focus,성장확률 강화,ba_14760742,본죽&비빔밥 용인신갈점,본그룹,백반·죽·국수,경기도,용인시,75.9264,B
growth_probability_focus,성장확률 강화,ba_14689761,본죽&비빔밥 송도글로벌캠퍼스점,본그룹,백반·죽·국수,인천광역시,연수구,76.7639,B
growth_probability_focus,성장확률 강화,ba_14276685,본죽 철원점,본그룹,백반·죽·국수,강원특별자치도,철원군,75.9382,B
growth_probability_focus,성장확률 강화,ba_14687335,본죽&비빔밥 광운대역점,본그룹,백반·죽·국수,서울특별시,노원구,74.9303,B
growth_probability_focus,성장확률 강화,ba_14691292,본죽&비빔밥 대구신매시장점,본그룹,백반·죽·국수,대구광역시,수성구,76.2278,B
growth_probability_focus,성장확률 강화,ba_14687326,본죽&비빔밥 개봉점,본그룹,백반·죽·국수,서울특별시,구로구,74.6533,B
growth_probability_focus,성장확률 강화,ba_14352915,본죽&비빔밥 대구다사역점,본그룹,백반·죽·국수,대구광역시,달성군,74.9810,B
growth_probability_focus,성장확률 강화,ba_14691036,본죽&비빔밥 대구다사역점,본그룹,백반·죽·국수,대구광역시,달성군,75.9228,B
growth_probability_focus,성장확률 강화,ba_14691974,본죽&비빔밥 부산율리점,본그룹,백반·죽·국수,부산광역시,북구,75.9297,B
growth_probability_focus,성장확률 강화,ba_13973745,굽네피자 가산점,굽네치킨,피자,서울특별시,금천구,76.9806,B
growth_probability_focus,성장확률 강화,ba_14702996,본죽&비빔밥 사당연세사랑병원점,본그룹,백반·죽·국수,서울특별시,서초구,72.2060,B
growth_probability_focus,성장확률 강화,ba_14687382,본죽&비빔밥 노량진점,본그룹,백반·죽·국수,서울특별시,동작구,73.6944,B
growth_probability_focus,성장확률 강화,ba_14691044,본죽&비빔밥 대구대곡역점,본그룹,백반·죽·국수,대구광역시,달성군,71.8040,B
growth_probability_focus,성장확률 강화,ba_14692246,본죽&비빔밥 천안성성점,본그룹,백반·죽·국수,충청남도,천안시,76.6510,B
growth_probability_focus,성장확률 강화,ba_14692012,본죽&비빔밥 여수여서점,본그룹,백반·죽·국수,전라남도,여수시,76.4633,B
growth_probability_focus,성장확률 강화,ba_13234790,굽네치킨 덕정점,굽네치킨,치킨,경기도,양주시,74.2624,B
growth_probability_focus,성장확률 강화,ba_14640352,본죽&비빔밥 광주삼각점,본그룹,백반·죽·국수,광주광역시,북구,75.2003,B
growth_probability_focus,성장확률 강화,ba_14690806,본죽&비빔밥 광주백운대성초교점,본그룹,백반·죽·국수,광주광역시,남구,75.4840,B
growth_probability_focus,성장확률 강화,ba_14392310,굽네피자 등촌2동점,굽네치킨,피자,서울특별시,강서구,76.1042,B
growth_probability_focus,성장확률 강화,ba_13233592,본죽&비빔밥 대구대학교점,본그룹,백반·죽·국수,경상북도,경산시,74.5335,B
growth_probability_focus,성장확률 강화,ba_14691344,본죽&비빔밥 경산사동점,본그룹,백반·죽·국수,경상북도,경산시,76.1024,B
growth_probability_focus,성장확률 강화,ba_14689610,본죽 동인천점,본그룹,백반·죽·국수,인천광역시,중구,75.6346,B
growth_probability_focus,성장확률 강화,ba_14689940,본죽&비빔밥 안양성원점,본그룹,백반·죽·국수,경기도,안양시,74.9869,B
growth_probability_focus,성장확률 강화,ba_14688525,본죽 시흥시화병원점,본그룹,백반·죽·국수,경기도,시흥시,75.0520,B
growth_probability_focus,성장확률 강화,ba_14688907,본죽&비빔밥 고양행신역점,본그룹,백반·죽·국수,경기도,고양시,75.5096,B
growth_probability_focus,성장확률 강화,ba_14504490,본죽&비빔밥 부천순천향병원앞점,본그룹,백반·죽·국수,경기도,부천시,75.0359,B
growth_probability_focus,성장확률 강화,ba_14688180,본죽&비빔밥 왕십리뉴타운점,본그룹,백반·죽·국수,서울특별시,성동구,73.7919,B
growth_probability_focus,성장확률 강화,ba_14688363,본죽&비빔밥 목동역점,본그룹,백반·죽·국수,서울특별시,양천구,72.8741,B
growth_probability_focus,성장확률 강화,ba_14692201,본죽&비빔밥 세종반곡점,본그룹,백반·죽·국수,세종특별자치시,한누리대로,76.0722,B
growth_probability_focus,성장확률 강화,ba_14689993,본죽&비빔밥 용인구갈점,본그룹,백반·죽·국수,경기도,용인시,75.7809,B
growth_probability_focus,성장확률 강화,ba_14606315,본죽&비빔밥 의정부범골역점,본그룹,백반·죽·국수,경기도,의정부시,66.4640,B
growth_probability_focus,성장확률 강화,ba_14694278,본죽&비빔밥 오금동사거리점,본그룹,백반·죽·국수,서울특별시,송파구,72.0716,B
growth_probability_focus,성장확률 강화,ba_13243585,본죽&비빔밥 쌍문점,본그룹,백반·죽·국수,서울특별시,도봉구,71.7067,B
growth_probability_focus,성장확률 강화,ba_13984579,굽네피자 암사3동점,굽네치킨,피자,서울특별시,강동구,74.4067,B
growth_probability_focus,성장확률 강화,ba_14692433,본죽&비빔밥 충주계룡힐스점,본그룹,백반·죽·국수,충청북도,충주시,74.4887,B
growth_probability_focus,성장확률 강화,ba_13550181,본죽&비빔밥 양주고읍점,본그룹,백반·죽·국수,경기도,양주시,72.9988,B
growth_probability_focus,성장확률 강화,ba_14689756,본죽 경기광주신현점,본그룹,백반·죽·국수,경기도,광주시,75.7540,B
growth_probability_focus,성장확률 강화,ba_13249989,굽네치킨 달동점,굽네치킨,치킨,울산광역시,남구,74.3169,B
growth_probability_focus,성장확률 강화,ba_10476209,굽네치킨 경남사천점,굽네치킨,치킨,경상남도,사천시,71.1839,B
growth_probability_focus,성장확률 강화,ba_14690660,본죽&비빔밥 김해안동푸르지오점,본그룹,백반·죽·국수,경상남도,김해시,75.1332,B
growth_probability_focus,성장확률 강화,ba_14690124,본죽&비빔밥 새터마을죽전현대홈타운점,본그룹,백반·죽·국수,경기도,용인시,73.4674,B
growth_probability_focus,성장확률 강화,ba_14699201,본죽 전농동점,본그룹,백반·죽·국수,서울특별시,동대문구,70.1852,B
growth_probability_focus,성장확률 강화,ba_14720262,굽네치킨 강화온수점,굽네치킨,치킨,인천광역시,강화군,68.2372,B
growth_probability_focus,성장확률 강화,ba_13630053,본죽&비빔밥 경남사천점,본그룹,백반·죽·국수,경상남도,사천시,74.5252,B
growth_probability_focus,성장확률 강화,ba_14690673,본죽&비빔밥 광주수완점,본그룹,백반·죽·국수,광주광역시,광산구,75.3106,B
growth_probability_focus,성장확률 강화,ba_14688924,본죽&비빔밥 서대문역점,본그룹,백반·죽·국수,서울특별시,종로구,72.0921,B
growth_probability_focus,성장확률 강화,ba_14654803,본죽&비빔밥 포항이인지구점,본그룹,백반·죽·국수,경상북도,포항시,74.0049,B
growth_probability_focus,성장확률 강화,ba_14691996,본죽&비빔밥 부산덕천점,본그룹,백반·죽·국수,부산광역시,북구,72.7819,B
growth_probability_focus,성장확률 강화,ba_14690565,본죽 창원중앙동점,본그룹,백반·죽·국수,경상남도,창원시,71.4706,B
growth_probability_focus,성장확률 강화,ba_14692211,본죽&비빔밥 세종해밀점,본그룹,백반·죽·국수,세종특별자치시,해밀3로,74.0667,B
growth_probability_focus,성장확률 강화,ba_14736683,본죽&비빔밥 신림녹두거리점,본그룹,백반·죽·국수,서울특별시,관악구,72.1823,B
growth_probability_focus,성장확률 강화,ba_14712294,본죽&비빔밥 서울대입구역점,본그룹,백반·죽·국수,서울특별시,관악구,72.8911,B
growth_probability_focus,성장확률 강화,ba_13230969,본죽&비빔밥 새터마을죽전현대홈타운점,본그룹,백반·죽·국수,경기도,용인시,71.0296,B
growth_probability_focus,성장확률 강화,ba_14268780,본죽&비빔밥 세종집현점,본그룹,백반·죽·국수,세종특별자치시,남세종로,72.1672,B
growth_probability_focus,성장확률 강화,ba_14688371,본죽&비빔밥 목동사거리점,본그룹,백반·죽·국수,서울특별시,양천구,71.6436,B
growth_probability_focus,성장확률 강화,ba_14691088,본죽&비빔밥 경산터미널점,본그룹,백반·죽·국수,경상북도,경산시,72.2738,B
growth_probability_focus,성장확률 강화,ba_14719522,본죽&비빔밥 전주혁신도시점,본그룹,백반·죽·국수,전북특별자치도,완주군,73.0042,B
growth_probability_focus,성장확률 강화,ba_13752011,굽네치킨 영통2동점,굽네치킨,치킨,경기도,수원시,73.4199,B
growth_probability_focus,성장확률 강화,ba_14688656,본죽&비빔밥 문래힐스테이트점,본그룹,백반·죽·국수,서울특별시,영등포구,70.5146,B
growth_probability_focus,성장확률 강화,ba_14530939,본죽 경북청도점,본그룹,백반·죽·국수,경상북도,청도군,72.0382,B
growth_probability_focus,성장확률 강화,ba_14689485,본죽&비빔밥 수원광교역점,본그룹,백반·죽·국수,경기도,수원시,72.4539,B
growth_probability_focus,성장확률 강화,ba_14688559,본죽 용인강남대점,본그룹,백반·죽·국수,경기도,용인시,71.6606,B
growth_probability_focus,성장확률 강화,ba_14691155,본죽&비빔밥 대구침산네거리점,본그룹,백반·죽·국수,대구광역시,북구,73.5233,B
growth_probability_focus,성장확률 강화,ba_13200219,본죽&비빔밥 안성당왕점,본그룹,백반·죽·국수,경기도,안성시,72.0738,B
growth_probability_focus,성장확률 강화,ba_14513076,본죽&비빔밥 광주첨단점,본그룹,백반·죽·국수,광주광역시,광산구,71.4620,B
growth_probability_focus,성장확률 강화,ba_14689869,본죽&비빔밥 비산사거리점,본그룹,백반·죽·국수,경기도,안양시,72.1430,B
growth_probability_focus,성장확률 강화,ba_13229107,본죽 대덕테크노밸리점,본그룹,백반·죽·국수,대전광역시,유성구,71.4466,B
growth_probability_focus,성장확률 강화,ba_13787561,본죽&비빔밥 평택시청점,본그룹,백반·죽·국수,경기도,평택시,71.3125,B
growth_probability_focus,성장확률 강화,ba_14441181,굽네치킨 나주빛가람점,굽네치킨,치킨,전라남도,나주시,70.5498,B
growth_probability_focus,성장확률 강화,ba_10657170,굽네치킨 가좌1호점,굽네치킨,치킨,인천광역시,서구,70.2005,B
growth_probability_focus,성장확률 강화,ba_14251741,굽네치킨 태전점,굽네치킨,치킨,대구광역시,북구,68.4010,B
growth_probability_focus,성장확률 강화,ba_10627648,굽네치킨 상주냉림무양점,굽네치킨,치킨,경상북도,상주시,69.3130,B
growth_probability_focus,성장확률 강화,ba_14582073,굽네치킨 양주덕계점,굽네치킨,치킨,경기도,양주시,70.9235,B
growth_probability_focus,성장확률 강화,ba_10798649,굽네치킨 암사3동점,굽네치킨,치킨,서울특별시,강동구,70.0136,B
growth_probability_focus,성장확률 강화,ba_14687333,본죽&비빔밥 석계역점,본그룹,백반·죽·국수,서울특별시,노원구,70.2795,B
growth_probability_focus,성장확률 강화,ba_14688582,본죽&비빔밥 오목교역점,본그룹,백반·죽·국수,서울특별시,양천구,71.5674,B
growth_probability_focus,성장확률 강화,ba_14691194,본죽&비빔밥 대구법원점,본그룹,백반·죽·국수,대구광역시,수성구,71.2192,B
growth_probability_focus,성장확률 강화,ba_14691859,본죽&비빔밥 울산오토밸리점,본그룹,백반·죽·국수,울산광역시,북구,70.7485,B
growth_probability_focus,성장확률 강화,ba_14371606,본죽&비빔밥 부산내성교차로점,본그룹,백반·죽·국수,부산광역시,동래구,71.5243,B
growth_probability_focus,성장확률 강화,ba_13199864,본죽&비빔밥 울산남목점,본그룹,백반·죽·국수,울산광역시,동구,70.8355,B
growth_probability_focus,성장확률 강화,ba_13234089,본죽 세종고운점,본그룹,백반·죽·국수,세종특별자치시,마음로,67.1431,B
growth_probability_focus,성장확률 강화,ba_10636817,굽네치킨 양산물금점,굽네치킨,치킨,경상남도,양산시,67.4869,B
growth_probability_focus,성장확률 강화,ba_14691270,본죽&비빔밥 대구용산장기점,본그룹,백반·죽·국수,대구광역시,달서구,72.2749,B
growth_probability_focus,성장확률 강화,ba_14687340,본죽&비빔밥 방학역점,본그룹,백반·죽·국수,서울특별시,도봉구,70.0418,B
growth_probability_focus,성장확률 강화,ba_14691295,본죽&비빔밥 대구월촌역점,본그룹,백반·죽·국수,대구광역시,달서구,72.4840,B
growth_probability_focus,성장확률 강화,ba_12015187,굽네피자 길음1동점,굽네치킨,피자,서울특별시,성북구,70.8124,B
growth_probability_focus,성장확률 강화,ba_10020109,굽네치킨 부산동삼점,굽네치킨,치킨,부산광역시,영도구,69.8625,B
growth_probability_focus,성장확률 강화,ba_14688693,본죽 평촌학원가점,본그룹,백반·죽·국수,경기도,안양시,71.2707,B
growth_probability_focus,성장확률 강화,ba_14689101,본죽&비빔밥 강남성심병원점,본그룹,백반·죽·국수,서울특별시,영등포구,69.3967,B
growth_probability_focus,성장확률 강화,ba_13219094,본죽&비빔밥 남양주덕소점,본그룹,백반·죽·국수,경기도,남양주시,70.3863,B
growth_probability_focus,성장확률 강화,ba_10776500,굽네치킨 가양점,굽네치킨,치킨,서울특별시,강서구,67.2361,B
growth_probability_focus,성장확률 강화,ba_13267079,본죽&비빔밥 대전송촌점,본그룹,백반·죽·국수,대전광역시,대덕구,70.3384,B
growth_probability_focus,성장확률 강화,ba_14688570,본죽 용인상갈점,본그룹,백반·죽·국수,경기도,용인시,70.6924,B
growth_probability_focus,성장확률 강화,ba_14396364,본죽&비빔밥 용인어정역점,본그룹,백반·죽·국수,경기도,용인시,71.6868,B
growth_probability_focus,성장확률 강화,ba_14692985,본죽&비빔밥 천안청당점,본그룹,백반·죽·국수,충청남도,천안시,68.2401,B
growth_probability_focus,성장확률 강화,ba_14259741,본죽&비빔밥 춘천우두택지점,본그룹,백반·죽·국수,강원특별자치도,춘천시,70.4669,B
growth_probability_focus,성장확률 강화,ba_13226851,본죽 부산진역점,본그룹,백반·죽·국수,부산광역시,동구,70.1866,B
growth_probability_focus,성장확률 강화,ba_13412065,굽네치킨 신길뉴타운점,굽네치킨,치킨,서울특별시,영등포구,69.3480,B
growth_probability_focus,성장확률 강화,ba_14669107,굽네치킨 의정부용현점,굽네치킨,치킨,경기도,의정부시,69.1347,B
growth_probability_focus,성장확률 강화,ba_14691089,본죽&비빔밥 대전노은3지구점,본그룹,백반·죽·국수,대전광역시,유성구,70.2615,B
growth_probability_focus,성장확률 강화,ba_14332093,굽네피자 금당왕지점,굽네치킨,피자,전라남도,순천시,67.9813,B
growth_probability_focus,성장확률 강화,ba_14689608,본죽&비빔밥 평택신장점,본그룹,백반·죽·국수,경기도,평택시,68.6670,B
growth_probability_focus,성장확률 강화,ba_13730162,본죽&비빔밥 경산진량점,본그룹,백반·죽·국수,경상북도,경산시,70.3111,B
growth_probability_focus,성장확률 강화,ba_14787776,굽네치킨&피자 지제동삭점,굽네치킨,치킨,경기도,평택시,69.8700,B
growth_probability_focus,성장확률 강화,ba_13233606,본죽&비빔밥 대구칠곡관음점,본그룹,백반·죽·국수,대구광역시,북구,69.9921,B
growth_probability_focus,성장확률 강화,ba_14725627,본죽&비빔밥 가평현리점,본그룹,백반·죽·국수,경기도,가평군,70.0893,B
growth_probability_focus,성장확률 강화,ba_14688093,본죽&비빔밥 상암하늘초교점,본그룹,백반·죽·국수,서울특별시,마포구,68.7826,B
growth_probability_focus,성장확률 강화,ba_14279612,본죽&비빔밥 부산율리점,본그룹,백반·죽·국수,부산광역시,북구,69.8022,B
growth_probability_focus,성장확률 강화,ba_14728444,본죽&비빔밥 속초점,본그룹,백반·죽·국수,강원특별자치도,속초시,69.5782,B
growth_probability_focus,성장확률 강화,ba_13977167,굽네피자 연신내점,굽네치킨,피자,서울특별시,은평구,65.0214,B
growth_probability_focus,성장확률 강화,ba_13233579,본죽&비빔밥 경산터미널점,본그룹,백반·죽·국수,경상북도,경산시,69.0573,B
growth_probability_focus,성장확률 강화,ba_13181957,본죽&비빔밥 천안신불당북부점,본그룹,백반·죽·국수,충청남도,천안시,70.1164,B
growth_probability_focus,성장확률 강화,ba_10040685,굽네치킨 창원팔용점,굽네치킨,치킨,경상남도,창원시,69.2585,B
growth_probability_focus,성장확률 강화,ba_14658825,굽네치킨 문학점,굽네치킨,치킨,인천광역시,미추홀구,68.1906,B
growth_probability_focus,성장확률 강화,ba_14690704,본죽&비빔밥 김해복음병원점,본그룹,백반·죽·국수,경상남도,김해시,69.4602,B
growth_probability_focus,성장확률 강화,ba_13228668,본죽&비빔밥 대전유성온천역점,본그룹,백반·죽·국수,대전광역시,유성구,70.1145,B
growth_probability_focus,성장확률 강화,ba_14464913,굽네치킨 부산구서점,굽네치킨,치킨,부산광역시,금정구,67.6443,B
growth_probability_focus,성장확률 강화,ba_14692549,본죽&비빔밥 안양덕천래미안점,본그룹,백반·죽·국수,경기도,안양시,70.4776,B
growth_probability_focus,성장확률 강화,ba_10771255,굽네치킨 제천하소점,굽네치킨,치킨,충청북도,제천시,68.7677,B
growth_probability_focus,성장확률 강화,ba_14690053,본죽&비빔밥 동백중앙점,본그룹,백반·죽·국수,경기도,용인시,71.1262,B
growth_probability_focus,성장확률 강화,ba_14679019,굽네치킨 울산반구점,굽네치킨,치킨,울산광역시,중구,69.6563,B
growth_probability_focus,성장확률 강화,ba_13233587,본죽&비빔밥 나주혁신호수공원점,본그룹,백반·죽·국수,전라남도,나주시,69.4930,B
growth_probability_focus,성장확률 강화,ba_13473077,본죽&비빔밥 목포북항점,본그룹,백반·죽·국수,전라남도,목포시,69.2431,B
growth_probability_focus,성장확률 강화,ba_14673434,굽네치킨 죽도점,굽네치킨,치킨,경상북도,포항시,68.5273,B
growth_probability_focus,성장확률 강화,ba_14616721,본죽&비빔밥 울산오토밸리점,본그룹,백반·죽·국수,울산광역시,북구,68.8966,B
growth_probability_focus,성장확률 강화,ba_13436824,본죽&비빔밥 송탄점,본그룹,백반·죽·국수,경기도,평택시,69.5892,B
growth_probability_focus,성장확률 강화,ba_14690752,본 죽&비빔밥 양산이마트앞점,본그룹,백반·죽·국수,경상남도,양산시,69.9779,B
growth_probability_focus,성장확률 강화,ba_13249105,굽네피자 창원팔용점,굽네치킨,피자,경상남도,창원시,70.6931,B
growth_probability_focus,성장확률 강화,ba_13229173,본죽&비빔밥 대구칠곡점,본그룹,백반·죽·국수,대구광역시,북구,69.6827,B
growth_probability_focus,성장확률 강화,ba_14694577,본죽&비빔밥 대구동성로중앙점,본그룹,백반·죽·국수,대구광역시,중구,68.1459,B
growth_probability_focus,성장확률 강화,ba_13308613,본죽&비빔밥 김포걸포점,본그룹,백반·죽·국수,경기도,김포시,62.2746,C
growth_probability_focus,성장확률 강화,ba_14691372,본죽&비빔밥 구미신평비산점,본그룹,백반·죽·국수,경상북도,구미시,63.9321,C
growth_probability_focus,성장확률 강화,ba_14691273,본죽&비빔밥 대구성서용산시장점,본그룹,백반·죽·국수,대구광역시,달서구,69.2298,B
growth_probability_focus,성장확률 강화,ba_13233726,본죽 다사죽곡점,본그룹,백반·죽·국수,대구광역시,달성군,69.4267,B
growth_probability_focus,성장확률 강화,ba_14756889,본죽&비빔밥 창원대원점,본그룹,백반·죽·국수,경상남도,창원시,68.1162,B
growth_probability_focus,성장확률 강화,ba_14363013,본죽&비빔밥 광주삼각점,본그룹,백반·죽·국수,광주광역시,북구,68.4692,B
growth_probability_focus,성장확률 강화,ba_14690677,본죽&비빔밥 김해어방점,본그룹,백반·죽·국수,경상남도,김해시,69.8377,B
growth_probability_focus,성장확률 강화,ba_13265806,본죽&비빔밥 익산영등제일점,본그룹,백반·죽·국수,전북특별자치도,익산시,61.9831,C
growth_probability_focus,성장확률 강화,ba_14274675,본죽&비빔밥 충주호암점,본그룹,백반·죽·국수,충청북도,충주시,69.1138,B
growth_probability_focus,성장확률 강화,ba_14689007,본죽&비빔밥 김포신곡점,본그룹,백반·죽·국수,경기도,김포시,69.5636,B
growth_probability_focus,성장확률 강화,ba_14327700,본죽&비빔밥 부산전포점,본그룹,백반·죽·국수,부산광역시,부산진구,69.1932,B
growth_probability_focus,성장확률 강화,ba_14746216,굽네치킨&피자 내수점,굽네치킨,치킨,충청북도,청주시,68.0251,B
growth_probability_focus,성장확률 강화,ba_14332090,굽네치킨 금당왕지점,굽네치킨,치킨,전라남도,순천시,67.3067,B
growth_probability_focus,성장확률 강화,ba_14645179,본죽&비빔밥 경산임당점,본그룹,백반·죽·국수,경상북도,경산시,67.9725,B
growth_probability_focus,성장확률 강화,ba_13224802,본죽&비빔밥 안양박달점,본그룹,백반·죽·국수,경기도,안양시,68.0791,B
growth_probability_focus,성장확률 강화,ba_14698364,본죽&비빔밥 청주사창점,본그룹,백반·죽·국수,충청북도,청주시,69.1963,B
growth_probability_focus,성장확률 강화,ba_14692190,본죽&비빔밥 세종다정점,본그룹,백반·죽·국수,세종특별자치시,다정중앙로,69.9063,B
growth_probability_focus,성장확률 강화,ba_14691829,본죽 부산신평가락타운점,본그룹,백반·죽·국수,부산광역시,사하구,66.0504,B
growth_probability_focus,성장확률 강화,ba_13639608,굽네치킨 금호점,굽네치킨,치킨,광주광역시,서구,67.8429,B
growth_probability_focus,성장확률 강화,ba_14797390,굽네치킨 수원연무점,굽네치킨,치킨,경기도,수원시,65.5442,B
growth_probability_focus,성장확률 강화,ba_13226947,본죽&비빔밥 부산법조타운점,본그룹,백반·죽·국수,부산광역시,연제구,61.1009,C
growth_probability_focus,성장확률 강화,ba_14687092,본죽 동부이촌동점,본그룹,백반·죽·국수,서울특별시,용산구,66.9143,B
growth_probability_focus,성장확률 강화,ba_14686997,본죽 삼전동점,본그룹,백반·죽·국수,서울특별시,송파구,68.1504,B
growth_probability_focus,성장확률 강화,ba_14669109,굽네치킨&피자 의정부용현점,굽네치킨,치킨,경기도,의정부시,67.3143,B
growth_probability_focus,성장확률 강화,ba_13584348,굽네치킨 부산개금점,굽네치킨,치킨,부산광역시,부산진구,68.2027,B
growth_probability_focus,성장확률 강화,ba_13235535,본죽 의정부낙양점,본그룹,백반·죽·국수,경기도,의정부시,60.5996,C
growth_probability_focus,성장확률 강화,ba_14506379,본죽&비빔밥 방학역점,본그룹,백반·죽·국수,서울특별시,도봉구,66.7034,B
growth_probability_focus,성장확률 강화,ba_14484534,본죽&비빔밥 산본학원가점,본그룹,백반·죽·국수,경기도,군포시,67.5499,B
growth_probability_focus,성장확률 강화,ba_13229152,본죽&비빔밥 부산엄궁점,본그룹,백반·죽·국수,부산광역시,사상구,68.0438,B
growth_probability_focus,성장확률 강화,ba_13233578,본죽&비빔밥 대구성당뉴타운점,본그룹,백반·죽·국수,대구광역시,달서구,68.2203,B
growth_probability_focus,성장확률 강화,ba_14238012,본죽&비빔밥 안동송현점,본그룹,백반·죽·국수,경상북도,안동시,68.8057,B
growth_probability_focus,성장확률 강화,ba_14688173,본죽 구리인창아름마을점,본그룹,백반·죽·국수,경기도,구리시,68.3367,B
growth_probability_focus,성장확률 강화,ba_14449139,굽네치킨&피자 용운판암점,굽네치킨,치킨,대전광역시,동구,67.9555,B
growth_probability_focus,성장확률 강화,ba_14690378,본죽 오금점,본그룹,백반·죽·국수,서울특별시,송파구,66.5238,B
growth_probability_focus,성장확률 강화,ba_14773773,굽네치킨 고덕로데오점,굽네치킨,치킨,경기도,평택시,67.9801,B
growth_probability_focus,성장확률 강화,ba_14250328,굽네치킨&피자 인창점,굽네치킨,치킨,경기도,구리시,68.0873,B
growth_probability_focus,성장확률 강화,ba_13228520,본죽&비빔밥 성남모란시장점,본그룹,백반·죽·국수,경기도,성남시,61.0783,C
growth_probability_focus,성장확률 강화,ba_13232508,본죽&비빔밥 김해어방점,본그룹,백반·죽·국수,경상남도,김해시,66.9233,B
growth_probability_focus,성장확률 강화,ba_13379446,굽네치킨&피자 평내점,굽네치킨,치킨,경기도,남양주시,67.1896,B
growth_probability_focus,성장확률 강화,ba_14228481,굽네피자 중곡1동점,굽네치킨,피자,서울특별시,광진구,67.5978,B
growth_probability_focus,성장확률 강화,ba_14573167,본죽&비빔밥 파주금촌점,본그룹,백반·죽·국수,경기도,파주시,67.9897,B
growth_probability_focus,성장확률 강화,ba_14689625,본죽&비빔밥 평택여중사거리점,본그룹,백반·죽·국수,경기도,평택시,69.0085,B
growth_probability_focus,성장확률 강화,ba_14772844,굽네치킨&피자 양촌점,굽네치킨,치킨,경기도,김포시,65.0215,B
growth_probability_focus,성장확률 강화,ba_13233639,본죽&비빔밥 대구동성로점,본그룹,백반·죽·국수,대구광역시,중구,66.5616,B
growth_probability_focus,성장확률 강화,ba_14796833,굽네치킨&피자 성황골약점,굽네치킨,치킨,전라남도,광양시,64.4232,C
growth_probability_focus,성장확률 강화,ba_13305413,본죽&비빔밥 사당연세사랑병원점,본그룹,백반·죽·국수,서울특별시,서초구,58.3805,C
growth_probability_focus,성장확률 강화,ba_14689387,본죽&비빔밥 성남금광점,본그룹,백반·죽·국수,경기도,성남시,68.0923,B
growth_probability_focus,성장확률 강화,ba_13232110,본죽&비빔밥 부산토곡점,본그룹,백반·죽·국수,부산광역시,연제구,67.3410,B
growth_probability_focus,성장확률 강화,ba_14325499,본죽&비빔밥 충주계룡힐스점,본그룹,백반·죽·국수,충청북도,충주시,67.2589,B
growth_probability_focus,성장확률 강화,ba_14796835,굽네치킨 모라점,굽네치킨,치킨,부산광역시,사상구,64.2192,C
growth_probability_focus,성장확률 강화,ba_13168465,본죽&비빔밥 약사점,본그룹,백반·죽·국수,울산광역시,중구,68.0106,B
growth_probability_focus,성장확률 강화,ba_13477857,본죽&비빔밥 논산내동점,본그룹,백반·죽·국수,충청남도,논산시,66.9735,B
growth_probability_focus,성장확률 강화,ba_14741847,굽네치킨 거제아시아드점,굽네치킨,치킨,부산광역시,연제구,66.8063,B
growth_probability_focus,성장확률 강화,ba_14695006,본죽 안양관양동점,본그룹,백반·죽·국수,경기도,안양시,68.2736,B
growth_probability_focus,성장확률 강화,ba_13085339,굽네치킨&피자 가양점,굽네치킨,피자,서울특별시,강서구,67.4767,B
growth_probability_focus,성장확률 강화,ba_14688108,본죽&비빔밥 중앙대점,본그룹,백반·죽·국수,서울특별시,동작구,66.3708,B
growth_probability_focus,성장확률 강화,ba_14789833,굽네치킨&피자 순천풍덕점,굽네치킨,치킨,전라남도,순천시,65.1136,B
growth_probability_focus,성장확률 강화,ba_14643477,본죽&비빔밥 대구신매시장점,본그룹,백반·죽·국수,대구광역시,수성구,68.0184,B
growth_probability_focus,성장확률 강화,ba_14747382,굽네치킨&피자 양주광적점,굽네치킨,치킨,경기도,양주시,65.3684,B
growth_probability_focus,성장확률 강화,ba_14267053,굽네치킨&피자 마장점,굽네치킨,치킨,경기도,이천시,66.3131,B
growth_probability_focus,성장확률 강화,ba_10497667,굽네치킨 온의퇴계점,굽네치킨,치킨,강원특별자치도,춘천시,67.5568,B
growth_probability_focus,성장확률 강화,ba_14688707,본죽 명학역점,본그룹,백반·죽·국수,경기도,안양시,68.9675,B
growth_probability_focus,성장확률 강화,ba_14525069,굽네치킨 다산중앙점,굽네치킨,치킨,경기도,남양주시,65.6359,B
growth_probability_focus,성장확률 강화,ba_14691084,본죽&비빔밥 대전죽동점,본그룹,백반·죽·국수,대전광역시,유성구,68.5454,B
growth_probability_focus,성장확률 강화,ba_10706208,굽네치킨 부산우동점,굽네치킨,치킨,부산광역시,해운대구,68.1650,B
growth_probability_focus,성장확률 강화,ba_14663126,굽네치킨 통영죽림점,굽네치킨,치킨,경상남도,통영시,63.7956,C
growth_probability_focus,성장확률 강화,ba_14700213,본죽&비빔밥 김포마산점,본그룹,백반·죽·국수,경기도,김포시,67.0636,B
growth_probability_focus,성장확률 강화,ba_14688982,본죽&비빔밥 군포당정동점,본그룹,백반·죽·국수,경기도,군포시,66.6801,B
growth_probability_focus,성장확률 강화,ba_14548743,굽네치킨 다산가운지금점,굽네치킨,치킨,경기도,남양주시,66.5950,B
growth_probability_focus,성장확률 강화,ba_13233554,본죽 대구서재점,본그룹,백반·죽·국수,대구광역시,달성군,67.0762,B
growth_probability_focus,성장확률 강화,ba_14691908,본죽&비빔밥 부경대경성대점,본그룹,백반·죽·국수,부산광역시,남구,67.5432,B
growth_probability_focus,성장확률 강화,ba_14688196,본죽 홍제점,본그룹,백반·죽·국수,서울특별시,서대문구,63.4402,C
growth_probability_focus,성장확률 강화,ba_13230921,본죽&비빔밥 문래홈플러스점,본그룹,백반·죽·국수,서울특별시,영등포구,64.8703,C
growth_probability_focus,성장확률 강화,ba_13228453,본죽&비빔밥 부산명지국제중앙점,본그룹,백반·죽·국수,부산광역시,강서구,67.1260,B
growth_probability_focus,성장확률 강화,ba_14689441,본죽&비빔밥 이천마장점,본그룹,백반·죽·국수,경기도,이천시,64.7968,C
growth_probability_focus,성장확률 강화,ba_14690050,본죽&비빔밥 검단파라곤센트럴점,본그룹,백반·죽·국수,인천광역시,서구,67.7446,B
growth_probability_focus,성장확률 강화,ba_13233688,본죽 대구세천점,본그룹,백반·죽·국수,대구광역시,달성군,66.8095,B
growth_probability_focus,성장확률 강화,ba_14799629,굽네치킨 수원신동점,굽네치킨,치킨,경기도,수원시,63.0924,C
growth_probability_focus,성장확률 강화,ba_13596730,굽네치킨 대구혁신점,굽네치킨,치킨,대구광역시,동구,65.6662,B
growth_probability_focus,성장확률 강화,ba_10597203,굽네치킨 광주상무점,굽네치킨,치킨,광주광역시,서구,67.1218,B
growth_probability_focus,성장확률 강화,ba_13223538,본죽&비빔밥 인천신포동점,본그룹,백반·죽·국수,인천광역시,중구,65.2346,B
growth_probability_focus,성장확률 강화,ba_10774000,굽네치킨 울산삼산점,굽네치킨,치킨,울산광역시,남구,67.4021,B
growth_probability_focus,성장확률 강화,ba_14687322,본죽&비빔밥 구의시장점,본그룹,백반·죽·국수,서울특별시,광진구,64.6891,C
growth_probability_focus,성장확률 강화,ba_14629918,굽네치킨 양지동점,굽네치킨,치킨,경기도,성남시,62.2507,C
growth_probability_focus,성장확률 강화,ba_14772060,굽네치킨&피자 천호1동점,굽네치킨,치킨,서울특별시,강동구,64.4234,C
growth_probability_focus,성장확률 강화,ba_13233212,본죽 통영점,본그룹,백반·죽·국수,경상남도,통영시,66.4984,B
growth_probability_focus,성장확률 강화,ba_13234188,본죽&비빔밥 경산중산점,본그룹,백반·죽·국수,경상북도,경산시,66.4477,B
growth_probability_focus,성장확률 강화,ba_14360458,본죽&비빔밥 충북오송점,본그룹,백반·죽·국수,충청북도,청주시,66.3111,B
growth_probability_focus,성장확률 강화,ba_14780115,굽네치킨&피자 부사문창점,굽네치킨,치킨,대전광역시,중구,65.7184,B
growth_probability_focus,성장확률 강화,ba_13928548,굽네치킨&피자 성남용전점,굽네치킨,치킨,대전광역시,동구,65.1324,B
growth_probability_focus,성장확률 강화,ba_14689545,본죽&비빔밥 파주야당역점,본그룹,백반·죽·국수,경기도,파주시,64.5409,C
growth_probability_focus,성장확률 강화,ba_14688751,본죽&비빔밥 여의도역점,본그룹,백반·죽·국수,서울특별시,영등포구,64.8844,C
growth_probability_focus,성장확률 강화,ba_14692212,본죽&비빔밥 세종대평점,본그룹,백반·죽·국수,세종특별자치시,한누리대로,65.7997,B
growth_probability_focus,성장확률 강화,ba_14789844,굽네치킨 부산우2동점,굽네치킨,치킨,부산광역시,해운대구,65.3693,B
growth_probability_focus,성장확률 강화,ba_14256619,본죽&비빔밥 비산사거리점,본그룹,백반·죽·국수,경기도,안양시,57.9078,C
growth_probability_focus,성장확률 강화,ba_14691791,본죽 부산숙등역부민병원점,본그룹,백반·죽·국수,부산광역시,북구,63.0875,C
growth_probability_focus,성장확률 강화,ba_14688765,본죽&비빔밥 영등포시장역점,본그룹,백반·죽·국수,서울특별시,영등포구,64.9276,C
growth_probability_focus,성장확률 강화,ba_10759478,굽네치킨 남목점,굽네치킨,치킨,울산광역시,동구,66.3706,B
growth_probability_focus,성장확률 강화,ba_14456826,본죽&비빔밥 청주오송파라곤점,본그룹,백반·죽·국수,충청북도,청주시,66.4477,B
growth_probability_focus,성장확률 강화,ba_14653291,굽네피자 울산중앙점,굽네치킨,피자,울산광역시,중구,64.1780,C
growth_probability_focus,성장확률 강화,ba_14541579,굽네치킨 킨텍스호수공원점,굽네치킨,치킨,경기도,고양시,66.1608,B
growth_probability_focus,성장확률 강화,ba_14228480,굽네치킨 중곡1동점,굽네치킨,치킨,서울특별시,광진구,66.3175,B
growth_probability_focus,성장확률 강화,ba_13231795,본죽&비빔밥 인천간석남부역점,본그룹,백반·죽·국수,인천광역시,남동구,55.9114,C
growth_probability_focus,성장확률 강화,ba_13539979,본죽&비빔밥 대전신탄점,본그룹,백반·죽·국수,대전광역시,대덕구,66.4370,B
growth_probability_focus,성장확률 강화,ba_10040679,굽네치킨 칠암망경점,굽네치킨,치킨,경상남도,진주시,64.8499,C
growth_probability_focus,성장확률 강화,ba_13227543,본죽&비빔밥 부경대경성대점,본그룹,백반·죽·국수,부산광역시,남구,65.4122,B
growth_probability_focus,성장확률 강화,ba_13237700,본죽&비빔밥 김해내외동점,본그룹,백반·죽·국수,경상남도,김해시,65.7806,B
growth_probability_focus,성장확률 강화,ba_13236584,본죽 군포당동점,본그룹,백반·죽·국수,경기도,군포시,65.8817,B
growth_probability_focus,성장확률 강화,ba_14775877,굽네치킨&피자 세종아름점,굽네치킨,치킨,세종특별자치시,세종로,63.8183,C
growth_probability_focus,성장확률 강화,ba_14743271,본죽&비빔밥 안양석수점,본그룹,백반·죽·국수,경기도,안양시,67.0502,B
growth_probability_focus,성장확률 강화,ba_14788494,굽네치킨 경화태백점,굽네치킨,치킨,경상남도,창원시,63.9581,C
growth_probability_focus,성장확률 강화,ba_14687327,본죽&비빔밥 시흥사거리점,본그룹,백반·죽·국수,서울특별시,금천구,65.9760,B
growth_probability_focus,성장확률 강화,ba_14249433,굽네치킨 부산하단점,굽네치킨,치킨,부산광역시,사하구,66.3710,B
growth_probability_focus,성장확률 강화,ba_14336642,굽네치킨&피자 상대원점,굽네치킨,치킨,경기도,성남시,64.0248,C
growth_probability_focus,성장확률 강화,ba_14783596,굽네치킨 사상역점,굽네치킨,치킨,부산광역시,사상구,64.8009,C
growth_probability_focus,성장확률 강화,ba_13231958,본죽 송도센트럴파크점,본그룹,백반·죽·국수,인천광역시,연수구,58.0839,C
growth_probability_focus,성장확률 강화,ba_14773140,굽네치킨 효자중화산1호점,굽네치킨,치킨,전북특별자치도,전주시,63.1631,C
growth_probability_focus,성장확률 강화,ba_10469515,굽네치킨&피자 성서계명대점,굽네치킨,치킨,대구광역시,달서구,66.2734,B
growth_probability_focus,성장확률 강화,ba_14695290,본죽&비빔밥 용산센트럴점,본그룹,백반·죽·국수,서울특별시,용산구,61.1005,C
growth_probability_focus,성장확률 강화,ba_14773135,본죽&비빔밥 용인보라점,본그룹,백반·죽·국수,경기도,용인시,66.8762,B
growth_probability_focus,성장확률 강화,ba_10872945,굽네치킨 대구대현점,굽네치킨,치킨,대구광역시,북구,64.8806,C
growth_probability_focus,성장확률 강화,ba_14783137,굽네치킨 포천이동점,굽네치킨,치킨,경기도,포천시,61.7634,C
growth_probability_focus,성장확률 강화,ba_14688182,본죽 수내푸른마을점,본그룹,백반·죽·국수,경기도,성남시,66.6424,B
growth_probability_focus,성장확률 강화,ba_14782170,굽네치킨 수산점,굽네치킨,치킨,경상남도,밀양시,61.8565,C
growth_probability_focus,성장확률 강화,ba_14528412,굽네피자 봉동점,굽네치킨,피자,전북특별자치도,완주군,63.9188,C
growth_probability_focus,성장확률 강화,ba_14739815,굽네치킨&피자 신창신가점,굽네치킨,치킨,광주광역시,광산구,64.9495,C
growth_probability_focus,성장확률 강화,ba_13973901,굽네피자 강원횡성점,굽네치킨,피자,강원특별자치도,횡성군,62.3289,C
growth_probability_focus,성장확률 강화,ba_14782523,굽네치킨&피자 동부산오시리아점,굽네치킨,치킨,부산광역시,기장군,63.1506,C
growth_probability_focus,성장확률 강화,ba_14689454,본죽&비빔밥 광교아브뉴프랑점,본그룹,백반·죽·국수,경기도,수원시,66.0846,B
growth_probability_focus,성장확률 강화,ba_14692459,본죽&비빔밥 천안불당점,본그룹,백반·죽·국수,충청남도,천안시,66.8413,B
growth_probability_focus,성장확률 강화,ba_14736681,본죽&비빔밥 신림녹두거리점,본그룹,백반·죽·국수,서울특별시,관악구,63.7386,C
growth_probability_focus,성장확률 강화,ba_14767932,본죽&비빔밥 신중동점,본그룹,백반·죽·국수,경기도,부천시,65.8714,B
growth_probability_focus,성장확률 강화,ba_13451078,본죽&비빔밥 김포신곡점,본그룹,백반·죽·국수,경기도,김포시,64.6251,C
growth_probability_focus,성장확률 강화,ba_14689472,본죽&비빔밥 수원율전점,본그룹,백반·죽·국수,경기도,수원시,64.7356,C
growth_probability_focus,성장확률 강화,ba_14593720,굽네치킨&피자 무주읍점,굽네치킨,치킨,전북특별자치도,무주군,62.5076,C
growth_probability_focus,성장확률 강화,ba_13313413,굽네치킨&피자 대전도마점,굽네치킨,치킨,대전광역시,서구,61.4967,C
growth_probability_focus,성장확률 강화,ba_10022124,굽네치킨 삼산2동점,굽네치킨,치킨,인천광역시,부평구,64.8891,C
growth_probability_focus,성장확률 강화,ba_13223711,본죽&비빔밥 중앙대점,본그룹,백반·죽·국수,서울특별시,동작구,63.1688,C
growth_probability_focus,성장확률 강화,ba_13233457,본죽&비빔밥 대구용산장기점,본그룹,백반·죽·국수,대구광역시,달서구,64.9090,C
growth_probability_focus,성장확률 강화,ba_14782607,굽네치킨 경산중방점,굽네치킨,치킨,경상북도,경산시,62.9498,C
growth_probability_focus,성장확률 강화,ba_14782074,굽네치킨 관음점,굽네치킨,치킨,대구광역시,북구,62.1847,C
growth_probability_focus,성장확률 강화,ba_14578524,굽네치킨 세천점,굽네치킨,치킨,대구광역시,달성군,63.8738,C
growth_probability_focus,성장확률 강화,ba_14458025,굽네치킨 울산공업탑점,굽네치킨,치킨,울산광역시,남구,62.6301,C
growth_probability_focus,성장확률 강화,ba_14791302,굽네치킨 초읍점,굽네치킨,치킨,부산광역시,부산진구,61.8917,C
growth_probability_focus,성장확률 강화,ba_14625157,굽네치킨 금촌점,굽네치킨,치킨,경기도,파주시,63.3429,C
growth_probability_focus,성장확률 강화,ba_14248059,굽네치킨 은행선화점,굽네치킨,치킨,대전광역시,중구,63.4552,C
growth_probability_focus,성장확률 강화,ba_13769748,굽네치킨 괴산점,굽네치킨,치킨,충청북도,괴산군,61.6169,C
growth_probability_focus,성장확률 강화,ba_14691949,본죽&비빔밥 부산범일점,본그룹,백반·죽·국수,부산광역시,동구,66.3134,B
growth_probability_focus,성장확률 강화,ba_14721018,굽네치킨&피자 대구서재점,굽네치킨,치킨,대구광역시,달성군,62.5554,C
growth_probability_focus,성장확률 강화,ba_14691172,본죽 대구산격점,본그룹,백반·죽·국수,대구광역시,북구,66.3117,B
growth_probability_focus,성장확률 강화,ba_14692551,본죽&비빔밥 당산점,본그룹,백반·죽·국수,서울특별시,영등포구,63.1055,C
growth_probability_focus,성장확률 강화,ba_13504506,본죽&비빔밥 세종반곡점,본그룹,백반·죽·국수,세종특별자치시,한누리대로,64.1873,C
growth_probability_focus,성장확률 강화,ba_10432360,굽네치킨 영주휴천점,굽네치킨,치킨,경상북도,영주시,62.7425,C
growth_probability_focus,성장확률 강화,ba_14688728,본죽&비빔밥 판교역점,본그룹,백반·죽·국수,경기도,성남시,66.1523,B
growth_probability_focus,성장확률 강화,ba_14694670,본죽&비빔밥 충무로역점,본그룹,백반·죽·국수,서울특별시,중구,61.3626,C
growth_probability_focus,성장확률 강화,ba_14688631,본죽&비빔밥 부천소새울역점,본그룹,백반·죽·국수,경기도,부천시,65.6536,B
growth_probability_focus,성장확률 강화,ba_14690086,본죽&비빔밥 수지상현점,본그룹,백반·죽·국수,경기도,용인시,64.3391,C
growth_probability_focus,성장확률 강화,ba_14270904,굽네치킨 원미점,굽네치킨,치킨,경기도,부천시,62.8343,C
growth_probability_focus,성장확률 강화,ba_14687350,본죽&비빔밥 구로구청점,본그룹,백반·죽·국수,서울특별시,구로구,64.1023,C
growth_probability_focus,성장확률 강화,ba_10841421,굽네치킨 인계점,굽네치킨,치킨,경기도,수원시,64.2445,C
growth_probability_focus,성장확률 강화,ba_14740022,굽네치킨 신봉점,굽네치킨,치킨,경기도,용인시,62.5268,C
growth_probability_focus,성장확률 강화,ba_14729159,굽네치킨 원대자이점,굽네치킨,치킨,대구광역시,서구,63.1921,C
growth_probability_focus,성장확률 강화,ba_13228878,본죽 대전도마사거리점,본그룹,백반·죽·국수,대전광역시,서구,63.8828,C
growth_probability_focus,성장확률 강화,ba_14798760,굽네치킨&피자 도래울점,굽네치킨,치킨,경기도,고양시,58.7709,C
growth_probability_focus,성장확률 강화,ba_14575172,굽네치킨 좌4동점,굽네치킨,치킨,부산광역시,해운대구,63.2315,C
growth_probability_focus,성장확률 강화,ba_10750970,굽네치킨 청주강서지구점,굽네치킨,치킨,충청북도,청주시,64.2677,C
growth_probability_focus,성장확률 강화,ba_13233463,본죽&비빔밥 대구북구청점,본그룹,백반·죽·국수,대구광역시,북구,63.1725,C
growth_probability_focus,성장확률 강화,ba_13230834,본죽&비빔밥 송도신도시점,본그룹,백반·죽·국수,인천광역시,연수구,54.2828,C
growth_probability_focus,성장확률 강화,ba_14390691,본죽&비빔밥 경산옥곡점,본그룹,백반·죽·국수,경상북도,경산시,63.3221,C
growth_probability_focus,성장확률 강화,ba_14599973,굽네치킨 파주법원점,굽네치킨,치킨,경기도,파주시,61.2013,C
growth_probability_focus,성장확률 강화,ba_13612153,본죽&비빔밥 철산역점,본그룹,백반·죽·국수,경기도,광명시,57.5270,C
growth_probability_focus,성장확률 강화,ba_14760741,본죽&비빔밥 용인신갈점,본그룹,백반·죽·국수,경기도,용인시,63.0973,C
growth_probability_focus,성장확률 강화,ba_14689409,본죽&비빔밥 수원권선롯데마트점,본그룹,백반·죽·국수,경기도,수원시,60.6350,C
growth_probability_focus,성장확률 강화,ba_14690695,본죽&비빔밥 김해구산점,본그룹,백반·죽·국수,경상남도,김해시,64.9240,C
growth_probability_focus,성장확률 강화,ba_13235588,본죽 성균관대점,본그룹,백반·죽·국수,서울특별시,종로구,62.5961,C
growth_probability_focus,성장확률 강화,ba_13230879,본죽&비빔밥 강남성심병원점,본그룹,백반·죽·국수,서울특별시,영등포구,57.7281,C
growth_probability_focus,성장확률 강화,ba_14654080,굽네치킨 부산명장점,굽네치킨,치킨,부산광역시,동래구,62.7650,C
growth_probability_focus,성장확률 강화,ba_14700905,본죽&비빔밥 호탄점,본그룹,백반·죽·국수,경상남도,진주시,63.0187,C
growth_probability_focus,성장확률 강화,ba_14719554,본죽&비빔밥 파주금릉역점,본그룹,백반·죽·국수,경기도,파주시,65.1178,B
growth_probability_focus,성장확률 강화,ba_14603467,본죽&비빔밥 천안불당점,본그룹,백반·죽·국수,충청남도,천안시,64.1135,C
growth_probability_focus,성장확률 강화,ba_14691894,본죽 광양마동점,본그룹,백반·죽·국수,전라남도,광양시,64.4032,C
growth_probability_focus,성장확률 강화,ba_14689855,본죽&비빔밥 안양동편마을점,본그룹,백반·죽·국수,경기도,안양시,65.1443,B
growth_probability_focus,성장확률 강화,ba_14260091,굽네치킨 부평역점,굽네치킨,치킨,인천광역시,부평구,63.9196,C
growth_probability_focus,성장확률 강화,ba_13230838,본죽&비빔밥 시흥사거리점,본그룹,백반·죽·국수,서울특별시,금천구,62.5863,C
growth_probability_focus,성장확률 강화,ba_14690154,본죽&비빔밥 대화역점,본그룹,백반·죽·국수,경기도,고양시,61.0329,C
growth_probability_focus,성장확률 강화,ba_14691813,본죽&비빔밥 울산호계점,본그룹,백반·죽·국수,울산광역시,북구,57.7298,C
growth_probability_focus,성장확률 강화,ba_13471384,본죽&비빔밥 통영죽림점,본그룹,백반·죽·국수,경상남도,통영시,63.5787,C
growth_probability_focus,성장확률 강화,ba_14689395,본죽&비빔밥 용인둔전점,본그룹,백반·죽·국수,경기도,용인시,64.7539,C
growth_probability_focus,성장확률 강화,ba_14720263,굽네피자 강화온수점,굽네치킨,피자,인천광역시,강화군,60.1139,C
growth_probability_focus,성장확률 강화,ba_14688684,본죽&비빔밥 부천심곡본동점,본그룹,백반·죽·국수,경기도,부천시,64.7892,C
growth_probability_focus,성장확률 강화,ba_14691797,본죽&비빔밥 부산모라점,본그룹,백반·죽·국수,부산광역시,사상구,62.0393,C
growth_probability_focus,성장확률 강화,ba_10705443,굽네치킨 거제연초점,굽네치킨,치킨,경상남도,거제시,60.6607,C
growth_probability_focus,성장확률 강화,ba_13188150,본죽&비빔밥 제주법원점,본그룹,백반·죽·국수,제주특별자치도,제주시,63.4999,C
growth_probability_focus,성장확률 강화,ba_13522931,본죽&비빔밥 파주문산점,본그룹,백반·죽·국수,경기도,파주시,63.8634,C
growth_probability_focus,성장확률 강화,ba_13222051,본죽&비빔밥 이천점,본그룹,백반·죽·국수,경기도,이천시,62.3047,C
growth_probability_focus,성장확률 강화,ba_14688563,본죽&비빔밥 신정네거리역점,본그룹,백반·죽·국수,서울특별시,양천구,60.7352,C
growth_probability_focus,성장확률 강화,ba_10739524,굽네치킨 강원횡성점,굽네치킨,치킨,강원특별자치도,횡성군,61.7982,C
growth_probability_focus,성장확률 강화,ba_13233445,본죽&비빔밥 여수죽림점,본그룹,백반·죽·국수,전라남도,여수시,63.4582,C
growth_probability_focus,성장확률 강화,ba_13539608,굽네치킨 창원중앙점,굽네치킨,치킨,경상남도,창원시,62.1746,C
growth_probability_focus,성장확률 강화,ba_10604883,굽네치킨 거제고현점,굽네치킨,치킨,경상남도,거제시,60.4306,C
growth_probability_focus,성장확률 강화,ba_14671974,굽네피자 부산동삼점,굽네치킨,피자,부산광역시,영도구,61.5967,C
growth_probability_focus,성장확률 강화,ba_14708789,본죽&비빔밥 파주금릉역점,본그룹,백반·죽·국수,경기도,파주시,63.0345,C
growth_probability_focus,성장확률 강화,ba_14652929,굽네치킨 울산중앙점,굽네치킨,치킨,울산광역시,중구,61.8725,C
growth_probability_focus,성장확률 강화,ba_14591780,굽네치킨&피자 금산읍점,굽네치킨,치킨,충청남도,금산군,61.0325,C
growth_probability_focus,성장확률 강화,ba_14267751,굽네치킨 신정7동점,굽네치킨,치킨,서울특별시,양천구,60.2695,C
growth_probability_focus,성장확률 강화,ba_14273478,굽네피자 원미점,굽네치킨,피자,경기도,부천시,59.3572,C
growth_probability_focus,성장확률 강화,ba_14691178,본죽&비빔밥 대구서구청점,본그룹,백반·죽·국수,대구광역시,서구,64.6731,C
growth_probability_focus,성장확률 강화,ba_14688614,본죽 안산본오1동점,본그룹,백반·죽·국수,경기도,안산시,64.1168,C
growth_probability_focus,성장확률 강화,ba_13227516,본죽&비빔밥 부산동래점,본그룹,백반·죽·국수,부산광역시,동래구,62.9645,C
growth_probability_focus,성장확률 강화,ba_14689595,본죽&비빔밥 시흥배곧점,본그룹,백반·죽·국수,경기도,시흥시,64.4668,C
growth_probability_focus,성장확률 강화,ba_14689496,본죽&비빔밥 수원역매산점,본그룹,백반·죽·국수,경기도,수원시,63.2233,C
growth_probability_focus,성장확률 강화,ba_14689464,본죽&비빔밥 파주금촌점,본그룹,백반·죽·국수,경기도,파주시,64.2693,C
growth_probability_focus,성장확률 강화,ba_14581239,굽네치킨 여좌중앙점,굽네치킨,치킨,경상남도,창원시,60.3407,C
growth_probability_focus,성장확률 강화,ba_14688338,본죽 부천대성병원점,본그룹,백반·죽·국수,경기도,부천시,56.4179,C
growth_probability_focus,성장확률 강화,ba_14528279,굽네치킨 봉동점,굽네치킨,치킨,전북특별자치도,완주군,62.1391,C
growth_probability_focus,성장확률 강화,ba_14441192,굽네피자 나주빛가람점,굽네치킨,피자,전라남도,나주시,59.6524,C
growth_probability_focus,성장확률 강화,ba_14440681,굽네피자 면목점,굽네치킨,피자,서울특별시,중랑구,63.0111,C
growth_probability_focus,성장확률 강화,ba_14437626,굽네치킨&피자 대구읍내점,굽네치킨,치킨,대구광역시,북구,61.2662,C
growth_probability_focus,성장확률 강화,ba_10401021,굽네치킨 가산점,굽네치킨,치킨,서울특별시,금천구,61.2041,C
growth_probability_focus,성장확률 강화,ba_13203399,본죽&비빔밥 제주강정점,본그룹,백반·죽·국수,제주특별자치도,서귀포시,63.5842,C
growth_probability_focus,성장확률 강화,ba_14688697,본죽&비빔밥 신풍역점,본그룹,백반·죽·국수,서울특별시,영등포구,61.1773,C
growth_probability_focus,성장확률 강화,ba_10041246,굽네치킨 수색증산점,굽네치킨,치킨,서울특별시,은평구,59.0857,C
growth_probability_focus,성장확률 강화,ba_14229365,굽네치킨&피자 중곡1동점,굽네치킨,치킨,서울특별시,광진구,61.0183,C
growth_probability_focus,성장확률 강화,ba_10739556,굽네치킨 양산석산점,굽네치킨,치킨,경상남도,양산시,61.7577,C
growth_probability_focus,성장확률 강화,ba_10698315,굽네치킨 풍기점,굽네치킨,치킨,경상북도,영주시,59.9290,C
growth_probability_focus,성장확률 강화,ba_14488211,굽네치킨&피자 풍동점,굽네치킨,치킨,경기도,고양시,60.8962,C
growth_probability_focus,성장확률 강화,ba_14749296,굽네치킨&피자 석촌고분점,굽네치킨,치킨,서울특별시,송파구,60.9104,C
growth_probability_focus,성장확률 강화,ba_14716102,본죽&비빔밥 의정부발곡점,본그룹,백반·죽·국수,경기도,의정부시,63.5878,C
growth_probability_focus,성장확률 강화,ba_14767931,본죽&비빔밥 신중동점,본그룹,백반·죽·국수,경기도,부천시,63.1007,C
growth_probability_focus,성장확률 강화,ba_14706394,본죽&비빔밥 호탄점,본그룹,백반·죽·국수,경상남도,진주시,63.9140,C
growth_probability_focus,성장확률 강화,ba_14690725,본죽&비빔밥 광주주월점,본그룹,백반·죽·국수,광주광역시,남구,61.3193,C
growth_probability_focus,성장확률 강화,ba_14604237,굽네치킨 울산다운점,굽네치킨,치킨,울산광역시,중구,61.5100,C
growth_probability_focus,성장확률 강화,ba_13233506,본죽 광양마동점,본그룹,백반·죽·국수,전라남도,광양시,60.6139,C
growth_probability_focus,성장확률 강화,ba_13234193,본죽 경주황성점,본그룹,백반·죽·국수,경상북도,경주시,61.4883,C
growth_probability_focus,성장확률 강화,ba_14691330,본죽&비빔밥 구미형곡송정점,본그룹,백반·죽·국수,경상북도,구미시,61.5705,C
growth_probability_focus,성장확률 강화,ba_13052096,굽네치킨 구로5동점,굽네치킨,치킨,서울특별시,구로구,59.8352,C
growth_probability_focus,성장확률 강화,ba_10509105,굽네치킨&피자 강저지구점,굽네치킨,치킨,충청북도,제천시,61.5330,C
growth_probability_focus,성장확률 강화,ba_14799070,굽네치킨&피자 전남나주점,굽네치킨,치킨,전라남도,나주시,58.0828,C
growth_probability_focus,성장확률 강화,ba_14712797,굽네치킨 논공점,굽네치킨,치킨,대구광역시,달성군,61.0063,C
growth_probability_focus,성장확률 강화,ba_14463467,굽네치킨 화명신도시점,굽네치킨,치킨,부산광역시,북구,60.3240,C
growth_probability_focus,성장확률 강화,ba_14690577,본죽&비빔밥 포항양덕점,본그룹,백반·죽·국수,경상북도,포항시,57.8729,C
growth_probability_focus,성장확률 강화,ba_14671490,굽네피자 영천중앙점,굽네치킨,피자,경상북도,영천시,58.5001,C
growth_probability_focus,성장확률 강화,ba_14454741,본죽&비빔밥 부천소새울역점,본그룹,백반·죽·국수,경기도,부천시,61.9927,C
growth_probability_focus,성장확률 강화,ba_10016162,굽네치킨 신월사파점,굽네치킨,치킨,경상남도,창원시,60.2660,C
growth_probability_focus,성장확률 강화,ba_14691751,본죽&비빔밥 대전판암점,본그룹,백반·죽·국수,대전광역시,동구,63.2036,C
growth_probability_focus,성장확률 강화,ba_14687315,본죽&비빔밥 뚝섬유원지역점,본그룹,백반·죽·국수,서울특별시,광진구,56.8789,C
growth_probability_focus,성장확률 강화,ba_13236479,본죽 군포지샘병원점,본그룹,백반·죽·국수,경기도,군포시,55.3413,C
growth_probability_focus,성장확률 강화,ba_14673431,굽네치킨 부산온천점,굽네치킨,치킨,부산광역시,동래구,59.1431,C
growth_probability_focus,성장확률 강화,ba_14754893,본죽&비빔밥 일산탄현큰마을점,본그룹,백반·죽·국수,경기도,고양시,53.2386,C
growth_probability_focus,성장확률 강화,ba_13225842,본죽 동인천점,본그룹,백반·죽·국수,인천광역시,중구,52.9106,C
growth_probability_focus,성장확률 강화,ba_14623314,굽네치킨 충효점,굽네치킨,치킨,경상북도,경주시,60.7018,C
growth_probability_focus,성장확률 강화,ba_14564492,본죽&비빔밥 대구신월성점,본그룹,백반·죽·국수,대구광역시,달서구,61.8158,C
growth_probability_focus,성장확률 강화,ba_14715313,굽네치킨&피자 홍은1동점,굽네치킨,치킨,서울특별시,서대문구,58.0648,C
growth_probability_focus,성장확률 강화,ba_14687115,본죽 강서구청점,본그룹,백반·죽·국수,서울특별시,강서구,60.0685,C
growth_probability_focus,성장확률 강화,ba_14795104,굽네치킨 독산스타점,굽네치킨,치킨,서울특별시,금천구,58.5493,C
growth_probability_focus,성장확률 강화,ba_14687341,본죽&비빔밥 봉천역점,본그룹,백반·죽·국수,서울특별시,관악구,60.3723,C
growth_probability_focus,성장확률 강화,ba_14598667,본죽&비빔밥 조치원죽림점,본그룹,백반·죽·국수,세종특별자치시,조치원읍,61.3257,C
growth_probability_focus,성장확률 강화,ba_14694145,본죽&비빔밥 합정역점,본그룹,백반·죽·국수,서울특별시,마포구,58.7562,C
growth_probability_focus,성장확률 강화,ba_14671483,굽네치킨 영천중앙점,굽네치킨,치킨,경상북도,영천시,60.3602,C
growth_probability_focus,성장확률 강화,ba_14735878,본죽&비빔밥 시흥능곡점,본그룹,백반·죽·국수,경기도,시흥시,63.0959,C
growth_probability_focus,성장확률 강화,ba_13975731,굽네피자 신길뉴타운점,굽네치킨,피자,서울특별시,영등포구,58.4309,C
growth_probability_focus,성장확률 강화,ba_10821092,굽네치킨 주안3호점,굽네치킨,치킨,인천광역시,미추홀구,61.1555,C
growth_probability_focus,성장확률 강화,ba_14690014,본죽&비빔밥 인천석바위점,본그룹,백반·죽·국수,인천광역시,미추홀구,61.3760,C
growth_probability_focus,성장확률 강화,ba_13231147,본죽&비빔밥 인천송도웰카운티점,본그룹,백반·죽·국수,인천광역시,연수구,60.8215,C
growth_probability_focus,성장확률 강화,ba_14736722,굽네치킨&피자 철원와수점,굽네치킨,치킨,강원특별자치도,철원군,58.2450,C
growth_probability_focus,성장확률 강화,ba_14740239,굽네치킨 임실읍점,굽네치킨,치킨,전북특별자치도,임실군,59.2528,C
growth_probability_focus,성장확률 강화,ba_14737726,굽네치킨 대치4동점,굽네치킨,치킨,서울특별시,강남구,58.4244,C
growth_probability_focus,성장확률 강화,ba_14637553,굽네치킨&피자 양지동점,굽네치킨,치킨,경기도,성남시,58.3588,C
growth_probability_focus,성장확률 강화,ba_14699649,굽네치킨 시흥신천점,굽네치킨,치킨,경기도,시흥시,58.8150,C
growth_probability_focus,성장확률 강화,ba_14689759,본죽&비빔밥 인천송도웰카운티점,본그룹,백반·죽·국수,인천광역시,연수구,61.4007,C
growth_probability_focus,성장확률 강화,ba_14692168,본죽&비빔밥 해운대장산역점,본그룹,백반·죽·국수,부산광역시,해운대구,62.4736,C
growth_probability_focus,성장확률 강화,ba_14729038,굽네치킨&피자 파주읍점,굽네치킨,치킨,경기도,파주시,59.3826,C
growth_probability_focus,성장확률 강화,ba_14689402,본죽&비빔밥 의정부을지대병원점,본그룹,백반·죽·국수,경기도,의정부시,61.4213,C
growth_probability_focus,성장확률 강화,ba_13235498,본죽&비빔밥 외대점,본그룹,백반·죽·국수,서울특별시,동대문구,60.1074,C
growth_probability_focus,성장확률 강화,ba_10638951,굽네치킨 영천동부점,굽네치킨,치킨,경상북도,영천시,58.3628,C
growth_probability_focus,성장확률 강화,ba_14692185,본죽&비빔밥 세종첫마을점,본그룹,백반·죽·국수,세종특별자치시,노을3로,60.1350,C
growth_probability_focus,성장확률 강화,ba_13492399,본죽&비빔밥 등촌공항대로점,본그룹,백반·죽·국수,서울특별시,강서구,58.9798,C
growth_probability_focus,성장확률 강화,ba_13233575,본죽&비빔밥 대구두산점,본그룹,백반·죽·국수,대구광역시,수성구,54.1659,C
growth_probability_focus,성장확률 강화,ba_10580903,굽네치킨 길음1동점,굽네치킨,치킨,서울특별시,성북구,57.3230,C
growth_probability_focus,성장확률 강화,ba_13228909,본죽&비빔밥 청주사창점,본그룹,백반·죽·국수,충청북도,청주시,60.4703,C
growth_probability_focus,성장확률 강화,ba_14691296,본죽 대덕테크노밸리점,본그룹,백반·죽·국수,대전광역시,유성구,60.2611,C
growth_probability_focus,성장확률 강화,ba_14690068,본죽&비빔밥 용인동천점,본그룹,백반·죽·국수,경기도,용인시,54.9775,C
growth_probability_focus,성장확률 강화,ba_13233782,본죽&비빔밥 대구서구청점,본그룹,백반·죽·국수,대구광역시,서구,60.7679,C
growth_probability_focus,성장확률 강화,ba_14754936,굽네치킨 경주외동점,굽네치킨,치킨,경상북도,경주시,58.1624,C
growth_probability_focus,성장확률 강화,ba_14600429,굽네치킨&피자 김천부곡점,굽네치킨,치킨,경상북도,김천시,58.9013,C
growth_probability_focus,성장확률 강화,ba_14691171,본죽 부산서면점,본그룹,백반·죽·국수,부산광역시,부산진구,62.3235,C
growth_probability_focus,성장확률 강화,ba_14440680,굽네치킨&피자 면목점,굽네치킨,치킨,서울특별시,중랑구,57.8122,C
growth_probability_focus,성장확률 강화,ba_14744329,본죽&비빔밥 송파헬리오시티점,본그룹,백반·죽·국수,서울특별시,송파구,58.1027,C
growth_probability_focus,성장확률 강화,ba_13475914,본죽&비빔밥 광주백운대성초교점,본그룹,백반·죽·국수,광주광역시,남구,59.8269,C
growth_probability_focus,성장확률 강화,ba_14728839,굽네치킨 대구동인점,굽네치킨,치킨,대구광역시,중구,59.1156,C
growth_probability_focus,성장확률 강화,ba_14729784,굽네치킨 경북울진점,굽네치킨,치킨,경상북도,울진군,57.8402,C
growth_probability_focus,성장확률 강화,ba_10204887,굽네치킨 대구매호점,굽네치킨,치킨,대구광역시,수성구,55.5455,C
growth_probability_focus,성장확률 강화,ba_14309634,굽네치킨&피자 삼성2동점,굽네치킨,치킨,서울특별시,강남구,59.4369,C
growth_probability_focus,성장확률 강화,ba_14308402,굽네피자 삼성2동점,굽네치킨,피자,서울특별시,강남구,55.8024,C
growth_probability_focus,성장확률 강화,ba_14685750,"굽네치킨 개금1,2동점",굽네치킨,치킨,부산광역시,부산진구,58.6201,C
growth_probability_focus,성장확률 강화,ba_14322928,본죽&비빔밥 부천심곡본동점,본그룹,백반·죽·국수,경기도,부천시,59.7482,C
growth_probability_focus,성장확률 강화,ba_14388863,굽네피자 여의도1호점,굽네치킨,피자,서울특별시,영등포구,58.3760,C
growth_probability_focus,성장확률 강화,ba_13226860,본죽 부산서면점,본그룹,백반·죽·국수,부산광역시,부산진구,60.9303,C
growth_probability_focus,성장확률 강화,ba_10800862,굽네치킨 송파점,굽네치킨,치킨,서울특별시,송파구,58.1130,C
growth_probability_focus,성장확률 강화,ba_14708929,굽네치킨 고령다산점,굽네치킨,치킨,경상북도,고령군,57.6583,C
growth_probability_focus,성장확률 강화,ba_14785504,본죽&비빔밥 증평점,본그룹,백반·죽·국수,충청북도,증평군,58.0060,C
growth_probability_focus,성장확률 강화,ba_14720368,본죽&비빔밥 김포마산점,본그룹,백반·죽·국수,경기도,김포시,61.5291,C
growth_probability_focus,성장확률 강화,ba_14689910,본죽&비빔밥 외대점,본그룹,백반·죽·국수,서울특별시,동대문구,59.8768,C
growth_probability_focus,성장확률 강화,ba_14699399,굽네치킨 와동점,굽네치킨,치킨,경기도,안산시,58.2470,C
growth_probability_focus,성장확률 강화,ba_14767892,굽네치킨&피자 둔촌시장점,굽네치킨,치킨,서울특별시,강동구,56.2909,C
growth_probability_focus,성장확률 강화,ba_14726472,굽네치킨&피자 신대부적점,굽네치킨,치킨,경상북도,경산시,57.1354,C
growth_probability_focus,성장확률 강화,ba_13226843,본죽 부산가야점,본그룹,백반·죽·국수,부산광역시,부산진구,52.4360,C
growth_probability_focus,성장확률 강화,ba_14280570,본죽&비빔밥 분당수내점,본그룹,백반·죽·국수,경기도,성남시,53.4416,C
growth_probability_focus,성장확률 강화,ba_14691146,본죽 부산범내골역점,본그룹,백반·죽·국수,부산광역시,부산진구,52.5779,C
growth_probability_focus,성장확률 강화,ba_14700021,굽네치킨 영등포본동점,굽네치킨,치킨,서울특별시,영등포구,56.7146,C
growth_probability_focus,성장확률 강화,ba_14689942,본죽 인천학산사거리점,본그룹,백반·죽·국수,인천광역시,미추홀구,53.8219,C
growth_probability_focus,성장확률 강화,ba_10605803,굽네치킨 구월점,굽네치킨,치킨,인천광역시,남동구,53.9196,C
growth_probability_focus,성장확률 강화,ba_14801006,굽네치킨&피자 상봉점,굽네치킨,치킨,서울특별시,중랑구,52.4584,C
growth_probability_focus,성장확률 강화,ba_10040420,굽네치킨 김해진영점,굽네치킨,치킨,경상남도,김해시,58.8879,C
growth_probability_focus,성장확률 강화,ba_14296954,굽네치킨&피자 청주동남지구점,굽네치킨,치킨,충청북도,청주시,56.6547,C
growth_probability_focus,성장확률 강화,ba_13301511,본죽&비빔밥 송도글로벌캠퍼스점,본그룹,백반·죽·국수,인천광역시,연수구,50.4192,C
growth_probability_focus,성장확률 강화,ba_14688086,본죽&비빔밥 보라매점,본그룹,백반·죽·국수,서울특별시,동작구,58.4929,C
growth_probability_focus,성장확률 강화,ba_14690763,본죽&비빔밥 양산남부시장점,본그룹,백반·죽·국수,경상남도,양산시,59.2140,C
growth_probability_focus,성장확률 강화,ba_13227696,본죽 부산온천장점,본그룹,백반·죽·국수,부산광역시,동래구,60.1129,C
growth_probability_focus,성장확률 강화,ba_14260093,굽네치킨&피자 부평역점,굽네치킨,피자,인천광역시,부평구,56.1138,C
growth_probability_focus,성장확률 강화,ba_14689782,본죽 김포감정점,본그룹,백반·죽·국수,경기도,김포시,54.5080,C
growth_probability_focus,성장확률 강화,ba_13224790,본죽&비빔밥 안양덕천래미안점,본그룹,백반·죽·국수,경기도,안양시,58.5926,C
growth_probability_focus,성장확률 강화,ba_14688207,본죽 이대점,본그룹,백반·죽·국수,서울특별시,서대문구,52.4884,C
growth_probability_focus,성장확률 강화,ba_13233607,본죽 전북봉동점,본그룹,백반·죽·국수,전북특별자치도,완주군,55.4650,C
growth_probability_focus,성장확률 강화,ba_13224027,본죽 삼전동점,본그룹,백반·죽·국수,서울특별시,송파구,57.4519,C
growth_probability_focus,성장확률 강화,ba_14800284,굽네치킨&피자 광주양산점,굽네치킨,치킨,광주광역시,북구,52.0926,C
growth_probability_focus,성장확률 강화,ba_14689548,본죽&비빔밥 평택법원점,본그룹,백반·죽·국수,경기도,평택시,59.4780,C
growth_probability_focus,성장확률 강화,ba_14691030,본죽 대구진천역점,본그룹,백반·죽·국수,대구광역시,달서구,58.6379,C
growth_probability_focus,성장확률 강화,ba_14388856,굽네치킨&피자 여의도1호점,굽네치킨,치킨,서울특별시,영등포구,56.4337,C
growth_probability_focus,성장확률 강화,ba_14690786,본죽&비빔밥 광주문흥점,본그룹,백반·죽·국수,광주광역시,북구,59.3824,C
growth_probability_focus,성장확률 강화,ba_13768149,굽네치킨 신탄진점,굽네치킨,치킨,대전광역시,대덕구,55.3039,C
growth_probability_focus,성장확률 강화,ba_14732602,굽네치킨 서수원점,굽네치킨,치킨,경기도,수원시,56.8536,C
growth_probability_focus,성장확률 강화,ba_14245878,본죽&비빔밥 안양동편마을점,본그룹,백반·죽·국수,경기도,안양시,57.6143,C
growth_probability_focus,성장확률 강화,ba_14691234,본죽 대구남문시장점,본그룹,백반·죽·국수,대구광역시,중구,56.8173,C
growth_probability_focus,성장확률 강화,ba_10019194,굽네치킨&피자 신탄진점,굽네치킨,치킨,대전광역시,대덕구,56.0658,C
growth_probability_focus,성장확률 강화,ba_13228945,본죽&비빔밥 대전진잠점,본그룹,백반·죽·국수,대전광역시,유성구,57.8052,C
growth_probability_focus,성장확률 강화,ba_14495840,본죽&비빔밥 검단파라곤센트럴점,본그룹,백반·죽·국수,인천광역시,서구,58.1126,C
growth_probability_focus,성장확률 강화,ba_10040621,굽네치킨 울산성안점,굽네치킨,치킨,울산광역시,중구,55.4990,C
growth_probability_focus,성장확률 강화,ba_13233436,본죽&비빔밥 대구효성타운점,본그룹,백반·죽·국수,대구광역시,남구,50.9968,C
growth_probability_focus,성장확률 강화,ba_14687296,본죽&비빔밥 봉일시장점,본그룹,백반·죽·국수,서울특별시,관악구,57.7828,C
growth_probability_focus,성장확률 강화,ba_13648667,본죽&비빔밥 대전노은3지구점,본그룹,백반·죽·국수,대전광역시,유성구,51.2181,C
growth_probability_focus,성장확률 강화,ba_14794547,굽네치킨&피자 회기역점,굽네치킨,치킨,서울특별시,동대문구,51.3966,C
growth_probability_focus,성장확률 강화,ba_14729971,굽네치킨 군포1동점,굽네치킨,치킨,경기도,군포시,57.5917,C
growth_probability_focus,성장확률 강화,ba_13229527,본죽&비빔밥 상주점,본그룹,백반·죽·국수,경상북도,상주시,55.7136,C
growth_probability_focus,성장확률 강화,ba_14730330,본죽&비빔밥 동탄꼬모점,본그룹,백반·죽·국수,경기도,화성시,59.4897,C
growth_probability_focus,성장확률 강화,ba_14688176,본죽&비빔밥 옥수점,본그룹,백반·죽·국수,서울특별시,성동구,52.3848,C
growth_probability_focus,성장확률 강화,ba_14689536,본죽&비빔밥 파주운정신도시점,본그룹,백반·죽·국수,경기도,파주시,59.5361,C
growth_probability_focus,성장확률 강화,ba_13243478,본죽 보정동단국대점,본그룹,백반·죽·국수,경기도,용인시,51.3201,C
growth_probability_focus,성장확률 강화,ba_13200236,본죽 남양주진접롯데시네마점,본그룹,백반·죽·국수,경기도,남양주시,51.4286,C
growth_probability_focus,성장확률 강화,ba_14463469,굽네피자 화명신도시점,굽네치킨,피자,부산광역시,북구,54.4450,C
growth_probability_focus,성장확률 강화,ba_14690045,본죽&비빔밥 인천당하점,본그룹,백반·죽·국수,인천광역시,서구,58.6986,C
growth_probability_focus,성장확률 강화,ba_13230846,본죽&비빔밥 수원탑동점,본그룹,백반·죽·국수,경기도,수원시,51.2050,C
growth_probability_focus,성장확률 강화,ba_13268955,본죽&비빔밥 전주객사점,본그룹,백반·죽·국수,전북특별자치도,전주시,51.1155,C
growth_probability_focus,성장확률 강화,ba_13103901,굽네치킨&피자 나주혁신도시1호점,굽네치킨,피자,전라남도,나주시,54.9683,C
growth_probability_focus,성장확률 강화,ba_13193158,본죽&비빔밥 인천당하점,본그룹,백반·죽·국수,인천광역시,서구,56.7499,C
growth_probability_focus,성장확률 강화,ba_12014214,굽네치킨&피자 대전가오점,굽네치킨,치킨,대전광역시,동구,55.4563,C
growth_probability_focus,성장확률 강화,ba_10015935,굽네치킨 봉곡사림점,굽네치킨,치킨,경상남도,창원시,55.0912,C
growth_probability_focus,성장확률 강화,ba_14687137,본죽&비빔밥 명동점,본그룹,백반·죽·국수,서울특별시,중구,48.1959,D
growth_probability_focus,성장확률 강화,ba_13221975,본죽&비빔밥 용인마평점,본그룹,백반·죽·국수,경기도,용인시,56.6666,C
growth_probability_focus,성장확률 강화,ba_14254080,굽네치킨&피자 망우본동점,굽네치킨,치킨,서울특별시,중랑구,53.7550,C
growth_probability_focus,성장확률 강화,ba_14689378,본죽&비빔밥 성남중앙병원점,본그룹,백반·죽·국수,경기도,성남시,56.8095,C
growth_probability_focus,성장확률 강화,ba_14688336,본죽&비빔밥 고려대점,본그룹,백반·죽·국수,서울특별시,성북구,56.5367,C
growth_probability_focus,성장확률 강화,ba_13224844,본죽&비빔밥 평촌점,본그룹,백반·죽·국수,경기도,안양시,56.4960,C
growth_probability_focus,성장확률 강화,ba_14687310,본죽&비빔밥 가산디지털점,본그룹,백반·죽·국수,서울특별시,금천구,53.7540,C
growth_probability_focus,성장확률 강화,ba_13228166,본죽 제천하소점,본그룹,백반·죽·국수,충청북도,제천시,56.4630,C
growth_probability_focus,성장확률 강화,ba_14092187,굽네치킨&피자 일산식사점,굽네치킨,치킨,경기도,고양시,51.3492,C
growth_probability_focus,성장확률 강화,ba_14692178,본죽&비빔밥 제주함덕점,본그룹,백반·죽·국수,제주특별자치도,제주시,47.8679,D
growth_probability_focus,성장확률 강화,ba_14551802,본죽&비빔밥 명동2호점,본그룹,백반·죽·국수,서울특별시,중구,50.8476,C
growth_probability_focus,성장확률 강화,ba_14687365,본죽&비빔밥 덕성여대점,본그룹,백반·죽·국수,서울특별시,도봉구,52.1451,C
growth_probability_focus,성장확률 강화,ba_14725485,굽네치킨 구례읍점,굽네치킨,치킨,전라남도,구례군,53.4535,C
growth_probability_focus,성장확률 강화,ba_13230007,본죽 죽전벽산타운점,본그룹,백반·죽·국수,경기도,용인시,52.9104,C
growth_probability_focus,성장확률 강화,ba_14658160,굽네치킨&피자 대구옥포점,굽네치킨,치킨,대구광역시,달성군,53.3309,C
growth_probability_focus,성장확률 강화,ba_14665998,본죽&비빔밥 오금동사거리점,본그룹,백반·죽·국수,서울특별시,송파구,49.0905,D
growth_probability_focus,성장확률 강화,ba_14557869,굽네치킨 화곡4동점,굽네치킨,치킨,서울특별시,강서구,52.9271,C
growth_probability_focus,성장확률 강화,ba_13228993,본죽&비빔밥 동탄솔빛나루점,본그룹,백반·죽·국수,경기도,화성시,49.8841,D
growth_probability_focus,성장확률 강화,ba_13225746,본죽 고양점,본그룹,백반·죽·국수,경기도,고양시,49.0307,D
growth_probability_focus,성장확률 강화,ba_14694402,본죽 월곡점,본그룹,백반·죽·국수,서울특별시,성북구,49.5212,D
growth_probability_focus,성장확률 강화,ba_14666363,굽네치킨 충남태안점,굽네치킨,치킨,충청남도,태안군,51.1781,C
growth_probability_focus,성장확률 강화,ba_14308401,굽네치킨 삼성2동점,굽네치킨,치킨,서울특별시,강남구,48.8050,D
growth_probability_focus,성장확률 강화,ba_14692251,본죽&비빔밥 천안두정점,본그룹,백반·죽·국수,충청남도,천안시,56.6478,C
growth_probability_focus,성장확률 강화,ba_14735216,본죽&비빔밥 수지성복점,본그룹,백반·죽·국수,경기도,용인시,56.3750,C
growth_probability_focus,성장확률 강화,ba_14689403,본죽&비빔밥 의왕역점,본그룹,백반·죽·국수,경기도,의왕시,56.3453,C
growth_probability_focus,성장확률 강화,ba_14228062,굽네피자 월계2동점,굽네치킨,피자,서울특별시,노원구,52.8801,C
growth_probability_focus,성장확률 강화,ba_14690077,본죽&비빔밥 인천연희연세병원점,본그룹,백반·죽·국수,인천광역시,서구,55.3871,C
growth_probability_focus,성장확률 강화,ba_14153764,굽네피자 주안3호점,굽네치킨,피자,인천광역시,미추홀구,44.5267,D
growth_probability_focus,성장확률 강화,ba_14690062,본죽&비빔밥 용인물푸레마을점,본그룹,백반·죽·국수,경기도,용인시,47.7600,D
growth_probability_focus,성장확률 강화,ba_14272566,본죽&비빔밥 광명6동점,본그룹,백반·죽·국수,경기도,광명시,48.6858,D
growth_probability_focus,성장확률 강화,ba_14663534,굽네치킨 포항용흥점,굽네치킨,치킨,경상북도,포항시,50.8296,C
growth_probability_focus,성장확률 강화,ba_13459937,굽네치킨 성사점,굽네치킨,치킨,경기도,고양시,49.0433,D
growth_probability_focus,성장확률 강화,ba_14557882,굽네치킨 신방화역점,굽네치킨,치킨,서울특별시,강서구,51.8959,C
growth_probability_focus,성장확률 강화,ba_14691228,본죽&비빔밥 대구사월점,본그룹,백반·죽·국수,대구광역시,수성구,48.3739,D
growth_probability_focus,성장확률 강화,ba_14690092,본죽&비빔밥 인천불로동점,본그룹,백반·죽·국수,인천광역시,서구,54.6998,C
growth_probability_focus,성장확률 강화,ba_13233483,본죽&비빔밥 경산사동점,본그룹,백반·죽·국수,경상북도,경산시,47.5477,D
growth_probability_focus,성장확률 강화,ba_13234578,본죽&비빔밥 동백중앙점,본그룹,백반·죽·국수,경기도,용인시,48.1806,D
growth_probability_focus,성장확률 강화,ba_14692278,본죽 제천하소점,본그룹,백반·죽·국수,충청북도,제천시,53.9654,C
growth_probability_focus,성장확률 강화,ba_13081281,굽네치킨 하늘도시1호점,굽네치킨,치킨,인천광역시,중구,52.0255,C
growth_probability_focus,성장확률 강화,ba_13229747,본죽 창원중앙동점,본그룹,백반·죽·국수,경상남도,창원시,47.9612,D
growth_probability_focus,성장확률 강화,ba_14701165,본죽&비빔밥 연세세브란스빌딩점,본그룹,백반·죽·국수,서울특별시,중구,46.2000,D
growth_probability_focus,성장확률 강화,ba_12020564,굽네치킨&피자 거제고현점,굽네치킨,피자,경상남도,거제시,50.9428,C
growth_probability_focus,성장확률 강화,ba_14314711,굽네피자 송내2동점,굽네치킨,피자,경기도,부천시,46.7061,D
growth_probability_focus,성장확률 강화,ba_14775705,본죽&비빔밥 익산원광대병원점,본그룹,백반·죽·국수,전북특별자치도,익산시,52.3799,C
growth_probability_focus,성장확률 강화,ba_14693042,본죽&비빔밥 전주예수병원점,본그룹,백반·죽·국수,전북특별자치도,전주시,48.4850,D
growth_probability_focus,성장확률 강화,ba_13199335,본죽&비빔밥 울산매곡점,본그룹,백반·죽·국수,울산광역시,북구,47.6689,D
growth_probability_focus,성장확률 강화,ba_14689381,본죽&비빔밥 용인모현점,본그룹,백반·죽·국수,경기도,용인시,50.4288,C
growth_probability_focus,성장확률 강화,ba_14228061,굽네치킨 월계2동점,굽네치킨,치킨,서울특별시,노원구,51.0376,C
growth_probability_focus,성장확률 강화,ba_14117511,굽네치킨 논현1동점,굽네치킨,치킨,서울특별시,강남구,53.2458,C
growth_probability_focus,성장확률 강화,ba_14392494,굽네피자 원주혁신점,굽네치킨,피자,강원특별자치도,원주시,46.1560,D
growth_probability_focus,성장확률 강화,ba_14117512,굽네피자 논현1동점,굽네치킨,피자,서울특별시,강남구,47.6567,D
growth_probability_focus,성장확률 강화,ba_14472921,굽네피자 내당중리점,굽네치킨,피자,대구광역시,서구,46.1058,D
growth_probability_focus,성장확률 강화,ba_14648765,굽네치킨 서면가곡점,굽네치킨,치킨,전라남도,순천시,48.5947,D
growth_probability_focus,성장확률 강화,ba_14594474,본죽&비빔밥 광주계림동점,본그룹,백반·죽·국수,광주광역시,동구,51.1361,C
growth_probability_focus,성장확률 강화,ba_14042200,본죽&비빔밥 왕십리뉴타운점,본그룹,백반·죽·국수,서울특별시,성동구,47.8503,D
growth_probability_focus,성장확률 강화,ba_14687354,본죽&비빔밥 신도림점,본그룹,백반·죽·국수,서울특별시,구로구,50.6500,C
growth_probability_focus,성장확률 강화,ba_14687060,본죽&비빔밥 천호로데오점,본그룹,백반·죽·국수,서울특별시,강동구,50.9013,C
growth_probability_focus,성장확률 강화,ba_13233716,본죽 포항죽도오거리점,본그룹,백반·죽·국수,경상북도,포항시,48.1182,D
growth_probability_focus,성장확률 강화,ba_14651431,굽네피자 벌교읍점,굽네치킨,피자,전라남도,보성군,45.9731,D
growth_probability_focus,성장확률 강화,ba_14335172,굽네피자 장곡장현점,굽네치킨,피자,경기도,시흥시,45.8484,D
growth_probability_focus,성장확률 강화,ba_14651464,굽네피자 순천서면점,굽네치킨,피자,전라남도,순천시,45.8217,D
growth_probability_focus,성장확률 강화,ba_14662547,굽네치킨 신사우점,굽네치킨,치킨,강원특별자치도,춘천시,49.6058,D
growth_probability_focus,성장확률 강화,ba_13221865,본죽 처인구청점,본그룹,백반·죽·국수,경기도,용인시,47.5465,D
growth_probability_focus,성장확률 강화,ba_10768614,굽네치킨 신월상남점,굽네치킨,치킨,경상남도,창원시,49.3835,D
growth_probability_focus,성장확률 강화,ba_14297681,굽네피자 서산예천점,굽네치킨,피자,충청남도,서산시,45.5909,D
growth_probability_focus,성장확률 강화,ba_13231120,본죽 안산본오1동점,본그룹,백반·죽·국수,경기도,안산시,47.2956,D
growth_probability_focus,성장확률 강화,ba_10040411,굽네치킨,굽네치킨,치킨,서울특별시,성북구,45.3962,D
growth_probability_focus,성장확률 강화,ba_14615268,굽네피자 효자점,굽네치킨,피자,강원특별자치도,춘천시,45.3485,D
growth_probability_focus,성장확률 강화,ba_14620216,굽네치킨&피자 북아현점,굽네치킨,치킨,서울특별시,서대문구,48.9940,D
growth_probability_focus,성장확률 강화,ba_14680684,굽네피자 부산온천점,굽네치킨,피자,부산광역시,동래구,45.1468,D
growth_probability_focus,성장확률 강화,ba_14691235,본죽&비빔밥 대구범물동아백화점점,본그룹,백반·죽·국수,대구광역시,수성구,48.8252,D
growth_probability_focus,성장확률 강화,ba_12026171,굽네치킨&피자 선부3동점,굽네치킨,피자,경기도,안산시,45.0984,D
growth_probability_focus,성장확률 강화,ba_14338227,굽네피자 상대원점,굽네치킨,피자,경기도,성남시,44.8586,D
growth_probability_focus,성장확률 강화,ba_14285796,본죽&비빔밥 대구평리뉴타운점,본그룹,백반·죽·국수,대구광역시,서구,46.2717,D
growth_probability_focus,성장확률 강화,ba_14687088,본죽 길동시장점,본그룹,백반·죽·국수,서울특별시,강동구,47.7603,D
growth_probability_focus,성장확률 강화,ba_14387283,본죽&비빔밥 신봉초교점,본그룹,백반·죽·국수,경기도,용인시,46.7254,D
growth_probability_focus,성장확률 강화,ba_14688923,본죽&비빔밥 종로르메이에르점,본그룹,백반·죽·국수,서울특별시,종로구,47.3196,D
growth_probability_focus,성장확률 강화,ba_13969906,굽네피자 포항흥해점,굽네치킨,피자,경상북도,포항시,44.7917,D
growth_probability_focus,성장확률 강화,ba_14756247,본죽&비빔밥 일산가좌점,본그룹,백반·죽·국수,경기도,고양시,48.3538,D
growth_probability_focus,성장확률 강화,ba_14171127,굽네피자 연경점,굽네치킨,피자,대구광역시,동구,48.5058,D
growth_probability_focus,성장확률 강화,ba_12017934,굽네치킨&피자 삼숭고읍점,굽네치킨,피자,경기도,양주시,44.7614,D
growth_probability_focus,성장확률 강화,ba_13233448,본죽&비빔밥 대구달서구청점,본그룹,백반·죽·국수,대구광역시,달서구,46.1810,D
growth_probability_focus,성장확률 강화,ba_14692592,본죽 의정부가능역점,본그룹,백반·죽·국수,경기도,의정부시,53.0955,C
growth_probability_focus,성장확률 강화,ba_13234475,본죽&비빔밥 노량진점,본그룹,백반·죽·국수,서울특별시,동작구,45.8127,D
growth_probability_focus,성장확률 강화,ba_13079581,굽네치킨&피자 온의퇴계점,굽네치킨,피자,강원특별자치도,춘천시,44.6963,D
growth_probability_focus,성장확률 강화,ba_13235631,본죽 인왕산점,본그룹,백반·죽·국수,서울특별시,서대문구,47.2868,D
growth_probability_focus,성장확률 강화,ba_13233764,본죽 대구송라시장점,본그룹,백반·죽·국수,대구광역시,동구,46.7146,D
growth_probability_focus,성장확률 강화,ba_14248058,굽네피자 은행선화점,굽네치킨,피자,대전광역시,중구,44.5093,D
growth_probability_focus,성장확률 강화,ba_14788152,굽네피자 초읍점,굽네치킨,피자,부산광역시,부산진구,44.4540,D
growth_probability_focus,성장확률 강화,ba_14199673,굽네피자 가양점,굽네치킨,피자,서울특별시,강서구,44.4289,D
growth_probability_focus,성장확률 강화,ba_13236401,본죽 대학로본점,본그룹,백반·죽·국수,서울특별시,종로구,49.3558,D
growth_probability_focus,성장확률 강화,ba_14668967,굽네피자 신사우점,굽네치킨,피자,강원특별자치도,춘천시,44.3578,D
growth_probability_focus,성장확률 강화,ba_13969888,굽네피자 청주강서지구점,굽네치킨,피자,충청북도,청주시,44.3337,D
growth_probability_focus,성장확률 강화,ba_13122792,굽네치킨&피자 청주 강서지구점,굽네치킨,피자,충청북도,청주시,44.3337,D
growth_probability_focus,성장확률 강화,ba_14605018,굽네피자 대구신매점,굽네치킨,피자,대구광역시,수성구,44.3006,D
growth_probability_focus,성장확률 강화,ba_13228677,본죽 청주봉명점,본그룹,백반·죽·국수,충청북도,청주시,45.9173,D
growth_probability_focus,성장확률 강화,ba_13221638,본죽&비빔밥 이천마장점,본그룹,백반·죽·국수,경기도,이천시,47.5046,D
growth_probability_focus,성장확률 강화,ba_13222803,본죽 오금점,본그룹,백반·죽·국수,서울특별시,송파구,47.1453,D
growth_probability_focus,성장확률 강화,ba_13969554,굽네피자 포항양덕점,굽네치킨,피자,경상북도,포항시,43.9194,D
growth_probability_focus,성장확률 강화,ba_14556221,굽네치킨&피자 청주봉명점,굽네치킨,치킨,충청북도,청주시,50.0821,C
growth_probability_focus,성장확률 강화,ba_13223367,본죽 성수역점,본그룹,백반·죽·국수,서울특별시,성동구,46.3313,D
growth_probability_focus,성장확률 강화,ba_14778106,굽네치킨 구로디지털점,굽네치킨,치킨,서울특별시,구로구,43.9599,D
growth_probability_focus,성장확률 강화,ba_14544899,본죽&비빔밥 안양호계포도원점,본그룹,백반·죽·국수,경기도,안양시,45.5716,D
growth_probability_focus,성장확률 강화,ba_13974018,굽네피자 송파점,굽네치킨,피자,서울특별시,송파구,43.8350,D
growth_probability_focus,성장확률 강화,ba_14245849,본죽&비빔밥 광양중동점,본그룹,백반·죽·국수,전라남도,광양시,48.2460,D
growth_probability_focus,성장확률 강화,ba_14171262,굽네피자 칠암망경점,굽네치킨,피자,경상남도,진주시,43.8375,D
growth_probability_focus,성장확률 강화,ba_14464914,굽네피자 부산구서점,굽네치킨,피자,부산광역시,금정구,43.7638,D
growth_probability_focus,성장확률 강화,ba_13969933,굽네피자 신탄진점,굽네치킨,피자,대전광역시,대덕구,43.7629,D
growth_probability_focus,성장확률 강화,ba_13047702,굽네피자&치킨 광주상무점,굽네치킨,피자,광주광역시,서구,43.7311,D
growth_probability_focus,성장확률 강화,ba_14387630,굽네치킨 등촌2동점,굽네치킨,치킨,서울특별시,강서구,49.8157,D
growth_probability_focus,성장확률 강화,ba_12018905,굽네피자 거제연초점,굽네치킨,피자,경상남도,거제시,43.5328,D
growth_probability_focus,성장확률 강화,ba_14272179,굽네피자 마장점,굽네치킨,피자,경기도,이천시,44.0789,D
growth_probability_focus,성장확률 강화,ba_14296957,굽네피자 청주동남지구점,굽네치킨,피자,충청북도,청주시,43.4985,D
growth_probability_focus,성장확률 강화,ba_13233735,본죽 대구감삼드림시티점,본그룹,백반·죽·국수,대구광역시,달서구,45.9261,D
growth_probability_focus,성장확률 강화,ba_14809938,굽네치킨&피자 도곡스타점,굽네치킨,치킨,서울특별시,강남구,43.4513,D
growth_probability_focus,성장확률 강화,ba_12018493,굽네치킨&피자 부산덕천점,굽네치킨,피자,부산광역시,북구,43.4211,D
growth_probability_focus,성장확률 강화,ba_14690774,본죽&비빔밥 진주신안점,본그룹,백반·죽·국수,경상남도,진주시,51.6436,C
growth_probability_focus,성장확률 강화,ba_13969928,굽네피자 거제고현점,굽네치킨,피자,경상남도,거제시,43.4010,D
growth_probability_focus,성장확률 강화,ba_13163192,굽네치킨&피자 봉곡사림점,굽네치킨,피자,경상남도,창원시,43.2566,D
growth_probability_focus,성장확률 강화,ba_14688499,본죽 수원화서점,본그룹,백반·죽·국수,경기도,수원시,48.8997,D
growth_probability_focus,성장확률 강화,ba_13231195,본죽&비빔밥 수원광교역점,본그룹,백반·죽·국수,경기도,수원시,45.2286,D
growth_probability_focus,성장확률 강화,ba_13969807,굽네피자 경남사천점,굽네치킨,피자,경상남도,사천시,43.2020,D
growth_probability_focus,성장확률 강화,ba_14274576,굽네치킨&피자 갈현점,굽네치킨,치킨,서울특별시,은평구,43.1712,D
growth_probability_focus,성장확률 강화,ba_13232348,본죽&비빔밥 광주선운지구점,본그룹,백반·죽·국수,광주광역시,광산구,44.5039,D
growth_probability_focus,성장확률 강화,ba_14283482,본죽&비빔밥 목동역점,본그룹,백반·죽·국수,서울특별시,양천구,45.8387,D
growth_probability_focus,성장확률 강화,ba_12019541,굽네피자 양산석산점,굽네치킨,피자,경상남도,양산시,43.1018,D
growth_probability_focus,성장확률 강화,ba_14171093,굽네피자 양산물금점,굽네치킨,피자,경상남도,양산시,43.0370,D
growth_probability_focus,성장확률 강화,ba_14353161,굽네피자 구월점,굽네치킨,피자,인천광역시,남동구,42.9348,D
growth_probability_focus,성장확률 강화,ba_14352664,굽네피자 간석점,굽네치킨,피자,인천광역시,남동구,42.9350,D
growth_probability_focus,성장확률 강화,ba_14687307,본죽&비빔밥 봉천현대시장점,본그룹,백반·죽·국수,서울특별시,관악구,45.4956,D
growth_probability_focus,성장확률 강화,ba_14171081,굽네피자 김해진영점,굽네치킨,피자,경상남도,김해시,42.9064,D
growth_probability_focus,성장확률 강화,ba_14294476,굽네피자 하늘도시1호점,굽네치킨,피자,인천광역시,중구,42.9022,D
growth_probability_focus,성장확률 강화,ba_14637964,굽네피자 영덕영해점,굽네치킨,피자,경상북도,영덕군,42.8951,D
growth_probability_focus,성장확률 강화,ba_13097221,굽네치킨&피자 하늘도시1호점,굽네치킨,피자,인천광역시,중구,42.8906,D
growth_probability_focus,성장확률 강화,ba_14165975,굽네피자 송도신도시점,굽네치킨,피자,인천광역시,연수구,42.8567,D
growth_probability_focus,성장확률 강화,ba_14691072,본죽&비빔밥 대구신서혁신지구점,본그룹,백반·죽·국수,대구광역시,동구,45.7564,D
growth_probability_focus,성장확률 강화,ba_14691206,굽네피자 강화선원점,굽네치킨,피자,인천광역시,강화군,42.7975,D
growth_probability_focus,성장확률 강화,ba_14600398,굽네피자 여좌중앙점,굽네치킨,피자,경상남도,창원시,42.7731,D
growth_probability_focus,성장확률 강화,ba_10501929,굽네치킨 포항양덕점,굽네치킨,치킨,경상북도,포항시,48.9803,D
growth_probability_focus,성장확률 강화,ba_14669108,굽네피자 의정부용현점,굽네치킨,피자,경기도,의정부시,43.2255,D
growth_probability_focus,성장확률 강화,ba_13084303,굽네치킨&피자 양산물금점,굽네치킨,피자,경상남도,양산시,42.5749,D
growth_probability_focus,성장확률 강화,ba_14766646,본죽&비빔밥 대전한남대점,본그룹,백반·죽·국수,대전광역시,동구,46.4031,D
growth_probability_focus,성장확률 강화,ba_14692346,본죽&비빔밥 보령동대점,본그룹,백반·죽·국수,충청남도,보령시,52.1649,C
growth_probability_focus,성장확률 강화,ba_14673508,본죽&비빔밥 고덕래미안점,본그룹,백반·죽·국수,서울특별시,강동구,45.4300,D
growth_probability_focus,성장확률 강화,ba_14688233,본죽&비빔밥 수원오목천점,본그룹,백반·죽·국수,경기도,수원시,48.4621,D
growth_probability_focus,성장확률 강화,ba_13219045,본죽 구리인창아름마을점,본그룹,백반·죽·국수,경기도,구리시,45.8916,D
growth_probability_focus,성장확률 강화,ba_14692146,본죽&비빔밥 부산재송점,본그룹,백반·죽·국수,부산광역시,해운대구,51.5809,C
growth_probability_focus,성장확률 강화,ba_12020571,굽네피자 수색증산점,굽네치킨,피자,서울특별시,은평구,42.2780,D
growth_probability_focus,성장확률 강화,ba_14694671,본죽&비빔밥 범계로데오점,본그룹,백반·죽·국수,경기도,안양시,46.1179,D
growth_probability_focus,성장확률 강화,ba_13229975,본죽 구성언남점,본그룹,백반·죽·국수,경기도,용인시,44.5327,D
growth_probability_focus,성장확률 강화,ba_13111670,굽네치킨&피자 주안3호점,굽네치킨,피자,인천광역시,미추홀구,42.0028,D
growth_probability_focus,성장확률 강화,ba_14189792,굽네피자 부산우동점,굽네치킨,피자,부산광역시,해운대구,42.6703,D
growth_probability_focus,성장확률 강화,ba_14675307,굽네치킨 운남점,굽네치킨,치킨,인천광역시,중구,46.9227,D
growth_probability_focus,성장확률 강화,ba_14440526,굽네치킨 서산동문점,굽네치킨,치킨,충청남도,서산시,43.1695,D
growth_probability_focus,성장확률 강화,ba_14744706,본죽&비빔밥 세종시청점,본그룹,백반·죽·국수,세종특별자치시,한누리대로,47.4907,D
growth_probability_focus,성장확률 강화,ba_10019807,굽네치킨 부산덕천점,굽네치킨,치킨,부산광역시,북구,46.9404,D
growth_probability_focus,성장확률 강화,ba_14650120,굽네치킨&피자 벌교읍점,굽네치킨,치킨,전라남도,보성군,41.8326,D
growth_probability_focus,성장확률 강화,ba_14698239,본죽&비빔밥 의왕고천점,본그룹,백반·죽·국수,경기도,의왕시,46.6342,D
growth_probability_focus,성장확률 강화,ba_14250329,굽네피자 인창점,굽네치킨,피자,경기도,구리시,43.5043,D
growth_probability_focus,성장확률 강화,ba_14390509,굽네치킨 원주혁신점,굽네치킨,치킨,강원특별자치도,원주시,41.6514,D
growth_probability_focus,성장확률 강화,ba_14692460,본죽 안양샘병원점,본그룹,백반·죽·국수,경기도,안양시,48.6087,D
growth_probability_focus,성장확률 강화,ba_14597164,굽네치킨&피자 역삼2동점,굽네치킨,치킨,서울특별시,강남구,48.2457,D
growth_probability_focus,성장확률 강화,ba_14689999,본죽&비빔밥 인천승기사거리점,본그룹,백반·죽·국수,인천광역시,미추홀구,48.9743,D
growth_probability_focus,성장확률 강화,ba_13232134,본죽&비빔밥 광주운남점,본그룹,백반·죽·국수,광주광역시,광산구,43.6171,D
growth_probability_focus,성장확률 강화,ba_14687304,본죽&비빔밥 관악우체국점,본그룹,백반·죽·국수,서울특별시,관악구,45.4051,D
growth_probability_focus,성장확률 강화,ba_13223885,본죽&비빔밥 관악우체국점,본그룹,백반·죽·국수,서울특별시,관악구,45.4051,D
growth_probability_focus,성장확률 강화,ba_14701137,본죽&비빔밥 남양주호평점,본그룹,백반·죽·국수,경기도,남양주시,51.9560,C
growth_probability_focus,성장확률 강화,ba_14689591,본죽&비빔밥 평택서정리역점,본그룹,백반·죽·국수,경기도,평택시,45.3254,D
growth_probability_focus,성장확률 강화,ba_13233027,본죽&비빔밥 고척근린공원점,본그룹,백반·죽·국수,서울특별시,구로구,45.3048,D
growth_probability_focus,성장확률 강화,ba_14687334,본죽&비빔밥 고척근린공원점,본그룹,백반·죽·국수,서울특별시,구로구,45.3048,D
growth_probability_focus,성장확률 강화,ba_14792754,굽네치킨 보라점,굽네치킨,치킨,경기도,용인시,41.1876,D
growth_probability_focus,성장확률 강화,ba_14687136,본죽 서울백병원점,본그룹,백반·죽·국수,서울특별시,중구,43.4284,D
growth_probability_focus,성장확률 강화,ba_14271330,굽네치킨 일광신도시점,굽네치킨,치킨,부산광역시,기장군,47.6928,D
growth_probability_focus,성장확률 강화,ba_14689802,본죽&비빔밥 한성대입구점,본그룹,백반·죽·국수,서울특별시,성북구,45.0808,D
growth_probability_focus,성장확률 강화,ba_13235508,본죽&비빔밥 의정부녹양점,본그룹,백반·죽·국수,경기도,의정부시,43.4485,D
growth_probability_focus,성장확률 강화,ba_13236745,본죽&비빔밥 김해장유코아점,본그룹,백반·죽·국수,경상남도,김해시,44.0307,D
growth_probability_focus,성장확률 강화,ba_13189796,본죽&비빔밥 아산탕정점,본그룹,백반·죽·국수,충청남도,아산시,43.7016,D
growth_probability_focus,성장확률 강화,ba_14692164,본죽 세종고운점,본그룹,백반·죽·국수,세종특별자치시,마음로,44.9410,D
growth_probability_focus,성장확률 강화,ba_14810163,굽네피자 서현역점,굽네치킨,피자,경기도,성남시,40.4227,D
growth_probability_focus,성장확률 강화,ba_14560963,굽네피자 다산가운지금점,굽네치킨,피자,경기도,남양주시,41.5497,D
growth_probability_focus,성장확률 강화,ba_13580972,굽네치킨&피자 신수점,굽네치킨,치킨,서울특별시,마포구,41.7997,D
growth_probability_focus,성장확률 강화,ba_14599961,굽네치킨 파주헤이리점,굽네치킨,치킨,경기도,파주시,45.7638,D
growth_probability_focus,성장확률 강화,ba_10665884,굽네치킨 부산청학점,굽네치킨,치킨,부산광역시,영도구,40.1715,D
growth_probability_focus,성장확률 강화,ba_14766647,본죽&비빔밥 대전한남대점,본그룹,백반·죽·국수,대전광역시,동구,44.4396,D
growth_probability_focus,성장확률 강화,ba_14495787,굽네치킨 김해율하점,굽네치킨,치킨,경상남도,김해시,40.0602,D
growth_probability_focus,성장확률 강화,ba_14692042,굽네치킨 강화선원점,굽네치킨,치킨,인천광역시,강화군,39.9193,D
growth_probability_focus,성장확률 강화,ba_14689837,본죽&비빔밥 동탄역점,본그룹,백반·죽·국수,경기도,화성시,42.0189,D
growth_probability_focus,성장확률 강화,ba_13233742,본죽&비빔밥 내당삼익뉴타운점,본그룹,백반·죽·국수,대구광역시,서구,43.8465,D
growth_probability_focus,성장확률 강화,ba_14855560,굽네치킨 양산서창점,굽네치킨,치킨,경상남도,양산시,39.7839,D
growth_probability_focus,성장확률 강화,ba_14488212,굽네피자 풍동점,굽네치킨,피자,경기도,고양시,40.5595,D
growth_probability_focus,성장확률 강화,ba_14743731,본죽&비빔밥 인천오류왕길점,본그룹,백반·죽·국수,인천광역시,서구,41.1712,D
growth_probability_focus,성장확률 강화,ba_13230903,본죽 시흥시화병원점,본그룹,백반·죽·국수,경기도,시흥시,42.7634,D
growth_probability_focus,성장확률 강화,ba_14185617,굽네피자 영주휴천점,굽네치킨,피자,경상북도,영주시,39.8529,D
growth_probability_focus,성장확률 강화,ba_10571616,굽네치킨 답십리1동점,굽네치킨,치킨,서울특별시,동대문구,43.5948,D
growth_probability_focus,성장확률 강화,ba_14253619,본죽&비빔밥 문래힐스테이트점,본그룹,백반·죽·국수,서울특별시,영등포구,42.7642,D
growth_probability_focus,성장확률 강화,ba_14171092,굽네피자 광주용봉점,굽네치킨,피자,광주광역시,북구,39.0185,D
growth_probability_focus,성장확률 강화,ba_13972819,굽네피자 영통2동점,굽네치킨,피자,경기도,수원시,41.1013,D
growth_probability_focus,성장확률 강화,ba_14687859,본죽&비빔밥 제기동역점,본그룹,백반·죽·국수,서울특별시,동대문구,42.8128,D
growth_probability_focus,성장확률 강화,ba_13970104,굽네피자 대구혁신점,굽네치킨,피자,대구광역시,동구,39.4736,D
growth_probability_focus,성장확률 강화,ba_13972425,굽네피자 광주문흥점,굽네치킨,피자,광주광역시,북구,38.5309,D
growth_probability_focus,성장확률 강화,ba_14270407,본죽&비빔밥 벡스코역점,본그룹,백반·죽·국수,부산광역시,해운대구,42.3109,D
growth_probability_focus,성장확률 강화,ba_13870012,본죽&비빔밥 시흥장곡점,본그룹,백반·죽·국수,경기도,시흥시,43.1755,D
growth_probability_focus,성장확률 강화,ba_13226567,본죽 신정점,본그룹,백반·죽·국수,서울특별시,양천구,42.3135,D
growth_probability_focus,성장확률 강화,ba_13313909,굽네치킨 논현고잔1호점,굽네치킨,치킨,인천광역시,남동구,44.2614,D
growth_probability_focus,성장확률 강화,ba_13233767,본죽&비빔밥 세종정부청사점,본그룹,백반·죽·국수,세종특별자치시,절재로,41.1372,D
growth_probability_focus,성장확률 강화,ba_14794083,본죽&비빔밥 부산광안역점,본그룹,백반·죽·국수,부산광역시,수영구,41.5563,D
growth_probability_focus,성장확률 강화,ba_14687323,본죽&비빔밥 관악구청점,본그룹,백반·죽·국수,서울특별시,관악구,42.4682,D
growth_probability_focus,성장확률 강화,ba_14689859,본죽&비빔밥 춘천퇴계한숲점,본그룹,백반·죽·국수,강원특별자치도,춘천시,41.9598,D
growth_probability_focus,성장확률 강화,ba_13976690,굽네피자 신수점,굽네치킨,피자,서울특별시,마포구,40.3804,D
growth_probability_focus,성장확률 강화,ba_14593798,굽네치킨&피자 광주오포점,굽네치킨,치킨,경기도,광주시,45.1769,D
growth_probability_focus,성장확률 강화,ba_14473511,본죽&비빔밥카페 김해가야대역점,본그룹,백반·죽·국수,경상남도,김해시,42.5037,D
growth_probability_focus,성장확률 강화,ba_13219734,본죽 구리토평점,본그룹,백반·죽·국수,경기도,구리시,42.8558,D
growth_probability_focus,성장확률 강화,ba_14189742,굽네피자 논현고잔1호점,굽네치킨,피자,인천광역시,남동구,37.5303,D
growth_probability_focus,성장확률 강화,ba_14791437,굽네치킨&피자 신수점,굽네치킨,치킨,서울특별시,마포구,37.4443,D
growth_probability_focus,성장확률 강화,ba_13076527,굽네치킨 창2동점,굽네치킨,치킨,서울특별시,도봉구,45.1549,D
growth_probability_focus,성장확률 강화,ba_14810162,굽네치킨&피자 서현역점,굽네치킨,치킨,경기도,성남시,37.3643,D
growth_probability_focus,성장확률 강화,ba_13233484,본죽&비빔밥 진주하대점,본그룹,백반·죽·국수,경상남도,진주시,41.6128,D
growth_probability_focus,성장확률 강화,ba_14733665,굽네치킨 수원조원점,굽네치킨,치킨,경기도,수원시,42.2513,D
growth_probability_focus,성장확률 강화,ba_14688789,본죽&비빔밥 성남고등점,본그룹,백반·죽·국수,경기도,성남시,41.7069,D
growth_probability_focus,성장확률 강화,ba_14688609,본죽 죽전벽산타운점,본그룹,백반·죽·국수,경기도,용인시,41.5090,D
growth_probability_focus,성장확률 강화,ba_10040590,굽네치킨 삼숭고읍점,굽네치킨,치킨,경기도,양주시,41.6835,D
growth_probability_focus,성장확률 강화,ba_10636815,굽네치킨 완도점,굽네치킨,치킨,전라남도,완도군,36.8099,D
growth_probability_focus,성장확률 강화,ba_14808489,굽네치킨 전주서학점,굽네치킨,치킨,전북특별자치도,전주시,36.7986,D
growth_probability_focus,성장확률 강화,ba_14413122,굽네치킨&피자 만성점,굽네치킨,치킨,전북특별자치도,전주시,36.7537,D
growth_probability_focus,성장확률 강화,ba_14714070,본죽&비빔밥 의정부발곡점,본그룹,백반·죽·국수,경기도,의정부시,41.2491,D
growth_probability_focus,성장확률 강화,ba_13233724,본죽&비빔밥 대구동성로중앙점,본그룹,백반·죽·국수,대구광역시,중구,41.2385,D
growth_probability_focus,성장확률 강화,ba_14615149,굽네치킨&피자 강대효자점,굽네치킨,치킨,강원특별자치도,춘천시,41.2445,D
growth_probability_focus,성장확률 강화,ba_14727755,굽네치킨&피자 덕진금암점,굽네치킨,치킨,전북특별자치도,전주시,36.5192,D
growth_probability_focus,성장확률 강화,ba_13189894,본죽&비빔밥 양산부산대병원정문앞택지점,본그룹,백반·죽·국수,경상남도,양산시,37.8472,D
growth_probability_focus,성장확률 강화,ba_14525359,본죽&비빔밥 용인모현점,본그룹,백반·죽·국수,경기도,용인시,43.1952,D
growth_probability_focus,성장확률 강화,ba_14689013,본죽&비빔밥 김포사우점,본그룹,백반·죽·국수,경기도,김포시,45.4207,D
growth_probability_focus,성장확률 강화,ba_14809478,굽네치킨 권선1동점,굽네치킨,치킨,경기도,수원시,36.2026,D
growth_probability_focus,성장확률 강화,ba_14758007,굽네치킨 송도신도시점,굽네치킨,치킨,인천광역시,연수구,36.1310,D
growth_probability_focus,성장확률 강화,ba_14827938,굽네치킨&피자 거북섬점,굽네치킨,치킨,경기도,시흥시,36.0627,D
growth_probability_focus,성장확률 강화,ba_10685624,굽네치킨 광주문흥점,굽네치킨,치킨,광주광역시,북구,35.7776,D
growth_probability_focus,성장확률 강화,ba_13231218,본죽 시흥하상동점,본그룹,백반·죽·국수,경기도,시흥시,40.2504,D
growth_probability_focus,성장확률 강화,ba_14687388,본죽&비빔밥 중곡사거리점,본그룹,백반·죽·국수,서울특별시,광진구,42.0619,D
growth_probability_focus,성장확률 강화,ba_14691803,본죽 부산학장점,본그룹,백반·죽·국수,부산광역시,사상구,40.9575,D
growth_probability_focus,성장확률 강화,ba_14690724,본죽&비빔밥 경남사천점,본그룹,백반·죽·국수,경상남도,사천시,38.5684,D
growth_probability_focus,성장확률 강화,ba_13233466,본죽&비빔밥 대구대곡역점,본그룹,백반·죽·국수,대구광역시,달성군,40.8375,D
growth_probability_focus,성장확률 강화,ba_14251745,굽네피자 태전점,굽네치킨,피자,대구광역시,북구,39.4043,D
growth_probability_focus,성장확률 강화,ba_14688541,본죽 시흥하상동점,본그룹,백반·죽·국수,경기도,시흥시,40.0986,D
growth_probability_focus,성장확률 강화,ba_14688854,본죽 평택팽성점,본그룹,백반·죽·국수,경기도,평택시,39.4390,D
growth_probability_focus,성장확률 강화,ba_14809544,굽네치킨 송도4동점,굽네치킨,치킨,인천광역시,연수구,35.5657,D
growth_probability_focus,성장확률 강화,ba_14692289,본죽&비빔밥 당진점,본그룹,백반·죽·국수,충청남도,당진시,40.0247,D
growth_probability_focus,성장확률 강화,ba_14692339,본죽&비빔밥 청주분평점,본그룹,백반·죽·국수,충청북도,청주시,39.5734,D
growth_probability_focus,성장확률 강화,ba_14695958,본죽 삼양사거리점,본그룹,백반·죽·국수,서울특별시,강북구,44.1280,D
growth_probability_focus,성장확률 강화,ba_14769185,굽네치킨&피자 김천신음점,굽네치킨,치킨,경상북도,김천시,39.1490,D
growth_probability_focus,성장확률 강화,ba_14716332,굽네치킨&피자 태평3동점,굽네치킨,치킨,경기도,성남시,37.3025,D
growth_probability_focus,성장확률 강화,ba_14689894,본죽&비빔밥 인천간석남부역점,본그룹,백반·죽·국수,인천광역시,남동구,38.0029,D
growth_probability_focus,성장확률 강화,ba_14691884,본죽&비빔밥 구서쌍용예가점,본그룹,백반·죽·국수,부산광역시,금정구,37.9825,D
growth_probability_focus,성장확률 강화,ba_14692256,본죽&비빔밥 천안성거점,본그룹,백반·죽·국수,충청남도,천안시,39.8351,D
growth_probability_focus,성장확률 강화,ba_14691910,본죽&비빔밥 울산청량점,본그룹,백반·죽·국수,울산광역시,울주군,39.7412,D
growth_probability_focus,성장확률 강화,ba_14803437,굽네치킨 명곡대원점,굽네치킨,치킨,경상남도,창원시,35.2331,D
growth_probability_focus,성장확률 강화,ba_14692282,본죽&비빔밥 당진수청점,본그룹,백반·죽·국수,충청남도,당진시,39.6589,D
growth_probability_focus,성장확률 강화,ba_14690056,본죽&비빔밥cafe 용인동백역점,본그룹,백반·죽·국수,경기도,용인시,43.9655,D
growth_probability_focus,성장확률 강화,ba_14435750,본죽&비빔밥 광주연제점,본그룹,백반·죽·국수,광주광역시,북구,40.5460,D
growth_probability_focus,성장확률 강화,ba_13506840,굽네치킨 & 피자 약수역점,굽네치킨,치킨,서울특별시,중구,35.1575,D
growth_probability_focus,성장확률 강화,ba_14522619,본죽&비빔밥 수원권선롯데마트점,본그룹,백반·죽·국수,경기도,수원시,39.5811,D
growth_probability_focus,성장확률 강화,ba_13226580,본죽 등촌역점,본그룹,백반·죽·국수,서울특별시,양천구,41.0071,D
growth_probability_focus,성장확률 강화,ba_13234187,본죽 경산계양점,본그룹,백반·죽·국수,경상북도,경산시,39.6661,D
growth_probability_focus,성장확률 강화,ba_14400023,본죽&비빔밥 시흥장곡점,본그룹,백반·죽·국수,경기도,시흥시,39.4533,D
growth_probability_focus,성장확률 강화,ba_14189864,굽네피자 & 피자 약수역점,굽네치킨,피자,서울특별시,중구,34.9409,D
growth_probability_focus,성장확률 강화,ba_14797330,굽네치킨&피자 초전점,굽네치킨,치킨,경상남도,진주시,34.9334,D
growth_probability_focus,성장확률 강화,ba_14173661,굽네피자 신월사파점,굽네치킨,피자,경상남도,창원시,37.2692,D
growth_probability_focus,성장확률 강화,ba_14689425,본죽&비빔밥 의정부시청점,본그룹,백반·죽·국수,경기도,의정부시,39.3042,D
growth_probability_focus,성장확률 강화,ba_14809961,굽네치킨 창원소답점,굽네치킨,치킨,경상남도,창원시,34.8054,D
growth_probability_focus,성장확률 강화,ba_14773134,본죽&비빔밥 용인보라점,본그룹,백반·죽·국수,경기도,용인시,39.2280,D
growth_probability_focus,성장확률 강화,ba_14190360,굽네피자 일산식사점,굽네치킨,피자,경기도,고양시,38.8606,D
growth_probability_focus,성장확률 강화,ba_14776515,굽네치킨 대소점,굽네치킨,치킨,충청북도,음성군,38.1812,D
growth_probability_focus,성장확률 강화,ba_14691324,본죽 포항지곡점,본그룹,백반·죽·국수,경상북도,포항시,38.9667,D
growth_probability_focus,성장확률 강화,ba_14624480,굽네피자 고산지구점,굽네치킨,피자,경기도,의정부시,34.4784,D
growth_probability_focus,성장확률 강화,ba_14525750,굽네피자 지산신장점,굽네치킨,피자,경기도,평택시,34.4810,D
growth_probability_focus,성장확률 강화,ba_13973779,굽네피자 용인서천점,굽네치킨,피자,경기도,용인시,34.4588,D
growth_probability_focus,성장확률 강화,ba_13233433,본죽 대명안지랑점,본그룹,백반·죽·국수,대구광역시,남구,39.9013,D
growth_probability_focus,성장확률 강화,ba_14629814,굽네피자 용인모현점,굽네치킨,피자,경기도,용인시,34.3956,D
growth_probability_focus,성장확률 강화,ba_14689508,본죽&비빔밥 파주문산점,본그룹,백반·죽·국수,경기도,파주시,38.8802,D
growth_probability_focus,성장확률 강화,ba_14695008,본죽&비빔밥 부산연산점,본그룹,백반·죽·국수,부산광역시,연제구,44.6940,D
growth_probability_focus,성장확률 강화,ba_13247000,본죽 용인광교역점,본그룹,백반·죽·국수,경기도,용인시,40.7862,D
growth_probability_focus,성장확률 강화,ba_14788679,본죽&비빔밥 안산선부점,본그룹,백반·죽·국수,경기도,안산시,38.2636,D
growth_probability_focus,성장확률 강화,ba_14696545,굽네피자 구리갈매점,굽네치킨,피자,경기도,구리시,34.3541,D
growth_probability_focus,성장확률 강화,ba_13973937,굽네피자 동탄1동점,굽네치킨,피자,경기도,화성시,34.3135,D
growth_probability_focus,성장확률 강화,ba_14756868,본죽&비빔밥 평택시청점,본그룹,백반·죽·국수,경기도,평택시,38.7807,D
growth_probability_focus,성장확률 강화,ba_14691863,본죽&비빔밥 부산명지cgv점,본그룹,백반·죽·국수,부산광역시,강서구,38.7085,D
growth_probability_focus,성장확률 강화,ba_14691316,본죽 포항오천점,본그룹,백반·죽·국수,경상북도,포항시,38.6903,D
growth_probability_focus,성장확률 강화,ba_14797999,굽네치킨&피자 대흥역점,굽네치킨,치킨,서울특별시,마포구,34.7764,D
growth_probability_focus,성장확률 강화,ba_14842562,굽네치킨&피자 영등포구청역점,굽네치킨,치킨,서울특별시,영등포구,34.0443,D
growth_probability_focus,성장확률 강화,ba_14637963,굽네치킨 영덕영해점,굽네치킨,치킨,경상북도,영덕군,36.4688,D
growth_probability_focus,성장확률 강화,ba_14327485,굽네치킨&피자 장곡장현점,굽네치킨,치킨,경기도,시흥시,39.1396,D
growth_probability_focus,성장확률 강화,ba_14252162,굽네피자 사당2동점,굽네치킨,피자,서울특별시,동작구,34.0067,D
growth_probability_focus,성장확률 강화,ba_12030167,굽네치킨&피자 후평점,굽네치킨,피자,강원특별자치도,춘천시,34.0182,D
growth_probability_focus,성장확률 강화,ba_14691981,본죽&비빔밥 부산개금점,본그룹,백반·죽·국수,부산광역시,부산진구,38.4221,D
growth_probability_focus,성장확률 강화,ba_14320813,굽네피자 옥곡백천점,굽네치킨,피자,경상북도,경산시,33.9190,D
growth_probability_focus,성장확률 강화,ba_14731363,본죽&비빔밥 충북대병원앞점,본그룹,백반·죽·국수,충청북도,청주시,37.7693,D
growth_probability_focus,성장확률 강화,ba_13628326,본죽&비빔밥 부산개금점,본그룹,백반·죽·국수,부산광역시,부산진구,38.3956,D
growth_probability_focus,성장확률 강화,ba_14629153,굽네치킨&피자 합천점,굽네치킨,치킨,경상남도,합천군,35.5353,D
growth_probability_focus,성장확률 강화,ba_13973414,굽네피자 후평점,굽네치킨,피자,강원특별자치도,춘천시,33.8966,D
growth_probability_focus,성장확률 강화,ba_14691338,본죽 포항흥해점,본그룹,백반·죽·국수,경상북도,포항시,38.3444,D
growth_probability_focus,성장확률 강화,ba_14569929,굽네치킨 응암1호점,굽네치킨,치킨,서울특별시,은평구,33.7522,D
growth_probability_focus,성장확률 강화,ba_14690597,본죽&비빔밥 포항상원점,본그룹,백반·죽·국수,경상북도,포항시,38.2260,D
growth_probability_focus,성장확률 강화,ba_13181486,본죽&비빔밥 천안두정점,본그룹,백반·죽·국수,충청남도,천안시,44.2237,D
growth_probability_focus,성장확률 강화,ba_14796264,굽네치킨 종암스타점,굽네치킨,치킨,서울특별시,성북구,33.6856,D
growth_probability_focus,성장확률 강화,ba_14686990,본죽 문정로데오점,본그룹,백반·죽·국수,서울특별시,송파구,39.6436,D
growth_probability_focus,성장확률 강화,ba_12016615,굽네피자 울산삼산점,굽네치킨,피자,울산광역시,남구,36.7020,D
growth_probability_focus,성장확률 강화,ba_14787229,본죽&비빔밥 수원호매실화홍병원점,본그룹,백반·죽·국수,경기도,수원시,37.4868,D
growth_probability_focus,성장확률 강화,ba_14189925,굽네피자 불광점,굽네치킨,피자,서울특별시,은평구,33.5767,D
growth_probability_focus,성장확률 강화,ba_14542191,굽네피자 응암1호점,굽네치킨,피자,서울특별시,은평구,33.5369,D
growth_probability_focus,성장확률 강화,ba_10418755,굽네치킨&피자 곤지암점,굽네치킨,치킨,경기도,광주시,33.4672,D
growth_probability_focus,성장확률 강화,ba_14189471,굽네피자 등촌3동점,굽네치킨,피자,서울특별시,강서구,33.4314,D
growth_probability_focus,성장확률 강화,ba_13712881,굽네치킨 등촌3동점,굽네치킨,치킨,서울특별시,강서구,33.4334,D
growth_probability_focus,성장확률 강화,ba_14271331,굽네피자 일광신도시점,굽네치킨,피자,부산광역시,기장군,36.4381,D
growth_probability_focus,성장확률 강화,ba_14662462,굽네치킨 광탄점,굽네치킨,치킨,경기도,파주시,35.8975,D
growth_probability_focus,성장확률 강화,ba_14691860,본죽&비빔밥 부산동삼점,본그룹,백반·죽·국수,부산광역시,영도구,38.0548,D
growth_probability_focus,성장확률 강화,ba_14103678,굽네치킨&피자 불광점,굽네치킨,치킨,서울특별시,은평구,33.3964,D
growth_probability_focus,성장확률 강화,ba_14392323,굽네피자 삼산1동점,굽네치킨,피자,인천광역시,부평구,33.3509,D
growth_probability_focus,성장확률 강화,ba_13448308,굽네치킨 역촌점,굽네치킨,치킨,서울특별시,은평구,33.3245,D
growth_probability_focus,성장확률 강화,ba_14840445,굽네치킨&피자 등촌3동점,굽네치킨,치킨,서울특별시,강서구,33.3162,D
growth_probability_focus,성장확률 강화,ba_14251345,굽네피자 강화점,굽네치킨,피자,인천광역시,강화군,33.2963,D
growth_probability_focus,성장확률 강화,ba_14800652,본죽&비빔밥 내방역점,본그룹,백반·죽·국수,서울특별시,서초구,37.3132,D
growth_probability_focus,성장확률 강화,ba_14691400,본죽&비빔밥 경산하양점,본그룹,백반·죽·국수,경상북도,경산시,37.8679,D
growth_probability_focus,성장확률 강화,ba_14733416,굽네치킨&피자 먹골역점,굽네치킨,치킨,서울특별시,중랑구,33.2277,D
growth_probability_focus,성장확률 강화,ba_14252159,굽네치킨 사당2동점,굽네치킨,치킨,서울특별시,동작구,33.2041,D
growth_probability_focus,성장확률 강화,ba_14690580,본죽&비빔밥 포항문덕원동점,본그룹,백반·죽·국수,경상북도,포항시,37.5923,D
growth_probability_focus,성장확률 강화,ba_13326281,본죽 만리점,본그룹,백반·죽·국수,서울특별시,중구,40.5084,D
growth_probability_focus,성장확률 강화,ba_10024499,굽네치킨 보령동대점,굽네치킨,치킨,충청남도,보령시,33.0935,D
growth_probability_focus,성장확률 강화,ba_14624481,굽네치킨&피자 고산지구점,굽네치킨,치킨,경기도,의정부시,33.0199,D
growth_probability_focus,성장확률 강화,ba_13851878,굽네치킨 용인서천점,굽네치킨,치킨,경기도,용인시,33.0161,D
growth_probability_focus,성장확률 강화,ba_14400681,굽네피자 영암삼호점,굽네치킨,피자,전라남도,영암군,37.3682,D
growth_probability_focus,성장확률 강화,ba_10416959,굽네치킨 은행동점,굽네치킨,치킨,경기도,성남시,33.0098,D
growth_probability_focus,성장확률 강화,ba_14624475,굽네치킨 고산지구점,굽네치킨,치킨,경기도,의정부시,33.0102,D
growth_probability_focus,성장확률 강화,ba_14642115,굽네치킨 공도2호점,굽네치킨,치킨,경기도,안성시,32.9711,D
growth_probability_focus,성장확률 강화,ba_14696546,굽네치킨&피자 구리갈매점,굽네치킨,치킨,경기도,구리시,32.9623,D
growth_probability_focus,성장확률 강화,ba_14695236,본죽&비빔밥 제주법원점,본그룹,백반·죽·국수,제주특별자치도,제주시,37.4207,D
growth_probability_focus,성장확률 강화,ba_14746091,굽네치킨&피자 별내청학점,굽네치킨,치킨,경기도,남양주시,32.9575,D
growth_probability_focus,성장확률 강화,ba_13950340,굽네치킨 동탄1동점,굽네치킨,치킨,경기도,화성시,32.9605,D
growth_probability_focus,성장확률 강화,ba_14857305,굽네치킨&피자 송탄지산점,굽네치킨,치킨,경기도,평택시,32.9493,D
growth_probability_focus,성장확률 강화,ba_14854750,굽네치킨 울산신정3호점,굽네치킨,치킨,울산광역시,남구,32.9473,D
growth_probability_focus,성장확률 강화,ba_14696544,굽네치킨 구리갈매점,굽네치킨,치킨,경기도,구리시,32.9434,D
growth_probability_focus,성장확률 강화,ba_14691387,본죽&비빔밥 경주동국대병원점,본그룹,백반·죽·국수,경상북도,경주시,37.3911,D
growth_probability_focus,성장확률 강화,ba_14692319,본죽&비빔밥 제주강정점,본그룹,백반·죽·국수,제주특별자치도,서귀포시,37.3855,D
growth_probability_focus,성장확률 강화,ba_14853495,굽네치킨&피자 구리갈매점,굽네치킨,치킨,경기도,구리시,32.9053,D
growth_probability_focus,성장확률 강화,ba_14690576,본죽&비빔밥 포항세명병원점,본그룹,백반·죽·국수,경상북도,포항시,37.3663,D
growth_probability_focus,성장확률 강화,ba_14681358,굽네치킨 시흥능곡점,굽네치킨,치킨,경기도,시흥시,32.8959,D
growth_probability_focus,성장확률 강화,ba_10840065,굽네치킨 천안백석점,굽네치킨,치킨,충청남도,천안시,32.8818,D
growth_probability_focus,성장확률 강화,ba_14805037,굽네치킨&피자 광주퇴촌점,굽네치킨,치킨,경기도,광주시,32.8500,D
growth_probability_focus,성장확률 강화,ba_14352930,굽네치킨 녹양점,굽네치킨,치킨,경기도,의정부시,32.8478,D
growth_probability_focus,성장확률 강화,ba_14525748,굽네치킨 지산신장점,굽네치킨,치킨,경기도,평택시,32.8506,D
growth_probability_focus,성장확률 강화,ba_14662584,굽네치킨&피자 광주퇴촌점,굽네치킨,치킨,경기도,광주시,32.8409,D
growth_probability_focus,성장확률 강화,ba_14856977,굽네치킨&피자 용산점,굽네치킨,치킨,대구광역시,달서구,32.8379,D
growth_probability_focus,성장확률 강화,ba_13311793,굽네치킨 연신내점,굽네치킨,치킨,서울특별시,은평구,34.4787,D
growth_probability_focus,성장확률 강화,ba_14690658,본죽&비빔밥 포항이인지구점,본그룹,백반·죽·국수,경상북도,포항시,37.2467,D
growth_probability_focus,성장확률 강화,ba_14810724,굽네치킨&피자 동대구해모로점,굽네치킨,치킨,대구광역시,동구,32.7606,D
growth_probability_focus,성장확률 강화,ba_14481987,굽네치킨 마산점,굽네치킨,치킨,경기도,김포시,32.7361,D
growth_probability_focus,성장확률 강화,ba_10767741,굽네치킨 후평점,굽네치킨,치킨,강원특별자치도,춘천시,32.7128,D
growth_probability_focus,성장확률 강화,ba_12029686,굽네치킨 나주혁신도시1호점,굽네치킨,치킨,전라남도,나주시,36.9237,D
growth_probability_focus,성장확률 강화,ba_14484108,굽네치킨 애막골후평점,굽네치킨,치킨,강원특별자치도,춘천시,32.7128,D
growth_probability_focus,성장확률 강화,ba_14796881,굽네치킨 안산부곡점,굽네치킨,치킨,경기도,안산시,32.6988,D
growth_probability_focus,성장확률 강화,ba_14768997,굽네치킨&피자 양벌점,굽네치킨,치킨,경기도,광주시,32.6976,D
growth_probability_focus,성장확률 강화,ba_14629813,굽네치킨 용인모현점,굽네치킨,치킨,경기도,용인시,32.6897,D
growth_probability_focus,성장확률 강화,ba_14692368,본죽&비빔밥 제주서귀포동홍점,본그룹,백반·죽·국수,제주특별자치도,서귀포시,37.1210,D
growth_probability_focus,성장확률 강화,ba_13003575,굽네치킨&피자 여수관문점,굽네치킨,피자,전라남도,여수시,34.8368,D
growth_probability_focus,성장확률 강화,ba_14759786,굽네치킨&피자 퇴계CGV점,굽네치킨,치킨,강원특별자치도,춘천시,32.6183,D
growth_probability_focus,성장확률 강화,ba_13228939,본죽 산성역점,본그룹,백반·죽·국수,경기도,성남시,34.3366,D
growth_probability_focus,성장확률 강화,ba_14692087,본죽&비빔밥 신제주점,본그룹,백반·죽·국수,제주특별자치도,제주시,37.0627,D
growth_probability_focus,성장확률 강화,ba_14849575,굽네치킨 엄궁점,굽네치킨,치킨,부산광역시,사상구,32.5566,D
growth_probability_focus,성장확률 강화,ba_13452835,굽네치킨 경남남해점,굽네치킨,치킨,경상남도,남해군,32.5582,D
growth_probability_focus,성장확률 강화,ba_13574800,굽네치킨 대구신매점,굽네치킨,치킨,대구광역시,수성구,36.0429,D
growth_probability_focus,성장확률 강화,ba_14691986,본죽&비빔밥 제주삼화점,본그룹,백반·죽·국수,제주특별자치도,제주시,37.0330,D
growth_probability_focus,성장확률 강화,ba_14597165,굽네피자 역삼2동점,굽네치킨,피자,서울특별시,강남구,38.0494,D
growth_probability_focus,성장확률 강화,ba_13348011,굽네치킨 하남신장점,굽네치킨,치킨,경기도,하남시,32.5338,D
growth_probability_focus,성장확률 강화,ba_10620671,굽네치킨 광주백운점,굽네치킨,치킨,광주광역시,남구,32.5230,D
growth_probability_focus,성장확률 강화,ba_14855934,굽네치킨 동대신점,굽네치킨,치킨,부산광역시,서구,32.4731,D
growth_probability_focus,성장확률 강화,ba_14711140,본죽&비빔밥 제주삼화점,본그룹,백반·죽·국수,제주특별자치도,제주시,36.9444,D
growth_probability_focus,성장확률 강화,ba_14711141,본죽&비빔밥 제주삼화점,본그룹,백반·죽·국수,제주특별자치도,제주시,36.9444,D
growth_probability_focus,성장확률 강화,ba_14687497,본죽 대림점,본그룹,백반·죽·국수,서울특별시,동작구,39.1763,D
growth_probability_focus,성장확률 강화,ba_14850510,굽네치킨 가야점,굽네치킨,치킨,부산광역시,부산진구,32.4211,D
growth_probability_focus,성장확률 강화,ba_14691990,본죽&비빔밥 제주아라점,본그룹,백반·죽·국수,제주특별자치도,제주시,36.8947,D
growth_probability_focus,성장확률 강화,ba_10499851,굽네치킨 대신점,굽네치킨,치킨,부산광역시,서구,32.3428,D
growth_probability_focus,성장확률 강화,ba_14545829,굽네치킨 임학점,굽네치킨,치킨,인천광역시,계양구,32.2732,D
growth_probability_focus,성장확률 강화,ba_12027186,굽네치킨&피자 청라1호점,굽네치킨,치킨,인천광역시,서구,32.2753,D
growth_probability_focus,성장확률 강화,ba_14294656,굽네치킨 청천2동점,굽네치킨,치킨,인천광역시,부평구,32.2463,D
growth_probability_focus,성장확률 강화,ba_13230824,본죽&비빔밥 가산테라타워점,본그룹,백반·죽·국수,서울특별시,금천구,38.2455,D
growth_probability_focus,성장확률 강화,ba_14619205,굽네치킨&피자 신현원창점,굽네치킨,치킨,인천광역시,서구,32.2033,D
growth_probability_focus,성장확률 강화,ba_13056957,굽네치킨 석남점,굽네치킨,치킨,인천광역시,서구,32.2029,D
growth_probability_focus,성장확률 강화,ba_14730328,본죽&비빔밥 동탄꼬모점,본그룹,백반·죽·국수,경기도,화성시,38.6482,D
growth_probability_focus,성장확률 강화,ba_14799661,본죽&비빔밥 의정부역점,본그룹,백반·죽·국수,경기도,의정부시,36.3637,D
growth_probability_focus,성장확률 강화,ba_14688702,본죽&비빔밥 부천춘의점,본그룹,백반·죽·국수,경기도,부천시,39.2348,D
growth_probability_focus,성장확률 강화,ba_13062668,굽네치킨 포항흥해점,굽네치킨,치킨,경상북도,포항시,38.4444,D
growth_probability_focus,성장확률 강화,ba_14690672,본죽&비빔밥 김해율하점,본그룹,백반·죽·국수,경상남도,김해시,37.5157,D
growth_probability_focus,성장확률 강화,ba_14689427,본죽&비빔밥 의정부금오점,본그룹,백반·죽·국수,경기도,의정부시,41.5073,D
growth_probability_focus,성장확률 강화,ba_14692796,본죽&비빔밥 아산모종점,본그룹,백반·죽·국수,충청남도,아산시,41.4711,D
growth_probability_focus,성장확률 강화,ba_14689906,본죽 인천간석사거리점,본그룹,백반·죽·국수,인천광역시,남동구,39.1059,D
growth_probability_focus,성장확률 강화,ba_13972771,굽네피자 광주상무점,굽네치킨,피자,광주광역시,서구,36.0168,D
growth_probability_focus,성장확률 강화,ba_14239270,굽네피자 대구이곡점,굽네치킨,피자,대구광역시,달서구,35.9254,D
growth_probability_focus,성장확률 강화,ba_14726738,본죽&비빔밥 해운대센텀역점,본그룹,백반·죽·국수,부산광역시,해운대구,35.9668,D
growth_probability_focus,성장확률 강화,ba_14456345,본죽&비빔밥 천안두정포레나점,본그룹,백반·죽·국수,충청남도,천안시,38.0597,D
growth_probability_focus,성장확률 강화,ba_13236481,본죽&비빔밥 포항시외버스터미널점,본그룹,백반·죽·국수,경상북도,포항시,40.5815,D
growth_probability_focus,성장확률 강화,ba_14691918,본죽&비빔밥 방학도깨비시장점,본그룹,백반·죽·국수,서울특별시,도봉구,34.6177,D
growth_probability_focus,성장확률 강화,ba_14649303,굽네치킨 계룡대실점,굽네치킨,치킨,충청남도,계룡시,32.8921,D
growth_probability_focus,성장확률 강화,ba_14691147,본죽&비빔밥 안동성소병원점,본그룹,백반·죽·국수,경상북도,안동시,35.7793,D
growth_probability_focus,성장확률 강화,ba_14691078,본죽&비빔밥 통영항남점,본그룹,백반·죽·국수,경상남도,통영시,36.0653,D
growth_probability_focus,성장확률 강화,ba_14392877,본죽&비빔밥 인천석바위점,본그룹,백반·죽·국수,인천광역시,미추홀구,37.1459,D
growth_probability_focus,성장확률 강화,ba_14593800,굽네피자 광주오포점,굽네치킨,피자,경기도,광주시,35.4022,D
growth_probability_focus,성장확률 강화,ba_14563145,굽네치킨 경주불국사점,굽네치킨,치킨,경상북도,경주시,38.2223,D
growth_probability_focus,성장확률 강화,ba_14692434,본죽&비빔밥 천안백석푸르지오점,본그룹,백반·죽·국수,충청남도,천안시,36.4162,D
growth_probability_focus,성장확률 강화,ba_14533127,본죽&비빔밥 위례창곡점,본그룹,백반·죽·국수,경기도,성남시,35.8385,D
growth_probability_focus,성장확률 강화,ba_14754395,굽네치킨 구이점,굽네치킨,치킨,전북특별자치도,완주군,34.0425,D
growth_probability_focus,성장확률 강화,ba_14506800,본죽&비빔밥 율전상률초점,본그룹,백반·죽·국수,경기도,수원시,31.8716,D
growth_probability_focus,성장확률 강화,ba_14652311,굽네치킨&피자 강남세곡점,굽네치킨,치킨,서울특별시,강남구,36.0662,D
growth_probability_focus,성장확률 강화,ba_14686856,본죽&비빔밥 부산만덕사거리점,본그룹,백반·죽·국수,부산광역시,북구,36.0652,D
growth_probability_focus,성장확률 강화,ba_14691904,본죽&비빔밥 울산우정점,본그룹,백반·죽·국수,울산광역시,중구,35.9182,D
growth_probability_focus,성장확률 강화,ba_14770149,본죽&비빔밥 동탄테크노밸리점,본그룹,백반·죽·국수,경기도,화성시,35.2812,D
growth_probability_focus,성장확률 강화,ba_13972155,굽네피자 금호점,굽네치킨,피자,광주광역시,서구,34.0808,D
growth_probability_focus,성장확률 강화,ba_13972595,굽네피자 나주혁신도시1호점,굽네치킨,피자,전라남도,나주시,34.4263,D
growth_probability_focus,성장확률 강화,ba_13230793,본죽&비빔밥 구로디지털역점,본그룹,백반·죽·국수,서울특별시,구로구,36.7002,D
growth_probability_focus,성장확률 강화,ba_14108842,굽네치킨 영암점,굽네치킨,치킨,전라남도,영암군,31.9643,D
growth_probability_focus,성장확률 강화,ba_14274836,굽네피자 운천점,굽네치킨,피자,경기도,포천시,35.8360,D
growth_probability_focus,성장확률 강화,ba_14690709,본죽&비빔밥 김해진영점,본그룹,백반·죽·국수,경상남도,김해시,35.0753,D
growth_probability_focus,성장확률 강화,ba_14690909,본죽&비빔밥 마산회원동점,본그룹,백반·죽·국수,경상남도,창원시,34.9687,D
growth_probability_focus,성장확률 강화,ba_13229960,본죽 창원소답점,본그룹,백반·죽·국수,경상남도,창원시,37.2177,D
growth_probability_focus,성장확률 강화,ba_14742704,본죽&비빔밥 청주개신점,본그룹,백반·죽·국수,충청북도,청주시,37.2814,D
growth_probability_focus,성장확률 강화,ba_14607412,굽네치킨&피자 거북섬점,굽네치킨,치킨,경기도,시흥시,32.4469,D
growth_probability_focus,성장확률 강화,ba_14581501,본죽&비빔밥 동탄한림대병원점,본그룹,백반·죽·국수,경기도,화성시,33.8265,D
growth_probability_focus,성장확률 강화,ba_13229184,본죽 대구산격점,본그룹,백반·죽·국수,대구광역시,북구,37.6268,D
growth_probability_focus,성장확률 강화,ba_13977023,굽네피자 삼숭고읍점,굽네치킨,피자,경기도,양주시,35.2577,D
growth_probability_focus,성장확률 강화,ba_13974075,굽네피자 인계점,굽네치킨,피자,경기도,수원시,34.6497,D
growth_probability_focus,성장확률 강화,ba_14688115,본죽 산본사거리점,본그룹,백반·죽·국수,경기도,군포시,33.5947,D
growth_probability_focus,성장확률 강화,ba_14688567,본죽&비빔밥 목동8단지점,본그룹,백반·죽·국수,서울특별시,양천구,36.4879,D
growth_probability_focus,성장확률 강화,ba_13230502,본죽 화성봉담점,본그룹,백반·죽·국수,경기도,화성시,38.6387,D
growth_probability_focus,성장확률 강화,ba_14397420,굽네치킨 진해장천점,굽네치킨,치킨,경상남도,창원시,32.4066,D
growth_probability_focus,성장확률 강화,ba_13224833,본죽 명학역점,본그룹,백반·죽·국수,경기도,안양시,37.2820,D
growth_probability_focus,성장확률 강화,ba_13233454,본죽 서산읍내동점,본그룹,백반·죽·국수,충청남도,서산시,36.8521,D
growth_probability_focus,성장확률 강화,ba_14799660,본죽&비빔밥 의정부역점,본그룹,백반·죽·국수,경기도,의정부시,33.2178,D
growth_probability_focus,성장확률 강화,ba_14690122,본죽&비빔밥 용인죽전사거리도담마을점,본그룹,백반·죽·국수,경기도,용인시,35.4368,D
growth_probability_focus,성장확률 강화,ba_14629919,굽네피자 양지동점,굽네치킨,피자,경기도,성남시,34.9153,D
growth_probability_focus,성장확률 강화,ba_13231050,본죽&비빔밥 안산고잔법원점,본그룹,백반·죽·국수,경기도,안산시,37.1439,D
growth_probability_focus,성장확률 강화,ba_14687347,본죽&비빔밥 둔촌보훈병원점,본그룹,백반·죽·국수,서울특별시,강동구,36.0178,D
growth_probability_focus,성장확률 강화,ba_13973349,굽네피자 온의퇴계점,굽네치킨,피자,강원특별자치도,춘천시,34.3271,D
growth_probability_focus,성장확률 강화,ba_13969584,굽네피자 대구대현점,굽네치킨,피자,대구광역시,북구,33.8065,D
growth_probability_focus,성장확률 강화,ba_14422337,본죽&비빔밥 고양덕은점,본그룹,백반·죽·국수,경기도,고양시,33.7945,D
growth_probability_focus,성장확률 강화,ba_13234523,본죽&비빔밥 동탄목동점,본그룹,백반·죽·국수,경기도,화성시,34.5720,D
growth_probability_focus,성장확률 강화,ba_14796355,본죽&비빔밥 남양주퇴계원점,본그룹,백반·죽·국수,경기도,남양주시,32.6491,D
growth_probability_focus,성장확률 강화,ba_14691997,본죽&비빔밥 부산사상점,본그룹,백반·죽·국수,부산광역시,사상구,33.2993,D
growth_probability_focus,성장확률 강화,ba_14691262,본죽&비빔밥 대구상인롯데점,본그룹,백반·죽·국수,대구광역시,달서구,32.4871,D
growth_probability_focus,성장확률 강화,ba_14399330,본죽&비빔밥 대구상인롯데점,본그룹,백반·죽·국수,대구광역시,달서구,32.4831,D
growth_probability_focus,성장확률 강화,ba_10583009,굽네치킨 광주용봉점,굽네치킨,치킨,광주광역시,북구,33.1261,D
growth_probability_focus,성장확률 강화,ba_14801139,굽네치킨&피자 율하스타점,굽네치킨,치킨,경상남도,김해시,29.8571,D
growth_probability_focus,성장확률 강화,ba_13228869,본죽&비빔밥 대전판암점,본그룹,백반·죽·국수,대전광역시,동구,35.6241,D
growth_probability_focus,성장확률 강화,ba_14687134,본죽 만리점,본그룹,백반·죽·국수,서울특별시,중구,38.2156,D
growth_probability_focus,성장확률 강화,ba_13260523,본죽＆비빔밥 평택포승점,본그룹,백반·죽·국수,경기도,평택시,35.3620,D
growth_probability_focus,성장확률 강화,ba_14249441,굽네피자 부산하단점,굽네치킨,피자,부산광역시,사하구,33.9483,D
growth_probability_focus,성장확률 강화,ba_14341228,굽네피자&치킨 고덕국제점,굽네치킨,피자,경기도,평택시,33.4955,D
growth_probability_focus,성장확률 강화,ba_14703003,본죽 경남거제옥포점,본그룹,백반·죽·국수,경상남도,거제시,31.8541,D
growth_probability_focus,성장확률 강화,ba_13223504,본죽&비빔밥 문정법조단지점,본그룹,백반·죽·국수,서울특별시,송파구,35.0288,D
growth_probability_focus,성장확률 강화,ba_14400680,굽네치킨 영암삼호점,굽네치킨,치킨,전라남도,영암군,34.2840,D
growth_probability_focus,성장확률 강화,ba_14691145,본죽&비빔밥 구미상모점,본그룹,백반·죽·국수,경상북도,구미시,32.1628,D
growth_probability_focus,성장확률 강화,ba_14812426,본죽&비빔밥 대전선화점,본그룹,백반·죽·국수,대전광역시,중구,31.4414,D
growth_probability_focus,성장확률 강화,ba_14812430,본죽&비빔밥 대전선화점,본그룹,백반·죽·국수,대전광역시,중구,31.4092,D
growth_probability_focus,성장확률 강화,ba_14783436,본죽&비빔밥 마산합포오동점,본그룹,백반·죽·국수,경상남도,창원시,32.0159,D
growth_probability_focus,성장확률 강화,ba_14762166,본죽&비빔밥 광주북구청점,본그룹,백반·죽·국수,광주광역시,북구,34.5243,D
growth_probability_focus,성장확률 강화,ba_13233594,본죽 대구진천역점,본그룹,백반·죽·국수,대구광역시,달서구,35.3343,D
growth_probability_focus,성장확률 강화,ba_10774794,굽네치킨&피자 회덕점,굽네치킨,치킨,경기도,광주시,30.1767,D
growth_probability_focus,성장확률 강화,ba_13228978,본죽&비빔밥 인천연희연세병원점,본그룹,백반·죽·국수,인천광역시,서구,33.4968,D
growth_probability_focus,성장확률 강화,ba_14702063,본죽&비빔밥 목동파라곤점,본그룹,백반·죽·국수,서울특별시,양천구,31.1243,D
growth_probability_focus,성장확률 강화,ba_14831112,본죽&비빔밥 상봉역점,본그룹,백반·죽·국수,서울특별시,중랑구,29.6567,D
growth_probability_focus,성장확률 강화,ba_14270903,굽네치킨&피자 원미점,굽네치킨,치킨,경기도,부천시,30.6984,D
growth_probability_focus,성장확률 강화,ba_14841573,본죽&비빔밥 왕십리점,본그룹,백반·죽·국수,서울특별시,성동구,29.4477,D
growth_probability_focus,성장확률 강화,ba_14688709,본죽&비빔밥 부천순천향병원앞점,본그룹,백반·죽·국수,경기도,부천시,34.0395,D
growth_probability_focus,성장확률 강화,ba_14831111,본죽&비빔밥 상봉역점,본그룹,백반·죽·국수,서울특별시,중랑구,29.3409,D
growth_probability_focus,성장확률 강화,ba_14841574,본죽&비빔밥 왕십리점,본그룹,백반·죽·국수,서울특별시,성동구,29.3093,D
growth_probability_focus,성장확률 강화,ba_13251048,본죽&비빔밥 울산송정점,본그룹,백반·죽·국수,울산광역시,북구,33.0766,D
growth_probability_focus,성장확률 강화,ba_13207953,본죽&비빔밥 자양동점,본그룹,백반·죽·국수,서울특별시,광진구,28.7984,D
growth_probability_focus,성장확률 강화,ba_14692056,본죽&비빔밥 자양동점,본그룹,백반·죽·국수,서울특별시,광진구,28.7984,D
growth_probability_focus,성장확률 강화,ba_14826413,본죽&비빔밥 대림성모점,본그룹,백반·죽·국수,서울특별시,동작구,28.7876,D
growth_probability_focus,성장확률 강화,ba_14828692,본죽&비빔밥 대림성모점,본그룹,백반·죽·국수,서울특별시,동작구,28.7876,D
growth_probability_focus,성장확률 강화,ba_13227070,본죽&비빔밥 부산신호점,본그룹,백반·죽·국수,부산광역시,강서구,32.9083,D
growth_probability_focus,성장확률 강화,ba_14691798,본죽&비빔밥 울산송정점,본그룹,백반·죽·국수,울산광역시,북구,32.8360,D
growth_probability_focus,성장확률 강화,ba_10698232,굽네치킨&피자 연경점,굽네치킨,치킨,대구광역시,동구,30.7182,D
growth_probability_focus,성장확률 강화,ba_14798893,본죽&비빔밥 남양주퇴계원점,본그룹,백반·죽·국수,경기도,남양주시,30.9584,D
growth_probability_focus,성장확률 강화,ba_14691237,본죽 대구황금동점,본그룹,백반·죽·국수,대구광역시,수성구,32.7872,D
growth_probability_focus,성장확률 강화,ba_14780432,본죽&비빔밥 경기광주태전힐스테이트점,본그룹,백반·죽·국수,경기도,광주시,28.8025,D
growth_probability_focus,성장확률 강화,ba_14754965,본죽&비빔밥 평택시청점,본그룹,백반·죽·국수,경기도,평택시,32.4914,D
growth_probability_focus,성장확률 강화,ba_14049107,굽네치킨&피자 송도신도시점,굽네치킨,치킨,인천광역시,연수구,30.2220,D
growth_probability_focus,성장확률 강화,ba_14248050,굽네치킨&피자 은행선화점,굽네치킨,치킨,대전광역시,중구,29.7923,D
growth_probability_focus,성장확률 강화,ba_14691864,본죽&비빔밥 부산신호점,본그룹,백반·죽·국수,부산광역시,강서구,32.1910,D
growth_probability_focus,성장확률 강화,ba_14528476,본죽&비빔밥 인천박촌역점,본그룹,백반·죽·국수,인천광역시,계양구,28.1838,D
growth_probability_focus,성장확률 강화,ba_14690560,본죽 창원경상대학교병원점,본그룹,백반·죽·국수,경상남도,창원시,27.3415,D
growth_probability_focus,성장확률 강화,ba_14262149,본죽&비빔밥 용인둔전점,본그룹,백반·죽·국수,경기도,용인시,33.8375,D
growth_probability_focus,성장확률 강화,ba_14691105,본죽&비빔밥 대전하기동점,본그룹,백반·죽·국수,대전광역시,유성구,31.5711,D
growth_probability_focus,성장확률 강화,ba_13292835,본죽&비빔밥 대전하기동점,본그룹,백반·죽·국수,대전광역시,유성구,31.5711,D
growth_probability_focus,성장확률 강화,ba_13182129,본죽 천안순천향병원점,본그룹,백반·죽·국수,충청남도,천안시,32.4940,D
growth_probability_focus,성장확률 강화,ba_14812126,본죽&비빔밥 가평설악점,본그룹,백반·죽·국수,경기도,가평군,27.5900,D
growth_probability_focus,성장확률 강화,ba_13182018,본죽&비빔밥 순천중앙점,본그룹,백반·죽·국수,전라남도,순천시,32.6385,D
growth_probability_focus,성장확률 강화,ba_14690836,본죽&비빔밥 마산내서점,본그룹,백반·죽·국수,경상남도,창원시,31.0574,D
growth_probability_focus,성장확률 강화,ba_14781731,본죽&비빔밥 하남시청점,본그룹,백반·죽·국수,경기도,하남시,27.2726,D
growth_probability_focus,성장확률 강화,ba_14691122,본죽 부산기장점,본그룹,백반·죽·국수,부산광역시,기장군,27.1680,D
growth_probability_focus,성장확률 강화,ba_14691311,본죽 경북왜관점,본그룹,백반·죽·국수,경상북도,칠곡군,27.0325,D
growth_probability_focus,성장확률 강화,ba_14689893,본죽 양산통도사점,본그룹,백반·죽·국수,경상남도,양산시,26.9491,D
growth_probability_focus,성장확률 강화,ba_14775582,본죽&비빔밥 시흥배곧한라점,본그룹,백반·죽·국수,경기도,시흥시,27.0230,D
growth_probability_focus,성장확률 강화,ba_14818313,본죽&비빔밥 대전복수점,본그룹,백반·죽·국수,대전광역시,서구,26.8257,D
growth_probability_focus,성장확률 강화,ba_14818314,본죽&비빔밥 대전복수점,본그룹,백반·죽·국수,대전광역시,서구,26.8238,D
growth_probability_focus,성장확률 강화,ba_13976616,굽네피자 여수관문점,굽네치킨,피자,전라남도,여수시,28.8510,D
growth_probability_focus,성장확률 강화,ba_14691048,본죽&비빔밥 진해자은점,본그룹,백반·죽·국수,경상남도,창원시,26.7587,D
growth_probability_focus,성장확률 강화,ba_14801362,본죽&비빔밥 청주지웰시티점,본그룹,백반·죽·국수,충청북도,청주시,26.7142,D
growth_probability_focus,성장확률 강화,ba_14798894,본죽&비빔밥 남양주퇴계원점,본그룹,백반·죽·국수,경기도,남양주시,28.7940,D
growth_probability_focus,성장확률 강화,ba_14692092,본죽&비빔밥 제주외도점,본그룹,백반·죽·국수,제주특별자치도,제주시,30.4035,D
growth_probability_focus,성장확률 강화,ba_14689760,본죽&비빔밥 송도퍼스트파크점,본그룹,백반·죽·국수,인천광역시,연수구,26.4760,D
growth_probability_focus,성장확률 강화,ba_13223141,본죽 일산탄현점,본그룹,백반·죽·국수,경기도,고양시,32.0823,D
growth_probability_focus,성장확률 강화,ba_13234101,본죽&비빔밥 세종첫마을점,본그룹,백반·죽·국수,세종특별자치시,노을3로,29.8017,D
growth_probability_focus,성장확률 강화,ba_14687493,본죽&비빔밥 상암DMC점,본그룹,백반·죽·국수,서울특별시,마포구,28.9812,D
growth_probability_focus,성장확률 강화,ba_14728291,본죽 논산점,본그룹,백반·죽·국수,충청남도,논산시,28.0580,D
growth_probability_focus,성장확률 강화,ba_14580787,본죽&비빔밥 광주운암벽산점,본그룹,백반·죽·국수,광주광역시,북구,30.7391,D
growth_probability_focus,성장확률 강화,ba_13229560,본죽 양천구청점,본그룹,백반·죽·국수,서울특별시,양천구,28.7064,D
growth_probability_focus,성장확률 강화,ba_10418082,굽네치킨 여수관문점,굽네치킨,치킨,전라남도,여수시,26.2321,D
growth_probability_focus,성장확률 강화,ba_14688345,본죽 수원화서위브하늘채점,본그룹,백반·죽·국수,경기도,수원시,28.9015,D
growth_probability_focus,성장확률 강화,ba_13237293,본죽 의왕오전점,본그룹,백반·죽·국수,경기도,의왕시,26.9587,D
growth_probability_focus,성장확률 강화,ba_14675393,굽네치킨 적성점,굽네치킨,치킨,경기도,파주시,28.7649,D
growth_probability_focus,성장확률 강화,ba_13181699,본죽 김포양곡점,본그룹,백반·죽·국수,경기도,김포시,30.6751,D
growth_probability_focus,성장확률 강화,ba_14687076,본죽 양천구청점,본그룹,백반·죽·국수,서울특별시,양천구,28.4926,D
growth_probability_focus,성장확률 강화,ba_14775022,본죽&비빔밥 광혜원점,본그룹,백반·죽·국수,충청북도,진천군,26.8061,D
growth_probability_focus,성장확률 강화,ba_14688075,본죽 일산탄현점,본그룹,백반·죽·국수,경기도,고양시,30.4299,D
growth_probability_focus,성장확률 강화,ba_13233581,본죽&비빔밥 진주혁신중앙점,본그룹,백반·죽·국수,경상남도,진주시,28.5478,D
growth_probability_focus,성장확률 강화,ba_13969607,굽네피자 봉곡사림점,굽네치킨,피자,경상남도,창원시,24.6592,D
growth_probability_focus,성장확률 강화,ba_14692035,본죽&비빔밥 여수미평점,본그룹,백반·죽·국수,전라남도,여수시,27.3560,D
growth_probability_focus,성장확률 강화,ba_14786815,본죽&비빔밥 부산남천동점,본그룹,백반·죽·국수,부산광역시,수영구,24.4832,D
growth_probability_focus,성장확률 강화,ba_13722581,본죽&비빔밥 의왕고천점,본그룹,백반·죽·국수,경기도,의왕시,27.0501,D
growth_probability_focus,성장확률 강화,ba_14294026,굽네치킨&피자 신안중흥점,굽네치킨,치킨,광주광역시,북구,26.9054,D
growth_probability_focus,성장확률 강화,ba_14582508,본죽 안산월피동점,본그룹,백반·죽·국수,경기도,안산시,24.8944,D
growth_probability_focus,성장확률 강화,ba_13235318,본죽&비빔밥 상암DMC점,본그룹,백반·죽·국수,서울특별시,마포구,26.5865,D
growth_probability_focus,성장확률 강화,ba_13550240,본죽&비빔밥 청주오창2지구점,본그룹,백반·죽·국수,충청북도,청주시,26.7462,D
growth_probability_focus,성장확률 강화,ba_13225754,본죽&비빔밥 일산라페스타점,본그룹,백반·죽·국수,경기도,고양시,24.0582,D
growth_probability_focus,성장확률 강화,ba_14689024,본죽&비빔밥 김포장기초당마을점,본그룹,백반·죽·국수,경기도,김포시,24.1039,D
growth_probability_focus,성장확률 강화,ba_14778684,본죽&비빔밥 대구대천점,본그룹,백반·죽·국수,대구광역시,달서구,23.9403,D
growth_probability_focus,성장확률 강화,ba_14689416,본죽&비빔밥 수원호매실화홍병원점,본그룹,백반·죽·국수,경기도,수원시,24.1437,D
growth_probability_focus,성장확률 강화,ba_14793023,본죽&비빔밥 장호원점,본그룹,백반·죽·국수,경기도,이천시,23.6135,D
growth_probability_focus,성장확률 강화,ba_14688716,본죽&비빔밥 일산식사점,본그룹,백반·죽·국수,경기도,고양시,25.7645,D
growth_probability_focus,성장확률 강화,ba_13228647,본죽 대전용운점,본그룹,백반·죽·국수,대전광역시,동구,23.5094,D
growth_probability_focus,성장확률 강화,ba_14691272,본죽 대전비래점,본그룹,백반·죽·국수,대전광역시,대덕구,25.6622,D
growth_probability_focus,성장확률 강화,ba_14691817,본죽 부산장림점,본그룹,백반·죽·국수,부산광역시,사하구,23.7904,D
growth_probability_focus,성장확률 강화,ba_13225939,본죽 경남거제옥포점,본그룹,백반·죽·국수,경상남도,거제시,24.8807,D
growth_probability_focus,성장확률 강화,ba_14702120,본죽&비빔밥 천안풍세점,본그룹,백반·죽·국수,충청남도,천안시,23.2321,D
growth_probability_focus,성장확률 강화,ba_14689401,본죽&비빔밥 수원호매실역점,본그룹,백반·죽·국수,경기도,수원시,24.4845,D
growth_probability_focus,성장확률 강화,ba_14688879,본죽 수원대점,본그룹,백반·죽·국수,경기도,화성시,22.7866,D
growth_probability_focus,성장확률 강화,ba_14456827,본죽&비빔밥 인천동암더샵점,본그룹,백반·죽·국수,인천광역시,부평구,22.2013,D
growth_probability_focus,성장확률 강화,ba_14691834,본죽 부산고신대병원점,본그룹,백반·죽·국수,부산광역시,서구,21.8313,D
growth_probability_focus,성장확률 강화,ba_14692077,본죽&비빔밥 진주혁신중앙점,본그룹,백반·죽·국수,경상남도,진주시,22.5671,D
growth_probability_focus,성장확률 강화,ba_14726741,본죽&비빔밥 대구방촌해안역점,본그룹,백반·죽·국수,대구광역시,동구,23.3211,D
growth_probability_focus,성장확률 강화,ba_14688483,본죽 동수원점,본그룹,백반·죽·국수,경기도,수원시,23.2316,D
growth_probability_focus,성장확률 강화,ba_13226546,본죽&비빔밥 부산대학병원점,본그룹,백반·죽·국수,부산광역시,서구,22.1192,D
growth_probability_focus,성장확률 강화,ba_14692291,본죽 청주하복대점,본그룹,백반·죽·국수,충청북도,청주시,20.9638,D
growth_probability_focus,성장확률 강화,ba_14688192,본죽 성남신흥동점,본그룹,백반·죽·국수,경기도,성남시,21.7138,D
growth_probability_focus,성장확률 강화,ba_13651212,본죽&비빔밥 광주금호점,본그룹,백반·죽·국수,광주광역시,서구,21.2324,D
growth_probability_focus,성장확률 강화,ba_13186079,본죽 오산궐동점,본그룹,백반·죽·국수,경기도,오산시,21.3349,D
growth_probability_focus,성장확률 강화,ba_14795563,본죽&비빔밥 잠원역점,본그룹,백반·죽·국수,서울특별시,서초구,20.1650,D
growth_probability_focus,성장확률 강화,ba_13226670,본죽 부산영도점,본그룹,백반·죽·국수,부산광역시,영도구,20.7673,D
growth_probability_focus,성장확률 강화,ba_13199208,본죽 울주덕신점,본그룹,백반·죽·국수,울산광역시,울주군,20.7748,D
growth_probability_focus,성장확률 강화,ba_14692383,본죽&비빔밥 울산신정시장점,본그룹,백반·죽·국수,울산광역시,남구,20.0509,D
growth_probability_focus,성장확률 강화,ba_14435298,본죽&비빔밥 인천부평나누리병원점,본그룹,백반·죽·국수,인천광역시,부평구,20.1823,D
growth_probability_focus,성장확률 강화,ba_14273436,본죽&비빔밥 거제고현점,본그룹,백반·죽·국수,경상남도,거제시,20.9325,D
growth_probability_focus,성장확률 강화,ba_14693289,본죽&비빔밥 천안쌍용3동점,본그룹,백반·죽·국수,충청남도,천안시,20.1679,D
growth_probability_focus,성장확률 강화,ba_14488495,본죽&비빔밥 역촌점,본그룹,백반·죽·국수,서울특별시,은평구,20.1402,D
growth_probability_focus,성장확률 강화,ba_14691891,본죽&비빔밥 울산성안점,본그룹,백반·죽·국수,울산광역시,중구,20.2428,D
growth_probability_focus,성장확률 강화,ba_14688905,본죽&비빔밥 고양원당점,본그룹,백반·죽·국수,경기도,고양시,20.0107,D
growth_probability_focus,성장확률 강화,ba_14691815,본죽 부산다대점,본그룹,백반·죽·국수,부산광역시,사하구,19.9341,D
growth_probability_focus,성장확률 강화,ba_14470771,본죽&비빔밥 부산동대신역점,본그룹,백반·죽·국수,부산광역시,서구,19.6626,D
growth_probability_focus,성장확률 강화,ba_14688571,본죽 안산선부점,본그룹,백반·죽·국수,경기도,안산시,19.9604,D
growth_probability_focus,성장확률 강화,ba_13229858,본죽 창원반송점,본그룹,백반·죽·국수,경상남도,창원시,18.6312,D
growth_probability_focus,성장확률 강화,ba_14689846,본죽&비빔밥 동탄영천점,본그룹,백반·죽·국수,경기도,화성시,18.5183,D
growth_probability_focus,성장확률 강화,ba_14691861,본죽&비빔밥 울산역금아드림점,본그룹,백반·죽·국수,울산광역시,울주군,17.6493,D
growth_probability_focus,성장확률 강화,ba_14277930,본죽&비빔밥 동탄청계점,본그룹,백반·죽·국수,경기도,화성시,18.0350,D
growth_probability_focus,성장확률 강화,ba_13227659,본죽&비빔밥 부산괴정점,본그룹,백반·죽·국수,부산광역시,사하구,17.8347,D
growth_probability_focus,성장확률 강화,ba_13228874,본죽&비빔밥 청주성안길점,본그룹,백반·죽·국수,충청북도,청주시,15.9312,D
growth_probability_focus,성장확률 강화,ba_13181719,본죽&비빔밥 칠곡석적점,본그룹,백반·죽·국수,경상북도,칠곡군,16.0522,D
growth_probability_focus,성장확률 강화,ba_14694287,본죽&비빔밥 인사동점,본그룹,백반·죽·국수,서울특별시,종로구,15.5029,D
growth_alpha_focus,Growth Alpha 강화,ba_13248384,본죽&비빔밥 구리인창점,본그룹,백반·죽·국수,경기도,구리시,98.4939,A
growth_alpha_focus,Growth Alpha 강화,ba_14689004,본죽&비빔밥 산본학원가점,본그룹,백반·죽·국수,경기도,군포시,93.9861,A
growth_alpha_focus,Growth Alpha 강화,ba_14694390,본죽&비빔밥 평택시청점,본그룹,백반·죽·국수,경기도,평택시,92.0596,A
growth_alpha_focus,Growth Alpha 강화,ba_14756888,본죽&비빔밥 창원대원점,본그룹,백반·죽·국수,경상남도,창원시,92.5384,A
growth_alpha_focus,Growth Alpha 강화,ba_14692155,본죽&비빔밥 해운대백병원점,본그룹,백반·죽·국수,부산광역시,해운대구,92.3843,A
growth_alpha_focus,Growth Alpha 강화,ba_14692232,본죽 아산용화점,본그룹,백반·죽·국수,충청남도,아산시,93.3246,A
growth_alpha_focus,Growth Alpha 강화,ba_14692455,본죽&비빔밥 천안신불당북부점,본그룹,백반·죽·국수,충청남도,천안시,91.1435,A
growth_alpha_focus,Growth Alpha 강화,ba_14688738,본죽&비빔밥 분당롯데점,본그룹,백반·죽·국수,경기도,성남시,91.7968,A
growth_alpha_focus,Growth Alpha 강화,ba_13470236,본죽&비빔밥 신제주점,본그룹,백반·죽·국수,제주특별자치도,제주시,92.4452,A
growth_alpha_focus,Growth Alpha 강화,ba_13223654,본죽&비빔밥 고양행신역점,본그룹,백반·죽·국수,경기도,고양시,90.9494,A
growth_alpha_focus,Growth Alpha 강화,ba_14462203,본죽&비빔밥 동대구시장점,본그룹,백반·죽·국수,대구광역시,동구,89.3739,A
growth_alpha_focus,Growth Alpha 강화,ba_13219951,본죽&비빔밥 순천연향점,본그룹,백반·죽·국수,전라남도,순천시,90.0255,A
growth_alpha_focus,Growth Alpha 강화,ba_14690680,본죽&비빔밥 김해율하2지구점,본그룹,백반·죽·국수,경상남도,김해시,86.6771,A
growth_alpha_focus,Growth Alpha 강화,ba_14691080,본죽&비빔밥 대전유성온천역점,본그룹,백반·죽·국수,대전광역시,유성구,86.4366,A
growth_alpha_focus,Growth Alpha 강화,ba_14690155,본죽&비빔밥 김포걸포점,본그룹,백반·죽·국수,경기도,김포시,90.6447,A
growth_alpha_focus,Growth Alpha 강화,ba_14691093,본죽&비빔밥 대전노은점,본그룹,백반·죽·국수,대전광역시,유성구,84.3463,A
growth_alpha_focus,Growth Alpha 강화,ba_14691989,본죽&비빔밥 여천신동아점,본그룹,백반·죽·국수,전라남도,여수시,88.8267,A
growth_alpha_focus,Growth Alpha 강화,ba_14689003,본죽&비빔밥 구리인창점,본그룹,백반·죽·국수,경기도,구리시,88.1296,A
growth_alpha_focus,Growth Alpha 강화,ba_14689953,본죽&비빔밥 양주고읍점,본그룹,백반·죽·국수,경기도,양주시,87.7871,A
growth_alpha_focus,Growth Alpha 강화,ba_14766686,굽네치킨 운정2호점,굽네치킨,피자,경기도,파주시,88.5753,A
growth_alpha_focus,Growth Alpha 강화,ba_14690630,본죽&비빔밥 포항창포점,본그룹,백반·죽·국수,경상북도,포항시,86.6885,A
growth_alpha_focus,Growth Alpha 강화,ba_14746052,본죽&비빔밥 포항두호점,본그룹,백반·죽·국수,경상북도,포항시,88.1441,A
growth_alpha_focus,Growth Alpha 강화,ba_14690722,본죽&비빔밥 광주월곡점,본그룹,백반·죽·국수,광주광역시,광산구,87.3721,A
growth_alpha_focus,Growth Alpha 강화,ba_14691298,본죽&비빔밥 대전전민동점,본그룹,백반·죽·국수,대전광역시,유성구,84.5807,A
growth_alpha_focus,Growth Alpha 강화,ba_14758255,굽네치킨&피자 대구송현점,굽네치킨,치킨,대구광역시,달서구,89.9288,A
growth_alpha_focus,Growth Alpha 강화,ba_14691001,본죽&비빔밥 광주연제점,본그룹,백반·죽·국수,광주광역시,북구,89.0725,A
growth_alpha_focus,Growth Alpha 강화,ba_14356032,본죽&비빔밥 양평용문점,본그룹,백반·죽·국수,경기도,양평군,86.3752,A
growth_alpha_focus,Growth Alpha 강화,ba_14692116,본죽&비빔밥 부산수영점,본그룹,백반·죽·국수,부산광역시,수영구,83.1378,A
growth_alpha_focus,Growth Alpha 강화,ba_14691999,본죽&비빔밥 부산동래점,본그룹,백반·죽·국수,부산광역시,동래구,86.8334,A
growth_alpha_focus,Growth Alpha 강화,ba_14690712,본죽&비빔밥 광주운남점,본그룹,백반·죽·국수,광주광역시,광산구,86.7141,A
growth_alpha_focus,Growth Alpha 강화,ba_14690983,본죽&비빔밥 대전송촌점,본그룹,백반·죽·국수,대전광역시,대덕구,83.0892,A
growth_alpha_focus,Growth Alpha 강화,ba_13228675,본죽&비빔밥 대전전민동점,본그룹,백반·죽·국수,대전광역시,유성구,83.4566,A
growth_alpha_focus,Growth Alpha 강화,ba_14688100,본죽 구리수택점,본그룹,백반·죽·국수,경기도,구리시,86.0889,A
growth_alpha_focus,Growth Alpha 강화,ba_14690689,본죽&비빔밥 광주신창점,본그룹,백반·죽·국수,광주광역시,광산구,86.0289,A
growth_alpha_focus,Growth Alpha 강화,ba_13231481,본죽&비빔밥 광명소하지구점,본그룹,백반·죽·국수,경기도,광명시,86.8061,A
growth_alpha_focus,Growth Alpha 강화,ba_14757543,굽네치킨&피자 동두천중앙점,굽네치킨,치킨,경기도,동두천시,87.3566,A
growth_alpha_focus,Growth Alpha 강화,ba_13231157,본죽 수원인계점,본그룹,백반·죽·국수,경기도,수원시,84.8016,A
growth_alpha_focus,Growth Alpha 강화,ba_14691062,본죽&비빔밥 광주염주화정점,본그룹,백반·죽·국수,광주광역시,서구,84.9716,A
growth_alpha_focus,Growth Alpha 강화,ba_13683573,본죽&비빔밥 제주아라점,본그룹,백반·죽·국수,제주특별자치도,제주시,79.0743,B
growth_alpha_focus,Growth Alpha 강화,ba_14335138,굽네치킨&피자 대전비래가양점,굽네치킨,치킨,대전광역시,동구,88.1076,A
growth_alpha_focus,Growth Alpha 강화,ba_14691173,본죽&비빔밥 대구복현동점,본그룹,백반·죽·국수,대구광역시,북구,86.7044,A
growth_alpha_focus,Growth Alpha 강화,ba_14692242,본죽&비빔밥 천안쌍용이마트점,본그룹,백반·죽·국수,충청남도,천안시,81.2777,A
growth_alpha_focus,Growth Alpha 강화,ba_13235500,본죽 의정부회룡역점,본그룹,백반·죽·국수,경기도,의정부시,86.5777,A
growth_alpha_focus,Growth Alpha 강화,ba_14691120,본죽&비빔밥 대구북구청점,본그룹,백반·죽·국수,대구광역시,북구,81.8929,A
growth_alpha_focus,Growth Alpha 강화,ba_14743732,본죽&비빔밥 인천오류왕길점,본그룹,백반·죽·국수,인천광역시,서구,86.5296,A
growth_alpha_focus,Growth Alpha 강화,ba_14688602,본죽&비빔밥 남양주덕소점,본그룹,백반·죽·국수,경기도,남양주시,82.8501,A
growth_alpha_focus,Growth Alpha 강화,ba_14689448,본죽&비빔밥 이천점,본그룹,백반·죽·국수,경기도,이천시,79.6671,B
growth_alpha_focus,Growth Alpha 강화,ba_14689809,본죽&비빔밥 안성당왕점,본그룹,백반·죽·국수,경기도,안성시,79.6086,B
growth_alpha_focus,Growth Alpha 강화,ba_14690057,본죽앤비빔밥 인천검단점,본그룹,백반·죽·국수,인천광역시,서구,85.7194,A
growth_alpha_focus,Growth Alpha 강화,ba_14742705,본죽&비빔밥 청주개신점,본그룹,백반·죽·국수,충청북도,청주시,85.3778,A
growth_alpha_focus,Growth Alpha 강화,ba_14691909,본죽&비빔밥 부산정관모전점,본그룹,백반·죽·국수,부산광역시,기장군,80.1852,A
growth_alpha_focus,Growth Alpha 강화,ba_13235557,본죽 도봉동점,본그룹,백반·죽·국수,서울특별시,도봉구,82.9566,A
growth_alpha_focus,Growth Alpha 강화,ba_14690587,본죽&비빔밥 포항법원점,본그룹,백반·죽·국수,경상북도,포항시,79.5261,B
growth_alpha_focus,Growth Alpha 강화,ba_14689382,본죽&비빔밥 수원권선시장점,본그룹,백반·죽·국수,경기도,수원시,83.3978,A
growth_alpha_focus,Growth Alpha 강화,ba_14757711,굽네치킨&피자 칠금문화점,굽네치킨,치킨,충청북도,충주시,87.4763,A
growth_alpha_focus,Growth Alpha 강화,ba_14692118,본죽&비빔밥 여수소호점,본그룹,백반·죽·국수,전라남도,여수시,78.7527,B
growth_alpha_focus,Growth Alpha 강화,ba_14727030,본죽&비빔밥 부산명장역점,본그룹,백반·죽·국수,부산광역시,동래구,84.3736,A
growth_alpha_focus,Growth Alpha 강화,ba_14692258,본죽 천안쌍용1동점,본그룹,백반·죽·국수,충청남도,천안시,80.4778,A
growth_alpha_focus,Growth Alpha 강화,ba_14688557,본죽 보정동단국대점,본그룹,백반·죽·국수,경기도,용인시,80.4425,A
growth_alpha_focus,Growth Alpha 강화,ba_14689904,본죽&비빔밥 안양호계포도원점,본그룹,백반·죽·국수,경기도,안양시,81.0737,A
growth_alpha_focus,Growth Alpha 강화,ba_14689854,본죽&비빔밥 인천간석홈플러스앞점,본그룹,백반·죽·국수,인천광역시,남동구,81.2355,A
growth_alpha_focus,Growth Alpha 강화,ba_14689573,본죽&비빔밥 시흥목감역점,본그룹,백반·죽·국수,경기도,시흥시,81.3663,A
growth_alpha_focus,Growth Alpha 강화,ba_14689645,본죽&비빔밥 병점복합타운점,본그룹,백반·죽·국수,경기도,화성시,84.3962,A
growth_alpha_focus,Growth Alpha 강화,ba_14689875,본죽 양산물금증산점,본그룹,백반·죽·국수,경상남도,양산시,81.6111,A
growth_alpha_focus,Growth Alpha 강화,ba_14687344,본죽&비빔밥 쌍문점,본그룹,백반·죽·국수,서울특별시,도봉구,82.8618,A
growth_alpha_focus,Growth Alpha 강화,ba_14459736,굽네치킨,굽네치킨,치킨,경기도,남양주시,87.4447,A
growth_alpha_focus,Growth Alpha 강화,ba_13222170,본죽&비빔밥 전북김제점,본그룹,백반·죽·국수,전북특별자치도,김제시,77.6679,B
growth_alpha_focus,Growth Alpha 강화,ba_14689886,본죽&비빔밥 안양호계사거리점,본그룹,백반·죽·국수,경기도,안양시,84.0903,A
growth_alpha_focus,Growth Alpha 강화,ba_14688860,본죽&비빔밥 수색DMC점,본그룹,백반·죽·국수,서울특별시,은평구,82.8382,A
growth_alpha_focus,Growth Alpha 강화,ba_14689766,본죽&비빔밥 인천신포동점,본그룹,백반·죽·국수,인천광역시,중구,80.2259,A
growth_alpha_focus,Growth Alpha 강화,ba_14690110,본죽&비빔밥 신봉초교점,본그룹,백반·죽·국수,경기도,용인시,80.6602,A
growth_alpha_focus,Growth Alpha 강화,ba_14688094,본죽 군포지샘병원점,본그룹,백반·죽·국수,경기도,군포시,80.1140,A
growth_alpha_focus,Growth Alpha 강화,ba_14694148,본죽 통영점,본그룹,백반·죽·국수,경상남도,통영시,78.5182,B
growth_alpha_focus,Growth Alpha 강화,ba_14689481,본죽&비빔밥 파주운정해오름점,본그룹,백반·죽·국수,경기도,파주시,78.7072,B
growth_alpha_focus,Growth Alpha 강화,ba_14691958,본죽&비빔밥 부산내성교차로점,본그룹,백반·죽·국수,부산광역시,동래구,82.0446,A
growth_alpha_focus,Growth Alpha 강화,ba_14691112,본죽 대구방촌점,본그룹,백반·죽·국수,대구광역시,동구,79.0297,B
growth_alpha_focus,Growth Alpha 강화,ba_14692165,본죽 세종아름점,본그룹,백반·죽·국수,세종특별자치시,보듬3로,77.7314,B
growth_alpha_focus,Growth Alpha 강화,ba_14692275,본죽&비빔밥 전주객사점,본그룹,백반·죽·국수,전북특별자치도,전주시,76.8593,B
growth_alpha_focus,Growth Alpha 강화,ba_14690002,본죽 송도센트럴파크점,본그룹,백반·죽·국수,인천광역시,연수구,81.4869,A
growth_alpha_focus,Growth Alpha 강화,ba_13233115,본죽&비빔밥 대구복현동점,본그룹,백반·죽·국수,대구광역시,북구,83.0406,A
growth_alpha_focus,Growth Alpha 강화,ba_14690034,본죽&비빔밥 인천검암점,본그룹,백반·죽·국수,인천광역시,서구,82.6426,A
growth_alpha_focus,Growth Alpha 강화,ba_14689611,본죽&비빔밥 시흥장곡점,본그룹,백반·죽·국수,경기도,시흥시,75.3362,B
growth_alpha_focus,Growth Alpha 강화,ba_14691077,본죽&비빔밥 대구파티마병원점,본그룹,백반·죽·국수,대구광역시,동구,82.3591,A
growth_alpha_focus,Growth Alpha 강화,ba_14689115,본죽&비빔밥 양주덕정점,본그룹,백반·죽·국수,경기도,양주시,80.2963,A
growth_alpha_focus,Growth Alpha 강화,ba_14273972,본죽&비빔밥 단양점,본그룹,백반·죽·국수,충청북도,단양군,74.9393,B
growth_alpha_focus,Growth Alpha 강화,ba_14691106,본죽&비빔밥 대구동구청점,본그룹,백반·죽·국수,대구광역시,동구,77.3107,B
growth_alpha_focus,Growth Alpha 강화,ba_14690723,본죽&비빔밥 광주첨단월계점,본그룹,백반·죽·국수,광주광역시,광산구,78.3107,B
growth_alpha_focus,Growth Alpha 강화,ba_14688114,본죽&비빔밥 신촌점,본그룹,백반·죽·국수,서울특별시,서대문구,78.3606,B
growth_alpha_focus,Growth Alpha 강화,ba_14448826,본죽&비빔밥 인천검단신도시점,본그룹,백반·죽·국수,인천광역시,서구,80.6987,A
growth_alpha_focus,Growth Alpha 강화,ba_14647668,본죽&비빔밥 인천간석홈플러스앞점,본그룹,백반·죽·국수,인천광역시,남동구,82.1008,A
growth_alpha_focus,Growth Alpha 강화,ba_14691857,본죽&비빔밥 부산명지국제중앙점,본그룹,백반·죽·국수,부산광역시,강서구,74.7150,B
growth_alpha_focus,Growth Alpha 강화,ba_14689890,본죽&비빔밥 구월아시아드점,본그룹,백반·죽·국수,인천광역시,남동구,79.0087,B
growth_alpha_focus,Growth Alpha 강화,ba_14732026,굽네치킨 부산전포점,굽네치킨,치킨,부산광역시,부산진구,74.9917,B
growth_alpha_focus,Growth Alpha 강화,ba_14691965,본죽&비빔밥 나주혁신호수공원점,본그룹,백반·죽·국수,전라남도,나주시,73.1529,B
growth_alpha_focus,Growth Alpha 강화,ba_13199394,본죽&비빔밥 울산야음점,본그룹,백반·죽·국수,울산광역시,남구,78.7309,B
growth_alpha_focus,Growth Alpha 강화,ba_14691209,본죽&비빔밥 대구두산점,본그룹,백반·죽·국수,대구광역시,수성구,74.3705,B
growth_alpha_focus,Growth Alpha 강화,ba_14689734,본죽&비빔밥 송도신도시점,본그룹,백반·죽·국수,인천광역시,연수구,76.7612,B
growth_alpha_focus,Growth Alpha 강화,ba_14687166,본죽&비빔밥 등촌공항대로점,본그룹,백반·죽·국수,서울특별시,강서구,78.1960,B
growth_alpha_focus,Growth Alpha 강화,ba_14689614,본죽&비빔밥 시흥시화점,본그룹,백반·죽·국수,경기도,시흥시,74.1955,B
growth_alpha_focus,Growth Alpha 강화,ba_14739745,굽네치킨 감정점,굽네치킨,치킨,경기도,김포시,74.5014,B
growth_alpha_focus,Growth Alpha 강화,ba_14690992,본죽&비빔밥 대전신탄점,본그룹,백반·죽·국수,대전광역시,대덕구,71.9607,B
growth_alpha_focus,Growth Alpha 강화,ba_13223520,본죽 신림고시촌점,본그룹,백반·죽·국수,서울특별시,관악구,76.7473,B
growth_alpha_focus,Growth Alpha 강화,ba_14714062,본죽&비빔밥 파주운정산내마을점,본그룹,백반·죽·국수,경기도,파주시,78.2527,B
growth_alpha_focus,Growth Alpha 강화,ba_14692326,본죽&비빔밥 제천청전점,본그룹,백반·죽·국수,충청북도,제천시,75.4122,B
growth_alpha_focus,Growth Alpha 강화,ba_14753110,본죽&비빔밥 청주성화점,본그룹,백반·죽·국수,충청북도,청주시,75.2098,B
growth_alpha_focus,Growth Alpha 강화,ba_14692505,본죽&비빔밥 울산남목점,본그룹,백반·죽·국수,울산광역시,동구,74.6966,B
growth_alpha_focus,Growth Alpha 강화,ba_14691361,본죽&비빔밥 경산옥곡점,본그룹,백반·죽·국수,경상북도,경산시,73.2587,B
growth_alpha_focus,Growth Alpha 강화,ba_14691245,본죽&비빔밥 대구동성로점,본그룹,백반·죽·국수,대구광역시,중구,74.0019,B
growth_alpha_focus,Growth Alpha 강화,ba_14691277,본죽&비빔밥 대구달서구청점,본그룹,백반·죽·국수,대구광역시,달서구,71.7465,B
growth_alpha_focus,Growth Alpha 강화,ba_14691130,본죽 부산진역점,본그룹,백반·죽·국수,부산광역시,동구,73.5391,B
growth_alpha_focus,Growth Alpha 강화,ba_14692482,본죽&비빔밥 충주호암점,본그룹,백반·죽·국수,충청북도,충주시,73.1918,B
growth_alpha_focus,Growth Alpha 강화,ba_14689750,본죽&비빔밥 안산본오점,본그룹,백반·죽·국수,경기도,안산시,76.0290,B
growth_alpha_focus,Growth Alpha 강화,ba_14744959,굽네치킨 부산수정점,굽네치킨,치킨,부산광역시,동구,74.1127,B
growth_alpha_focus,Growth Alpha 강화,ba_13918069,본죽&비빔밥 평택지제점,본그룹,백반·죽·국수,경기도,평택시,71.9954,B
growth_alpha_focus,Growth Alpha 강화,ba_14688687,본죽&비빔밥 신길점,본그룹,백반·죽·국수,서울특별시,영등포구,78.0941,B
growth_alpha_focus,Growth Alpha 강화,ba_14690674,본죽&비빔밥 광주신가점,본그룹,백반·죽·국수,광주광역시,광산구,77.1223,B
growth_alpha_focus,Growth Alpha 강화,ba_14688522,본죽 시흥은행점,본그룹,백반·죽·국수,경기도,시흥시,71.5532,B
growth_alpha_focus,Growth Alpha 강화,ba_13233576,본죽&비빔밥 당진점,본그룹,백반·죽·국수,충청남도,당진시,72.9154,B
growth_alpha_focus,Growth Alpha 강화,ba_14625762,본죽&비빔밥 익산부송우남점,본그룹,백반·죽·국수,전북특별자치도,익산시,74.6868,B
growth_alpha_focus,Growth Alpha 강화,ba_14691801,본죽 부산구남점,본그룹,백반·죽·국수,부산광역시,북구,74.0702,B
growth_alpha_focus,Growth Alpha 강화,ba_14739746,굽네피자 감정점,굽네치킨,피자,경기도,김포시,73.0261,B
growth_alpha_focus,Growth Alpha 강화,ba_14694620,본죽&비빔밥 경산신대부적점,본그룹,백반·죽·국수,경상북도,경산시,70.7048,B
growth_alpha_focus,Growth Alpha 강화,ba_14692022,본죽&비빔밥 여수죽림점,본그룹,백반·죽·국수,전라남도,여수시,73.1409,B
growth_alpha_focus,Growth Alpha 강화,ba_13223329,본죽&비빔밥 양주덕정점,본그룹,백반·죽·국수,경기도,양주시,79.5300,B
growth_alpha_focus,Growth Alpha 강화,ba_14627570,본죽&비빔밥 김해안동푸르지오점,본그룹,백반·죽·국수,경상남도,김해시,78.4511,B
growth_alpha_focus,Growth Alpha 강화,ba_14691943,본죽&비빔밥 순천연향점,본그룹,백반·죽·국수,전라남도,순천시,72.9005,B
growth_alpha_focus,Growth Alpha 강화,ba_13260584,본죽&비빔밥 광주신창점,본그룹,백반·죽·국수,광주광역시,광산구,79.3326,B
growth_alpha_focus,Growth Alpha 강화,ba_14703930,본죽 중화역점,본그룹,백반·죽·국수,서울특별시,중랑구,77.0246,B
growth_alpha_focus,Growth Alpha 강화,ba_10841883,굽네치킨 선부3동점,굽네치킨,치킨,경기도,안산시,70.0874,B
growth_alpha_focus,Growth Alpha 강화,ba_14688746,본죽&비빔밥 광명소하지구점,본그룹,백반·죽·국수,경기도,광명시,80.2807,A
growth_alpha_focus,Growth Alpha 강화,ba_14691975,본죽&비빔밥 백양산롯데캐슬점,본그룹,백반·죽·국수,부산광역시,부산진구,72.8309,B
growth_alpha_focus,Growth Alpha 강화,ba_14687318,본죽&비빔밥 독산정훈단지점,본그룹,백반·죽·국수,서울특별시,금천구,74.9109,B
growth_alpha_focus,Growth Alpha 강화,ba_14688729,본죽&비빔밥 과천점,본그룹,백반·죽·국수,경기도,과천시,70.8552,B
growth_alpha_focus,Growth Alpha 강화,ba_14691901,본죽&비빔밥 약사점,본그룹,백반·죽·국수,울산광역시,중구,70.6846,B
growth_alpha_focus,Growth Alpha 강화,ba_14688848,본죽&비빔밥 연신갈현점,본그룹,백반·죽·국수,서울특별시,은평구,78.1821,B
growth_alpha_focus,Growth Alpha 강화,ba_14690081,본죽 신곡시장점,본그룹,백반·죽·국수,서울특별시,양천구,75.9731,B
growth_alpha_focus,Growth Alpha 강화,ba_14727064,본죽&비빔밥 전주혁신도시점,본그룹,백반·죽·국수,전북특별자치도,완주군,70.6191,B
growth_alpha_focus,Growth Alpha 강화,ba_14691116,본죽&비빔밥 대구칠곡관음점,본그룹,백반·죽·국수,대구광역시,북구,70.5634,B
growth_alpha_focus,Growth Alpha 강화,ba_14690718,본죽&비빔밥 광주노대점,본그룹,백반·죽·국수,광주광역시,남구,71.3407,B
growth_alpha_focus,Growth Alpha 강화,ba_13234034,본죽 포항오천점,본그룹,백반·죽·국수,경상북도,포항시,69.0933,B
growth_alpha_focus,Growth Alpha 강화,ba_14688555,본죽 수원인계점,본그룹,백반·죽·국수,경기도,수원시,71.6940,B
growth_alpha_focus,Growth Alpha 강화,ba_14692194,본죽&비빔밥 익산영등제일점,본그룹,백반·죽·국수,전북특별자치도,익산시,77.6666,B
growth_alpha_focus,Growth Alpha 강화,ba_14688197,본죽 인왕산점,본그룹,백반·죽·국수,서울특별시,서대문구,77.3057,B
growth_alpha_focus,Growth Alpha 강화,ba_14689415,본죽&비빔밥 수원탑동점,본그룹,백반·죽·국수,경기도,수원시,69.8945,B
growth_alpha_focus,Growth Alpha 강화,ba_14457403,본죽&비빔밥 부산연제점,본그룹,백반·죽·국수,부산광역시,연제구,77.9232,B
growth_alpha_focus,Growth Alpha 강화,ba_14687119,본죽 성균관대점,본그룹,백반·죽·국수,서울특별시,종로구,75.0950,B
growth_alpha_focus,Growth Alpha 강화,ba_14690665,본죽&비빔밥 장유신문점,본그룹,백반·죽·국수,경상남도,김해시,71.0340,B
growth_alpha_focus,Growth Alpha 강화,ba_14688931,본죽&비빔밥 고양덕은점,본그룹,백반·죽·국수,경기도,고양시,69.6366,B
growth_alpha_focus,Growth Alpha 강화,ba_14691179,본죽&비빔밥 내당삼익뉴타운점,본그룹,백반·죽·국수,대구광역시,서구,69.4596,B
growth_alpha_focus,Growth Alpha 강화,ba_14691976,본죽&비빔밥 부산전포점,본그룹,백반·죽·국수,부산광역시,부산진구,69.5253,B
growth_alpha_focus,Growth Alpha 강화,ba_14691401,본죽&비빔밥 대구대학교점,본그룹,백반·죽·국수,경상북도,경산시,70.1401,B
growth_alpha_focus,Growth Alpha 강화,ba_14691998,본죽&비빔밥 부산엄궁점,본그룹,백반·죽·국수,부산광역시,사상구,69.3897,B
growth_alpha_focus,Growth Alpha 강화,ba_13973813,굽네피자 선부3동점,굽네치킨,피자,경기도,안산시,71.5293,B
growth_alpha_focus,Growth Alpha 강화,ba_14692216,본죽&비빔밥 조치원죽림점,본그룹,백반·죽·국수,세종특별자치시,조치원읍,65.6611,B
growth_alpha_focus,Growth Alpha 강화,ba_14691101,본죽&비빔밥 대구율하점,본그룹,백반·죽·국수,대구광역시,동구,73.5642,B
growth_alpha_focus,Growth Alpha 강화,ba_14689936,본죽&비빔밥 안양박달점,본그룹,백반·죽·국수,경기도,안양시,68.0627,B
growth_alpha_focus,Growth Alpha 강화,ba_14692439,본죽&비빔밥 청주오송파라곤점,본그룹,백반·죽·국수,충청북도,청주시,68.6590,B
growth_alpha_focus,Growth Alpha 강화,ba_14687368,본죽&비빔밥 장안동점,본그룹,백반·죽·국수,서울특별시,동대문구,73.6350,B
growth_alpha_focus,Growth Alpha 강화,ba_14689757,본죽&비빔밥 인천연수점,본그룹,백반·죽·국수,인천광역시,연수구,67.0086,B
growth_alpha_focus,Growth Alpha 강화,ba_14691059,본죽 대구세천점,본그룹,백반·죽·국수,대구광역시,달성군,69.6945,B
growth_alpha_focus,Growth Alpha 강화,ba_14691375,본죽&비빔밥 경산중산점,본그룹,백반·죽·국수,경상북도,경산시,69.0690,B
growth_alpha_focus,Growth Alpha 강화,ba_14613531,본죽&비빔밥 백양산롯데캐슬점,본그룹,백반·죽·국수,부산광역시,부산진구,67.8892,B
growth_alpha_focus,Growth Alpha 강화,ba_13230813,본죽&비빔밥 용인물푸레마을점,본그룹,백반·죽·국수,경기도,용인시,78.4347,B
growth_alpha_focus,Growth Alpha 강화,ba_13539851,굽네치킨 소답점,굽네치킨,치킨,경상남도,창원시,73.7315,B
growth_alpha_focus,Growth Alpha 강화,ba_14691953,본죽&비빔밥 순천오천점,본그룹,백반·죽·국수,전라남도,순천시,67.8326,B
growth_alpha_focus,Growth Alpha 강화,ba_14691150,본죽 다사죽곡점,본그룹,백반·죽·국수,대구광역시,달성군,68.5318,B
growth_alpha_focus,Growth Alpha 강화,ba_14691969,본죽&비빔밥 부산사직점,본그룹,백반·죽·국수,부산광역시,동래구,77.5946,B
growth_alpha_focus,Growth Alpha 강화,ba_14692121,본죽&비빔밥 부산법조타운점,본그룹,백반·죽·국수,부산광역시,연제구,71.2478,B
growth_alpha_focus,Growth Alpha 강화,ba_13233856,본죽 세종아름점,본그룹,백반·죽·국수,세종특별자치시,보듬3로,69.0445,B
growth_alpha_focus,Growth Alpha 강화,ba_13233778,본죽&비빔밥 포항효자점,본그룹,백반·죽·국수,경상북도,포항시,69.5573,B
growth_alpha_focus,Growth Alpha 강화,ba_14691037,본죽&비빔밥 대전학하점,본그룹,백반·죽·국수,대전광역시,유성구,68.4315,B
growth_alpha_focus,Growth Alpha 강화,ba_14688088,본죽&비빔밥 대흥역점,본그룹,백반·죽·국수,서울특별시,마포구,74.7738,B
growth_alpha_focus,Growth Alpha 강화,ba_13596071,본죽&비빔밥 연신갈현점,본그룹,백반·죽·국수,서울특별시,은평구,71.8548,B
growth_alpha_focus,Growth Alpha 강화,ba_13224710,본죽 안양관양동점,본그룹,백반·죽·국수,경기도,안양시,73.6151,B
growth_alpha_focus,Growth Alpha 강화,ba_14732355,본죽&비빔밥 속초점,본그룹,백반·죽·국수,강원특별자치도,속초시,67.2304,B
growth_alpha_focus,Growth Alpha 강화,ba_14688963,본죽 고양점,본그룹,백반·죽·국수,경기도,고양시,67.8831,B
growth_alpha_focus,Growth Alpha 강화,ba_14688337,본죽&비빔밥 장위뉴타운점,본그룹,백반·죽·국수,서울특별시,성북구,73.1263,B
growth_alpha_focus,Growth Alpha 강화,ba_14691042,본죽 대구서재점,본그룹,백반·죽·국수,대구광역시,달성군,66.8296,B
growth_alpha_focus,Growth Alpha 강화,ba_14691269,본죽 대전도마사거리점,본그룹,백반·죽·국수,대전광역시,서구,67.6065,B
growth_alpha_focus,Growth Alpha 강화,ba_14691005,본죽&비빔밥 광주화정점,본그룹,백반·죽·국수,광주광역시,서구,66.6709,B
growth_alpha_focus,Growth Alpha 강화,ba_14574885,본죽&비빔밥 청주분평점,본그룹,백반·죽·국수,충청북도,청주시,69.5483,B
growth_alpha_focus,Growth Alpha 강화,ba_13226530,본죽&비빔밥 목동사거리점,본그룹,백반·죽·국수,서울특별시,양천구,69.6378,B
growth_alpha_focus,Growth Alpha 강화,ba_14691187,본죽&비빔밥 대구평리뉴타운점,본그룹,백반·죽·국수,대구광역시,서구,67.3382,B
growth_alpha_focus,Growth Alpha 강화,ba_13472981,굽네피자,굽네치킨,피자,경상북도,상주시,68.4523,B
growth_alpha_focus,Growth Alpha 강화,ba_14692060,본죽&비빔밥 돌곶이역점,본그룹,백반·죽·국수,서울특별시,성북구,71.4995,B
growth_alpha_focus,Growth Alpha 강화,ba_14760742,본죽&비빔밥 용인신갈점,본그룹,백반·죽·국수,경기도,용인시,62.8884,C
growth_alpha_focus,Growth Alpha 강화,ba_14689761,본죽&비빔밥 송도글로벌캠퍼스점,본그룹,백반·죽·국수,인천광역시,연수구,71.0885,B
growth_alpha_focus,Growth Alpha 강화,ba_14276685,본죽 철원점,본그룹,백반·죽·국수,강원특별자치도,철원군,68.3222,B
growth_alpha_focus,Growth Alpha 강화,ba_14687335,본죽&비빔밥 광운대역점,본그룹,백반·죽·국수,서울특별시,노원구,72.5764,B
growth_alpha_focus,Growth Alpha 강화,ba_14691292,본죽&비빔밥 대구신매시장점,본그룹,백반·죽·국수,대구광역시,수성구,67.1053,B
growth_alpha_focus,Growth Alpha 강화,ba_14687326,본죽&비빔밥 개봉점,본그룹,백반·죽·국수,서울특별시,구로구,69.7808,B
growth_alpha_focus,Growth Alpha 강화,ba_14352915,본죽&비빔밥 대구다사역점,본그룹,백반·죽·국수,대구광역시,달성군,66.3181,B
growth_alpha_focus,Growth Alpha 강화,ba_14691036,본죽&비빔밥 대구다사역점,본그룹,백반·죽·국수,대구광역시,달성군,68.5202,B
growth_alpha_focus,Growth Alpha 강화,ba_14691974,본죽&비빔밥 부산율리점,본그룹,백반·죽·국수,부산광역시,북구,66.2705,B
growth_alpha_focus,Growth Alpha 강화,ba_13973745,굽네피자 가산점,굽네치킨,피자,서울특별시,금천구,66.2345,B
growth_alpha_focus,Growth Alpha 강화,ba_14702996,본죽&비빔밥 사당연세사랑병원점,본그룹,백반·죽·국수,서울특별시,서초구,73.1165,B
growth_alpha_focus,Growth Alpha 강화,ba_14687382,본죽&비빔밥 노량진점,본그룹,백반·죽·국수,서울특별시,동작구,72.5647,B
growth_alpha_focus,Growth Alpha 강화,ba_14691044,본죽&비빔밥 대구대곡역점,본그룹,백반·죽·국수,대구광역시,달성군,78.6140,B
growth_alpha_focus,Growth Alpha 강화,ba_14692246,본죽&비빔밥 천안성성점,본그룹,백반·죽·국수,충청남도,천안시,65.6108,B
growth_alpha_focus,Growth Alpha 강화,ba_14692012,본죽&비빔밥 여수여서점,본그룹,백반·죽·국수,전라남도,여수시,74.6580,B
growth_alpha_focus,Growth Alpha 강화,ba_13234790,굽네치킨 덕정점,굽네치킨,치킨,경기도,양주시,69.3920,B
growth_alpha_focus,Growth Alpha 강화,ba_14640352,본죽&비빔밥 광주삼각점,본그룹,백반·죽·국수,광주광역시,북구,67.9880,B
growth_alpha_focus,Growth Alpha 강화,ba_14690806,본죽&비빔밥 광주백운대성초교점,본그룹,백반·죽·국수,광주광역시,남구,66.9434,B
growth_alpha_focus,Growth Alpha 강화,ba_14392310,굽네피자 등촌2동점,굽네치킨,피자,서울특별시,강서구,65.5785,B
growth_alpha_focus,Growth Alpha 강화,ba_13233592,본죽&비빔밥 대구대학교점,본그룹,백반·죽·국수,경상북도,경산시,68.4132,B
growth_alpha_focus,Growth Alpha 강화,ba_14691344,본죽&비빔밥 경산사동점,본그룹,백반·죽·국수,경상북도,경산시,64.9849,C
growth_alpha_focus,Growth Alpha 강화,ba_14689610,본죽 동인천점,본그룹,백반·죽·국수,인천광역시,중구,73.6797,B
growth_alpha_focus,Growth Alpha 강화,ba_14689940,본죽&비빔밥 안양성원점,본그룹,백반·죽·국수,경기도,안양시,67.3528,B
growth_alpha_focus,Growth Alpha 강화,ba_14688525,본죽 시흥시화병원점,본그룹,백반·죽·국수,경기도,시흥시,74.1503,B
growth_alpha_focus,Growth Alpha 강화,ba_14688907,본죽&비빔밥 고양행신역점,본그룹,백반·죽·국수,경기도,고양시,64.1812,C
growth_alpha_focus,Growth Alpha 강화,ba_14504490,본죽&비빔밥 부천순천향병원앞점,본그룹,백반·죽·국수,경기도,부천시,60.1066,C
growth_alpha_focus,Growth Alpha 강화,ba_14688180,본죽&비빔밥 왕십리뉴타운점,본그룹,백반·죽·국수,서울특별시,성동구,67.9928,B
growth_alpha_focus,Growth Alpha 강화,ba_14688363,본죽&비빔밥 목동역점,본그룹,백반·죽·국수,서울특별시,양천구,68.7592,B
growth_alpha_focus,Growth Alpha 강화,ba_14692201,본죽&비빔밥 세종반곡점,본그룹,백반·죽·국수,세종특별자치시,한누리대로,62.0518,C
growth_alpha_focus,Growth Alpha 강화,ba_14689993,본죽&비빔밥 용인구갈점,본그룹,백반·죽·국수,경기도,용인시,63.6119,C
growth_alpha_focus,Growth Alpha 강화,ba_14606315,본죽&비빔밥 의정부범골역점,본그룹,백반·죽·국수,경기도,의정부시,79.5963,B
growth_alpha_focus,Growth Alpha 강화,ba_14694278,본죽&비빔밥 오금동사거리점,본그룹,백반·죽·국수,서울특별시,송파구,69.2634,B
growth_alpha_focus,Growth Alpha 강화,ba_13243585,본죽&비빔밥 쌍문점,본그룹,백반·죽·국수,서울특별시,도봉구,68.2383,B
growth_alpha_focus,Growth Alpha 강화,ba_13984579,굽네피자 암사3동점,굽네치킨,피자,서울특별시,강동구,63.6091,C
growth_alpha_focus,Growth Alpha 강화,ba_14692433,본죽&비빔밥 충주계룡힐스점,본그룹,백반·죽·국수,충청북도,충주시,66.4880,B
growth_alpha_focus,Growth Alpha 강화,ba_13550181,본죽&비빔밥 양주고읍점,본그룹,백반·죽·국수,경기도,양주시,64.1207,C
growth_alpha_focus,Growth Alpha 강화,ba_14689756,본죽 경기광주신현점,본그룹,백반·죽·국수,경기도,광주시,62.1955,C
growth_alpha_focus,Growth Alpha 강화,ba_13249989,굽네치킨 달동점,굽네치킨,치킨,울산광역시,남구,62.9817,C
growth_alpha_focus,Growth Alpha 강화,ba_10476209,굽네치킨 경남사천점,굽네치킨,치킨,경상남도,사천시,68.5254,B
growth_alpha_focus,Growth Alpha 강화,ba_14690660,본죽&비빔밥 김해안동푸르지오점,본그룹,백반·죽·국수,경상남도,김해시,63.7983,C
growth_alpha_focus,Growth Alpha 강화,ba_14690124,본죽&비빔밥 새터마을죽전현대홈타운점,본그룹,백반·죽·국수,경기도,용인시,65.9939,B
growth_alpha_focus,Growth Alpha 강화,ba_14699201,본죽 전농동점,본그룹,백반·죽·국수,서울특별시,동대문구,74.7105,B
growth_alpha_focus,Growth Alpha 강화,ba_14720262,굽네치킨 강화온수점,굽네치킨,치킨,인천광역시,강화군,68.6700,B
growth_alpha_focus,Growth Alpha 강화,ba_13630053,본죽&비빔밥 경남사천점,본그룹,백반·죽·국수,경상남도,사천시,65.3747,B
growth_alpha_focus,Growth Alpha 강화,ba_14690673,본죽&비빔밥 광주수완점,본그룹,백반·죽·국수,광주광역시,광산구,61.9310,C
growth_alpha_focus,Growth Alpha 강화,ba_14688924,본죽&비빔밥 서대문역점,본그룹,백반·죽·국수,서울특별시,종로구,69.2926,B
growth_alpha_focus,Growth Alpha 강화,ba_14654803,본죽&비빔밥 포항이인지구점,본그룹,백반·죽·국수,경상북도,포항시,64.0400,C
growth_alpha_focus,Growth Alpha 강화,ba_14691996,본죽&비빔밥 부산덕천점,본그룹,백반·죽·국수,부산광역시,북구,70.6399,B
growth_alpha_focus,Growth Alpha 강화,ba_14690565,본죽 창원중앙동점,본그룹,백반·죽·국수,경상남도,창원시,75.1809,B
growth_alpha_focus,Growth Alpha 강화,ba_14692211,본죽&비빔밥 세종해밀점,본그룹,백반·죽·국수,세종특별자치시,해밀3로,63.6502,C
growth_alpha_focus,Growth Alpha 강화,ba_14736683,본죽&비빔밥 신림녹두거리점,본그룹,백반·죽·국수,서울특별시,관악구,64.9493,C
growth_alpha_focus,Growth Alpha 강화,ba_14712294,본죽&비빔밥 서울대입구역점,본그룹,백반·죽·국수,서울특별시,관악구,65.2789,B
growth_alpha_focus,Growth Alpha 강화,ba_13230969,본죽&비빔밥 새터마을죽전현대홈타운점,본그룹,백반·죽·국수,경기도,용인시,66.2958,B
growth_alpha_focus,Growth Alpha 강화,ba_14268780,본죽&비빔밥 세종집현점,본그룹,백반·죽·국수,세종특별자치시,남세종로,67.2032,B
growth_alpha_focus,Growth Alpha 강화,ba_14688371,본죽&비빔밥 목동사거리점,본그룹,백반·죽·국수,서울특별시,양천구,65.6403,B
growth_alpha_focus,Growth Alpha 강화,ba_14691088,본죽&비빔밥 경산터미널점,본그룹,백반·죽·국수,경상북도,경산시,64.6999,C
growth_alpha_focus,Growth Alpha 강화,ba_14719522,본죽&비빔밥 전주혁신도시점,본그룹,백반·죽·국수,전북특별자치도,완주군,61.2266,C
growth_alpha_focus,Growth Alpha 강화,ba_13752011,굽네치킨 영통2동점,굽네치킨,치킨,경기도,수원시,61.9544,C
growth_alpha_focus,Growth Alpha 강화,ba_14688656,본죽&비빔밥 문래힐스테이트점,본그룹,백반·죽·국수,서울특별시,영등포구,63.6294,C
growth_alpha_focus,Growth Alpha 강화,ba_14530939,본죽 경북청도점,본그룹,백반·죽·국수,경상북도,청도군,63.5793,C
growth_alpha_focus,Growth Alpha 강화,ba_14689485,본죽&비빔밥 수원광교역점,본그룹,백반·죽·국수,경기도,수원시,61.9684,C
growth_alpha_focus,Growth Alpha 강화,ba_14688559,본죽 용인강남대점,본그룹,백반·죽·국수,경기도,용인시,68.0243,B
growth_alpha_focus,Growth Alpha 강화,ba_14691155,본죽&비빔밥 대구침산네거리점,본그룹,백반·죽·국수,대구광역시,북구,60.5769,C
growth_alpha_focus,Growth Alpha 강화,ba_13200219,본죽&비빔밥 안성당왕점,본그룹,백반·죽·국수,경기도,안성시,61.5255,C
growth_alpha_focus,Growth Alpha 강화,ba_14513076,본죽&비빔밥 광주첨단점,본그룹,백반·죽·국수,광주광역시,광산구,63.0559,C
growth_alpha_focus,Growth Alpha 강화,ba_14689869,본죽&비빔밥 비산사거리점,본그룹,백반·죽·국수,경기도,안양시,60.4902,C
growth_alpha_focus,Growth Alpha 강화,ba_13229107,본죽 대덕테크노밸리점,본그룹,백반·죽·국수,대전광역시,유성구,60.6707,C
growth_alpha_focus,Growth Alpha 강화,ba_13787561,본죽&비빔밥 평택시청점,본그룹,백반·죽·국수,경기도,평택시,59.8484,C
growth_alpha_focus,Growth Alpha 강화,ba_14441181,굽네치킨 나주빛가람점,굽네치킨,치킨,전라남도,나주시,66.0328,B
growth_alpha_focus,Growth Alpha 강화,ba_10657170,굽네치킨 가좌1호점,굽네치킨,치킨,인천광역시,서구,62.5988,C
growth_alpha_focus,Growth Alpha 강화,ba_14251741,굽네치킨 태전점,굽네치킨,치킨,대구광역시,북구,72.3854,B
growth_alpha_focus,Growth Alpha 강화,ba_10627648,굽네치킨 상주냉림무양점,굽네치킨,치킨,경상북도,상주시,63.2929,C
growth_alpha_focus,Growth Alpha 강화,ba_14582073,굽네치킨 양주덕계점,굽네치킨,치킨,경기도,양주시,63.1638,C
growth_alpha_focus,Growth Alpha 강화,ba_10798649,굽네치킨 암사3동점,굽네치킨,치킨,서울특별시,강동구,67.0169,B
growth_alpha_focus,Growth Alpha 강화,ba_14687333,본죽&비빔밥 석계역점,본그룹,백반·죽·국수,서울특별시,노원구,65.3016,B
growth_alpha_focus,Growth Alpha 강화,ba_14688582,본죽&비빔밥 오목교역점,본그룹,백반·죽·국수,서울특별시,양천구,61.6884,C
growth_alpha_focus,Growth Alpha 강화,ba_14691194,본죽&비빔밥 대구법원점,본그룹,백반·죽·국수,대구광역시,수성구,60.9472,C
growth_alpha_focus,Growth Alpha 강화,ba_14691859,본죽&비빔밥 울산오토밸리점,본그룹,백반·죽·국수,울산광역시,북구,61.3553,C
growth_alpha_focus,Growth Alpha 강화,ba_14371606,본죽&비빔밥 부산내성교차로점,본그룹,백반·죽·국수,부산광역시,동래구,60.8201,C
growth_alpha_focus,Growth Alpha 강화,ba_13199864,본죽&비빔밥 울산남목점,본그룹,백반·죽·국수,울산광역시,동구,61.0898,C
growth_alpha_focus,Growth Alpha 강화,ba_13234089,본죽 세종고운점,본그룹,백반·죽·국수,세종특별자치시,마음로,75.1009,B
growth_alpha_focus,Growth Alpha 강화,ba_10636817,굽네치킨 양산물금점,굽네치킨,치킨,경상남도,양산시,64.4822,C
growth_alpha_focus,Growth Alpha 강화,ba_14691270,본죽&비빔밥 대구용산장기점,본그룹,백반·죽·국수,대구광역시,달서구,58.7858,C
growth_alpha_focus,Growth Alpha 강화,ba_14687340,본죽&비빔밥 방학역점,본그룹,백반·죽·국수,서울특별시,도봉구,62.9796,C
growth_alpha_focus,Growth Alpha 강화,ba_14691295,본죽&비빔밥 대구월촌역점,본그룹,백반·죽·국수,대구광역시,달서구,57.5088,C
growth_alpha_focus,Growth Alpha 강화,ba_12015187,굽네피자 길음1동점,굽네치킨,피자,서울특별시,성북구,62.6402,C
growth_alpha_focus,Growth Alpha 강화,ba_10020109,굽네치킨 부산동삼점,굽네치킨,치킨,부산광역시,영도구,60.8526,C
growth_alpha_focus,Growth Alpha 강화,ba_14688693,본죽 평촌학원가점,본그룹,백반·죽·국수,경기도,안양시,70.0485,B
growth_alpha_focus,Growth Alpha 강화,ba_14689101,본죽&비빔밥 강남성심병원점,본그룹,백반·죽·국수,서울특별시,영등포구,62.4709,C
growth_alpha_focus,Growth Alpha 강화,ba_13219094,본죽&비빔밥 남양주덕소점,본그룹,백반·죽·국수,경기도,남양주시,61.1297,C
growth_alpha_focus,Growth Alpha 강화,ba_10776500,굽네치킨 가양점,굽네치킨,치킨,서울특별시,강서구,65.0283,B
growth_alpha_focus,Growth Alpha 강화,ba_13267079,본죽&비빔밥 대전송촌점,본그룹,백반·죽·국수,대전광역시,대덕구,58.6344,C
growth_alpha_focus,Growth Alpha 강화,ba_14688570,본죽 용인상갈점,본그룹,백반·죽·국수,경기도,용인시,60.5702,C
growth_alpha_focus,Growth Alpha 강화,ba_14396364,본죽&비빔밥 용인어정역점,본그룹,백반·죽·국수,경기도,용인시,57.3671,C
growth_alpha_focus,Growth Alpha 강화,ba_14692985,본죽&비빔밥 천안청당점,본그룹,백반·죽·국수,충청남도,천안시,69.7489,B
growth_alpha_focus,Growth Alpha 강화,ba_14259741,본죽&비빔밥 춘천우두택지점,본그룹,백반·죽·국수,강원특별자치도,춘천시,60.1830,C
growth_alpha_focus,Growth Alpha 강화,ba_13226851,본죽 부산진역점,본그룹,백반·죽·국수,부산광역시,동구,59.2334,C
growth_alpha_focus,Growth Alpha 강화,ba_13412065,굽네치킨 신길뉴타운점,굽네치킨,치킨,서울특별시,영등포구,63.5270,C
growth_alpha_focus,Growth Alpha 강화,ba_14669107,굽네치킨 의정부용현점,굽네치킨,치킨,경기도,의정부시,62.5172,C
growth_alpha_focus,Growth Alpha 강화,ba_14691089,본죽&비빔밥 대전노은3지구점,본그룹,백반·죽·국수,대전광역시,유성구,60.7455,C
growth_alpha_focus,Growth Alpha 강화,ba_14332093,굽네피자 금당왕지점,굽네치킨,피자,전라남도,순천시,63.4881,C
growth_alpha_focus,Growth Alpha 강화,ba_14689608,본죽&비빔밥 평택신장점,본그룹,백반·죽·국수,경기도,평택시,61.2508,C
growth_alpha_focus,Growth Alpha 강화,ba_13730162,본죽&비빔밥 경산진량점,본그룹,백반·죽·국수,경상북도,경산시,59.7232,C
growth_alpha_focus,Growth Alpha 강화,ba_14787776,굽네치킨&피자 지제동삭점,굽네치킨,치킨,경기도,평택시,58.9553,C
growth_alpha_focus,Growth Alpha 강화,ba_13233606,본죽&비빔밥 대구칠곡관음점,본그룹,백반·죽·국수,대구광역시,북구,59.4714,C
growth_alpha_focus,Growth Alpha 강화,ba_14725627,본죽&비빔밥 가평현리점,본그룹,백반·죽·국수,경기도,가평군,61.0446,C
growth_alpha_focus,Growth Alpha 강화,ba_14688093,본죽&비빔밥 상암하늘초교점,본그룹,백반·죽·국수,서울특별시,마포구,62.4192,C
growth_alpha_focus,Growth Alpha 강화,ba_14279612,본죽&비빔밥 부산율리점,본그룹,백반·죽·국수,부산광역시,북구,59.0228,C
growth_alpha_focus,Growth Alpha 강화,ba_14728444,본죽&비빔밥 속초점,본그룹,백반·죽·국수,강원특별자치도,속초시,61.5240,C
growth_alpha_focus,Growth Alpha 강화,ba_13977167,굽네피자 연신내점,굽네치킨,피자,서울특별시,은평구,70.4275,B
growth_alpha_focus,Growth Alpha 강화,ba_13233579,본죽&비빔밥 경산터미널점,본그룹,백반·죽·국수,경상북도,경산시,57.7957,C
growth_alpha_focus,Growth Alpha 강화,ba_13181957,본죽&비빔밥 천안신불당북부점,본그룹,백반·죽·국수,충청남도,천안시,56.1054,C
growth_alpha_focus,Growth Alpha 강화,ba_10040685,굽네치킨 창원팔용점,굽네치킨,치킨,경상남도,창원시,58.2473,C
growth_alpha_focus,Growth Alpha 강화,ba_14658825,굽네치킨 문학점,굽네치킨,치킨,인천광역시,미추홀구,60.4898,C
growth_alpha_focus,Growth Alpha 강화,ba_14690704,본죽&비빔밥 김해복음병원점,본그룹,백반·죽·국수,경상남도,김해시,53.9127,C
growth_alpha_focus,Growth Alpha 강화,ba_13228668,본죽&비빔밥 대전유성온천역점,본그룹,백반·죽·국수,대전광역시,유성구,57.0635,C
growth_alpha_focus,Growth Alpha 강화,ba_14464913,굽네치킨 부산구서점,굽네치킨,치킨,부산광역시,금정구,60.8693,C
growth_alpha_focus,Growth Alpha 강화,ba_14692549,본죽&비빔밥 안양덕천래미안점,본그룹,백반·죽·국수,경기도,안양시,52.5157,C
growth_alpha_focus,Growth Alpha 강화,ba_10771255,굽네치킨 제천하소점,굽네치킨,치킨,충청북도,제천시,58.9633,C
growth_alpha_focus,Growth Alpha 강화,ba_14690053,본죽&비빔밥 동백중앙점,본그룹,백반·죽·국수,경기도,용인시,61.3185,C
growth_alpha_focus,Growth Alpha 강화,ba_14679019,굽네치킨 울산반구점,굽네치킨,치킨,울산광역시,중구,57.6602,C
growth_alpha_focus,Growth Alpha 강화,ba_13233587,본죽&비빔밥 나주혁신호수공원점,본그룹,백반·죽·국수,전라남도,나주시,56.3379,C
growth_alpha_focus,Growth Alpha 강화,ba_13473077,본죽&비빔밥 목포북항점,본그룹,백반·죽·국수,전라남도,목포시,58.0366,C
growth_alpha_focus,Growth Alpha 강화,ba_14673434,굽네치킨 죽도점,굽네치킨,치킨,경상북도,포항시,59.4847,C
growth_alpha_focus,Growth Alpha 강화,ba_14616721,본죽&비빔밥 울산오토밸리점,본그룹,백반·죽·국수,울산광역시,북구,58.0214,C
growth_alpha_focus,Growth Alpha 강화,ba_13436824,본죽&비빔밥 송탄점,본그룹,백반·죽·국수,경기도,평택시,56.4195,C
growth_alpha_focus,Growth Alpha 강화,ba_14690752,본 죽&비빔밥 양산이마트앞점,본그룹,백반·죽·국수,경상남도,양산시,63.2213,C
growth_alpha_focus,Growth Alpha 강화,ba_13249105,굽네피자 창원팔용점,굽네치킨,피자,경상남도,창원시,55.2351,C
growth_alpha_focus,Growth Alpha 강화,ba_13229173,본죽&비빔밥 대구칠곡점,본그룹,백반·죽·국수,대구광역시,북구,56.7436,C
growth_alpha_focus,Growth Alpha 강화,ba_14694577,본죽&비빔밥 대구동성로중앙점,본그룹,백반·죽·국수,대구광역시,중구,58.9208,C
growth_alpha_focus,Growth Alpha 강화,ba_13308613,본죽&비빔밥 김포걸포점,본그룹,백반·죽·국수,경기도,김포시,73.0061,B
growth_alpha_focus,Growth Alpha 강화,ba_14691372,본죽&비빔밥 구미신평비산점,본그룹,백반·죽·국수,경상북도,구미시,69.8284,B
growth_alpha_focus,Growth Alpha 강화,ba_14691273,본죽&비빔밥 대구성서용산시장점,본그룹,백반·죽·국수,대구광역시,달서구,57.5225,C
growth_alpha_focus,Growth Alpha 강화,ba_13233726,본죽 다사죽곡점,본그룹,백반·죽·국수,대구광역시,달성군,56.4961,C
growth_alpha_focus,Growth Alpha 강화,ba_14756889,본죽&비빔밥 창원대원점,본그룹,백반·죽·국수,경상남도,창원시,59.0911,C
growth_alpha_focus,Growth Alpha 강화,ba_14363013,본죽&비빔밥 광주삼각점,본그룹,백반·죽·국수,광주광역시,북구,58.5997,C
growth_alpha_focus,Growth Alpha 강화,ba_14690677,본죽&비빔밥 김해어방점,본그룹,백반·죽·국수,경상남도,김해시,60.7026,C
growth_alpha_focus,Growth Alpha 강화,ba_13265806,본죽&비빔밥 익산영등제일점,본그룹,백반·죽·국수,전북특별자치도,익산시,71.9393,B
growth_alpha_focus,Growth Alpha 강화,ba_14274675,본죽&비빔밥 충주호암점,본그룹,백반·죽·국수,충청북도,충주시,57.0691,C
growth_alpha_focus,Growth Alpha 강화,ba_14689007,본죽&비빔밥 김포신곡점,본그룹,백반·죽·국수,경기도,김포시,52.1250,C
growth_alpha_focus,Growth Alpha 강화,ba_14327700,본죽&비빔밥 부산전포점,본그룹,백반·죽·국수,부산광역시,부산진구,56.0353,C
growth_alpha_focus,Growth Alpha 강화,ba_14746216,굽네치킨&피자 내수점,굽네치킨,치킨,충청북도,청주시,57.5696,C
growth_alpha_focus,Growth Alpha 강화,ba_14332090,굽네치킨 금당왕지점,굽네치킨,치킨,전라남도,순천시,59.9842,C
growth_alpha_focus,Growth Alpha 강화,ba_14645179,본죽&비빔밥 경산임당점,본그룹,백반·죽·국수,경상북도,경산시,56.8733,C
growth_alpha_focus,Growth Alpha 강화,ba_13224802,본죽&비빔밥 안양박달점,본그룹,백반·죽·국수,경기도,안양시,56.3114,C
growth_alpha_focus,Growth Alpha 강화,ba_14698364,본죽&비빔밥 청주사창점,본그룹,백반·죽·국수,충청북도,청주시,51.7993,C
growth_alpha_focus,Growth Alpha 강화,ba_14692190,본죽&비빔밥 세종다정점,본그룹,백반·죽·국수,세종특별자치시,다정중앙로,54.8183,C
growth_alpha_focus,Growth Alpha 강화,ba_14691829,본죽 부산신평가락타운점,본그룹,백반·죽·국수,부산광역시,사하구,70.9815,B
growth_alpha_focus,Growth Alpha 강화,ba_13639608,굽네치킨 금호점,굽네치킨,치킨,광주광역시,서구,60.5737,C
growth_alpha_focus,Growth Alpha 강화,ba_14797390,굽네치킨 수원연무점,굽네치킨,치킨,경기도,수원시,58.4839,C
growth_alpha_focus,Growth Alpha 강화,ba_13226947,본죽&비빔밥 부산법조타운점,본그룹,백반·죽·국수,부산광역시,연제구,68.1928,B
growth_alpha_focus,Growth Alpha 강화,ba_14687092,본죽 동부이촌동점,본그룹,백반·죽·국수,서울특별시,용산구,59.8943,C
growth_alpha_focus,Growth Alpha 강화,ba_14686997,본죽 삼전동점,본그룹,백반·죽·국수,서울특별시,송파구,57.9481,C
growth_alpha_focus,Growth Alpha 강화,ba_14669109,굽네치킨&피자 의정부용현점,굽네치킨,치킨,경기도,의정부시,56.7743,C
growth_alpha_focus,Growth Alpha 강화,ba_13584348,굽네치킨 부산개금점,굽네치킨,치킨,부산광역시,부산진구,59.7615,C
growth_alpha_focus,Growth Alpha 강화,ba_13235535,본죽 의정부낙양점,본그룹,백반·죽·국수,경기도,의정부시,74.0043,B
growth_alpha_focus,Growth Alpha 강화,ba_14506379,본죽&비빔밥 방학역점,본그룹,백반·죽·국수,서울특별시,도봉구,58.9793,C
growth_alpha_focus,Growth Alpha 강화,ba_14484534,본죽&비빔밥 산본학원가점,본그룹,백반·죽·국수,경기도,군포시,57.2361,C
growth_alpha_focus,Growth Alpha 강화,ba_13229152,본죽&비빔밥 부산엄궁점,본그룹,백반·죽·국수,부산광역시,사상구,55.2281,C
growth_alpha_focus,Growth Alpha 강화,ba_13233578,본죽&비빔밥 대구성당뉴타운점,본그룹,백반·죽·국수,대구광역시,달서구,55.5037,C
growth_alpha_focus,Growth Alpha 강화,ba_14238012,본죽&비빔밥 안동송현점,본그룹,백반·죽·국수,경상북도,안동시,54.3297,C
growth_alpha_focus,Growth Alpha 강화,ba_14688173,본죽 구리인창아름마을점,본그룹,백반·죽·국수,경기도,구리시,56.0512,C
growth_alpha_focus,Growth Alpha 강화,ba_14449139,굽네치킨&피자 용운판암점,굽네치킨,치킨,대전광역시,동구,56.4174,C
growth_alpha_focus,Growth Alpha 강화,ba_14690378,본죽 오금점,본그룹,백반·죽·국수,서울특별시,송파구,57.3913,C
growth_alpha_focus,Growth Alpha 강화,ba_14773773,굽네치킨 고덕로데오점,굽네치킨,치킨,경기도,평택시,55.4898,C
growth_alpha_focus,Growth Alpha 강화,ba_14250328,굽네치킨&피자 인창점,굽네치킨,치킨,경기도,구리시,55.5424,C
growth_alpha_focus,Growth Alpha 강화,ba_13228520,본죽&비빔밥 성남모란시장점,본그룹,백반·죽·국수,경기도,성남시,66.2487,B
growth_alpha_focus,Growth Alpha 강화,ba_13232508,본죽&비빔밥 김해어방점,본그룹,백반·죽·국수,경상남도,김해시,54.6245,C
growth_alpha_focus,Growth Alpha 강화,ba_13379446,굽네치킨&피자 평내점,굽네치킨,치킨,경기도,남양주시,58.5044,C
growth_alpha_focus,Growth Alpha 강화,ba_14228481,굽네피자 중곡1동점,굽네치킨,피자,서울특별시,광진구,57.5172,C
growth_alpha_focus,Growth Alpha 강화,ba_14573167,본죽&비빔밥 파주금촌점,본그룹,백반·죽·국수,경기도,파주시,52.9386,C
growth_alpha_focus,Growth Alpha 강화,ba_14689625,본죽&비빔밥 평택여중사거리점,본그룹,백반·죽·국수,경기도,평택시,52.8874,C
growth_alpha_focus,Growth Alpha 강화,ba_14772844,굽네치킨&피자 양촌점,굽네치킨,치킨,경기도,김포시,57.7096,C
growth_alpha_focus,Growth Alpha 강화,ba_13233639,본죽&비빔밥 대구동성로점,본그룹,백반·죽·국수,대구광역시,중구,55.3509,C
growth_alpha_focus,Growth Alpha 강화,ba_14796833,굽네치킨&피자 성황골약점,굽네치킨,치킨,전라남도,광양시,58.0387,C
growth_alpha_focus,Growth Alpha 강화,ba_13305413,본죽&비빔밥 사당연세사랑병원점,본그룹,백반·죽·국수,서울특별시,서초구,70.1117,B
growth_alpha_focus,Growth Alpha 강화,ba_14689387,본죽&비빔밥 성남금광점,본그룹,백반·죽·국수,경기도,성남시,65.3212,B
growth_alpha_focus,Growth Alpha 강화,ba_13232110,본죽&비빔밥 부산토곡점,본그룹,백반·죽·국수,부산광역시,연제구,58.2254,C
growth_alpha_focus,Growth Alpha 강화,ba_14325499,본죽&비빔밥 충주계룡힐스점,본그룹,백반·죽·국수,충청북도,충주시,56.1309,C
growth_alpha_focus,Growth Alpha 강화,ba_14796835,굽네치킨 모라점,굽네치킨,치킨,부산광역시,사상구,57.9978,C
growth_alpha_focus,Growth Alpha 강화,ba_13168465,본죽&비빔밥 약사점,본그룹,백반·죽·국수,울산광역시,중구,54.9774,C
growth_alpha_focus,Growth Alpha 강화,ba_13477857,본죽&비빔밥 논산내동점,본그룹,백반·죽·국수,충청남도,논산시,57.3146,C
growth_alpha_focus,Growth Alpha 강화,ba_14741847,굽네치킨 거제아시아드점,굽네치킨,치킨,부산광역시,연제구,56.3622,C
growth_alpha_focus,Growth Alpha 강화,ba_14695006,본죽 안양관양동점,본그룹,백반·죽·국수,경기도,안양시,57.7128,C
growth_alpha_focus,Growth Alpha 강화,ba_13085339,굽네치킨&피자 가양점,굽네치킨,피자,서울특별시,강서구,59.9399,C
growth_alpha_focus,Growth Alpha 강화,ba_14688108,본죽&비빔밥 중앙대점,본그룹,백반·죽·국수,서울특별시,동작구,57.2941,C
growth_alpha_focus,Growth Alpha 강화,ba_14789833,굽네치킨&피자 순천풍덕점,굽네치킨,치킨,전라남도,순천시,56.7954,C
growth_alpha_focus,Growth Alpha 강화,ba_14643477,본죽&비빔밥 대구신매시장점,본그룹,백반·죽·국수,대구광역시,수성구,53.2317,C
growth_alpha_focus,Growth Alpha 강화,ba_14747382,굽네치킨&피자 양주광적점,굽네치킨,치킨,경기도,양주시,56.5668,C
growth_alpha_focus,Growth Alpha 강화,ba_14267053,굽네치킨&피자 마장점,굽네치킨,치킨,경기도,이천시,56.5045,C
growth_alpha_focus,Growth Alpha 강화,ba_10497667,굽네치킨 온의퇴계점,굽네치킨,치킨,강원특별자치도,춘천시,54.6552,C
growth_alpha_focus,Growth Alpha 강화,ba_14688707,본죽 명학역점,본그룹,백반·죽·국수,경기도,안양시,49.2786,D
growth_alpha_focus,Growth Alpha 강화,ba_14525069,굽네치킨 다산중앙점,굽네치킨,치킨,경기도,남양주시,55.1695,C
growth_alpha_focus,Growth Alpha 강화,ba_14691084,본죽&비빔밥 대전죽동점,본그룹,백반·죽·국수,대전광역시,유성구,53.2458,C
growth_alpha_focus,Growth Alpha 강화,ba_10706208,굽네치킨 부산우동점,굽네치킨,치킨,부산광역시,해운대구,53.2688,C
growth_alpha_focus,Growth Alpha 강화,ba_14663126,굽네치킨 통영죽림점,굽네치킨,치킨,경상남도,통영시,57.2540,C
growth_alpha_focus,Growth Alpha 강화,ba_14700213,본죽&비빔밥 김포마산점,본그룹,백반·죽·국수,경기도,김포시,50.8520,C
growth_alpha_focus,Growth Alpha 강화,ba_14688982,본죽&비빔밥 군포당정동점,본그룹,백반·죽·국수,경기도,군포시,58.9708,C
growth_alpha_focus,Growth Alpha 강화,ba_14548743,굽네치킨 다산가운지금점,굽네치킨,치킨,경기도,남양주시,55.1903,C
growth_alpha_focus,Growth Alpha 강화,ba_13233554,본죽 대구서재점,본그룹,백반·죽·국수,대구광역시,달성군,54.6231,C
growth_alpha_focus,Growth Alpha 강화,ba_14691908,본죽&비빔밥 부경대경성대점,본그룹,백반·죽·국수,부산광역시,남구,52.1742,C
growth_alpha_focus,Growth Alpha 강화,ba_14688196,본죽 홍제점,본그룹,백반·죽·국수,서울특별시,서대문구,67.5675,B
growth_alpha_focus,Growth Alpha 강화,ba_13230921,본죽&비빔밥 문래홈플러스점,본그룹,백반·죽·국수,서울특별시,영등포구,56.0849,C
growth_alpha_focus,Growth Alpha 강화,ba_13228453,본죽&비빔밥 부산명지국제중앙점,본그룹,백반·죽·국수,부산광역시,강서구,53.9695,C
growth_alpha_focus,Growth Alpha 강화,ba_14689441,본죽&비빔밥 이천마장점,본그룹,백반·죽·국수,경기도,이천시,64.3939,C
growth_alpha_focus,Growth Alpha 강화,ba_14690050,본죽&비빔밥 검단파라곤센트럴점,본그룹,백반·죽·국수,인천광역시,서구,49.6366,D
growth_alpha_focus,Growth Alpha 강화,ba_13233688,본죽 대구세천점,본그룹,백반·죽·국수,대구광역시,달성군,55.3453,C
growth_alpha_focus,Growth Alpha 강화,ba_14799629,굽네치킨 수원신동점,굽네치킨,치킨,경기도,수원시,57.3442,C
growth_alpha_focus,Growth Alpha 강화,ba_13596730,굽네치킨 대구혁신점,굽네치킨,치킨,대구광역시,동구,57.3291,C
growth_alpha_focus,Growth Alpha 강화,ba_10597203,굽네치킨 광주상무점,굽네치킨,치킨,광주광역시,서구,53.7660,C
growth_alpha_focus,Growth Alpha 강화,ba_13223538,본죽&비빔밥 인천신포동점,본그룹,백반·죽·국수,인천광역시,중구,56.2660,C
growth_alpha_focus,Growth Alpha 강화,ba_10774000,굽네치킨 울산삼산점,굽네치킨,치킨,울산광역시,남구,56.3081,C
growth_alpha_focus,Growth Alpha 강화,ba_14687322,본죽&비빔밥 구의시장점,본그룹,백반·죽·국수,서울특별시,광진구,58.5806,C
growth_alpha_focus,Growth Alpha 강화,ba_14629918,굽네치킨 양지동점,굽네치킨,치킨,경기도,성남시,62.9263,C
growth_alpha_focus,Growth Alpha 강화,ba_14772060,굽네치킨&피자 천호1동점,굽네치킨,치킨,서울특별시,강동구,56.1008,C
growth_alpha_focus,Growth Alpha 강화,ba_13233212,본죽 통영점,본그룹,백반·죽·국수,경상남도,통영시,53.0602,C
growth_alpha_focus,Growth Alpha 강화,ba_13234188,본죽&비빔밥 경산중산점,본그룹,백반·죽·국수,경상북도,경산시,54.3797,C
growth_alpha_focus,Growth Alpha 강화,ba_14360458,본죽&비빔밥 충북오송점,본그룹,백반·죽·국수,충청북도,청주시,53.2144,C
growth_alpha_focus,Growth Alpha 강화,ba_14780115,굽네치킨&피자 부사문창점,굽네치킨,치킨,대전광역시,중구,54.3464,C
growth_alpha_focus,Growth Alpha 강화,ba_13928548,굽네치킨&피자 성남용전점,굽네치킨,치킨,대전광역시,동구,55.2206,C
growth_alpha_focus,Growth Alpha 강화,ba_14689545,본죽&비빔밥 파주야당역점,본그룹,백반·죽·국수,경기도,파주시,65.4888,B
growth_alpha_focus,Growth Alpha 강화,ba_14688751,본죽&비빔밥 여의도역점,본그룹,백반·죽·국수,서울특별시,영등포구,57.7031,C
growth_alpha_focus,Growth Alpha 강화,ba_14692212,본죽&비빔밥 세종대평점,본그룹,백반·죽·국수,세종특별자치시,한누리대로,54.5368,C
growth_alpha_focus,Growth Alpha 강화,ba_14789844,굽네치킨 부산우2동점,굽네치킨,치킨,부산광역시,해운대구,54.5165,C
growth_alpha_focus,Growth Alpha 강화,ba_14256619,본죽&비빔밥 비산사거리점,본그룹,백반·죽·국수,경기도,안양시,71.0057,B
growth_alpha_focus,Growth Alpha 강화,ba_14691791,본죽 부산숙등역부민병원점,본그룹,백반·죽·국수,부산광역시,북구,69.2101,B
growth_alpha_focus,Growth Alpha 강화,ba_14688765,본죽&비빔밥 영등포시장역점,본그룹,백반·죽·국수,서울특별시,영등포구,60.1003,C
growth_alpha_focus,Growth Alpha 강화,ba_10759478,굽네치킨 남목점,굽네치킨,치킨,울산광역시,동구,53.9124,C
growth_alpha_focus,Growth Alpha 강화,ba_14456826,본죽&비빔밥 청주오송파라곤점,본그룹,백반·죽·국수,충청북도,청주시,52.9835,C
growth_alpha_focus,Growth Alpha 강화,ba_14653291,굽네피자 울산중앙점,굽네치킨,피자,울산광역시,중구,55.6481,C
growth_alpha_focus,Growth Alpha 강화,ba_14541579,굽네치킨 킨텍스호수공원점,굽네치킨,치킨,경기도,고양시,56.7372,C
growth_alpha_focus,Growth Alpha 강화,ba_14228480,굽네치킨 중곡1동점,굽네치킨,치킨,서울특별시,광진구,53.2586,C
growth_alpha_focus,Growth Alpha 강화,ba_13231795,본죽&비빔밥 인천간석남부역점,본그룹,백반·죽·국수,인천광역시,남동구,71.7969,B
growth_alpha_focus,Growth Alpha 강화,ba_13539979,본죽&비빔밥 대전신탄점,본그룹,백반·죽·국수,대전광역시,대덕구,51.1424,C
growth_alpha_focus,Growth Alpha 강화,ba_10040679,굽네치킨 칠암망경점,굽네치킨,치킨,경상남도,진주시,54.6125,C
growth_alpha_focus,Growth Alpha 강화,ba_13227543,본죽&비빔밥 부경대경성대점,본그룹,백반·죽·국수,부산광역시,남구,51.1438,C
growth_alpha_focus,Growth Alpha 강화,ba_13237700,본죽&비빔밥 김해내외동점,본그룹,백반·죽·국수,경상남도,김해시,52.6695,C
growth_alpha_focus,Growth Alpha 강화,ba_13236584,본죽 군포당동점,본그룹,백반·죽·국수,경기도,군포시,58.8702,C
growth_alpha_focus,Growth Alpha 강화,ba_14775877,굽네치킨&피자 세종아름점,굽네치킨,치킨,세종특별자치시,세종로,55.3816,C
growth_alpha_focus,Growth Alpha 강화,ba_14743271,본죽&비빔밥 안양석수점,본그룹,백반·죽·국수,경기도,안양시,48.0849,D
growth_alpha_focus,Growth Alpha 강화,ba_14788494,굽네치킨 경화태백점,굽네치킨,치킨,경상남도,창원시,55.1561,C
growth_alpha_focus,Growth Alpha 강화,ba_14687327,본죽&비빔밥 시흥사거리점,본그룹,백반·죽·국수,서울특별시,금천구,52.5433,C
growth_alpha_focus,Growth Alpha 강화,ba_14249433,굽네치킨 부산하단점,굽네치킨,치킨,부산광역시,사하구,51.8777,C
growth_alpha_focus,Growth Alpha 강화,ba_14336642,굽네치킨&피자 상대원점,굽네치킨,치킨,경기도,성남시,55.8099,C
growth_alpha_focus,Growth Alpha 강화,ba_14783596,굽네치킨 사상역점,굽네치킨,치킨,부산광역시,사상구,54.4725,C
growth_alpha_focus,Growth Alpha 강화,ba_13231958,본죽 송도센트럴파크점,본그룹,백반·죽·국수,인천광역시,연수구,69.7161,B
growth_alpha_focus,Growth Alpha 강화,ba_14773140,굽네치킨 효자중화산1호점,굽네치킨,치킨,전북특별자치도,전주시,54.7051,C
growth_alpha_focus,Growth Alpha 강화,ba_10469515,굽네치킨&피자 성서계명대점,굽네치킨,치킨,대구광역시,달서구,53.4994,C
growth_alpha_focus,Growth Alpha 강화,ba_14695290,본죽&비빔밥 용산센트럴점,본그룹,백반·죽·국수,서울특별시,용산구,66.3245,B
growth_alpha_focus,Growth Alpha 강화,ba_14773135,본죽&비빔밥 용인보라점,본그룹,백반·죽·국수,경기도,용인시,47.0882,D
growth_alpha_focus,Growth Alpha 강화,ba_10872945,굽네치킨 대구대현점,굽네치킨,치킨,대구광역시,북구,56.8418,C
growth_alpha_focus,Growth Alpha 강화,ba_14783137,굽네치킨 포천이동점,굽네치킨,치킨,경기도,포천시,56.0919,C
growth_alpha_focus,Growth Alpha 강화,ba_14688182,본죽 수내푸른마을점,본그룹,백반·죽·국수,경기도,성남시,47.4516,D
growth_alpha_focus,Growth Alpha 강화,ba_14782170,굽네치킨 수산점,굽네치킨,치킨,경상남도,밀양시,55.4004,C
growth_alpha_focus,Growth Alpha 강화,ba_14528412,굽네피자 봉동점,굽네치킨,피자,전북특별자치도,완주군,53.8797,C
growth_alpha_focus,Growth Alpha 강화,ba_14739815,굽네치킨&피자 신창신가점,굽네치킨,치킨,광주광역시,광산구,52.5653,C
growth_alpha_focus,Growth Alpha 강화,ba_13973901,굽네피자 강원횡성점,굽네치킨,피자,강원특별자치도,횡성군,56.4739,C
growth_alpha_focus,Growth Alpha 강화,ba_14782523,굽네치킨&피자 동부산오시리아점,굽네치킨,치킨,부산광역시,기장군,54.2226,C
growth_alpha_focus,Growth Alpha 강화,ba_14689454,본죽&비빔밥 광교아브뉴프랑점,본그룹,백반·죽·국수,경기도,수원시,58.6518,C
growth_alpha_focus,Growth Alpha 강화,ba_14692459,본죽&비빔밥 천안불당점,본그룹,백반·죽·국수,충청남도,천안시,46.8123,D
growth_alpha_focus,Growth Alpha 강화,ba_14736681,본죽&비빔밥 신림녹두거리점,본그룹,백반·죽·국수,서울특별시,관악구,53.8558,C
growth_alpha_focus,Growth Alpha 강화,ba_14767932,본죽&비빔밥 신중동점,본그룹,백반·죽·국수,경기도,부천시,47.0939,D
growth_alpha_focus,Growth Alpha 강화,ba_13451078,본죽&비빔밥 김포신곡점,본그룹,백반·죽·국수,경기도,김포시,48.6821,D
growth_alpha_focus,Growth Alpha 강화,ba_14689472,본죽&비빔밥 수원율전점,본그룹,백반·죽·국수,경기도,수원시,48.3689,D
growth_alpha_focus,Growth Alpha 강화,ba_14593720,굽네치킨&피자 무주읍점,굽네치킨,치킨,전북특별자치도,무주군,54.1908,C
growth_alpha_focus,Growth Alpha 강화,ba_13313413,굽네치킨&피자 대전도마점,굽네치킨,치킨,대전광역시,서구,56.1041,C
growth_alpha_focus,Growth Alpha 강화,ba_10022124,굽네치킨 삼산2동점,굽네치킨,치킨,인천광역시,부평구,53.1742,C
growth_alpha_focus,Growth Alpha 강화,ba_13223711,본죽&비빔밥 중앙대점,본그룹,백반·죽·국수,서울특별시,동작구,54.4900,C
growth_alpha_focus,Growth Alpha 강화,ba_13233457,본죽&비빔밥 대구용산장기점,본그룹,백반·죽·국수,대구광역시,달서구,51.0136,C
growth_alpha_focus,Growth Alpha 강화,ba_14782607,굽네치킨 경산중방점,굽네치킨,치킨,경상북도,경산시,53.2166,C
growth_alpha_focus,Growth Alpha 강화,ba_14782074,굽네치킨 관음점,굽네치킨,치킨,대구광역시,북구,54.0347,C
growth_alpha_focus,Growth Alpha 강화,ba_14578524,굽네치킨 세천점,굽네치킨,치킨,대구광역시,달성군,52.9391,C
growth_alpha_focus,Growth Alpha 강화,ba_14458025,굽네치킨 울산공업탑점,굽네치킨,치킨,울산광역시,남구,53.4451,C
growth_alpha_focus,Growth Alpha 강화,ba_14791302,굽네치킨 초읍점,굽네치킨,치킨,부산광역시,부산진구,53.8031,C
growth_alpha_focus,Growth Alpha 강화,ba_14625157,굽네치킨 금촌점,굽네치킨,치킨,경기도,파주시,52.8350,C
growth_alpha_focus,Growth Alpha 강화,ba_14248059,굽네치킨 은행선화점,굽네치킨,치킨,대전광역시,중구,53.0332,C
growth_alpha_focus,Growth Alpha 강화,ba_13769748,굽네치킨 괴산점,굽네치킨,치킨,충청북도,괴산군,53.8907,C
growth_alpha_focus,Growth Alpha 강화,ba_14691949,본죽&비빔밥 부산범일점,본그룹,백반·죽·국수,부산광역시,동구,45.7840,D
growth_alpha_focus,Growth Alpha 강화,ba_14721018,굽네치킨&피자 대구서재점,굽네치킨,치킨,대구광역시,달성군,53.1604,C
growth_alpha_focus,Growth Alpha 강화,ba_14691172,본죽 대구산격점,본그룹,백반·죽·국수,대구광역시,북구,46.0545,D
growth_alpha_focus,Growth Alpha 강화,ba_14692551,본죽&비빔밥 당산점,본그룹,백반·죽·국수,서울특별시,영등포구,54.5698,C
growth_alpha_focus,Growth Alpha 강화,ba_13504506,본죽&비빔밥 세종반곡점,본그룹,백반·죽·국수,세종특별자치시,한누리대로,51.3991,C
growth_alpha_focus,Growth Alpha 강화,ba_10432360,굽네치킨 영주휴천점,굽네치킨,치킨,경상북도,영주시,52.2421,C
growth_alpha_focus,Growth Alpha 강화,ba_14688728,본죽&비빔밥 판교역점,본그룹,백반·죽·국수,경기도,성남시,45.5945,D
growth_alpha_focus,Growth Alpha 강화,ba_14694670,본죽&비빔밥 충무로역점,본그룹,백반·죽·국수,서울특별시,중구,61.2221,C
growth_alpha_focus,Growth Alpha 강화,ba_14688631,본죽&비빔밥 부천소새울역점,본그룹,백반·죽·국수,경기도,부천시,46.0150,D
growth_alpha_focus,Growth Alpha 강화,ba_14690086,본죽&비빔밥 수지상현점,본그룹,백반·죽·국수,경기도,용인시,55.6303,C
growth_alpha_focus,Growth Alpha 강화,ba_14270904,굽네치킨 원미점,굽네치킨,치킨,경기도,부천시,51.9194,C
growth_alpha_focus,Growth Alpha 강화,ba_14687350,본죽&비빔밥 구로구청점,본그룹,백반·죽·국수,서울특별시,구로구,54.1582,C
growth_alpha_focus,Growth Alpha 강화,ba_10841421,굽네치킨 인계점,굽네치킨,치킨,경기도,수원시,51.1926,C
growth_alpha_focus,Growth Alpha 강화,ba_14740022,굽네치킨 신봉점,굽네치킨,치킨,경기도,용인시,53.5525,C
growth_alpha_focus,Growth Alpha 강화,ba_14729159,굽네치킨 원대자이점,굽네치킨,치킨,대구광역시,서구,52.3410,C
growth_alpha_focus,Growth Alpha 강화,ba_13228878,본죽 대전도마사거리점,본그룹,백반·죽·국수,대전광역시,서구,49.2433,D
growth_alpha_focus,Growth Alpha 강화,ba_14798760,굽네치킨&피자 도래울점,굽네치킨,치킨,경기도,고양시,54.7927,C
growth_alpha_focus,Growth Alpha 강화,ba_14575172,굽네치킨 좌4동점,굽네치킨,치킨,부산광역시,해운대구,50.4476,C
growth_alpha_focus,Growth Alpha 강화,ba_10750970,굽네치킨 청주강서지구점,굽네치킨,치킨,충청북도,청주시,50.7087,C
growth_alpha_focus,Growth Alpha 강화,ba_13233463,본죽&비빔밥 대구북구청점,본그룹,백반·죽·국수,대구광역시,북구,49.9444,D
growth_alpha_focus,Growth Alpha 강화,ba_13230834,본죽&비빔밥 송도신도시점,본그룹,백반·죽·국수,인천광역시,연수구,68.6774,B
growth_alpha_focus,Growth Alpha 강화,ba_14390691,본죽&비빔밥 경산옥곡점,본그룹,백반·죽·국수,경상북도,경산시,48.9461,D
growth_alpha_focus,Growth Alpha 강화,ba_14599973,굽네치킨 파주법원점,굽네치킨,치킨,경기도,파주시,52.3277,C
growth_alpha_focus,Growth Alpha 강화,ba_13612153,본죽&비빔밥 철산역점,본그룹,백반·죽·국수,경기도,광명시,67.9978,B
growth_alpha_focus,Growth Alpha 강화,ba_14760741,본죽&비빔밥 용인신갈점,본그룹,백반·죽·국수,경기도,용인시,46.3645,D
growth_alpha_focus,Growth Alpha 강화,ba_14689409,본죽&비빔밥 수원권선롯데마트점,본그룹,백반·죽·국수,경기도,수원시,62.8609,C
growth_alpha_focus,Growth Alpha 강화,ba_14690695,본죽&비빔밥 김해구산점,본그룹,백반·죽·국수,경상남도,김해시,46.6594,D
growth_alpha_focus,Growth Alpha 강화,ba_13235588,본죽 성균관대점,본그룹,백반·죽·국수,서울특별시,종로구,51.0625,C
growth_alpha_focus,Growth Alpha 강화,ba_13230879,본죽&비빔밥 강남성심병원점,본그룹,백반·죽·국수,서울특별시,영등포구,58.5045,C
growth_alpha_focus,Growth Alpha 강화,ba_14654080,굽네치킨 부산명장점,굽네치킨,치킨,부산광역시,동래구,50.4093,C
growth_alpha_focus,Growth Alpha 강화,ba_14700905,본죽&비빔밥 호탄점,본그룹,백반·죽·국수,경상남도,진주시,46.5950,D
growth_alpha_focus,Growth Alpha 강화,ba_14719554,본죽&비빔밥 파주금릉역점,본그룹,백반·죽·국수,경기도,파주시,44.6610,D
growth_alpha_focus,Growth Alpha 강화,ba_14603467,본죽&비빔밥 천안불당점,본그룹,백반·죽·국수,충청남도,천안시,45.4833,D
growth_alpha_focus,Growth Alpha 강화,ba_14691894,본죽 광양마동점,본그룹,백반·죽·국수,전라남도,광양시,47.6517,D
growth_alpha_focus,Growth Alpha 강화,ba_14689855,본죽&비빔밥 안양동편마을점,본그룹,백반·죽·국수,경기도,안양시,44.2356,D
growth_alpha_focus,Growth Alpha 강화,ba_14260091,굽네치킨 부평역점,굽네치킨,치킨,인천광역시,부평구,50.3673,C
growth_alpha_focus,Growth Alpha 강화,ba_13230838,본죽&비빔밥 시흥사거리점,본그룹,백반·죽·국수,서울특별시,금천구,49.2959,D
growth_alpha_focus,Growth Alpha 강화,ba_14690154,본죽&비빔밥 대화역점,본그룹,백반·죽·국수,경기도,고양시,61.9799,C
growth_alpha_focus,Growth Alpha 강화,ba_14691813,본죽&비빔밥 울산호계점,본그룹,백반·죽·국수,울산광역시,북구,67.0660,B
growth_alpha_focus,Growth Alpha 강화,ba_13471384,본죽&비빔밥 통영죽림점,본그룹,백반·죽·국수,경상남도,통영시,45.5863,D
growth_alpha_focus,Growth Alpha 강화,ba_14689395,본죽&비빔밥 용인둔전점,본그룹,백반·죽·국수,경기도,용인시,45.5970,D
growth_alpha_focus,Growth Alpha 강화,ba_14720263,굽네피자 강화온수점,굽네치킨,피자,인천광역시,강화군,51.5481,C
growth_alpha_focus,Growth Alpha 강화,ba_14688684,본죽&비빔밥 부천심곡본동점,본그룹,백반·죽·국수,경기도,부천시,44.1682,D
growth_alpha_focus,Growth Alpha 강화,ba_14691797,본죽&비빔밥 부산모라점,본그룹,백반·죽·국수,부산광역시,사상구,46.4898,D
growth_alpha_focus,Growth Alpha 강화,ba_10705443,굽네치킨 거제연초점,굽네치킨,치킨,경상남도,거제시,54.3009,C
growth_alpha_focus,Growth Alpha 강화,ba_13188150,본죽&비빔밥 제주법원점,본그룹,백반·죽·국수,제주특별자치도,제주시,53.2370,C
growth_alpha_focus,Growth Alpha 강화,ba_13522931,본죽&비빔밥 파주문산점,본그룹,백반·죽·국수,경기도,파주시,44.8167,D
growth_alpha_focus,Growth Alpha 강화,ba_13222051,본죽&비빔밥 이천점,본그룹,백반·죽·국수,경기도,이천시,52.1942,C
growth_alpha_focus,Growth Alpha 강화,ba_14688563,본죽&비빔밥 신정네거리역점,본그룹,백반·죽·국수,서울특별시,양천구,58.3033,C
growth_alpha_focus,Growth Alpha 강화,ba_10739524,굽네치킨 강원횡성점,굽네치킨,치킨,강원특별자치도,횡성군,51.7698,C
growth_alpha_focus,Growth Alpha 강화,ba_13233445,본죽&비빔밥 여수죽림점,본그룹,백반·죽·국수,전라남도,여수시,46.9169,D
growth_alpha_focus,Growth Alpha 강화,ba_13539608,굽네치킨 창원중앙점,굽네치킨,치킨,경상남도,창원시,54.2437,C
growth_alpha_focus,Growth Alpha 강화,ba_10604883,굽네치킨 거제고현점,굽네치킨,치킨,경상남도,거제시,52.1266,C
growth_alpha_focus,Growth Alpha 강화,ba_14671974,굽네피자 부산동삼점,굽네치킨,피자,부산광역시,영도구,50.7944,C
growth_alpha_focus,Growth Alpha 강화,ba_14708789,본죽&비빔밥 파주금릉역점,본그룹,백반·죽·국수,경기도,파주시,45.5921,D
growth_alpha_focus,Growth Alpha 강화,ba_14652929,굽네치킨 울산중앙점,굽네치킨,치킨,울산광역시,중구,49.4759,D
growth_alpha_focus,Growth Alpha 강화,ba_14591780,굽네치킨&피자 금산읍점,굽네치킨,치킨,충청남도,금산군,50.5098,C
growth_alpha_focus,Growth Alpha 강화,ba_14267751,굽네치킨 신정7동점,굽네치킨,치킨,서울특별시,양천구,52.1997,C
growth_alpha_focus,Growth Alpha 강화,ba_14273478,굽네피자 원미점,굽네치킨,피자,경기도,부천시,51.8073,C
growth_alpha_focus,Growth Alpha 강화,ba_14691178,본죽&비빔밥 대구서구청점,본그룹,백반·죽·국수,대구광역시,서구,43.3913,D
growth_alpha_focus,Growth Alpha 강화,ba_14688614,본죽 안산본오1동점,본그룹,백반·죽·국수,경기도,안산시,44.4922,D
growth_alpha_focus,Growth Alpha 강화,ba_13227516,본죽&비빔밥 부산동래점,본그룹,백반·죽·국수,부산광역시,동래구,48.1122,D
growth_alpha_focus,Growth Alpha 강화,ba_14689595,본죽&비빔밥 시흥배곧점,본그룹,백반·죽·국수,경기도,시흥시,43.4286,D
growth_alpha_focus,Growth Alpha 강화,ba_14689496,본죽&비빔밥 수원역매산점,본그룹,백반·죽·국수,경기도,수원시,44.7150,D
growth_alpha_focus,Growth Alpha 강화,ba_14689464,본죽&비빔밥 파주금촌점,본그룹,백반·죽·국수,경기도,파주시,44.1140,D
growth_alpha_focus,Growth Alpha 강화,ba_14581239,굽네치킨 여좌중앙점,굽네치킨,치킨,경상남도,창원시,50.8986,C
growth_alpha_focus,Growth Alpha 강화,ba_14688338,본죽 부천대성병원점,본그룹,백반·죽·국수,경기도,부천시,66.8934,B
growth_alpha_focus,Growth Alpha 강화,ba_14528279,굽네치킨 봉동점,굽네치킨,치킨,전북특별자치도,완주군,50.8952,C
growth_alpha_focus,Growth Alpha 강화,ba_14441192,굽네피자 나주빛가람점,굽네치킨,피자,전라남도,나주시,52.6965,C
growth_alpha_focus,Growth Alpha 강화,ba_14440681,굽네피자 면목점,굽네치킨,피자,서울특별시,중랑구,50.9626,C
growth_alpha_focus,Growth Alpha 강화,ba_14437626,굽네치킨&피자 대구읍내점,굽네치킨,치킨,대구광역시,북구,50.3001,C
growth_alpha_focus,Growth Alpha 강화,ba_10401021,굽네치킨 가산점,굽네치킨,치킨,서울특별시,금천구,51.4593,C
growth_alpha_focus,Growth Alpha 강화,ba_13203399,본죽&비빔밥 제주강정점,본그룹,백반·죽·국수,제주특별자치도,서귀포시,43.5031,D
growth_alpha_focus,Growth Alpha 강화,ba_14688697,본죽&비빔밥 신풍역점,본그룹,백반·죽·국수,서울특별시,영등포구,50.4431,C
growth_alpha_focus,Growth Alpha 강화,ba_10041246,굽네치킨 수색증산점,굽네치킨,치킨,서울특별시,은평구,51.9197,C
growth_alpha_focus,Growth Alpha 강화,ba_14229365,굽네치킨&피자 중곡1동점,굽네치킨,치킨,서울특별시,광진구,49.2611,D
growth_alpha_focus,Growth Alpha 강화,ba_10739556,굽네치킨 양산석산점,굽네치킨,치킨,경상남도,양산시,48.6095,D
growth_alpha_focus,Growth Alpha 강화,ba_10698315,굽네치킨 풍기점,굽네치킨,치킨,경상북도,영주시,50.1161,C
growth_alpha_focus,Growth Alpha 강화,ba_14488211,굽네치킨&피자 풍동점,굽네치킨,치킨,경기도,고양시,52.8112,C
growth_alpha_focus,Growth Alpha 강화,ba_14749296,굽네치킨&피자 석촌고분점,굽네치킨,치킨,서울특별시,송파구,54.7179,C
growth_alpha_focus,Growth Alpha 강화,ba_14716102,본죽&비빔밥 의정부발곡점,본그룹,백반·죽·국수,경기도,의정부시,43.4355,D
growth_alpha_focus,Growth Alpha 강화,ba_14767931,본죽&비빔밥 신중동점,본그룹,백반·죽·국수,경기도,부천시,43.1495,D
growth_alpha_focus,Growth Alpha 강화,ba_14706394,본죽&비빔밥 호탄점,본그룹,백반·죽·국수,경상남도,진주시,42.8680,D
growth_alpha_focus,Growth Alpha 강화,ba_14690725,본죽&비빔밥 광주주월점,본그룹,백반·죽·국수,광주광역시,남구,57.3429,C
growth_alpha_focus,Growth Alpha 강화,ba_14604237,굽네치킨 울산다운점,굽네치킨,치킨,울산광역시,중구,51.3498,C
growth_alpha_focus,Growth Alpha 강화,ba_13233506,본죽 광양마동점,본그룹,백반·죽·국수,전라남도,광양시,49.1472,D
growth_alpha_focus,Growth Alpha 강화,ba_13234193,본죽 경주황성점,본그룹,백반·죽·국수,경상북도,경주시,56.2459,C
growth_alpha_focus,Growth Alpha 강화,ba_14691330,본죽&비빔밥 구미형곡송정점,본그룹,백반·죽·국수,경상북도,구미시,54.8753,C
growth_alpha_focus,Growth Alpha 강화,ba_13052096,굽네치킨 구로5동점,굽네치킨,치킨,서울특별시,구로구,50.7854,C
growth_alpha_focus,Growth Alpha 강화,ba_10509105,굽네치킨&피자 강저지구점,굽네치킨,치킨,충청북도,제천시,50.8986,C
growth_alpha_focus,Growth Alpha 강화,ba_14799070,굽네치킨&피자 전남나주점,굽네치킨,치킨,전라남도,나주시,53.5839,C
growth_alpha_focus,Growth Alpha 강화,ba_14712797,굽네치킨 논공점,굽네치킨,치킨,대구광역시,달성군,48.7232,D
growth_alpha_focus,Growth Alpha 강화,ba_14463467,굽네치킨 화명신도시점,굽네치킨,치킨,부산광역시,북구,49.3597,D
growth_alpha_focus,Growth Alpha 강화,ba_14690577,본죽&비빔밥 포항양덕점,본그룹,백반·죽·국수,경상북도,포항시,59.9383,C
growth_alpha_focus,Growth Alpha 강화,ba_14671490,굽네피자 영천중앙점,굽네치킨,피자,경상북도,영천시,52.7459,C
growth_alpha_focus,Growth Alpha 강화,ba_14454741,본죽&비빔밥 부천소새울역점,본그룹,백반·죽·국수,경기도,부천시,44.5762,D
growth_alpha_focus,Growth Alpha 강화,ba_10016162,굽네치킨 신월사파점,굽네치킨,치킨,경상남도,창원시,51.0402,C
growth_alpha_focus,Growth Alpha 강화,ba_14691751,본죽&비빔밥 대전판암점,본그룹,백반·죽·국수,대전광역시,동구,43.1641,D
growth_alpha_focus,Growth Alpha 강화,ba_14687315,본죽&비빔밥 뚝섬유원지역점,본그룹,백반·죽·국수,서울특별시,광진구,63.8652,C
growth_alpha_focus,Growth Alpha 강화,ba_13236479,본죽 군포지샘병원점,본그룹,백반·죽·국수,경기도,군포시,59.9544,C
growth_alpha_focus,Growth Alpha 강화,ba_14673431,굽네치킨 부산온천점,굽네치킨,치킨,부산광역시,동래구,52.0793,C
growth_alpha_focus,Growth Alpha 강화,ba_14754893,본죽&비빔밥 일산탄현큰마을점,본그룹,백반·죽·국수,경기도,고양시,57.4090,C
growth_alpha_focus,Growth Alpha 강화,ba_13225842,본죽 동인천점,본그룹,백반·죽·국수,인천광역시,중구,64.7556,C
growth_alpha_focus,Growth Alpha 강화,ba_14623314,굽네치킨 충효점,굽네치킨,치킨,경상북도,경주시,48.9340,D
growth_alpha_focus,Growth Alpha 강화,ba_14564492,본죽&비빔밥 대구신월성점,본그룹,백반·죽·국수,대구광역시,달서구,45.5437,D
growth_alpha_focus,Growth Alpha 강화,ba_14715313,굽네치킨&피자 홍은1동점,굽네치킨,치킨,서울특별시,서대문구,52.6131,C
growth_alpha_focus,Growth Alpha 강화,ba_14687115,본죽 강서구청점,본그룹,백반·죽·국수,서울특별시,강서구,49.2123,D
growth_alpha_focus,Growth Alpha 강화,ba_14795104,굽네치킨 독산스타점,굽네치킨,치킨,서울특별시,금천구,50.4546,C
growth_alpha_focus,Growth Alpha 강화,ba_14687341,본죽&비빔밥 봉천역점,본그룹,백반·죽·국수,서울특별시,관악구,49.7236,D
growth_alpha_focus,Growth Alpha 강화,ba_14598667,본죽&비빔밥 조치원죽림점,본그룹,백반·죽·국수,세종특별자치시,조치원읍,43.4925,D
growth_alpha_focus,Growth Alpha 강화,ba_14694145,본죽&비빔밥 합정역점,본그룹,백반·죽·국수,서울특별시,마포구,55.8428,C
growth_alpha_focus,Growth Alpha 강화,ba_14671483,굽네치킨 영천중앙점,굽네치킨,치킨,경상북도,영천시,48.5627,D
growth_alpha_focus,Growth Alpha 강화,ba_14735878,본죽&비빔밥 시흥능곡점,본그룹,백반·죽·국수,경기도,시흥시,41.5344,D
growth_alpha_focus,Growth Alpha 강화,ba_13975731,굽네피자 신길뉴타운점,굽네치킨,피자,서울특별시,영등포구,52.4292,C
growth_alpha_focus,Growth Alpha 강화,ba_10821092,굽네치킨 주안3호점,굽네치킨,치킨,인천광역시,미추홀구,48.6902,D
growth_alpha_focus,Growth Alpha 강화,ba_14690014,본죽&비빔밥 인천석바위점,본그룹,백반·죽·국수,인천광역시,미추홀구,43.1998,D
growth_alpha_focus,Growth Alpha 강화,ba_13231147,본죽&비빔밥 인천송도웰카운티점,본그룹,백반·죽·국수,인천광역시,연수구,43.3514,D
growth_alpha_focus,Growth Alpha 강화,ba_14736722,굽네치킨&피자 철원와수점,굽네치킨,치킨,강원특별자치도,철원군,50.1001,C
growth_alpha_focus,Growth Alpha 강화,ba_14740239,굽네치킨 임실읍점,굽네치킨,치킨,전북특별자치도,임실군,47.4243,D
growth_alpha_focus,Growth Alpha 강화,ba_14737726,굽네치킨 대치4동점,굽네치킨,치킨,서울특별시,강남구,49.3862,D
growth_alpha_focus,Growth Alpha 강화,ba_14637553,굽네치킨&피자 양지동점,굽네치킨,치킨,경기도,성남시,48.9098,D
growth_alpha_focus,Growth Alpha 강화,ba_14699649,굽네치킨 시흥신천점,굽네치킨,치킨,경기도,시흥시,48.7489,D
growth_alpha_focus,Growth Alpha 강화,ba_14689759,본죽&비빔밥 인천송도웰카운티점,본그룹,백반·죽·국수,인천광역시,연수구,42.5992,D
growth_alpha_focus,Growth Alpha 강화,ba_14692168,본죽&비빔밥 해운대장산역점,본그룹,백반·죽·국수,부산광역시,해운대구,42.3912,D
growth_alpha_focus,Growth Alpha 강화,ba_14729038,굽네치킨&피자 파주읍점,굽네치킨,치킨,경기도,파주시,47.7574,D
growth_alpha_focus,Growth Alpha 강화,ba_14689402,본죽&비빔밥 의정부을지대병원점,본그룹,백반·죽·국수,경기도,의정부시,42.9884,D
growth_alpha_focus,Growth Alpha 강화,ba_13235498,본죽&비빔밥 외대점,본그룹,백반·죽·국수,서울특별시,동대문구,43.7981,D
growth_alpha_focus,Growth Alpha 강화,ba_10638951,굽네치킨 영천동부점,굽네치킨,치킨,경상북도,영천시,48.1304,D
growth_alpha_focus,Growth Alpha 강화,ba_14692185,본죽&비빔밥 세종첫마을점,본그룹,백반·죽·국수,세종특별자치시,노을3로,42.8253,D
growth_alpha_focus,Growth Alpha 강화,ba_13492399,본죽&비빔밥 등촌공항대로점,본그룹,백반·죽·국수,서울특별시,강서구,47.6830,D
growth_alpha_focus,Growth Alpha 강화,ba_13233575,본죽&비빔밥 대구두산점,본그룹,백반·죽·국수,대구광역시,수성구,54.5576,C
growth_alpha_focus,Growth Alpha 강화,ba_10580903,굽네치킨 길음1동점,굽네치킨,치킨,서울특별시,성북구,49.5673,D
growth_alpha_focus,Growth Alpha 강화,ba_13228909,본죽&비빔밥 청주사창점,본그룹,백반·죽·국수,충청북도,청주시,42.3713,D
growth_alpha_focus,Growth Alpha 강화,ba_14691296,본죽 대덕테크노밸리점,본그룹,백반·죽·국수,대전광역시,유성구,48.9463,D
growth_alpha_focus,Growth Alpha 강화,ba_14690068,본죽&비빔밥 용인동천점,본그룹,백반·죽·국수,경기도,용인시,59.4444,C
growth_alpha_focus,Growth Alpha 강화,ba_13233782,본죽&비빔밥 대구서구청점,본그룹,백반·죽·국수,대구광역시,서구,42.1858,D
growth_alpha_focus,Growth Alpha 강화,ba_14754936,굽네치킨 경주외동점,굽네치킨,치킨,경상북도,경주시,47.2728,D
growth_alpha_focus,Growth Alpha 강화,ba_14600429,굽네치킨&피자 김천부곡점,굽네치킨,치킨,경상북도,김천시,47.4218,D
growth_alpha_focus,Growth Alpha 강화,ba_14691171,본죽 부산서면점,본그룹,백반·죽·국수,부산광역시,부산진구,40.1102,D
growth_alpha_focus,Growth Alpha 강화,ba_14440680,굽네치킨&피자 면목점,굽네치킨,치킨,서울특별시,중랑구,48.1791,D
growth_alpha_focus,Growth Alpha 강화,ba_14744329,본죽&비빔밥 송파헬리오시티점,본그룹,백반·죽·국수,서울특별시,송파구,51.0269,C
growth_alpha_focus,Growth Alpha 강화,ba_13475914,본죽&비빔밥 광주백운대성초교점,본그룹,백반·죽·국수,광주광역시,남구,44.2216,D
growth_alpha_focus,Growth Alpha 강화,ba_14728839,굽네치킨 대구동인점,굽네치킨,치킨,대구광역시,중구,47.5715,D
growth_alpha_focus,Growth Alpha 강화,ba_14729784,굽네치킨 경북울진점,굽네치킨,치킨,경상북도,울진군,47.0217,D
growth_alpha_focus,Growth Alpha 강화,ba_10204887,굽네치킨 대구매호점,굽네치킨,치킨,대구광역시,수성구,47.9377,D
growth_alpha_focus,Growth Alpha 강화,ba_14309634,굽네치킨&피자 삼성2동점,굽네치킨,치킨,서울특별시,강남구,47.2185,D
growth_alpha_focus,Growth Alpha 강화,ba_14308402,굽네피자 삼성2동점,굽네치킨,피자,서울특별시,강남구,52.1178,C
growth_alpha_focus,Growth Alpha 강화,ba_14685750,"굽네치킨 개금1,2동점",굽네치킨,치킨,부산광역시,부산진구,45.3176,D
growth_alpha_focus,Growth Alpha 강화,ba_14322928,본죽&비빔밥 부천심곡본동점,본그룹,백반·죽·국수,경기도,부천시,41.6860,D
growth_alpha_focus,Growth Alpha 강화,ba_14388863,굽네피자 여의도1호점,굽네치킨,피자,서울특별시,영등포구,49.6878,D
growth_alpha_focus,Growth Alpha 강화,ba_13226860,본죽 부산서면점,본그룹,백반·죽·국수,부산광역시,부산진구,40.5374,D
growth_alpha_focus,Growth Alpha 강화,ba_10800862,굽네치킨 송파점,굽네치킨,치킨,서울특별시,송파구,48.1418,D
growth_alpha_focus,Growth Alpha 강화,ba_14708929,굽네치킨 고령다산점,굽네치킨,치킨,경상북도,고령군,47.3483,D
growth_alpha_focus,Growth Alpha 강화,ba_14785504,본죽&비빔밥 증평점,본그룹,백반·죽·국수,충청북도,증평군,42.2674,D
growth_alpha_focus,Growth Alpha 강화,ba_14720368,본죽&비빔밥 김포마산점,본그룹,백반·죽·국수,경기도,김포시,40.0652,D
growth_alpha_focus,Growth Alpha 강화,ba_14689910,본죽&비빔밥 외대점,본그룹,백반·죽·국수,서울특별시,동대문구,41.7158,D
growth_alpha_focus,Growth Alpha 강화,ba_14699399,굽네치킨 와동점,굽네치킨,치킨,경기도,안산시,46.4882,D
growth_alpha_focus,Growth Alpha 강화,ba_14767892,굽네치킨&피자 둔촌시장점,굽네치킨,치킨,서울특별시,강동구,48.3666,D
growth_alpha_focus,Growth Alpha 강화,ba_14726472,굽네치킨&피자 신대부적점,굽네치킨,치킨,경상북도,경산시,45.6416,D
growth_alpha_focus,Growth Alpha 강화,ba_13226843,본죽 부산가야점,본그룹,백반·죽·국수,부산광역시,부산진구,63.9430,C
growth_alpha_focus,Growth Alpha 강화,ba_14280570,본죽&비빔밥 분당수내점,본그룹,백반·죽·국수,경기도,성남시,54.6394,C
growth_alpha_focus,Growth Alpha 강화,ba_14691146,본죽 부산범내골역점,본그룹,백반·죽·국수,부산광역시,부산진구,63.2894,C
growth_alpha_focus,Growth Alpha 강화,ba_14700021,굽네치킨 영등포본동점,굽네치킨,치킨,서울특별시,영등포구,49.6482,D
growth_alpha_focus,Growth Alpha 강화,ba_14689942,본죽 인천학산사거리점,본그룹,백반·죽·국수,인천광역시,미추홀구,60.2912,C
growth_alpha_focus,Growth Alpha 강화,ba_10605803,굽네치킨 구월점,굽네치킨,치킨,인천광역시,남동구,48.4870,D
growth_alpha_focus,Growth Alpha 강화,ba_14801006,굽네치킨&피자 상봉점,굽네치킨,치킨,서울특별시,중랑구,50.6876,C
growth_alpha_focus,Growth Alpha 강화,ba_10040420,굽네치킨 김해진영점,굽네치킨,치킨,경상남도,김해시,48.6308,D
growth_alpha_focus,Growth Alpha 강화,ba_14296954,굽네치킨&피자 청주동남지구점,굽네치킨,치킨,충청북도,청주시,47.3400,D
growth_alpha_focus,Growth Alpha 강화,ba_13301511,본죽&비빔밥 송도글로벌캠퍼스점,본그룹,백반·죽·국수,인천광역시,연수구,62.6207,C
growth_alpha_focus,Growth Alpha 강화,ba_14688086,본죽&비빔밥 보라매점,본그룹,백반·죽·국수,서울특별시,동작구,41.3006,D
growth_alpha_focus,Growth Alpha 강화,ba_14690763,본죽&비빔밥 양산남부시장점,본그룹,백반·죽·국수,경상남도,양산시,40.2791,D
growth_alpha_focus,Growth Alpha 강화,ba_13227696,본죽 부산온천장점,본그룹,백반·죽·국수,부산광역시,동래구,41.0825,D
growth_alpha_focus,Growth Alpha 강화,ba_14260093,굽네치킨&피자 부평역점,굽네치킨,피자,인천광역시,부평구,46.8339,D
growth_alpha_focus,Growth Alpha 강화,ba_14689782,본죽 김포감정점,본그룹,백반·죽·국수,경기도,김포시,56.1219,C
growth_alpha_focus,Growth Alpha 강화,ba_13224790,본죽&비빔밥 안양덕천래미안점,본그룹,백반·죽·국수,경기도,안양시,40.5062,D
growth_alpha_focus,Growth Alpha 강화,ba_14688207,본죽 이대점,본그룹,백반·죽·국수,서울특별시,서대문구,55.7073,C
growth_alpha_focus,Growth Alpha 강화,ba_13233607,본죽 전북봉동점,본그룹,백반·죽·국수,전북특별자치도,완주군,53.8390,C
growth_alpha_focus,Growth Alpha 강화,ba_13224027,본죽 삼전동점,본그룹,백반·죽·국수,서울특별시,송파구,43.7755,D
growth_alpha_focus,Growth Alpha 강화,ba_14800284,굽네치킨&피자 광주양산점,굽네치킨,치킨,광주광역시,북구,50.5196,C
growth_alpha_focus,Growth Alpha 강화,ba_14689548,본죽&비빔밥 평택법원점,본그룹,백반·죽·국수,경기도,평택시,44.9019,D
growth_alpha_focus,Growth Alpha 강화,ba_14691030,본죽 대구진천역점,본그룹,백반·죽·국수,대구광역시,달서구,49.2045,D
growth_alpha_focus,Growth Alpha 강화,ba_14388856,굽네치킨&피자 여의도1호점,굽네치킨,치킨,서울특별시,영등포구,44.8224,D
growth_alpha_focus,Growth Alpha 강화,ba_14690786,본죽&비빔밥 광주문흥점,본그룹,백반·죽·국수,광주광역시,북구,40.9370,D
growth_alpha_focus,Growth Alpha 강화,ba_13768149,굽네치킨 신탄진점,굽네치킨,치킨,대전광역시,대덕구,47.7530,D
growth_alpha_focus,Growth Alpha 강화,ba_14732602,굽네치킨 서수원점,굽네치킨,치킨,경기도,수원시,46.7032,D
growth_alpha_focus,Growth Alpha 강화,ba_14245878,본죽&비빔밥 안양동편마을점,본그룹,백반·죽·국수,경기도,안양시,40.2210,D
growth_alpha_focus,Growth Alpha 강화,ba_14691234,본죽 대구남문시장점,본그룹,백반·죽·국수,대구광역시,중구,48.0801,D
growth_alpha_focus,Growth Alpha 강화,ba_10019194,굽네치킨&피자 신탄진점,굽네치킨,치킨,대전광역시,대덕구,45.5803,D
growth_alpha_focus,Growth Alpha 강화,ba_13228945,본죽&비빔밥 대전진잠점,본그룹,백반·죽·국수,대전광역시,유성구,39.8785,D
growth_alpha_focus,Growth Alpha 강화,ba_14495840,본죽&비빔밥 검단파라곤센트럴점,본그룹,백반·죽·국수,인천광역시,서구,39.4385,D
growth_alpha_focus,Growth Alpha 강화,ba_10040621,굽네치킨 울산성안점,굽네치킨,치킨,울산광역시,중구,47.2833,D
growth_alpha_focus,Growth Alpha 강화,ba_13233436,본죽&비빔밥 대구효성타운점,본그룹,백반·죽·국수,대구광역시,남구,53.6838,C
growth_alpha_focus,Growth Alpha 강화,ba_14687296,본죽&비빔밥 봉일시장점,본그룹,백반·죽·국수,서울특별시,관악구,39.5942,D
growth_alpha_focus,Growth Alpha 강화,ba_13648667,본죽&비빔밥 대전노은3지구점,본그룹,백반·죽·국수,대전광역시,유성구,51.3095,C
growth_alpha_focus,Growth Alpha 강화,ba_14794547,굽네치킨&피자 회기역점,굽네치킨,치킨,서울특별시,동대문구,48.9604,D
growth_alpha_focus,Growth Alpha 강화,ba_14729971,굽네치킨 군포1동점,굽네치킨,치킨,경기도,군포시,44.0420,D
growth_alpha_focus,Growth Alpha 강화,ba_13229527,본죽&비빔밥 상주점,본그룹,백반·죽·국수,경상북도,상주시,49.9811,D
growth_alpha_focus,Growth Alpha 강화,ba_14730330,본죽&비빔밥 동탄꼬모점,본그룹,백반·죽·국수,경기도,화성시,38.7000,D
growth_alpha_focus,Growth Alpha 강화,ba_14688176,본죽&비빔밥 옥수점,본그룹,백반·죽·국수,서울특별시,성동구,56.9703,C
growth_alpha_focus,Growth Alpha 강화,ba_14689536,본죽&비빔밥 파주운정신도시점,본그룹,백반·죽·국수,경기도,파주시,38.8932,D
growth_alpha_focus,Growth Alpha 강화,ba_13243478,본죽 보정동단국대점,본그룹,백반·죽·국수,경기도,용인시,51.4432,C
growth_alpha_focus,Growth Alpha 강화,ba_13200236,본죽 남양주진접롯데시네마점,본그룹,백반·죽·국수,경기도,남양주시,51.0074,C
growth_alpha_focus,Growth Alpha 강화,ba_14463469,굽네피자 화명신도시점,굽네치킨,피자,부산광역시,북구,45.0984,D
growth_alpha_focus,Growth Alpha 강화,ba_14690045,본죽&비빔밥 인천당하점,본그룹,백반·죽·국수,인천광역시,서구,40.6925,D
growth_alpha_focus,Growth Alpha 강화,ba_13230846,본죽&비빔밥 수원탑동점,본그룹,백반·죽·국수,경기도,수원시,50.6602,C
growth_alpha_focus,Growth Alpha 강화,ba_13268955,본죽&비빔밥 전주객사점,본그룹,백반·죽·국수,전북특별자치도,전주시,52.6253,C
growth_alpha_focus,Growth Alpha 강화,ba_13103901,굽네치킨&피자 나주혁신도시1호점,굽네치킨,피자,전라남도,나주시,44.9479,D
growth_alpha_focus,Growth Alpha 강화,ba_13193158,본죽&비빔밥 인천당하점,본그룹,백반·죽·국수,인천광역시,서구,38.7246,D
growth_alpha_focus,Growth Alpha 강화,ba_12014214,굽네치킨&피자 대전가오점,굽네치킨,치킨,대전광역시,동구,44.5193,D
growth_alpha_focus,Growth Alpha 강화,ba_10015935,굽네치킨 봉곡사림점,굽네치킨,치킨,경상남도,창원시,45.0541,D
growth_alpha_focus,Growth Alpha 강화,ba_14687137,본죽&비빔밥 명동점,본그룹,백반·죽·국수,서울특별시,중구,60.0284,C
growth_alpha_focus,Growth Alpha 강화,ba_13221975,본죽&비빔밥 용인마평점,본그룹,백반·죽·국수,경기도,용인시,38.5981,D
growth_alpha_focus,Growth Alpha 강화,ba_14254080,굽네치킨&피자 망우본동점,굽네치킨,치킨,서울특별시,중랑구,45.8229,D
growth_alpha_focus,Growth Alpha 강화,ba_14689378,본죽&비빔밥 성남중앙병원점,본그룹,백반·죽·국수,경기도,성남시,39.1766,D
growth_alpha_focus,Growth Alpha 강화,ba_14688336,본죽&비빔밥 고려대점,본그룹,백반·죽·국수,서울특별시,성북구,38.1413,D
growth_alpha_focus,Growth Alpha 강화,ba_13224844,본죽&비빔밥 평촌점,본그룹,백반·죽·국수,경기도,안양시,45.4400,D
growth_alpha_focus,Growth Alpha 강화,ba_14687310,본죽&비빔밥 가산디지털점,본그룹,백반·죽·국수,서울특별시,금천구,50.1424,C
growth_alpha_focus,Growth Alpha 강화,ba_13228166,본죽 제천하소점,본그룹,백반·죽·국수,충청북도,제천시,38.3914,D
growth_alpha_focus,Growth Alpha 강화,ba_14092187,굽네치킨&피자 일산식사점,굽네치킨,치킨,경기도,고양시,47.6619,D
growth_alpha_focus,Growth Alpha 강화,ba_14692178,본죽&비빔밥 제주함덕점,본그룹,백반·죽·국수,제주특별자치도,제주시,49.4238,D
growth_alpha_focus,Growth Alpha 강화,ba_14551802,본죽&비빔밥 명동2호점,본그룹,백반·죽·국수,서울특별시,중구,48.7018,D
growth_alpha_focus,Growth Alpha 강화,ba_14687365,본죽&비빔밥 덕성여대점,본그룹,백반·죽·국수,서울특별시,도봉구,51.8467,C
growth_alpha_focus,Growth Alpha 강화,ba_14725485,굽네치킨 구례읍점,굽네치킨,치킨,전라남도,구례군,43.0412,D
growth_alpha_focus,Growth Alpha 강화,ba_13230007,본죽 죽전벽산타운점,본그룹,백반·죽·국수,경기도,용인시,46.7647,D
growth_alpha_focus,Growth Alpha 강화,ba_14658160,굽네치킨&피자 대구옥포점,굽네치킨,치킨,대구광역시,달성군,45.4099,D
growth_alpha_focus,Growth Alpha 강화,ba_14665998,본죽&비빔밥 오금동사거리점,본그룹,백반·죽·국수,서울특별시,송파구,53.9089,C
growth_alpha_focus,Growth Alpha 강화,ba_14557869,굽네치킨 화곡4동점,굽네치킨,치킨,서울특별시,강서구,43.0707,D
growth_alpha_focus,Growth Alpha 강화,ba_13228993,본죽&비빔밥 동탄솔빛나루점,본그룹,백반·죽·국수,경기도,화성시,50.1354,C
growth_alpha_focus,Growth Alpha 강화,ba_13225746,본죽 고양점,본그룹,백반·죽·국수,경기도,고양시,52.4843,C
growth_alpha_focus,Growth Alpha 강화,ba_14694402,본죽 월곡점,본그룹,백반·죽·국수,서울특별시,성북구,53.8177,C
growth_alpha_focus,Growth Alpha 강화,ba_14666363,굽네치킨 충남태안점,굽네치킨,치킨,충청남도,태안군,41.2582,D
growth_alpha_focus,Growth Alpha 강화,ba_14308401,굽네치킨 삼성2동점,굽네치킨,치킨,서울특별시,강남구,48.2164,D
growth_alpha_focus,Growth Alpha 강화,ba_14692251,본죽&비빔밥 천안두정점,본그룹,백반·죽·국수,충청남도,천안시,37.9938,D
growth_alpha_focus,Growth Alpha 강화,ba_14735216,본죽&비빔밥 수지성복점,본그룹,백반·죽·국수,경기도,용인시,39.2245,D
growth_alpha_focus,Growth Alpha 강화,ba_14689403,본죽&비빔밥 의왕역점,본그룹,백반·죽·국수,경기도,의왕시,38.0091,D
growth_alpha_focus,Growth Alpha 강화,ba_14228062,굽네피자 월계2동점,굽네치킨,피자,서울특별시,노원구,43.7248,D
growth_alpha_focus,Growth Alpha 강화,ba_14690077,본죽&비빔밥 인천연희연세병원점,본그룹,백반·죽·국수,인천광역시,서구,37.1529,D
growth_alpha_focus,Growth Alpha 강화,ba_14153764,굽네피자 주안3호점,굽네치킨,피자,인천광역시,미추홀구,50.2559,C
growth_alpha_focus,Growth Alpha 강화,ba_14690062,본죽&비빔밥 용인물푸레마을점,본그룹,백반·죽·국수,경기도,용인시,55.0056,C
growth_alpha_focus,Growth Alpha 강화,ba_14272566,본죽&비빔밥 광명6동점,본그룹,백반·죽·국수,경기도,광명시,51.2544,C
growth_alpha_focus,Growth Alpha 강화,ba_14663534,굽네치킨 포항용흥점,굽네치킨,치킨,경상북도,포항시,42.4598,D
growth_alpha_focus,Growth Alpha 강화,ba_13459937,굽네치킨 성사점,굽네치킨,치킨,경기도,고양시,44.0268,D
growth_alpha_focus,Growth Alpha 강화,ba_14557882,굽네치킨 신방화역점,굽네치킨,치킨,서울특별시,강서구,43.8549,D
growth_alpha_focus,Growth Alpha 강화,ba_14691228,본죽&비빔밥 대구사월점,본그룹,백반·죽·국수,대구광역시,수성구,50.3283,C
growth_alpha_focus,Growth Alpha 강화,ba_14690092,본죽&비빔밥 인천불로동점,본그룹,백반·죽·국수,인천광역시,서구,36.6528,D
growth_alpha_focus,Growth Alpha 강화,ba_13233483,본죽&비빔밥 경산사동점,본그룹,백반·죽·국수,경상북도,경산시,50.0349,C
growth_alpha_focus,Growth Alpha 강화,ba_13234578,본죽&비빔밥 동백중앙점,본그룹,백반·죽·국수,경기도,용인시,49.3458,D
growth_alpha_focus,Growth Alpha 강화,ba_14692278,본죽 제천하소점,본그룹,백반·죽·국수,충청북도,제천시,36.7342,D
growth_alpha_focus,Growth Alpha 강화,ba_13081281,굽네치킨 하늘도시1호점,굽네치킨,치킨,인천광역시,중구,42.3332,D
growth_alpha_focus,Growth Alpha 강화,ba_13229747,본죽 창원중앙동점,본그룹,백반·죽·국수,경상남도,창원시,52.0853,C
growth_alpha_focus,Growth Alpha 강화,ba_14701165,본죽&비빔밥 연세세브란스빌딩점,본그룹,백반·죽·국수,서울특별시,중구,52.9560,C
growth_alpha_focus,Growth Alpha 강화,ba_12020564,굽네치킨&피자 거제고현점,굽네치킨,피자,경상남도,거제시,39.6174,D
growth_alpha_focus,Growth Alpha 강화,ba_14314711,굽네피자 송내2동점,굽네치킨,피자,경기도,부천시,46.9414,D
growth_alpha_focus,Growth Alpha 강화,ba_14775705,본죽&비빔밥 익산원광대병원점,본그룹,백반·죽·국수,전북특별자치도,익산시,38.4934,D
growth_alpha_focus,Growth Alpha 강화,ba_14693042,본죽&비빔밥 전주예수병원점,본그룹,백반·죽·국수,전북특별자치도,전주시,50.1486,C
growth_alpha_focus,Growth Alpha 강화,ba_13199335,본죽&비빔밥 울산매곡점,본그룹,백반·죽·국수,울산광역시,북구,51.1701,C
growth_alpha_focus,Growth Alpha 강화,ba_14689381,본죽&비빔밥 용인모현점,본그룹,백반·죽·국수,경기도,용인시,46.5951,D
growth_alpha_focus,Growth Alpha 강화,ba_14228061,굽네치킨 월계2동점,굽네치킨,치킨,서울특별시,노원구,41.1404,D
growth_alpha_focus,Growth Alpha 강화,ba_14117511,굽네치킨 논현1동점,굽네치킨,치킨,서울특별시,강남구,41.2993,D
growth_alpha_focus,Growth Alpha 강화,ba_14392494,굽네피자 원주혁신점,굽네치킨,피자,강원특별자치도,원주시,46.6358,D
growth_alpha_focus,Growth Alpha 강화,ba_14117512,굽네피자 논현1동점,굽네치킨,피자,서울특별시,강남구,47.2230,D
growth_alpha_focus,Growth Alpha 강화,ba_14472921,굽네피자 내당중리점,굽네치킨,피자,대구광역시,서구,46.6079,D
growth_alpha_focus,Growth Alpha 강화,ba_14648765,굽네치킨 서면가곡점,굽네치킨,치킨,전라남도,순천시,44.0645,D
growth_alpha_focus,Growth Alpha 강화,ba_14594474,본죽&비빔밥 광주계림동점,본그룹,백반·죽·국수,광주광역시,동구,35.5854,D
growth_alpha_focus,Growth Alpha 강화,ba_14042200,본죽&비빔밥 왕십리뉴타운점,본그룹,백반·죽·국수,서울특별시,성동구,46.5904,D
growth_alpha_focus,Growth Alpha 강화,ba_14687354,본죽&비빔밥 신도림점,본그룹,백반·죽·국수,서울특별시,구로구,45.1182,D
growth_alpha_focus,Growth Alpha 강화,ba_14687060,본죽&비빔밥 천호로데오점,본그룹,백반·죽·국수,서울특별시,강동구,36.3041,D
growth_alpha_focus,Growth Alpha 강화,ba_13233716,본죽 포항죽도오거리점,본그룹,백반·죽·국수,경상북도,포항시,48.7935,D
growth_alpha_focus,Growth Alpha 강화,ba_14651431,굽네피자 벌교읍점,굽네치킨,피자,전라남도,보성군,46.5342,D
growth_alpha_focus,Growth Alpha 강화,ba_14335172,굽네피자 장곡장현점,굽네치킨,피자,경기도,시흥시,46.4649,D
growth_alpha_focus,Growth Alpha 강화,ba_14651464,굽네피자 순천서면점,굽네치킨,피자,전라남도,순천시,46.4501,D
growth_alpha_focus,Growth Alpha 강화,ba_14662547,굽네치킨 신사우점,굽네치킨,치킨,강원특별자치도,춘천시,42.9252,D
growth_alpha_focus,Growth Alpha 강화,ba_13221865,본죽 처인구청점,본그룹,백반·죽·국수,경기도,용인시,45.8621,D
growth_alpha_focus,Growth Alpha 강화,ba_10768614,굽네치킨 신월상남점,굽네치킨,치킨,경상남도,창원시,39.8779,D
growth_alpha_focus,Growth Alpha 강화,ba_14297681,굽네피자 서산예천점,굽네치킨,피자,충청남도,서산시,46.3218,D
growth_alpha_focus,Growth Alpha 강화,ba_13231120,본죽 안산본오1동점,본그룹,백반·죽·국수,경기도,안산시,40.9762,D
growth_alpha_focus,Growth Alpha 강화,ba_10040411,굽네치킨,굽네치킨,치킨,서울특별시,성북구,46.3226,D
growth_alpha_focus,Growth Alpha 강화,ba_14615268,굽네피자 효자점,굽네치킨,피자,강원특별자치도,춘천시,46.1872,D
growth_alpha_focus,Growth Alpha 강화,ba_14620216,굽네치킨&피자 북아현점,굽네치킨,치킨,서울특별시,서대문구,44.6321,D
growth_alpha_focus,Growth Alpha 강화,ba_14680684,굽네피자 부산온천점,굽네치킨,피자,부산광역시,동래구,46.0751,D
growth_alpha_focus,Growth Alpha 강화,ba_14691235,본죽&비빔밥 대구범물동아백화점점,본그룹,백반·죽·국수,대구광역시,수성구,46.5262,D
growth_alpha_focus,Growth Alpha 강화,ba_12026171,굽네치킨&피자 선부3동점,굽네치킨,피자,경기도,안산시,46.0482,D
growth_alpha_focus,Growth Alpha 강화,ba_14338227,굽네피자 상대원점,굽네치킨,피자,경기도,성남시,45.9150,D
growth_alpha_focus,Growth Alpha 강화,ba_14285796,본죽&비빔밥 대구평리뉴타운점,본그룹,백반·죽·국수,대구광역시,서구,46.9532,D
growth_alpha_focus,Growth Alpha 강화,ba_14687088,본죽 길동시장점,본그룹,백반·죽·국수,서울특별시,강동구,47.6093,D
growth_alpha_focus,Growth Alpha 강화,ba_14387283,본죽&비빔밥 신봉초교점,본그룹,백반·죽·국수,경기도,용인시,45.8947,D
growth_alpha_focus,Growth Alpha 강화,ba_14688923,본죽&비빔밥 종로르메이에르점,본그룹,백반·죽·국수,서울특별시,종로구,48.0857,D
growth_alpha_focus,Growth Alpha 강화,ba_13969906,굽네피자 포항흥해점,굽네치킨,피자,경상북도,포항시,45.8778,D
growth_alpha_focus,Growth Alpha 강화,ba_14756247,본죽&비빔밥 일산가좌점,본그룹,백반·죽·국수,경기도,고양시,37.9744,D
growth_alpha_focus,Growth Alpha 강화,ba_14171127,굽네피자 연경점,굽네치킨,피자,대구광역시,동구,40.2272,D
growth_alpha_focus,Growth Alpha 강화,ba_12017934,굽네치킨&피자 삼숭고읍점,굽네치킨,피자,경기도,양주시,45.8610,D
growth_alpha_focus,Growth Alpha 강화,ba_13233448,본죽&비빔밥 대구달서구청점,본그룹,백반·죽·국수,대구광역시,달서구,47.2621,D
growth_alpha_focus,Growth Alpha 강화,ba_14692592,본죽 의정부가능역점,본그룹,백반·죽·국수,경기도,의정부시,35.1765,D
growth_alpha_focus,Growth Alpha 강화,ba_13234475,본죽&비빔밥 노량진점,본그룹,백반·죽·국수,서울특별시,동작구,48.1443,D
growth_alpha_focus,Growth Alpha 강화,ba_13079581,굽네치킨&피자 온의퇴계점,굽네치킨,피자,강원특별자치도,춘천시,45.8248,D
growth_alpha_focus,Growth Alpha 강화,ba_13235631,본죽 인왕산점,본그룹,백반·죽·국수,서울특별시,서대문구,46.0766,D
growth_alpha_focus,Growth Alpha 강화,ba_13233764,본죽 대구송라시장점,본그룹,백반·죽·국수,대구광역시,동구,44.6202,D
growth_alpha_focus,Growth Alpha 강화,ba_14248058,굽네피자 은행선화점,굽네치킨,피자,대전광역시,중구,45.7210,D
growth_alpha_focus,Growth Alpha 강화,ba_14788152,굽네피자 초읍점,굽네치킨,피자,부산광역시,부산진구,45.6868,D
growth_alpha_focus,Growth Alpha 강화,ba_14199673,굽네피자 가양점,굽네치킨,피자,서울특별시,강서구,45.7992,D
growth_alpha_focus,Growth Alpha 강화,ba_13236401,본죽 대학로본점,본그룹,백반·죽·국수,서울특별시,종로구,44.8878,D
growth_alpha_focus,Growth Alpha 강화,ba_14668967,굽네피자 신사우점,굽네치킨,피자,강원특별자치도,춘천시,45.6368,D
growth_alpha_focus,Growth Alpha 강화,ba_13969888,굽네피자 청주강서지구점,굽네치킨,피자,충청북도,청주시,45.6234,D
growth_alpha_focus,Growth Alpha 강화,ba_13122792,굽네치킨&피자 청주 강서지구점,굽네치킨,피자,충청북도,청주시,45.6234,D
growth_alpha_focus,Growth Alpha 강화,ba_14605018,굽네피자 대구신매점,굽네치킨,피자,대구광역시,수성구,45.6050,D
growth_alpha_focus,Growth Alpha 강화,ba_13228677,본죽 청주봉명점,본그룹,백반·죽·국수,충청북도,청주시,44.8075,D
growth_alpha_focus,Growth Alpha 강화,ba_13221638,본죽&비빔밥 이천마장점,본그룹,백반·죽·국수,경기도,이천시,44.8814,D
growth_alpha_focus,Growth Alpha 강화,ba_13222803,본죽 오금점,본그룹,백반·죽·국수,서울특별시,송파구,40.7732,D
growth_alpha_focus,Growth Alpha 강화,ba_13969554,굽네피자 포항양덕점,굽네치킨,피자,경상북도,포항시,45.3933,D
growth_alpha_focus,Growth Alpha 강화,ba_14556221,굽네치킨&피자 청주봉명점,굽네치킨,치킨,충청북도,청주시,39.9753,D
growth_alpha_focus,Growth Alpha 강화,ba_13223367,본죽 성수역점,본그룹,백반·죽·국수,서울특별시,성동구,41.9965,D
growth_alpha_focus,Growth Alpha 강화,ba_14778106,굽네치킨 구로디지털점,굽네치킨,치킨,서울특별시,구로구,45.4178,D
growth_alpha_focus,Growth Alpha 강화,ba_14544899,본죽&비빔밥 안양호계포도원점,본그룹,백반·죽·국수,경기도,안양시,44.8617,D
growth_alpha_focus,Growth Alpha 강화,ba_13974018,굽네피자 송파점,굽네치킨,피자,서울특별시,송파구,45.4692,D
growth_alpha_focus,Growth Alpha 강화,ba_14245849,본죽&비빔밥 광양중동점,본그룹,백반·죽·국수,전라남도,광양시,44.2984,D
growth_alpha_focus,Growth Alpha 강화,ba_14171262,굽네피자 칠암망경점,굽네치킨,피자,경상남도,진주시,45.3477,D
growth_alpha_focus,Growth Alpha 강화,ba_14464914,굽네피자 부산구서점,굽네치킨,피자,부산광역시,금정구,45.3068,D
growth_alpha_focus,Growth Alpha 강화,ba_13969933,굽네피자 신탄진점,굽네치킨,피자,대전광역시,대덕구,45.3063,D
growth_alpha_focus,Growth Alpha 강화,ba_13047702,굽네피자&치킨 광주상무점,굽네치킨,피자,광주광역시,서구,45.2886,D
growth_alpha_focus,Growth Alpha 강화,ba_14387630,굽네치킨 등촌2동점,굽네치킨,치킨,서울특별시,강서구,40.7178,D
growth_alpha_focus,Growth Alpha 강화,ba_12018905,굽네피자 거제연초점,굽네치킨,피자,경상남도,거제시,45.1784,D
growth_alpha_focus,Growth Alpha 강화,ba_14272179,굽네피자 마장점,굽네치킨,피자,경기도,이천시,44.3219,D
growth_alpha_focus,Growth Alpha 강화,ba_14296957,굽네피자 청주동남지구점,굽네치킨,피자,충청북도,청주시,45.1594,D
growth_alpha_focus,Growth Alpha 강화,ba_13233735,본죽 대구감삼드림시티점,본그룹,백반·죽·국수,대구광역시,달서구,42.4514,D
growth_alpha_focus,Growth Alpha 강화,ba_14809938,굽네치킨&피자 도곡스타점,굽네치킨,치킨,서울특별시,강남구,45.2421,D
growth_alpha_focus,Growth Alpha 강화,ba_12018493,굽네치킨&피자 부산덕천점,굽네치킨,피자,부산광역시,북구,45.1164,D
growth_alpha_focus,Growth Alpha 강화,ba_14690774,본죽&비빔밥 진주신안점,본그룹,백반·죽·국수,경상남도,진주시,37.7512,D
growth_alpha_focus,Growth Alpha 강화,ba_13969928,굽네피자 거제고현점,굽네치킨,피자,경상남도,거제시,45.1052,D
growth_alpha_focus,Growth Alpha 강화,ba_13163192,굽네치킨&피자 봉곡사림점,굽네치킨,피자,경상남도,창원시,45.0250,D
growth_alpha_focus,Growth Alpha 강화,ba_14688499,본죽 수원화서점,본그룹,백반·죽·국수,경기도,수원시,42.0598,D
growth_alpha_focus,Growth Alpha 강화,ba_13231195,본죽&비빔밥 수원광교역점,본그룹,백반·죽·국수,경기도,수원시,41.3994,D
growth_alpha_focus,Growth Alpha 강화,ba_13969807,굽네피자 경남사천점,굽네치킨,피자,경상남도,사천시,44.9947,D
growth_alpha_focus,Growth Alpha 강화,ba_14274576,굽네치킨&피자 갈현점,굽네치킨,치킨,서울특별시,은평구,45.0865,D
growth_alpha_focus,Growth Alpha 강화,ba_13232348,본죽&비빔밥 광주선운지구점,본그룹,백반·죽·국수,광주광역시,광산구,50.0873,C
growth_alpha_focus,Growth Alpha 강화,ba_14283482,본죽&비빔밥 목동역점,본그룹,백반·죽·국수,서울특별시,양천구,43.0806,D
growth_alpha_focus,Growth Alpha 강화,ba_12019541,굽네피자 양산석산점,굽네치킨,피자,경상남도,양산시,44.9390,D
growth_alpha_focus,Growth Alpha 강화,ba_14171093,굽네피자 양산물금점,굽네치킨,피자,경상남도,양산시,44.9030,D
growth_alpha_focus,Growth Alpha 강화,ba_14353161,굽네피자 구월점,굽네치킨,피자,인천광역시,남동구,44.8463,D
growth_alpha_focus,Growth Alpha 강화,ba_14352664,굽네피자 간석점,굽네치킨,피자,인천광역시,남동구,44.8463,D
growth_alpha_focus,Growth Alpha 강화,ba_14687307,본죽&비빔밥 봉천현대시장점,본그룹,백반·죽·국수,서울특별시,관악구,45.6759,D
growth_alpha_focus,Growth Alpha 강화,ba_14171081,굽네피자 김해진영점,굽네치킨,피자,경상남도,김해시,44.8304,D
growth_alpha_focus,Growth Alpha 강화,ba_14294476,굽네피자 하늘도시1호점,굽네치킨,피자,인천광역시,중구,44.8281,D
growth_alpha_focus,Growth Alpha 강화,ba_14637964,굽네피자 영덕영해점,굽네치킨,피자,경상북도,영덕군,44.8242,D
growth_alpha_focus,Growth Alpha 강화,ba_13097221,굽네치킨&피자 하늘도시1호점,굽네치킨,피자,인천광역시,중구,44.8217,D
growth_alpha_focus,Growth Alpha 강화,ba_14165975,굽네피자 송도신도시점,굽네치킨,피자,인천광역시,연수구,44.8029,D
growth_alpha_focus,Growth Alpha 강화,ba_14691072,본죽&비빔밥 대구신서혁신지구점,본그룹,백반·죽·국수,대구광역시,동구,43.0633,D
growth_alpha_focus,Growth Alpha 강화,ba_14691206,굽네피자 강화선원점,굽네치킨,피자,인천광역시,강화군,44.7700,D
growth_alpha_focus,Growth Alpha 강화,ba_14600398,굽네피자 여좌중앙점,굽네치킨,피자,경상남도,창원시,44.7564,D
growth_alpha_focus,Growth Alpha 강화,ba_10501929,굽네치킨 포항양덕점,굽네치킨,치킨,경상북도,포항시,40.3884,D
growth_alpha_focus,Growth Alpha 강화,ba_14669108,굽네피자 의정부용현점,굽네치킨,피자,경기도,의정부시,44.7220,D
growth_alpha_focus,Growth Alpha 강화,ba_13084303,굽네치킨&피자 양산물금점,굽네치킨,피자,경상남도,양산시,44.6463,D
growth_alpha_focus,Growth Alpha 강화,ba_14766646,본죽&비빔밥 대전한남대점,본그룹,백반·죽·국수,대전광역시,동구,36.0716,D
growth_alpha_focus,Growth Alpha 강화,ba_14692346,본죽&비빔밥 보령동대점,본그룹,백반·죽·국수,충청남도,보령시,33.8092,D
growth_alpha_focus,Growth Alpha 강화,ba_14673508,본죽&비빔밥 고덕래미안점,본그룹,백반·죽·국수,서울특별시,강동구,43.1849,D
growth_alpha_focus,Growth Alpha 강화,ba_14688233,본죽&비빔밥 수원오목천점,본그룹,백반·죽·국수,경기도,수원시,37.4565,D
growth_alpha_focus,Growth Alpha 강화,ba_13219045,본죽 구리인창아름마을점,본그룹,백반·죽·국수,경기도,구리시,42.5611,D
growth_alpha_focus,Growth Alpha 강화,ba_14692146,본죽&비빔밥 부산재송점,본그룹,백반·죽·국수,부산광역시,해운대구,34.7072,D
growth_alpha_focus,Growth Alpha 강화,ba_12020571,굽네피자 수색증산점,굽네치킨,피자,서울특별시,은평구,44.6042,D
growth_alpha_focus,Growth Alpha 강화,ba_14694671,본죽&비빔밥 범계로데오점,본그룹,백반·죽·국수,경기도,안양시,41.3331,D
growth_alpha_focus,Growth Alpha 강화,ba_13229975,본죽 구성언남점,본그룹,백반·죽·국수,경기도,용인시,43.9080,D
growth_alpha_focus,Growth Alpha 강화,ba_13111670,굽네치킨&피자 주안3호점,굽네치킨,피자,인천광역시,미추홀구,44.3284,D
growth_alpha_focus,Growth Alpha 강화,ba_14189792,굽네피자 부산우동점,굽네치킨,피자,부산광역시,해운대구,43.0930,D
growth_alpha_focus,Growth Alpha 강화,ba_14675307,굽네치킨 운남점,굽네치킨,치킨,인천광역시,중구,38.5908,D
growth_alpha_focus,Growth Alpha 강화,ba_14440526,굽네치킨 서산동문점,굽네치킨,치킨,충청남도,서산시,45.6680,D
growth_alpha_focus,Growth Alpha 강화,ba_14744706,본죽&비빔밥 세종시청점,본그룹,백반·죽·국수,세종특별자치시,한누리대로,41.4989,D
growth_alpha_focus,Growth Alpha 강화,ba_10019807,굽네치킨 부산덕천점,굽네치킨,치킨,부산광역시,북구,41.8551,D
growth_alpha_focus,Growth Alpha 강화,ba_14650120,굽네치킨&피자 벌교읍점,굽네치킨,치킨,전라남도,보성군,44.2184,D
growth_alpha_focus,Growth Alpha 강화,ba_14698239,본죽&비빔밥 의왕고천점,본그룹,백반·죽·국수,경기도,의왕시,35.4293,D
growth_alpha_focus,Growth Alpha 강화,ba_14250329,굽네피자 인창점,굽네치킨,피자,경기도,구리시,41.0977,D
growth_alpha_focus,Growth Alpha 강화,ba_14390509,굽네치킨 원주혁신점,굽네치킨,치킨,강원특별자치도,원주시,44.1177,D
growth_alpha_focus,Growth Alpha 강화,ba_14692460,본죽 안양샘병원점,본그룹,백반·죽·국수,경기도,안양시,39.5495,D
growth_alpha_focus,Growth Alpha 강화,ba_14597164,굽네치킨&피자 역삼2동점,굽네치킨,치킨,서울특별시,강남구,38.4504,D
growth_alpha_focus,Growth Alpha 강화,ba_14689999,본죽&비빔밥 인천승기사거리점,본그룹,백반·죽·국수,인천광역시,미추홀구,33.6594,D
growth_alpha_focus,Growth Alpha 강화,ba_13232134,본죽&비빔밥 광주운남점,본그룹,백반·죽·국수,광주광역시,광산구,44.4533,D
growth_alpha_focus,Growth Alpha 강화,ba_14687304,본죽&비빔밥 관악우체국점,본그룹,백반·죽·국수,서울특별시,관악구,36.7503,D
growth_alpha_focus,Growth Alpha 강화,ba_13223885,본죽&비빔밥 관악우체국점,본그룹,백반·죽·국수,서울특별시,관악구,36.7503,D
growth_alpha_focus,Growth Alpha 강화,ba_14701137,본죽&비빔밥 남양주호평점,본그룹,백반·죽·국수,경기도,남양주시,32.9136,D
growth_alpha_focus,Growth Alpha 강화,ba_14689591,본죽&비빔밥 평택서정리역점,본그룹,백반·죽·국수,경기도,평택시,40.1266,D
growth_alpha_focus,Growth Alpha 강화,ba_13233027,본죽&비빔밥 고척근린공원점,본그룹,백반·죽·국수,서울특별시,구로구,36.6946,D
growth_alpha_focus,Growth Alpha 강화,ba_14687334,본죽&비빔밥 고척근린공원점,본그룹,백반·죽·국수,서울특별시,구로구,36.6946,D
growth_alpha_focus,Growth Alpha 강화,ba_14792754,굽네치킨 보라점,굽네치킨,치킨,경기도,용인시,43.8600,D
growth_alpha_focus,Growth Alpha 강화,ba_14687136,본죽 서울백병원점,본그룹,백반·죽·국수,서울특별시,중구,48.5365,D
growth_alpha_focus,Growth Alpha 강화,ba_14271330,굽네치킨 일광신도시점,굽네치킨,치킨,부산광역시,기장군,39.3165,D
growth_alpha_focus,Growth Alpha 강화,ba_14689802,본죽&비빔밥 한성대입구점,본그룹,백반·죽·국수,서울특별시,성북구,36.5701,D
growth_alpha_focus,Growth Alpha 강화,ba_13235508,본죽&비빔밥 의정부녹양점,본그룹,백반·죽·국수,경기도,의정부시,43.8636,D
growth_alpha_focus,Growth Alpha 강화,ba_13236745,본죽&비빔밥 김해장유코아점,본그룹,백반·죽·국수,경상남도,김해시,45.6347,D
growth_alpha_focus,Growth Alpha 강화,ba_13189796,본죽&비빔밥 아산탕정점,본그룹,백반·죽·국수,충청남도,아산시,46.8894,D
growth_alpha_focus,Growth Alpha 강화,ba_14692164,본죽 세종고운점,본그룹,백반·죽·국수,세종특별자치시,마음로,43.1870,D
growth_alpha_focus,Growth Alpha 강화,ba_14810163,굽네피자 서현역점,굽네치킨,피자,경기도,성남시,43.4506,D
growth_alpha_focus,Growth Alpha 강화,ba_14560963,굽네피자 다산가운지금점,굽네치킨,피자,경기도,남양주시,41.3693,D
growth_alpha_focus,Growth Alpha 강화,ba_13580972,굽네치킨&피자 신수점,굽네치킨,치킨,서울특별시,마포구,40.1161,D
growth_alpha_focus,Growth Alpha 강화,ba_14599961,굽네치킨 파주헤이리점,굽네치킨,치킨,경기도,파주시,38.4234,D
growth_alpha_focus,Growth Alpha 강화,ba_10665884,굽네치킨 부산청학점,굽네치킨,치킨,부산광역시,영도구,43.2955,D
growth_alpha_focus,Growth Alpha 강화,ba_14766647,본죽&비빔밥 대전한남대점,본그룹,백반·죽·국수,대전광역시,동구,34.1527,D
growth_alpha_focus,Growth Alpha 강화,ba_14495787,굽네치킨 김해율하점,굽네치킨,치킨,경상남도,김해시,43.2337,D
growth_alpha_focus,Growth Alpha 강화,ba_14692042,굽네치킨 강화선원점,굽네치킨,치킨,인천광역시,강화군,43.1554,D
growth_alpha_focus,Growth Alpha 강화,ba_14689837,본죽&비빔밥 동탄역점,본그룹,백반·죽·국수,경기도,화성시,38.8597,D
growth_alpha_focus,Growth Alpha 강화,ba_13233742,본죽&비빔밥 내당삼익뉴타운점,본그룹,백반·죽·국수,대구광역시,서구,39.1740,D
growth_alpha_focus,Growth Alpha 강화,ba_14855560,굽네치킨 양산서창점,굽네치킨,치킨,경상남도,양산시,43.0802,D
growth_alpha_focus,Growth Alpha 강화,ba_14488212,굽네피자 풍동점,굽네치킨,피자,경기도,고양시,41.9081,D
growth_alpha_focus,Growth Alpha 강화,ba_14743731,본죽&비빔밥 인천오류왕길점,본그룹,백반·죽·국수,인천광역시,서구,44.7126,D
growth_alpha_focus,Growth Alpha 강화,ba_13230903,본죽 시흥시화병원점,본그룹,백반·죽·국수,경기도,시흥시,45.4111,D
growth_alpha_focus,Growth Alpha 강화,ba_14185617,굽네피자 영주휴천점,굽네치킨,피자,경상북도,영주시,41.8379,D
growth_alpha_focus,Growth Alpha 강화,ba_10571616,굽네치킨 답십리1동점,굽네치킨,치킨,서울특별시,동대문구,36.4869,D
growth_alpha_focus,Growth Alpha 강화,ba_14253619,본죽&비빔밥 문래힐스테이트점,본그룹,백반·죽·국수,서울특별시,영등포구,39.7419,D
growth_alpha_focus,Growth Alpha 강화,ba_14171092,굽네피자 광주용봉점,굽네치킨,피자,광주광역시,북구,42.6705,D
growth_alpha_focus,Growth Alpha 강화,ba_13972819,굽네피자 영통2동점,굽네치킨,피자,경기도,수원시,38.7038,D
growth_alpha_focus,Growth Alpha 강화,ba_14687859,본죽&비빔밥 제기동역점,본그룹,백반·죽·국수,서울특별시,동대문구,35.3102,D
growth_alpha_focus,Growth Alpha 강화,ba_13970104,굽네피자 대구혁신점,굽네치킨,피자,대구광역시,동구,40.7758,D
growth_alpha_focus,Growth Alpha 강화,ba_13972425,굽네피자 광주문흥점,굽네치킨,피자,광주광역시,북구,42.3996,D
growth_alpha_focus,Growth Alpha 강화,ba_14270407,본죽&비빔밥 벡스코역점,본그룹,백반·죽·국수,부산광역시,해운대구,39.5190,D
growth_alpha_focus,Growth Alpha 강화,ba_13870012,본죽&비빔밥 시흥장곡점,본그룹,백반·죽·국수,경기도,시흥시,39.1514,D
growth_alpha_focus,Growth Alpha 강화,ba_13226567,본죽 신정점,본그룹,백반·죽·국수,서울특별시,양천구,35.0327,D
growth_alpha_focus,Growth Alpha 강화,ba_13313909,굽네치킨 논현고잔1호점,굽네치킨,치킨,인천광역시,남동구,38.0021,D
growth_alpha_focus,Growth Alpha 강화,ba_13233767,본죽&비빔밥 세종정부청사점,본그룹,백반·죽·국수,세종특별자치시,절재로,38.7652,D
growth_alpha_focus,Growth Alpha 강화,ba_14794083,본죽&비빔밥 부산광안역점,본그룹,백반·죽·국수,부산광역시,수영구,33.7558,D
growth_alpha_focus,Growth Alpha 강화,ba_14687323,본죽&비빔밥 관악구청점,본그룹,백반·죽·국수,서울특별시,관악구,41.2137,D
growth_alpha_focus,Growth Alpha 강화,ba_14689859,본죽&비빔밥 춘천퇴계한숲점,본그룹,백반·죽·국수,강원특별자치도,춘천시,42.4603,D
growth_alpha_focus,Growth Alpha 강화,ba_13976690,굽네피자 신수점,굽네치킨,피자,서울특별시,마포구,40.8662,D
growth_alpha_focus,Growth Alpha 강화,ba_14593798,굽네치킨&피자 광주오포점,굽네치킨,치킨,경기도,광주시,37.2766,D
growth_alpha_focus,Growth Alpha 강화,ba_14473511,본죽&비빔밥카페 김해가야대역점,본그룹,백반·죽·국수,경상남도,김해시,40.0712,D
growth_alpha_focus,Growth Alpha 강화,ba_13219734,본죽 구리토평점,본그룹,백반·죽·국수,경기도,구리시,35.6742,D
growth_alpha_focus,Growth Alpha 강화,ba_14189742,굽네피자 논현고잔1호점,굽네치킨,피자,인천광역시,남동구,41.8437,D
growth_alpha_focus,Growth Alpha 강화,ba_14791437,굽네치킨&피자 신수점,굽네치킨,치킨,서울특별시,마포구,41.9049,D
growth_alpha_focus,Growth Alpha 강화,ba_13076527,굽네치킨 창2동점,굽네치킨,치킨,서울특별시,도봉구,36.2858,D
growth_alpha_focus,Growth Alpha 강화,ba_14810162,굽네치킨&피자 서현역점,굽네치킨,치킨,경기도,성남시,41.7360,D
growth_alpha_focus,Growth Alpha 강화,ba_13233484,본죽&비빔밥 진주하대점,본그룹,백반·죽·국수,경상남도,진주시,37.1874,D
growth_alpha_focus,Growth Alpha 강화,ba_14733665,굽네치킨 수원조원점,굽네치킨,치킨,경기도,수원시,39.5497,D
growth_alpha_focus,Growth Alpha 강화,ba_14688789,본죽&비빔밥 성남고등점,본그룹,백반·죽·국수,경기도,성남시,32.7218,D
growth_alpha_focus,Growth Alpha 강화,ba_14688609,본죽 죽전벽산타운점,본그룹,백반·죽·국수,경기도,용인시,36.8403,D
growth_alpha_focus,Growth Alpha 강화,ba_10040590,굽네치킨 삼숭고읍점,굽네치킨,치킨,경기도,양주시,35.5423,D
growth_alpha_focus,Growth Alpha 강화,ba_10636815,굽네치킨 완도점,굽네치킨,치킨,전라남도,완도군,41.4280,D
growth_alpha_focus,Growth Alpha 강화,ba_14808489,굽네치킨 전주서학점,굽네치킨,치킨,전북특별자치도,전주시,41.4217,D
growth_alpha_focus,Growth Alpha 강화,ba_14413122,굽네치킨&피자 만성점,굽네치킨,치킨,전북특별자치도,전주시,41.3968,D
growth_alpha_focus,Growth Alpha 강화,ba_14714070,본죽&비빔밥 의정부발곡점,본그룹,백반·죽·국수,경기도,의정부시,33.1065,D
growth_alpha_focus,Growth Alpha 강화,ba_13233724,본죽&비빔밥 대구동성로중앙점,본그룹,백반·죽·국수,대구광역시,중구,37.4249,D
growth_alpha_focus,Growth Alpha 강화,ba_14615149,굽네치킨&피자 강대효자점,굽네치킨,치킨,강원특별자치도,춘천시,40.7344,D
growth_alpha_focus,Growth Alpha 강화,ba_14727755,굽네치킨&피자 덕진금암점,굽네치킨,치킨,전북특별자치도,전주시,41.2665,D
growth_alpha_focus,Growth Alpha 강화,ba_13189894,본죽&비빔밥 양산부산대병원정문앞택지점,본그룹,백반·죽·국수,경상남도,양산시,45.1858,D
growth_alpha_focus,Growth Alpha 강화,ba_14525359,본죽&비빔밥 용인모현점,본그룹,백반·죽·국수,경기도,용인시,36.8128,D
growth_alpha_focus,Growth Alpha 강화,ba_14689013,본죽&비빔밥 김포사우점,본그룹,백반·죽·국수,경기도,김포시,31.4374,D
growth_alpha_focus,Growth Alpha 강화,ba_14809478,굽네치킨 권선1동점,굽네치킨,치킨,경기도,수원시,41.0906,D
growth_alpha_focus,Growth Alpha 강화,ba_14758007,굽네치킨 송도신도시점,굽네치킨,치킨,인천광역시,연수구,41.0509,D
growth_alpha_focus,Growth Alpha 강화,ba_14827938,굽네치킨&피자 거북섬점,굽네치킨,치킨,경기도,시흥시,41.0129,D
growth_alpha_focus,Growth Alpha 강화,ba_10685624,굽네치킨 광주문흥점,굽네치킨,치킨,광주광역시,북구,40.8545,D
growth_alpha_focus,Growth Alpha 강화,ba_13231218,본죽 시흥하상동점,본그룹,백반·죽·국수,경기도,시흥시,32.6980,D
growth_alpha_focus,Growth Alpha 강화,ba_14687388,본죽&비빔밥 중곡사거리점,본그룹,백반·죽·국수,서울특별시,광진구,31.1206,D
growth_alpha_focus,Growth Alpha 강화,ba_14691803,본죽 부산학장점,본그룹,백반·죽·국수,부산광역시,사상구,31.6547,D
growth_alpha_focus,Growth Alpha 강화,ba_14690724,본죽&비빔밥 경남사천점,본그룹,백반·죽·국수,경상남도,사천시,40.1446,D
growth_alpha_focus,Growth Alpha 강화,ba_13233466,본죽&비빔밥 대구대곡역점,본그룹,백반·죽·국수,대구광역시,달성군,37.9792,D
growth_alpha_focus,Growth Alpha 강화,ba_14251745,굽네피자 태전점,굽네치킨,피자,대구광역시,북구,36.5757,D
growth_alpha_focus,Growth Alpha 강화,ba_14688541,본죽 시흥하상동점,본그룹,백반·죽·국수,경기도,시흥시,32.6137,D
growth_alpha_focus,Growth Alpha 강화,ba_14688854,본죽 평택팽성점,본그룹,백반·죽·국수,경기도,평택시,32.7801,D
growth_alpha_focus,Growth Alpha 강화,ba_14809544,굽네치킨 송도4동점,굽네치킨,치킨,인천광역시,연수구,40.7368,D
growth_alpha_focus,Growth Alpha 강화,ba_14692289,본죽&비빔밥 당진점,본그룹,백반·죽·국수,충청남도,당진시,32.5727,D
growth_alpha_focus,Growth Alpha 강화,ba_14692339,본죽&비빔밥 청주분평점,본그룹,백반·죽·국수,충청북도,청주시,37.6924,D
growth_alpha_focus,Growth Alpha 강화,ba_14695958,본죽 삼양사거리점,본그룹,백반·죽·국수,서울특별시,강북구,31.5084,D
growth_alpha_focus,Growth Alpha 강화,ba_14769185,굽네치킨&피자 김천신음점,굽네치킨,치킨,경상북도,김천시,39.2774,D
growth_alpha_focus,Growth Alpha 강화,ba_14716332,굽네치킨&피자 태평3동점,굽네치킨,치킨,경기도,성남시,38.5976,D
growth_alpha_focus,Growth Alpha 강화,ba_14689894,본죽&비빔밥 인천간석남부역점,본그룹,백반·죽·국수,인천광역시,남동구,39.5082,D
growth_alpha_focus,Growth Alpha 강화,ba_14691884,본죽&비빔밥 구서쌍용예가점,본그룹,백반·죽·국수,부산광역시,금정구,43.6897,D
growth_alpha_focus,Growth Alpha 강화,ba_14692256,본죽&비빔밥 천안성거점,본그룹,백반·죽·국수,충청남도,천안시,32.4673,D
growth_alpha_focus,Growth Alpha 강화,ba_14691910,본죽&비빔밥 울산청량점,본그룹,백반·죽·국수,울산광역시,울주군,32.4151,D
growth_alpha_focus,Growth Alpha 강화,ba_14803437,굽네치킨 명곡대원점,굽네치킨,치킨,경상남도,창원시,40.5520,D
growth_alpha_focus,Growth Alpha 강화,ba_14692282,본죽&비빔밥 당진수청점,본그룹,백반·죽·국수,충청남도,당진시,32.3694,D
growth_alpha_focus,Growth Alpha 강화,ba_14690056,본죽&비빔밥cafe 용인동백역점,본그룹,백반·죽·국수,경기도,용인시,31.1920,D
growth_alpha_focus,Growth Alpha 강화,ba_14435750,본죽&비빔밥 광주연제점,본그룹,백반·죽·국수,광주광역시,북구,35.2819,D
growth_alpha_focus,Growth Alpha 강화,ba_13506840,굽네치킨 & 피자 약수역점,굽네치킨,치킨,서울특별시,중구,40.6344,D
growth_alpha_focus,Growth Alpha 강화,ba_14522619,본죽&비빔밥 수원권선롯데마트점,본그룹,백반·죽·국수,경기도,수원시,32.3262,D
growth_alpha_focus,Growth Alpha 강화,ba_13226580,본죽 등촌역점,본그룹,백반·죽·국수,서울특별시,양천구,35.0037,D
growth_alpha_focus,Growth Alpha 강화,ba_13234187,본죽 경산계양점,본그룹,백반·죽·국수,경상북도,경산시,36.1943,D
growth_alpha_focus,Growth Alpha 강화,ba_14400023,본죽&비빔밥 시흥장곡점,본그룹,백반·죽·국수,경기도,시흥시,32.2552,D
growth_alpha_focus,Growth Alpha 강화,ba_14189864,굽네피자 & 피자 약수역점,굽네치킨,피자,서울특별시,중구,40.5280,D
growth_alpha_focus,Growth Alpha 강화,ba_14797330,굽네치킨&피자 초전점,굽네치킨,치킨,경상남도,진주시,40.3855,D
growth_alpha_focus,Growth Alpha 강화,ba_14173661,굽네피자 신월사파점,굽네치킨,피자,경상남도,창원시,39.9248,D
growth_alpha_focus,Growth Alpha 강화,ba_14689425,본죽&비빔밥 의정부시청점,본그룹,백반·죽·국수,경기도,의정부시,32.1724,D
growth_alpha_focus,Growth Alpha 강화,ba_14809961,굽네치킨 창원소답점,굽네치킨,치킨,경상남도,창원시,40.3144,D
growth_alpha_focus,Growth Alpha 강화,ba_14773134,본죽&비빔밥 용인보라점,본그룹,백반·죽·국수,경기도,용인시,32.0058,D
growth_alpha_focus,Growth Alpha 강화,ba_14190360,굽네피자 일산식사점,굽네치킨,피자,경기도,고양시,37.0165,D
growth_alpha_focus,Growth Alpha 강화,ba_14776515,굽네치킨 대소점,굽네치킨,치킨,충청북도,음성군,38.8832,D
growth_alpha_focus,Growth Alpha 강화,ba_14691324,본죽 포항지곡점,본그룹,백반·죽·국수,경상북도,포항시,31.9849,D
growth_alpha_focus,Growth Alpha 강화,ba_14624480,굽네피자 고산지구점,굽네치킨,피자,경기도,의정부시,40.1482,D
growth_alpha_focus,Growth Alpha 강화,ba_14525750,굽네피자 지산신장점,굽네치킨,피자,경기도,평택시,40.1497,D
growth_alpha_focus,Growth Alpha 강화,ba_13973779,굽네피자 용인서천점,굽네치킨,피자,경기도,용인시,40.1374,D
growth_alpha_focus,Growth Alpha 강화,ba_13233433,본죽 대명안지랑점,본그룹,백반·죽·국수,대구광역시,남구,38.2283,D
growth_alpha_focus,Growth Alpha 강화,ba_14629814,굽네피자 용인모현점,굽네치킨,피자,경기도,용인시,40.1022,D
growth_alpha_focus,Growth Alpha 강화,ba_14689508,본죽&비빔밥 파주문산점,본그룹,백반·죽·국수,경기도,파주시,31.9368,D
growth_alpha_focus,Growth Alpha 강화,ba_14695008,본죽&비빔밥 부산연산점,본그룹,백반·죽·국수,부산광역시,연제구,29.4512,D
growth_alpha_focus,Growth Alpha 강화,ba_13247000,본죽 용인광교역점,본그룹,백반·죽·국수,경기도,용인시,32.9694,D
growth_alpha_focus,Growth Alpha 강화,ba_14788679,본죽&비빔밥 안산선부점,본그룹,백반·죽·국수,경기도,안산시,31.4673,D
growth_alpha_focus,Growth Alpha 강화,ba_14696545,굽네피자 구리갈매점,굽네치킨,피자,경기도,구리시,40.0791,D
growth_alpha_focus,Growth Alpha 강화,ba_13973937,굽네피자 동탄1동점,굽네치킨,피자,경기도,화성시,40.0566,D
growth_alpha_focus,Growth Alpha 강화,ba_14756868,본죽&비빔밥 평택시청점,본그룹,백반·죽·국수,경기도,평택시,31.8815,D
growth_alpha_focus,Growth Alpha 강화,ba_14691863,본죽&비빔밥 부산명지cgv점,본그룹,백반·죽·국수,부산광역시,강서구,31.8414,D
growth_alpha_focus,Growth Alpha 강화,ba_14691316,본죽 포항오천점,본그룹,백반·죽·국수,경상북도,포항시,31.8313,D
growth_alpha_focus,Growth Alpha 강화,ba_14797999,굽네치킨&피자 대흥역점,굽네치킨,치킨,서울특별시,마포구,39.4520,D
growth_alpha_focus,Growth Alpha 강화,ba_14842562,굽네치킨&피자 영등포구청역점,굽네치킨,치킨,서울특별시,영등포구,40.0160,D
growth_alpha_focus,Growth Alpha 강화,ba_14637963,굽네치킨 영덕영해점,굽네치킨,치킨,경상북도,영덕군,39.5282,D
growth_alpha_focus,Growth Alpha 강화,ba_14327485,굽네치킨&피자 장곡장현점,굽네치킨,치킨,경기도,시흥시,38.6354,D
growth_alpha_focus,Growth Alpha 강화,ba_14252162,굽네피자 사당2동점,굽네치킨,피자,서울특별시,동작구,40.0090,D
growth_alpha_focus,Growth Alpha 강화,ba_12030167,굽네치킨&피자 후평점,굽네치킨,피자,강원특별자치도,춘천시,39.8926,D
growth_alpha_focus,Growth Alpha 강화,ba_14691981,본죽&비빔밥 부산개금점,본그룹,백반·죽·국수,부산광역시,부산진구,31.6823,D
growth_alpha_focus,Growth Alpha 강화,ba_14320813,굽네피자 옥곡백천점,굽네치킨,피자,경상북도,경산시,39.8374,D
growth_alpha_focus,Growth Alpha 강화,ba_14731363,본죽&비빔밥 충북대병원앞점,본그룹,백반·죽·국수,충청북도,청주시,31.4233,D
growth_alpha_focus,Growth Alpha 강화,ba_13628326,본죽&비빔밥 부산개금점,본그룹,백반·죽·국수,부산광역시,부산진구,31.6676,D
growth_alpha_focus,Growth Alpha 강화,ba_14629153,굽네치킨&피자 합천점,굽네치킨,치킨,경상남도,합천군,39.9797,D
growth_alpha_focus,Growth Alpha 강화,ba_13973414,굽네피자 후평점,굽네치킨,피자,강원특별자치도,춘천시,39.8250,D
growth_alpha_focus,Growth Alpha 강화,ba_14691338,본죽 포항흥해점,본그룹,백반·죽·국수,경상북도,포항시,31.6391,D
growth_alpha_focus,Growth Alpha 강화,ba_14569929,굽네치킨 응암1호점,굽네치킨,치킨,서울특별시,은평구,39.8537,D
growth_alpha_focus,Growth Alpha 강화,ba_14690597,본죽&비빔밥 포항상원점,본그룹,백반·죽·국수,경상북도,포항시,31.5733,D
growth_alpha_focus,Growth Alpha 강화,ba_13181486,본죽&비빔밥 천안두정점,본그룹,백반·죽·국수,충청남도,천안시,28.7421,D
growth_alpha_focus,Growth Alpha 강화,ba_14796264,굽네치킨 종암스타점,굽네치킨,치킨,서울특별시,성북구,39.8167,D
growth_alpha_focus,Growth Alpha 강화,ba_14686990,본죽 문정로데오점,본그룹,백반·죽·국수,서울특별시,송파구,33.0290,D
growth_alpha_focus,Growth Alpha 강화,ba_12016615,굽네피자 울산삼산점,굽네치킨,피자,울산광역시,남구,38.2980,D
growth_alpha_focus,Growth Alpha 강화,ba_14787229,본죽&비빔밥 수원호매실화홍병원점,본그룹,백반·죽·국수,경기도,수원시,31.0049,D
growth_alpha_focus,Growth Alpha 강화,ba_14189925,굽네피자 불광점,굽네치킨,피자,서울특별시,은평구,39.7701,D
growth_alpha_focus,Growth Alpha 강화,ba_14542191,굽네피자 응암1호점,굽네치킨,피자,서울특별시,은평구,39.7480,D
growth_alpha_focus,Growth Alpha 강화,ba_10418755,굽네치킨&피자 곤지암점,굽네치킨,치킨,경기도,광주시,39.5709,D
growth_alpha_focus,Growth Alpha 강화,ba_14189471,굽네피자 등촌3동점,굽네치킨,피자,서울특별시,강서구,39.6894,D
growth_alpha_focus,Growth Alpha 강화,ba_13712881,굽네치킨 등촌3동점,굽네치킨,치킨,서울특별시,강서구,39.6766,D
growth_alpha_focus,Growth Alpha 강화,ba_14271331,굽네피자 일광신도시점,굽네치킨,피자,부산광역시,기장군,36.0342,D
growth_alpha_focus,Growth Alpha 강화,ba_14662462,굽네치킨 광탄점,굽네치킨,치킨,경기도,파주시,39.2972,D
growth_alpha_focus,Growth Alpha 강화,ba_14691860,본죽&비빔밥 부산동삼점,본그룹,백반·죽·국수,부산광역시,영도구,31.0924,D
growth_alpha_focus,Growth Alpha 강화,ba_14103678,굽네치킨&피자 불광점,굽네치킨,치킨,서울특별시,은평구,39.6560,D
growth_alpha_focus,Growth Alpha 강화,ba_14392323,굽네피자 삼산1동점,굽네치킨,피자,인천광역시,부평구,39.5219,D
growth_alpha_focus,Growth Alpha 강화,ba_13448308,굽네치킨 역촌점,굽네치킨,치킨,서울특별시,은평구,39.6161,D
growth_alpha_focus,Growth Alpha 강화,ba_14840445,굽네치킨&피자 등촌3동점,굽네치킨,치킨,서울특별시,강서구,39.6115,D
growth_alpha_focus,Growth Alpha 강화,ba_14251345,굽네피자 강화점,굽네치킨,피자,인천광역시,강화군,39.4915,D
growth_alpha_focus,Growth Alpha 강화,ba_14800652,본죽&비빔밥 내방역점,본그룹,백반·죽·국수,서울특별시,서초구,32.2548,D
growth_alpha_focus,Growth Alpha 강화,ba_14691400,본죽&비빔밥 경산하양점,본그룹,백반·죽·국수,경상북도,경산시,31.1070,D
growth_alpha_focus,Growth Alpha 강화,ba_14733416,굽네치킨&피자 먹골역점,굽네치킨,치킨,서울특별시,중랑구,39.5623,D
growth_alpha_focus,Growth Alpha 강화,ba_14252159,굽네치킨 사당2동점,굽네치킨,치킨,서울특별시,동작구,39.5492,D
growth_alpha_focus,Growth Alpha 강화,ba_14690580,본죽&비빔밥 포항문덕원동점,본그룹,백반·죽·국수,경상북도,포항시,31.2213,D
growth_alpha_focus,Growth Alpha 강화,ba_13326281,본죽 만리점,본그룹,백반·죽·국수,서울특별시,중구,29.5516,D
growth_alpha_focus,Growth Alpha 강화,ba_10024499,굽네치킨 보령동대점,굽네치킨,치킨,충청남도,보령시,39.3633,D
growth_alpha_focus,Growth Alpha 강화,ba_14624481,굽네치킨&피자 고산지구점,굽네치킨,치킨,경기도,의정부시,39.3224,D
growth_alpha_focus,Growth Alpha 강화,ba_13851878,굽네치킨 용인서천점,굽네치킨,치킨,경기도,용인시,39.3203,D
growth_alpha_focus,Growth Alpha 강화,ba_14400681,굽네피자 영암삼호점,굽네치킨,피자,전라남도,영암군,35.2765,D
growth_alpha_focus,Growth Alpha 강화,ba_10416959,굽네치킨 은행동점,굽네치킨,치킨,경기도,성남시,39.3168,D
growth_alpha_focus,Growth Alpha 강화,ba_14624475,굽네치킨 고산지구점,굽네치킨,치킨,경기도,의정부시,39.3170,D
growth_alpha_focus,Growth Alpha 강화,ba_14642115,굽네치킨 공도2호점,굽네치킨,치킨,경기도,안성시,39.2953,D
growth_alpha_focus,Growth Alpha 강화,ba_14696546,굽네치킨&피자 구리갈매점,굽네치킨,치킨,경기도,구리시,39.2904,D
growth_alpha_focus,Growth Alpha 강화,ba_14695236,본죽&비빔밥 제주법원점,본그룹,백반·죽·국수,제주특별자치도,제주시,31.1260,D
growth_alpha_focus,Growth Alpha 강화,ba_14746091,굽네치킨&피자 별내청학점,굽네치킨,치킨,경기도,남양주시,39.2878,D
growth_alpha_focus,Growth Alpha 강화,ba_13950340,굽네치킨 동탄1동점,굽네치킨,치킨,경기도,화성시,39.2894,D
growth_alpha_focus,Growth Alpha 강화,ba_14857305,굽네치킨&피자 송탄지산점,굽네치킨,치킨,경기도,평택시,39.2832,D
growth_alpha_focus,Growth Alpha 강화,ba_14854750,굽네치킨 울산신정3호점,굽네치킨,치킨,울산광역시,남구,39.2821,D
growth_alpha_focus,Growth Alpha 강화,ba_14696544,굽네치킨 구리갈매점,굽네치킨,치킨,경기도,구리시,39.2799,D
growth_alpha_focus,Growth Alpha 강화,ba_14691387,본죽&비빔밥 경주동국대병원점,본그룹,백반·죽·국수,경상북도,경주시,31.1095,D
growth_alpha_focus,Growth Alpha 강화,ba_14692319,본죽&비빔밥 제주강정점,본그룹,백반·죽·국수,제주특별자치도,서귀포시,31.1064,D
growth_alpha_focus,Growth Alpha 강화,ba_14853495,굽네치킨&피자 구리갈매점,굽네치킨,치킨,경기도,구리시,39.2588,D
growth_alpha_focus,Growth Alpha 강화,ba_14690576,본죽&비빔밥 포항세명병원점,본그룹,백반·죽·국수,경상북도,포항시,31.0957,D
growth_alpha_focus,Growth Alpha 강화,ba_14681358,굽네치킨 시흥능곡점,굽네치킨,치킨,경기도,시흥시,39.2536,D
growth_alpha_focus,Growth Alpha 강화,ba_10840065,굽네치킨 천안백석점,굽네치킨,치킨,충청남도,천안시,39.2457,D
growth_alpha_focus,Growth Alpha 강화,ba_14805037,굽네치킨&피자 광주퇴촌점,굽네치킨,치킨,경기도,광주시,39.2281,D
growth_alpha_focus,Growth Alpha 강화,ba_14352930,굽네치킨 녹양점,굽네치킨,치킨,경기도,의정부시,39.2268,D
growth_alpha_focus,Growth Alpha 강화,ba_14525748,굽네치킨 지산신장점,굽네치킨,치킨,경기도,평택시,39.2284,D
growth_alpha_focus,Growth Alpha 강화,ba_14662584,굽네치킨&피자 광주퇴촌점,굽네치킨,치킨,경기도,광주시,39.2230,D
growth_alpha_focus,Growth Alpha 강화,ba_14856977,굽네치킨&피자 용산점,굽네치킨,치킨,대구광역시,달서구,39.2213,D
growth_alpha_focus,Growth Alpha 강화,ba_13311793,굽네치킨 연신내점,굽네치킨,치킨,서울특별시,은평구,36.7267,D
growth_alpha_focus,Growth Alpha 강화,ba_14690658,본죽&비빔밥 포항이인지구점,본그룹,백반·죽·국수,경상북도,포항시,31.0293,D
growth_alpha_focus,Growth Alpha 강화,ba_14810724,굽네치킨&피자 동대구해모로점,굽네치킨,치킨,대구광역시,동구,39.1784,D
growth_alpha_focus,Growth Alpha 강화,ba_14481987,굽네치킨 마산점,굽네치킨,치킨,경기도,김포시,39.1648,D
growth_alpha_focus,Growth Alpha 강화,ba_10767741,굽네치킨 후평점,굽네치킨,치킨,강원특별자치도,춘천시,39.1518,D
growth_alpha_focus,Growth Alpha 강화,ba_12029686,굽네치킨 나주혁신도시1호점,굽네치킨,치킨,전라남도,나주시,37.2674,D
growth_alpha_focus,Growth Alpha 강화,ba_14484108,굽네치킨 애막골후평점,굽네치킨,치킨,강원특별자치도,춘천시,39.1518,D
growth_alpha_focus,Growth Alpha 강화,ba_14796881,굽네치킨 안산부곡점,굽네치킨,치킨,경기도,안산시,39.1441,D
growth_alpha_focus,Growth Alpha 강화,ba_14768997,굽네치킨&피자 양벌점,굽네치킨,치킨,경기도,광주시,39.1434,D
growth_alpha_focus,Growth Alpha 강화,ba_14629813,굽네치킨 용인모현점,굽네치킨,치킨,경기도,용인시,39.1390,D
growth_alpha_focus,Growth Alpha 강화,ba_14692368,본죽&비빔밥 제주서귀포동홍점,본그룹,백반·죽·국수,제주특별자치도,서귀포시,30.9525,D
growth_alpha_focus,Growth Alpha 강화,ba_13003575,굽네치킨&피자 여수관문점,굽네치킨,피자,전라남도,여수시,35.1545,D
growth_alpha_focus,Growth Alpha 강화,ba_14759786,굽네치킨&피자 퇴계CGV점,굽네치킨,치킨,강원특별자치도,춘천시,39.0993,D
growth_alpha_focus,Growth Alpha 강화,ba_13228939,본죽 산성역점,본그룹,백반·죽·국수,경기도,성남시,33.8655,D
growth_alpha_focus,Growth Alpha 강화,ba_14692087,본죽&비빔밥 신제주점,본그룹,백반·죽·국수,제주특별자치도,제주시,30.9271,D
growth_alpha_focus,Growth Alpha 강화,ba_14849575,굽네치킨 엄궁점,굽네치킨,치킨,부산광역시,사상구,39.0650,D
growth_alpha_focus,Growth Alpha 강화,ba_13452835,굽네치킨 경남남해점,굽네치킨,치킨,경상남도,남해군,39.0659,D
growth_alpha_focus,Growth Alpha 강화,ba_13574800,굽네치킨 대구신매점,굽네치킨,치킨,대구광역시,수성구,38.5642,D
growth_alpha_focus,Growth Alpha 강화,ba_14691986,본죽&비빔밥 제주삼화점,본그룹,백반·죽·국수,제주특별자치도,제주시,30.9106,D
growth_alpha_focus,Growth Alpha 강화,ba_14597165,굽네피자 역삼2동점,굽네치킨,피자,서울특별시,강남구,33.1653,D
growth_alpha_focus,Growth Alpha 강화,ba_13348011,굽네치킨 하남신장점,굽네치킨,치킨,경기도,하남시,39.0524,D
growth_alpha_focus,Growth Alpha 강화,ba_10620671,굽네치킨 광주백운점,굽네치킨,치킨,광주광역시,남구,39.0464,D
growth_alpha_focus,Growth Alpha 강화,ba_14855934,굽네치킨 동대신점,굽네치킨,치킨,부산광역시,서구,39.0186,D
growth_alpha_focus,Growth Alpha 강화,ba_14711140,본죽&비빔밥 제주삼화점,본그룹,백반·죽·국수,제주특별자치도,제주시,30.8613,D
growth_alpha_focus,Growth Alpha 강화,ba_14711141,본죽&비빔밥 제주삼화점,본그룹,백반·죽·국수,제주특별자치도,제주시,30.8613,D
growth_alpha_focus,Growth Alpha 강화,ba_14687497,본죽 대림점,본그룹,백반·죽·국수,서울특별시,동작구,34.4528,D
growth_alpha_focus,Growth Alpha 강화,ba_14850510,굽네치킨 가야점,굽네치킨,치킨,부산광역시,부산진구,38.9898,D
growth_alpha_focus,Growth Alpha 강화,ba_14691990,본죽&비빔밥 제주아라점,본그룹,백반·죽·국수,제주특별자치도,제주시,30.8338,D
growth_alpha_focus,Growth Alpha 강화,ba_10499851,굽네치킨 대신점,굽네치킨,치킨,부산광역시,서구,38.9462,D
growth_alpha_focus,Growth Alpha 강화,ba_14545829,굽네치킨 임학점,굽네치킨,치킨,인천광역시,계양구,38.9076,D
growth_alpha_focus,Growth Alpha 강화,ba_12027186,굽네치킨&피자 청라1호점,굽네치킨,치킨,인천광역시,서구,38.9088,D
growth_alpha_focus,Growth Alpha 강화,ba_14294656,굽네치킨 청천2동점,굽네치킨,치킨,인천광역시,부평구,38.8927,D
growth_alpha_focus,Growth Alpha 강화,ba_13230824,본죽&비빔밥 가산테라타워점,본그룹,백반·죽·국수,서울특별시,금천구,33.1687,D
growth_alpha_focus,Growth Alpha 강화,ba_14619205,굽네치킨&피자 신현원창점,굽네치킨,치킨,인천광역시,서구,38.8688,D
growth_alpha_focus,Growth Alpha 강화,ba_13056957,굽네치킨 석남점,굽네치킨,치킨,인천광역시,서구,38.8686,D
growth_alpha_focus,Growth Alpha 강화,ba_14730328,본죽&비빔밥 동탄꼬모점,본그룹,백반·죽·국수,경기도,화성시,29.1704,D
growth_alpha_focus,Growth Alpha 강화,ba_14799661,본죽&비빔밥 의정부역점,본그룹,백반·죽·국수,경기도,의정부시,30.5146,D
growth_alpha_focus,Growth Alpha 강화,ba_14688702,본죽&비빔밥 부천춘의점,본그룹,백반·죽·국수,경기도,부천시,30.3796,D
growth_alpha_focus,Growth Alpha 강화,ba_13062668,굽네치킨 포항흥해점,굽네치킨,치킨,경상북도,포항시,33.9823,D
growth_alpha_focus,Growth Alpha 강화,ba_14690672,본죽&비빔밥 김해율하점,본그룹,백반·죽·국수,경상남도,김해시,29.1051,D
growth_alpha_focus,Growth Alpha 강화,ba_14689427,본죽&비빔밥 의정부금오점,본그룹,백반·죽·국수,경기도,의정부시,28.2577,D
growth_alpha_focus,Growth Alpha 강화,ba_14692796,본죽&비빔밥 아산모종점,본그룹,백반·죽·국수,충청남도,아산시,28.1270,D
growth_alpha_focus,Growth Alpha 강화,ba_14689906,본죽 인천간석사거리점,본그룹,백반·죽·국수,인천광역시,남동구,30.1314,D
growth_alpha_focus,Growth Alpha 강화,ba_13972771,굽네피자 광주상무점,굽네치킨,피자,광주광역시,서구,34.7773,D
growth_alpha_focus,Growth Alpha 강화,ba_14239270,굽네피자 대구이곡점,굽네치킨,피자,대구광역시,달서구,34.1689,D
growth_alpha_focus,Growth Alpha 강화,ba_14726738,본죽&비빔밥 해운대센텀역점,본그룹,백반·죽·국수,부산광역시,해운대구,29.3858,D
growth_alpha_focus,Growth Alpha 강화,ba_14456345,본죽&비빔밥 천안두정포레나점,본그룹,백반·죽·국수,충청남도,천안시,27.6194,D
growth_alpha_focus,Growth Alpha 강화,ba_13236481,본죽&비빔밥 포항시외버스터미널점,본그룹,백반·죽·국수,경상북도,포항시,28.0211,D
growth_alpha_focus,Growth Alpha 강화,ba_14691918,본죽&비빔밥 방학도깨비시장점,본그룹,백반·죽·국수,서울특별시,도봉구,30.6985,D
growth_alpha_focus,Growth Alpha 강화,ba_14649303,굽네치킨 계룡대실점,굽네치킨,치킨,충청남도,계룡시,36.3632,D
growth_alpha_focus,Growth Alpha 강화,ba_14691147,본죽&비빔밥 안동성소병원점,본그룹,백반·죽·국수,경상북도,안동시,29.1043,D
growth_alpha_focus,Growth Alpha 강화,ba_14691078,본죽&비빔밥 통영항남점,본그룹,백반·죽·국수,경상남도,통영시,28.4111,D
growth_alpha_focus,Growth Alpha 강화,ba_14392877,본죽&비빔밥 인천석바위점,본그룹,백반·죽·국수,인천광역시,미추홀구,28.3896,D
growth_alpha_focus,Growth Alpha 강화,ba_14593800,굽네피자 광주오포점,굽네치킨,피자,경기도,광주시,36.1238,D
growth_alpha_focus,Growth Alpha 강화,ba_14563145,굽네치킨 경주불국사점,굽네치킨,치킨,경상북도,경주시,31.8834,D
growth_alpha_focus,Growth Alpha 강화,ba_14692434,본죽&비빔밥 천안백석푸르지오점,본그룹,백반·죽·국수,충청남도,천안시,27.4449,D
growth_alpha_focus,Growth Alpha 강화,ba_14533127,본죽&비빔밥 위례창곡점,본그룹,백반·죽·국수,경기도,성남시,28.1940,D
growth_alpha_focus,Growth Alpha 강화,ba_14754395,굽네치킨 구이점,굽네치킨,치킨,전북특별자치도,완주군,36.9366,D
growth_alpha_focus,Growth Alpha 강화,ba_14506800,본죽&비빔밥 율전상률초점,본그룹,백반·죽·국수,경기도,수원시,32.5030,D
growth_alpha_focus,Growth Alpha 강화,ba_14652311,굽네치킨&피자 강남세곡점,굽네치킨,치킨,서울특별시,강남구,34.8761,D
growth_alpha_focus,Growth Alpha 강화,ba_14686856,본죽&비빔밥 부산만덕사거리점,본그룹,백반·죽·국수,부산광역시,북구,27.6565,D
growth_alpha_focus,Growth Alpha 강화,ba_14691904,본죽&비빔밥 울산우정점,본그룹,백반·죽·국수,울산광역시,중구,27.8278,D
growth_alpha_focus,Growth Alpha 강화,ba_14770149,본죽&비빔밥 동탄테크노밸리점,본그룹,백반·죽·국수,경기도,화성시,29.3914,D
growth_alpha_focus,Growth Alpha 강화,ba_13972155,굽네피자 금호점,굽네치킨,피자,광주광역시,서구,33.7338,D
growth_alpha_focus,Growth Alpha 강화,ba_13972595,굽네피자 나주혁신도시1호점,굽네치킨,피자,전라남도,나주시,32.7462,D
growth_alpha_focus,Growth Alpha 강화,ba_13230793,본죽&비빔밥 구로디지털역점,본그룹,백반·죽·국수,서울특별시,구로구,32.8687,D
growth_alpha_focus,Growth Alpha 강화,ba_14108842,굽네치킨 영암점,굽네치킨,치킨,전라남도,영암군,37.6449,D
growth_alpha_focus,Growth Alpha 강화,ba_14274836,굽네피자 운천점,굽네치킨,피자,경기도,포천시,31.0782,D
growth_alpha_focus,Growth Alpha 강화,ba_14690709,본죽&비빔밥 김해진영점,본그룹,백반·죽·국수,경상남도,김해시,31.9910,D
growth_alpha_focus,Growth Alpha 강화,ba_14690909,본죽&비빔밥 마산회원동점,본그룹,백반·죽·국수,경상남도,창원시,28.2016,D
growth_alpha_focus,Growth Alpha 강화,ba_13229960,본죽 창원소답점,본그룹,백반·죽·국수,경상남도,창원시,27.8896,D
growth_alpha_focus,Growth Alpha 강화,ba_14742704,본죽&비빔밥 청주개신점,본그룹,백반·죽·국수,충청북도,청주시,27.0247,D
growth_alpha_focus,Growth Alpha 강화,ba_14607412,굽네치킨&피자 거북섬점,굽네치킨,치킨,경기도,시흥시,37.2837,D
growth_alpha_focus,Growth Alpha 강화,ba_14581501,본죽&비빔밥 동탄한림대병원점,본그룹,백반·죽·국수,경기도,화성시,29.1161,D
growth_alpha_focus,Growth Alpha 강화,ba_13229184,본죽 대구산격점,본그룹,백반·죽·국수,대구광역시,북구,26.5589,D
growth_alpha_focus,Growth Alpha 강화,ba_13977023,굽네피자 삼숭고읍점,굽네치킨,피자,경기도,양주시,30.6110,D
growth_alpha_focus,Growth Alpha 강화,ba_13974075,굽네피자 인계점,굽네치킨,피자,경기도,수원시,31.9466,D
growth_alpha_focus,Growth Alpha 강화,ba_14688115,본죽 산본사거리점,본그룹,백반·죽·국수,경기도,군포시,29.0004,D
growth_alpha_focus,Growth Alpha 강화,ba_14688567,본죽&비빔밥 목동8단지점,본그룹,백반·죽·국수,서울특별시,양천구,31.5951,D
growth_alpha_focus,Growth Alpha 강화,ba_13230502,본죽 화성봉담점,본그룹,백반·죽·국수,경기도,화성시,27.2022,D
growth_alpha_focus,Growth Alpha 강화,ba_14397420,굽네치킨 진해장천점,굽네치킨,치킨,경상남도,창원시,36.5259,D
growth_alpha_focus,Growth Alpha 강화,ba_13224833,본죽 명학역점,본그룹,백반·죽·국수,경기도,안양시,26.2649,D
growth_alpha_focus,Growth Alpha 강화,ba_13233454,본죽 서산읍내동점,본그룹,백반·죽·국수,충청남도,서산시,30.4065,D
growth_alpha_focus,Growth Alpha 강화,ba_14799660,본죽&비빔밥 의정부역점,본그룹,백반·죽·국수,경기도,의정부시,28.7910,D
growth_alpha_focus,Growth Alpha 강화,ba_14690122,본죽&비빔밥 용인죽전사거리도담마을점,본그룹,백반·죽·국수,경기도,용인시,28.8524,D
growth_alpha_focus,Growth Alpha 강화,ba_14629919,굽네피자 양지동점,굽네치킨,피자,경기도,성남시,29.8058,D
growth_alpha_focus,Growth Alpha 강화,ba_13231050,본죽&비빔밥 안산고잔법원점,본그룹,백반·죽·국수,경기도,안산시,25.9756,D
growth_alpha_focus,Growth Alpha 강화,ba_14687347,본죽&비빔밥 둔촌보훈병원점,본그룹,백반·죽·국수,서울특별시,강동구,27.3753,D
growth_alpha_focus,Growth Alpha 강화,ba_13973349,굽네피자 온의퇴계점,굽네치킨,피자,강원특별자치도,춘천시,30.6991,D
growth_alpha_focus,Growth Alpha 강화,ba_13969584,굽네피자 대구대현점,굽네치킨,피자,대구광역시,북구,34.5618,D
growth_alpha_focus,Growth Alpha 강화,ba_14422337,본죽&비빔밥 고양덕은점,본그룹,백반·죽·국수,경기도,고양시,31.1189,D
growth_alpha_focus,Growth Alpha 강화,ba_13234523,본죽&비빔밥 동탄목동점,본그룹,백반·죽·국수,경기도,화성시,26.5677,D
growth_alpha_focus,Growth Alpha 강화,ba_14796355,본죽&비빔밥 남양주퇴계원점,본그룹,백반·죽·국수,경기도,남양주시,28.4751,D
growth_alpha_focus,Growth Alpha 강화,ba_14691997,본죽&비빔밥 부산사상점,본그룹,백반·죽·국수,부산광역시,사상구,27.4617,D
growth_alpha_focus,Growth Alpha 강화,ba_14691262,본죽&비빔밥 대구상인롯데점,본그룹,백반·죽·국수,대구광역시,달서구,28.3851,D
growth_alpha_focus,Growth Alpha 강화,ba_14399330,본죽&비빔밥 대구상인롯데점,본그룹,백반·죽·국수,대구광역시,달서구,28.3829,D
growth_alpha_focus,Growth Alpha 강화,ba_10583009,굽네치킨 광주용봉점,굽네치킨,치킨,광주광역시,북구,33.0375,D
growth_alpha_focus,Growth Alpha 강화,ba_14801139,굽네치킨&피자 율하스타점,굽네치킨,치킨,경상남도,김해시,36.5954,D
growth_alpha_focus,Growth Alpha 강화,ba_13228869,본죽&비빔밥 대전판암점,본그룹,백반·죽·국수,대전광역시,동구,25.8778,D
growth_alpha_focus,Growth Alpha 강화,ba_14687134,본죽 만리점,본그룹,백반·죽·국수,서울특별시,중구,25.4532,D
growth_alpha_focus,Growth Alpha 강화,ba_13260523,본죽＆비빔밥 평택포승점,본그룹,백반·죽·국수,경기도,평택시,29.6369,D
growth_alpha_focus,Growth Alpha 강화,ba_14249441,굽네피자 부산하단점,굽네치킨,피자,부산광역시,사하구,29.0463,D
growth_alpha_focus,Growth Alpha 강화,ba_14341228,굽네피자&치킨 고덕국제점,굽네치킨,피자,경기도,평택시,29.5987,D
growth_alpha_focus,Growth Alpha 강화,ba_14703003,본죽 경남거제옥포점,본그룹,백반·죽·국수,경상남도,거제시,28.0334,D
growth_alpha_focus,Growth Alpha 강화,ba_13223504,본죽&비빔밥 문정법조단지점,본그룹,백반·죽·국수,서울특별시,송파구,27.8664,D
growth_alpha_focus,Growth Alpha 강화,ba_14400680,굽네치킨 영암삼호점,굽네치킨,치킨,전라남도,영암군,30.7743,D
growth_alpha_focus,Growth Alpha 강화,ba_14691145,본죽&비빔밥 구미상모점,본그룹,백반·죽·국수,경상북도,구미시,30.2628,D
growth_alpha_focus,Growth Alpha 강화,ba_14812426,본죽&비빔밥 대전선화점,본그룹,백반·죽·국수,대전광역시,중구,27.8041,D
growth_alpha_focus,Growth Alpha 강화,ba_14812430,본죽&비빔밥 대전선화점,본그룹,백반·죽·국수,대전광역시,중구,27.7862,D
growth_alpha_focus,Growth Alpha 강화,ba_14783436,본죽&비빔밥 마산합포오동점,본그룹,백반·죽·국수,경상남도,창원시,27.4411,D
growth_alpha_focus,Growth Alpha 강화,ba_14762166,본죽&비빔밥 광주북구청점,본그룹,백반·죽·국수,광주광역시,북구,26.4863,D
growth_alpha_focus,Growth Alpha 강화,ba_13233594,본죽 대구진천역점,본그룹,백반·죽·국수,대구광역시,달서구,27.2370,D
growth_alpha_focus,Growth Alpha 강화,ba_10774794,굽네치킨&피자 회덕점,굽네치킨,치킨,경기도,광주시,34.1197,D
growth_alpha_focus,Growth Alpha 강화,ba_13228978,본죽&비빔밥 인천연희연세병원점,본그룹,백반·죽·국수,인천광역시,서구,25.0082,D
growth_alpha_focus,Growth Alpha 강화,ba_14702063,본죽&비빔밥 목동파라곤점,본그룹,백반·죽·국수,서울특별시,양천구,27.1518,D
growth_alpha_focus,Growth Alpha 강화,ba_14831112,본죽&비빔밥 상봉역점,본그룹,백반·죽·국수,서울특별시,중랑구,28.0012,D
growth_alpha_focus,Growth Alpha 강화,ba_14270903,굽네치킨&피자 원미점,굽네치킨,치킨,경기도,부천시,30.4676,D
growth_alpha_focus,Growth Alpha 강화,ba_14841573,본죽&비빔밥 왕십리점,본그룹,백반·죽·국수,서울특별시,성동구,27.8851,D
growth_alpha_focus,Growth Alpha 강화,ba_14688709,본죽&비빔밥 부천순천향병원앞점,본그룹,백반·죽·국수,경기도,부천시,24.1877,D
growth_alpha_focus,Growth Alpha 강화,ba_14831111,본죽&비빔밥 상봉역점,본그룹,백반·죽·국수,서울특별시,중랑구,27.8257,D
growth_alpha_focus,Growth Alpha 강화,ba_14841574,본죽&비빔밥 왕십리점,본그룹,백반·죽·국수,서울특별시,성동구,27.8082,D
growth_alpha_focus,Growth Alpha 강화,ba_13251048,본죽&비빔밥 울산송정점,본그룹,백반·죽·국수,울산광역시,북구,24.2348,D
growth_alpha_focus,Growth Alpha 강화,ba_13207953,본죽&비빔밥 자양동점,본그룹,백반·죽·국수,서울특별시,광진구,27.5243,D
growth_alpha_focus,Growth Alpha 강화,ba_14692056,본죽&비빔밥 자양동점,본그룹,백반·죽·국수,서울특별시,광진구,27.5243,D
growth_alpha_focus,Growth Alpha 강화,ba_14826413,본죽&비빔밥 대림성모점,본그룹,백반·죽·국수,서울특별시,동작구,27.5184,D
growth_alpha_focus,Growth Alpha 강화,ba_14828692,본죽&비빔밥 대림성모점,본그룹,백반·죽·국수,서울특별시,동작구,27.5184,D
growth_alpha_focus,Growth Alpha 강화,ba_13227070,본죽&비빔밥 부산신호점,본그룹,백반·죽·국수,부산광역시,강서구,24.1157,D
growth_alpha_focus,Growth Alpha 강화,ba_14691798,본죽&비빔밥 울산송정점,본그룹,백반·죽·국수,울산광역시,북구,23.9569,D
growth_alpha_focus,Growth Alpha 강화,ba_10698232,굽네치킨&피자 연경점,굽네치킨,치킨,대구광역시,동구,26.3185,D
growth_alpha_focus,Growth Alpha 강화,ba_14798893,본죽&비빔밥 남양주퇴계원점,본그룹,백반·죽·국수,경기도,남양주시,26.5797,D
growth_alpha_focus,Growth Alpha 강화,ba_14691237,본죽 대구황금동점,본그룹,백반·죽·국수,대구광역시,수성구,23.6753,D
growth_alpha_focus,Growth Alpha 강화,ba_14780432,본죽&비빔밥 경기광주태전힐스테이트점,본그룹,백반·죽·국수,경기도,광주시,26.2160,D
growth_alpha_focus,Growth Alpha 강화,ba_14754965,본죽&비빔밥 평택시청점,본그룹,백반·죽·국수,경기도,평택시,23.8841,D
growth_alpha_focus,Growth Alpha 강화,ba_14049107,굽네치킨&피자 송도신도시점,굽네치킨,치킨,인천광역시,연수구,27.1966,D
growth_alpha_focus,Growth Alpha 강화,ba_14248050,굽네치킨&피자 은행선화점,굽네치킨,치킨,대전광역시,중구,28.1363,D
growth_alpha_focus,Growth Alpha 강화,ba_14691864,본죽&비빔밥 부산신호점,본그룹,백반·죽·국수,부산광역시,강서구,23.4008,D
growth_alpha_focus,Growth Alpha 강화,ba_14528476,본죽&비빔밥 인천박촌역점,본그룹,백반·죽·국수,인천광역시,계양구,25.9152,D
growth_alpha_focus,Growth Alpha 강화,ba_14690560,본죽 창원경상대학교병원점,본그룹,백반·죽·국수,경상남도,창원시,29.0433,D
growth_alpha_focus,Growth Alpha 강화,ba_14262149,본죽&비빔밥 용인둔전점,본그룹,백반·죽·국수,경기도,용인시,23.4109,D
growth_alpha_focus,Growth Alpha 강화,ba_14691105,본죽&비빔밥 대전하기동점,본그룹,백반·죽·국수,대전광역시,유성구,23.3728,D
growth_alpha_focus,Growth Alpha 강화,ba_13292835,본죽&비빔밥 대전하기동점,본그룹,백반·죽·국수,대전광역시,유성구,23.3728,D
growth_alpha_focus,Growth Alpha 강화,ba_13182129,본죽 천안순천향병원점,본그룹,백반·죽·국수,충청남도,천안시,24.2405,D
growth_alpha_focus,Growth Alpha 강화,ba_14812126,본죽&비빔밥 가평설악점,본그룹,백반·죽·국수,경기도,가평군,25.6645,D
growth_alpha_focus,Growth Alpha 강화,ba_13182018,본죽&비빔밥 순천중앙점,본그룹,백반·죽·국수,전라남도,순천시,23.6225,D
growth_alpha_focus,Growth Alpha 강화,ba_14690836,본죽&비빔밥 마산내서점,본그룹,백반·죽·국수,경상남도,창원시,23.0874,D
growth_alpha_focus,Growth Alpha 강화,ba_14781731,본죽&비빔밥 하남시청점,본그룹,백반·죽·국수,경기도,하남시,25.3695,D
growth_alpha_focus,Growth Alpha 강화,ba_14691122,본죽 부산기장점,본그룹,백반·죽·국수,부산광역시,기장군,25.4300,D
growth_alpha_focus,Growth Alpha 강화,ba_14691311,본죽 경북왜관점,본그룹,백반·죽·국수,경상북도,칠곡군,25.3548,D
growth_alpha_focus,Growth Alpha 강화,ba_14689893,본죽 양산통도사점,본그룹,백반·죽·국수,경상남도,양산시,25.3084,D
growth_alpha_focus,Growth Alpha 강화,ba_14775582,본죽&비빔밥 시흥배곧한라점,본그룹,백반·죽·국수,경기도,시흥시,25.1997,D
growth_alpha_focus,Growth Alpha 강화,ba_14818313,본죽&비빔밥 대전복수점,본그룹,백반·죽·국수,대전광역시,서구,25.2399,D
growth_alpha_focus,Growth Alpha 강화,ba_14818314,본죽&비빔밥 대전복수점,본그룹,백반·죽·국수,대전광역시,서구,25.2388,D
growth_alpha_focus,Growth Alpha 강화,ba_13976616,굽네피자 여수관문점,굽네치킨,피자,전라남도,여수시,26.1330,D
growth_alpha_focus,Growth Alpha 강화,ba_14691048,본죽&비빔밥 진해자은점,본그룹,백반·죽·국수,경상남도,창원시,25.2026,D
growth_alpha_focus,Growth Alpha 강화,ba_14801362,본죽&비빔밥 청주지웰시티점,본그룹,백반·죽·국수,충청북도,청주시,25.1779,D
growth_alpha_focus,Growth Alpha 강화,ba_14798894,본죽&비빔밥 남양주퇴계원점,본그룹,백반·죽·국수,경기도,남양주시,25.1949,D
growth_alpha_focus,Growth Alpha 강화,ba_14692092,본죽&비빔밥 제주외도점,본그룹,백반·죽·국수,제주특별자치도,제주시,22.6115,D
growth_alpha_focus,Growth Alpha 강화,ba_14689760,본죽&비빔밥 송도퍼스트파크점,본그룹,백반·죽·국수,인천광역시,연수구,25.0456,D
growth_alpha_focus,Growth Alpha 강화,ba_13223141,본죽 일산탄현점,본그룹,백반·죽·국수,경기도,고양시,22.9750,D
growth_alpha_focus,Growth Alpha 강화,ba_13234101,본죽&비빔밥 세종첫마을점,본그룹,백반·죽·국수,세종특별자치시,노을3로,22.6774,D
growth_alpha_focus,Growth Alpha 강화,ba_14687493,본죽&비빔밥 상암DMC점,본그룹,백반·죽·국수,서울특별시,마포구,25.0409,D
growth_alpha_focus,Growth Alpha 강화,ba_14728291,본죽 논산점,본그룹,백반·죽·국수,충청남도,논산시,24.9787,D
growth_alpha_focus,Growth Alpha 강화,ba_14580787,본죽&비빔밥 광주운암벽산점,본그룹,백반·죽·국수,광주광역시,북구,23.1250,D
growth_alpha_focus,Growth Alpha 강화,ba_13229560,본죽 양천구청점,본그룹,백반·죽·국수,서울특별시,양천구,23.3621,D
growth_alpha_focus,Growth Alpha 강화,ba_10418082,굽네치킨 여수관문점,굽네치킨,치킨,전라남도,여수시,28.8707,D
growth_alpha_focus,Growth Alpha 강화,ba_14688345,본죽 수원화서위브하늘채점,본그룹,백반·죽·국수,경기도,수원시,23.4189,D
growth_alpha_focus,Growth Alpha 강화,ba_13237293,본죽 의왕오전점,본그룹,백반·죽·국수,경기도,의왕시,23.9374,D
growth_alpha_focus,Growth Alpha 강화,ba_14675393,굽네치킨 적성점,굽네치킨,치킨,경기도,파주시,27.1381,D
growth_alpha_focus,Growth Alpha 강화,ba_13181699,본죽 김포양곡점,본그룹,백반·죽·국수,경기도,김포시,22.4938,D
growth_alpha_focus,Growth Alpha 강화,ba_14687076,본죽 양천구청점,본그룹,백반·죽·국수,서울특별시,양천구,23.7664,D
growth_alpha_focus,Growth Alpha 강화,ba_14775022,본죽&비빔밥 광혜원점,본그룹,백반·죽·국수,충청북도,진천군,23.8484,D
growth_alpha_focus,Growth Alpha 강화,ba_14688075,본죽 일산탄현점,본그룹,백반·죽·국수,경기도,고양시,21.3630,D
growth_alpha_focus,Growth Alpha 강화,ba_13233581,본죽&비빔밥 진주혁신중앙점,본그룹,백반·죽·국수,경상남도,진주시,22.6943,D
growth_alpha_focus,Growth Alpha 강화,ba_13969607,굽네피자 봉곡사림점,굽네치킨,피자,경상남도,창원시,28.3287,D
growth_alpha_focus,Growth Alpha 강화,ba_14692035,본죽&비빔밥 여수미평점,본그룹,백반·죽·국수,전라남도,여수시,22.4990,D
growth_alpha_focus,Growth Alpha 강화,ba_14786815,본죽&비빔밥 부산남천동점,본그룹,백반·죽·국수,부산광역시,수영구,23.3698,D
growth_alpha_focus,Growth Alpha 강화,ba_13722581,본죽&비빔밥 의왕고천점,본그룹,백반·죽·국수,경기도,의왕시,21.9780,D
growth_alpha_focus,Growth Alpha 강화,ba_14294026,굽네치킨&피자 신안중흥점,굽네치킨,치킨,광주광역시,북구,24.8897,D
growth_alpha_focus,Growth Alpha 강화,ba_14582508,본죽 안산월피동점,본그룹,백반·죽·국수,경기도,안산시,21.6324,D
growth_alpha_focus,Growth Alpha 강화,ba_13235318,본죽&비빔밥 상암DMC점,본그룹,백반·죽·국수,서울특별시,마포구,20.0703,D
growth_alpha_focus,Growth Alpha 강화,ba_13550240,본죽&비빔밥 청주오창2지구점,본그룹,백반·죽·국수,충청북도,청주시,20.7171,D
growth_alpha_focus,Growth Alpha 강화,ba_13225754,본죽&비빔밥 일산라페스타점,본그룹,백반·죽·국수,경기도,고양시,21.2110,D
growth_alpha_focus,Growth Alpha 강화,ba_14689024,본죽&비빔밥 김포장기초당마을점,본그룹,백반·죽·국수,경기도,김포시,23.0519,D
growth_alpha_focus,Growth Alpha 강화,ba_14778684,본죽&비빔밥 대구대천점,본그룹,백반·죽·국수,대구광역시,달서구,22.5982,D
growth_alpha_focus,Growth Alpha 강화,ba_14689416,본죽&비빔밥 수원호매실화홍병원점,본그룹,백반·죽·국수,경기도,수원시,21.8071,D
growth_alpha_focus,Growth Alpha 강화,ba_14793023,본죽&비빔밥 장호원점,본그룹,백반·죽·국수,경기도,이천시,22.0365,D
growth_alpha_focus,Growth Alpha 강화,ba_14688716,본죽&비빔밥 일산식사점,본그룹,백반·죽·국수,경기도,고양시,20.6677,D
growth_alpha_focus,Growth Alpha 강화,ba_13228647,본죽 대전용운점,본그룹,백반·죽·국수,대전광역시,동구,19.9195,D
growth_alpha_focus,Growth Alpha 강화,ba_14691272,본죽 대전비래점,본그룹,백반·죽·국수,대전광역시,대덕구,20.0357,D
growth_alpha_focus,Growth Alpha 강화,ba_14691817,본죽 부산장림점,본그룹,백반·죽·국수,부산광역시,사하구,21.5182,D
growth_alpha_focus,Growth Alpha 강화,ba_13225939,본죽 경남거제옥포점,본그룹,백반·죽·국수,경상남도,거제시,19.5565,D
growth_alpha_focus,Growth Alpha 강화,ba_14702120,본죽&비빔밥 천안풍세점,본그룹,백반·죽·국수,충청남도,천안시,19.0375,D
growth_alpha_focus,Growth Alpha 강화,ba_14689401,본죽&비빔밥 수원호매실역점,본그룹,백반·죽·국수,경기도,수원시,19.0156,D
growth_alpha_focus,Growth Alpha 강화,ba_14688879,본죽 수원대점,본그룹,백반·죽·국수,경기도,화성시,20.1804,D
growth_alpha_focus,Growth Alpha 강화,ba_14456827,본죽&비빔밥 인천동암더샵점,본그룹,백반·죽·국수,인천광역시,부평구,18.7823,D
growth_alpha_focus,Growth Alpha 강화,ba_14691834,본죽 부산고신대병원점,본그룹,백반·죽·국수,부산광역시,서구,20.5355,D
growth_alpha_focus,Growth Alpha 강화,ba_14692077,본죽&비빔밥 진주혁신중앙점,본그룹,백반·죽·국수,경상남도,진주시,19.8350,D
growth_alpha_focus,Growth Alpha 강화,ba_14726741,본죽&비빔밥 대구방촌해안역점,본그룹,백반·죽·국수,대구광역시,동구,18.8775,D
growth_alpha_focus,Growth Alpha 강화,ba_14688483,본죽 동수원점,본그룹,백반·죽·국수,경기도,수원시,18.8515,D
growth_alpha_focus,Growth Alpha 강화,ba_13226546,본죽&비빔밥 부산대학병원점,본그룹,백반·죽·국수,부산광역시,서구,17.9996,D
growth_alpha_focus,Growth Alpha 강화,ba_14692291,본죽 청주하복대점,본그룹,백반·죽·국수,충청북도,청주시,20.1485,D
growth_alpha_focus,Growth Alpha 강화,ba_14688192,본죽 성남신흥동점,본그룹,백반·죽·국수,경기도,성남시,19.3721,D
growth_alpha_focus,Growth Alpha 강화,ba_13651212,본죽&비빔밥 광주금호점,본그룹,백반·죽·국수,광주광역시,서구,19.4643,D
growth_alpha_focus,Growth Alpha 강화,ba_13186079,본죽 오산궐동점,본그룹,백반·죽·국수,경기도,오산시,17.6465,D
growth_alpha_focus,Growth Alpha 강화,ba_14795563,본죽&비빔밥 잠원역점,본그룹,백반·죽·국수,서울특별시,서초구,19.5772,D
growth_alpha_focus,Growth Alpha 강화,ba_13226670,본죽 부산영도점,본그룹,백반·죽·국수,부산광역시,영도구,17.3251,D
growth_alpha_focus,Growth Alpha 강화,ba_13199208,본죽 울주덕신점,본그룹,백반·죽·국수,울산광역시,울주군,18.6092,D
growth_alpha_focus,Growth Alpha 강화,ba_14692383,본죽&비빔밥 울산신정시장점,본그룹,백반·죽·국수,울산광역시,남구,18.8150,D
growth_alpha_focus,Growth Alpha 강화,ba_14435298,본죽&비빔밥 인천부평나누리병원점,본그룹,백반·죽·국수,인천광역시,부평구,17.0062,D
growth_alpha_focus,Growth Alpha 강화,ba_14273436,본죽&비빔밥 거제고현점,본그룹,백반·죽·국수,경상남도,거제시,17.9978,D
growth_alpha_focus,Growth Alpha 강화,ba_14693289,본죽&비빔밥 천안쌍용3동점,본그룹,백반·죽·국수,충청남도,천안시,16.6725,D
growth_alpha_focus,Growth Alpha 강화,ba_14488495,본죽&비빔밥 역촌점,본그룹,백반·죽·국수,서울특별시,은평구,18.7618,D
growth_alpha_focus,Growth Alpha 강화,ba_14691891,본죽&비빔밥 울산성안점,본그룹,백반·죽·국수,울산광역시,중구,18.1890,D
growth_alpha_focus,Growth Alpha 강화,ba_14688905,본죽&비빔밥 고양원당점,본그룹,백반·죽·국수,경기도,고양시,17.7231,D
growth_alpha_focus,Growth Alpha 강화,ba_14691815,본죽 부산다대점,본그룹,백반·죽·국수,부산광역시,사하구,17.7391,D
growth_alpha_focus,Growth Alpha 강화,ba_14470771,본죽&비빔밥 부산동대신역점,본그룹,백반·죽·국수,부산광역시,서구,17.1776,D
growth_alpha_focus,Growth Alpha 강화,ba_14688571,본죽 안산선부점,본그룹,백반·죽·국수,경기도,안산시,14.7863,D
growth_alpha_focus,Growth Alpha 강화,ba_13229858,본죽 창원반송점,본그룹,백반·죽·국수,경상남도,창원시,16.3574,D
growth_alpha_focus,Growth Alpha 강화,ba_14689846,본죽&비빔밥 동탄영천점,본그룹,백반·죽·국수,경기도,화성시,15.6187,D
growth_alpha_focus,Growth Alpha 강화,ba_14691861,본죽&비빔밥 울산역금아드림점,본그룹,백반·죽·국수,울산광역시,울주군,15.3023,D
growth_alpha_focus,Growth Alpha 강화,ba_14277930,본죽&비빔밥 동탄청계점,본그룹,백반·죽·국수,경기도,화성시,14.8470,D
growth_alpha_focus,Growth Alpha 강화,ba_13227659,본죽&비빔밥 부산괴정점,본그룹,백반·죽·국수,부산광역시,사하구,14.8593,D
growth_alpha_focus,Growth Alpha 강화,ba_13228874,본죽&비빔밥 청주성안길점,본그룹,백반·죽·국수,충청북도,청주시,13.9754,D
growth_alpha_focus,Growth Alpha 강화,ba_13181719,본죽&비빔밥 칠곡석적점,본그룹,백반·죽·국수,경상북도,칠곡군,13.8291,D
growth_alpha_focus,Growth Alpha 강화,ba_14694287,본죽&비빔밥 인사동점,본그룹,백반·죽·국수,서울특별시,종로구,13.8129,D
review_focus,리뷰 성장 강화,ba_13248384,본죽&비빔밥 구리인창점,본그룹,백반·죽·국수,경기도,구리시,98.3372,A
review_focus,리뷰 성장 강화,ba_14689004,본죽&비빔밥 산본학원가점,본그룹,백반·죽·국수,경기도,군포시,93.4984,A
review_focus,리뷰 성장 강화,ba_14694390,본죽&비빔밥 평택시청점,본그룹,백반·죽·국수,경기도,평택시,92.4247,A
review_focus,리뷰 성장 강화,ba_14756888,본죽&비빔밥 창원대원점,본그룹,백반·죽·국수,경상남도,창원시,92.2018,A
review_focus,리뷰 성장 강화,ba_14692155,본죽&비빔밥 해운대백병원점,본그룹,백반·죽·국수,부산광역시,해운대구,92.1149,A
review_focus,리뷰 성장 강화,ba_14692232,본죽 아산용화점,본그룹,백반·죽·국수,충청남도,아산시,91.0224,A
review_focus,리뷰 성장 강화,ba_14692455,본죽&비빔밥 천안신불당북부점,본그룹,백반·죽·국수,충청남도,천안시,92.2046,A
review_focus,리뷰 성장 강화,ba_14688738,본죽&비빔밥 분당롯데점,본그룹,백반·죽·국수,경기도,성남시,87.0814,A
review_focus,리뷰 성장 강화,ba_13470236,본죽&비빔밥 신제주점,본그룹,백반·죽·국수,제주특별자치도,제주시,91.3152,A
review_focus,리뷰 성장 강화,ba_13223654,본죽&비빔밥 고양행신역점,본그룹,백반·죽·국수,경기도,고양시,91.0326,A
review_focus,리뷰 성장 강화,ba_14462203,본죽&비빔밥 동대구시장점,본그룹,백반·죽·국수,대구광역시,동구,91.0281,A
review_focus,리뷰 성장 강화,ba_13219951,본죽&비빔밥 순천연향점,본그룹,백반·죽·국수,전라남도,순천시,90.8798,A
review_focus,리뷰 성장 강화,ba_14690680,본죽&비빔밥 김해율하2지구점,본그룹,백반·죽·국수,경상남도,김해시,90.3411,A
review_focus,리뷰 성장 강화,ba_14691080,본죽&비빔밥 대전유성온천역점,본그룹,백반·죽·국수,대전광역시,유성구,90.1992,A
review_focus,리뷰 성장 강화,ba_14690155,본죽&비빔밥 김포걸포점,본그룹,백반·죽·국수,경기도,김포시,88.2574,A
review_focus,리뷰 성장 강화,ba_14691093,본죽&비빔밥 대전노은점,본그룹,백반·죽·국수,대전광역시,유성구,90.3285,A
review_focus,리뷰 성장 강화,ba_14691989,본죽&비빔밥 여천신동아점,본그룹,백반·죽·국수,전라남도,여수시,82.5118,A
review_focus,리뷰 성장 강화,ba_14689003,본죽&비빔밥 구리인창점,본그룹,백반·죽·국수,경기도,구리시,84.4801,A
review_focus,리뷰 성장 강화,ba_14689953,본죽&비빔밥 양주고읍점,본그룹,백반·죽·국수,경기도,양주시,83.8426,A
review_focus,리뷰 성장 강화,ba_14766686,굽네치킨 운정2호점,굽네치킨,피자,경기도,파주시,88.5460,A
review_focus,리뷰 성장 강화,ba_14690630,본죽&비빔밥 포항창포점,본그룹,백반·죽·국수,경상북도,포항시,86.9150,A
review_focus,리뷰 성장 강화,ba_14746052,본죽&비빔밥 포항두호점,본그룹,백반·죽·국수,경상북도,포항시,84.9685,A
review_focus,리뷰 성장 강화,ba_14690722,본죽&비빔밥 광주월곡점,본그룹,백반·죽·국수,광주광역시,광산구,86.4259,A
review_focus,리뷰 성장 강화,ba_14691298,본죽&비빔밥 대전전민동점,본그룹,백반·죽·국수,대전광역시,유성구,88.8700,A
review_focus,리뷰 성장 강화,ba_14758255,굽네치킨&피자 대구송현점,굽네치킨,치킨,대구광역시,달서구,88.7460,A
review_focus,리뷰 성장 강화,ba_14691001,본죽&비빔밥 광주연제점,본그룹,백반·죽·국수,광주광역시,북구,84.1604,A
review_focus,리뷰 성장 강화,ba_14356032,본죽&비빔밥 양평용문점,본그룹,백반·죽·국수,경기도,양평군,86.3743,A
review_focus,리뷰 성장 강화,ba_14692116,본죽&비빔밥 부산수영점,본그룹,백반·죽·국수,부산광역시,수영구,85.5879,A
review_focus,리뷰 성장 강화,ba_14691999,본죽&비빔밥 부산동래점,본그룹,백반·죽·국수,부산광역시,동래구,78.4962,B
review_focus,리뷰 성장 강화,ba_14690712,본죽&비빔밥 광주운남점,본그룹,백반·죽·국수,광주광역시,광산구,77.6106,B
review_focus,리뷰 성장 강화,ba_14690983,본죽&비빔밥 대전송촌점,본그룹,백반·죽·국수,대전광역시,대덕구,85.7415,A
review_focus,리뷰 성장 강화,ba_13228675,본죽&비빔밥 대전전민동점,본그룹,백반·죽·국수,대전광역시,유성구,87.8605,A
review_focus,리뷰 성장 강화,ba_14688100,본죽 구리수택점,본그룹,백반·죽·국수,경기도,구리시,77.2229,B
review_focus,리뷰 성장 강화,ba_14690689,본죽&비빔밥 광주신창점,본그룹,백반·죽·국수,광주광역시,광산구,77.7096,B
review_focus,리뷰 성장 강화,ba_13231481,본죽&비빔밥 광명소하지구점,본그룹,백반·죽·국수,경기도,광명시,78.4276,B
review_focus,리뷰 성장 강화,ba_14757543,굽네치킨&피자 동두천중앙점,굽네치킨,치킨,경기도,동두천시,86.3824,A
review_focus,리뷰 성장 강화,ba_13231157,본죽 수원인계점,본그룹,백반·죽·국수,경기도,수원시,85.1573,A
review_focus,리뷰 성장 강화,ba_14691062,본죽&비빔밥 광주염주화정점,본그룹,백반·죽·국수,광주광역시,서구,75.3747,B
review_focus,리뷰 성장 강화,ba_13683573,본죽&비빔밥 제주아라점,본그룹,백반·죽·국수,제주특별자치도,제주시,86.7172,A
review_focus,리뷰 성장 강화,ba_14335138,굽네치킨&피자 대전비래가양점,굽네치킨,치킨,대전광역시,동구,86.3500,A
review_focus,리뷰 성장 강화,ba_14691173,본죽&비빔밥 대구복현동점,본그룹,백반·죽·국수,대구광역시,북구,81.4241,A
review_focus,리뷰 성장 강화,ba_14692242,본죽&비빔밥 천안쌍용이마트점,본그룹,백반·죽·국수,충청남도,천안시,83.9158,A
review_focus,리뷰 성장 강화,ba_13235500,본죽 의정부회룡역점,본그룹,백반·죽·국수,경기도,의정부시,77.9484,B
review_focus,리뷰 성장 강화,ba_14691120,본죽&비빔밥 대구북구청점,본그룹,백반·죽·국수,대구광역시,북구,86.8178,A
review_focus,리뷰 성장 강화,ba_14743732,본죽&비빔밥 인천오류왕길점,본그룹,백반·죽·국수,인천광역시,서구,79.8706,B
review_focus,리뷰 성장 강화,ba_14688602,본죽&비빔밥 남양주덕소점,본그룹,백반·죽·국수,경기도,남양주시,79.1380,B
review_focus,리뷰 성장 강화,ba_14689448,본죽&비빔밥 이천점,본그룹,백반·죽·국수,경기도,이천시,86.8834,A
review_focus,리뷰 성장 강화,ba_14689809,본죽&비빔밥 안성당왕점,본그룹,백반·죽·국수,경기도,안성시,84.7179,A
review_focus,리뷰 성장 강화,ba_14690057,본죽앤비빔밥 인천검단점,본그룹,백반·죽·국수,인천광역시,서구,78.7231,B
review_focus,리뷰 성장 강화,ba_14742705,본죽&비빔밥 청주개신점,본그룹,백반·죽·국수,충청북도,청주시,76.4949,B
review_focus,리뷰 성장 강화,ba_14691909,본죽&비빔밥 부산정관모전점,본그룹,백반·죽·국수,부산광역시,기장군,86.7583,A
review_focus,리뷰 성장 강화,ba_13235557,본죽 도봉동점,본그룹,백반·죽·국수,서울특별시,도봉구,85.0855,A
review_focus,리뷰 성장 강화,ba_14690587,본죽&비빔밥 포항법원점,본그룹,백반·죽·국수,경상북도,포항시,84.0447,A
review_focus,리뷰 성장 강화,ba_14689382,본죽&비빔밥 수원권선시장점,본그룹,백반·죽·국수,경기도,수원시,75.7277,B
review_focus,리뷰 성장 강화,ba_14757711,굽네치킨&피자 칠금문화점,굽네치킨,치킨,충청북도,충주시,86.1726,A
review_focus,리뷰 성장 강화,ba_14692118,본죽&비빔밥 여수소호점,본그룹,백반·죽·국수,전라남도,여수시,86.1760,A
review_focus,리뷰 성장 강화,ba_14727030,본죽&비빔밥 부산명장역점,본그룹,백반·죽·국수,부산광역시,동래구,73.6747,B
review_focus,리뷰 성장 강화,ba_14692258,본죽 천안쌍용1동점,본그룹,백반·죽·국수,충청남도,천안시,78.1201,B
review_focus,리뷰 성장 강화,ba_14688557,본죽 보정동단국대점,본그룹,백반·죽·국수,경기도,용인시,79.0117,B
review_focus,리뷰 성장 강화,ba_14689904,본죽&비빔밥 안양호계포도원점,본그룹,백반·죽·국수,경기도,안양시,77.5543,B
review_focus,리뷰 성장 강화,ba_14689854,본죽&비빔밥 인천간석홈플러스앞점,본그룹,백반·죽·국수,인천광역시,남동구,77.3882,B
review_focus,리뷰 성장 강화,ba_14689573,본죽&비빔밥 시흥목감역점,본그룹,백반·죽·국수,경기도,시흥시,75.3454,B
review_focus,리뷰 성장 강화,ba_14689645,본죽&비빔밥 병점복합타운점,본그룹,백반·죽·국수,경기도,화성시,75.6905,B
review_focus,리뷰 성장 강화,ba_14689875,본죽 양산물금증산점,본그룹,백반·죽·국수,경상남도,양산시,74.8637,B
review_focus,리뷰 성장 강화,ba_14687344,본죽&비빔밥 쌍문점,본그룹,백반·죽·국수,서울특별시,도봉구,82.7621,A
review_focus,리뷰 성장 강화,ba_14459736,굽네치킨,굽네치킨,치킨,경기도,남양주시,85.6794,A
review_focus,리뷰 성장 강화,ba_13222170,본죽&비빔밥 전북김제점,본그룹,백반·죽·국수,전북특별자치도,김제시,81.6034,A
review_focus,리뷰 성장 강화,ba_14689886,본죽&비빔밥 안양호계사거리점,본그룹,백반·죽·국수,경기도,안양시,74.8812,B
review_focus,리뷰 성장 강화,ba_14688860,본죽&비빔밥 수색DMC점,본그룹,백반·죽·국수,서울특별시,은평구,78.9485,B
review_focus,리뷰 성장 강화,ba_14689766,본죽&비빔밥 인천신포동점,본그룹,백반·죽·국수,인천광역시,중구,76.1644,B
review_focus,리뷰 성장 강화,ba_14690110,본죽&비빔밥 신봉초교점,본그룹,백반·죽·국수,경기도,용인시,75.5601,B
review_focus,리뷰 성장 강화,ba_14688094,본죽 군포지샘병원점,본그룹,백반·죽·국수,경기도,군포시,74.3833,B
review_focus,리뷰 성장 강화,ba_14694148,본죽 통영점,본그룹,백반·죽·국수,경상남도,통영시,76.1940,B
review_focus,리뷰 성장 강화,ba_14689481,본죽&비빔밥 파주운정해오름점,본그룹,백반·죽·국수,경기도,파주시,74.9896,B
review_focus,리뷰 성장 강화,ba_14691958,본죽&비빔밥 부산내성교차로점,본그룹,백반·죽·국수,부산광역시,동래구,70.9276,B
review_focus,리뷰 성장 강화,ba_14691112,본죽 대구방촌점,본그룹,백반·죽·국수,대구광역시,동구,75.8059,B
review_focus,리뷰 성장 강화,ba_14692165,본죽 세종아름점,본그룹,백반·죽·국수,세종특별자치시,보듬3로,76.3293,B
review_focus,리뷰 성장 강화,ba_14692275,본죽&비빔밥 전주객사점,본그룹,백반·죽·국수,전북특별자치도,전주시,77.4168,B
review_focus,리뷰 성장 강화,ba_14690002,본죽 송도센트럴파크점,본그룹,백반·죽·국수,인천광역시,연수구,67.5441,B
review_focus,리뷰 성장 강화,ba_13233115,본죽&비빔밥 대구복현동점,본그룹,백반·죽·국수,대구광역시,북구,72.1969,B
review_focus,리뷰 성장 강화,ba_14690034,본죽&비빔밥 인천검암점,본그룹,백반·죽·국수,인천광역시,서구,71.2096,B
review_focus,리뷰 성장 강화,ba_14689611,본죽&비빔밥 시흥장곡점,본그룹,백반·죽·국수,경기도,시흥시,76.6769,B
review_focus,리뷰 성장 강화,ba_14691077,본죽&비빔밥 대구파티마병원점,본그룹,백반·죽·국수,대구광역시,동구,74.7101,B
review_focus,리뷰 성장 강화,ba_14689115,본죽&비빔밥 양주덕정점,본그룹,백반·죽·국수,경기도,양주시,68.4347,B
review_focus,리뷰 성장 강화,ba_14273972,본죽&비빔밥 단양점,본그룹,백반·죽·국수,충청북도,단양군,81.0238,A
review_focus,리뷰 성장 강화,ba_14691106,본죽&비빔밥 대구동구청점,본그룹,백반·죽·국수,대구광역시,동구,73.0511,B
review_focus,리뷰 성장 강화,ba_14690723,본죽&비빔밥 광주첨단월계점,본그룹,백반·죽·국수,광주광역시,광산구,71.1748,B
review_focus,리뷰 성장 강화,ba_14688114,본죽&비빔밥 신촌점,본그룹,백반·죽·국수,서울특별시,서대문구,80.6407,A
review_focus,리뷰 성장 강화,ba_14448826,본죽&비빔밥 인천검단신도시점,본그룹,백반·죽·국수,인천광역시,서구,74.8965,B
review_focus,리뷰 성장 강화,ba_14647668,본죽&비빔밥 인천간석홈플러스앞점,본그룹,백반·죽·국수,인천광역시,남동구,70.2271,B
review_focus,리뷰 성장 강화,ba_14691857,본죽&비빔밥 부산명지국제중앙점,본그룹,백반·죽·국수,부산광역시,강서구,74.0089,B
review_focus,리뷰 성장 강화,ba_14689890,본죽&비빔밥 구월아시아드점,본그룹,백반·죽·국수,인천광역시,남동구,69.5129,B
review_focus,리뷰 성장 강화,ba_14732026,굽네치킨 부산전포점,굽네치킨,치킨,부산광역시,부산진구,81.6651,A
review_focus,리뷰 성장 강화,ba_14691965,본죽&비빔밥 나주혁신호수공원점,본그룹,백반·죽·국수,전라남도,나주시,76.6171,B
review_focus,리뷰 성장 강화,ba_13199394,본죽&비빔밥 울산야음점,본그룹,백반·죽·국수,울산광역시,남구,69.7243,B
review_focus,리뷰 성장 강화,ba_14691209,본죽&비빔밥 대구두산점,본그룹,백반·죽·국수,대구광역시,수성구,75.1979,B
review_focus,리뷰 성장 강화,ba_14689734,본죽&비빔밥 송도신도시점,본그룹,백반·죽·국수,인천광역시,연수구,70.1205,B
review_focus,리뷰 성장 강화,ba_14687166,본죽&비빔밥 등촌공항대로점,본그룹,백반·죽·국수,서울특별시,강서구,79.4899,B
review_focus,리뷰 성장 강화,ba_14689614,본죽&비빔밥 시흥시화점,본그룹,백반·죽·국수,경기도,시흥시,75.3792,B
review_focus,리뷰 성장 강화,ba_14739745,굽네치킨 감정점,굽네치킨,치킨,경기도,김포시,81.8419,A
review_focus,리뷰 성장 강화,ba_14690992,본죽&비빔밥 대전신탄점,본그룹,백반·죽·국수,대전광역시,대덕구,79.5845,B
review_focus,리뷰 성장 강화,ba_13223520,본죽 신림고시촌점,본그룹,백반·죽·국수,서울특별시,관악구,80.6332,A
review_focus,리뷰 성장 강화,ba_14714062,본죽&비빔밥 파주운정산내마을점,본그룹,백반·죽·국수,경기도,파주시,71.0334,B
review_focus,리뷰 성장 강화,ba_14692326,본죽&비빔밥 제천청전점,본그룹,백반·죽·국수,충청북도,제천시,73.4149,B
review_focus,리뷰 성장 강화,ba_14753110,본죽&비빔밥 청주성화점,본그룹,백반·죽·국수,충청북도,청주시,75.7445,B
review_focus,리뷰 성장 강화,ba_14692505,본죽&비빔밥 울산남목점,본그룹,백반·죽·국수,울산광역시,동구,71.9799,B
review_focus,리뷰 성장 강화,ba_14691361,본죽&비빔밥 경산옥곡점,본그룹,백반·죽·국수,경상북도,경산시,75.7175,B
review_focus,리뷰 성장 강화,ba_14691245,본죽&비빔밥 대구동성로점,본그룹,백반·죽·국수,대구광역시,중구,73.7140,B
review_focus,리뷰 성장 강화,ba_14691277,본죽&비빔밥 대구달서구청점,본그룹,백반·죽·국수,대구광역시,달서구,76.3280,B
review_focus,리뷰 성장 강화,ba_14691130,본죽 부산진역점,본그룹,백반·죽·국수,부산광역시,동구,73.1942,B
review_focus,리뷰 성장 강화,ba_14692482,본죽&비빔밥 충주호암점,본그룹,백반·죽·국수,충청북도,충주시,72.8115,B
review_focus,리뷰 성장 강화,ba_14689750,본죽&비빔밥 안산본오점,본그룹,백반·죽·국수,경기도,안산시,74.3894,B
review_focus,리뷰 성장 강화,ba_14744959,굽네치킨 부산수정점,굽네치킨,치킨,부산광역시,동구,81.0274,A
review_focus,리뷰 성장 강화,ba_13918069,본죽&비빔밥 평택지제점,본그룹,백반·죽·국수,경기도,평택시,80.4941,A
review_focus,리뷰 성장 강화,ba_14688687,본죽&비빔밥 신길점,본그룹,백반·죽·국수,서울특별시,영등포구,76.1300,B
review_focus,리뷰 성장 강화,ba_14690674,본죽&비빔밥 광주신가점,본그룹,백반·죽·국수,광주광역시,광산구,69.4454,B
review_focus,리뷰 성장 강화,ba_14688522,본죽 시흥은행점,본그룹,백반·죽·국수,경기도,시흥시,73.3322,B
review_focus,리뷰 성장 강화,ba_13233576,본죽&비빔밥 당진점,본그룹,백반·죽·국수,충청남도,당진시,71.4422,B
review_focus,리뷰 성장 강화,ba_14625762,본죽&비빔밥 익산부송우남점,본그룹,백반·죽·국수,전북특별자치도,익산시,74.2709,B
review_focus,리뷰 성장 강화,ba_14691801,본죽 부산구남점,본그룹,백반·죽·국수,부산광역시,북구,67.6515,B
review_focus,리뷰 성장 강화,ba_14739746,굽네피자 감정점,굽네치킨,피자,경기도,김포시,81.5146,A
review_focus,리뷰 성장 강화,ba_14694620,본죽&비빔밥 경산신대부적점,본그룹,백반·죽·국수,경상북도,경산시,74.7451,B
review_focus,리뷰 성장 강화,ba_14692022,본죽&비빔밥 여수죽림점,본그룹,백반·죽·국수,전라남도,여수시,69.4244,B
review_focus,리뷰 성장 강화,ba_13223329,본죽&비빔밥 양주덕정점,본그룹,백반·죽·국수,경기도,양주시,66.8333,B
review_focus,리뷰 성장 강화,ba_14627570,본죽&비빔밥 김해안동푸르지오점,본그룹,백반·죽·국수,경상남도,김해시,80.7871,A
review_focus,리뷰 성장 강화,ba_14691943,본죽&비빔밥 순천연향점,본그룹,백반·죽·국수,전라남도,순천시,67.4167,B
review_focus,리뷰 성장 강화,ba_13260584,본죽&비빔밥 광주신창점,본그룹,백반·죽·국수,광주광역시,광산구,63.9245,C
review_focus,리뷰 성장 강화,ba_14703930,본죽 중화역점,본그룹,백반·죽·국수,서울특별시,중랑구,70.8591,B
review_focus,리뷰 성장 강화,ba_10841883,굽네치킨 선부3동점,굽네치킨,치킨,경기도,안산시,79.5361,B
review_focus,리뷰 성장 강화,ba_14688746,본죽&비빔밥 광명소하지구점,본그룹,백반·죽·국수,경기도,광명시,71.1178,B
review_focus,리뷰 성장 강화,ba_14691975,본죽&비빔밥 백양산롯데캐슬점,본그룹,백반·죽·국수,부산광역시,부산진구,71.9212,B
review_focus,리뷰 성장 강화,ba_14687318,본죽&비빔밥 독산정훈단지점,본그룹,백반·죽·국수,서울특별시,금천구,74.1687,B
review_focus,리뷰 성장 강화,ba_14688729,본죽&비빔밥 과천점,본그룹,백반·죽·국수,경기도,과천시,71.1543,B
review_focus,리뷰 성장 강화,ba_14691901,본죽&비빔밥 약사점,본그룹,백반·죽·국수,울산광역시,중구,71.2209,B
review_focus,리뷰 성장 강화,ba_14688848,본죽&비빔밥 연신갈현점,본그룹,백반·죽·국수,서울특별시,은평구,68.8396,B
review_focus,리뷰 성장 강화,ba_14690081,본죽 신곡시장점,본그룹,백반·죽·국수,서울특별시,양천구,72.6596,B
review_focus,리뷰 성장 강화,ba_14727064,본죽&비빔밥 전주혁신도시점,본그룹,백반·죽·국수,전북특별자치도,완주군,70.3431,B
review_focus,리뷰 성장 강화,ba_14691116,본죽&비빔밥 대구칠곡관음점,본그룹,백반·죽·국수,대구광역시,북구,75.0573,B
review_focus,리뷰 성장 강화,ba_14690718,본죽&비빔밥 광주노대점,본그룹,백반·죽·국수,광주광역시,남구,68.0417,B
review_focus,리뷰 성장 강화,ba_13234034,본죽 포항오천점,본그룹,백반·죽·국수,경상북도,포항시,74.8838,B
review_focus,리뷰 성장 강화,ba_14688555,본죽 수원인계점,본그룹,백반·죽·국수,경기도,수원시,71.4141,B
review_focus,리뷰 성장 강화,ba_14692194,본죽&비빔밥 익산영등제일점,본그룹,백반·죽·국수,전북특별자치도,익산시,70.6936,B
review_focus,리뷰 성장 강화,ba_14688197,본죽 인왕산점,본그룹,백반·죽·국수,서울특별시,서대문구,68.9809,B
review_focus,리뷰 성장 강화,ba_14689415,본죽&비빔밥 수원탑동점,본그룹,백반·죽·국수,경기도,수원시,69.2658,B
review_focus,리뷰 성장 강화,ba_14457403,본죽&비빔밥 부산연제점,본그룹,백반·죽·국수,부산광역시,연제구,61.8708,C
review_focus,리뷰 성장 강화,ba_14687119,본죽 성균관대점,본그룹,백반·죽·국수,서울특별시,종로구,69.0970,B
review_focus,리뷰 성장 강화,ba_14690665,본죽&비빔밥 장유신문점,본그룹,백반·죽·국수,경상남도,김해시,67.7188,B
review_focus,리뷰 성장 강화,ba_14688931,본죽&비빔밥 고양덕은점,본그룹,백반·죽·국수,경기도,고양시,69.5970,B
review_focus,리뷰 성장 강화,ba_14691179,본죽&비빔밥 내당삼익뉴타운점,본그룹,백반·죽·국수,대구광역시,서구,69.7613,B
review_focus,리뷰 성장 강화,ba_14691976,본죽&비빔밥 부산전포점,본그룹,백반·죽·국수,부산광역시,부산진구,70.4557,B
review_focus,리뷰 성장 강화,ba_14691401,본죽&비빔밥 대구대학교점,본그룹,백반·죽·국수,경상북도,경산시,79.5557,B
review_focus,리뷰 성장 강화,ba_14691998,본죽&비빔밥 부산엄궁점,본그룹,백반·죽·국수,부산광역시,사상구,70.4057,B
review_focus,리뷰 성장 강화,ba_13973813,굽네피자 선부3동점,굽네치킨,피자,경기도,안산시,73.3478,B
review_focus,리뷰 성장 강화,ba_14692216,본죽&비빔밥 조치원죽림점,본그룹,백반·죽·국수,세종특별자치시,조치원읍,79.0951,B
review_focus,리뷰 성장 강화,ba_14691101,본죽&비빔밥 대구율하점,본그룹,백반·죽·국수,대구광역시,동구,66.4790,B
review_focus,리뷰 성장 강화,ba_14689936,본죽&비빔밥 안양박달점,본그룹,백반·죽·국수,경기도,안양시,67.7976,B
review_focus,리뷰 성장 강화,ba_14692439,본죽&비빔밥 청주오송파라곤점,본그룹,백반·죽·국수,충청북도,청주시,69.2714,B
review_focus,리뷰 성장 강화,ba_14687368,본죽&비빔밥 장안동점,본그룹,백반·죽·국수,서울특별시,동대문구,68.8582,B
review_focus,리뷰 성장 강화,ba_14689757,본죽&비빔밥 인천연수점,본그룹,백반·죽·국수,인천광역시,연수구,67.3643,B
review_focus,리뷰 성장 강화,ba_14691059,본죽 대구세천점,본그룹,백반·죽·국수,대구광역시,달성군,69.2976,B
review_focus,리뷰 성장 강화,ba_14691375,본죽&비빔밥 경산중산점,본그룹,백반·죽·국수,경상북도,경산시,67.5041,B
review_focus,리뷰 성장 강화,ba_14613531,본죽&비빔밥 백양산롯데캐슬점,본그룹,백반·죽·국수,부산광역시,부산진구,74.3914,B
review_focus,리뷰 성장 강화,ba_13230813,본죽&비빔밥 용인물푸레마을점,본그룹,백반·죽·국수,경기도,용인시,79.9104,B
review_focus,리뷰 성장 강화,ba_13539851,굽네치킨 소답점,굽네치킨,치킨,경상남도,창원시,78.6106,B
review_focus,리뷰 성장 강화,ba_14691953,본죽&비빔밥 순천오천점,본그룹,백반·죽·국수,전라남도,순천시,68.2339,B
review_focus,리뷰 성장 강화,ba_14691150,본죽 다사죽곡점,본그룹,백반·죽·국수,대구광역시,달성군,65.9728,B
review_focus,리뷰 성장 강화,ba_14691969,본죽&비빔밥 부산사직점,본그룹,백반·죽·국수,부산광역시,동래구,68.3224,B
review_focus,리뷰 성장 강화,ba_14692121,본죽&비빔밥 부산법조타운점,본그룹,백반·죽·국수,부산광역시,연제구,66.2028,B
review_focus,리뷰 성장 강화,ba_13233856,본죽 세종아름점,본그룹,백반·죽·국수,세종특별자치시,보듬3로,70.4060,B
review_focus,리뷰 성장 강화,ba_13233778,본죽&비빔밥 포항효자점,본그룹,백반·죽·국수,경상북도,포항시,70.1672,B
review_focus,리뷰 성장 강화,ba_14691037,본죽&비빔밥 대전학하점,본그룹,백반·죽·국수,대전광역시,유성구,65.9645,B
review_focus,리뷰 성장 강화,ba_14688088,본죽&비빔밥 대흥역점,본그룹,백반·죽·국수,서울특별시,마포구,67.7672,B
review_focus,리뷰 성장 강화,ba_13596071,본죽&비빔밥 연신갈현점,본그룹,백반·죽·국수,서울특별시,은평구,73.4004,B
review_focus,리뷰 성장 강화,ba_13224710,본죽 안양관양동점,본그룹,백반·죽·국수,경기도,안양시,66.8689,B
review_focus,리뷰 성장 강화,ba_14732355,본죽&비빔밥 속초점,본그룹,백반·죽·국수,강원특별자치도,속초시,66.3761,B
review_focus,리뷰 성장 강화,ba_14688963,본죽 고양점,본그룹,백반·죽·국수,경기도,고양시,69.1982,B
review_focus,리뷰 성장 강화,ba_14688337,본죽&비빔밥 장위뉴타운점,본그룹,백반·죽·국수,서울특별시,성북구,67.5894,B
review_focus,리뷰 성장 강화,ba_14691042,본죽 대구서재점,본그룹,백반·죽·국수,대구광역시,달성군,68.8689,B
review_focus,리뷰 성장 강화,ba_14691269,본죽 대전도마사거리점,본그룹,백반·죽·국수,대전광역시,서구,69.0557,B
review_focus,리뷰 성장 강화,ba_14691005,본죽&비빔밥 광주화정점,본그룹,백반·죽·국수,광주광역시,서구,66.4355,B
review_focus,리뷰 성장 강화,ba_14574885,본죽&비빔밥 청주분평점,본그룹,백반·죽·국수,충청북도,청주시,65.2365,B
review_focus,리뷰 성장 강화,ba_13226530,본죽&비빔밥 목동사거리점,본그룹,백반·죽·국수,서울특별시,양천구,76.5950,B
review_focus,리뷰 성장 강화,ba_14691187,본죽&비빔밥 대구평리뉴타운점,본그룹,백반·죽·국수,대구광역시,서구,71.1536,B
review_focus,리뷰 성장 강화,ba_13472981,굽네피자,굽네치킨,피자,경상북도,상주시,77.9840,B
review_focus,리뷰 성장 강화,ba_14692060,본죽&비빔밥 돌곶이역점,본그룹,백반·죽·국수,서울특별시,성북구,68.5293,B
review_focus,리뷰 성장 강화,ba_14760742,본죽&비빔밥 용인신갈점,본그룹,백반·죽·국수,경기도,용인시,77.6595,B
review_focus,리뷰 성장 강화,ba_14689761,본죽&비빔밥 송도글로벌캠퍼스점,본그룹,백반·죽·국수,인천광역시,연수구,62.2923,C
review_focus,리뷰 성장 강화,ba_14276685,본죽 철원점,본그룹,백반·죽·국수,강원특별자치도,철원군,65.0649,B
review_focus,리뷰 성장 강화,ba_14687335,본죽&비빔밥 광운대역점,본그룹,백반·죽·국수,서울특별시,노원구,64.9729,C
review_focus,리뷰 성장 강화,ba_14691292,본죽&비빔밥 대구신매시장점,본그룹,백반·죽·국수,대구광역시,수성구,67.2224,B
review_focus,리뷰 성장 강화,ba_14687326,본죽&비빔밥 개봉점,본그룹,백반·죽·국수,서울특별시,구로구,70.2001,B
review_focus,리뷰 성장 강화,ba_14352915,본죽&비빔밥 대구다사역점,본그룹,백반·죽·국수,대구광역시,달성군,71.9947,B
review_focus,리뷰 성장 강화,ba_14691036,본죽&비빔밥 대구다사역점,본그룹,백반·죽·국수,대구광역시,달성군,64.1845,C
review_focus,리뷰 성장 강화,ba_14691974,본죽&비빔밥 부산율리점,본그룹,백반·죽·국수,부산광역시,북구,68.2853,B
review_focus,리뷰 성장 강화,ba_13973745,굽네피자 가산점,굽네치킨,피자,서울특별시,금천구,67.7809,B
review_focus,리뷰 성장 강화,ba_14702996,본죽&비빔밥 사당연세사랑병원점,본그룹,백반·죽·국수,서울특별시,서초구,69.0534,B
review_focus,리뷰 성장 강화,ba_14687382,본죽&비빔밥 노량진점,본그룹,백반·죽·국수,서울특별시,동작구,67.3111,B
review_focus,리뷰 성장 강화,ba_14691044,본죽&비빔밥 대구대곡역점,본그룹,백반·죽·국수,대구광역시,달성군,78.8808,B
review_focus,리뷰 성장 강화,ba_14692246,본죽&비빔밥 천안성성점,본그룹,백반·죽·국수,충청남도,천안시,65.6006,B
review_focus,리뷰 성장 강화,ba_14692012,본죽&비빔밥 여수여서점,본그룹,백반·죽·국수,전라남도,여수시,63.4224,C
review_focus,리뷰 성장 강화,ba_13234790,굽네치킨 덕정점,굽네치킨,치킨,경기도,양주시,66.3895,B
review_focus,리뷰 성장 강화,ba_14640352,본죽&비빔밥 광주삼각점,본그룹,백반·죽·국수,광주광역시,북구,65.2119,B
review_focus,리뷰 성장 강화,ba_14690806,본죽&비빔밥 광주백운대성초교점,본그룹,백반·죽·국수,광주광역시,남구,65.2163,B
review_focus,리뷰 성장 강화,ba_14392310,굽네피자 등촌2동점,굽네치킨,피자,서울특별시,강서구,67.1364,B
review_focus,리뷰 성장 강화,ba_13233592,본죽&비빔밥 대구대학교점,본그룹,백반·죽·국수,경상북도,경산시,65.5066,B
review_focus,리뷰 성장 강화,ba_14691344,본죽&비빔밥 경산사동점,본그룹,백반·죽·국수,경상북도,경산시,65.2281,B
review_focus,리뷰 성장 강화,ba_14689610,본죽 동인천점,본그룹,백반·죽·국수,인천광역시,중구,65.1648,B
review_focus,리뷰 성장 강화,ba_14689940,본죽&비빔밥 안양성원점,본그룹,백반·죽·국수,경기도,안양시,61.5564,C
review_focus,리뷰 성장 강화,ba_14688525,본죽 시흥시화병원점,본그룹,백반·죽·국수,경기도,시흥시,63.2669,C
review_focus,리뷰 성장 강화,ba_14688907,본죽&비빔밥 고양행신역점,본그룹,백반·죽·국수,경기도,고양시,65.1205,B
review_focus,리뷰 성장 강화,ba_14504490,본죽&비빔밥 부천순천향병원앞점,본그룹,백반·죽·국수,경기도,부천시,75.8573,B
review_focus,리뷰 성장 강화,ba_14688180,본죽&비빔밥 왕십리뉴타운점,본그룹,백반·죽·국수,서울특별시,성동구,65.3128,B
review_focus,리뷰 성장 강화,ba_14688363,본죽&비빔밥 목동역점,본그룹,백반·죽·국수,서울특별시,양천구,66.5062,B
review_focus,리뷰 성장 강화,ba_14692201,본죽&비빔밥 세종반곡점,본그룹,백반·죽·국수,세종특별자치시,한누리대로,65.4132,B
review_focus,리뷰 성장 강화,ba_14689993,본죽&비빔밥 용인구갈점,본그룹,백반·죽·국수,경기도,용인시,63.3408,C
review_focus,리뷰 성장 강화,ba_14606315,본죽&비빔밥 의정부범골역점,본그룹,백반·죽·국수,경기도,의정부시,76.6882,B
review_focus,리뷰 성장 강화,ba_14694278,본죽&비빔밥 오금동사거리점,본그룹,백반·죽·국수,서울특별시,송파구,66.8463,B
review_focus,리뷰 성장 강화,ba_13243585,본죽&비빔밥 쌍문점,본그룹,백반·죽·국수,서울특별시,도봉구,69.6091,B
review_focus,리뷰 성장 강화,ba_13984579,굽네피자 암사3동점,굽네치킨,피자,서울특별시,강동구,67.6025,B
review_focus,리뷰 성장 강화,ba_14692433,본죽&비빔밥 충주계룡힐스점,본그룹,백반·죽·국수,충청북도,충주시,65.7729,B
review_focus,리뷰 성장 강화,ba_13550181,본죽&비빔밥 양주고읍점,본그룹,백반·죽·국수,경기도,양주시,68.2871,B
review_focus,리뷰 성장 강화,ba_14689756,본죽 경기광주신현점,본그룹,백반·죽·국수,경기도,광주시,62.0928,C
review_focus,리뷰 성장 강화,ba_13249989,굽네치킨 달동점,굽네치킨,치킨,울산광역시,남구,69.0807,B
review_focus,리뷰 성장 강화,ba_10476209,굽네치킨 경남사천점,굽네치킨,치킨,경상남도,사천시,75.3468,B
review_focus,리뷰 성장 강화,ba_14690660,본죽&비빔밥 김해안동푸르지오점,본그룹,백반·죽·국수,경상남도,김해시,62.7758,C
review_focus,리뷰 성장 강화,ba_14690124,본죽&비빔밥 새터마을죽전현대홈타운점,본그룹,백반·죽·국수,경기도,용인시,62.6734,C
review_focus,리뷰 성장 강화,ba_14699201,본죽 전농동점,본그룹,백반·죽·국수,서울특별시,동대문구,66.7731,B
review_focus,리뷰 성장 강화,ba_14720262,굽네치킨 강화온수점,굽네치킨,치킨,인천광역시,강화군,75.4221,B
review_focus,리뷰 성장 강화,ba_13630053,본죽&비빔밥 경남사천점,본그룹,백반·죽·국수,경상남도,사천시,60.6598,C
review_focus,리뷰 성장 강화,ba_14690673,본죽&비빔밥 광주수완점,본그룹,백반·죽·국수,광주광역시,광산구,65.1295,B
review_focus,리뷰 성장 강화,ba_14688924,본죽&비빔밥 서대문역점,본그룹,백반·죽·국수,서울특별시,종로구,64.4385,C
review_focus,리뷰 성장 강화,ba_14654803,본죽&비빔밥 포항이인지구점,본그룹,백반·죽·국수,경상북도,포항시,63.5476,C
review_focus,리뷰 성장 강화,ba_14691996,본죽&비빔밥 부산덕천점,본그룹,백반·죽·국수,부산광역시,북구,65.8297,B
review_focus,리뷰 성장 강화,ba_14690565,본죽 창원중앙동점,본그룹,백반·죽·국수,경상남도,창원시,61.8160,C
review_focus,리뷰 성장 강화,ba_14692211,본죽&비빔밥 세종해밀점,본그룹,백반·죽·국수,세종특별자치시,해밀3로,61.8024,C
review_focus,리뷰 성장 강화,ba_14736683,본죽&비빔밥 신림녹두거리점,본그룹,백반·죽·국수,서울특별시,관악구,67.3843,B
review_focus,리뷰 성장 강화,ba_14712294,본죽&비빔밥 서울대입구역점,본그룹,백반·죽·국수,서울특별시,관악구,64.6815,C
review_focus,리뷰 성장 강화,ba_13230969,본죽&비빔밥 새터마을죽전현대홈타운점,본그룹,백반·죽·국수,경기도,용인시,65.9230,B
review_focus,리뷰 성장 강화,ba_14268780,본죽&비빔밥 세종집현점,본그룹,백반·죽·국수,세종특별자치시,남세종로,59.0150,C
review_focus,리뷰 성장 강화,ba_14688371,본죽&비빔밥 목동사거리점,본그룹,백반·죽·국수,서울특별시,양천구,64.7938,C
review_focus,리뷰 성장 강화,ba_14691088,본죽&비빔밥 경산터미널점,본그룹,백반·죽·국수,경상북도,경산시,60.9024,C
review_focus,리뷰 성장 강화,ba_14719522,본죽&비빔밥 전주혁신도시점,본그룹,백반·죽·국수,전북특별자치도,완주군,63.8829,C
review_focus,리뷰 성장 강화,ba_13752011,굽네치킨 영통2동점,굽네치킨,치킨,경기도,수원시,60.4299,C
review_focus,리뷰 성장 강화,ba_14688656,본죽&비빔밥 문래힐스테이트점,본그룹,백반·죽·국수,서울특별시,영등포구,72.0133,B
review_focus,리뷰 성장 강화,ba_14530939,본죽 경북청도점,본그룹,백반·죽·국수,경상북도,청도군,60.4947,C
review_focus,리뷰 성장 강화,ba_14689485,본죽&비빔밥 수원광교역점,본그룹,백반·죽·국수,경기도,수원시,61.5992,C
review_focus,리뷰 성장 강화,ba_14688559,본죽 용인강남대점,본그룹,백반·죽·국수,경기도,용인시,64.4548,C
review_focus,리뷰 성장 강화,ba_14691155,본죽&비빔밥 대구침산네거리점,본그룹,백반·죽·국수,대구광역시,북구,59.9472,C
review_focus,리뷰 성장 강화,ba_13200219,본죽&비빔밥 안성당왕점,본그룹,백반·죽·국수,경기도,안성시,61.3395,C
review_focus,리뷰 성장 강화,ba_14513076,본죽&비빔밥 광주첨단점,본그룹,백반·죽·국수,광주광역시,광산구,60.4087,C
review_focus,리뷰 성장 강화,ba_14689869,본죽&비빔밥 비산사거리점,본그룹,백반·죽·국수,경기도,안양시,63.4731,C
review_focus,리뷰 성장 강화,ba_13229107,본죽 대덕테크노밸리점,본그룹,백반·죽·국수,대전광역시,유성구,69.8220,B
review_focus,리뷰 성장 강화,ba_13787561,본죽&비빔밥 평택시청점,본그룹,백반·죽·국수,경기도,평택시,66.0077,B
review_focus,리뷰 성장 강화,ba_14441181,굽네치킨 나주빛가람점,굽네치킨,치킨,전라남도,나주시,74.0173,B
review_focus,리뷰 성장 강화,ba_10657170,굽네치킨 가좌1호점,굽네치킨,치킨,인천광역시,서구,66.1176,B
review_focus,리뷰 성장 강화,ba_14251741,굽네치킨 태전점,굽네치킨,치킨,대구광역시,북구,58.2979,C
review_focus,리뷰 성장 강화,ba_10627648,굽네치킨 상주냉림무양점,굽네치킨,치킨,경상북도,상주시,69.3358,B
review_focus,리뷰 성장 강화,ba_14582073,굽네치킨 양주덕계점,굽네치킨,치킨,경기도,양주시,59.7889,C
review_focus,리뷰 성장 강화,ba_10798649,굽네치킨 암사3동점,굽네치킨,치킨,서울특별시,강동구,59.3692,C
review_focus,리뷰 성장 강화,ba_14687333,본죽&비빔밥 석계역점,본그룹,백반·죽·국수,서울특별시,노원구,59.9109,C
review_focus,리뷰 성장 강화,ba_14688582,본죽&비빔밥 오목교역점,본그룹,백반·죽·국수,서울특별시,양천구,61.6728,C
review_focus,리뷰 성장 강화,ba_14691194,본죽&비빔밥 대구법원점,본그룹,백반·죽·국수,대구광역시,수성구,60.1722,C
review_focus,리뷰 성장 강화,ba_14691859,본죽&비빔밥 울산오토밸리점,본그룹,백반·죽·국수,울산광역시,북구,60.3826,C
review_focus,리뷰 성장 강화,ba_14371606,본죽&비빔밥 부산내성교차로점,본그룹,백반·죽·국수,부산광역시,동래구,57.8914,C
review_focus,리뷰 성장 강화,ba_13199864,본죽&비빔밥 울산남목점,본그룹,백반·죽·국수,울산광역시,동구,59.5377,C
review_focus,리뷰 성장 강화,ba_13234089,본죽 세종고운점,본그룹,백반·죽·국수,세종특별자치시,마음로,65.8552,B
review_focus,리뷰 성장 강화,ba_10636817,굽네치킨 양산물금점,굽네치킨,치킨,경상남도,양산시,65.5856,B
review_focus,리뷰 성장 강화,ba_14691270,본죽&비빔밥 대구용산장기점,본그룹,백반·죽·국수,대구광역시,달서구,61.3915,C
review_focus,리뷰 성장 강화,ba_14687340,본죽&비빔밥 방학역점,본그룹,백반·죽·국수,서울특별시,도봉구,60.3935,C
review_focus,리뷰 성장 강화,ba_14691295,본죽&비빔밥 대구월촌역점,본그룹,백반·죽·국수,대구광역시,달서구,60.6721,C
review_focus,리뷰 성장 강화,ba_12015187,굽네피자 길음1동점,굽네치킨,피자,서울특별시,성북구,66.2958,B
review_focus,리뷰 성장 강화,ba_10020109,굽네치킨 부산동삼점,굽네치킨,치킨,부산광역시,영도구,64.7982,C
review_focus,리뷰 성장 강화,ba_14688693,본죽 평촌학원가점,본그룹,백반·죽·국수,경기도,안양시,60.5615,C
review_focus,리뷰 성장 강화,ba_14689101,본죽&비빔밥 강남성심병원점,본그룹,백반·죽·국수,서울특별시,영등포구,62.9313,C
review_focus,리뷰 성장 강화,ba_13219094,본죽&비빔밥 남양주덕소점,본그룹,백반·죽·국수,경기도,남양주시,59.7502,C
review_focus,리뷰 성장 강화,ba_10776500,굽네치킨 가양점,굽네치킨,치킨,서울특별시,강서구,71.8535,B
review_focus,리뷰 성장 강화,ba_13267079,본죽&비빔밥 대전송촌점,본그룹,백반·죽·국수,대전광역시,대덕구,64.0539,C
review_focus,리뷰 성장 강화,ba_14688570,본죽 용인상갈점,본그룹,백반·죽·국수,경기도,용인시,57.8776,C
review_focus,리뷰 성장 강화,ba_14396364,본죽&비빔밥 용인어정역점,본그룹,백반·죽·국수,경기도,용인시,61.1709,C
review_focus,리뷰 성장 강화,ba_14692985,본죽&비빔밥 천안청당점,본그룹,백반·죽·국수,충청남도,천안시,69.7361,B
review_focus,리뷰 성장 강화,ba_14259741,본죽&비빔밥 춘천우두택지점,본그룹,백반·죽·국수,강원특별자치도,춘천시,59.9065,C
review_focus,리뷰 성장 강화,ba_13226851,본죽 부산진역점,본그룹,백반·죽·국수,부산광역시,동구,61.2302,C
review_focus,리뷰 성장 강화,ba_13412065,굽네치킨 신길뉴타운점,굽네치킨,치킨,서울특별시,영등포구,61.2438,C
review_focus,리뷰 성장 강화,ba_14669107,굽네치킨 의정부용현점,굽네치킨,치킨,경기도,의정부시,60.6920,C
review_focus,리뷰 성장 강화,ba_14691089,본죽&비빔밥 대전노은3지구점,본그룹,백반·죽·국수,대전광역시,유성구,58.6087,C
review_focus,리뷰 성장 강화,ba_14332093,굽네피자 금당왕지점,굽네치킨,피자,전라남도,순천시,63.4318,C
review_focus,리뷰 성장 강화,ba_14689608,본죽&비빔밥 평택신장점,본그룹,백반·죽·국수,경기도,평택시,62.8611,C
review_focus,리뷰 성장 강화,ba_13730162,본죽&비빔밥 경산진량점,본그룹,백반·죽·국수,경상북도,경산시,58.6003,C
review_focus,리뷰 성장 강화,ba_14787776,굽네치킨&피자 지제동삭점,굽네치킨,치킨,경기도,평택시,63.1306,C
review_focus,리뷰 성장 강화,ba_13233606,본죽&비빔밥 대구칠곡관음점,본그룹,백반·죽·국수,대구광역시,북구,60.0864,C
review_focus,리뷰 성장 강화,ba_14725627,본죽&비빔밥 가평현리점,본그룹,백반·죽·국수,경기도,가평군,56.7814,C
review_focus,리뷰 성장 강화,ba_14688093,본죽&비빔밥 상암하늘초교점,본그룹,백반·죽·국수,서울특별시,마포구,60.3401,C
review_focus,리뷰 성장 강화,ba_14279612,본죽&비빔밥 부산율리점,본그룹,백반·죽·국수,부산광역시,북구,61.1860,C
review_focus,리뷰 성장 강화,ba_14728444,본죽&비빔밥 속초점,본그룹,백반·죽·국수,강원특별자치도,속초시,58.2269,C
review_focus,리뷰 성장 강화,ba_13977167,굽네피자 연신내점,굽네치킨,피자,서울특별시,은평구,64.9733,C
review_focus,리뷰 성장 강화,ba_13233579,본죽&비빔밥 경산터미널점,본그룹,백반·죽·국수,경상북도,경산시,63.4636,C
review_focus,리뷰 성장 강화,ba_13181957,본죽&비빔밥 천안신불당북부점,본그룹,백반·죽·국수,충청남도,천안시,61.6156,C
review_focus,리뷰 성장 강화,ba_10040685,굽네치킨 창원팔용점,굽네치킨,치킨,경상남도,창원시,62.0191,C
review_focus,리뷰 성장 강화,ba_14658825,굽네치킨 문학점,굽네치킨,치킨,인천광역시,미추홀구,60.0223,C
review_focus,리뷰 성장 강화,ba_14690704,본죽&비빔밥 김해복음병원점,본그룹,백반·죽·국수,경상남도,김해시,67.1777,B
review_focus,리뷰 성장 강화,ba_13228668,본죽&비빔밥 대전유성온천역점,본그룹,백반·죽·국수,대전광역시,유성구,58.0085,C
review_focus,리뷰 성장 강화,ba_14464913,굽네치킨 부산구서점,굽네치킨,치킨,부산광역시,금정구,62.3972,C
review_focus,리뷰 성장 강화,ba_14692549,본죽&비빔밥 안양덕천래미안점,본그룹,백반·죽·국수,경기도,안양시,64.9756,C
review_focus,리뷰 성장 강화,ba_10771255,굽네치킨 제천하소점,굽네치킨,치킨,충청북도,제천시,60.6612,C
review_focus,리뷰 성장 강화,ba_14690053,본죽&비빔밥 동백중앙점,본그룹,백반·죽·국수,경기도,용인시,61.5609,C
review_focus,리뷰 성장 강화,ba_14679019,굽네치킨 울산반구점,굽네치킨,치킨,울산광역시,중구,60.3601,C
review_focus,리뷰 성장 강화,ba_13233587,본죽&비빔밥 나주혁신호수공원점,본그룹,백반·죽·국수,전라남도,나주시,59.9612,C
review_focus,리뷰 성장 강화,ba_13473077,본죽&비빔밥 목포북항점,본그룹,백반·죽·국수,전라남도,목포시,59.4003,C
review_focus,리뷰 성장 강화,ba_14673434,굽네치킨 죽도점,굽네치킨,치킨,경상북도,포항시,62.0667,C
review_focus,리뷰 성장 강화,ba_14616721,본죽&비빔밥 울산오토밸리점,본그룹,백반·죽·국수,울산광역시,북구,57.5836,C
review_focus,리뷰 성장 강화,ba_13436824,본죽&비빔밥 송탄점,본그룹,백반·죽·국수,경기도,평택시,57.6676,C
review_focus,리뷰 성장 강화,ba_14690752,본 죽&비빔밥 양산이마트앞점,본그룹,백반·죽·국수,경상남도,양산시,59.5585,C
review_focus,리뷰 성장 강화,ba_13249105,굽네피자 창원팔용점,굽네치킨,피자,경상남도,창원시,56.4916,C
review_focus,리뷰 성장 강화,ba_13229173,본죽&비빔밥 대구칠곡점,본그룹,백반·죽·국수,대구광역시,북구,57.0690,C
review_focus,리뷰 성장 강화,ba_14694577,본죽&비빔밥 대구동성로중앙점,본그룹,백반·죽·국수,대구광역시,중구,57.3621,C
review_focus,리뷰 성장 강화,ba_13308613,본죽&비빔밥 김포걸포점,본그룹,백반·죽·국수,경기도,김포시,62.4088,C
review_focus,리뷰 성장 강화,ba_14691372,본죽&비빔밥 구미신평비산점,본그룹,백반·죽·국수,경상북도,구미시,71.2306,B
review_focus,리뷰 성장 강화,ba_14691273,본죽&비빔밥 대구성서용산시장점,본그룹,백반·죽·국수,대구광역시,달서구,56.5620,C
review_focus,리뷰 성장 강화,ba_13233726,본죽 다사죽곡점,본그룹,백반·죽·국수,대구광역시,달성군,56.6718,C
review_focus,리뷰 성장 강화,ba_14756889,본죽&비빔밥 창원대원점,본그룹,백반·죽·국수,경상남도,창원시,55.6847,C
review_focus,리뷰 성장 강화,ba_14363013,본죽&비빔밥 광주삼각점,본그룹,백반·죽·국수,광주광역시,북구,57.0785,C
review_focus,리뷰 성장 강화,ba_14690677,본죽&비빔밥 김해어방점,본그룹,백반·죽·국수,경상남도,김해시,59.0664,C
review_focus,리뷰 성장 강화,ba_13265806,본죽&비빔밥 익산영등제일점,본그룹,백반·죽·국수,전북특별자치도,익산시,72.3704,B
review_focus,리뷰 성장 강화,ba_14274675,본죽&비빔밥 충주호암점,본그룹,백반·죽·국수,충청북도,충주시,56.6038,C
review_focus,리뷰 성장 강화,ba_14689007,본죽&비빔밥 김포신곡점,본그룹,백반·죽·국수,경기도,김포시,64.7657,C
review_focus,리뷰 성장 강화,ba_14327700,본죽&비빔밥 부산전포점,본그룹,백반·죽·국수,부산광역시,부산진구,57.4975,C
review_focus,리뷰 성장 강화,ba_14746216,굽네치킨&피자 내수점,굽네치킨,치킨,충청북도,청주시,58.7830,C
review_focus,리뷰 성장 강화,ba_14332090,굽네치킨 금당왕지점,굽네치킨,치킨,전라남도,순천시,57.6743,C
review_focus,리뷰 성장 강화,ba_14645179,본죽&비빔밥 경산임당점,본그룹,백반·죽·국수,경상북도,경산시,58.1150,C
review_focus,리뷰 성장 강화,ba_13224802,본죽&비빔밥 안양박달점,본그룹,백반·죽·국수,경기도,안양시,58.9623,C
review_focus,리뷰 성장 강화,ba_14698364,본죽&비빔밥 청주사창점,본그룹,백반·죽·국수,충청북도,청주시,65.1505,B
review_focus,리뷰 성장 강화,ba_14692190,본죽&비빔밥 세종다정점,본그룹,백반·죽·국수,세종특별자치시,다정중앙로,55.6548,C
review_focus,리뷰 성장 강화,ba_14691829,본죽 부산신평가락타운점,본그룹,백반·죽·국수,부산광역시,사하구,57.7311,C
review_focus,리뷰 성장 강화,ba_13639608,굽네치킨 금호점,굽네치킨,치킨,광주광역시,서구,56.8162,C
review_focus,리뷰 성장 강화,ba_14797390,굽네치킨 수원연무점,굽네치킨,치킨,경기도,수원시,61.6738,C
review_focus,리뷰 성장 강화,ba_13226947,본죽&비빔밥 부산법조타운점,본그룹,백반·죽·국수,부산광역시,연제구,71.1150,B
review_focus,리뷰 성장 강화,ba_14687092,본죽 동부이촌동점,본그룹,백반·죽·국수,서울특별시,용산구,57.0866,C
review_focus,리뷰 성장 강화,ba_14686997,본죽 삼전동점,본그룹,백반·죽·국수,서울특별시,송파구,57.3921,C
review_focus,리뷰 성장 강화,ba_14669109,굽네치킨&피자 의정부용현점,굽네치킨,치킨,경기도,의정부시,59.4581,C
review_focus,리뷰 성장 강화,ba_13584348,굽네치킨 부산개금점,굽네치킨,치킨,부산광역시,부산진구,56.6444,C
review_focus,리뷰 성장 강화,ba_13235535,본죽 의정부낙양점,본그룹,백반·죽·국수,경기도,의정부시,68.5087,B
review_focus,리뷰 성장 강화,ba_14506379,본죽&비빔밥 방학역점,본그룹,백반·죽·국수,서울특별시,도봉구,57.5548,C
review_focus,리뷰 성장 강화,ba_14484534,본죽&비빔밥 산본학원가점,본그룹,백반·죽·국수,경기도,군포시,56.2620,C
review_focus,리뷰 성장 강화,ba_13229152,본죽&비빔밥 부산엄궁점,본그룹,백반·죽·국수,부산광역시,사상구,57.9679,C
review_focus,리뷰 성장 강화,ba_13233578,본죽&비빔밥 대구성당뉴타운점,본그룹,백반·죽·국수,대구광역시,달서구,55.9970,C
review_focus,리뷰 성장 강화,ba_14238012,본죽&비빔밥 안동송현점,본그룹,백반·죽·국수,경상북도,안동시,56.6537,C
review_focus,리뷰 성장 강화,ba_14688173,본죽 구리인창아름마을점,본그룹,백반·죽·국수,경기도,구리시,53.6061,C
review_focus,리뷰 성장 강화,ba_14449139,굽네치킨&피자 용운판암점,굽네치킨,치킨,대전광역시,동구,58.3214,C
review_focus,리뷰 성장 강화,ba_14690378,본죽 오금점,본그룹,백반·죽·국수,서울특별시,송파구,59.6412,C
review_focus,리뷰 성장 강화,ba_14773773,굽네치킨 고덕로데오점,굽네치킨,치킨,경기도,평택시,60.0911,C
review_focus,리뷰 성장 강화,ba_14250328,굽네치킨&피자 인창점,굽네치킨,치킨,경기도,구리시,56.7816,C
review_focus,리뷰 성장 강화,ba_13228520,본죽&비빔밥 성남모란시장점,본그룹,백반·죽·국수,경기도,성남시,70.8335,B
review_focus,리뷰 성장 강화,ba_13232508,본죽&비빔밥 김해어방점,본그룹,백반·죽·국수,경상남도,김해시,61.9959,C
review_focus,리뷰 성장 강화,ba_13379446,굽네치킨&피자 평내점,굽네치킨,치킨,경기도,남양주시,59.3351,C
review_focus,리뷰 성장 강화,ba_14228481,굽네피자 중곡1동점,굽네치킨,피자,서울특별시,광진구,63.3966,C
review_focus,리뷰 성장 강화,ba_14573167,본죽&비빔밥 파주금촌점,본그룹,백반·죽·국수,경기도,파주시,66.2425,B
review_focus,리뷰 성장 강화,ba_14689625,본죽&비빔밥 평택여중사거리점,본그룹,백반·죽·국수,경기도,평택시,56.8122,C
review_focus,리뷰 성장 강화,ba_14772844,굽네치킨&피자 양촌점,굽네치킨,치킨,경기도,김포시,60.9796,C
review_focus,리뷰 성장 강화,ba_13233639,본죽&비빔밥 대구동성로점,본그룹,백반·죽·국수,대구광역시,중구,60.9320,C
review_focus,리뷰 성장 강화,ba_14796833,굽네치킨&피자 성황골약점,굽네치킨,치킨,전라남도,광양시,61.0597,C
review_focus,리뷰 성장 강화,ba_13305413,본죽&비빔밥 사당연세사랑병원점,본그룹,백반·죽·국수,서울특별시,서초구,60.0914,C
review_focus,리뷰 성장 강화,ba_14689387,본죽&비빔밥 성남금광점,본그룹,백반·죽·국수,경기도,성남시,57.2218,C
review_focus,리뷰 성장 강화,ba_13232110,본죽&비빔밥 부산토곡점,본그룹,백반·죽·국수,부산광역시,연제구,53.6013,C
review_focus,리뷰 성장 강화,ba_14325499,본죽&비빔밥 충주계룡힐스점,본그룹,백반·죽·국수,충청북도,충주시,55.6637,C
review_focus,리뷰 성장 강화,ba_14796835,굽네치킨 모라점,굽네치킨,치킨,부산광역시,사상구,60.9780,C
review_focus,리뷰 성장 강화,ba_13168465,본죽&비빔밥 약사점,본그룹,백반·죽·국수,울산광역시,중구,53.5942,C
review_focus,리뷰 성장 강화,ba_13477857,본죽&비빔밥 논산내동점,본그룹,백반·죽·국수,충청남도,논산시,62.3167,C
review_focus,리뷰 성장 강화,ba_14741847,굽네치킨 거제아시아드점,굽네치킨,치킨,부산광역시,연제구,57.9910,C
review_focus,리뷰 성장 강화,ba_14695006,본죽 안양관양동점,본그룹,백반·죽·국수,경기도,안양시,55.6231,C
review_focus,리뷰 성장 강화,ba_13085339,굽네치킨&피자 가양점,굽네치킨,피자,서울특별시,강서구,63.6561,C
review_focus,리뷰 성장 강화,ba_14688108,본죽&비빔밥 중앙대점,본그룹,백반·죽·국수,서울특별시,동작구,57.4580,C
review_focus,리뷰 성장 강화,ba_14789833,굽네치킨&피자 순천풍덕점,굽네치킨,치킨,전라남도,순천시,60.3218,C
review_focus,리뷰 성장 강화,ba_14643477,본죽&비빔밥 대구신매시장점,본그룹,백반·죽·국수,대구광역시,수성구,56.1444,C
review_focus,리뷰 성장 강화,ba_14747382,굽네치킨&피자 양주광적점,굽네치킨,치킨,경기도,양주시,59.7787,C
review_focus,리뷰 성장 강화,ba_14267053,굽네치킨&피자 마장점,굽네치킨,치킨,경기도,이천시,56.9699,C
review_focus,리뷰 성장 강화,ba_10497667,굽네치킨 온의퇴계점,굽네치킨,치킨,강원특별자치도,춘천시,56.4932,C
review_focus,리뷰 성장 강화,ba_14688707,본죽 명학역점,본그룹,백반·죽·국수,경기도,안양시,59.9274,C
review_focus,리뷰 성장 강화,ba_14525069,굽네치킨 다산중앙점,굽네치킨,치킨,경기도,남양주시,62.1770,C
review_focus,리뷰 성장 강화,ba_14691084,본죽&비빔밥 대전죽동점,본그룹,백반·죽·국수,대전광역시,유성구,53.3962,C
review_focus,리뷰 성장 강화,ba_10706208,굽네치킨 부산우동점,굽네치킨,치킨,부산광역시,해운대구,54.4469,C
review_focus,리뷰 성장 강화,ba_14663126,굽네치킨 통영죽림점,굽네치킨,치킨,경상남도,통영시,60.4460,C
review_focus,리뷰 성장 강화,ba_14700213,본죽&비빔밥 김포마산점,본그룹,백반·죽·국수,경기도,김포시,61.9678,C
review_focus,리뷰 성장 강화,ba_14688982,본죽&비빔밥 군포당정동점,본그룹,백반·죽·국수,경기도,군포시,58.2207,C
review_focus,리뷰 성장 강화,ba_14548743,굽네치킨 다산가운지금점,굽네치킨,치킨,경기도,남양주시,56.3223,C
review_focus,리뷰 성장 강화,ba_13233554,본죽 대구서재점,본그룹,백반·죽·국수,대구광역시,달성군,52.9160,C
review_focus,리뷰 성장 강화,ba_14691908,본죽&비빔밥 부경대경성대점,본그룹,백반·죽·국수,부산광역시,남구,57.9603,C
review_focus,리뷰 성장 강화,ba_14688196,본죽 홍제점,본그룹,백반·죽·국수,서울특별시,서대문구,53.8094,C
review_focus,리뷰 성장 강화,ba_13230921,본죽&비빔밥 문래홈플러스점,본그룹,백반·죽·국수,서울특별시,영등포구,60.9448,C
review_focus,리뷰 성장 강화,ba_13228453,본죽&비빔밥 부산명지국제중앙점,본그룹,백반·죽·국수,부산광역시,강서구,55.5028,C
review_focus,리뷰 성장 강화,ba_14689441,본죽&비빔밥 이천마장점,본그룹,백반·죽·국수,경기도,이천시,62.7324,C
review_focus,리뷰 성장 강화,ba_14690050,본죽&비빔밥 검단파라곤센트럴점,본그룹,백반·죽·국수,인천광역시,서구,61.0165,C
review_focus,리뷰 성장 강화,ba_13233688,본죽 대구세천점,본그룹,백반·죽·국수,대구광역시,달성군,51.6533,C
review_focus,리뷰 성장 강화,ba_14799629,굽네치킨 수원신동점,굽네치킨,치킨,경기도,수원시,60.2061,C
review_focus,리뷰 성장 강화,ba_13596730,굽네치킨 대구혁신점,굽네치킨,치킨,대구광역시,동구,63.0449,C
review_focus,리뷰 성장 강화,ba_10597203,굽네치킨 광주상무점,굽네치킨,치킨,광주광역시,서구,58.5566,C
review_focus,리뷰 성장 강화,ba_13223538,본죽&비빔밥 인천신포동점,본그룹,백반·죽·국수,인천광역시,중구,54.6678,C
review_focus,리뷰 성장 강화,ba_10774000,굽네치킨 울산삼산점,굽네치킨,치킨,울산광역시,남구,57.0359,C
review_focus,리뷰 성장 강화,ba_14687322,본죽&비빔밥 구의시장점,본그룹,백반·죽·국수,서울특별시,광진구,54.9535,C
review_focus,리뷰 성장 강화,ba_14629918,굽네치킨 양지동점,굽네치킨,치킨,경기도,성남시,62.3025,C
review_focus,리뷰 성장 강화,ba_14772060,굽네치킨&피자 천호1동점,굽네치킨,치킨,서울특별시,강동구,59.4639,C
review_focus,리뷰 성장 강화,ba_13233212,본죽 통영점,본그룹,백반·죽·국수,경상남도,통영시,55.9869,C
review_focus,리뷰 성장 강화,ba_13234188,본죽&비빔밥 경산중산점,본그룹,백반·죽·국수,경상북도,경산시,54.4422,C
review_focus,리뷰 성장 강화,ba_14360458,본죽&비빔밥 충북오송점,본그룹,백반·죽·국수,충청북도,청주시,56.6172,C
review_focus,리뷰 성장 강화,ba_14780115,굽네치킨&피자 부사문창점,굽네치킨,치킨,대전광역시,중구,58.6376,C
review_focus,리뷰 성장 강화,ba_13928548,굽네치킨&피자 성남용전점,굽네치킨,치킨,대전광역시,동구,56.4523,C
review_focus,리뷰 성장 강화,ba_14689545,본죽&비빔밥 파주야당역점,본그룹,백반·죽·국수,경기도,파주시,58.6787,C
review_focus,리뷰 성장 강화,ba_14688751,본죽&비빔밥 여의도역점,본그룹,백반·죽·국수,서울특별시,영등포구,54.3509,C
review_focus,리뷰 성장 강화,ba_14692212,본죽&비빔밥 세종대평점,본그룹,백반·죽·국수,세종특별자치시,한누리대로,54.1239,C
review_focus,리뷰 성장 강화,ba_14789844,굽네치킨 부산우2동점,굽네치킨,치킨,부산광역시,해운대구,58.7237,C
review_focus,리뷰 성장 강화,ba_14256619,본죽&비빔밥 비산사거리점,본그룹,백반·죽·국수,경기도,안양시,60.2312,C
review_focus,리뷰 성장 강화,ba_14691791,본죽 부산숙등역부민병원점,본그룹,백반·죽·국수,부산광역시,북구,54.6359,C
review_focus,리뷰 성장 강화,ba_14688765,본죽&비빔밥 영등포시장역점,본그룹,백반·죽·국수,서울특별시,영등포구,58.6343,C
review_focus,리뷰 성장 강화,ba_10759478,굽네치킨 남목점,굽네치킨,치킨,울산광역시,동구,57.5148,C
review_focus,리뷰 성장 강화,ba_14456826,본죽&비빔밥 청주오송파라곤점,본그룹,백반·죽·국수,충청북도,청주시,53.7057,C
review_focus,리뷰 성장 강화,ba_14653291,굽네피자 울산중앙점,굽네치킨,피자,울산광역시,중구,54.9062,C
review_focus,리뷰 성장 강화,ba_14541579,굽네치킨 킨텍스호수공원점,굽네치킨,치킨,경기도,고양시,55.4300,C
review_focus,리뷰 성장 강화,ba_14228480,굽네치킨 중곡1동점,굽네치킨,치킨,서울특별시,광진구,53.5272,C
review_focus,리뷰 성장 강화,ba_13231795,본죽&비빔밥 인천간석남부역점,본그룹,백반·죽·국수,인천광역시,남동구,64.0558,C
review_focus,리뷰 성장 강화,ba_13539979,본죽&비빔밥 대전신탄점,본그룹,백반·죽·국수,대전광역시,대덕구,54.5299,C
review_focus,리뷰 성장 강화,ba_10040679,굽네치킨 칠암망경점,굽네치킨,치킨,경상남도,진주시,56.2961,C
review_focus,리뷰 성장 강화,ba_13227543,본죽&비빔밥 부경대경성대점,본그룹,백반·죽·국수,부산광역시,남구,58.6983,C
review_focus,리뷰 성장 강화,ba_13237700,본죽&비빔밥 김해내외동점,본그룹,백반·죽·국수,경상남도,김해시,55.1656,C
review_focus,리뷰 성장 강화,ba_13236584,본죽 군포당동점,본그룹,백반·죽·국수,경기도,군포시,61.4793,C
review_focus,리뷰 성장 강화,ba_14775877,굽네치킨&피자 세종아름점,굽네치킨,치킨,세종특별자치시,세종로,59.0298,C
review_focus,리뷰 성장 강화,ba_14743271,본죽&비빔밥 안양석수점,본그룹,백반·죽·국수,경기도,안양시,58.8090,C
review_focus,리뷰 성장 강화,ba_14788494,굽네치킨 경화태백점,굽네치킨,치킨,경상남도,창원시,58.8908,C
review_focus,리뷰 성장 강화,ba_14687327,본죽&비빔밥 시흥사거리점,본그룹,백반·죽·국수,서울특별시,금천구,54.3819,C
review_focus,리뷰 성장 강화,ba_14249433,굽네치킨 부산하단점,굽네치킨,치킨,부산광역시,사하구,54.0876,C
review_focus,리뷰 성장 강화,ba_14336642,굽네치킨&피자 상대원점,굽네치킨,치킨,경기도,성남시,55.7789,C
review_focus,리뷰 성장 강화,ba_14783596,굽네치킨 사상역점,굽네치킨,치킨,부산광역시,사상구,58.6388,C
review_focus,리뷰 성장 강화,ba_13231958,본죽 송도센트럴파크점,본그룹,백반·죽·국수,인천광역시,연수구,57.2356,C
review_focus,리뷰 성장 강화,ba_14773140,굽네치킨 효자중화산1호점,굽네치킨,치킨,전북특별자치도,전주시,58.2618,C
review_focus,리뷰 성장 강화,ba_10469515,굽네치킨&피자 성서계명대점,굽네치킨,치킨,대구광역시,달서구,55.5812,C
review_focus,리뷰 성장 강화,ba_14695290,본죽&비빔밥 용산센트럴점,본그룹,백반·죽·국수,서울특별시,용산구,53.7648,C
review_focus,리뷰 성장 강화,ba_14773135,본죽&비빔밥 용인보라점,본그룹,백반·죽·국수,경기도,용인시,59.0106,C
review_focus,리뷰 성장 강화,ba_10872945,굽네치킨 대구대현점,굽네치킨,치킨,대구광역시,북구,62.7821,C
review_focus,리뷰 성장 강화,ba_14783137,굽네치킨 포천이동점,굽네치킨,치킨,경기도,포천시,58.9988,C
review_focus,리뷰 성장 강화,ba_14688182,본죽 수내푸른마을점,본그룹,백반·죽·국수,경기도,성남시,56.5144,C
review_focus,리뷰 성장 강화,ba_14782170,굽네치킨 수산점,굽네치킨,치킨,경상남도,밀양시,58.4631,C
review_focus,리뷰 성장 강화,ba_14528412,굽네피자 봉동점,굽네치킨,피자,전북특별자치도,완주군,53.9164,C
review_focus,리뷰 성장 강화,ba_14739815,굽네치킨&피자 신창신가점,굽네치킨,치킨,광주광역시,광산구,54.8417,C
review_focus,리뷰 성장 강화,ba_13973901,굽네피자 강원횡성점,굽네치킨,피자,강원특별자치도,횡성군,61.3014,C
review_focus,리뷰 성장 강화,ba_14782523,굽네치킨&피자 동부산오시리아점,굽네치킨,치킨,부산광역시,기장군,57.9383,C
review_focus,리뷰 성장 강화,ba_14689454,본죽&비빔밥 광교아브뉴프랑점,본그룹,백반·죽·국수,경기도,수원시,56.5262,C
review_focus,리뷰 성장 강화,ba_14692459,본죽&비빔밥 천안불당점,본그룹,백반·죽·국수,충청남도,천안시,57.5529,C
review_focus,리뷰 성장 강화,ba_14736681,본죽&비빔밥 신림녹두거리점,본그룹,백반·죽·국수,서울특별시,관악구,54.5711,C
review_focus,리뷰 성장 강화,ba_14767932,본죽&비빔밥 신중동점,본그룹,백반·죽·국수,경기도,부천시,58.7617,C
review_focus,리뷰 성장 강화,ba_13451078,본죽&비빔밥 김포신곡점,본그룹,백반·죽·국수,경기도,김포시,59.0493,C
review_focus,리뷰 성장 강화,ba_14689472,본죽&비빔밥 수원율전점,본그룹,백반·죽·국수,경기도,수원시,59.3269,C
review_focus,리뷰 성장 강화,ba_14593720,굽네치킨&피자 무주읍점,굽네치킨,치킨,전북특별자치도,무주군,56.8038,C
review_focus,리뷰 성장 강화,ba_13313413,굽네치킨&피자 대전도마점,굽네치킨,치킨,대전광역시,서구,57.5925,C
review_focus,리뷰 성장 강화,ba_10022124,굽네치킨 삼산2동점,굽네치킨,치킨,인천광역시,부평구,53.7921,C
review_focus,리뷰 성장 강화,ba_13223711,본죽&비빔밥 중앙대점,본그룹,백반·죽·국수,서울특별시,동작구,53.3154,C
review_focus,리뷰 성장 강화,ba_13233457,본죽&비빔밥 대구용산장기점,본그룹,백반·죽·국수,대구광역시,달서구,53.6177,C
review_focus,리뷰 성장 강화,ba_14782607,굽네치킨 경산중방점,굽네치킨,치킨,경상북도,경산시,57.0994,C
review_focus,리뷰 성장 강화,ba_14782074,굽네치킨 관음점,굽네치킨,치킨,대구광역시,북구,57.5262,C
review_focus,리뷰 성장 강화,ba_14578524,굽네치킨 세천점,굽네치킨,치킨,대구광역시,달성군,55.4359,C
review_focus,리뷰 성장 강화,ba_14458025,굽네치킨 울산공업탑점,굽네치킨,치킨,울산광역시,남구,56.6796,C
review_focus,리뷰 성장 강화,ba_14791302,굽네치킨 초읍점,굽네치킨,치킨,부산광역시,부산진구,57.2586,C
review_focus,리뷰 성장 강화,ba_14625157,굽네치킨 금촌점,굽네치킨,치킨,경기도,파주시,54.8634,C
review_focus,리뷰 성장 강화,ba_14248059,굽네치킨 은행선화점,굽네치킨,치킨,대전광역시,중구,53.0074,C
review_focus,리뷰 성장 강화,ba_13769748,굽네치킨 괴산점,굽네치킨,치킨,충청북도,괴산군,54.9027,C
review_focus,리뷰 성장 강화,ba_14691949,본죽&비빔밥 부산범일점,본그룹,백반·죽·국수,부산광역시,동구,55.0593,C
review_focus,리뷰 성장 강화,ba_14721018,굽네치킨&피자 대구서재점,굽네치킨,치킨,대구광역시,달성군,54.2595,C
review_focus,리뷰 성장 강화,ba_14691172,본죽 대구산격점,본그룹,백반·죽·국수,대구광역시,북구,55.6794,C
review_focus,리뷰 성장 강화,ba_14692551,본죽&비빔밥 당산점,본그룹,백반·죽·국수,서울특별시,영등포구,51.0111,C
review_focus,리뷰 성장 강화,ba_13504506,본죽&비빔밥 세종반곡점,본그룹,백반·죽·국수,세종특별자치시,한누리대로,50.5801,C
review_focus,리뷰 성장 강화,ba_10432360,굽네치킨 영주휴천점,굽네치킨,치킨,경상북도,영주시,54.7743,C
review_focus,리뷰 성장 강화,ba_14688728,본죽&비빔밥 판교역점,본그룹,백반·죽·국수,경기도,성남시,53.7847,C
review_focus,리뷰 성장 강화,ba_14694670,본죽&비빔밥 충무로역점,본그룹,백반·죽·국수,서울특별시,중구,54.2070,C
review_focus,리뷰 성장 강화,ba_14688631,본죽&비빔밥 부천소새울역점,본그룹,백반·죽·국수,경기도,부천시,54.8111,C
review_focus,리뷰 성장 강화,ba_14690086,본죽&비빔밥 수지상현점,본그룹,백반·죽·국수,경기도,용인시,53.5797,C
review_focus,리뷰 성장 강화,ba_14270904,굽네치킨 원미점,굽네치킨,치킨,경기도,부천시,52.9186,C
review_focus,리뷰 성장 강화,ba_14687350,본죽&비빔밥 구로구청점,본그룹,백반·죽·국수,서울특별시,구로구,55.3527,C
review_focus,리뷰 성장 강화,ba_10841421,굽네치킨 인계점,굽네치킨,치킨,경기도,수원시,51.3235,C
review_focus,리뷰 성장 강화,ba_14740022,굽네치킨 신봉점,굽네치킨,치킨,경기도,용인시,54.6457,C
review_focus,리뷰 성장 강화,ba_14729159,굽네치킨 원대자이점,굽네치킨,치킨,대구광역시,서구,59.0134,C
review_focus,리뷰 성장 강화,ba_13228878,본죽 대전도마사거리점,본그룹,백반·죽·국수,대전광역시,서구,50.7549,C
review_focus,리뷰 성장 강화,ba_14798760,굽네치킨&피자 도래울점,굽네치킨,치킨,경기도,고양시,57.2184,C
review_focus,리뷰 성장 강화,ba_14575172,굽네치킨 좌4동점,굽네치킨,치킨,부산광역시,해운대구,54.0185,C
review_focus,리뷰 성장 강화,ba_10750970,굽네치킨 청주강서지구점,굽네치킨,치킨,충청북도,청주시,52.8335,C
review_focus,리뷰 성장 강화,ba_13233463,본죽&비빔밥 대구북구청점,본그룹,백반·죽·국수,대구광역시,북구,50.8988,C
review_focus,리뷰 성장 강화,ba_13230834,본죽&비빔밥 송도신도시점,본그룹,백반·죽·국수,인천광역시,연수구,57.1642,C
review_focus,리뷰 성장 강화,ba_14390691,본죽&비빔밥 경산옥곡점,본그룹,백반·죽·국수,경상북도,경산시,52.0896,C
review_focus,리뷰 성장 강화,ba_14599973,굽네치킨 파주법원점,굽네치킨,치킨,경기도,파주시,52.6519,C
review_focus,리뷰 성장 강화,ba_13612153,본죽&비빔밥 철산역점,본그룹,백반·죽·국수,경기도,광명시,54.9462,C
review_focus,리뷰 성장 강화,ba_14760741,본죽&비빔밥 용인신갈점,본그룹,백반·죽·국수,경기도,용인시,57.5350,C
review_focus,리뷰 성장 강화,ba_14689409,본죽&비빔밥 수원권선롯데마트점,본그룹,백반·죽·국수,경기도,수원시,53.7844,C
review_focus,리뷰 성장 강화,ba_14690695,본죽&비빔밥 김해구산점,본그룹,백반·죽·국수,경상남도,김해시,58.9504,C
review_focus,리뷰 성장 강화,ba_13235588,본죽 성균관대점,본그룹,백반·죽·국수,서울특별시,종로구,50.7540,C
review_focus,리뷰 성장 강화,ba_13230879,본죽&비빔밥 강남성심병원점,본그룹,백반·죽·국수,서울특별시,영등포구,64.9546,C
review_focus,리뷰 성장 강화,ba_14654080,굽네치킨 부산명장점,굽네치킨,치킨,부산광역시,동래구,52.0219,C
review_focus,리뷰 성장 강화,ba_14700905,본죽&비빔밥 호탄점,본그룹,백반·죽·국수,경상남도,진주시,55.9102,C
review_focus,리뷰 성장 강화,ba_14719554,본죽&비빔밥 파주금릉역점,본그룹,백반·죽·국수,경기도,파주시,54.7066,C
review_focus,리뷰 성장 강화,ba_14603467,본죽&비빔밥 천안불당점,본그룹,백반·죽·국수,충청남도,천안시,54.0457,C
review_focus,리뷰 성장 강화,ba_14691894,본죽 광양마동점,본그룹,백반·죽·국수,전라남도,광양시,60.4875,C
review_focus,리뷰 성장 강화,ba_14689855,본죽&비빔밥 안양동편마을점,본그룹,백반·죽·국수,경기도,안양시,52.5236,C
review_focus,리뷰 성장 강화,ba_14260091,굽네치킨 부평역점,굽네치킨,치킨,인천광역시,부평구,51.5212,C
review_focus,리뷰 성장 강화,ba_13230838,본죽&비빔밥 시흥사거리점,본그룹,백반·죽·국수,서울특별시,금천구,52.0206,C
review_focus,리뷰 성장 강화,ba_14690154,본죽&비빔밥 대화역점,본그룹,백반·죽·국수,경기도,고양시,51.8151,C
review_focus,리뷰 성장 강화,ba_14691813,본죽&비빔밥 울산호계점,본그룹,백반·죽·국수,울산광역시,북구,52.9273,C
review_focus,리뷰 성장 강화,ba_13471384,본죽&비빔밥 통영죽림점,본그룹,백반·죽·국수,경상남도,통영시,54.4329,C
review_focus,리뷰 성장 강화,ba_14689395,본죽&비빔밥 용인둔전점,본그룹,백반·죽·국수,경기도,용인시,56.7473,C
review_focus,리뷰 성장 강화,ba_14720263,굽네피자 강화온수점,굽네치킨,피자,인천광역시,강화군,54.0035,C
review_focus,리뷰 성장 강화,ba_14688684,본죽&비빔밥 부천심곡본동점,본그룹,백반·죽·국수,경기도,부천시,52.5943,C
review_focus,리뷰 성장 강화,ba_14691797,본죽&비빔밥 부산모라점,본그룹,백반·죽·국수,부산광역시,사상구,57.2069,C
review_focus,리뷰 성장 강화,ba_10705443,굽네치킨 거제연초점,굽네치킨,치킨,경상남도,거제시,52.0065,C
review_focus,리뷰 성장 강화,ba_13188150,본죽&비빔밥 제주법원점,본그룹,백반·죽·국수,제주특별자치도,제주시,52.1652,C
review_focus,리뷰 성장 강화,ba_13522931,본죽&비빔밥 파주문산점,본그룹,백반·죽·국수,경기도,파주시,53.6620,C
review_focus,리뷰 성장 강화,ba_13222051,본죽&비빔밥 이천점,본그룹,백반·죽·국수,경기도,이천시,54.2351,C
review_focus,리뷰 성장 강화,ba_14688563,본죽&비빔밥 신정네거리역점,본그룹,백반·죽·국수,서울특별시,양천구,58.0963,C
review_focus,리뷰 성장 강화,ba_10739524,굽네치킨 강원횡성점,굽네치킨,치킨,강원특별자치도,횡성군,52.0574,C
review_focus,리뷰 성장 강화,ba_13233445,본죽&비빔밥 여수죽림점,본그룹,백반·죽·국수,전라남도,여수시,50.0796,C
review_focus,리뷰 성장 강화,ba_13539608,굽네치킨 창원중앙점,굽네치킨,치킨,경상남도,창원시,55.6890,C
review_focus,리뷰 성장 강화,ba_10604883,굽네치킨 거제고현점,굽네치킨,치킨,경상남도,거제시,54.7545,C
review_focus,리뷰 성장 강화,ba_14671974,굽네피자 부산동삼점,굽네치킨,피자,부산광역시,영도구,49.0424,D
review_focus,리뷰 성장 강화,ba_14708789,본죽&비빔밥 파주금릉역점,본그룹,백반·죽·국수,경기도,파주시,54.1299,C
review_focus,리뷰 성장 강화,ba_14652929,굽네치킨 울산중앙점,굽네치킨,치킨,울산광역시,중구,51.9944,C
review_focus,리뷰 성장 강화,ba_14591780,굽네치킨&피자 금산읍점,굽네치킨,치킨,충청남도,금산군,50.8698,C
review_focus,리뷰 성장 강화,ba_14267751,굽네치킨 신정7동점,굽네치킨,치킨,서울특별시,양천구,54.7694,C
review_focus,리뷰 성장 강화,ba_14273478,굽네피자 원미점,굽네치킨,피자,경기도,부천시,56.7687,C
review_focus,리뷰 성장 강화,ba_14691178,본죽&비빔밥 대구서구청점,본그룹,백반·죽·국수,대구광역시,서구,52.1593,C
review_focus,리뷰 성장 강화,ba_14688614,본죽 안산본오1동점,본그룹,백반·죽·국수,경기도,안산시,52.5207,C
review_focus,리뷰 성장 강화,ba_13227516,본죽&비빔밥 부산동래점,본그룹,백반·죽·국수,부산광역시,동래구,49.6868,D
review_focus,리뷰 성장 강화,ba_14689595,본죽&비빔밥 시흥배곧점,본그룹,백반·죽·국수,경기도,시흥시,52.1112,C
review_focus,리뷰 성장 강화,ba_14689496,본죽&비빔밥 수원역매산점,본그룹,백반·죽·국수,경기도,수원시,52.7022,C
review_focus,리뷰 성장 강화,ba_14689464,본죽&비빔밥 파주금촌점,본그룹,백반·죽·국수,경기도,파주시,52.8099,C
review_focus,리뷰 성장 강화,ba_14581239,굽네치킨 여좌중앙점,굽네치킨,치킨,경상남도,창원시,55.3757,C
review_focus,리뷰 성장 강화,ba_14688338,본죽 부천대성병원점,본그룹,백반·죽·국수,경기도,부천시,53.0512,C
review_focus,리뷰 성장 강화,ba_14528279,굽네치킨 봉동점,굽네치킨,치킨,전북특별자치도,완주군,54.5054,C
review_focus,리뷰 성장 강화,ba_14441192,굽네피자 나주빛가람점,굽네치킨,피자,전라남도,나주시,56.4613,C
review_focus,리뷰 성장 강화,ba_14440681,굽네피자 면목점,굽네치킨,피자,서울특별시,중랑구,50.5265,C
review_focus,리뷰 성장 강화,ba_14437626,굽네치킨&피자 대구읍내점,굽네치킨,치킨,대구광역시,북구,50.2876,C
review_focus,리뷰 성장 강화,ba_10401021,굽네치킨 가산점,굽네치킨,치킨,서울특별시,금천구,54.0343,C
review_focus,리뷰 성장 강화,ba_13203399,본죽&비빔밥 제주강정점,본그룹,백반·죽·국수,제주특별자치도,서귀포시,52.5008,C
review_focus,리뷰 성장 강화,ba_14688697,본죽&비빔밥 신풍역점,본그룹,백반·죽·국수,서울특별시,영등포구,48.5053,D
review_focus,리뷰 성장 강화,ba_10041246,굽네치킨 수색증산점,굽네치킨,치킨,서울특별시,은평구,51.6712,C
review_focus,리뷰 성장 강화,ba_14229365,굽네치킨&피자 중곡1동점,굽네치킨,치킨,서울특별시,광진구,51.8080,C
review_focus,리뷰 성장 강화,ba_10739556,굽네치킨 양산석산점,굽네치킨,치킨,경상남도,양산시,52.2554,C
review_focus,리뷰 성장 강화,ba_10698315,굽네치킨 풍기점,굽네치킨,치킨,경상북도,영주시,51.8027,C
review_focus,리뷰 성장 강화,ba_14488211,굽네치킨&피자 풍동점,굽네치킨,치킨,경기도,고양시,57.2279,C
review_focus,리뷰 성장 강화,ba_14749296,굽네치킨&피자 석촌고분점,굽네치킨,치킨,서울특별시,송파구,56.2057,C
review_focus,리뷰 성장 강화,ba_14716102,본죽&비빔밥 의정부발곡점,본그룹,백반·죽·국수,경기도,의정부시,50.6232,C
review_focus,리뷰 성장 강화,ba_14767931,본죽&비빔밥 신중동점,본그룹,백반·죽·국수,경기도,부천시,55.1089,C
review_focus,리뷰 성장 강화,ba_14706394,본죽&비빔밥 호탄점,본그룹,백반·죽·국수,경상남도,진주시,50.6811,C
review_focus,리뷰 성장 강화,ba_14690725,본죽&비빔밥 광주주월점,본그룹,백반·죽·국수,광주광역시,남구,51.8829,C
review_focus,리뷰 성장 강화,ba_14604237,굽네치킨 울산다운점,굽네치킨,치킨,울산광역시,중구,51.8858,C
review_focus,리뷰 성장 강화,ba_13233506,본죽 광양마동점,본그룹,백반·죽·국수,전라남도,광양시,63.2788,C
review_focus,리뷰 성장 강화,ba_13234193,본죽 경주황성점,본그룹,백반·죽·국수,경상북도,경주시,53.0734,C
review_focus,리뷰 성장 강화,ba_14691330,본죽&비빔밥 구미형곡송정점,본그룹,백반·죽·국수,경상북도,구미시,55.0459,C
review_focus,리뷰 성장 강화,ba_13052096,굽네치킨 구로5동점,굽네치킨,치킨,서울특별시,구로구,52.6158,C
review_focus,리뷰 성장 강화,ba_10509105,굽네치킨&피자 강저지구점,굽네치킨,치킨,충청북도,제천시,52.1397,C
review_focus,리뷰 성장 강화,ba_14799070,굽네치킨&피자 전남나주점,굽네치킨,치킨,전라남도,나주시,56.3960,C
review_focus,리뷰 성장 강화,ba_14712797,굽네치킨 논공점,굽네치킨,치킨,대구광역시,달성군,49.8717,D
review_focus,리뷰 성장 강화,ba_14463467,굽네치킨 화명신도시점,굽네치킨,치킨,부산광역시,북구,52.5155,C
review_focus,리뷰 성장 강화,ba_14690577,본죽&비빔밥 포항양덕점,본그룹,백반·죽·국수,경상북도,포항시,57.1530,C
review_focus,리뷰 성장 강화,ba_14671490,굽네피자 영천중앙점,굽네치킨,피자,경상북도,영천시,55.7592,C
review_focus,리뷰 성장 강화,ba_14454741,본죽&비빔밥 부천소새울역점,본그룹,백반·죽·국수,경기도,부천시,52.5328,C
review_focus,리뷰 성장 강화,ba_10016162,굽네치킨 신월사파점,굽네치킨,치킨,경상남도,창원시,53.7650,C
review_focus,리뷰 성장 강화,ba_14691751,본죽&비빔밥 대전판암점,본그룹,백반·죽·국수,대전광역시,동구,51.0294,C
review_focus,리뷰 성장 강화,ba_14687315,본죽&비빔밥 뚝섬유원지역점,본그룹,백반·죽·국수,서울특별시,광진구,52.2619,C
review_focus,리뷰 성장 강화,ba_13236479,본죽 군포지샘병원점,본그룹,백반·죽·국수,경기도,군포시,55.7459,C
review_focus,리뷰 성장 강화,ba_14673431,굽네치킨 부산온천점,굽네치킨,치킨,부산광역시,동래구,52.8798,C
review_focus,리뷰 성장 강화,ba_14754893,본죽&비빔밥 일산탄현큰마을점,본그룹,백반·죽·국수,경기도,고양시,64.1379,C
review_focus,리뷰 성장 강화,ba_13225842,본죽 동인천점,본그룹,백반·죽·국수,인천광역시,중구,62.3196,C
review_focus,리뷰 성장 강화,ba_14623314,굽네치킨 충효점,굽네치킨,치킨,경상북도,경주시,48.3417,D
review_focus,리뷰 성장 강화,ba_14564492,본죽&비빔밥 대구신월성점,본그룹,백반·죽·국수,대구광역시,달서구,48.2367,D
review_focus,리뷰 성장 강화,ba_14715313,굽네치킨&피자 홍은1동점,굽네치킨,치킨,서울특별시,서대문구,52.6563,C
review_focus,리뷰 성장 강화,ba_14687115,본죽 강서구청점,본그룹,백반·죽·국수,서울특별시,강서구,48.0117,D
review_focus,리뷰 성장 강화,ba_14795104,굽네치킨 독산스타점,굽네치킨,치킨,서울특별시,금천구,53.8155,C
review_focus,리뷰 성장 강화,ba_14687341,본죽&비빔밥 봉천역점,본그룹,백반·죽·국수,서울특별시,관악구,48.4929,D
review_focus,리뷰 성장 강화,ba_14598667,본죽&비빔밥 조치원죽림점,본그룹,백반·죽·국수,세종특별자치시,조치원읍,51.1397,C
review_focus,리뷰 성장 강화,ba_14694145,본죽&비빔밥 합정역점,본그룹,백반·죽·국수,서울특별시,마포구,50.9935,C
review_focus,리뷰 성장 강화,ba_14671483,굽네치킨 영천중앙점,굽네치킨,치킨,경상북도,영천시,49.4105,D
review_focus,리뷰 성장 강화,ba_14735878,본죽&비빔밥 시흥능곡점,본그룹,백반·죽·국수,경기도,시흥시,48.6111,D
review_focus,리뷰 성장 강화,ba_13975731,굽네피자 신길뉴타운점,굽네치킨,피자,서울특별시,영등포구,53.8945,C
review_focus,리뷰 성장 강화,ba_10821092,굽네치킨 주안3호점,굽네치킨,치킨,인천광역시,미추홀구,49.9593,D
review_focus,리뷰 성장 강화,ba_14690014,본죽&비빔밥 인천석바위점,본그룹,백반·죽·국수,인천광역시,미추홀구,50.7059,C
review_focus,리뷰 성장 강화,ba_13231147,본죽&비빔밥 인천송도웰카운티점,본그룹,백반·죽·국수,인천광역시,연수구,50.6898,C
review_focus,리뷰 성장 강화,ba_14736722,굽네치킨&피자 철원와수점,굽네치킨,치킨,강원특별자치도,철원군,48.9647,D
review_focus,리뷰 성장 강화,ba_14740239,굽네치킨 임실읍점,굽네치킨,치킨,전북특별자치도,임실군,48.4756,D
review_focus,리뷰 성장 강화,ba_14737726,굽네치킨 대치4동점,굽네치킨,치킨,서울특별시,강남구,52.4753,C
review_focus,리뷰 성장 강화,ba_14637553,굽네치킨&피자 양지동점,굽네치킨,치킨,경기도,성남시,47.3976,D
review_focus,리뷰 성장 강화,ba_14699649,굽네치킨 시흥신천점,굽네치킨,치킨,경기도,시흥시,50.4008,C
review_focus,리뷰 성장 강화,ba_14689759,본죽&비빔밥 인천송도웰카운티점,본그룹,백반·죽·국수,인천광역시,연수구,50.1288,C
review_focus,리뷰 성장 강화,ba_14692168,본죽&비빔밥 해운대장산역점,본그룹,백반·죽·국수,부산광역시,해운대구,52.2792,C
review_focus,리뷰 성장 강화,ba_14729038,굽네치킨&피자 파주읍점,굽네치킨,치킨,경기도,파주시,48.0182,D
review_focus,리뷰 성장 강화,ba_14689402,본죽&비빔밥 의정부을지대병원점,본그룹,백반·죽·국수,경기도,의정부시,50.7662,C
review_focus,리뷰 성장 강화,ba_13235498,본죽&비빔밥 외대점,본그룹,백반·죽·국수,서울특별시,동대문구,51.3799,C
review_focus,리뷰 성장 강화,ba_10638951,굽네치킨 영천동부점,굽네치킨,치킨,경상북도,영천시,48.1557,D
review_focus,리뷰 성장 강화,ba_14692185,본죽&비빔밥 세종첫마을점,본그룹,백반·죽·국수,세종특별자치시,노을3로,51.2903,C
review_focus,리뷰 성장 강화,ba_13492399,본죽&비빔밥 등촌공항대로점,본그룹,백반·죽·국수,서울특별시,강서구,47.9451,D
review_focus,리뷰 성장 강화,ba_13233575,본죽&비빔밥 대구두산점,본그룹,백반·죽·국수,대구광역시,수성구,60.3466,C
review_focus,리뷰 성장 강화,ba_10580903,굽네치킨 길음1동점,굽네치킨,치킨,서울특별시,성북구,51.3776,C
review_focus,리뷰 성장 강화,ba_13228909,본죽&비빔밥 청주사창점,본그룹,백반·죽·국수,충청북도,청주시,49.3025,D
review_focus,리뷰 성장 강화,ba_14691296,본죽 대덕테크노밸리점,본그룹,백반·죽·국수,대전광역시,유성구,48.4686,D
review_focus,리뷰 성장 강화,ba_14690068,본죽&비빔밥 용인동천점,본그룹,백반·죽·국수,경기도,용인시,55.7065,C
review_focus,리뷰 성장 강화,ba_13233782,본죽&비빔밥 대구서구청점,본그룹,백반·죽·국수,대구광역시,서구,49.7594,D
review_focus,리뷰 성장 강화,ba_14754936,굽네치킨 경주외동점,굽네치킨,치킨,경상북도,경주시,48.8415,D
review_focus,리뷰 성장 강화,ba_14600429,굽네치킨&피자 김천부곡점,굽네치킨,치킨,경상북도,김천시,48.2190,D
review_focus,리뷰 성장 강화,ba_14691171,본죽 부산서면점,본그룹,백반·죽·국수,부산광역시,부산진구,47.3019,D
review_focus,리뷰 성장 강화,ba_14440680,굽네치킨&피자 면목점,굽네치킨,치킨,서울특별시,중랑구,49.7300,D
review_focus,리뷰 성장 강화,ba_14744329,본죽&비빔밥 송파헬리오시티점,본그룹,백반·죽·국수,서울특별시,송파구,51.9892,C
review_focus,리뷰 성장 강화,ba_13475914,본죽&비빔밥 광주백운대성초교점,본그룹,백반·죽·국수,광주광역시,남구,45.5847,D
review_focus,리뷰 성장 강화,ba_14728839,굽네치킨 대구동인점,굽네치킨,치킨,대구광역시,중구,46.3466,D
review_focus,리뷰 성장 강화,ba_14729784,굽네치킨 경북울진점,굽네치킨,치킨,경상북도,울진군,49.5157,D
review_focus,리뷰 성장 강화,ba_10204887,굽네치킨 대구매호점,굽네치킨,치킨,대구광역시,수성구,53.3392,C
review_focus,리뷰 성장 강화,ba_14309634,굽네치킨&피자 삼성2동점,굽네치킨,치킨,서울특별시,강남구,51.0061,C
review_focus,리뷰 성장 강화,ba_14308402,굽네피자 삼성2동점,굽네치킨,피자,서울특별시,강남구,54.6516,C
review_focus,리뷰 성장 강화,ba_14685750,"굽네치킨 개금1,2동점",굽네치킨,치킨,부산광역시,부산진구,48.0464,D
review_focus,리뷰 성장 강화,ba_14322928,본죽&비빔밥 부천심곡본동점,본그룹,백반·죽·국수,경기도,부천시,48.0157,D
review_focus,리뷰 성장 강화,ba_14388863,굽네피자 여의도1호점,굽네치킨,피자,서울특별시,영등포구,48.1952,D
review_focus,리뷰 성장 강화,ba_13226860,본죽 부산서면점,본그룹,백반·죽·국수,부산광역시,부산진구,46.7035,D
review_focus,리뷰 성장 강화,ba_10800862,굽네치킨 송파점,굽네치킨,치킨,서울특별시,송파구,49.8080,D
review_focus,리뷰 성장 강화,ba_14708929,굽네치킨 고령다산점,굽네치킨,치킨,경상북도,고령군,48.6387,D
review_focus,리뷰 성장 강화,ba_14785504,본죽&비빔밥 증평점,본그룹,백반·죽·국수,충청북도,증평군,53.1547,C
review_focus,리뷰 성장 강화,ba_14720368,본죽&비빔밥 김포마산점,본그룹,백반·죽·국수,경기도,김포시,46.9583,D
review_focus,리뷰 성장 강화,ba_14689910,본죽&비빔밥 외대점,본그룹,백반·죽·국수,서울특별시,동대문구,49.8678,D
review_focus,리뷰 성장 강화,ba_14699399,굽네치킨 와동점,굽네치킨,치킨,경기도,안산시,48.5735,D
review_focus,리뷰 성장 강화,ba_14767892,굽네치킨&피자 둔촌시장점,굽네치킨,치킨,서울특별시,강동구,51.6946,C
review_focus,리뷰 성장 강화,ba_14726472,굽네치킨&피자 신대부적점,굽네치킨,치킨,경상북도,경산시,49.8513,D
review_focus,리뷰 성장 강화,ba_13226843,본죽 부산가야점,본그룹,백반·죽·국수,부산광역시,부산진구,48.6587,D
review_focus,리뷰 성장 강화,ba_14280570,본죽&비빔밥 분당수내점,본그룹,백반·죽·국수,경기도,성남시,54.0681,C
review_focus,리뷰 성장 강화,ba_14691146,본죽 부산범내골역점,본그룹,백반·죽·국수,부산광역시,부산진구,47.9753,D
review_focus,리뷰 성장 강화,ba_14700021,굽네치킨 영등포본동점,굽네치킨,치킨,서울특별시,영등포구,50.8463,C
review_focus,리뷰 성장 강화,ba_14689942,본죽 인천학산사거리점,본그룹,백반·죽·국수,인천광역시,미추홀구,48.3292,D
review_focus,리뷰 성장 강화,ba_10605803,굽네치킨 구월점,굽네치킨,치킨,인천광역시,남동구,58.2556,C
review_focus,리뷰 성장 강화,ba_14801006,굽네치킨&피자 상봉점,굽네치킨,치킨,서울특별시,중랑구,52.4303,C
review_focus,리뷰 성장 강화,ba_10040420,굽네치킨 김해진영점,굽네치킨,치킨,경상남도,김해시,48.6389,D
review_focus,리뷰 성장 강화,ba_14296954,굽네치킨&피자 청주동남지구점,굽네치킨,치킨,충청북도,청주시,50.0054,C
review_focus,리뷰 성장 강화,ba_13301511,본죽&비빔밥 송도글로벌캠퍼스점,본그룹,백반·죽·국수,인천광역시,연수구,44.1953,D
review_focus,리뷰 성장 강화,ba_14688086,본죽&비빔밥 보라매점,본그룹,백반·죽·국수,서울특별시,동작구,47.9837,D
review_focus,리뷰 성장 강화,ba_14690763,본죽&비빔밥 양산남부시장점,본그룹,백반·죽·국수,경상남도,양산시,46.0694,D
review_focus,리뷰 성장 강화,ba_13227696,본죽 부산온천장점,본그룹,백반·죽·국수,부산광역시,동래구,50.2396,C
review_focus,리뷰 성장 강화,ba_14260093,굽네치킨&피자 부평역점,굽네치킨,피자,인천광역시,부평구,46.1480,D
review_focus,리뷰 성장 강화,ba_14689782,본죽 김포감정점,본그룹,백반·죽·국수,경기도,김포시,50.4365,C
review_focus,리뷰 성장 강화,ba_13224790,본죽&비빔밥 안양덕천래미안점,본그룹,백반·죽·국수,경기도,안양시,46.2427,D
review_focus,리뷰 성장 강화,ba_14688207,본죽 이대점,본그룹,백반·죽·국수,서울특별시,서대문구,50.5091,C
review_focus,리뷰 성장 강화,ba_13233607,본죽 전북봉동점,본그룹,백반·죽·국수,전북특별자치도,완주군,51.1576,C
review_focus,리뷰 성장 강화,ba_13224027,본죽 삼전동점,본그룹,백반·죽·국수,서울특별시,송파구,45.0252,D
review_focus,리뷰 성장 강화,ba_14800284,굽네치킨&피자 광주양산점,굽네치킨,치킨,광주광역시,북구,52.4937,C
review_focus,리뷰 성장 강화,ba_14689548,본죽&비빔밥 평택법원점,본그룹,백반·죽·국수,경기도,평택시,47.7266,D
review_focus,리뷰 성장 강화,ba_14691030,본죽 대구진천역점,본그룹,백반·죽·국수,대구광역시,달서구,47.7368,D
review_focus,리뷰 성장 강화,ba_14388856,굽네치킨&피자 여의도1호점,굽네치킨,치킨,서울특별시,영등포구,46.3082,D
review_focus,리뷰 성장 강화,ba_14690786,본죽&비빔밥 광주문흥점,본그룹,백반·죽·국수,광주광역시,북구,49.3781,D
review_focus,리뷰 성장 강화,ba_13768149,굽네치킨 신탄진점,굽네치킨,치킨,대전광역시,대덕구,51.3740,C
review_focus,리뷰 성장 강화,ba_14732602,굽네치킨 서수원점,굽네치킨,치킨,경기도,수원시,48.3934,D
review_focus,리뷰 성장 강화,ba_14245878,본죽&비빔밥 안양동편마을점,본그룹,백반·죽·국수,경기도,안양시,46.1118,D
review_focus,리뷰 성장 강화,ba_14691234,본죽 대구남문시장점,본그룹,백반·죽·국수,대구광역시,중구,47.9824,D
review_focus,리뷰 성장 강화,ba_10019194,굽네치킨&피자 신탄진점,굽네치킨,치킨,대전광역시,대덕구,46.2326,D
review_focus,리뷰 성장 강화,ba_13228945,본죽&비빔밥 대전진잠점,본그룹,백반·죽·국수,대전광역시,유성구,45.0997,D
review_focus,리뷰 성장 강화,ba_14495840,본죽&비빔밥 검단파라곤센트럴점,본그룹,백반·죽·국수,인천광역시,서구,43.9249,D
review_focus,리뷰 성장 강화,ba_10040621,굽네치킨 울산성안점,굽네치킨,치킨,울산광역시,중구,49.4929,D
review_focus,리뷰 성장 강화,ba_13233436,본죽&비빔밥 대구효성타운점,본그룹,백반·죽·국수,대구광역시,남구,51.9117,C
review_focus,리뷰 성장 강화,ba_14687296,본죽&비빔밥 봉일시장점,본그룹,백반·죽·국수,서울특별시,관악구,46.9528,D
review_focus,리뷰 성장 강화,ba_13648667,본죽&비빔밥 대전노은3지구점,본그룹,백반·죽·국수,대전광역시,유성구,54.9454,C
review_focus,리뷰 성장 강화,ba_14794547,굽네치킨&피자 회기역점,굽네치킨,치킨,서울특별시,동대문구,50.9340,C
review_focus,리뷰 성장 강화,ba_14729971,굽네치킨 군포1동점,굽네치킨,치킨,경기도,군포시,45.4181,D
review_focus,리뷰 성장 강화,ba_13229527,본죽&비빔밥 상주점,본그룹,백반·죽·국수,경상북도,상주시,50.0769,C
review_focus,리뷰 성장 강화,ba_14730330,본죽&비빔밥 동탄꼬모점,본그룹,백반·죽·국수,경기도,화성시,46.0488,D
review_focus,리뷰 성장 강화,ba_14688176,본죽&비빔밥 옥수점,본그룹,백반·죽·국수,서울특별시,성동구,47.7712,D
review_focus,리뷰 성장 강화,ba_14689536,본죽&비빔밥 파주운정신도시점,본그룹,백반·죽·국수,경기도,파주시,47.0665,D
review_focus,리뷰 성장 강화,ba_13243478,본죽 보정동단국대점,본그룹,백반·죽·국수,경기도,용인시,52.1689,C
review_focus,리뷰 성장 강화,ba_13200236,본죽 남양주진접롯데시네마점,본그룹,백반·죽·국수,경기도,남양주시,52.1167,C
review_focus,리뷰 성장 강화,ba_14463469,굽네피자 화명신도시점,굽네치킨,피자,부산광역시,북구,43.4529,D
review_focus,리뷰 성장 강화,ba_14690045,본죽&비빔밥 인천당하점,본그룹,백반·죽·국수,인천광역시,서구,50.4568,C
review_focus,리뷰 성장 강화,ba_13230846,본죽&비빔밥 수원탑동점,본그룹,백반·죽·국수,경기도,수원시,51.3486,C
review_focus,리뷰 성장 강화,ba_13268955,본죽&비빔밥 전주객사점,본그룹,백반·죽·국수,전북특별자치도,전주시,46.3731,D
review_focus,리뷰 성장 강화,ba_13103901,굽네치킨&피자 나주혁신도시1호점,굽네치킨,피자,전라남도,나주시,45.8110,D
review_focus,리뷰 성장 강화,ba_13193158,본죽&비빔밥 인천당하점,본그룹,백반·죽·국수,인천광역시,서구,44.0972,D
review_focus,리뷰 성장 강화,ba_12014214,굽네치킨&피자 대전가오점,굽네치킨,치킨,대전광역시,동구,45.5214,D
review_focus,리뷰 성장 강화,ba_10015935,굽네치킨 봉곡사림점,굽네치킨,치킨,경상남도,창원시,45.7484,D
review_focus,리뷰 성장 강화,ba_14687137,본죽&비빔밥 명동점,본그룹,백반·죽·국수,서울특별시,중구,48.9232,D
review_focus,리뷰 성장 강화,ba_13221975,본죽&비빔밥 용인마평점,본그룹,백반·죽·국수,경기도,용인시,44.2305,D
review_focus,리뷰 성장 강화,ba_14254080,굽네치킨&피자 망우본동점,굽네치킨,치킨,서울특별시,중랑구,47.7621,D
review_focus,리뷰 성장 강화,ba_14689378,본죽&비빔밥 성남중앙병원점,본그룹,백반·죽·국수,경기도,성남시,46.2313,D
review_focus,리뷰 성장 강화,ba_14688336,본죽&비빔밥 고려대점,본그룹,백반·죽·국수,서울특별시,성북구,44.6343,D
review_focus,리뷰 성장 강화,ba_13224844,본죽&비빔밥 평촌점,본그룹,백반·죽·국수,경기도,안양시,45.7496,D
review_focus,리뷰 성장 강화,ba_14687310,본죽&비빔밥 가산디지털점,본그룹,백반·죽·국수,서울특별시,금천구,46.2278,D
review_focus,리뷰 성장 강화,ba_13228166,본죽 제천하소점,본그룹,백반·죽·국수,충청북도,제천시,43.7516,D
review_focus,리뷰 성장 강화,ba_14092187,굽네치킨&피자 일산식사점,굽네치킨,치킨,경기도,고양시,47.6450,D
review_focus,리뷰 성장 강화,ba_14692178,본죽&비빔밥 제주함덕점,본그룹,백반·죽·국수,제주특별자치도,제주시,59.5566,C
review_focus,리뷰 성장 강화,ba_14551802,본죽&비빔밥 명동2호점,본그룹,백반·죽·국수,서울특별시,중구,50.5942,C
review_focus,리뷰 성장 강화,ba_14687365,본죽&비빔밥 덕성여대점,본그룹,백반·죽·국수,서울특별시,도봉구,45.9369,D
review_focus,리뷰 성장 강화,ba_14725485,굽네치킨 구례읍점,굽네치킨,치킨,전라남도,구례군,45.8012,D
review_focus,리뷰 성장 강화,ba_13230007,본죽 죽전벽산타운점,본그룹,백반·죽·국수,경기도,용인시,51.7227,C
review_focus,리뷰 성장 강화,ba_14658160,굽네치킨&피자 대구옥포점,굽네치킨,치킨,대구광역시,달성군,45.0333,D
review_focus,리뷰 성장 강화,ba_14665998,본죽&비빔밥 오금동사거리점,본그룹,백반·죽·국수,서울특별시,송파구,41.7392,D
review_focus,리뷰 성장 강화,ba_14557869,굽네치킨 화곡4동점,굽네치킨,치킨,서울특별시,강서구,43.6797,D
review_focus,리뷰 성장 강화,ba_13228993,본죽&비빔밥 동탄솔빛나루점,본그룹,백반·죽·국수,경기도,화성시,45.2344,D
review_focus,리뷰 성장 강화,ba_13225746,본죽 고양점,본그룹,백반·죽·국수,경기도,고양시,41.1425,D
review_focus,리뷰 성장 강화,ba_14694402,본죽 월곡점,본그룹,백반·죽·국수,서울특별시,성북구,45.9693,D
review_focus,리뷰 성장 강화,ba_14666363,굽네치킨 충남태안점,굽네치킨,치킨,충청남도,태안군,47.7501,D
review_focus,리뷰 성장 강화,ba_14308401,굽네치킨 삼성2동점,굽네치킨,치킨,서울특별시,강남구,49.9834,D
review_focus,리뷰 성장 강화,ba_14692251,본죽&비빔밥 천안두정점,본그룹,백반·죽·국수,충청남도,천안시,48.7123,D
review_focus,리뷰 성장 강화,ba_14735216,본죽&비빔밥 수지성복점,본그룹,백반·죽·국수,경기도,용인시,51.0221,C
review_focus,리뷰 성장 강화,ba_14689403,본죽&비빔밥 의왕역점,본그룹,백반·죽·국수,경기도,의왕시,45.6950,D
review_focus,리뷰 성장 강화,ba_14228062,굽네피자 월계2동점,굽네치킨,피자,서울특별시,노원구,42.6301,D
review_focus,리뷰 성장 강화,ba_14690077,본죽&비빔밥 인천연희연세병원점,본그룹,백반·죽·국수,인천광역시,서구,43.4083,D
review_focus,리뷰 성장 강화,ba_14153764,굽네피자 주안3호점,굽네치킨,피자,인천광역시,미추홀구,58.2315,C
review_focus,리뷰 성장 강화,ba_14690062,본죽&비빔밥 용인물푸레마을점,본그룹,백반·죽·국수,경기도,용인시,45.8649,D
review_focus,리뷰 성장 강화,ba_14272566,본죽&비빔밥 광명6동점,본그룹,백반·죽·국수,경기도,광명시,40.6837,D
review_focus,리뷰 성장 강화,ba_14663534,굽네치킨 포항용흥점,굽네치킨,치킨,경상북도,포항시,45.2910,D
review_focus,리뷰 성장 강화,ba_13459937,굽네치킨 성사점,굽네치킨,치킨,경기도,고양시,44.0157,D
review_focus,리뷰 성장 강화,ba_14557882,굽네치킨 신방화역점,굽네치킨,치킨,서울특별시,강서구,48.1876,D
review_focus,리뷰 성장 강화,ba_14691228,본죽&비빔밥 대구사월점,본그룹,백반·죽·국수,대구광역시,수성구,49.4532,D
review_focus,리뷰 성장 강화,ba_14690092,본죽&비빔밥 인천불로동점,본그룹,백반·죽·국수,인천광역시,서구,42.7762,D
review_focus,리뷰 성장 강화,ba_13233483,본죽&비빔밥 경산사동점,본그룹,백반·죽·국수,경상북도,경산시,51.5277,C
review_focus,리뷰 성장 강화,ba_13234578,본죽&비빔밥 동백중앙점,본그룹,백반·죽·국수,경기도,용인시,50.4861,C
review_focus,리뷰 성장 강화,ba_14692278,본죽 제천하소점,본그룹,백반·죽·국수,충청북도,제천시,42.3501,D
review_focus,리뷰 성장 강화,ba_13081281,굽네치킨 하늘도시1호점,굽네치킨,치킨,인천광역시,중구,45.4453,D
review_focus,리뷰 성장 강화,ba_13229747,본죽 창원중앙동점,본그룹,백반·죽·국수,경상남도,창원시,44.0477,D
review_focus,리뷰 성장 강화,ba_14701165,본죽&비빔밥 연세세브란스빌딩점,본그룹,백반·죽·국수,서울특별시,중구,48.2952,D
review_focus,리뷰 성장 강화,ba_12020564,굽네치킨&피자 거제고현점,굽네치킨,피자,경상남도,거제시,39.1113,D
review_focus,리뷰 성장 강화,ba_14314711,굽네피자 송내2동점,굽네치킨,피자,경기도,부천시,48.6744,D
review_focus,리뷰 성장 강화,ba_14775705,본죽&비빔밥 익산원광대병원점,본그룹,백반·죽·국수,전북특별자치도,익산시,49.3993,D
review_focus,리뷰 성장 강화,ba_14693042,본죽&비빔밥 전주예수병원점,본그룹,백반·죽·국수,전북특별자치도,전주시,43.5602,D
review_focus,리뷰 성장 강화,ba_13199335,본죽&비빔밥 울산매곡점,본그룹,백반·죽·국수,울산광역시,북구,44.4036,D
review_focus,리뷰 성장 강화,ba_14689381,본죽&비빔밥 용인모현점,본그룹,백반·죽·국수,경기도,용인시,43.3246,D
review_focus,리뷰 성장 강화,ba_14228061,굽네치킨 월계2동점,굽네치킨,치킨,서울특별시,노원구,41.8488,D
review_focus,리뷰 성장 강화,ba_14117511,굽네치킨 논현1동점,굽네치킨,치킨,서울특별시,강남구,41.2679,D
review_focus,리뷰 성장 강화,ba_14392494,굽네피자 원주혁신점,굽네치킨,피자,강원특별자치도,원주시,48.3076,D
review_focus,리뷰 성장 강화,ba_14117512,굽네피자 논현1동점,굽네치킨,피자,서울특별시,강남구,50.3400,C
review_focus,리뷰 성장 강화,ba_14472921,굽네피자 내당중리점,굽네치킨,피자,대구광역시,서구,48.2742,D
review_focus,리뷰 성장 강화,ba_14648765,굽네치킨 서면가곡점,굽네치킨,치킨,전라남도,순천시,40.7787,D
review_focus,리뷰 성장 강화,ba_14594474,본죽&비빔밥 광주계림동점,본그룹,백반·죽·국수,광주광역시,동구,39.4883,D
review_focus,리뷰 성장 강화,ba_14042200,본죽&비빔밥 왕십리뉴타운점,본그룹,백반·죽·국수,서울특별시,성동구,43.0423,D
review_focus,리뷰 성장 강화,ba_14687354,본죽&비빔밥 신도림점,본그룹,백반·죽·국수,서울특별시,구로구,43.8957,D
review_focus,리뷰 성장 강화,ba_14687060,본죽&비빔밥 천호로데오점,본그룹,백반·죽·국수,서울특별시,강동구,42.5538,D
review_focus,리뷰 성장 강화,ba_13233716,본죽 포항죽도오거리점,본그룹,백반·죽·국수,경상북도,포항시,44.9765,D
review_focus,리뷰 성장 강화,ba_14651431,굽네피자 벌교읍점,굽네치킨,피자,전라남도,보성군,48.1857,D
review_focus,리뷰 성장 강화,ba_14335172,굽네피자 장곡장현점,굽네치킨,피자,경기도,시흥시,48.1026,D
review_focus,리뷰 성장 강화,ba_14651464,굽네피자 순천서면점,굽네치킨,피자,전라남도,순천시,48.0848,D
review_focus,리뷰 성장 강화,ba_14662547,굽네치킨 신사우점,굽네치킨,치킨,강원특별자치도,춘천시,42.6318,D
review_focus,리뷰 성장 강화,ba_13221865,본죽 처인구청점,본그룹,백반·죽·국수,경기도,용인시,43.0134,D
review_focus,리뷰 성장 강화,ba_10768614,굽네치킨 신월상남점,굽네치킨,치킨,경상남도,창원시,39.3399,D
review_focus,리뷰 성장 강화,ba_14297681,굽네피자 서산예천점,굽네치킨,피자,충청남도,서산시,47.9309,D
review_focus,리뷰 성장 강화,ba_13231120,본죽 안산본오1동점,본그룹,백반·죽·국수,경기도,안산시,52.2812,C
review_focus,리뷰 성장 강화,ba_10040411,굽네치킨,굽네치킨,치킨,서울특별시,성북구,47.7108,D
review_focus,리뷰 성장 강화,ba_14615268,굽네피자 효자점,굽네치킨,피자,강원특별자치도,춘천시,47.7693,D
review_focus,리뷰 성장 강화,ba_14620216,굽네치킨&피자 북아현점,굽네치킨,치킨,서울특별시,서대문구,43.3839,D
review_focus,리뷰 성장 강화,ba_14680684,굽네피자 부산온천점,굽네치킨,피자,부산광역시,동래구,47.6348,D
review_focus,리뷰 성장 강화,ba_14691235,본죽&비빔밥 대구범물동아백화점점,본그룹,백반·죽·국수,대구광역시,수성구,42.4957,D
review_focus,리뷰 성장 강화,ba_12026171,굽네치킨&피자 선부3동점,굽네치킨,피자,경기도,안산시,47.6026,D
review_focus,리뷰 성장 강화,ba_14338227,굽네피자 상대원점,굽네치킨,피자,경기도,성남시,47.4427,D
review_focus,리뷰 성장 강화,ba_14285796,본죽&비빔밥 대구평리뉴타운점,본그룹,백반·죽·국수,대구광역시,서구,40.4372,D
review_focus,리뷰 성장 강화,ba_14687088,본죽 길동시장점,본그룹,백반·죽·국수,서울특별시,강동구,42.9347,D
review_focus,리뷰 성장 강화,ba_14387283,본죽&비빔밥 신봉초교점,본그룹,백반·죽·국수,경기도,용인시,40.8146,D
review_focus,리뷰 성장 강화,ba_14688923,본죽&비빔밥 종로르메이에르점,본그룹,백반·죽·국수,서울특별시,종로구,43.3085,D
review_focus,리뷰 성장 강화,ba_13969906,굽네피자 포항흥해점,굽네치킨,피자,경상북도,포항시,47.3981,D
review_focus,리뷰 성장 강화,ba_14756247,본죽&비빔밥 일산가좌점,본그룹,백반·죽·국수,경기도,고양시,45.9875,D
review_focus,리뷰 성장 강화,ba_14171127,굽네피자 연경점,굽네치킨,피자,대구광역시,동구,41.6907,D
review_focus,리뷰 성장 강화,ba_12017934,굽네치킨&피자 삼숭고읍점,굽네치킨,피자,경기도,양주시,47.3779,D
review_focus,리뷰 성장 강화,ba_13233448,본죽&비빔밥 대구달서구청점,본그룹,백반·죽·국수,대구광역시,달서구,39.5869,D
review_focus,리뷰 성장 강화,ba_14692592,본죽 의정부가능역점,본그룹,백반·죽·국수,경기도,의정부시,40.9166,D
review_focus,리뷰 성장 강화,ba_13234475,본죽&비빔밥 노량진점,본그룹,백반·죽·국수,서울특별시,동작구,39.6758,D
review_focus,리뷰 성장 강화,ba_13079581,굽네치킨&피자 온의퇴계점,굽네치킨,피자,강원특별자치도,춘천시,47.3345,D
review_focus,리뷰 성장 강화,ba_13235631,본죽 인왕산점,본그룹,백반·죽·국수,서울특별시,서대문구,38.7520,D
review_focus,리뷰 성장 강화,ba_13233764,본죽 대구송라시장점,본그룹,백반·죽·국수,대구광역시,동구,42.0469,D
review_focus,리뷰 성장 강화,ba_14248058,굽네피자 은행선화점,굽네치킨,피자,대전광역시,중구,47.2098,D
review_focus,리뷰 성장 강화,ba_14788152,굽네피자 초읍점,굽네치킨,피자,부산광역시,부산진구,47.1704,D
review_focus,리뷰 성장 강화,ba_14199673,굽네피자 가양점,굽네치킨,피자,서울특별시,강서구,47.0692,D
review_focus,리뷰 성장 강화,ba_13236401,본죽 대학로본점,본그룹,백반·죽·국수,서울특별시,종로구,40.5542,D
review_focus,리뷰 성장 강화,ba_14668967,굽네피자 신사우점,굽네치킨,피자,강원특별자치도,춘천시,47.1088,D
review_focus,리뷰 성장 강화,ba_13969888,굽네피자 청주강서지구점,굽네치킨,피자,충청북도,청주시,47.0928,D
review_focus,리뷰 성장 강화,ba_13122792,굽네치킨&피자 청주 강서지구점,굽네치킨,피자,충청북도,청주시,47.0928,D
review_focus,리뷰 성장 강화,ba_14605018,굽네피자 대구신매점,굽네치킨,피자,대구광역시,수성구,47.0707,D
review_focus,리뷰 성장 강화,ba_13228677,본죽 청주봉명점,본그룹,백반·죽·국수,충청북도,청주시,50.3877,C
review_focus,리뷰 성장 강화,ba_13221638,본죽&비빔밥 이천마장점,본그룹,백반·죽·국수,경기도,이천시,44.3564,D
review_focus,리뷰 성장 강화,ba_13222803,본죽 오금점,본그룹,백반·죽·국수,서울특별시,송파구,46.2564,D
review_focus,리뷰 성장 강화,ba_13969554,굽네피자 포항양덕점,굽네치킨,피자,경상북도,포항시,46.8166,D
review_focus,리뷰 성장 강화,ba_14556221,굽네치킨&피자 청주봉명점,굽네치킨,치킨,충청북도,청주시,41.0553,D
review_focus,리뷰 성장 강화,ba_13223367,본죽 성수역점,본그룹,백반·죽·국수,서울특별시,성동구,46.3171,D
review_focus,리뷰 성장 강화,ba_14778106,굽네치킨 구로디지털점,굽네치킨,치킨,서울특별시,구로구,46.6732,D
review_focus,리뷰 성장 강화,ba_14544899,본죽&비빔밥 안양호계포도원점,본그룹,백반·죽·국수,경기도,안양시,41.7261,D
review_focus,리뷰 성장 강화,ba_13974018,굽네피자 송파점,굽네치킨,피자,서울특별시,송파구,46.6733,D
review_focus,리뷰 성장 강화,ba_14245849,본죽&비빔밥 광양중동점,본그룹,백반·죽·국수,전라남도,광양시,42.3055,D
review_focus,리뷰 성장 강화,ba_14171262,굽네피자 칠암망경점,굽네치킨,피자,경상남도,진주시,46.7620,D
review_focus,리뷰 성장 강화,ba_14464914,굽네피자 부산구서점,굽네치킨,피자,부산광역시,금정구,46.7128,D
review_focus,리뷰 성장 강화,ba_13969933,굽네피자 신탄진점,굽네치킨,피자,대전광역시,대덕구,46.7122,D
review_focus,리뷰 성장 강화,ba_13047702,굽네피자&치킨 광주상무점,굽네치킨,피자,광주광역시,서구,46.6911,D
review_focus,리뷰 성장 강화,ba_14387630,굽네치킨 등촌2동점,굽네치킨,치킨,서울특별시,강서구,42.9529,D
review_focus,리뷰 성장 강화,ba_12018905,굽네피자 거제연초점,굽네치킨,피자,경상남도,거제시,46.5588,D
review_focus,리뷰 성장 강화,ba_14272179,굽네피자 마장점,굽네치킨,피자,경기도,이천시,46.5229,D
review_focus,리뷰 성장 강화,ba_14296957,굽네피자 청주동남지구점,굽네치킨,피자,충청북도,청주시,46.5360,D
review_focus,리뷰 성장 강화,ba_13233735,본죽 대구감삼드림시티점,본그룹,백반·죽·국수,대구광역시,달서구,43.5416,D
review_focus,리뷰 성장 강화,ba_14809938,굽네치킨&피자 도곡스타점,굽네치킨,치킨,서울특별시,강남구,46.4143,D
review_focus,리뷰 성장 강화,ba_12018493,굽네치킨&피자 부산덕천점,굽네치킨,피자,부산광역시,북구,46.4844,D
review_focus,리뷰 성장 강화,ba_14690774,본죽&비빔밥 진주신안점,본그룹,백반·죽·국수,경상남도,진주시,42.4068,D
review_focus,리뷰 성장 강화,ba_13969928,굽네피자 거제고현점,굽네치킨,피자,경상남도,거제시,46.4710,D
review_focus,리뷰 성장 강화,ba_13163192,굽네치킨&피자 봉곡사림점,굽네치킨,피자,경상남도,창원시,46.3747,D
review_focus,리뷰 성장 강화,ba_14688499,본죽 수원화서점,본그룹,백반·죽·국수,경기도,수원시,40.9998,D
review_focus,리뷰 성장 강화,ba_13231195,본죽&비빔밥 수원광교역점,본그룹,백반·죽·국수,경기도,수원시,46.5870,D
review_focus,리뷰 성장 강화,ba_13969807,굽네피자 경남사천점,굽네치킨,피자,경상남도,사천시,46.3383,D
review_focus,리뷰 성장 강화,ba_14274576,굽네치킨&피자 갈현점,굽네치킨,치킨,서울특별시,은평구,46.2275,D
review_focus,리뷰 성장 강화,ba_13232348,본죽&비빔밥 광주선운지구점,본그룹,백반·죽·국수,광주광역시,광산구,40.2019,D
review_focus,리뷰 성장 강화,ba_14283482,본죽&비빔밥 목동역점,본그룹,백반·죽·국수,서울특별시,양천구,41.6882,D
review_focus,리뷰 성장 강화,ba_12019541,굽네피자 양산석산점,굽네치킨,피자,경상남도,양산시,46.2715,D
review_focus,리뷰 성장 강화,ba_14171093,굽네피자 양산물금점,굽네치킨,피자,경상남도,양산시,46.2283,D
review_focus,리뷰 성장 강화,ba_14353161,굽네피자 구월점,굽네치킨,피자,인천광역시,남동구,46.1602,D
review_focus,리뷰 성장 강화,ba_14352664,굽네피자 간석점,굽네치킨,피자,인천광역시,남동구,46.1603,D
review_focus,리뷰 성장 강화,ba_14687307,본죽&비빔밥 봉천현대시장점,본그룹,백반·죽·국수,서울특별시,관악구,44.3861,D
review_focus,리뷰 성장 강화,ba_14171081,굽네피자 김해진영점,굽네치킨,피자,경상남도,김해시,46.1412,D
review_focus,리뷰 성장 강화,ba_14294476,굽네피자 하늘도시1호점,굽네치킨,피자,인천광역시,중구,46.1385,D
review_focus,리뷰 성장 강화,ba_14637964,굽네피자 영덕영해점,굽네치킨,피자,경상북도,영덕군,46.1337,D
review_focus,리뷰 성장 강화,ba_13097221,굽네치킨&피자 하늘도시1호점,굽네치킨,피자,인천광역시,중구,46.1307,D
review_focus,리뷰 성장 강화,ba_14165975,굽네피자 송도신도시점,굽네치킨,피자,인천광역시,연수구,46.1081,D
review_focus,리뷰 성장 강화,ba_14691072,본죽&비빔밥 대구신서혁신지구점,본그룹,백반·죽·국수,대구광역시,동구,39.2054,D
review_focus,리뷰 성장 강화,ba_14691206,굽네피자 강화선원점,굽네치킨,피자,인천광역시,강화군,46.0687,D
review_focus,리뷰 성장 강화,ba_14600398,굽네피자 여좌중앙점,굽네치킨,피자,경상남도,창원시,46.0524,D
review_focus,리뷰 성장 강화,ba_10501929,굽네치킨 포항양덕점,굽네치킨,치킨,경상북도,포항시,42.7526,D
review_focus,리뷰 성장 강화,ba_14669108,굽네피자 의정부용현점,굽네치킨,피자,경기도,의정부시,44.0659,D
review_focus,리뷰 성장 강화,ba_13084303,굽네치킨&피자 양산물금점,굽네치킨,피자,경상남도,양산시,45.9203,D
review_focus,리뷰 성장 강화,ba_14766646,본죽&비빔밥 대전한남대점,본그룹,백반·죽·국수,대전광역시,동구,45.8672,D
review_focus,리뷰 성장 강화,ba_14692346,본죽&비빔밥 보령동대점,본그룹,백반·죽·국수,충청남도,보령시,41.2538,D
review_focus,리뷰 성장 강화,ba_14673508,본죽&비빔밥 고덕래미안점,본그룹,백반·죽·국수,서울특별시,강동구,38.8516,D
review_focus,리뷰 성장 강화,ba_14688233,본죽&비빔밥 수원오목천점,본그룹,백반·죽·국수,경기도,수원시,48.0022,D
review_focus,리뷰 성장 강화,ba_13219045,본죽 구리인창아름마을점,본그룹,백반·죽·국수,경기도,구리시,37.4166,D
review_focus,리뷰 성장 강화,ba_14692146,본죽&비빔밥 부산재송점,본그룹,백반·죽·국수,부산광역시,해운대구,42.5878,D
review_focus,리뷰 성장 강화,ba_12020571,굽네피자 수색증산점,굽네치킨,피자,서울특별시,은평구,45.6352,D
review_focus,리뷰 성장 강화,ba_14694671,본죽&비빔밥 범계로데오점,본그룹,백반·죽·국수,경기도,안양시,38.7520,D
review_focus,리뷰 성장 강화,ba_13229975,본죽 구성언남점,본그룹,백반·죽·국수,경기도,용인시,46.5367,D
review_focus,리뷰 성장 강화,ba_13111670,굽네치킨&피자 주안3호점,굽네치킨,피자,인천광역시,미추홀구,45.5388,D
review_focus,리뷰 성장 강화,ba_14189792,굽네피자 부산우동점,굽네치킨,피자,부산광역시,해운대구,45.5703,D
review_focus,리뷰 성장 강화,ba_14675307,굽네치킨 운남점,굽네치킨,치킨,인천광역시,중구,39.7265,D
review_focus,리뷰 성장 강화,ba_14440526,굽네치킨 서산동문점,굽네치킨,치킨,충청남도,서산시,47.0016,D
review_focus,리뷰 성장 강화,ba_14744706,본죽&비빔밥 세종시청점,본그룹,백반·죽·국수,세종특별자치시,한누리대로,40.4939,D
review_focus,리뷰 성장 강화,ba_10019807,굽네치킨 부산덕천점,굽네치킨,치킨,부산광역시,북구,42.9993,D
review_focus,리뷰 성장 강화,ba_14650120,굽네치킨&피자 벌교읍점,굽네치킨,치킨,전라남도,보성군,45.4218,D
review_focus,리뷰 성장 강화,ba_14698239,본죽&비빔밥 의왕고천점,본그룹,백반·죽·국수,경기도,의왕시,42.1888,D
review_focus,리뷰 성장 강화,ba_14250329,굽네피자 인창점,굽네치킨,피자,경기도,구리시,45.5813,D
review_focus,리뷰 성장 강화,ba_14390509,굽네치킨 원주혁신점,굽네치킨,치킨,강원특별자치도,원주시,45.3010,D
review_focus,리뷰 성장 강화,ba_14692460,본죽 안양샘병원점,본그룹,백반·죽·국수,경기도,안양시,38.4275,D
review_focus,리뷰 성장 강화,ba_14597164,굽네치킨&피자 역삼2동점,굽네치킨,치킨,서울특별시,강남구,40.7055,D
review_focus,리뷰 성장 강화,ba_14689999,본죽&비빔밥 인천승기사거리점,본그룹,백반·죽·국수,인천광역시,미추홀구,39.0714,D
review_focus,리뷰 성장 강화,ba_13232134,본죽&비빔밥 광주운남점,본그룹,백반·죽·국수,광주광역시,광산구,36.6023,D
review_focus,리뷰 성장 강화,ba_14687304,본죽&비빔밥 관악우체국점,본그룹,백반·죽·국수,서울특별시,관악구,45.5067,D
review_focus,리뷰 성장 강화,ba_13223885,본죽&비빔밥 관악우체국점,본그룹,백반·죽·국수,서울특별시,관악구,45.5067,D
review_focus,리뷰 성장 강화,ba_14701137,본죽&비빔밥 남양주호평점,본그룹,백반·죽·국수,경기도,남양주시,40.0734,D
review_focus,리뷰 성장 강화,ba_14689591,본죽&비빔밥 평택서정리역점,본그룹,백반·죽·국수,경기도,평택시,38.6378,D
review_focus,리뷰 성장 강화,ba_13233027,본죽&비빔밥 고척근린공원점,본그룹,백반·죽·국수,서울특별시,구로구,45.4398,D
review_focus,리뷰 성장 강화,ba_14687334,본죽&비빔밥 고척근린공원점,본그룹,백반·죽·국수,서울특별시,구로구,45.4398,D
review_focus,리뷰 성장 강화,ba_14792754,굽네치킨 보라점,굽네치킨,치킨,경기도,용인시,44.9918,D
review_focus,리뷰 성장 강화,ba_14687136,본죽 서울백병원점,본그룹,백반·죽·국수,서울특별시,중구,37.2090,D
review_focus,리뷰 성장 강화,ba_14271330,굽네치킨 일광신도시점,굽네치킨,치킨,부산광역시,기장군,41.2391,D
review_focus,리뷰 성장 강화,ba_14689802,본죽&비빔밥 한성대입구점,본그룹,백반·죽·국수,서울특별시,성북구,45.2905,D
review_focus,리뷰 성장 강화,ba_13235508,본죽&비빔밥 의정부녹양점,본그룹,백반·죽·국수,경기도,의정부시,36.1662,D
review_focus,리뷰 성장 강화,ba_13236745,본죽&비빔밥 김해장유코아점,본그룹,백반·죽·국수,경상남도,김해시,38.9908,D
review_focus,리뷰 성장 강화,ba_13189796,본죽&비빔밥 아산탕정점,본그룹,백반·죽·국수,충청남도,아산시,37.1822,D
review_focus,리뷰 성장 강화,ba_14692164,본죽 세종고운점,본그룹,백반·죽·국수,세종특별자치시,마음로,39.0686,D
review_focus,리뷰 성장 강화,ba_14810163,굽네피자 서현역점,굽네치킨,피자,경기도,성남시,44.4854,D
review_focus,리뷰 성장 강화,ba_14560963,굽네피자 다산가운지금점,굽네치킨,피자,경기도,남양주시,44.5863,D
review_focus,리뷰 성장 강화,ba_13580972,굽네치킨&피자 신수점,굽네치킨,치킨,서울특별시,마포구,37.4046,D
review_focus,리뷰 성장 강화,ba_14599961,굽네치킨 파주헤이리점,굽네치킨,치킨,경기도,파주시,36.7236,D
review_focus,리뷰 성장 강화,ba_10665884,굽네치킨 부산청학점,굽네치킨,치킨,부산광역시,영도구,44.3144,D
review_focus,리뷰 성장 강화,ba_14766647,본죽&비빔밥 대전한남대점,본그룹,백반·죽·국수,대전광역시,동구,43.9371,D
review_focus,리뷰 성장 강화,ba_14495787,굽네치킨 김해율하점,굽네치킨,치킨,경상남도,김해시,44.2402,D
review_focus,리뷰 성장 강화,ba_14692042,굽네치킨 강화선원점,굽네치킨,치킨,인천광역시,강화군,44.1462,D
review_focus,리뷰 성장 강화,ba_14689837,본죽&비빔밥 동탄역점,본그룹,백반·죽·국수,경기도,화성시,51.2863,C
review_focus,리뷰 성장 강화,ba_13233742,본죽&비빔밥 내당삼익뉴타운점,본그룹,백반·죽·국수,대구광역시,서구,37.8656,D
review_focus,리뷰 성장 강화,ba_14855560,굽네치킨 양산서창점,굽네치킨,치킨,경상남도,양산시,44.0560,D
review_focus,리뷰 성장 강화,ba_14488212,굽네피자 풍동점,굽네치킨,피자,경기도,고양시,43.6242,D
review_focus,리뷰 성장 강화,ba_14743731,본죽&비빔밥 인천오류왕길점,본그룹,백반·죽·국수,인천광역시,서구,35.1001,D
review_focus,리뷰 성장 강화,ba_13230903,본죽 시흥시화병원점,본그룹,백반·죽·국수,경기도,시흥시,36.7253,D
review_focus,리뷰 성장 강화,ba_14185617,굽네피자 영주휴천점,굽네치킨,피자,경상북도,영주시,43.7391,D
review_focus,리뷰 성장 강화,ba_10571616,굽네치킨 답십리1동점,굽네치킨,치킨,서울특별시,동대문구,40.5214,D
review_focus,리뷰 성장 강화,ba_14253619,본죽&비빔밥 문래힐스테이트점,본그룹,백반·죽·국수,서울특별시,영등포구,38.4510,D
review_focus,리뷰 성장 강화,ba_14171092,굽네피자 광주용봉점,굽네치킨,피자,광주광역시,북구,43.5493,D
review_focus,리뷰 성장 강화,ba_13972819,굽네피자 영통2동점,굽네치킨,피자,경기도,수원시,43.7555,D
review_focus,리뷰 성장 강화,ba_14687859,본죽&비빔밥 제기동역점,본그룹,백반·죽·국수,서울특별시,동대문구,43.7785,D
review_focus,리뷰 성장 강화,ba_13970104,굽네피자 대구혁신점,굽네치킨,피자,대구광역시,동구,43.3158,D
review_focus,리뷰 성장 강화,ba_13972425,굽네피자 광주문흥점,굽네치킨,피자,광주광역시,북구,43.2243,D
review_focus,리뷰 성장 강화,ba_14270407,본죽&비빔밥 벡스코역점,본그룹,백반·죽·국수,부산광역시,해운대구,35.6870,D
review_focus,리뷰 성장 강화,ba_13870012,본죽&비빔밥 시흥장곡점,본그룹,백반·죽·국수,경기도,시흥시,41.6840,D
review_focus,리뷰 성장 강화,ba_13226567,본죽 신정점,본그룹,백반·죽·국수,서울특별시,양천구,43.4456,D
review_focus,리뷰 성장 강화,ba_13313909,굽네치킨 논현고잔1호점,굽네치킨,치킨,인천광역시,남동구,41.1850,D
review_focus,리뷰 성장 강화,ba_13233767,본죽&비빔밥 세종정부청사점,본그룹,백반·죽·국수,세종특별자치시,절재로,39.6384,D
review_focus,리뷰 성장 강화,ba_14794083,본죽&비빔밥 부산광안역점,본그룹,백반·죽·국수,부산광역시,수영구,42.8824,D
review_focus,리뷰 성장 강화,ba_14687323,본죽&비빔밥 관악구청점,본그룹,백반·죽·국수,서울특별시,관악구,38.8252,D
review_focus,리뷰 성장 강화,ba_14689859,본죽&비빔밥 춘천퇴계한숲점,본그룹,백반·죽·국수,강원특별자치도,춘천시,37.5192,D
review_focus,리뷰 성장 강화,ba_13976690,굽네피자 신수점,굽네치킨,피자,서울특별시,마포구,35.8685,D
review_focus,리뷰 성장 강화,ba_14593798,굽네치킨&피자 광주오포점,굽네치킨,치킨,경기도,광주시,38.8528,D
review_focus,리뷰 성장 강화,ba_14473511,본죽&비빔밥카페 김해가야대역점,본그룹,백반·죽·국수,경상남도,김해시,39.2619,D
review_focus,리뷰 성장 강화,ba_13219734,본죽 구리토평점,본그룹,백반·죽·국수,경기도,구리시,45.6987,D
review_focus,리뷰 성장 강화,ba_14189742,굽네피자 논현고잔1호점,굽네치킨,피자,인천광역시,남동구,42.5571,D
review_focus,리뷰 성장 강화,ba_14791437,굽네치킨&피자 신수점,굽네치킨,치킨,서울특별시,마포구,42.4096,D
review_focus,리뷰 성장 강화,ba_13076527,굽네치킨 창2동점,굽네치킨,치킨,서울특별시,도봉구,40.8709,D
review_focus,리뷰 성장 강화,ba_14810162,굽네치킨&피자 서현역점,굽네치킨,치킨,경기도,성남시,42.4429,D
review_focus,리뷰 성장 강화,ba_13233484,본죽&비빔밥 진주하대점,본그룹,백반·죽·국수,경상남도,진주시,44.8394,D
review_focus,리뷰 성장 강화,ba_14733665,굽네치킨 수원조원점,굽네치킨,치킨,경기도,수원시,37.7371,D
review_focus,리뷰 성장 강화,ba_14688789,본죽&비빔밥 성남고등점,본그룹,백반·죽·국수,경기도,성남시,38.9224,D
review_focus,리뷰 성장 강화,ba_14688609,본죽 죽전벽산타운점,본그룹,백반·죽·국수,경기도,용인시,36.1228,D
review_focus,리뷰 성장 강화,ba_10040590,굽네치킨 삼숭고읍점,굽네치킨,치킨,경기도,양주시,41.5706,D
review_focus,리뷰 성장 강화,ba_10636815,굽네치킨 완도점,굽네치킨,치킨,전라남도,완도군,42.0733,D
review_focus,리뷰 성장 강화,ba_14808489,굽네치킨 전주서학점,굽네치킨,치킨,전북특별자치도,전주시,42.0658,D
review_focus,리뷰 성장 강화,ba_14413122,굽네치킨&피자 만성점,굽네치킨,치킨,전북특별자치도,전주시,42.0359,D
review_focus,리뷰 성장 강화,ba_14714070,본죽&비빔밥 의정부발곡점,본그룹,백반·죽·국수,경기도,의정부시,42.4674,D
review_focus,리뷰 성장 강화,ba_13233724,본죽&비빔밥 대구동성로중앙점,본그룹,백반·죽·국수,대구광역시,중구,33.9021,D
review_focus,리뷰 성장 강화,ba_14615149,굽네치킨&피자 강대효자점,굽네치킨,치킨,강원특별자치도,춘천시,39.6877,D
review_focus,리뷰 성장 강화,ba_14727755,굽네치킨&피자 덕진금암점,굽네치킨,치킨,전북특별자치도,전주시,41.8796,D
review_focus,리뷰 성장 강화,ba_13189894,본죽&비빔밥 양산부산대병원정문앞택지점,본그룹,백반·죽·국수,경상남도,양산시,37.8332,D
review_focus,리뷰 성장 강화,ba_14525359,본죽&비빔밥 용인모현점,본그룹,백반·죽·국수,경기도,용인시,34.5975,D
review_focus,리뷰 성장 강화,ba_14689013,본죽&비빔밥 김포사우점,본그룹,백반·죽·국수,경기도,김포시,38.2106,D
review_focus,리뷰 성장 강화,ba_14809478,굽네치킨 권선1동점,굽네치킨,치킨,경기도,수원시,41.6685,D
review_focus,리뷰 성장 강화,ba_14758007,굽네치킨 송도신도시점,굽네치킨,치킨,인천광역시,연수구,41.6208,D
review_focus,리뷰 성장 강화,ba_14827938,굽네치킨&피자 거북섬점,굽네치킨,치킨,경기도,시흥시,41.5752,D
review_focus,리뷰 성장 강화,ba_10685624,굽네치킨 광주문흥점,굽네치킨,치킨,광주광역시,북구,41.3851,D
review_focus,리뷰 성장 강화,ba_13231218,본죽 시흥하상동점,본그룹,백반·죽·국수,경기도,시흥시,41.9113,D
review_focus,리뷰 성장 강화,ba_14687388,본죽&비빔밥 중곡사거리점,본그룹,백반·죽·국수,서울특별시,광진구,36.8965,D
review_focus,리뷰 성장 강화,ba_14691803,본죽 부산학장점,본그룹,백반·죽·국수,부산광역시,사상구,37.3903,D
review_focus,리뷰 성장 강화,ba_14690724,본죽&비빔밥 경남사천점,본그룹,백반·죽·국수,경상남도,사천시,32.6745,D
review_focus,리뷰 성장 강화,ba_13233466,본죽&비빔밥 대구대곡역점,본그룹,백반·죽·국수,대구광역시,달성군,37.3693,D
review_focus,리뷰 성장 강화,ba_14251745,굽네피자 태전점,굽네치킨,피자,대구광역시,북구,36.4797,D
review_focus,리뷰 성장 강화,ba_14688541,본죽 시흥하상동점,본그룹,백반·죽·국수,경기도,시흥시,41.8101,D
review_focus,리뷰 성장 강화,ba_14688854,본죽 평택팽성점,본그룹,백반·죽·국수,경기도,평택시,40.0557,D
review_focus,리뷰 성장 강화,ba_14809544,굽네치킨 송도4동점,굽네치킨,치킨,인천광역시,연수구,41.2438,D
review_focus,리뷰 성장 강화,ba_14692289,본죽&비빔밥 당진점,본그룹,백반·죽·국수,충청남도,당진시,41.7609,D
review_focus,리뷰 성장 강화,ba_14692339,본죽&비빔밥 청주분평점,본그룹,백반·죽·국수,충청북도,청주시,33.0654,D
review_focus,리뷰 성장 강화,ba_14695958,본죽 삼양사거리점,본그룹,백반·죽·국수,서울특별시,강북구,38.8839,D
review_focus,리뷰 성장 강화,ba_14769185,굽네치킨&피자 김천신음점,굽네치킨,치킨,경상북도,김천시,41.2889,D
review_focus,리뷰 성장 강화,ba_14716332,굽네치킨&피자 태평3동점,굽네치킨,치킨,경기도,성남시,36.0853,D
review_focus,리뷰 성장 강화,ba_14689894,본죽&비빔밥 인천간석남부역점,본그룹,백반·죽·국수,인천광역시,남동구,34.6323,D
review_focus,리뷰 성장 강화,ba_14691884,본죽&비빔밥 구서쌍용예가점,본그룹,백반·죽·국수,부산광역시,금정구,34.6507,D
review_focus,리뷰 성장 강화,ba_14692256,본죽&비빔밥 천안성거점,본그룹,백반·죽·국수,충청남도,천안시,41.6344,D
review_focus,리뷰 성장 강화,ba_14691910,본죽&비빔밥 울산청량점,본그룹,백반·죽·국수,울산광역시,울주군,41.5718,D
review_focus,리뷰 성장 강화,ba_14803437,굽네치킨 명곡대원점,굽네치킨,치킨,경상남도,창원시,41.0222,D
review_focus,리뷰 성장 강화,ba_14692282,본죽&비빔밥 당진수청점,본그룹,백반·죽·국수,충청남도,당진시,41.5170,D
review_focus,리뷰 성장 강화,ba_14690056,본죽&비빔밥cafe 용인동백역점,본그룹,백반·죽·국수,경기도,용인시,37.6851,D
review_focus,리뷰 성장 강화,ba_14435750,본죽&비빔밥 광주연제점,본그룹,백반·죽·국수,광주광역시,북구,32.5964,D
review_focus,리뷰 성장 강화,ba_13506840,굽네치킨 & 피자 약수역점,굽네치킨,치킨,서울특별시,중구,40.8851,D
review_focus,리뷰 성장 강화,ba_14522619,본죽&비빔밥 수원권선롯데마트점,본그룹,백반·죽·국수,경기도,수원시,41.4651,D
review_focus,리뷰 성장 강화,ba_13226580,본죽 등촌역점,본그룹,백반·죽·국수,서울특별시,양천구,32.5845,D
review_focus,리뷰 성장 강화,ba_13234187,본죽 경산계양점,본그룹,백반·죽·국수,경상북도,경산시,41.5820,D
review_focus,리뷰 성장 강화,ba_14400023,본죽&비빔밥 시흥장곡점,본그룹,백반·죽·국수,경기도,시흥시,41.3799,D
review_focus,리뷰 성장 강화,ba_14189864,굽네피자 & 피자 약수역점,굽네치킨,피자,서울특별시,중구,40.7439,D
review_focus,리뷰 성장 강화,ba_14797330,굽네치킨&피자 초전점,굽네치킨,치킨,경상남도,진주시,40.8223,D
review_focus,리뷰 성장 강화,ba_14173661,굽네피자 신월사파점,굽네치킨,피자,경상남도,창원시,41.7094,D
review_focus,리뷰 성장 강화,ba_14689425,본죽&비빔밥 의정부시청점,본그룹,백반·죽·국수,경기도,의정부시,41.2805,D
review_focus,리뷰 성장 강화,ba_14809961,굽네치킨 창원소답점,굽네치킨,치킨,경상남도,창원시,40.7370,D
review_focus,리뷰 성장 강화,ba_14773134,본죽&비빔밥 용인보라점,본그룹,백반·죽·국수,경기도,용인시,41.1365,D
review_focus,리뷰 성장 강화,ba_14190360,굽네피자 일산식사점,굽네치킨,피자,경기도,고양시,32.0595,D
review_focus,리뷰 성장 강화,ba_14776515,굽네치킨 대소점,굽네치킨,치킨,충청북도,음성군,40.7513,D
review_focus,리뷰 성장 강화,ba_14691324,본죽 포항지곡점,본그룹,백반·죽·국수,경상북도,포항시,41.0555,D
review_focus,리뷰 성장 강화,ba_14624480,굽네피자 고산지구점,굽네치킨,피자,경기도,의정부시,40.5226,D
review_focus,리뷰 성장 강화,ba_14525750,굽네피자 지산신장점,굽네치킨,피자,경기도,평택시,40.5243,D
review_focus,리뷰 성장 강화,ba_13973779,굽네피자 용인서천점,굽네치킨,피자,경기도,용인시,40.5095,D
review_focus,리뷰 성장 강화,ba_13233433,본죽 대명안지랑점,본그룹,백반·죽·국수,대구광역시,남구,33.8282,D
review_focus,리뷰 성장 강화,ba_14629814,굽네피자 용인모현점,굽네치킨,피자,경기도,용인시,40.4674,D
review_focus,리뷰 성장 강화,ba_14689508,본죽&비빔밥 파주문산점,본그룹,백반·죽·국수,경기도,파주시,40.9978,D
review_focus,리뷰 성장 강화,ba_14695008,본죽&비빔밥 부산연산점,본그룹,백반·죽·국수,부산광역시,연제구,34.7688,D
review_focus,리뷰 성장 강화,ba_13247000,본죽 용인광교역점,본그룹,백반·죽·국수,경기도,용인시,32.1831,D
review_focus,리뷰 성장 강화,ba_14788679,본죽&비빔밥 안산선부점,본그룹,백반·죽·국수,경기도,안산시,40.3790,D
review_focus,리뷰 성장 강화,ba_14696545,굽네피자 구리갈매점,굽네치킨,피자,경기도,구리시,40.4397,D
review_focus,리뷰 성장 강화,ba_13973937,굽네피자 동탄1동점,굽네치킨,피자,경기도,화성시,40.4127,D
review_focus,리뷰 성장 강화,ba_14756868,본죽&비빔밥 평택시청점,본그룹,백반·죽·국수,경기도,평택시,40.9315,D
review_focus,리뷰 성장 강화,ba_14691863,본죽&비빔밥 부산명지cgv점,본그룹,백반·죽·국수,부산광역시,강서구,40.8834,D
review_focus,리뷰 성장 강화,ba_14691316,본죽 포항오천점,본그룹,백반·죽·국수,경상북도,포항시,40.8712,D
review_focus,리뷰 성장 강화,ba_14797999,굽네치킨&피자 대흥역점,굽네치킨,치킨,서울특별시,마포구,39.9029,D
review_focus,리뷰 성장 강화,ba_14842562,굽네치킨&피자 영등포구청역점,굽네치킨,치킨,서울특별시,영등포구,40.1429,D
review_focus,리뷰 성장 강화,ba_14637963,굽네치킨 영덕영해점,굽네치킨,치킨,경상북도,영덕군,41.4447,D
review_focus,리뷰 성장 강화,ba_14327485,굽네치킨&피자 장곡장현점,굽네치킨,치킨,경기도,시흥시,36.3886,D
review_focus,리뷰 성장 강화,ba_14252162,굽네피자 사당2동점,굽네치킨,피자,서울특별시,동작구,40.1211,D
review_focus,리뷰 성장 강화,ba_12030167,굽네치킨&피자 후평점,굽네치킨,피자,강원특별자치도,춘천시,40.2158,D
review_focus,리뷰 성장 강화,ba_14691981,본죽&비빔밥 부산개금점,본그룹,백반·죽·국수,부산광역시,부산진구,40.6924,D
review_focus,리뷰 성장 강화,ba_14320813,굽네피자 옥곡백천점,굽네치킨,피자,경상북도,경산시,40.1496,D
review_focus,리뷰 성장 강화,ba_14731363,본죽&비빔밥 충북대병원앞점,본그룹,백반·죽·국수,충청북도,청주시,37.6003,D
review_focus,리뷰 성장 강화,ba_13628326,본죽&비빔밥 부산개금점,본그룹,백반·죽·국수,부산광역시,부산진구,40.6748,D
review_focus,리뷰 성장 강화,ba_14629153,굽네치킨&피자 합천점,굽네치킨,치킨,경상남도,합천군,42.8091,D
review_focus,리뷰 성장 강화,ba_13973414,굽네피자 후평점,굽네치킨,피자,강원특별자치도,춘천시,40.1347,D
review_focus,리뷰 성장 강화,ba_14691338,본죽 포항흥해점,본그룹,백반·죽·국수,경상북도,포항시,40.6406,D
review_focus,리뷰 성장 강화,ba_14569929,굽네치킨 응암1호점,굽네치킨,치킨,서울특별시,은평구,39.9482,D
review_focus,리뷰 성장 강화,ba_14690597,본죽&비빔밥 포항상원점,본그룹,백반·죽·국수,경상북도,포항시,40.5617,D
review_focus,리뷰 성장 강화,ba_13181486,본죽&비빔밥 천안두정점,본그룹,백반·죽·국수,충청남도,천안시,34.7998,D
review_focus,리뷰 성장 강화,ba_14796264,굽네치킨 종암스타점,굽네치킨,치킨,서울특별시,성북구,39.9038,D
review_focus,리뷰 성장 강화,ba_14686990,본죽 문정로데오점,본그룹,백반·죽·국수,서울특별시,송파구,33.7873,D
review_focus,리뷰 성장 강화,ba_12016615,굽네피자 울산삼산점,굽네치킨,피자,울산광역시,남구,40.4215,D
review_focus,리뷰 성장 강화,ba_14787229,본죽&비빔밥 수원호매실화홍병원점,본그룹,백반·죽·국수,경기도,수원시,39.8380,D
review_focus,리뷰 성장 강화,ba_14189925,굽네피자 불광점,굽네치킨,피자,서울특별시,은평구,39.8344,D
review_focus,리뷰 성장 강화,ba_14542191,굽네피자 응암1호점,굽네치킨,피자,서울특별시,은평구,39.8079,D
review_focus,리뷰 성장 강화,ba_10418755,굽네치킨&피자 곤지암점,굽네치킨,치킨,경기도,광주시,39.8449,D
review_focus,리뷰 성장 강화,ba_14189471,굽네피자 등촌3동점,굽네치킨,피자,서울특별시,강서구,39.7376,D
review_focus,리뷰 성장 강화,ba_13712881,굽네치킨 등촌3동점,굽네치킨,치킨,서울특별시,강서구,39.7357,D
review_focus,리뷰 성장 강화,ba_14271331,굽네피자 일광신도시점,굽네치킨,피자,부산광역시,기장군,36.4384,D
review_focus,리뷰 성장 강화,ba_14662462,굽네치킨 광탄점,굽네치킨,치킨,경기도,파주시,41.1052,D
review_focus,리뷰 성장 강화,ba_14691860,본죽&비빔밥 부산동삼점,본그룹,백반·죽·국수,부산광역시,영도구,37.6765,D
review_focus,리뷰 성장 강화,ba_14103678,굽네치킨&피자 불광점,굽네치킨,치킨,서울특별시,은평구,39.7110,D
review_focus,리뷰 성장 강화,ba_14392323,굽네피자 삼산1동점,굽네치킨,피자,인천광역시,부평구,39.7709,D
review_focus,리뷰 성장 강화,ba_13448308,굽네치킨 역촌점,굽네치킨,치킨,서울특별시,은평구,39.6631,D
review_focus,리뷰 성장 강화,ba_14840445,굽네치킨&피자 등촌3동점,굽네치킨,치킨,서울특별시,강서구,39.6576,D
review_focus,리뷰 성장 강화,ba_14251345,굽네피자 강화점,굽네치킨,피자,인천광역시,강화군,39.7345,D
review_focus,리뷰 성장 강화,ba_14800652,본죽&비빔밥 내방역점,본그룹,백반·죽·국수,서울특별시,서초구,40.1120,D
review_focus,리뷰 성장 강화,ba_14691400,본죽&비빔밥 경산하양점,본그룹,백반·죽·국수,경상북도,경산시,40.1224,D
review_focus,리뷰 성장 강화,ba_14733416,굽네치킨&피자 먹골역점,굽네치킨,치킨,서울특별시,중랑구,39.5985,D
review_focus,리뷰 성장 강화,ba_14252159,굽네치킨 사당2동점,굽네치킨,치킨,서울특별시,동작구,39.5828,D
review_focus,리뷰 성장 강화,ba_14690580,본죽&비빔밥 포항문덕원동점,본그룹,백반·죽·국수,경상북도,포항시,40.1392,D
review_focus,리뷰 성장 강화,ba_13326281,본죽 만리점,본그룹,백반·죽·국수,서울특별시,중구,34.7802,D
review_focus,리뷰 성장 강화,ba_10024499,굽네치킨 보령동대점,굽네치킨,치킨,충청남도,보령시,39.5957,D
review_focus,리뷰 성장 강화,ba_14624481,굽네치킨&피자 고산지구점,굽네치킨,치킨,경기도,의정부시,39.5467,D
review_focus,리뷰 성장 강화,ba_13851878,굽네치킨 용인서천점,굽네치킨,치킨,경기도,용인시,39.5441,D
review_focus,리뷰 성장 강화,ba_14400681,굽네피자 영암삼호점,굽네치킨,피자,전라남도,영암군,32.3964,D
review_focus,리뷰 성장 강화,ba_10416959,굽네치킨 은행동점,굽네치킨,치킨,경기도,성남시,39.5399,D
review_focus,리뷰 성장 강화,ba_14624475,굽네치킨 고산지구점,굽네치킨,치킨,경기도,의정부시,39.5402,D
review_focus,리뷰 성장 강화,ba_14642115,굽네치킨 공도2호점,굽네치킨,치킨,경기도,안성시,39.5141,D
review_focus,리뷰 성장 강화,ba_14696546,굽네치킨&피자 구리갈매점,굽네치킨,치킨,경기도,구리시,39.5082,D
review_focus,리뷰 성장 강화,ba_14695236,본죽&비빔밥 제주법원점,본그룹,백반·죽·국수,제주특별자치도,제주시,40.0248,D
review_focus,리뷰 성장 강화,ba_14746091,굽네치킨&피자 별내청학점,굽네치킨,치킨,경기도,남양주시,39.5050,D
review_focus,리뷰 성장 강화,ba_13950340,굽네치킨 동탄1동점,굽네치킨,치킨,경기도,화성시,39.5070,D
review_focus,리뷰 성장 강화,ba_14857305,굽네치킨&피자 송탄지산점,굽네치킨,치킨,경기도,평택시,39.4996,D
review_focus,리뷰 성장 강화,ba_14854750,굽네치킨 울산신정3호점,굽네치킨,치킨,울산광역시,남구,39.4983,D
review_focus,리뷰 성장 강화,ba_14696544,굽네치킨 구리갈매점,굽네치킨,치킨,경기도,구리시,39.4956,D
review_focus,리뷰 성장 강화,ba_14691387,본죽&비빔밥 경주동국대병원점,본그룹,백반·죽·국수,경상북도,경주시,40.0051,D
review_focus,리뷰 성장 강화,ba_14692319,본죽&비빔밥 제주강정점,본그룹,백반·죽·국수,제주특별자치도,서귀포시,40.0014,D
review_focus,리뷰 성장 강화,ba_14853495,굽네치킨&피자 구리갈매점,굽네치킨,치킨,경기도,구리시,39.4703,D
review_focus,리뷰 성장 강화,ba_14690576,본죽&비빔밥 포항세명병원점,본그룹,백반·죽·국수,경상북도,포항시,39.9886,D
review_focus,리뷰 성장 강화,ba_14681358,굽네치킨 시흥능곡점,굽네치킨,치킨,경기도,시흥시,39.4640,D
review_focus,리뷰 성장 강화,ba_10840065,굽네치킨 천안백석점,굽네치킨,치킨,충청남도,천안시,39.4546,D
review_focus,리뷰 성장 강화,ba_14805037,굽네치킨&피자 광주퇴촌점,굽네치킨,치킨,경기도,광주시,39.4334,D
review_focus,리뷰 성장 강화,ba_14352930,굽네치킨 녹양점,굽네치킨,치킨,경기도,의정부시,39.4319,D
review_focus,리뷰 성장 강화,ba_14525748,굽네치킨 지산신장점,굽네치킨,치킨,경기도,평택시,39.4338,D
review_focus,리뷰 성장 강화,ba_14662584,굽네치킨&피자 광주퇴촌점,굽네치킨,치킨,경기도,광주시,39.4273,D
review_focus,리뷰 성장 강화,ba_14856977,굽네치킨&피자 용산점,굽네치킨,치킨,대구광역시,달서구,39.4253,D
review_focus,리뷰 성장 강화,ba_13311793,굽네치킨 연신내점,굽네치킨,치킨,서울특별시,은평구,34.2379,D
review_focus,리뷰 성장 강화,ba_14690658,본죽&비빔밥 포항이인지구점,본그룹,백반·죽·국수,경상북도,포항시,39.9088,D
review_focus,리뷰 성장 강화,ba_14810724,굽네치킨&피자 동대구해모로점,굽네치킨,치킨,대구광역시,동구,39.3738,D
review_focus,리뷰 성장 강화,ba_14481987,굽네치킨 마산점,굽네치킨,치킨,경기도,김포시,39.3575,D
review_focus,리뷰 성장 강화,ba_10767741,굽네치킨 후평점,굽네치킨,치킨,강원특별자치도,춘천시,39.3419,D
review_focus,리뷰 성장 강화,ba_12029686,굽네치킨 나주혁신도시1호점,굽네치킨,치킨,전라남도,나주시,37.5126,D
review_focus,리뷰 성장 강화,ba_14484108,굽네치킨 애막골후평점,굽네치킨,치킨,강원특별자치도,춘천시,39.3419,D
review_focus,리뷰 성장 강화,ba_14796881,굽네치킨 안산부곡점,굽네치킨,치킨,경기도,안산시,39.3326,D
review_focus,리뷰 성장 강화,ba_14768997,굽네치킨&피자 양벌점,굽네치킨,치킨,경기도,광주시,39.3318,D
review_focus,리뷰 성장 강화,ba_14629813,굽네치킨 용인모현점,굽네치킨,치킨,경기도,용인시,39.3265,D
review_focus,리뷰 성장 강화,ba_14692368,본죽&비빔밥 제주서귀포동홍점,본그룹,백반·죽·국수,제주특별자치도,서귀포시,39.8198,D
review_focus,리뷰 성장 강화,ba_13003575,굽네치킨&피자 여수관문점,굽네치킨,피자,전라남도,여수시,39.5273,D
review_focus,리뷰 성장 강화,ba_14759786,굽네치킨&피자 퇴계CGV점,굽네치킨,치킨,강원특별자치도,춘천시,39.2789,D
review_focus,리뷰 성장 강화,ba_13228939,본죽 산성역점,본그룹,백반·죽·국수,경기도,성남시,43.7085,D
review_focus,리뷰 성장 강화,ba_14692087,본죽&비빔밥 신제주점,본그룹,백반·죽·국수,제주특별자치도,제주시,39.7861,D
review_focus,리뷰 성장 강화,ba_14849575,굽네치킨 엄궁점,굽네치킨,치킨,부산광역시,사상구,39.2378,D
review_focus,리뷰 성장 강화,ba_13452835,굽네치킨 경남남해점,굽네치킨,치킨,경상남도,남해군,39.2389,D
review_focus,리뷰 성장 강화,ba_13574800,굽네치킨 대구신매점,굽네치킨,치킨,대구광역시,수성구,37.0825,D
review_focus,리뷰 성장 강화,ba_14691986,본죽&비빔밥 제주삼화점,본그룹,백반·죽·국수,제주특별자치도,제주시,39.7664,D
review_focus,리뷰 성장 강화,ba_14597165,굽네피자 역삼2동점,굽네치킨,피자,서울특별시,강남구,32.3099,D
review_focus,리뷰 성장 강화,ba_13348011,굽네치킨 하남신장점,굽네치킨,치킨,경기도,하남시,39.2226,D
review_focus,리뷰 성장 강화,ba_10620671,굽네치킨 광주백운점,굽네치킨,치킨,광주광역시,남구,39.2154,D
review_focus,리뷰 성장 강화,ba_14855934,굽네치킨 동대신점,굽네치킨,치킨,부산광역시,서구,39.1821,D
review_focus,리뷰 성장 강화,ba_14711140,본죽&비빔밥 제주삼화점,본그룹,백반·죽·국수,제주특별자치도,제주시,39.7073,D
review_focus,리뷰 성장 강화,ba_14711141,본죽&비빔밥 제주삼화점,본그룹,백반·죽·국수,제주특별자치도,제주시,39.7073,D
review_focus,리뷰 성장 강화,ba_14687497,본죽 대림점,본그룹,백반·죽·국수,서울특별시,동작구,33.4591,D
review_focus,리뷰 성장 강화,ba_14850510,굽네치킨 가야점,굽네치킨,치킨,부산광역시,부산진구,39.1475,D
review_focus,리뷰 성장 강화,ba_14691990,본죽&비빔밥 제주아라점,본그룹,백반·죽·국수,제주특별자치도,제주시,39.6742,D
review_focus,리뷰 성장 강화,ba_10499851,굽네치킨 대신점,굽네치킨,치킨,부산광역시,서구,39.0952,D
review_focus,리뷰 성장 강화,ba_14545829,굽네치킨 임학점,굽네치킨,치킨,인천광역시,계양구,39.0489,D
review_focus,리뷰 성장 강화,ba_12027186,굽네치킨&피자 청라1호점,굽네치킨,치킨,인천광역시,서구,39.0503,D
review_focus,리뷰 성장 강화,ba_14294656,굽네치킨 청천2동점,굽네치킨,치킨,인천광역시,부평구,39.0309,D
review_focus,리뷰 성장 강화,ba_13230824,본죽&비빔밥 가산테라타워점,본그룹,백반·죽·국수,서울특별시,금천구,30.6681,D
review_focus,리뷰 성장 강화,ba_14619205,굽네치킨&피자 신현원창점,굽네치킨,치킨,인천광역시,서구,39.0023,D
review_focus,리뷰 성장 강화,ba_13056957,굽네치킨 석남점,굽네치킨,치킨,인천광역시,서구,39.0020,D
review_focus,리뷰 성장 강화,ba_14730328,본죽&비빔밥 동탄꼬모점,본그룹,백반·죽·국수,경기도,화성시,34.3058,D
review_focus,리뷰 성장 강화,ba_14799661,본죽&비빔밥 의정부역점,본그룹,백반·죽·국수,경기도,의정부시,39.3021,D
review_focus,리뷰 성장 강화,ba_14688702,본죽&비빔밥 부천춘의점,본그룹,백반·죽·국수,경기도,부천시,38.0388,D
review_focus,리뷰 성장 강화,ba_13062668,굽네치킨 포항흥해점,굽네치킨,치킨,경상북도,포항시,34.9319,D
review_focus,리뷰 성장 강화,ba_14690672,본죽&비빔밥 김해율하점,본그룹,백반·죽·국수,경상남도,김해시,34.1530,D
review_focus,리뷰 성장 강화,ba_14689427,본죽&비빔밥 의정부금오점,본그룹,백반·죽·국수,경기도,의정부시,34.1220,D
review_focus,리뷰 성장 강화,ba_14692796,본죽&비빔밥 아산모종점,본그룹,백반·죽·국수,충청남도,아산시,34.4728,D
review_focus,리뷰 성장 강화,ba_14689906,본죽 인천간석사거리점,본그룹,백반·죽·국수,인천광역시,남동구,37.3731,D
review_focus,리뷰 성장 강화,ba_13972771,굽네피자 광주상무점,굽네치킨,피자,광주광역시,서구,30.0085,D
review_focus,리뷰 성장 강화,ba_14239270,굽네피자 대구이곡점,굽네치킨,피자,대구광역시,달서구,29.7644,D
review_focus,리뷰 성장 강화,ba_14726738,본죽&비빔밥 해운대센텀역점,본그룹,백반·죽·국수,부산광역시,해운대구,34.8416,D
review_focus,리뷰 성장 강화,ba_14456345,본죽&비빔밥 천안두정포레나점,본그룹,백반·죽·국수,충청남도,천안시,30.2223,D
review_focus,리뷰 성장 강화,ba_13236481,본죽&비빔밥 포항시외버스터미널점,본그룹,백반·죽·국수,경상북도,포항시,33.6933,D
review_focus,리뷰 성장 강화,ba_14691918,본죽&비빔밥 방학도깨비시장점,본그룹,백반·죽·국수,서울특별시,도봉구,37.7200,D
review_focus,리뷰 성장 강화,ba_14649303,굽네치킨 계룡대실점,굽네치킨,치킨,충청남도,계룡시,32.6244,D
review_focus,리뷰 성장 강화,ba_14691147,본죽&비빔밥 안동성소병원점,본그룹,백반·죽·국수,경상북도,안동시,34.7137,D
review_focus,리뷰 성장 강화,ba_14691078,본죽&비빔밥 통영항남점,본그룹,백반·죽·국수,경상남도,통영시,33.1714,D
review_focus,리뷰 성장 강화,ba_14392877,본죽&비빔밥 인천석바위점,본그룹,백반·죽·국수,인천광역시,미추홀구,33.3447,D
review_focus,리뷰 성장 강화,ba_14593800,굽네피자 광주오포점,굽네치킨,피자,경기도,광주시,32.2599,D
review_focus,리뷰 성장 강화,ba_14563145,굽네치킨 경주불국사점,굽네치킨,치킨,경상북도,경주시,32.7725,D
review_focus,리뷰 성장 강화,ba_14692434,본죽&비빔밥 천안백석푸르지오점,본그룹,백반·죽·국수,충청남도,천안시,31.3902,D
review_focus,리뷰 성장 강화,ba_14533127,본죽&비빔밥 위례창곡점,본그룹,백반·죽·국수,경기도,성남시,33.0485,D
review_focus,리뷰 성장 강화,ba_14754395,굽네치킨 구이점,굽네치킨,치킨,전북특별자치도,완주군,34.2774,D
review_focus,리뷰 성장 강화,ba_14506800,본죽&비빔밥 율전상률초점,본그룹,백반·죽·국수,경기도,수원시,42.0704,D
review_focus,리뷰 성장 강화,ba_14652311,굽네치킨&피자 강남세곡점,굽네치킨,치킨,서울특별시,강남구,32.1265,D
review_focus,리뷰 성장 강화,ba_14686856,본죽&비빔밥 부산만덕사거리점,본그룹,백반·죽·국수,부산광역시,북구,31.5884,D
review_focus,리뷰 성장 강화,ba_14691904,본죽&비빔밥 울산우정점,본그룹,백반·죽·국수,울산광역시,중구,32.0473,D
review_focus,리뷰 성장 강화,ba_14770149,본죽&비빔밥 동탄테크노밸리점,본그룹,백반·죽·국수,경기도,화성시,38.2594,D
review_focus,리뷰 성장 강화,ba_13972155,굽네피자 금호점,굽네치킨,피자,광주광역시,서구,30.3431,D
review_focus,리뷰 성장 강화,ba_13972595,굽네피자 나주혁신도시1호점,굽네치킨,피자,전라남도,나주시,31.1209,D
review_focus,리뷰 성장 강화,ba_13230793,본죽&비빔밥 구로디지털역점,본그룹,백반·죽·국수,서울특별시,구로구,31.9741,D
review_focus,리뷰 성장 강화,ba_14108842,굽네치킨 영암점,굽네치킨,치킨,전라남도,영암군,38.2684,D
review_focus,리뷰 성장 강화,ba_14274836,굽네피자 운천점,굽네치킨,피자,경기도,포천시,29.0756,D
review_focus,리뷰 성장 강화,ba_14690709,본죽&비빔밥 김해진영점,본그룹,백반·죽·국수,경상남도,김해시,29.5279,D
review_focus,리뷰 성장 강화,ba_14690909,본죽&비빔밥 마산회원동점,본그룹,백반·죽·국수,경상남도,창원시,33.2427,D
review_focus,리뷰 성장 강화,ba_13229960,본죽 창원소답점,본그룹,백반·죽·국수,경상남도,창원시,29.9068,D
review_focus,리뷰 성장 강화,ba_14742704,본죽&비빔밥 청주개신점,본그룹,백반·죽·국수,충청북도,청주시,31.1481,D
review_focus,리뷰 성장 강화,ba_14607412,굽네치킨&피자 거북섬점,굽네치킨,치킨,경기도,시흥시,35.6915,D
review_focus,리뷰 성장 강화,ba_14581501,본죽&비빔밥 동탄한림대병원점,본그룹,백반·죽·국수,경기도,화성시,37.6189,D
review_focus,리뷰 성장 강화,ba_13229184,본죽 대구산격점,본그룹,백반·죽·국수,대구광역시,북구,29.6022,D
review_focus,리뷰 성장 강화,ba_13977023,굽네피자 삼숭고읍점,굽네치킨,피자,경기도,양주시,29.3460,D
review_focus,리뷰 성장 강화,ba_13974075,굽네피자 인계점,굽네치킨,피자,경기도,수원시,28.6678,D
review_focus,리뷰 성장 강화,ba_14688115,본죽 산본사거리점,본그룹,백반·죽·국수,경기도,군포시,37.4742,D
review_focus,리뷰 성장 강화,ba_14688567,본죽&비빔밥 목동8단지점,본그룹,백반·죽·국수,서울특별시,양천구,30.7444,D
review_focus,리뷰 성장 강화,ba_13230502,본죽 화성봉담점,본그룹,백반·죽·국수,경기도,화성시,31.5880,D
review_focus,리뷰 성장 강화,ba_14397420,굽네치킨 진해장천점,굽네치킨,치킨,경상남도,창원시,34.3274,D
review_focus,리뷰 성장 강화,ba_13224833,본죽 명학역점,본그룹,백반·죽·국수,경기도,안양시,28.6442,D
review_focus,리뷰 성장 강화,ba_13233454,본죽 서산읍내동점,본그룹,백반·죽·국수,충청남도,서산시,30.3239,D
review_focus,리뷰 성장 강화,ba_14799660,본죽&비빔밥 의정부역점,본그룹,백반·죽·국수,경기도,의정부시,37.2229,D
review_focus,리뷰 성장 강화,ba_14690122,본죽&비빔밥 용인죽전사거리도담마을점,본그룹,백반·죽·국수,경기도,용인시,38.0674,D
review_focus,리뷰 성장 강화,ba_14629919,굽네피자 양지동점,굽네치킨,피자,경기도,성남시,28.3255,D
review_focus,리뷰 성장 강화,ba_13231050,본죽&비빔밥 안산고잔법원점,본그룹,백반·죽·국수,경기도,안산시,28.3927,D
review_focus,리뷰 성장 강화,ba_14687347,본죽&비빔밥 둔촌보훈병원점,본그룹,백반·죽·국수,서울특별시,강동구,29.1985,D
review_focus,리뷰 성장 강화,ba_13973349,굽네피자 온의퇴계점,굽네치킨,피자,강원특별자치도,춘천시,28.1174,D
review_focus,리뷰 성장 강화,ba_13969584,굽네피자 대구대현점,굽네치킨,피자,대구광역시,북구,30.1328,D
review_focus,리뷰 성장 강화,ba_14422337,본죽&비빔밥 고양덕은점,본그룹,백반·죽·국수,경기도,고양시,28.0178,D
review_focus,리뷰 성장 강화,ba_13234523,본죽&비빔밥 동탄목동점,본그룹,백반·죽·국수,경기도,화성시,30.4490,D
review_focus,리뷰 성장 강화,ba_14796355,본죽&비빔밥 남양주퇴계원점,본그룹,백반·죽·국수,경기도,남양주시,36.8438,D
review_focus,리뷰 성장 강화,ba_14691997,본죽&비빔밥 부산사상점,본그룹,백반·죽·국수,부산광역시,사상구,32.8441,D
review_focus,리뷰 성장 강화,ba_14691262,본죽&비빔밥 대구상인롯데점,본그룹,백반·죽·국수,대구광역시,달서구,36.7358,D
review_focus,리뷰 성장 강화,ba_14399330,본죽&비빔밥 대구상인롯데점,본그룹,백반·죽·국수,대구광역시,달서구,36.7331,D
review_focus,리뷰 성장 강화,ba_10583009,굽네치킨 광주용봉점,굽네치킨,치킨,광주광역시,북구,38.6718,D
review_focus,리뷰 성장 강화,ba_14801139,굽네치킨&피자 율하스타점,굽네치킨,치킨,경상남도,김해시,36.9544,D
review_focus,리뷰 성장 강화,ba_13228869,본죽&비빔밥 대전판암점,본그룹,백반·죽·국수,대전광역시,동구,29.1828,D
review_focus,리뷰 성장 강화,ba_14687134,본죽 만리점,본그룹,백반·죽·국수,서울특별시,중구,30.1993,D
review_focus,리뷰 성장 강화,ba_13260523,본죽＆비빔밥 평택포승점,본그룹,백반·죽·국수,경기도,평택시,30.7330,D
review_focus,리뷰 성장 강화,ba_14249441,굽네피자 부산하단점,굽네치킨,피자,부산광역시,사하구,27.5142,D
review_focus,리뷰 성장 강화,ba_14341228,굽네피자&치킨 고덕국제점,굽네치킨,피자,경기도,평택시,27.5065,D
review_focus,리뷰 성장 강화,ba_14703003,본죽 경남거제옥포점,본그룹,백반·죽·국수,경상남도,거제시,36.3138,D
review_focus,리뷰 성장 강화,ba_13223504,본죽&비빔밥 문정법조단지점,본그룹,백반·죽·국수,서울특별시,송파구,34.4535,D
review_focus,리뷰 성장 강화,ba_14400680,굽네치킨 영암삼호점,굽네치킨,치킨,전라남도,영암군,30.5635,D
review_focus,리뷰 성장 강화,ba_14691145,본죽&비빔밥 구미상모점,본그룹,백반·죽·국수,경상북도,구미시,39.9551,D
review_focus,리뷰 성장 강화,ba_14812426,본죽&비빔밥 대전선화점,본그룹,백반·죽·국수,대전광역시,중구,36.0386,D
review_focus,리뷰 성장 강화,ba_14812430,본죽&비빔밥 대전선화점,본그룹,백반·죽·국수,대전광역시,중구,36.0171,D
review_focus,리뷰 성장 강화,ba_14783436,본죽&비빔밥 마산합포오동점,본그룹,백반·죽·국수,경상남도,창원시,35.9925,D
review_focus,리뷰 성장 강화,ba_14762166,본죽&비빔밥 광주북구청점,본그룹,백반·죽·국수,광주광역시,북구,32.7337,D
review_focus,리뷰 성장 강화,ba_13233594,본죽 대구진천역점,본그룹,백반·죽·국수,대구광역시,달서구,28.1353,D
review_focus,리뷰 성장 강화,ba_10774794,굽네치킨&피자 회덕점,굽네치킨,치킨,경기도,광주시,30.4984,D
review_focus,리뷰 성장 강화,ba_13228978,본죽&비빔밥 인천연희연세병원점,본그룹,백반·죽·국수,인천광역시,서구,27.9987,D
review_focus,리뷰 성장 강화,ba_14702063,본죽&비빔밥 목동파라곤점,본그룹,백반·죽·국수,서울특별시,양천구,31.3038,D
review_focus,리뷰 성장 강화,ba_14831112,본죽&비빔밥 상봉역점,본그룹,백반·죽·국수,서울특별시,중랑구,35.0077,D
review_focus,리뷰 성장 강화,ba_14270903,굽네치킨&피자 원미점,굽네치킨,치킨,경기도,부천시,26.1038,D
review_focus,리뷰 성장 강화,ba_14841573,본죽&비빔밥 왕십리점,본그룹,백반·죽·국수,서울특별시,성동구,34.8684,D
review_focus,리뷰 성장 강화,ba_14688709,본죽&비빔밥 부천순천향병원앞점,본그룹,백반·죽·국수,경기도,부천시,26.2757,D
review_focus,리뷰 성장 강화,ba_14831111,본죽&비빔밥 상봉역점,본그룹,백반·죽·국수,서울특별시,중랑구,34.7972,D
review_focus,리뷰 성장 강화,ba_14841574,본죽&비빔밥 왕십리점,본그룹,백반·죽·국수,서울특별시,성동구,34.7761,D
review_focus,리뷰 성장 강화,ba_13251048,본죽&비빔밥 울산송정점,본그룹,백반·죽·국수,울산광역시,북구,26.4847,D
review_focus,리뷰 성장 강화,ba_13207953,본죽&비빔밥 자양동점,본그룹,백반·죽·국수,서울특별시,광진구,34.4355,D
review_focus,리뷰 성장 강화,ba_14692056,본죽&비빔밥 자양동점,본그룹,백반·죽·국수,서울특별시,광진구,34.4355,D
review_focus,리뷰 성장 강화,ba_14826413,본죽&비빔밥 대림성모점,본그룹,백반·죽·국수,서울특별시,동작구,34.4283,D
review_focus,리뷰 성장 강화,ba_14828692,본죽&비빔밥 대림성모점,본그룹,백반·죽·국수,서울특별시,동작구,34.4283,D
review_focus,리뷰 성장 강화,ba_13227070,본죽&비빔밥 부산신호점,본그룹,백반·죽·국수,부산광역시,강서구,25.9388,D
review_focus,리뷰 성장 강화,ba_14691798,본죽&비빔밥 울산송정점,본그룹,백반·죽·국수,울산광역시,북구,25.8017,D
review_focus,리뷰 성장 강화,ba_10698232,굽네치킨&피자 연경점,굽네치킨,치킨,대구광역시,동구,26.8859,D
review_focus,리뷰 성장 강화,ba_14798893,본죽&비빔밥 남양주퇴계원점,본그룹,백반·죽·국수,경기도,남양주시,35.2433,D
review_focus,리뷰 성장 강화,ba_14691237,본죽 대구황금동점,본그룹,백반·죽·국수,대구광역시,수성구,25.5783,D
review_focus,리뷰 성장 강화,ba_14780432,본죽&비빔밥 경기광주태전힐스테이트점,본그룹,백반·죽·국수,경기도,광주시,34.1878,D
review_focus,리뷰 성장 강화,ba_14754965,본죽&비빔밥 평택시청점,본그룹,백반·죽·국수,경기도,평택시,25.6609,D
review_focus,리뷰 성장 강화,ba_14049107,굽네치킨&피자 송도신도시점,굽네치킨,치킨,인천광역시,연수구,25.2034,D
review_focus,리뷰 성장 강화,ba_14248050,굽네치킨&피자 은행선화점,굽네치킨,치킨,대전광역시,중구,25.0161,D
review_focus,리뷰 성장 강화,ba_14691864,본죽&비빔밥 부산신호점,본그룹,백반·죽·국수,부산광역시,강서구,25.2233,D
review_focus,리뷰 성장 강화,ba_14528476,본죽&비빔밥 인천박촌역점,본그룹,백반·죽·국수,인천광역시,계양구,33.8075,D
review_focus,리뷰 성장 강화,ba_14690560,본죽 창원경상대학교병원점,본그룹,백반·죽·국수,경상남도,창원시,38.5868,D
review_focus,리뷰 성장 강화,ba_14262149,본죽&비빔밥 용인둔전점,본그룹,백반·죽·국수,경기도,용인시,26.2415,D
review_focus,리뷰 성장 강화,ba_14691105,본죽&비빔밥 대전하기동점,본그룹,백반·죽·국수,대전광역시,유성구,25.0474,D
review_focus,리뷰 성장 강화,ba_13292835,본죽&비빔밥 대전하기동점,본그룹,백반·죽·국수,대전광역시,유성구,25.0474,D
review_focus,리뷰 성장 강화,ba_13182129,본죽 천안순천향병원점,본그룹,백반·죽·국수,충청남도,천안시,28.6177,D
review_focus,리뷰 성장 강화,ba_14812126,본죽&비빔밥 가평설악점,본그룹,백반·죽·국수,경기도,가평군,33.4711,D
review_focus,리뷰 성장 강화,ba_13182018,본죽&비빔밥 순천중앙점,본그룹,백반·죽·국수,전라남도,순천시,27.6263,D
review_focus,리뷰 성장 강화,ba_14690836,본죽&비빔밥 마산내서점,본그룹,백반·죽·국수,경상남도,창원시,24.7049,D
review_focus,리뷰 성장 강화,ba_14781731,본죽&비빔밥 하남시청점,본그룹,백반·죽·국수,경기도,하남시,33.1705,D
review_focus,리뷰 성장 강화,ba_14691122,본죽 부산기장점,본그룹,백반·죽·국수,부산광역시,기장군,33.1897,D
review_focus,리뷰 성장 강화,ba_14691311,본죽 경북왜관점,본그룹,백반·죽·국수,경상북도,칠곡군,33.0994,D
review_focus,리뷰 성장 강화,ba_14689893,본죽 양산통도사점,본그룹,백반·죽·국수,경상남도,양산시,33.0438,D
review_focus,리뷰 성장 강화,ba_14775582,본죽&비빔밥 시흥배곧한라점,본그룹,백반·죽·국수,경기도,시흥시,32.9807,D
review_focus,리뷰 성장 강화,ba_14818313,본죽&비빔밥 대전복수점,본그룹,백반·죽·국수,대전광역시,서구,32.9615,D
review_focus,리뷰 성장 강화,ba_14818314,본죽&비빔밥 대전복수점,본그룹,백반·죽·국수,대전광역시,서구,32.9602,D
review_focus,리뷰 성장 강화,ba_13976616,굽네피자 여수관문점,굽네치킨,피자,전라남도,여수시,24.0548,D
review_focus,리뷰 성장 강화,ba_14691048,본죽&비빔밥 진해자은점,본그룹,백반·죽·국수,경상남도,창원시,32.9168,D
review_focus,리뷰 성장 강화,ba_14801362,본죽&비빔밥 청주지웰시티점,본그룹,백반·죽·국수,충청북도,청주시,32.8872,D
review_focus,리뷰 성장 강화,ba_14798894,본죽&비빔밥 남양주퇴계원점,본그룹,백반·죽·국수,경기도,남양주시,33.6636,D
review_focus,리뷰 성장 강화,ba_14692092,본죽&비빔밥 제주외도점,본그룹,백반·죽·국수,제주특별자치도,제주시,24.1845,D
review_focus,리뷰 성장 강화,ba_14689760,본죽&비빔밥 송도퍼스트파크점,본그룹,백반·죽·국수,인천광역시,연수구,32.7284,D
review_focus,리뷰 성장 강화,ba_13223141,본죽 일산탄현점,본그룹,백반·죽·국수,경기도,고양시,25.6732,D
review_focus,리뷰 성장 강화,ba_13234101,본죽&비빔밥 세종첫마을점,본그룹,백반·죽·국수,세종특별자치시,노을3로,25.3269,D
review_focus,리뷰 성장 강화,ba_14687493,본죽&비빔밥 상암DMC점,본그룹,백반·죽·국수,서울특별시,마포구,30.5242,D
review_focus,리뷰 성장 강화,ba_14728291,본죽 논산점,본그룹,백반·죽·국수,충청남도,논산시,33.3174,D
review_focus,리뷰 성장 강화,ba_14580787,본죽&비빔밥 광주운암벽산점,본그룹,백반·죽·국수,광주광역시,북구,27.3423,D
review_focus,리뷰 성장 강화,ba_13229560,본죽 양천구청점,본그룹,백반·죽·국수,서울특별시,양천구,24.3606,D
review_focus,리뷰 성장 강화,ba_10418082,굽네치킨 여수관문점,굽네치킨,치킨,전라남도,여수시,30.8414,D
review_focus,리뷰 성장 강화,ba_14688345,본죽 수원화서위브하늘채점,본그룹,백반·죽·국수,경기도,수원시,27.6868,D
review_focus,리뷰 성장 강화,ba_13237293,본죽 의왕오전점,본그룹,백반·죽·국수,경기도,의왕시,28.6185,D
review_focus,리뷰 성장 강화,ba_14675393,굽네치킨 적성점,굽네치킨,치킨,경기도,파주시,25.0169,D
review_focus,리뷰 성장 강화,ba_13181699,본죽 김포양곡점,본그룹,백반·죽·국수,경기도,김포시,25.6513,D
review_focus,리뷰 성장 강화,ba_14687076,본죽 양천구청점,본그룹,백반·죽·국수,서울특별시,양천구,27.2093,D
review_focus,리뷰 성장 강화,ba_14775022,본죽&비빔밥 광혜원점,본그룹,백반·죽·국수,충청북도,진천군,32.1568,D
review_focus,리뷰 성장 강화,ba_14688075,본죽 일산탄현점,본그룹,백반·죽·국수,경기도,고양시,23.8537,D
review_focus,리뷰 성장 강화,ba_13233581,본죽&비빔밥 진주혁신중앙점,본그룹,백반·죽·국수,경상남도,진주시,27.1674,D
review_focus,리뷰 성장 강화,ba_13969607,굽네피자 봉곡사림점,굽네치킨,피자,경상남도,창원시,26.4231,D
review_focus,리뷰 성장 강화,ba_14692035,본죽&비빔밥 여수미평점,본그룹,백반·죽·국수,전라남도,여수시,27.1975,D
review_focus,리뷰 성장 강화,ba_14786815,본죽&비빔밥 부산남천동점,본그룹,백반·죽·국수,부산광역시,수영구,31.1046,D
review_focus,리뷰 성장 강화,ba_13722581,본죽&비빔밥 의왕고천점,본그룹,백반·죽·국수,경기도,의왕시,26.2557,D
review_focus,리뷰 성장 강화,ba_14294026,굽네치킨&피자 신안중흥점,굽네치킨,치킨,광주광역시,북구,26.8912,D
review_focus,리뷰 성장 강화,ba_14582508,본죽 안산월피동점,본그룹,백반·죽·국수,경기도,안산시,25.2139,D
review_focus,리뷰 성장 강화,ba_13235318,본죽&비빔밥 상암DMC점,본그룹,백반·죽·국수,서울특별시,마포구,21.6816,D
review_focus,리뷰 성장 강화,ba_13550240,본죽&비빔밥 청주오창2지구점,본그룹,백반·죽·국수,충청북도,청주시,23.6131,D
review_focus,리뷰 성장 강화,ba_13225754,본죽&비빔밥 일산라페스타점,본그룹,백반·죽·국수,경기도,고양시,24.6888,D
review_focus,리뷰 성장 강화,ba_14689024,본죽&비빔밥 김포장기초당마을점,본그룹,백반·죽·국수,경기도,김포시,29.4066,D
review_focus,리뷰 성장 강화,ba_14778684,본죽&비빔밥 대구대천점,본그룹,백반·죽·국수,대구광역시,달서구,30.5026,D
review_focus,리뷰 성장 강화,ba_14689416,본죽&비빔밥 수원호매실화홍병원점,본그룹,백반·죽·국수,경기도,수원시,21.1723,D
review_focus,리뷰 성장 강화,ba_14793023,본죽&비빔밥 장호원점,본그룹,백반·죽·국수,경기도,이천시,29.9997,D
review_focus,리뷰 성장 강화,ba_14688716,본죽&비빔밥 일산식사점,본그룹,백반·죽·국수,경기도,고양시,24.9167,D
review_focus,리뷰 성장 강화,ba_13228647,본죽 대전용운점,본그룹,백반·죽·국수,대전광역시,동구,22.7131,D
review_focus,리뷰 성장 강화,ba_14691272,본죽 대전비래점,본그룹,백반·죽·국수,대전광역시,대덕구,23.2453,D
review_focus,리뷰 성장 강화,ba_14691817,본죽 부산장림점,본그룹,백반·죽·국수,부산광역시,사하구,26.9186,D
review_focus,리뷰 성장 강화,ba_13225939,본죽 경남거제옥포점,본그룹,백반·죽·국수,경상남도,거제시,22.8190,D
review_focus,리뷰 성장 강화,ba_14702120,본죽&비빔밥 천안풍세점,본그룹,백반·죽·국수,충청남도,천안시,20.9546,D
review_focus,리뷰 성장 강화,ba_14689401,본죽&비빔밥 수원호매실역점,본그룹,백반·죽·국수,경기도,수원시,21.4950,D
review_focus,리뷰 성장 강화,ba_14688879,본죽 수원대점,본그룹,백반·죽·국수,경기도,화성시,24.5108,D
review_focus,리뷰 성장 강화,ba_14456827,본죽&비빔밥 인천동암더샵점,본그룹,백반·죽·국수,인천광역시,부평구,20.5055,D
review_focus,리뷰 성장 강화,ba_14691834,본죽 부산고신대병원점,본그룹,백반·죽·국수,부산광역시,서구,25.4751,D
review_focus,리뷰 성장 강화,ba_14692077,본죽&비빔밥 진주혁신중앙점,본그룹,백반·죽·국수,경상남도,진주시,23.9144,D
review_focus,리뷰 성장 강화,ba_14726741,본죽&비빔밥 대구방촌해안역점,본그룹,백반·죽·국수,대구광역시,동구,21.9887,D
review_focus,리뷰 성장 강화,ba_14688483,본죽 동수원점,본그룹,백반·죽·국수,경기도,수원시,22.0863,D
review_focus,리뷰 성장 강화,ba_13226546,본죽&비빔밥 부산대학병원점,본그룹,백반·죽·국수,부산광역시,서구,18.6545,D
review_focus,리뷰 성장 강화,ba_14692291,본죽 청주하복대점,본그룹,백반·죽·국수,충청북도,청주시,25.2758,D
review_focus,리뷰 성장 강화,ba_14688192,본죽 성남신흥동점,본그룹,백반·죽·국수,경기도,성남시,23.4643,D
review_focus,리뷰 성장 강화,ba_13651212,본죽&비빔밥 광주금호점,본그룹,백반·죽·국수,광주광역시,서구,23.7191,D
review_focus,리뷰 성장 강화,ba_13186079,본죽 오산궐동점,본그룹,백반·죽·국수,경기도,오산시,18.1936,D
review_focus,리뷰 성장 강화,ba_14795563,본죽&비빔밥 잠원역점,본그룹,백반·죽·국수,서울특별시,서초구,26.5362,D
review_focus,리뷰 성장 강화,ba_13226670,본죽 부산영도점,본그룹,백반·죽·국수,부산광역시,영도구,17.8106,D
review_focus,리뷰 성장 강화,ba_13199208,본죽 울주덕신점,본그룹,백반·죽·국수,울산광역시,울주군,22.4089,D
review_focus,리뷰 성장 강화,ba_14692383,본죽&비빔밥 울산신정시장점,본그룹,백반·죽·국수,울산광역시,남구,23.0414,D
review_focus,리뷰 성장 강화,ba_14435298,본죽&비빔밥 인천부평나누리병원점,본그룹,백반·죽·국수,인천광역시,부평구,17.4252,D
review_focus,리뷰 성장 강화,ba_14273436,본죽&비빔밥 거제고현점,본그룹,백반·죽·국수,경상남도,거제시,21.4927,D
review_focus,리뷰 성장 강화,ba_14693289,본죽&비빔밥 천안쌍용3동점,본그룹,백반·죽·국수,충청남도,천안시,17.7693,D
review_focus,리뷰 성장 강화,ba_14488495,본죽&비빔밥 역촌점,본그룹,백반·죽·국수,서울특별시,은평구,21.0322,D
review_focus,리뷰 성장 강화,ba_14691891,본죽&비빔밥 울산성안점,본그룹,백반·죽·국수,울산광역시,중구,21.8634,D
review_focus,리뷰 성장 강화,ba_14688905,본죽&비빔밥 고양원당점,본그룹,백반·죽·국수,경기도,고양시,21.1804,D
review_focus,리뷰 성장 강화,ba_14691815,본죽 부산다대점,본그룹,백반·죽·국수,부산광역시,사하구,21.2976,D
review_focus,리뷰 성장 강화,ba_14470771,본죽&비빔밥 부산동대신역점,본그룹,백반·죽·국수,부산광역시,서구,20.1759,D
review_focus,리뷰 성장 강화,ba_14688571,본죽 안산선부점,본그룹,백반·죽·국수,경기도,안산시,16.6927,D
review_focus,리뷰 성장 강화,ba_13229858,본죽 창원반송점,본그룹,백반·죽·국수,경상남도,창원시,19.0657,D
review_focus,리뷰 성장 강화,ba_14689846,본죽&비빔밥 동탄영천점,본그룹,백반·죽·국수,경기도,화성시,17.5326,D
review_focus,리뷰 성장 강화,ba_14691861,본죽&비빔밥 울산역금아드림점,본그룹,백반·죽·국수,울산광역시,울주군,17.0012,D
review_focus,리뷰 성장 강화,ba_14277930,본죽&비빔밥 동탄청계점,본그룹,백반·죽·국수,경기도,화성시,15.5128,D
review_focus,리뷰 성장 강화,ba_13227659,본죽&비빔밥 부산괴정점,본그룹,백반·죽·국수,부산광역시,사하구,15.7482,D
review_focus,리뷰 성장 강화,ba_13228874,본죽&비빔밥 청주성안길점,본그룹,백반·죽·국수,충청북도,청주시,14.8857,D
review_focus,리뷰 성장 강화,ba_13181719,본죽&비빔밥 칠곡석적점,본그룹,백반·죽·국수,경상북도,칠곡군,14.4609,D
review_focus,리뷰 성장 강화,ba_14694287,본죽&비빔밥 인사동점,본그룹,백반·죽·국수,서울특별시,종로구,15.2364,D
operation_focus,운영 역량 강화,ba_13248384,본죽&비빔밥 구리인창점,본그룹,백반·죽·국수,경기도,구리시,98.3999,A
operation_focus,운영 역량 강화,ba_14689004,본죽&비빔밥 산본학원가점,본그룹,백반·죽·국수,경기도,군포시,93.0284,A
operation_focus,운영 역량 강화,ba_14694390,본죽&비빔밥 평택시청점,본그룹,백반·죽·국수,경기도,평택시,92.2248,A
operation_focus,운영 역량 강화,ba_14756888,본죽&비빔밥 창원대원점,본그룹,백반·죽·국수,경상남도,창원시,92.0143,A
operation_focus,운영 역량 강화,ba_14692155,본죽&비빔밥 해운대백병원점,본그룹,백반·죽·국수,부산광역시,해운대구,91.7729,A
operation_focus,운영 역량 강화,ba_14692232,본죽 아산용화점,본그룹,백반·죽·국수,충청남도,아산시,92.5894,A
operation_focus,운영 역량 강화,ba_14692455,본죽&비빔밥 천안신불당북부점,본그룹,백반·죽·국수,충청남도,천안시,91.7352,A
operation_focus,운영 역량 강화,ba_14688738,본죽&비빔밥 분당롯데점,본그룹,백반·죽·국수,경기도,성남시,92.1254,A
operation_focus,운영 역량 강화,ba_13470236,본죽&비빔밥 신제주점,본그룹,백반·죽·국수,제주특별자치도,제주시,90.9068,A
operation_focus,운영 역량 강화,ba_13223654,본죽&비빔밥 고양행신역점,본그룹,백반·죽·국수,경기도,고양시,90.5806,A
operation_focus,운영 역량 강화,ba_14462203,본죽&비빔밥 동대구시장점,본그룹,백반·죽·국수,대구광역시,동구,90.9375,A
operation_focus,운영 역량 강화,ba_13219951,본죽&비빔밥 순천연향점,본그룹,백반·죽·국수,전라남도,순천시,90.3828,A
operation_focus,운영 역량 강화,ba_14690680,본죽&비빔밥 김해율하2지구점,본그룹,백반·죽·국수,경상남도,김해시,89.5128,A
operation_focus,운영 역량 강화,ba_14691080,본죽&비빔밥 대전유성온천역점,본그룹,백반·죽·국수,대전광역시,유성구,89.1558,A
operation_focus,운영 역량 강화,ba_14690155,본죽&비빔밥 김포걸포점,본그룹,백반·죽·국수,경기도,김포시,86.0224,A
operation_focus,운영 역량 강화,ba_14691093,본죽&비빔밥 대전노은점,본그룹,백반·죽·국수,대전광역시,유성구,89.4314,A
operation_focus,운영 역량 강화,ba_14691989,본죽&비빔밥 여천신동아점,본그룹,백반·죽·국수,전라남도,여수시,89.6594,A
operation_focus,운영 역량 강화,ba_14689003,본죽&비빔밥 구리인창점,본그룹,백반·죽·국수,경기도,구리시,89.5685,A
operation_focus,운영 역량 강화,ba_14689953,본죽&비빔밥 양주고읍점,본그룹,백반·죽·국수,경기도,양주시,89.3433,A
operation_focus,운영 역량 강화,ba_14766686,굽네치킨 운정2호점,굽네치킨,피자,경기도,파주시,86.2563,A
operation_focus,운영 역량 강화,ba_14690630,본죽&비빔밥 포항창포점,본그룹,백반·죽·국수,경상북도,포항시,89.2788,A
operation_focus,운영 역량 강화,ba_14746052,본죽&비빔밥 포항두호점,본그룹,백반·죽·국수,경상북도,포항시,87.8898,A
operation_focus,운영 역량 강화,ba_14690722,본죽&비빔밥 광주월곡점,본그룹,백반·죽·국수,광주광역시,광산구,88.7262,A
operation_focus,운영 역량 강화,ba_14691298,본죽&비빔밥 대전전민동점,본그룹,백반·죽·국수,대전광역시,유성구,88.0541,A
operation_focus,운영 역량 강화,ba_14758255,굽네치킨&피자 대구송현점,굽네치킨,치킨,대구광역시,달서구,87.7690,A
operation_focus,운영 역량 강화,ba_14691001,본죽&비빔밥 광주연제점,본그룹,백반·죽·국수,광주광역시,북구,87.8150,A
operation_focus,운영 역량 강화,ba_14356032,본죽&비빔밥 양평용문점,본그룹,백반·죽·국수,경기도,양평군,88.8493,A
operation_focus,운영 역량 강화,ba_14692116,본죽&비빔밥 부산수영점,본그룹,백반·죽·국수,부산광역시,수영구,86.5469,A
operation_focus,운영 역량 강화,ba_14691999,본죽&비빔밥 부산동래점,본그룹,백반·죽·국수,부산광역시,동래구,87.6985,A
operation_focus,운영 역량 강화,ba_14690712,본죽&비빔밥 광주운남점,본그룹,백반·죽·국수,광주광역시,광산구,87.5386,A
operation_focus,운영 역량 강화,ba_14690983,본죽&비빔밥 대전송촌점,본그룹,백반·죽·국수,대전광역시,대덕구,85.8759,A
operation_focus,운영 역량 강화,ba_13228675,본죽&비빔밥 대전전민동점,본그룹,백반·죽·국수,대전광역시,유성구,87.1990,A
operation_focus,운영 역량 강화,ba_14688100,본죽 구리수택점,본그룹,백반·죽·국수,경기도,구리시,86.5783,A
operation_focus,운영 역량 강화,ba_14690689,본죽&비빔밥 광주신창점,본그룹,백반·죽·국수,광주광역시,광산구,87.0086,A
operation_focus,운영 역량 강화,ba_13231481,본죽&비빔밥 광명소하지구점,본그룹,백반·죽·국수,경기도,광명시,87.5124,A
operation_focus,운영 역량 강화,ba_14757543,굽네치킨&피자 동두천중앙점,굽네치킨,치킨,경기도,동두천시,84.7089,A
operation_focus,운영 역량 강화,ba_13231157,본죽 수원인계점,본그룹,백반·죽·국수,경기도,수원시,85.6479,A
operation_focus,운영 역량 강화,ba_14691062,본죽&비빔밥 광주염주화정점,본그룹,백반·죽·국수,광주광역시,서구,86.4807,A
operation_focus,운영 역량 강화,ba_13683573,본죽&비빔밥 제주아라점,본그룹,백반·죽·국수,제주특별자치도,제주시,85.6158,A
operation_focus,운영 역량 강화,ba_14335138,굽네치킨&피자 대전비래가양점,굽네치킨,치킨,대전광역시,동구,86.7843,A
operation_focus,운영 역량 강화,ba_14691173,본죽&비빔밥 대구복현동점,본그룹,백반·죽·국수,대구광역시,북구,83.9377,A
operation_focus,운영 역량 강화,ba_14692242,본죽&비빔밥 천안쌍용이마트점,본그룹,백반·죽·국수,충청남도,천안시,85.0754,A
operation_focus,운영 역량 강화,ba_13235500,본죽 의정부회룡역점,본그룹,백반·죽·국수,경기도,의정부시,87.4001,A
operation_focus,운영 역량 강화,ba_14691120,본죽&비빔밥 대구북구청점,본그룹,백반·죽·국수,대구광역시,북구,85.8782,A
operation_focus,운영 역량 강화,ba_14743732,본죽&비빔밥 인천오류왕길점,본그룹,백반·죽·국수,인천광역시,서구,85.0642,A
operation_focus,운영 역량 강화,ba_14688602,본죽&비빔밥 남양주덕소점,본그룹,백반·죽·국수,경기도,남양주시,86.1895,A
operation_focus,운영 역량 강화,ba_14689448,본죽&비빔밥 이천점,본그룹,백반·죽·국수,경기도,이천시,83.2936,A
operation_focus,운영 역량 강화,ba_14689809,본죽&비빔밥 안성당왕점,본그룹,백반·죽·국수,경기도,안성시,85.5847,A
operation_focus,운영 역량 강화,ba_14690057,본죽앤비빔밥 인천검단점,본그룹,백반·죽·국수,인천광역시,서구,82.4241,A
operation_focus,운영 역량 강화,ba_14742705,본죽&비빔밥 청주개신점,본그룹,백반·죽·국수,충청북도,청주시,85.4659,A
operation_focus,운영 역량 강화,ba_14691909,본죽&비빔밥 부산정관모전점,본그룹,백반·죽·국수,부산광역시,기장군,85.8012,A
operation_focus,운영 역량 강화,ba_13235557,본죽 도봉동점,본그룹,백반·죽·국수,서울특별시,도봉구,84.4832,A
operation_focus,운영 역량 강화,ba_14690587,본죽&비빔밥 포항법원점,본그룹,백반·죽·국수,경상북도,포항시,84.8380,A
operation_focus,운영 역량 강화,ba_14689382,본죽&비빔밥 수원권선시장점,본그룹,백반·죽·국수,경기도,수원시,85.5694,A
operation_focus,운영 역량 강화,ba_14757711,굽네치킨&피자 칠금문화점,굽네치킨,치킨,충청북도,충주시,81.4550,A
operation_focus,운영 역량 강화,ba_14692118,본죽&비빔밥 여수소호점,본그룹,백반·죽·국수,전라남도,여수시,85.2331,A
operation_focus,운영 역량 강화,ba_14727030,본죽&비빔밥 부산명장역점,본그룹,백반·죽·국수,부산광역시,동래구,85.1440,A
operation_focus,운영 역량 강화,ba_14692258,본죽 천안쌍용1동점,본그룹,백반·죽·국수,충청남도,천안시,85.5964,A
operation_focus,운영 역량 강화,ba_14688557,본죽 보정동단국대점,본그룹,백반·죽·국수,경기도,용인시,85.4785,A
operation_focus,운영 역량 강화,ba_14689904,본죽&비빔밥 안양호계포도원점,본그룹,백반·죽·국수,경기도,안양시,85.3884,A
operation_focus,운영 역량 강화,ba_14689854,본죽&비빔밥 인천간석홈플러스앞점,본그룹,백반·죽·국수,인천광역시,남동구,84.2504,A
operation_focus,운영 역량 강화,ba_14689573,본죽&비빔밥 시흥목감역점,본그룹,백반·죽·국수,경기도,시흥시,84.8023,A
operation_focus,운영 역량 강화,ba_14689645,본죽&비빔밥 병점복합타운점,본그룹,백반·죽·국수,경기도,화성시,81.7834,A
operation_focus,운영 역량 강화,ba_14689875,본죽 양산물금증산점,본그룹,백반·죽·국수,경상남도,양산시,84.5347,A
operation_focus,운영 역량 강화,ba_14687344,본죽&비빔밥 쌍문점,본그룹,백반·죽·국수,서울특별시,도봉구,82.3834,A
operation_focus,운영 역량 강화,ba_14459736,굽네치킨,굽네치킨,치킨,경기도,남양주시,81.4276,A
operation_focus,운영 역량 강화,ba_13222170,본죽&비빔밥 전북김제점,본그룹,백반·죽·국수,전북특별자치도,김제시,84.3891,A
operation_focus,운영 역량 강화,ba_14689886,본죽&비빔밥 안양호계사거리점,본그룹,백반·죽·국수,경기도,안양시,81.9798,A
operation_focus,운영 역량 강화,ba_14688860,본죽&비빔밥 수색DMC점,본그룹,백반·죽·국수,서울특별시,은평구,82.8479,A
operation_focus,운영 역량 강화,ba_14689766,본죽&비빔밥 인천신포동점,본그룹,백반·죽·국수,인천광역시,중구,84.1148,A
operation_focus,운영 역량 강화,ba_14690110,본죽&비빔밥 신봉초교점,본그룹,백반·죽·국수,경기도,용인시,84.4225,A
operation_focus,운영 역량 강화,ba_14688094,본죽 군포지샘병원점,본그룹,백반·죽·국수,경기도,군포시,84.7784,A
operation_focus,운영 역량 강화,ba_14694148,본죽 통영점,본그룹,백반·죽·국수,경상남도,통영시,84.1794,A
operation_focus,운영 역량 강화,ba_14689481,본죽&비빔밥 파주운정해오름점,본그룹,백반·죽·국수,경기도,파주시,83.6151,A
operation_focus,운영 역량 강화,ba_14691958,본죽&비빔밥 부산내성교차로점,본그룹,백반·죽·국수,부산광역시,동래구,82.7862,A
operation_focus,운영 역량 강화,ba_14691112,본죽 대구방촌점,본그룹,백반·죽·국수,대구광역시,동구,83.4281,A
operation_focus,운영 역량 강화,ba_14692165,본죽 세종아름점,본그룹,백반·죽·국수,세종특별자치시,보듬3로,83.3057,A
operation_focus,운영 역량 강화,ba_14692275,본죽&비빔밥 전주객사점,본그룹,백반·죽·국수,전북특별자치도,전주시,83.0063,A
operation_focus,운영 역량 강화,ba_14690002,본죽 송도센트럴파크점,본그룹,백반·죽·국수,인천광역시,연수구,82.9203,A
operation_focus,운영 역량 강화,ba_13233115,본죽&비빔밥 대구복현동점,본그룹,백반·죽·국수,대구광역시,북구,83.9499,A
operation_focus,운영 역량 강화,ba_14690034,본죽&비빔밥 인천검암점,본그룹,백반·죽·국수,인천광역시,서구,83.0660,A
operation_focus,운영 역량 강화,ba_14689611,본죽&비빔밥 시흥장곡점,본그룹,백반·죽·국수,경기도,시흥시,81.6862,A
operation_focus,운영 역량 강화,ba_14691077,본죽&비빔밥 대구파티마병원점,본그룹,백반·죽·국수,대구광역시,동구,78.5701,B
operation_focus,운영 역량 강화,ba_14689115,본죽&비빔밥 양주덕정점,본그룹,백반·죽·국수,경기도,양주시,83.2812,A
operation_focus,운영 역량 강화,ba_14273972,본죽&비빔밥 단양점,본그룹,백반·죽·국수,충청북도,단양군,82.6810,A
operation_focus,운영 역량 강화,ba_14691106,본죽&비빔밥 대구동구청점,본그룹,백반·죽·국수,대구광역시,동구,82.7048,A
operation_focus,운영 역량 강화,ba_14690723,본죽&비빔밥 광주첨단월계점,본그룹,백반·죽·국수,광주광역시,광산구,82.7275,A
operation_focus,운영 역량 강화,ba_14688114,본죽&비빔밥 신촌점,본그룹,백반·죽·국수,서울특별시,서대문구,79.8641,B
operation_focus,운영 역량 강화,ba_14448826,본죽&비빔밥 인천검단신도시점,본그룹,백반·죽·국수,인천광역시,서구,82.1546,A
operation_focus,운영 역량 강화,ba_14647668,본죽&비빔밥 인천간석홈플러스앞점,본그룹,백반·죽·국수,인천광역시,남동구,83.1838,A
operation_focus,운영 역량 강화,ba_14691857,본죽&비빔밥 부산명지국제중앙점,본그룹,백반·죽·국수,부산광역시,강서구,81.7207,A
operation_focus,운영 역량 강화,ba_14689890,본죽&비빔밥 구월아시아드점,본그룹,백반·죽·국수,인천광역시,남동구,82.0479,A
operation_focus,운영 역량 강화,ba_14732026,굽네치킨 부산전포점,굽네치킨,치킨,부산광역시,부산진구,78.5162,B
operation_focus,운영 역량 강화,ba_14691965,본죽&비빔밥 나주혁신호수공원점,본그룹,백반·죽·국수,전라남도,나주시,81.8978,A
operation_focus,운영 역량 강화,ba_13199394,본죽&비빔밥 울산야음점,본그룹,백반·죽·국수,울산광역시,남구,82.7991,A
operation_focus,운영 역량 강화,ba_14691209,본죽&비빔밥 대구두산점,본그룹,백반·죽·국수,대구광역시,수성구,81.6925,A
operation_focus,운영 역량 강화,ba_14689734,본죽&비빔밥 송도신도시점,본그룹,백반·죽·국수,인천광역시,연수구,81.7671,A
operation_focus,운영 역량 강화,ba_14687166,본죽&비빔밥 등촌공항대로점,본그룹,백반·죽·국수,서울특별시,강서구,80.0143,A
operation_focus,운영 역량 강화,ba_14689614,본죽&비빔밥 시흥시화점,본그룹,백반·죽·국수,경기도,시흥시,80.3508,A
operation_focus,운영 역량 강화,ba_14739745,굽네치킨 감정점,굽네치킨,치킨,경기도,김포시,80.1746,A
operation_focus,운영 역량 강화,ba_14690992,본죽&비빔밥 대전신탄점,본그룹,백반·죽·국수,대전광역시,대덕구,80.8504,A
operation_focus,운영 역량 강화,ba_13223520,본죽 신림고시촌점,본그룹,백반·죽·국수,서울특별시,관악구,79.7326,B
operation_focus,운영 역량 강화,ba_14714062,본죽&비빔밥 파주운정산내마을점,본그룹,백반·죽·국수,경기도,파주시,77.2181,B
operation_focus,운영 역량 강화,ba_14692326,본죽&비빔밥 제천청전점,본그룹,백반·죽·국수,충청북도,제천시,79.2432,B
operation_focus,운영 역량 강화,ba_14753110,본죽&비빔밥 청주성화점,본그룹,백반·죽·국수,충청북도,청주시,80.4663,A
operation_focus,운영 역량 강화,ba_14692505,본죽&비빔밥 울산남목점,본그룹,백반·죽·국수,울산광역시,동구,81.2339,A
operation_focus,운영 역량 강화,ba_14691361,본죽&비빔밥 경산옥곡점,본그룹,백반·죽·국수,경상북도,경산시,80.7653,A
operation_focus,운영 역량 강화,ba_14691245,본죽&비빔밥 대구동성로점,본그룹,백반·죽·국수,대구광역시,중구,81.0723,A
operation_focus,운영 역량 강화,ba_14691277,본죽&비빔밥 대구달서구청점,본그룹,백반·죽·국수,대구광역시,달서구,80.6604,A
operation_focus,운영 역량 강화,ba_14691130,본죽 부산진역점,본그룹,백반·죽·국수,부산광역시,동구,81.2676,A
operation_focus,운영 역량 강화,ba_14692482,본죽&비빔밥 충주호암점,본그룹,백반·죽·국수,충청북도,충주시,80.6966,A
operation_focus,운영 역량 강화,ba_14689750,본죽&비빔밥 안산본오점,본그룹,백반·죽·국수,경기도,안산시,77.2169,B
operation_focus,운영 역량 강화,ba_14744959,굽네치킨 부산수정점,굽네치킨,치킨,부산광역시,동구,79.9808,B
operation_focus,운영 역량 강화,ba_13918069,본죽&비빔밥 평택지제점,본그룹,백반·죽·국수,경기도,평택시,81.0785,A
operation_focus,운영 역량 강화,ba_14688687,본죽&비빔밥 신길점,본그룹,백반·죽·국수,서울특별시,영등포구,78.8413,B
operation_focus,운영 역량 강화,ba_14690674,본죽&비빔밥 광주신가점,본그룹,백반·죽·국수,광주광역시,광산구,79.9562,B
operation_focus,운영 역량 강화,ba_14688522,본죽 시흥은행점,본그룹,백반·죽·국수,경기도,시흥시,80.6850,A
operation_focus,운영 역량 강화,ba_13233576,본죽&비빔밥 당진점,본그룹,백반·죽·국수,충청남도,당진시,80.6793,A
operation_focus,운영 역량 강화,ba_14625762,본죽&비빔밥 익산부송우남점,본그룹,백반·죽·국수,전북특별자치도,익산시,80.9103,A
operation_focus,운영 역량 강화,ba_14691801,본죽 부산구남점,본그룹,백반·죽·국수,부산광역시,북구,81.1821,A
operation_focus,운영 역량 강화,ba_14739746,굽네피자 감정점,굽네치킨,피자,경기도,김포시,79.6838,B
operation_focus,운영 역량 강화,ba_14694620,본죽&비빔밥 경산신대부적점,본그룹,백반·죽·국수,경상북도,경산시,80.1733,A
operation_focus,운영 역량 강화,ba_14692022,본죽&비빔밥 여수죽림점,본그룹,백반·죽·국수,전라남도,여수시,80.1067,A
operation_focus,운영 역량 강화,ba_13223329,본죽&비빔밥 양주덕정점,본그룹,백반·죽·국수,경기도,양주시,81.3130,A
operation_focus,운영 역량 강화,ba_14627570,본죽&비빔밥 김해안동푸르지오점,본그룹,백반·죽·국수,경상남도,김해시,76.2569,B
operation_focus,운영 역량 강화,ba_14691943,본죽&비빔밥 순천연향점,본그룹,백반·죽·국수,전라남도,순천시,79.9285,B
operation_focus,운영 역량 강화,ba_13260584,본죽&비빔밥 광주신창점,본그룹,백반·죽·국수,광주광역시,광산구,81.3945,A
operation_focus,운영 역량 강화,ba_14703930,본죽 중화역점,본그룹,백반·죽·국수,서울특별시,중랑구,78.7821,B
operation_focus,운영 역량 강화,ba_10841883,굽네치킨 선부3동점,굽네치킨,치킨,경기도,안산시,78.0855,B
operation_focus,운영 역량 강화,ba_14688746,본죽&비빔밥 광명소하지구점,본그룹,백반·죽·국수,경기도,광명시,72.2558,B
operation_focus,운영 역량 강화,ba_14691975,본죽&비빔밥 백양산롯데캐슬점,본그룹,백반·죽·국수,부산광역시,부산진구,79.5409,B
operation_focus,운영 역량 강화,ba_14687318,본죽&비빔밥 독산정훈단지점,본그룹,백반·죽·국수,서울특별시,금천구,78.0312,B
operation_focus,운영 역량 강화,ba_14688729,본죽&비빔밥 과천점,본그룹,백반·죽·국수,경기도,과천시,79.6935,B
operation_focus,운영 역량 강화,ba_14691901,본죽&비빔밥 약사점,본그룹,백반·죽·국수,울산광역시,중구,79.2227,B
operation_focus,운영 역량 강화,ba_14688848,본죽&비빔밥 연신갈현점,본그룹,백반·죽·국수,서울특별시,은평구,79.0934,B
operation_focus,운영 역량 강화,ba_14690081,본죽 신곡시장점,본그룹,백반·죽·국수,서울특별시,양천구,77.8420,B
operation_focus,운영 역량 강화,ba_14727064,본죽&비빔밥 전주혁신도시점,본그룹,백반·죽·국수,전북특별자치도,완주군,78.9559,B
operation_focus,운영 역량 강화,ba_14691116,본죽&비빔밥 대구칠곡관음점,본그룹,백반·죽·국수,대구광역시,북구,79.0488,B
operation_focus,운영 역량 강화,ba_14690718,본죽&비빔밥 광주노대점,본그룹,백반·죽·국수,광주광역시,남구,80.0754,A
operation_focus,운영 역량 강화,ba_13234034,본죽 포항오천점,본그룹,백반·죽·국수,경상북도,포항시,79.4576,B
operation_focus,운영 역량 강화,ba_14688555,본죽 수원인계점,본그룹,백반·죽·국수,경기도,수원시,77.6232,B
operation_focus,운영 역량 강화,ba_14692194,본죽&비빔밥 익산영등제일점,본그룹,백반·죽·국수,전북특별자치도,익산시,72.8761,B
operation_focus,운영 역량 강화,ba_14688197,본죽 인왕산점,본그룹,백반·죽·국수,서울특별시,서대문구,78.3269,B
operation_focus,운영 역량 강화,ba_14689415,본죽&비빔밥 수원탑동점,본그룹,백반·죽·국수,경기도,수원시,78.9841,B
operation_focus,운영 역량 강화,ba_14457403,본죽&비빔밥 부산연제점,본그룹,백반·죽·국수,부산광역시,연제구,79.8763,B
operation_focus,운영 역량 강화,ba_14687119,본죽 성균관대점,본그룹,백반·죽·국수,서울특별시,종로구,77.8628,B
operation_focus,운영 역량 강화,ba_14690665,본죽&비빔밥 장유신문점,본그룹,백반·죽·국수,경상남도,김해시,78.6633,B
operation_focus,운영 역량 강화,ba_14688931,본죽&비빔밥 고양덕은점,본그룹,백반·죽·국수,경기도,고양시,78.7802,B
operation_focus,운영 역량 강화,ba_14691179,본죽&비빔밥 내당삼익뉴타운점,본그룹,백반·죽·국수,대구광역시,서구,78.5878,B
operation_focus,운영 역량 강화,ba_14691976,본죽&비빔밥 부산전포점,본그룹,백반·죽·국수,부산광역시,부산진구,77.7242,B
operation_focus,운영 역량 강화,ba_14691401,본죽&비빔밥 대구대학교점,본그룹,백반·죽·국수,경상북도,경산시,78.6297,B
operation_focus,운영 역량 강화,ba_14691998,본죽&비빔밥 부산엄궁점,본그룹,백반·죽·국수,부산광역시,사상구,78.4878,B
operation_focus,운영 역량 강화,ba_13973813,굽네피자 선부3동점,굽네치킨,피자,경기도,안산시,78.5464,B
operation_focus,운영 역량 강화,ba_14692216,본죽&비빔밥 조치원죽림점,본그룹,백반·죽·국수,세종특별자치시,조치원읍,77.2482,B
operation_focus,운영 역량 강화,ba_14691101,본죽&비빔밥 대구율하점,본그룹,백반·죽·국수,대구광역시,동구,75.0468,B
operation_focus,운영 역량 강화,ba_14689936,본죽&비빔밥 안양박달점,본그룹,백반·죽·국수,경기도,안양시,78.1251,B
operation_focus,운영 역량 강화,ba_14692439,본죽&비빔밥 청주오송파라곤점,본그룹,백반·죽·국수,충청북도,청주시,77.5926,B
operation_focus,운영 역량 강화,ba_14687368,본죽&비빔밥 장안동점,본그룹,백반·죽·국수,서울특별시,동대문구,76.6356,B
operation_focus,운영 역량 강화,ba_14689757,본죽&비빔밥 인천연수점,본그룹,백반·죽·국수,인천광역시,연수구,78.1320,B
operation_focus,운영 역량 강화,ba_14691059,본죽 대구세천점,본그룹,백반·죽·국수,대구광역시,달성군,78.2828,B
operation_focus,운영 역량 강화,ba_14691375,본죽&비빔밥 경산중산점,본그룹,백반·죽·국수,경상북도,경산시,76.9864,B
operation_focus,운영 역량 강화,ba_14613531,본죽&비빔밥 백양산롯데캐슬점,본그룹,백반·죽·국수,부산광역시,부산진구,78.0634,B
operation_focus,운영 역량 강화,ba_13230813,본죽&비빔밥 용인물푸레마을점,본그룹,백반·죽·국수,경기도,용인시,70.0295,B
operation_focus,운영 역량 강화,ba_13539851,굽네치킨 소답점,굽네치킨,치킨,경상남도,창원시,76.0593,B
operation_focus,운영 역량 강화,ba_14691953,본죽&비빔밥 순천오천점,본그룹,백반·죽·국수,전라남도,순천시,77.6905,B
operation_focus,운영 역량 강화,ba_14691150,본죽 다사죽곡점,본그룹,백반·죽·국수,대구광역시,달성군,77.8687,B
operation_focus,운영 역량 강화,ba_14691969,본죽&비빔밥 부산사직점,본그룹,백반·죽·국수,부산광역시,동래구,68.5393,B
operation_focus,운영 역량 강화,ba_14692121,본죽&비빔밥 부산법조타운점,본그룹,백반·죽·국수,부산광역시,연제구,78.0257,B
operation_focus,운영 역량 강화,ba_13233856,본죽 세종아름점,본그룹,백반·죽·국수,세종특별자치시,보듬3로,77.9138,B
operation_focus,운영 역량 강화,ba_13233778,본죽&비빔밥 포항효자점,본그룹,백반·죽·국수,경상북도,포항시,74.4239,B
operation_focus,운영 역량 강화,ba_14691037,본죽&비빔밥 대전학하점,본그룹,백반·죽·국수,대전광역시,유성구,77.6778,B
operation_focus,운영 역량 강화,ba_14688088,본죽&비빔밥 대흥역점,본그룹,백반·죽·국수,서울특별시,마포구,75.0977,B
operation_focus,운영 역량 강화,ba_13596071,본죽&비빔밥 연신갈현점,본그룹,백반·죽·국수,서울특별시,은평구,76.1068,B
operation_focus,운영 역량 강화,ba_13224710,본죽 안양관양동점,본그룹,백반·죽·국수,경기도,안양시,73.0276,B
operation_focus,운영 역량 강화,ba_14732355,본죽&비빔밥 속초점,본그룹,백반·죽·국수,강원특별자치도,속초시,76.9195,B
operation_focus,운영 역량 강화,ba_14688963,본죽 고양점,본그룹,백반·죽·국수,경기도,고양시,77.4674,B
operation_focus,운영 역량 강화,ba_14688337,본죽&비빔밥 장위뉴타운점,본그룹,백반·죽·국수,서울특별시,성북구,76.9253,B
operation_focus,운영 역량 강화,ba_14691042,본죽 대구서재점,본그룹,백반·죽·국수,대구광역시,달성군,77.4324,B
operation_focus,운영 역량 강화,ba_14691269,본죽 대전도마사거리점,본그룹,백반·죽·국수,대전광역시,서구,77.5990,B
operation_focus,운영 역량 강화,ba_14691005,본죽&비빔밥 광주화정점,본그룹,백반·죽·국수,광주광역시,서구,77.1521,B
operation_focus,운영 역량 강화,ba_14574885,본죽&비빔밥 청주분평점,본그룹,백반·죽·국수,충청북도,청주시,77.3517,B
operation_focus,운영 역량 강화,ba_13226530,본죽&비빔밥 목동사거리점,본그룹,백반·죽·국수,서울특별시,양천구,75.6302,B
operation_focus,운영 역량 강화,ba_14691187,본죽&비빔밥 대구평리뉴타운점,본그룹,백반·죽·국수,대구광역시,서구,76.4468,B
operation_focus,운영 역량 강화,ba_13472981,굽네피자,굽네치킨,피자,경상북도,상주시,76.4628,B
operation_focus,운영 역량 강화,ba_14692060,본죽&비빔밥 돌곶이역점,본그룹,백반·죽·국수,서울특별시,성북구,74.6905,B
operation_focus,운영 역량 강화,ba_14760742,본죽&비빔밥 용인신갈점,본그룹,백반·죽·국수,경기도,용인시,76.0616,B
operation_focus,운영 역량 강화,ba_14689761,본죽&비빔밥 송도글로벌캠퍼스점,본그룹,백반·죽·국수,인천광역시,연수구,74.5583,B
operation_focus,운영 역량 강화,ba_14276685,본죽 철원점,본그룹,백반·죽·국수,강원특별자치도,철원군,77.3324,B
operation_focus,운영 역량 강화,ba_14687335,본죽&비빔밥 광운대역점,본그룹,백반·죽·국수,서울특별시,노원구,74.7323,B
operation_focus,운영 역량 강화,ba_14691292,본죽&비빔밥 대구신매시장점,본그룹,백반·죽·국수,대구광역시,수성구,76.5303,B
operation_focus,운영 역량 강화,ba_14687326,본죽&비빔밥 개봉점,본그룹,백반·죽·국수,서울특별시,구로구,74.8577,B
operation_focus,운영 역량 강화,ba_14352915,본죽&비빔밥 대구다사역점,본그룹,백반·죽·국수,대구광역시,달성군,76.8601,B
operation_focus,운영 역량 강화,ba_14691036,본죽&비빔밥 대구다사역점,본그룹,백반·죽·국수,대구광역시,달성군,76.9266,B
operation_focus,운영 역량 강화,ba_14691974,본죽&비빔밥 부산율리점,본그룹,백반·죽·국수,부산광역시,북구,76.6047,B
operation_focus,운영 역량 강화,ba_13973745,굽네피자 가산점,굽네치킨,피자,서울특별시,금천구,74.5598,B
operation_focus,운영 역량 강화,ba_14702996,본죽&비빔밥 사당연세사랑병원점,본그룹,백반·죽·국수,서울특별시,서초구,76.2113,B
operation_focus,운영 역량 강화,ba_14687382,본죽&비빔밥 노량진점,본그룹,백반·죽·국수,서울특별시,동작구,74.6538,B
operation_focus,운영 역량 강화,ba_14691044,본죽&비빔밥 대구대곡역점,본그룹,백반·죽·국수,대구광역시,달성군,64.4643,C
operation_focus,운영 역량 강화,ba_14692246,본죽&비빔밥 천안성성점,본그룹,백반·죽·국수,충청남도,천안시,76.6567,B
operation_focus,운영 역량 강화,ba_14692012,본죽&비빔밥 여수여서점,본그룹,백반·죽·국수,전라남도,여수시,67.9741,B
operation_focus,운영 역량 강화,ba_13234790,굽네치킨 덕정점,굽네치킨,치킨,경기도,양주시,76.2809,B
operation_focus,운영 역량 강화,ba_14640352,본죽&비빔밥 광주삼각점,본그룹,백반·죽·국수,광주광역시,북구,76.5394,B
operation_focus,운영 역량 강화,ba_14690806,본죽&비빔밥 광주백운대성초교점,본그룹,백반·죽·국수,광주광역시,남구,76.7942,B
operation_focus,운영 역량 강화,ba_14392310,굽네피자 등촌2동점,굽네치킨,피자,서울특별시,강서구,75.5649,B
operation_focus,운영 역량 강화,ba_13233592,본죽&비빔밥 대구대학교점,본그룹,백반·죽·국수,경상북도,경산시,76.5150,B
operation_focus,운영 역량 강화,ba_14691344,본죽&비빔밥 경산사동점,본그룹,백반·죽·국수,경상북도,경산시,75.8665,B
operation_focus,운영 역량 강화,ba_14689610,본죽 동인천점,본그룹,백반·죽·국수,인천광역시,중구,67.1112,B
operation_focus,운영 역량 강화,ba_14689940,본죽&비빔밥 안양성원점,본그룹,백반·죽·국수,경기도,안양시,75.9303,B
operation_focus,운영 역량 강화,ba_14688525,본죽 시흥시화병원점,본그룹,백반·죽·국수,경기도,시흥시,66.9900,B
operation_focus,운영 역량 강화,ba_14688907,본죽&비빔밥 고양행신역점,본그룹,백반·죽·국수,경기도,고양시,75.7183,B
operation_focus,운영 역량 강화,ba_14504490,본죽&비빔밥 부천순천향병원앞점,본그룹,백반·죽·국수,경기도,부천시,73.4299,B
operation_focus,운영 역량 강화,ba_14688180,본죽&비빔밥 왕십리뉴타운점,본그룹,백반·죽·국수,서울특별시,성동구,73.8056,B
operation_focus,운영 역량 강화,ba_14688363,본죽&비빔밥 목동역점,본그룹,백반·죽·국수,서울특별시,양천구,74.0692,B
operation_focus,운영 역량 강화,ba_14692201,본죽&비빔밥 세종반곡점,본그룹,백반·죽·국수,세종특별자치시,한누리대로,75.1853,B
operation_focus,운영 역량 강화,ba_14689993,본죽&비빔밥 용인구갈점,본그룹,백반·죽·국수,경기도,용인시,75.3616,B
operation_focus,운영 역량 강화,ba_14606315,본죽&비빔밥 의정부범골역점,본그룹,백반·죽·국수,경기도,의정부시,68.8515,B
operation_focus,운영 역량 강화,ba_14694278,본죽&비빔밥 오금동사거리점,본그룹,백반·죽·국수,서울특별시,송파구,74.2089,B
operation_focus,운영 역량 강화,ba_13243585,본죽&비빔밥 쌍문점,본그룹,백반·죽·국수,서울특별시,도봉구,73.6748,B
operation_focus,운영 역량 강화,ba_13984579,굽네피자 암사3동점,굽네치킨,피자,서울특별시,강동구,74.2967,B
operation_focus,운영 역량 강화,ba_14692433,본죽&비빔밥 충주계룡힐스점,본그룹,백반·죽·국수,충청북도,충주시,71.1055,B
operation_focus,운영 역량 강화,ba_13550181,본죽&비빔밥 양주고읍점,본그룹,백반·죽·국수,경기도,양주시,75.3121,B
operation_focus,운영 역량 강화,ba_14689756,본죽 경기광주신현점,본그룹,백반·죽·국수,경기도,광주시,74.9971,B
operation_focus,운영 역량 강화,ba_13249989,굽네치킨 달동점,굽네치킨,치킨,울산광역시,남구,72.5353,B
operation_focus,운영 역량 강화,ba_10476209,굽네치킨 경남사천점,굽네치킨,치킨,경상남도,사천시,69.0248,B
operation_focus,운영 역량 강화,ba_14690660,본죽&비빔밥 김해안동푸르지오점,본그룹,백반·죽·국수,경상남도,김해시,73.7930,B
operation_focus,운영 역량 강화,ba_14690124,본죽&비빔밥 새터마을죽전현대홈타운점,본그룹,백반·죽·국수,경기도,용인시,74.9287,B
operation_focus,운영 역량 강화,ba_14699201,본죽 전농동점,본그룹,백반·죽·국수,서울특별시,동대문구,69.5577,B
operation_focus,운영 역량 강화,ba_14720262,굽네치킨 강화온수점,굽네치킨,치킨,인천광역시,강화군,74.9751,B
operation_focus,운영 역량 강화,ba_13630053,본죽&비빔밥 경남사천점,본그룹,백반·죽·국수,경상남도,사천시,74.4743,B
operation_focus,운영 역량 강화,ba_14690673,본죽&비빔밥 광주수완점,본그룹,백반·죽·국수,광주광역시,광산구,73.5619,B
operation_focus,운영 역량 강화,ba_14688924,본죽&비빔밥 서대문역점,본그룹,백반·죽·국수,서울특별시,종로구,72.5970,B
operation_focus,운영 역량 강화,ba_14654803,본죽&비빔밥 포항이인지구점,본그룹,백반·죽·국수,경상북도,포항시,74.6599,B
operation_focus,운영 역량 강화,ba_14691996,본죽&비빔밥 부산덕천점,본그룹,백반·죽·국수,부산광역시,북구,68.1966,B
operation_focus,운영 역량 강화,ba_14690565,본죽 창원중앙동점,본그룹,백반·죽·국수,경상남도,창원시,66.7613,B
operation_focus,운영 역량 강화,ba_14692211,본죽&비빔밥 세종해밀점,본그룹,백반·죽·국수,세종특별자치시,해밀3로,73.6351,B
operation_focus,운영 역량 강화,ba_14736683,본죽&비빔밥 신림녹두거리점,본그룹,백반·죽·국수,서울특별시,관악구,72.5462,B
operation_focus,운영 역량 강화,ba_14712294,본죽&비빔밥 서울대입구역점,본그룹,백반·죽·국수,서울특별시,관악구,72.3150,B
operation_focus,운영 역량 강화,ba_13230969,본죽&비빔밥 새터마을죽전현대홈타운점,본그룹,백반·죽·국수,경기도,용인시,74.0319,B
operation_focus,운영 역량 강화,ba_14268780,본죽&비빔밥 세종집현점,본그룹,백반·죽·국수,세종특별자치시,남세종로,74.4478,B
operation_focus,운영 역량 강화,ba_14688371,본죽&비빔밥 목동사거리점,본그룹,백반·죽·국수,서울특별시,양천구,72.6824,B
operation_focus,운영 역량 강화,ba_14691088,본죽&비빔밥 경산터미널점,본그룹,백반·죽·국수,경상북도,경산시,74.2860,B
operation_focus,운영 역량 강화,ba_14719522,본죽&비빔밥 전주혁신도시점,본그룹,백반·죽·국수,전북특별자치도,완주군,73.7114,B
operation_focus,운영 역량 강화,ba_13752011,굽네치킨 영통2동점,굽네치킨,치킨,경기도,수원시,73.6971,B
operation_focus,운영 역량 강화,ba_14688656,본죽&비빔밥 문래힐스테이트점,본그룹,백반·죽·국수,서울특별시,영등포구,70.2691,B
operation_focus,운영 역량 강화,ba_14530939,본죽 경북청도점,본그룹,백반·죽·국수,경상북도,청도군,73.8974,B
operation_focus,운영 역량 강화,ba_14689485,본죽&비빔밥 수원광교역점,본그룹,백반·죽·국수,경기도,수원시,73.9279,B
operation_focus,운영 역량 강화,ba_14688559,본죽 용인강남대점,본그룹,백반·죽·국수,경기도,용인시,66.8314,B
operation_focus,운영 역량 강화,ba_14691155,본죽&비빔밥 대구침산네거리점,본그룹,백반·죽·국수,대구광역시,북구,72.7048,B
operation_focus,운영 역량 강화,ba_13200219,본죽&비빔밥 안성당왕점,본그룹,백반·죽·국수,경기도,안성시,73.1978,B
operation_focus,운영 역량 강화,ba_14513076,본죽&비빔밥 광주첨단점,본그룹,백반·죽·국수,광주광역시,광산구,73.1752,B
operation_focus,운영 역량 강화,ba_14689869,본죽&비빔밥 비산사거리점,본그룹,백반·죽·국수,경기도,안양시,72.5542,B
operation_focus,운영 역량 강화,ba_13229107,본죽 대덕테크노밸리점,본그룹,백반·죽·국수,대전광역시,유성구,69.3754,B
operation_focus,운영 역량 강화,ba_13787561,본죽&비빔밥 평택시청점,본그룹,백반·죽·국수,경기도,평택시,72.9674,B
operation_focus,운영 역량 강화,ba_14441181,굽네치킨 나주빛가람점,굽네치킨,치킨,전라남도,나주시,62.3582,C
operation_focus,운영 역량 강화,ba_10657170,굽네치킨 가좌1호점,굽네치킨,치킨,인천광역시,서구,71.4406,B
operation_focus,운영 역량 강화,ba_14251741,굽네치킨 태전점,굽네치킨,치킨,대구광역시,북구,69.0522,B
operation_focus,운영 역량 강화,ba_10627648,굽네치킨 상주냉림무양점,굽네치킨,치킨,경상북도,상주시,69.9879,B
operation_focus,운영 역량 강화,ba_14582073,굽네치킨 양주덕계점,굽네치킨,치킨,경기도,양주시,72.4359,B
operation_focus,운영 역량 강화,ba_10798649,굽네치킨 암사3동점,굽네치킨,치킨,서울특별시,강동구,69.9156,B
operation_focus,운영 역량 강화,ba_14687333,본죽&비빔밥 석계역점,본그룹,백반·죽·국수,서울특별시,노원구,70.6376,B
operation_focus,운영 역량 강화,ba_14688582,본죽&비빔밥 오목교역점,본그룹,백반·죽·국수,서울특별시,양천구,70.8251,B
operation_focus,운영 역량 강화,ba_14691194,본죽&비빔밥 대구법원점,본그룹,백반·죽·국수,대구광역시,수성구,72.0646,B
operation_focus,운영 역량 강화,ba_14691859,본죽&비빔밥 울산오토밸리점,본그룹,백반·죽·국수,울산광역시,북구,72.4035,B
operation_focus,운영 역량 강화,ba_14371606,본죽&비빔밥 부산내성교차로점,본그룹,백반·죽·국수,부산광역시,동래구,72.5078,B
operation_focus,운영 역량 강화,ba_13199864,본죽&비빔밥 울산남목점,본그룹,백반·죽·국수,울산광역시,동구,72.5525,B
operation_focus,운영 역량 강화,ba_13234089,본죽 세종고운점,본그룹,백반·죽·국수,세종특별자치시,마음로,60.7035,C
operation_focus,운영 역량 강화,ba_10636817,굽네치킨 양산물금점,굽네치킨,치킨,경상남도,양산시,71.7514,B
operation_focus,운영 역량 강화,ba_14691270,본죽&비빔밥 대구용산장기점,본그룹,백반·죽·국수,대구광역시,달서구,70.1508,B
operation_focus,운영 역량 강화,ba_14687340,본죽&비빔밥 방학역점,본그룹,백반·죽·국수,서울특별시,도봉구,70.5580,B
operation_focus,운영 역량 강화,ba_14691295,본죽&비빔밥 대구월촌역점,본그룹,백반·죽·국수,대구광역시,달서구,71.2994,B
operation_focus,운영 역량 강화,ba_12015187,굽네피자 길음1동점,굽네치킨,피자,서울특별시,성북구,65.4786,B
operation_focus,운영 역량 강화,ba_10020109,굽네치킨 부산동삼점,굽네치킨,치킨,부산광역시,영도구,70.3754,B
operation_focus,운영 역량 강화,ba_14688693,본죽 평촌학원가점,본그룹,백반·죽·국수,경기도,안양시,59.7089,C
operation_focus,운영 역량 강화,ba_14689101,본죽&비빔밥 강남성심병원점,본그룹,백반·죽·국수,서울특별시,영등포구,70.5916,B
operation_focus,운영 역량 강화,ba_13219094,본죽&비빔밥 남양주덕소점,본그룹,백반·죽·국수,경기도,남양주시,71.7190,B
operation_focus,운영 역량 강화,ba_10776500,굽네치킨 가양점,굽네치킨,치킨,서울특별시,강서구,65.9898,B
operation_focus,운영 역량 강화,ba_13267079,본죽&비빔밥 대전송촌점,본그룹,백반·죽·국수,대전광역시,대덕구,71.3226,B
operation_focus,운영 역량 강화,ba_14688570,본죽 용인상갈점,본그룹,백반·죽·국수,경기도,용인시,72.2247,B
operation_focus,운영 역량 강화,ba_14396364,본죽&비빔밥 용인어정역점,본그룹,백반·죽·국수,경기도,용인시,71.6591,B
operation_focus,운영 역량 강화,ba_14692985,본죽&비빔밥 천안청당점,본그룹,백반·죽·국수,충청남도,천안시,59.6052,C
operation_focus,운영 역량 강화,ba_14259741,본죽&비빔밥 춘천우두택지점,본그룹,백반·죽·국수,강원특별자치도,춘천시,71.4155,B
operation_focus,운영 역량 강화,ba_13226851,본죽 부산진역점,본그룹,백반·죽·국수,부산광역시,동구,72.1744,B
operation_focus,운영 역량 강화,ba_13412065,굽네치킨 신길뉴타운점,굽네치킨,치킨,서울특별시,영등포구,68.9318,B
operation_focus,운영 역량 강화,ba_14669107,굽네치킨 의정부용현점,굽네치킨,치킨,경기도,의정부시,70.8514,B
operation_focus,운영 역량 강화,ba_14691089,본죽&비빔밥 대전노은3지구점,본그룹,백반·죽·국수,대전광역시,유성구,71.6892,B
operation_focus,운영 역량 강화,ba_14332093,굽네피자 금당왕지점,굽네치킨,피자,전라남도,순천시,70.0169,B
operation_focus,운영 역량 강화,ba_14689608,본죽&비빔밥 평택신장점,본그룹,백반·죽·국수,경기도,평택시,71.1840,B
operation_focus,운영 역량 강화,ba_13730162,본죽&비빔밥 경산진량점,본그룹,백반·죽·국수,경상북도,경산시,71.7996,B
operation_focus,운영 역량 강화,ba_14787776,굽네치킨&피자 지제동삭점,굽네치킨,치킨,경기도,평택시,70.6592,B
operation_focus,운영 역량 강화,ba_13233606,본죽&비빔밥 대구칠곡관음점,본그룹,백반·죽·국수,대구광역시,북구,71.6307,B
operation_focus,운영 역량 강화,ba_14725627,본죽&비빔밥 가평현리점,본그룹,백반·죽·국수,경기도,가평군,71.6877,B
operation_focus,운영 역량 강화,ba_14688093,본죽&비빔밥 상암하늘초교점,본그룹,백반·죽·국수,서울특별시,마포구,70.5432,B
operation_focus,운영 역량 강화,ba_14279612,본죽&비빔밥 부산율리점,본그룹,백반·죽·국수,부산광역시,북구,71.1591,B
operation_focus,운영 역량 강화,ba_14728444,본죽&비빔밥 속초점,본그룹,백반·죽·국수,강원특별자치도,속초시,70.3721,B
operation_focus,운영 역량 강화,ba_13977167,굽네피자 연신내점,굽네치킨,피자,서울특별시,은평구,65.5139,B
operation_focus,운영 역량 강화,ba_13233579,본죽&비빔밥 경산터미널점,본그룹,백반·죽·국수,경상북도,경산시,71.2650,B
operation_focus,운영 역량 강화,ba_13181957,본죽&비빔밥 천안신불당북부점,본그룹,백반·죽·국수,충청남도,천안시,70.6279,B
operation_focus,운영 역량 강화,ba_10040685,굽네치킨 창원팔용점,굽네치킨,치킨,경상남도,창원시,69.1181,B
operation_focus,운영 역량 강화,ba_14658825,굽네치킨 문학점,굽네치킨,치킨,인천광역시,미추홀구,69.7920,B
operation_focus,운영 역량 강화,ba_14690704,본죽&비빔밥 김해복음병원점,본그룹,백반·죽·국수,경상남도,김해시,69.7593,B
operation_focus,운영 역량 강화,ba_13228668,본죽&비빔밥 대전유성온천역점,본그룹,백반·죽·국수,대전광역시,유성구,70.2842,B
operation_focus,운영 역량 강화,ba_14464913,굽네치킨 부산구서점,굽네치킨,치킨,부산광역시,금정구,68.5473,B
operation_focus,운영 역량 강화,ba_14692549,본죽&비빔밥 안양덕천래미안점,본그룹,백반·죽·국수,경기도,안양시,69.6517,B
operation_focus,운영 역량 강화,ba_10771255,굽네치킨 제천하소점,굽네치킨,치킨,충청북도,제천시,68.8082,B
operation_focus,운영 역량 강화,ba_14690053,본죽&비빔밥 동백중앙점,본그룹,백반·죽·국수,경기도,용인시,60.3733,C
operation_focus,운영 역량 강화,ba_14679019,굽네치킨 울산반구점,굽네치킨,치킨,울산광역시,중구,68.2374,B
operation_focus,운영 역량 강화,ba_13233587,본죽&비빔밥 나주혁신호수공원점,본그룹,백반·죽·국수,전라남도,나주시,70.1312,B
operation_focus,운영 역량 강화,ba_13473077,본죽&비빔밥 목포북항점,본그룹,백반·죽·국수,전라남도,목포시,68.9998,B
operation_focus,운영 역량 강화,ba_14673434,굽네치킨 죽도점,굽네치킨,치킨,경상북도,포항시,67.1629,B
operation_focus,운영 역량 강화,ba_14616721,본죽&비빔밥 울산오토밸리점,본그룹,백반·죽·국수,울산광역시,북구,70.7558,B
operation_focus,운영 역량 강화,ba_13436824,본죽&비빔밥 송탄점,본그룹,백반·죽·국수,경기도,평택시,70.7758,B
operation_focus,운영 역량 강화,ba_14690752,본 죽&비빔밥 양산이마트앞점,본그룹,백반·죽·국수,경상남도,양산시,60.6794,C
operation_focus,운영 역량 강화,ba_13249105,굽네피자 창원팔용점,굽네치킨,피자,경상남도,창원시,69.9496,B
operation_focus,운영 역량 강화,ba_13229173,본죽&비빔밥 대구칠곡점,본그룹,백반·죽·국수,대구광역시,북구,69.9698,B
operation_focus,운영 역량 강화,ba_14694577,본죽&비빔밥 대구동성로중앙점,본그룹,백반·죽·국수,대구광역시,중구,70.4392,B
operation_focus,운영 역량 강화,ba_13308613,본죽&비빔밥 김포걸포점,본그룹,백반·죽·국수,경기도,김포시,63.9635,C
operation_focus,운영 역량 강화,ba_14691372,본죽&비빔밥 구미신평비산점,본그룹,백반·죽·국수,경상북도,구미시,58.0987,C
operation_focus,운영 역량 강화,ba_14691273,본죽&비빔밥 대구성서용산시장점,본그룹,백반·죽·국수,대구광역시,달서구,69.7609,B
operation_focus,운영 역량 강화,ba_13233726,본죽 다사죽곡점,본그룹,백반·죽·국수,대구광역시,달성군,70.1337,B
operation_focus,운영 역량 강화,ba_14756889,본죽&비빔밥 창원대원점,본그룹,백반·죽·국수,경상남도,창원시,70.6486,B
operation_focus,운영 역량 강화,ba_14363013,본죽&비빔밥 광주삼각점,본그룹,백반·죽·국수,광주광역시,북구,69.4342,B
operation_focus,운영 역량 강화,ba_14690677,본죽&비빔밥 김해어방점,본그룹,백반·죽·국수,경상남도,김해시,62.9294,C
operation_focus,운영 역량 강화,ba_13265806,본죽&비빔밥 익산영등제일점,본그룹,백반·죽·국수,전북특별자치도,익산시,58.2685,C
operation_focus,운영 역량 강화,ba_14274675,본죽&비빔밥 충주호암점,본그룹,백반·죽·국수,충청북도,충주시,69.4618,B
operation_focus,운영 역량 강화,ba_14689007,본죽&비빔밥 김포신곡점,본그룹,백반·죽·국수,경기도,김포시,68.6357,B
operation_focus,운영 역량 강화,ba_14327700,본죽&비빔밥 부산전포점,본그룹,백반·죽·국수,부산광역시,부산진구,69.4260,B
operation_focus,운영 역량 강화,ba_14746216,굽네치킨&피자 내수점,굽네치킨,치킨,충청북도,청주시,69.2034,B
operation_focus,운영 역량 강화,ba_14332090,굽네치킨 금당왕지점,굽네치킨,치킨,전라남도,순천시,68.5249,B
operation_focus,운영 역량 강화,ba_14645179,본죽&비빔밥 경산임당점,본그룹,백반·죽·국수,경상북도,경산시,70.2485,B
operation_focus,운영 역량 강화,ba_13224802,본죽&비빔밥 안양박달점,본그룹,백반·죽·국수,경기도,안양시,70.1075,B
operation_focus,운영 역량 강화,ba_14698364,본죽&비빔밥 청주사창점,본그룹,백반·죽·국수,충청북도,청주시,68.1434,B
operation_focus,운영 역량 강화,ba_14692190,본죽&비빔밥 세종다정점,본그룹,백반·죽·국수,세종특별자치시,다정중앙로,69.0279,B
operation_focus,운영 역량 강화,ba_14691829,본죽 부산신평가락타운점,본그룹,백반·죽·국수,부산광역시,사하구,57.8090,C
operation_focus,운영 역량 강화,ba_13639608,굽네치킨 금호점,굽네치킨,치킨,광주광역시,서구,66.0428,B
operation_focus,운영 역량 강화,ba_14797390,굽네치킨 수원연무점,굽네치킨,치킨,경기도,수원시,70.1178,B
operation_focus,운영 역량 강화,ba_13226947,본죽&비빔밥 부산법조타운점,본그룹,백반·죽·국수,부산광역시,연제구,62.6742,C
operation_focus,운영 역량 강화,ba_14687092,본죽 동부이촌동점,본그룹,백반·죽·국수,서울특별시,용산구,68.1729,B
operation_focus,운영 역량 강화,ba_14686997,본죽 삼전동점,본그룹,백반·죽·국수,서울특별시,송파구,67.4740,B
operation_focus,운영 역량 강화,ba_14669109,굽네치킨&피자 의정부용현점,굽네치킨,치킨,경기도,의정부시,68.6255,B
operation_focus,운영 역량 강화,ba_13584348,굽네치킨 부산개금점,굽네치킨,치킨,부산광역시,부산진구,65.1028,B
operation_focus,운영 역량 강화,ba_13235535,본죽 의정부낙양점,본그룹,백반·죽·국수,경기도,의정부시,57.9622,C
operation_focus,운영 역량 강화,ba_14506379,본죽&비빔밥 방학역점,본그룹,백반·죽·국수,서울특별시,도봉구,68.5199,B
operation_focus,운영 역량 강화,ba_14484534,본죽&비빔밥 산본학원가점,본그룹,백반·죽·국수,경기도,군포시,69.2929,B
operation_focus,운영 역량 강화,ba_13229152,본죽&비빔밥 부산엄궁점,본그룹,백반·죽·국수,부산광역시,사상구,69.1658,B
operation_focus,운영 역량 강화,ba_13233578,본죽&비빔밥 대구성당뉴타운점,본그룹,백반·죽·국수,대구광역시,달서구,69.7307,B
operation_focus,운영 역량 강화,ba_14238012,본죽&비빔밥 안동송현점,본그룹,백반·죽·국수,경상북도,안동시,69.0489,B
operation_focus,운영 역량 강화,ba_14688173,본죽 구리인창아름마을점,본그룹,백반·죽·국수,경기도,구리시,69.8061,B
operation_focus,운영 역량 강화,ba_14449139,굽네치킨&피자 용운판암점,굽네치킨,치킨,대전광역시,동구,67.1106,B
operation_focus,운영 역량 강화,ba_14690378,본죽 오금점,본그룹,백반·죽·국수,서울특별시,송파구,68.0004,B
operation_focus,운영 역량 강화,ba_14773773,굽네치킨 고덕로데오점,굽네치킨,치킨,경기도,평택시,66.6785,B
operation_focus,운영 역량 강화,ba_14250328,굽네치킨&피자 인창점,굽네치킨,치킨,경기도,구리시,68.2021,B
operation_focus,운영 역량 강화,ba_13228520,본죽&비빔밥 성남모란시장점,본그룹,백반·죽·국수,경기도,성남시,62.2006,C
operation_focus,운영 역량 강화,ba_13232508,본죽&비빔밥 김해어방점,본그룹,백반·죽·국수,경상남도,김해시,68.2468,B
operation_focus,운영 역량 강화,ba_13379446,굽네치킨&피자 평내점,굽네치킨,치킨,경기도,남양주시,64.9325,C
operation_focus,운영 역량 강화,ba_14228481,굽네피자 중곡1동점,굽네치킨,피자,서울특별시,광진구,62.3885,C
operation_focus,운영 역량 강화,ba_14573167,본죽&비빔밥 파주금촌점,본그룹,백반·죽·국수,경기도,파주시,64.8939,C
operation_focus,운영 역량 강화,ba_14689625,본죽&비빔밥 평택여중사거리점,본그룹,백반·죽·국수,경기도,평택시,68.6401,B
operation_focus,운영 역량 강화,ba_14772844,굽네치킨&피자 양촌점,굽네치킨,치킨,경기도,김포시,68.9776,B
operation_focus,운영 역량 강화,ba_13233639,본죽&비빔밥 대구동성로점,본그룹,백반·죽·국수,대구광역시,중구,68.1828,B
operation_focus,운영 역량 강화,ba_14796833,굽네치킨&피자 성황골약점,굽네치킨,치킨,전라남도,광양시,69.5712,B
operation_focus,운영 역량 강화,ba_13305413,본죽&비빔밥 사당연세사랑병원점,본그룹,백반·죽·국수,서울특별시,서초구,69.4995,B
operation_focus,운영 역량 강화,ba_14689387,본죽&비빔밥 성남금광점,본그룹,백반·죽·국수,경기도,성남시,55.9536,C
operation_focus,운영 역량 강화,ba_13232110,본죽&비빔밥 부산토곡점,본그룹,백반·죽·국수,부산광역시,연제구,67.6653,B
operation_focus,운영 역량 강화,ba_14325499,본죽&비빔밥 충주계룡힐스점,본그룹,백반·죽·국수,충청북도,충주시,68.8258,B
operation_focus,운영 역량 강화,ba_14796835,굽네치킨 모라점,굽네치킨,치킨,부산광역시,사상구,69.5059,B
operation_focus,운영 역량 강화,ba_13168465,본죽&비빔밥 약사점,본그룹,백반·죽·국수,울산광역시,중구,69.2728,B
operation_focus,운영 역량 강화,ba_13477857,본죽&비빔밥 논산내동점,본그룹,백반·죽·국수,충청남도,논산시,63.2513,C
operation_focus,운영 역량 강화,ba_14741847,굽네치킨 거제아시아드점,굽네치킨,치킨,부산광역시,연제구,67.3720,B
operation_focus,운영 역량 강화,ba_14695006,본죽 안양관양동점,본그룹,백반·죽·국수,경기도,안양시,63.6279,C
operation_focus,운영 역량 강화,ba_13085339,굽네치킨&피자 가양점,굽네치킨,피자,서울특별시,강서구,57.5497,C
operation_focus,운영 역량 강화,ba_14688108,본죽&비빔밥 중앙대점,본그룹,백반·죽·국수,서울특별시,동작구,66.7394,B
operation_focus,운영 역량 강화,ba_14789833,굽네치킨&피자 순천풍덕점,굽네치킨,치킨,전라남도,순천시,68.1034,B
operation_focus,운영 역량 강화,ba_14643477,본죽&비빔밥 대구신매시장점,본그룹,백반·죽·국수,대구광역시,수성구,68.4248,B
operation_focus,운영 역량 강화,ba_14747382,굽네치킨&피자 양주광적점,굽네치킨,치킨,경기도,양주시,67.9188,B
operation_focus,운영 역량 강화,ba_14267053,굽네치킨&피자 마장점,굽네치킨,치킨,경기도,이천시,67.6188,B
operation_focus,운영 역량 강화,ba_10497667,굽네치킨 온의퇴계점,굽네치킨,치킨,강원특별자치도,춘천시,67.1888,B
operation_focus,운영 역량 강화,ba_14688707,본죽 명학역점,본그룹,백반·죽·국수,경기도,안양시,67.6227,B
operation_focus,운영 역량 강화,ba_14525069,굽네치킨 다산중앙점,굽네치킨,치킨,경기도,남양주시,66.6709,B
operation_focus,운영 역량 강화,ba_14691084,본죽&비빔밥 대전죽동점,본그룹,백반·죽·국수,대전광역시,유성구,67.6914,B
operation_focus,운영 역량 강화,ba_10706208,굽네치킨 부산우동점,굽네치킨,치킨,부산광역시,해운대구,67.4265,B
operation_focus,운영 역량 강화,ba_14663126,굽네치킨 통영죽림점,굽네치킨,치킨,경상남도,통영시,68.4693,B
operation_focus,운영 역량 강화,ba_14700213,본죽&비빔밥 김포마산점,본그룹,백반·죽·국수,경기도,김포시,67.5815,B
operation_focus,운영 역량 강화,ba_14688982,본죽&비빔밥 군포당정동점,본그룹,백반·죽·국수,경기도,군포시,61.6485,C
operation_focus,운영 역량 강화,ba_14548743,굽네치킨 다산가운지금점,굽네치킨,치킨,경기도,남양주시,67.1697,B
operation_focus,운영 역량 강화,ba_13233554,본죽 대구서재점,본그룹,백반·죽·국수,대구광역시,달성군,68.7449,B
operation_focus,운영 역량 강화,ba_14691908,본죽&비빔밥 부경대경성대점,본그룹,백반·죽·국수,부산광역시,남구,67.2764,B
operation_focus,운영 역량 강화,ba_14688196,본죽 홍제점,본그룹,백반·죽·국수,서울특별시,서대문구,61.3479,C
operation_focus,운영 역량 강화,ba_13230921,본죽&비빔밥 문래홈플러스점,본그룹,백반·죽·국수,서울특별시,영등포구,66.6037,B
operation_focus,운영 역량 강화,ba_13228453,본죽&비빔밥 부산명지국제중앙점,본그룹,백반·죽·국수,부산광역시,강서구,67.5027,B
operation_focus,운영 역량 강화,ba_14689441,본죽&비빔밥 이천마장점,본그룹,백반·죽·국수,경기도,이천시,55.9419,C
operation_focus,운영 역량 강화,ba_14690050,본죽&비빔밥 검단파라곤센트럴점,본그룹,백반·죽·국수,인천광역시,서구,67.1146,B
operation_focus,운영 역량 강화,ba_13233688,본죽 대구세천점,본그룹,백반·죽·국수,대구광역시,달성군,68.5027,B
operation_focus,운영 역량 강화,ba_14799629,굽네치킨 수원신동점,굽네치킨,치킨,경기도,수원시,68.7813,B
operation_focus,운영 역량 강화,ba_13596730,굽네치킨 대구혁신점,굽네치킨,치킨,대구광역시,동구,61.2177,C
operation_focus,운영 역량 강화,ba_10597203,굽네치킨 광주상무점,굽네치킨,치킨,광주광역시,서구,64.7118,C
operation_focus,운영 역량 강화,ba_13223538,본죽&비빔밥 인천신포동점,본그룹,백반·죽·국수,인천광역시,중구,68.3027,B
operation_focus,운영 역량 강화,ba_10774000,굽네치킨 울산삼산점,굽네치킨,치킨,울산광역시,남구,62.1122,C
operation_focus,운영 역량 강화,ba_14687322,본죽&비빔밥 구의시장점,본그룹,백반·죽·국수,서울특별시,광진구,66.5530,B
operation_focus,운영 역량 강화,ba_14629918,굽네치킨 양지동점,굽네치킨,치킨,경기도,성남시,62.2043,C
operation_focus,운영 역량 강화,ba_14772060,굽네치킨&피자 천호1동점,굽네치킨,치킨,서울특별시,강동구,66.8666,B
operation_focus,운영 역량 강화,ba_13233212,본죽 통영점,본그룹,백반·죽·국수,경상남도,통영시,67.8390,B
operation_focus,운영 역량 강화,ba_13234188,본죽&비빔밥 경산중산점,본그룹,백반·죽·국수,경상북도,경산시,67.2910,B
operation_focus,운영 역량 강화,ba_14360458,본죽&비빔밥 충북오송점,본그룹,백반·죽·국수,충청북도,청주시,67.4656,B
operation_focus,운영 역량 강화,ba_14780115,굽네치킨&피자 부사문창점,굽네치킨,치킨,대전광역시,중구,66.0816,B
operation_focus,운영 역량 강화,ba_13928548,굽네치킨&피자 성남용전점,굽네치킨,치킨,대전광역시,동구,67.5440,B
operation_focus,운영 역량 강화,ba_14689545,본죽&비빔밥 파주야당역점,본그룹,백반·죽·국수,경기도,파주시,55.7155,C
operation_focus,운영 역량 강화,ba_14688751,본죽&비빔밥 여의도역점,본그룹,백반·죽·국수,서울특별시,영등포구,66.0298,B
operation_focus,운영 역량 강화,ba_14692212,본죽&비빔밥 세종대평점,본그룹,백반·죽·국수,세종특별자치시,한누리대로,67.2932,B
operation_focus,운영 역량 강화,ba_14789844,굽네치킨 부산우2동점,굽네치킨,치킨,부산광역시,해운대구,65.1016,B
operation_focus,운영 역량 강화,ba_14256619,본죽&비빔밥 비산사거리점,본그룹,백반·죽·국수,경기도,안양시,61.5410,C
operation_focus,운영 역량 강화,ba_14691791,본죽 부산숙등역부민병원점,본그룹,백반·죽·국수,부산광역시,북구,56.0249,C
operation_focus,운영 역량 강화,ba_14688765,본죽&비빔밥 영등포시장역점,본그룹,백반·죽·국수,서울특별시,영등포구,59.6329,C
operation_focus,운영 역량 강화,ba_10759478,굽네치킨 남목점,굽네치킨,치킨,울산광역시,동구,64.1010,C
operation_focus,운영 역량 강화,ba_14456826,본죽&비빔밥 청주오송파라곤점,본그룹,백반·죽·국수,충청북도,청주시,67.2994,B
operation_focus,운영 역량 강화,ba_14653291,굽네피자 울산중앙점,굽네치킨,피자,울산광역시,중구,68.1209,B
operation_focus,운영 역량 강화,ba_14541579,굽네치킨 킨텍스호수공원점,굽네치킨,치킨,경기도,고양시,62.2182,C
operation_focus,운영 역량 강화,ba_14228480,굽네치킨 중곡1동점,굽네치킨,치킨,서울특별시,광진구,66.6697,B
operation_focus,운영 역량 강화,ba_13231795,본죽&비빔밥 인천간석남부역점,본그룹,백반·죽·국수,인천광역시,남동구,61.3101,C
operation_focus,운영 역량 강화,ba_13539979,본죽&비빔밥 대전신탄점,본그룹,백반·죽·국수,대전광역시,대덕구,67.2762,B
operation_focus,운영 역량 강화,ba_10040679,굽네치킨 칠암망경점,굽네치킨,치킨,경상남도,진주시,65.5030,B
operation_focus,운영 역량 강화,ba_13227543,본죽&비빔밥 부경대경성대점,본그룹,백반·죽·국수,부산광역시,남구,66.5288,B
operation_focus,운영 역량 강화,ba_13237700,본죽&비빔밥 김해내외동점,본그룹,백반·죽·국수,경상남도,김해시,66.1201,B
operation_focus,운영 역량 강화,ba_13236584,본죽 군포당동점,본그룹,백반·죽·국수,경기도,군포시,54.8307,C
operation_focus,운영 역량 강화,ba_14775877,굽네치킨&피자 세종아름점,굽네치킨,치킨,세종특별자치시,세종로,64.5518,C
operation_focus,운영 역량 강화,ba_14743271,본죽&비빔밥 안양석수점,본그룹,백반·죽·국수,경기도,안양시,65.9147,B
operation_focus,운영 역량 강화,ba_14788494,굽네치킨 경화태백점,굽네치킨,치킨,경상남도,창원시,64.4931,C
operation_focus,운영 역량 강화,ba_14687327,본죽&비빔밥 시흥사거리점,본그룹,백반·죽·국수,서울특별시,금천구,65.8573,B
operation_focus,운영 역량 강화,ba_14249433,굽네치킨 부산하단점,굽네치킨,치킨,부산광역시,사하구,65.5891,B
operation_focus,운영 역량 강화,ba_14336642,굽네치킨&피자 상대원점,굽네치킨,치킨,경기도,성남시,65.1106,B
operation_focus,운영 역량 강화,ba_14783596,굽네치킨 사상역점,굽네치킨,치킨,부산광역시,사상구,62.8684,C
operation_focus,운영 역량 강화,ba_13231958,본죽 송도센트럴파크점,본그룹,백반·죽·국수,인천광역시,연수구,60.8068,C
operation_focus,운영 역량 강화,ba_14773140,굽네치킨 효자중화산1호점,굽네치킨,치킨,전북특별자치도,전주시,66.1420,B
operation_focus,운영 역량 강화,ba_10469515,굽네치킨&피자 성서계명대점,굽네치킨,치킨,대구광역시,달서구,62.3559,C
operation_focus,운영 역량 강화,ba_14695290,본죽&비빔밥 용산센트럴점,본그룹,백반·죽·국수,서울특별시,용산구,60.1564,C
operation_focus,운영 역량 강화,ba_14773135,본죽&비빔밥 용인보라점,본그룹,백반·죽·국수,경기도,용인시,65.5657,B
operation_focus,운영 역량 강화,ba_10872945,굽네치킨 대구대현점,굽네치킨,치킨,대구광역시,북구,56.5278,C
operation_focus,운영 역량 강화,ba_14783137,굽네치킨 포천이동점,굽네치킨,치킨,경기도,포천시,66.0157,B
operation_focus,운영 역량 강화,ba_14688182,본죽 수내푸른마을점,본그룹,백반·죽·국수,경기도,성남시,66.4379,B
operation_focus,운영 역량 강화,ba_14782170,굽네치킨 수산점,굽네치킨,치킨,경상남도,밀양시,66.3869,B
operation_focus,운영 역량 강화,ba_14528412,굽네피자 봉동점,굽네치킨,피자,전북특별자치도,완주군,66.3797,B
operation_focus,운영 역량 강화,ba_14739815,굽네치킨&피자 신창신가점,굽네치킨,치킨,광주광역시,광산구,64.9965,C
operation_focus,운영 역량 강화,ba_13973901,굽네피자 강원횡성점,굽네치킨,피자,강원특별자치도,횡성군,62.0334,C
operation_focus,운영 역량 강화,ba_14782523,굽네치킨&피자 동부산오시리아점,굽네치킨,치킨,부산광역시,기장군,64.7611,C
operation_focus,운영 역량 강화,ba_14689454,본죽&비빔밥 광교아브뉴프랑점,본그룹,백반·죽·국수,경기도,수원시,53.9582,C
operation_focus,운영 역량 강화,ba_14692459,본죽&비빔밥 천안불당점,본그룹,백반·죽·국수,충청남도,천안시,64.8901,C
operation_focus,운영 역량 강화,ba_14736681,본죽&비빔밥 신림녹두거리점,본그룹,백반·죽·국수,서울특별시,관악구,65.3792,B
operation_focus,운영 역량 강화,ba_14767932,본죽&비빔밥 신중동점,본그룹,백반·죽·국수,경기도,부천시,65.4651,B
operation_focus,운영 역량 강화,ba_13451078,본죽&비빔밥 김포신곡점,본그룹,백반·죽·국수,경기도,김포시,66.0649,B
operation_focus,운영 역량 강화,ba_14689472,본죽&비빔밥 수원율전점,본그룹,백반·죽·국수,경기도,수원시,65.9080,B
operation_focus,운영 역량 강화,ba_14593720,굽네치킨&피자 무주읍점,굽네치킨,치킨,전북특별자치도,무주군,65.4167,B
operation_focus,운영 역량 강화,ba_13313413,굽네치킨&피자 대전도마점,굽네치킨,치킨,대전광역시,서구,64.9341,C
operation_focus,운영 역량 강화,ba_10022124,굽네치킨 삼산2동점,굽네치킨,치킨,인천광역시,부평구,63.2446,C
operation_focus,운영 역량 강화,ba_13223711,본죽&비빔밥 중앙대점,본그룹,백반·죽·국수,서울특별시,동작구,65.4501,B
operation_focus,운영 역량 강화,ba_13233457,본죽&비빔밥 대구용산장기점,본그룹,백반·죽·국수,대구광역시,달서구,65.4082,B
operation_focus,운영 역량 강화,ba_14782607,굽네치킨 경산중방점,굽네치킨,치킨,경상북도,경산시,64.6753,C
operation_focus,운영 역량 강화,ba_14782074,굽네치킨 관음점,굽네치킨,치킨,대구광역시,북구,65.1516,B
operation_focus,운영 역량 강화,ba_14578524,굽네치킨 세천점,굽네치킨,치킨,대구광역시,달성군,63.6087,C
operation_focus,운영 역량 강화,ba_14458025,굽네치킨 울산공업탑점,굽네치킨,치킨,울산광역시,남구,64.6228,C
operation_focus,운영 역량 강화,ba_14791302,굽네치킨 초읍점,굽네치킨,치킨,부산광역시,부산진구,65.3916,B
operation_focus,운영 역량 강화,ba_14625157,굽네치킨 금촌점,굽네치킨,치킨,경기도,파주시,64.5371,C
operation_focus,운영 역량 강화,ba_14248059,굽네치킨 은행선화점,굽네치킨,치킨,대전광역시,중구,65.0703,B
operation_focus,운영 역량 강화,ba_13769748,굽네치킨 괴산점,굽네치킨,치킨,충청북도,괴산군,66.3098,B
operation_focus,운영 역량 강화,ba_14691949,본죽&비빔밥 부산범일점,본그룹,백반·죽·국수,부산광역시,동구,64.7498,C
operation_focus,운영 역량 강화,ba_14721018,굽네치킨&피자 대구서재점,굽네치킨,치킨,대구광역시,달성군,64.9449,C
operation_focus,운영 역량 강화,ba_14691172,본죽 대구산격점,본그룹,백반·죽·국수,대구광역시,북구,63.9104,C
operation_focus,운영 역량 강화,ba_14692551,본죽&비빔밥 당산점,본그룹,백반·죽·국수,서울특별시,영등포구,63.8605,C
operation_focus,운영 역량 강화,ba_13504506,본죽&비빔밥 세종반곡점,본그룹,백반·죽·국수,세종특별자치시,한누리대로,65.1174,B
operation_focus,운영 역량 강화,ba_10432360,굽네치킨 영주휴천점,굽네치킨,치킨,경상북도,영주시,64.4549,C
operation_focus,운영 역량 강화,ba_14688728,본죽&비빔밥 판교역점,본그룹,백반·죽·국수,경기도,성남시,64.9100,C
operation_focus,운영 역량 강화,ba_14694670,본죽&비빔밥 충무로역점,본그룹,백반·죽·국수,서울특별시,중구,57.2397,C
operation_focus,운영 역량 강화,ba_14688631,본죽&비빔밥 부천소새울역점,본그룹,백반·죽·국수,경기도,부천시,64.6874,C
operation_focus,운영 역량 강화,ba_14690086,본죽&비빔밥 수지상현점,본그룹,백반·죽·국수,경기도,용인시,57.4039,C
operation_focus,운영 역량 강화,ba_14270904,굽네치킨 원미점,굽네치킨,치킨,경기도,부천시,64.9098,C
operation_focus,운영 역량 강화,ba_14687350,본죽&비빔밥 구로구청점,본그룹,백반·죽·국수,서울특별시,구로구,57.8411,C
operation_focus,운영 역량 강화,ba_10841421,굽네치킨 인계점,굽네치킨,치킨,경기도,수원시,63.3151,C
operation_focus,운영 역량 강화,ba_14740022,굽네치킨 신봉점,굽네치킨,치킨,경기도,용인시,61.7025,C
operation_focus,운영 역량 강화,ba_14729159,굽네치킨 원대자이점,굽네치킨,치킨,대구광역시,서구,58.4677,C
operation_focus,운영 역량 강화,ba_13228878,본죽 대전도마사거리점,본그룹,백반·죽·국수,대전광역시,서구,65.4730,B
operation_focus,운영 역량 강화,ba_14798760,굽네치킨&피자 도래울점,굽네치킨,치킨,경기도,고양시,65.8175,B
operation_focus,운영 역량 강화,ba_14575172,굽네치킨 좌4동점,굽네치킨,치킨,부산광역시,해운대구,62.8643,C
operation_focus,운영 역량 강화,ba_10750970,굽네치킨 청주강서지구점,굽네치킨,치킨,충청북도,청주시,61.1182,C
operation_focus,운영 역량 강화,ba_13233463,본죽&비빔밥 대구북구청점,본그룹,백반·죽·국수,대구광역시,북구,65.1033,B
operation_focus,운영 역량 강화,ba_13230834,본죽&비빔밥 송도신도시점,본그룹,백반·죽·국수,인천광역시,연수구,59.0853,C
operation_focus,운영 역량 강화,ba_14390691,본죽&비빔밥 경산옥곡점,본그룹,백반·죽·국수,경상북도,경산시,64.9325,C
operation_focus,운영 역량 강화,ba_14599973,굽네치킨 파주법원점,굽네치킨,치킨,경기도,파주시,65.3305,B
operation_focus,운영 역량 강화,ba_13612153,본죽&비빔밥 철산역점,본그룹,백반·죽·국수,경기도,광명시,53.7379,C
operation_focus,운영 역량 강화,ba_14760741,본죽&비빔밥 용인신갈점,본그룹,백반·죽·국수,경기도,용인시,64.1058,C
operation_focus,운영 역량 강화,ba_14689409,본죽&비빔밥 수원권선롯데마트점,본그룹,백반·죽·국수,경기도,수원시,53.0736,C
operation_focus,운영 역량 강화,ba_14690695,본죽&비빔밥 김해구산점,본그룹,백반·죽·국수,경상남도,김해시,58.7618,C
operation_focus,운영 역량 강화,ba_13235588,본죽 성균관대점,본그룹,백반·죽·국수,서울특별시,종로구,63.6868,C
operation_focus,운영 역량 강화,ba_13230879,본죽&비빔밥 강남성심병원점,본그룹,백반·죽·국수,서울특별시,영등포구,56.7973,C
operation_focus,운영 역량 강화,ba_14654080,굽네치킨 부산명장점,굽네치킨,치킨,부산광역시,동래구,62.8370,C
operation_focus,운영 역량 강화,ba_14700905,본죽&비빔밥 호탄점,본그룹,백반·죽·국수,경상남도,진주시,64.0199,C
operation_focus,운영 역량 강화,ba_14719554,본죽&비빔밥 파주금릉역점,본그룹,백반·죽·국수,경기도,파주시,62.4679,C
operation_focus,운영 역량 강화,ba_14603467,본죽&비빔밥 천안불당점,본그룹,백반·죽·국수,충청남도,천안시,64.0149,C
operation_focus,운영 역량 강화,ba_14691894,본죽 광양마동점,본그룹,백반·죽·국수,전라남도,광양시,56.7398,C
operation_focus,운영 역량 강화,ba_14689855,본죽&비빔밥 안양동편마을점,본그룹,백반·죽·국수,경기도,안양시,63.5508,C
operation_focus,운영 역량 강화,ba_14260091,굽네치킨 부평역점,굽네치킨,치킨,인천광역시,부평구,59.9184,C
operation_focus,운영 역량 강화,ba_13230838,본죽&비빔밥 시흥사거리점,본그룹,백반·죽·국수,서울특별시,금천구,63.5615,C
operation_focus,운영 역량 강화,ba_14690154,본죽&비빔밥 대화역점,본그룹,백반·죽·국수,경기도,고양시,52.7216,C
operation_focus,운영 역량 강화,ba_14691813,본죽&비빔밥 울산호계점,본그룹,백반·죽·국수,울산광역시,북구,53.2108,C
operation_focus,운영 역량 강화,ba_13471384,본죽&비빔밥 통영죽림점,본그룹,백반·죽·국수,경상남도,통영시,63.8093,C
operation_focus,운영 역량 강화,ba_14689395,본죽&비빔밥 용인둔전점,본그룹,백반·죽·국수,경기도,용인시,59.5620,C
operation_focus,운영 역량 강화,ba_14720263,굽네피자 강화온수점,굽네치킨,피자,인천광역시,강화군,64.3828,C
operation_focus,운영 역량 강화,ba_14688684,본죽&비빔밥 부천심곡본동점,본그룹,백반·죽·국수,경기도,부천시,63.5318,C
operation_focus,운영 역량 강화,ba_14691797,본죽&비빔밥 부산모라점,본그룹,백반·죽·국수,부산광역시,사상구,63.7227,C
operation_focus,운영 역량 강화,ba_10705443,굽네치킨 거제연초점,굽네치킨,치킨,경상남도,거제시,60.8734,C
operation_focus,운영 역량 강화,ba_13188150,본죽&비빔밥 제주법원점,본그룹,백반·죽·국수,제주특별자치도,제주시,55.8736,C
operation_focus,운영 역량 강화,ba_13522931,본죽&비빔밥 파주문산점,본그룹,백반·죽·국수,경기도,파주시,63.5665,C
operation_focus,운영 역량 강화,ba_13222051,본죽&비빔밥 이천점,본그룹,백반·죽·국수,경기도,이천시,58.2551,C
operation_focus,운영 역량 강화,ba_14688563,본죽&비빔밥 신정네거리역점,본그룹,백반·죽·국수,서울특별시,양천구,52.0050,C
operation_focus,운영 역량 강화,ba_10739524,굽네치킨 강원횡성점,굽네치킨,치킨,강원특별자치도,횡성군,60.8003,C
operation_focus,운영 역량 강화,ba_13233445,본죽&비빔밥 여수죽림점,본그룹,백반·죽·국수,전라남도,여수시,63.8316,C
operation_focus,운영 역량 강화,ba_13539608,굽네치킨 창원중앙점,굽네치킨,치킨,경상남도,창원시,54.8596,C
operation_focus,운영 역량 강화,ba_10604883,굽네치킨 거제고현점,굽네치킨,치킨,경상남도,거제시,61.3709,C
operation_focus,운영 역량 강화,ba_14671974,굽네피자 부산동삼점,굽네치킨,피자,부산광역시,영도구,63.8060,C
operation_focus,운영 역량 강화,ba_14708789,본죽&비빔밥 파주금릉역점,본그룹,백반·죽·국수,경기도,파주시,63.2917,C
operation_focus,운영 역량 강화,ba_14652929,굽네치킨 울산중앙점,굽네치킨,치킨,울산광역시,중구,62.7273,C
operation_focus,운영 역량 강화,ba_14591780,굽네치킨&피자 금산읍점,굽네치킨,치킨,충청남도,금산군,63.8671,C
operation_focus,운영 역량 강화,ba_14267751,굽네치킨 신정7동점,굽네치킨,치킨,서울특별시,양천구,61.0198,C
operation_focus,운영 역량 강화,ba_14273478,굽네피자 원미점,굽네치킨,피자,경기도,부천시,61.5739,C
operation_focus,운영 역량 강화,ba_14691178,본죽&비빔밥 대구서구청점,본그룹,백반·죽·국수,대구광역시,서구,62.5542,C
operation_focus,운영 역량 강화,ba_14688614,본죽 안산본오1동점,본그룹,백반·죽·국수,경기도,안산시,62.1759,C
operation_focus,운영 역량 강화,ba_13227516,본죽&비빔밥 부산동래점,본그룹,백반·죽·국수,부산광역시,동래구,62.3163,C
operation_focus,운영 역량 강화,ba_14689595,본죽&비빔밥 시흥배곧점,본그룹,백반·죽·국수,경기도,시흥시,62.6324,C
operation_focus,운영 역량 강화,ba_14689496,본죽&비빔밥 수원역매산점,본그룹,백반·죽·국수,경기도,수원시,63.4928,C
operation_focus,운영 역량 강화,ba_14689464,본죽&비빔밥 파주금촌점,본그룹,백반·죽·국수,경기도,파주시,61.6499,C
operation_focus,운영 역량 강화,ba_14581239,굽네치킨 여좌중앙점,굽네치킨,치킨,경상남도,창원시,60.8367,C
operation_focus,운영 역량 강화,ba_14688338,본죽 부천대성병원점,본그룹,백반·죽·국수,경기도,부천시,52.7606,C
operation_focus,운영 역량 강화,ba_14528279,굽네치킨 봉동점,굽네치킨,치킨,전북특별자치도,완주군,57.3039,C
operation_focus,운영 역량 강화,ba_14441192,굽네피자 나주빛가람점,굽네치킨,피자,전라남도,나주시,59.0290,C
operation_focus,운영 역량 강화,ba_14440681,굽네피자 면목점,굽네치킨,피자,서울특별시,중랑구,57.3399,C
operation_focus,운영 역량 강화,ba_14437626,굽네치킨&피자 대구읍내점,굽네치킨,치킨,대구광역시,북구,61.6681,C
operation_focus,운영 역량 강화,ba_10401021,굽네치킨 가산점,굽네치킨,치킨,서울특별시,금천구,57.8156,C
operation_focus,운영 역량 강화,ba_13203399,본죽&비빔밥 제주강정점,본그룹,백반·죽·국수,제주특별자치도,서귀포시,62.3493,C
operation_focus,운영 역량 강화,ba_14688697,본죽&비빔밥 신풍역점,본그룹,백반·죽·국수,서울특별시,영등포구,62.1048,C
operation_focus,운영 역량 강화,ba_10041246,굽네치킨 수색증산점,굽네치킨,치킨,서울특별시,은평구,62.9178,C
operation_focus,운영 역량 강화,ba_14229365,굽네치킨&피자 중곡1동점,굽네치킨,치킨,서울특별시,광진구,61.6277,C
operation_focus,운영 역량 강화,ba_10739556,굽네치킨 양산석산점,굽네치킨,치킨,경상남도,양산시,60.3628,C
operation_focus,운영 역량 강화,ba_10698315,굽네치킨 풍기점,굽네치킨,치킨,경상북도,영주시,62.8439,C
operation_focus,운영 역량 강화,ba_14488211,굽네치킨&피자 풍동점,굽네치킨,치킨,경기도,고양시,54.3349,C
operation_focus,운영 역량 강화,ba_14749296,굽네치킨&피자 석촌고분점,굽네치킨,치킨,서울특별시,송파구,52.8567,C
operation_focus,운영 역량 강화,ba_14716102,본죽&비빔밥 의정부발곡점,본그룹,백반·죽·국수,경기도,의정부시,63.2229,C
operation_focus,운영 역량 강화,ba_14767931,본죽&비빔밥 신중동점,본그룹,백반·죽·국수,경기도,부천시,61.7400,C
operation_focus,운영 역량 강화,ba_14706394,본죽&비빔밥 호탄점,본그룹,백반·죽·국수,경상남도,진주시,62.7440,C
operation_focus,운영 역량 강화,ba_14690725,본죽&비빔밥 광주주월점,본그룹,백반·죽·국수,광주광역시,남구,51.2651,C
operation_focus,운영 역량 강화,ba_14604237,굽네치킨 울산다운점,굽네치킨,치킨,울산광역시,중구,57.3804,C
operation_focus,운영 역량 강화,ba_13233506,본죽 광양마동점,본그룹,백반·죽·국수,전라남도,광양시,54.5511,C
operation_focus,운영 역량 강화,ba_13234193,본죽 경주황성점,본그룹,백반·죽·국수,경상북도,경주시,51.1181,C
operation_focus,운영 역량 강화,ba_14691330,본죽&비빔밥 구미형곡송정점,본그룹,백반·죽·국수,경상북도,구미시,51.0692,C
operation_focus,운영 역량 강화,ba_13052096,굽네치킨 구로5동점,굽네치킨,치킨,서울특별시,구로구,60.8513,C
operation_focus,운영 역량 강화,ba_10509105,굽네치킨&피자 강저지구점,굽네치킨,치킨,충청북도,제천시,57.2161,C
operation_focus,운영 역량 강화,ba_14799070,굽네치킨&피자 전남나주점,굽네치킨,치킨,전라남도,나주시,58.6911,C
operation_focus,운영 역량 강화,ba_14712797,굽네치킨 논공점,굽네치킨,치킨,대구광역시,달성군,61.9444,C
operation_focus,운영 역량 강화,ba_14463467,굽네치킨 화명신도시점,굽네치킨,치킨,부산광역시,북구,60.9619,C
operation_focus,운영 역량 강화,ba_14690577,본죽&비빔밥 포항양덕점,본그룹,백반·죽·국수,경상북도,포항시,51.4120,C
operation_focus,운영 역량 강화,ba_14671490,굽네피자 영천중앙점,굽네치킨,피자,경상북도,영천시,58.8678,C
operation_focus,운영 역량 강화,ba_14454741,본죽&비빔밥 부천소새울역점,본그룹,백반·죽·국수,경기도,부천시,62.3732,C
operation_focus,운영 역량 강화,ba_10016162,굽네치킨 신월사파점,굽네치킨,치킨,경상남도,창원시,57.9946,C
operation_focus,운영 역량 강화,ba_14691751,본죽&비빔밥 대전판암점,본그룹,백반·죽·국수,대전광역시,동구,62.1510,C
operation_focus,운영 역량 강화,ba_14687315,본죽&비빔밥 뚝섬유원지역점,본그룹,백반·죽·국수,서울특별시,광진구,51.4724,C
operation_focus,운영 역량 강화,ba_13236479,본죽 군포지샘병원점,본그룹,백반·죽·국수,경기도,군포시,56.6888,C
operation_focus,운영 역량 강화,ba_14673431,굽네치킨 부산온천점,굽네치킨,치킨,부산광역시,동래구,59.1238,C
operation_focus,운영 역량 강화,ba_14754893,본죽&비빔밥 일산탄현큰마을점,본그룹,백반·죽·국수,경기도,고양시,58.1500,C
operation_focus,운영 역량 강화,ba_13225842,본죽 동인천점,본그룹,백반·죽·국수,인천광역시,중구,51.6171,C
operation_focus,운영 역량 강화,ba_14623314,굽네치킨 충효점,굽네치킨,치킨,경상북도,경주시,61.3736,C
operation_focus,운영 역량 강화,ba_14564492,본죽&비빔밥 대구신월성점,본그룹,백반·죽·국수,대구광역시,달서구,62.5952,C
operation_focus,운영 역량 강화,ba_14715313,굽네치킨&피자 홍은1동점,굽네치킨,치킨,서울특별시,서대문구,59.6839,C
operation_focus,운영 역량 강화,ba_14687115,본죽 강서구청점,본그룹,백반·죽·국수,서울특별시,강서구,61.7379,C
operation_focus,운영 역량 강화,ba_14795104,굽네치킨 독산스타점,굽네치킨,치킨,서울특별시,금천구,59.9031,C
operation_focus,운영 역량 강화,ba_14687341,본죽&비빔밥 봉천역점,본그룹,백반·죽·국수,서울특별시,관악구,59.9113,C
operation_focus,운영 역량 강화,ba_14598667,본죽&비빔밥 조치원죽림점,본그룹,백반·죽·국수,세종특별자치시,조치원읍,62.1304,C
operation_focus,운영 역량 강화,ba_14694145,본죽&비빔밥 합정역점,본그룹,백반·죽·국수,서울특별시,마포구,53.3396,C
operation_focus,운영 역량 강화,ba_14671483,굽네치킨 영천중앙점,굽네치킨,치킨,경상북도,영천시,59.0763,C
operation_focus,운영 역량 강화,ba_14735878,본죽&비빔밥 시흥능곡점,본그룹,백반·죽·국수,경기도,시흥시,61.5689,C
operation_focus,운영 역량 강화,ba_13975731,굽네피자 신길뉴타운점,굽네치킨,피자,서울특별시,영등포구,55.8948,C
operation_focus,운영 역량 강화,ba_10821092,굽네치킨 주안3호점,굽네치킨,치킨,인천광역시,미추홀구,56.5726,C
operation_focus,운영 역량 강화,ba_14690014,본죽&비빔밥 인천석바위점,본그룹,백반·죽·국수,인천광역시,미추홀구,61.7208,C
operation_focus,운영 역량 강화,ba_13231147,본죽&비빔밥 인천송도웰카운티점,본그룹,백반·죽·국수,인천광역시,연수구,62.5875,C
operation_focus,운영 역량 강화,ba_14736722,굽네치킨&피자 철원와수점,굽네치킨,치킨,강원특별자치도,철원군,61.5505,C
operation_focus,운영 역량 강화,ba_14740239,굽네치킨 임실읍점,굽네치킨,치킨,전북특별자치도,임실군,62.2128,C
operation_focus,운영 역량 강화,ba_14737726,굽네치킨 대치4동점,굽네치킨,치킨,서울특별시,강남구,58.8163,C
operation_focus,운영 역량 강화,ba_14637553,굽네치킨&피자 양지동점,굽네치킨,치킨,경기도,성남시,62.4556,C
operation_focus,운영 역량 강화,ba_14699649,굽네치킨 시흥신천점,굽네치킨,치킨,경기도,시흥시,59.5285,C
operation_focus,운영 역량 강화,ba_14689759,본죽&비빔밥 인천송도웰카운티점,본그룹,백반·죽·국수,인천광역시,연수구,60.8994,C
operation_focus,운영 역량 강화,ba_14692168,본죽&비빔밥 해운대장산역점,본그룹,백반·죽·국수,부산광역시,해운대구,57.3652,C
operation_focus,운영 역량 강화,ba_14729038,굽네치킨&피자 파주읍점,굽네치킨,치킨,경기도,파주시,60.6393,C
operation_focus,운영 역량 강화,ba_14689402,본죽&비빔밥 의정부을지대병원점,본그룹,백반·죽·국수,경기도,의정부시,59.6261,C
operation_focus,운영 역량 강화,ba_13235498,본죽&비빔밥 외대점,본그룹,백반·죽·국수,서울특별시,동대문구,60.6397,C
operation_focus,운영 역량 강화,ba_10638951,굽네치킨 영천동부점,굽네치킨,치킨,경상북도,영천시,61.2789,C
operation_focus,운영 역량 강화,ba_14692185,본죽&비빔밥 세종첫마을점,본그룹,백반·죽·국수,세종특별자치시,노을3로,61.4333,C
operation_focus,운영 역량 강화,ba_13492399,본죽&비빔밥 등촌공항대로점,본그룹,백반·죽·국수,서울특별시,강서구,60.4436,C
operation_focus,운영 역량 강화,ba_13233575,본죽&비빔밥 대구두산점,본그룹,백반·죽·국수,대구광역시,수성구,54.8477,C
operation_focus,운영 역량 강화,ba_10580903,굽네치킨 길음1동점,굽네치킨,치킨,서울특별시,성북구,59.2638,C
operation_focus,운영 역량 강화,ba_13228909,본죽&비빔밥 청주사창점,본그룹,백반·죽·국수,충청북도,청주시,61.5626,C
operation_focus,운영 역량 강화,ba_14691296,본죽 대덕테크노밸리점,본그룹,백반·죽·국수,대전광역시,유성구,55.1903,C
operation_focus,운영 역량 강화,ba_14690068,본죽&비빔밥 용인동천점,본그룹,백반·죽·국수,경기도,용인시,49.9464,D
operation_focus,운영 역량 강화,ba_13233782,본죽&비빔밥 대구서구청점,본그룹,백반·죽·국수,대구광역시,서구,60.2886,C
operation_focus,운영 역량 강화,ba_14754936,굽네치킨 경주외동점,굽네치킨,치킨,경상북도,경주시,60.6299,C
operation_focus,운영 역량 강화,ba_14600429,굽네치킨&피자 김천부곡점,굽네치킨,치킨,경상북도,김천시,59.0788,C
operation_focus,운영 역량 강화,ba_14691171,본죽 부산서면점,본그룹,백반·죽·국수,부산광역시,부산진구,60.2255,C
operation_focus,운영 역량 강화,ba_14440680,굽네치킨&피자 면목점,굽네치킨,치킨,서울특별시,중랑구,59.2032,C
operation_focus,운영 역량 강화,ba_14744329,본죽&비빔밥 송파헬리오시티점,본그룹,백반·죽·국수,서울특별시,송파구,53.9403,C
operation_focus,운영 역량 강화,ba_13475914,본죽&비빔밥 광주백운대성초교점,본그룹,백반·죽·국수,광주광역시,남구,61.7387,C
operation_focus,운영 역량 강화,ba_14728839,굽네치킨 대구동인점,굽네치킨,치킨,대구광역시,중구,58.3335,C
operation_focus,운영 역량 강화,ba_14729784,굽네치킨 경북울진점,굽네치킨,치킨,경상북도,울진군,59.4715,C
operation_focus,운영 역량 강화,ba_10204887,굽네치킨 대구매호점,굽네치킨,치킨,대구광역시,수성구,60.8390,C
operation_focus,운영 역량 강화,ba_14309634,굽네치킨&피자 삼성2동점,굽네치킨,치킨,서울특별시,강남구,54.5326,C
operation_focus,운영 역량 강화,ba_14308402,굽네피자 삼성2동점,굽네치킨,피자,서울특별시,강남구,54.2831,C
operation_focus,운영 역량 강화,ba_14685750,"굽네치킨 개금1,2동점",굽네치킨,치킨,부산광역시,부산진구,59.8063,C
operation_focus,운영 역량 강화,ba_14322928,본죽&비빔밥 부천심곡본동점,본그룹,백반·죽·국수,경기도,부천시,61.3843,C
operation_focus,운영 역량 강화,ba_14388863,굽네피자 여의도1호점,굽네치킨,피자,서울특별시,영등포구,54.9835,C
operation_focus,운영 역량 강화,ba_13226860,본죽 부산서면점,본그룹,백반·죽·국수,부산광역시,부산진구,60.4685,C
operation_focus,운영 역량 강화,ba_10800862,굽네치킨 송파점,굽네치킨,치킨,서울특별시,송파구,56.0451,C
operation_focus,운영 역량 강화,ba_14708929,굽네치킨 고령다산점,굽네치킨,치킨,경상북도,고령군,58.5769,C
operation_focus,운영 역량 강화,ba_14785504,본죽&비빔밥 증평점,본그룹,백반·죽·국수,충청북도,증평군,60.6712,C
operation_focus,운영 역량 강화,ba_14720368,본죽&비빔밥 김포마산점,본그룹,백반·죽·국수,경기도,김포시,59.3613,C
operation_focus,운영 역량 강화,ba_14689910,본죽&비빔밥 외대점,본그룹,백반·죽·국수,서울특별시,동대문구,58.5891,C
operation_focus,운영 역량 강화,ba_14699399,굽네치킨 와동점,굽네치킨,치킨,경기도,안산시,57.4916,C
operation_focus,운영 역량 강화,ba_14767892,굽네치킨&피자 둔촌시장점,굽네치킨,치킨,서울특별시,강동구,57.5620,C
operation_focus,운영 역량 강화,ba_14726472,굽네치킨&피자 신대부적점,굽네치킨,치킨,경상북도,경산시,59.5413,C
operation_focus,운영 역량 강화,ba_13226843,본죽 부산가야점,본그룹,백반·죽·국수,부산광역시,부산진구,49.8472,D
operation_focus,운영 역량 강화,ba_14280570,본죽&비빔밥 분당수내점,본그룹,백반·죽·국수,경기도,성남시,54.1879,C
operation_focus,운영 역량 강화,ba_14691146,본죽 부산범내골역점,본그룹,백반·죽·국수,부산광역시,부산진구,49.6805,D
operation_focus,운영 역량 강화,ba_14700021,굽네치킨 영등포본동점,굽네치킨,치킨,서울특별시,영등포구,53.7594,C
operation_focus,운영 역량 강화,ba_14689942,본죽 인천학산사거리점,본그룹,백반·죽·국수,인천광역시,미추홀구,49.2290,D
operation_focus,운영 역량 강화,ba_10605803,굽네치킨 구월점,굽네치킨,치킨,인천광역시,남동구,55.8067,C
operation_focus,운영 역량 강화,ba_14801006,굽네치킨&피자 상봉점,굽네치킨,치킨,서울특별시,중랑구,60.0587,C
operation_focus,운영 역량 강화,ba_10040420,굽네치킨 김해진영점,굽네치킨,치킨,경상남도,김해시,50.6193,C
operation_focus,운영 역량 강화,ba_14296954,굽네치킨&피자 청주동남지구점,굽네치킨,치킨,충청북도,청주시,55.1931,C
operation_focus,운영 역량 강화,ba_13301511,본죽&비빔밥 송도글로벌캠퍼스점,본그룹,백반·죽·국수,인천광역시,연수구,54.5654,C
operation_focus,운영 역량 강화,ba_14688086,본죽&비빔밥 보라매점,본그룹,백반·죽·국수,서울특별시,동작구,58.7266,C
operation_focus,운영 역량 강화,ba_14690763,본죽&비빔밥 양산남부시장점,본그룹,백반·죽·국수,경상남도,양산시,59.3289,C
operation_focus,운영 역량 강화,ba_13227696,본죽 부산온천장점,본그룹,백반·죽·국수,부산광역시,동래구,53.8208,C
operation_focus,운영 역량 강화,ba_14260093,굽네치킨&피자 부평역점,굽네치킨,피자,인천광역시,부평구,58.0619,C
operation_focus,운영 역량 강화,ba_14689782,본죽 김포감정점,본그룹,백반·죽·국수,경기도,김포시,48.3425,D
operation_focus,운영 역량 강화,ba_13224790,본죽&비빔밥 안양덕천래미안점,본그룹,백반·죽·국수,경기도,안양시,59.7378,C
operation_focus,운영 역량 강화,ba_14688207,본죽 이대점,본그룹,백반·죽·국수,서울특별시,서대문구,52.9981,C
operation_focus,운영 역량 강화,ba_13233607,본죽 전북봉동점,본그룹,백반·죽·국수,전북특별자치도,완주군,48.0786,D
operation_focus,운영 역량 강화,ba_13224027,본죽 삼전동점,본그룹,백반·죽·국수,서울특별시,송파구,58.7572,C
operation_focus,운영 역량 강화,ba_14800284,굽네치킨&피자 광주양산점,굽네치킨,치킨,광주광역시,북구,57.6801,C
operation_focus,운영 역량 강화,ba_14689548,본죽&비빔밥 평택법원점,본그룹,백반·죽·국수,경기도,평택시,50.4995,C
operation_focus,운영 역량 강화,ba_14691030,본죽 대구진천역점,본그룹,백반·죽·국수,대구광역시,달서구,47.4107,D
operation_focus,운영 역량 강화,ba_14388856,굽네치킨&피자 여의도1호점,굽네치킨,치킨,서울특별시,영등포구,57.6283,C
operation_focus,운영 역량 강화,ba_14690786,본죽&비빔밥 광주문흥점,본그룹,백반·죽·국수,광주광역시,북구,53.5698,C
operation_focus,운영 역량 강화,ba_13768149,굽네치킨 신탄진점,굽네치킨,치킨,대전광역시,대덕구,53.3057,C
operation_focus,운영 역량 강화,ba_14732602,굽네치킨 서수원점,굽네치킨,치킨,경기도,수원시,52.8980,C
operation_focus,운영 역량 강화,ba_14245878,본죽&비빔밥 안양동편마을점,본그룹,백반·죽·국수,경기도,안양시,59.5011,C
operation_focus,운영 역량 강화,ba_14691234,본죽 대구남문시장점,본그룹,백반·죽·국수,대구광역시,중구,51.1602,C
operation_focus,운영 역량 강화,ba_10019194,굽네치킨&피자 신탄진점,굽네치킨,치킨,대전광역시,대덕구,56.1559,C
operation_focus,운영 역량 강화,ba_13228945,본죽&비빔밥 대전진잠점,본그룹,백반·죽·국수,대전광역시,유성구,58.8262,C
operation_focus,운영 역량 강화,ba_14495840,본죽&비빔밥 검단파라곤센트럴점,본그룹,백반·죽·국수,인천광역시,서구,59.3433,C
operation_focus,운영 역량 강화,ba_10040621,굽네치킨 울산성안점,굽네치킨,치킨,울산광역시,중구,51.9466,C
operation_focus,운영 역량 강화,ba_13233436,본죽&비빔밥 대구효성타운점,본그룹,백반·죽·국수,대구광역시,남구,52.6620,C
operation_focus,운영 역량 강화,ba_14687296,본죽&비빔밥 봉일시장점,본그룹,백반·죽·국수,서울특별시,관악구,56.9356,C
operation_focus,운영 역량 강화,ba_13648667,본죽&비빔밥 대전노은3지구점,본그룹,백반·죽·국수,대전광역시,유성구,52.2256,C
operation_focus,운영 역량 강화,ba_14794547,굽네치킨&피자 회기역점,굽네치킨,치킨,서울특별시,동대문구,56.9197,C
operation_focus,운영 역량 강화,ba_14729971,굽네치킨 군포1동점,굽네치킨,치킨,경기도,군포시,52.6178,C
operation_focus,운영 역량 강화,ba_13229527,본죽&비빔밥 상주점,본그룹,백반·죽·국수,경상북도,상주시,46.9807,D
operation_focus,운영 역량 강화,ba_14730330,본죽&비빔밥 동탄꼬모점,본그룹,백반·죽·국수,경기도,화성시,53.9286,C
operation_focus,운영 역량 강화,ba_14688176,본죽&비빔밥 옥수점,본그룹,백반·죽·국수,서울특별시,성동구,47.4166,D
operation_focus,운영 역량 강화,ba_14689536,본죽&비빔밥 파주운정신도시점,본그룹,백반·죽·국수,경기도,파주시,52.6033,C
operation_focus,운영 역량 강화,ba_13243478,본죽 보정동단국대점,본그룹,백반·죽·국수,경기도,용인시,52.1812,C
operation_focus,운영 역량 강화,ba_13200236,본죽 남양주진접롯데시네마점,본그룹,백반·죽·국수,경기도,남양주시,52.0746,C
operation_focus,운영 역량 강화,ba_14463469,굽네피자 화명신도시점,굽네치킨,피자,부산광역시,북구,57.5229,C
operation_focus,운영 역량 강화,ba_14690045,본죽&비빔밥 인천당하점,본그룹,백반·죽·국수,인천광역시,서구,48.6474,D
operation_focus,운영 역량 강화,ba_13230846,본죽&비빔밥 수원탑동점,본그룹,백반·죽·국수,경기도,수원시,51.7757,C
operation_focus,운영 역량 강화,ba_13268955,본죽&비빔밥 전주객사점,본그룹,백반·죽·국수,전북특별자치도,전주시,51.8215,C
operation_focus,운영 역량 강화,ba_13103901,굽네치킨&피자 나주혁신도시1호점,굽네치킨,피자,전라남도,나주시,52.4591,C
operation_focus,운영 역량 강화,ba_13193158,본죽&비빔밥 인천당하점,본그룹,백반·죽·국수,인천광역시,서구,56.0731,C
operation_focus,운영 역량 강화,ba_12014214,굽네치킨&피자 대전가오점,굽네치킨,치킨,대전광역시,동구,51.2671,C
operation_focus,운영 역량 강화,ba_10015935,굽네치킨 봉곡사림점,굽네치킨,치킨,경상남도,창원시,50.9739,C
operation_focus,운영 역량 강화,ba_14687137,본죽&비빔밥 명동점,본그룹,백반·죽·국수,서울특별시,중구,46.6318,D
operation_focus,운영 역량 강화,ba_13221975,본죽&비빔밥 용인마평점,본그룹,백반·죽·국수,경기도,용인시,55.2193,C
operation_focus,운영 역량 강화,ba_14254080,굽네치킨&피자 망우본동점,굽네치킨,치킨,서울특별시,중랑구,50.9287,C
operation_focus,운영 역량 강화,ba_14689378,본죽&비빔밥 성남중앙병원점,본그룹,백반·죽·국수,경기도,성남시,52.6791,C
operation_focus,운영 역량 강화,ba_14688336,본죽&비빔밥 고려대점,본그룹,백반·죽·국수,서울특별시,성북구,55.0781,C
operation_focus,운영 역량 강화,ba_13224844,본죽&비빔밥 평촌점,본그룹,백반·죽·국수,경기도,안양시,45.5991,D
operation_focus,운영 역량 강화,ba_14687310,본죽&비빔밥 가산디지털점,본그룹,백반·죽·국수,서울특별시,금천구,45.8122,D
operation_focus,운영 역량 강화,ba_13228166,본죽 제천하소점,본그룹,백반·죽·국수,충청북도,제천시,54.6635,C
operation_focus,운영 역량 강화,ba_14092187,굽네치킨&피자 일산식사점,굽네치킨,치킨,경기도,고양시,52.6432,C
operation_focus,운영 역량 강화,ba_14692178,본죽&비빔밥 제주함덕점,본그룹,백반·죽·국수,제주특별자치도,제주시,50.5622,C
operation_focus,운영 역량 강화,ba_14551802,본죽&비빔밥 명동2호점,본그룹,백반·죽·국수,서울특별시,중구,50.3797,C
operation_focus,운영 역량 강화,ba_14687365,본죽&비빔밥 덕성여대점,본그룹,백반·죽·국수,서울특별시,도봉구,45.8145,D
operation_focus,운영 역량 강화,ba_14725485,굽네치킨 구례읍점,굽네치킨,치킨,전라남도,구례군,52.4666,C
operation_focus,운영 역량 강화,ba_13230007,본죽 죽전벽산타운점,본그룹,백반·죽·국수,경기도,용인시,45.1606,D
operation_focus,운영 역량 강화,ba_14658160,굽네치킨&피자 대구옥포점,굽네치킨,치킨,대구광역시,달성군,49.8869,D
operation_focus,운영 역량 강화,ba_14665998,본죽&비빔밥 오금동사거리점,본그룹,백반·죽·국수,서울특별시,송파구,50.4560,C
operation_focus,운영 역량 강화,ba_14557869,굽네치킨 화곡4동점,굽네치킨,치킨,서울특별시,강서구,53.0781,C
operation_focus,운영 역량 강화,ba_13228993,본죽&비빔밥 동탄솔빛나루점,본그룹,백반·죽·국수,경기도,화성시,50.5569,C
operation_focus,운영 역량 강화,ba_13225746,본죽 고양점,본그룹,백반·죽·국수,경기도,고양시,50.6379,C
operation_focus,운영 역량 강화,ba_14694402,본죽 월곡점,본그룹,백반·죽·국수,서울특별시,성북구,45.0012,D
operation_focus,운영 역량 강화,ba_14666363,굽네치킨 충남태안점,굽네치킨,치킨,충청남도,태안군,54.3413,C
operation_focus,운영 역량 강화,ba_14308401,굽네치킨 삼성2동점,굽네치킨,치킨,서울특별시,강남구,49.9245,D
operation_focus,운영 역량 강화,ba_14692251,본죽&비빔밥 천안두정점,본그룹,백반·죽·국수,충청남도,천안시,45.3060,D
operation_focus,운영 역량 강화,ba_14735216,본죽&비빔밥 수지성복점,본그룹,백반·죽·국수,경기도,용인시,42.4927,D
operation_focus,운영 역량 강화,ba_14689403,본죽&비빔밥 의왕역점,본그룹,백반·죽·국수,경기도,의왕시,47.1245,D
operation_focus,운영 역량 강화,ba_14228062,굽네피자 월계2동점,굽네치킨,피자,서울특별시,노원구,49.9495,D
operation_focus,운영 역량 강화,ba_14690077,본죽&비빔밥 인천연희연세병원점,본그룹,백반·죽·국수,인천광역시,서구,50.9660,C
operation_focus,운영 역량 강화,ba_14153764,굽네피자 주안3호점,굽네치킨,피자,인천광역시,미추홀구,49.6544,D
operation_focus,운영 역량 강화,ba_14690062,본죽&비빔밥 용인물푸레마을점,본그룹,백반·죽·국수,경기도,용인시,45.1367,D
operation_focus,운영 역량 강화,ba_14272566,본죽&비빔밥 광명6동점,본그룹,백반·죽·국수,경기도,광명시,50.0905,C
operation_focus,운영 역량 강화,ba_14663534,굽네치킨 포항용흥점,굽네치킨,치킨,경상북도,포항시,52.4707,C
operation_focus,운영 역량 강화,ba_13459937,굽네치킨 성사점,굽네치킨,치킨,경기도,고양시,55.0856,C
operation_focus,운영 역량 강화,ba_14557882,굽네치킨 신방화역점,굽네치킨,치킨,서울특별시,강서구,45.4339,D
operation_focus,운영 역량 강화,ba_14691228,본죽&비빔밥 대구사월점,본그룹,백반·죽·국수,대구광역시,수성구,44.1827,D
operation_focus,운영 역량 강화,ba_14690092,본죽&비빔밥 인천불로동점,본그룹,백반·죽·국수,인천광역시,서구,49.3875,D
operation_focus,운영 역량 강화,ba_13233483,본죽&비빔밥 경산사동점,본그룹,백반·죽·국수,경상북도,경산시,43.9026,D
operation_focus,운영 역량 강화,ba_13234578,본죽&비빔밥 동백중앙점,본그룹,백반·죽·국수,경기도,용인시,43.9328,D
operation_focus,운영 역량 강화,ba_14692278,본죽 제천하소점,본그룹,백반·죽·국수,충청북도,제천시,50.7386,C
operation_focus,운영 역량 강화,ba_13081281,굽네치킨 하늘도시1호점,굽네치킨,치킨,인천광역시,중구,45.6519,D
operation_focus,운영 역량 강화,ba_13229747,본죽 창원중앙동점,본그룹,백반·죽·국수,경상남도,창원시,44.1109,D
operation_focus,운영 역량 강화,ba_14701165,본죽&비빔밥 연세세브란스빌딩점,본그룹,백반·죽·국수,서울특별시,중구,43.6180,D
operation_focus,운영 역량 강화,ba_12020564,굽네치킨&피자 거제고현점,굽네치킨,피자,경상남도,거제시,54.0871,C
operation_focus,운영 역량 강화,ba_14314711,굽네피자 송내2동점,굽네치킨,피자,경기도,부천시,48.6979,D
operation_focus,운영 역량 강화,ba_14775705,본죽&비빔밥 익산원광대병원점,본그룹,백반·죽·국수,전북특별자치도,익산시,45.3493,D
operation_focus,운영 역량 강화,ba_14693042,본죽&비빔밥 전주예수병원점,본그룹,백반·죽·국수,전북특별자치도,전주시,43.6784,D
operation_focus,운영 역량 강화,ba_13199335,본죽&비빔밥 울산매곡점,본그룹,백반·죽·국수,울산광역시,북구,43.6658,D
operation_focus,운영 역량 강화,ba_14689381,본죽&비빔밥 용인모현점,본그룹,백반·죽·국수,경기도,용인시,43.2542,D
operation_focus,운영 역량 강화,ba_14228061,굽네치킨 월계2동점,굽네치킨,치킨,서울특별시,노원구,48.8316,D
operation_focus,운영 역량 강화,ba_14117511,굽네치킨 논현1동점,굽네치킨,치킨,서울특별시,강남구,44.2962,D
operation_focus,운영 역량 강화,ba_14392494,굽네피자 원주혁신점,굽네치킨,피자,강원특별자치도,원주시,48.3556,D
operation_focus,운영 역량 강화,ba_14117512,굽네피자 논현1동점,굽네치킨,피자,서울특별시,강남구,43.2102,D
operation_focus,운영 역량 강화,ba_14472921,굽네피자 내당중리점,굽네치킨,피자,대구광역시,서구,48.3244,D
operation_focus,운영 역량 강화,ba_14648765,굽네치킨 서면가곡점,굽네치킨,치킨,전라남도,순천시,50.5084,C
operation_focus,운영 역량 강화,ba_14594474,본죽&비빔밥 광주계림동점,본그룹,백반·죽·국수,광주광역시,동구,55.3441,C
operation_focus,운영 역량 강화,ba_14042200,본죽&비빔밥 왕십리뉴타운점,본그룹,백반·죽·국수,서울특별시,성동구,47.6839,D
operation_focus,운영 역량 강화,ba_14687354,본죽&비빔밥 신도림점,본그룹,백반·죽·국수,서울특별시,구로구,42.7574,D
operation_focus,운영 역량 강화,ba_14687060,본죽&비빔밥 천호로데오점,본그룹,백반·죽·국수,서울특별시,강동구,52.7994,C
operation_focus,운영 역량 강화,ba_13233716,본죽 포항죽도오거리점,본그룹,백반·죽·국수,경상북도,포항시,43.1900,D
operation_focus,운영 역량 강화,ba_14651431,굽네피자 벌교읍점,굽네치킨,피자,전라남도,보성군,48.2418,D
operation_focus,운영 역량 강화,ba_14335172,굽네피자 장곡장현점,굽네치킨,피자,경기도,시흥시,48.1642,D
operation_focus,운영 역량 강화,ba_14651464,굽네피자 순천서면점,굽네치킨,피자,전라남도,순천시,48.1476,D
operation_focus,운영 역량 강화,ba_14662547,굽네치킨 신사우점,굽네치킨,치킨,강원특별자치도,춘천시,47.4047,D
operation_focus,운영 역량 강화,ba_13221865,본죽 처인구청점,본그룹,백반·죽·국수,경기도,용인시,48.1423,D
operation_focus,운영 역량 강화,ba_10768614,굽네치킨 신월상남점,굽네치킨,치킨,경상남도,창원시,53.0792,C
operation_focus,운영 역량 강화,ba_14297681,굽네피자 서산예천점,굽네치킨,피자,충청남도,서산시,48.0040,D
operation_focus,운영 역량 강화,ba_13231120,본죽 안산본오1동점,본그룹,백반·죽·국수,경기도,안산시,47.3151,D
operation_focus,운영 역량 강화,ba_10040411,굽네치킨,굽네치킨,치킨,서울특별시,성북구,47.8035,D
operation_focus,운영 역량 강화,ba_14615268,굽네피자 효자점,굽네치킨,피자,강원특별자치도,춘천시,47.8532,D
operation_focus,운영 역량 강화,ba_14620216,굽네치킨&피자 북아현점,굽네치킨,치킨,서울특별시,서대문구,44.1824,D
operation_focus,운영 역량 강화,ba_14680684,굽네피자 부산온천점,굽네치킨,피자,부산광역시,동래구,47.7277,D
operation_focus,운영 역량 강화,ba_14691235,본죽&비빔밥 대구범물동아백화점점,본그룹,백반·죽·국수,대구광역시,수성구,42.4532,D
operation_focus,운영 역량 강화,ba_12026171,굽네치킨&피자 선부3동점,굽네치킨,피자,경기도,안산시,47.6976,D
operation_focus,운영 역량 강화,ba_14338227,굽네피자 상대원점,굽네치킨,피자,경기도,성남시,47.5483,D
operation_focus,운영 역량 강화,ba_14285796,본죽&비빔밥 대구평리뉴타운점,본그룹,백반·죽·국수,대구광역시,서구,47.7290,D
operation_focus,운영 역량 강화,ba_14687088,본죽 길동시장점,본그룹,백반·죽·국수,서울특별시,강동구,42.1947,D
operation_focus,운영 역량 강화,ba_14387283,본죽&비빔밥 신봉초교점,본그룹,백반·죽·국수,경기도,용인시,47.6342,D
operation_focus,운영 역량 강화,ba_14688923,본죽&비빔밥 종로르메이에르점,본그룹,백반·죽·국수,서울특별시,종로구,42.2582,D
operation_focus,운영 역량 강화,ba_13969906,굽네피자 포항흥해점,굽네치킨,피자,경상북도,포항시,47.5067,D
operation_focus,운영 역량 강화,ba_14756247,본죽&비빔밥 일산가좌점,본그룹,백반·죽·국수,경기도,고양시,49.6016,D
operation_focus,운영 역량 강화,ba_14171127,굽네피자 연경점,굽네치킨,피자,대구광역시,동구,49.4403,D
operation_focus,운영 역량 강화,ba_12017934,굽네치킨&피자 삼숭고읍점,굽네치킨,피자,경기도,양주시,47.4879,D
operation_focus,운영 역량 강화,ba_13233448,본죽&비빔밥 대구달서구청점,본그룹,백반·죽·국수,대구광역시,달서구,47.6678,D
operation_focus,운영 역량 강화,ba_14692592,본죽 의정부가능역점,본그룹,백반·죽·국수,경기도,의정부시,45.5706,D
operation_focus,운영 역량 강화,ba_13234475,본죽&비빔밥 노량진점,본그룹,백반·죽·국수,서울특별시,동작구,47.2771,D
operation_focus,운영 역량 강화,ba_13079581,굽네치킨&피자 온의퇴계점,굽네치킨,피자,강원특별자치도,춘천시,47.4473,D
operation_focus,운영 역량 강화,ba_13235631,본죽 인왕산점,본그룹,백반·죽·국수,서울특별시,서대문구,46.8659,D
operation_focus,운영 역량 강화,ba_13233764,본죽 대구송라시장점,본그룹,백반·죽·국수,대구광역시,동구,47.1348,D
operation_focus,운영 역량 강화,ba_14248058,굽네피자 은행선화점,굽네치킨,피자,대전광역시,중구,47.3310,D
operation_focus,운영 역량 강화,ba_14788152,굽네피자 초읍점,굽네치킨,피자,부산광역시,부산진구,47.2937,D
operation_focus,운영 역량 강화,ba_14199673,굽네피자 가양점,굽네치킨,피자,서울특별시,강서구,47.2062,D
operation_focus,운영 역량 강화,ba_13236401,본죽 대학로본점,본그룹,백반·죽·국수,서울특별시,종로구,41.6894,D
operation_focus,운영 역량 강화,ba_14668967,굽네피자 신사우점,굽네치킨,피자,강원특별자치도,춘천시,47.2367,D
operation_focus,운영 역량 강화,ba_13969888,굽네피자 청주강서지구점,굽네치킨,피자,충청북도,청주시,47.2217,D
operation_focus,운영 역량 강화,ba_13122792,굽네치킨&피자 청주 강서지구점,굽네치킨,피자,충청북도,청주시,47.2217,D
operation_focus,운영 역량 강화,ba_14605018,굽네피자 대구신매점,굽네치킨,피자,대구광역시,수성구,47.2012,D
operation_focus,운영 역량 강화,ba_13228677,본죽 청주봉명점,본그룹,백반·죽·국수,충청북도,청주시,41.6003,D
operation_focus,운영 역량 강화,ba_13221638,본죽&비빔밥 이천마장점,본그룹,백반·죽·국수,경기도,이천시,41.6927,D
operation_focus,운영 역량 강화,ba_13222803,본죽 오금점,본그룹,백반·죽·국수,서울특별시,송파구,45.6192,D
operation_focus,운영 역량 강화,ba_13969554,굽네피자 포항양덕점,굽네치킨,피자,경상북도,포항시,46.9640,D
operation_focus,운영 역량 강화,ba_14556221,굽네치킨&피자 청주봉명점,굽네치킨,치킨,충청북도,청주시,43.4130,D
operation_focus,운영 역량 강화,ba_13223367,본죽 성수역점,본그룹,백반·죽·국수,서울특별시,성동구,45.8836,D
operation_focus,운영 역량 강화,ba_14778106,굽네치킨 구로디지털점,굽네치킨,치킨,서울특별시,구로구,46.8190,D
operation_focus,운영 역량 강화,ba_14544899,본죽&비빔밥 안양호계포도원점,본그룹,백반·죽·국수,경기도,안양시,46.9524,D
operation_focus,운영 역량 강화,ba_13974018,굽네피자 송파점,굽네치킨,피자,서울특별시,송파구,46.8367,D
operation_focus,운영 역량 강화,ba_14245849,본죽&비빔밥 광양중동점,본그룹,백반·죽·국수,전라남도,광양시,41.4532,D
operation_focus,운영 역량 강화,ba_14171262,굽네피자 칠암망경점,굽네치킨,피자,경상남도,진주시,46.9130,D
operation_focus,운영 역량 강화,ba_14464914,굽네피자 부산구서점,굽네치킨,피자,부산광역시,금정구,46.8671,D
operation_focus,운영 역량 강화,ba_13969933,굽네피자 신탄진점,굽네치킨,피자,대전광역시,대덕구,46.8666,D
operation_focus,운영 역량 강화,ba_13047702,굽네피자&치킨 광주상무점,굽네치킨,피자,광주광역시,서구,46.8468,D
operation_focus,운영 역량 강화,ba_14387630,굽네치킨 등촌2동점,굽네치킨,치킨,서울특별시,강서구,41.0909,D
operation_focus,운영 역량 강화,ba_12018905,굽네피자 거제연초점,굽네치킨,피자,경상남도,거제시,46.7234,D
operation_focus,운영 역량 강화,ba_14272179,굽네피자 마장점,굽네치킨,피자,경기도,이천시,46.5472,D
operation_focus,운영 역량 강화,ba_14296957,굽네피자 청주동남지구점,굽네치킨,피자,충청북도,청주시,46.7021,D
operation_focus,운영 역량 강화,ba_13233735,본죽 대구감삼드림시티점,본그룹,백반·죽·국수,대구광역시,달서구,46.3512,D
operation_focus,운영 역량 강화,ba_14809938,굽네치킨&피자 도곡스타점,굽네치킨,치킨,서울특별시,강남구,46.5933,D
operation_focus,운영 역량 강화,ba_12018493,굽네치킨&피자 부산덕천점,굽네치킨,피자,부산광역시,북구,46.6539,D
operation_focus,운영 역량 강화,ba_14690774,본죽&비빔밥 진주신안점,본그룹,백반·죽·국수,경상남도,진주시,39.8671,D
operation_focus,운영 역량 강화,ba_13969928,굽네피자 거제고현점,굽네치킨,피자,경상남도,거제시,46.6414,D
operation_focus,운영 역량 강화,ba_13163192,굽네치킨&피자 봉곡사림점,굽네치킨,피자,경상남도,창원시,46.5515,D
operation_focus,운영 역량 강화,ba_14688499,본죽 수원화서점,본그룹,백반·죽·국수,경기도,수원시,41.1474,D
operation_focus,운영 역량 강화,ba_13231195,본죽&비빔밥 수원광교역점,본그룹,백반·죽·국수,경기도,수원시,46.2041,D
operation_focus,운영 역량 강화,ba_13969807,굽네피자 경남사천점,굽네치킨,피자,경상남도,사천시,46.5176,D
operation_focus,운영 역량 강화,ba_14274576,굽네치킨&피자 갈현점,굽네치킨,치킨,서울특별시,은평구,46.4190,D
operation_focus,운영 역량 강화,ba_13232348,본죽&비빔밥 광주선운지구점,본그룹,백반·죽·국수,광주광역시,광산구,41.7154,D
operation_focus,운영 역량 강화,ba_14283482,본죽&비빔밥 목동역점,본그룹,백반·죽·국수,서울특별시,양천구,45.5609,D
operation_focus,운영 역량 강화,ba_12019541,굽네피자 양산석산점,굽네치킨,피자,경상남도,양산시,46.4552,D
operation_focus,운영 역량 강화,ba_14171093,굽네피자 양산물금점,굽네치킨,피자,경상남도,양산시,46.4149,D
operation_focus,운영 역량 강화,ba_14353161,굽네피자 구월점,굽네치킨,피자,인천광역시,남동구,46.3513,D
operation_focus,운영 역량 강화,ba_14352664,굽네피자 간석점,굽네치킨,피자,인천광역시,남동구,46.3514,D
operation_focus,운영 역량 강화,ba_14687307,본죽&비빔밥 봉천현대시장점,본그룹,백반·죽·국수,서울특별시,관악구,41.0608,D
operation_focus,운영 역량 강화,ba_14171081,굽네피자 김해진영점,굽네치킨,피자,경상남도,김해시,46.3336,D
operation_focus,운영 역량 강화,ba_14294476,굽네피자 하늘도시1호점,굽네치킨,피자,인천광역시,중구,46.3311,D
operation_focus,운영 역량 강화,ba_14637964,굽네피자 영덕영해점,굽네치킨,피자,경상북도,영덕군,46.3266,D
operation_focus,운영 역량 강화,ba_13097221,굽네치킨&피자 하늘도시1호점,굽네치킨,피자,인천광역시,중구,46.3238,D
operation_focus,운영 역량 강화,ba_14165975,굽네피자 송도신도시점,굽네치킨,피자,인천광역시,연수구,46.3027,D
operation_focus,운영 역량 강화,ba_14691072,본죽&비빔밥 대구신서혁신지구점,본그룹,백반·죽·국수,대구광역시,동구,46.1597,D
operation_focus,운영 역량 강화,ba_14691206,굽네피자 강화선원점,굽네치킨,피자,인천광역시,강화군,46.2659,D
operation_focus,운영 역량 강화,ba_14600398,굽네피자 여좌중앙점,굽네치킨,피자,경상남도,창원시,46.2507,D
operation_focus,운영 역량 강화,ba_10501929,굽네치킨 포항양덕점,굽네치킨,치킨,경상북도,포항시,39.4742,D
operation_focus,운영 역량 강화,ba_14669108,굽네피자 의정부용현점,굽네치킨,피자,경기도,의정부시,46.0731,D
operation_focus,운영 역량 강화,ba_13084303,굽네치킨&피자 양산물금점,굽네치킨,피자,경상남도,양산시,46.1274,D
operation_focus,운영 역량 강화,ba_14766646,본죽&비빔밥 대전한남대점,본그룹,백반·죽·국수,대전광역시,동구,47.5790,D
operation_focus,운영 역량 강화,ba_14692346,본죽&비빔밥 보령동대점,본그룹,백반·죽·국수,충청남도,보령시,40.5243,D
operation_focus,운영 역량 강화,ba_14673508,본죽&비빔밥 고덕래미안점,본그룹,백반·죽·국수,서울특별시,강동구,45.5618,D
operation_focus,운영 역량 강화,ba_14688233,본죽&비빔밥 수원오목천점,본그룹,백반·죽·국수,경기도,수원시,39.6298,D
operation_focus,운영 역량 강화,ba_13219045,본죽 구리인창아름마을점,본그룹,백반·죽·국수,경기도,구리시,45.9928,D
operation_focus,운영 역량 강화,ba_14692146,본죽&비빔밥 부산재송점,본그룹,백반·죽·국수,부산광역시,해운대구,39.3473,D
operation_focus,운영 역량 강화,ba_12020571,굽네피자 수색증산점,굽네치킨,피자,서울특별시,은평구,45.8679,D
operation_focus,운영 역량 강화,ba_14694671,본죽&비빔밥 범계로데오점,본그룹,백반·죽·국수,경기도,안양시,45.5774,D
operation_focus,운영 역량 강화,ba_13229975,본죽 구성언남점,본그룹,백반·죽·국수,경기도,용인시,40.5268,D
operation_focus,운영 역량 강화,ba_13111670,굽네치킨&피자 주안3호점,굽네치킨,피자,인천광역시,미추홀구,45.7714,D
operation_focus,운영 역량 강화,ba_14189792,굽네피자 부산우동점,굽네치킨,피자,부산광역시,해운대구,45.6125,D
operation_focus,운영 역량 강화,ba_14675307,굽네치킨 운남점,굽네치킨,치킨,인천광역시,중구,44.9799,D
operation_focus,운영 역량 강화,ba_14440526,굽네치킨 서산동문점,굽네치킨,치킨,충청남도,서산시,40.4095,D
operation_focus,운영 역량 강화,ba_14744706,본죽&비빔밥 세종시청점,본그룹,백반·죽·국수,세종특별자치시,한누리대로,39.9325,D
operation_focus,운영 역량 강화,ba_10019807,굽네치킨 부산덕천점,굽네치킨,치킨,부산광역시,북구,39.1044,D
operation_focus,운영 역량 강화,ba_14650120,굽네치킨&피자 벌교읍점,굽네치킨,치킨,전라남도,보성군,45.6604,D
operation_focus,운영 역량 강화,ba_14698239,본죽&비빔밥 의왕고천점,본그룹,백반·죽·국수,경기도,의왕시,47.3048,D
operation_focus,운영 역량 강화,ba_14250329,굽네피자 인창점,굽네치킨,피자,경기도,구리시,45.3407,D
operation_focus,운영 역량 강화,ba_14390509,굽네치킨 원주혁신점,굽네치킨,치킨,강원특별자치도,원주시,45.5476,D
operation_focus,운영 역량 강화,ba_14692460,본죽 안양샘병원점,본그룹,백반·죽·국수,경기도,안양시,39.8813,D
operation_focus,운영 역량 강화,ba_14597164,굽네치킨&피자 역삼2동점,굽네치킨,치킨,서울특별시,강남구,40.3036,D
operation_focus,운영 역량 강화,ba_14689999,본죽&비빔밥 인천승기사거리점,본그룹,백반·죽·국수,인천광역시,미추홀구,45.0018,D
operation_focus,운영 역량 강화,ba_13232134,본죽&비빔밥 광주운남점,본그룹,백반·죽·국수,광주광역시,광산구,45.5952,D
operation_focus,운영 역량 강화,ba_14687304,본죽&비빔밥 관악우체국점,본그룹,백반·죽·국수,서울특별시,관악구,44.6412,D
operation_focus,운영 역량 강화,ba_13223885,본죽&비빔밥 관악우체국점,본그룹,백반·죽·국수,서울특별시,관악구,44.6412,D
operation_focus,운영 역량 강화,ba_14701137,본죽&비빔밥 남양주호평점,본그룹,백반·죽·국수,경기도,남양주시,38.3639,D
operation_focus,운영 역량 강화,ba_14689591,본죽&비빔밥 평택서정리역점,본그룹,백반·죽·국수,경기도,평택시,45.0205,D
operation_focus,운영 역량 강화,ba_13233027,본죽&비빔밥 고척근린공원점,본그룹,백반·죽·국수,서울특별시,구로구,44.5788,D
operation_focus,운영 역량 강화,ba_14687334,본죽&비빔밥 고척근린공원점,본그룹,백반·죽·국수,서울특별시,구로구,44.5788,D
operation_focus,운영 역량 강화,ba_14792754,굽네치킨 보라점,굽네치킨,치킨,경기도,용인시,45.2590,D
operation_focus,운영 역량 강화,ba_14687136,본죽 서울백병원점,본그룹,백반·죽·국수,서울특별시,중구,40.0242,D
operation_focus,운영 역량 강화,ba_14271330,굽네치킨 일광신도시점,굽네치킨,치킨,부산광역시,기장군,38.4548,D
operation_focus,운영 역량 강화,ba_14689802,본죽&비빔밥 한성대입구점,본그룹,백반·죽·국수,서울특별시,성북구,44.4394,D
operation_focus,운영 역량 강화,ba_13235508,본죽&비빔밥 의정부녹양점,본그룹,백반·죽·국수,경기도,의정부시,45.3577,D
operation_focus,운영 역량 강화,ba_13236745,본죽&비빔밥 김해장유코아점,본그룹,백반·죽·국수,경상남도,김해시,40.1064,D
operation_focus,운영 역량 강화,ba_13189796,본죽&비빔밥 아산탕정점,본그룹,백반·죽·국수,충청남도,아산시,40.1849,D
operation_focus,운영 역량 강화,ba_14692164,본죽 세종고운점,본그룹,백반·죽·국수,세종특별자치시,마음로,39.7249,D
operation_focus,운영 역량 강화,ba_14810163,굽네피자 서현역점,굽네치킨,피자,경기도,성남시,44.7882,D
operation_focus,운영 역량 강화,ba_14560963,굽네피자 다산가운지금점,굽네치킨,피자,경기도,남양주시,44.5682,D
operation_focus,운영 역량 강화,ba_13580972,굽네치킨&피자 신수점,굽네치킨,치킨,서울특별시,마포구,49.8297,D
operation_focus,운영 역량 강화,ba_14599961,굽네치킨 파주헤이리점,굽네치킨,치킨,경기도,파주시,43.2848,D
operation_focus,운영 역량 강화,ba_10665884,굽네치킨 부산청학점,굽네치킨,치킨,부산광역시,영도구,44.6268,D
operation_focus,운영 역량 강화,ba_14766647,본죽&비빔밥 대전한남대점,본그룹,백반·죽·국수,대전광역시,동구,45.6534,D
operation_focus,운영 역량 강화,ba_14495787,굽네치킨 김해율하점,굽네치킨,치킨,경상남도,김해시,44.5575,D
operation_focus,운영 역량 강화,ba_14692042,굽네치킨 강화선원점,굽네치킨,치킨,인천광역시,강화군,44.4699,D
operation_focus,운영 역량 강화,ba_14689837,본죽&비빔밥 동탄역점,본그룹,백반·죽·국수,경기도,화성시,40.0357,D
operation_focus,운영 역량 강화,ba_13233742,본죽&비빔밥 내당삼익뉴타운점,본그룹,백반·죽·국수,대구광역시,서구,44.0717,D
operation_focus,운영 역량 강화,ba_14855560,굽네치킨 양산서창점,굽네치킨,치킨,경상남도,양산시,44.3856,D
operation_focus,운영 역량 강화,ba_14488212,굽네피자 풍동점,굽네치킨,피자,경기도,고양시,44.2406,D
operation_focus,운영 역량 강화,ba_14743731,본죽&비빔밥 인천오류왕길점,본그룹,백반·죽·국수,인천광역시,서구,44.6043,D
operation_focus,운영 역량 강화,ba_13230903,본죽 시흥시화병원점,본그룹,백반·죽·국수,경기도,시흥시,39.3815,D
operation_focus,운영 역량 강화,ba_14185617,굽네피자 영주휴천점,굽네치킨,피자,경상북도,영주시,43.9376,D
operation_focus,운영 역량 강화,ba_10571616,굽네치킨 답십리1동점,굽네치킨,치킨,서울특별시,동대문구,43.5756,D
operation_focus,운영 역량 강화,ba_14253619,본죽&비빔밥 문래힐스테이트점,본그룹,백반·죽·국수,서울특별시,영등포구,42.9164,D
operation_focus,운영 역량 강화,ba_14171092,굽네피자 광주용봉점,굽네치킨,피자,광주광역시,북구,43.9145,D
operation_focus,운영 역량 강화,ba_13972819,굽네피자 영통2동점,굽네치킨,피자,경기도,수원시,43.5157,D
operation_focus,운영 역량 강화,ba_14687859,본죽&비빔밥 제기동역점,본그룹,백반·죽·국수,서울특별시,동대문구,43.0282,D
operation_focus,운영 역량 강화,ba_13970104,굽네피자 대구혁신점,굽네치킨,피자,대구광역시,동구,43.4460,D
operation_focus,운영 역량 강화,ba_13972425,굽네피자 광주문흥점,굽네치킨,피자,광주광역시,북구,43.6111,D
operation_focus,운영 역량 강화,ba_14270407,본죽&비빔밥 벡스코역점,본그룹,백반·죽·국수,부산광역시,해운대구,43.3806,D
operation_focus,운영 역량 강화,ba_13870012,본죽&비빔밥 시흥장곡점,본그룹,백반·죽·국수,경기도,시흥시,37.9560,D
operation_focus,운영 역량 강화,ba_13226567,본죽 신정점,본그룹,백반·죽·국수,서울특별시,양천구,42.7175,D
operation_focus,운영 역량 강화,ba_13313909,굽네치킨 논현고잔1호점,굽네치킨,치킨,인천광역시,남동구,36.2921,D
operation_focus,운영 역량 강화,ba_13233767,본죽&비빔밥 세종정부청사점,본그룹,백반·죽·국수,세종특별자치시,절재로,43.0933,D
operation_focus,운영 역량 강화,ba_14794083,본죽&비빔밥 부산광안역점,본그룹,백반·죽·국수,부산광역시,수영구,45.7304,D
operation_focus,운영 역량 강화,ba_14687323,본죽&비빔밥 관악구청점,본그룹,백반·죽·국수,서울특별시,관악구,37.9176,D
operation_focus,운영 역량 강화,ba_14689859,본죽&비빔밥 춘천퇴계한숲점,본그룹,백반·죽·국수,강원특별자치도,춘천시,38.2325,D
operation_focus,운영 역량 강화,ba_13976690,굽네피자 신수점,굽네치킨,피자,서울특별시,마포구,44.1521,D
operation_focus,운영 역량 강화,ba_14593798,굽네치킨&피자 광주오포점,굽네치킨,치킨,경기도,광주시,35.5374,D
operation_focus,운영 역량 강화,ba_14473511,본죽&비빔밥카페 김해가야대역점,본그룹,백반·죽·국수,경상남도,김해시,37.8334,D
operation_focus,운영 역량 강화,ba_13219734,본죽 구리토평점,본그룹,백반·죽·국수,경기도,구리시,37.1068,D
operation_focus,운영 역량 강화,ba_14189742,굽네피자 논현고잔1호점,굽네치킨,피자,인천광역시,남동구,42.9885,D
operation_focus,운영 역량 강화,ba_14791437,굽네치킨&피자 신수점,굽네치킨,치킨,서울특별시,마포구,42.8557,D
operation_focus,운영 역량 강화,ba_13076527,굽네치킨 창2동점,굽네치킨,치킨,서울특별시,도봉구,33.6511,D
operation_focus,운영 역량 강화,ba_14810162,굽네치킨&피자 서현역점,굽네치킨,치킨,경기도,성남시,42.8801,D
operation_focus,운영 역량 강화,ba_13233484,본죽&비빔밥 진주하대점,본그룹,백반·죽·국수,경상남도,진주시,37.0047,D
operation_focus,운영 역량 강화,ba_14733665,굽네치킨 수원조원점,굽네치킨,치킨,경기도,수원시,37.3082,D
operation_focus,운영 역량 강화,ba_14688789,본죽&비빔밥 성남고등점,본그룹,백반·죽·국수,경기도,성남시,45.1291,D
operation_focus,운영 역량 강화,ba_14688609,본죽 죽전벽산타운점,본그룹,백반·죽·국수,경기도,용인시,42.3292,D
operation_focus,운영 역량 강화,ba_10040590,굽네치킨 삼숭고읍점,굽네치킨,치킨,경기도,양주시,39.5037,D
operation_focus,운영 역량 강화,ba_10636815,굽네치킨 완도점,굽네치킨,치킨,전라남도,완도군,42.5351,D
operation_focus,운영 역량 강화,ba_14808489,굽네치킨 전주서학점,굽네치킨,치킨,전북특별자치도,전주시,42.5281,D
operation_focus,운영 역량 강화,ba_14413122,굽네치킨&피자 만성점,굽네치킨,치킨,전북특별자치도,전주시,42.5002,D
operation_focus,운영 역량 강화,ba_14714070,본죽&비빔밥 의정부발곡점,본그룹,백반·죽·국수,경기도,의정부시,41.6531,D
operation_focus,운영 역량 강화,ba_13233724,본죽&비빔밥 대구동성로중앙점,본그룹,백반·죽·국수,대구광역시,중구,42.1891,D
operation_focus,운영 역량 강화,ba_14615149,굽네치킨&피자 강대효자점,굽네치킨,치킨,강원특별자치도,춘천시,34.3965,D
operation_focus,운영 역량 강화,ba_14727755,굽네치킨&피자 덕진금암점,굽네치킨,치킨,전북특별자치도,전주시,42.3543,D
operation_focus,운영 역량 강화,ba_13189894,본죽&비빔밥 양산부산대병원정문앞택지점,본그룹,백반·죽·국수,경상남도,양산시,37.2888,D
operation_focus,운영 역량 강화,ba_14525359,본죽&비빔밥 용인모현점,본그룹,백반·죽·국수,경기도,용인시,36.7490,D
operation_focus,운영 역량 강화,ba_14689013,본죽&비빔밥 김포사우점,본그룹,백반·죽·국수,경기도,김포시,35.7917,D
operation_focus,운영 역량 강화,ba_14809478,굽네치킨 권선1동점,굽네치킨,치킨,경기도,수원시,42.1573,D
operation_focus,운영 역량 강화,ba_14758007,굽네치킨 송도신도시점,굽네치킨,치킨,인천광역시,연수구,42.1127,D
operation_focus,운영 역량 강화,ba_14827938,굽네치킨&피자 거북섬점,굽네치킨,치킨,경기도,시흥시,42.0702,D
operation_focus,운영 역량 강화,ba_10685624,굽네치킨 광주문흥점,굽네치킨,치킨,광주광역시,북구,41.8928,D
operation_focus,운영 역량 강화,ba_13231218,본죽 시흥하상동점,본그룹,백반·죽·국수,경기도,시흥시,41.1561,D
operation_focus,운영 역량 강화,ba_14687388,본죽&비빔밥 중곡사거리점,본그룹,백반·죽·국수,서울특별시,광진구,42.1376,D
operation_focus,운영 역량 강화,ba_14691803,본죽 부산학장점,본그룹,백반·죽·국수,부산광역시,사상구,43.4555,D
operation_focus,운영 역량 강화,ba_14690724,본죽&비빔밥 경남사천점,본그룹,백반·죽·국수,경상남도,사천시,41.9821,D
operation_focus,운영 역량 강화,ba_13233466,본죽&비빔밥 대구대곡역점,본그룹,백반·죽·국수,대구광역시,달성군,36.4334,D
operation_focus,운영 역량 강화,ba_14251745,굽네피자 태전점,굽네치킨,피자,대구광역시,북구,41.4942,D
operation_focus,운영 역량 강화,ba_14688541,본죽 시흥하상동점,본그룹,백반·죽·국수,경기도,시흥시,41.0616,D
operation_focus,운영 역량 강화,ba_14688854,본죽 평택팽성점,본그룹,백반·죽·국수,경기도,평택시,43.3459,D
operation_focus,운영 역량 강화,ba_14809544,굽네치킨 송도4동점,굽네치킨,치킨,인천광역시,연수구,41.7610,D
operation_focus,운영 역량 강화,ba_14692289,본죽&비빔밥 당진점,본그룹,백반·죽·국수,충청남도,당진시,41.0156,D
operation_focus,운영 역량 강화,ba_14692339,본죽&비빔밥 청주분평점,본그룹,백반·죽·국수,충청북도,청주시,41.5741,D
operation_focus,운영 역량 강화,ba_14695958,본죽 삼양사거리점,본그룹,백반·죽·국수,서울특별시,강북구,34.9444,D
operation_focus,운영 역량 강화,ba_14769185,굽네치킨&피자 김천신음점,굽네치킨,치킨,경상북도,김천시,35.3542,D
operation_focus,운영 역량 강화,ba_14716332,굽네치킨&피자 태평3동점,굽네치킨,치킨,경기도,성남시,43.2487,D
operation_focus,운영 역량 강화,ba_14689894,본죽&비빔밥 인천간석남부역점,본그룹,백반·죽·국수,인천광역시,남동구,41.3475,D
operation_focus,운영 역량 강화,ba_14691884,본죽&비빔밥 구서쌍용예가점,본그룹,백반·죽·국수,부산광역시,금정구,36.6352,D
operation_focus,운영 역량 강화,ba_14692256,본죽&비빔밥 천안성거점,본그룹,백반·죽·국수,충청남도,천안시,40.8977,D
operation_focus,운영 역량 강화,ba_14691910,본죽&비빔밥 울산청량점,본그룹,백반·죽·국수,울산광역시,울주군,40.8392,D
operation_focus,운영 역량 강화,ba_14803437,굽네치킨 명곡대원점,굽네치킨,치킨,경상남도,창원시,41.5540,D
operation_focus,운영 역량 강화,ba_14692282,본죽&비빔밥 당진수청점,본그룹,백반·죽·국수,충청남도,당진시,40.7880,D
operation_focus,운영 역량 강화,ba_14690056,본죽&비빔밥cafe 용인동백역점,본그룹,백반·죽·국수,경기도,용인시,35.3563,D
operation_focus,운영 역량 강화,ba_14435750,본죽&비빔밥 광주연제점,본그룹,백반·죽·국수,광주광역시,북구,41.2200,D
operation_focus,운영 역량 강화,ba_13506840,굽네치킨 & 피자 약수역점,굽네치킨,치킨,서울특별시,중구,41.4328,D
operation_focus,운영 역량 강화,ba_14522619,본죽&비빔밥 수원권선롯데마트점,본그룹,백반·죽·국수,경기도,수원시,40.7396,D
operation_focus,운영 역량 강화,ba_13226580,본죽 등촌역점,본그룹,백반·죽·국수,서울특별시,양천구,40.2192,D
operation_focus,운영 역량 강화,ba_13234187,본죽 경산계양점,본그룹,백반·죽·국수,경상북도,경산시,35.7689,D
operation_focus,운영 역량 강화,ba_14400023,본죽&비빔밥 시흥장곡점,본그룹,백반·죽·국수,경기도,시흥시,40.6601,D
operation_focus,운영 역량 강화,ba_14189864,굽네피자 & 피자 약수역점,굽네치킨,피자,서울특별시,중구,41.3026,D
operation_focus,운영 역량 강화,ba_14797330,굽네치킨&피자 초전점,굽네치킨,치킨,경상남도,진주시,41.3676,D
operation_focus,운영 역량 강화,ba_14173661,굽네피자 신월사파점,굽네치킨,피자,경상남도,창원시,36.0275,D
operation_focus,운영 역량 강화,ba_14689425,본죽&비빔밥 의정부시청점,본그룹,백반·죽·국수,경기도,의정부시,40.5673,D
operation_focus,운영 역량 강화,ba_14809961,굽네치킨 창원소답점,굽네치킨,치킨,경상남도,창원시,41.2879,D
operation_focus,운영 역량 강화,ba_14773134,본죽&비빔밥 용인보라점,본그룹,백반·죽·국수,경기도,용인시,40.4143,D
operation_focus,운영 역량 강화,ba_14190360,굽네피자 일산식사점,굽네치킨,피자,경기도,고양시,41.0251,D
operation_focus,운영 역량 강화,ba_14776515,굽네치킨 대소점,굽네치킨,치킨,충청북도,음성군,34.8740,D
operation_focus,운영 역량 강화,ba_14691324,본죽 포항지곡점,본그룹,백반·죽·국수,경상북도,포항시,40.3573,D
operation_focus,운영 역량 강화,ba_14624480,굽네피자 고산지구점,굽네치킨,피자,경기도,의정부시,41.0895,D
operation_focus,운영 역량 강화,ba_14525750,굽네피자 지산신장점,굽네치킨,피자,경기도,평택시,41.0912,D
operation_focus,운영 역량 강화,ba_13973779,굽네피자 용인서천점,굽네치킨,피자,경기도,용인시,41.0774,D
operation_focus,운영 역량 강화,ba_13233433,본죽 대명안지랑점,본그룹,백반·죽·국수,대구광역시,남구,35.7626,D
operation_focus,운영 역량 강화,ba_14629814,굽네피자 용인모현점,굽네치킨,피자,경기도,용인시,41.0380,D
operation_focus,운영 역량 강화,ba_14689508,본죽&비빔밥 파주문산점,본그룹,백반·죽·국수,경기도,파주시,40.3035,D
operation_focus,운영 역량 강화,ba_14695008,본죽&비빔밥 부산연산점,본그룹,백반·죽·국수,부산광역시,연제구,34.5436,D
operation_focus,운영 역량 강화,ba_13247000,본죽 용인광교역점,본그룹,백반·죽·국수,경기도,용인시,40.5514,D
operation_focus,운영 역량 강화,ba_14788679,본죽&비빔밥 안산선부점,본그룹,백반·죽·국수,경기도,안산시,42.4444,D
operation_focus,운영 역량 강화,ba_14696545,굽네피자 구리갈매점,굽네치킨,피자,경기도,구리시,41.0122,D
operation_focus,운영 역량 강화,ba_13973937,굽네피자 동탄1동점,굽네치킨,피자,경기도,화성시,40.9870,D
operation_focus,운영 역량 강화,ba_14756868,본죽&비빔밥 평택시청점,본그룹,백반·죽·국수,경기도,평택시,40.2416,D
operation_focus,운영 역량 강화,ba_14691863,본죽&비빔밥 부산명지cgv점,본그룹,백반·죽·국수,부산광역시,강서구,40.1967,D
operation_focus,운영 역량 강화,ba_14691316,본죽 포항오천점,본그룹,백반·죽·국수,경상북도,포항시,40.1853,D
operation_focus,운영 역량 강화,ba_14797999,굽네치킨&피자 대흥역점,굽네치킨,치킨,서울특별시,마포구,40.3705,D
operation_focus,운영 역량 강화,ba_14842562,굽네치킨&피자 영등포구청역점,굽네치킨,치킨,서울특별시,영등포구,40.7401,D
operation_focus,운영 역량 강화,ba_14637963,굽네치킨 영덕영해점,굽네치킨,치킨,경상북도,영덕군,35.3215,D
operation_focus,운영 역량 강화,ba_14327485,굽네치킨&피자 장곡장현점,굽네치킨,치킨,경기도,시흥시,33.7162,D
operation_focus,운영 역량 강화,ba_14252162,굽네피자 사당2동점,굽네치킨,피자,서울특별시,동작구,40.7213,D
operation_focus,운영 역량 강화,ba_12030167,굽네치킨&피자 후평점,굽네치킨,피자,강원특별자치도,춘천시,40.8032,D
operation_focus,운영 역량 강화,ba_14691981,본죽&비빔밥 부산개금점,본그룹,백반·죽·국수,부산광역시,부산진구,40.0185,D
operation_focus,운영 역량 강화,ba_14320813,굽네피자 옥곡백천점,굽네치킨,피자,경상북도,경산시,40.7415,D
operation_focus,운영 역량 강화,ba_14731363,본죽&비빔밥 충북대병원앞점,본그룹,백반·죽·국수,충청북도,청주시,43.5074,D
operation_focus,운영 역량 강화,ba_13628326,본죽&비빔밥 부산개금점,본그룹,백반·죽·국수,부산광역시,부산진구,40.0020,D
operation_focus,운영 역량 강화,ba_14629153,굽네치킨&피자 합천점,굽네치킨,치킨,경상남도,합천군,35.3797,D
operation_focus,운영 역량 강화,ba_13973414,굽네피자 후평점,굽네치킨,피자,강원특별자치도,춘천시,40.7275,D
operation_focus,운영 역량 강화,ba_14691338,본죽 포항흥해점,본그룹,백반·죽·국수,경상북도,포항시,39.9701,D
operation_focus,운영 역량 강화,ba_14569929,굽네치킨 응암1호점,굽네치킨,치킨,서울특별시,은평구,40.5584,D
operation_focus,운영 역량 강화,ba_14690597,본죽&비빔밥 포항상원점,본그룹,백반·죽·국수,경상북도,포항시,39.8964,D
operation_focus,운영 역량 강화,ba_13181486,본죽&비빔밥 천안두정점,본그룹,백반·죽·국수,충청남도,천안시,33.7398,D
operation_focus,운영 역량 강화,ba_14796264,굽네치킨 종암스타점,굽네치킨,치킨,서울특별시,성북구,40.5169,D
operation_focus,운영 역량 강화,ba_14686990,본죽 문정로데오점,본그룹,백반·죽·국수,서울특별시,송파구,39.1318,D
operation_focus,운영 역량 강화,ba_12016615,굽네피자 울산삼산점,굽네치킨,피자,울산광역시,남구,35.1152,D
operation_focus,운영 역량 강화,ba_14787229,본죽&비빔밥 수원호매실화홍병원점,본그룹,백반·죽·국수,경기도,수원시,41.9348,D
operation_focus,운영 역량 강화,ba_14189925,굽네피자 불광점,굽네치킨,피자,서울특별시,은평구,40.4538,D
operation_focus,운영 역량 강화,ba_14542191,굽네피자 응암1호점,굽네치킨,피자,서울특별시,은평구,40.4290,D
operation_focus,운영 역량 강화,ba_10418755,굽네치킨&피자 곤지암점,굽네치킨,치킨,경기도,광주시,40.4552,D
operation_focus,운영 역량 강화,ba_14189471,굽네피자 등촌3동점,굽네치킨,피자,서울특별시,강서구,40.3634,D
operation_focus,운영 역량 강화,ba_13712881,굽네치킨 등촌3동점,굽네치킨,치킨,서울특별시,강서구,40.3600,D
operation_focus,운영 역량 강화,ba_14271331,굽네피자 일광신도시점,굽네치킨,피자,부산광역시,기장군,40.0901,D
operation_focus,운영 역량 강화,ba_14662462,굽네치킨 광탄점,굽네치킨,치킨,경기도,파주시,34.6033,D
operation_focus,운영 역량 강화,ba_14691860,본죽&비빔밥 부산동삼점,본그룹,백반·죽·국수,부산광역시,영도구,41.2966,D
operation_focus,운영 역량 강화,ba_14103678,굽네치킨&피자 불광점,굽네치킨,치킨,서울특별시,은평구,40.3370,D
operation_focus,운영 역량 강화,ba_14392323,굽네피자 삼산1동점,굽네치킨,피자,인천광역시,부평구,40.3880,D
operation_focus,운영 역량 강화,ba_13448308,굽네치킨 역촌점,굽네치킨,치킨,서울특별시,은평구,40.2922,D
operation_focus,운영 역량 강화,ba_14840445,굽네치킨&피자 등촌3동점,굽네치킨,치킨,서울특별시,강서구,40.2871,D
operation_focus,운영 역량 강화,ba_14251345,굽네피자 강화점,굽네치킨,피자,인천광역시,강화군,40.3540,D
operation_focus,운영 역량 강화,ba_14800652,본죽&비빔밥 내방역점,본그룹,백반·죽·국수,서울특별시,서초구,39.6062,D
operation_focus,운영 역량 강화,ba_14691400,본죽&비빔밥 경산하양점,본그룹,백반·죽·국수,경상북도,경산시,39.4463,D
operation_focus,운영 역량 강화,ba_14733416,굽네치킨&피자 먹골역점,굽네치킨,치킨,서울특별시,중랑구,40.2320,D
operation_focus,운영 역량 강화,ba_14252159,굽네치킨 사당2동점,굽네치킨,치킨,서울특별시,동작구,40.2173,D
operation_focus,운영 역량 강화,ba_14690580,본죽&비빔밥 포항문덕원동점,본그룹,백반·죽·국수,경상북도,포항시,39.5021,D
operation_focus,운영 역량 강화,ba_13326281,본죽 만리점,본그룹,백반·죽·국수,서울특별시,중구,38.4522,D
operation_focus,운영 역량 강화,ba_10024499,굽네치킨 보령동대점,굽네치킨,치킨,충청남도,보령시,40.2227,D
operation_focus,운영 역량 강화,ba_14624481,굽네치킨&피자 고산지구점,굽네치킨,치킨,경기도,의정부시,40.1769,D
operation_focus,운영 역량 강화,ba_13851878,굽네치킨 용인서천점,굽네치킨,치킨,경기도,용인시,40.1745,D
operation_focus,운영 역량 강화,ba_14400681,굽네피자 영암삼호점,굽네치킨,피자,전라남도,영암군,39.8925,D
operation_focus,운영 역량 강화,ba_10416959,굽네치킨 은행동점,굽네치킨,치킨,경기도,성남시,40.1706,D
operation_focus,운영 역량 강화,ba_14624475,굽네치킨 고산지구점,굽네치킨,치킨,경기도,의정부시,40.1709,D
operation_focus,운영 역량 강화,ba_14642115,굽네치킨 공도2호점,굽네치킨,치킨,경기도,안성시,40.1465,D
operation_focus,운영 역량 강화,ba_14696546,굽네치킨&피자 구리갈매점,굽네치킨,치킨,경기도,구리시,40.1411,D
operation_focus,운영 역량 강화,ba_14695236,본죽&비빔밥 제주법원점,본그룹,백반·죽·국수,제주특별자치도,제주시,39.3953,D
operation_focus,운영 역량 강화,ba_14746091,굽네치킨&피자 별내청학점,굽네치킨,치킨,경기도,남양주시,40.1381,D
operation_focus,운영 역량 강화,ba_13950340,굽네치킨 동탄1동점,굽네치킨,치킨,경기도,화성시,40.1399,D
operation_focus,운영 역량 강화,ba_14857305,굽네치킨&피자 송탄지산점,굽네치킨,치킨,경기도,평택시,40.1330,D
operation_focus,운영 역량 강화,ba_14854750,굽네치킨 울산신정3호점,굽네치킨,치킨,울산광역시,남구,40.1318,D
operation_focus,운영 역량 강화,ba_14696544,굽네치킨 구리갈매점,굽네치킨,치킨,경기도,구리시,40.1293,D
operation_focus,운영 역량 강화,ba_14691387,본죽&비빔밥 경주동국대병원점,본그룹,백반·죽·국수,경상북도,경주시,39.3770,D
operation_focus,운영 역량 강화,ba_14692319,본죽&비빔밥 제주강정점,본그룹,백반·죽·국수,제주특별자치도,서귀포시,39.3735,D
operation_focus,운영 역량 강화,ba_14853495,굽네치킨&피자 구리갈매점,굽네치킨,치킨,경기도,구리시,40.1056,D
operation_focus,운영 역량 강화,ba_14690576,본죽&비빔밥 포항세명병원점,본그룹,백반·죽·국수,경상북도,포항시,39.3615,D
operation_focus,운영 역량 강화,ba_14681358,굽네치킨 시흥능곡점,굽네치킨,치킨,경기도,시흥시,40.0998,D
operation_focus,운영 역량 강화,ba_10840065,굽네치킨 천안백석점,굽네치킨,치킨,충청남도,천안시,40.0910,D
operation_focus,운영 역량 강화,ba_14805037,굽네치킨&피자 광주퇴촌점,굽네치킨,치킨,경기도,광주시,40.0712,D
operation_focus,운영 역량 강화,ba_14352930,굽네치킨 녹양점,굽네치킨,치킨,경기도,의정부시,40.0698,D
operation_focus,운영 역량 강화,ba_14525748,굽네치킨 지산신장점,굽네치킨,치킨,경기도,평택시,40.0716,D
operation_focus,운영 역량 강화,ba_14662584,굽네치킨&피자 광주퇴촌점,굽네치킨,치킨,경기도,광주시,40.0655,D
operation_focus,운영 역량 강화,ba_14856977,굽네치킨&피자 용산점,굽네치킨,치킨,대구광역시,달서구,40.0637,D
operation_focus,운영 역량 강화,ba_13311793,굽네치킨 연신내점,굽네치킨,치킨,서울특별시,은평구,42.6301,D
operation_focus,운영 역량 강화,ba_14690658,본죽&비빔밥 포항이인지구점,본그룹,백반·죽·국수,경상북도,포항시,39.2871,D
operation_focus,운영 역량 강화,ba_14810724,굽네치킨&피자 동대구해모로점,굽네치킨,치킨,대구광역시,동구,40.0156,D
operation_focus,운영 역량 강화,ba_14481987,굽네치킨 마산점,굽네치킨,치킨,경기도,김포시,40.0003,D
operation_focus,운영 역량 강화,ba_10767741,굽네치킨 후평점,굽네치킨,치킨,강원특별자치도,춘천시,39.9858,D
operation_focus,운영 역량 강화,ba_12029686,굽네치킨 나주혁신도시1호점,굽네치킨,치킨,전라남도,나주시,34.2701,D
operation_focus,운영 역량 강화,ba_14484108,굽네치킨 애막골후평점,굽네치킨,치킨,강원특별자치도,춘천시,39.9858,D
operation_focus,운영 역량 강화,ba_14796881,굽네치킨 안산부곡점,굽네치킨,치킨,경기도,안산시,39.9771,D
operation_focus,운영 역량 강화,ba_14768997,굽네치킨&피자 양벌점,굽네치킨,치킨,경기도,광주시,39.9764,D
operation_focus,운영 역량 강화,ba_14629813,굽네치킨 용인모현점,굽네치킨,치킨,경기도,용인시,39.9714,D
operation_focus,운영 역량 강화,ba_14692368,본죽&비빔밥 제주서귀포동홍점,본그룹,백반·죽·국수,제주특별자치도,서귀포시,39.2030,D
operation_focus,운영 역량 강화,ba_13003575,굽네치킨&피자 여수관문점,굽네치킨,피자,전라남도,여수시,39.5591,D
operation_focus,운영 역량 강화,ba_14759786,굽네치킨&피자 퇴계CGV점,굽네치킨,치킨,강원특별자치도,춘천시,39.9270,D
operation_focus,운영 역량 강화,ba_13228939,본죽 산성역점,본그룹,백반·죽·국수,경기도,성남시,39.3272,D
operation_focus,운영 역량 강화,ba_14692087,본죽&비빔밥 신제주점,본그룹,백반·죽·국수,제주특별자치도,제주시,39.1726,D
operation_focus,운영 역량 강화,ba_14849575,굽네치킨 엄궁점,굽네치킨,치킨,부산광역시,사상구,39.8886,D
operation_focus,운영 역량 강화,ba_13452835,굽네치킨 경남남해점,굽네치킨,치킨,경상남도,남해군,39.8896,D
operation_focus,운영 역량 강화,ba_13574800,굽네치킨 대구신매점,굽네치킨,치킨,대구광역시,수성구,34.3813,D
operation_focus,운영 역량 강화,ba_14691986,본죽&비빔밥 제주삼화점,본그룹,백반·죽·국수,제주특별자치도,제주시,39.1542,D
operation_focus,운영 역량 강화,ba_14597165,굽네피자 역삼2동점,굽네치킨,피자,서울특별시,강남구,39.0658,D
operation_focus,운영 역량 강화,ba_13348011,굽네치킨 하남신장점,굽네치킨,치킨,경기도,하남시,39.8745,D
operation_focus,운영 역량 강화,ba_10620671,굽네치킨 광주백운점,굽네치킨,치킨,광주광역시,남구,39.8677,D
operation_focus,운영 역량 강화,ba_14855934,굽네치킨 동대신점,굽네치킨,치킨,부산광역시,서구,39.8367,D
operation_focus,운영 역량 강화,ba_14711140,본죽&비빔밥 제주삼화점,본그룹,백반·죽·국수,제주특별자치도,제주시,39.0990,D
operation_focus,운영 역량 강화,ba_14711141,본죽&비빔밥 제주삼화점,본그룹,백반·죽·국수,제주특별자치도,제주시,39.0990,D
operation_focus,운영 역량 강화,ba_14687497,본죽 대림점,본그룹,백반·죽·국수,서울특별시,동작구,34.0871,D
operation_focus,운영 역량 강화,ba_14850510,굽네치킨 가야점,굽네치킨,치킨,부산광역시,부산진구,39.8044,D
operation_focus,운영 역량 강화,ba_14691990,본죽&비빔밥 제주아라점,본그룹,백반·죽·국수,제주특별자치도,제주시,39.0681,D
operation_focus,운영 역량 강화,ba_10499851,굽네치킨 대신점,굽네치킨,치킨,부산광역시,서구,39.7556,D
operation_focus,운영 역량 강화,ba_14545829,굽네치킨 임학점,굽네치킨,치킨,인천광역시,계양구,39.7123,D
operation_focus,운영 역량 강화,ba_12027186,굽네치킨&피자 청라1호점,굽네치킨,치킨,인천광역시,서구,39.7136,D
operation_focus,운영 역량 강화,ba_14294656,굽네치킨 청천2동점,굽네치킨,치킨,인천광역시,부평구,39.6956,D
operation_focus,운영 역량 강화,ba_13230824,본죽&비빔밥 가산테라타워점,본그룹,백반·죽·국수,서울특별시,금천구,38.3954,D
operation_focus,운영 역량 강화,ba_14619205,굽네치킨&피자 신현원창점,굽네치킨,치킨,인천광역시,서구,39.6688,D
operation_focus,운영 역량 강화,ba_13056957,굽네치킨 석남점,굽네치킨,치킨,인천광역시,서구,39.6686,D
operation_focus,운영 역량 강화,ba_14730328,본죽&비빔밥 동탄꼬모점,본그룹,백반·죽·국수,경기도,화성시,38.6554,D
operation_focus,운영 역량 강화,ba_14799661,본죽&비빔밥 의정부역점,본그룹,백반·죽·국수,경기도,의정부시,38.7171,D
operation_focus,운영 역량 강화,ba_14688702,본죽&비빔밥 부천춘의점,본그룹,백반·죽·국수,경기도,부천시,33.1321,D
operation_focus,운영 역량 강화,ba_13062668,굽네치킨 포항흥해점,굽네치킨,치킨,경상북도,포항시,32.7481,D
operation_focus,운영 역량 강화,ba_14690672,본죽&비빔밥 김해율하점,본그룹,백반·죽·국수,경상남도,김해시,40.3956,D
operation_focus,운영 역량 강화,ba_14689427,본죽&비빔밥 의정부금오점,본그룹,백반·죽·국수,경기도,의정부시,32.7805,D
operation_focus,운영 역량 강화,ba_14692796,본죽&비빔밥 아산모종점,본그룹,백반·죽·국수,충청남도,아산시,32.4882,D
operation_focus,운영 역량 강화,ba_14689906,본죽 인천간석사거리점,본그룹,백반·죽·국수,인천광역시,남동구,33.0736,D
operation_focus,운영 역량 강화,ba_13972771,굽네피자 광주상무점,굽네치킨,피자,광주광역시,서구,39.0345,D
operation_focus,운영 역량 강화,ba_14239270,굽네피자 대구이곡점,굽네치킨,피자,대구광역시,달서구,38.7387,D
operation_focus,운영 역량 강화,ba_14726738,본죽&비빔밥 해운대센텀역점,본그룹,백반·죽·국수,부산광역시,해운대구,40.6884,D
operation_focus,운영 역량 강화,ba_14456345,본죽&비빔밥 천안두정포레나점,본그룹,백반·죽·국수,충청남도,천안시,40.6299,D
operation_focus,운영 역량 강화,ba_13236481,본죽&비빔밥 포항시외버스터미널점,본그룹,백반·죽·국수,경상북도,포항시,32.4481,D
operation_focus,운영 역량 강화,ba_14691918,본죽&비빔밥 방학도깨비시장점,본그룹,백반·죽·국수,서울특별시,도봉구,39.5097,D
operation_focus,운영 역량 강화,ba_14649303,굽네치킨 계룡대실점,굽네치킨,치킨,충청남도,계룡시,38.7687,D
operation_focus,운영 역량 강화,ba_14691147,본죽&비빔밥 안동성소병원점,본그룹,백반·죽·국수,경상북도,안동시,39.2845,D
operation_focus,운영 역량 강화,ba_14691078,본죽&비빔밥 통영항남점,본그룹,백반·죽·국수,경상남도,통영시,40.1808,D
operation_focus,운영 역량 강화,ba_14392877,본죽&비빔밥 인천석바위점,본그룹,백반·죽·국수,인천광역시,미추홀구,37.7664,D
operation_focus,운영 역량 강화,ba_14593800,굽네피자 광주오포점,굽네치킨,피자,경기도,광주시,33.2872,D
operation_focus,운영 역량 강화,ba_14563145,굽네치킨 경주불국사점,굽네치킨,치킨,경상북도,경주시,31.6031,D
operation_focus,운영 역량 강화,ba_14692434,본죽&비빔밥 천안백석푸르지오점,본그룹,백반·죽·국수,충청남도,천안시,40.6594,D
operation_focus,운영 역량 강화,ba_14533127,본죽&비빔밥 위례창곡점,본그룹,백반·죽·국수,경기도,성남시,39.9251,D
operation_focus,운영 역량 강화,ba_14754395,굽네치킨 구이점,굽네치킨,치킨,전북특별자치도,완주군,33.1141,D
operation_focus,운영 역량 강화,ba_14506800,본죽&비빔밥 율전상률초점,본그룹,백반·죽·국수,경기도,수원시,37.7993,D
operation_focus,운영 역량 강화,ba_14652311,굽네치킨&피자 강남세곡점,굽네치킨,치킨,서울특별시,강남구,32.3705,D
operation_focus,운영 역량 강화,ba_14686856,본죽&비빔밥 부산만덕사거리점,본그룹,백반·죽·국수,부산광역시,북구,40.6885,D
operation_focus,운영 역량 강화,ba_14691904,본죽&비빔밥 울산우정점,본그룹,백반·죽·국수,울산광역시,중구,40.4106,D
operation_focus,운영 역량 강화,ba_14770149,본죽&비빔밥 동탄테크노밸리점,본그룹,백반·죽·국수,경기도,화성시,35.9548,D
operation_focus,운영 역량 강화,ba_13972155,굽네피자 금호점,굽네치킨,피자,광주광역시,서구,38.0136,D
operation_focus,운영 역량 강화,ba_13972595,굽네피자 나주혁신도시1호점,굽네치킨,피자,전라남도,나주시,37.8555,D
operation_focus,운영 역량 강화,ba_13230793,본죽&비빔밥 구로디지털역점,본그룹,백반·죽·국수,서울특별시,구로구,32.2442,D
operation_focus,운영 역량 강화,ba_14108842,굽네치킨 영암점,굽네치킨,치킨,전라남도,영암군,32.8889,D
operation_focus,운영 역량 강화,ba_14274836,굽네피자 운천점,굽네치킨,피자,경기도,포천시,37.7498,D
operation_focus,운영 역량 강화,ba_14690709,본죽&비빔밥 김해진영점,본그룹,백반·죽·국수,경상남도,김해시,37.6330,D
operation_focus,운영 역량 강화,ba_14690909,본죽&비빔밥 마산회원동점,본그룹,백반·죽·국수,경상남도,창원시,39.6452,D
operation_focus,운영 역량 강화,ba_13229960,본죽 창원소답점,본그룹,백반·죽·국수,경상남도,창원시,37.2812,D
operation_focus,운영 역량 강화,ba_14742704,본죽&비빔밥 청주개신점,본그룹,백반·죽·국수,충청북도,청주시,37.0251,D
operation_focus,운영 역량 강화,ba_14607412,굽네치킨&피자 거북섬점,굽네치킨,치킨,경기도,시흥시,32.5735,D
operation_focus,운영 역량 강화,ba_14581501,본죽&비빔밥 동탄한림대병원점,본그룹,백반·죽·국수,경기도,화성시,37.1479,D
operation_focus,운영 역량 강화,ba_13229184,본죽 대구산격점,본그룹,백반·죽·국수,대구광역시,북구,36.8886,D
operation_focus,운영 역량 강화,ba_13977023,굽네피자 삼숭고읍점,굽네치킨,피자,경기도,양주시,37.3892,D
operation_focus,운영 역량 강화,ba_13974075,굽네피자 인계점,굽네치킨,피자,경기도,수원시,37.5475,D
operation_focus,운영 역량 강화,ba_14688115,본죽 산본사거리점,본그룹,백반·죽·국수,경기도,군포시,37.0147,D
operation_focus,운영 역량 강화,ba_14688567,본죽&비빔밥 목동8단지점,본그룹,백반·죽·국수,서울특별시,양천구,32.0038,D
operation_focus,운영 역량 강화,ba_13230502,본죽 화성봉담점,본그룹,백반·죽·국수,경기도,화성시,31.7205,D
operation_focus,운영 역량 강화,ba_14397420,굽네치킨 진해장천점,굽네치킨,치킨,경상남도,창원시,32.2250,D
operation_focus,운영 역량 강화,ba_13224833,본죽 명학역점,본그룹,백반·죽·국수,경기도,안양시,36.6924,D
operation_focus,운영 역량 강화,ba_13233454,본죽 서산읍내동점,본그룹,백반·죽·국수,충청남도,서산시,31.7810,D
operation_focus,운영 역량 강화,ba_14799660,본죽&비빔밥 의정부역점,본그룹,백반·죽·국수,경기도,의정부시,36.7802,D
operation_focus,운영 역량 강화,ba_14690122,본죽&비빔밥 용인죽전사거리도담마을점,본그룹,백반·죽·국수,경기도,용인시,31.4615,D
operation_focus,운영 역량 강화,ba_14629919,굽네피자 양지동점,굽네치킨,피자,경기도,성남시,36.9645,D
operation_focus,운영 역량 강화,ba_13231050,본죽&비빔밥 안산고잔법원점,본그룹,백반·죽·국수,경기도,안산시,36.4259,D
operation_focus,운영 역량 강화,ba_14687347,본죽&비빔밥 둔촌보훈병원점,본그룹,백반·죽·국수,서울특별시,강동구,36.5692,D
operation_focus,운영 역량 강화,ba_13973349,굽네피자 온의퇴계점,굽네치킨,피자,강원특별자치도,춘천시,36.9046,D
operation_focus,운영 역량 강화,ba_13969584,굽네피자 대구대현점,굽네치킨,피자,대구광역시,북구,31.9661,D
operation_focus,운영 역량 강화,ba_14422337,본죽&비빔밥 고양덕은점,본그룹,백반·죽·국수,경기도,고양시,36.9002,D
operation_focus,운영 역량 강화,ba_13234523,본죽&비빔밥 동탄목동점,본그룹,백반·죽·국수,경기도,화성시,38.7611,D
operation_focus,운영 역량 강화,ba_14796355,본죽&비빔밥 남양주퇴계원점,본그룹,백반·죽·국수,경기도,남양주시,36.4264,D
operation_focus,운영 역량 강화,ba_14691997,본죽&비빔밥 부산사상점,본그룹,백반·죽·국수,부산광역시,사상구,38.5456,D
operation_focus,운영 역량 강화,ba_14691262,본죽&비빔밥 대구상인롯데점,본그룹,백반·죽·국수,대구광역시,달서구,36.3256,D
operation_focus,운영 역량 강화,ba_14399330,본죽&비빔밥 대구상인롯데점,본그룹,백반·죽·국수,대구광역시,달서구,36.3231,D
operation_focus,운영 역량 강화,ba_10583009,굽네치킨 광주용봉점,굽네치킨,치킨,광주광역시,북구,27.6406,D
operation_focus,운영 역량 강화,ba_14801139,굽네치킨&피자 율하스타점,굽네치킨,치킨,경상남도,김해시,31.6807,D
operation_focus,운영 역량 강화,ba_13228869,본죽&비빔밥 대전판암점,본그룹,백반·죽·국수,대전광역시,동구,35.9135,D
operation_focus,운영 역량 강화,ba_14687134,본죽 만리점,본그룹,백반·죽·국수,서울특별시,중구,29.8607,D
operation_focus,운영 역량 강화,ba_13260523,본죽＆비빔밥 평택포승점,본그룹,백반·죽·국수,경기도,평택시,30.9267,D
operation_focus,운영 역량 강화,ba_14249441,굽네피자 부산하단점,굽네치킨,피자,부산광역시,사하구,36.1740,D
operation_focus,운영 역량 강화,ba_14341228,굽네피자&치킨 고덕국제점,굽네치킨,피자,경기도,평택시,36.1980,D
operation_focus,운영 역량 강화,ba_14703003,본죽 경남거제옥포점,본그룹,백반·죽·국수,경상남도,거제시,35.9317,D
operation_focus,운영 역량 강화,ba_13223504,본죽&비빔밥 문정법조단지점,본그룹,백반·죽·국수,서울특별시,송파구,30.2627,D
operation_focus,운영 역량 강화,ba_14400680,굽네치킨 영암삼호점,굽네치킨,치킨,전라남도,영암군,30.2848,D
operation_focus,운영 역량 강화,ba_14691145,본죽&비빔밥 구미상모점,본그룹,백반·죽·국수,경상북도,구미시,29.3428,D
operation_focus,운영 역량 강화,ba_14812426,본죽&비빔밥 대전선화점,본그룹,백반·죽·국수,대전광역시,중구,35.6749,D
operation_focus,운영 역량 강화,ba_14812430,본죽&비빔밥 대전선화점,본그룹,백반·죽·국수,대전광역시,중구,35.6548,D
operation_focus,운영 역량 강화,ba_14783436,본죽&비빔밥 마산합포오동점,본그룹,백반·죽·국수,경상남도,창원시,33.5220,D
operation_focus,운영 역량 강화,ba_14762166,본죽&비빔밥 광주북구청점,본그룹,백반·죽·국수,광주광역시,북구,29.5800,D
operation_focus,운영 역량 강화,ba_13233594,본죽 대구진천역점,본그룹,백반·죽·국수,대구광역시,달서구,29.8859,D
operation_focus,운영 역량 강화,ba_10774794,굽네치킨&피자 회덕점,굽네치킨,치킨,경기도,광주시,30.4086,D
operation_focus,운영 역량 강화,ba_13228978,본죽&비빔밥 인천연희연세병원점,본그룹,백반·죽·국수,인천광역시,서구,34.8551,D
operation_focus,운영 역량 강화,ba_14702063,본죽&비빔밥 목동파라곤점,본그룹,백반·죽·국수,서울특별시,양천구,35.3551,D
operation_focus,운영 역량 강화,ba_14831112,본죽&비빔밥 상봉역점,본그룹,백반·죽·국수,서울특별시,중랑구,34.8421,D
operation_focus,운영 역량 강화,ba_14270903,굽네치킨&피자 원미점,굽네치킨,치킨,경기도,부천시,35.2307,D
operation_focus,운영 역량 강화,ba_14841573,본죽&비빔밥 왕십리점,본그룹,백반·죽·국수,서울특별시,성동구,34.7121,D
operation_focus,운영 역량 강화,ba_14688709,본죽&비빔밥 부천순천향병원앞점,본그룹,백반·죽·국수,경기도,부천시,34.4405,D
operation_focus,운영 역량 강화,ba_14831111,본죽&비빔밥 상봉역점,본그룹,백반·죽·국수,서울특별시,중랑구,34.6457,D
operation_focus,운영 역량 강화,ba_14841574,본죽&비빔밥 왕십리점,본그룹,백반·죽·국수,서울특별시,성동구,34.6260,D
operation_focus,운영 역량 강화,ba_13251048,본죽&비빔밥 울산송정점,본그룹,백반·죽·국수,울산광역시,북구,34.2689,D
operation_focus,운영 역량 강화,ba_13207953,본죽&비빔밥 자양동점,본그룹,백반·죽·국수,서울특별시,광진구,34.3081,D
operation_focus,운영 역량 강화,ba_14692056,본죽&비빔밥 자양동점,본그룹,백반·죽·국수,서울특별시,광진구,34.3081,D
operation_focus,운영 역량 강화,ba_14826413,본죽&비빔밥 대림성모점,본그룹,백반·죽·국수,서울특별시,동작구,34.3014,D
operation_focus,운영 역량 강화,ba_14828692,본죽&비빔밥 대림성모점,본그룹,백반·죽·국수,서울특별시,동작구,34.3014,D
operation_focus,운영 역량 강화,ba_13227070,본죽&비빔밥 부산신호점,본그룹,백반·죽·국수,부산광역시,강서구,34.2096,D
operation_focus,운영 역량 강화,ba_14691798,본죽&비빔밥 울산송정점,본그룹,백반·죽·국수,울산광역시,북구,34.0638,D
operation_focus,운영 역량 강화,ba_10698232,굽네치킨&피자 연경점,굽네치킨,치킨,대구광역시,동구,34.9117,D
operation_focus,운영 역량 강화,ba_14798893,본죽&비빔밥 남양주퇴계원점,본그룹,백반·죽·국수,경기도,남양주시,28.8579,D
operation_focus,운영 역량 강화,ba_14691237,본죽 대구황금동점,본그룹,백반·죽·국수,대구광역시,수성구,33.8171,D
operation_focus,운영 역량 강화,ba_14780432,본죽&비빔밥 경기광주태전힐스테이트점,본그룹,백반·죽·국수,경기도,광주시,33.9291,D
operation_focus,운영 역량 강화,ba_14754965,본죽&비빔밥 평택시청점,본그룹,백반·죽·국수,경기도,평택시,33.9502,D
operation_focus,운영 역량 강화,ba_14049107,굽네치킨&피자 송도신도시점,굽네치킨,치킨,인천광역시,연수구,34.0508,D
operation_focus,운영 역량 강화,ba_14248050,굽네치킨&피자 은행선화점,굽네치킨,치킨,대전광역시,중구,34.0005,D
operation_focus,운영 역량 강화,ba_14691864,본죽&비빔밥 부산신호점,본그룹,백반·죽·국수,부산광역시,강서구,33.4943,D
operation_focus,운영 역량 강화,ba_14528476,본죽&비빔밥 인천박촌역점,본그룹,백반·죽·국수,인천광역시,계양구,33.5806,D
operation_focus,운영 역량 강화,ba_14690560,본죽 창원경상대학교병원점,본그룹,백반·죽·국수,경상남도,창원시,28.4753,D
operation_focus,운영 역량 강화,ba_14262149,본죽&비빔밥 용인둔전점,본그룹,백반·죽·국수,경기도,용인시,27.9886,D
operation_focus,운영 역량 강화,ba_14691105,본죽&비빔밥 대전하기동점,본그룹,백반·죽·국수,대전광역시,유성구,33.3776,D
operation_focus,운영 역량 강화,ba_13292835,본죽&비빔밥 대전하기동점,본그룹,백반·죽·국수,대전광역시,유성구,33.3776,D
operation_focus,운영 역량 강화,ba_13182129,본죽 천안순천향병원점,본그룹,백반·죽·국수,충청남도,천안시,28.1054,D
operation_focus,운영 역량 강화,ba_14812126,본죽&비빔밥 가평설악점,본그룹,백반·죽·국수,경기도,가평군,33.2785,D
operation_focus,운영 역량 강화,ba_13182018,본죽&비빔밥 순천중앙점,본그룹,백반·죽·국수,전라남도,순천시,27.7416,D
operation_focus,운영 역량 강화,ba_14690836,본죽&비빔밥 마산내서점,본그룹,백반·죽·국수,경상남도,창원시,33.0579,D
operation_focus,운영 역량 강화,ba_14781731,본죽&비빔밥 하남시청점,본그룹,백반·죽·국수,경기도,하남시,32.9801,D
operation_focus,운영 역량 강화,ba_14691122,본죽 부산기장점,본그룹,백반·죽·국수,부산광역시,기장군,33.0159,D
operation_focus,운영 역량 강화,ba_14691311,본죽 경북왜관점,본그룹,백반·죽·국수,경상북도,칠곡군,32.9316,D
operation_focus,운영 역량 강화,ba_14689893,본죽 양산통도사점,본그룹,백반·죽·국수,경상남도,양산시,32.8797,D
operation_focus,운영 역량 강화,ba_14775582,본죽&비빔밥 시흥배곧한라점,본그룹,백반·죽·국수,경기도,시흥시,32.7984,D
operation_focus,운영 역량 강화,ba_14818313,본죽&비빔밥 대전복수점,본그룹,백반·죽·국수,대전광역시,서구,32.8029,D
operation_focus,운영 역량 강화,ba_14818314,본죽&비빔밥 대전복수점,본그룹,백반·죽·국수,대전광역시,서구,32.8017,D
operation_focus,운영 역량 강화,ba_13976616,굽네피자 여수관문점,굽네치킨,피자,전라남도,여수시,32.9330,D
operation_focus,운영 역량 강화,ba_14691048,본죽&비빔밥 진해자은점,본그룹,백반·죽·국수,경상남도,창원시,32.7612,D
operation_focus,운영 역량 강화,ba_14801362,본죽&비빔밥 청주지웰시티점,본그룹,백반·죽·국수,충청북도,청주시,32.7335,D
operation_focus,운영 역량 강화,ba_14798894,본죽&비빔밥 남양주퇴계원점,본그룹,백반·죽·국수,경기도,남양주시,27.3562,D
operation_focus,운영 역량 강화,ba_14692092,본죽&비빔밥 제주외도점,본그룹,백반·죽·국수,제주특별자치도,제주시,32.5553,D
operation_focus,운영 역량 강화,ba_14689760,본죽&비빔밥 송도퍼스트파크점,본그룹,백반·죽·국수,인천광역시,연수구,32.5853,D
operation_focus,운영 역량 강화,ba_13223141,본죽 일산탄현점,본그룹,백반·죽·국수,경기도,고양시,27.3229,D
operation_focus,운영 역량 강화,ba_13234101,본죽&비빔밥 세종첫마을점,본그룹,백반·죽·국수,세종특별자치시,노을3로,32.3197,D
operation_focus,운영 역량 강화,ba_14687493,본죽&비빔밥 상암DMC점,본그룹,백반·죽·국수,서울특별시,마포구,27.0684,D
operation_focus,운영 역량 강화,ba_14728291,본죽 논산점,본그룹,백반·죽·국수,충청남도,논산시,27.0620,D
operation_focus,운영 역량 강화,ba_14580787,본죽&비빔밥 광주운암벽산점,본그룹,백반·죽·국수,광주광역시,북구,26.8939,D
operation_focus,운영 역량 강화,ba_13229560,본죽 양천구청점,본그룹,백반·죽·국수,서울특별시,양천구,32.0612,D
operation_focus,운영 역량 강화,ba_10418082,굽네치킨 여수관문점,굽네치킨,치킨,전라남도,여수시,27.0152,D
operation_focus,운영 역량 강화,ba_14688345,본죽 수원화서위브하늘채점,본그룹,백반·죽·국수,경기도,수원시,29.2334,D
operation_focus,운영 역량 강화,ba_13237293,본죽 의왕오전점,본그룹,백반·죽·국수,경기도,의왕시,32.0085,D
operation_focus,운영 역량 강화,ba_14675393,굽네치킨 적성점,굽네치킨,치킨,경기도,파주시,26.3931,D
operation_focus,운영 역량 강화,ba_13181699,본죽 김포양곡점,본그룹,백반·죽·국수,경기도,김포시,26.5909,D
operation_focus,운영 역량 강화,ba_14687076,본죽 양천구청점,본그룹,백반·죽·국수,서울특별시,양천구,26.7708,D
operation_focus,운영 역량 강화,ba_14775022,본죽&비빔밥 광혜원점,본그룹,백반·죽·국수,충청북도,진천군,25.9135,D
operation_focus,운영 역량 강화,ba_14688075,본죽 일산탄현점,본그룹,백반·죽·국수,경기도,고양시,25.7368,D
operation_focus,운영 역량 강화,ba_13233581,본죽&비빔밥 진주혁신중앙점,본그룹,백반·죽·국수,경상남도,진주시,25.9319,D
operation_focus,운영 역량 강화,ba_13969607,굽네피자 봉곡사림점,굽네치킨,피자,경상남도,창원시,26.1399,D
operation_focus,운영 역량 강화,ba_14692035,본죽&비빔밥 여수미평점,본그룹,백반·죽·국수,전라남도,여수시,25.4050,D
operation_focus,운영 역량 강화,ba_14786815,본죽&비빔밥 부산남천동점,본그룹,백반·죽·국수,부산광역시,수영구,27.7908,D
operation_focus,운영 역량 강화,ba_13722581,본죽&비빔밥 의왕고천점,본그룹,백반·죽·국수,경기도,의왕시,25.0984,D
operation_focus,운영 역량 강화,ba_14294026,굽네치킨&피자 신안중흥점,굽네치킨,치킨,광주광역시,북구,21.3395,D
operation_focus,운영 역량 강화,ba_14582508,본죽 안산월피동점,본그룹,백반·죽·국수,경기도,안산시,30.1851,D
operation_focus,운영 역량 강화,ba_13235318,본죽&비빔밥 상암DMC점,본그룹,백반·죽·국수,서울특별시,마포구,28.8934,D
operation_focus,운영 역량 강화,ba_13550240,본죽&비빔밥 청주오창2지구점,본그룹,백반·죽·국수,충청북도,청주시,26.0464,D
operation_focus,운영 역량 강화,ba_13225754,본죽&비빔밥 일산라페스타점,본그룹,백반·죽·국수,경기도,고양시,29.7014,D
operation_focus,운영 역량 강화,ba_14689024,본죽&비빔밥 김포장기초당마을점,본그룹,백반·죽·국수,경기도,김포시,24.3858,D
operation_focus,운영 역량 강화,ba_14778684,본죽&비빔밥 대구대천점,본그룹,백반·죽·국수,대구광역시,달서구,24.4209,D
operation_focus,운영 역량 강화,ba_14689416,본죽&비빔밥 수원호매실화홍병원점,본그룹,백반·죽·국수,경기도,수원시,28.7643,D
operation_focus,운영 역량 강화,ba_14793023,본죽&비빔밥 장호원점,본그룹,백반·죽·국수,경기도,이천시,23.8945,D
operation_focus,운영 역량 강화,ba_14688716,본죽&비빔밥 일산식사점,본그룹,백반·죽·국수,경기도,고양시,22.6548,D
operation_focus,운영 역량 강화,ba_13228647,본죽 대전용운점,본그룹,백반·죽·국수,대전광역시,동구,28.8554,D
operation_focus,운영 역량 강화,ba_14691272,본죽 대전비래점,본그룹,백반·죽·국수,대전광역시,대덕구,23.6378,D
operation_focus,운영 역량 강화,ba_14691817,본죽 부산장림점,본그룹,백반·죽·국수,부산광역시,사하구,23.5187,D
operation_focus,운영 역량 강화,ba_13225939,본죽 경남거제옥포점,본그룹,백반·죽·국수,경상남도,거제시,23.0924,D
operation_focus,운영 역량 강화,ba_14702120,본죽&비빔밥 천안풍세점,본그룹,백반·죽·국수,충청남도,천안시,28.2404,D
operation_focus,운영 역량 강화,ba_14689401,본죽&비빔밥 수원호매실역점,본그룹,백반·죽·국수,경기도,수원시,22.7058,D
operation_focus,운영 역량 강화,ba_14688879,본죽 수원대점,본그룹,백반·죽·국수,경기도,화성시,22.6739,D
operation_focus,운영 역량 강화,ba_14456827,본죽&비빔밥 인천동암더샵점,본그룹,백반·죽·국수,인천광역시,부평구,27.8688,D
operation_focus,운영 역량 강화,ba_14691834,본죽 부산고신대병원점,본그룹,백반·죽·국수,부산광역시,서구,22.4727,D
operation_focus,운영 역량 강화,ba_14692077,본죽&비빔밥 진주혁신중앙점,본그룹,백반·죽·국수,경상남도,진주시,22.4559,D
operation_focus,운영 역량 강화,ba_14726741,본죽&비빔밥 대구방촌해안역점,본그룹,백반·죽·국수,대구광역시,동구,22.2702,D
operation_focus,운영 역량 강화,ba_14688483,본죽 동수원점,본그룹,백반·죽·국수,경기도,수원시,22.2021,D
operation_focus,운영 역량 강화,ba_13226546,본죽&비빔밥 부산대학병원점,본그룹,백반·죽·국수,부산광역시,서구,27.3925,D
operation_focus,운영 역량 강화,ba_14692291,본죽 청주하복대점,본그룹,백반·죽·국수,충청북도,청주시,21.8955,D
operation_focus,운영 역량 강화,ba_14688192,본죽 성남신흥동점,본그룹,백반·죽·국수,경기도,성남시,21.8921,D
operation_focus,운영 역량 강화,ba_13651212,본죽&비빔밥 광주금호점,본그룹,백반·죽·국수,광주광역시,서구,21.7808,D
operation_focus,운영 역량 강화,ba_13186079,본죽 오산궐동점,본그룹,백반·죽·국수,경기도,오산시,26.9748,D
operation_focus,운영 역량 강화,ba_14795563,본죽&비빔밥 잠원역점,본그룹,백반·죽·국수,서울특별시,서초구,21.1247,D
operation_focus,운영 역량 강화,ba_13226670,본죽 부산영도점,본그룹,백반·죽·국수,부산광역시,영도구,26.6164,D
operation_focus,운영 역량 강화,ba_13199208,본죽 울주덕신점,본그룹,백반·죽·국수,울산광역시,울주군,21.1982,D
operation_focus,운영 역량 강화,ba_14692383,본죽&비빔밥 울산신정시장점,본그룹,백반·죽·국수,울산광역시,남구,21.0114,D
operation_focus,운영 역량 강화,ba_14435298,본죽&비빔밥 인천부평나누리병원점,본그룹,백반·죽·국수,인천광역시,부평구,26.2576,D
operation_focus,운영 역량 강화,ba_14273436,본죽&비빔밥 거제고현점,본그룹,백반·죽·국수,경상남도,거제시,20.8930,D
operation_focus,운영 역량 강화,ba_14693289,본죽&비빔밥 천안쌍용3동점,본그룹,백반·죽·국수,충청남도,천안시,25.8750,D
operation_focus,운영 역량 강화,ba_14488495,본죽&비빔밥 역촌점,본그룹,백반·죽·국수,서울특별시,은평구,21.3928,D
operation_focus,운영 역량 강화,ba_14691891,본죽&비빔밥 울산성안점,본그룹,백반·죽·국수,울산광역시,중구,20.7985,D
operation_focus,운영 역량 강화,ba_14688905,본죽&비빔밥 고양원당점,본그룹,백반·죽·국수,경기도,고양시,20.4735,D
operation_focus,운영 역량 강화,ba_14691815,본죽 부산다대점,본그룹,백반·죽·국수,부산광역시,사하구,20.4279,D
operation_focus,운영 역량 강화,ba_14470771,본죽&비빔밥 부산동대신역점,본그룹,백반·죽·국수,부산광역시,서구,20.1529,D
operation_focus,운영 역량 강화,ba_14688571,본죽 안산선부점,본그룹,백반·죽·국수,경기도,안산시,24.0930,D
operation_focus,운영 역량 강화,ba_13229858,본죽 창원반송점,본그룹,백반·죽·국수,경상남도,창원시,19.3921,D
operation_focus,운영 역량 강화,ba_14689846,본죽&비빔밥 동탄영천점,본그룹,백반·죽·국수,경기도,화성시,18.9112,D
operation_focus,운영 역량 강화,ba_14691861,본죽&비빔밥 울산역금아드림점,본그룹,백반·죽·국수,울산광역시,울주군,18.5243,D
operation_focus,운영 역량 강화,ba_14277930,본죽&비빔밥 동탄청계점,본그룹,백반·죽·국수,경기도,화성시,18.3965,D
operation_focus,운영 역량 강화,ba_13227659,본죽&비빔밥 부산괴정점,본그룹,백반·죽·국수,부산광역시,사하구,18.3321,D
operation_focus,운영 역량 강화,ba_13228874,본죽&비빔밥 청주성안길점,본그룹,백반·죽·국수,충청북도,청주시,17.2506,D
operation_focus,운영 역량 강화,ba_13181719,본죽&비빔밥 칠곡석적점,본그룹,백반·죽·국수,경상북도,칠곡군,17.2003,D
operation_focus,운영 역량 강화,ba_14694287,본죽&비빔밥 인사동점,본그룹,백반·죽·국수,서울특별시,종로구,16.6494,D
stability_focus,안정성 강화,ba_13248384,본죽&비빔밥 구리인창점,본그룹,백반·죽·국수,경기도,구리시,97.2531,A
stability_focus,안정성 강화,ba_14689004,본죽&비빔밥 산본학원가점,본그룹,백반·죽·국수,경기도,군포시,88.5788,A
stability_focus,안정성 강화,ba_14694390,본죽&비빔밥 평택시청점,본그룹,백반·죽·국수,경기도,평택시,83.3873,A
stability_focus,안정성 강화,ba_14756888,본죽&비빔밥 창원대원점,본그룹,백반·죽·국수,경상남도,창원시,83.7489,A
stability_focus,안정성 강화,ba_14692155,본죽&비빔밥 해운대백병원점,본그룹,백반·죽·국수,부산광역시,해운대구,83.0116,A
stability_focus,안정성 강화,ba_14692232,본죽 아산용화점,본그룹,백반·죽·국수,충청남도,아산시,91.1085,A
stability_focus,안정성 강화,ba_14692455,본죽&비빔밥 천안신불당북부점,본그룹,백반·죽·국수,충청남도,천안시,86.9237,A
stability_focus,안정성 강화,ba_14688738,본죽&비빔밥 분당롯데점,본그룹,백반·죽·국수,경기도,성남시,91.1952,A
stability_focus,안정성 강화,ba_13470236,본죽&비빔밥 신제주점,본그룹,백반·죽·국수,제주특별자치도,제주시,89.0312,A
stability_focus,안정성 강화,ba_13223654,본죽&비빔밥 고양행신역점,본그룹,백반·죽·국수,경기도,고양시,86.2725,A
stability_focus,안정성 강화,ba_14462203,본죽&비빔밥 동대구시장점,본그룹,백반·죽·국수,대구광역시,동구,89.4198,A
stability_focus,안정성 강화,ba_13219951,본죽&비빔밥 순천연향점,본그룹,백반·죽·국수,전라남도,순천시,87.5675,A
stability_focus,안정성 강화,ba_14690680,본죽&비빔밥 김해율하2지구점,본그룹,백반·죽·국수,경상남도,김해시,82.9089,A
stability_focus,안정성 강화,ba_14691080,본죽&비빔밥 대전유성온천역점,본그룹,백반·죽·국수,대전광역시,유성구,82.0088,A
stability_focus,안정성 강화,ba_14690155,본죽&비빔밥 김포걸포점,본그룹,백반·죽·국수,경기도,김포시,85.8349,A
stability_focus,안정성 강화,ba_14691093,본죽&비빔밥 대전노은점,본그룹,백반·죽·국수,대전광역시,유성구,87.4967,A
stability_focus,안정성 강화,ba_14691989,본죽&비빔밥 여천신동아점,본그룹,백반·죽·국수,전라남도,여수시,83.8340,A
stability_focus,안정성 강화,ba_14689003,본죽&비빔밥 구리인창점,본그룹,백반·죽·국수,경기도,구리시,86.4658,A
stability_focus,안정성 강화,ba_14689953,본죽&비빔밥 양주고읍점,본그룹,백반·죽·국수,경기도,양주시,87.0505,A
stability_focus,안정성 강화,ba_14766686,굽네치킨 운정2호점,굽네치킨,피자,경기도,파주시,73.1625,B
stability_focus,안정성 강화,ba_14690630,본죽&비빔밥 포항창포점,본그룹,백반·죽·국수,경상북도,포항시,86.9736,A
stability_focus,안정성 강화,ba_14746052,본죽&비빔밥 포항두호점,본그룹,백반·죽·국수,경상북도,포항시,85.2158,A
stability_focus,안정성 강화,ba_14690722,본죽&비빔밥 광주월곡점,본그룹,백반·죽·국수,광주광역시,광산구,87.6215,A
stability_focus,안정성 강화,ba_14691298,본죽&비빔밥 대전전민동점,본그룹,백반·죽·국수,대전광역시,유성구,82.7430,A
stability_focus,안정성 강화,ba_14758255,굽네치킨&피자 대구송현점,굽네치킨,치킨,대구광역시,달서구,83.4764,A
stability_focus,안정성 강화,ba_14691001,본죽&비빔밥 광주연제점,본그룹,백반·죽·국수,광주광역시,북구,86.6411,A
stability_focus,안정성 강화,ba_14356032,본죽&비빔밥 양평용문점,본그룹,백반·죽·국수,경기도,양평군,88.1199,A
stability_focus,안정성 강화,ba_14692116,본죽&비빔밥 부산수영점,본그룹,백반·죽·국수,부산광역시,수영구,77.2689,B
stability_focus,안정성 강화,ba_14691999,본죽&비빔밥 부산동래점,본그룹,백반·죽·국수,부산광역시,동래구,83.6793,A
stability_focus,안정성 강화,ba_14690712,본죽&비빔밥 광주운남점,본그룹,백반·죽·국수,광주광역시,광산구,84.5374,A
stability_focus,안정성 강화,ba_14690983,본죽&비빔밥 대전송촌점,본그룹,백반·죽·국수,대전광역시,대덕구,78.6010,B
stability_focus,안정성 강화,ba_13228675,본죽&비빔밥 대전전민동점,본그룹,백반·죽·국수,대전광역시,유성구,85.8586,A
stability_focus,안정성 강화,ba_14688100,본죽 구리수택점,본그룹,백반·죽·국수,경기도,구리시,82.0194,A
stability_focus,안정성 강화,ba_14690689,본죽&비빔밥 광주신창점,본그룹,백반·죽·국수,광주광역시,광산구,80.8350,A
stability_focus,안정성 강화,ba_13231481,본죽&비빔밥 광명소하지구점,본그룹,백반·죽·국수,경기도,광명시,85.8404,A
stability_focus,안정성 강화,ba_14757543,굽네치킨&피자 동두천중앙점,굽네치킨,치킨,경기도,동두천시,76.0988,B
stability_focus,안정성 강화,ba_13231157,본죽 수원인계점,본그룹,백반·죽·국수,경기도,수원시,86.6049,A
stability_focus,안정성 강화,ba_14691062,본죽&비빔밥 광주염주화정점,본그룹,백반·죽·국수,광주광역시,서구,80.9134,A
stability_focus,안정성 강화,ba_13683573,본죽&비빔밥 제주아라점,본그룹,백반·죽·국수,제주특별자치도,제주시,81.5186,A
stability_focus,안정성 강화,ba_14335138,굽네치킨&피자 대전비래가양점,굽네치킨,치킨,대전광역시,동구,81.8721,A
stability_focus,안정성 강화,ba_14691173,본죽&비빔밥 대구복현동점,본그룹,백반·죽·국수,대구광역시,북구,81.1662,A
stability_focus,안정성 강화,ba_14692242,본죽&비빔밥 천안쌍용이마트점,본그룹,백반·죽·국수,충청남도,천안시,74.6159,B
stability_focus,안정성 강화,ba_13235500,본죽 의정부회룡역점,본그룹,백반·죽·국수,경기도,의정부시,86.5348,A
stability_focus,안정성 강화,ba_14691120,본죽&비빔밥 대구북구청점,본그룹,백반·죽·국수,대구광역시,북구,84.4362,A
stability_focus,안정성 강화,ba_14743732,본죽&비빔밥 인천오류왕길점,본그룹,백반·죽·국수,인천광역시,서구,83.1536,A
stability_focus,안정성 강화,ba_14688602,본죽&비빔밥 남양주덕소점,본그룹,백반·죽·국수,경기도,남양주시,84.4414,A
stability_focus,안정성 강화,ba_14689448,본죽&비빔밥 이천점,본그룹,백반·죽·국수,경기도,이천시,80.4958,A
stability_focus,안정성 강화,ba_14689809,본죽&비빔밥 안성당왕점,본그룹,백반·죽·국수,경기도,안성시,81.1714,A
stability_focus,안정성 강화,ba_14690057,본죽앤비빔밥 인천검단점,본그룹,백반·죽·국수,인천광역시,서구,80.0825,A
stability_focus,안정성 강화,ba_14742705,본죽&비빔밥 청주개신점,본그룹,백반·죽·국수,충청북도,청주시,81.6416,A
stability_focus,안정성 강화,ba_14691909,본죽&비빔밥 부산정관모전점,본그룹,백반·죽·국수,부산광역시,기장군,84.5944,A
stability_focus,안정성 강화,ba_13235557,본죽 도봉동점,본그룹,백반·죽·국수,서울특별시,도봉구,84.5152,A
stability_focus,안정성 강화,ba_14690587,본죽&비빔밥 포항법원점,본그룹,백반·죽·국수,경상북도,포항시,82.3567,A
stability_focus,안정성 강화,ba_14689382,본죽&비빔밥 수원권선시장점,본그룹,백반·죽·국수,경기도,수원시,82.0471,A
stability_focus,안정성 강화,ba_14757711,굽네치킨&피자 칠금문화점,굽네치킨,치킨,충청북도,충주시,80.6577,A
stability_focus,안정성 강화,ba_14692118,본죽&비빔밥 여수소호점,본그룹,백반·죽·국수,전라남도,여수시,83.6723,A
stability_focus,안정성 강화,ba_14727030,본죽&비빔밥 부산명장역점,본그룹,백반·죽·국수,부산광역시,동래구,81.8240,A
stability_focus,안정성 강화,ba_14692258,본죽 천안쌍용1동점,본그룹,백반·죽·국수,충청남도,천안시,83.3158,A
stability_focus,안정성 강화,ba_14688557,본죽 보정동단국대점,본그룹,백반·죽·국수,경기도,용인시,83.9894,A
stability_focus,안정성 강화,ba_14689904,본죽&비빔밥 안양호계포도원점,본그룹,백반·죽·국수,경기도,안양시,83.3019,A
stability_focus,안정성 강화,ba_14689854,본죽&비빔밥 인천간석홈플러스앞점,본그룹,백반·죽·국수,인천광역시,남동구,74.8455,B
stability_focus,안정성 강화,ba_14689573,본죽&비빔밥 시흥목감역점,본그룹,백반·죽·국수,경기도,시흥시,81.5254,A
stability_focus,안정성 강화,ba_14689645,본죽&비빔밥 병점복합타운점,본그룹,백반·죽·국수,경기도,화성시,79.7472,B
stability_focus,안정성 강화,ba_14689875,본죽 양산물금증산점,본그룹,백반·죽·국수,경상남도,양산시,77.5904,B
stability_focus,안정성 강화,ba_14687344,본죽&비빔밥 쌍문점,본그룹,백반·죽·국수,서울특별시,도봉구,70.2261,B
stability_focus,안정성 강화,ba_14459736,굽네치킨,굽네치킨,치킨,경기도,남양주시,83.3917,A
stability_focus,안정성 강화,ba_13222170,본죽&비빔밥 전북김제점,본그룹,백반·죽·국수,전북특별자치도,김제시,82.8393,A
stability_focus,안정성 강화,ba_14689886,본죽&비빔밥 안양호계사거리점,본그룹,백반·죽·국수,경기도,안양시,80.3810,A
stability_focus,안정성 강화,ba_14688860,본죽&비빔밥 수색DMC점,본그룹,백반·죽·국수,서울특별시,은평구,77.0631,B
stability_focus,안정성 강화,ba_14689766,본죽&비빔밥 인천신포동점,본그룹,백반·죽·국수,인천광역시,중구,80.2456,A
stability_focus,안정성 강화,ba_14690110,본죽&비빔밥 신봉초교점,본그룹,백반·죽·국수,경기도,용인시,82.4339,A
stability_focus,안정성 강화,ba_14688094,본죽 군포지샘병원점,본그룹,백반·죽·국수,경기도,군포시,83.4765,A
stability_focus,안정성 강화,ba_14694148,본죽 통영점,본그룹,백반·죽·국수,경상남도,통영시,81.9765,A
stability_focus,안정성 강화,ba_14689481,본죽&비빔밥 파주운정해오름점,본그룹,백반·죽·국수,경기도,파주시,81.0262,A
stability_focus,안정성 강화,ba_14691958,본죽&비빔밥 부산내성교차로점,본그룹,백반·죽·국수,부산광역시,동래구,80.5571,A
stability_focus,안정성 강화,ba_14691112,본죽 대구방촌점,본그룹,백반·죽·국수,대구광역시,동구,80.9975,A
stability_focus,안정성 강화,ba_14692165,본죽 세종아름점,본그룹,백반·죽·국수,세종특별자치시,보듬3로,77.7848,B
stability_focus,안정성 강화,ba_14692275,본죽&비빔밥 전주객사점,본그룹,백반·죽·국수,전북특별자치도,전주시,78.1997,B
stability_focus,안정성 강화,ba_14690002,본죽 송도센트럴파크점,본그룹,백반·죽·국수,인천광역시,연수구,79.0712,B
stability_focus,안정성 강화,ba_13233115,본죽&비빔밥 대구복현동점,본그룹,백반·죽·국수,대구광역시,북구,81.8024,A
stability_focus,안정성 강화,ba_14690034,본죽&비빔밥 인천검암점,본그룹,백반·죽·국수,인천광역시,서구,81.4341,A
stability_focus,안정성 강화,ba_14689611,본죽&비빔밥 시흥장곡점,본그룹,백반·죽·국수,경기도,시흥시,77.5105,B
stability_focus,안정성 강화,ba_14691077,본죽&비빔밥 대구파티마병원점,본그룹,백반·죽·국수,대구광역시,동구,80.2781,A
stability_focus,안정성 강화,ba_14689115,본죽&비빔밥 양주덕정점,본그룹,백반·죽·국수,경기도,양주시,77.7547,B
stability_focus,안정성 강화,ba_14273972,본죽&비빔밥 단양점,본그룹,백반·죽·국수,충청북도,단양군,81.1620,A
stability_focus,안정성 강화,ba_14691106,본죽&비빔밥 대구동구청점,본그룹,백반·죽·국수,대구광역시,동구,80.4368,A
stability_focus,안정성 강화,ba_14690723,본죽&비빔밥 광주첨단월계점,본그룹,백반·죽·국수,광주광역시,광산구,81.1351,A
stability_focus,안정성 강화,ba_14688114,본죽&비빔밥 신촌점,본그룹,백반·죽·국수,서울특별시,서대문구,68.9534,B
stability_focus,안정성 강화,ba_14448826,본죽&비빔밥 인천검단신도시점,본그룹,백반·죽·국수,인천광역시,서구,81.4053,A
stability_focus,안정성 강화,ba_14647668,본죽&비빔밥 인천간석홈플러스앞점,본그룹,백반·죽·국수,인천광역시,남동구,82.0472,A
stability_focus,안정성 강화,ba_14691857,본죽&비빔밥 부산명지국제중앙점,본그룹,백반·죽·국수,부산광역시,강서구,78.8144,B
stability_focus,안정성 강화,ba_14689890,본죽&비빔밥 구월아시아드점,본그룹,백반·죽·국수,인천광역시,남동구,78.8481,B
stability_focus,안정성 강화,ba_14732026,굽네치킨 부산전포점,굽네치킨,치킨,부산광역시,부산진구,66.2495,B
stability_focus,안정성 강화,ba_14691965,본죽&비빔밥 나주혁신호수공원점,본그룹,백반·죽·국수,전라남도,나주시,80.2454,A
stability_focus,안정성 강화,ba_13199394,본죽&비빔밥 울산야음점,본그룹,백반·죽·국수,울산광역시,남구,81.2950,A
stability_focus,안정성 강화,ba_14691209,본죽&비빔밥 대구두산점,본그룹,백반·죽·국수,대구광역시,수성구,77.1512,B
stability_focus,안정성 강화,ba_14689734,본죽&비빔밥 송도신도시점,본그룹,백반·죽·국수,인천광역시,연수구,80.4255,A
stability_focus,안정성 강화,ba_14687166,본죽&비빔밥 등촌공항대로점,본그룹,백반·죽·국수,서울특별시,강서구,75.9146,B
stability_focus,안정성 강화,ba_14689614,본죽&비빔밥 시흥시화점,본그룹,백반·죽·국수,경기도,시흥시,72.7644,B
stability_focus,안정성 강화,ba_14739745,굽네치킨 감정점,굽네치킨,치킨,경기도,김포시,74.0672,B
stability_focus,안정성 강화,ba_14690992,본죽&비빔밥 대전신탄점,본그룹,백반·죽·국수,대전광역시,대덕구,76.7696,B
stability_focus,안정성 강화,ba_13223520,본죽 신림고시촌점,본그룹,백반·죽·국수,서울특별시,관악구,79.9689,B
stability_focus,안정성 강화,ba_14714062,본죽&비빔밥 파주운정산내마을점,본그룹,백반·죽·국수,경기도,파주시,75.1715,B
stability_focus,안정성 강화,ba_14692326,본죽&비빔밥 제천청전점,본그룹,백반·죽·국수,충청북도,제천시,78.0705,B
stability_focus,안정성 강화,ba_14753110,본죽&비빔밥 청주성화점,본그룹,백반·죽·국수,충청북도,청주시,80.6169,A
stability_focus,안정성 강화,ba_14692505,본죽&비빔밥 울산남목점,본그룹,백반·죽·국수,울산광역시,동구,78.2609,B
stability_focus,안정성 강화,ba_14691361,본죽&비빔밥 경산옥곡점,본그룹,백반·죽·국수,경상북도,경산시,75.4786,B
stability_focus,안정성 강화,ba_14691245,본죽&비빔밥 대구동성로점,본그룹,백반·죽·국수,대구광역시,중구,79.2194,B
stability_focus,안정성 강화,ba_14691277,본죽&비빔밥 대구달서구청점,본그룹,백반·죽·국수,대구광역시,달서구,78.8808,B
stability_focus,안정성 강화,ba_14691130,본죽 부산진역점,본그룹,백반·죽·국수,부산광역시,동구,78.6790,B
stability_focus,안정성 강화,ba_14692482,본죽&비빔밥 충주호암점,본그룹,백반·죽·국수,충청북도,충주시,76.6517,B
stability_focus,안정성 강화,ba_14689750,본죽&비빔밥 안산본오점,본그룹,백반·죽·국수,경기도,안산시,70.5923,B
stability_focus,안정성 강화,ba_14744959,굽네치킨 부산수정점,굽네치킨,치킨,부산광역시,동구,71.3635,B
stability_focus,안정성 강화,ba_13918069,본죽&비빔밥 평택지제점,본그룹,백반·죽·국수,경기도,평택시,81.1003,A
stability_focus,안정성 강화,ba_14688687,본죽&비빔밥 신길점,본그룹,백반·죽·국수,서울특별시,영등포구,69.7097,B
stability_focus,안정성 강화,ba_14690674,본죽&비빔밥 광주신가점,본그룹,백반·죽·국수,광주광역시,광산구,78.3360,B
stability_focus,안정성 강화,ba_14688522,본죽 시흥은행점,본그룹,백반·죽·국수,경기도,시흥시,77.3436,B
stability_focus,안정성 강화,ba_13233576,본죽&비빔밥 당진점,본그룹,백반·죽·국수,충청남도,당진시,76.5760,B
stability_focus,안정성 강화,ba_14625762,본죽&비빔밥 익산부송우남점,본그룹,백반·죽·국수,전북특별자치도,익산시,80.9902,A
stability_focus,안정성 강화,ba_14691801,본죽 부산구남점,본그룹,백반·죽·국수,부산광역시,북구,79.5234,B
stability_focus,안정성 강화,ba_14739746,굽네피자 감정점,굽네치킨,피자,경기도,김포시,80.1296,A
stability_focus,안정성 강화,ba_14694620,본죽&비빔밥 경산신대부적점,본그룹,백반·죽·국수,경상북도,경산시,78.2512,B
stability_focus,안정성 강화,ba_14692022,본죽&비빔밥 여수죽림점,본그룹,백반·죽·국수,전라남도,여수시,77.5054,B
stability_focus,안정성 강화,ba_13223329,본죽&비빔밥 양주덕정점,본그룹,백반·죽·국수,경기도,양주시,80.6230,A
stability_focus,안정성 강화,ba_14627570,본죽&비빔밥 김해안동푸르지오점,본그룹,백반·죽·국수,경상남도,김해시,74.6464,B
stability_focus,안정성 강화,ba_14691943,본죽&비빔밥 순천연향점,본그룹,백반·죽·국수,전라남도,순천시,77.3798,B
stability_focus,안정성 강화,ba_13260584,본죽&비빔밥 광주신창점,본그룹,백반·죽·국수,광주광역시,광산구,80.3149,A
stability_focus,안정성 강화,ba_14703930,본죽 중화역점,본그룹,백반·죽·국수,서울특별시,중랑구,75.9913,B
stability_focus,안정성 강화,ba_10841883,굽네치킨 선부3동점,굽네치킨,치킨,경기도,안산시,64.4466,C
stability_focus,안정성 강화,ba_14688746,본죽&비빔밥 광명소하지구점,본그룹,백반·죽·국수,경기도,광명시,74.4584,B
stability_focus,안정성 강화,ba_14691975,본죽&비빔밥 백양산롯데캐슬점,본그룹,백반·죽·국수,부산광역시,부산진구,73.8949,B
stability_focus,안정성 강화,ba_14687318,본죽&비빔밥 독산정훈단지점,본그룹,백반·죽·국수,서울특별시,금천구,71.9820,B
stability_focus,안정성 강화,ba_14688729,본죽&비빔밥 과천점,본그룹,백반·죽·국수,경기도,과천시,78.6243,B
stability_focus,안정성 강화,ba_14691901,본죽&비빔밥 약사점,본그룹,백반·죽·국수,울산광역시,중구,77.0145,B
stability_focus,안정성 강화,ba_14688848,본죽&비빔밥 연신갈현점,본그룹,백반·죽·국수,서울특별시,은평구,77.0944,B
stability_focus,안정성 강화,ba_14690081,본죽 신곡시장점,본그룹,백반·죽·국수,서울특별시,양천구,69.6828,B
stability_focus,안정성 강화,ba_14727064,본죽&비빔밥 전주혁신도시점,본그룹,백반·죽·국수,전북특별자치도,완주군,77.4217,B
stability_focus,안정성 강화,ba_14691116,본죽&비빔밥 대구칠곡관음점,본그룹,백반·죽·국수,대구광역시,북구,76.4416,B
stability_focus,안정성 강화,ba_14690718,본죽&비빔밥 광주노대점,본그룹,백반·죽·국수,광주광역시,남구,79.5271,B
stability_focus,안정성 강화,ba_13234034,본죽 포항오천점,본그룹,백반·죽·국수,경상북도,포항시,78.3170,B
stability_focus,안정성 강화,ba_14688555,본죽 수원인계점,본그룹,백반·죽·국수,경기도,수원시,67.2110,B
stability_focus,안정성 강화,ba_14692194,본죽&비빔밥 익산영등제일점,본그룹,백반·죽·국수,전북특별자치도,익산시,76.0534,B
stability_focus,안정성 강화,ba_14688197,본죽 인왕산점,본그룹,백반·죽·국수,서울특별시,서대문구,73.6984,B
stability_focus,안정성 강화,ba_14689415,본죽&비빔밥 수원탑동점,본그룹,백반·죽·국수,경기도,수원시,75.7894,B
stability_focus,안정성 강화,ba_14457403,본죽&비빔밥 부산연제점,본그룹,백반·죽·국수,부산광역시,연제구,77.4250,B
stability_focus,안정성 강화,ba_14687119,본죽 성균관대점,본그룹,백반·죽·국수,서울특별시,종로구,74.6335,B
stability_focus,안정성 강화,ba_14690665,본죽&비빔밥 장유신문점,본그룹,백반·죽·국수,경상남도,김해시,76.5418,B
stability_focus,안정성 강화,ba_14688931,본죽&비빔밥 고양덕은점,본그룹,백반·죽·국수,경기도,고양시,78.3885,B
stability_focus,안정성 강화,ba_14691179,본죽&비빔밥 내당삼익뉴타운점,본그룹,백반·죽·국수,대구광역시,서구,74.7221,B
stability_focus,안정성 강화,ba_14691976,본죽&비빔밥 부산전포점,본그룹,백반·죽·국수,부산광역시,부산진구,70.0535,B
stability_focus,안정성 강화,ba_14691401,본죽&비빔밥 대구대학교점,본그룹,백반·죽·국수,경상북도,경산시,78.3747,B
stability_focus,안정성 강화,ba_14691998,본죽&비빔밥 부산엄궁점,본그룹,백반·죽·국수,부산광역시,사상구,77.1282,B
stability_focus,안정성 강화,ba_13973813,굽네피자 선부3동점,굽네치킨,피자,경기도,안산시,77.1178,B
stability_focus,안정성 강화,ba_14692216,본죽&비빔밥 조치원죽림점,본그룹,백반·죽·국수,세종특별자치시,조치원읍,71.9361,B
stability_focus,안정성 강화,ba_14691101,본죽&비빔밥 대구율하점,본그룹,백반·죽·국수,대구광역시,동구,75.6385,B
stability_focus,안정성 강화,ba_14689936,본죽&비빔밥 안양박달점,본그룹,백반·죽·국수,경기도,안양시,75.1954,B
stability_focus,안정성 강화,ba_14692439,본죽&비빔밥 청주오송파라곤점,본그룹,백반·죽·국수,충청북도,청주시,74.4747,B
stability_focus,안정성 강화,ba_14687368,본죽&비빔밥 장안동점,본그룹,백반·죽·국수,서울특별시,동대문구,72.5434,B
stability_focus,안정성 강화,ba_14689757,본죽&비빔밥 인천연수점,본그룹,백반·죽·국수,인천광역시,연수구,76.7067,B
stability_focus,안정성 강화,ba_14691059,본죽 대구세천점,본그룹,백반·죽·국수,대구광역시,달성군,77.5847,B
stability_focus,안정성 강화,ba_14691375,본죽&비빔밥 경산중산점,본그룹,백반·죽·국수,경상북도,경산시,70.3914,B
stability_focus,안정성 강화,ba_14613531,본죽&비빔밥 백양산롯데캐슬점,본그룹,백반·죽·국수,부산광역시,부산진구,78.2730,B
stability_focus,안정성 강화,ba_13230813,본죽&비빔밥 용인물푸레마을점,본그룹,백반·죽·국수,경기도,용인시,77.6983,B
stability_focus,안정성 강화,ba_13539851,굽네치킨 소답점,굽네치킨,치킨,경상남도,창원시,74.6910,B
stability_focus,안정성 강화,ba_14691953,본죽&비빔밥 순천오천점,본그룹,백반·죽·국수,전라남도,순천시,76.9001,B
stability_focus,안정성 강화,ba_14691150,본죽 다사죽곡점,본그룹,백반·죽·국수,대구광역시,달성군,75.4147,B
stability_focus,안정성 강화,ba_14691969,본죽&비빔밥 부산사직점,본그룹,백반·죽·국수,부산광역시,동래구,67.6068,B
stability_focus,안정성 강화,ba_14692121,본죽&비빔밥 부산법조타운점,본그룹,백반·죽·국수,부산광역시,연제구,76.0515,B
stability_focus,안정성 강화,ba_13233856,본죽 세종아름점,본그룹,백반·죽·국수,세종특별자치시,보듬3로,76.1999,B
stability_focus,안정성 강화,ba_13233778,본죽&비빔밥 포항효자점,본그룹,백반·죽·국수,경상북도,포항시,74.3846,B
stability_focus,안정성 강화,ba_14691037,본죽&비빔밥 대전학하점,본그룹,백반·죽·국수,대전광역시,유성구,77.6156,B
stability_focus,안정성 강화,ba_14688088,본죽&비빔밥 대흥역점,본그룹,백반·죽·국수,서울특별시,마포구,64.4268,C
stability_focus,안정성 강화,ba_13596071,본죽&비빔밥 연신갈현점,본그룹,백반·죽·국수,서울특별시,은평구,75.7072,B
stability_focus,안정성 강화,ba_13224710,본죽 안양관양동점,본그룹,백반·죽·국수,경기도,안양시,78.1289,B
stability_focus,안정성 강화,ba_14732355,본죽&비빔밥 속초점,본그룹,백반·죽·국수,강원특별자치도,속초시,74.0479,B
stability_focus,안정성 강화,ba_14688963,본죽 고양점,본그룹,백반·죽·국수,경기도,고양시,77.0762,B
stability_focus,안정성 강화,ba_14688337,본죽&비빔밥 장위뉴타운점,본그룹,백반·죽·국수,서울특별시,성북구,75.8712,B
stability_focus,안정성 강화,ba_14691042,본죽 대구서재점,본그룹,백반·죽·국수,대구광역시,달성군,75.5153,B
stability_focus,안정성 강화,ba_14691269,본죽 대전도마사거리점,본그룹,백반·죽·국수,대전광역시,서구,75.1331,B
stability_focus,안정성 강화,ba_14691005,본죽&비빔밥 광주화정점,본그룹,백반·죽·국수,광주광역시,서구,75.2646,B
stability_focus,안정성 강화,ba_14574885,본죽&비빔밥 청주분평점,본그룹,백반·죽·국수,충청북도,청주시,76.0678,B
stability_focus,안정성 강화,ba_13226530,본죽&비빔밥 목동사거리점,본그룹,백반·죽·국수,서울특별시,양천구,76.1731,B
stability_focus,안정성 강화,ba_14691187,본죽&비빔밥 대구평리뉴타운점,본그룹,백반·죽·국수,대구광역시,서구,76.3671,B
stability_focus,안정성 강화,ba_13472981,굽네피자,굽네치킨,피자,경상북도,상주시,77.1658,B
stability_focus,안정성 강화,ba_14692060,본죽&비빔밥 돌곶이역점,본그룹,백반·죽·국수,서울특별시,성북구,70.2415,B
stability_focus,안정성 강화,ba_14760742,본죽&비빔밥 용인신갈점,본그룹,백반·죽·국수,경기도,용인시,72.3959,B
stability_focus,안정성 강화,ba_14689761,본죽&비빔밥 송도글로벌캠퍼스점,본그룹,백반·죽·국수,인천광역시,연수구,75.5090,B
stability_focus,안정성 강화,ba_14276685,본죽 철원점,본그룹,백반·죽·국수,강원특별자치도,철원군,76.1080,B
stability_focus,안정성 강화,ba_14687335,본죽&비빔밥 광운대역점,본그룹,백반·죽·국수,서울특별시,노원구,64.8155,C
stability_focus,안정성 강화,ba_14691292,본죽&비빔밥 대구신매시장점,본그룹,백반·죽·국수,대구광역시,수성구,72.8970,B
stability_focus,안정성 강화,ba_14687326,본죽&비빔밥 개봉점,본그룹,백반·죽·국수,서울특별시,구로구,68.2247,B
stability_focus,안정성 강화,ba_14352915,본죽&비빔밥 대구다사역점,본그룹,백반·죽·국수,대구광역시,달성군,75.8250,B
stability_focus,안정성 강화,ba_14691036,본죽&비빔밥 대구다사역점,본그룹,백반·죽·국수,대구광역시,달성군,75.9602,B
stability_focus,안정성 강화,ba_14691974,본죽&비빔밥 부산율리점,본그룹,백반·죽·국수,부산광역시,북구,75.1663,B
stability_focus,안정성 강화,ba_13973745,굽네피자 가산점,굽네치킨,피자,서울특별시,금천구,77.7451,B
stability_focus,안정성 강화,ba_14702996,본죽&비빔밥 사당연세사랑병원점,본그룹,백반·죽·국수,서울특별시,서초구,75.7711,B
stability_focus,안정성 강화,ba_14687382,본죽&비빔밥 노량진점,본그룹,백반·죽·국수,서울특별시,동작구,66.3162,B
stability_focus,안정성 강화,ba_14691044,본죽&비빔밥 대구대곡역점,본그룹,백반·죽·국수,대구광역시,달성군,73.6086,B
stability_focus,안정성 강화,ba_14692246,본죽&비빔밥 천안성성점,본그룹,백반·죽·국수,충청남도,천안시,76.9450,B
stability_focus,안정성 강화,ba_14692012,본죽&비빔밥 여수여서점,본그룹,백반·죽·국수,전라남도,여수시,70.7727,B
stability_focus,안정성 강화,ba_13234790,굽네치킨 덕정점,굽네치킨,치킨,경기도,양주시,69.7135,B
stability_focus,안정성 강화,ba_14640352,본죽&비빔밥 광주삼각점,본그룹,백반·죽·국수,광주광역시,북구,74.4226,B
stability_focus,안정성 강화,ba_14690806,본죽&비빔밥 광주백운대성초교점,본그룹,백반·죽·국수,광주광역시,남구,75.7666,B
stability_focus,안정성 강화,ba_14392310,굽네피자 등촌2동점,굽네치킨,피자,서울특별시,강서구,76.4672,B
stability_focus,안정성 강화,ba_13233592,본죽&비빔밥 대구대학교점,본그룹,백반·죽·국수,경상북도,경산시,75.5442,B
stability_focus,안정성 강화,ba_14691344,본죽&비빔밥 경산사동점,본그룹,백반·죽·국수,경상북도,경산시,75.5035,B
stability_focus,안정성 강화,ba_14689610,본죽 동인천점,본그룹,백반·죽·국수,인천광역시,중구,71.8729,B
stability_focus,안정성 강화,ba_14689940,본죽&비빔밥 안양성원점,본그룹,백반·죽·국수,경기도,안양시,75.2384,B
stability_focus,안정성 강화,ba_14688525,본죽 시흥시화병원점,본그룹,백반·죽·국수,경기도,시흥시,68.3268,B
stability_focus,안정성 강화,ba_14688907,본죽&비빔밥 고양행신역점,본그룹,백반·죽·국수,경기도,고양시,75.5709,B
stability_focus,안정성 강화,ba_14504490,본죽&비빔밥 부천순천향병원앞점,본그룹,백반·죽·국수,경기도,부천시,66.2203,B
stability_focus,안정성 강화,ba_14688180,본죽&비빔밥 왕십리뉴타운점,본그룹,백반·죽·국수,서울특별시,성동구,68.9471,B
stability_focus,안정성 강화,ba_14688363,본죽&비빔밥 목동역점,본그룹,백반·죽·국수,서울특별시,양천구,72.7812,B
stability_focus,안정성 강화,ba_14692201,본죽&비빔밥 세종반곡점,본그룹,백반·죽·국수,세종특별자치시,한누리대로,76.2176,B
stability_focus,안정성 강화,ba_14689993,본죽&비빔밥 용인구갈점,본그룹,백반·죽·국수,경기도,용인시,75.1619,B
stability_focus,안정성 강화,ba_14606315,본죽&비빔밥 의정부범골역점,본그룹,백반·죽·국수,경기도,의정부시,73.8933,B
stability_focus,안정성 강화,ba_14694278,본죽&비빔밥 오금동사거리점,본그룹,백반·죽·국수,서울특별시,송파구,73.1145,B
stability_focus,안정성 강화,ba_13243585,본죽&비빔밥 쌍문점,본그룹,백반·죽·국수,서울특별시,도봉구,73.3023,B
stability_focus,안정성 강화,ba_13984579,굽네피자 암사3동점,굽네치킨,피자,서울특별시,강동구,73.4066,B
stability_focus,안정성 강화,ba_14692433,본죽&비빔밥 충주계룡힐스점,본그룹,백반·죽·국수,충청북도,충주시,73.3125,B
stability_focus,안정성 강화,ba_13550181,본죽&비빔밥 양주고읍점,본그룹,백반·죽·국수,경기도,양주시,75.6176,B
stability_focus,안정성 강화,ba_14689756,본죽 경기광주신현점,본그룹,백반·죽·국수,경기도,광주시,74.5157,B
stability_focus,안정성 강화,ba_13249989,굽네치킨 달동점,굽네치킨,치킨,울산광역시,남구,59.4646,C
stability_focus,안정성 강화,ba_10476209,굽네치킨 경남사천점,굽네치킨,치킨,경상남도,사천시,63.6655,C
stability_focus,안정성 강화,ba_14690660,본죽&비빔밥 김해안동푸르지오점,본그룹,백반·죽·국수,경상남도,김해시,73.7559,B
stability_focus,안정성 강화,ba_14690124,본죽&비빔밥 새터마을죽전현대홈타운점,본그룹,백반·죽·국수,경기도,용인시,75.6399,B
stability_focus,안정성 강화,ba_14699201,본죽 전농동점,본그룹,백반·죽·국수,서울특별시,동대문구,71.8750,B
stability_focus,안정성 강화,ba_14720262,굽네치킨 강화온수점,굽네치킨,치킨,인천광역시,강화군,73.8707,B
stability_focus,안정성 강화,ba_13630053,본죽&비빔밥 경남사천점,본그룹,백반·죽·국수,경상남도,사천시,74.7748,B
stability_focus,안정성 강화,ba_14690673,본죽&비빔밥 광주수완점,본그룹,백반·죽·국수,광주광역시,광산구,72.1478,B
stability_focus,안정성 강화,ba_14688924,본죽&비빔밥 서대문역점,본그룹,백반·죽·국수,서울특별시,종로구,65.2106,B
stability_focus,안정성 강화,ba_14654803,본죽&비빔밥 포항이인지구점,본그룹,백반·죽·국수,경상북도,포항시,73.4083,B
stability_focus,안정성 강화,ba_14691996,본죽&비빔밥 부산덕천점,본그룹,백반·죽·국수,부산광역시,북구,72.8147,B
stability_focus,안정성 강화,ba_14690565,본죽 창원중앙동점,본그룹,백반·죽·국수,경상남도,창원시,73.1333,B
stability_focus,안정성 강화,ba_14692211,본죽&비빔밥 세종해밀점,본그룹,백반·죽·국수,세종특별자치시,해밀3로,73.7075,B
stability_focus,안정성 강화,ba_14736683,본죽&비빔밥 신림녹두거리점,본그룹,백반·죽·국수,서울특별시,관악구,67.1341,B
stability_focus,안정성 강화,ba_14712294,본죽&비빔밥 서울대입구역점,본그룹,백반·죽·국수,서울특별시,관악구,66.5107,B
stability_focus,안정성 강화,ba_13230969,본죽&비빔밥 새터마을죽전현대홈타운점,본그룹,백반·죽·국수,경기도,용인시,74.6193,B
stability_focus,안정성 강화,ba_14268780,본죽&비빔밥 세종집현점,본그룹,백반·죽·국수,세종특별자치시,남세종로,74.2801,B
stability_focus,안정성 강화,ba_14688371,본죽&비빔밥 목동사거리점,본그룹,백반·죽·국수,서울특별시,양천구,70.4531,B
stability_focus,안정성 강화,ba_14691088,본죽&비빔밥 경산터미널점,본그룹,백반·죽·국수,경상북도,경산시,74.0214,B
stability_focus,안정성 강화,ba_14719522,본죽&비빔밥 전주혁신도시점,본그룹,백반·죽·국수,전북특별자치도,완주군,73.9100,B
stability_focus,안정성 강화,ba_13752011,굽네치킨 영통2동점,굽네치킨,치킨,경기도,수원시,71.6659,B
stability_focus,안정성 강화,ba_14688656,본죽&비빔밥 문래힐스테이트점,본그룹,백반·죽·국수,서울특별시,영등포구,71.5131,B
stability_focus,안정성 강화,ba_14530939,본죽 경북청도점,본그룹,백반·죽·국수,경상북도,청도군,73.4608,B
stability_focus,안정성 강화,ba_14689485,본죽&비빔밥 수원광교역점,본그룹,백반·죽·국수,경기도,수원시,74.0056,B
stability_focus,안정성 강화,ba_14688559,본죽 용인강남대점,본그룹,백반·죽·국수,경기도,용인시,72.4429,B
stability_focus,안정성 강화,ba_14691155,본죽&비빔밥 대구침산네거리점,본그룹,백반·죽·국수,대구광역시,북구,69.0028,B
stability_focus,안정성 강화,ba_13200219,본죽&비빔밥 안성당왕점,본그룹,백반·죽·국수,경기도,안성시,72.9941,B
stability_focus,안정성 강화,ba_14513076,본죽&비빔밥 광주첨단점,본그룹,백반·죽·국수,광주광역시,광산구,72.0814,B
stability_focus,안정성 강화,ba_14689869,본죽&비빔밥 비산사거리점,본그룹,백반·죽·국수,경기도,안양시,72.7616,B
stability_focus,안정성 강화,ba_13229107,본죽 대덕테크노밸리점,본그룹,백반·죽·국수,대전광역시,유성구,72.0179,B
stability_focus,안정성 강화,ba_13787561,본죽&비빔밥 평택시청점,본그룹,백반·죽·국수,경기도,평택시,71.6382,B
stability_focus,안정성 강화,ba_14441181,굽네치킨 나주빛가람점,굽네치킨,치킨,전라남도,나주시,60.0751,C
stability_focus,안정성 강화,ba_10657170,굽네치킨 가좌1호점,굽네치킨,치킨,인천광역시,서구,64.9941,C
stability_focus,안정성 강화,ba_14251741,굽네치킨 태전점,굽네치킨,치킨,대구광역시,북구,65.0734,B
stability_focus,안정성 강화,ba_10627648,굽네치킨 상주냉림무양점,굽네치킨,치킨,경상북도,상주시,67.4680,B
stability_focus,안정성 강화,ba_14582073,굽네치킨 양주덕계점,굽네치킨,치킨,경기도,양주시,70.4817,B
stability_focus,안정성 강화,ba_10798649,굽네치킨 암사3동점,굽네치킨,치킨,서울특별시,강동구,58.5565,C
stability_focus,안정성 강화,ba_14687333,본죽&비빔밥 석계역점,본그룹,백반·죽·국수,서울특별시,노원구,63.1074,C
stability_focus,안정성 강화,ba_14688582,본죽&비빔밥 오목교역점,본그룹,백반·죽·국수,서울특별시,양천구,69.7717,B
stability_focus,안정성 강화,ba_14691194,본죽&비빔밥 대구법원점,본그룹,백반·죽·국수,대구광역시,수성구,72.3265,B
stability_focus,안정성 강화,ba_14691859,본죽&비빔밥 울산오토밸리점,본그룹,백반·죽·국수,울산광역시,북구,72.2651,B
stability_focus,안정성 강화,ba_14371606,본죽&비빔밥 부산내성교차로점,본그룹,백반·죽·국수,부산광역시,동래구,72.9132,B
stability_focus,안정성 강화,ba_13199864,본죽&비빔밥 울산남목점,본그룹,백반·죽·국수,울산광역시,동구,72.0555,B
stability_focus,안정성 강화,ba_13234089,본죽 세종고운점,본그룹,백반·죽·국수,세종특별자치시,마음로,71.7493,B
stability_focus,안정성 강화,ba_10636817,굽네치킨 양산물금점,굽네치킨,치킨,경상남도,양산시,70.4648,B
stability_focus,안정성 강화,ba_14691270,본죽&비빔밥 대구용산장기점,본그룹,백반·죽·국수,대구광역시,달서구,67.1510,B
stability_focus,안정성 강화,ba_14687340,본죽&비빔밥 방학역점,본그룹,백반·죽·국수,서울특별시,도봉구,66.9040,B
stability_focus,안정성 강화,ba_14691295,본죽&비빔밥 대구월촌역점,본그룹,백반·죽·국수,대구광역시,달서구,65.6666,B
stability_focus,안정성 강화,ba_12015187,굽네피자 길음1동점,굽네치킨,피자,서울특별시,성북구,72.9152,B
stability_focus,안정성 강화,ba_10020109,굽네치킨 부산동삼점,굽네치킨,치킨,부산광역시,영도구,62.9412,C
stability_focus,안정성 강화,ba_14688693,본죽 평촌학원가점,본그룹,백반·죽·국수,경기도,안양시,67.5139,B
stability_focus,안정성 강화,ba_14689101,본죽&비빔밥 강남성심병원점,본그룹,백반·죽·국수,서울특별시,영등포구,69.8570,B
stability_focus,안정성 강화,ba_13219094,본죽&비빔밥 남양주덕소점,본그룹,백반·죽·국수,경기도,남양주시,72.5098,B
stability_focus,안정성 강화,ba_10776500,굽네치킨 가양점,굽네치킨,치킨,서울특별시,강서구,65.3049,B
stability_focus,안정성 강화,ba_13267079,본죽&비빔밥 대전송촌점,본그룹,백반·죽·국수,대전광역시,대덕구,71.4875,B
stability_focus,안정성 강화,ba_14688570,본죽 용인상갈점,본그룹,백반·죽·국수,경기도,용인시,72.0748,B
stability_focus,안정성 강화,ba_14396364,본죽&비빔밥 용인어정역점,본그룹,백반·죽·국수,경기도,용인시,70.8501,B
stability_focus,안정성 강화,ba_14692985,본죽&비빔밥 천안청당점,본그룹,백반·죽·국수,충청남도,천안시,69.8733,B
stability_focus,안정성 강화,ba_14259741,본죽&비빔밥 춘천우두택지점,본그룹,백반·죽·국수,강원특별자치도,춘천시,71.8892,B
stability_focus,안정성 강화,ba_13226851,본죽 부산진역점,본그룹,백반·죽·국수,부산광역시,동구,72.4210,B
stability_focus,안정성 강화,ba_13412065,굽네치킨 신길뉴타운점,굽네치킨,치킨,서울특별시,영등포구,56.4917,C
stability_focus,안정성 강화,ba_14669107,굽네치킨 의정부용현점,굽네치킨,치킨,경기도,의정부시,61.6010,C
stability_focus,안정성 강화,ba_14691089,본죽&비빔밥 대전노은3지구점,본그룹,백반·죽·국수,대전광역시,유성구,72.6224,B
stability_focus,안정성 강화,ba_14332093,굽네피자 금당왕지점,굽네치킨,피자,전라남도,순천시,70.9426,B
stability_focus,안정성 강화,ba_14689608,본죽&비빔밥 평택신장점,본그룹,백반·죽·국수,경기도,평택시,67.4517,B
stability_focus,안정성 강화,ba_13730162,본죽&비빔밥 경산진량점,본그룹,백반·죽·국수,경상북도,경산시,71.0814,B
stability_focus,안정성 강화,ba_14787776,굽네치킨&피자 지제동삭점,굽네치킨,치킨,경기도,평택시,64.7945,C
stability_focus,안정성 강화,ba_13233606,본죽&비빔밥 대구칠곡관음점,본그룹,백반·죽·국수,대구광역시,북구,71.5220,B
stability_focus,안정성 강화,ba_14725627,본죽&비빔밥 가평현리점,본그룹,백반·죽·국수,경기도,가평군,70.7673,B
stability_focus,안정성 강화,ba_14688093,본죽&비빔밥 상암하늘초교점,본그룹,백반·죽·국수,서울특별시,마포구,69.2774,B
stability_focus,안정성 강화,ba_14279612,본죽&비빔밥 부산율리점,본그룹,백반·죽·국수,부산광역시,북구,72.0375,B
stability_focus,안정성 강화,ba_14728444,본죽&비빔밥 속초점,본그룹,백반·죽·국수,강원특별자치도,속초시,71.8402,B
stability_focus,안정성 강화,ba_13977167,굽네피자 연신내점,굽네치킨,피자,서울특별시,은평구,71.5830,B
stability_focus,안정성 강화,ba_13233579,본죽&비빔밥 경산터미널점,본그룹,백반·죽·국수,경상북도,경산시,71.8510,B
stability_focus,안정성 강화,ba_13181957,본죽&비빔밥 천안신불당북부점,본그룹,백반·죽·국수,충청남도,천안시,71.2730,B
stability_focus,안정성 강화,ba_10040685,굽네치킨 창원팔용점,굽네치킨,치킨,경상남도,창원시,57.2573,C
stability_focus,안정성 강화,ba_14658825,굽네치킨 문학점,굽네치킨,치킨,인천광역시,미추홀구,62.5552,C
stability_focus,안정성 강화,ba_14690704,본죽&비빔밥 김해복음병원점,본그룹,백반·죽·국수,경상남도,김해시,68.9874,B
stability_focus,안정성 강화,ba_13228668,본죽&비빔밥 대전유성온천역점,본그룹,백반·죽·국수,대전광역시,유성구,69.9662,B
stability_focus,안정성 강화,ba_14464913,굽네치킨 부산구서점,굽네치킨,치킨,부산광역시,금정구,55.0894,C
stability_focus,안정성 강화,ba_14692549,본죽&비빔밥 안양덕천래미안점,본그룹,백반·죽·국수,경기도,안양시,66.6047,B
stability_focus,안정성 강화,ba_10771255,굽네치킨 제천하소점,굽네치킨,치킨,충청북도,제천시,57.8725,C
stability_focus,안정성 강화,ba_14690053,본죽&비빔밥 동백중앙점,본그룹,백반·죽·국수,경기도,용인시,69.0498,B
stability_focus,안정성 강화,ba_14679019,굽네치킨 울산반구점,굽네치킨,치킨,울산광역시,중구,55.2013,C
stability_focus,안정성 강화,ba_13233587,본죽&비빔밥 나주혁신호수공원점,본그룹,백반·죽·국수,전라남도,나주시,69.7196,B
stability_focus,안정성 강화,ba_13473077,본죽&비빔밥 목포북항점,본그룹,백반·죽·국수,전라남도,목포시,70.4810,B
stability_focus,안정성 강화,ba_14673434,굽네치킨 죽도점,굽네치킨,치킨,경상북도,포항시,58.4388,C
stability_focus,안정성 강화,ba_14616721,본죽&비빔밥 울산오토밸리점,본그룹,백반·죽·국수,울산광역시,북구,70.9588,B
stability_focus,안정성 강화,ba_13436824,본죽&비빔밥 송탄점,본그룹,백반·죽·국수,경기도,평택시,71.5542,B
stability_focus,안정성 강화,ba_14690752,본 죽&비빔밥 양산이마트앞점,본그룹,백반·죽·국수,경상남도,양산시,67.8064,B
stability_focus,안정성 강화,ba_13249105,굽네피자 창원팔용점,굽네치킨,피자,경상남도,창원시,70.4677,B
stability_focus,안정성 강화,ba_13229173,본죽&비빔밥 대구칠곡점,본그룹,백반·죽·국수,대구광역시,북구,70.0297,B
stability_focus,안정성 강화,ba_14694577,본죽&비빔밥 대구동성로중앙점,본그룹,백반·죽·국수,대구광역시,중구,70.5972,B
stability_focus,안정성 강화,ba_13308613,본죽&비빔밥 김포걸포점,본그룹,백반·죽·국수,경기도,김포시,69.5032,B
stability_focus,안정성 강화,ba_14691372,본죽&비빔밥 구미신평비산점,본그룹,백반·죽·국수,경상북도,구미시,68.1274,B
stability_focus,안정성 강화,ba_14691273,본죽&비빔밥 대구성서용산시장점,본그룹,백반·죽·국수,대구광역시,달서구,70.7648,B
stability_focus,안정성 강화,ba_13233726,본죽 다사죽곡점,본그룹,백반·죽·국수,대구광역시,달성군,70.4337,B
stability_focus,안정성 강화,ba_14756889,본죽&비빔밥 창원대원점,본그룹,백반·죽·국수,경상남도,창원시,70.8704,B
stability_focus,안정성 강화,ba_14363013,본죽&비빔밥 광주삼각점,본그룹,백반·죽·국수,광주광역시,북구,71.1636,B
stability_focus,안정성 강화,ba_14690677,본죽&비빔밥 김해어방점,본그룹,백반·죽·국수,경상남도,김해시,63.7512,C
stability_focus,안정성 강화,ba_13265806,본죽&비빔밥 익산영등제일점,본그룹,백반·죽·국수,전북특별자치도,익산시,69.1656,B
stability_focus,안정성 강화,ba_14274675,본죽&비빔밥 충주호암점,본그룹,백반·죽·국수,충청북도,충주시,70.8741,B
stability_focus,안정성 강화,ba_14689007,본죽&비빔밥 김포신곡점,본그룹,백반·죽·국수,경기도,김포시,65.5613,B
stability_focus,안정성 강화,ba_14327700,본죽&비빔밥 부산전포점,본그룹,백반·죽·국수,부산광역시,부산진구,66.8927,B
stability_focus,안정성 강화,ba_14746216,굽네치킨&피자 내수점,굽네치킨,치킨,충청북도,청주시,64.1748,C
stability_focus,안정성 강화,ba_14332090,굽네치킨 금당왕지점,굽네치킨,치킨,전라남도,순천시,65.4853,B
stability_focus,안정성 강화,ba_14645179,본죽&비빔밥 경산임당점,본그룹,백반·죽·국수,경상북도,경산시,70.1160,B
stability_focus,안정성 강화,ba_13224802,본죽&비빔밥 안양박달점,본그룹,백반·죽·국수,경기도,안양시,69.9669,B
stability_focus,안정성 강화,ba_14698364,본죽&비빔밥 청주사창점,본그룹,백반·죽·국수,충청북도,청주시,62.0578,C
stability_focus,안정성 강화,ba_14692190,본죽&비빔밥 세종다정점,본그룹,백반·죽·국수,세종특별자치시,다정중앙로,62.3325,C
stability_focus,안정성 강화,ba_14691829,본죽 부산신평가락타운점,본그룹,백반·죽·국수,부산광역시,사하구,65.7150,B
stability_focus,안정성 강화,ba_13639608,굽네치킨 금호점,굽네치킨,치킨,광주광역시,서구,57.6796,C
stability_focus,안정성 강화,ba_14797390,굽네치킨 수원연무점,굽네치킨,치킨,경기도,수원시,69.6732,B
stability_focus,안정성 강화,ba_13226947,본죽&비빔밥 부산법조타운점,본그룹,백반·죽·국수,부산광역시,연제구,67.9701,B
stability_focus,안정성 강화,ba_14687092,본죽 동부이촌동점,본그룹,백반·죽·국수,서울특별시,용산구,64.8804,C
stability_focus,안정성 강화,ba_14686997,본죽 삼전동점,본그룹,백반·죽·국수,서울특별시,송파구,59.2775,C
stability_focus,안정성 강화,ba_14669109,굽네치킨&피자 의정부용현점,굽네치킨,치킨,경기도,의정부시,61.8187,C
stability_focus,안정성 강화,ba_13584348,굽네치킨 부산개금점,굽네치킨,치킨,부산광역시,부산진구,64.1396,C
stability_focus,안정성 강화,ba_13235535,본죽 의정부낙양점,본그룹,백반·죽·국수,경기도,의정부시,68.0006,B
stability_focus,안정성 강화,ba_14506379,본죽&비빔밥 방학역점,본그룹,백반·죽·국수,서울특별시,도봉구,69.0038,B
stability_focus,안정성 강화,ba_14484534,본죽&비빔밥 산본학원가점,본그룹,백반·죽·국수,경기도,군포시,70.2440,B
stability_focus,안정성 강화,ba_13229152,본죽&비빔밥 부산엄궁점,본그룹,백반·죽·국수,부산광역시,사상구,69.8840,B
stability_focus,안정성 강화,ba_13233578,본죽&비빔밥 대구성당뉴타운점,본그룹,백반·죽·국수,대구광역시,달서구,70.0760,B
stability_focus,안정성 강화,ba_14238012,본죽&비빔밥 안동송현점,본그룹,백반·죽·국수,경상북도,안동시,66.8386,B
stability_focus,안정성 강화,ba_14688173,본죽 구리인창아름마을점,본그룹,백반·죽·국수,경기도,구리시,70.2190,B
stability_focus,안정성 강화,ba_14449139,굽네치킨&피자 용운판암점,굽네치킨,치킨,대전광역시,동구,53.9321,C
stability_focus,안정성 강화,ba_14690378,본죽 오금점,본그룹,백반·죽·국수,서울특별시,송파구,68.4790,B
stability_focus,안정성 강화,ba_14773773,굽네치킨 고덕로데오점,굽네치킨,치킨,경기도,평택시,53.8757,C
stability_focus,안정성 강화,ba_14250328,굽네치킨&피자 인창점,굽네치킨,치킨,경기도,구리시,62.3370,C
stability_focus,안정성 강화,ba_13228520,본죽&비빔밥 성남모란시장점,본그룹,백반·죽·국수,경기도,성남시,68.8547,B
stability_focus,안정성 강화,ba_13232508,본죽&비빔밥 김해어방점,본그룹,백반·죽·국수,경상남도,김해시,69.2400,B
stability_focus,안정성 강화,ba_13379446,굽네치킨&피자 평내점,굽네치킨,치킨,경기도,남양주시,65.1303,B
stability_focus,안정성 강화,ba_14228481,굽네피자 중곡1동점,굽네치킨,피자,서울특별시,광진구,70.1065,B
stability_focus,안정성 강화,ba_14573167,본죽&비빔밥 파주금촌점,본그룹,백반·죽·국수,경기도,파주시,68.9080,B
stability_focus,안정성 강화,ba_14689625,본죽&비빔밥 평택여중사거리점,본그룹,백반·죽·국수,경기도,평택시,67.4019,B
stability_focus,안정성 강화,ba_14772844,굽네치킨&피자 양촌점,굽네치킨,치킨,경기도,김포시,67.4923,B
stability_focus,안정성 강화,ba_13233639,본죽&비빔밥 대구동성로점,본그룹,백반·죽·국수,대구광역시,중구,69.2590,B
stability_focus,안정성 강화,ba_14796833,굽네치킨&피자 성황골약점,굽네치킨,치킨,전라남도,광양시,69.6584,B
stability_focus,안정성 강화,ba_13305413,본죽&비빔밥 사당연세사랑병원점,본그룹,백반·죽·국수,서울특별시,서초구,67.1784,B
stability_focus,안정성 강화,ba_14689387,본죽&비빔밥 성남금광점,본그룹,백반·죽·국수,경기도,성남시,58.5665,C
stability_focus,안정성 강화,ba_13232110,본죽&비빔밥 부산토곡점,본그룹,백반·죽·국수,부산광역시,연제구,69.0250,B
stability_focus,안정성 강화,ba_14325499,본죽&비빔밥 충주계룡힐스점,본그룹,백반·죽·국수,충청북도,충주시,69.0734,B
stability_focus,안정성 강화,ba_14796835,굽네치킨 모라점,굽네치킨,치킨,부산광역시,사상구,69.8212,B
stability_focus,안정성 강화,ba_13168465,본죽&비빔밥 약사점,본그룹,백반·죽·국수,울산광역시,중구,69.2577,B
stability_focus,안정성 강화,ba_13477857,본죽&비빔밥 논산내동점,본그룹,백반·죽·국수,충청남도,논산시,67.8932,B
stability_focus,안정성 강화,ba_14741847,굽네치킨 거제아시아드점,굽네치킨,치킨,부산광역시,연제구,56.6948,C
stability_focus,안정성 강화,ba_14695006,본죽 안양관양동점,본그룹,백반·죽·국수,경기도,안양시,67.9595,B
stability_focus,안정성 강화,ba_13085339,굽네치킨&피자 가양점,굽네치킨,피자,서울특별시,강서구,69.2811,B
stability_focus,안정성 강화,ba_14688108,본죽&비빔밥 중앙대점,본그룹,백반·죽·국수,서울특별시,동작구,62.2109,C
stability_focus,안정성 강화,ba_14789833,굽네치킨&피자 순천풍덕점,굽네치킨,치킨,전라남도,순천시,63.6169,C
stability_focus,안정성 강화,ba_14643477,본죽&비빔밥 대구신매시장점,본그룹,백반·죽·국수,대구광역시,수성구,68.2717,B
stability_focus,안정성 강화,ba_14747382,굽네치킨&피자 양주광적점,굽네치킨,치킨,경기도,양주시,62.9090,C
stability_focus,안정성 강화,ba_14267053,굽네치킨&피자 마장점,굽네치킨,치킨,경기도,이천시,64.7316,C
stability_focus,안정성 강화,ba_10497667,굽네치킨 온의퇴계점,굽네치킨,치킨,강원특별자치도,춘천시,56.8072,C
stability_focus,안정성 강화,ba_14688707,본죽 명학역점,본그룹,백반·죽·국수,경기도,안양시,64.0226,C
stability_focus,안정성 강화,ba_14525069,굽네치킨 다산중앙점,굽네치킨,치킨,경기도,남양주시,58.9488,C
stability_focus,안정성 강화,ba_14691084,본죽&비빔밥 대전죽동점,본그룹,백반·죽·국수,대전광역시,유성구,67.1436,B
stability_focus,안정성 강화,ba_10706208,굽네치킨 부산우동점,굽네치킨,치킨,부산광역시,해운대구,58.3112,C
stability_focus,안정성 강화,ba_14663126,굽네치킨 통영죽림점,굽네치킨,치킨,경상남도,통영시,65.8363,B
stability_focus,안정성 강화,ba_14700213,본죽&비빔밥 김포마산점,본그룹,백반·죽·국수,경기도,김포시,68.9543,B
stability_focus,안정성 강화,ba_14688982,본죽&비빔밥 군포당정동점,본그룹,백반·죽·국수,경기도,군포시,67.4496,B
stability_focus,안정성 강화,ba_14548743,굽네치킨 다산가운지금점,굽네치킨,치킨,경기도,남양주시,60.8297,C
stability_focus,안정성 강화,ba_13233554,본죽 대구서재점,본그룹,백반·죽·국수,대구광역시,달성군,68.7214,B
stability_focus,안정성 강화,ba_14691908,본죽&비빔밥 부경대경성대점,본그룹,백반·죽·국수,부산광역시,남구,61.5544,C
stability_focus,안정성 강화,ba_14688196,본죽 홍제점,본그룹,백반·죽·국수,서울특별시,서대문구,65.2963,B
stability_focus,안정성 강화,ba_13230921,본죽&비빔밥 문래홈플러스점,본그룹,백반·죽·국수,서울특별시,영등포구,67.5082,B
stability_focus,안정성 강화,ba_13228453,본죽&비빔밥 부산명지국제중앙점,본그룹,백반·죽·국수,부산광역시,강서구,67.7056,B
stability_focus,안정성 강화,ba_14689441,본죽&비빔밥 이천마장점,본그룹,백반·죽·국수,경기도,이천시,66.0875,B
stability_focus,안정성 강화,ba_14690050,본죽&비빔밥 검단파라곤센트럴점,본그룹,백반·죽·국수,인천광역시,서구,63.3973,C
stability_focus,안정성 강화,ba_13233688,본죽 대구세천점,본그룹,백반·죽·국수,대구광역시,달성군,69.0736,B
stability_focus,안정성 강화,ba_14799629,굽네치킨 수원신동점,굽네치킨,치킨,경기도,수원시,68.9562,B
stability_focus,안정성 강화,ba_13596730,굽네치킨 대구혁신점,굽네치킨,치킨,대구광역시,동구,58.0796,C
stability_focus,안정성 강화,ba_10597203,굽네치킨 광주상무점,굽네치킨,치킨,광주광역시,서구,56.2584,C
stability_focus,안정성 강화,ba_13223538,본죽&비빔밥 인천신포동점,본그룹,백반·죽·국수,인천광역시,중구,68.9045,B
stability_focus,안정성 강화,ba_10774000,굽네치킨 울산삼산점,굽네치킨,치킨,울산광역시,남구,58.9168,C
stability_focus,안정성 강화,ba_14687322,본죽&비빔밥 구의시장점,본그룹,백반·죽·국수,서울특별시,광진구,66.4026,B
stability_focus,안정성 강화,ba_14629918,굽네치킨 양지동점,굽네치킨,치킨,경기도,성남시,67.0457,B
stability_focus,안정성 강화,ba_14772060,굽네치킨&피자 천호1동점,굽네치킨,치킨,서울특별시,강동구,63.4311,C
stability_focus,안정성 강화,ba_13233212,본죽 통영점,본그룹,백반·죽·국수,경상남도,통영시,67.5048,B
stability_focus,안정성 강화,ba_13234188,본죽&비빔밥 경산중산점,본그룹,백반·죽·국수,경상북도,경산시,68.2547,B
stability_focus,안정성 강화,ba_14360458,본죽&비빔밥 충북오송점,본그룹,백반·죽·국수,충청북도,청주시,66.9855,B
stability_focus,안정성 강화,ba_14780115,굽네치킨&피자 부사문창점,굽네치킨,치킨,대전광역시,중구,52.5443,C
stability_focus,안정성 강화,ba_13928548,굽네치킨&피자 성남용전점,굽네치킨,치킨,대전광역시,동구,65.2259,B
stability_focus,안정성 강화,ba_14689545,본죽&비빔밥 파주야당역점,본그룹,백반·죽·국수,경기도,파주시,64.8985,C
stability_focus,안정성 강화,ba_14688751,본죽&비빔밥 여의도역점,본그룹,백반·죽·국수,서울특별시,영등포구,65.6058,B
stability_focus,안정성 강화,ba_14692212,본죽&비빔밥 세종대평점,본그룹,백반·죽·국수,세종특별자치시,한누리대로,68.2514,B
stability_focus,안정성 강화,ba_14789844,굽네치킨 부산우2동점,굽네치킨,치킨,부산광역시,해운대구,54.2487,C
stability_focus,안정성 강화,ba_14256619,본죽&비빔밥 비산사거리점,본그룹,백반·죽·국수,경기도,안양시,67.5483,B
stability_focus,안정성 강화,ba_14691791,본죽 부산숙등역부민병원점,본그룹,백반·죽·국수,부산광역시,북구,65.2011,B
stability_focus,안정성 강화,ba_14688765,본죽&비빔밥 영등포시장역점,본그룹,백반·죽·국수,서울특별시,영등포구,61.5320,C
stability_focus,안정성 강화,ba_10759478,굽네치킨 남목점,굽네치킨,치킨,울산광역시,동구,56.6219,C
stability_focus,안정성 강화,ba_14456826,본죽&비빔밥 청주오송파라곤점,본그룹,백반·죽·국수,충청북도,청주시,67.8157,B
stability_focus,안정성 강화,ba_14653291,굽네피자 울산중앙점,굽네치킨,피자,울산광역시,중구,67.9329,B
stability_focus,안정성 강화,ba_14541579,굽네치킨 킨텍스호수공원점,굽네치킨,치킨,경기도,고양시,61.7502,C
stability_focus,안정성 강화,ba_14228480,굽네치킨 중곡1동점,굽네치킨,치킨,서울특별시,광진구,68.5338,B
stability_focus,안정성 강화,ba_13231795,본죽&비빔밥 인천간석남부역점,본그룹,백반·죽·국수,인천광역시,남동구,66.8622,B
stability_focus,안정성 강화,ba_13539979,본죽&비빔밥 대전신탄점,본그룹,백반·죽·국수,대전광역시,대덕구,66.9817,B
stability_focus,안정성 강화,ba_10040679,굽네치킨 칠암망경점,굽네치킨,치킨,경상남도,진주시,59.7629,C
stability_focus,안정성 강화,ba_13227543,본죽&비빔밥 부경대경성대점,본그룹,백반·죽·국수,부산광역시,남구,64.5619,C
stability_focus,안정성 강화,ba_13237700,본죽&비빔밥 김해내외동점,본그룹,백반·죽·국수,경상남도,김해시,62.9499,C
stability_focus,안정성 강화,ba_13236584,본죽 군포당동점,본그룹,백반·죽·국수,경기도,군포시,67.6913,B
stability_focus,안정성 강화,ba_14775877,굽네치킨&피자 세종아름점,굽네치킨,치킨,세종특별자치시,세종로,60.7651,C
stability_focus,안정성 강화,ba_14743271,본죽&비빔밥 안양석수점,본그룹,백반·죽·국수,경기도,안양시,61.4349,C
stability_focus,안정성 강화,ba_14788494,굽네치킨 경화태백점,굽네치킨,치킨,경상남도,창원시,59.5620,C
stability_focus,안정성 강화,ba_14687327,본죽&비빔밥 시흥사거리점,본그룹,백반·죽·국수,서울특별시,금천구,64.4665,C
stability_focus,안정성 강화,ba_14249433,굽네치킨 부산하단점,굽네치킨,치킨,부산광역시,사하구,51.9585,C
stability_focus,안정성 강화,ba_14336642,굽네치킨&피자 상대원점,굽네치킨,치킨,경기도,성남시,61.2871,C
stability_focus,안정성 강화,ba_14783596,굽네치킨 사상역점,굽네치킨,치킨,부산광역시,사상구,55.8477,C
stability_focus,안정성 강화,ba_13231958,본죽 송도센트럴파크점,본그룹,백반·죽·국수,인천광역시,연수구,65.9392,B
stability_focus,안정성 강화,ba_14773140,굽네치킨 효자중화산1호점,굽네치킨,치킨,전북특별자치도,전주시,58.1198,C
stability_focus,안정성 강화,ba_10469515,굽네치킨&피자 성서계명대점,굽네치킨,치킨,대구광역시,달서구,54.2656,C
stability_focus,안정성 강화,ba_14695290,본죽&비빔밥 용산센트럴점,본그룹,백반·죽·국수,서울특별시,용산구,64.0939,C
stability_focus,안정성 강화,ba_14773135,본죽&비빔밥 용인보라점,본그룹,백반·죽·국수,경기도,용인시,62.1811,C
stability_focus,안정성 강화,ba_10872945,굽네치킨 대구대현점,굽네치킨,치킨,대구광역시,북구,55.9276,C
stability_focus,안정성 강화,ba_14783137,굽네치킨 포천이동점,굽네치킨,치킨,경기도,포천시,66.5596,B
stability_focus,안정성 강화,ba_14688182,본죽 수내푸른마을점,본그룹,백반·죽·국수,경기도,성남시,65.6276,B
stability_focus,안정성 강화,ba_14782170,굽네치킨 수산점,굽네치킨,치킨,경상남도,밀양시,63.1724,C
stability_focus,안정성 강화,ba_14528412,굽네피자 봉동점,굽네치킨,피자,전북특별자치도,완주군,67.1550,B
stability_focus,안정성 강화,ba_14739815,굽네치킨&피자 신창신가점,굽네치킨,치킨,광주광역시,광산구,54.4656,C
stability_focus,안정성 강화,ba_13973901,굽네피자 강원횡성점,굽네치킨,피자,강원특별자치도,횡성군,66.0011,B
stability_focus,안정성 강화,ba_14782523,굽네치킨&피자 동부산오시리아점,굽네치킨,치킨,부산광역시,기장군,56.5436,C
stability_focus,안정성 강화,ba_14689454,본죽&비빔밥 광교아브뉴프랑점,본그룹,백반·죽·국수,경기도,수원시,63.6159,C
stability_focus,안정성 강화,ba_14692459,본죽&비빔밥 천안불당점,본그룹,백반·죽·국수,충청남도,천안시,57.4596,C
stability_focus,안정성 강화,ba_14736681,본죽&비빔밥 신림녹두거리점,본그룹,백반·죽·국수,서울특별시,관악구,65.4659,B
stability_focus,안정성 강화,ba_14767932,본죽&비빔밥 신중동점,본그룹,백반·죽·국수,경기도,부천시,63.8191,C
stability_focus,안정성 강화,ba_13451078,본죽&비빔밥 김포신곡점,본그룹,백반·죽·국수,경기도,김포시,66.2608,B
stability_focus,안정성 강화,ba_14689472,본죽&비빔밥 수원율전점,본그룹,백반·죽·국수,경기도,수원시,62.8192,C
stability_focus,안정성 강화,ba_14593720,굽네치킨&피자 무주읍점,굽네치킨,치킨,전북특별자치도,무주군,64.0074,C
stability_focus,안정성 강화,ba_13313413,굽네치킨&피자 대전도마점,굽네치킨,치킨,대전광역시,서구,64.1795,C
stability_focus,안정성 강화,ba_10022124,굽네치킨 삼산2동점,굽네치킨,치킨,인천광역시,부평구,58.2700,C
stability_focus,안정성 강화,ba_13223711,본죽&비빔밥 중앙대점,본그룹,백반·죽·국수,서울특별시,동작구,65.8134,B
stability_focus,안정성 강화,ba_13233457,본죽&비빔밥 대구용산장기점,본그룹,백반·죽·국수,대구광역시,달서구,65.7712,B
stability_focus,안정성 강화,ba_14782607,굽네치킨 경산중방점,굽네치킨,치킨,경상북도,경산시,52.3952,C
stability_focus,안정성 강화,ba_14782074,굽네치킨 관음점,굽네치킨,치킨,대구광역시,북구,57.0558,C
stability_focus,안정성 강화,ba_14578524,굽네치킨 세천점,굽네치킨,치킨,대구광역시,달성군,58.6492,C
stability_focus,안정성 강화,ba_14458025,굽네치킨 울산공업탑점,굽네치킨,치킨,울산광역시,남구,52.8173,C
stability_focus,안정성 강화,ba_14791302,굽네치킨 초읍점,굽네치킨,치킨,부산광역시,부산진구,56.3814,C
stability_focus,안정성 강화,ba_14625157,굽네치킨 금촌점,굽네치킨,치킨,경기도,파주시,59.9725,C
stability_focus,안정성 강화,ba_14248059,굽네치킨 은행선화점,굽네치킨,치킨,대전광역시,중구,63.2594,C
stability_focus,안정성 강화,ba_13769748,굽네치킨 괴산점,굽네치킨,치킨,충청북도,괴산군,65.1539,B
stability_focus,안정성 강화,ba_14691949,본죽&비빔밥 부산범일점,본그룹,백반·죽·국수,부산광역시,동구,59.8932,C
stability_focus,안정성 강화,ba_14721018,굽네치킨&피자 대구서재점,굽네치킨,치킨,대구광역시,달성군,63.1699,C
stability_focus,안정성 강화,ba_14691172,본죽 대구산격점,본그룹,백반·죽·국수,대구광역시,북구,59.9759,C
stability_focus,안정성 강화,ba_14692551,본죽&비빔밥 당산점,본그룹,백반·죽·국수,서울특별시,영등포구,65.0674,B
stability_focus,안정성 강화,ba_13504506,본죽&비빔밥 세종반곡점,본그룹,백반·죽·국수,세종특별자치시,한누리대로,66.2523,B
stability_focus,안정성 강화,ba_10432360,굽네치킨 영주휴천점,굽네치킨,치킨,경상북도,영주시,57.8309,C
stability_focus,안정성 강화,ba_14688728,본죽&비빔밥 판교역점,본그룹,백반·죽·국수,경기도,성남시,63.4907,C
stability_focus,안정성 강화,ba_14694670,본죽&비빔밥 충무로역점,본그룹,백반·죽·국수,서울특별시,중구,62.4294,C
stability_focus,안정성 강화,ba_14688631,본죽&비빔밥 부천소새울역점,본그룹,백반·죽·국수,경기도,부천시,63.0235,C
stability_focus,안정성 강화,ba_14690086,본죽&비빔밥 수지상현점,본그룹,백반·죽·국수,경기도,용인시,65.3347,B
stability_focus,안정성 강화,ba_14270904,굽네치킨 원미점,굽네치킨,치킨,경기도,부천시,60.6342,C
stability_focus,안정성 강화,ba_14687350,본죽&비빔밥 구로구청점,본그룹,백반·죽·국수,서울특별시,구로구,56.5981,C
stability_focus,안정성 강화,ba_10841421,굽네치킨 인계점,굽네치킨,치킨,경기도,수원시,55.9956,C
stability_focus,안정성 강화,ba_14740022,굽네치킨 신봉점,굽네치킨,치킨,경기도,용인시,62.6498,C
stability_focus,안정성 강화,ba_14729159,굽네치킨 원대자이점,굽네치킨,치킨,대구광역시,서구,49.7940,D
stability_focus,안정성 강화,ba_13228878,본죽 대전도마사거리점,본그룹,백반·죽·국수,대전광역시,서구,66.0911,B
stability_focus,안정성 강화,ba_14798760,굽네치킨&피자 도래울점,굽네치킨,치킨,경기도,고양시,65.5134,B
stability_focus,안정성 강화,ba_14575172,굽네치킨 좌4동점,굽네치킨,치킨,부산광역시,해운대구,53.9975,C
stability_focus,안정성 강화,ba_10750970,굽네치킨 청주강서지구점,굽네치킨,치킨,충청북도,청주시,54.7549,C
stability_focus,안정성 강화,ba_13233463,본죽&비빔밥 대구북구청점,본그룹,백반·죽·국수,대구광역시,북구,66.0266,B
stability_focus,안정성 강화,ba_13230834,본죽&비빔밥 송도신도시점,본그룹,백반·죽·국수,인천광역시,연수구,64.6339,C
stability_focus,안정성 강화,ba_14390691,본죽&비빔밥 경산옥곡점,본그룹,백반·죽·국수,경상북도,경산시,64.6706,C
stability_focus,안정성 강화,ba_14599973,굽네치킨 파주법원점,굽네치킨,치킨,경기도,파주시,64.2387,C
stability_focus,안정성 강화,ba_13612153,본죽&비빔밥 철산역점,본그룹,백반·죽·국수,경기도,광명시,64.2036,C
stability_focus,안정성 강화,ba_14760741,본죽&비빔밥 용인신갈점,본그룹,백반·죽·국수,경기도,용인시,65.4495,B
stability_focus,안정성 강화,ba_14689409,본죽&비빔밥 수원권선롯데마트점,본그룹,백반·죽·국수,경기도,수원시,63.0447,C
stability_focus,안정성 강화,ba_14690695,본죽&비빔밥 김해구산점,본그룹,백반·죽·국수,경상남도,김해시,55.3578,C
stability_focus,안정성 강화,ba_13235588,본죽 성균관대점,본그룹,백반·죽·국수,서울특별시,종로구,64.2809,C
stability_focus,안정성 강화,ba_13230879,본죽&비빔밥 강남성심병원점,본그룹,백반·죽·국수,서울특별시,영등포구,63.0297,C
stability_focus,안정성 강화,ba_14654080,굽네치킨 부산명장점,굽네치킨,치킨,부산광역시,동래구,49.5655,D
stability_focus,안정성 강화,ba_14700905,본죽&비빔밥 호탄점,본그룹,백반·죽·국수,경상남도,진주시,64.9109,C
stability_focus,안정성 강화,ba_14719554,본죽&비빔밥 파주금릉역점,본그룹,백반·죽·국수,경기도,파주시,54.7479,C
stability_focus,안정성 강화,ba_14603467,본죽&비빔밥 천안불당점,본그룹,백반·죽·국수,충청남도,천안시,63.2545,C
stability_focus,안정성 강화,ba_14691894,본죽 광양마동점,본그룹,백반·죽·국수,전라남도,광양시,58.2528,C
stability_focus,안정성 강화,ba_14689855,본죽&비빔밥 안양동편마을점,본그룹,백반·죽·국수,경기도,안양시,59.5132,C
stability_focus,안정성 강화,ba_14260091,굽네치킨 부평역점,굽네치킨,치킨,인천광역시,부평구,53.2671,C
stability_focus,안정성 강화,ba_13230838,본죽&비빔밥 시흥사거리점,본그룹,백반·죽·국수,서울특별시,금천구,64.2724,C
stability_focus,안정성 강화,ba_14690154,본죽&비빔밥 대화역점,본그룹,백반·죽·국수,경기도,고양시,62.3661,C
stability_focus,안정성 강화,ba_14691813,본죽&비빔밥 울산호계점,본그룹,백반·죽·국수,울산광역시,북구,62.7758,C
stability_focus,안정성 강화,ba_13471384,본죽&비빔밥 통영죽림점,본그룹,백반·죽·국수,경상남도,통영시,62.9171,C
stability_focus,안정성 강화,ba_14689395,본죽&비빔밥 용인둔전점,본그룹,백반·죽·국수,경기도,용인시,55.6472,C
stability_focus,안정성 강화,ba_14720263,굽네피자 강화온수점,굽네치킨,피자,인천광역시,강화군,65.0684,B
stability_focus,안정성 강화,ba_14688684,본죽&비빔밥 부천심곡본동점,본그룹,백반·죽·국수,경기도,부천시,58.9300,C
stability_focus,안정성 강화,ba_14691797,본죽&비빔밥 부산모라점,본그룹,백반·죽·국수,부산광역시,사상구,59.6997,C
stability_focus,안정성 강화,ba_10705443,굽네치킨 거제연초점,굽네치킨,치킨,경상남도,거제시,63.9270,C
stability_focus,안정성 강화,ba_13188150,본죽&비빔밥 제주법원점,본그룹,백반·죽·국수,제주특별자치도,제주시,62.8064,C
stability_focus,안정성 강화,ba_13522931,본죽&비빔밥 파주문산점,본그룹,백반·죽·국수,경기도,파주시,60.1150,C
stability_focus,안정성 강화,ba_13222051,본죽&비빔밥 이천점,본그룹,백반·죽·국수,경기도,이천시,64.3169,C
stability_focus,안정성 강화,ba_14688563,본죽&비빔밥 신정네거리역점,본그룹,백반·죽·국수,서울특별시,양천구,61.1390,C
stability_focus,안정성 강화,ba_10739524,굽네치킨 강원횡성점,굽네치킨,치킨,강원특별자치도,횡성군,60.4035,C
stability_focus,안정성 강화,ba_13233445,본죽&비빔밥 여수죽림점,본그룹,백반·죽·국수,전라남도,여수시,64.3738,C
stability_focus,안정성 강화,ba_13539608,굽네치킨 창원중앙점,굽네치킨,치킨,경상남도,창원시,55.9514,C
stability_focus,안정성 강화,ba_10604883,굽네치킨 거제고현점,굽네치킨,치킨,경상남도,거제시,51.0794,C
stability_focus,안정성 강화,ba_14671974,굽네피자 부산동삼점,굽네치킨,피자,부산광역시,영도구,65.0903,B
stability_focus,안정성 강화,ba_14708789,본죽&비빔밥 파주금릉역점,본그룹,백반·죽·국수,경기도,파주시,64.7557,C
stability_focus,안정성 강화,ba_14652929,굽네치킨 울산중앙점,굽네치킨,치킨,울산광역시,중구,49.0402,D
stability_focus,안정성 강화,ba_14591780,굽네치킨&피자 금산읍점,굽네치킨,치킨,충청남도,금산군,60.0410,C
stability_focus,안정성 강화,ba_14267751,굽네치킨 신정7동점,굽네치킨,치킨,서울특별시,양천구,52.1126,C
stability_focus,안정성 강화,ba_14273478,굽네피자 원미점,굽네치킨,피자,경기도,부천시,64.8483,C
stability_focus,안정성 강화,ba_14691178,본죽&비빔밥 대구서구청점,본그룹,백반·죽·국수,대구광역시,서구,55.3885,C
stability_focus,안정성 강화,ba_14688614,본죽 안산본오1동점,본그룹,백반·죽·국수,경기도,안산시,62.8258,C
stability_focus,안정성 강화,ba_13227516,본죽&비빔밥 부산동래점,본그룹,백반·죽·국수,부산광역시,동래구,62.8783,C
stability_focus,안정성 강화,ba_14689595,본죽&비빔밥 시흥배곧점,본그룹,백반·죽·국수,경기도,시흥시,55.9298,C
stability_focus,안정성 강화,ba_14689496,본죽&비빔밥 수원역매산점,본그룹,백반·죽·국수,경기도,수원시,63.5317,C
stability_focus,안정성 강화,ba_14689464,본죽&비빔밥 파주금촌점,본그룹,백반·죽·국수,경기도,파주시,59.0352,C
stability_focus,안정성 강화,ba_14581239,굽네치킨 여좌중앙점,굽네치킨,치킨,경상남도,창원시,56.1998,C
stability_focus,안정성 강화,ba_14688338,본죽 부천대성병원점,본그룹,백반·죽·국수,경기도,부천시,62.9727,C
stability_focus,안정성 강화,ba_14528279,굽네치킨 봉동점,굽네치킨,치킨,전북특별자치도,완주군,52.7665,C
stability_focus,안정성 강화,ba_14441192,굽네피자 나주빛가람점,굽네치킨,피자,전라남도,나주시,64.3115,C
stability_focus,안정성 강화,ba_14440681,굽네피자 면목점,굽네치킨,피자,서울특별시,중랑구,64.5323,C
stability_focus,안정성 강화,ba_14437626,굽네치킨&피자 대구읍내점,굽네치킨,치킨,대구광역시,북구,51.0710,C
stability_focus,안정성 강화,ba_10401021,굽네치킨 가산점,굽네치킨,치킨,서울특별시,금천구,50.0642,C
stability_focus,안정성 강화,ba_13203399,본죽&비빔밥 제주강정점,본그룹,백반·죽·국수,제주특별자치도,서귀포시,55.6039,C
stability_focus,안정성 강화,ba_14688697,본죽&비빔밥 신풍역점,본그룹,백반·죽·국수,서울특별시,영등포구,62.5129,C
stability_focus,안정성 강화,ba_10041246,굽네치킨 수색증산점,굽네치킨,치킨,서울특별시,은평구,63.2883,C
stability_focus,안정성 강화,ba_14229365,굽네치킨&피자 중곡1동점,굽네치킨,치킨,서울특별시,광진구,52.9982,C
stability_focus,안정성 강화,ba_10739556,굽네치킨 양산석산점,굽네치킨,치킨,경상남도,양산시,53.7218,C
stability_focus,안정성 강화,ba_10698315,굽네치킨 풍기점,굽네치킨,치킨,경상북도,영주시,61.1619,C
stability_focus,안정성 강화,ba_14488211,굽네치킨&피자 풍동점,굽네치킨,치킨,경기도,고양시,55.7402,C
stability_focus,안정성 강화,ba_14749296,굽네치킨&피자 석촌고분점,굽네치킨,치킨,서울특별시,송파구,54.7938,C
stability_focus,안정성 강화,ba_14716102,본죽&비빔밥 의정부발곡점,본그룹,백반·죽·국수,경기도,의정부시,62.0064,C
stability_focus,안정성 강화,ba_14767931,본죽&비빔밥 신중동점,본그룹,백반·죽·국수,경기도,부천시,52.0333,C
stability_focus,안정성 강화,ba_14706394,본죽&비빔밥 호탄점,본그룹,백반·죽·국수,경상남도,진주시,57.5729,C
stability_focus,안정성 강화,ba_14690725,본죽&비빔밥 광주주월점,본그룹,백반·죽·국수,광주광역시,남구,60.4534,C
stability_focus,안정성 강화,ba_14604237,굽네치킨 울산다운점,굽네치킨,치킨,울산광역시,중구,55.8079,C
stability_focus,안정성 강화,ba_13233506,본죽 광양마동점,본그룹,백반·죽·국수,전라남도,광양시,61.8998,C
stability_focus,안정성 강화,ba_13234193,본죽 경주황성점,본그룹,백반·죽·국수,경상북도,경주시,60.6098,C
stability_focus,안정성 강화,ba_14691330,본죽&비빔밥 구미형곡송정점,본그룹,백반·죽·국수,경상북도,구미시,61.9479,C
stability_focus,안정성 강화,ba_13052096,굽네치킨 구로5동점,굽네치킨,치킨,서울특별시,구로구,48.8385,D
stability_focus,안정성 강화,ba_10509105,굽네치킨&피자 강저지구점,굽네치킨,치킨,충청북도,제천시,53.4020,C
stability_focus,안정성 강화,ba_14799070,굽네치킨&피자 전남나주점,굽네치킨,치킨,전라남도,나주시,64.0790,C
stability_focus,안정성 강화,ba_14712797,굽네치킨 논공점,굽네치킨,치킨,대구광역시,달성군,60.5031,C
stability_focus,안정성 강화,ba_14463467,굽네치킨 화명신도시점,굽네치킨,치킨,부산광역시,북구,48.0987,D
stability_focus,안정성 강화,ba_14690577,본죽&비빔밥 포항양덕점,본그룹,백반·죽·국수,경상북도,포항시,61.6725,C
stability_focus,안정성 강화,ba_14671490,굽네피자 영천중앙점,굽네치킨,피자,경상북도,영천시,62.9700,C
stability_focus,안정성 강화,ba_14454741,본죽&비빔밥 부천소새울역점,본그룹,백반·죽·국수,경기도,부천시,64.4711,C
stability_focus,안정성 강화,ba_10016162,굽네치킨 신월사파점,굽네치킨,치킨,경상남도,창원시,55.1411,C
stability_focus,안정성 강화,ba_14691751,본죽&비빔밥 대전판암점,본그룹,백반·죽·국수,대전광역시,동구,59.1729,C
stability_focus,안정성 강화,ba_14687315,본죽&비빔밥 뚝섬유원지역점,본그룹,백반·죽·국수,서울특별시,광진구,59.3090,C
stability_focus,안정성 강화,ba_13236479,본죽 군포지샘병원점,본그룹,백반·죽·국수,경기도,군포시,63.3761,C
stability_focus,안정성 강화,ba_14673431,굽네치킨 부산온천점,굽네치킨,치킨,부산광역시,동래구,61.7862,C
stability_focus,안정성 강화,ba_14754893,본죽&비빔밥 일산탄현큰마을점,본그룹,백반·죽·국수,경기도,고양시,59.1107,C
stability_focus,안정성 강화,ba_13225842,본죽 동인천점,본그룹,백반·죽·국수,인천광역시,중구,62.3668,C
stability_focus,안정성 강화,ba_14623314,굽네치킨 충효점,굽네치킨,치킨,경상북도,경주시,56.3549,C
stability_focus,안정성 강화,ba_14564492,본죽&비빔밥 대구신월성점,본그룹,백반·죽·국수,대구광역시,달서구,63.9519,C
stability_focus,안정성 강화,ba_14715313,굽네치킨&피자 홍은1동점,굽네치킨,치킨,서울특별시,서대문구,60.8566,C
stability_focus,안정성 강화,ba_14687115,본죽 강서구청점,본그룹,백반·죽·국수,서울특별시,강서구,61.9496,C
stability_focus,안정성 강화,ba_14795104,굽네치킨 독산스타점,굽네치킨,치킨,서울특별시,금천구,52.1037,C
stability_focus,안정성 강화,ba_14687341,본죽&비빔밥 봉천역점,본그룹,백반·죽·국수,서울특별시,관악구,62.0179,C
stability_focus,안정성 강화,ba_14598667,본죽&비빔밥 조치원죽림점,본그룹,백반·죽·국수,세종특별자치시,조치원읍,62.2714,C
stability_focus,안정성 강화,ba_14694145,본죽&비빔밥 합정역점,본그룹,백반·죽·국수,서울특별시,마포구,59.2434,C
stability_focus,안정성 강화,ba_14671483,굽네치킨 영천중앙점,굽네치킨,치킨,경상북도,영천시,54.0060,C
stability_focus,안정성 강화,ba_14735878,본죽&비빔밥 시흥능곡점,본그룹,백반·죽·국수,경기도,시흥시,56.7737,C
stability_focus,안정성 강화,ba_13975731,굽네피자 신길뉴타운점,굽네치킨,피자,서울특별시,영등포구,62.7156,C
stability_focus,안정성 강화,ba_10821092,굽네치킨 주안3호점,굽네치킨,치킨,인천광역시,미추홀구,50.1504,C
stability_focus,안정성 강화,ba_14690014,본죽&비빔밥 인천석바위점,본그룹,백반·죽·국수,인천광역시,미추홀구,61.9753,C
stability_focus,안정성 강화,ba_13231147,본죽&비빔밥 인천송도웰카운티점,본그룹,백반·죽·국수,인천광역시,연수구,62.9950,C
stability_focus,안정성 강화,ba_14736722,굽네치킨&피자 철원와수점,굽네치킨,치킨,강원특별자치도,철원군,60.4847,C
stability_focus,안정성 강화,ba_14740239,굽네치킨 임실읍점,굽네치킨,치킨,전북특별자치도,임실군,57.1783,C
stability_focus,안정성 강화,ba_14737726,굽네치킨 대치4동점,굽네치킨,치킨,서울특별시,강남구,46.9914,D
stability_focus,안정성 강화,ba_14637553,굽네치킨&피자 양지동점,굽네치킨,치킨,경기도,성남시,62.7336,C
stability_focus,안정성 강화,ba_14699649,굽네치킨 시흥신천점,굽네치킨,치킨,경기도,시흥시,56.7524,C
stability_focus,안정성 강화,ba_14689759,본죽&비빔밥 인천송도웰카운티점,본그룹,백반·죽·국수,인천광역시,연수구,60.1634,C
stability_focus,안정성 강화,ba_14692168,본죽&비빔밥 해운대장산역점,본그룹,백반·죽·국수,부산광역시,해운대구,51.5313,C
stability_focus,안정성 강화,ba_14729038,굽네치킨&피자 파주읍점,굽네치킨,치킨,경기도,파주시,59.2309,C
stability_focus,안정성 강화,ba_14689402,본죽&비빔밥 의정부을지대병원점,본그룹,백반·죽·국수,경기도,의정부시,61.3145,C
stability_focus,안정성 강화,ba_13235498,본죽&비빔밥 외대점,본그룹,백반·죽·국수,서울특별시,동대문구,61.0725,C
stability_focus,안정성 강화,ba_10638951,굽네치킨 영천동부점,굽네치킨,치킨,경상북도,영천시,57.4464,C
stability_focus,안정성 강화,ba_14692185,본죽&비빔밥 세종첫마을점,본그룹,백반·죽·국수,세종특별자치시,노을3로,57.6776,C
stability_focus,안정성 강화,ba_13492399,본죽&비빔밥 등촌공항대로점,본그룹,백반·죽·국수,서울특별시,강서구,61.0955,C
stability_focus,안정성 강화,ba_13233575,본죽&비빔밥 대구두산점,본그룹,백반·죽·국수,대구광역시,수성구,61.2421,C
stability_focus,안정성 강화,ba_10580903,굽네치킨 길음1동점,굽네치킨,치킨,서울특별시,성북구,46.9316,D
stability_focus,안정성 강화,ba_13228909,본죽&비빔밥 청주사창점,본그룹,백반·죽·국수,충청북도,청주시,61.8336,C
stability_focus,안정성 강화,ba_14691296,본죽 대덕테크노밸리점,본그룹,백반·죽·국수,대전광역시,유성구,60.1167,C
stability_focus,안정성 강화,ba_14690068,본죽&비빔밥 용인동천점,본그룹,백반·죽·국수,경기도,용인시,59.5942,C
stability_focus,안정성 강화,ba_13233782,본죽&비빔밥 대구서구청점,본그룹,백반·죽·국수,대구광역시,서구,59.1907,C
stability_focus,안정성 강화,ba_14754936,굽네치킨 경주외동점,굽네치킨,치킨,경상북도,경주시,56.7323,C
stability_focus,안정성 강화,ba_14600429,굽네치킨&피자 김천부곡점,굽네치킨,치킨,경상북도,김천시,53.9853,C
stability_focus,안정성 강화,ba_14691171,본죽 부산서면점,본그룹,백반·죽·국수,부산광역시,부산진구,52.3535,C
stability_focus,안정성 강화,ba_14440680,굽네치킨&피자 면목점,굽네치킨,치킨,서울특별시,중랑구,52.0238,C
stability_focus,안정성 강화,ba_14744329,본죽&비빔밥 송파헬리오시티점,본그룹,백반·죽·국수,서울특별시,송파구,59.9195,C
stability_focus,안정성 강화,ba_13475914,본죽&비빔밥 광주백운대성초교점,본그룹,백반·죽·국수,광주광역시,남구,62.3043,C
stability_focus,안정성 강화,ba_14728839,굽네치킨 대구동인점,굽네치킨,치킨,대구광역시,중구,58.7868,C
stability_focus,안정성 강화,ba_14729784,굽네치킨 경북울진점,굽네치킨,치킨,경상북도,울진군,54.0210,C
stability_focus,안정성 강화,ba_10204887,굽네치킨 대구매호점,굽네치킨,치킨,대구광역시,수성구,56.7354,C
stability_focus,안정성 강화,ba_14309634,굽네치킨&피자 삼성2동점,굽네치킨,치킨,서울특별시,강남구,46.2257,D
stability_focus,안정성 강화,ba_14308402,굽네피자 삼성2동점,굽네치킨,피자,서울특별시,강남구,61.4016,C
stability_focus,안정성 강화,ba_14685750,"굽네치킨 개금1,2동점",굽네치킨,치킨,부산광역시,부산진구,49.4463,D
stability_focus,안정성 강화,ba_14322928,본죽&비빔밥 부천심곡본동점,본그룹,백반·죽·국수,경기도,부천시,62.2261,C
stability_focus,안정성 강화,ba_14388863,굽네피자 여의도1호점,굽네치킨,피자,서울특별시,영등포구,62.2521,C
stability_focus,안정성 강화,ba_13226860,본죽 부산서면점,본그룹,백반·죽·국수,부산광역시,부산진구,57.7630,C
stability_focus,안정성 강화,ba_10800862,굽네치킨 송파점,굽네치킨,치킨,서울특별시,송파구,46.3090,D
stability_focus,안정성 강화,ba_14708929,굽네치킨 고령다산점,굽네치킨,치킨,경상북도,고령군,54.5511,C
stability_focus,안정성 강화,ba_14785504,본죽&비빔밥 증평점,본그룹,백반·죽·국수,충청북도,증평군,56.4927,C
stability_focus,안정성 강화,ba_14720368,본죽&비빔밥 김포마산점,본그룹,백반·죽·국수,경기도,김포시,54.3047,C
stability_focus,안정성 강화,ba_14689910,본죽&비빔밥 외대점,본그룹,백반·죽·국수,서울특별시,동대문구,53.4404,C
stability_focus,안정성 강화,ba_14699399,굽네치킨 와동점,굽네치킨,치킨,경기도,안산시,49.4608,D
stability_focus,안정성 강화,ba_14767892,굽네치킨&피자 둔촌시장점,굽네치킨,치킨,서울특별시,강동구,46.0364,D
stability_focus,안정성 강화,ba_14726472,굽네치킨&피자 신대부적점,굽네치킨,치킨,경상북도,경산시,48.5158,D
stability_focus,안정성 강화,ba_13226843,본죽 부산가야점,본그룹,백반·죽·국수,부산광역시,부산진구,59.5565,C
stability_focus,안정성 강화,ba_14280570,본죽&비빔밥 분당수내점,본그룹,백반·죽·국수,경기도,성남시,61.5065,C
stability_focus,안정성 강화,ba_14691146,본죽 부산범내골역점,본그룹,백반·죽·국수,부산광역시,부산진구,59.7531,C
stability_focus,안정성 강화,ba_14700021,굽네치킨 영등포본동점,굽네치킨,치킨,서울특별시,영등포구,50.9296,C
stability_focus,안정성 강화,ba_14689942,본죽 인천학산사거리점,본그룹,백반·죽·국수,인천광역시,미추홀구,59.4573,C
stability_focus,안정성 강화,ba_10605803,굽네치킨 구월점,굽네치킨,치킨,인천광역시,남동구,44.8675,D
stability_focus,안정성 강화,ba_14801006,굽네치킨&피자 상봉점,굽네치킨,치킨,서울특별시,중랑구,59.4198,C
stability_focus,안정성 강화,ba_10040420,굽네치킨 김해진영점,굽네치킨,치킨,경상남도,김해시,52.5031,C
stability_focus,안정성 강화,ba_14296954,굽네치킨&피자 청주동남지구점,굽네치킨,치킨,충청북도,청주시,53.3886,C
stability_focus,안정성 강화,ba_13301511,본죽&비빔밥 송도글로벌캠퍼스점,본그룹,백반·죽·국수,인천광역시,연수구,60.3164,C
stability_focus,안정성 강화,ba_14688086,본죽&비빔밥 보라매점,본그룹,백반·죽·국수,서울특별시,동작구,58.8516,C
stability_focus,안정성 강화,ba_14690763,본죽&비빔밥 양산남부시장점,본그룹,백반·죽·국수,경상남도,양산시,59.8348,C
stability_focus,안정성 강화,ba_13227696,본죽 부산온천장점,본그룹,백반·죽·국수,부산광역시,동래구,53.0125,C
stability_focus,안정성 강화,ba_14260093,굽네치킨&피자 부평역점,굽네치킨,피자,인천광역시,부평구,59.9871,C
stability_focus,안정성 강화,ba_14689782,본죽 김포감정점,본그룹,백반·죽·국수,경기도,김포시,58.7612,C
stability_focus,안정성 강화,ba_13224790,본죽&비빔밥 안양덕천래미안점,본그룹,백반·죽·국수,경기도,안양시,61.3114,C
stability_focus,안정성 강화,ba_14688207,본죽 이대점,본그룹,백반·죽·국수,서울특별시,서대문구,58.5313,C
stability_focus,안정성 강화,ba_13233607,본죽 전북봉동점,본그룹,백반·죽·국수,전북특별자치도,완주군,58.8802,C
stability_focus,안정성 강화,ba_13224027,본죽 삼전동점,본그룹,백반·죽·국수,서울특별시,송파구,59.0244,C
stability_focus,안정성 강화,ba_14800284,굽네치킨&피자 광주양산점,굽네치킨,치킨,광주광역시,북구,60.1611,C
stability_focus,안정성 강화,ba_14689548,본죽&비빔밥 평택법원점,본그룹,백반·죽·국수,경기도,평택시,55.8588,C
stability_focus,안정성 강화,ba_14691030,본죽 대구진천역점,본그룹,백반·죽·국수,대구광역시,달서구,57.7452,C
stability_focus,안정성 강화,ba_14388856,굽네치킨&피자 여의도1호점,굽네치킨,치킨,서울특별시,영등포구,48.2975,D
stability_focus,안정성 강화,ba_14690786,본죽&비빔밥 광주문흥점,본그룹,백반·죽·국수,광주광역시,북구,55.8602,C
stability_focus,안정성 강화,ba_13768149,굽네치킨 신탄진점,굽네치킨,치킨,대전광역시,대덕구,58.7070,C
stability_focus,안정성 강화,ba_14732602,굽네치킨 서수원점,굽네치킨,치킨,경기도,수원시,55.9560,C
stability_focus,안정성 강화,ba_14245878,본죽&비빔밥 안양동편마을점,본그룹,백반·죽·국수,경기도,안양시,60.9062,C
stability_focus,안정성 강화,ba_14691234,본죽 대구남문시장점,본그룹,백반·죽·국수,대구광역시,중구,60.0127,C
stability_focus,안정성 강화,ba_10019194,굽네치킨&피자 신탄진점,굽네치킨,치킨,대전광역시,대덕구,50.7619,C
stability_focus,안정성 강화,ba_13228945,본죽&비빔밥 대전진잠점,본그룹,백반·죽·국수,대전광역시,유성구,60.1782,C
stability_focus,안정성 강화,ba_14495840,본죽&비빔밥 검단파라곤센트럴점,본그룹,백반·죽·국수,인천광역시,서구,60.2047,C
stability_focus,안정성 강화,ba_10040621,굽네치킨 울산성안점,굽네치킨,치킨,울산광역시,중구,53.5013,C
stability_focus,안정성 강화,ba_13233436,본죽&비빔밥 대구효성타운점,본그룹,백반·죽·국수,대구광역시,남구,59.2310,C
stability_focus,안정성 강화,ba_14687296,본죽&비빔밥 봉일시장점,본그룹,백반·죽·국수,서울특별시,관악구,50.7649,C
stability_focus,안정성 강화,ba_13648667,본죽&비빔밥 대전노은3지구점,본그룹,백반·죽·국수,대전광역시,유성구,58.7183,C
stability_focus,안정성 강화,ba_14794547,굽네치킨&피자 회기역점,굽네치킨,치킨,서울특별시,동대문구,57.6393,C
stability_focus,안정성 강화,ba_14729971,굽네치킨 군포1동점,굽네치킨,치킨,경기도,군포시,47.9334,D
stability_focus,안정성 강화,ba_13229527,본죽&비빔밥 상주점,본그룹,백반·죽·국수,경상북도,상주시,58.8849,C
stability_focus,안정성 강화,ba_14730330,본죽&비빔밥 동탄꼬모점,본그룹,백반·죽·국수,경기도,화성시,51.8003,C
stability_focus,안정성 강화,ba_14688176,본죽&비빔밥 옥수점,본그룹,백반·죽·국수,서울특별시,성동구,56.7398,C
stability_focus,안정성 강화,ba_14689536,본죽&비빔밥 파주운정신도시점,본그룹,백반·죽·국수,경기도,파주시,49.9793,D
stability_focus,안정성 강화,ba_13243478,본죽 보정동단국대점,본그룹,백반·죽·국수,경기도,용인시,59.4816,C
stability_focus,안정성 강화,ba_13200236,본죽 남양주진접롯데시네마점,본그룹,백반·죽·국수,경기도,남양주시,59.3639,C
stability_focus,안정성 강화,ba_14463469,굽네피자 화명신도시점,굽네치킨,피자,부산광역시,북구,59.5537,C
stability_focus,안정성 강화,ba_14690045,본죽&비빔밥 인천당하점,본그룹,백반·죽·국수,인천광역시,서구,52.9518,C
stability_focus,안정성 강화,ba_13230846,본죽&비빔밥 수원탑동점,본그룹,백반·죽·국수,경기도,수원시,58.8147,C
stability_focus,안정성 강화,ba_13268955,본죽&비빔밥 전주객사점,본그룹,백반·죽·국수,전북특별자치도,전주시,57.9431,C
stability_focus,안정성 강화,ba_13103901,굽네치킨&피자 나주혁신도시1호점,굽네치킨,피자,전라남도,나주시,53.6432,C
stability_focus,안정성 강화,ba_13193158,본죽&비빔밥 인천당하점,본그룹,백반·죽·국수,인천광역시,서구,58.5786,C
stability_focus,안정성 강화,ba_12014214,굽네치킨&피자 대전가오점,굽네치킨,치킨,대전광역시,동구,48.3948,D
stability_focus,안정성 강화,ba_10015935,굽네치킨 봉곡사림점,굽네치킨,치킨,경상남도,창원시,48.0490,D
stability_focus,안정성 강화,ba_14687137,본죽&비빔밥 명동점,본그룹,백반·죽·국수,서울특별시,중구,56.3752,C
stability_focus,안정성 강화,ba_13221975,본죽&비빔밥 용인마평점,본그룹,백반·죽·국수,경기도,용인시,58.0526,C
stability_focus,안정성 강화,ba_14254080,굽네치킨&피자 망우본동점,굽네치킨,치킨,서울특별시,중랑구,51.5654,C
stability_focus,안정성 강화,ba_14689378,본죽&비빔밥 성남중앙병원점,본그룹,백반·죽·국수,경기도,성남시,56.8852,C
stability_focus,안정성 강화,ba_14688336,본죽&비빔밥 고려대점,본그룹,백반·죽·국수,서울특별시,성북구,51.4475,C
stability_focus,안정성 강화,ba_13224844,본죽&비빔밥 평촌점,본그룹,백반·죽·국수,경기도,안양시,58.7267,C
stability_focus,안정성 강화,ba_14687310,본죽&비빔밥 가산디지털점,본그룹,백반·죽·국수,서울특별시,금천구,55.1636,C
stability_focus,안정성 강화,ba_13228166,본죽 제천하소점,본그룹,백반·죽·국수,충청북도,제천시,58.2508,C
stability_focus,안정성 강화,ba_14092187,굽네치킨&피자 일산식사점,굽네치킨,치킨,경기도,고양시,52.1740,C
stability_focus,안정성 강화,ba_14692178,본죽&비빔밥 제주함덕점,본그룹,백반·죽·국수,제주특별자치도,제주시,55.7513,C
stability_focus,안정성 강화,ba_14551802,본죽&비빔밥 명동2호점,본그룹,백반·죽·국수,서울특별시,중구,57.3084,C
stability_focus,안정성 강화,ba_14687365,본죽&비빔밥 덕성여대점,본그룹,백반·죽·국수,서울특별시,도봉구,55.1417,C
stability_focus,안정성 강화,ba_14725485,굽네치킨 구례읍점,굽네치킨,치킨,전라남도,구례군,55.2633,C
stability_focus,안정성 강화,ba_13230007,본죽 죽전벽산타운점,본그룹,백반·죽·국수,경기도,용인시,58.0744,C
stability_focus,안정성 강화,ba_14658160,굽네치킨&피자 대구옥포점,굽네치킨,치킨,대구광역시,달성군,53.6574,C
stability_focus,안정성 강화,ba_14665998,본죽&비빔밥 오금동사거리점,본그룹,백반·죽·국수,서울특별시,송파구,56.5628,C
stability_focus,안정성 강화,ba_14557869,굽네치킨 화곡4동점,굽네치킨,치킨,서울특별시,강서구,50.3535,C
stability_focus,안정성 강화,ba_13228993,본죽&비빔밥 동탄솔빛나루점,본그룹,백반·죽·국수,경기도,화성시,57.4474,C
stability_focus,안정성 강화,ba_13225746,본죽 고양점,본그룹,백반·죽·국수,경기도,고양시,57.4851,C
stability_focus,안정성 강화,ba_14694402,본죽 월곡점,본그룹,백반·죽·국수,서울특별시,성북구,53.8720,C
stability_focus,안정성 강화,ba_14666363,굽네치킨 충남태안점,굽네치킨,치킨,충청남도,태안군,41.4932,D
stability_focus,안정성 강화,ba_14308401,굽네치킨 삼성2동점,굽네치킨,치킨,서울특별시,강남구,56.7334,C
stability_focus,안정성 강화,ba_14692251,본죽&비빔밥 천안두정점,본그룹,백반·죽·국수,충청남도,천안시,42.4474,D
stability_focus,안정성 강화,ba_14735216,본죽&비빔밥 수지성복점,본그룹,백반·죽·국수,경기도,용인시,44.4127,D
stability_focus,안정성 강화,ba_14689403,본죽&비빔밥 의왕역점,본그룹,백반·죽·국수,경기도,의왕시,53.6073,C
stability_focus,안정성 강화,ba_14228062,굽네피자 월계2동점,굽네치킨,피자,서울특별시,노원구,57.2873,C
stability_focus,안정성 강화,ba_14690077,본죽&비빔밥 인천연희연세병원점,본그룹,백반·죽·국수,인천광역시,서구,54.3957,C
stability_focus,안정성 강화,ba_14153764,굽네피자 주안3호점,굽네치킨,피자,인천광역시,미추홀구,56.2589,C
stability_focus,안정성 강화,ba_14690062,본죽&비빔밥 용인물푸레마을점,본그룹,백반·죽·국수,경기도,용인시,56.2795,C
stability_focus,안정성 강화,ba_14272566,본죽&비빔밥 광명6동점,본그룹,백반·죽·국수,경기도,광명시,57.0958,C
stability_focus,안정성 강화,ba_14663534,굽네치킨 포항용흥점,굽네치킨,치킨,경상북도,포항시,52.2842,C
stability_focus,안정성 강화,ba_13459937,굽네치킨 성사점,굽네치킨,치킨,경기도,고양시,48.0566,D
stability_focus,안정성 강화,ba_14557882,굽네치킨 신방화역점,굽네치킨,치킨,서울특별시,강서구,41.1180,D
stability_focus,안정성 강화,ba_14691228,본죽&비빔밥 대구사월점,본그룹,백반·죽·국수,대구광역시,수성구,55.4932,C
stability_focus,안정성 강화,ba_14690092,본죽&비빔밥 인천불로동점,본그룹,백반·죽·국수,인천광역시,서구,54.1376,C
stability_focus,안정성 강화,ba_13233483,본죽&비빔밥 경산사동점,본그룹,백반·죽·국수,경상북도,경산시,54.8446,C
stability_focus,안정성 강화,ba_13234578,본죽&비빔밥 동백중앙점,본그룹,백반·죽·국수,경기도,용인시,55.6207,C
stability_focus,안정성 강화,ba_14692278,본죽 제천하소점,본그룹,백반·죽·국수,충청북도,제천시,55.5916,C
stability_focus,안정성 강화,ba_13081281,굽네치킨 하늘도시1호점,굽네치킨,치킨,인천광역시,중구,45.8807,D
stability_focus,안정성 강화,ba_13229747,본죽 창원중앙동점,본그룹,백반·죽·국수,경상남도,창원시,55.2821,C
stability_focus,안정성 강화,ba_14701165,본죽&비빔밥 연세세브란스빌딩점,본그룹,백반·죽·국수,서울특별시,중구,53.7319,C
stability_focus,안정성 강화,ba_12020564,굽네치킨&피자 거제고현점,굽네치킨,피자,경상남도,거제시,52.1832,C
stability_focus,안정성 강화,ba_14314711,굽네피자 송내2동점,굽네치킨,피자,경기도,부천시,56.1744,C
stability_focus,안정성 강화,ba_14775705,본죽&비빔밥 익산원광대병원점,본그룹,백반·죽·국수,전북특별자치도,익산시,54.6429,C
stability_focus,안정성 강화,ba_14693042,본죽&비빔밥 전주예수병원점,본그룹,백반·죽·국수,전북특별자치도,전주시,55.1403,C
stability_focus,안정성 강화,ba_13199335,본죽&비빔밥 울산매곡점,본그룹,백반·죽·국수,울산광역시,북구,54.3520,C
stability_focus,안정성 강화,ba_14689381,본죽&비빔밥 용인모현점,본그룹,백반·죽·국수,경기도,용인시,54.8312,C
stability_focus,안정성 강화,ba_14228061,굽네치킨 월계2동점,굽네치킨,치킨,서울특별시,노원구,43.7979,D
stability_focus,안정성 강화,ba_14117511,굽네치킨 논현1동점,굽네치킨,치킨,서울특별시,강남구,42.1213,D
stability_focus,안정성 강화,ba_14392494,굽네피자 원주혁신점,굽네치킨,피자,강원특별자치도,원주시,55.8076,C
stability_focus,안정성 강화,ba_14117512,굽네피자 논현1동점,굽네치킨,피자,서울특별시,강남구,53.9133,C
stability_focus,안정성 강화,ba_14472921,굽네피자 내당중리점,굽네치킨,피자,대구광역시,서구,55.7742,C
stability_focus,안정성 강화,ba_14648765,굽네치킨 서면가곡점,굽네치킨,치킨,전라남도,순천시,54.7923,C
stability_focus,안정성 강화,ba_14594474,본죽&비빔밥 광주계림동점,본그룹,백반·죽·국수,광주광역시,동구,55.0930,C
stability_focus,안정성 강화,ba_14042200,본죽&비빔밥 왕십리뉴타운점,본그룹,백반·죽·국수,서울특별시,성동구,54.1165,C
stability_focus,안정성 강화,ba_14687354,본죽&비빔밥 신도림점,본그룹,백반·죽·국수,서울특별시,구로구,53.0145,C
stability_focus,안정성 강화,ba_14687060,본죽&비빔밥 천호로데오점,본그룹,백반·죽·국수,서울특별시,강동구,42.4256,D
stability_focus,안정성 강화,ba_13233716,본죽 포항죽도오거리점,본그룹,백반·죽·국수,경상북도,포항시,54.4245,C
stability_focus,안정성 강화,ba_14651431,굽네피자 벌교읍점,굽네치킨,피자,전라남도,보성군,55.6857,C
stability_focus,안정성 강화,ba_14335172,굽네피자 장곡장현점,굽네치킨,피자,경기도,시흥시,55.6026,C
stability_focus,안정성 강화,ba_14651464,굽네피자 순천서면점,굽네치킨,피자,전라남도,순천시,55.5848,C
stability_focus,안정성 강화,ba_14662547,굽네치킨 신사우점,굽네치킨,치킨,강원특별자치도,춘천시,49.7055,D
stability_focus,안정성 강화,ba_13221865,본죽 처인구청점,본그룹,백반·죽·국수,경기도,용인시,55.3811,C
stability_focus,안정성 강화,ba_10768614,굽네치킨 신월상남점,굽네치킨,치킨,경상남도,창원시,48.7957,D
stability_focus,안정성 강화,ba_14297681,굽네피자 서산예천점,굽네치킨,피자,충청남도,서산시,55.4309,C
stability_focus,안정성 강화,ba_13231120,본죽 안산본오1동점,본그룹,백반·죽·국수,경기도,안산시,54.9395,C
stability_focus,안정성 강화,ba_10040411,굽네치킨,굽네치킨,치킨,서울특별시,성북구,54.4608,C
stability_focus,안정성 강화,ba_14615268,굽네피자 효자점,굽네치킨,피자,강원특별자치도,춘천시,55.2693,C
stability_focus,안정성 강화,ba_14620216,굽네치킨&피자 북아현점,굽네치킨,치킨,서울특별시,서대문구,50.9302,C
stability_focus,안정성 강화,ba_14680684,굽네피자 부산온천점,굽네치킨,피자,부산광역시,동래구,55.1348,C
stability_focus,안정성 강화,ba_14691235,본죽&비빔밥 대구범물동아백화점점,본그룹,백반·죽·국수,대구광역시,수성구,53.3110,C
stability_focus,안정성 강화,ba_12026171,굽네치킨&피자 선부3동점,굽네치킨,피자,경기도,안산시,55.1026,C
stability_focus,안정성 강화,ba_14338227,굽네피자 상대원점,굽네치킨,피자,경기도,성남시,54.9427,C
stability_focus,안정성 강화,ba_14285796,본죽&비빔밥 대구평리뉴타운점,본그룹,백반·죽·국수,대구광역시,서구,54.5166,C
stability_focus,안정성 강화,ba_14687088,본죽 길동시장점,본그룹,백반·죽·국수,서울특별시,강동구,51.3541,C
stability_focus,안정성 강화,ba_14387283,본죽&비빔밥 신봉초교점,본그룹,백반·죽·국수,경기도,용인시,54.7421,C
stability_focus,안정성 강화,ba_14688923,본죽&비빔밥 종로르메이에르점,본그룹,백반·죽·국수,서울특별시,종로구,52.7022,C
stability_focus,안정성 강화,ba_13969906,굽네피자 포항흥해점,굽네치킨,피자,경상북도,포항시,54.8981,C
stability_focus,안정성 강화,ba_14756247,본죽&비빔밥 일산가좌점,본그룹,백반·죽·국수,경기도,고양시,55.1671,C
stability_focus,안정성 강화,ba_14171127,굽네피자 연경점,굽네치킨,피자,대구광역시,동구,54.6733,C
stability_focus,안정성 강화,ba_12017934,굽네치킨&피자 삼숭고읍점,굽네치킨,피자,경기도,양주시,54.8779,C
stability_focus,안정성 강화,ba_13233448,본죽&비빔밥 대구달서구청점,본그룹,백반·죽·국수,대구광역시,달서구,54.0724,C
stability_focus,안정성 강화,ba_14692592,본죽 의정부가능역점,본그룹,백반·죽·국수,경기도,의정부시,52.5020,C
stability_focus,안정성 강화,ba_13234475,본죽&비빔밥 노량진점,본그룹,백반·죽·국수,서울특별시,동작구,53.2906,C
stability_focus,안정성 강화,ba_13079581,굽네치킨&피자 온의퇴계점,굽네치킨,피자,강원특별자치도,춘천시,54.8345,C
stability_focus,안정성 강화,ba_13235631,본죽 인왕산점,본그룹,백반·죽·국수,서울특별시,서대문구,53.5587,C
stability_focus,안정성 강화,ba_13233764,본죽 대구송라시장점,본그룹,백반·죽·국수,대구광역시,동구,52.9072,C
stability_focus,안정성 강화,ba_14248058,굽네피자 은행선화점,굽네치킨,피자,대전광역시,중구,54.7098,C
stability_focus,안정성 강화,ba_14788152,굽네피자 초읍점,굽네치킨,피자,부산광역시,부산진구,54.6588,C
stability_focus,안정성 강화,ba_14199673,굽네피자 가양점,굽네치킨,피자,서울특별시,강서구,53.8192,C
stability_focus,안정성 강화,ba_13236401,본죽 대학로본점,본그룹,백반·죽·국수,서울특별시,종로구,52.9511,C
stability_focus,안정성 강화,ba_14668967,굽네피자 신사우점,굽네치킨,피자,강원특별자치도,춘천시,54.6088,C
stability_focus,안정성 강화,ba_13969888,굽네피자 청주강서지구점,굽네치킨,피자,충청북도,청주시,54.5928,C
stability_focus,안정성 강화,ba_13122792,굽네치킨&피자 청주 강서지구점,굽네치킨,피자,충청북도,청주시,54.5928,C
stability_focus,안정성 강화,ba_14605018,굽네피자 대구신매점,굽네치킨,피자,대구광역시,수성구,54.5707,C
stability_focus,안정성 강화,ba_13228677,본죽 청주봉명점,본그룹,백반·죽·국수,충청북도,청주시,53.3286,C
stability_focus,안정성 강화,ba_13221638,본죽&비빔밥 이천마장점,본그룹,백반·죽·국수,경기도,이천시,53.3485,C
stability_focus,안정성 강화,ba_13222803,본죽 오금점,본그룹,백반·죽·국수,서울특별시,송파구,52.8950,C
stability_focus,안정성 강화,ba_13969554,굽네피자 포항양덕점,굽네치킨,피자,경상북도,포항시,54.3166,C
stability_focus,안정성 강화,ba_14556221,굽네치킨&피자 청주봉명점,굽네치킨,치킨,충청북도,청주시,43.3836,D
stability_focus,안정성 강화,ba_13223367,본죽 성수역점,본그룹,백반·죽·국수,서울특별시,성동구,53.0130,C
stability_focus,안정성 강화,ba_14778106,굽네치킨 구로디지털점,굽네치킨,치킨,서울특별시,구로구,53.0628,C
stability_focus,안정성 강화,ba_14544899,본죽&비빔밥 안양호계포도원점,본그룹,백반·죽·국수,경기도,안양시,54.1390,C
stability_focus,안정성 강화,ba_13974018,굽네피자 송파점,굽네치킨,피자,서울특별시,송파구,53.4233,C
stability_focus,안정성 강화,ba_14245849,본죽&비빔밥 광양중동점,본그룹,백반·죽·국수,전라남도,광양시,52.0201,C
stability_focus,안정성 강화,ba_14171262,굽네피자 칠암망경점,굽네치킨,피자,경상남도,진주시,54.2620,C
stability_focus,안정성 강화,ba_14464914,굽네피자 부산구서점,굽네치킨,피자,부산광역시,금정구,54.2128,C
stability_focus,안정성 강화,ba_13969933,굽네피자 신탄진점,굽네치킨,피자,대전광역시,대덕구,54.2122,C
stability_focus,안정성 강화,ba_13047702,굽네피자&치킨 광주상무점,굽네치킨,피자,광주광역시,서구,54.1911,C
stability_focus,안정성 강화,ba_14387630,굽네치킨 등촌2동점,굽네치킨,치킨,서울특별시,강서구,39.5674,D
stability_focus,안정성 강화,ba_12018905,굽네피자 거제연초점,굽네치킨,피자,경상남도,거제시,54.0588,C
stability_focus,안정성 강화,ba_14272179,굽네피자 마장점,굽네치킨,피자,경기도,이천시,53.1625,C
stability_focus,안정성 강화,ba_14296957,굽네피자 청주동남지구점,굽네치킨,피자,충청북도,청주시,54.0360,C
stability_focus,안정성 강화,ba_13233735,본죽 대구감삼드림시티점,본그룹,백반·죽·국수,대구광역시,달서구,52.7624,C
stability_focus,안정성 강화,ba_14809938,굽네치킨&피자 도곡스타점,굽네치킨,치킨,서울특별시,강남구,53.1643,C
stability_focus,안정성 강화,ba_12018493,굽네치킨&피자 부산덕천점,굽네치킨,피자,부산광역시,북구,53.9844,C
stability_focus,안정성 강화,ba_14690774,본죽&비빔밥 진주신안점,본그룹,백반·죽·국수,경상남도,진주시,45.0860,D
stability_focus,안정성 강화,ba_13969928,굽네피자 거제고현점,굽네치킨,피자,경상남도,거제시,53.9710,C
stability_focus,안정성 강화,ba_13163192,굽네치킨&피자 봉곡사림점,굽네치킨,피자,경상남도,창원시,53.8747,C
stability_focus,안정성 강화,ba_14688499,본죽 수원화서점,본그룹,백반·죽·국수,경기도,수원시,53.7582,C
stability_focus,안정성 강화,ba_13231195,본죽&비빔밥 수원광교역점,본그룹,백반·죽·국수,경기도,수원시,54.0033,C
stability_focus,안정성 강화,ba_13969807,굽네피자 경남사천점,굽네치킨,피자,경상남도,사천시,53.8383,C
stability_focus,안정성 강화,ba_14274576,굽네치킨&피자 갈현점,굽네치킨,치킨,서울특별시,은평구,52.9775,C
stability_focus,안정성 강화,ba_13232348,본죽&비빔밥 광주선운지구점,본그룹,백반·죽·국수,광주광역시,광산구,52.1206,C
stability_focus,안정성 강화,ba_14283482,본죽&비빔밥 목동역점,본그룹,백반·죽·국수,서울특별시,양천구,51.7076,C
stability_focus,안정성 강화,ba_12019541,굽네피자 양산석산점,굽네치킨,피자,경상남도,양산시,53.7715,C
stability_focus,안정성 강화,ba_14171093,굽네피자 양산물금점,굽네치킨,피자,경상남도,양산시,53.7283,C
stability_focus,안정성 강화,ba_14353161,굽네피자 구월점,굽네치킨,피자,인천광역시,남동구,53.6602,C
stability_focus,안정성 강화,ba_14352664,굽네피자 간석점,굽네치킨,피자,인천광역시,남동구,53.6603,C
stability_focus,안정성 강화,ba_14687307,본죽&비빔밥 봉천현대시장점,본그룹,백반·죽·국수,서울특별시,관악구,51.1317,C
stability_focus,안정성 강화,ba_14171081,굽네피자 김해진영점,굽네치킨,피자,경상남도,김해시,53.6412,C
stability_focus,안정성 강화,ba_14294476,굽네피자 하늘도시1호점,굽네치킨,피자,인천광역시,중구,53.6385,C
stability_focus,안정성 강화,ba_14637964,굽네피자 영덕영해점,굽네치킨,피자,경상북도,영덕군,53.6337,C
stability_focus,안정성 강화,ba_13097221,굽네치킨&피자 하늘도시1호점,굽네치킨,피자,인천광역시,중구,53.6307,C
stability_focus,안정성 강화,ba_14165975,굽네피자 송도신도시점,굽네치킨,피자,인천광역시,연수구,53.6081,C
stability_focus,안정성 강화,ba_14691072,본죽&비빔밥 대구신서혁신지구점,본그룹,백반·죽·국수,대구광역시,동구,52.9162,C
stability_focus,안정성 강화,ba_14691206,굽네피자 강화선원점,굽네치킨,피자,인천광역시,강화군,53.5687,C
stability_focus,안정성 강화,ba_14600398,굽네피자 여좌중앙점,굽네치킨,피자,경상남도,창원시,53.5524,C
stability_focus,안정성 강화,ba_10501929,굽네치킨 포항양덕점,굽네치킨,치킨,경상북도,포항시,42.7491,D
stability_focus,안정성 강화,ba_14669108,굽네피자 의정부용현점,굽네치킨,피자,경기도,의정부시,52.1957,C
stability_focus,안정성 강화,ba_13084303,굽네치킨&피자 양산물금점,굽네치킨,피자,경상남도,양산시,53.4203,C
stability_focus,안정성 강화,ba_14766646,본죽&비빔밥 대전한남대점,본그룹,백반·죽·국수,대전광역시,동구,52.2605,C
stability_focus,안정성 강화,ba_14692346,본죽&비빔밥 보령동대점,본그룹,백반·죽·국수,충청남도,보령시,45.4299,D
stability_focus,안정성 강화,ba_14673508,본죽&비빔밥 고덕래미안점,본그룹,백반·죽·국수,서울특별시,강동구,52.1691,C
stability_focus,안정성 강화,ba_14688233,본죽&비빔밥 수원오목천점,본그룹,백반·죽·국수,경기도,수원시,48.9547,D
stability_focus,안정성 강화,ba_13219045,본죽 구리인창아름마을점,본그룹,백반·죽·국수,경기도,구리시,53.4584,C
stability_focus,안정성 강화,ba_14692146,본죽&비빔밥 부산재송점,본그룹,백반·죽·국수,부산광역시,해운대구,47.9614,D
stability_focus,안정성 강화,ba_12020571,굽네피자 수색증산점,굽네치킨,피자,서울특별시,은평구,52.3852,C
stability_focus,안정성 강화,ba_14694671,본죽&비빔밥 범계로데오점,본그룹,백반·죽·국수,경기도,안양시,51.4972,C
stability_focus,안정성 강화,ba_13229975,본죽 구성언남점,본그룹,백반·죽·국수,경기도,용인시,52.7868,C
stability_focus,안정성 강화,ba_13111670,굽네치킨&피자 주안3호점,굽네치킨,피자,인천광역시,미추홀구,53.0388,C
stability_focus,안정성 강화,ba_14189792,굽네피자 부산우동점,굽네치킨,피자,부산광역시,해운대구,52.7915,C
stability_focus,안정성 강화,ba_14675307,굽네치킨 운남점,굽네치킨,치킨,인천광역시,중구,45.8332,D
stability_focus,안정성 강화,ba_14440526,굽네치킨 서산동문점,굽네치킨,치킨,충청남도,서산시,51.1465,C
stability_focus,안정성 강화,ba_14744706,본죽&비빔밥 세종시청점,본그룹,백반·죽·국수,세종특별자치시,한누리대로,49.2952,D
stability_focus,안정성 강화,ba_10019807,굽네치킨 부산덕천점,굽네치킨,치킨,부산광역시,북구,41.6909,D
stability_focus,안정성 강화,ba_14650120,굽네치킨&피자 벌교읍점,굽네치킨,치킨,전라남도,보성군,52.9218,C
stability_focus,안정성 강화,ba_14698239,본죽&비빔밥 의왕고천점,본그룹,백반·죽·국수,경기도,의왕시,53.1600,C
stability_focus,안정성 강화,ba_14250329,굽네피자 인창점,굽네치킨,피자,경기도,구리시,52.9482,C
stability_focus,안정성 강화,ba_14390509,굽네치킨 원주혁신점,굽네치킨,치킨,강원특별자치도,원주시,52.8010,C
stability_focus,안정성 강화,ba_14692460,본죽 안양샘병원점,본그룹,백반·죽·국수,경기도,안양시,51.6502,C
stability_focus,안정성 강화,ba_14597164,굽네치킨&피자 역삼2동점,굽네치킨,치킨,서울특별시,강남구,40.4480,D
stability_focus,안정성 강화,ba_14689999,본죽&비빔밥 인천승기사거리점,본그룹,백반·죽·국수,인천광역시,미추홀구,51.6339,C
stability_focus,안정성 강화,ba_13232134,본죽&비빔밥 광주운남점,본그룹,백반·죽·국수,광주광역시,광산구,52.4738,C
stability_focus,안정성 강화,ba_14687304,본죽&비빔밥 관악우체국점,본그룹,백반·죽·국수,서울특별시,관악구,52.2567,C
stability_focus,안정성 강화,ba_13223885,본죽&비빔밥 관악우체국점,본그룹,백반·죽·국수,서울특별시,관악구,52.2567,C
stability_focus,안정성 강화,ba_14701137,본죽&비빔밥 남양주호평점,본그룹,백반·죽·국수,경기도,남양주시,44.6647,D
stability_focus,안정성 강화,ba_14689591,본죽&비빔밥 평택서정리역점,본그룹,백반·죽·국수,경기도,평택시,51.9674,C
stability_focus,안정성 강화,ba_13233027,본죽&비빔밥 고척근린공원점,본그룹,백반·죽·국수,서울특별시,구로구,52.1898,C
stability_focus,안정성 강화,ba_14687334,본죽&비빔밥 고척근린공원점,본그룹,백반·죽·국수,서울특별시,구로구,52.1898,C
stability_focus,안정성 강화,ba_14792754,굽네치킨 보라점,굽네치킨,치킨,경기도,용인시,52.4918,C
stability_focus,안정성 강화,ba_14687136,본죽 서울백병원점,본그룹,백반·죽·국수,서울특별시,중구,49.3376,D
stability_focus,안정성 강화,ba_14271330,굽네치킨 일광신도시점,굽네치킨,치킨,부산광역시,기장군,41.3468,D
stability_focus,안정성 강화,ba_14689802,본죽&비빔밥 한성대입구점,본그룹,백반·죽·국수,서울특별시,성북구,52.0405,C
stability_focus,안정성 강화,ba_13235508,본죽&비빔밥 의정부녹양점,본그룹,백반·죽·국수,경기도,의정부시,52.6313,C
stability_focus,안정성 강화,ba_13236745,본죽&비빔밥 김해장유코아점,본그룹,백반·죽·국수,경상남도,김해시,51.3723,C
stability_focus,안정성 강화,ba_13189796,본죽&비빔밥 아산탕정점,본그룹,백반·죽·국수,충청남도,아산시,51.1059,C
stability_focus,안정성 강화,ba_14692164,본죽 세종고운점,본그룹,백반·죽·국수,세종특별자치시,마음로,51.4394,C
stability_focus,안정성 강화,ba_14810163,굽네피자 서현역점,굽네치킨,피자,경기도,성남시,51.9854,C
stability_focus,안정성 강화,ba_14560963,굽네피자 다산가운지금점,굽네치킨,피자,경기도,남양주시,51.9190,C
stability_focus,안정성 강화,ba_13580972,굽네치킨&피자 신수점,굽네치킨,치킨,서울특별시,마포구,44.9017,D
stability_focus,안정성 강화,ba_14599961,굽네치킨 파주헤이리점,굽네치킨,치킨,경기도,파주시,44.7193,D
stability_focus,안정성 강화,ba_10665884,굽네치킨 부산청학점,굽네치킨,치킨,부산광역시,영도구,51.8144,C
stability_focus,안정성 강화,ba_14766647,본죽&비빔밥 대전한남대점,본그룹,백반·죽·국수,대전광역시,동구,47.5358,D
stability_focus,안정성 강화,ba_14495787,굽네치킨 김해율하점,굽네치킨,치킨,경상남도,김해시,51.7402,C
stability_focus,안정성 강화,ba_14692042,굽네치킨 강화선원점,굽네치킨,치킨,인천광역시,강화군,51.6462,C
stability_focus,안정성 강화,ba_14689837,본죽&비빔밥 동탄역점,본그룹,백반·죽·국수,경기도,화성시,49.9252,D
stability_focus,안정성 강화,ba_13233742,본죽&비빔밥 내당삼익뉴타운점,본그룹,백반·죽·국수,대구광역시,서구,50.9208,C
stability_focus,안정성 강화,ba_14855560,굽네치킨 양산서창점,굽네치킨,치킨,경상남도,양산시,51.5560,C
stability_focus,안정성 강화,ba_14488212,굽네피자 풍동점,굽네치킨,피자,경기도,고양시,51.2686,C
stability_focus,안정성 강화,ba_14743731,본죽&비빔밥 인천오류왕길점,본그룹,백반·죽·국수,인천광역시,서구,51.3329,C
stability_focus,안정성 강화,ba_13230903,본죽 시흥시화병원점,본그룹,백반·죽·국수,경기도,시흥시,50.8070,C
stability_focus,안정성 강화,ba_14185617,굽네피자 영주휴천점,굽네치킨,피자,경상북도,영주시,50.8010,C
stability_focus,안정성 강화,ba_10571616,굽네치킨 답십리1동점,굽네치킨,치킨,서울특별시,동대문구,35.4918,D
stability_focus,안정성 강화,ba_14253619,본죽&비빔밥 문래힐스테이트점,본그룹,백반·죽·국수,서울특별시,영등포구,49.7111,D
stability_focus,안정성 강화,ba_14171092,굽네피자 광주용봉점,굽네치킨,피자,광주광역시,북구,51.0493,C
stability_focus,안정성 강화,ba_13972819,굽네피자 영통2동점,굽네치킨,피자,경기도,수원시,51.2555,C
stability_focus,안정성 강화,ba_14687859,본죽&비빔밥 제기동역점,본그룹,백반·죽·국수,서울특별시,동대문구,50.5285,C
stability_focus,안정성 강화,ba_13970104,굽네피자 대구혁신점,굽네치킨,피자,대구광역시,동구,50.5474,C
stability_focus,안정성 강화,ba_13972425,굽네피자 광주문흥점,굽네치킨,피자,광주광역시,북구,50.7243,C
stability_focus,안정성 강화,ba_14270407,본죽&비빔밥 벡스코역점,본그룹,백반·죽·국수,부산광역시,해운대구,49.9835,D
stability_focus,안정성 강화,ba_13870012,본죽&비빔밥 시흥장곡점,본그룹,백반·죽·국수,경기도,시흥시,49.5520,D
stability_focus,안정성 강화,ba_13226567,본죽 신정점,본그룹,백반·죽·국수,서울특별시,양천구,50.1956,C
stability_focus,안정성 강화,ba_13313909,굽네치킨 논현고잔1호점,굽네치킨,치킨,인천광역시,남동구,38.7822,D
stability_focus,안정성 강화,ba_13233767,본죽&비빔밥 세종정부청사점,본그룹,백반·죽·국수,세종특별자치시,절재로,50.1206,C
stability_focus,안정성 강화,ba_14794083,본죽&비빔밥 부산광안역점,본그룹,백반·죽·국수,부산광역시,수영구,50.2399,C
stability_focus,안정성 강화,ba_14687323,본죽&비빔밥 관악구청점,본그룹,백반·죽·국수,서울특별시,관악구,48.5618,D
stability_focus,안정성 강화,ba_14689859,본죽&비빔밥 춘천퇴계한숲점,본그룹,백반·죽·국수,강원특별자치도,춘천시,49.9765,D
stability_focus,안정성 강화,ba_13976690,굽네피자 신수점,굽네치킨,피자,서울특별시,마포구,50.7080,C
stability_focus,안정성 강화,ba_14593798,굽네치킨&피자 광주오포점,굽네치킨,치킨,경기도,광주시,42.2662,D
stability_focus,안정성 강화,ba_14473511,본죽&비빔밥카페 김해가야대역점,본그룹,백반·죽·국수,경상남도,김해시,49.7268,D
stability_focus,안정성 강화,ba_13219734,본죽 구리토평점,본그룹,백반·죽·국수,경기도,구리시,49.0899,D
stability_focus,안정성 강화,ba_14189742,굽네피자 논현고잔1호점,굽네치킨,피자,인천광역시,남동구,50.0571,C
stability_focus,안정성 강화,ba_14791437,굽네치킨&피자 신수점,굽네치킨,치킨,서울특별시,마포구,49.1596,D
stability_focus,안정성 강화,ba_13076527,굽네치킨 창2동점,굽네치킨,치킨,서울특별시,도봉구,34.5830,D
stability_focus,안정성 강화,ba_14810162,굽네치킨&피자 서현역점,굽네치킨,치킨,경기도,성남시,49.9429,D
stability_focus,안정성 강화,ba_13233484,본죽&비빔밥 진주하대점,본그룹,백반·죽·국수,경상남도,진주시,48.6336,D
stability_focus,안정성 강화,ba_14733665,굽네치킨 수원조원점,굽네치킨,치킨,경기도,수원시,48.2862,D
stability_focus,안정성 강화,ba_14688789,본죽&비빔밥 성남고등점,본그룹,백반·죽·국수,경기도,성남시,49.5173,D
stability_focus,안정성 강화,ba_14688609,본죽 죽전벽산타운점,본그룹,백반·죽·국수,경기도,용인시,49.5310,D
stability_focus,안정성 강화,ba_10040590,굽네치킨 삼숭고읍점,굽네치킨,치킨,경기도,양주시,37.6925,D
stability_focus,안정성 강화,ba_10636815,굽네치킨 완도점,굽네치킨,치킨,전라남도,완도군,49.5733,D
stability_focus,안정성 강화,ba_14808489,굽네치킨 전주서학점,굽네치킨,치킨,전북특별자치도,전주시,49.5658,D
stability_focus,안정성 강화,ba_14413122,굽네치킨&피자 만성점,굽네치킨,치킨,전북특별자치도,전주시,49.5359,D
stability_focus,안정성 강화,ba_14714070,본죽&비빔밥 의정부발곡점,본그룹,백반·죽·국수,경기도,의정부시,49.4736,D
stability_focus,안정성 강화,ba_13233724,본죽&비빔밥 대구동성로중앙점,본그룹,백반·죽·국수,대구광역시,중구,49.1355,D
stability_focus,안정성 강화,ba_14615149,굽네치킨&피자 강대효자점,굽네치킨,치킨,강원특별자치도,춘천시,47.1818,D
stability_focus,안정성 강화,ba_14727755,굽네치킨&피자 덕진금암점,굽네치킨,치킨,전북특별자치도,전주시,49.3796,D
stability_focus,안정성 강화,ba_13189894,본죽&비빔밥 양산부산대병원정문앞택지점,본그룹,백반·죽·국수,경상남도,양산시,46.8823,D
stability_focus,안정성 강화,ba_14525359,본죽&비빔밥 용인모현점,본그룹,백반·죽·국수,경기도,용인시,49.4667,D
stability_focus,안정성 강화,ba_14689013,본죽&비빔밥 김포사우점,본그룹,백반·죽·국수,경기도,김포시,45.9193,D
stability_focus,안정성 강화,ba_14809478,굽네치킨 권선1동점,굽네치킨,치킨,경기도,수원시,49.1685,D
stability_focus,안정성 강화,ba_14758007,굽네치킨 송도신도시점,굽네치킨,치킨,인천광역시,연수구,49.1208,D
stability_focus,안정성 강화,ba_14827938,굽네치킨&피자 거북섬점,굽네치킨,치킨,경기도,시흥시,49.0752,D
stability_focus,안정성 강화,ba_10685624,굽네치킨 광주문흥점,굽네치킨,치킨,광주광역시,북구,48.8851,D
stability_focus,안정성 강화,ba_13231218,본죽 시흥하상동점,본그룹,백반·죽·국수,경기도,시흥시,49.4113,D
stability_focus,안정성 강화,ba_14687388,본죽&비빔밥 중곡사거리점,본그룹,백반·죽·국수,서울특별시,광진구,45.0733,D
stability_focus,안정성 강화,ba_14691803,본죽 부산학장점,본그룹,백반·죽·국수,부산광역시,사상구,48.8606,D
stability_focus,안정성 강화,ba_14690724,본죽&비빔밥 경남사천점,본그룹,백반·죽·국수,경상남도,사천시,49.1024,D
stability_focus,안정성 강화,ba_13233466,본죽&비빔밥 대구대곡역점,본그룹,백반·죽·국수,대구광역시,달성군,48.8442,D
stability_focus,안정성 강화,ba_14251745,굽네피자 태전점,굽네치킨,피자,대구광역시,북구,48.8059,D
stability_focus,안정성 강화,ba_14688541,본죽 시흥하상동점,본그룹,백반·죽·국수,경기도,시흥시,49.3101,D
stability_focus,안정성 강화,ba_14688854,본죽 평택팽성점,본그룹,백반·죽·국수,경기도,평택시,47.7551,D
stability_focus,안정성 강화,ba_14809544,굽네치킨 송도4동점,굽네치킨,치킨,인천광역시,연수구,48.7438,D
stability_focus,안정성 강화,ba_14692289,본죽&비빔밥 당진점,본그룹,백반·죽·국수,충청남도,당진시,49.2609,D
stability_focus,안정성 강화,ba_14692339,본죽&비빔밥 청주분평점,본그룹,백반·죽·국수,충청북도,청주시,48.5173,D
stability_focus,안정성 강화,ba_14695958,본죽 삼양사거리점,본그룹,백반·죽·국수,서울특별시,강북구,43.2921,D
stability_focus,안정성 강화,ba_14769185,굽네치킨&피자 김천신음점,굽네치킨,치킨,경상북도,김천시,39.2165,D
stability_focus,안정성 강화,ba_14716332,굽네치킨&피자 태평3동점,굽네치킨,치킨,경기도,성남시,42.3085,D
stability_focus,안정성 강화,ba_14689894,본죽&비빔밥 인천간석남부역점,본그룹,백반·죽·국수,인천광역시,남동구,45.7408,D
stability_focus,안정성 강화,ba_14691884,본죽&비빔밥 구서쌍용예가점,본그룹,백반·죽·국수,부산광역시,금정구,46.6294,D
stability_focus,안정성 강화,ba_14692256,본죽&비빔밥 천안성거점,본그룹,백반·죽·국수,충청남도,천안시,49.1344,D
stability_focus,안정성 강화,ba_14691910,본죽&비빔밥 울산청량점,본그룹,백반·죽·국수,울산광역시,울주군,49.0718,D
stability_focus,안정성 강화,ba_14803437,굽네치킨 명곡대원점,굽네치킨,치킨,경상남도,창원시,48.5222,D
stability_focus,안정성 강화,ba_14692282,본죽&비빔밥 당진수청점,본그룹,백반·죽·국수,충청남도,당진시,49.0170,D
stability_focus,안정성 강화,ba_14690056,본죽&비빔밥cafe 용인동백역점,본그룹,백반·죽·국수,경기도,용인시,47.1887,D
stability_focus,안정성 강화,ba_14435750,본죽&비빔밥 광주연제점,본그룹,백반·죽·국수,광주광역시,북구,48.8894,D
stability_focus,안정성 강화,ba_13506840,굽네치킨 & 피자 약수역점,굽네치킨,치킨,서울특별시,중구,47.6351,D
stability_focus,안정성 강화,ba_14522619,본죽&비빔밥 수원권선롯데마트점,본그룹,백반·죽·국수,경기도,수원시,48.9651,D
stability_focus,안정성 강화,ba_13226580,본죽 등촌역점,본그룹,백반·죽·국수,서울특별시,양천구,46.8560,D
stability_focus,안정성 강화,ba_13234187,본죽 경산계양점,본그룹,백반·죽·국수,경상북도,경산시,48.1379,D
stability_focus,안정성 강화,ba_14400023,본죽&비빔밥 시흥장곡점,본그룹,백반·죽·국수,경기도,시흥시,48.8799,D
stability_focus,안정성 강화,ba_14189864,굽네피자 & 피자 약수역점,굽네치킨,피자,서울특별시,중구,47.4939,D
stability_focus,안정성 강화,ba_14797330,굽네치킨&피자 초전점,굽네치킨,치킨,경상남도,진주시,48.3223,D
stability_focus,안정성 강화,ba_14173661,굽네피자 신월사파점,굽네치킨,피자,경상남도,창원시,47.9788,D
stability_focus,안정성 강화,ba_14689425,본죽&비빔밥 의정부시청점,본그룹,백반·죽·국수,경기도,의정부시,48.7805,D
stability_focus,안정성 강화,ba_14809961,굽네치킨 창원소답점,굽네치킨,치킨,경상남도,창원시,48.2370,D
stability_focus,안정성 강화,ba_14773134,본죽&비빔밥 용인보라점,본그룹,백반·죽·국수,경기도,용인시,48.2171,D
stability_focus,안정성 강화,ba_14190360,굽네피자 일산식사점,굽네치킨,피자,경기도,고양시,48.1590,D
stability_focus,안정성 강화,ba_14776515,굽네치킨 대소점,굽네치킨,치킨,충청북도,음성군,39.1635,D
stability_focus,안정성 강화,ba_14691324,본죽 포항지곡점,본그룹,백반·죽·국수,경상북도,포항시,48.5555,D
stability_focus,안정성 강화,ba_14624480,굽네피자 고산지구점,굽네치킨,피자,경기도,의정부시,48.0226,D
stability_focus,안정성 강화,ba_14525750,굽네피자 지산신장점,굽네치킨,피자,경기도,평택시,48.0243,D
stability_focus,안정성 강화,ba_13973779,굽네피자 용인서천점,굽네치킨,피자,경기도,용인시,48.0095,D
stability_focus,안정성 강화,ba_13233433,본죽 대명안지랑점,본그룹,백반·죽·국수,대구광역시,남구,47.5193,D
stability_focus,안정성 강화,ba_14629814,굽네피자 용인모현점,굽네치킨,피자,경기도,용인시,47.9674,D
stability_focus,안정성 강화,ba_14689508,본죽&비빔밥 파주문산점,본그룹,백반·죽·국수,경기도,파주시,48.4978,D
stability_focus,안정성 강화,ba_14695008,본죽&비빔밥 부산연산점,본그룹,백반·죽·국수,부산광역시,연제구,44.4521,D
stability_focus,안정성 강화,ba_13247000,본죽 용인광교역점,본그룹,백반·죽·국수,경기도,용인시,48.4173,D
stability_focus,안정성 강화,ba_14788679,본죽&비빔밥 안산선부점,본그룹,백반·죽·국수,경기도,안산시,46.4943,D
stability_focus,안정성 강화,ba_14696545,굽네피자 구리갈매점,굽네치킨,피자,경기도,구리시,47.9397,D
stability_focus,안정성 강화,ba_13973937,굽네피자 동탄1동점,굽네치킨,피자,경기도,화성시,47.9127,D
stability_focus,안정성 강화,ba_14756868,본죽&비빔밥 평택시청점,본그룹,백반·죽·국수,경기도,평택시,48.4315,D
stability_focus,안정성 강화,ba_14691863,본죽&비빔밥 부산명지cgv점,본그룹,백반·죽·국수,부산광역시,강서구,48.3834,D
stability_focus,안정성 강화,ba_14691316,본죽 포항오천점,본그룹,백반·죽·국수,경상북도,포항시,48.3712,D
stability_focus,안정성 강화,ba_14797999,굽네치킨&피자 대흥역점,굽네치킨,치킨,서울특별시,마포구,46.5900,D
stability_focus,안정성 강화,ba_14842562,굽네치킨&피자 영등포구청역점,굽네치킨,치킨,서울특별시,영등포구,46.8929,D
stability_focus,안정성 강화,ba_14637963,굽네치킨 영덕영해점,굽네치킨,치킨,경상북도,영덕군,45.4814,D
stability_focus,안정성 강화,ba_14327485,굽네치킨&피자 장곡장현점,굽네치킨,치킨,경기도,시흥시,45.8640,D
stability_focus,안정성 강화,ba_14252162,굽네피자 사당2동점,굽네치킨,피자,서울특별시,동작구,46.8711,D
stability_focus,안정성 강화,ba_12030167,굽네치킨&피자 후평점,굽네치킨,피자,강원특별자치도,춘천시,47.7158,D
stability_focus,안정성 강화,ba_14691981,본죽&비빔밥 부산개금점,본그룹,백반·죽·국수,부산광역시,부산진구,48.1924,D
stability_focus,안정성 강화,ba_14320813,굽네피자 옥곡백천점,굽네치킨,피자,경상북도,경산시,47.6496,D
stability_focus,안정성 강화,ba_14731363,본죽&비빔밥 충북대병원앞점,본그룹,백반·죽·국수,충청북도,청주시,48.0036,D
stability_focus,안정성 강화,ba_13628326,본죽&비빔밥 부산개금점,본그룹,백반·죽·국수,부산광역시,부산진구,48.1748,D
stability_focus,안정성 강화,ba_14629153,굽네치킨&피자 합천점,굽네치킨,치킨,경상남도,합천군,46.5811,D
stability_focus,안정성 강화,ba_13973414,굽네피자 후평점,굽네치킨,피자,강원특별자치도,춘천시,47.6347,D
stability_focus,안정성 강화,ba_14691338,본죽 포항흥해점,본그룹,백반·죽·국수,경상북도,포항시,48.1406,D
stability_focus,안정성 강화,ba_14569929,굽네치킨 응암1호점,굽네치킨,치킨,서울특별시,은평구,46.6982,D
stability_focus,안정성 강화,ba_14690597,본죽&비빔밥 포항상원점,본그룹,백반·죽·국수,경상북도,포항시,48.0617,D
stability_focus,안정성 강화,ba_13181486,본죽&비빔밥 천안두정점,본그룹,백반·죽·국수,충청남도,천안시,40.8134,D
stability_focus,안정성 강화,ba_14796264,굽네치킨 종암스타점,굽네치킨,치킨,서울특별시,성북구,46.6538,D
stability_focus,안정성 강화,ba_14686990,본죽 문정로데오점,본그룹,백반·죽·국수,서울특별시,송파구,45.6134,D
stability_focus,안정성 강화,ba_12016615,굽네피자 울산삼산점,굽네치킨,피자,울산광역시,남구,46.6527,D
stability_focus,안정성 강화,ba_14787229,본죽&비빔밥 수원호매실화홍병원점,본그룹,백반·죽·국수,경기도,수원시,45.8491,D
stability_focus,안정성 강화,ba_14189925,굽네피자 불광점,굽네치킨,피자,서울특별시,은평구,46.5844,D
stability_focus,안정성 강화,ba_14542191,굽네피자 응암1호점,굽네치킨,피자,서울특별시,은평구,46.5579,D
stability_focus,안정성 강화,ba_10418755,굽네치킨&피자 곤지암점,굽네치킨,치킨,경기도,광주시,47.3449,D
stability_focus,안정성 강화,ba_14189471,굽네피자 등촌3동점,굽네치킨,피자,서울특별시,강서구,46.4876,D
stability_focus,안정성 강화,ba_13712881,굽네치킨 등촌3동점,굽네치킨,치킨,서울특별시,강서구,46.4857,D
stability_focus,안정성 강화,ba_14271331,굽네피자 일광신도시점,굽네치킨,피자,부산광역시,기장군,46.6641,D
stability_focus,안정성 강화,ba_14662462,굽네치킨 광탄점,굽네치킨,치킨,경기도,파주시,41.9318,D
stability_focus,안정성 강화,ba_14691860,본죽&비빔밥 부산동삼점,본그룹,백반·죽·국수,부산광역시,영도구,46.3094,D
stability_focus,안정성 강화,ba_14103678,굽네치킨&피자 불광점,굽네치킨,치킨,서울특별시,은평구,46.4610,D
stability_focus,안정성 강화,ba_14392323,굽네피자 삼산1동점,굽네치킨,피자,인천광역시,부평구,47.2709,D
stability_focus,안정성 강화,ba_13448308,굽네치킨 역촌점,굽네치킨,치킨,서울특별시,은평구,46.4131,D
stability_focus,안정성 강화,ba_14840445,굽네치킨&피자 등촌3동점,굽네치킨,치킨,서울특별시,강서구,46.4076,D
stability_focus,안정성 강화,ba_14251345,굽네피자 강화점,굽네치킨,피자,인천광역시,강화군,47.2345,D
stability_focus,안정성 강화,ba_14800652,본죽&비빔밥 내방역점,본그룹,백반·죽·국수,서울특별시,서초구,46.8620,D
stability_focus,안정성 강화,ba_14691400,본죽&비빔밥 경산하양점,본그룹,백반·죽·국수,경상북도,경산시,46.7198,D
stability_focus,안정성 강화,ba_14733416,굽네치킨&피자 먹골역점,굽네치킨,치킨,서울특별시,중랑구,46.3485,D
stability_focus,안정성 강화,ba_14252159,굽네치킨 사당2동점,굽네치킨,치킨,서울특별시,동작구,46.3328,D
stability_focus,안정성 강화,ba_14690580,본죽&비빔밥 포항문덕원동점,본그룹,백반·죽·국수,경상북도,포항시,47.6392,D
stability_focus,안정성 강화,ba_13326281,본죽 만리점,본그룹,백반·죽·국수,서울특별시,중구,45.9327,D
stability_focus,안정성 강화,ba_10024499,굽네치킨 보령동대점,굽네치킨,치킨,충청남도,보령시,47.0957,D
stability_focus,안정성 강화,ba_14624481,굽네치킨&피자 고산지구점,굽네치킨,치킨,경기도,의정부시,47.0467,D
stability_focus,안정성 강화,ba_13851878,굽네치킨 용인서천점,굽네치킨,치킨,경기도,용인시,47.0441,D
stability_focus,안정성 강화,ba_14400681,굽네피자 영암삼호점,굽네치킨,피자,전라남도,영암군,46.7962,D
stability_focus,안정성 강화,ba_10416959,굽네치킨 은행동점,굽네치킨,치킨,경기도,성남시,47.0399,D
stability_focus,안정성 강화,ba_14624475,굽네치킨 고산지구점,굽네치킨,치킨,경기도,의정부시,47.0402,D
stability_focus,안정성 강화,ba_14642115,굽네치킨 공도2호점,굽네치킨,치킨,경기도,안성시,47.0141,D
stability_focus,안정성 강화,ba_14696546,굽네치킨&피자 구리갈매점,굽네치킨,치킨,경기도,구리시,47.0082,D
stability_focus,안정성 강화,ba_14695236,본죽&비빔밥 제주법원점,본그룹,백반·죽·국수,제주특별자치도,제주시,47.5248,D
stability_focus,안정성 강화,ba_14746091,굽네치킨&피자 별내청학점,굽네치킨,치킨,경기도,남양주시,47.0050,D
stability_focus,안정성 강화,ba_13950340,굽네치킨 동탄1동점,굽네치킨,치킨,경기도,화성시,47.0070,D
stability_focus,안정성 강화,ba_14857305,굽네치킨&피자 송탄지산점,굽네치킨,치킨,경기도,평택시,46.9996,D
stability_focus,안정성 강화,ba_14854750,굽네치킨 울산신정3호점,굽네치킨,치킨,울산광역시,남구,46.9983,D
stability_focus,안정성 강화,ba_14696544,굽네치킨 구리갈매점,굽네치킨,치킨,경기도,구리시,46.9956,D
stability_focus,안정성 강화,ba_14691387,본죽&비빔밥 경주동국대병원점,본그룹,백반·죽·국수,경상북도,경주시,47.5051,D
stability_focus,안정성 강화,ba_14692319,본죽&비빔밥 제주강정점,본그룹,백반·죽·국수,제주특별자치도,서귀포시,47.5014,D
stability_focus,안정성 강화,ba_14853495,굽네치킨&피자 구리갈매점,굽네치킨,치킨,경기도,구리시,46.9703,D
stability_focus,안정성 강화,ba_14690576,본죽&비빔밥 포항세명병원점,본그룹,백반·죽·국수,경상북도,포항시,47.4886,D
stability_focus,안정성 강화,ba_14681358,굽네치킨 시흥능곡점,굽네치킨,치킨,경기도,시흥시,46.9640,D
stability_focus,안정성 강화,ba_10840065,굽네치킨 천안백석점,굽네치킨,치킨,충청남도,천안시,46.9546,D
stability_focus,안정성 강화,ba_14805037,굽네치킨&피자 광주퇴촌점,굽네치킨,치킨,경기도,광주시,46.9334,D
stability_focus,안정성 강화,ba_14352930,굽네치킨 녹양점,굽네치킨,치킨,경기도,의정부시,46.9319,D
stability_focus,안정성 강화,ba_14525748,굽네치킨 지산신장점,굽네치킨,치킨,경기도,평택시,46.9338,D
stability_focus,안정성 강화,ba_14662584,굽네치킨&피자 광주퇴촌점,굽네치킨,치킨,경기도,광주시,46.9273,D
stability_focus,안정성 강화,ba_14856977,굽네치킨&피자 용산점,굽네치킨,치킨,대구광역시,달서구,46.9253,D
stability_focus,안정성 강화,ba_13311793,굽네치킨 연신내점,굽네치킨,치킨,서울특별시,은평구,38.2686,D
stability_focus,안정성 강화,ba_14690658,본죽&비빔밥 포항이인지구점,본그룹,백반·죽·국수,경상북도,포항시,47.4088,D
stability_focus,안정성 강화,ba_14810724,굽네치킨&피자 동대구해모로점,굽네치킨,치킨,대구광역시,동구,46.8738,D
stability_focus,안정성 강화,ba_14481987,굽네치킨 마산점,굽네치킨,치킨,경기도,김포시,46.8575,D
stability_focus,안정성 강화,ba_10767741,굽네치킨 후평점,굽네치킨,치킨,강원특별자치도,춘천시,46.8419,D
stability_focus,안정성 강화,ba_12029686,굽네치킨 나주혁신도시1호점,굽네치킨,치킨,전라남도,나주시,43.3694,D
stability_focus,안정성 강화,ba_14484108,굽네치킨 애막골후평점,굽네치킨,치킨,강원특별자치도,춘천시,46.8419,D
stability_focus,안정성 강화,ba_14796881,굽네치킨 안산부곡점,굽네치킨,치킨,경기도,안산시,46.8326,D
stability_focus,안정성 강화,ba_14768997,굽네치킨&피자 양벌점,굽네치킨,치킨,경기도,광주시,46.8318,D
stability_focus,안정성 강화,ba_14629813,굽네치킨 용인모현점,굽네치킨,치킨,경기도,용인시,46.8265,D
stability_focus,안정성 강화,ba_14692368,본죽&비빔밥 제주서귀포동홍점,본그룹,백반·죽·국수,제주특별자치도,서귀포시,47.2965,D
stability_focus,안정성 강화,ba_13003575,굽네치킨&피자 여수관문점,굽네치킨,피자,전라남도,여수시,46.7944,D
stability_focus,안정성 강화,ba_14759786,굽네치킨&피자 퇴계CGV점,굽네치킨,치킨,강원특별자치도,춘천시,46.7789,D
stability_focus,안정성 강화,ba_13228939,본죽 산성역점,본그룹,백반·죽·국수,경기도,성남시,46.6665,D
stability_focus,안정성 강화,ba_14692087,본죽&비빔밥 신제주점,본그룹,백반·죽·국수,제주특별자치도,제주시,47.2861,D
stability_focus,안정성 강화,ba_14849575,굽네치킨 엄궁점,굽네치킨,치킨,부산광역시,사상구,46.7378,D
stability_focus,안정성 강화,ba_13452835,굽네치킨 경남남해점,굽네치킨,치킨,경상남도,남해군,46.7389,D
stability_focus,안정성 강화,ba_13574800,굽네치킨 대구신매점,굽네치킨,치킨,대구광역시,수성구,43.9064,D
stability_focus,안정성 강화,ba_14691986,본죽&비빔밥 제주삼화점,본그룹,백반·죽·국수,제주특별자치도,제주시,47.2664,D
stability_focus,안정성 강화,ba_14597165,굽네피자 역삼2동점,굽네치킨,피자,서울특별시,강남구,45.3609,D
stability_focus,안정성 강화,ba_13348011,굽네치킨 하남신장점,굽네치킨,치킨,경기도,하남시,46.7226,D
stability_focus,안정성 강화,ba_10620671,굽네치킨 광주백운점,굽네치킨,치킨,광주광역시,남구,46.7154,D
stability_focus,안정성 강화,ba_14855934,굽네치킨 동대신점,굽네치킨,치킨,부산광역시,서구,46.6821,D
stability_focus,안정성 강화,ba_14711140,본죽&비빔밥 제주삼화점,본그룹,백반·죽·국수,제주특별자치도,제주시,47.2073,D
stability_focus,안정성 강화,ba_14711141,본죽&비빔밥 제주삼화점,본그룹,백반·죽·국수,제주특별자치도,제주시,47.2073,D
stability_focus,안정성 강화,ba_14687497,본죽 대림점,본그룹,백반·죽·국수,서울특별시,동작구,44.9419,D
stability_focus,안정성 강화,ba_14850510,굽네치킨 가야점,굽네치킨,치킨,부산광역시,부산진구,46.6475,D
stability_focus,안정성 강화,ba_14691990,본죽&비빔밥 제주아라점,본그룹,백반·죽·국수,제주특별자치도,제주시,47.1742,D
stability_focus,안정성 강화,ba_10499851,굽네치킨 대신점,굽네치킨,치킨,부산광역시,서구,46.5952,D
stability_focus,안정성 강화,ba_14545829,굽네치킨 임학점,굽네치킨,치킨,인천광역시,계양구,46.5489,D
stability_focus,안정성 강화,ba_12027186,굽네치킨&피자 청라1호점,굽네치킨,치킨,인천광역시,서구,46.5503,D
stability_focus,안정성 강화,ba_14294656,굽네치킨 청천2동점,굽네치킨,치킨,인천광역시,부평구,46.5309,D
stability_focus,안정성 강화,ba_13230824,본죽&비빔밥 가산테라타워점,본그룹,백반·죽·국수,서울특별시,금천구,45.3021,D
stability_focus,안정성 강화,ba_14619205,굽네치킨&피자 신현원창점,굽네치킨,치킨,인천광역시,서구,46.5023,D
stability_focus,안정성 강화,ba_13056957,굽네치킨 석남점,굽네치킨,치킨,인천광역시,서구,46.5020,D
stability_focus,안정성 강화,ba_14730328,본죽&비빔밥 동탄꼬모점,본그룹,백반·죽·국수,경기도,화성시,46.2564,D
stability_focus,안정성 강화,ba_14799661,본죽&비빔밥 의정부역점,본그룹,백반·죽·국수,경기도,의정부시,46.7205,D
stability_focus,안정성 강화,ba_14688702,본죽&비빔밥 부천춘의점,본그룹,백반·죽·국수,경기도,부천시,43.5194,D
stability_focus,안정성 강화,ba_13062668,굽네치킨 포항흥해점,굽네치킨,치킨,경상북도,포항시,36.1104,D
stability_focus,안정성 강화,ba_14690672,본죽&비빔밥 김해율하점,본그룹,백반·죽·국수,경상남도,김해시,45.9890,D
stability_focus,안정성 강화,ba_14689427,본죽&비빔밥 의정부금오점,본그룹,백반·죽·국수,경기도,의정부시,41.8689,D
stability_focus,안정성 강화,ba_14692796,본죽&비빔밥 아산모종점,본그룹,백반·죽·국수,충청남도,아산시,39.6807,D
stability_focus,안정성 강화,ba_14689906,본죽 인천간석사거리점,본그룹,백반·죽·국수,인천광역시,남동구,44.3739,D
stability_focus,안정성 강화,ba_13972771,굽네피자 광주상무점,굽네치킨,피자,광주광역시,서구,46.0891,D
stability_focus,안정성 강화,ba_14239270,굽네피자 대구이곡점,굽네치킨,피자,대구광역시,달서구,45.4905,D
stability_focus,안정성 강화,ba_14726738,본죽&비빔밥 해운대센텀역점,본그룹,백반·죽·국수,부산광역시,해운대구,46.0794,D
stability_focus,안정성 강화,ba_14456345,본죽&비빔밥 천안두정포레나점,본그룹,백반·죽·국수,충청남도,천안시,46.4691,D
stability_focus,안정성 강화,ba_13236481,본죽&비빔밥 포항시외버스터미널점,본그룹,백반·죽·국수,경상북도,포항시,42.4709,D
stability_focus,안정성 강화,ba_14691918,본죽&비빔밥 방학도깨비시장점,본그룹,백반·죽·국수,서울특별시,도봉구,43.7715,D
stability_focus,안정성 강화,ba_14649303,굽네치킨 계룡대실점,굽네치킨,치킨,충청남도,계룡시,44.0582,D
stability_focus,안정성 강화,ba_14691147,본죽&비빔밥 안동성소병원점,본그룹,백반·죽·국수,경상북도,안동시,45.3625,D
stability_focus,안정성 강화,ba_14691078,본죽&비빔밥 통영항남점,본그룹,백반·죽·국수,경상남도,통영시,45.5314,D
stability_focus,안정성 강화,ba_14392877,본죽&비빔밥 인천석바위점,본그룹,백반·죽·국수,인천광역시,미추홀구,45.4767,D
stability_focus,안정성 강화,ba_14593800,굽네피자 광주오포점,굽네치킨,피자,경기도,광주시,45.3564,D
stability_focus,안정성 강화,ba_14563145,굽네치킨 경주불국사점,굽네치킨,치킨,경상북도,경주시,33.5949,D
stability_focus,안정성 강화,ba_14692434,본죽&비빔밥 천안백석푸르지오점,본그룹,백반·죽·국수,충청남도,천안시,44.7779,D
stability_focus,안정성 강화,ba_14533127,본죽&비빔밥 위례창곡점,본그룹,백반·죽·국수,경기도,성남시,44.6435,D
stability_focus,안정성 강화,ba_14754395,굽네치킨 구이점,굽네치킨,치킨,전북특별자치도,완주군,44.4883,D
stability_focus,안정성 강화,ba_14506800,본죽&비빔밥 율전상률초점,본그룹,백반·죽·국수,경기도,수원시,45.0516,D
stability_focus,안정성 강화,ba_14652311,굽네치킨&피자 강남세곡점,굽네치킨,치킨,서울특별시,강남구,40.3334,D
stability_focus,안정성 강화,ba_14686856,본죽&비빔밥 부산만덕사거리점,본그룹,백반·죽·국수,부산광역시,북구,45.7772,D
stability_focus,안정성 강화,ba_14691904,본죽&비빔밥 울산우정점,본그룹,백반·죽·국수,울산광역시,중구,45.5028,D
stability_focus,안정성 강화,ba_14770149,본죽&비빔밥 동탄테크노밸리점,본그룹,백반·죽·국수,경기도,화성시,44.5145,D
stability_focus,안정성 강화,ba_13972155,굽네피자 금호점,굽네치킨,피자,광주광역시,서구,45.2161,D
stability_focus,안정성 강화,ba_13972595,굽네피자 나주혁신도시1호점,굽네치킨,피자,전라남도,나주시,44.8083,D
stability_focus,안정성 강화,ba_13230793,본죽&비빔밥 구로디지털역점,본그룹,백반·죽·국수,서울특별시,구로구,43.3104,D
stability_focus,안정성 강화,ba_14108842,굽네치킨 영암점,굽네치킨,치킨,전라남도,영암군,44.1579,D
stability_focus,안정성 강화,ba_14274836,굽네피자 운천점,굽네치킨,피자,경기도,포천시,45.2736,D
stability_focus,안정성 강화,ba_14690709,본죽&비빔밥 김해진영점,본그룹,백반·죽·국수,경상남도,김해시,43.9826,D
stability_focus,안정성 강화,ba_14690909,본죽&비빔밥 마산회원동점,본그룹,백반·죽·국수,경상남도,창원시,44.5738,D
stability_focus,안정성 강화,ba_13229960,본죽 창원소답점,본그룹,백반·죽·국수,경상남도,창원시,44.6158,D
stability_focus,안정성 강화,ba_14742704,본죽&비빔밥 청주개신점,본그룹,백반·죽·국수,충청북도,청주시,43.6018,D
stability_focus,안정성 강화,ba_14607412,굽네치킨&피자 거북섬점,굽네치킨,치킨,경기도,시흥시,42.7198,D
stability_focus,안정성 강화,ba_14581501,본죽&비빔밥 동탄한림대병원점,본그룹,백반·죽·국수,경기도,화성시,45.0748,D
stability_focus,안정성 강화,ba_13229184,본죽 대구산격점,본그룹,백반·죽·국수,대구광역시,북구,43.5931,D
stability_focus,안정성 강화,ba_13977023,굽네피자 삼숭고읍점,굽네치킨,피자,경기도,양주시,44.8157,D
stability_focus,안정성 강화,ba_13974075,굽네피자 인계점,굽네치킨,피자,경기도,수원시,45.0647,D
stability_focus,안정성 강화,ba_14688115,본죽 산본사거리점,본그룹,백반·죽·국수,경기도,군포시,44.9742,D
stability_focus,안정성 강화,ba_14688567,본죽&비빔밥 목동8단지점,본그룹,백반·죽·국수,서울특별시,양천구,42.7708,D
stability_focus,안정성 강화,ba_13230502,본죽 화성봉담점,본그룹,백반·죽·국수,경기도,화성시,44.9770,D
stability_focus,안정성 강화,ba_14397420,굽네치킨 진해장천점,굽네치킨,치킨,경상남도,창원시,42.5909,D
stability_focus,안정성 강화,ba_13224833,본죽 명학역점,본그룹,백반·죽·국수,경기도,안양시,44.1969,D
stability_focus,안정성 강화,ba_13233454,본죽 서산읍내동점,본그룹,백반·죽·국수,충청남도,서산시,43.6419,D
stability_focus,안정성 강화,ba_14799660,본죽&비빔밥 의정부역점,본그룹,백반·죽·국수,경기도,의정부시,44.7229,D
stability_focus,안정성 강화,ba_14690122,본죽&비빔밥 용인죽전사거리도담마을점,본그룹,백반·죽·국수,경기도,용인시,43.6859,D
stability_focus,안정성 강화,ba_14629919,굽네피자 양지동점,굽네치킨,피자,경기도,성남시,44.7789,D
stability_focus,안정성 강화,ba_13231050,본죽&비빔밥 안산고잔법원점,본그룹,백반·죽·국수,경기도,안산시,43.2282,D
stability_focus,안정성 강화,ba_14687347,본죽&비빔밥 둔촌보훈병원점,본그룹,백반·죽·국수,서울특별시,강동구,43.6881,D
stability_focus,안정성 강화,ba_13973349,굽네피자 온의퇴계점,굽네치킨,피자,강원특별자치도,춘천시,43.9369,D
stability_focus,안정성 강화,ba_13969584,굽네피자 대구대현점,굽네치킨,피자,대구광역시,북구,43.8441,D
stability_focus,안정성 강화,ba_14422337,본죽&비빔밥 고양덕은점,본그룹,백반·죽·국수,경기도,고양시,44.4239,D
stability_focus,안정성 강화,ba_13234523,본죽&비빔밥 동탄목동점,본그룹,백반·죽·국수,경기도,화성시,43.9601,D
stability_focus,안정성 강화,ba_14796355,본죽&비빔밥 남양주퇴계원점,본그룹,백반·죽·국수,경기도,남양주시,44.3438,D
stability_focus,안정성 강화,ba_14691997,본죽&비빔밥 부산사상점,본그룹,백반·죽·국수,부산광역시,사상구,42.0943,D
stability_focus,안정성 강화,ba_14691262,본죽&비빔밥 대구상인롯데점,본그룹,백반·죽·국수,대구광역시,달서구,44.2358,D
stability_focus,안정성 강화,ba_14399330,본죽&비빔밥 대구상인롯데점,본그룹,백반·죽·국수,대구광역시,달서구,44.2331,D
stability_focus,안정성 강화,ba_10583009,굽네치킨 광주용봉점,굽네치킨,치킨,광주광역시,북구,33.2253,D
stability_focus,안정성 강화,ba_14801139,굽네치킨&피자 율하스타점,굽네치킨,치킨,경상남도,김해시,43.2528,D
stability_focus,안정성 강화,ba_13228869,본죽&비빔밥 대전판암점,본그룹,백반·죽·국수,대전광역시,동구,42.8964,D
stability_focus,안정성 강화,ba_14687134,본죽 만리점,본그룹,백반·죽·국수,서울특별시,중구,38.5444,D
stability_focus,안정성 강화,ba_13260523,본죽＆비빔밥 평택포승점,본그룹,백반·죽·국수,경기도,평택시,42.2430,D
stability_focus,안정성 강화,ba_14249441,굽네피자 부산하단점,굽네치킨,피자,부산광역시,사하구,43.2178,D
stability_focus,안정성 강화,ba_14341228,굽네피자&치킨 고덕국제점,굽네치킨,피자,경기도,평택시,43.3579,D
stability_focus,안정성 강화,ba_14703003,본죽 경남거제옥포점,본그룹,백반·죽·국수,경상남도,거제시,43.8138,D
stability_focus,안정성 강화,ba_13223504,본죽&비빔밥 문정법조단지점,본그룹,백반·죽·국수,서울특별시,송파구,41.3051,D
stability_focus,안정성 강화,ba_14400680,굽네치킨 영암삼호점,굽네치킨,치킨,전라남도,영암군,37.4071,D
stability_focus,안정성 강화,ba_14691145,본죽&비빔밥 구미상모점,본그룹,백반·죽·국수,경상북도,구미시,41.1365,D
stability_focus,안정성 강화,ba_14812426,본죽&비빔밥 대전선화점,본그룹,백반·죽·국수,대전광역시,중구,43.5386,D
stability_focus,안정성 강화,ba_14812430,본죽&비빔밥 대전선화점,본그룹,백반·죽·국수,대전광역시,중구,43.5171,D
stability_focus,안정성 강화,ba_14783436,본죽&비빔밥 마산합포오동점,본그룹,백반·죽·국수,경상남도,창원시,41.8915,D
stability_focus,안정성 강화,ba_14762166,본죽&비빔밥 광주북구청점,본그룹,백반·죽·국수,광주광역시,북구,39.6195,D
stability_focus,안정성 강화,ba_13233594,본죽 대구진천역점,본그룹,백반·죽·국수,대구광역시,달서구,41.0160,D
stability_focus,안정성 강화,ba_10774794,굽네치킨&피자 회덕점,굽네치킨,치킨,경기도,광주시,41.7617,D
stability_focus,안정성 강화,ba_13228978,본죽&비빔밥 인천연희연세병원점,본그룹,백반·죽·국수,인천광역시,서구,42.7658,D
stability_focus,안정성 강화,ba_14702063,본죽&비빔밥 목동파라곤점,본그룹,백반·죽·국수,서울특별시,양천구,40.9355,D
stability_focus,안정성 강화,ba_14831112,본죽&비빔밥 상봉역점,본그룹,백반·죽·국수,서울특별시,중랑구,41.7577,D
stability_focus,안정성 강화,ba_14270903,굽네치킨&피자 원미점,굽네치킨,치킨,경기도,부천시,41.8827,D
stability_focus,안정성 강화,ba_14841573,본죽&비빔밥 왕십리점,본그룹,백반·죽·국수,서울특별시,성동구,41.6184,D
stability_focus,안정성 강화,ba_14688709,본죽&비빔밥 부천순천향병원앞점,본그룹,백반·죽·국수,경기도,부천시,40.8978,D
stability_focus,안정성 강화,ba_14831111,본죽&비빔밥 상봉역점,본그룹,백반·죽·국수,서울특별시,중랑구,41.5472,D
stability_focus,안정성 강화,ba_14841574,본죽&비빔밥 왕십리점,본그룹,백반·죽·국수,서울특별시,성동구,41.5261,D
stability_focus,안정성 강화,ba_13251048,본죽&비빔밥 울산송정점,본그룹,백반·죽·국수,울산광역시,북구,41.8571,D
stability_focus,안정성 강화,ba_13207953,본죽&비빔밥 자양동점,본그룹,백반·죽·국수,서울특별시,광진구,41.1855,D
stability_focus,안정성 강화,ba_14692056,본죽&비빔밥 자양동점,본그룹,백반·죽·국수,서울특별시,광진구,41.1855,D
stability_focus,안정성 강화,ba_14826413,본죽&비빔밥 대림성모점,본그룹,백반·죽·국수,서울특별시,동작구,41.1783,D
stability_focus,안정성 강화,ba_14828692,본죽&비빔밥 대림성모점,본그룹,백반·죽·국수,서울특별시,동작구,41.1783,D
stability_focus,안정성 강화,ba_13227070,본죽&비빔밥 부산신호점,본그룹,백반·죽·국수,부산광역시,강서구,42.4388,D
stability_focus,안정성 강화,ba_14691798,본죽&비빔밥 울산송정점,본그룹,백반·죽·국수,울산광역시,북구,41.9012,D
stability_focus,안정성 강화,ba_10698232,굽네치킨&피자 연경점,굽네치킨,치킨,대구광역시,동구,25.8502,D
stability_focus,안정성 강화,ba_14798893,본죽&비빔밥 남양주퇴계원점,본그룹,백반·죽·국수,경기도,남양주시,41.5882,D
stability_focus,안정성 강화,ba_14691237,본죽 대구황금동점,본그룹,백반·죽·국수,대구광역시,수성구,40.8190,D
stability_focus,안정성 강화,ba_14780432,본죽&비빔밥 경기광주태전힐스테이트점,본그룹,백반·죽·국수,경기도,광주시,41.2757,D
stability_focus,안정성 강화,ba_14754965,본죽&비빔밥 평택시청점,본그룹,백반·죽·국수,경기도,평택시,42.1609,D
stability_focus,안정성 강화,ba_14049107,굽네치킨&피자 송도신도시점,굽네치킨,치킨,인천광역시,연수구,41.7034,D
stability_focus,안정성 강화,ba_14248050,굽네치킨&피자 은행선화점,굽네치킨,치킨,대전광역시,중구,40.3936,D
stability_focus,안정성 강화,ba_14691864,본죽&비빔밥 부산신호점,본그룹,백반·죽·국수,부산광역시,강서구,40.6555,D
stability_focus,안정성 강화,ba_14528476,본죽&비빔밥 인천박촌역점,본그룹,백반·죽·국수,인천광역시,계양구,41.0403,D
stability_focus,안정성 강화,ba_14690560,본죽 창원경상대학교병원점,본그룹,백반·죽·국수,경상남도,창원시,40.4574,D
stability_focus,안정성 강화,ba_14262149,본죽&비빔밥 용인둔전점,본그룹,백반·죽·국수,경기도,용인시,39.6519,D
stability_focus,안정성 강화,ba_14691105,본죽&비빔밥 대전하기동점,본그룹,백반·죽·국수,대전광역시,유성구,41.5474,D
stability_focus,안정성 강화,ba_13292835,본죽&비빔밥 대전하기동점,본그룹,백반·죽·국수,대전광역시,유성구,41.5474,D
stability_focus,안정성 강화,ba_13182129,본죽 천안순천향병원점,본그룹,백반·죽·국수,충청남도,천안시,40.8330,D
stability_focus,안정성 강화,ba_14812126,본죽&비빔밥 가평설악점,본그룹,백반·죽·국수,경기도,가평군,40.9711,D
stability_focus,안정성 강화,ba_13182018,본죽&비빔밥 순천중앙점,본그룹,백반·죽·국수,전라남도,순천시,39.5307,D
stability_focus,안정성 강화,ba_14690836,본죽&비빔밥 마산내서점,본그룹,백반·죽·국수,경상남도,창원시,41.2049,D
stability_focus,안정성 강화,ba_14781731,본죽&비빔밥 하남시청점,본그룹,백반·죽·국수,경기도,하남시,40.2700,D
stability_focus,안정성 강화,ba_14691122,본죽 부산기장점,본그룹,백반·죽·국수,부산광역시,기장군,40.6897,D
stability_focus,안정성 강화,ba_14691311,본죽 경북왜관점,본그룹,백반·죽·국수,경상북도,칠곡군,40.5994,D
stability_focus,안정성 강화,ba_14689893,본죽 양산통도사점,본그룹,백반·죽·국수,경상남도,양산시,40.5438,D
stability_focus,안정성 강화,ba_14775582,본죽&비빔밥 시흥배곧한라점,본그룹,백반·죽·국수,경기도,시흥시,39.9754,D
stability_focus,안정성 강화,ba_14818313,본죽&비빔밥 대전복수점,본그룹,백반·죽·국수,대전광역시,서구,40.4615,D
stability_focus,안정성 강화,ba_14818314,본죽&비빔밥 대전복수점,본그룹,백반·죽·국수,대전광역시,서구,40.4602,D
stability_focus,안정성 강화,ba_13976616,굽네피자 여수관문점,굽네치킨,피자,전라남도,여수시,39.4834,D
stability_focus,안정성 강화,ba_14691048,본죽&비빔밥 진해자은점,본그룹,백반·죽·국수,경상남도,창원시,40.4168,D
stability_focus,안정성 강화,ba_14801362,본죽&비빔밥 청주지웰시티점,본그룹,백반·죽·국수,충청북도,청주시,40.3872,D
stability_focus,안정성 강화,ba_14798894,본죽&비빔밥 남양주퇴계원점,본그룹,백반·죽·국수,경기도,남양주시,39.3931,D
stability_focus,안정성 강화,ba_14692092,본죽&비빔밥 제주외도점,본그룹,백반·죽·국수,제주특별자치도,제주시,40.3042,D
stability_focus,안정성 강화,ba_14689760,본죽&비빔밥 송도퍼스트파크점,본그룹,백반·죽·국수,인천광역시,연수구,40.2284,D
stability_focus,안정성 강화,ba_13223141,본죽 일산탄현점,본그룹,백반·죽·국수,경기도,고양시,40.3254,D
stability_focus,안정성 강화,ba_13234101,본죽&비빔밥 세종첫마을점,본그룹,백반·죽·국수,세종특별자치시,노을3로,39.1561,D
stability_focus,안정성 강화,ba_14687493,본죽&비빔밥 상암DMC점,본그룹,백반·죽·국수,서울특별시,마포구,38.3886,D
stability_focus,안정성 강화,ba_14728291,본죽 논산점,본그룹,백반·죽·국수,충청남도,논산시,39.6973,D
stability_focus,안정성 강화,ba_14580787,본죽&비빔밥 광주운암벽산점,본그룹,백반·죽·국수,광주광역시,북구,39.0830,D
stability_focus,안정성 강화,ba_13229560,본죽 양천구청점,본그룹,백반·죽·국수,서울특별시,양천구,39.0145,D
stability_focus,안정성 강화,ba_10418082,굽네치킨 여수관문점,굽네치킨,치킨,전라남도,여수시,36.7525,D
stability_focus,안정성 강화,ba_14688345,본죽 수원화서위브하늘채점,본그룹,백반·죽·국수,경기도,수원시,39.6167,D
stability_focus,안정성 강화,ba_13237293,본죽 의왕오전점,본그룹,백반·죽·국수,경기도,의왕시,39.3380,D
stability_focus,안정성 강화,ba_14675393,굽네치킨 적성점,굽네치킨,치킨,경기도,파주시,32.4798,D
stability_focus,안정성 강화,ba_13181699,본죽 김포양곡점,본그룹,백반·죽·국수,경기도,김포시,39.2949,D
stability_focus,안정성 강화,ba_14687076,본죽 양천구청점,본그룹,백반·죽·국수,서울특별시,양천구,37.8476,D
stability_focus,안정성 강화,ba_14775022,본죽&비빔밥 광혜원점,본그룹,백반·죽·국수,충청북도,진천군,37.0693,D
stability_focus,안정성 강화,ba_14688075,본죽 일산탄현점,본그룹,백반·죽·국수,경기도,고양시,36.7418,D
stability_focus,안정성 강화,ba_13233581,본죽&비빔밥 진주혁신중앙점,본그룹,백반·죽·국수,경상남도,진주시,38.2710,D
stability_focus,안정성 강화,ba_13969607,굽네피자 봉곡사림점,굽네치킨,피자,경상남도,창원시,37.8474,D
stability_focus,안정성 강화,ba_14692035,본죽&비빔밥 여수미평점,본그룹,백반·죽·국수,전라남도,여수시,37.6319,D
stability_focus,안정성 강화,ba_14786815,본죽&비빔밥 부산남천동점,본그룹,백반·죽·국수,부산광역시,수영구,37.8010,D
stability_focus,안정성 강화,ba_13722581,본죽&비빔밥 의왕고천점,본그룹,백반·죽·국수,경기도,의왕시,37.7500,D
stability_focus,안정성 강화,ba_14294026,굽네치킨&피자 신안중흥점,굽네치킨,치킨,광주광역시,북구,25.0882,D
stability_focus,안정성 강화,ba_14582508,본죽 안산월피동점,본그룹,백반·죽·국수,경기도,안산시,37.5119,D
stability_focus,안정성 강화,ba_13235318,본죽&비빔밥 상암DMC점,본그룹,백반·죽·국수,서울특별시,마포구,35.7638,D
stability_focus,안정성 강화,ba_13550240,본죽&비빔밥 청주오창2지구점,본그룹,백반·죽·국수,충청북도,청주시,37.0305,D
stability_focus,안정성 강화,ba_13225754,본죽&비빔밥 일산라페스타점,본그룹,백반·죽·국수,경기도,고양시,37.1323,D
stability_focus,안정성 강화,ba_14689024,본죽&비빔밥 김포장기초당마을점,본그룹,백반·죽·국수,경기도,김포시,35.4693,D
stability_focus,안정성 강화,ba_14778684,본죽&비빔밥 대구대천점,본그룹,백반·죽·국수,대구광역시,달서구,36.5689,D
stability_focus,안정성 강화,ba_14689416,본죽&비빔밥 수원호매실화홍병원점,본그룹,백반·죽·국수,경기도,수원시,30.0823,D
stability_focus,안정성 강화,ba_14793023,본죽&비빔밥 장호원점,본그룹,백반·죽·국수,경기도,이천시,34.7831,D
stability_focus,안정성 강화,ba_14688716,본죽&비빔밥 일산식사점,본그룹,백반·죽·국수,경기도,고양시,35.2256,D
stability_focus,안정성 강화,ba_13228647,본죽 대전용운점,본그룹,백반·죽·국수,대전광역시,동구,35.9422,D
stability_focus,안정성 강화,ba_14691272,본죽 대전비래점,본그룹,백반·죽·국수,대전광역시,대덕구,35.9691,D
stability_focus,안정성 강화,ba_14691817,본죽 부산장림점,본그룹,백반·죽·국수,부산광역시,사하구,34.3505,D
stability_focus,안정성 강화,ba_13225939,본죽 경남거제옥포점,본그룹,백반·죽·국수,경상남도,거제시,35.0143,D
stability_focus,안정성 강화,ba_14702120,본죽&비빔밥 천안풍세점,본그룹,백반·죽·국수,충청남도,천안시,34.8172,D
stability_focus,안정성 강화,ba_14689401,본죽&비빔밥 수원호매실역점,본그룹,백반·죽·국수,경기도,수원시,35.0069,D
stability_focus,안정성 강화,ba_14688879,본죽 수원대점,본그룹,백반·죽·국수,경기도,화성시,34.7665,D
stability_focus,안정성 강화,ba_14456827,본죽&비빔밥 인천동암더샵점,본그룹,백반·죽·국수,인천광역시,부평구,35.4393,D
stability_focus,안정성 강화,ba_14691834,본죽 부산고신대병원점,본그룹,백반·죽·국수,부산광역시,서구,34.2885,D
stability_focus,안정성 강화,ba_14692077,본죽&비빔밥 진주혁신중앙점,본그룹,백반·죽·국수,경상남도,진주시,34.7527,D
stability_focus,안정성 강화,ba_14726741,본죽&비빔밥 대구방촌해안역점,본그룹,백반·죽·국수,대구광역시,동구,34.6153,D
stability_focus,안정성 강화,ba_14688483,본죽 동수원점,본그룹,백반·죽·국수,경기도,수원시,34.3037,D
stability_focus,안정성 강화,ba_13226546,본죽&비빔밥 부산대학병원점,본그룹,백반·죽·국수,부산광역시,서구,34.7420,D
stability_focus,안정성 강화,ba_14692291,본죽 청주하복대점,본그룹,백반·죽·국수,충청북도,청주시,32.9535,D
stability_focus,안정성 강화,ba_14688192,본죽 성남신흥동점,본그룹,백반·죽·국수,경기도,성남시,33.8178,D
stability_focus,안정성 강화,ba_13651212,본죽&비빔밥 광주금호점,본그룹,백반·죽·국수,광주광역시,서구,33.8391,D
stability_focus,안정성 강화,ba_13186079,본죽 오산궐동점,본그룹,백반·죽·국수,경기도,오산시,34.5601,D
stability_focus,안정성 강화,ba_14795563,본죽&비빔밥 잠원역점,본그룹,백반·죽·국수,서울특별시,서초구,32.0169,D
stability_focus,안정성 강화,ba_13226670,본죽 부산영도점,본그룹,백반·죽·국수,부산광역시,영도구,34.1565,D
stability_focus,안정성 강화,ba_13199208,본죽 울주덕신점,본그룹,백반·죽·국수,울산광역시,울주군,33.1239,D
stability_focus,안정성 강화,ba_14692383,본죽&비빔밥 울산신정시장점,본그룹,백반·죽·국수,울산광역시,남구,32.6896,D
stability_focus,안정성 강화,ba_14435298,본죽&비빔밥 인천부평나누리병원점,본그룹,백반·죽·국수,인천광역시,부평구,33.7917,D
stability_focus,안정성 강화,ba_14273436,본죽&비빔밥 거제고현점,본그룹,백반·죽·국수,경상남도,거제시,32.2002,D
stability_focus,안정성 강화,ba_14693289,본죽&비빔밥 천안쌍용3동점,본그룹,백반·죽·국수,충청남도,천안시,31.2855,D
stability_focus,안정성 강화,ba_14488495,본죽&비빔밥 역촌점,본그룹,백반·죽·국수,서울특별시,은평구,32.0281,D
stability_focus,안정성 강화,ba_14691891,본죽&비빔밥 울산성안점,본그룹,백반·죽·국수,울산광역시,중구,32.6177,D
stability_focus,안정성 강화,ba_14688905,본죽&비빔밥 고양원당점,본그룹,백반·죽·국수,경기도,고양시,32.1012,D
stability_focus,안정성 강화,ba_14691815,본죽 부산다대점,본그룹,백반·죽·국수,부산광역시,사하구,31.8279,D
stability_focus,안정성 강화,ba_14470771,본죽&비빔밥 부산동대신역점,본그룹,백반·죽·국수,부산광역시,서구,32.3136,D
stability_focus,안정성 강화,ba_14688571,본죽 안산선부점,본그룹,백반·죽·국수,경기도,안산시,22.4046,D
stability_focus,안정성 강화,ba_13229858,본죽 창원반송점,본그룹,백반·죽·국수,경상남도,창원시,31.4912,D
stability_focus,안정성 강화,ba_14689846,본죽&비빔밥 동탄영천점,본그룹,백반·죽·국수,경기도,화성시,30.5420,D
stability_focus,안정성 강화,ba_14691861,본죽&비빔밥 울산역금아드림점,본그룹,백반·죽·국수,울산광역시,울주군,30.7969,D
stability_focus,안정성 강화,ba_14277930,본죽&비빔밥 동탄청계점,본그룹,백반·죽·국수,경기도,화성시,30.6902,D
stability_focus,안정성 강화,ba_13227659,본죽&비빔밥 부산괴정점,본그룹,백반·죽·국수,부산광역시,사하구,30.5333,D
stability_focus,안정성 강화,ba_13228874,본죽&비빔밥 청주성안길점,본그룹,백반·죽·국수,충청북도,청주시,29.4476,D
stability_focus,안정성 강화,ba_13181719,본죽&비빔밥 칠곡석적점,본그룹,백반·죽·국수,경상북도,칠곡군,29.3136,D
stability_focus,안정성 강화,ba_14694287,본죽&비빔밥 인사동점,본그룹,백반·죽·국수,서울특별시,종로구,27.4404,D
market_fit_focus,서울 상권 적합도 강화,ba_13248384,본죽&비빔밥 구리인창점,본그룹,백반·죽·국수,경기도,구리시,98.1806,A
market_fit_focus,서울 상권 적합도 강화,ba_14689004,본죽&비빔밥 산본학원가점,본그룹,백반·죽·국수,경기도,군포시,92.8259,A
market_fit_focus,서울 상권 적합도 강화,ba_14694390,본죽&비빔밥 평택시청점,본그룹,백반·죽·국수,경기도,평택시,92.0801,A
market_fit_focus,서울 상권 적합도 강화,ba_14756888,본죽&비빔밥 창원대원점,본그룹,백반·죽·국수,경상남도,창원시,91.7757,A
market_fit_focus,서울 상권 적합도 강화,ba_14692155,본죽&비빔밥 해운대백병원점,본그룹,백반·죽·국수,부산광역시,해운대구,91.7206,A
market_fit_focus,서울 상권 적합도 강화,ba_14692232,본죽 아산용화점,본그룹,백반·죽·국수,충청남도,아산시,91.7066,A
market_fit_focus,서울 상권 적합도 강화,ba_14692455,본죽&비빔밥 천안신불당북부점,본그룹,백반·죽·국수,충청남도,천안시,91.2679,A
market_fit_focus,서울 상권 적합도 강화,ba_14688738,본죽&비빔밥 분당롯데점,본그룹,백반·죽·국수,경기도,성남시,90.2606,A
market_fit_focus,서울 상권 적합도 강화,ba_13470236,본죽&비빔밥 신제주점,본그룹,백반·죽·국수,제주특별자치도,제주시,89.9463,A
market_fit_focus,서울 상권 적합도 강화,ba_13223654,본죽&비빔밥 고양행신역점,본그룹,백반·죽·국수,경기도,고양시,89.8580,A
market_fit_focus,서울 상권 적합도 강화,ba_14462203,본죽&비빔밥 동대구시장점,본그룹,백반·죽·국수,대구광역시,동구,89.4617,A
market_fit_focus,서울 상권 적합도 강화,ba_13219951,본죽&비빔밥 순천연향점,본그룹,백반·죽·국수,전라남도,순천시,89.4538,A
market_fit_focus,서울 상권 적합도 강화,ba_14690680,본죽&비빔밥 김해율하2지구점,본그룹,백반·죽·국수,경상남도,김해시,89.1407,A
market_fit_focus,서울 상권 적합도 강화,ba_14691080,본죽&비빔밥 대전유성온천역점,본그룹,백반·죽·국수,대전광역시,유성구,89.0206,A
market_fit_focus,서울 상권 적합도 강화,ba_14690155,본죽&비빔밥 김포걸포점,본그룹,백반·죽·국수,경기도,김포시,88.4927,A
market_fit_focus,서울 상권 적합도 강화,ba_14691093,본죽&비빔밥 대전노은점,본그룹,백반·죽·국수,대전광역시,유성구,88.4380,A
market_fit_focus,서울 상권 적합도 강화,ba_14691989,본죽&비빔밥 여천신동아점,본그룹,백반·죽·국수,전라남도,여수시,88.3968,A
market_fit_focus,서울 상권 적합도 강화,ba_14689003,본죽&비빔밥 구리인창점,본그룹,백반·죽·국수,경기도,구리시,88.1572,A
market_fit_focus,서울 상권 적합도 강화,ba_14689953,본죽&비빔밥 양주고읍점,본그룹,백반·죽·국수,경기도,양주시,87.9510,A
market_fit_focus,서울 상권 적합도 강화,ba_14766686,굽네치킨 운정2호점,굽네치킨,피자,경기도,파주시,87.8775,A
market_fit_focus,서울 상권 적합도 강화,ba_14690630,본죽&비빔밥 포항창포점,본그룹,백반·죽·국수,경상북도,포항시,87.8636,A
market_fit_focus,서울 상권 적합도 강화,ba_14746052,본죽&비빔밥 포항두호점,본그룹,백반·죽·국수,경상북도,포항시,87.7541,A
market_fit_focus,서울 상권 적합도 강화,ba_14690722,본죽&비빔밥 광주월곡점,본그룹,백반·죽·국수,광주광역시,광산구,87.5081,A
market_fit_focus,서울 상권 적합도 강화,ba_14691298,본죽&비빔밥 대전전민동점,본그룹,백반·죽·국수,대전광역시,유성구,87.2072,A
market_fit_focus,서울 상권 적합도 강화,ba_14758255,굽네치킨&피자 대구송현점,굽네치킨,치킨,대구광역시,달서구,87.1605,A
market_fit_focus,서울 상권 적합도 강화,ba_14691001,본죽&비빔밥 광주연제점,본그룹,백반·죽·국수,광주광역시,북구,86.7352,A
market_fit_focus,서울 상권 적합도 강화,ba_14356032,본죽&비빔밥 양평용문점,본그룹,백반·죽·국수,경기도,양평군,86.5513,A
market_fit_focus,서울 상권 적합도 강화,ba_14692116,본죽&비빔밥 부산수영점,본그룹,백반·죽·국수,부산광역시,수영구,85.9430,A
market_fit_focus,서울 상권 적합도 강화,ba_14691999,본죽&비빔밥 부산동래점,본그룹,백반·죽·국수,부산광역시,동래구,85.8240,A
market_fit_focus,서울 상권 적합도 강화,ba_14690712,본죽&비빔밥 광주운남점,본그룹,백반·죽·국수,광주광역시,광산구,85.7658,A
market_fit_focus,서울 상권 적합도 강화,ba_14690983,본죽&비빔밥 대전송촌점,본그룹,백반·죽·국수,대전광역시,대덕구,85.5925,A
market_fit_focus,서울 상권 적합도 강화,ba_13228675,본죽&비빔밥 대전전민동점,본그룹,백반·죽·국수,대전광역시,유성구,85.5200,A
market_fit_focus,서울 상권 적합도 강화,ba_14688100,본죽 구리수택점,본그룹,백반·죽·국수,경기도,구리시,85.3701,A
market_fit_focus,서울 상권 적합도 강화,ba_14690689,본죽&비빔밥 광주신창점,본그룹,백반·죽·국수,광주광역시,광산구,85.3540,A
market_fit_focus,서울 상권 적합도 강화,ba_13231481,본죽&비빔밥 광명소하지구점,본그룹,백반·죽·국수,경기도,광명시,84.8971,A
market_fit_focus,서울 상권 적합도 강화,ba_14757543,굽네치킨&피자 동두천중앙점,굽네치킨,치킨,경기도,동두천시,84.8352,A
market_fit_focus,서울 상권 적합도 강화,ba_13231157,본죽 수원인계점,본그룹,백반·죽·국수,경기도,수원시,84.7420,A
market_fit_focus,서울 상권 적합도 강화,ba_14691062,본죽&비빔밥 광주염주화정점,본그룹,백반·죽·국수,광주광역시,서구,84.6679,A
market_fit_focus,서울 상권 적합도 강화,ba_13683573,본죽&비빔밥 제주아라점,본그룹,백반·죽·국수,제주특별자치도,제주시,84.5166,A
market_fit_focus,서울 상권 적합도 강화,ba_14335138,굽네치킨&피자 대전비래가양점,굽네치킨,치킨,대전광역시,동구,84.5178,A
market_fit_focus,서울 상권 적합도 강화,ba_14691173,본죽&비빔밥 대구복현동점,본그룹,백반·죽·국수,대구광역시,북구,84.4425,A
market_fit_focus,서울 상권 적합도 강화,ba_14692242,본죽&비빔밥 천안쌍용이마트점,본그룹,백반·죽·국수,충청남도,천안시,84.3433,A
market_fit_focus,서울 상권 적합도 강화,ba_13235500,본죽 의정부회룡역점,본그룹,백반·죽·국수,경기도,의정부시,84.3191,A
market_fit_focus,서울 상권 적합도 강화,ba_14691120,본죽&비빔밥 대구북구청점,본그룹,백반·죽·국수,대구광역시,북구,84.2529,A
market_fit_focus,서울 상권 적합도 강화,ba_14743732,본죽&비빔밥 인천오류왕길점,본그룹,백반·죽·국수,인천광역시,서구,84.2342,A
market_fit_focus,서울 상권 적합도 강화,ba_14688602,본죽&비빔밥 남양주덕소점,본그룹,백반·죽·국수,경기도,남양주시,84.2142,A
market_fit_focus,서울 상권 적합도 강화,ba_14689448,본죽&비빔밥 이천점,본그룹,백반·죽·국수,경기도,이천시,84.2140,A
market_fit_focus,서울 상권 적합도 강화,ba_14689809,본죽&비빔밥 안성당왕점,본그룹,백반·죽·국수,경기도,안성시,84.1740,A
market_fit_focus,서울 상권 적합도 강화,ba_14690057,본죽앤비빔밥 인천검단점,본그룹,백반·죽·국수,인천광역시,서구,84.0986,A
market_fit_focus,서울 상권 적합도 강화,ba_14742705,본죽&비빔밥 청주개신점,본그룹,백반·죽·국수,충청북도,청주시,84.0877,A
market_fit_focus,서울 상권 적합도 강화,ba_14691909,본죽&비빔밥 부산정관모전점,본그룹,백반·죽·국수,부산광역시,기장군,84.0798,A
market_fit_focus,서울 상권 적합도 강화,ba_13235557,본죽 도봉동점,본그룹,백반·죽·국수,서울특별시,도봉구,74.8182,B
market_fit_focus,서울 상권 적합도 강화,ba_14690587,본죽&비빔밥 포항법원점,본그룹,백반·죽·국수,경상북도,포항시,83.9628,A
market_fit_focus,서울 상권 적합도 강화,ba_14689382,본죽&비빔밥 수원권선시장점,본그룹,백반·죽·국수,경기도,수원시,83.7215,A
market_fit_focus,서울 상권 적합도 강화,ba_14757711,굽네치킨&피자 칠금문화점,굽네치킨,치킨,충청북도,충주시,83.4136,A
market_fit_focus,서울 상권 적합도 강화,ba_14692118,본죽&비빔밥 여수소호점,본그룹,백반·죽·국수,전라남도,여수시,83.3967,A
market_fit_focus,서울 상권 적합도 강화,ba_14727030,본죽&비빔밥 부산명장역점,본그룹,백반·죽·국수,부산광역시,동래구,83.2478,A
market_fit_focus,서울 상권 적합도 강화,ba_14692258,본죽 천안쌍용1동점,본그룹,백반·죽·국수,충청남도,천안시,82.9904,A
market_fit_focus,서울 상권 적합도 강화,ba_14688557,본죽 보정동단국대점,본그룹,백반·죽·국수,경기도,용인시,82.8949,A
market_fit_focus,서울 상권 적합도 강화,ba_14689904,본죽&비빔밥 안양호계포도원점,본그룹,백반·죽·국수,경기도,안양시,82.8475,A
market_fit_focus,서울 상권 적합도 강화,ba_14689854,본죽&비빔밥 인천간석홈플러스앞점,본그룹,백반·죽·국수,인천광역시,남동구,82.8063,A
market_fit_focus,서울 상권 적합도 강화,ba_14689573,본죽&비빔밥 시흥목감역점,본그룹,백반·죽·국수,경기도,시흥시,82.8029,A
market_fit_focus,서울 상권 적합도 강화,ba_14689645,본죽&비빔밥 병점복합타운점,본그룹,백반·죽·국수,경기도,화성시,82.7475,A
market_fit_focus,서울 상권 적합도 강화,ba_14689875,본죽 양산물금증산점,본그룹,백반·죽·국수,경상남도,양산시,82.7440,A
market_fit_focus,서울 상권 적합도 강화,ba_14687344,본죽&비빔밥 쌍문점,본그룹,백반·죽·국수,서울특별시,도봉구,75.4895,B
market_fit_focus,서울 상권 적합도 강화,ba_14459736,굽네치킨,굽네치킨,치킨,경기도,남양주시,82.5369,A
market_fit_focus,서울 상권 적합도 강화,ba_13222170,본죽&비빔밥 전북김제점,본그룹,백반·죽·국수,전북특별자치도,김제시,82.4449,A
market_fit_focus,서울 상권 적합도 강화,ba_14689886,본죽&비빔밥 안양호계사거리점,본그룹,백반·죽·국수,경기도,안양시,82.2153,A
market_fit_focus,서울 상권 적합도 강화,ba_14688860,본죽&비빔밥 수색DMC점,본그룹,백반·죽·국수,서울특별시,은평구,75.5746,B
market_fit_focus,서울 상권 적합도 강화,ba_14689766,본죽&비빔밥 인천신포동점,본그룹,백반·죽·국수,인천광역시,중구,81.9435,A
market_fit_focus,서울 상권 적합도 강화,ba_14690110,본죽&비빔밥 신봉초교점,본그룹,백반·죽·국수,경기도,용인시,81.9210,A
market_fit_focus,서울 상권 적합도 강화,ba_14688094,본죽 군포지샘병원점,본그룹,백반·죽·국수,경기도,군포시,81.8033,A
market_fit_focus,서울 상권 적합도 강화,ba_14694148,본죽 통영점,본그룹,백반·죽·국수,경상남도,통영시,81.6978,A
market_fit_focus,서울 상권 적합도 강화,ba_14689481,본죽&비빔밥 파주운정해오름점,본그룹,백반·죽·국수,경기도,파주시,81.3864,A
market_fit_focus,서울 상권 적합도 강화,ba_14691958,본죽&비빔밥 부산내성교차로점,본그룹,백반·죽·국수,부산광역시,동래구,81.0614,A
market_fit_focus,서울 상권 적합도 강화,ba_14691112,본죽 대구방촌점,본그룹,백반·죽·국수,대구광역시,동구,81.0059,A
market_fit_focus,서울 상권 적합도 강화,ba_14692165,본죽 세종아름점,본그룹,백반·죽·국수,세종특별자치시,보듬3로,81.0131,A
market_fit_focus,서울 상권 적합도 강화,ba_14692275,본죽&비빔밥 전주객사점,본그룹,백반·죽·국수,전북특별자치도,전주시,80.8931,A
market_fit_focus,서울 상권 적합도 강화,ba_14690002,본죽 송도센트럴파크점,본그룹,백반·죽·국수,인천광역시,연수구,80.7990,A
market_fit_focus,서울 상권 적합도 강화,ba_13233115,본죽&비빔밥 대구복현동점,본그룹,백반·죽·국수,대구광역시,북구,80.6379,A
market_fit_focus,서울 상권 적합도 강화,ba_14690034,본죽&비빔밥 인천검암점,본그룹,백반·죽·국수,인천광역시,서구,80.3961,A
market_fit_focus,서울 상권 적합도 강화,ba_14689611,본죽&비빔밥 시흥장곡점,본그룹,백반·죽·국수,경기도,시흥시,80.2627,A
market_fit_focus,서울 상권 적합도 강화,ba_14691077,본죽&비빔밥 대구파티마병원점,본그룹,백반·죽·국수,대구광역시,동구,80.2120,A
market_fit_focus,서울 상권 적합도 강화,ba_14689115,본죽&비빔밥 양주덕정점,본그룹,백반·죽·국수,경기도,양주시,80.1165,A
market_fit_focus,서울 상권 적합도 강화,ba_14273972,본죽&비빔밥 단양점,본그룹,백반·죽·국수,충청북도,단양군,79.9763,B
market_fit_focus,서울 상권 적합도 강화,ba_14691106,본죽&비빔밥 대구동구청점,본그룹,백반·죽·국수,대구광역시,동구,79.9487,B
market_fit_focus,서울 상권 적합도 강화,ba_14690723,본죽&비빔밥 광주첨단월계점,본그룹,백반·죽·국수,광주광역시,광산구,79.8275,B
market_fit_focus,서울 상권 적합도 강화,ba_14688114,본죽&비빔밥 신촌점,본그룹,백반·죽·국수,서울특별시,서대문구,72.6546,B
market_fit_focus,서울 상권 적합도 강화,ba_14448826,본죽&비빔밥 인천검단신도시점,본그룹,백반·죽·국수,인천광역시,서구,79.8041,B
market_fit_focus,서울 상권 적합도 강화,ba_14647668,본죽&비빔밥 인천간석홈플러스앞점,본그룹,백반·죽·국수,인천광역시,남동구,79.3466,B
market_fit_focus,서울 상권 적합도 강화,ba_14691857,본죽&비빔밥 부산명지국제중앙점,본그룹,백반·죽·국수,부산광역시,강서구,79.3543,B
market_fit_focus,서울 상권 적합도 강화,ba_14689890,본죽&비빔밥 구월아시아드점,본그룹,백반·죽·국수,인천광역시,남동구,79.2563,B
market_fit_focus,서울 상권 적합도 강화,ba_14732026,굽네치킨 부산전포점,굽네치킨,치킨,부산광역시,부산진구,79.2548,B
market_fit_focus,서울 상권 적합도 강화,ba_14691965,본죽&비빔밥 나주혁신호수공원점,본그룹,백반·죽·국수,전라남도,나주시,79.2299,B
market_fit_focus,서울 상권 적합도 강화,ba_13199394,본죽&비빔밥 울산야음점,본그룹,백반·죽·국수,울산광역시,남구,79.2254,B
market_fit_focus,서울 상권 적합도 강화,ba_14691209,본죽&비빔밥 대구두산점,본그룹,백반·죽·국수,대구광역시,수성구,79.1985,B
market_fit_focus,서울 상권 적합도 강화,ba_14689734,본죽&비빔밥 송도신도시점,본그룹,백반·죽·국수,인천광역시,연수구,79.1185,B
market_fit_focus,서울 상권 적합도 강화,ba_14687166,본죽&비빔밥 등촌공항대로점,본그룹,백반·죽·국수,서울특별시,강서구,71.8200,B
market_fit_focus,서울 상권 적합도 강화,ba_14689614,본죽&비빔밥 시흥시화점,본그룹,백반·죽·국수,경기도,시흥시,78.8422,B
market_fit_focus,서울 상권 적합도 강화,ba_14739745,굽네치킨 감정점,굽네치킨,치킨,경기도,김포시,78.7719,B
market_fit_focus,서울 상권 적합도 강화,ba_14690992,본죽&비빔밥 대전신탄점,본그룹,백반·죽·국수,대전광역시,대덕구,78.6819,B
market_fit_focus,서울 상권 적합도 강화,ba_13223520,본죽 신림고시촌점,본그룹,백반·죽·국수,서울특별시,관악구,70.0496,B
market_fit_focus,서울 상권 적합도 강화,ba_14714062,본죽&비빔밥 파주운정산내마을점,본그룹,백반·죽·국수,경기도,파주시,78.5261,B
market_fit_focus,서울 상권 적합도 강화,ba_14692326,본죽&비빔밥 제천청전점,본그룹,백반·죽·국수,충청북도,제천시,78.4780,B
market_fit_focus,서울 상권 적합도 강화,ba_14753110,본죽&비빔밥 청주성화점,본그룹,백반·죽·국수,충청북도,청주시,78.4680,B
market_fit_focus,서울 상권 적합도 강화,ba_14692505,본죽&비빔밥 울산남목점,본그룹,백반·죽·국수,울산광역시,동구,78.4745,B
market_fit_focus,서울 상권 적합도 강화,ba_14691361,본죽&비빔밥 경산옥곡점,본그룹,백반·죽·국수,경상북도,경산시,78.4496,B
market_fit_focus,서울 상권 적합도 강화,ba_14691245,본죽&비빔밥 대구동성로점,본그룹,백반·죽·국수,대구광역시,중구,78.3729,B
market_fit_focus,서울 상권 적합도 강화,ba_14691277,본죽&비빔밥 대구달서구청점,본그룹,백반·죽·국수,대구광역시,달서구,78.2828,B
market_fit_focus,서울 상권 적합도 강화,ba_14691130,본죽 부산진역점,본그룹,백반·죽·국수,부산광역시,동구,78.2465,B
market_fit_focus,서울 상권 적합도 강화,ba_14692482,본죽&비빔밥 충주호암점,본그룹,백반·죽·국수,충청북도,충주시,78.2417,B
market_fit_focus,서울 상권 적합도 강화,ba_14689750,본죽&비빔밥 안산본오점,본그룹,백반·죽·국수,경기도,안산시,78.1968,B
market_fit_focus,서울 상권 적합도 강화,ba_14744959,굽네치킨 부산수정점,굽네치킨,치킨,부산광역시,동구,78.1800,B
market_fit_focus,서울 상권 적합도 강화,ba_13918069,본죽&비빔밥 평택지제점,본그룹,백반·죽·국수,경기도,평택시,78.1554,B
market_fit_focus,서울 상권 적합도 강화,ba_14688687,본죽&비빔밥 신길점,본그룹,백반·죽·국수,서울특별시,영등포구,69.4269,B
market_fit_focus,서울 상권 적합도 강화,ba_14690674,본죽&비빔밥 광주신가점,본그룹,백반·죽·국수,광주광역시,광산구,77.9935,B
market_fit_focus,서울 상권 적합도 강화,ba_14688522,본죽 시흥은행점,본그룹,백반·죽·국수,경기도,시흥시,77.9634,B
market_fit_focus,서울 상권 적합도 강화,ba_13233576,본죽&비빔밥 당진점,본그룹,백반·죽·국수,충청남도,당진시,77.8937,B
market_fit_focus,서울 상권 적합도 강화,ba_14625762,본죽&비빔밥 익산부송우남점,본그룹,백반·죽·국수,전북특별자치도,익산시,77.8054,B
market_fit_focus,서울 상권 적합도 강화,ba_14691801,본죽 부산구남점,본그룹,백반·죽·국수,부산광역시,북구,77.6326,B
market_fit_focus,서울 상권 적합도 강화,ba_14739746,굽네피자 감정점,굽네치킨,피자,경기도,김포시,77.5053,B
market_fit_focus,서울 상권 적합도 강화,ba_14694620,본죽&비빔밥 경산신대부적점,본그룹,백반·죽·국수,경상북도,경산시,77.4953,B
market_fit_focus,서울 상권 적합도 강화,ba_14692022,본죽&비빔밥 여수죽림점,본그룹,백반·죽·국수,전라남도,여수시,77.3208,B
market_fit_focus,서울 상권 적합도 강화,ba_13223329,본죽&비빔밥 양주덕정점,본그룹,백반·죽·국수,경기도,양주시,77.0451,B
market_fit_focus,서울 상권 적합도 강화,ba_14627570,본죽&비빔밥 김해안동푸르지오점,본그룹,백반·죽·국수,경상남도,김해시,76.9772,B
market_fit_focus,서울 상권 적합도 강화,ba_14691943,본죽&비빔밥 순천연향점,본그룹,백반·죽·국수,전라남도,순천시,76.9447,B
market_fit_focus,서울 상권 적합도 강화,ba_13260584,본죽&비빔밥 광주신창점,본그룹,백반·죽·국수,광주광역시,광산구,76.9204,B
market_fit_focus,서울 상권 적합도 강화,ba_14703930,본죽 중화역점,본그룹,백반·죽·국수,서울특별시,중랑구,69.3464,B
market_fit_focus,서울 상권 적합도 강화,ba_10841883,굽네치킨 선부3동점,굽네치킨,치킨,경기도,안산시,76.8968,B
market_fit_focus,서울 상권 적합도 강화,ba_14688746,본죽&비빔밥 광명소하지구점,본그룹,백반·죽·국수,경기도,광명시,76.8725,B
market_fit_focus,서울 상권 적합도 강화,ba_14691975,본죽&비빔밥 백양산롯데캐슬점,본그룹,백반·죽·국수,부산광역시,부산진구,76.8419,B
market_fit_focus,서울 상권 적합도 강화,ba_14687318,본죽&비빔밥 독산정훈단지점,본그룹,백반·죽·국수,서울특별시,금천구,70.8121,B
market_fit_focus,서울 상권 적합도 강화,ba_14688729,본죽&비빔밥 과천점,본그룹,백반·죽·국수,경기도,과천시,76.8109,B
market_fit_focus,서울 상권 적합도 강화,ba_14691901,본죽&비빔밥 약사점,본그룹,백반·죽·국수,울산광역시,중구,76.7012,B
market_fit_focus,서울 상권 적합도 강화,ba_14688848,본죽&비빔밥 연신갈현점,본그룹,백반·죽·국수,서울특별시,은평구,70.3311,B
market_fit_focus,서울 상권 적합도 강화,ba_14690081,본죽 신곡시장점,본그룹,백반·죽·국수,서울특별시,양천구,69.6555,B
market_fit_focus,서울 상권 적합도 강화,ba_14727064,본죽&비빔밥 전주혁신도시점,본그룹,백반·죽·국수,전북특별자치도,완주군,76.3964,B
market_fit_focus,서울 상권 적합도 강화,ba_14691116,본죽&비빔밥 대구칠곡관음점,본그룹,백반·죽·국수,대구광역시,북구,76.3129,B
market_fit_focus,서울 상권 적합도 강화,ba_14690718,본죽&비빔밥 광주노대점,본그룹,백반·죽·국수,광주광역시,남구,76.2407,B
market_fit_focus,서울 상권 적합도 강화,ba_13234034,본죽 포항오천점,본그룹,백반·죽·국수,경상북도,포항시,76.2405,B
market_fit_focus,서울 상권 적합도 강화,ba_14688555,본죽 수원인계점,본그룹,백반·죽·국수,경기도,수원시,76.1665,B
market_fit_focus,서울 상권 적합도 강화,ba_14692194,본죽&비빔밥 익산영등제일점,본그룹,백반·죽·국수,전북특별자치도,익산시,75.9344,B
market_fit_focus,서울 상권 적합도 강화,ba_14688197,본죽 인왕산점,본그룹,백반·죽·국수,서울특별시,서대문구,69.0730,B
market_fit_focus,서울 상권 적합도 강화,ba_14689415,본죽&비빔밥 수원탑동점,본그룹,백반·죽·국수,경기도,수원시,75.7772,B
market_fit_focus,서울 상권 적합도 강화,ba_14457403,본죽&비빔밥 부산연제점,본그룹,백반·죽·국수,부산광역시,연제구,75.7031,B
market_fit_focus,서울 상권 적합도 강화,ba_14687119,본죽 성균관대점,본그룹,백반·죽·국수,서울특별시,종로구,67.3981,B
market_fit_focus,서울 상권 적합도 강화,ba_14690665,본죽&비빔밥 장유신문점,본그룹,백반·죽·국수,경상남도,김해시,75.6500,B
market_fit_focus,서울 상권 적합도 강화,ba_14688931,본죽&비빔밥 고양덕은점,본그룹,백반·죽·국수,경기도,고양시,75.4709,B
market_fit_focus,서울 상권 적합도 강화,ba_14691179,본죽&비빔밥 내당삼익뉴타운점,본그룹,백반·죽·국수,대구광역시,서구,75.4557,B
market_fit_focus,서울 상권 적합도 강화,ba_14691976,본죽&비빔밥 부산전포점,본그룹,백반·죽·국수,부산광역시,부산진구,75.4425,B
market_fit_focus,서울 상권 적합도 강화,ba_14691401,본죽&비빔밥 대구대학교점,본그룹,백반·죽·국수,경상북도,경산시,75.2905,B
market_fit_focus,서울 상권 적합도 강화,ba_14691998,본죽&비빔밥 부산엄궁점,본그룹,백반·죽·국수,부산광역시,사상구,75.2065,B
market_fit_focus,서울 상권 적합도 강화,ba_13973813,굽네피자 선부3동점,굽네치킨,피자,경기도,안산시,75.1534,B
market_fit_focus,서울 상권 적합도 강화,ba_14692216,본죽&비빔밥 조치원죽림점,본그룹,백반·죽·국수,세종특별자치시,조치원읍,75.1342,B
market_fit_focus,서울 상권 적합도 강화,ba_14691101,본죽&비빔밥 대구율하점,본그룹,백반·죽·국수,대구광역시,동구,75.1030,B
market_fit_focus,서울 상권 적합도 강화,ba_14689936,본죽&비빔밥 안양박달점,본그룹,백반·죽·국수,경기도,안양시,74.9028,B
market_fit_focus,서울 상권 적합도 강화,ba_14692439,본죽&비빔밥 청주오송파라곤점,본그룹,백반·죽·국수,충청북도,청주시,74.8570,B
market_fit_focus,서울 상권 적합도 강화,ba_14687368,본죽&비빔밥 장안동점,본그룹,백반·죽·국수,서울특별시,동대문구,68.8002,B
market_fit_focus,서울 상권 적합도 강화,ba_14689757,본죽&비빔밥 인천연수점,본그룹,백반·죽·국수,인천광역시,연수구,74.6351,B
market_fit_focus,서울 상권 적합도 강화,ba_14691059,본죽 대구세천점,본그룹,백반·죽·국수,대구광역시,달성군,74.5778,B
market_fit_focus,서울 상권 적합도 강화,ba_14691375,본죽&비빔밥 경산중산점,본그룹,백반·죽·국수,경상북도,경산시,74.5133,B
market_fit_focus,서울 상권 적합도 강화,ba_14613531,본죽&비빔밥 백양산롯데캐슬점,본그룹,백반·죽·국수,부산광역시,부산진구,74.4712,B
market_fit_focus,서울 상권 적합도 강화,ba_13230813,본죽&비빔밥 용인물푸레마을점,본그룹,백반·죽·국수,경기도,용인시,74.4428,B
market_fit_focus,서울 상권 적합도 강화,ba_13539851,굽네치킨 소답점,굽네치킨,치킨,경상남도,창원시,74.3915,B
market_fit_focus,서울 상권 적합도 강화,ba_14691953,본죽&비빔밥 순천오천점,본그룹,백반·죽·국수,전라남도,순천시,74.3749,B
market_fit_focus,서울 상권 적합도 강화,ba_14691150,본죽 다사죽곡점,본그룹,백반·죽·국수,대구광역시,달성군,74.3259,B
market_fit_focus,서울 상권 적합도 강화,ba_14691969,본죽&비빔밥 부산사직점,본그룹,백반·죽·국수,부산광역시,동래구,74.3207,B
market_fit_focus,서울 상권 적합도 강화,ba_14692121,본죽&비빔밥 부산법조타운점,본그룹,백반·죽·국수,부산광역시,연제구,74.2972,B
market_fit_focus,서울 상권 적합도 강화,ba_13233856,본죽 세종아름점,본그룹,백반·죽·국수,세종특별자치시,보듬3로,74.1628,B
market_fit_focus,서울 상권 적합도 강화,ba_13233778,본죽&비빔밥 포항효자점,본그룹,백반·죽·국수,경상북도,포항시,74.0905,B
market_fit_focus,서울 상권 적합도 강화,ba_14691037,본죽&비빔밥 대전학하점,본그룹,백반·죽·국수,대전광역시,유성구,74.0659,B
market_fit_focus,서울 상권 적합도 강화,ba_14688088,본죽&비빔밥 대흥역점,본그룹,백반·죽·국수,서울특별시,마포구,66.6799,B
market_fit_focus,서울 상권 적합도 강화,ba_13596071,본죽&비빔밥 연신갈현점,본그룹,백반·죽·국수,서울특별시,은평구,67.2376,B
market_fit_focus,서울 상권 적합도 강화,ba_13224710,본죽 안양관양동점,본그룹,백반·죽·국수,경기도,안양시,73.8833,B
market_fit_focus,서울 상권 적합도 강화,ba_14732355,본죽&비빔밥 속초점,본그룹,백반·죽·국수,강원특별자치도,속초시,73.8738,B
market_fit_focus,서울 상권 적합도 강화,ba_14688963,본죽 고양점,본그룹,백반·죽·국수,경기도,고양시,73.8495,B
market_fit_focus,서울 상권 적합도 강화,ba_14688337,본죽&비빔밥 장위뉴타운점,본그룹,백반·죽·국수,서울특별시,성북구,67.8621,B
market_fit_focus,서울 상권 적합도 강화,ba_14691042,본죽 대구서재점,본그룹,백반·죽·국수,대구광역시,달성군,73.7825,B
market_fit_focus,서울 상권 적합도 강화,ba_14691269,본죽 대전도마사거리점,본그룹,백반·죽·국수,대전광역시,서구,73.7555,B
market_fit_focus,서울 상권 적합도 강화,ba_14691005,본죽&비빔밥 광주화정점,본그룹,백반·죽·국수,광주광역시,서구,73.6549,B
market_fit_focus,서울 상권 적합도 강화,ba_14574885,본죽&비빔밥 청주분평점,본그룹,백반·죽·국수,충청북도,청주시,73.5994,B
market_fit_focus,서울 상권 적합도 강화,ba_13226530,본죽&비빔밥 목동사거리점,본그룹,백반·죽·국수,서울특별시,양천구,66.0759,B
market_fit_focus,서울 상권 적합도 강화,ba_14691187,본죽&비빔밥 대구평리뉴타운점,본그룹,백반·죽·국수,대구광역시,서구,73.3546,B
market_fit_focus,서울 상권 적합도 강화,ba_13472981,굽네피자,굽네치킨,피자,경상북도,상주시,73.2590,B
market_fit_focus,서울 상권 적합도 강화,ba_14692060,본죽&비빔밥 돌곶이역점,본그룹,백반·죽·국수,서울특별시,성북구,67.0737,B
market_fit_focus,서울 상권 적합도 강화,ba_14760742,본죽&비빔밥 용인신갈점,본그룹,백반·죽·국수,경기도,용인시,73.1843,B
market_fit_focus,서울 상권 적합도 강화,ba_14689761,본죽&비빔밥 송도글로벌캠퍼스점,본그룹,백반·죽·국수,인천광역시,연수구,73.1510,B
market_fit_focus,서울 상권 적합도 강화,ba_14276685,본죽 철원점,본그룹,백반·죽·국수,강원특별자치도,철원군,73.0797,B
market_fit_focus,서울 상권 적합도 강화,ba_14687335,본죽&비빔밥 광운대역점,본그룹,백반·죽·국수,서울특별시,노원구,66.8265,B
market_fit_focus,서울 상권 적합도 강화,ba_14691292,본죽&비빔밥 대구신매시장점,본그룹,백반·죽·국수,대구광역시,수성구,73.0397,B
market_fit_focus,서울 상권 적합도 강화,ba_14687326,본죽&비빔밥 개봉점,본그룹,백반·죽·국수,서울특별시,구로구,66.7997,B
market_fit_focus,서울 상권 적합도 강화,ba_14352915,본죽&비빔밥 대구다사역점,본그룹,백반·죽·국수,대구광역시,달성군,72.9944,B
market_fit_focus,서울 상권 적합도 강화,ba_14691036,본죽&비빔밥 대구다사역점,본그룹,백반·죽·국수,대구광역시,달성군,72.9222,B
market_fit_focus,서울 상권 적합도 강화,ba_14691974,본죽&비빔밥 부산율리점,본그룹,백반·죽·국수,부산광역시,북구,72.8695,B
market_fit_focus,서울 상권 적합도 강화,ba_13973745,굽네피자 가산점,굽네치킨,피자,서울특별시,금천구,75.8549,B
market_fit_focus,서울 상권 적합도 강화,ba_14702996,본죽&비빔밥 사당연세사랑병원점,본그룹,백반·죽·국수,서울특별시,서초구,67.2310,B
market_fit_focus,서울 상권 적합도 강화,ba_14687382,본죽&비빔밥 노량진점,본그룹,백반·죽·국수,서울특별시,동작구,64.9351,C
market_fit_focus,서울 상권 적합도 강화,ba_14691044,본죽&비빔밥 대구대곡역점,본그룹,백반·죽·국수,대구광역시,달성군,72.7717,B
market_fit_focus,서울 상권 적합도 강화,ba_14692246,본죽&비빔밥 천안성성점,본그룹,백반·죽·국수,충청남도,천안시,72.6993,B
market_fit_focus,서울 상권 적합도 강화,ba_14692012,본죽&비빔밥 여수여서점,본그룹,백반·죽·국수,전라남도,여수시,72.6347,B
market_fit_focus,서울 상권 적합도 강화,ba_13234790,굽네치킨 덕정점,굽네치킨,치킨,경기도,양주시,72.5472,B
market_fit_focus,서울 상권 적합도 강화,ba_14640352,본죽&비빔밥 광주삼각점,본그룹,백반·죽·국수,광주광역시,북구,72.5368,B
market_fit_focus,서울 상권 적합도 강화,ba_14690806,본죽&비빔밥 광주백운대성초교점,본그룹,백반·죽·국수,광주광역시,남구,72.4738,B
market_fit_focus,서울 상권 적합도 강화,ba_14392310,굽네피자 등촌2동점,굽네치킨,피자,서울특별시,강서구,74.2965,B
market_fit_focus,서울 상권 적합도 강화,ba_13233592,본죽&비빔밥 대구대학교점,본그룹,백반·죽·국수,경상북도,경산시,72.3757,B
market_fit_focus,서울 상권 적합도 강화,ba_14691344,본죽&비빔밥 경산사동점,본그룹,백반·죽·국수,경상북도,경산시,72.1061,B
market_fit_focus,서울 상권 적합도 강화,ba_14689610,본죽 동인천점,본그룹,백반·죽·국수,인천광역시,중구,72.0948,B
market_fit_focus,서울 상권 적합도 강화,ba_14689940,본죽&비빔밥 안양성원점,본그룹,백반·죽·국수,경기도,안양시,71.7035,B
market_fit_focus,서울 상권 적합도 강화,ba_14688525,본죽 시흥시화병원점,본그룹,백반·죽·국수,경기도,시흥시,71.6796,B
market_fit_focus,서울 상권 적합도 강화,ba_14688907,본죽&비빔밥 고양행신역점,본그룹,백반·죽·국수,경기도,고양시,71.6183,B
market_fit_focus,서울 상권 적합도 강화,ba_14504490,본죽&비빔밥 부천순천향병원앞점,본그룹,백반·죽·국수,경기도,부천시,71.3859,B
market_fit_focus,서울 상권 적합도 강화,ba_14688180,본죽&비빔밥 왕십리뉴타운점,본그룹,백반·죽·국수,서울특별시,성동구,64.6529,C
market_fit_focus,서울 상권 적합도 강화,ba_14688363,본죽&비빔밥 목동역점,본그룹,백반·죽·국수,서울특별시,양천구,65.8108,B
market_fit_focus,서울 상권 적합도 강화,ba_14692201,본죽&비빔밥 세종반곡점,본그룹,백반·죽·국수,세종특별자치시,한누리대로,71.3039,B
market_fit_focus,서울 상권 적합도 강화,ba_14689993,본죽&비빔밥 용인구갈점,본그룹,백반·죽·국수,경기도,용인시,71.3046,B
market_fit_focus,서울 상권 적합도 강화,ba_14606315,본죽&비빔밥 의정부범골역점,본그룹,백반·죽·국수,경기도,의정부시,71.2801,B
market_fit_focus,서울 상권 적합도 강화,ba_14694278,본죽&비빔밥 오금동사거리점,본그룹,백반·죽·국수,서울특별시,송파구,64.4632,C
market_fit_focus,서울 상권 적합도 강화,ba_13243585,본죽&비빔밥 쌍문점,본그룹,백반·죽·국수,서울특별시,도봉구,64.2772,C
market_fit_focus,서울 상권 적합도 강화,ba_13984579,굽네피자 암사3동점,굽네치킨,피자,서울특별시,강동구,70.2789,B
market_fit_focus,서울 상권 적합도 강화,ba_14692433,본죽&비빔밥 충주계룡힐스점,본그룹,백반·죽·국수,충청북도,충주시,70.8400,B
market_fit_focus,서울 상권 적합도 강화,ba_13550181,본죽&비빔밥 양주고읍점,본그룹,백반·죽·국수,경기도,양주시,70.8302,B
market_fit_focus,서울 상권 적합도 강화,ba_14689756,본죽 경기광주신현점,본그룹,백반·죽·국수,경기도,광주시,70.7328,B
market_fit_focus,서울 상권 적합도 강화,ba_13249989,굽네치킨 달동점,굽네치킨,치킨,울산광역시,남구,70.6779,B
market_fit_focus,서울 상권 적합도 강화,ba_10476209,굽네치킨 경남사천점,굽네치킨,치킨,경상남도,사천시,70.6659,B
market_fit_focus,서울 상권 적합도 강화,ba_14690660,본죽&비빔밥 김해안동푸르지오점,본그룹,백반·죽·국수,경상남도,김해시,70.6702,B
market_fit_focus,서울 상권 적합도 강화,ba_14690124,본죽&비빔밥 새터마을죽전현대홈타운점,본그룹,백반·죽·국수,경기도,용인시,70.6655,B
market_fit_focus,서울 상권 적합도 강화,ba_14699201,본죽 전농동점,본그룹,백반·죽·국수,서울특별시,동대문구,65.1198,B
market_fit_focus,서울 상권 적합도 강화,ba_14720262,굽네치킨 강화온수점,굽네치킨,치킨,인천광역시,강화군,70.6399,B
market_fit_focus,서울 상권 적합도 강화,ba_13630053,본죽&비빔밥 경남사천점,본그룹,백반·죽·국수,경상남도,사천시,70.6341,B
market_fit_focus,서울 상권 적합도 강화,ba_14690673,본죽&비빔밥 광주수완점,본그룹,백반·죽·국수,광주광역시,광산구,70.5741,B
market_fit_focus,서울 상권 적합도 강화,ba_14688924,본죽&비빔밥 서대문역점,본그룹,백반·죽·국수,서울특별시,종로구,63.7344,C
market_fit_focus,서울 상권 적합도 강화,ba_14654803,본죽&비빔밥 포항이인지구점,본그룹,백반·죽·국수,경상북도,포항시,70.5092,B
market_fit_focus,서울 상권 적합도 강화,ba_14691996,본죽&비빔밥 부산덕천점,본그룹,백반·죽·국수,부산광역시,북구,70.4579,B
market_fit_focus,서울 상권 적합도 강화,ba_14690565,본죽 창원중앙동점,본그룹,백반·죽·국수,경상남도,창원시,70.1173,B
market_fit_focus,서울 상권 적합도 강화,ba_14692211,본죽&비빔밥 세종해밀점,본그룹,백반·죽·국수,세종특별자치시,해밀3로,70.0127,B
market_fit_focus,서울 상권 적합도 강화,ba_14736683,본죽&비빔밥 신림녹두거리점,본그룹,백반·죽·국수,서울특별시,관악구,64.7226,C
market_fit_focus,서울 상권 적합도 강화,ba_14712294,본죽&비빔밥 서울대입구역점,본그룹,백반·죽·국수,서울특별시,관악구,64.2693,C
market_fit_focus,서울 상권 적합도 강화,ba_13230969,본죽&비빔밥 새터마을죽전현대홈타운점,본그룹,백반·죽·국수,경기도,용인시,69.9026,B
market_fit_focus,서울 상권 적합도 강화,ba_14268780,본죽&비빔밥 세종집현점,본그룹,백반·죽·국수,세종특별자치시,남세종로,69.8063,B
market_fit_focus,서울 상권 적합도 강화,ba_14688371,본죽&비빔밥 목동사거리점,본그룹,백반·죽·국수,서울특별시,양천구,64.3369,C
market_fit_focus,서울 상권 적합도 강화,ba_14691088,본죽&비빔밥 경산터미널점,본그룹,백반·죽·국수,경상북도,경산시,69.4876,B
market_fit_focus,서울 상권 적합도 강화,ba_14719522,본죽&비빔밥 전주혁신도시점,본그룹,백반·죽·국수,전북특별자치도,완주군,69.2748,B
market_fit_focus,서울 상권 적합도 강화,ba_13752011,굽네치킨 영통2동점,굽네치킨,치킨,경기도,수원시,69.1772,B
market_fit_focus,서울 상권 적합도 강화,ba_14688656,본죽&비빔밥 문래힐스테이트점,본그룹,백반·죽·국수,서울특별시,영등포구,61.6306,C
market_fit_focus,서울 상권 적합도 강화,ba_14530939,본죽 경북청도점,본그룹,백반·죽·국수,경상북도,청도군,68.9955,B
market_fit_focus,서울 상권 적합도 강화,ba_14689485,본죽&비빔밥 수원광교역점,본그룹,백반·죽·국수,경기도,수원시,68.9555,B
market_fit_focus,서울 상권 적합도 강화,ba_14688559,본죽 용인강남대점,본그룹,백반·죽·국수,경기도,용인시,68.9111,B
market_fit_focus,서울 상권 적합도 강화,ba_14691155,본죽&비빔밥 대구침산네거리점,본그룹,백반·죽·국수,대구광역시,북구,68.6409,B
market_fit_focus,서울 상권 적합도 강화,ba_13200219,본죽&비빔밥 안성당왕점,본그룹,백반·죽·국수,경기도,안성시,68.5048,B
market_fit_focus,서울 상권 적합도 강화,ba_14513076,본죽&비빔밥 광주첨단점,본그룹,백반·죽·국수,광주광역시,광산구,68.4644,B
market_fit_focus,서울 상권 적합도 강화,ba_14689869,본죽&비빔밥 비산사거리점,본그룹,백반·죽·국수,경기도,안양시,68.4395,B
market_fit_focus,서울 상권 적합도 강화,ba_13229107,본죽 대덕테크노밸리점,본그룹,백반·죽·국수,대전광역시,유성구,68.3404,B
market_fit_focus,서울 상권 적합도 강화,ba_13787561,본죽&비빔밥 평택시청점,본그룹,백반·죽·국수,경기도,평택시,68.3393,B
market_fit_focus,서울 상권 적합도 강화,ba_14441181,굽네치킨 나주빛가람점,굽네치킨,치킨,전라남도,나주시,68.2798,B
market_fit_focus,서울 상권 적합도 강화,ba_10657170,굽네치킨 가좌1호점,굽네치킨,치킨,인천광역시,서구,68.1857,B
market_fit_focus,서울 상권 적합도 강화,ba_14251741,굽네치킨 태전점,굽네치킨,치킨,대구광역시,북구,68.1515,B
market_fit_focus,서울 상권 적합도 강화,ba_10627648,굽네치킨 상주냉림무양점,굽네치킨,치킨,경상북도,상주시,68.0726,B
market_fit_focus,서울 상권 적합도 강화,ba_14582073,굽네치킨 양주덕계점,굽네치킨,치킨,경기도,양주시,68.0227,B
market_fit_focus,서울 상권 적합도 강화,ba_10798649,굽네치킨 암사3동점,굽네치킨,치킨,서울특별시,강동구,62.4138,C
market_fit_focus,서울 상권 적합도 강화,ba_14687333,본죽&비빔밥 석계역점,본그룹,백반·죽·국수,서울특별시,노원구,62.0829,C
market_fit_focus,서울 상권 적합도 강화,ba_14688582,본죽&비빔밥 오목교역점,본그룹,백반·죽·국수,서울특별시,양천구,62.7524,C
market_fit_focus,서울 상권 적합도 강화,ba_14691194,본죽&비빔밥 대구법원점,본그룹,백반·죽·국수,대구광역시,수성구,67.6163,B
market_fit_focus,서울 상권 적합도 강화,ba_14691859,본죽&비빔밥 울산오토밸리점,본그룹,백반·죽·국수,울산광역시,북구,67.6007,B
market_fit_focus,서울 상권 적합도 강화,ba_14371606,본죽&비빔밥 부산내성교차로점,본그룹,백반·죽·국수,부산광역시,동래구,67.5185,B
market_fit_focus,서울 상권 적합도 강화,ba_13199864,본죽&비빔밥 울산남목점,본그룹,백반·죽·국수,울산광역시,동구,67.4998,B
market_fit_focus,서울 상권 적합도 강화,ba_13234089,본죽 세종고운점,본그룹,백반·죽·국수,세종특별자치시,마음로,67.4845,B
market_fit_focus,서울 상권 적합도 강화,ba_10636817,굽네치킨 양산물금점,굽네치킨,치킨,경상남도,양산시,67.4270,B
market_fit_focus,서울 상권 적합도 강화,ba_14691270,본죽&비빔밥 대구용산장기점,본그룹,백반·죽·국수,대구광역시,달서구,67.3461,B
market_fit_focus,서울 상권 적합도 강화,ba_14687340,본죽&비빔밥 방학역점,본그룹,백반·죽·국수,서울특별시,도봉구,61.8873,C
market_fit_focus,서울 상권 적합도 강화,ba_14691295,본죽&비빔밥 대구월촌역점,본그룹,백반·죽·국수,대구광역시,달서구,67.2875,B
market_fit_focus,서울 상권 적합도 강화,ba_12015187,굽네피자 길음1동점,굽네치킨,피자,서울특별시,성북구,70.9012,B
market_fit_focus,서울 상권 적합도 강화,ba_10020109,굽네치킨 부산동삼점,굽네치킨,치킨,부산광역시,영도구,67.2494,B
market_fit_focus,서울 상권 적합도 강화,ba_14688693,본죽 평촌학원가점,본그룹,백반·죽·국수,경기도,안양시,67.2457,B
market_fit_focus,서울 상권 적합도 강화,ba_14689101,본죽&비빔밥 강남성심병원점,본그룹,백반·죽·국수,서울특별시,영등포구,60.4198,C
market_fit_focus,서울 상권 적합도 강화,ba_13219094,본죽&비빔밥 남양주덕소점,본그룹,백반·죽·국수,경기도,남양주시,67.1691,B
market_fit_focus,서울 상권 적합도 강화,ba_10776500,굽네치킨 가양점,굽네치킨,치킨,서울특별시,강서구,64.2002,C
market_fit_focus,서울 상권 적합도 강화,ba_13267079,본죽&비빔밥 대전송촌점,본그룹,백반·죽·국수,대전광역시,대덕구,67.0469,B
market_fit_focus,서울 상권 적합도 강화,ba_14688570,본죽 용인상갈점,본그룹,백반·죽·국수,경기도,용인시,67.0377,B
market_fit_focus,서울 상권 적합도 강화,ba_14396364,본죽&비빔밥 용인어정역점,본그룹,백반·죽·국수,경기도,용인시,67.0442,B
market_fit_focus,서울 상권 적합도 강화,ba_14692985,본죽&비빔밥 천안청당점,본그룹,백반·죽·국수,충청남도,천안시,67.0091,B
market_fit_focus,서울 상권 적합도 강화,ba_14259741,본죽&비빔밥 춘천우두택지점,본그룹,백반·죽·국수,강원특별자치도,춘천시,66.9449,B
market_fit_focus,서울 상권 적합도 강화,ba_13226851,본죽 부산진역점,본그룹,백반·죽·국수,부산광역시,동구,66.9300,B
market_fit_focus,서울 상권 적합도 강화,ba_13412065,굽네치킨 신길뉴타운점,굽네치킨,치킨,서울특별시,영등포구,61.7296,C
market_fit_focus,서울 상권 적합도 강화,ba_14669107,굽네치킨 의정부용현점,굽네치킨,치킨,경기도,의정부시,66.8835,B
market_fit_focus,서울 상권 적합도 강화,ba_14691089,본죽&비빔밥 대전노은3지구점,본그룹,백반·죽·국수,대전광역시,유성구,66.8737,B
market_fit_focus,서울 상권 적합도 강화,ba_14332093,굽네피자 금당왕지점,굽네치킨,피자,전라남도,순천시,66.7830,B
market_fit_focus,서울 상권 적합도 강화,ba_14689608,본죽&비빔밥 평택신장점,본그룹,백반·죽·국수,경기도,평택시,66.7351,B
market_fit_focus,서울 상권 적합도 강화,ba_13730162,본죽&비빔밥 경산진량점,본그룹,백반·죽·국수,경상북도,경산시,66.6823,B
market_fit_focus,서울 상권 적합도 강화,ba_14787776,굽네치킨&피자 지제동삭점,굽네치킨,치킨,경기도,평택시,66.6613,B
market_fit_focus,서울 상권 적합도 강화,ba_13233606,본죽&비빔밥 대구칠곡관음점,본그룹,백반·죽·국수,대구광역시,북구,66.6412,B
market_fit_focus,서울 상권 적합도 강화,ba_14725627,본죽&비빔밥 가평현리점,본그룹,백반·죽·국수,경기도,가평군,66.6321,B
market_fit_focus,서울 상권 적합도 강화,ba_14688093,본죽&비빔밥 상암하늘초교점,본그룹,백반·죽·국수,서울특별시,마포구,61.2488,C
market_fit_focus,서울 상권 적합도 강화,ba_14279612,본죽&비빔밥 부산율리점,본그룹,백반·죽·국수,부산광역시,북구,66.4998,B
market_fit_focus,서울 상권 적합도 강화,ba_14728444,본죽&비빔밥 속초점,본그룹,백반·죽·국수,강원특별자치도,속초시,66.4347,B
market_fit_focus,서울 상권 적합도 강화,ba_13977167,굽네피자 연신내점,굽네치킨,피자,서울특별시,은평구,70.0950,B
market_fit_focus,서울 상권 적합도 강화,ba_13233579,본죽&비빔밥 경산터미널점,본그룹,백반·죽·국수,경상북도,경산시,66.2068,B
market_fit_focus,서울 상권 적합도 강화,ba_13181957,본죽&비빔밥 천안신불당북부점,본그룹,백반·죽·국수,충청남도,천안시,65.9139,B
market_fit_focus,서울 상권 적합도 강화,ba_10040685,굽네치킨 창원팔용점,굽네치킨,치킨,경상남도,창원시,65.7729,B
market_fit_focus,서울 상권 적합도 강화,ba_14658825,굽네치킨 문학점,굽네치킨,치킨,인천광역시,미추홀구,65.7024,B
market_fit_focus,서울 상권 적합도 강화,ba_14690704,본죽&비빔밥 김해복음병원점,본그룹,백반·죽·국수,경상남도,김해시,65.6601,B
market_fit_focus,서울 상권 적합도 강화,ba_13228668,본죽&비빔밥 대전유성온천역점,본그룹,백반·죽·국수,대전광역시,유성구,65.5993,B
market_fit_focus,서울 상권 적합도 강화,ba_14464913,굽네치킨 부산구서점,굽네치킨,치킨,부산광역시,금정구,65.6006,B
market_fit_focus,서울 상권 적합도 강화,ba_14692549,본죽&비빔밥 안양덕천래미안점,본그룹,백반·죽·국수,경기도,안양시,65.4794,B
market_fit_focus,서울 상권 적합도 강화,ba_10771255,굽네치킨 제천하소점,굽네치킨,치킨,충청북도,제천시,65.4848,B
market_fit_focus,서울 상권 적합도 강화,ba_14690053,본죽&비빔밥 동백중앙점,본그룹,백반·죽·국수,경기도,용인시,65.4435,B
market_fit_focus,서울 상권 적합도 강화,ba_14679019,굽네치킨 울산반구점,굽네치킨,치킨,울산광역시,중구,65.4185,B
market_fit_focus,서울 상권 적합도 강화,ba_13233587,본죽&비빔밥 나주혁신호수공원점,본그룹,백반·죽·국수,전라남도,나주시,65.3806,B
market_fit_focus,서울 상권 적합도 강화,ba_13473077,본죽&비빔밥 목포북항점,본그룹,백반·죽·국수,전라남도,목포시,65.3573,B
market_fit_focus,서울 상권 적합도 강화,ba_14673434,굽네치킨 죽도점,굽네치킨,치킨,경상북도,포항시,65.3427,B
market_fit_focus,서울 상권 적합도 강화,ba_14616721,본죽&비빔밥 울산오토밸리점,본그룹,백반·죽·국수,울산광역시,북구,65.3289,B
market_fit_focus,서울 상권 적합도 강화,ba_13436824,본죽&비빔밥 송탄점,본그룹,백반·죽·국수,경기도,평택시,65.2789,B
market_fit_focus,서울 상권 적합도 강화,ba_14690752,본 죽&비빔밥 양산이마트앞점,본그룹,백반·죽·국수,경상남도,양산시,65.1838,B
market_fit_focus,서울 상권 적합도 강화,ba_13249105,굽네피자 창원팔용점,굽네치킨,피자,경상남도,창원시,65.1693,B
market_fit_focus,서울 상권 적합도 강화,ba_13229173,본죽&비빔밥 대구칠곡점,본그룹,백반·죽·국수,대구광역시,북구,65.1521,B
market_fit_focus,서울 상권 적합도 강화,ba_14694577,본죽&비빔밥 대구동성로중앙점,본그룹,백반·죽·국수,대구광역시,중구,65.1138,B
market_fit_focus,서울 상권 적합도 강화,ba_13308613,본죽&비빔밥 김포걸포점,본그룹,백반·죽·국수,경기도,김포시,65.1009,B
market_fit_focus,서울 상권 적합도 강화,ba_14691372,본죽&비빔밥 구미신평비산점,본그룹,백반·죽·국수,경상북도,구미시,65.0272,B
market_fit_focus,서울 상권 적합도 강화,ba_14691273,본죽&비빔밥 대구성서용산시장점,본그룹,백반·죽·국수,대구광역시,달서구,65.0250,B
market_fit_focus,서울 상권 적합도 강화,ba_13233726,본죽 다사죽곡점,본그룹,백반·죽·국수,대구광역시,달성군,64.9660,C
market_fit_focus,서울 상권 적합도 강화,ba_14756889,본죽&비빔밥 창원대원점,본그룹,백반·죽·국수,경상남도,창원시,64.9674,C
market_fit_focus,서울 상권 적합도 강화,ba_14363013,본죽&비빔밥 광주삼각점,본그룹,백반·죽·국수,광주광역시,북구,64.9390,C
market_fit_focus,서울 상권 적합도 강화,ba_14690677,본죽&비빔밥 김해어방점,본그룹,백반·죽·국수,경상남도,김해시,64.9423,C
market_fit_focus,서울 상권 적합도 강화,ba_13265806,본죽&비빔밥 익산영등제일점,본그룹,백반·죽·국수,전북특별자치도,익산시,64.8408,C
market_fit_focus,서울 상권 적합도 강화,ba_14274675,본죽&비빔밥 충주호암점,본그룹,백반·죽·국수,충청북도,충주시,64.8143,C
market_fit_focus,서울 상권 적합도 강화,ba_14689007,본죽&비빔밥 김포신곡점,본그룹,백반·죽·국수,경기도,김포시,64.7550,C
market_fit_focus,서울 상권 적합도 강화,ba_14327700,본죽&비빔밥 부산전포점,본그룹,백반·죽·국수,부산광역시,부산진구,64.7192,C
market_fit_focus,서울 상권 적합도 강화,ba_14746216,굽네치킨&피자 내수점,굽네치킨,치킨,충청북도,청주시,64.6801,C
market_fit_focus,서울 상권 적합도 강화,ba_14332090,굽네치킨 금당왕지점,굽네치킨,치킨,전라남도,순천시,64.6388,C
market_fit_focus,서울 상권 적합도 강화,ba_14645179,본죽&비빔밥 경산임당점,본그룹,백반·죽·국수,경상북도,경산시,64.6257,C
market_fit_focus,서울 상권 적합도 강화,ba_13224802,본죽&비빔밥 안양박달점,본그룹,백반·죽·국수,경기도,안양시,64.6232,C
market_fit_focus,서울 상권 적합도 강화,ba_14698364,본죽&비빔밥 청주사창점,본그룹,백반·죽·국수,충청북도,청주시,64.4682,C
market_fit_focus,서울 상권 적합도 강화,ba_14692190,본죽&비빔밥 세종다정점,본그룹,백반·죽·국수,세종특별자치시,다정중앙로,64.4333,C
market_fit_focus,서울 상권 적합도 강화,ba_14691829,본죽 부산신평가락타운점,본그룹,백반·죽·국수,부산광역시,사하구,64.4250,C
market_fit_focus,서울 상권 적합도 강화,ba_13639608,굽네치킨 금호점,굽네치킨,치킨,광주광역시,서구,64.3897,C
market_fit_focus,서울 상권 적합도 강화,ba_14797390,굽네치킨 수원연무점,굽네치킨,치킨,경기도,수원시,64.3640,C
market_fit_focus,서울 상권 적합도 강화,ba_13226947,본죽&비빔밥 부산법조타운점,본그룹,백반·죽·국수,부산광역시,연제구,64.3369,C
market_fit_focus,서울 상권 적합도 강화,ba_14687092,본죽 동부이촌동점,본그룹,백반·죽·국수,서울특별시,용산구,57.3588,C
market_fit_focus,서울 상권 적합도 강화,ba_14686997,본죽 삼전동점,본그룹,백반·죽·국수,서울특별시,송파구,57.8779,C
market_fit_focus,서울 상권 적합도 강화,ba_14669109,굽네치킨&피자 의정부용현점,굽네치킨,치킨,경기도,의정부시,64.1551,C
market_fit_focus,서울 상권 적합도 강화,ba_13584348,굽네치킨 부산개금점,굽네치킨,치킨,부산광역시,부산진구,64.1459,C
market_fit_focus,서울 상권 적합도 강화,ba_13235535,본죽 의정부낙양점,본그룹,백반·죽·국수,경기도,의정부시,64.1513,C
market_fit_focus,서울 상권 적합도 강화,ba_14506379,본죽&비빔밥 방학역점,본그룹,백반·죽·국수,서울특별시,도봉구,58.8262,C
market_fit_focus,서울 상권 적합도 강화,ba_14484534,본죽&비빔밥 산본학원가점,본그룹,백반·죽·국수,경기도,군포시,64.0904,C
market_fit_focus,서울 상권 적합도 강화,ba_13229152,본죽&비빔밥 부산엄궁점,본그룹,백반·죽·국수,부산광역시,사상구,64.0385,C
market_fit_focus,서울 상권 적합도 강화,ba_13233578,본죽&비빔밥 대구성당뉴타운점,본그룹,백반·죽·국수,대구광역시,달서구,64.0416,C
market_fit_focus,서울 상권 적합도 강화,ba_14238012,본죽&비빔밥 안동송현점,본그룹,백반·죽·국수,경상북도,안동시,63.9727,C
market_fit_focus,서울 상권 적합도 강화,ba_14688173,본죽 구리인창아름마을점,본그룹,백반·죽·국수,경기도,구리시,63.9266,C
market_fit_focus,서울 상권 적합도 강화,ba_14449139,굽네치킨&피자 용운판암점,굽네치킨,치킨,대전광역시,동구,63.8971,C
market_fit_focus,서울 상권 적합도 강화,ba_14690378,본죽 오금점,본그룹,백반·죽·국수,서울특별시,송파구,57.5846,C
market_fit_focus,서울 상권 적합도 강화,ba_14773773,굽네치킨 고덕로데오점,굽네치킨,치킨,경기도,평택시,63.8337,C
market_fit_focus,서울 상권 적합도 강화,ba_14250328,굽네치킨&피자 인창점,굽네치킨,치킨,경기도,구리시,63.7798,C
market_fit_focus,서울 상권 적합도 강화,ba_13228520,본죽&비빔밥 성남모란시장점,본그룹,백반·죽·국수,경기도,성남시,63.7476,C
market_fit_focus,서울 상권 적합도 강화,ba_13232508,본죽&비빔밥 김해어방점,본그룹,백반·죽·국수,경상남도,김해시,63.7391,C
market_fit_focus,서울 상권 적합도 강화,ba_13379446,굽네치킨&피자 평내점,굽네치킨,치킨,경기도,남양주시,63.7251,C
market_fit_focus,서울 상권 적합도 강화,ba_14228481,굽네피자 중곡1동점,굽네치킨,피자,서울특별시,광진구,67.7131,B
market_fit_focus,서울 상권 적합도 강화,ba_14573167,본죽&비빔밥 파주금촌점,본그룹,백반·죽·국수,경기도,파주시,63.6766,C
market_fit_focus,서울 상권 적합도 강화,ba_14689625,본죽&비빔밥 평택여중사거리점,본그룹,백반·죽·국수,경기도,평택시,63.6669,C
market_fit_focus,서울 상권 적합도 강화,ba_14772844,굽네치킨&피자 양촌점,굽네치킨,치킨,경기도,김포시,63.6350,C
market_fit_focus,서울 상권 적합도 강화,ba_13233639,본죽&비빔밥 대구동성로점,본그룹,백반·죽·국수,대구광역시,중구,63.5979,C
market_fit_focus,서울 상권 적합도 강화,ba_14796833,굽네치킨&피자 성황골약점,굽네치킨,치킨,전라남도,광양시,63.5809,C
market_fit_focus,서울 상권 적합도 강화,ba_13305413,본죽&비빔밥 사당연세사랑병원점,본그룹,백반·죽·국수,서울특별시,서초구,60.8282,C
market_fit_focus,서울 상권 적합도 강화,ba_14689387,본죽&비빔밥 성남금광점,본그룹,백반·죽·국수,경기도,성남시,63.5729,C
market_fit_focus,서울 상권 적합도 강화,ba_13232110,본죽&비빔밥 부산토곡점,본그룹,백반·죽·국수,부산광역시,연제구,63.5510,C
market_fit_focus,서울 상권 적합도 강화,ba_14325499,본죽&비빔밥 충주계룡힐스점,본그룹,백반·죽·국수,충청북도,충주시,63.5370,C
market_fit_focus,서울 상권 적합도 강화,ba_14796835,굽네치킨 모라점,굽네치킨,치킨,부산광역시,사상구,63.4584,C
market_fit_focus,서울 상권 적합도 강화,ba_13168465,본죽&비빔밥 약사점,본그룹,백반·죽·국수,울산광역시,중구,63.4267,C
market_fit_focus,서울 상권 적합도 강화,ba_13477857,본죽&비빔밥 논산내동점,본그룹,백반·죽·국수,충청남도,논산시,63.3960,C
market_fit_focus,서울 상권 적합도 강화,ba_14741847,굽네치킨 거제아시아드점,굽네치킨,치킨,부산광역시,연제구,63.3932,C
market_fit_focus,서울 상권 적합도 강화,ba_14695006,본죽 안양관양동점,본그룹,백반·죽·국수,경기도,안양시,63.2733,C
market_fit_focus,서울 상권 적합도 강화,ba_13085339,굽네치킨&피자 가양점,굽네치킨,피자,서울특별시,강서구,67.3085,B
market_fit_focus,서울 상권 적합도 강화,ba_14688108,본죽&비빔밥 중앙대점,본그룹,백반·죽·국수,서울특별시,동작구,56.8018,C
market_fit_focus,서울 상권 적합도 강화,ba_14789833,굽네치킨&피자 순천풍덕점,굽네치킨,치킨,전라남도,순천시,63.2018,C
market_fit_focus,서울 상권 적합도 강화,ba_14643477,본죽&비빔밥 대구신매시장점,본그룹,백반·죽·국수,대구광역시,수성구,63.1832,C
market_fit_focus,서울 상권 적합도 강화,ba_14747382,굽네치킨&피자 양주광적점,굽네치킨,치킨,경기도,양주시,63.1532,C
market_fit_focus,서울 상권 적합도 강화,ba_14267053,굽네치킨&피자 마장점,굽네치킨,치킨,경기도,이천시,63.1297,C
market_fit_focus,서울 상권 적합도 강화,ba_10497667,굽네치킨 온의퇴계점,굽네치킨,치킨,강원특별자치도,춘천시,63.0996,C
market_fit_focus,서울 상권 적합도 강화,ba_14688707,본죽 명학역점,본그룹,백반·죽·국수,경기도,안양시,63.0123,C
market_fit_focus,서울 상권 적합도 강화,ba_14525069,굽네치킨 다산중앙점,굽네치킨,치킨,경기도,남양주시,63.0017,C
market_fit_focus,서울 상권 적합도 강화,ba_14691084,본죽&비빔밥 대전죽동점,본그룹,백반·죽·국수,대전광역시,유성구,62.9137,C
market_fit_focus,서울 상권 적합도 강화,ba_10706208,굽네치킨 부산우동점,굽네치킨,치킨,부산광역시,해운대구,62.8333,C
market_fit_focus,서울 상권 적합도 강화,ba_14663126,굽네치킨 통영죽림점,굽네치킨,치킨,경상남도,통영시,62.8219,C
market_fit_focus,서울 상권 적합도 강화,ba_14700213,본죽&비빔밥 김포마산점,본그룹,백반·죽·국수,경기도,김포시,62.7947,C
market_fit_focus,서울 상권 적합도 강화,ba_14688982,본죽&비빔밥 군포당정동점,본그룹,백반·죽·국수,경기도,군포시,62.7934,C
market_fit_focus,서울 상권 적합도 강화,ba_14548743,굽네치킨 다산가운지금점,굽네치킨,치킨,경기도,남양주시,62.7761,C
market_fit_focus,서울 상권 적합도 강화,ba_13233554,본죽 대구서재점,본그룹,백반·죽·국수,대구광역시,달성군,62.7417,C
market_fit_focus,서울 상권 적합도 강화,ba_14691908,본죽&비빔밥 부경대경성대점,본그룹,백반·죽·국수,부산광역시,남구,62.7307,C
market_fit_focus,서울 상권 적합도 강화,ba_14688196,본죽 홍제점,본그룹,백반·죽·국수,서울특별시,서대문구,58.4493,C
market_fit_focus,서울 상권 적합도 강화,ba_13230921,본죽&비빔밥 문래홈플러스점,본그룹,백반·죽·국수,서울특별시,영등포구,57.2780,C
market_fit_focus,서울 상권 적합도 강화,ba_13228453,본죽&비빔밥 부산명지국제중앙점,본그룹,백반·죽·국수,부산광역시,강서구,62.6910,C
market_fit_focus,서울 상권 적합도 강화,ba_14689441,본죽&비빔밥 이천마장점,본그룹,백반·죽·국수,경기도,이천시,62.6247,C
market_fit_focus,서울 상권 적합도 강화,ba_14690050,본죽&비빔밥 검단파라곤센트럴점,본그룹,백반·죽·국수,인천광역시,서구,62.5956,C
market_fit_focus,서울 상권 적합도 강화,ba_13233688,본죽 대구세천점,본그룹,백반·죽·국수,대구광역시,달성군,62.5790,C
market_fit_focus,서울 상권 적합도 강화,ba_14799629,굽네치킨 수원신동점,굽네치킨,치킨,경기도,수원시,62.5683,C
market_fit_focus,서울 상권 적합도 강화,ba_13596730,굽네치킨 대구혁신점,굽네치킨,치킨,대구광역시,동구,62.5046,C
market_fit_focus,서울 상권 적합도 강화,ba_10597203,굽네치킨 광주상무점,굽네치킨,치킨,광주광역시,서구,62.4628,C
market_fit_focus,서울 상권 적합도 강화,ba_13223538,본죽&비빔밥 인천신포동점,본그룹,백반·죽·국수,인천광역시,중구,62.4480,C
market_fit_focus,서울 상권 적합도 강화,ba_10774000,굽네치킨 울산삼산점,굽네치킨,치킨,울산광역시,남구,62.4408,C
market_fit_focus,서울 상권 적합도 강화,ba_14687322,본죽&비빔밥 구의시장점,본그룹,백반·죽·국수,서울특별시,광진구,56.9976,C
market_fit_focus,서울 상권 적합도 강화,ba_14629918,굽네치킨 양지동점,굽네치킨,치킨,경기도,성남시,62.4029,C
market_fit_focus,서울 상권 적합도 강화,ba_14772060,굽네치킨&피자 천호1동점,굽네치킨,치킨,서울특별시,강동구,58.9571,C
market_fit_focus,서울 상권 적합도 강화,ba_13233212,본죽 통영점,본그룹,백반·죽·국수,경상남도,통영시,62.3391,C
market_fit_focus,서울 상권 적합도 강화,ba_13234188,본죽&비빔밥 경산중산점,본그룹,백반·죽·국수,경상북도,경산시,62.3091,C
market_fit_focus,서울 상권 적합도 강화,ba_14360458,본죽&비빔밥 충북오송점,본그룹,백반·죽·국수,충청북도,청주시,62.2970,C
market_fit_focus,서울 상권 적합도 강화,ba_14780115,굽네치킨&피자 부사문창점,굽네치킨,치킨,대전광역시,중구,62.2736,C
market_fit_focus,서울 상권 적합도 강화,ba_13928548,굽네치킨&피자 성남용전점,굽네치킨,치킨,대전광역시,동구,62.2371,C
market_fit_focus,서울 상권 적합도 강화,ba_14689545,본죽&비빔밥 파주야당역점,본그룹,백반·죽·국수,경기도,파주시,62.1972,C
market_fit_focus,서울 상권 적합도 강화,ba_14688751,본죽&비빔밥 여의도역점,본그룹,백반·죽·국수,서울특별시,영등포구,56.6232,C
market_fit_focus,서울 상권 적합도 강화,ba_14692212,본죽&비빔밥 세종대평점,본그룹,백반·죽·국수,세종특별자치시,한누리대로,62.0215,C
market_fit_focus,서울 상권 적합도 강화,ba_14789844,굽네치킨 부산우2동점,굽네치킨,치킨,부산광역시,해운대구,61.9702,C
market_fit_focus,서울 상권 적합도 강화,ba_14256619,본죽&비빔밥 비산사거리점,본그룹,백반·죽·국수,경기도,안양시,61.9567,C
market_fit_focus,서울 상권 적합도 강화,ba_14691791,본죽 부산숙등역부민병원점,본그룹,백반·죽·국수,부산광역시,북구,61.9601,C
market_fit_focus,서울 상권 적합도 강화,ba_14688765,본죽&비빔밥 영등포시장역점,본그룹,백반·죽·국수,서울특별시,영등포구,55.7055,C
market_fit_focus,서울 상권 적합도 강화,ba_10759478,굽네치킨 남목점,굽네치킨,치킨,울산광역시,동구,61.9090,C
market_fit_focus,서울 상권 적합도 강화,ba_14456826,본죽&비빔밥 청주오송파라곤점,본그룹,백반·죽·국수,충청북도,청주시,61.8958,C
market_fit_focus,서울 상권 적합도 강화,ba_14653291,굽네피자 울산중앙점,굽네치킨,피자,울산광역시,중구,61.8376,C
market_fit_focus,서울 상권 적합도 강화,ba_14541579,굽네치킨 킨텍스호수공원점,굽네치킨,치킨,경기도,고양시,61.8121,C
market_fit_focus,서울 상권 적합도 강화,ba_14228480,굽네치킨 중곡1동점,굽네치킨,치킨,서울특별시,광진구,66.0001,B
market_fit_focus,서울 상권 적합도 강화,ba_13231795,본죽&비빔밥 인천간석남부역점,본그룹,백반·죽·국수,인천광역시,남동구,61.7094,C
market_fit_focus,서울 상권 적합도 강화,ba_13539979,본죽&비빔밥 대전신탄점,본그룹,백반·죽·국수,대전광역시,대덕구,61.5697,C
market_fit_focus,서울 상권 적합도 강화,ba_10040679,굽네치킨 칠암망경점,굽네치킨,치킨,경상남도,진주시,61.5357,C
market_fit_focus,서울 상권 적합도 강화,ba_13227543,본죽&비빔밥 부경대경성대점,본그룹,백반·죽·국수,부산광역시,남구,61.5041,C
market_fit_focus,서울 상권 적합도 강화,ba_13237700,본죽&비빔밥 김해내외동점,본그룹,백반·죽·국수,경상남도,김해시,61.4779,C
market_fit_focus,서울 상권 적합도 강화,ba_13236584,본죽 군포당동점,본그룹,백반·죽·국수,경기도,군포시,61.4426,C
market_fit_focus,서울 상권 적합도 강화,ba_14775877,굽네치킨&피자 세종아름점,굽네치킨,치킨,세종특별자치시,세종로,61.4174,C
market_fit_focus,서울 상권 적합도 강화,ba_14743271,본죽&비빔밥 안양석수점,본그룹,백반·죽·국수,경기도,안양시,61.4065,C
market_fit_focus,서울 상권 적합도 강화,ba_14788494,굽네치킨 경화태백점,굽네치킨,치킨,경상남도,창원시,61.3969,C
market_fit_focus,서울 상권 적합도 강화,ba_14687327,본죽&비빔밥 시흥사거리점,본그룹,백반·죽·국수,서울특별시,금천구,58.6419,C
market_fit_focus,서울 상권 적합도 강화,ba_14249433,굽네치킨 부산하단점,굽네치킨,치킨,부산광역시,사하구,61.3071,C
market_fit_focus,서울 상권 적합도 강화,ba_14336642,굽네치킨&피자 상대원점,굽네치킨,치킨,경기도,성남시,61.3030,C
market_fit_focus,서울 상권 적합도 강화,ba_14783596,굽네치킨 사상역점,굽네치킨,치킨,부산광역시,사상구,61.2431,C
market_fit_focus,서울 상권 적합도 강화,ba_13231958,본죽 송도센트럴파크점,본그룹,백반·죽·국수,인천광역시,연수구,61.2026,C
market_fit_focus,서울 상권 적합도 강화,ba_14773140,굽네치킨 효자중화산1호점,굽네치킨,치킨,전북특별자치도,전주시,61.2029,C
market_fit_focus,서울 상권 적합도 강화,ba_10469515,굽네치킨&피자 성서계명대점,굽네치킨,치킨,대구광역시,달서구,61.1658,C
market_fit_focus,서울 상권 적합도 강화,ba_14695290,본죽&비빔밥 용산센트럴점,본그룹,백반·죽·국수,서울특별시,용산구,54.7043,C
market_fit_focus,서울 상권 적합도 강화,ba_14773135,본죽&비빔밥 용인보라점,본그룹,백반·죽·국수,경기도,용인시,61.0561,C
market_fit_focus,서울 상권 적합도 강화,ba_10872945,굽네치킨 대구대현점,굽네치킨,치킨,대구광역시,북구,61.0545,C
market_fit_focus,서울 상권 적합도 강화,ba_14783137,굽네치킨 포천이동점,굽네치킨,치킨,경기도,포천시,60.9781,C
market_fit_focus,서울 상권 적합도 강화,ba_14688182,본죽 수내푸른마을점,본그룹,백반·죽·국수,경기도,성남시,60.8955,C
market_fit_focus,서울 상권 적합도 강화,ba_14782170,굽네치킨 수산점,굽네치킨,치킨,경상남도,밀양시,60.8674,C
market_fit_focus,서울 상권 적합도 강화,ba_14528412,굽네피자 봉동점,굽네치킨,피자,전북특별자치도,완주군,60.8346,C
market_fit_focus,서울 상권 적합도 강화,ba_14739815,굽네치킨&피자 신창신가점,굽네치킨,치킨,광주광역시,광산구,60.8189,C
market_fit_focus,서울 상권 적합도 강화,ba_13973901,굽네피자 강원횡성점,굽네치킨,피자,강원특별자치도,횡성군,60.7927,C
market_fit_focus,서울 상권 적합도 강화,ba_14782523,굽네치킨&피자 동부산오시리아점,굽네치킨,치킨,부산광역시,기장군,60.7622,C
market_fit_focus,서울 상권 적합도 강화,ba_14689454,본죽&비빔밥 광교아브뉴프랑점,본그룹,백반·죽·국수,경기도,수원시,60.6664,C
market_fit_focus,서울 상권 적합도 강화,ba_14692459,본죽&비빔밥 천안불당점,본그룹,백반·죽·국수,충청남도,천안시,60.6519,C
market_fit_focus,서울 상권 적합도 강화,ba_14736681,본죽&비빔밥 신림녹두거리점,본그룹,백반·죽·국수,서울특별시,관악구,54.6978,C
market_fit_focus,서울 상권 적합도 강화,ba_14767932,본죽&비빔밥 신중동점,본그룹,백반·죽·국수,경기도,부천시,60.5655,C
market_fit_focus,서울 상권 적합도 강화,ba_13451078,본죽&비빔밥 김포신곡점,본그룹,백반·죽·국수,경기도,김포시,60.5451,C
market_fit_focus,서울 상권 적합도 강화,ba_14689472,본죽&비빔밥 수원율전점,본그룹,백반·죽·국수,경기도,수원시,60.5250,C
market_fit_focus,서울 상권 적합도 강화,ba_14593720,굽네치킨&피자 무주읍점,굽네치킨,치킨,전북특별자치도,무주군,60.4625,C
market_fit_focus,서울 상권 적합도 강화,ba_13313413,굽네치킨&피자 대전도마점,굽네치킨,치킨,대전광역시,서구,60.4621,C
market_fit_focus,서울 상권 적합도 강화,ba_10022124,굽네치킨 삼산2동점,굽네치킨,치킨,인천광역시,부평구,60.4384,C
market_fit_focus,서울 상권 적합도 강화,ba_13223711,본죽&비빔밥 중앙대점,본그룹,백반·죽·국수,서울특별시,동작구,54.9589,C
market_fit_focus,서울 상권 적합도 강화,ba_13233457,본죽&비빔밥 대구용산장기점,본그룹,백반·죽·국수,대구광역시,달서구,60.3722,C
market_fit_focus,서울 상권 적합도 강화,ba_14782607,굽네치킨 경산중방점,굽네치킨,치킨,경상북도,경산시,60.3182,C
market_fit_focus,서울 상권 적합도 강화,ba_14782074,굽네치킨 관음점,굽네치킨,치킨,대구광역시,북구,60.3240,C
market_fit_focus,서울 상권 적합도 강화,ba_14578524,굽네치킨 세천점,굽네치킨,치킨,대구광역시,달성군,60.2263,C
market_fit_focus,서울 상권 적합도 강화,ba_14458025,굽네치킨 울산공업탑점,굽네치킨,치킨,울산광역시,남구,60.1663,C
market_fit_focus,서울 상권 적합도 강화,ba_14791302,굽네치킨 초읍점,굽네치킨,치킨,부산광역시,부산진구,60.1575,C
market_fit_focus,서울 상권 적합도 강화,ba_14625157,굽네치킨 금촌점,굽네치킨,치킨,경기도,파주시,60.0871,C
market_fit_focus,서울 상권 적합도 강화,ba_14248059,굽네치킨 은행선화점,굽네치킨,치킨,대전광역시,중구,60.0526,C
market_fit_focus,서울 상권 적합도 강화,ba_13769748,굽네치킨 괴산점,굽네치킨,치킨,충청북도,괴산군,59.9431,C
market_fit_focus,서울 상권 적합도 강화,ba_14691949,본죽&비빔밥 부산범일점,본그룹,백반·죽·국수,부산광역시,동구,59.8361,C
market_fit_focus,서울 상권 적합도 강화,ba_14721018,굽네치킨&피자 대구서재점,굽네치킨,치킨,대구광역시,달성군,59.8235,C
market_fit_focus,서울 상권 적합도 강화,ba_14691172,본죽 대구산격점,본그룹,백반·죽·국수,대구광역시,북구,59.8051,C
market_fit_focus,서울 상권 적합도 강화,ba_14692551,본죽&비빔밥 당산점,본그룹,백반·죽·국수,서울특별시,영등포구,54.2434,C
market_fit_focus,서울 상권 적합도 강화,ba_13504506,본죽&비빔밥 세종반곡점,본그룹,백반·죽·국수,세종특별자치시,한누리대로,59.6955,C
market_fit_focus,서울 상권 적합도 강화,ba_10432360,굽네치킨 영주휴천점,굽네치킨,치킨,경상북도,영주시,59.6602,C
market_fit_focus,서울 상권 적합도 강화,ba_14688728,본죽&비빔밥 판교역점,본그룹,백반·죽·국수,경기도,성남시,59.5914,C
market_fit_focus,서울 상권 적합도 강화,ba_14694670,본죽&비빔밥 충무로역점,본그룹,백반·죽·국수,서울특별시,중구,53.2379,C
market_fit_focus,서울 상권 적합도 강화,ba_14688631,본죽&비빔밥 부천소새울역점,본그룹,백반·죽·국수,경기도,부천시,59.5561,C
market_fit_focus,서울 상권 적합도 강화,ba_14690086,본죽&비빔밥 수지상현점,본그룹,백반·죽·국수,경기도,용인시,59.5376,C
market_fit_focus,서울 상권 적합도 강화,ba_14270904,굽네치킨 원미점,굽네치킨,치킨,경기도,부천시,59.4813,C
market_fit_focus,서울 상권 적합도 강화,ba_14687350,본죽&비빔밥 구로구청점,본그룹,백반·죽·국수,서울특별시,구로구,54.5468,C
market_fit_focus,서울 상권 적합도 강화,ba_10841421,굽네치킨 인계점,굽네치킨,치킨,경기도,수원시,59.3993,C
market_fit_focus,서울 상권 적합도 강화,ba_14740022,굽네치킨 신봉점,굽네치킨,치킨,경기도,용인시,59.2862,C
market_fit_focus,서울 상권 적합도 강화,ba_14729159,굽네치킨 원대자이점,굽네치킨,치킨,대구광역시,서구,59.1970,C
market_fit_focus,서울 상권 적합도 강화,ba_13228878,본죽 대전도마사거리점,본그룹,백반·죽·국수,대전광역시,서구,59.1629,C
market_fit_focus,서울 상권 적합도 강화,ba_14798760,굽네치킨&피자 도래울점,굽네치킨,치킨,경기도,고양시,59.1025,C
market_fit_focus,서울 상권 적합도 강화,ba_14575172,굽네치킨 좌4동점,굽네치킨,치킨,부산광역시,해운대구,59.0391,C
market_fit_focus,서울 상권 적합도 강화,ba_10750970,굽네치킨 청주강서지구점,굽네치킨,치킨,충청북도,청주시,59.0421,C
market_fit_focus,서울 상권 적합도 강화,ba_13233463,본죽&비빔밥 대구북구청점,본그룹,백반·죽·국수,대구광역시,북구,58.9561,C
market_fit_focus,서울 상권 적합도 강화,ba_13230834,본죽&비빔밥 송도신도시점,본그룹,백반·죽·국수,인천광역시,연수구,58.9406,C
market_fit_focus,서울 상권 적합도 강화,ba_14390691,본죽&비빔밥 경산옥곡점,본그룹,백반·죽·국수,경상북도,경산시,58.9103,C
market_fit_focus,서울 상권 적합도 강화,ba_14599973,굽네치킨 파주법원점,굽네치킨,치킨,경기도,파주시,58.9130,C
market_fit_focus,서울 상권 적합도 강화,ba_13612153,본죽&비빔밥 철산역점,본그룹,백반·죽·국수,경기도,광명시,58.8223,C
market_fit_focus,서울 상권 적합도 강화,ba_14760741,본죽&비빔밥 용인신갈점,본그룹,백반·죽·국수,경기도,용인시,58.7494,C
market_fit_focus,서울 상권 적합도 강화,ba_14689409,본죽&비빔밥 수원권선롯데마트점,본그룹,백반·죽·국수,경기도,수원시,58.7167,C
market_fit_focus,서울 상권 적합도 강화,ba_14690695,본죽&비빔밥 김해구산점,본그룹,백반·죽·국수,경상남도,김해시,58.7023,C
market_fit_focus,서울 상권 적합도 강화,ba_13235588,본죽 성균관대점,본그룹,백반·죽·국수,서울특별시,종로구,52.1350,C
market_fit_focus,서울 상권 적합도 강화,ba_13230879,본죽&비빔밥 강남성심병원점,본그룹,백반·죽·국수,서울특별시,영등포구,52.1276,C
market_fit_focus,서울 상권 적합도 강화,ba_14654080,굽네치킨 부산명장점,굽네치킨,치킨,부산광역시,동래구,58.5644,C
market_fit_focus,서울 상권 적합도 강화,ba_14700905,본죽&비빔밥 호탄점,본그룹,백반·죽·국수,경상남도,진주시,58.5417,C
market_fit_focus,서울 상권 적합도 강화,ba_14719554,본죽&비빔밥 파주금릉역점,본그룹,백반·죽·국수,경기도,파주시,58.5428,C
market_fit_focus,서울 상권 적합도 강화,ba_14603467,본죽&비빔밥 천안불당점,본그룹,백반·죽·국수,충청남도,천안시,58.5247,C
market_fit_focus,서울 상권 적합도 강화,ba_14691894,본죽 광양마동점,본그룹,백반·죽·국수,전라남도,광양시,58.4854,C
market_fit_focus,서울 상권 적합도 강화,ba_14689855,본죽&비빔밥 안양동편마을점,본그룹,백반·죽·국수,경기도,안양시,58.3984,C
market_fit_focus,서울 상권 적합도 강화,ba_14260091,굽네치킨 부평역점,굽네치킨,치킨,인천광역시,부평구,58.3972,C
market_fit_focus,서울 상권 적합도 강화,ba_13230838,본죽&비빔밥 시흥사거리점,본그룹,백반·죽·국수,서울특별시,금천구,54.4185,C
market_fit_focus,서울 상권 적합도 강화,ba_14690154,본죽&비빔밥 대화역점,본그룹,백반·죽·국수,경기도,고양시,58.3634,C
market_fit_focus,서울 상권 적합도 강화,ba_14691813,본죽&비빔밥 울산호계점,본그룹,백반·죽·국수,울산광역시,북구,58.3298,C
market_fit_focus,서울 상권 적합도 강화,ba_13471384,본죽&비빔밥 통영죽림점,본그룹,백반·죽·국수,경상남도,통영시,58.3221,C
market_fit_focus,서울 상권 적합도 강화,ba_14689395,본죽&비빔밥 용인둔전점,본그룹,백반·죽·국수,경기도,용인시,58.2652,C
market_fit_focus,서울 상권 적합도 강화,ba_14720263,굽네피자 강화온수점,굽네치킨,피자,인천광역시,강화군,58.2381,C
market_fit_focus,서울 상권 적합도 강화,ba_14688684,본죽&비빔밥 부천심곡본동점,본그룹,백반·죽·국수,경기도,부천시,58.2328,C
market_fit_focus,서울 상권 적합도 강화,ba_14691797,본죽&비빔밥 부산모라점,본그룹,백반·죽·국수,부산광역시,사상구,58.1950,C
market_fit_focus,서울 상권 적합도 강화,ba_10705443,굽네치킨 거제연초점,굽네치킨,치킨,경상남도,거제시,58.1333,C
market_fit_focus,서울 상권 적합도 강화,ba_13188150,본죽&비빔밥 제주법원점,본그룹,백반·죽·국수,제주특별자치도,제주시,58.1262,C
market_fit_focus,서울 상권 적합도 강화,ba_13522931,본죽&비빔밥 파주문산점,본그룹,백반·죽·국수,경기도,파주시,58.1212,C
market_fit_focus,서울 상권 적합도 강화,ba_13222051,본죽&비빔밥 이천점,본그룹,백반·죽·국수,경기도,이천시,58.1182,C
market_fit_focus,서울 상권 적합도 강화,ba_14688563,본죽&비빔밥 신정네거리역점,본그룹,백반·죽·국수,서울특별시,양천구,54.1728,C
market_fit_focus,서울 상권 적합도 강화,ba_10739524,굽네치킨 강원횡성점,굽네치킨,치킨,강원특별자치도,횡성군,58.0413,C
market_fit_focus,서울 상권 적합도 강화,ba_13233445,본죽&비빔밥 여수죽림점,본그룹,백반·죽·국수,전라남도,여수시,58.0203,C
market_fit_focus,서울 상권 적합도 강화,ba_13539608,굽네치킨 창원중앙점,굽네치킨,치킨,경상남도,창원시,58.0226,C
market_fit_focus,서울 상권 적합도 강화,ba_10604883,굽네치킨 거제고현점,굽네치킨,치킨,경상남도,거제시,57.9885,C
market_fit_focus,서울 상권 적합도 강화,ba_14671974,굽네피자 부산동삼점,굽네치킨,피자,부산광역시,영도구,57.9581,C
market_fit_focus,서울 상권 적합도 강화,ba_14708789,본죽&비빔밥 파주금릉역점,본그룹,백반·죽·국수,경기도,파주시,57.9406,C
market_fit_focus,서울 상권 적합도 강화,ba_14652929,굽네치킨 울산중앙점,굽네치킨,치킨,울산광역시,중구,57.9340,C
market_fit_focus,서울 상권 적합도 강화,ba_14591780,굽네치킨&피자 금산읍점,굽네치킨,치킨,충청남도,금산군,57.8933,C
market_fit_focus,서울 상권 적합도 강화,ba_14267751,굽네치킨 신정7동점,굽네치킨,치킨,서울특별시,양천구,55.0572,C
market_fit_focus,서울 상권 적합도 강화,ba_14273478,굽네피자 원미점,굽네치킨,피자,경기도,부천시,57.7463,C
market_fit_focus,서울 상권 적합도 강화,ba_14691178,본죽&비빔밥 대구서구청점,본그룹,백반·죽·국수,대구광역시,서구,57.7476,C
market_fit_focus,서울 상권 적합도 강화,ba_14688614,본죽 안산본오1동점,본그룹,백반·죽·국수,경기도,안산시,57.7260,C
market_fit_focus,서울 상권 적합도 강화,ba_13227516,본죽&비빔밥 부산동래점,본그룹,백반·죽·국수,부산광역시,동래구,57.7179,C
market_fit_focus,서울 상권 적합도 강화,ba_14689595,본죽&비빔밥 시흥배곧점,본그룹,백반·죽·국수,경기도,시흥시,57.6758,C
market_fit_focus,서울 상권 적합도 강화,ba_14689496,본죽&비빔밥 수원역매산점,본그룹,백반·죽·국수,경기도,수원시,57.6797,C
market_fit_focus,서울 상권 적합도 강화,ba_14689464,본죽&비빔밥 파주금촌점,본그룹,백반·죽·국수,경기도,파주시,57.6352,C
market_fit_focus,서울 상권 적합도 강화,ba_14581239,굽네치킨 여좌중앙점,굽네치킨,치킨,경상남도,창원시,57.6377,C
market_fit_focus,서울 상권 적합도 강화,ba_14688338,본죽 부천대성병원점,본그룹,백반·죽·국수,경기도,부천시,57.6404,C
market_fit_focus,서울 상권 적합도 강화,ba_14528279,굽네치킨 봉동점,굽네치킨,치킨,전북특별자치도,완주군,57.5874,C
market_fit_focus,서울 상권 적합도 강화,ba_14441192,굽네피자 나주빛가람점,굽네치킨,피자,전라남도,나주시,57.5185,C
market_fit_focus,서울 상권 적합도 강화,ba_14440681,굽네피자 면목점,굽네치킨,피자,서울특별시,중랑구,62.2049,C
market_fit_focus,서울 상권 적합도 강화,ba_14437626,굽네치킨&피자 대구읍내점,굽네치킨,치킨,대구광역시,북구,57.4219,C
market_fit_focus,서울 상권 적합도 강화,ba_10401021,굽네치킨 가산점,굽네치킨,치킨,서울특별시,금천구,53.5349,C
market_fit_focus,서울 상권 적합도 강화,ba_13203399,본죽&비빔밥 제주강정점,본그룹,백반·죽·국수,제주특별자치도,서귀포시,57.2991,C
market_fit_focus,서울 상권 적합도 강화,ba_14688697,본죽&비빔밥 신풍역점,본그룹,백반·죽·국수,서울특별시,영등포구,51.5162,C
market_fit_focus,서울 상권 적합도 강화,ba_10041246,굽네치킨 수색증산점,굽네치킨,치킨,서울특별시,은평구,56.4152,C
market_fit_focus,서울 상권 적합도 강화,ba_14229365,굽네치킨&피자 중곡1동점,굽네치킨,치킨,서울특별시,광진구,58.4226,C
market_fit_focus,서울 상권 적합도 강화,ba_10739556,굽네치킨 양산석산점,굽네치킨,치킨,경상남도,양산시,57.2340,C
market_fit_focus,서울 상권 적합도 강화,ba_10698315,굽네치킨 풍기점,굽네치킨,치킨,경상북도,영주시,57.2306,C
market_fit_focus,서울 상권 적합도 강화,ba_14488211,굽네치킨&피자 풍동점,굽네치킨,치킨,경기도,고양시,57.2250,C
market_fit_focus,서울 상권 적합도 강화,ba_14749296,굽네치킨&피자 석촌고분점,굽네치킨,치킨,서울특별시,송파구,52.8012,C
market_fit_focus,서울 상권 적합도 강화,ba_14716102,본죽&비빔밥 의정부발곡점,본그룹,백반·죽·국수,경기도,의정부시,57.2231,C
market_fit_focus,서울 상권 적합도 강화,ba_14767931,본죽&비빔밥 신중동점,본그룹,백반·죽·국수,경기도,부천시,57.2166,C
market_fit_focus,서울 상권 적합도 강화,ba_14706394,본죽&비빔밥 호탄점,본그룹,백반·죽·국수,경상남도,진주시,57.1447,C
market_fit_focus,서울 상권 적합도 강화,ba_14690725,본죽&비빔밥 광주주월점,본그룹,백반·죽·국수,광주광역시,남구,57.1347,C
market_fit_focus,서울 상권 적합도 강화,ba_14604237,굽네치킨 울산다운점,굽네치킨,치킨,울산광역시,중구,57.0960,C
market_fit_focus,서울 상권 적합도 강화,ba_13233506,본죽 광양마동점,본그룹,백반·죽·국수,전라남도,광양시,57.0820,C
market_fit_focus,서울 상권 적합도 강화,ba_13234193,본죽 경주황성점,본그룹,백반·죽·국수,경상북도,경주시,57.0795,C
market_fit_focus,서울 상권 적합도 강화,ba_14691330,본죽&비빔밥 구미형곡송정점,본그룹,백반·죽·국수,경상북도,구미시,57.0441,C
market_fit_focus,서울 상권 적합도 강화,ba_13052096,굽네치킨 구로5동점,굽네치킨,치킨,서울특별시,구로구,53.7997,C
market_fit_focus,서울 상권 적합도 강화,ba_10509105,굽네치킨&피자 강저지구점,굽네치킨,치킨,충청북도,제천시,57.0015,C
market_fit_focus,서울 상권 적합도 강화,ba_14799070,굽네치킨&피자 전남나주점,굽네치킨,치킨,전라남도,나주시,56.9583,C
market_fit_focus,서울 상권 적합도 강화,ba_14712797,굽네치킨 논공점,굽네치킨,치킨,대구광역시,달성군,56.9496,C
market_fit_focus,서울 상권 적합도 강화,ba_14463467,굽네치킨 화명신도시점,굽네치킨,치킨,부산광역시,북구,56.9356,C
market_fit_focus,서울 상권 적합도 강화,ba_14690577,본죽&비빔밥 포항양덕점,본그룹,백반·죽·국수,경상북도,포항시,56.9305,C
market_fit_focus,서울 상권 적합도 강화,ba_14671490,굽네피자 영천중앙점,굽네치킨,피자,경상북도,영천시,56.9029,C
market_fit_focus,서울 상권 적합도 강화,ba_14454741,본죽&비빔밥 부천소새울역점,본그룹,백반·죽·국수,경기도,부천시,56.8586,C
market_fit_focus,서울 상권 적합도 강화,ba_10016162,굽네치킨 신월사파점,굽네치킨,치킨,경상남도,창원시,56.8483,C
market_fit_focus,서울 상권 적합도 강화,ba_14691751,본죽&비빔밥 대전판암점,본그룹,백반·죽·국수,대전광역시,동구,56.8253,C
market_fit_focus,서울 상권 적합도 강화,ba_14687315,본죽&비빔밥 뚝섬유원지역점,본그룹,백반·죽·국수,서울특별시,광진구,52.0136,C
market_fit_focus,서울 상권 적합도 강화,ba_13236479,본죽 군포지샘병원점,본그룹,백반·죽·국수,경기도,군포시,56.7281,C
market_fit_focus,서울 상권 적합도 강화,ba_14673431,굽네치킨 부산온천점,굽네치킨,치킨,부산광역시,동래구,56.7136,C
market_fit_focus,서울 상권 적합도 강화,ba_14754893,본죽&비빔밥 일산탄현큰마을점,본그룹,백반·죽·국수,경기도,고양시,56.6018,C
market_fit_focus,서울 상권 적합도 강화,ba_13225842,본죽 동인천점,본그룹,백반·죽·국수,인천광역시,중구,56.5723,C
market_fit_focus,서울 상권 적합도 강화,ba_14623314,굽네치킨 충효점,굽네치킨,치킨,경상북도,경주시,56.5514,C
market_fit_focus,서울 상권 적합도 강화,ba_14564492,본죽&비빔밥 대구신월성점,본그룹,백반·죽·국수,대구광역시,달서구,56.4972,C
market_fit_focus,서울 상권 적합도 강화,ba_14715313,굽네치킨&피자 홍은1동점,굽네치킨,치킨,서울특별시,서대문구,55.7341,C
market_fit_focus,서울 상권 적합도 강화,ba_14687115,본죽 강서구청점,본그룹,백반·죽·국수,서울특별시,강서구,51.0502,C
market_fit_focus,서울 상권 적합도 강화,ba_14795104,굽네치킨 독산스타점,굽네치킨,치킨,서울특별시,금천구,52.2044,C
market_fit_focus,서울 상권 적합도 강화,ba_14687341,본죽&비빔밥 봉천역점,본그룹,백반·죽·국수,서울특별시,관악구,51.9992,C
market_fit_focus,서울 상권 적합도 강화,ba_14598667,본죽&비빔밥 조치원죽림점,본그룹,백반·죽·국수,세종특별자치시,조치원읍,56.0897,C
market_fit_focus,서울 상권 적합도 강화,ba_14694145,본죽&비빔밥 합정역점,본그룹,백반·죽·국수,서울특별시,마포구,52.0350,C
market_fit_focus,서울 상권 적합도 강화,ba_14671483,굽네치킨 영천중앙점,굽네치킨,치킨,경상북도,영천시,55.9834,C
market_fit_focus,서울 상권 적합도 강화,ba_14735878,본죽&비빔밥 시흥능곡점,본그룹,백반·죽·국수,경기도,시흥시,55.9744,C
market_fit_focus,서울 상권 적합도 강화,ba_13975731,굽네피자 신길뉴타운점,굽네치킨,피자,서울특별시,영등포구,58.5814,C
market_fit_focus,서울 상권 적합도 강화,ba_10821092,굽네치킨 주안3호점,굽네치킨,치킨,인천광역시,미추홀구,55.9177,C
market_fit_focus,서울 상권 적합도 강화,ba_14690014,본죽&비빔밥 인천석바위점,본그룹,백반·죽·국수,인천광역시,미추홀구,55.9049,C
market_fit_focus,서울 상권 적합도 강화,ba_13231147,본죽&비빔밥 인천송도웰카운티점,본그룹,백반·죽·국수,인천광역시,연수구,55.8728,C
market_fit_focus,서울 상권 적합도 강화,ba_14736722,굽네치킨&피자 철원와수점,굽네치킨,치킨,강원특별자치도,철원군,55.8613,C
market_fit_focus,서울 상권 적합도 강화,ba_14740239,굽네치킨 임실읍점,굽네치킨,치킨,전북특별자치도,임실군,55.7607,C
market_fit_focus,서울 상권 적합도 강화,ba_14737726,굽네치킨 대치4동점,굽네치킨,치킨,서울특별시,강남구,49.9993,D
market_fit_focus,서울 상권 적합도 강화,ba_14637553,굽네치킨&피자 양지동점,굽네치킨,치킨,경기도,성남시,55.6221,C
market_fit_focus,서울 상권 적합도 강화,ba_14699649,굽네치킨 시흥신천점,굽네치킨,치킨,경기도,시흥시,55.5704,C
market_fit_focus,서울 상권 적합도 강화,ba_14689759,본죽&비빔밥 인천송도웰카운티점,본그룹,백반·죽·국수,인천광역시,연수구,55.5354,C
market_fit_focus,서울 상권 적합도 강화,ba_14692168,본죽&비빔밥 해운대장산역점,본그룹,백반·죽·국수,부산광역시,해운대구,55.5086,C
market_fit_focus,서울 상권 적합도 강화,ba_14729038,굽네치킨&피자 파주읍점,굽네치킨,치킨,경기도,파주시,55.5127,C
market_fit_focus,서울 상권 적합도 강화,ba_14689402,본죽&비빔밥 의정부을지대병원점,본그룹,백반·죽·국수,경기도,의정부시,55.4547,C
market_fit_focus,서울 상권 적합도 강화,ba_13235498,본죽&비빔밥 외대점,본그룹,백반·죽·국수,서울특별시,동대문구,51.9165,C
market_fit_focus,서울 상권 적합도 강화,ba_10638951,굽네치킨 영천동부점,굽네치킨,치킨,경상북도,영천시,55.3012,C
market_fit_focus,서울 상권 적합도 강화,ba_14692185,본죽&비빔밥 세종첫마을점,본그룹,백반·죽·국수,세종특별자치시,노을3로,55.2925,C
market_fit_focus,서울 상권 적합도 강화,ba_13492399,본죽&비빔밥 등촌공항대로점,본그룹,백반·죽·국수,서울특별시,강서구,50.6868,C
market_fit_focus,서울 상권 적합도 강화,ba_13233575,본죽&비빔밥 대구두산점,본그룹,백반·죽·국수,대구광역시,수성구,55.1892,C
market_fit_focus,서울 상권 적합도 강화,ba_10580903,굽네치킨 길음1동점,굽네치킨,치킨,서울특별시,성북구,52.0457,C
market_fit_focus,서울 상권 적합도 강화,ba_13228909,본죽&비빔밥 청주사창점,본그룹,백반·죽·국수,충청북도,청주시,55.1062,C
market_fit_focus,서울 상권 적합도 강화,ba_14691296,본죽 대덕테크노밸리점,본그룹,백반·죽·국수,대전광역시,유성구,55.1108,C
market_fit_focus,서울 상권 적합도 강화,ba_14690068,본죽&비빔밥 용인동천점,본그룹,백반·죽·국수,경기도,용인시,55.0653,C
market_fit_focus,서울 상권 적합도 강화,ba_13233782,본죽&비빔밥 대구서구청점,본그룹,백반·죽·국수,대구광역시,서구,54.9913,C
market_fit_focus,서울 상권 적합도 강화,ba_14754936,굽네치킨 경주외동점,굽네치킨,치킨,경상북도,경주시,54.9718,C
market_fit_focus,서울 상권 적합도 강화,ba_14600429,굽네치킨&피자 김천부곡점,굽네치킨,치킨,경상북도,김천시,54.9313,C
market_fit_focus,서울 상권 적합도 강화,ba_14691171,본죽 부산서면점,본그룹,백반·죽·국수,부산광역시,부산진구,54.8664,C
market_fit_focus,서울 상권 적합도 강화,ba_14440680,굽네치킨&피자 면목점,굽네치킨,치킨,서울특별시,중랑구,53.2965,C
market_fit_focus,서울 상권 적합도 강화,ba_14744329,본죽&비빔밥 송파헬리오시티점,본그룹,백반·죽·국수,서울특별시,송파구,49.6064,D
market_fit_focus,서울 상권 적합도 강화,ba_13475914,본죽&비빔밥 광주백운대성초교점,본그룹,백반·죽·국수,광주광역시,남구,54.8082,C
market_fit_focus,서울 상권 적합도 강화,ba_14728839,굽네치킨 대구동인점,굽네치킨,치킨,대구광역시,중구,54.6661,C
market_fit_focus,서울 상권 적합도 강화,ba_14729784,굽네치킨 경북울진점,굽네치킨,치킨,경상북도,울진군,54.6225,C
market_fit_focus,서울 상권 적합도 강화,ba_10204887,굽네치킨 대구매호점,굽네치킨,치킨,대구광역시,수성구,54.6009,C
market_fit_focus,서울 상권 적합도 강화,ba_14309634,굽네치킨&피자 삼성2동점,굽네치킨,치킨,서울특별시,강남구,49.5849,D
market_fit_focus,서울 상권 적합도 강화,ba_14308402,굽네피자 삼성2동점,굽네치킨,피자,서울특별시,강남구,53.9979,C
market_fit_focus,서울 상권 적합도 강화,ba_14685750,"굽네치킨 개금1,2동점",굽네치킨,치킨,부산광역시,부산진구,54.4523,C
market_fit_focus,서울 상권 적합도 강화,ba_14322928,본죽&비빔밥 부천심곡본동점,본그룹,백반·죽·국수,경기도,부천시,54.4314,C
market_fit_focus,서울 상권 적합도 강화,ba_14388863,굽네피자 여의도1호점,굽네치킨,피자,서울특별시,영등포구,59.4484,C
market_fit_focus,서울 상권 적합도 강화,ba_13226860,본죽 부산서면점,본그룹,백반·죽·국수,부산광역시,부산진구,54.3284,C
market_fit_focus,서울 상권 적합도 강화,ba_10800862,굽네치킨 송파점,굽네치킨,치킨,서울특별시,송파구,51.4083,C
market_fit_focus,서울 상권 적합도 강화,ba_14708929,굽네치킨 고령다산점,굽네치킨,치킨,경상북도,고령군,54.3221,C
market_fit_focus,서울 상권 적합도 강화,ba_14785504,본죽&비빔밥 증평점,본그룹,백반·죽·국수,충청북도,증평군,54.3170,C
market_fit_focus,서울 상권 적합도 강화,ba_14720368,본죽&비빔밥 김포마산점,본그룹,백반·죽·국수,경기도,김포시,54.2876,C
market_fit_focus,서울 상권 적합도 강화,ba_14689910,본죽&비빔밥 외대점,본그룹,백반·죽·국수,서울특별시,동대문구,50.2149,C
market_fit_focus,서울 상권 적합도 강화,ba_14699399,굽네치킨 와동점,굽네치킨,치킨,경기도,안산시,54.1513,C
market_fit_focus,서울 상권 적합도 강화,ba_14767892,굽네치킨&피자 둔촌시장점,굽네치킨,치킨,서울특별시,강동구,51.1334,C
market_fit_focus,서울 상권 적합도 강화,ba_14726472,굽네치킨&피자 신대부적점,굽네치킨,치킨,경상북도,경산시,54.0551,C
market_fit_focus,서울 상권 적합도 강화,ba_13226843,본죽 부산가야점,본그룹,백반·죽·국수,부산광역시,부산진구,54.0614,C
market_fit_focus,서울 상권 적합도 강화,ba_14280570,본죽&비빔밥 분당수내점,본그룹,백반·죽·국수,경기도,성남시,53.9499,C
market_fit_focus,서울 상권 적합도 강화,ba_14691146,본죽 부산범내골역점,본그룹,백반·죽·국수,부산광역시,부산진구,53.8515,C
market_fit_focus,서울 상권 적합도 강화,ba_14700021,굽네치킨 영등포본동점,굽네치킨,치킨,서울특별시,영등포구,49.2317,D
market_fit_focus,서울 상권 적합도 강화,ba_14689942,본죽 인천학산사거리점,본그룹,백반·죽·국수,인천광역시,미추홀구,53.6601,C
market_fit_focus,서울 상권 적합도 강화,ba_10605803,굽네치킨 구월점,굽네치킨,치킨,인천광역시,남동구,53.6163,C
market_fit_focus,서울 상권 적합도 강화,ba_14801006,굽네치킨&피자 상봉점,굽네치킨,치킨,서울특별시,중랑구,52.1174,C
market_fit_focus,서울 상권 적합도 강화,ba_10040420,굽네치킨 김해진영점,굽네치킨,치킨,경상남도,김해시,53.5233,C
market_fit_focus,서울 상권 적합도 강화,ba_14296954,굽네치킨&피자 청주동남지구점,굽네치킨,치킨,충청북도,청주시,53.3635,C
market_fit_focus,서울 상권 적합도 강화,ba_13301511,본죽&비빔밥 송도글로벌캠퍼스점,본그룹,백반·죽·국수,인천광역시,연수구,53.2699,C
market_fit_focus,서울 상권 적합도 강화,ba_14688086,본죽&비빔밥 보라매점,본그룹,백반·죽·국수,서울특별시,동작구,49.0847,D
market_fit_focus,서울 상권 적합도 강화,ba_14690763,본죽&비빔밥 양산남부시장점,본그룹,백반·죽·국수,경상남도,양산시,53.2039,C
market_fit_focus,서울 상권 적합도 강화,ba_13227696,본죽 부산온천장점,본그룹,백반·죽·국수,부산광역시,동래구,53.1880,C
market_fit_focus,서울 상권 적합도 강화,ba_14260093,굽네치킨&피자 부평역점,굽네치킨,피자,인천광역시,부평구,53.1034,C
market_fit_focus,서울 상권 적합도 강화,ba_14689782,본죽 김포감정점,본그룹,백반·죽·국수,경기도,김포시,53.0921,C
market_fit_focus,서울 상권 적합도 강화,ba_13224790,본죽&비빔밥 안양덕천래미안점,본그룹,백반·죽·국수,경기도,안양시,53.0904,C
market_fit_focus,서울 상권 적합도 강화,ba_14688207,본죽 이대점,본그룹,백반·죽·국수,서울특별시,서대문구,49.4776,D
market_fit_focus,서울 상권 적합도 강화,ba_13233607,본죽 전북봉동점,본그룹,백반·죽·국수,전북특별자치도,완주군,53.0251,C
market_fit_focus,서울 상권 적합도 강화,ba_13224027,본죽 삼전동점,본그룹,백반·죽·국수,서울특별시,송파구,47.1153,D
market_fit_focus,서울 상권 적합도 강화,ba_14800284,굽네치킨&피자 광주양산점,굽네치킨,치킨,광주광역시,북구,52.9281,C
market_fit_focus,서울 상권 적합도 강화,ba_14689548,본죽&비빔밥 평택법원점,본그룹,백반·죽·국수,경기도,평택시,52.7838,C
market_fit_focus,서울 상권 적합도 강화,ba_14691030,본죽 대구진천역점,본그룹,백반·죽·국수,대구광역시,달서구,52.7723,C
market_fit_focus,서울 상권 적합도 강화,ba_14388856,굽네치킨&피자 여의도1호점,굽네치킨,치킨,서울특별시,영등포구,49.5817,D
market_fit_focus,서울 상권 적합도 강화,ba_14690786,본죽&비빔밥 광주문흥점,본그룹,백반·죽·국수,광주광역시,북구,52.6732,C
market_fit_focus,서울 상권 적합도 강화,ba_13768149,굽네치킨 신탄진점,굽네치킨,치킨,대전광역시,대덕구,52.6568,C
market_fit_focus,서울 상권 적합도 강화,ba_14732602,굽네치킨 서수원점,굽네치킨,치킨,경기도,수원시,52.6270,C
market_fit_focus,서울 상권 적합도 강화,ba_14245878,본죽&비빔밥 안양동편마을점,본그룹,백반·죽·국수,경기도,안양시,52.5319,C
market_fit_focus,서울 상권 적합도 강화,ba_14691234,본죽 대구남문시장점,본그룹,백반·죽·국수,대구광역시,중구,52.5183,C
market_fit_focus,서울 상권 적합도 강화,ba_10019194,굽네치킨&피자 신탄진점,굽네치킨,치킨,대전광역시,대덕구,52.4150,C
market_fit_focus,서울 상권 적합도 강화,ba_13228945,본죽&비빔밥 대전진잠점,본그룹,백반·죽·국수,대전광역시,유성구,52.2685,C
market_fit_focus,서울 상권 적합도 강화,ba_14495840,본죽&비빔밥 검단파라곤센트럴점,본그룹,백반·죽·국수,인천광역시,서구,52.2570,C
market_fit_focus,서울 상권 적합도 강화,ba_10040621,굽네치킨 울산성안점,굽네치킨,치킨,울산광역시,중구,52.1142,C
market_fit_focus,서울 상권 적합도 강화,ba_13233436,본죽&비빔밥 대구효성타운점,본그룹,백반·죽·국수,대구광역시,남구,52.0722,C
market_fit_focus,서울 상권 적합도 강화,ba_14687296,본죽&비빔밥 봉일시장점,본그룹,백반·죽·국수,서울특별시,관악구,48.4994,D
market_fit_focus,서울 상권 적합도 강화,ba_13648667,본죽&비빔밥 대전노은3지구점,본그룹,백반·죽·국수,대전광역시,유성구,51.9242,C
market_fit_focus,서울 상권 적합도 강화,ba_14794547,굽네치킨&피자 회기역점,굽네치킨,치킨,서울특별시,동대문구,48.3839,D
market_fit_focus,서울 상권 적합도 강화,ba_14729971,굽네치킨 군포1동점,굽네치킨,치킨,경기도,군포시,51.8994,C
market_fit_focus,서울 상권 적합도 강화,ba_13229527,본죽&비빔밥 상주점,본그룹,백반·죽·국수,경상북도,상주시,51.8846,C
market_fit_focus,서울 상권 적합도 강화,ba_14730330,본죽&비빔밥 동탄꼬모점,본그룹,백반·죽·국수,경기도,화성시,51.8527,C
market_fit_focus,서울 상권 적합도 강화,ba_14688176,본죽&비빔밥 옥수점,본그룹,백반·죽·국수,서울특별시,성동구,47.9335,D
market_fit_focus,서울 상권 적합도 강화,ba_14689536,본죽&비빔밥 파주운정신도시점,본그룹,백반·죽·국수,경기도,파주시,51.7764,C
market_fit_focus,서울 상권 적합도 강화,ba_13243478,본죽 보정동단국대점,본그룹,백반·죽·국수,경기도,용인시,51.6338,C
market_fit_focus,서울 상권 적합도 강화,ba_13200236,본죽 남양주진접롯데시네마점,본그룹,백반·죽·국수,경기도,남양주시,51.5527,C
market_fit_focus,서울 상권 적합도 강화,ba_14463469,굽네피자 화명신도시점,굽네치킨,피자,부산광역시,북구,51.5190,C
market_fit_focus,서울 상권 적합도 강화,ba_14690045,본죽&비빔밥 인천당하점,본그룹,백반·죽·국수,인천광역시,서구,51.4480,C
market_fit_focus,서울 상권 적합도 강화,ba_13230846,본죽&비빔밥 수원탑동점,본그룹,백반·죽·국수,경기도,수원시,51.2154,C
market_fit_focus,서울 상권 적합도 강화,ba_13268955,본죽&비빔밥 전주객사점,본그룹,백반·죽·국수,전북특별자치도,전주시,50.9977,C
market_fit_focus,서울 상권 적합도 강화,ba_13103901,굽네치킨&피자 나주혁신도시1호점,굽네치킨,피자,전라남도,나주시,50.9784,C
market_fit_focus,서울 상권 적합도 강화,ba_13193158,본죽&비빔밥 인천당하점,본그룹,백반·죽·국수,인천광역시,서구,50.8495,C
market_fit_focus,서울 상권 적합도 강화,ba_12014214,굽네치킨&피자 대전가오점,굽네치킨,치킨,대전광역시,동구,50.8119,C
market_fit_focus,서울 상권 적합도 강화,ba_10015935,굽네치킨 봉곡사림점,굽네치킨,치킨,경상남도,창원시,50.7441,C
market_fit_focus,서울 상권 적합도 강화,ba_14687137,본죽&비빔밥 명동점,본그룹,백반·죽·국수,서울특별시,중구,45.0528,D
market_fit_focus,서울 상권 적합도 강화,ba_13221975,본죽&비빔밥 용인마평점,본그룹,백반·죽·국수,경기도,용인시,50.6261,C
market_fit_focus,서울 상권 적합도 강화,ba_14254080,굽네치킨&피자 망우본동점,굽네치킨,치킨,서울특별시,중랑구,50.1746,C
market_fit_focus,서울 상권 적합도 강화,ba_14689378,본죽&비빔밥 성남중앙병원점,본그룹,백반·죽·국수,경기도,성남시,50.5578,C
market_fit_focus,서울 상권 적합도 강화,ba_14688336,본죽&비빔밥 고려대점,본그룹,백반·죽·국수,서울특별시,성북구,46.5409,D
market_fit_focus,서울 상권 적합도 강화,ba_13224844,본죽&비빔밥 평촌점,본그룹,백반·죽·국수,경기도,안양시,50.3456,C
market_fit_focus,서울 상권 적합도 강화,ba_14687310,본죽&비빔밥 가산디지털점,본그룹,백반·죽·국수,서울특별시,금천구,47.7950,D
market_fit_focus,서울 상권 적합도 강화,ba_13228166,본죽 제천하소점,본그룹,백반·죽·국수,충청북도,제천시,50.3143,C
market_fit_focus,서울 상권 적합도 강화,ba_14092187,굽네치킨&피자 일산식사점,굽네치킨,치킨,경기도,고양시,50.2924,C
market_fit_focus,서울 상권 적합도 강화,ba_14692178,본죽&비빔밥 제주함덕점,본그룹,백반·죽·국수,제주특별자치도,제주시,50.2781,C
market_fit_focus,서울 상권 적합도 강화,ba_14551802,본죽&비빔밥 명동2호점,본그룹,백반·죽·국수,서울특별시,중구,47.3341,D
market_fit_focus,서울 상권 적합도 강화,ba_14687365,본죽&비빔밥 덕성여대점,본그룹,백반·죽·국수,서울특별시,도봉구,47.9329,D
market_fit_focus,서울 상권 적합도 강화,ba_14725485,굽네치킨 구례읍점,굽네치킨,치킨,전라남도,구례군,49.8789,D
market_fit_focus,서울 상권 적합도 강화,ba_13230007,본죽 죽전벽산타운점,본그룹,백반·죽·국수,경기도,용인시,49.7593,D
market_fit_focus,서울 상권 적합도 강화,ba_14658160,굽네치킨&피자 대구옥포점,굽네치킨,치킨,대구광역시,달성군,49.7417,D
market_fit_focus,서울 상권 적합도 강화,ba_14665998,본죽&비빔밥 오금동사거리점,본그룹,백반·죽·국수,서울특별시,송파구,46.3440,D
market_fit_focus,서울 상권 적합도 강화,ba_14557869,굽네치킨 화곡4동점,굽네치킨,치킨,서울특별시,강서구,48.3867,D
market_fit_focus,서울 상권 적합도 강화,ba_13228993,본죽&비빔밥 동탄솔빛나루점,본그룹,백반·죽·국수,경기도,화성시,49.4825,D
market_fit_focus,서울 상권 적합도 강화,ba_13225746,본죽 고양점,본그룹,백반·죽·국수,경기도,고양시,49.1397,D
market_fit_focus,서울 상권 적합도 강화,ba_14694402,본죽 월곡점,본그룹,백반·죽·국수,서울특별시,성북구,45.0586,D
market_fit_focus,서울 상권 적합도 강화,ba_14666363,굽네치킨 충남태안점,굽네치킨,치킨,충청남도,태안군,49.1094,D
market_fit_focus,서울 상권 적합도 강화,ba_14308401,굽네치킨 삼성2동점,굽네치킨,치킨,서울특별시,강남구,49.1561,D
market_fit_focus,서울 상권 적합도 강화,ba_14692251,본죽&비빔밥 천안두정점,본그룹,백반·죽·국수,충청남도,천안시,49.0234,D
market_fit_focus,서울 상권 적합도 강화,ba_14735216,본죽&비빔밥 수지성복점,본그룹,백반·죽·국수,경기도,용인시,48.9067,D
market_fit_focus,서울 상권 적합도 강화,ba_14689403,본죽&비빔밥 의왕역점,본그룹,백반·죽·국수,경기도,의왕시,48.8798,D
market_fit_focus,서울 상권 적합도 강화,ba_14228062,굽네피자 월계2동점,굽네치킨,피자,서울특별시,노원구,51.6519,C
market_fit_focus,서울 상권 적합도 강화,ba_14690077,본죽&비빔밥 인천연희연세병원점,본그룹,백반·죽·국수,인천광역시,서구,48.7580,D
market_fit_focus,서울 상권 적합도 강화,ba_14153764,굽네피자 주안3호점,굽네치킨,피자,인천광역시,미추홀구,48.6523,D
market_fit_focus,서울 상권 적합도 강화,ba_14690062,본죽&비빔밥 용인물푸레마을점,본그룹,백반·죽·국수,경기도,용인시,48.6420,D
market_fit_focus,서울 상권 적합도 강화,ba_14272566,본죽&비빔밥 광명6동점,본그룹,백반·죽·국수,경기도,광명시,48.5356,D
market_fit_focus,서울 상권 적합도 강화,ba_14663534,굽네치킨 포항용흥점,굽네치킨,치킨,경상북도,포항시,48.5337,D
market_fit_focus,서울 상권 적합도 강화,ba_13459937,굽네치킨 성사점,굽네치킨,치킨,경기도,고양시,48.4845,D
market_fit_focus,서울 상권 적합도 강화,ba_14557882,굽네치킨 신방화역점,굽네치킨,치킨,서울특별시,강서구,46.9858,D
market_fit_focus,서울 상권 적합도 강화,ba_14691228,본죽&비빔밥 대구사월점,본그룹,백반·죽·국수,대구광역시,수성구,48.1022,D
market_fit_focus,서울 상권 적합도 강화,ba_14690092,본죽&비빔밥 인천불로동점,본그룹,백반·죽·국수,인천광역시,서구,47.9381,D
market_fit_focus,서울 상권 적합도 강화,ba_13233483,본죽&비빔밥 경산사동점,본그룹,백반·죽·국수,경상북도,경산시,47.8827,D
market_fit_focus,서울 상권 적합도 강화,ba_13234578,본죽&비빔밥 동백중앙점,본그룹,백반·죽·국수,경기도,용인시,47.8736,D
market_fit_focus,서울 상권 적합도 강화,ba_14692278,본죽 제천하소점,본그룹,백반·죽·국수,충청북도,제천시,47.8579,D
market_fit_focus,서울 상권 적합도 강화,ba_13081281,굽네치킨 하늘도시1호점,굽네치킨,치킨,인천광역시,중구,47.6500,D
market_fit_focus,서울 상권 적합도 강화,ba_13229747,본죽 창원중앙동점,본그룹,백반·죽·국수,경상남도,창원시,47.6162,D
market_fit_focus,서울 상권 적합도 강화,ba_14701165,본죽&비빔밥 연세세브란스빌딩점,본그룹,백반·죽·국수,서울특별시,중구,42.4262,D
market_fit_focus,서울 상권 적합도 강화,ba_12020564,굽네치킨&피자 거제고현점,굽네치킨,피자,경상남도,거제시,47.4685,D
market_fit_focus,서울 상권 적합도 강화,ba_14314711,굽네피자 송내2동점,굽네치킨,피자,경기도,부천시,47.4210,D
market_fit_focus,서울 상권 적합도 강화,ba_14775705,본죽&비빔밥 익산원광대병원점,본그룹,백반·죽·국수,전북특별자치도,익산시,47.3694,D
market_fit_focus,서울 상권 적합도 강화,ba_14693042,본죽&비빔밥 전주예수병원점,본그룹,백반·죽·국수,전북특별자치도,전주시,47.2494,D
market_fit_focus,서울 상권 적합도 강화,ba_13199335,본죽&비빔밥 울산매곡점,본그룹,백반·죽·국수,울산광역시,북구,47.2329,D
market_fit_focus,서울 상권 적합도 강화,ba_14689381,본죽&비빔밥 용인모현점,본그룹,백반·죽·국수,경기도,용인시,47.1664,D
market_fit_focus,서울 상권 적합도 강화,ba_14228061,굽네치킨 월계2동점,굽네치킨,치킨,서울특별시,노원구,45.5122,D
market_fit_focus,서울 상권 적합도 강화,ba_14117511,굽네치킨 논현1동점,굽네치킨,치킨,서울특별시,강남구,43.6616,D
market_fit_focus,서울 상권 적합도 강화,ba_14392494,굽네피자 원주혁신점,굽네치킨,피자,강원특별자치도,원주시,46.9931,D
market_fit_focus,서울 상권 적합도 강화,ba_14117512,굽네피자 논현1동점,굽네치킨,피자,서울특별시,강남구,45.3799,D
market_fit_focus,서울 상권 적합도 강화,ba_14472921,굽네피자 내당중리점,굽네치킨,피자,대구광역시,서구,46.9541,D
market_fit_focus,서울 상권 적합도 강화,ba_14648765,굽네치킨 서면가곡점,굽네치킨,치킨,전라남도,순천시,46.9434,D
market_fit_focus,서울 상권 적합도 강화,ba_14594474,본죽&비빔밥 광주계림동점,본그룹,백반·죽·국수,광주광역시,동구,46.9336,D
market_fit_focus,서울 상권 적합도 강화,ba_14042200,본죽&비빔밥 왕십리뉴타운점,본그룹,백반·죽·국수,서울특별시,성동구,43.5693,D
market_fit_focus,서울 상권 적합도 강화,ba_14687354,본죽&비빔밥 신도림점,본그룹,백반·죽·국수,서울특별시,구로구,43.8169,D
market_fit_focus,서울 상권 적합도 강화,ba_14687060,본죽&비빔밥 천호로데오점,본그룹,백반·죽·국수,서울특별시,강동구,47.2161,D
market_fit_focus,서울 상권 적합도 강화,ba_13233716,본죽 포항죽도오거리점,본그룹,백반·죽·국수,경상북도,포항시,46.8599,D
market_fit_focus,서울 상권 적합도 강화,ba_14651431,굽네피자 벌교읍점,굽네치킨,피자,전라남도,보성군,46.8509,D
market_fit_focus,서울 상권 적합도 강화,ba_14335172,굽네피자 장곡장현점,굽네치킨,피자,경기도,시흥시,46.7539,D
market_fit_focus,서울 상권 적합도 강화,ba_14651464,굽네피자 순천서면점,굽네치킨,피자,전라남도,순천시,46.7331,D
market_fit_focus,서울 상권 적합도 강화,ba_14662547,굽네치킨 신사우점,굽네치킨,치킨,강원특별자치도,춘천시,46.7259,D
market_fit_focus,서울 상권 적합도 강화,ba_13221865,본죽 처인구청점,본그룹,백반·죽·국수,경기도,용인시,46.6999,D
market_fit_focus,서울 상권 적합도 강화,ba_10768614,굽네치킨 신월상남점,굽네치킨,치킨,경상남도,창원시,46.6695,D
market_fit_focus,서울 상권 적합도 강화,ba_14297681,굽네피자 서산예천점,굽네치킨,피자,충청남도,서산시,46.5536,D
market_fit_focus,서울 상권 적합도 강화,ba_13231120,본죽 안산본오1동점,본그룹,백반·죽·국수,경기도,안산시,46.4895,D
market_fit_focus,서울 상권 적합도 강화,ba_10040411,굽네치킨,굽네치킨,치킨,서울특별시,성북구,46.7994,D
market_fit_focus,서울 상권 적합도 강화,ba_14615268,굽네피자 효자점,굽네치킨,피자,강원특별자치도,춘천시,46.3651,D
market_fit_focus,서울 상권 적합도 강화,ba_14620216,굽네치킨&피자 북아현점,굽네치킨,치킨,서울특별시,서대문구,46.6991,D
market_fit_focus,서울 상권 적합도 강화,ba_14680684,굽네피자 부산온천점,굽네치킨,피자,부산광역시,동래구,46.2082,D
market_fit_focus,서울 상권 적합도 강화,ba_14691235,본죽&비빔밥 대구범물동아백화점점,본그룹,백반·죽·국수,대구광역시,수성구,46.1790,D
market_fit_focus,서울 상권 적합도 강화,ba_12026171,굽네치킨&피자 선부3동점,굽네치킨,피자,경기도,안산시,46.1706,D
market_fit_focus,서울 상권 적합도 강화,ba_14338227,굽네피자 상대원점,굽네치킨,피자,경기도,성남시,45.9841,D
market_fit_focus,서울 상권 적합도 강화,ba_14285796,본죽&비빔밥 대구평리뉴타운점,본그룹,백반·죽·국수,대구광역시,서구,45.9775,D
market_fit_focus,서울 상권 적합도 강화,ba_14687088,본죽 길동시장점,본그룹,백반·죽·국수,서울특별시,강동구,42.7646,D
market_fit_focus,서울 상권 적합도 강화,ba_14387283,본죽&비빔밥 신봉초교점,본그룹,백반·죽·국수,경기도,용인시,45.9619,D
market_fit_focus,서울 상권 적합도 강화,ba_14688923,본죽&비빔밥 종로르메이에르점,본그룹,백반·죽·국수,서울특별시,종로구,42.0198,D
market_fit_focus,서울 상권 적합도 강화,ba_13969906,굽네피자 포항흥해점,굽네치킨,피자,경상북도,포항시,45.9320,D
market_fit_focus,서울 상권 적합도 강화,ba_14756247,본죽&비빔밥 일산가좌점,본그룹,백반·죽·국수,경기도,고양시,45.9235,D
market_fit_focus,서울 상권 적합도 강화,ba_14171127,굽네피자 연경점,굽네치킨,피자,대구광역시,동구,45.9221,D
market_fit_focus,서울 상권 적합도 강화,ba_12017934,굽네치킨&피자 삼숭고읍점,굽네치킨,피자,경기도,양주시,45.9084,D
market_fit_focus,서울 상권 적합도 강화,ba_13233448,본죽&비빔밥 대구달서구청점,본그룹,백반·죽·국수,대구광역시,달서구,45.8870,D
market_fit_focus,서울 상권 적합도 강화,ba_14692592,본죽 의정부가능역점,본그룹,백반·죽·국수,경기도,의정부시,45.8770,D
market_fit_focus,서울 상권 적합도 강화,ba_13234475,본죽&비빔밥 노량진점,본그룹,백반·죽·국수,서울특별시,동작구,43.7328,D
market_fit_focus,서울 상권 적합도 강화,ba_13079581,굽네치킨&피자 온의퇴계점,굽네치킨,피자,강원특별자치도,춘천시,45.8578,D
market_fit_focus,서울 상권 적합도 강화,ba_13235631,본죽 인왕산점,본그룹,백반·죽·국수,서울특별시,서대문구,42.0589,D
market_fit_focus,서울 상권 적합도 강화,ba_13233764,본죽 대구송라시장점,본그룹,백반·죽·국수,대구광역시,동구,45.7206,D
market_fit_focus,서울 상권 적합도 강화,ba_14248058,굽네피자 은행선화점,굽네치킨,피자,대전광역시,중구,45.7124,D
market_fit_focus,서울 상권 적합도 강화,ba_14788152,굽네피자 초읍점,굽네치킨,피자,부산광역시,부산진구,45.6677,D
market_fit_focus,서울 상권 적합도 강화,ba_14199673,굽네피자 가양점,굽네치킨,피자,서울특별시,강서구,46.1347,D
market_fit_focus,서울 상권 적합도 강화,ba_13236401,본죽 대학로본점,본그룹,백반·죽·국수,서울특별시,종로구,40.8117,D
market_fit_focus,서울 상권 적합도 강화,ba_14668967,굽네피자 신사우점,굽네치킨,피자,강원특별자치도,춘천시,45.5946,D
market_fit_focus,서울 상권 적합도 강화,ba_13969888,굽네피자 청주강서지구점,굽네치킨,피자,충청북도,청주시,45.5758,D
market_fit_focus,서울 상권 적합도 강화,ba_13122792,굽네치킨&피자 청주 강서지구점,굽네치킨,피자,충청북도,청주시,45.5758,D
market_fit_focus,서울 상권 적합도 강화,ba_14605018,굽네피자 대구신매점,굽네치킨,피자,대구광역시,수성구,45.5501,D
market_fit_focus,서울 상권 적합도 강화,ba_13228677,본죽 청주봉명점,본그룹,백반·죽·국수,충청북도,청주시,45.3521,D
market_fit_focus,서울 상권 적합도 강화,ba_13221638,본죽&비빔밥 이천마장점,본그룹,백반·죽·국수,경기도,이천시,45.3073,D
market_fit_focus,서울 상권 적합도 강화,ba_13222803,본죽 오금점,본그룹,백반·죽·국수,서울특별시,송파구,40.4940,D
market_fit_focus,서울 상권 적합도 강화,ba_13969554,굽네피자 포항양덕점,굽네치킨,피자,경상북도,포항시,45.2536,D
market_fit_focus,서울 상권 적합도 강화,ba_14556221,굽네치킨&피자 청주봉명점,굽네치킨,치킨,충청북도,청주시,45.2367,D
market_fit_focus,서울 상권 적합도 강화,ba_13223367,본죽 성수역점,본그룹,백반·죽·국수,서울특별시,성동구,41.4831,D
market_fit_focus,서울 상권 적합도 강화,ba_14778106,굽네치킨 구로디지털점,굽네치킨,치킨,서울특별시,구로구,45.7590,D
market_fit_focus,서울 상권 적합도 강화,ba_14544899,본죽&비빔밥 안양호계포도원점,본그룹,백반·죽·국수,경기도,안양시,45.1978,D
market_fit_focus,서울 상권 적합도 강화,ba_13974018,굽네피자 송파점,굽네치킨,피자,서울특별시,송파구,45.7242,D
market_fit_focus,서울 상권 적합도 강화,ba_14245849,본죽&비빔밥 광양중동점,본그룹,백반·죽·국수,전라남도,광양시,45.1851,D
market_fit_focus,서울 상권 적합도 강화,ba_14171262,굽네피자 칠암망경점,굽네치킨,피자,경상남도,진주시,45.1899,D
market_fit_focus,서울 상권 적합도 강화,ba_14464914,굽네피자 부산구서점,굽네치킨,피자,부산광역시,금정구,45.1325,D
market_fit_focus,서울 상권 적합도 강화,ba_13969933,굽네피자 신탄진점,굽네치킨,피자,대전광역시,대덕구,45.1318,D
market_fit_focus,서울 상권 적합도 강화,ba_13047702,굽네피자&치킨 광주상무점,굽네치킨,피자,광주광역시,서구,45.1071,D
market_fit_focus,서울 상권 적합도 강화,ba_14387630,굽네치킨 등촌2동점,굽네치킨,치킨,서울특별시,강서구,43.2600,D
market_fit_focus,서울 상권 적합도 강화,ba_12018905,굽네피자 거제연초점,굽네치킨,피자,경상남도,거제시,44.9529,D
market_fit_focus,서울 상권 적합도 강화,ba_14272179,굽네피자 마장점,굽네치킨,피자,경기도,이천시,44.9543,D
market_fit_focus,서울 상권 적합도 강화,ba_14296957,굽네피자 청주동남지구점,굽네치킨,피자,충청북도,청주시,44.9262,D
market_fit_focus,서울 상권 적합도 강화,ba_13233735,본죽 대구감삼드림시티점,본그룹,백반·죽·국수,대구광역시,달서구,44.9095,D
market_fit_focus,서울 상권 적합도 강화,ba_14809938,굽네치킨&피자 도곡스타점,굽네치킨,치킨,서울특별시,강남구,45.4548,D
market_fit_focus,서울 상권 적합도 강화,ba_12018493,굽네치킨&피자 부산덕천점,굽네치킨,피자,부산광역시,북구,44.8660,D
market_fit_focus,서울 상권 적합도 강화,ba_14690774,본죽&비빔밥 진주신안점,본그룹,백반·죽·국수,경상남도,진주시,44.8558,D
market_fit_focus,서울 상권 적합도 강화,ba_13969928,굽네피자 거제고현점,굽네치킨,피자,경상남도,거제시,44.8504,D
market_fit_focus,서울 상권 적합도 강화,ba_13163192,굽네치킨&피자 봉곡사림점,굽네치킨,피자,경상남도,창원시,44.7381,D
market_fit_focus,서울 상권 적합도 강화,ba_14688499,본죽 수원화서점,본그룹,백반·죽·국수,경기도,수원시,44.7268,D
market_fit_focus,서울 상권 적합도 강화,ba_13231195,본죽&비빔밥 수원광교역점,본그룹,백반·죽·국수,경기도,수원시,44.7241,D
market_fit_focus,서울 상권 적합도 강화,ba_13969807,굽네피자 경남사천점,굽네치킨,피자,경상남도,사천시,44.6956,D
market_fit_focus,서울 상권 적합도 강화,ba_14274576,굽네치킨&피자 갈현점,굽네치킨,치킨,서울특별시,은평구,45.2611,D
market_fit_focus,서울 상권 적합도 강화,ba_13232348,본죽&비빔밥 광주선운지구점,본그룹,백반·죽·국수,광주광역시,광산구,44.6615,D
market_fit_focus,서울 상권 적합도 강화,ba_14283482,본죽&비빔밥 목동역점,본그룹,백반·죽·국수,서울특별시,양천구,41.1856,D
market_fit_focus,서울 상권 적합도 강화,ba_12019541,굽네피자 양산석산점,굽네치킨,피자,경상남도,양산시,44.6177,D
market_fit_focus,서울 상권 적합도 강화,ba_14171093,굽네피자 양산물금점,굽네치킨,피자,경상남도,양산시,44.5673,D
market_fit_focus,서울 상권 적합도 강화,ba_14353161,굽네피자 구월점,굽네치킨,피자,인천광역시,남동구,44.4878,D
market_fit_focus,서울 상권 적합도 강화,ba_14352664,굽네피자 간석점,굽네치킨,피자,인천광역시,남동구,44.4879,D
market_fit_focus,서울 상권 적합도 강화,ba_14687307,본죽&비빔밥 봉천현대시장점,본그룹,백반·죽·국수,서울특별시,관악구,41.9580,D
market_fit_focus,서울 상권 적합도 강화,ba_14171081,굽네피자 김해진영점,굽네치킨,피자,경상남도,김해시,44.4657,D
market_fit_focus,서울 상권 적합도 강화,ba_14294476,굽네피자 하늘도시1호점,굽네치킨,피자,인천광역시,중구,44.4625,D
market_fit_focus,서울 상권 적합도 강화,ba_14637964,굽네피자 영덕영해점,굽네치킨,피자,경상북도,영덕군,44.4569,D
market_fit_focus,서울 상권 적합도 강화,ba_13097221,굽네치킨&피자 하늘도시1호점,굽네치킨,피자,인천광역시,중구,44.4534,D
market_fit_focus,서울 상권 적합도 강화,ba_14165975,굽네피자 송도신도시점,굽네치킨,피자,인천광역시,연수구,44.4271,D
market_fit_focus,서울 상권 적합도 강화,ba_14691072,본죽&비빔밥 대구신서혁신지구점,본그룹,백반·죽·국수,대구광역시,동구,44.3797,D
market_fit_focus,서울 상권 적합도 강화,ba_14691206,굽네피자 강화선원점,굽네치킨,피자,인천광역시,강화군,44.3810,D
market_fit_focus,서울 상권 적합도 강화,ba_14600398,굽네피자 여좌중앙점,굽네치킨,피자,경상남도,창원시,44.3620,D
market_fit_focus,서울 상권 적합도 강화,ba_10501929,굽네치킨 포항양덕점,굽네치킨,치킨,경상북도,포항시,44.2607,D
market_fit_focus,서울 상권 적합도 강화,ba_14669108,굽네피자 의정부용현점,굽네치킨,피자,경기도,의정부시,44.2604,D
market_fit_focus,서울 상권 적합도 강화,ba_13084303,굽네치킨&피자 양산물금점,굽네치킨,피자,경상남도,양산시,44.2079,D
market_fit_focus,서울 상권 적합도 강화,ba_14766646,본죽&비빔밥 대전한남대점,본그룹,백반·죽·국수,대전광역시,동구,44.2041,D
market_fit_focus,서울 상권 적합도 강화,ba_14692346,본죽&비빔밥 보령동대점,본그룹,백반·죽·국수,충청남도,보령시,44.1656,D
market_fit_focus,서울 상권 적합도 강화,ba_14673508,본죽&비빔밥 고덕래미안점,본그룹,백반·죽·국수,서울특별시,강동구,42.3150,D
market_fit_focus,서울 상권 적합도 강화,ba_14688233,본죽&비빔밥 수원오목천점,본그룹,백반·죽·국수,경기도,수원시,44.0673,D
market_fit_focus,서울 상권 적합도 강화,ba_13219045,본죽 구리인창아름마을점,본그룹,백반·죽·국수,경기도,구리시,44.0597,D
market_fit_focus,서울 상권 적합도 강화,ba_14692146,본죽&비빔밥 부산재송점,본그룹,백반·죽·국수,부산광역시,해운대구,44.0465,D
market_fit_focus,서울 상권 적합도 강화,ba_12020571,굽네피자 수색증산점,굽네치킨,피자,서울특별시,은평구,44.6476,D
market_fit_focus,서울 상권 적합도 강화,ba_14694671,본죽&비빔밥 범계로데오점,본그룹,백반·죽·국수,경기도,안양시,43.9631,D
market_fit_focus,서울 상권 적합도 강화,ba_13229975,본죽 구성언남점,본그룹,백반·죽·국수,경기도,용인시,43.8258,D
market_fit_focus,서울 상권 적합도 강화,ba_13111670,굽네치킨&피자 주안3호점,굽네치킨,피자,인천광역시,미추홀구,43.7629,D
market_fit_focus,서울 상권 적합도 강화,ba_14189792,굽네피자 부산우동점,굽네치킨,피자,부산광역시,해운대구,43.7426,D
market_fit_focus,서울 상권 적합도 강화,ba_14675307,굽네치킨 운남점,굽네치킨,치킨,인천광역시,중구,43.6883,D
market_fit_focus,서울 상권 적합도 강화,ba_14440526,굽네치킨 서산동문점,굽네치킨,치킨,충청남도,서산시,43.6694,D
market_fit_focus,서울 상권 적합도 강화,ba_14744706,본죽&비빔밥 세종시청점,본그룹,백반·죽·국수,세종특별자치시,한누리대로,43.6682,D
market_fit_focus,서울 상권 적합도 강화,ba_10019807,굽네치킨 부산덕천점,굽네치킨,치킨,부산광역시,북구,43.6614,D
market_fit_focus,서울 상권 적합도 강화,ba_14650120,굽네치킨&피자 벌교읍점,굽네치킨,치킨,전라남도,보성군,43.6254,D
market_fit_focus,서울 상권 적합도 강화,ba_14698239,본죽&비빔밥 의왕고천점,본그룹,백반·죽·국수,경기도,의왕시,43.6291,D
market_fit_focus,서울 상권 적합도 강화,ba_14250329,굽네피자 인창점,굽네치킨,피자,경기도,구리시,43.5950,D
market_fit_focus,서울 상권 적합도 강화,ba_14390509,굽네치킨 원주혁신점,굽네치킨,치킨,강원특별자치도,원주시,43.4845,D
market_fit_focus,서울 상권 적합도 강화,ba_14692460,본죽 안양샘병원점,본그룹,백반·죽·국수,경기도,안양시,43.4337,D
market_fit_focus,서울 상권 적합도 강화,ba_14597164,굽네치킨&피자 역삼2동점,굽네치킨,치킨,서울특별시,강남구,39.4394,D
market_fit_focus,서울 상권 적합도 강화,ba_14689999,본죽&비빔밥 인천승기사거리점,본그룹,백반·죽·국수,인천광역시,미추홀구,43.3737,D
market_fit_focus,서울 상권 적합도 강화,ba_13232134,본죽&비빔밥 광주운남점,본그룹,백반·죽·국수,광주광역시,광산구,43.3136,D
market_fit_focus,서울 상권 적합도 강화,ba_14687304,본죽&비빔밥 관악우체국점,본그룹,백반·죽·국수,서울특별시,관악구,44.0225,D
market_fit_focus,서울 상권 적합도 강화,ba_13223885,본죽&비빔밥 관악우체국점,본그룹,백반·죽·국수,서울특별시,관악구,44.0225,D
market_fit_focus,서울 상권 적합도 강화,ba_14701137,본죽&비빔밥 남양주호평점,본그룹,백반·죽·국수,경기도,남양주시,43.2744,D
market_fit_focus,서울 상권 적합도 강화,ba_14689591,본죽&비빔밥 평택서정리역점,본그룹,백반·죽·국수,경기도,평택시,43.2110,D
market_fit_focus,서울 상권 적합도 강화,ba_13233027,본죽&비빔밥 고척근린공원점,본그룹,백반·죽·국수,서울특별시,구로구,43.9531,D
market_fit_focus,서울 상권 적합도 강화,ba_14687334,본죽&비빔밥 고척근린공원점,본그룹,백반·죽·국수,서울특별시,구로구,43.9531,D
market_fit_focus,서울 상권 적합도 강화,ba_14792754,굽네치킨 보라점,굽네치킨,치킨,경기도,용인시,43.1237,D
market_fit_focus,서울 상권 적합도 강화,ba_14687136,본죽 서울백병원점,본그룹,백반·죽·국수,서울특별시,중구,38.3151,D
market_fit_focus,서울 상권 적합도 강화,ba_14271330,굽네치킨 일광신도시점,굽네치킨,치킨,부산광역시,기장군,43.0486,D
market_fit_focus,서울 상권 적합도 강화,ba_14689802,본죽&비빔밥 한성대입구점,본그룹,백반·죽·국수,서울특별시,성북구,43.7982,D
market_fit_focus,서울 상권 적합도 강화,ba_13235508,본죽&비빔밥 의정부녹양점,본그룹,백반·죽·국수,경기도,의정부시,42.9999,D
market_fit_focus,서울 상권 적합도 강화,ba_13236745,본죽&비빔밥 김해장유코아점,본그룹,백반·죽·국수,경상남도,김해시,42.9475,D
market_fit_focus,서울 상권 적합도 강화,ba_13189796,본죽&비빔밥 아산탕정점,본그룹,백반·죽·국수,충청남도,아산시,42.8754,D
market_fit_focus,서울 상권 적합도 강화,ba_14692164,본죽 세종고운점,본그룹,백반·죽·국수,세종특별자치시,마음로,42.7155,D
market_fit_focus,서울 상권 적합도 강화,ba_14810163,굽네피자 서현역점,굽네치킨,피자,경기도,성남시,42.5339,D
market_fit_focus,서울 상권 적합도 강화,ba_14560963,굽네피자 다산가운지금점,굽네치킨,피자,경기도,남양주시,42.5168,D
market_fit_focus,서울 상권 적합도 강화,ba_13580972,굽네치킨&피자 신수점,굽네치킨,치킨,서울특별시,마포구,40.4795,D
market_fit_focus,서울 상권 적합도 강화,ba_14599961,굽네치킨 파주헤이리점,굽네치킨,치킨,경기도,파주시,42.4102,D
market_fit_focus,서울 상권 적합도 강화,ba_10665884,굽네치킨 부산청학점,굽네치킨,치킨,부산광역시,영도구,42.3335,D
market_fit_focus,서울 상권 적합도 강화,ba_14766647,본죽&비빔밥 대전한남대점,본그룹,백반·죽·국수,대전광역시,동구,42.2629,D
market_fit_focus,서울 상권 적합도 강화,ba_14495787,굽네치킨 김해율하점,굽네치킨,치킨,경상남도,김해시,42.2469,D
market_fit_focus,서울 상권 적합도 강화,ba_14692042,굽네치킨 강화선원점,굽네치킨,치킨,인천광역시,강화군,42.1373,D
market_fit_focus,서울 상권 적합도 강화,ba_14689837,본죽&비빔밥 동탄역점,본그룹,백반·죽·국수,경기도,화성시,42.0775,D
market_fit_focus,서울 상권 적합도 강화,ba_13233742,본죽&비빔밥 내당삼익뉴타운점,본그룹,백반·죽·국수,대구광역시,서구,42.0522,D
market_fit_focus,서울 상권 적합도 강화,ba_14855560,굽네치킨 양산서창점,굽네치킨,치킨,경상남도,양산시,42.0320,D
market_fit_focus,서울 상권 적합도 강화,ba_14488212,굽네피자 풍동점,굽네치킨,피자,경기도,고양시,42.0169,D
market_fit_focus,서울 상권 적합도 강화,ba_14743731,본죽&비빔밥 인천오류왕길점,본그룹,백반·죽·국수,인천광역시,서구,41.9079,D
market_fit_focus,서울 상권 적합도 강화,ba_13230903,본죽 시흥시화병원점,본그룹,백반·죽·국수,경기도,시흥시,41.9027,D
market_fit_focus,서울 상권 적합도 강화,ba_14185617,굽네피자 영주휴천점,굽네치킨,피자,경상북도,영주시,41.6446,D
market_fit_focus,서울 상권 적합도 강화,ba_10571616,굽네치킨 답십리1동점,굽네치킨,치킨,서울특별시,동대문구,40.1536,D
market_fit_focus,서울 상권 적합도 강화,ba_14253619,본죽&비빔밥 문래힐스테이트점,본그룹,백반·죽·국수,서울특별시,영등포구,37.3554,D
market_fit_focus,서울 상권 적합도 강화,ba_14171092,굽네피자 광주용봉점,굽네치킨,피자,광주광역시,북구,41.4418,D
market_fit_focus,서울 상권 적합도 강화,ba_13972819,굽네피자 영통2동점,굽네치킨,피자,경기도,수원시,41.3867,D
market_fit_focus,서울 상권 적합도 강화,ba_14687859,본죽&비빔밥 제기동역점,본그룹,백반·죽·국수,서울특별시,동대문구,42.2303,D
market_fit_focus,서울 상권 적합도 강화,ba_13970104,굽네피자 대구혁신점,굽네치킨,피자,대구광역시,동구,41.0799,D
market_fit_focus,서울 상권 적합도 강화,ba_13972425,굽네피자 광주문흥점,굽네치킨,피자,광주광역시,북구,41.0626,D
market_fit_focus,서울 상권 적합도 강화,ba_14270407,본죽&비빔밥 벡스코역점,본그룹,백반·죽·국수,부산광역시,해운대구,41.0387,D
market_fit_focus,서울 상권 적합도 강화,ba_13870012,본죽&비빔밥 시흥장곡점,본그룹,백반·죽·국수,경기도,시흥시,40.9908,D
market_fit_focus,서울 상권 적합도 강화,ba_13226567,본죽 신정점,본그룹,백반·죽·국수,서울특별시,양천구,41.8851,D
market_fit_focus,서울 상권 적합도 강화,ba_13313909,굽네치킨 논현고잔1호점,굽네치킨,치킨,인천광역시,남동구,40.7967,D
market_fit_focus,서울 상권 적합도 강화,ba_13233767,본죽&비빔밥 세종정부청사점,본그룹,백반·죽·국수,세종특별자치시,절재로,40.8012,D
market_fit_focus,서울 상권 적합도 강화,ba_14794083,본죽&비빔밥 부산광안역점,본그룹,백반·죽·국수,부산광역시,수영구,40.7917,D
market_fit_focus,서울 상권 적합도 강화,ba_14687323,본죽&비빔밥 관악구청점,본그룹,백반·죽·국수,서울특별시,관악구,37.8757,D
market_fit_focus,서울 상권 적합도 강화,ba_14689859,본죽&비빔밥 춘천퇴계한숲점,본그룹,백반·죽·국수,강원특별자치도,춘천시,40.7406,D
market_fit_focus,서울 상권 적합도 강화,ba_13976690,굽네피자 신수점,굽네치킨,피자,서울특별시,마포구,47.2759,D
market_fit_focus,서울 상권 적합도 강화,ba_14593798,굽네치킨&피자 광주오포점,굽네치킨,치킨,경기도,광주시,40.5763,D
market_fit_focus,서울 상권 적합도 강화,ba_14473511,본죽&비빔밥카페 김해가야대역점,본그룹,백반·죽·국수,경상남도,김해시,40.5721,D
market_fit_focus,서울 상권 적합도 강화,ba_13219734,본죽 구리토평점,본그룹,백반·죽·국수,경기도,구리시,40.3945,D
market_fit_focus,서울 상권 적합도 강화,ba_14189742,굽네피자 논현고잔1호점,굽네치킨,피자,인천광역시,남동구,40.2842,D
market_fit_focus,서울 상권 적합도 강화,ba_14791437,굽네치킨&피자 신수점,굽네치킨,치킨,서울특별시,마포구,41.3018,D
market_fit_focus,서울 상권 적합도 강화,ba_13076527,굽네치킨 창2동점,굽네치킨,치킨,서울특별시,도봉구,41.2995,D
market_fit_focus,서울 상권 적합도 강화,ba_14810162,굽네치킨&피자 서현역점,굽네치킨,치킨,경기도,성남시,40.1501,D
market_fit_focus,서울 상권 적합도 강화,ba_13233484,본죽&비빔밥 진주하대점,본그룹,백반·죽·국수,경상남도,진주시,40.0672,D
market_fit_focus,서울 상권 적합도 강화,ba_14733665,굽네치킨 수원조원점,굽네치킨,치킨,경기도,수원시,40.0387,D
market_fit_focus,서울 상권 적합도 강화,ba_14688789,본죽&비빔밥 성남고등점,본그룹,백반·죽·국수,경기도,성남시,39.9884,D
market_fit_focus,서울 상권 적합도 강화,ba_14688609,본죽 죽전벽산타운점,본그룹,백반·죽·국수,경기도,용인시,39.9139,D
market_fit_focus,서울 상권 적합도 강화,ba_10040590,굽네치킨 삼숭고읍점,굽네치킨,치킨,경기도,양주시,39.8129,D
market_fit_focus,서울 상권 적합도 강화,ba_10636815,굽네치킨 완도점,굽네치킨,치킨,전라남도,완도군,39.7189,D
market_fit_focus,서울 상권 적합도 강화,ba_14808489,굽네치킨 전주서학점,굽네치킨,치킨,전북특별자치도,전주시,39.7101,D
market_fit_focus,서울 상권 적합도 강화,ba_14413122,굽네치킨&피자 만성점,굽네치킨,치킨,전북특별자치도,전주시,39.6752,D
market_fit_focus,서울 상권 적합도 강화,ba_14714070,본죽&비빔밥 의정부발곡점,본그룹,백반·죽·국수,경기도,의정부시,39.6195,D
market_fit_focus,서울 상권 적합도 강화,ba_13233724,본죽&비빔밥 대구동성로중앙점,본그룹,백반·죽·국수,대구광역시,중구,39.6160,D
market_fit_focus,서울 상권 적합도 강화,ba_14615149,굽네치킨&피자 강대효자점,굽네치킨,치킨,강원특별자치도,춘천시,39.5243,D
market_fit_focus,서울 상권 적합도 강화,ba_14727755,굽네치킨&피자 덕진금암점,굽네치킨,치킨,전북특별자치도,전주시,39.4928,D
market_fit_focus,서울 상권 적합도 강화,ba_13189894,본죽&비빔밥 양산부산대병원정문앞택지점,본그룹,백반·죽·국수,경상남도,양산시,39.4152,D
market_fit_focus,서울 상권 적합도 강화,ba_14525359,본죽&비빔밥 용인모현점,본그룹,백반·죽·국수,경기도,용인시,39.3054,D
market_fit_focus,서울 상권 적합도 강화,ba_14689013,본죽&비빔밥 김포사우점,본그룹,백반·죽·국수,경기도,김포시,39.3124,D
market_fit_focus,서울 상권 적합도 강화,ba_14809478,굽네치킨 권선1동점,굽네치킨,치킨,경기도,수원시,39.2466,D
market_fit_focus,서울 상권 적합도 강화,ba_14758007,굽네치킨 송도신도시점,굽네치킨,치킨,인천광역시,연수구,39.1909,D
market_fit_focus,서울 상권 적합도 강화,ba_14827938,굽네치킨&피자 거북섬점,굽네치킨,치킨,경기도,시흥시,39.1377,D
market_fit_focus,서울 상권 적합도 강화,ba_10685624,굽네치킨 광주문흥점,굽네치킨,치킨,광주광역시,북구,38.9160,D
market_fit_focus,서울 상권 적합도 강화,ba_13231218,본죽 시흥하상동점,본그룹,백반·죽·국수,경기도,시흥시,38.9159,D
market_fit_focus,서울 상권 적합도 강화,ba_14687388,본죽&비빔밥 중곡사거리점,본그룹,백반·죽·국수,서울특별시,광진구,35.6258,D
market_fit_focus,서울 상권 적합도 강화,ba_14691803,본죽 부산학장점,본그룹,백반·죽·국수,부산광역시,사상구,38.8762,D
market_fit_focus,서울 상권 적합도 강화,ba_14690724,본죽&비빔밥 경남사천점,본그룹,백반·죽·국수,경상남도,사천시,38.8728,D
market_fit_focus,서울 상권 적합도 강화,ba_13233466,본죽&비빔밥 대구대곡역점,본그룹,백반·죽·국수,대구광역시,달성군,38.8337,D
market_fit_focus,서울 상권 적합도 강화,ba_14251745,굽네피자 태전점,굽네치킨,피자,대구광역시,북구,38.8078,D
market_fit_focus,서울 상권 적합도 강화,ba_14688541,본죽 시흥하상동점,본그룹,백반·죽·국수,경기도,시흥시,38.7978,D
market_fit_focus,서울 상권 적합도 강화,ba_14688854,본죽 평택팽성점,본그룹,백반·죽·국수,경기도,평택시,38.7905,D
market_fit_focus,서울 상권 적합도 강화,ba_14809544,굽네치킨 송도4동점,굽네치킨,치킨,인천광역시,연수구,38.7512,D
market_fit_focus,서울 상권 적합도 강화,ba_14692289,본죽&비빔밥 당진점,본그룹,백반·죽·국수,충청남도,당진시,38.7404,D
market_fit_focus,서울 상권 적합도 강화,ba_14692339,본죽&비빔밥 청주분평점,본그룹,백반·죽·국수,충청북도,청주시,38.7159,D
market_fit_focus,서울 상권 적합도 강화,ba_14695958,본죽 삼양사거리점,본그룹,백반·죽·국수,서울특별시,강북구,35.3229,D
market_fit_focus,서울 상권 적합도 강화,ba_14769185,굽네치킨&피자 김천신음점,굽네치킨,치킨,경상북도,김천시,38.6756,D
market_fit_focus,서울 상권 적합도 강화,ba_14716332,굽네치킨&피자 태평3동점,굽네치킨,치킨,경기도,성남시,38.6619,D
market_fit_focus,서울 상권 적합도 강화,ba_14689894,본죽&비빔밥 인천간석남부역점,본그룹,백반·죽·국수,인천광역시,남동구,38.6009,D
market_fit_focus,서울 상권 적합도 강화,ba_14691884,본죽&비빔밥 구서쌍용예가점,본그룹,백반·죽·국수,부산광역시,금정구,38.5884,D
market_fit_focus,서울 상권 적합도 강화,ba_14692256,본죽&비빔밥 천안성거점,본그룹,백반·죽·국수,충청남도,천안시,38.5929,D
market_fit_focus,서울 상권 적합도 강화,ba_14691910,본죽&비빔밥 울산청량점,본그룹,백반·죽·국수,울산광역시,울주군,38.5199,D
market_fit_focus,서울 상권 적합도 강화,ba_14803437,굽네치킨 명곡대원점,굽네치킨,치킨,경상남도,창원시,38.4925,D
market_fit_focus,서울 상권 적합도 강화,ba_14692282,본죽&비빔밥 당진수청점,본그룹,백반·죽·국수,충청남도,당진시,38.4559,D
market_fit_focus,서울 상권 적합도 강화,ba_14690056,본죽&비빔밥cafe 용인동백역점,본그룹,백반·죽·국수,경기도,용인시,38.4632,D
market_fit_focus,서울 상권 적합도 강화,ba_14435750,본죽&비빔밥 광주연제점,본그룹,백반·죽·국수,광주광역시,북구,38.4551,D
market_fit_focus,서울 상권 적합도 강화,ba_13506840,굽네치킨 & 피자 약수역점,굽네치킨,치킨,서울특별시,중구,39.7208,D
market_fit_focus,서울 상권 적합도 강화,ba_14522619,본죽&비빔밥 수원권선롯데마트점,본그룹,백반·죽·국수,경기도,수원시,38.3953,D
market_fit_focus,서울 상권 적합도 강화,ba_13226580,본죽 등촌역점,본그룹,백반·죽·국수,서울특별시,양천구,34.7304,D
market_fit_focus,서울 상권 적합도 강화,ba_13234187,본죽 경산계양점,본그룹,백반·죽·국수,경상북도,경산시,38.3167,D
market_fit_focus,서울 상권 적합도 강화,ba_14400023,본죽&비빔밥 시흥장곡점,본그룹,백반·죽·국수,경기도,시흥시,38.2960,D
market_fit_focus,서울 상권 적합도 강화,ba_14189864,굽네피자 & 피자 약수역점,굽네치킨,피자,서울특별시,중구,39.5751,D
market_fit_focus,서울 상권 적합도 강화,ba_14797330,굽네치킨&피자 초전점,굽네치킨,치킨,경상남도,진주시,38.2594,D
market_fit_focus,서울 상권 적합도 강화,ba_14173661,굽네피자 신월사파점,굽네치킨,피자,경상남도,창원시,38.1944,D
market_fit_focus,서울 상권 적합도 강화,ba_14689425,본죽&비빔밥 의정부시청점,본그룹,백반·죽·국수,경기도,의정부시,38.1800,D
market_fit_focus,서울 상권 적합도 강화,ba_14809961,굽네치킨 창원소답점,굽네치킨,치킨,경상남도,창원시,38.1599,D
market_fit_focus,서울 상권 적합도 강화,ba_14773134,본죽&비빔밥 용인보라점,본그룹,백반·죽·국수,경기도,용인시,38.0586,D
market_fit_focus,서울 상권 적합도 강화,ba_14190360,굽네피자 일산식사점,굽네치킨,피자,경기도,고양시,38.0075,D
market_fit_focus,서울 상권 적합도 강화,ba_14776515,굽네치킨 대소점,굽네치킨,치킨,충청북도,음성군,37.9947,D
market_fit_focus,서울 상권 적합도 강화,ba_14691324,본죽 포항지곡점,본그룹,백반·죽·국수,경상북도,포항시,37.9175,D
market_fit_focus,서울 상권 적합도 강화,ba_14624480,굽네피자 고산지구점,굽네치킨,피자,경기도,의정부시,37.9106,D
market_fit_focus,서울 상권 적합도 강화,ba_14525750,굽네피자 지산신장점,굽네치킨,피자,경기도,평택시,37.9126,D
market_fit_focus,서울 상권 적합도 강화,ba_13973779,굽네피자 용인서천점,굽네치킨,피자,경기도,용인시,37.8954,D
market_fit_focus,서울 상권 적합도 강화,ba_13233433,본죽 대명안지랑점,본그룹,백반·죽·국수,대구광역시,남구,37.8894,D
market_fit_focus,서울 상권 적합도 강화,ba_14629814,굽네피자 용인모현점,굽네치킨,피자,경기도,용인시,37.8462,D
market_fit_focus,서울 상권 적합도 강화,ba_14689508,본죽&비빔밥 파주문산점,본그룹,백반·죽·국수,경기도,파주시,37.8502,D
market_fit_focus,서울 상권 적합도 강화,ba_14695008,본죽&비빔밥 부산연산점,본그룹,백반·죽·국수,부산광역시,연제구,37.8411,D
market_fit_focus,서울 상권 적합도 강화,ba_13247000,본죽 용인광교역점,본그룹,백반·죽·국수,경기도,용인시,37.8393,D
market_fit_focus,서울 상권 적합도 강화,ba_14788679,본죽&비빔밥 안산선부점,본그룹,백반·죽·국수,경기도,안산시,37.8322,D
market_fit_focus,서울 상권 적합도 강화,ba_14696545,굽네피자 구리갈매점,굽네치킨,피자,경기도,구리시,37.8139,D
market_fit_focus,서울 상권 적합도 강화,ba_13973937,굽네피자 동탄1동점,굽네치킨,피자,경기도,화성시,37.7824,D
market_fit_focus,서울 상권 적합도 강화,ba_14756868,본죽&비빔밥 평택시청점,본그룹,백반·죽·국수,경기도,평택시,37.7729,D
market_fit_focus,서울 상권 적합도 강화,ba_14691863,본죽&비빔밥 부산명지cgv점,본그룹,백반·죽·국수,부산광역시,강서구,37.7167,D
market_fit_focus,서울 상권 적합도 강화,ba_14691316,본죽 포항오천점,본그룹,백반·죽·국수,경상북도,포항시,37.7025,D
market_fit_focus,서울 상권 적합도 강화,ba_14797999,굽네치킨&피자 대흥역점,굽네치킨,치킨,서울특별시,마포구,36.6457,D
market_fit_focus,서울 상권 적합도 강화,ba_14842562,굽네치킨&피자 영등포구청역점,굽네치킨,치킨,서울특별시,영등포구,38.9512,D
market_fit_focus,서울 상권 적합도 강화,ba_14637963,굽네치킨 영덕영해점,굽네치킨,치킨,경상북도,영덕군,37.5748,D
market_fit_focus,서울 상권 적합도 강화,ba_14327485,굽네치킨&피자 장곡장현점,굽네치킨,치킨,경기도,시흥시,37.5593,D
market_fit_focus,서울 상권 적합도 강화,ba_14252162,굽네피자 사당2동점,굽네치킨,피자,서울특별시,동작구,38.9293,D
market_fit_focus,서울 상권 적합도 강화,ba_12030167,굽네치킨&피자 후평점,굽네치킨,피자,강원특별자치도,춘천시,37.5527,D
market_fit_focus,서울 상권 적합도 강화,ba_14691981,본죽&비빔밥 부산개금점,본그룹,백반·죽·국수,부산광역시,부산진구,37.4939,D
market_fit_focus,서울 상권 적합도 강화,ba_14320813,굽네피자 옥곡백천점,굽네치킨,피자,경상북도,경산시,37.4755,D
market_fit_focus,서울 상권 적합도 강화,ba_14731363,본죽&비빔밥 충북대병원앞점,본그룹,백반·죽·국수,충청북도,청주시,37.4670,D
market_fit_focus,서울 상권 적합도 강화,ba_13628326,본죽&비빔밥 부산개금점,본그룹,백반·죽·국수,부산광역시,부산진구,37.4733,D
market_fit_focus,서울 상권 적합도 강화,ba_14629153,굽네치킨&피자 합천점,굽네치킨,치킨,경상남도,합천군,37.4575,D
market_fit_focus,서울 상권 적합도 강화,ba_13973414,굽네피자 후평점,굽네치킨,피자,강원특별자치도,춘천시,37.4580,D
market_fit_focus,서울 상권 적합도 강화,ba_14691338,본죽 포항흥해점,본그룹,백반·죽·국수,경상북도,포항시,37.4335,D
market_fit_focus,서울 상권 적합도 강화,ba_14569929,굽네치킨 응암1호점,굽네치킨,치킨,서울특별시,은평구,38.7493,D
market_fit_focus,서울 상권 적합도 강화,ba_14690597,본죽&비빔밥 포항상원점,본그룹,백반·죽·국수,경상북도,포항시,37.3414,D
market_fit_focus,서울 상권 적합도 강화,ba_13181486,본죽&비빔밥 천안두정점,본그룹,백반·죽·국수,충청남도,천안시,37.3120,D
market_fit_focus,서울 상권 적합도 강화,ba_14796264,굽네치킨 종암스타점,굽네치킨,치킨,서울특별시,성북구,38.7032,D
market_fit_focus,서울 상권 적합도 강화,ba_14686990,본죽 문정로데오점,본그룹,백반·죽·국수,서울특별시,송파구,33.6699,D
market_fit_focus,서울 상권 적합도 강화,ba_12016615,굽네피자 울산삼산점,굽네치킨,피자,울산광역시,남구,37.2208,D
market_fit_focus,서울 상권 적합도 강화,ba_14787229,본죽&비빔밥 수원호매실화홍병원점,본그룹,백반·죽·국수,경기도,수원시,37.2126,D
market_fit_focus,서울 상권 적합도 강화,ba_14189925,굽네피자 불광점,굽네치킨,피자,서울특별시,은평구,38.6320,D
market_fit_focus,서울 상권 적합도 강화,ba_14542191,굽네피자 응암1호점,굽네치킨,피자,서울특별시,은평구,38.6044,D
market_fit_focus,서울 상권 적합도 강화,ba_10418755,굽네치킨&피자 곤지암점,굽네치킨,치킨,경기도,광주시,37.1190,D
market_fit_focus,서울 상권 적합도 강화,ba_14189471,굽네피자 등촌3동점,굽네치킨,피자,서울특별시,강서구,38.5315,D
market_fit_focus,서울 상권 적합도 강화,ba_13712881,굽네치킨 등촌3동점,굽네치킨,치킨,서울특별시,강서구,38.5288,D
market_fit_focus,서울 상권 적합도 강화,ba_14271331,굽네피자 일광신도시점,굽네치킨,피자,부산광역시,기장군,37.0938,D
market_fit_focus,서울 상권 적합도 강화,ba_14662462,굽네치킨 광탄점,굽네치킨,치킨,경기도,파주시,37.0813,D
market_fit_focus,서울 상권 적합도 강화,ba_14691860,본죽&비빔밥 부산동삼점,본그룹,백반·죽·국수,부산광역시,영도구,37.0726,D
market_fit_focus,서울 상권 적합도 강화,ba_14103678,굽네치킨&피자 불광점,굽네치킨,치킨,서울특별시,은평구,38.5033,D
market_fit_focus,서울 상권 적합도 강화,ba_14392323,굽네피자 삼산1동점,굽네치킨,피자,인천광역시,부평구,37.0337,D
market_fit_focus,서울 상권 적합도 강화,ba_13448308,굽네치킨 역촌점,굽네치킨,치킨,서울특별시,은평구,38.4536,D
market_fit_focus,서울 상권 적합도 강화,ba_14840445,굽네치킨&피자 등촌3동점,굽네치킨,치킨,서울특별시,강서구,38.4478,D
market_fit_focus,서울 상권 적합도 강화,ba_14251345,굽네피자 강화점,굽네치킨,피자,인천광역시,강화군,36.9912,D
market_fit_focus,서울 상권 적합도 강화,ba_14800652,본죽&비빔밥 내방역점,본그룹,백반·죽·국수,서울특별시,서초구,38.4280,D
market_fit_focus,서울 상권 적합도 강화,ba_14691400,본죽&비빔밥 경산하양점,본그룹,백반·죽·국수,경상북도,경산시,36.9291,D
market_fit_focus,서울 상권 적합도 강화,ba_14733416,굽네치킨&피자 먹골역점,굽네치킨,치킨,서울특별시,중랑구,38.3867,D
market_fit_focus,서울 상권 적합도 강화,ba_14252159,굽네치킨 사당2동점,굽네치킨,치킨,서울특별시,동작구,38.3703,D
market_fit_focus,서울 상권 적합도 강화,ba_14690580,본죽&비빔밥 포항문덕원동점,본그룹,백반·죽·국수,경상북도,포항시,36.8485,D
market_fit_focus,서울 상권 적합도 강화,ba_13326281,본죽 만리점,본그룹,백반·죽·국수,서울특별시,중구,32.7438,D
market_fit_focus,서울 상권 적합도 강화,ba_10024499,굽네치킨 보령동대점,굽네치킨,치킨,충청남도,보령시,36.8284,D
market_fit_focus,서울 상권 적합도 강화,ba_14624481,굽네치킨&피자 고산지구점,굽네치킨,치킨,경기도,의정부시,36.7711,D
market_fit_focus,서울 상권 적합도 강화,ba_13851878,굽네치킨 용인서천점,굽네치킨,치킨,경기도,용인시,36.7681,D
market_fit_focus,서울 상권 적합도 강화,ba_14400681,굽네피자 영암삼호점,굽네치킨,피자,전라남도,영암군,36.7670,D
market_fit_focus,서울 상권 적합도 강화,ba_10416959,굽네치킨 은행동점,굽네치킨,치킨,경기도,성남시,36.7633,D
market_fit_focus,서울 상권 적합도 강화,ba_14624475,굽네치킨 고산지구점,굽네치킨,치킨,경기도,의정부시,36.7636,D
market_fit_focus,서울 상권 적합도 강화,ba_14642115,굽네치킨 공도2호점,굽네치킨,치킨,경기도,안성시,36.7332,D
market_fit_focus,서울 상권 적합도 강화,ba_14696546,굽네치킨&피자 구리갈매점,굽네치킨,치킨,경기도,구리시,36.7263,D
market_fit_focus,서울 상권 적합도 강화,ba_14695236,본죽&비빔밥 제주법원점,본그룹,백반·죽·국수,제주특별자치도,제주시,36.7150,D
market_fit_focus,서울 상권 적합도 강화,ba_14746091,굽네치킨&피자 별내청학점,굽네치킨,치킨,경기도,남양주시,36.7226,D
market_fit_focus,서울 상권 적합도 강화,ba_13950340,굽네치킨 동탄1동점,굽네치킨,치킨,경기도,화성시,36.7249,D
market_fit_focus,서울 상권 적합도 강화,ba_14857305,굽네치킨&피자 송탄지산점,굽네치킨,치킨,경기도,평택시,36.7162,D
market_fit_focus,서울 상권 적합도 강화,ba_14854750,굽네치킨 울산신정3호점,굽네치킨,치킨,울산광역시,남구,36.7147,D
market_fit_focus,서울 상권 적합도 강화,ba_14696544,굽네치킨 구리갈매점,굽네치킨,치킨,경기도,구리시,36.7116,D
market_fit_focus,서울 상권 적합도 강화,ba_14691387,본죽&비빔밥 경주동국대병원점,본그룹,백반·죽·국수,경상북도,경주시,36.6921,D
market_fit_focus,서울 상권 적합도 강화,ba_14692319,본죽&비빔밥 제주강정점,본그룹,백반·죽·국수,제주특별자치도,서귀포시,36.6877,D
market_fit_focus,서울 상권 적합도 강화,ba_14853495,굽네치킨&피자 구리갈매점,굽네치킨,치킨,경기도,구리시,36.6820,D
market_fit_focus,서울 상권 적합도 강화,ba_14690576,본죽&비빔밥 포항세명병원점,본그룹,백반·죽·국수,경상북도,포항시,36.6727,D
market_fit_focus,서울 상권 적합도 강화,ba_14681358,굽네치킨 시흥능곡점,굽네치킨,치킨,경기도,시흥시,36.6747,D
market_fit_focus,서울 상권 적합도 강화,ba_10840065,굽네치킨 천안백석점,굽네치킨,치킨,충청남도,천안시,36.6637,D
market_fit_focus,서울 상권 적합도 강화,ba_14805037,굽네치킨&피자 광주퇴촌점,굽네치킨,치킨,경기도,광주시,36.6390,D
market_fit_focus,서울 상권 적합도 강화,ba_14352930,굽네치킨 녹양점,굽네치킨,치킨,경기도,의정부시,36.6373,D
market_fit_focus,서울 상권 적합도 강화,ba_14525748,굽네치킨 지산신장점,굽네치킨,치킨,경기도,평택시,36.6395,D
market_fit_focus,서울 상권 적합도 강화,ba_14662584,굽네치킨&피자 광주퇴촌점,굽네치킨,치킨,경기도,광주시,36.6319,D
market_fit_focus,서울 상권 적합도 강화,ba_14856977,굽네치킨&피자 용산점,굽네치킨,치킨,대구광역시,달서구,36.6296,D
market_fit_focus,서울 상권 적합도 강화,ba_13311793,굽네치킨 연신내점,굽네치킨,치킨,서울특별시,은평구,38.0032,D
market_fit_focus,서울 상권 적합도 강화,ba_14690658,본죽&비빔밥 포항이인지구점,본그룹,백반·죽·국수,경상북도,포항시,36.5797,D
market_fit_focus,서울 상권 적합도 강화,ba_14810724,굽네치킨&피자 동대구해모로점,굽네치킨,치킨,대구광역시,동구,36.5695,D
market_fit_focus,서울 상권 적합도 강화,ba_14481987,굽네치킨 마산점,굽네치킨,치킨,경기도,김포시,36.5504,D
market_fit_focus,서울 상권 적합도 강화,ba_10767741,굽네치킨 후평점,굽네치킨,치킨,강원특별자치도,춘천시,36.5323,D
market_fit_focus,서울 상권 적합도 강화,ba_12029686,굽네치킨 나주혁신도시1호점,굽네치킨,치킨,전라남도,나주시,36.5344,D
market_fit_focus,서울 상권 적합도 강화,ba_14484108,굽네치킨 애막골후평점,굽네치킨,치킨,강원특별자치도,춘천시,36.5323,D
market_fit_focus,서울 상권 적합도 강화,ba_14796881,굽네치킨 안산부곡점,굽네치킨,치킨,경기도,안산시,36.5214,D
market_fit_focus,서울 상권 적합도 강화,ba_14768997,굽네치킨&피자 양벌점,굽네치킨,치킨,경기도,광주시,36.5204,D
market_fit_focus,서울 상권 적합도 강화,ba_14629813,굽네치킨 용인모현점,굽네치킨,치킨,경기도,용인시,36.5143,D
market_fit_focus,서울 상권 적합도 강화,ba_14692368,본죽&비빔밥 제주서귀포동홍점,본그룹,백반·죽·국수,제주특별자치도,서귀포시,36.4785,D
market_fit_focus,서울 상권 적합도 강화,ba_13003575,굽네치킨&피자 여수관문점,굽네치킨,피자,전라남도,여수시,36.4798,D
market_fit_focus,서울 상권 적합도 강화,ba_14759786,굽네치킨&피자 퇴계CGV점,굽네치킨,치킨,강원특별자치도,춘천시,36.4587,D
market_fit_focus,서울 상권 적합도 강화,ba_13228939,본죽 산성역점,본그룹,백반·죽·국수,경기도,성남시,36.4547,D
market_fit_focus,서울 상권 적합도 강화,ba_14692087,본죽&비빔밥 신제주점,본그룹,백반·죽·국수,제주특별자치도,제주시,36.4366,D
market_fit_focus,서울 상권 적합도 강화,ba_14849575,굽네치킨 엄궁점,굽네치킨,치킨,부산광역시,사상구,36.4108,D
market_fit_focus,서울 상권 적합도 강화,ba_13452835,굽네치킨 경남남해점,굽네치킨,치킨,경상남도,남해군,36.4120,D
market_fit_focus,서울 상권 적합도 강화,ba_13574800,굽네치킨 대구신매점,굽네치킨,치킨,대구광역시,수성구,36.4146,D
market_fit_focus,서울 상권 적합도 강화,ba_14691986,본죽&비빔밥 제주삼화점,본그룹,백반·죽·국수,제주특별자치도,제주시,36.4136,D
market_fit_focus,서울 상권 적합도 강화,ba_14597165,굽네피자 역삼2동점,굽네치킨,피자,서울특별시,강남구,36.3022,D
market_fit_focus,서울 상권 적합도 강화,ba_13348011,굽네치킨 하남신장점,굽네치킨,치킨,경기도,하남시,36.3931,D
market_fit_focus,서울 상권 적합도 강화,ba_10620671,굽네치킨 광주백운점,굽네치킨,치킨,광주광역시,남구,36.3846,D
market_fit_focus,서울 상권 적합도 강화,ba_14855934,굽네치킨 동대신점,굽네치킨,치킨,부산광역시,서구,36.3458,D
market_fit_focus,서울 상권 적합도 강화,ba_14711140,본죽&비빔밥 제주삼화점,본그룹,백반·죽·국수,제주특별자치도,제주시,36.3446,D
market_fit_focus,서울 상권 적합도 강화,ba_14711141,본죽&비빔밥 제주삼화점,본그룹,백반·죽·국수,제주특별자치도,제주시,36.3446,D
market_fit_focus,서울 상권 적합도 강화,ba_14687497,본죽 대림점,본그룹,백반·죽·국수,서울특별시,동작구,34.1390,D
market_fit_focus,서울 상권 적합도 강화,ba_14850510,굽네치킨 가야점,굽네치킨,치킨,부산광역시,부산진구,36.3054,D
market_fit_focus,서울 상권 적합도 강화,ba_14691990,본죽&비빔밥 제주아라점,본그룹,백반·죽·국수,제주특별자치도,제주시,36.3060,D
market_fit_focus,서울 상권 적합도 강화,ba_10499851,굽네치킨 대신점,굽네치킨,치킨,부산광역시,서구,36.2445,D
market_fit_focus,서울 상권 적합도 강화,ba_14545829,굽네치킨 임학점,굽네치킨,치킨,인천광역시,계양구,36.1904,D
market_fit_focus,서울 상권 적합도 강화,ba_12027186,굽네치킨&피자 청라1호점,굽네치킨,치킨,인천광역시,서구,36.1920,D
market_fit_focus,서울 상권 적합도 강화,ba_14294656,굽네치킨 청천2동점,굽네치킨,치킨,인천광역시,부평구,36.1694,D
market_fit_focus,서울 상권 적합도 강화,ba_13230824,본죽&비빔밥 가산테라타워점,본그룹,백반·죽·국수,서울특별시,금천구,32.4348,D
market_fit_focus,서울 상권 적합도 강화,ba_14619205,굽네치킨&피자 신현원창점,굽네치킨,치킨,인천광역시,서구,36.1360,D
market_fit_focus,서울 상권 적합도 강화,ba_13056957,굽네치킨 석남점,굽네치킨,치킨,인천광역시,서구,36.1357,D
market_fit_focus,서울 상권 적합도 강화,ba_14730328,본죽&비빔밥 동탄꼬모점,본그룹,백반·죽·국수,경기도,화성시,35.9168,D
market_fit_focus,서울 상권 적합도 강화,ba_14799661,본죽&비빔밥 의정부역점,본그룹,백반·죽·국수,경기도,의정부시,35.8809,D
market_fit_focus,서울 상권 적합도 강화,ba_14688702,본죽&비빔밥 부천춘의점,본그룹,백반·죽·국수,경기도,부천시,35.7983,D
market_fit_focus,서울 상권 적합도 강화,ba_13062668,굽네치킨 포항흥해점,굽네치킨,치킨,경상북도,포항시,35.8019,D
market_fit_focus,서울 상권 적합도 강화,ba_14690672,본죽&비빔밥 김해율하점,본그룹,백반·죽·국수,경상남도,김해시,35.7437,D
market_fit_focus,서울 상권 적합도 강화,ba_14689427,본죽&비빔밥 의정부금오점,본그룹,백반·죽·국수,경기도,의정부시,35.7297,D
market_fit_focus,서울 상권 적합도 강화,ba_14692796,본죽&비빔밥 아산모종점,본그룹,백반·죽·국수,충청남도,아산시,35.6691,D
market_fit_focus,서울 상권 적합도 강화,ba_14689906,본죽 인천간석사거리점,본그룹,백반·죽·국수,인천광역시,남동구,35.5875,D
market_fit_focus,서울 상권 적합도 강화,ba_13972771,굽네피자 광주상무점,굽네치킨,피자,광주광역시,서구,35.5791,D
market_fit_focus,서울 상권 적합도 강화,ba_14239270,굽네피자 대구이곡점,굽네치킨,피자,대구광역시,달서구,35.3076,D
market_fit_focus,서울 상권 적합도 강화,ba_14726738,본죽&비빔밥 해운대센텀역점,본그룹,백반·죽·국수,부산광역시,해운대구,35.2794,D
market_fit_focus,서울 상권 적합도 강화,ba_14456345,본죽&비빔밥 천안두정포레나점,본그룹,백반·죽·국수,충청남도,천안시,35.1838,D
market_fit_focus,서울 상권 적합도 강화,ba_13236481,본죽&비빔밥 포항시외버스터미널점,본그룹,백반·죽·국수,경상북도,포항시,35.1476,D
market_fit_focus,서울 상권 적합도 강화,ba_14691918,본죽&비빔밥 방학도깨비시장점,본그룹,백반·죽·국수,서울특별시,도봉구,32.6034,D
market_fit_focus,서울 상권 적합도 강화,ba_14649303,굽네치킨 계룡대실점,굽네치킨,치킨,충청남도,계룡시,34.8586,D
market_fit_focus,서울 상권 적합도 강화,ba_14691147,본죽&비빔밥 안동성소병원점,본그룹,백반·죽·국수,경상북도,안동시,34.8287,D
market_fit_focus,서울 상권 적합도 강화,ba_14691078,본죽&비빔밥 통영항남점,본그룹,백반·죽·국수,경상남도,통영시,34.7803,D
market_fit_focus,서울 상권 적합도 강화,ba_14392877,본죽&비빔밥 인천석바위점,본그룹,백반·죽·국수,인천광역시,미추홀구,34.7753,D
market_fit_focus,서울 상권 적합도 강화,ba_14593800,굽네피자 광주오포점,굽네치킨,피자,경기도,광주시,34.7309,D
market_fit_focus,서울 상권 적합도 강화,ba_14563145,굽네치킨 경주불국사점,굽네치킨,치킨,경상북도,경주시,34.7113,D
market_fit_focus,서울 상권 적합도 강화,ba_14692434,본죽&비빔밥 천안백석푸르지오점,본그룹,백반·죽·국수,충청남도,천안시,34.5813,D
market_fit_focus,서울 상권 적합도 강화,ba_14533127,본죽&비빔밥 위례창곡점,본그룹,백반·죽·국수,경기도,성남시,34.5632,D
market_fit_focus,서울 상권 적합도 강화,ba_14754395,굽네치킨 구이점,굽네치킨,치킨,전북특별자치도,완주군,34.5466,D
market_fit_focus,서울 상권 적합도 강화,ba_14506800,본죽&비빔밥 율전상률초점,본그룹,백반·죽·국수,경기도,수원시,34.5409,D
market_fit_focus,서울 상권 적합도 강화,ba_14652311,굽네치킨&피자 강남세곡점,굽네치킨,치킨,서울특별시,강남구,31.7228,D
market_fit_focus,서울 상권 적합도 강화,ba_14686856,본죽&비빔밥 부산만덕사거리점,본그룹,백반·죽·국수,부산광역시,북구,34.5078,D
market_fit_focus,서울 상권 적합도 강화,ba_14691904,본죽&비빔밥 울산우정점,본그룹,백반·죽·국수,울산광역시,중구,34.4849,D
market_fit_focus,서울 상권 적합도 강화,ba_14770149,본죽&비빔밥 동탄테크노밸리점,본그룹,백반·죽·국수,경기도,화성시,34.4499,D
market_fit_focus,서울 상권 적합도 강화,ba_13972155,굽네피자 금호점,굽네치킨,피자,광주광역시,서구,34.3271,D
market_fit_focus,서울 상권 적합도 강화,ba_13972595,굽네피자 나주혁신도시1호점,굽네치킨,피자,전라남도,나주시,34.3189,D
market_fit_focus,서울 상권 적합도 강화,ba_13230793,본죽&비빔밥 구로디지털역점,본그룹,백반·죽·국수,서울특별시,구로구,30.7989,D
market_fit_focus,서울 상권 적합도 강화,ba_14108842,굽네치킨 영암점,굽네치킨,치킨,전라남도,영암군,34.2671,D
market_fit_focus,서울 상권 적합도 강화,ba_14274836,굽네피자 운천점,굽네치킨,피자,경기도,포천시,34.2681,D
market_fit_focus,서울 상권 적합도 강화,ba_14690709,본죽&비빔밥 김해진영점,본그룹,백반·죽·국수,경상남도,김해시,34.1792,D
market_fit_focus,서울 상권 적합도 강화,ba_14690909,본죽&비빔밥 마산회원동점,본그룹,백반·죽·국수,경상남도,창원시,34.1522,D
market_fit_focus,서울 상권 적합도 강화,ba_13229960,본죽 창원소답점,본그룹,백반·죽·국수,경상남도,창원시,34.1510,D
market_fit_focus,서울 상권 적합도 강화,ba_14742704,본죽&비빔밥 청주개신점,본그룹,백반·죽·국수,충청북도,청주시,34.0873,D
market_fit_focus,서울 상권 적합도 강화,ba_14607412,굽네치킨&피자 거북섬점,굽네치킨,치킨,경기도,시흥시,33.9996,D
market_fit_focus,서울 상권 적합도 강화,ba_14581501,본죽&비빔밥 동탄한림대병원점,본그룹,백반·죽·국수,경기도,화성시,33.9130,D
market_fit_focus,서울 상권 적합도 강화,ba_13229184,본죽 대구산격점,본그룹,백반·죽·국수,대구광역시,북구,33.9049,D
market_fit_focus,서울 상권 적합도 강화,ba_13977023,굽네피자 삼숭고읍점,굽네치킨,피자,경기도,양주시,33.8689,D
market_fit_focus,서울 상권 적합도 강화,ba_13974075,굽네피자 인계점,굽네치킨,피자,경기도,수원시,33.8549,D
market_fit_focus,서울 상권 적합도 강화,ba_14688115,본죽 산본사거리점,본그룹,백반·죽·국수,경기도,군포시,33.7393,D
market_fit_focus,서울 상권 적합도 강화,ba_14688567,본죽&비빔밥 목동8단지점,본그룹,백반·죽·국수,서울특별시,양천구,32.3903,D
market_fit_focus,서울 상권 적합도 강화,ba_13230502,본죽 화성봉담점,본그룹,백반·죽·국수,경기도,화성시,33.6908,D
market_fit_focus,서울 상권 적합도 강화,ba_14397420,굽네치킨 진해장천점,굽네치킨,치킨,경상남도,창원시,33.5615,D
market_fit_focus,서울 상권 적합도 강화,ba_13224833,본죽 명학역점,본그룹,백반·죽·국수,경기도,안양시,33.5234,D
market_fit_focus,서울 상권 적합도 강화,ba_13233454,본죽 서산읍내동점,본그룹,백반·죽·국수,충청남도,서산시,33.4953,D
market_fit_focus,서울 상권 적합도 강화,ba_14799660,본죽&비빔밥 의정부역점,본그룹,백반·죽·국수,경기도,의정부시,33.4462,D
market_fit_focus,서울 상권 적합도 강화,ba_14690122,본죽&비빔밥 용인죽전사거리도담마을점,본그룹,백반·죽·국수,경기도,용인시,33.4488,D
market_fit_focus,서울 상권 적합도 강화,ba_14629919,굽네피자 양지동점,굽네치킨,피자,경기도,성남시,33.3163,D
market_fit_focus,서울 상권 적합도 강화,ba_13231050,본죽&비빔밥 안산고잔법원점,본그룹,백반·죽·국수,경기도,안산시,33.3098,D
market_fit_focus,서울 상권 적합도 강화,ba_14687347,본죽&비빔밥 둔촌보훈병원점,본그룹,백반·죽·국수,서울특별시,강동구,35.1303,D
market_fit_focus,서울 상권 적합도 강화,ba_13973349,굽네피자 온의퇴계점,굽네치킨,피자,강원특별자치도,춘천시,33.2252,D
market_fit_focus,서울 상권 적합도 강화,ba_13969584,굽네피자 대구대현점,굽네치킨,피자,대구광역시,북구,33.1310,D
market_fit_focus,서울 상권 적합도 강화,ba_14422337,본죽&비빔밥 고양덕은점,본그룹,백반·죽·국수,경기도,고양시,33.0750,D
market_fit_focus,서울 상권 적합도 강화,ba_13234523,본죽&비빔밥 동탄목동점,본그룹,백반·죽·국수,경기도,화성시,33.0639,D
market_fit_focus,서울 상권 적합도 강화,ba_14796355,본죽&비빔밥 남양주퇴계원점,본그룹,백반·죽·국수,경기도,남양주시,33.0038,D
market_fit_focus,서울 상권 적합도 강화,ba_14691997,본죽&비빔밥 부산사상점,본그룹,백반·죽·국수,부산광역시,사상구,32.9761,D
market_fit_focus,서울 상권 적합도 강화,ba_14691262,본죽&비빔밥 대구상인롯데점,본그룹,백반·죽·국수,대구광역시,달서구,32.8778,D
market_fit_focus,서울 상권 적합도 강화,ba_14399330,본죽&비빔밥 대구상인롯데점,본그룹,백반·죽·국수,대구광역시,달서구,32.8747,D
market_fit_focus,서울 상권 적합도 강화,ba_10583009,굽네치킨 광주용봉점,굽네치킨,치킨,광주광역시,북구,32.6938,D
market_fit_focus,서울 상권 적합도 강화,ba_14801139,굽네치킨&피자 율하스타점,굽네치킨,치킨,경상남도,김해시,32.6887,D
market_fit_focus,서울 상권 적합도 강화,ba_13228869,본죽&비빔밥 대전판암점,본그룹,백반·죽·국수,대전광역시,동구,32.6194,D
market_fit_focus,서울 상권 적합도 강화,ba_14687134,본죽 만리점,본그룹,백반·죽·국수,서울특별시,중구,28.9289,D
market_fit_focus,서울 상권 적합도 강화,ba_13260523,본죽＆비빔밥 평택포승점,본그룹,백반·죽·국수,경기도,평택시,32.5447,D
market_fit_focus,서울 상권 적합도 강화,ba_14249441,굽네피자 부산하단점,굽네치킨,피자,부산광역시,사하구,32.4531,D
market_fit_focus,서울 상권 적합도 강화,ba_14341228,굽네피자&치킨 고덕국제점,굽네치킨,피자,경기도,평택시,32.3859,D
market_fit_focus,서울 상권 적합도 강화,ba_14703003,본죽 경남거제옥포점,본그룹,백반·죽·국수,경상남도,거제시,32.3855,D
market_fit_focus,서울 상권 적합도 강화,ba_13223504,본죽&비빔밥 문정법조단지점,본그룹,백반·죽·국수,서울특별시,송파구,29.3902,D
market_fit_focus,서울 상권 적합도 강화,ba_14400680,굽네치킨 영암삼호점,굽네치킨,치킨,전라남도,영암군,32.1812,D
market_fit_focus,서울 상권 적합도 강화,ba_14691145,본죽&비빔밥 구미상모점,본그룹,백반·죽·국수,경상북도,구미시,32.1495,D
market_fit_focus,서울 상권 적합도 강화,ba_14812426,본죽&비빔밥 대전선화점,본그룹,백반·죽·국수,대전광역시,중구,32.0645,D
market_fit_focus,서울 상권 적합도 강화,ba_14812430,본죽&비빔밥 대전선화점,본그룹,백반·죽·국수,대전광역시,중구,32.0394,D
market_fit_focus,서울 상권 적합도 강화,ba_14783436,본죽&비빔밥 마산합포오동점,본그룹,백반·죽·국수,경상남도,창원시,31.7852,D
market_fit_focus,서울 상권 적합도 강화,ba_14762166,본죽&비빔밥 광주북구청점,본그룹,백반·죽·국수,광주광역시,북구,31.4364,D
market_fit_focus,서울 상권 적합도 강화,ba_13233594,본죽 대구진천역점,본그룹,백반·죽·국수,대구광역시,달서구,31.4350,D
market_fit_focus,서울 상권 적합도 강화,ba_10774794,굽네치킨&피자 회덕점,굽네치킨,치킨,경기도,광주시,31.1705,D
market_fit_focus,서울 상권 적합도 강화,ba_13228978,본죽&비빔밥 인천연희연세병원점,본그룹,백반·죽·국수,인천광역시,서구,31.1209,D
market_fit_focus,서울 상권 적합도 강화,ba_14702063,본죽&비빔밥 목동파라곤점,본그룹,백반·죽·국수,서울특별시,양천구,33.2023,D
market_fit_focus,서울 상권 적합도 강화,ba_14831112,본죽&비빔밥 상봉역점,본그룹,백반·죽·국수,서울특별시,중랑구,33.1346,D
market_fit_focus,서울 상권 적합도 강화,ba_14270903,굽네치킨&피자 원미점,굽네치킨,치킨,경기도,부천시,30.9842,D
market_fit_focus,서울 상권 적합도 강화,ba_14841573,본죽&비빔밥 왕십리점,본그룹,백반·죽·국수,서울특별시,성동구,32.9901,D
market_fit_focus,서울 상권 적합도 강화,ba_14688709,본죽&비빔밥 부천순천향병원앞점,본그룹,백반·죽·국수,경기도,부천시,30.8636,D
market_fit_focus,서울 상권 적합도 강화,ba_14831111,본죽&비빔밥 상봉역점,본그룹,백반·죽·국수,서울특별시,중랑구,32.9163,D
market_fit_focus,서울 상권 적합도 강화,ba_14841574,본죽&비빔밥 왕십리점,본그룹,백반·죽·국수,서울특별시,성동구,32.8945,D
market_fit_focus,서울 상권 적합도 강화,ba_13251048,본죽&비빔밥 울산송정점,본그룹,백반·죽·국수,울산광역시,북구,30.4451,D
market_fit_focus,서울 상권 적합도 강화,ba_13207953,본죽&비빔밥 자양동점,본그룹,백반·죽·국수,서울특별시,광진구,32.5412,D
market_fit_focus,서울 상권 적합도 강화,ba_14692056,본죽&비빔밥 자양동점,본그룹,백반·죽·국수,서울특별시,광진구,32.5412,D
market_fit_focus,서울 상권 적합도 강화,ba_14826413,본죽&비빔밥 대림성모점,본그룹,백반·죽·국수,서울특별시,동작구,32.5338,D
market_fit_focus,서울 상권 적합도 강화,ba_14828692,본죽&비빔밥 대림성모점,본그룹,백반·죽·국수,서울특별시,동작구,32.5338,D
market_fit_focus,서울 상권 적합도 강화,ba_13227070,본죽&비빔밥 부산신호점,본그룹,백반·죽·국수,부산광역시,강서구,30.2620,D
market_fit_focus,서울 상권 적합도 강화,ba_14691798,본죽&비빔밥 울산송정점,본그룹,백반·죽·국수,울산광역시,북구,30.1465,D
market_fit_focus,서울 상권 적합도 강화,ba_10698232,굽네치킨&피자 연경점,굽네치킨,치킨,대구광역시,동구,30.0756,D
market_fit_focus,서울 상권 적합도 강화,ba_14798893,본죽&비빔밥 남양주퇴계원점,본그룹,백반·죽·국수,경기도,남양주시,30.0733,D
market_fit_focus,서울 상권 적합도 강화,ba_14691237,본죽 대구황금동점,본그룹,백반·죽·국수,대구광역시,수성구,29.9812,D
market_fit_focus,서울 상권 적합도 강화,ba_14780432,본죽&비빔밥 경기광주태전힐스테이트점,본그룹,백반·죽·국수,경기도,광주시,29.9509,D
market_fit_focus,서울 상권 적합도 강화,ba_14754965,본죽&비빔밥 평택시청점,본그룹,백반·죽·국수,경기도,평택시,29.9377,D
market_fit_focus,서울 상권 적합도 강화,ba_14049107,굽네치킨&피자 송도신도시점,굽네치킨,치킨,인천광역시,연수구,29.6678,D
market_fit_focus,서울 상권 적합도 강화,ba_14248050,굽네치킨&피자 은행선화점,굽네치킨,치킨,대전광역시,중구,29.6612,D
market_fit_focus,서울 상권 적합도 강화,ba_14691864,본죽&비빔밥 부산신호점,본그룹,백반·죽·국수,부산광역시,강서구,29.5459,D
market_fit_focus,서울 상권 적합도 강화,ba_14528476,본죽&비빔밥 인천박촌역점,본그룹,백반·죽·국수,인천광역시,계양구,29.4912,D
market_fit_focus,서울 상권 적합도 강화,ba_14690560,본죽 창원경상대학교병원점,본그룹,백반·죽·국수,경상남도,창원시,29.4085,D
market_fit_focus,서울 상권 적합도 강화,ba_14262149,본죽&비빔밥 용인둔전점,본그룹,백반·죽·국수,경기도,용인시,29.2705,D
market_fit_focus,서울 상권 적합도 강화,ba_14691105,본죽&비빔밥 대전하기동점,본그룹,백반·죽·국수,대전광역시,유성구,29.2220,D
market_fit_focus,서울 상권 적합도 강화,ba_13292835,본죽&비빔밥 대전하기동점,본그룹,백반·죽·국수,대전광역시,유성구,29.2220,D
market_fit_focus,서울 상권 적합도 강화,ba_13182129,본죽 천안순천향병원점,본그룹,백반·죽·국수,충청남도,천안시,29.2027,D
market_fit_focus,서울 상권 적합도 강화,ba_14812126,본죽&비빔밥 가평설악점,본그룹,백반·죽·국수,경기도,가평군,29.0690,D
market_fit_focus,서울 상권 적합도 강화,ba_13182018,본죽&비빔밥 순천중앙점,본그룹,백반·죽·국수,전라남도,순천시,28.9221,D
market_fit_focus,서울 상권 적합도 강화,ba_14690836,본죽&비빔밥 마산내서점,본그룹,백반·죽·국수,경상남도,창원시,28.8224,D
market_fit_focus,서울 상권 적합도 강화,ba_14781731,본죽&비빔밥 하남시청점,본그룹,백반·죽·국수,경기도,하남시,28.7628,D
market_fit_focus,서울 상권 적합도 강화,ba_14691122,본죽 부산기장점,본그룹,백반·죽·국수,부산광역시,기장군,28.7407,D
market_fit_focus,서울 상권 적합도 강화,ba_14691311,본죽 경북왜관점,본그룹,백반·죽·국수,경상북도,칠곡군,28.6354,D
market_fit_focus,서울 상권 적합도 강화,ba_14689893,본죽 양산통도사점,본그룹,백반·죽·국수,경상남도,양산시,28.5705,D
market_fit_focus,서울 상권 적합도 강화,ba_14775582,본죽&비빔밥 시흥배곧한라점,본그룹,백반·죽·국수,경기도,시흥시,28.5531,D
market_fit_focus,서울 상권 적합도 강화,ba_14818313,본죽&비빔밥 대전복수점,본그룹,백반·죽·국수,대전광역시,서구,28.4745,D
market_fit_focus,서울 상권 적합도 강화,ba_14818314,본죽&비빔밥 대전복수점,본그룹,백반·죽·국수,대전광역시,서구,28.4730,D
market_fit_focus,서울 상권 적합도 강화,ba_13976616,굽네피자 여수관문점,굽네치킨,피자,전라남도,여수시,28.4478,D
market_fit_focus,서울 상권 적합도 강화,ba_14691048,본죽&비빔밥 진해자은점,본그룹,백반·죽·국수,경상남도,창원시,28.4224,D
market_fit_focus,서울 상권 적합도 강화,ba_14801362,본죽&비빔밥 청주지웰시티점,본그룹,백반·죽·국수,충청북도,청주시,28.3878,D
market_fit_focus,서울 상권 적합도 강화,ba_14798894,본죽&비빔밥 남양주퇴계원점,본그룹,백반·죽·국수,경기도,남양주시,28.2986,D
market_fit_focus,서울 상권 적합도 강화,ba_14692092,본죽&비빔밥 제주외도점,본그룹,백반·죽·국수,제주특별자치도,제주시,28.2575,D
market_fit_focus,서울 상권 적합도 강화,ba_14689760,본죽&비빔밥 송도퍼스트파크점,본그룹,백반·죽·국수,인천광역시,연수구,28.2025,D
market_fit_focus,서울 상권 적합도 강화,ba_13223141,본죽 일산탄현점,본그룹,백반·죽·국수,경기도,고양시,28.1938,D
market_fit_focus,서울 상권 적합도 강화,ba_13234101,본죽&비빔밥 세종첫마을점,본그룹,백반·죽·국수,세종특별자치시,노을3로,28.1080,D
market_fit_focus,서울 상권 적합도 강화,ba_14687493,본죽&비빔밥 상암DMC점,본그룹,백반·죽·국수,서울특별시,마포구,27.0640,D
market_fit_focus,서울 상권 적합도 강화,ba_14728291,본죽 논산점,본그룹,백반·죽·국수,충청남도,논산시,27.8226,D
market_fit_focus,서울 상권 적합도 강화,ba_14580787,본죽&비빔밥 광주운암벽산점,본그룹,백반·죽·국수,광주광역시,북구,27.7674,D
market_fit_focus,서울 상권 적합도 강화,ba_13229560,본죽 양천구청점,본그룹,백반·죽·국수,서울특별시,양천구,30.0971,D
market_fit_focus,서울 상권 적합도 강화,ba_10418082,굽네치킨 여수관문점,굽네치킨,치킨,전라남도,여수시,27.5901,D
market_fit_focus,서울 상권 적합도 강화,ba_14688345,본죽 수원화서위브하늘채점,본그룹,백반·죽·국수,경기도,수원시,27.5552,D
market_fit_focus,서울 상권 적합도 강화,ba_13237293,본죽 의왕오전점,본그룹,백반·죽·국수,경기도,의왕시,27.5132,D
market_fit_focus,서울 상권 적합도 강화,ba_14675393,굽네치킨 적성점,굽네치킨,치킨,경기도,파주시,27.4242,D
market_fit_focus,서울 상권 적합도 강화,ba_13181699,본죽 김포양곡점,본그룹,백반·죽·국수,경기도,김포시,27.3154,D
market_fit_focus,서울 상권 적합도 강화,ba_14687076,본죽 양천구청점,본그룹,백반·죽·국수,서울특별시,양천구,29.4580,D
market_fit_focus,서울 상권 적합도 강화,ba_14775022,본죽&비빔밥 광혜원점,본그룹,백반·죽·국수,충청북도,진천군,26.6315,D
market_fit_focus,서울 상권 적합도 강화,ba_14688075,본죽 일산탄현점,본그룹,백반·죽·국수,경기도,고양시,26.5428,D
market_fit_focus,서울 상권 적합도 강화,ba_13233581,본죽&비빔밥 진주혁신중앙점,본그룹,백반·죽·국수,경상남도,진주시,26.4910,D
market_fit_focus,서울 상권 적합도 강화,ba_13969607,굽네피자 봉곡사림점,굽네치킨,피자,경상남도,창원시,26.0313,D
market_fit_focus,서울 상권 적합도 강화,ba_14692035,본죽&비빔밥 여수미평점,본그룹,백반·죽·국수,전라남도,여수시,25.8211,D
market_fit_focus,서울 상권 적합도 강화,ba_14786815,본죽&비빔밥 부산남천동점,본그룹,백반·죽·국수,부산광역시,수영구,25.7557,D
market_fit_focus,서울 상권 적합도 강화,ba_13722581,본죽&비빔밥 의왕고천점,본그룹,백반·죽·국수,경기도,의왕시,25.3841,D
market_fit_focus,서울 상권 적합도 강화,ba_14294026,굽네치킨&피자 신안중흥점,굽네치킨,치킨,광주광역시,북구,25.3004,D
market_fit_focus,서울 상권 적합도 강화,ba_14582508,본죽 안산월피동점,본그룹,백반·죽·국수,경기도,안산시,25.2709,D
market_fit_focus,서울 상권 적합도 강화,ba_13235318,본죽&비빔밥 상암DMC점,본그룹,백반·죽·국수,서울특별시,마포구,22.1634,D
market_fit_focus,서울 상권 적합도 강화,ba_13550240,본죽&비빔밥 청주오창2지구점,본그룹,백반·죽·국수,충청북도,청주시,24.8168,D
market_fit_focus,서울 상권 적합도 강화,ba_13225754,본죽&비빔밥 일산라페스타점,본그룹,백반·죽·국수,경기도,고양시,24.6421,D
market_fit_focus,서울 상권 적합도 강화,ba_14689024,본죽&비빔밥 김포장기초당마을점,본그룹,백반·죽·국수,경기도,김포시,24.6012,D
market_fit_focus,서울 상권 적합도 강화,ba_14778684,본죽&비빔밥 대구대천점,본그룹,백반·죽·국수,대구광역시,달서구,24.5734,D
market_fit_focus,서울 상권 적합도 강화,ba_14689416,본죽&비빔밥 수원호매실화홍병원점,본그룹,백반·죽·국수,경기도,수원시,24.1727,D
market_fit_focus,서울 상권 적합도 강화,ba_14793023,본죽&비빔밥 장호원점,본그룹,백반·죽·국수,경기도,이천시,24.1292,D
market_fit_focus,서울 상권 적합도 강화,ba_14688716,본죽&비빔밥 일산식사점,본그룹,백반·죽·국수,경기도,고양시,23.8487,D
market_fit_focus,서울 상권 적합도 강화,ba_13228647,본죽 대전용운점,본그룹,백반·죽·국수,대전광역시,동구,23.6787,D
market_fit_focus,서울 상권 적합도 강화,ba_14691272,본죽 대전비래점,본그룹,백반·죽·국수,대전광역시,대덕구,23.6457,D
market_fit_focus,서울 상권 적합도 강화,ba_14691817,본죽 부산장림점,본그룹,백반·죽·국수,부산광역시,사하구,23.6149,D
market_fit_focus,서울 상권 적합도 강화,ba_13225939,본죽 경남거제옥포점,본그룹,백반·죽·국수,경상남도,거제시,23.0275,D
market_fit_focus,서울 상권 적합도 강화,ba_14702120,본죽&비빔밥 천안풍세점,본그룹,백반·죽·국수,충청남도,천안시,23.0032,D
market_fit_focus,서울 상권 적합도 강화,ba_14689401,본죽&비빔밥 수원호매실역점,본그룹,백반·죽·국수,경기도,수원시,22.4809,D
market_fit_focus,서울 상권 적합도 강화,ba_14688879,본죽 수원대점,본그룹,백반·죽·국수,경기도,화성시,22.3868,D
market_fit_focus,서울 상권 적합도 강화,ba_14456827,본죽&비빔밥 인천동암더샵점,본그룹,백반·죽·국수,인천광역시,부평구,22.3602,D
market_fit_focus,서울 상권 적합도 강화,ba_14691834,본죽 부산고신대병원점,본그룹,백반·죽·국수,부산광역시,서구,22.1333,D
market_fit_focus,서울 상권 적합도 강화,ba_14692077,본죽&비빔밥 진주혁신중앙점,본그룹,백반·죽·국수,경상남도,진주시,22.0903,D
market_fit_focus,서울 상권 적합도 강화,ba_14726741,본죽&비빔밥 대구방촌해안역점,본그룹,백반·죽·국수,대구광역시,동구,21.9148,D
market_fit_focus,서울 상권 적합도 강화,ba_14688483,본죽 동수원점,본그룹,백반·죽·국수,경기도,수원시,21.8683,D
market_fit_focus,서울 상권 적합도 강화,ba_13226546,본죽&비빔밥 부산대학병원점,본그룹,백반·죽·국수,부산광역시,서구,21.8094,D
market_fit_focus,서울 상권 적합도 강화,ba_14692291,본죽 청주하복대점,본그룹,백반·죽·국수,충청북도,청주시,21.5213,D
market_fit_focus,서울 상권 적합도 강화,ba_14688192,본죽 성남신흥동점,본그룹,백반·죽·국수,경기도,성남시,21.4377,D
market_fit_focus,서울 상권 적합도 강화,ba_13651212,본죽&비빔밥 광주금호점,본그룹,백반·죽·국수,광주광역시,서구,21.2583,D
market_fit_focus,서울 상권 적합도 강화,ba_13186079,본죽 오산궐동점,본그룹,백반·죽·국수,경기도,오산시,21.2407,D
market_fit_focus,서울 상권 적합도 강화,ba_14795563,본죽&비빔밥 잠원역점,본그룹,백반·죽·국수,서울특별시,서초구,18.7066,D
market_fit_focus,서울 상권 적합도 강화,ba_13226670,본죽 부산영도점,본그룹,백반·죽·국수,부산광역시,영도구,20.7962,D
market_fit_focus,서울 상권 적합도 강화,ba_13199208,본죽 울주덕신점,본그룹,백반·죽·국수,울산광역시,울주군,20.5744,D
market_fit_focus,서울 상권 적합도 강화,ba_14692383,본죽&비빔밥 울산신정시장점,본그룹,백반·죽·국수,울산광역시,남구,20.3481,D
market_fit_focus,서울 상권 적합도 강화,ba_14435298,본죽&비빔밥 인천부평나누리병원점,본그룹,백반·죽·국수,인천광역시,부평구,20.3442,D
market_fit_focus,서울 상권 적합도 강화,ba_14273436,본죽&비빔밥 거제고현점,본그룹,백반·죽·국수,경상남도,거제시,20.3228,D
market_fit_focus,서울 상권 적합도 강화,ba_14693289,본죽&비빔밥 천안쌍용3동점,본그룹,백반·죽·국수,충청남도,천안시,20.2271,D
market_fit_focus,서울 상권 적합도 강화,ba_14488495,본죽&비빔밥 역촌점,본그룹,백반·죽·국수,서울특별시,은평구,23.5067,D
market_fit_focus,서울 상권 적합도 강화,ba_14691891,본죽&비빔밥 울산성안점,본그룹,백반·죽·국수,울산광역시,중구,20.0934,D
market_fit_focus,서울 상권 적합도 강화,ba_14688905,본죽&비빔밥 고양원당점,본그룹,백반·죽·국수,경기도,고양시,19.7307,D
market_fit_focus,서울 상권 적합도 강화,ba_14691815,본죽 부산다대점,본그룹,백반·죽·국수,부산광역시,사하구,19.7066,D
market_fit_focus,서울 상권 적합도 강화,ba_14470771,본죽&비빔밥 부산동대신역점,본그룹,백반·죽·국수,부산광역시,서구,19.2587,D
market_fit_focus,서울 상권 적합도 강화,ba_14688571,본죽 안산선부점,본그룹,백반·죽·국수,경기도,안산시,19.2001,D
market_fit_focus,서울 상권 적합도 강화,ba_13229858,본죽 창원반송점,본그룹,백반·죽·국수,경상남도,창원시,18.3211,D
market_fit_focus,서울 상권 적합도 강화,ba_14689846,본죽&비빔밥 동탄영천점,본그룹,백반·죽·국수,경기도,화성시,17.8068,D
market_fit_focus,서울 상권 적합도 강화,ba_14691861,본죽&비빔밥 울산역금아드림점,본그룹,백반·죽·국수,울산광역시,울주군,17.2067,D
market_fit_focus,서울 상권 적합도 강화,ba_14277930,본죽&비빔밥 동탄청계점,본그룹,백반·죽·국수,경기도,화성시,17.0535,D
market_fit_focus,서울 상권 적합도 강화,ba_13227659,본죽&비빔밥 부산괴정점,본그룹,백반·죽·국수,부산광역시,사하구,16.9858,D
market_fit_focus,서울 상권 적합도 강화,ba_13228874,본죽&비빔밥 청주성안길점,본그룹,백반·죽·국수,충청북도,청주시,15.6185,D
market_fit_focus,서울 상권 적합도 강화,ba_13181719,본죽&비빔밥 칠곡석적점,본그룹,백반·죽·국수,경상북도,칠곡군,15.5729,D
market_fit_focus,서울 상권 적합도 강화,ba_14694287,본죽&비빔밥 인사동점,본그룹,백반·죽·국수,서울특별시,종로구,14.4032,D
