platform_shop_id,year_month,shop_name,brand,category,sido,sigungu,growth_label_top30,composite_growth_score,historical_internal_growth_alpha,model,growth_probability,predicted_label
ba_10015935,2025-08,굽네치킨 봉곡사림점,굽네치킨,치킨,경상남도,창원시,1,0.273874,-0.337887,baseline,0.6133706590857687,1
ba_10015935,2025-09,굽네치킨 봉곡사림점,굽네치킨,치킨,경상남도,창원시,1,0.236404,-0.384367,baseline,0.7800621532614673,1
ba_10016162,2025-08,굽네치킨 신월사파점,굽네치킨,치킨,경상남도,창원시,0,0.100389,-0.154204,baseline,0.6389191401131658,1
ba_10016162,2025-09,굽네치킨 신월사파점,굽네치킨,치킨,경상남도,창원시,0,-0.015227,-0.259935,baseline,0.7746383474599958,1
ba_10019194,2025-08,굽네치킨&피자 신탄진점,굽네치킨,치킨,대전광역시,대덕구,0,-0.236225,-0.314169,baseline,0.27388522296606904,0
ba_10019194,2025-09,굽네치킨&피자 신탄진점,굽네치킨,치킨,대전광역시,대덕구,0,-0.207825,-0.50685,baseline,0.735016484497043,1
ba_10019807,2025-08,굽네치킨 부산덕천점,굽네치킨,치킨,부산광역시,북구,0,-0.025569,0.667992,baseline,0.7523567487660853,1
ba_10019807,2025-09,굽네치킨 부산덕천점,굽네치킨,치킨,부산광역시,북구,0,-0.205784,-0.176378,baseline,0.654443225513868,1
ba_10020109,2025-08,굽네치킨 부산동삼점,굽네치킨,치킨,부산광역시,영도구,0,-0.255977,0.356697,baseline,0.7873581236028958,1
ba_10020109,2025-09,굽네치킨 부산동삼점,굽네치킨,치킨,부산광역시,영도구,0,-0.441083,0.138273,baseline,0.8417848088989076,1
ba_10022124,2025-08,굽네치킨 삼산2동점,굽네치킨,치킨,인천광역시,부평구,0,-0.108881,1.358545,baseline,0.6744789192038553,1
ba_10022124,2025-09,굽네치킨 삼산2동점,굽네치킨,치킨,인천광역시,부평구,0,-0.194607,-0.190981,baseline,0.8720953389091125,1
ba_10024499,2025-08,굽네치킨 보령동대점,굽네치킨,치킨,충청남도,보령시,0,0.0,-0.310001,baseline,0.0665705561327969,0
ba_10024499,2025-09,굽네치킨 보령동대점,굽네치킨,치킨,충청남도,보령시,0,0.0,-0.166312,baseline,0.0665705561327969,0
ba_10040411,2025-08,굽네치킨,굽네치킨,치킨,서울특별시,성북구,0,0.0,-0.310001,baseline,0.15796399338123066,0
ba_10040411,2025-09,굽네치킨,굽네치킨,치킨,서울특별시,성북구,0,0.0,-0.166312,baseline,0.27283351848877674,0
ba_10040420,2025-08,굽네치킨 김해진영점,굽네치킨,치킨,경상남도,김해시,0,-0.201875,1.175098,baseline,0.5570394264959674,1
ba_10040420,2025-09,굽네치킨 김해진영점,굽네치킨,치킨,경상남도,김해시,0,-0.269334,-0.156783,baseline,0.8689485915265077,1
ba_10040590,2025-08,굽네치킨 삼숭고읍점,굽네치킨,치킨,경기도,양주시,1,1.766705,0.003975,baseline,0.39593040758601133,1
ba_10040590,2025-09,굽네치킨 삼숭고읍점,굽네치킨,치킨,경기도,양주시,1,76.265803,-0.958224,baseline,0.51936320025174,1
ba_10040621,2025-08,굽네치킨 울산성안점,굽네치킨,치킨,울산광역시,중구,0,0.081438,-0.255986,baseline,0.49521349358145766,1
ba_10040621,2025-09,굽네치킨 울산성안점,굽네치킨,치킨,울산광역시,중구,0,0.112474,-0.396195,baseline,0.7088164444648182,1
ba_10040679,2025-08,굽네치킨 칠암망경점,굽네치킨,치킨,경상남도,진주시,1,0.307534,-0.229151,baseline,0.5710114986410604,1
ba_10040679,2025-09,굽네치킨 칠암망경점,굽네치킨,치킨,경상남도,진주시,0,-0.076482,-0.157613,baseline,0.8072328226578276,1
ba_10040685,2025-08,굽네치킨 창원팔용점,굽네치킨,치킨,경상남도,창원시,0,0.054348,1.118872,baseline,0.8641412395762208,1
ba_10040685,2025-09,굽네치킨 창원팔용점,굽네치킨,치킨,경상남도,창원시,0,-0.196765,0.040758,baseline,0.9071862853919541,1
ba_10041246,2025-08,굽네치킨 수색증산점,굽네치킨,치킨,서울특별시,은평구,1,0.263173,-0.547296,baseline,0.3316182426203167,1
ba_10041246,2025-09,굽네치킨 수색증산점,굽네치킨,치킨,서울특별시,은평구,1,0.306102,-0.321681,baseline,0.6742406218164528,1
ba_10204887,2025-08,굽네치킨 대구매호점,굽네치킨,치킨,대구광역시,수성구,0,-0.612665,-0.693757,baseline,0.2680214782705667,0
ba_10204887,2025-09,굽네치킨 대구매호점,굽네치킨,치킨,대구광역시,수성구,0,0.01875,-0.739645,baseline,0.5598054996938322,1
ba_10401021,2025-08,굽네치킨 가산점,굽네치킨,치킨,서울특별시,금천구,1,0.651894,-0.194445,baseline,0.9302094209999053,1
ba_10401021,2025-09,굽네치킨 가산점,굽네치킨,치킨,서울특별시,금천구,0,-0.391042,0.011188,baseline,0.9577190887209407,1
ba_10416959,2025-08,굽네치킨 은행동점,굽네치킨,치킨,경기도,성남시,0,0.0,-0.310001,baseline,0.06466277395707067,0
ba_10416959,2025-09,굽네치킨 은행동점,굽네치킨,치킨,경기도,성남시,0,0.0,-0.166312,baseline,0.06466277395707067,0
ba_10418082,2025-08,굽네치킨 여수관문점,굽네치킨,치킨,전라남도,여수시,0,-0.836665,-0.681409,baseline,0.14972989475359308,0
ba_10418082,2025-09,굽네치킨 여수관문점,굽네치킨,치킨,전라남도,여수시,0,-0.1,-0.823455,baseline,0.13381385885211872,0
ba_10418755,2025-08,굽네치킨&피자 곤지암점,굽네치킨,치킨,경기도,광주시,0,0.0,-0.310001,baseline,0.07509748186846724,0
ba_10418755,2025-09,굽네치킨&피자 곤지암점,굽네치킨,치킨,경기도,광주시,0,0.0,-0.166312,baseline,0.07509748186846724,0
ba_10432360,2025-08,굽네치킨 영주휴천점,굽네치킨,치킨,경상북도,영주시,0,-0.145103,-0.252072,baseline,0.6110591988867896,1
ba_10432360,2025-09,굽네치킨 영주휴천점,굽네치킨,치킨,경상북도,영주시,0,-0.258007,-0.356811,baseline,0.7723333795131389,1
ba_10469515,2025-08,굽네치킨&피자 성서계명대점,굽네치킨,치킨,대구광역시,달서구,0,-0.13429,1.117303,baseline,0.9384078695673347,1
ba_10469515,2025-09,굽네치킨&피자 성서계명대점,굽네치킨,치킨,대구광역시,달서구,0,-0.203918,-0.149985,baseline,0.9553343272988906,1
ba_10476209,2025-08,굽네치킨 경남사천점,굽네치킨,치킨,경상남도,사천시,0,-0.206319,0.973772,baseline,0.6784982363205538,1
ba_10476209,2025-09,굽네치킨 경남사천점,굽네치킨,치킨,경상남도,사천시,0,-0.1924,0.853465,baseline,0.7793634507566374,1
ba_10497667,2025-08,굽네치킨 온의퇴계점,굽네치킨,치킨,강원특별자치도,춘천시,0,-0.101369,0.998013,baseline,0.8771865628646283,1
ba_10497667,2025-09,굽네치킨 온의퇴계점,굽네치킨,치킨,강원특별자치도,춘천시,0,-0.166289,-0.183202,baseline,0.921516271117972,1
ba_10499851,2025-08,굽네치킨 대신점,굽네치킨,치킨,부산광역시,서구,0,0.0,-0.310001,baseline,0.04954853719467725,0
ba_10499851,2025-09,굽네치킨 대신점,굽네치킨,치킨,부산광역시,서구,0,0.0,-0.166312,baseline,0.04954853719467725,0
ba_10501929,2025-08,굽네치킨 포항양덕점,굽네치킨,치킨,경상북도,포항시,1,0.683611,0.137391,baseline,0.30318162719995073,1
ba_10501929,2025-09,굽네치킨 포항양덕점,굽네치킨,치킨,경상북도,포항시,1,0.661741,-0.529917,baseline,0.7444417355372915,1
ba_10509105,2025-08,굽네치킨&피자 강저지구점,굽네치킨,치킨,충청북도,제천시,0,0.023484,1.027846,baseline,0.7058464297978122,1
ba_10509105,2025-09,굽네치킨&피자 강저지구점,굽네치킨,치킨,충청북도,제천시,0,-0.141368,-0.163721,baseline,0.8599112378593978,1
ba_10571616,2025-08,굽네치킨 답십리1동점,굽네치킨,치킨,서울특별시,동대문구,1,0.825631,-0.214629,baseline,0.27970325392390016,0
ba_10571616,2025-09,굽네치킨 답십리1동점,굽네치킨,치킨,서울특별시,동대문구,1,76.88573,-0.799493,baseline,0.3589680625679987,1
ba_10580903,2025-08,굽네치킨 길음1동점,굽네치킨,치킨,서울특별시,성북구,0,-0.65986,-0.193334,baseline,0.7902788949711745,1
ba_10580903,2025-09,굽네치킨 길음1동점,굽네치킨,치킨,서울특별시,성북구,0,-0.853833,0.003921,baseline,0.8121192512778365,1
ba_10583009,2025-08,굽네치킨 광주용봉점,굽네치킨,치킨,광주광역시,북구,0,-0.756767,0.596676,baseline,0.33663144415288493,1
ba_10583009,2025-09,굽네치킨 광주용봉점,굽네치킨,치킨,광주광역시,북구,0,-0.045714,-0.659066,baseline,0.35994454528119113,1
ba_10597203,2025-08,굽네치킨 광주상무점,굽네치킨,치킨,광주광역시,서구,1,0.26915,0.435876,baseline,0.7096437405575671,1
ba_10597203,2025-09,굽네치킨 광주상무점,굽네치킨,치킨,광주광역시,서구,1,0.434494,-0.402697,baseline,0.9317910110188435,1
ba_10604883,2025-08,굽네치킨 거제고현점,굽네치킨,치킨,경상남도,거제시,1,0.184139,0.304012,baseline,0.7196877347034015,1
ba_10604883,2025-09,굽네치킨 거제고현점,굽네치킨,치킨,경상남도,거제시,0,-0.10509,-0.05507,baseline,0.7546458528408595,1
ba_10605803,2025-08,굽네치킨 구월점,굽네치킨,치킨,인천광역시,남동구,1,0.647954,0.125682,baseline,0.29918769193867606,1
ba_10605803,2025-09,굽네치킨 구월점,굽네치킨,치킨,인천광역시,남동구,1,58.162041,-0.454035,baseline,0.5965812020758736,1
ba_10620671,2025-08,굽네치킨 광주백운점,굽네치킨,치킨,광주광역시,남구,0,0.0,-0.310001,baseline,0.0538386994951401,0
ba_10620671,2025-09,굽네치킨 광주백운점,굽네치킨,치킨,광주광역시,남구,0,0.0,-0.166312,baseline,0.0538386994951401,0
ba_10627648,2025-08,굽네치킨 상주냉림무양점,굽네치킨,치킨,경상북도,상주시,1,0.313741,-0.191939,baseline,0.5741203136344835,1
ba_10627648,2025-09,굽네치킨 상주냉림무양점,굽네치킨,치킨,경상북도,상주시,0,-0.212923,0.195101,baseline,0.7461207330128353,1
ba_10636815,2025-08,굽네치킨 완도점,굽네치킨,치킨,전라남도,완도군,0,0.0,-0.310001,baseline,0.14906969549675778,0
ba_10636815,2025-09,굽네치킨 완도점,굽네치킨,치킨,전라남도,완도군,0,0.0,-0.166312,baseline,0.14906969549675778,0
ba_10636817,2025-08,굽네치킨 양산물금점,굽네치킨,치킨,경상남도,양산시,0,-0.049006,0.189773,baseline,0.49428209749937585,1
ba_10636817,2025-09,굽네치킨 양산물금점,굽네치킨,치킨,경상남도,양산시,0,-0.30131,0.579307,baseline,0.6412795742955715,1
ba_10638951,2025-08,굽네치킨 영천동부점,굽네치킨,치킨,경상북도,영천시,0,-0.00506,-0.500591,baseline,0.5645715127589328,1
ba_10638951,2025-09,굽네치킨 영천동부점,굽네치킨,치킨,경상북도,영천시,0,-0.116825,-0.508354,baseline,0.6967064127237831,1
ba_10657170,2025-08,굽네치킨 가좌1호점,굽네치킨,치킨,인천광역시,서구,0,0.006811,1.46883,baseline,0.6162104186332732,1
ba_10657170,2025-09,굽네치킨 가좌1호점,굽네치킨,치킨,인천광역시,서구,0,-0.299999,0.288088,baseline,0.808656127822943,1
ba_10665884,2025-08,굽네치킨 부산청학점,굽네치킨,치킨,부산광역시,영도구,0,0.0,-0.310001,baseline,0.125767436684333,0
ba_10665884,2025-09,굽네치킨 부산청학점,굽네치킨,치킨,부산광역시,영도구,0,0.0,-0.166312,baseline,0.22343670577591804,0
ba_10685624,2025-08,굽네치킨 광주문흥점,굽네치킨,치킨,광주광역시,북구,0,0.0,-0.310001,baseline,0.12597740574765592,0
ba_10685624,2025-09,굽네치킨 광주문흥점,굽네치킨,치킨,광주광역시,북구,0,0.0,-0.166312,baseline,0.12597740574765592,0
ba_10698232,2025-08,굽네치킨&피자 연경점,굽네치킨,치킨,대구광역시,동구,1,0.416971,-0.641189,baseline,0.2925216741209202,0
ba_10698232,2025-09,굽네치킨&피자 연경점,굽네치킨,치킨,대구광역시,동구,1,109.108985,-0.979325,baseline,0.3456751281781831,1
ba_10698315,2025-08,굽네치킨 풍기점,굽네치킨,치킨,경상북도,영주시,1,0.31954,-0.533758,baseline,0.46128707226526683,1
ba_10698315,2025-09,굽네치킨 풍기점,굽네치킨,치킨,경상북도,영주시,1,0.169261,-0.551672,baseline,0.6841925319546923,1
ba_10705443,2025-08,굽네치킨 거제연초점,굽네치킨,치킨,경상남도,거제시,0,0.110657,-0.035167,baseline,0.21138968090879764,0
ba_10705443,2025-09,굽네치킨 거제연초점,굽네치킨,치킨,경상남도,거제시,0,-0.106686,0.120149,baseline,0.6834882605814809,1
ba_10706208,2025-08,굽네치킨 부산우동점,굽네치킨,치킨,부산광역시,해운대구,1,0.208863,0.929131,baseline,0.7886011150962011,1
ba_10706208,2025-09,굽네치킨 부산우동점,굽네치킨,치킨,부산광역시,해운대구,1,0.316396,-0.379746,baseline,0.9578860126511326,1
ba_10739524,2025-08,굽네치킨 강원횡성점,굽네치킨,치킨,강원특별자치도,횡성군,0,-0.019023,-0.282052,baseline,0.7464541434439386,1
ba_10739524,2025-09,굽네치킨 강원횡성점,굽네치킨,치킨,강원특별자치도,횡성군,0,-0.149719,-0.272177,baseline,0.7752117689106751,1
ba_10739556,2025-08,굽네치킨 양산석산점,굽네치킨,치킨,경상남도,양산시,1,0.492862,-0.608398,baseline,0.34911066802470353,1
ba_10739556,2025-09,굽네치킨 양산석산점,굽네치킨,치킨,경상남도,양산시,1,0.794405,-0.650326,baseline,0.8495287392245031,1
ba_10750970,2025-08,굽네치킨 청주강서지구점,굽네치킨,치킨,충청북도,청주시,0,0.091116,0.638334,baseline,0.6365321853275667,1
ba_10750970,2025-09,굽네치킨 청주강서지구점,굽네치킨,치킨,충청북도,청주시,1,0.161966,-0.424823,baseline,0.9199813828960445,1
ba_10759478,2025-08,굽네치킨 남목점,굽네치킨,치킨,울산광역시,동구,1,0.138944,-0.205392,baseline,0.7677644133316064,1
ba_10759478,2025-09,굽네치킨 남목점,굽네치킨,치킨,울산광역시,동구,0,0.019906,-0.291349,baseline,0.9087559977169709,1
ba_10767741,2025-08,굽네치킨 후평점,굽네치킨,치킨,강원특별자치도,춘천시,0,0.0,-0.310001,baseline,0.05808213744439144,0
ba_10767741,2025-09,굽네치킨 후평점,굽네치킨,치킨,강원특별자치도,춘천시,0,0.0,-0.166312,baseline,0.05808213744439144,0
ba_10768614,2025-08,굽네치킨 신월상남점,굽네치킨,치킨,경상남도,창원시,0,-0.451839,-0.661512,baseline,0.30748591061415154,1
ba_10768614,2025-09,굽네치킨 신월상남점,굽네치킨,치킨,경상남도,창원시,0,-0.317535,-0.812452,baseline,0.5877889931933022,1
ba_10771255,2025-08,굽네치킨 제천하소점,굽네치킨,치킨,충청북도,제천시,0,-0.153288,2.048078,baseline,0.9119077714929288,1
ba_10771255,2025-09,굽네치킨 제천하소점,굽네치킨,치킨,충청북도,제천시,0,-0.317861,0.254566,baseline,0.8868440363602877,1
ba_10774000,2025-08,굽네치킨 울산삼산점,굽네치킨,치킨,울산광역시,남구,0,-0.191661,1.802693,baseline,0.9061896055419049,1
ba_10774000,2025-09,굽네치킨 울산삼산점,굽네치킨,치킨,울산광역시,남구,0,-0.371752,0.10121,baseline,0.9425362084981831,1
ba_10774794,2025-08,굽네치킨&피자 회덕점,굽네치킨,치킨,경기도,광주시,0,0.038462,-0.36143,baseline,0.29155941154048914,0
ba_10774794,2025-09,굽네치킨&피자 회덕점,굽네치킨,치킨,경기도,광주시,0,-0.021429,-0.173209,baseline,0.18551167721606399,0
ba_10776500,2025-08,굽네치킨 가양점,굽네치킨,치킨,서울특별시,강서구,1,0.410757,-0.310001,baseline,0.6196866484167739,1
ba_10776500,2025-09,굽네치킨 가양점,굽네치킨,치킨,서울특별시,강서구,0,-0.49527,0.611466,baseline,0.7485227632918762,1
ba_10798649,2025-08,굽네치킨 암사3동점,굽네치킨,치킨,서울특별시,강동구,0,-0.496299,-0.191936,baseline,0.979138655922719,1
ba_10798649,2025-09,굽네치킨 암사3동점,굽네치킨,치킨,서울특별시,강동구,0,-0.656954,2.030184,baseline,0.9687438265814409,1
ba_10800862,2025-08,굽네치킨 송파점,굽네치킨,치킨,서울특별시,송파구,0,-0.213351,0.976856,baseline,0.9010271788293424,1
ba_10800862,2025-09,굽네치킨 송파점,굽네치킨,치킨,서울특별시,송파구,0,-0.290318,-0.137926,baseline,0.9352234483577141,1
ba_10821092,2025-08,굽네치킨 주안3호점,굽네치킨,치킨,인천광역시,미추홀구,0,-0.069988,0.849126,baseline,0.9004035699643816,1
ba_10821092,2025-09,굽네치킨 주안3호점,굽네치킨,치킨,인천광역시,미추홀구,0,0.034563,-0.314548,baseline,0.9047563861588642,1
ba_10840065,2025-08,굽네치킨 천안백석점,굽네치킨,치킨,충청남도,천안시,0,0.0,-0.310001,baseline,0.062056295853185804,0
ba_10840065,2025-09,굽네치킨 천안백석점,굽네치킨,치킨,충청남도,천안시,0,0.0,-0.166312,baseline,0.062056295853185804,0
ba_10841421,2025-08,굽네치킨 인계점,굽네치킨,치킨,경기도,수원시,1,0.13996,0.864065,baseline,0.7809206961104358,1
ba_10841421,2025-09,굽네치킨 인계점,굽네치킨,치킨,경기도,수원시,0,0.069855,-0.314675,baseline,0.8889610490029245,1
ba_10841883,2025-08,굽네치킨 선부3동점,굽네치킨,치킨,경기도,안산시,1,1.490033,0.899811,baseline,0.5664220102798048,1
ba_10841883,2025-09,굽네치킨 선부3동점,굽네치킨,치킨,경기도,안산시,1,0.891337,0.476144,baseline,0.9782947946831141,1
ba_10872945,2025-08,굽네치킨 대구대현점,굽네치킨,치킨,대구광역시,북구,1,0.711112,1.075288,baseline,0.629136028186438,1
ba_10872945,2025-09,굽네치킨 대구대현점,굽네치킨,치킨,대구광역시,북구,1,0.431898,0.103312,baseline,0.8855732380333715,1
ba_12014214,2025-08,굽네치킨&피자 대전가오점,굽네치킨,치킨,대전광역시,동구,0,-0.095232,-0.282566,baseline,0.6304804156261625,1
ba_12014214,2025-09,굽네치킨&피자 대전가오점,굽네치킨,치킨,대전광역시,동구,0,-0.129401,-0.494197,baseline,0.7955018583568827,1
ba_12015187,2025-08,굽네피자 길음1동점,굽네치킨,피자,서울특별시,성북구,0,-0.60758,-0.108569,baseline,0.10762783337554452,0
ba_12015187,2025-09,굽네피자 길음1동점,굽네치킨,피자,서울특별시,성북구,0,-0.245116,-0.16389,baseline,0.3126917226324312,1
ba_12016615,2025-08,굽네피자 울산삼산점,굽네치킨,피자,울산광역시,남구,0,-0.018364,-0.217346,baseline,0.1751352613544764,0
ba_12016615,2025-09,굽네피자 울산삼산점,굽네치킨,피자,울산광역시,남구,0,-0.526467,-0.434961,baseline,0.2812357985321465,0
ba_12017934,2025-08,굽네치킨&피자 삼숭고읍점,굽네치킨,피자,경기도,양주시,0,0.0,-0.108569,baseline,0.19425740459862897,0
ba_12017934,2025-09,굽네치킨&피자 삼숭고읍점,굽네치킨,피자,경기도,양주시,0,0.0,-0.16389,baseline,0.3253224065797266,1
ba_12018493,2025-08,굽네치킨&피자 부산덕천점,굽네치킨,피자,부산광역시,북구,0,0.0,-0.108569,baseline,0.17277788753919002,0
ba_12018493,2025-09,굽네치킨&피자 부산덕천점,굽네치킨,피자,부산광역시,북구,0,0.0,-0.16389,baseline,0.2946503256043882,0
ba_12018905,2025-08,굽네피자 거제연초점,굽네치킨,피자,경상남도,거제시,0,0.0,-0.108569,baseline,0.17544304506647942,0
ba_12018905,2025-09,굽네피자 거제연초점,굽네치킨,피자,경상남도,거제시,0,0.0,-0.16389,baseline,0.29851700476350534,0
ba_12019541,2025-08,굽네피자 양산석산점,굽네치킨,피자,경상남도,양산시,0,0.0,-0.108569,baseline,0.1690529216177441,0
ba_12019541,2025-09,굽네피자 양산석산점,굽네치킨,피자,경상남도,양산시,0,0.0,-0.16389,baseline,0.2892165082460735,0
ba_12020564,2025-08,굽네치킨&피자 거제고현점,굽네치킨,피자,경상남도,거제시,0,-0.718733,-0.731495,baseline,0.40270679989170394,1
ba_12020564,2025-09,굽네치킨&피자 거제고현점,굽네치킨,피자,경상남도,거제시,0,-0.394752,-1.011993,baseline,0.6231651074879506,1
ba_12020571,2025-08,굽네피자 수색증산점,굽네치킨,피자,서울특별시,은평구,0,0.0,-0.108569,baseline,0.2153353671494395,0
ba_12020571,2025-09,굽네피자 수색증산점,굽네치킨,피자,서울특별시,은평구,0,0.0,-0.16389,baseline,0.3543670872696795,1
ba_12026171,2025-08,굽네치킨&피자 선부3동점,굽네치킨,피자,경기도,안산시,0,0.0,-0.108569,baseline,0.19982266819693362,0
ba_12026171,2025-09,굽네치킨&피자 선부3동점,굽네치킨,피자,경기도,안산시,0,0.0,-0.16389,baseline,0.3330902940894068,1
ba_12027186,2025-08,굽네치킨&피자 청라1호점,굽네치킨,치킨,인천광역시,서구,0,0.0,-0.310001,baseline,0.04842654119480017,0
ba_12027186,2025-09,굽네치킨&피자 청라1호점,굽네치킨,치킨,인천광역시,서구,0,0.0,-0.166312,baseline,0.04842654119480017,0
ba_12029686,2025-08,굽네치킨 나주혁신도시1호점,굽네치킨,치킨,전라남도,나주시,0,-0.705845,-0.383537,baseline,0.23218338476614878,0
ba_12029686,2025-09,굽네치킨 나주혁신도시1호점,굽네치킨,치킨,전라남도,나주시,0,-1.0,-0.342535,baseline,0.3471796202901812,1
ba_12030167,2025-08,굽네치킨&피자 후평점,굽네치킨,피자,강원특별자치도,춘천시,0,0.0,-0.108569,baseline,0.08687260918718356,0
ba_12030167,2025-09,굽네치킨&피자 후평점,굽네치킨,피자,강원특별자치도,춘천시,0,0.0,-0.16389,baseline,0.08687260918718356,0
ba_13003575,2025-08,굽네치킨&피자 여수관문점,굽네치킨,피자,전라남도,여수시,0,-0.765646,-0.886988,baseline,0.18592493668241167,0
ba_13003575,2025-09,굽네치킨&피자 여수관문점,굽네치킨,피자,전라남도,여수시,0,0.0,-0.96389,baseline,0.18592493668241167,0
ba_13047702,2025-08,굽네피자&치킨 광주상무점,굽네치킨,피자,광주광역시,서구,0,0.0,-0.108569,baseline,0.17823709921393208,0
ba_13047702,2025-09,굽네피자&치킨 광주상무점,굽네치킨,피자,광주광역시,서구,0,0.0,-0.16389,baseline,0.3025519077485624,1
ba_13052096,2025-08,굽네치킨 구로5동점,굽네치킨,치킨,서울특별시,구로구,1,0.629063,-0.235334,baseline,0.7736665474248992,1
ba_13052096,2025-09,굽네치킨 구로5동점,굽네치킨,치킨,서울특별시,구로구,0,-0.237514,-0.015292,baseline,0.8674661096231633,1
ba_13056957,2025-08,굽네치킨 석남점,굽네치킨,치킨,인천광역시,서구,0,0.0,-0.310001,baseline,0.046806635126217605,0
ba_13056957,2025-09,굽네치킨 석남점,굽네치킨,치킨,인천광역시,서구,0,0.0,-0.166312,baseline,0.046806635126217605,0
ba_13062668,2025-08,굽네치킨 포항흥해점,굽네치킨,치킨,경상북도,포항시,1,0.819732,0.089429,baseline,0.146583836867553,0
ba_13062668,2025-09,굽네치킨 포항흥해점,굽네치킨,치킨,경상북도,포항시,1,1.094546,-0.591435,baseline,0.5164071684477344,1
ba_13076527,2025-08,굽네치킨 창2동점,굽네치킨,치킨,서울특별시,도봉구,0,-0.128036,0.170882,baseline,0.6587053574639931,1
ba_13076527,2025-09,굽네치킨 창2동점,굽네치킨,치킨,서울특별시,도봉구,0,-0.03202,-0.830775,baseline,0.8021727055509056,1
ba_13079581,2025-08,굽네치킨&피자 온의퇴계점,굽네치킨,피자,강원특별자치도,춘천시,0,0.0,-0.108569,baseline,0.19359877474297998,0
ba_13079581,2025-09,굽네치킨&피자 온의퇴계점,굽네치킨,피자,강원특별자치도,춘천시,0,0.0,-0.16389,baseline,0.3243983100145226,1
ba_13081281,2025-08,굽네치킨 하늘도시1호점,굽네치킨,치킨,인천광역시,중구,1,0.601529,-0.605663,baseline,0.3096548326846613,1
ba_13081281,2025-09,굽네치킨 하늘도시1호점,굽네치킨,치킨,인천광역시,중구,1,0.840113,-0.620378,baseline,0.749681691832199,1
ba_13084303,2025-08,굽네치킨&피자 양산물금점,굽네치킨,피자,경상남도,양산시,0,0.0,-0.108569,baseline,0.16112536987056433,0
ba_13084303,2025-09,굽네치킨&피자 양산물금점,굽네치킨,피자,경상남도,양산시,0,0.0,-0.16389,baseline,0.2775360849112545,0
ba_13085339,2025-08,굽네치킨&피자 가양점,굽네치킨,피자,서울특별시,강서구,1,0.300125,-0.108569,baseline,0.15264404624371017,0
ba_13085339,2025-09,굽네치킨&피자 가양점,굽네치킨,피자,서울특별시,강서구,0,-0.898371,-0.16389,baseline,0.24803404589183,0
ba_13097221,2025-08,굽네치킨&피자 하늘도시1호점,굽네치킨,피자,인천광역시,중구,0,0.0,-0.108569,baseline,0.16564345095750535,0
ba_13097221,2025-09,굽네치킨&피자 하늘도시1호점,굽네치킨,피자,인천광역시,중구,0,0.0,-0.16389,baseline,0.28421247946985895,0
ba_13103901,2025-08,굽네치킨&피자 나주혁신도시1호점,굽네치킨,피자,전라남도,나주시,0,-0.686788,-0.317309,baseline,0.5927291998543238,1
ba_13103901,2025-09,굽네치킨&피자 나주혁신도시1호점,굽네치킨,피자,전라남도,나주시,0,-1.0,-0.593774,baseline,0.72020406550298,1
ba_13111670,2025-08,굽네치킨&피자 주안3호점,굽네치킨,피자,인천광역시,미추홀구,0,0.0,-0.108569,baseline,0.1522840642584074,0
ba_13111670,2025-09,굽네치킨&피자 주안3호점,굽네치킨,피자,인천광역시,미추홀구,0,0.0,-0.16389,baseline,0.2643197609222837,0
ba_13122792,2025-08,굽네치킨&피자 청주 강서지구점,굽네치킨,피자,충청북도,청주시,0,0.0,-0.108569,baseline,0.1880617227648137,0
ba_13122792,2025-09,굽네치킨&피자 청주 강서지구점,굽네치킨,피자,충청북도,청주시,0,0.0,-0.16389,baseline,0.3165889842810089,1
ba_13163192,2025-08,굽네치킨&피자 봉곡사림점,굽네치킨,피자,경상남도,창원시,0,0.0,-0.108569,baseline,0.17129023256823642,0
ba_13163192,2025-09,굽네치킨&피자 봉곡사림점,굽네치킨,피자,경상남도,창원시,0,0.0,-0.16389,baseline,0.2924843449191064,0
ba_13168465,2025-08,본죽&비빔밥 약사점,본그룹,백반·죽·국수,울산광역시,중구,0,-0.142105,-0.226437,baseline,0.8423204368127415,1
ba_13168465,2025-09,본죽&비빔밥 약사점,본그룹,백반·죽·국수,울산광역시,중구,0,-0.174769,-0.36906,baseline,0.8506877114242009,1
ba_13181486,2025-08,본죽&비빔밥 천안두정점,본그룹,백반·죽·국수,충청남도,천안시,1,2.31259,-0.215326,baseline,0.8760212538439635,1
ba_13181486,2025-09,본죽&비빔밥 천안두정점,본그룹,백반·죽·국수,충청남도,천안시,1,0.611291,-1.875066,baseline,0.7698269574218071,1
ba_13181699,2025-08,본죽 김포양곡점,본그룹,백반·죽·국수,경기도,김포시,1,4.04822,-0.263104,baseline,0.4089351573026419,1
ba_13181699,2025-09,본죽 김포양곡점,본그룹,백반·죽·국수,경기도,김포시,1,0.459088,-1.927793,baseline,0.3934306621915363,1
ba_13181719,2025-08,본죽&비빔밥 칠곡석적점,본그룹,백반·죽·국수,경상북도,칠곡군,0,0.0,-0.25739,baseline,0.09185970845263687,0
ba_13181719,2025-09,본죽&비빔밥 칠곡석적점,본그룹,백반·죽·국수,경상북도,칠곡군,1,53.578821,-1.977793,baseline,0.08654625976590476,0
ba_13181957,2025-08,본죽&비빔밥 천안신불당북부점,본그룹,백반·죽·국수,충청남도,천안시,0,-0.15825,0.000896,baseline,0.8256219601913044,1
ba_13181957,2025-09,본죽&비빔밥 천안신불당북부점,본그룹,백반·죽·국수,충청남도,천안시,0,-0.303781,-0.795342,baseline,0.8560262441448113,1
ba_13182018,2025-08,본죽&비빔밥 순천중앙점,본그룹,백반·죽·국수,전라남도,순천시,0,-0.289662,-0.133104,baseline,0.43852462037295936,1
ba_13182018,2025-09,본죽&비빔밥 순천중앙점,본그룹,백반·죽·국수,전라남도,순천시,0,-0.988235,-1.897024,baseline,0.4415070993874489,1
ba_13182129,2025-08,본죽 천안순천향병원점,본그룹,백반·죽·국수,충청남도,천안시,0,-0.16,-0.176437,baseline,0.24749367134277983,0
ba_13182129,2025-09,본죽 천안순천향병원점,본그룹,백반·죽·국수,충청남도,천안시,1,65.421818,-1.867793,baseline,0.41172332534809075,1
ba_13186079,2025-08,본죽 오산궐동점,본그룹,백반·죽·국수,경기도,오산시,1,0.2,-0.324922,baseline,0.10134217645087454,0
ba_13186079,2025-09,본죽 오산궐동점,본그룹,백반·죽·국수,경기도,오산시,1,0.2,-1.999222,baseline,0.10912673780813191,0
ba_13188150,2025-08,본죽&비빔밥 제주법원점,본그룹,백반·죽·국수,제주특별자치도,제주시,0,0.012508,-0.167428,baseline,0.8825564529365211,1
ba_13188150,2025-09,본죽&비빔밥 제주법원점,본그룹,백반·죽·국수,제주특별자치도,제주시,0,-0.16942,-0.064894,baseline,0.879131647426,1
ba_13189796,2025-08,본죽&비빔밥 아산탕정점,본그룹,백반·죽·국수,충청남도,아산시,0,-0.220541,-0.161286,baseline,0.7360461272880741,1
ba_13189796,2025-09,본죽&비빔밥 아산탕정점,본그룹,백반·죽·국수,충청남도,아산시,0,-0.393056,0.893736,baseline,0.44746755770277363,1
ba_13189894,2025-08,본죽&비빔밥 양산부산대병원정문앞택지점,본그룹,백반·죽·국수,경상남도,양산시,0,-0.230411,-0.034013,baseline,0.6360943838943642,1
ba_13189894,2025-09,본죽&비빔밥 양산부산대병원정문앞택지점,본그룹,백반·죽·국수,경상남도,양산시,0,-0.40939,0.89906,baseline,0.2686805106997819,0
ba_13193158,2025-08,본죽&비빔밥 인천당하점,본그룹,백반·죽·국수,인천광역시,서구,1,3.897192,-0.254215,baseline,0.7396719267466193,1
ba_13193158,2025-09,본죽&비빔밥 인천당하점,본그룹,백반·죽·국수,인천광역시,서구,1,0.389389,-1.915293,baseline,0.7871069673843369,1
ba_13199208,2025-08,본죽 울주덕신점,본그룹,백반·죽·국수,울산광역시,울주군,0,0.0,-0.178398,baseline,0.10923779708124023,0
ba_13199208,2025-09,본죽 울주덕신점,본그룹,백반·죽·국수,울산광역시,울주군,1,71.551333,-1.813507,baseline,0.13058586520082424,0
ba_13199335,2025-08,본죽&비빔밥 울산매곡점,본그룹,백반·죽·국수,울산광역시,북구,0,-0.22893,-0.124922,baseline,0.6023262901692472,1
ba_13199335,2025-09,본죽&비빔밥 울산매곡점,본그룹,백반·죽·국수,울산광역시,북구,0,-0.358584,0.962066,baseline,0.4758944540620468,1
ba_13199394,2025-08,본죽&비빔밥 울산야음점,본그룹,백반·죽·국수,울산광역시,남구,0,-0.144723,-0.088559,baseline,0.8549290051610207,1
ba_13199394,2025-09,본죽&비빔밥 울산야음점,본그룹,백반·죽·국수,울산광역시,남구,0,-0.429333,2.018445,baseline,0.857412687886784,1
ba_13199864,2025-08,본죽&비빔밥 울산남목점,본그룹,백반·죽·국수,울산광역시,동구,0,-0.383039,-0.169191,baseline,0.8259983985392811,1
ba_13199864,2025-09,본죽&비빔밥 울산남목점,본그룹,백반·죽·국수,울산광역시,동구,0,-0.450799,0.162111,baseline,0.829710667219379,1
ba_13200219,2025-08,본죽&비빔밥 안성당왕점,본그룹,백반·죽·국수,경기도,안성시,0,-0.244646,-0.171675,baseline,0.8174564402948459,1
ba_13200219,2025-09,본죽&비빔밥 안성당왕점,본그룹,백반·죽·국수,경기도,안성시,0,-0.355206,0.055726,baseline,0.8539431000100435,1
ba_13200236,2025-08,본죽 남양주진접롯데시네마점,본그룹,백반·죽·국수,경기도,남양주시,1,1.14775,-0.143104,baseline,0.4754198103865218,1
ba_13200236,2025-09,본죽 남양주진접롯데시네마점,본그룹,백반·죽·국수,경기도,남양주시,1,0.951509,0.073012,baseline,0.4618876771649078,1
ba_13203399,2025-08,본죽&비빔밥 제주강정점,본그룹,백반·죽·국수,제주특별자치도,서귀포시,1,0.554358,-0.022271,baseline,0.9546414532599968,1
ba_13203399,2025-09,본죽&비빔밥 제주강정점,본그룹,백반·죽·국수,제주특별자치도,서귀포시,0,0.012014,-1.737597,baseline,0.9374525948783812,1
ba_13207953,2025-08,본죽&비빔밥 자양동점,본그룹,백반·죽·국수,서울특별시,광진구,0,0.0,-0.143104,baseline,0.11590506701781368,0
ba_13207953,2025-09,본죽&비빔밥 자양동점,본그룹,백반·죽·국수,서울특별시,광진구,0,0.0,-1.827793,baseline,0.11590506701781368,0
ba_13219045,2025-08,본죽 구리인창아름마을점,본그룹,백반·죽·국수,경기도,구리시,0,-0.208745,-0.309771,baseline,0.49781436170290083,1
ba_13219045,2025-09,본죽 구리인창아름마을점,본그룹,백반·죽·국수,경기도,구리시,0,-0.45858,-0.133469,baseline,0.4893011110584777,1
ba_13219094,2025-08,본죽&비빔밥 남양주덕소점,본그룹,백반·죽·국수,경기도,남양주시,0,-0.049301,-0.043104,baseline,0.8196445826272925,1
ba_13219094,2025-09,본죽&비빔밥 남양주덕소점,본그룹,백반·죽·국수,경기도,남양주시,0,-0.262826,0.169377,baseline,0.8158845615432501,1
ba_13219734,2025-08,본죽 구리토평점,본그룹,백반·죽·국수,경기도,구리시,1,0.8,-0.314533,baseline,0.7523282042647153,1
ba_13219734,2025-09,본죽 구리토평점,본그룹,백반·죽·국수,경기도,구리시,1,1.029636,-1.527793,baseline,0.4980793634486982,1
ba_13219951,2025-08,본죽&비빔밥 순천연향점,본그룹,백반·죽·국수,전라남도,순천시,0,-0.224428,10.056896,baseline,0.8582949610998473,1
ba_13219951,2025-09,본죽&비빔밥 순천연향점,본그룹,백반·죽·국수,전라남도,순천시,0,-0.415789,2.25178,baseline,0.829502099738356,1
ba_13221638,2025-08,본죽&비빔밥 이천마장점,본그룹,백반·죽·국수,경기도,이천시,0,-0.023408,-0.143104,baseline,0.5580729625214387,1
ba_13221638,2025-09,본죽&비빔밥 이천마장점,본그룹,백반·죽·국수,경기도,이천시,0,-0.308289,-0.114477,baseline,0.5471568205446083,1
ba_13221865,2025-08,본죽 처인구청점,본그룹,백반·죽·국수,경기도,용인시,1,0.155433,-0.193104,baseline,0.4760534013233753,1
ba_13221865,2025-09,본죽 처인구청점,본그룹,백반·죽·국수,경기도,용인시,1,0.137192,-0.012808,baseline,0.46208711093316673,1
ba_13221975,2025-08,본죽&비빔밥 용인마평점,본그룹,백반·죽·국수,경기도,용인시,1,1.545784,-0.213692,baseline,0.7970968256427525,1
ba_13221975,2025-09,본죽&비빔밥 용인마평점,본그룹,백반·죽·국수,경기도,용인시,0,-0.037005,-1.904716,baseline,0.7975115846936952,1
ba_13222051,2025-08,본죽&비빔밥 이천점,본그룹,백반·죽·국수,경기도,이천시,0,-0.252508,-0.143104,baseline,0.8396929179038848,1
ba_13222051,2025-09,본죽&비빔밥 이천점,본그룹,백반·죽·국수,경기도,이천시,0,-0.353402,-0.422515,baseline,0.7895551731953981,1
ba_13222170,2025-08,본죽&비빔밥 전북김제점,본그룹,백반·죽·국수,전북특별자치도,김제시,1,0.274613,0.494396,baseline,0.9145293865111888,1
ba_13222170,2025-09,본죽&비빔밥 전북김제점,본그룹,백반·죽·국수,전북특별자치도,김제시,0,-0.003146,0.921438,baseline,0.9253806423978601,1
ba_13222803,2025-08,본죽 오금점,본그룹,백반·죽·국수,서울특별시,송파구,0,0.058262,-0.143104,baseline,0.4722204807715222,1
ba_13222803,2025-09,본죽 오금점,본그룹,백반·죽·국수,서울특별시,송파구,0,-0.454231,-0.924863,baseline,0.5061830416029416,1
ba_13223141,2025-08,본죽 일산탄현점,본그룹,백반·죽·국수,경기도,고양시,1,0.2,-0.276437,baseline,0.37068761117118787,1
ba_13223141,2025-09,본죽 일산탄현점,본그룹,백반·죽·국수,경기도,고양시,1,51.349036,-1.961126,baseline,0.4341365214024291,1
ba_13223329,2025-08,본죽&비빔밥 양주덕정점,본그룹,백반·죽·국수,경기도,양주시,1,1.398001,-0.318104,baseline,0.7483294344924908,1
ba_13223329,2025-09,본죽&비빔밥 양주덕정점,본그룹,백반·죽·국수,경기도,양주시,0,-0.272655,2.502387,baseline,0.7308594441445518,1
ba_13223367,2025-08,본죽 성수역점,본그룹,백반·죽·국수,서울특별시,성동구,0,-0.079059,-0.143104,baseline,0.43768392843425585,1
ba_13223367,2025-09,본죽 성수역점,본그룹,백반·죽·국수,서울특별시,성동구,0,0.108665,-0.706564,baseline,0.45811976932421505,1
ba_13223504,2025-08,본죽&비빔밥 문정법조단지점,본그룹,백반·죽·국수,서울특별시,송파구,1,1.083051,0.856896,baseline,0.44075062444129315,1
ba_13223504,2025-09,본죽&비빔밥 문정법조단지점,본그룹,백반·죽·국수,서울특별시,송파구,1,0.129147,-1.69446,baseline,0.47087623891627406,1
ba_13223520,2025-08,본죽 신림고시촌점,본그룹,백반·죽·국수,서울특별시,관악구,0,-0.171305,0.356896,baseline,0.8652612537990882,1
ba_13223520,2025-09,본죽 신림고시촌점,본그룹,백반·죽·국수,서울특별시,관악구,0,-0.295102,1.481315,baseline,0.8401167360864911,1
ba_13223538,2025-08,본죽&비빔밥 인천신포동점,본그룹,백반·죽·국수,인천광역시,중구,0,-0.099472,-0.114533,baseline,0.6690931058965475,1
ba_13223538,2025-09,본죽&비빔밥 인천신포동점,본그룹,백반·죽·국수,인천광역시,중구,0,-0.320807,-0.086952,baseline,0.7319403632567583,1
ba_13223654,2025-08,본죽&비빔밥 고양행신역점,본그룹,백반·죽·국수,경기도,고양시,1,1.167333,0.481896,baseline,0.8376964321987086,1
ba_13223654,2025-09,본죽&비빔밥 고양행신역점,본그룹,백반·죽·국수,경기도,고양시,1,0.634461,2.437104,baseline,0.8497545008895749,1
ba_13223711,2025-08,본죽&비빔밥 중앙대점,본그룹,백반·죽·국수,서울특별시,동작구,1,0.433483,-0.143104,baseline,0.4513631869949723,1
ba_13223711,2025-09,본죽&비빔밥 중앙대점,본그룹,백반·죽·국수,서울특별시,동작구,1,0.722629,0.008554,baseline,0.8115567189306941,1
ba_13223885,2025-08,본죽&비빔밥 관악우체국점,본그룹,백반·죽·국수,서울특별시,관악구,0,0.0,-0.143104,baseline,0.3848101671913507,1
ba_13223885,2025-09,본죽&비빔밥 관악우체국점,본그룹,백반·죽·국수,서울특별시,관악구,0,0.0,-1.827793,baseline,0.3848101671913507,1
ba_13224027,2025-08,본죽 삼전동점,본그룹,백반·죽·국수,서울특별시,송파구,1,0.470258,-0.296045,baseline,0.84055061734913,1
ba_13224027,2025-09,본죽 삼전동점,본그룹,백반·죽·국수,서울특별시,송파구,0,-0.018096,-1.006187,baseline,0.86170495328807,1
ba_13224710,2025-08,본죽 안양관양동점,본그룹,백반·죽·국수,경기도,안양시,1,0.713762,-0.209771,baseline,0.40424008938162814,1
ba_13224710,2025-09,본죽 안양관양동점,본그룹,백반·죽·국수,경기도,안양시,0,-0.01936,1.629853,baseline,0.8752732058532937,1
ba_13224790,2025-08,본죽&비빔밥 안양덕천래미안점,본그룹,백반·죽·국수,경기도,안양시,1,0.519596,-0.209771,baseline,0.7778069239445575,1
ba_13224790,2025-09,본죽&비빔밥 안양덕천래미안점,본그룹,백반·죽·국수,경기도,안양시,0,-0.168409,-1.89446,baseline,0.7775307808349006,1
ba_13224802,2025-08,본죽&비빔밥 안양박달점,본그룹,백반·죽·국수,경기도,안양시,0,-0.184858,-0.176437,baseline,0.4600248868796106,1
ba_13224802,2025-09,본죽&비빔밥 안양박달점,본그룹,백반·죽·국수,경기도,안양시,0,-0.174251,-0.48641,baseline,0.7984657064536766,1
ba_13224833,2025-08,본죽 명학역점,본그룹,백반·죽·국수,경기도,안양시,1,0.367751,-0.143104,baseline,0.45326098967271833,1
ba_13224833,2025-09,본죽 명학역점,본그룹,백반·죽·국수,경기도,안양시,0,-0.082715,-2.027793,baseline,0.47598853710899774,1
ba_13224844,2025-08,본죽&비빔밥 평촌점,본그룹,백반·죽·국수,경기도,안양시,1,0.130509,-0.243104,baseline,0.44040485680791847,1
ba_13224844,2025-09,본죽&비빔밥 평촌점,본그룹,백반·죽·국수,경기도,안양시,0,-0.095016,-0.600165,baseline,0.8310783549534753,1
ba_13225746,2025-08,본죽 고양점,본그룹,백반·죽·국수,경기도,고양시,1,0.315364,-0.343104,baseline,0.4635121064310888,1
ba_13225746,2025-09,본죽 고양점,본그룹,백반·죽·국수,경기도,고양시,1,0.140875,1.15776,baseline,0.4413033033936939,1
ba_13225754,2025-08,본죽&비빔밥 일산라페스타점,본그룹,백반·죽·국수,경기도,고양시,0,-0.2,-0.143104,baseline,0.10964120706251557,0
ba_13225754,2025-09,본죽&비빔밥 일산라페스타점,본그룹,백반·죽·국수,경기도,고양시,0,-0.2,-1.827793,baseline,0.10964120706251557,0
ba_13225842,2025-08,본죽 동인천점,본그룹,백반·죽·국수,인천광역시,중구,0,-0.110707,0.256896,baseline,0.3445119067287037,1
ba_13225842,2025-09,본죽 동인천점,본그룹,백반·죽·국수,인천광역시,중구,0,-0.275103,1.827401,baseline,0.33690187241406716,1
ba_13225939,2025-08,본죽 경남거제옥포점,본그룹,백반·죽·국수,경상남도,거제시,0,-0.08125,-0.187006,baseline,0.22515186092361297,0
ba_13225939,2025-09,본죽 경남거제옥포점,본그룹,백반·죽·국수,경상남도,거제시,1,9.566344,-1.888258,baseline,0.25895748512949496,0
ba_13226530,2025-08,본죽&비빔밥 목동사거리점,본그룹,백반·죽·국수,서울특별시,양천구,0,-0.176148,-0.263104,baseline,0.7906281228657663,1
ba_13226530,2025-09,본죽&비빔밥 목동사거리점,본그룹,백반·죽·국수,서울특별시,양천구,0,-0.555114,0.651752,baseline,0.8266205021688274,1
ba_13226546,2025-08,본죽&비빔밥 부산대학병원점,본그룹,백반·죽·국수,부산광역시,서구,0,-0.1,-0.296045,baseline,0.21101571594497023,0
ba_13226546,2025-09,본죽&비빔밥 부산대학병원점,본그룹,백반·죽·국수,부산광역시,서구,1,102.365194,-2.012408,baseline,0.13043136042298178,0
ba_13226567,2025-08,본죽 신정점,본그룹,백반·죽·국수,서울특별시,양천구,0,0.0,-0.143104,baseline,0.4332692160048921,1
ba_13226567,2025-09,본죽 신정점,본그룹,백반·죽·국수,서울특별시,양천구,0,0.0,-1.827793,baseline,0.4332692160048921,1
ba_13226580,2025-08,본죽 등촌역점,본그룹,백반·죽·국수,서울특별시,양천구,0,-0.535813,-0.289771,baseline,0.509072086213367,1
ba_13226580,2025-09,본죽 등촌역점,본그룹,백반·죽·국수,서울특별시,양천구,0,-0.122403,-0.683396,baseline,0.5072811558551962,1
ba_13226670,2025-08,본죽 부산영도점,본그룹,백반·죽·국수,부산광역시,영도구,0,-0.2,-0.309771,baseline,0.09639781512122779,0
ba_13226670,2025-09,본죽 부산영도점,본그룹,백반·죽·국수,부산광역시,영도구,0,-0.2,-2.002793,baseline,0.09639781512122779,0
ba_13226843,2025-08,본죽 부산가야점,본그룹,백반·죽·국수,부산광역시,부산진구,0,-0.135877,-0.213692,baseline,0.739124653361131,1
ba_13226843,2025-09,본죽 부산가야점,본그룹,백반·죽·국수,부산광역시,부산진구,0,-0.437275,3.385347,baseline,0.44803184014209524,1
ba_13226851,2025-08,본죽 부산진역점,본그룹,백반·죽·국수,부산광역시,동구,0,-0.302102,-0.076437,baseline,0.7960376120843214,1
ba_13226851,2025-09,본죽 부산진역점,본그룹,백반·죽·국수,부산광역시,동구,0,-0.185938,-0.262703,baseline,0.8098169929305524,1
ba_13226860,2025-08,본죽 부산서면점,본그룹,백반·죽·국수,부산광역시,부산진구,1,1.901095,-0.177147,baseline,0.875809516933808,1
ba_13226860,2025-09,본죽 부산서면점,본그룹,백반·죽·국수,부산광역시,부산진구,0,0.029386,-1.90087,baseline,0.8890274515060177,1
ba_13226947,2025-08,본죽&비빔밥 부산법조타운점,본그룹,백반·죽·국수,부산광역시,연제구,0,-0.269659,1.056896,baseline,0.7946438596142802,1
ba_13226947,2025-09,본죽&비빔밥 부산법조타운점,본그룹,백반·죽·국수,부산광역시,연제구,0,-0.44717,1.331092,baseline,0.4373388016207821,1
ba_13227070,2025-08,본죽&비빔밥 부산신호점,본그룹,백반·죽·국수,부산광역시,강서구,0,0.0,-0.343104,baseline,0.3621312412851475,1
ba_13227070,2025-09,본죽&비빔밥 부산신호점,본그룹,백반·죽·국수,부산광역시,강서구,0,0.0,-2.027793,baseline,0.3621312412851475,1
ba_13227516,2025-08,본죽&비빔밥 부산동래점,본그룹,백반·죽·국수,부산광역시,동래구,0,-0.372536,-0.216437,baseline,0.8354244916477969,1
ba_13227516,2025-09,본죽&비빔밥 부산동래점,본그룹,백반·죽·국수,부산광역시,동래구,0,-0.402171,-0.927977,baseline,0.8389022909199666,1
ba_13227543,2025-08,본죽&비빔밥 부경대경성대점,본그룹,백반·죽·국수,부산광역시,남구,0,-0.762903,-0.078818,baseline,0.771046657859906,1
ba_13227543,2025-09,본죽&비빔밥 부경대경성대점,본그룹,백반·죽·국수,부산광역시,남구,0,-0.715259,-1.11085,baseline,0.8066709403827755,1
ba_13227659,2025-08,본죽&비빔밥 부산괴정점,본그룹,백반·죽·국수,부산광역시,사하구,0,-0.085714,-0.260751,baseline,0.08641102665245402,0
ba_13227659,2025-09,본죽&비빔밥 부산괴정점,본그룹,백반·죽·국수,부산광역시,사하구,1,34.608122,-1.97446,baseline,0.12452335656370857,0
ba_13227696,2025-08,본죽 부산온천장점,본그룹,백반·죽·국수,부산광역시,동래구,0,0.05,-0.10781,baseline,0.3580574382796589,1
ba_13227696,2025-09,본죽 부산온천장점,본그룹,백반·죽·국수,부산광역시,동래구,1,0.218795,-1.727793,baseline,0.939252924468823,1
ba_13228166,2025-08,본죽 제천하소점,본그룹,백반·죽·국수,충청북도,제천시,1,1.017808,-0.263104,baseline,0.44883694262594914,1
ba_13228166,2025-09,본죽 제천하소점,본그룹,백반·죽·국수,충청북도,제천시,0,-0.201027,-1.918702,baseline,0.7984157609510357,1
ba_13228453,2025-08,본죽&비빔밥 부산명지국제중앙점,본그룹,백반·죽·국수,부산광역시,강서구,1,0.145441,-0.227315,baseline,0.5120705962537458,1
ba_13228453,2025-09,본죽&비빔밥 부산명지국제중앙점,본그룹,백반·죽·국수,부산광역시,강서구,0,0.072718,-0.5669,baseline,0.841439010678784,1
ba_13228520,2025-08,본죽&비빔밥 성남모란시장점,본그룹,백반·죽·국수,경기도,성남시,0,0.015069,0.656896,baseline,0.3554824095254248,1
ba_13228520,2025-09,본죽&비빔밥 성남모란시장점,본그룹,백반·죽·국수,경기도,성남시,0,-0.367098,0.975571,baseline,0.4535558726300892,1
ba_13228647,2025-08,본죽 대전용운점,본그룹,백반·죽·국수,대전광역시,동구,0,-0.15,-0.143104,baseline,0.29149723578213455,0
ba_13228647,2025-09,본죽 대전용운점,본그룹,백반·죽·국수,대전광역시,동구,1,96.406078,-1.877793,baseline,0.12635206194867768,0
ba_13228668,2025-08,본죽&비빔밥 대전유성온천역점,본그룹,백반·죽·국수,대전광역시,유성구,0,-0.320438,-0.136854,baseline,0.8560047901310978,1
ba_13228668,2025-09,본죽&비빔밥 대전유성온천역점,본그룹,백반·죽·국수,대전광역시,유성구,0,-0.469322,-0.358808,baseline,0.8803603429254683,1
ba_13228675,2025-08,본죽&비빔밥 대전전민동점,본그룹,백반·죽·국수,대전광역시,유성구,0,-0.247715,4.656896,baseline,0.8083632370193153,1
ba_13228675,2025-09,본죽&비빔밥 대전전민동점,본그룹,백반·죽·국수,대전광역시,유성구,0,-0.354723,1.43773,baseline,0.8204620803444646,1
ba_13228677,2025-08,본죽 청주봉명점,본그룹,백반·죽·국수,충청북도,청주시,0,-0.225024,-0.168104,baseline,0.7449290714342351,1
ba_13228677,2025-09,본죽 청주봉명점,본그룹,백반·죽·국수,충청북도,청주시,0,-0.315981,-0.440082,baseline,0.44658108362001353,1
ba_13228869,2025-08,본죽&비빔밥 대전판암점,본그룹,백반·죽·국수,대전광역시,동구,1,0.459708,-0.254215,baseline,0.8142868681145227,1
ba_13228869,2025-09,본죽&비빔밥 대전판암점,본그룹,백반·죽·국수,대전광역시,동구,0,-0.156655,-1.927793,baseline,0.42365678744627844,1
ba_13228874,2025-08,본죽&비빔밥 청주성안길점,본그룹,백반·죽·국수,충청북도,청주시,1,0.2,-0.276437,baseline,0.0886771996511805,0
ba_13228874,2025-09,본죽&비빔밥 청주성안길점,본그룹,백반·죽·국수,충청북도,청주시,1,53.307603,-1.961126,baseline,0.07631291194858167,0
ba_13228878,2025-08,본죽 대전도마사거리점,본그룹,백반·죽·국수,대전광역시,서구,1,0.407974,-0.252195,baseline,0.45233401315263366,1
ba_13228878,2025-09,본죽 대전도마사거리점,본그룹,백반·죽·국수,대전광역시,서구,1,0.209777,-0.958995,baseline,0.8056690609350979,1
ba_13228909,2025-08,본죽&비빔밥 청주사창점,본그룹,백반·죽·국수,충청북도,청주시,1,6.388793,-0.250796,baseline,0.773453277454589,1
ba_13228909,2025-09,본죽&비빔밥 청주사창점,본그룹,백반·죽·국수,충청북도,청주시,1,1.833136,-1.827793,baseline,0.7999477516160983,1
ba_13228939,2025-08,본죽 산성역점,본그룹,백반·죽·국수,경기도,성남시,0,-0.2,-0.143104,baseline,0.10438337915991278,0
ba_13228939,2025-09,본죽 산성역점,본그룹,백반·죽·국수,경기도,성남시,1,11.932712,-1.427793,baseline,0.15711886126554947,0
ba_13228945,2025-08,본죽&비빔밥 대전진잠점,본그룹,백반·죽·국수,대전광역시,유성구,1,2.558269,-0.243104,baseline,0.6908139503298373,1
ba_13228945,2025-09,본죽&비빔밥 대전진잠점,본그룹,백반·죽·국수,대전광역시,유성구,1,3.110431,-1.853119,baseline,0.774302480358407,1
ba_13228978,2025-08,본죽&비빔밥 인천연희연세병원점,본그룹,백반·죽·국수,인천광역시,서구,1,5.684863,-0.243104,baseline,0.3486861619424117,1
ba_13228978,2025-09,본죽&비빔밥 인천연희연세병원점,본그룹,백반·죽·국수,인천광역시,서구,1,1.482763,-1.927793,baseline,0.3604347238568613,1
ba_13228993,2025-08,본죽&비빔밥 동탄솔빛나루점,본그룹,백반·죽·국수,경기도,화성시,1,0.1175,-0.243104,baseline,0.4387519219673067,1
ba_13228993,2025-09,본죽&비빔밥 동탄솔빛나루점,본그룹,백반·죽·국수,경기도,화성시,0,-0.085052,0.458805,baseline,0.47213972269464904,1
ba_13229107,2025-08,본죽 대덕테크노밸리점,본그룹,백반·죽·국수,대전광역시,유성구,1,0.940461,-0.168104,baseline,0.791641416484182,1
ba_13229107,2025-09,본죽 대덕테크노밸리점,본그룹,백반·죽·국수,대전광역시,유성구,1,0.174379,-0.506321,baseline,0.8380449650915608,1
ba_13229152,2025-08,본죽&비빔밥 부산엄궁점,본그룹,백반·죽·국수,부산광역시,사상구,0,-0.558617,-0.129771,baseline,0.8104434783464739,1
ba_13229152,2025-09,본죽&비빔밥 부산엄궁점,본그룹,백반·죽·국수,부산광역시,사상구,0,-0.811713,-0.605878,baseline,0.8214761498432271,1
ba_13229173,2025-08,본죽&비빔밥 대구칠곡점,본그룹,백반·죽·국수,대구광역시,북구,0,-0.275415,-0.030604,baseline,0.8567233521799485,1
ba_13229173,2025-09,본죽&비빔밥 대구칠곡점,본그룹,백반·죽·국수,대구광역시,북구,0,-0.41698,-0.343907,baseline,0.8732524463813955,1
ba_13229184,2025-08,본죽 대구산격점,본그룹,백반·죽·국수,대구광역시,북구,1,1.59525,-0.189258,baseline,0.8108535929850844,1
ba_13229184,2025-09,본죽 대구산격점,본그룹,백반·죽·국수,대구광역시,북구,0,0.075791,-1.956364,baseline,0.4838981831662024,1
ba_13229527,2025-08,본죽&비빔밥 상주점,본그룹,백반·죽·국수,경상북도,상주시,0,-0.129592,-0.188265,baseline,0.8393416471203118,1
ba_13229527,2025-09,본죽&비빔밥 상주점,본그룹,백반·죽·국수,경상북도,상주시,0,-0.238616,-0.035962,baseline,0.7201328775140151,1
ba_13229560,2025-08,본죽 양천구청점,본그룹,백반·죽·국수,서울특별시,양천구,0,-0.2,-0.263104,baseline,0.2500538172967336,0
ba_13229560,2025-09,본죽 양천구청점,본그룹,백반·죽·국수,서울특별시,양천구,0,-0.2,-1.987793,baseline,0.26588186804383995,0
ba_13229747,2025-08,본죽 창원중앙동점,본그룹,백반·죽·국수,경상남도,창원시,0,0.112483,-0.143104,baseline,0.7520124899522962,1
ba_13229747,2025-09,본죽 창원중앙동점,본그룹,백반·죽·국수,경상남도,창원시,0,-0.334156,1.106245,baseline,0.47216408739268373,1
ba_13229858,2025-08,본죽 창원반송점,본그룹,백반·죽·국수,경상남도,창원시,1,0.6,-0.243104,baseline,0.09398367551178219,0
ba_13229858,2025-09,본죽 창원반송점,본그룹,백반·죽·국수,경상남도,창원시,1,92.174155,-1.877793,baseline,0.10936687082489997,0
ba_13229960,2025-08,본죽 창원소답점,본그룹,백반·죽·국수,경상남도,창원시,0,-0.296203,-0.228818,baseline,0.4404929044828208,1
ba_13229960,2025-09,본죽 창원소답점,본그룹,백반·죽·국수,경상남도,창원시,0,-0.095064,-1.680353,baseline,0.44341220006617965,1
ba_13229975,2025-08,본죽 구성언남점,본그룹,백반·죽·국수,경기도,용인시,1,0.358444,-0.143104,baseline,0.36625930227652137,1
ba_13229975,2025-09,본죽 구성언남점,본그룹,백반·죽·국수,경기도,용인시,0,-0.499075,-0.295306,baseline,0.4374987441586102,1
ba_13230007,2025-08,본죽 죽전벽산타운점,본그룹,백반·죽·국수,경기도,용인시,0,0.079055,-0.143104,baseline,0.4315883204021436,1
ba_13230007,2025-09,본죽 죽전벽산타운점,본그룹,백반·죽·국수,경기도,용인시,0,-0.282789,-0.580673,baseline,0.6482675576858152,1
ba_13230502,2025-08,본죽 화성봉담점,본그룹,백반·죽·국수,경기도,화성시,1,0.2,-0.263104,baseline,0.1583788949371737,0
ba_13230502,2025-09,본죽 화성봉담점,본그룹,백반·죽·국수,경기도,화성시,1,61.714444,-1.907793,baseline,0.5605931549313486,1
ba_13230793,2025-08,본죽&비빔밥 구로디지털역점,본그룹,백반·죽·국수,서울특별시,구로구,0,0.007311,-0.218104,baseline,0.48378944421389963,1
ba_13230793,2025-09,본죽&비빔밥 구로디지털역점,본그룹,백반·죽·국수,서울특별시,구로구,0,-0.293587,-0.659926,baseline,0.5034078067838195,1
ba_13230813,2025-08,본죽&비빔밥 용인물푸레마을점,본그룹,백반·죽·국수,경기도,용인시,1,1.888097,-0.143104,baseline,0.397958203390518,1
ba_13230813,2025-09,본죽&비빔밥 용인물푸레마을점,본그룹,백반·죽·국수,경기도,용인시,0,-0.114963,1.892263,baseline,0.6486970780297069,1
ba_13230824,2025-08,본죽&비빔밥 가산테라타워점,본그룹,백반·죽·국수,서울특별시,금천구,0,0.065397,-0.143104,baseline,0.5097309417197392,1
ba_13230824,2025-09,본죽&비빔밥 가산테라타워점,본그룹,백반·죽·국수,서울특별시,금천구,0,-0.16832,-0.73359,baseline,0.508616407028224,1
ba_13230834,2025-08,본죽&비빔밥 송도신도시점,본그룹,백반·죽·국수,인천광역시,연수구,1,0.320403,-0.209771,baseline,0.3161108496306416,1
ba_13230834,2025-09,본죽&비빔밥 송도신도시점,본그룹,백반·죽·국수,인천광역시,연수구,0,-0.167831,12.83803,baseline,0.335911115329609,1
ba_13230838,2025-08,본죽&비빔밥 시흥사거리점,본그룹,백반·죽·국수,서울특별시,금천구,0,-0.21345,-0.200247,baseline,0.7894598728952756,1
ba_13230838,2025-09,본죽&비빔밥 시흥사거리점,본그룹,백반·죽·국수,서울특별시,금천구,0,-0.3745,-0.907219,baseline,0.8480971890113456,1
ba_13230846,2025-08,본죽&비빔밥 수원탑동점,본그룹,백반·죽·국수,경기도,수원시,1,0.241926,-0.109771,baseline,0.812312810723684,1
ba_13230846,2025-09,본죽&비빔밥 수원탑동점,본그룹,백반·죽·국수,경기도,수원시,1,0.163904,0.08422,baseline,0.46384656121275036,1
ba_13230879,2025-08,본죽&비빔밥 강남성심병원점,본그룹,백반·죽·국수,서울특별시,영등포구,0,-0.14836,-0.143104,baseline,0.7841956381981394,1
ba_13230879,2025-09,본죽&비빔밥 강남성심병원점,본그룹,백반·죽·국수,서울특별시,영등포구,1,0.165405,0.523018,baseline,0.47316425486881275,1
ba_13230903,2025-08,본죽 시흥시화병원점,본그룹,백반·죽·국수,경기도,시흥시,0,-0.275683,-0.261623,baseline,0.8086942690775237,1
ba_13230903,2025-09,본죽 시흥시화병원점,본그룹,백반·죽·국수,경기도,시흥시,0,-0.349721,0.702884,baseline,0.43260757796790583,1
ba_13230921,2025-08,본죽&비빔밥 문래홈플러스점,본그룹,백반·죽·국수,서울특별시,영등포구,0,-0.046939,0.006896,baseline,0.7748796809896753,1
ba_13230921,2025-09,본죽&비빔밥 문래홈플러스점,본그룹,백반·죽·국수,서울특별시,영등포구,0,-0.192403,-0.327582,baseline,0.7910409035558743,1
ba_13230969,2025-08,본죽&비빔밥 새터마을죽전현대홈타운점,본그룹,백반·죽·국수,경기도,용인시,0,0.056017,-0.143104,baseline,0.39926102100340194,1
ba_13230969,2025-09,본죽&비빔밥 새터마을죽전현대홈타운점,본그룹,백반·죽·국수,경기도,용인시,0,-0.428443,0.618409,baseline,0.7251028242581268,1
ba_13231050,2025-08,본죽&비빔밥 안산고잔법원점,본그룹,백반·죽·국수,경기도,안산시,1,2.682665,-0.270377,baseline,0.4279500768785484,1
ba_13231050,2025-09,본죽&비빔밥 안산고잔법원점,본그룹,백반·죽·국수,경기도,안산시,1,0.303449,-2.008745,baseline,0.48299601679800774,1
ba_13231120,2025-08,본죽 안산본오1동점,본그룹,백반·죽·국수,경기도,안산시,1,1.032387,0.256896,baseline,0.8205271054328817,1
ba_13231120,2025-09,본죽 안산본오1동점,본그룹,백반·죽·국수,경기도,안산시,0,-0.31474,-1.427793,baseline,0.447059377269857,1
ba_13231147,2025-08,본죽&비빔밥 인천송도웰카운티점,본그룹,백반·죽·국수,인천광역시,연수구,1,1.920335,0.106896,baseline,0.7381819092075319,1
ba_13231147,2025-09,본죽&비빔밥 인천송도웰카운티점,본그룹,백반·죽·국수,인천광역시,연수구,1,0.682679,-1.79446,baseline,0.779101877841428,1
ba_13231157,2025-08,본죽 수원인계점,본그룹,백반·죽·국수,경기도,수원시,0,-0.046414,-0.203104,baseline,0.7953744475707601,1
ba_13231157,2025-09,본죽 수원인계점,본그룹,백반·죽·국수,경기도,수원시,0,-0.328084,1.876549,baseline,0.8042614796899158,1
ba_13231195,2025-08,본죽&비빔밥 수원광교역점,본그룹,백반·죽·국수,경기도,수원시,1,0.151788,-0.143104,baseline,0.46238909210660983,1
ba_13231195,2025-09,본죽&비빔밥 수원광교역점,본그룹,백반·죽·국수,경기도,수원시,0,-0.130911,-0.897151,baseline,0.41202725413349817,1
ba_13231218,2025-08,본죽 시흥하상동점,본그룹,백반·죽·국수,경기도,시흥시,0,0.0,-0.143104,baseline,0.3877020713313686,1
ba_13231218,2025-09,본죽 시흥하상동점,본그룹,백반·죽·국수,경기도,시흥시,0,0.0,-1.827793,baseline,0.3877020713313686,1
ba_13231481,2025-08,본죽&비빔밥 광명소하지구점,본그룹,백반·죽·국수,경기도,광명시,0,0.0689,0.028325,baseline,0.8197308581009703,1
ba_13231481,2025-09,본죽&비빔밥 광명소하지구점,본그룹,백반·죽·국수,경기도,광명시,0,-0.315744,4.261171,baseline,0.8305533992795328,1
ba_13231795,2025-08,본죽&비빔밥 인천간석남부역점,본그룹,백반·죽·국수,인천광역시,남동구,1,1.421141,-0.043104,baseline,0.3488528750523536,1
ba_13231795,2025-09,본죽&비빔밥 인천간석남부역점,본그룹,백반·죽·국수,인천광역시,남동구,1,2.152803,15.085755,baseline,0.3010034089482119,1
ba_13231958,2025-08,본죽 송도센트럴파크점,본그룹,백반·죽·국수,인천광역시,연수구,1,0.204833,-0.085961,baseline,0.4005633921734992,1
ba_13231958,2025-09,본죽 송도센트럴파크점,본그룹,백반·죽·국수,인천광역시,연수구,0,-0.28308,3.458494,baseline,0.42076960288202403,1
ba_13232110,2025-08,본죽&비빔밥 부산토곡점,본그룹,백반·죽·국수,부산광역시,연제구,0,-0.024413,-0.231993,baseline,0.8718214307664922,1
ba_13232110,2025-09,본죽&비빔밥 부산토곡점,본그룹,백반·죽·국수,부산광역시,연제구,0,-0.29519,0.273211,baseline,0.8154915296318028,1
ba_13232134,2025-08,본죽&비빔밥 광주운남점,본그룹,백반·죽·국수,광주광역시,광산구,0,-0.098215,-0.309771,baseline,0.7770921112516388,1
ba_13232134,2025-09,본죽&비빔밥 광주운남점,본그룹,백반·죽·국수,광주광역시,광산구,0,-0.233024,0.367136,baseline,0.3936151279129011,1
ba_13232348,2025-08,본죽&비빔밥 광주선운지구점,본그룹,백반·죽·국수,광주광역시,광산구,0,-0.158265,-0.09695,baseline,0.42554931356446557,1
ba_13232348,2025-09,본죽&비빔밥 광주선운지구점,본그룹,백반·죽·국수,광주광역시,광산구,0,-0.382356,1.214618,baseline,0.412388993546283,1
ba_13232508,2025-08,본죽&비빔밥 김해어방점,본그룹,백반·죽·국수,경상남도,김해시,0,-0.264882,-0.120882,baseline,0.759285488317339,1
ba_13232508,2025-09,본죽&비빔밥 김해어방점,본그룹,백반·죽·국수,경상남도,김해시,0,-0.199727,-0.890592,baseline,0.7727338728189703,1
ba_13233027,2025-08,본죽&비빔밥 고척근린공원점,본그룹,백반·죽·국수,서울특별시,구로구,0,0.0,-0.143104,baseline,0.4010559743396628,1
ba_13233027,2025-09,본죽&비빔밥 고척근린공원점,본그룹,백반·죽·국수,서울특별시,구로구,0,0.0,-1.827793,baseline,0.4010559743396628,1
ba_13233115,2025-08,본죽&비빔밥 대구복현동점,본그룹,백반·죽·국수,대구광역시,북구,1,0.282796,-0.200247,baseline,0.7698600264664375,1
ba_13233115,2025-09,본죽&비빔밥 대구복현동점,본그룹,백반·죽·국수,대구광역시,북구,0,-0.150335,13.190446,baseline,0.8165531184155312,1
ba_13233212,2025-08,본죽 통영점,본그룹,백반·죽·국수,경상남도,통영시,0,-0.30216,-0.218104,baseline,0.8228946546707013,1
ba_13233212,2025-09,본죽 통영점,본그룹,백반·죽·국수,경상남도,통영시,0,-0.321005,-0.740665,baseline,0.8181690466405015,1
ba_13233433,2025-08,본죽 대명안지랑점,본그룹,백반·죽·국수,대구광역시,남구,0,-0.331957,-0.249771,baseline,0.471140524039471,1
ba_13233433,2025-09,본죽 대명안지랑점,본그룹,백반·죽·국수,대구광역시,남구,0,-0.390715,-0.186037,baseline,0.4495080360861069,1
ba_13233436,2025-08,본죽&비빔밥 대구효성타운점,본그룹,백반·죽·국수,대구광역시,남구,0,-0.001806,-0.093104,baseline,0.7342076057768175,1
ba_13233436,2025-09,본죽&비빔밥 대구효성타운점,본그룹,백반·죽·국수,대구광역시,남구,0,-0.091687,0.581169,baseline,0.41412049087436303,1
ba_13233445,2025-08,본죽&비빔밥 여수죽림점,본그룹,백반·죽·국수,전라남도,여수시,0,-0.466823,-0.238342,baseline,0.8401123493761823,1
ba_13233445,2025-09,본죽&비빔밥 여수죽림점,본그룹,백반·죽·국수,전라남도,여수시,0,-0.485757,-1.252092,baseline,0.8408261461108508,1
ba_13233448,2025-08,본죽&비빔밥 대구달서구청점,본그룹,백반·죽·국수,대구광역시,달서구,0,0.113858,-0.043104,baseline,0.769546533401576,1
ba_13233448,2025-09,본죽&비빔밥 대구달서구청점,본그룹,백반·죽·국수,대구광역시,달서구,0,0.011913,0.538229,baseline,0.42716941415084564,1
ba_13233454,2025-08,본죽 서산읍내동점,본그룹,백반·죽·국수,충청남도,서산시,0,-0.495805,-0.249771,baseline,0.4480829935081723,1
ba_13233454,2025-09,본죽 서산읍내동점,본그룹,백반·죽·국수,충청남도,서산시,0,-0.552245,-1.125547,baseline,0.47563804913782026,1
ba_13233457,2025-08,본죽&비빔밥 대구용산장기점,본그룹,백반·죽·국수,대구광역시,달서구,0,-0.722099,-0.178818,baseline,0.8259001334910993,1
ba_13233457,2025-09,본죽&비빔밥 대구용산장기점,본그룹,백반·죽·국수,대구광역시,달서구,0,-0.762886,-0.831649,baseline,0.8204892039711105,1
ba_13233463,2025-08,본죽&비빔밥 대구북구청점,본그룹,백반·죽·국수,대구광역시,북구,0,-0.158607,-0.288559,baseline,0.4171540333147071,1
ba_13233463,2025-09,본죽&비빔밥 대구북구청점,본그룹,백반·죽·국수,대구광역시,북구,0,-0.331175,-0.810337,baseline,0.7736432932208589,1
ba_13233466,2025-08,본죽&비빔밥 대구대곡역점,본그룹,백반·죽·국수,대구광역시,달성군,0,-0.245782,-0.187548,baseline,0.4450976616334605,1
ba_13233466,2025-09,본죽&비빔밥 대구대곡역점,본그룹,백반·죽·국수,대구광역시,달성군,0,-0.476888,-0.524491,baseline,0.45322311305862406,1
ba_13233483,2025-08,본죽&비빔밥 경산사동점,본그룹,백반·죽·국수,경상북도,경산시,0,-0.380437,0.056896,baseline,0.850047785699836,1
ba_13233483,2025-09,본죽&비빔밥 경산사동점,본그룹,백반·죽·국수,경상북도,경산시,0,-0.406118,0.310869,baseline,0.43091575385173003,1
ba_13233484,2025-08,본죽&비빔밥 진주하대점,본그룹,백반·죽·국수,경상남도,진주시,0,0.086261,-0.076437,baseline,0.7246478908848859,1
ba_13233484,2025-09,본죽&비빔밥 진주하대점,본그룹,백반·죽·국수,경상남도,진주시,0,0.083259,-1.146205,baseline,0.44250733003109155,1
ba_13233506,2025-08,본죽 광양마동점,본그룹,백반·죽·국수,전라남도,광양시,0,-0.203541,-0.050796,baseline,0.8364518386125405,1
ba_13233506,2025-09,본죽 광양마동점,본그룹,백반·죽·국수,전라남도,광양시,0,-0.6807,-1.342079,baseline,0.7506021610426374,1
ba_13233554,2025-08,본죽 대구서재점,본그룹,백반·죽·국수,대구광역시,달성군,0,-0.624243,-0.278818,baseline,0.8579395927553145,1
ba_13233554,2025-09,본죽 대구서재점,본그룹,백반·죽·국수,대구광역시,달성군,0,-0.894111,-0.339149,baseline,0.8279789605085056,1
ba_13233575,2025-08,본죽&비빔밥 대구두산점,본그룹,백반·죽·국수,대구광역시,수성구,0,-0.337675,0.123563,baseline,0.8261993725496309,1
ba_13233575,2025-09,본죽&비빔밥 대구두산점,본그룹,백반·죽·국수,대구광역시,수성구,0,-0.43186,0.037966,baseline,0.4519536440476255,1
ba_13233576,2025-08,본죽&비빔밥 당진점,본그룹,백반·죽·국수,충청남도,당진시,1,0.609856,-0.119575,baseline,0.9501664911121527,1
ba_13233576,2025-09,본죽&비빔밥 당진점,본그룹,백반·죽·국수,충청남도,당진시,0,0.101593,1.014482,baseline,0.9693760373857939,1
ba_13233578,2025-08,본죽&비빔밥 대구성당뉴타운점,본그룹,백반·죽·국수,대구광역시,달서구,0,0.113878,-0.280604,baseline,0.48957927795268685,1
ba_13233578,2025-09,본죽&비빔밥 대구성당뉴타운점,본그룹,백반·죽·국수,대구광역시,달서구,0,-0.101866,-0.456424,baseline,0.8306728519488239,1
ba_13233579,2025-08,본죽&비빔밥 경산터미널점,본그룹,백반·죽·국수,경상북도,경산시,1,0.238536,0.256896,baseline,0.4291813822454406,1
ba_13233579,2025-09,본죽&비빔밥 경산터미널점,본그룹,백반·죽·국수,경상북도,경산시,1,0.313854,-0.592863,baseline,0.7786394717933243,1
ba_13233581,2025-08,본죽&비빔밥 진주혁신중앙점,본그룹,백반·죽·국수,경상남도,진주시,0,-0.018182,-0.185961,baseline,0.2265310583350769,0
ba_13233581,2025-09,본죽&비빔밥 진주혁신중앙점,본그룹,백반·죽·국수,경상남도,진주시,1,82.500317,-1.827793,baseline,0.30840845576828585,1
ba_13233587,2025-08,본죽&비빔밥 나주혁신호수공원점,본그룹,백반·죽·국수,전라남도,나주시,0,-0.163218,-0.188818,baseline,0.852327496549069,1
ba_13233587,2025-09,본죽&비빔밥 나주혁신호수공원점,본그룹,백반·죽·국수,전라남도,나주시,0,-0.20863,-0.579428,baseline,0.8532872866928238,1
ba_13233592,2025-08,본죽&비빔밥 대구대학교점,본그룹,백반·죽·국수,경상북도,경산시,1,1.172097,-0.234013,baseline,0.7770584115590651,1
ba_13233592,2025-09,본죽&비빔밥 대구대학교점,본그룹,백반·죽·국수,경상북도,경산시,1,0.206391,0.853626,baseline,0.8228336403651758,1
ba_13233594,2025-08,본죽 대구진천역점,본그룹,백반·죽·국수,대구광역시,달서구,0,-0.395428,-0.233104,baseline,0.6711459106703038,1
ba_13233594,2025-09,본죽 대구진천역점,본그룹,백반·죽·국수,대구광역시,달서구,0,-0.340895,-1.415049,baseline,0.48843345092828133,1
ba_13233606,2025-08,본죽&비빔밥 대구칠곡관음점,본그룹,백반·죽·국수,대구광역시,북구,0,-0.08138,-0.165326,baseline,0.8929586678087253,1
ba_13233606,2025-09,본죽&비빔밥 대구칠곡관음점,본그룹,백반·죽·국수,대구광역시,북구,0,-0.236638,-0.109118,baseline,0.8181625775220744,1
ba_13233607,2025-08,본죽 전북봉동점,본그룹,백반·죽·국수,전북특별자치도,완주군,0,-0.015539,-0.171675,baseline,0.6820118649565367,1
ba_13233607,2025-09,본죽 전북봉동점,본그룹,백반·죽·국수,전북특별자치도,완주군,0,-0.322641,0.592299,baseline,0.6614740240034221,1
ba_13233639,2025-08,본죽&비빔밥 대구동성로점,본그룹,백반·죽·국수,대구광역시,중구,0,-0.196597,-0.165326,baseline,0.7768960324292536,1
ba_13233639,2025-09,본죽&비빔밥 대구동성로점,본그룹,백반·죽·국수,대구광역시,중구,0,-0.226363,-0.682433,baseline,0.7579500531182596,1
ba_13233688,2025-08,본죽 대구세천점,본그룹,백반·죽·국수,대구광역시,달성군,1,0.19245,-0.309771,baseline,0.468479509931338,1
ba_13233688,2025-09,본죽 대구세천점,본그룹,백반·죽·국수,대구광역시,달성군,0,-0.141559,-0.130123,baseline,0.8188924233105119,1
ba_13233716,2025-08,본죽 포항죽도오거리점,본그룹,백반·죽·국수,경상북도,포항시,1,0.478387,-0.187548,baseline,0.47940701411298065,1
ba_13233716,2025-09,본죽 포항죽도오거리점,본그룹,백반·죽·국수,경상북도,포항시,1,0.165754,0.485842,baseline,0.5149086041671274,1
ba_13233724,2025-08,본죽&비빔밥 대구동성로중앙점,본그룹,백반·죽·국수,대구광역시,중구,0,-0.424838,-0.168104,baseline,0.7719478268222354,1
ba_13233724,2025-09,본죽&비빔밥 대구동성로중앙점,본그룹,백반·죽·국수,대구광역시,중구,0,-0.039763,-0.522473,baseline,0.426749343723539,1
ba_13233726,2025-08,본죽 다사죽곡점,본그룹,백반·죽·국수,대구광역시,달성군,0,-0.276387,-0.162152,baseline,0.8536927129230335,1
ba_13233726,2025-09,본죽 다사죽곡점,본그룹,백반·죽·국수,대구광역시,달성군,0,-0.432047,-0.37143,baseline,0.8622111009044315,1
ba_13233735,2025-08,본죽 대구감삼드림시티점,본그룹,백반·죽·국수,대구광역시,달서구,0,-0.877819,-0.128818,baseline,0.8066173705192423,1
ba_13233735,2025-09,본죽 대구감삼드림시티점,본그룹,백반·죽·국수,대구광역시,달서구,0,-1.0,-0.508761,baseline,0.45540756465059534,1
ba_13233742,2025-08,본죽&비빔밥 내당삼익뉴타운점,본그룹,백반·죽·국수,대구광역시,서구,0,-0.364533,-0.193104,baseline,0.7977402695345371,1
ba_13233742,2025-09,본죽&비빔밥 내당삼익뉴타운점,본그룹,백반·죽·국수,대구광역시,서구,0,-0.318711,-0.607463,baseline,0.4657663645843398,1
ba_13233764,2025-08,본죽 대구송라시장점,본그룹,백반·죽·국수,대구광역시,동구,0,-0.135578,-0.214533,baseline,0.8046758035469379,1
ba_13233764,2025-09,본죽 대구송라시장점,본그룹,백반·죽·국수,대구광역시,동구,0,-0.338413,-0.064806,baseline,0.47045767789728676,1
ba_13233767,2025-08,본죽&비빔밥 세종정부청사점,본그룹,백반·죽·국수,세종특별자치시,절재로,0,-0.236575,-0.143104,baseline,0.7406691595396727,1
ba_13233767,2025-09,본죽&비빔밥 세종정부청사점,본그룹,백반·죽·국수,세종특별자치시,절재로,0,-0.149586,-0.664865,baseline,0.3597543498057379,1
ba_13233778,2025-08,본죽&비빔밥 포항효자점,본그룹,백반·죽·국수,경상북도,포항시,0,0.076446,0.035274,baseline,0.9469825782075113,1
ba_13233778,2025-09,본죽&비빔밥 포항효자점,본그룹,백반·죽·국수,경상북도,포항시,0,-0.156113,0.753564,baseline,0.9395368021892189,1
ba_13233782,2025-08,본죽&비빔밥 대구서구청점,본그룹,백반·죽·국수,대구광역시,서구,1,0.223529,-0.243104,baseline,0.7303229008831981,1
ba_13233782,2025-09,본죽&비빔밥 대구서구청점,본그룹,백반·죽·국수,대구광역시,서구,1,1.084288,-1.800207,baseline,0.8439407034162801,1
ba_13233856,2025-08,본죽 세종아름점,본그룹,백반·죽·국수,세종특별자치시,보듬3로,0,-0.225817,0.571182,baseline,0.8280558019540732,1
ba_13233856,2025-09,본죽 세종아름점,본그룹,백반·죽·국수,세종특별자치시,보듬3로,0,-0.378506,0.57978,baseline,0.8394242617241279,1
ba_13234034,2025-08,본죽 포항오천점,본그룹,백반·죽·국수,경상북도,포항시,0,-0.029738,0.216896,baseline,0.912804933530701,1
ba_13234034,2025-09,본죽 포항오천점,본그룹,백반·죽·국수,경상북도,포항시,0,-0.189932,0.146951,baseline,0.8941874980955575,1
ba_13234089,2025-08,본죽 세종고운점,본그룹,백반·죽·국수,세종특별자치시,마음로,1,0.206475,-0.143104,baseline,0.8085123498407457,1
ba_13234089,2025-09,본죽 세종고운점,본그룹,백반·죽·국수,세종특별자치시,마음로,0,-0.458814,4.204305,baseline,0.6763003066985758,1
ba_13234101,2025-08,본죽&비빔밥 세종첫마을점,본그룹,백반·죽·국수,세종특별자치시,노을3로,0,-0.2,-0.054215,baseline,0.5386809672853858,1
ba_13234101,2025-09,본죽&비빔밥 세종첫마을점,본그룹,백반·죽·국수,세종특별자치시,노을3로,0,-0.144828,-1.927793,baseline,0.29209718240185334,0
ba_13234187,2025-08,본죽 경산계양점,본그룹,백반·죽·국수,경상북도,경산시,1,0.409051,-0.243104,baseline,0.35645413880231114,1
ba_13234187,2025-09,본죽 경산계양점,본그룹,백반·죽·국수,경상북도,경산시,0,0.027115,-1.035545,baseline,0.4052145066421601,1
ba_13234188,2025-08,본죽&비빔밥 경산중산점,본그룹,백반·죽·국수,경상북도,경산시,0,-0.229261,-0.20762,baseline,0.8264319047419958,1
ba_13234188,2025-09,본죽&비빔밥 경산중산점,본그룹,백반·죽·국수,경상북도,경산시,0,-0.413661,-0.420208,baseline,0.8151943765418753,1
ba_13234193,2025-08,본죽 경주황성점,본그룹,백반·죽·국수,경상북도,경주시,1,0.235005,-0.147982,baseline,0.8749353701384804,1
ba_13234193,2025-09,본죽 경주황성점,본그룹,백반·죽·국수,경상북도,경주시,0,-0.073229,0.627427,baseline,0.8348769305269036,1
ba_13234475,2025-08,본죽&비빔밥 노량진점,본그룹,백반·죽·국수,서울특별시,동작구,1,0.169588,-0.25739,baseline,0.8201782731469099,1
ba_13234475,2025-09,본죽&비빔밥 노량진점,본그룹,백반·죽·국수,서울특별시,동작구,1,0.314025,0.890842,baseline,0.42766854850056396,1
ba_13234523,2025-08,본죽&비빔밥 동탄목동점,본그룹,백반·죽·국수,경기도,화성시,0,-0.1,-0.197649,baseline,0.10155798497931078,0
ba_13234523,2025-09,본죽&비빔밥 동탄목동점,본그룹,백반·죽·국수,경기도,화성시,0,-0.114286,-1.872237,baseline,0.32551554553401735,1
ba_13234578,2025-08,본죽&비빔밥 동백중앙점,본그룹,백반·죽·국수,경기도,용인시,0,-0.114236,-0.114533,baseline,0.479724312361862,1
ba_13234578,2025-09,본죽&비빔밥 동백중앙점,본그룹,백반·죽·국수,경기도,용인시,0,-0.344525,0.204659,baseline,0.46355327433204174,1
ba_13234790,2025-08,굽네치킨 덕정점,굽네치킨,치킨,경기도,양주시,0,-0.012905,3.301321,baseline,0.8284677331885512,1
ba_13234790,2025-09,굽네치킨 덕정점,굽네치킨,치킨,경기도,양주시,0,-0.201609,1.165698,baseline,0.8349450990365925,1
ba_13235318,2025-08,본죽&비빔밥 상암DMC점,본그룹,백반·죽·국수,서울특별시,마포구,0,-0.2,-0.200247,baseline,0.24251323715886258,0
ba_13235318,2025-09,본죽&비빔밥 상암DMC점,본그룹,백반·죽·국수,서울특별시,마포구,1,34.323723,-1.97065,baseline,0.3284753957055839,1
ba_13235498,2025-08,본죽&비빔밥 외대점,본그룹,백반·죽·국수,서울특별시,동대문구,1,0.88,-0.243104,baseline,0.7414862993768461,1
ba_13235498,2025-09,본죽&비빔밥 외대점,본그룹,백반·죽·국수,서울특별시,동대문구,1,1.828397,-1.742079,baseline,0.8147895813257134,1
ba_13235500,2025-08,본죽 의정부회룡역점,본그룹,백반·죽·국수,경기도,의정부시,1,0.813518,-0.243104,baseline,0.9206114915520859,1
ba_13235500,2025-09,본죽 의정부회룡역점,본그룹,백반·죽·국수,경기도,의정부시,1,0.157547,13.83399,baseline,0.8226609954395001,1
ba_13235508,2025-08,본죽&비빔밥 의정부녹양점,본그룹,백반·죽·국수,경기도,의정부시,0,-0.127122,-0.343104,baseline,0.43508017057349235,1
ba_13235508,2025-09,본죽&비빔밥 의정부녹양점,본그룹,백반·죽·국수,경기도,의정부시,0,-0.340837,0.290299,baseline,0.3957435436735162,1
ba_13235535,2025-08,본죽 의정부낙양점,본그룹,백반·죽·국수,경기도,의정부시,1,0.539576,0.256896,baseline,0.568687135449621,1
ba_13235535,2025-09,본죽 의정부낙양점,본그룹,백반·죽·국수,경기도,의정부시,0,0.05809,7.574672,baseline,0.46647989276341273,1
ba_13235557,2025-08,본죽 도봉동점,본그룹,백반·죽·국수,서울특별시,도봉구,0,-0.364367,-0.103104,baseline,0.8258952029074915,1
ba_13235557,2025-09,본죽 도봉동점,본그룹,백반·죽·국수,서울특별시,도봉구,0,-0.654038,2.013591,baseline,0.9731724416385521,1
ba_13235588,2025-08,본죽 성균관대점,본그룹,백반·죽·국수,서울특별시,종로구,0,-0.189965,-0.076437,baseline,0.48894327805706883,1
ba_13235588,2025-09,본죽 성균관대점,본그룹,백반·죽·국수,서울특별시,종로구,0,-0.388118,-0.353952,baseline,0.8460293626177738,1
ba_13235631,2025-08,본죽 인왕산점,본그룹,백반·죽·국수,서울특별시,서대문구,1,0.912771,-0.343104,baseline,0.4881349365812909,1
ba_13235631,2025-09,본죽 인왕산점,본그룹,백반·죽·국수,서울특별시,서대문구,1,0.527065,0.555221,baseline,0.4666773167735333,1
ba_13236401,2025-08,본죽 대학로본점,본그룹,백반·죽·국수,서울특별시,종로구,1,0.135319,-0.193104,baseline,0.8362223912606157,1
ba_13236401,2025-09,본죽 대학로본점,본그룹,백반·죽·국수,서울특별시,종로구,0,-0.098073,0.275201,baseline,0.8629154173037912,1
ba_13236479,2025-08,본죽 군포지샘병원점,본그룹,백반·죽·국수,경기도,군포시,1,0.131057,-0.143104,baseline,0.4588414002194321,1
ba_13236479,2025-09,본죽 군포지샘병원점,본그룹,백반·죽·국수,경기도,군포시,0,-0.218448,1.168991,baseline,0.45193595468797804,1
ba_13236481,2025-08,본죽&비빔밥 포항시외버스터미널점,본그룹,백반·죽·국수,경상북도,포항시,1,2.951101,-0.193951,baseline,0.550390499117554,1
ba_13236481,2025-09,본죽&비빔밥 포항시외버스터미널점,본그룹,백반·죽·국수,경상북도,포항시,1,0.388619,-1.855244,baseline,0.6319269517382577,1
ba_13236584,2025-08,본죽 군포당동점,본그룹,백반·죽·국수,경기도,군포시,1,0.31052,0.256896,baseline,0.4380619776233668,1
ba_13236584,2025-09,본죽 군포당동점,본그룹,백반·죽·국수,경기도,군포시,1,0.120929,0.190718,baseline,0.8626436104983531,1
ba_13236745,2025-08,본죽&비빔밥 김해장유코아점,본그룹,백반·죽·국수,경상남도,김해시,0,0.024863,-0.173873,baseline,0.7852881131310059,1
ba_13236745,2025-09,본죽&비빔밥 김해장유코아점,본그룹,백반·죽·국수,경상남도,김해시,0,-0.080805,0.539046,baseline,0.45921160416071155,1
ba_13237293,2025-08,본죽 의왕오전점,본그룹,백반·죽·국수,경기도,의왕시,0,-0.085714,0.356896,baseline,0.1032682683102069,0
ba_13237293,2025-09,본죽 의왕오전점,본그룹,백반·죽·국수,경기도,의왕시,1,67.205882,-1.761126,baseline,0.1462912595972193,0
ba_13237700,2025-08,본죽&비빔밥 김해내외동점,본그룹,백반·죽·국수,경상남도,김해시,0,-0.370641,-0.050421,baseline,0.8719104349516944,1
ba_13237700,2025-09,본죽&비빔밥 김해내외동점,본그룹,백반·죽·국수,경상남도,김해시,0,-0.373699,-0.577097,baseline,0.8456098666605024,1
ba_13243478,2025-08,본죽 보정동단국대점,본그룹,백반·죽·국수,경기도,용인시,0,-0.365352,-0.143104,baseline,0.47868670084448867,1
ba_13243478,2025-09,본죽 보정동단국대점,본그룹,백반·죽·국수,경기도,용인시,0,-0.432483,0.147432,baseline,0.4516510861827568,1
ba_13243585,2025-08,본죽&비빔밥 쌍문점,본그룹,백반·죽·국수,서울특별시,도봉구,1,0.130164,0.590229,baseline,0.8335871309246948,1
ba_13243585,2025-09,본죽&비빔밥 쌍문점,본그룹,백반·죽·국수,서울특별시,도봉구,0,-0.076224,1.016655,baseline,0.8357222881804607,1
ba_13247000,2025-08,본죽 용인광교역점,본그룹,백반·죽·국수,경기도,용인시,1,0.115849,-0.143104,baseline,0.4571094307659353,1
ba_13247000,2025-09,본죽 용인광교역점,본그룹,백반·죽·국수,경기도,용인시,0,0.003231,-1.169045,baseline,0.477863497636377,1
ba_13248384,2025-08,본죽&비빔밥 구리인창점,본그룹,백반·죽·국수,경기도,구리시,1,0.281802,0.056896,baseline,0.8123021682958276,1
ba_13248384,2025-09,본죽&비빔밥 구리인창점,본그룹,백반·죽·국수,경기도,구리시,0,-0.110311,3.252224,baseline,0.9698916366405025,1
ba_13249105,2025-08,굽네피자 창원팔용점,굽네치킨,피자,경상남도,창원시,0,-0.437137,0.356182,baseline,0.16432742954189525,0
ba_13249105,2025-09,굽네피자 창원팔용점,굽네치킨,피자,경상남도,창원시,0,-0.197945,-0.628167,baseline,0.9264859557068876,1
ba_13249989,2025-08,굽네치킨 달동점,굽네치킨,치킨,울산광역시,남구,1,1.833104,-0.23783,baseline,0.9840589729200849,1
ba_13249989,2025-09,굽네치킨 달동점,굽네치킨,치킨,울산광역시,남구,1,0.157449,0.199013,baseline,0.9894744053065578,1
ba_13251048,2025-08,본죽&비빔밥 울산송정점,본그룹,백반·죽·국수,울산광역시,북구,0,-0.2,-0.165326,baseline,0.37006186335212204,1
ba_13251048,2025-09,본죽&비빔밥 울산송정점,본그룹,백반·죽·국수,울산광역시,북구,0,-0.133333,-1.967793,baseline,0.37006186335212204,1
ba_13260523,2025-08,본죽＆비빔밥 평택포승점,본그룹,백반·죽·국수,경기도,평택시,0,-0.328391,-0.224922,baseline,0.48890899704560975,1
ba_13260523,2025-09,본죽＆비빔밥 평택포승점,본그룹,백반·죽·국수,경기도,평택시,0,-0.034812,-1.188523,baseline,0.43514809168370716,1
ba_13260584,2025-08,본죽&비빔밥 광주신창점,본그룹,백반·죽·국수,광주광역시,광산구,0,-0.251063,-0.283104,baseline,0.7858384954226176,1
ba_13260584,2025-09,본죽&비빔밥 광주신창점,본그룹,백반·죽·국수,광주광역시,광산구,0,-0.46546,2.81037,baseline,0.7767809264399156,1
ba_13265806,2025-08,본죽&비빔밥 익산영등제일점,본그룹,백반·죽·국수,전북특별자치도,익산시,0,-0.303397,-0.143104,baseline,0.817457318037824,1
ba_13265806,2025-09,본죽&비빔밥 익산영등제일점,본그룹,백반·죽·국수,전북특별자치도,익산시,0,-0.350301,1.938159,baseline,0.4744881623081418,1
ba_13267079,2025-08,본죽&비빔밥 대전송촌점,본그룹,백반·죽·국수,대전광역시,대덕구,0,-0.270385,0.156896,baseline,0.8115813449273959,1
ba_13267079,2025-09,본죽&비빔밥 대전송촌점,본그룹,백반·죽·국수,대전광역시,대덕구,0,-0.41874,-0.50629,baseline,0.8212192492244557,1
ba_13268955,2025-08,본죽&비빔밥 전주객사점,본그룹,백반·죽·국수,전북특별자치도,전주시,0,-0.17957,-0.120882,baseline,0.8124947006525869,1
ba_13268955,2025-09,본죽&비빔밥 전주객사점,본그룹,백반·죽·국수,전북특별자치도,전주시,0,-0.348479,0.770485,baseline,0.47945246253099794,1
ba_13292835,2025-08,본죽&비빔밥 대전하기동점,본그룹,백반·죽·국수,대전광역시,유성구,0,0.0,-0.343104,baseline,0.33449546236552113,1
ba_13292835,2025-09,본죽&비빔밥 대전하기동점,본그룹,백반·죽·국수,대전광역시,유성구,0,0.0,-2.027793,baseline,0.33449546236552113,1
ba_13301511,2025-08,본죽&비빔밥 송도글로벌캠퍼스점,본그룹,백반·죽·국수,인천광역시,연수구,1,0.998507,-0.143104,baseline,0.39014844916180674,1
ba_13301511,2025-09,본죽&비빔밥 송도글로벌캠퍼스점,본그룹,백반·죽·국수,인천광역시,연수구,0,-0.033215,4.506881,baseline,0.3426307707524745,1
ba_13305413,2025-08,본죽&비빔밥 사당연세사랑병원점,본그룹,백반·죽·국수,서울특별시,서초구,1,0.470408,-0.143104,baseline,0.47135663729743604,1
ba_13305413,2025-09,본죽&비빔밥 사당연세사랑병원점,본그룹,백반·죽·국수,서울특별시,서초구,0,-0.49216,25.124013,baseline,0.7547169476454262,1
ba_13308613,2025-08,본죽&비빔밥 김포걸포점,본그룹,백반·죽·국수,경기도,김포시,1,0.163937,0.156896,baseline,0.456655884405797,1
ba_13308613,2025-09,본죽&비빔밥 김포걸포점,본그룹,백반·죽·국수,경기도,김포시,0,-0.233358,3.090644,baseline,0.4796623673668665,1
ba_13311793,2025-08,굽네치킨 연신내점,굽네치킨,치킨,서울특별시,은평구,0,-0.575586,1.226811,baseline,0.5161080524681239,1
ba_13311793,2025-09,굽네치킨 연신내점,굽네치킨,치킨,서울특별시,은평구,0,-0.63163,-0.187807,baseline,0.44698346078851176,1
ba_13313413,2025-08,굽네치킨&피자 대전도마점,굽네치킨,치킨,대전광역시,서구,0,0.040278,-0.167144,baseline,0.4113147433692909,1
ba_13313413,2025-09,굽네치킨&피자 대전도마점,굽네치킨,치킨,대전광역시,서구,0,-0.006289,0.016821,baseline,0.6237915635071694,1
ba_13313909,2025-08,굽네치킨 논현고잔1호점,굽네치킨,치킨,인천광역시,남동구,1,0.69829,-0.54253,baseline,0.2927065297721043,0
ba_13313909,2025-09,굽네치킨 논현고잔1호점,굽네치킨,치킨,인천광역시,남동구,1,0.603392,-0.554107,baseline,0.6355500380959648,1
ba_13326281,2025-08,본죽 만리점,본그룹,백반·죽·국수,서울특별시,중구,1,1.202783,-0.143104,baseline,0.45879382083082804,1
ba_13326281,2025-09,본죽 만리점,본그룹,백반·죽·국수,서울특별시,중구,1,0.608991,-1.827793,baseline,0.49699709712312795,1
ba_13348011,2025-08,굽네치킨 하남신장점,굽네치킨,치킨,경기도,하남시,0,0.0,-0.310001,baseline,0.05421104776296315,0
ba_13348011,2025-09,굽네치킨 하남신장점,굽네치킨,치킨,경기도,하남시,0,0.0,-0.166312,baseline,0.05421104776296315,0
ba_13379446,2025-08,굽네치킨&피자 평내점,굽네치킨,치킨,경기도,남양주시,0,-0.197872,1.571313,baseline,0.6786237688958419,1
ba_13379446,2025-09,굽네치킨&피자 평내점,굽네치킨,치킨,경기도,남양주시,0,-0.314549,0.140032,baseline,0.8282000975652135,1
ba_13412065,2025-08,굽네치킨 신길뉴타운점,굽네치킨,치킨,서울특별시,영등포구,1,0.192212,3.174201,baseline,0.9507808374334127,1
ba_13412065,2025-09,굽네치킨 신길뉴타운점,굽네치킨,치킨,서울특별시,영등포구,0,-0.196385,1.296202,baseline,0.9643943395936112,1
ba_13436824,2025-08,본죽&비빔밥 송탄점,본그룹,백반·죽·국수,경기도,평택시,0,-0.075369,-0.165326,baseline,0.8160962639523153,1
ba_13436824,2025-09,본죽&비빔밥 송탄점,본그룹,백반·죽·국수,경기도,평택시,0,-0.269175,-0.493804,baseline,0.8496060780201656,1
ba_13448308,2025-08,굽네치킨 역촌점,굽네치킨,치킨,서울특별시,은평구,0,0.0,-0.310001,baseline,0.07732728011766324,0
ba_13448308,2025-09,굽네치킨 역촌점,굽네치킨,치킨,서울특별시,은평구,0,0.0,-0.166312,baseline,0.07732728011766324,0
ba_13451078,2025-08,본죽&비빔밥 김포신곡점,본그룹,백반·죽·국수,경기도,김포시,1,5.381016,-0.168104,baseline,0.7707676781536548,1
ba_13451078,2025-09,본죽&비빔밥 김포신곡점,본그룹,백반·죽·국수,경기도,김포시,1,1.54143,-1.599222,baseline,0.7866401669820238,1
ba_13452835,2025-08,굽네치킨 경남남해점,굽네치킨,치킨,경상남도,남해군,0,0.0,-0.310001,baseline,0.05468138799141456,0
ba_13452835,2025-09,굽네치킨 경남남해점,굽네치킨,치킨,경상남도,남해군,0,0.0,-0.166312,baseline,0.05468138799141456,0
ba_13459937,2025-08,굽네치킨 성사점,굽네치킨,치킨,경기도,고양시,1,0.138914,-0.288759,baseline,0.45412800684544546,1
ba_13459937,2025-09,굽네치킨 성사점,굽네치킨,치킨,경기도,고양시,0,-0.02704,-0.33683,baseline,0.49344968649446536,1
ba_13470236,2025-08,본죽&비빔밥 신제주점,본그룹,백반·죽·국수,제주특별자치도,제주시,0,-0.417227,-0.143104,baseline,0.795852147416865,1
ba_13470236,2025-09,본죽&비빔밥 신제주점,본그룹,백반·죽·국수,제주특별자치도,제주시,0,-0.668313,6.160326,baseline,0.7734965581772735,1
ba_13471384,2025-08,본죽&비빔밥 통영죽림점,본그룹,백반·죽·국수,경상남도,통영시,1,2.235231,-0.109771,baseline,0.8509863788531068,1
ba_13471384,2025-09,본죽&비빔밥 통영죽림점,본그룹,백반·죽·국수,경상남도,통영시,1,0.304899,-1.716682,baseline,0.842812474184635,1
ba_13472981,2025-08,굽네피자,굽네치킨,피자,경상북도,상주시,0,0.035741,-0.243776,baseline,0.40743181058657585,1
ba_13472981,2025-09,굽네피자,굽네치킨,피자,경상북도,상주시,0,-0.1018,0.111043,baseline,0.6656981015650997,1
ba_13473077,2025-08,본죽&비빔밥 목포북항점,본그룹,백반·죽·국수,전라남도,목포시,0,-0.268782,-0.156437,baseline,0.8096774809177674,1
ba_13473077,2025-09,본죽&비빔밥 목포북항점,본그룹,백반·죽·국수,전라남도,목포시,0,-0.561366,-0.234839,baseline,0.8397847955256553,1
ba_13475914,2025-08,본죽&비빔밥 광주백운대성초교점,본그룹,백반·죽·국수,광주광역시,남구,0,-0.406213,-0.283845,baseline,0.7670238550603488,1
ba_13475914,2025-09,본죽&비빔밥 광주백운대성초교점,본그룹,백반·죽·국수,광주광역시,남구,0,-0.265154,-1.26318,baseline,0.7736402172475927,1
ba_13477857,2025-08,본죽&비빔밥 논산내동점,본그룹,백반·죽·국수,충청남도,논산시,0,-0.122075,0.212452,baseline,0.8482110891355527,1
ba_13477857,2025-09,본죽&비빔밥 논산내동점,본그룹,백반·죽·국수,충청남도,논산시,0,-0.330292,-0.307856,baseline,0.8169927555076986,1
ba_13492399,2025-08,본죽&비빔밥 등촌공항대로점,본그룹,백반·죽·국수,서울특별시,강서구,0,-0.191193,-0.193104,baseline,0.8137209609793201,1
ba_13492399,2025-09,본죽&비빔밥 등촌공항대로점,본그룹,백반·죽·국수,서울특별시,강서구,0,-0.287279,-0.632308,baseline,0.8173406313224668,1
ba_13504506,2025-08,본죽&비빔밥 세종반곡점,본그룹,백반·죽·국수,세종특별자치시,한누리대로,0,-0.149815,-0.076437,baseline,0.46366473042253387,1
ba_13504506,2025-09,본죽&비빔밥 세종반곡점,본그룹,백반·죽·국수,세종특별자치시,한누리대로,0,-0.199888,-0.5655,baseline,0.8043368152315034,1
ba_13506840,2025-08,굽네치킨 & 피자 약수역점,굽네치킨,치킨,서울특별시,중구,0,0.0,-0.310001,baseline,0.07287034159901669,0
ba_13506840,2025-09,굽네치킨 & 피자 약수역점,굽네치킨,치킨,서울특별시,중구,0,0.0,-0.166312,baseline,0.07287034159901669,0
ba_13522931,2025-08,본죽&비빔밥 파주문산점,본그룹,백반·죽·국수,경기도,파주시,1,4.878973,-0.202563,baseline,0.817294701735981,1
ba_13522931,2025-09,본죽&비빔밥 파주문산점,본그룹,백반·죽·국수,경기도,파주시,1,0.91775,-1.731241,baseline,0.8872284762294109,1
ba_13539608,2025-08,굽네치킨 창원중앙점,굽네치킨,치킨,경상남도,창원시,0,-0.365043,1.889464,baseline,0.8336605747966456,1
ba_13539608,2025-09,굽네치킨 창원중앙점,굽네치킨,치킨,경상남도,창원시,0,-0.4605,0.168382,baseline,0.8495527852418396,1
ba_13539851,2025-08,굽네치킨 소답점,굽네치킨,치킨,경상남도,창원시,0,-0.146106,-0.770067,baseline,0.5160580441420243,1
ba_13539851,2025-09,굽네치킨 소답점,굽네치킨,치킨,경상남도,창원시,0,-0.900935,1.119424,baseline,0.6337649985473932,1
ba_13539979,2025-08,본죽&비빔밥 대전신탄점,본그룹,백반·죽·국수,대전광역시,대덕구,1,0.235489,-0.226437,baseline,0.7178000616888216,1
ba_13539979,2025-09,본죽&비빔밥 대전신탄점,본그룹,백반·죽·국수,대전광역시,대덕구,0,0.059445,-0.975537,baseline,0.8491822289315004,1
ba_13550181,2025-08,본죽&비빔밥 양주고읍점,본그룹,백반·죽·국수,경기도,양주시,1,0.303653,-0.143104,baseline,0.7830265408640079,1
ba_13550181,2025-09,본죽&비빔밥 양주고읍점,본그룹,백반·죽·국수,경기도,양주시,1,0.182441,-0.031095,baseline,0.7910860990104339,1
ba_13550240,2025-08,본죽&비빔밥 청주오창2지구점,본그룹,백반·죽·국수,충청북도,청주시,1,0.666667,-0.272516,baseline,0.09003686668120794,0
ba_13550240,2025-09,본죽&비빔밥 청주오창2지구점,본그룹,백반·죽·국수,충청북도,청주시,1,55.713167,-1.911126,baseline,0.275468336944165,0
ba_13574800,2025-08,굽네치킨 대구신매점,굽네치킨,치킨,대구광역시,수성구,0,-0.073786,-0.177743,baseline,0.3169915883155197,1
ba_13574800,2025-09,굽네치킨 대구신매점,굽네치킨,치킨,대구광역시,수성구,0,-0.107843,-0.07066,baseline,0.2992103824529104,1
ba_13580972,2025-08,굽네치킨&피자 신수점,굽네치킨,치킨,서울특별시,마포구,0,-0.130851,-0.235548,baseline,0.5299385749139213,1
ba_13580972,2025-09,굽네치킨&피자 신수점,굽네치킨,치킨,서울특별시,마포구,1,38.293402,-0.188534,baseline,0.5364722890320672,1
ba_13584348,2025-08,굽네치킨 부산개금점,굽네치킨,치킨,부산광역시,부산진구,1,0.185047,1.596732,baseline,0.5466298138499855,1
ba_13584348,2025-09,굽네치킨 부산개금점,굽네치킨,치킨,부산광역시,부산진구,0,-0.193629,0.526489,baseline,0.8787843643320552,1
ba_13596071,2025-08,본죽&비빔밥 연신갈현점,본그룹,백반·죽·국수,서울특별시,은평구,0,0.026326,0.556896,baseline,0.7907916527460873,1
ba_13596071,2025-09,본죽&비빔밥 연신갈현점,본그룹,백반·죽·국수,서울특별시,은평구,0,-0.316722,1.270516,baseline,0.8123960063969954,1
ba_13596730,2025-08,굽네치킨 대구혁신점,굽네치킨,치킨,대구광역시,동구,0,-0.302504,-0.113915,baseline,0.6727170136448122,1
ba_13596730,2025-09,굽네치킨 대구혁신점,굽네치킨,치킨,대구광역시,동구,0,-0.595437,0.017229,baseline,0.8416834423278412,1
ba_13612153,2025-08,본죽&비빔밥 철산역점,본그룹,백반·죽·국수,경기도,광명시,1,0.856943,-0.143104,baseline,0.44813266997565504,1
ba_13612153,2025-09,본죽&비빔밥 철산역점,본그룹,백반·죽·국수,경기도,광명시,0,-0.081121,3.574138,baseline,0.5189297007158866,1
ba_13628326,2025-08,본죽&비빔밥 부산개금점,본그룹,백반·죽·국수,부산광역시,부산진구,0,0.0,-0.143104,baseline,0.34518492527623573,1
ba_13628326,2025-09,본죽&비빔밥 부산개금점,본그룹,백반·죽·국수,부산광역시,부산진구,0,0.0,-1.827793,baseline,0.34518492527623573,1
ba_13630053,2025-08,본죽&비빔밥 경남사천점,본그룹,백반·죽·국수,경상남도,사천시,0,-0.021453,-0.109771,baseline,0.5438018651171072,1
ba_13630053,2025-09,본죽&비빔밥 경남사천점,본그룹,백반·죽·국수,경상남도,사천시,0,-0.293723,0.647196,baseline,0.9009189906697596,1
ba_13639608,2025-08,굽네치킨 금호점,굽네치킨,치킨,광주광역시,서구,0,-0.240037,3.479919,baseline,0.8393932462501205,1
ba_13639608,2025-09,굽네치킨 금호점,굽네치킨,치킨,광주광역시,서구,0,-0.402725,0.855562,baseline,0.8886247717512631,1
ba_13648667,2025-08,본죽&비빔밥 대전노은3지구점,본그룹,백반·죽·국수,대전광역시,유성구,0,-0.193026,0.056896,baseline,0.7501265339432858,1
ba_13648667,2025-09,본죽&비빔밥 대전노은3지구점,본그룹,백반·죽·국수,대전광역시,유성구,0,-0.285197,-0.019039,baseline,0.4339406467510367,1
ba_13651212,2025-08,본죽&비빔밥 광주금호점,본그룹,백반·죽·국수,광주광역시,서구,0,0.046154,-0.180604,baseline,0.0907916496096138,0
ba_13651212,2025-09,본죽&비빔밥 광주금호점,본그룹,백반·죽·국수,광주광역시,서구,1,69.603534,-1.781639,baseline,0.12366720224052748,0
ba_13683573,2025-08,본죽&비빔밥 제주아라점,본그룹,백반·죽·국수,제주특별자치도,제주시,0,0.048918,0.141744,baseline,0.9581635107590695,1
ba_13683573,2025-09,본죽&비빔밥 제주아라점,본그룹,백반·죽·국수,제주특별자치도,제주시,0,-0.220624,0.829359,baseline,0.9610068154986733,1
ba_13712881,2025-08,굽네치킨 등촌3동점,굽네치킨,치킨,서울특별시,강서구,0,0.0,-0.310001,baseline,0.07287034159901669,0
ba_13712881,2025-09,굽네치킨 등촌3동점,굽네치킨,치킨,서울특별시,강서구,0,0.0,-0.166312,baseline,0.07287034159901669,0
ba_13722581,2025-08,본죽&비빔밥 의왕고천점,본그룹,백반·죽·국수,경기도,의왕시,0,-0.066667,-0.043104,baseline,0.44036957241530444,1
ba_13722581,2025-09,본죽&비빔밥 의왕고천점,본그룹,백반·죽·국수,경기도,의왕시,1,25.651884,-1.827793,baseline,0.26923740647473227,0
ba_13730162,2025-08,본죽&비빔밥 경산진량점,본그룹,백반·죽·국수,경상북도,경산시,1,0.46674,-0.093104,baseline,0.5110243323793615,1
ba_13730162,2025-09,본죽&비빔밥 경산진량점,본그룹,백반·죽·국수,경상북도,경산시,1,0.189051,0.027112,baseline,0.8391432915548506,1
ba_13752011,2025-08,굽네치킨 영통2동점,굽네치킨,치킨,경기도,수원시,0,0.002178,0.641263,baseline,0.8350873434985271,1
ba_13752011,2025-09,굽네치킨 영통2동점,굽네치킨,치킨,경기도,수원시,0,-0.232354,0.178769,baseline,0.91072742128231,1
ba_13768149,2025-08,굽네치킨 신탄진점,굽네치킨,치킨,대전광역시,대덕구,1,1.896658,-0.874075,baseline,0.29867225148451376,0
ba_13768149,2025-09,굽네치킨 신탄진점,굽네치킨,치킨,대전광역시,대덕구,1,1.059668,-0.59484,baseline,0.6351431357411618,1
ba_13769748,2025-08,굽네치킨 괴산점,굽네치킨,치킨,충청북도,괴산군,0,-0.370621,0.039279,baseline,0.35274583143423177,1
ba_13769748,2025-09,굽네치킨 괴산점,굽네치킨,치킨,충청북도,괴산군,0,-0.426013,-0.276813,baseline,0.6380403442294605,1
ba_13787561,2025-08,본죽&비빔밥 평택시청점,본그룹,백반·죽·국수,경기도,평택시,0,-0.370384,0.10134,baseline,0.8096343555039301,1
ba_13787561,2025-09,본죽&비빔밥 평택시청점,본그룹,백반·죽·국수,경기도,평택시,0,-0.44764,-0.463026,baseline,0.8217778157717031,1
ba_13851878,2025-08,굽네치킨 용인서천점,굽네치킨,치킨,경기도,용인시,0,0.0,-0.310001,baseline,0.06494944007044523,0
ba_13851878,2025-09,굽네치킨 용인서천점,굽네치킨,치킨,경기도,용인시,0,0.0,-0.166312,baseline,0.06494944007044523,0
ba_13870012,2025-08,본죽&비빔밥 시흥장곡점,본그룹,백반·죽·국수,경기도,시흥시,0,-0.176422,0.14261,baseline,0.8292341167183492,1
ba_13870012,2025-09,본죽&비빔밥 시흥장곡점,본그룹,백반·죽·국수,경기도,시흥시,0,-0.310623,-0.689381,baseline,0.49458880417697376,1
ba_13918069,2025-08,본죽&비빔밥 평택지제점,본그룹,백반·죽·국수,경기도,평택시,0,-0.193663,0.156896,baseline,0.7998329022484274,1
ba_13918069,2025-09,본죽&비빔밥 평택지제점,본그룹,백반·죽·국수,경기도,평택시,0,-0.335718,0.214235,baseline,0.8213328561029262,1
ba_13928548,2025-08,굽네치킨&피자 성남용전점,굽네치킨,치킨,대전광역시,동구,0,0.039494,-0.195461,baseline,0.54856798227921,1
ba_13928548,2025-09,굽네치킨&피자 성남용전점,굽네치킨,치킨,대전광역시,동구,0,-0.282162,-0.259816,baseline,0.7539203073550416,1
ba_13950340,2025-08,굽네치킨 동탄1동점,굽네치킨,치킨,경기도,화성시,0,0.0,-0.310001,baseline,0.06358580738921817,0
ba_13950340,2025-09,굽네치킨 동탄1동점,굽네치킨,치킨,경기도,화성시,0,0.0,-0.166312,baseline,0.06358580738921817,0
ba_13969554,2025-08,굽네피자 포항양덕점,굽네치킨,피자,경상북도,포항시,0,0.0,-0.108569,baseline,0.18133071628211558,0
ba_13969554,2025-09,굽네피자 포항양덕점,굽네치킨,피자,경상북도,포항시,0,0.0,-0.16389,baseline,0.30699714426836566,1
ba_13969584,2025-08,굽네피자 대구대현점,굽네치킨,피자,대구광역시,북구,1,0.393157,-0.298885,baseline,0.19162075710550128,0
ba_13969584,2025-09,굽네피자 대구대현점,굽네치킨,피자,대구광역시,북구,0,-0.498996,-0.270889,baseline,0.304060341801568,1
ba_13969607,2025-08,굽네피자 봉곡사림점,굽네치킨,피자,경상남도,창원시,0,-0.387808,-0.543544,baseline,0.16515702424058074,0
ba_13969607,2025-09,굽네피자 봉곡사림점,굽네치킨,피자,경상남도,창원시,0,-0.379663,-0.62559,baseline,0.09795057611923769,0
ba_13969807,2025-08,굽네피자 경남사천점,굽네치킨,피자,경상남도,사천시,0,0.0,-0.108569,baseline,0.17033872109795903,0
ba_13969807,2025-09,굽네피자 경남사천점,굽네치킨,피자,경상남도,사천시,0,0.0,-0.16389,baseline,0.2910960855682088,0
ba_13969888,2025-08,굽네피자 청주강서지구점,굽네치킨,피자,충청북도,청주시,0,0.0,-0.108569,baseline,0.1880617227648137,0
ba_13969888,2025-09,굽네피자 청주강서지구점,굽네치킨,피자,충청북도,청주시,0,0.0,-0.16389,baseline,0.3165889842810089,1
ba_13969906,2025-08,굽네피자 포항흥해점,굽네치킨,피자,경상북도,포항시,0,0.0,-0.108569,baseline,0.19498776331284906,0
ba_13969906,2025-09,굽네피자 포항흥해점,굽네치킨,피자,경상북도,포항시,0,0.0,-0.16389,baseline,0.32634595184033316,1
ba_13969928,2025-08,굽네피자 거제고현점,굽네치킨,피자,경상남도,거제시,0,0.0,-0.108569,baseline,0.1733898069660583,0
ba_13969928,2025-09,굽네피자 거제고현점,굽네치킨,피자,경상남도,거제시,0,0.0,-0.16389,baseline,0.2955396675858913,0
ba_13969933,2025-08,굽네피자 신탄진점,굽네치킨,피자,대전광역시,대덕구,0,0.0,-0.108569,baseline,0.1788015183484249,0
ba_13969933,2025-09,굽네피자 신탄진점,굽네치킨,피자,대전광역시,대덕구,0,0.0,-0.16389,baseline,0.3033646650507586,1
ba_13970104,2025-08,굽네피자 대구혁신점,굽네치킨,피자,대구광역시,동구,0,-0.481622,-0.210612,baseline,0.14837118773172098,0
ba_13970104,2025-09,굽네피자 대구혁신점,굽네치킨,피자,대구광역시,동구,0,-0.620466,-0.48678,baseline,0.24129051127918008,0
ba_13972155,2025-08,굽네피자 금호점,굽네치킨,피자,광주광역시,서구,0,-0.136834,-0.391834,baseline,0.12311094269660344,0
ba_13972155,2025-09,굽네피자 금호점,굽네치킨,피자,광주광역시,서구,1,0.126655,-0.573553,baseline,0.2420870776923987,0
ba_13972425,2025-08,굽네피자 광주문흥점,굽네치킨,피자,광주광역시,북구,0,0.0,-0.108569,baseline,0.1868136110919669,0
ba_13972425,2025-09,굽네피자 광주문흥점,굽네치킨,피자,광주광역시,북구,0,0.0,-0.16389,baseline,0.1868136110919669,0
ba_13972595,2025-08,굽네피자 나주혁신도시1호점,굽네치킨,피자,전라남도,나주시,0,-0.760308,-0.615211,baseline,0.47556328012462584,1
ba_13972595,2025-09,굽네피자 나주혁신도시1호점,굽네치킨,피자,전라남도,나주시,0,-1.0,-0.796452,baseline,0.26468729802560464,0
ba_13972771,2025-08,굽네피자 광주상무점,굽네치킨,피자,광주광역시,서구,0,-0.593914,-0.221554,baseline,0.1498580768741328,0
ba_13972771,2025-09,굽네피자 광주상무점,굽네치킨,피자,광주광역시,서구,0,-0.628158,-0.46596,baseline,0.30011192597707637,1
ba_13972819,2025-08,굽네피자 영통2동점,굽네치킨,피자,경기도,수원시,0,0.0,-0.908569,baseline,0.19003821878953306,0
ba_13972819,2025-09,굽네피자 영통2동점,굽네치킨,피자,경기도,수원시,0,0.0,-0.96389,baseline,0.31938492764653986,1
ba_13973349,2025-08,굽네피자 온의퇴계점,굽네치킨,피자,강원특별자치도,춘천시,0,-0.252043,-0.28115,baseline,0.19902617049266538,0
ba_13973349,2025-09,굽네피자 온의퇴계점,굽네치킨,피자,강원특별자치도,춘천시,0,-0.198119,-0.944053,baseline,0.31200570910423153,1
ba_13973414,2025-08,굽네피자 후평점,굽네치킨,피자,강원특별자치도,춘천시,0,0.0,-0.108569,baseline,0.08410955352207052,0
ba_13973414,2025-09,굽네피자 후평점,굽네치킨,피자,강원특별자치도,춘천시,0,0.0,-0.16389,baseline,0.08410955352207052,0
ba_13973745,2025-08,굽네피자 가산점,굽네치킨,피자,서울특별시,금천구,1,0.259266,-0.108569,baseline,0.6161858348461418,1
ba_13973745,2025-09,굽네피자 가산점,굽네치킨,피자,서울특별시,금천구,0,-0.024006,-0.06389,baseline,0.8004258967768889,1
ba_13973779,2025-08,굽네피자 용인서천점,굽네치킨,피자,경기도,용인시,0,0.0,-0.108569,baseline,0.09688029958878912,0
ba_13973779,2025-09,굽네피자 용인서천점,굽네치킨,피자,경기도,용인시,0,0.0,-0.16389,baseline,0.09688029958878912,0
ba_13973813,2025-08,굽네피자 선부3동점,굽네치킨,피자,경기도,안산시,1,3.133158,-0.186575,baseline,0.5395987427853721,1
ba_13973813,2025-09,굽네피자 선부3동점,굽네치킨,피자,경기도,안산시,1,0.873382,0.823439,baseline,0.7765987803703019,1
ba_13973901,2025-08,굽네피자 강원횡성점,굽네치킨,피자,강원특별자치도,횡성군,0,-0.584147,0.413625,baseline,0.23294594010413996,0
ba_13973901,2025-09,굽네피자 강원횡성점,굽네치킨,피자,강원특별자치도,횡성군,0,-0.528073,-0.178023,baseline,0.654744037593552,1
ba_13973937,2025-08,굽네피자 동탄1동점,굽네치킨,피자,경기도,화성시,0,0.0,-0.108569,baseline,0.09334635657311027,0
ba_13973937,2025-09,굽네피자 동탄1동점,굽네치킨,피자,경기도,화성시,0,0.0,-0.16389,baseline,0.09334635657311027,0
ba_13974018,2025-08,굽네피자 송파점,굽네치킨,피자,서울특별시,송파구,0,0.0,-0.108569,baseline,0.22266665011389347,0
ba_13974018,2025-09,굽네피자 송파점,굽네치킨,피자,서울특별시,송파구,0,0.0,-0.16389,baseline,0.36423459751188453,1
ba_13974075,2025-08,굽네피자 인계점,굽네치킨,피자,경기도,수원시,1,0.589722,-0.676141,baseline,0.19861101984030521,0
ba_13974075,2025-09,굽네피자 인계점,굽네치킨,피자,경기도,수원시,0,-0.163281,-0.803974,baseline,0.2968263122419238,0
ba_13975731,2025-08,굽네피자 신길뉴타운점,굽네치킨,피자,서울특별시,영등포구,0,-0.815515,0.163822,baseline,0.19332131286192272,0
ba_13975731,2025-09,굽네피자 신길뉴타운점,굽네치킨,피자,서울특별시,영등포구,0,-1.0,-0.361132,baseline,0.33870120655905933,1
ba_13976616,2025-08,굽네피자 여수관문점,굽네치킨,피자,전라남도,여수시,0,-0.786578,-0.525,baseline,0.21796719441647724,0
ba_13976616,2025-09,굽네피자 여수관문점,굽네치킨,피자,전라남도,여수시,0,0.0,-1.16389,baseline,0.21796719441647724,0
ba_13976690,2025-08,굽네피자 신수점,굽네치킨,피자,서울특별시,마포구,0,0.0,-0.308569,baseline,0.22514129640035924,0
ba_13976690,2025-09,굽네피자 신수점,굽네치킨,피자,서울특별시,마포구,1,0.522981,-0.36389,baseline,0.1307374446652146,0
ba_13977023,2025-08,굽네피자 삼숭고읍점,굽네치킨,피자,경기도,양주시,1,0.599829,-0.599827,baseline,0.1994028499939101,0
ba_13977023,2025-09,굽네피자 삼숭고읍점,굽네치킨,피자,경기도,양주시,0,0.0,-1.097223,baseline,0.332506833839656,1
ba_13977167,2025-08,굽네피자 연신내점,굽네치킨,피자,서울특별시,은평구,0,-0.249664,0.759924,baseline,0.09818417335170751,0
ba_13977167,2025-09,굽네피자 연신내점,굽네치킨,피자,서울특별시,은평구,0,-0.853684,1.745699,baseline,0.07829112287835609,0
ba_13984579,2025-08,굽네피자 암사3동점,굽네치킨,피자,서울특별시,강동구,1,6.091558,1.091431,baseline,0.5228804326689944,1
ba_13984579,2025-09,굽네피자 암사3동점,굽네치킨,피자,서울특별시,강동구,1,1.054142,-0.16389,baseline,0.8384302218855804,1
ba_14042200,2025-08,본죽&비빔밥 왕십리뉴타운점,본그룹,백반·죽·국수,서울특별시,성동구,0,-0.292504,-0.009771,baseline,0.7499993308776712,1
ba_14042200,2025-09,본죽&비빔밥 왕십리뉴타운점,본그룹,백반·죽·국수,서울특별시,성동구,0,-0.509819,0.294655,baseline,0.4302896809498334,1
ba_14049107,2025-08,굽네치킨&피자 송도신도시점,굽네치킨,치킨,인천광역시,연수구,0,0.0,-1.310001,baseline,0.23193106940025845,0
ba_14049107,2025-09,굽네치킨&피자 송도신도시점,굽네치킨,치킨,인천광역시,연수구,0,0.0,-1.166312,baseline,0.23193106940025845,0
ba_14092187,2025-08,굽네치킨&피자 일산식사점,굽네치킨,치킨,경기도,고양시,0,-0.162286,-0.232223,baseline,0.3237871928759763,1
ba_14092187,2025-09,굽네치킨&피자 일산식사점,굽네치킨,치킨,경기도,고양시,0,-0.125,-0.055201,baseline,0.5438087140832301,1
ba_14103678,2025-08,굽네치킨&피자 불광점,굽네치킨,치킨,서울특별시,은평구,0,0.0,-0.310001,baseline,0.06670134886113345,0
ba_14103678,2025-09,굽네치킨&피자 불광점,굽네치킨,치킨,서울특별시,은평구,0,0.0,-0.166312,baseline,0.06670134886113345,0
ba_14108842,2025-08,굽네치킨 영암점,굽네치킨,치킨,전라남도,영암군,1,2.2,-0.310001,baseline,0.14682828431109585,0
ba_14108842,2025-09,굽네치킨 영암점,굽네치킨,치킨,전라남도,영암군,0,0.066667,-0.166312,baseline,0.14470481490333853,0
ba_14117511,2025-08,굽네치킨 논현1동점,굽네치킨,치킨,서울특별시,강남구,0,-0.203634,1.043168,baseline,0.9722782332276806,1
ba_14117511,2025-09,굽네치킨 논현1동점,굽네치킨,치킨,서울특별시,강남구,0,-0.243568,-0.383628,baseline,0.9966457868745704,1
ba_14117512,2025-08,굽네피자 논현1동점,굽네치킨,피자,서울특별시,강남구,0,-0.049783,-0.159934,baseline,0.5121123814887483,1
ba_14117512,2025-09,굽네피자 논현1동점,굽네치킨,피자,서울특별시,강남구,0,-0.16464,-0.058479,baseline,0.29633069454121974,0
ba_14153764,2025-08,굽네피자 주안3호점,굽네치킨,피자,인천광역시,미추홀구,0,-0.674174,0.322598,baseline,0.13346217148588413,0
ba_14153764,2025-09,굽네피자 주안3호점,굽네치킨,피자,인천광역시,미추홀구,0,-0.318136,-0.086037,baseline,0.18079961386426052,0
ba_14165975,2025-08,굽네피자 송도신도시점,굽네치킨,피자,인천광역시,연수구,0,0.0,-0.108569,baseline,0.2826484273941892,0
ba_14165975,2025-09,굽네피자 송도신도시점,굽네치킨,피자,인천광역시,연수구,0,0.0,-0.16389,baseline,0.2826484273941892,0
ba_14171081,2025-08,굽네피자 김해진영점,굽네치킨,피자,경상남도,김해시,0,0.0,-0.108569,baseline,0.16606507370296505,0
ba_14171081,2025-09,굽네피자 김해진영점,굽네치킨,피자,경상남도,김해시,0,0.0,-0.16389,baseline,0.2848328744644455,0
ba_14171092,2025-08,굽네피자 광주용봉점,굽네치킨,피자,광주광역시,북구,0,0.0,-0.108569,baseline,0.19819670217019233,0
ba_14171092,2025-09,굽네피자 광주용봉점,굽네치킨,피자,광주광역시,북구,0,0.0,-0.16389,baseline,0.19819670217019233,0
ba_14171093,2025-08,굽네피자 양산물금점,굽네치킨,피자,경상남도,양산시,0,0.0,-0.108569,baseline,0.16805368408326676,0
ba_14171093,2025-09,굽네피자 양산물금점,굽네치킨,피자,경상남도,양산시,0,0.0,-0.16389,baseline,0.28775296863320754,0
ba_14171127,2025-08,굽네피자 연경점,굽네치킨,피자,대구광역시,동구,0,0.100332,-0.700073,baseline,0.4556325966601736,1
ba_14171127,2025-09,굽네피자 연경점,굽네치킨,피자,대구광역시,동구,0,-0.075,-0.986112,baseline,0.5365367796470758,1
ba_14171262,2025-08,굽네피자 칠암망경점,굽네치킨,피자,경상남도,진주시,0,0.0,-0.108569,baseline,0.1801468248783697,0
ba_14171262,2025-09,굽네피자 칠암망경점,굽네치킨,피자,경상남도,진주시,0,0.0,-0.16389,baseline,0.3052987566348845,1
ba_14173661,2025-08,굽네피자 신월사파점,굽네치킨,피자,경상남도,창원시,1,0.303245,0.355422,baseline,0.16537118505089857,0
ba_14173661,2025-09,굽네피자 신월사파점,굽네치킨,피자,경상남도,창원시,0,-0.222335,-0.288072,baseline,0.26821582984445386,0
ba_14185617,2025-08,굽네피자 영주휴천점,굽네치킨,피자,경상북도,영주시,0,-0.193802,-0.412435,baseline,0.5767849411508813,1
ba_14185617,2025-09,굽네피자 영주휴천점,굽네치킨,피자,경상북도,영주시,0,-0.425832,-0.345998,baseline,0.23959505835697836,0
ba_14189471,2025-08,굽네피자 등촌3동점,굽네치킨,피자,서울특별시,강서구,0,0.0,-0.108569,baseline,0.09650589657253972,0
ba_14189471,2025-09,굽네피자 등촌3동점,굽네치킨,피자,서울특별시,강서구,0,0.0,-0.16389,baseline,0.09650589657253972,0
ba_14189742,2025-08,굽네피자 논현고잔1호점,굽네치킨,피자,인천광역시,남동구,0,0.0,-0.108569,baseline,0.16471698101993543,0
ba_14189742,2025-09,굽네피자 논현고잔1호점,굽네치킨,피자,인천광역시,남동구,0,0.0,-0.16389,baseline,0.16471698101993543,0
ba_14189792,2025-08,굽네피자 부산우동점,굽네치킨,피자,부산광역시,해운대구,0,-0.53675,0.344353,baseline,0.14967715896135264,0
ba_14189792,2025-09,굽네피자 부산우동점,굽네치킨,피자,부산광역시,해운대구,0,-0.421015,-0.401785,baseline,0.30463260061566216,1
ba_14189864,2025-08,굽네피자 & 피자 약수역점,굽네치킨,피자,서울특별시,중구,0,0.0,-0.108569,baseline,0.10094549437822746,0
ba_14189864,2025-09,굽네피자 & 피자 약수역점,굽네치킨,피자,서울특별시,중구,0,0.0,-0.16389,baseline,0.10094549437822746,0
ba_14189925,2025-08,굽네피자 불광점,굽네치킨,피자,서울특별시,은평구,0,0.0,-0.108569,baseline,0.10160586956527896,0
ba_14189925,2025-09,굽네피자 불광점,굽네치킨,피자,서울특별시,은평구,0,0.0,-0.16389,baseline,0.10160586956527896,0
ba_14190360,2025-08,굽네피자 일산식사점,굽네치킨,피자,경기도,고양시,0,-0.2,0.291431,baseline,0.2149796411119517,0
ba_14190360,2025-09,굽네피자 일산식사점,굽네치킨,피자,경기도,고양시,0,0.0,-0.36389,baseline,0.3538852699685855,1
ba_14199673,2025-08,굽네피자 가양점,굽네치킨,피자,서울특별시,강서구,0,0.0,-0.108569,baseline,0.2375277878271007,0
ba_14199673,2025-09,굽네피자 가양점,굽네치킨,피자,서울특별시,강서구,0,0.0,-0.16389,baseline,0.3838781779358748,1
ba_14228061,2025-08,굽네치킨 월계2동점,굽네치킨,치킨,서울특별시,노원구,0,-0.078387,-0.584534,baseline,0.6836358982410554,1
ba_14228061,2025-09,굽네치킨 월계2동점,굽네치킨,치킨,서울특별시,노원구,0,-0.022421,-0.591231,baseline,0.8029166459881502,1
ba_14228062,2025-08,굽네피자 월계2동점,굽네치킨,피자,서울특별시,노원구,0,-0.268681,1.044904,baseline,0.18676193735862726,0
ba_14228062,2025-09,굽네피자 월계2동점,굽네치킨,피자,서울특별시,노원구,1,0.580432,-0.862638,baseline,0.3640104403221243,1
ba_14228480,2025-08,굽네치킨 중곡1동점,굽네치킨,치킨,서울특별시,광진구,1,0.728357,-1.085261,baseline,0.15890216869231655,0
ba_14228480,2025-09,굽네치킨 중곡1동점,굽네치킨,치킨,서울특별시,광진구,1,1.658402,-0.918903,baseline,0.5058041553932991,1
ba_14228481,2025-08,굽네피자 중곡1동점,굽네치킨,피자,서울특별시,광진구,1,0.197957,-0.596772,baseline,0.2378946432957624,0
ba_14228481,2025-09,굽네피자 중곡1동점,굽네치킨,피자,서울특별시,광진구,0,-0.108541,-0.747458,baseline,0.2814408673864933,0
ba_14229365,2025-08,굽네치킨&피자 중곡1동점,굽네치킨,치킨,서울특별시,광진구,1,0.929917,-0.791512,baseline,0.4675991541571453,1
ba_14229365,2025-09,굽네치킨&피자 중곡1동점,굽네치킨,치킨,서울특별시,광진구,1,0.720061,-0.661973,baseline,0.8289874884785466,1
ba_14238012,2025-08,본죽&비빔밥 안동송현점,본그룹,백반·죽·국수,경상북도,안동시,0,-0.557749,-0.102078,baseline,0.8620584478588134,1
ba_14238012,2025-09,본죽&비빔밥 안동송현점,본그룹,백반·죽·국수,경상북도,안동시,0,-0.704592,-0.620671,baseline,0.8907408394712798,1
ba_14239270,2025-08,굽네피자 대구이곡점,굽네치킨,피자,대구광역시,달서구,0,-0.161074,0.126875,baseline,0.18429094506542845,0
ba_14239270,2025-09,굽네피자 대구이곡점,굽네치킨,피자,대구광역시,달서구,1,0.5553,-0.536625,baseline,0.31025228000412164,1
ba_14245849,2025-08,본죽&비빔밥 광양중동점,본그룹,백반·죽·국수,전라남도,광양시,0,-0.29386,-0.219575,baseline,0.550448874809395,1
ba_14245849,2025-09,본죽&비빔밥 광양중동점,본그룹,백반·죽·국수,전라남도,광양시,0,-0.425601,-0.076579,baseline,0.6073561301433701,1
ba_14245878,2025-08,본죽&비빔밥 안양동편마을점,본그룹,백반·죽·국수,경기도,안양시,1,4.630034,-0.209771,baseline,0.36384547425196123,1
ba_14245878,2025-09,본죽&비빔밥 안양동편마을점,본그룹,백반·죽·국수,경기도,안양시,1,0.160486,-1.877793,baseline,0.7444227340665109,1
ba_14248050,2025-08,굽네치킨&피자 은행선화점,굽네치킨,치킨,대전광역시,중구,0,-0.659969,-0.851485,baseline,0.12279650347363494,0
ba_14248050,2025-09,굽네치킨&피자 은행선화점,굽네치킨,치킨,대전광역시,중구,0,-0.492961,-0.930396,baseline,0.21682166807682388,0
ba_14248058,2025-08,굽네피자 은행선화점,굽네치킨,피자,대전광역시,중구,0,0.0,-0.108569,baseline,0.19061244886846762,0
ba_14248058,2025-09,굽네피자 은행선화점,굽네치킨,피자,대전광역시,중구,0,0.0,-0.16389,baseline,0.3201954909239878,1
ba_14248059,2025-08,굽네치킨 은행선화점,굽네치킨,치킨,대전광역시,중구,0,-0.270969,-0.162204,baseline,0.6668757002618391,1
ba_14248059,2025-09,굽네치킨 은행선화점,굽네치킨,치킨,대전광역시,중구,0,-0.325663,-0.301036,baseline,0.7614140190858079,1
ba_14249433,2025-08,굽네치킨 부산하단점,굽네치킨,치킨,부산광역시,사하구,1,0.500419,0.661428,baseline,0.5636321276312618,1
ba_14249433,2025-09,굽네치킨 부산하단점,굽네치킨,치킨,부산광역시,사하구,1,0.395959,-0.336294,baseline,0.9592811950600347,1
ba_14249441,2025-08,굽네피자 부산하단점,굽네치킨,피자,부산광역시,사하구,0,-1.0,-0.879431,baseline,0.19449798665567852,0
ba_14249441,2025-09,굽네피자 부산하단점,굽네치킨,피자,부산광역시,사하구,0,0.0,-1.16389,baseline,0.32565970329406807,1
ba_14250328,2025-08,굽네치킨&피자 인창점,굽네치킨,치킨,경기도,구리시,0,-0.217493,-0.098278,baseline,0.8485394042189569,1
ba_14250328,2025-09,굽네치킨&피자 인창점,굽네치킨,치킨,경기도,구리시,0,-0.323318,-0.237246,baseline,0.8860475613794524,1
ba_14250329,2025-08,굽네피자 인창점,굽네치킨,피자,경기도,구리시,0,-0.23345,-0.67406,baseline,0.2200323890244928,0
ba_14250329,2025-09,굽네피자 인창점,굽네치킨,피자,경기도,구리시,0,0.087466,-0.792415,baseline,0.3581656836324995,1
ba_14251345,2025-08,굽네피자 강화점,굽네치킨,피자,인천광역시,강화군,0,0.0,-0.108569,baseline,0.07080621352936725,0
ba_14251345,2025-09,굽네피자 강화점,굽네치킨,피자,인천광역시,강화군,0,0.0,-0.16389,baseline,0.07080621352936725,0
ba_14251741,2025-08,굽네치킨 태전점,굽네치킨,치킨,대구광역시,북구,1,0.901023,-0.310001,baseline,0.6312368056710432,1
ba_14251741,2025-09,굽네치킨 태전점,굽네치킨,치킨,대구광역시,북구,0,-0.180968,39.796824,baseline,0.8544338708207214,1
ba_14251745,2025-08,굽네피자 태전점,굽네치킨,피자,대구광역시,북구,0,-0.700003,-0.172888,baseline,0.14579541036617777,0
ba_14251745,2025-09,굽네피자 태전점,굽네치킨,피자,대구광역시,북구,0,-0.174807,-0.754547,baseline,0.3440282833407486,1
ba_14252159,2025-08,굽네치킨 사당2동점,굽네치킨,치킨,서울특별시,동작구,0,0.0,-0.310001,baseline,0.06648276801079803,0
ba_14252159,2025-09,굽네치킨 사당2동점,굽네치킨,치킨,서울특별시,동작구,0,0.0,-0.166312,baseline,0.06648276801079803,0
ba_14252162,2025-08,굽네피자 사당2동점,굽네치킨,피자,서울특별시,동작구,0,0.0,-0.108569,baseline,0.10095859525188218,0
ba_14252162,2025-09,굽네피자 사당2동점,굽네치킨,피자,서울특별시,동작구,0,0.0,-0.16389,baseline,0.10095859525188218,0
ba_14253619,2025-08,본죽&비빔밥 문래힐스테이트점,본그룹,백반·죽·국수,서울특별시,영등포구,1,0.184647,0.256896,baseline,0.8301676948124054,1
ba_14253619,2025-09,본죽&비빔밥 문래힐스테이트점,본그룹,백반·죽·국수,서울특별시,영등포구,0,0.040863,-0.312322,baseline,0.4580167115281408,1
ba_14254080,2025-08,굽네치킨&피자 망우본동점,굽네치킨,치킨,서울특별시,중랑구,1,1.570686,-0.804383,baseline,0.17207176991496412,0
ba_14254080,2025-09,굽네치킨&피자 망우본동점,굽네치킨,치킨,서울특별시,중랑구,1,0.610853,-0.502759,baseline,0.7742783239268867,1
ba_14256619,2025-08,본죽&비빔밥 비산사거리점,본그룹,백반·죽·국수,경기도,안양시,0,0.027332,-0.343104,baseline,0.4123582655576595,1
ba_14256619,2025-09,본죽&비빔밥 비산사거리점,본그룹,백반·죽·국수,경기도,안양시,0,-0.109424,4.770982,baseline,0.37303020600042897,1
ba_14259741,2025-08,본죽&비빔밥 춘천우두택지점,본그룹,백반·죽·국수,강원특별자치도,춘천시,0,0.028487,-0.166181,baseline,0.8390320222468507,1
ba_14259741,2025-09,본죽&비빔밥 춘천우두택지점,본그룹,백반·죽·국수,강원특별자치도,춘천시,0,-0.164955,0.008346,baseline,0.8335761510315564,1
ba_14260091,2025-08,굽네치킨 부평역점,굽네치킨,치킨,인천광역시,부평구,0,-0.350881,1.226569,baseline,0.9515972489608749,1
ba_14260091,2025-09,굽네치킨 부평역점,굽네치킨,치킨,인천광역시,부평구,0,-0.31488,-0.334209,baseline,0.9390153722481517,1
ba_14260093,2025-08,굽네치킨&피자 부평역점,굽네치킨,피자,인천광역시,부평구,0,-0.504486,-0.181151,baseline,0.39979158374383644,1
ba_14260093,2025-09,굽네치킨&피자 부평역점,굽네치킨,피자,인천광역시,부평구,0,-0.630198,-0.580811,baseline,0.6443049099300611,1
ba_14262149,2025-08,본죽&비빔밥 용인둔전점,본그룹,백반·죽·국수,경기도,용인시,0,-0.04,-0.316077,baseline,0.3559700554950953,1
ba_14262149,2025-09,본죽&비빔밥 용인둔전점,본그룹,백반·죽·국수,경기도,용인시,1,1.196691,-1.97065,baseline,0.4975891868964192,1
ba_14267053,2025-08,굽네치킨&피자 마장점,굽네치킨,치킨,경기도,이천시,1,0.566518,-0.468054,baseline,0.710504582143076,1
ba_14267053,2025-09,굽네치킨&피자 마장점,굽네치킨,치킨,경기도,이천시,0,0.07103,-0.081024,baseline,0.7920319549474744,1
ba_14267751,2025-08,굽네치킨 신정7동점,굽네치킨,치킨,서울특별시,양천구,1,0.425288,-0.030322,baseline,0.8387478297910197,1
ba_14267751,2025-09,굽네치킨 신정7동점,굽네치킨,치킨,서울특별시,양천구,1,0.302575,-0.024955,baseline,0.8467186416075834,1
ba_14268780,2025-08,본죽&비빔밥 세종집현점,본그룹,백반·죽·국수,세종특별자치시,남세종로,1,2.756698,-0.330604,baseline,0.7806094204638672,1
ba_14268780,2025-09,본죽&비빔밥 세종집현점,본그룹,백반·죽·국수,세종특별자치시,남세종로,0,-0.104315,1.168779,baseline,0.8028131524394001,1
ba_14270407,2025-08,본죽&비빔밥 벡스코역점,본그룹,백반·죽·국수,부산광역시,해운대구,0,-0.459908,-0.093104,baseline,0.7875102686881938,1
ba_14270407,2025-09,본죽&비빔밥 벡스코역점,본그룹,백반·죽·국수,부산광역시,해운대구,0,-0.419767,-0.326294,baseline,0.42425803319066874,1
ba_14270903,2025-08,굽네치킨&피자 원미점,굽네치킨,치킨,경기도,부천시,0,-0.396025,-0.516739,baseline,0.11168452495292981,0
ba_14270903,2025-09,굽네치킨&피자 원미점,굽네치킨,치킨,경기도,부천시,0,-0.232805,-0.663565,baseline,0.20509013389911557,0
ba_14270904,2025-08,굽네치킨 원미점,굽네치킨,치킨,경기도,부천시,0,-0.311845,-0.042715,baseline,0.6510321786092697,1
ba_14270904,2025-09,굽네치킨 원미점,굽네치킨,치킨,경기도,부천시,0,-0.230176,-0.397379,baseline,0.764393534502164,1
ba_14271330,2025-08,굽네치킨 일광신도시점,굽네치킨,치킨,부산광역시,기장군,1,0.653374,0.197192,baseline,0.31871479225806915,1
ba_14271330,2025-09,굽네치킨 일광신도시점,굽네치킨,치킨,부산광역시,기장군,1,0.668347,-0.535647,baseline,0.7264683052996748,1
ba_14271331,2025-08,굽네피자 일광신도시점,굽네치킨,피자,부산광역시,기장군,0,0.077079,-0.346551,baseline,0.15359551029149507,0
ba_14271331,2025-09,굽네피자 일광신도시점,굽네치킨,피자,부산광역시,기장군,1,0.306279,-0.671794,baseline,0.25297319173231086,0
ba_14272179,2025-08,굽네피자 마장점,굽네치킨,피자,경기도,이천시,1,0.205071,-0.060947,baseline,0.18929795386378875,0
ba_14272179,2025-09,굽네피자 마장점,굽네치킨,피자,경기도,이천시,1,0.152696,-0.30519,baseline,0.3356741156028528,1
ba_14272566,2025-08,본죽&비빔밥 광명6동점,본그룹,백반·죽·국수,경기도,광명시,1,0.135425,-0.343104,baseline,0.4211909951308273,1
ba_14272566,2025-09,본죽&비빔밥 광명6동점,본그룹,백반·죽·국수,경기도,광명시,0,-0.050607,0.992415,baseline,0.4489576628246869,1
ba_14273436,2025-08,본죽&비빔밥 거제고현점,본그룹,백반·죽·국수,경상남도,거제시,0,-0.145946,-0.06903,baseline,0.11499380245011519,0
ba_14273436,2025-09,본죽&비빔밥 거제고현점,본그룹,백반·죽·국수,경상남도,거제시,1,90.711626,-1.842079,baseline,0.15714167396779527,0
ba_14273478,2025-08,굽네피자 원미점,굽네치킨,피자,경기도,부천시,0,-0.287084,-0.381018,baseline,0.495147428206415,1
ba_14273478,2025-09,굽네피자 원미점,굽네치킨,피자,경기도,부천시,0,-0.402374,-0.617948,baseline,0.6079170686836471,1
ba_14273972,2025-08,본죽&비빔밥 단양점,본그룹,백반·죽·국수,충청북도,단양군,0,-0.045617,0.381896,baseline,0.8354285628658655,1
ba_14273972,2025-09,본죽&비빔밥 단양점,본그룹,백반·죽·국수,충청북도,단양군,0,-0.186741,0.638146,baseline,0.8463796055733654,1
ba_14274576,2025-08,굽네치킨&피자 갈현점,굽네치킨,치킨,서울특별시,은평구,0,0.0,-0.310001,baseline,0.15843517599449525,0
ba_14274576,2025-09,굽네치킨&피자 갈현점,굽네치킨,치킨,서울특별시,은평구,0,0.0,-0.166312,baseline,0.2735360331292496,0
ba_14274675,2025-08,본죽&비빔밥 충주호암점,본그룹,백반·죽·국수,충청북도,충주시,0,-0.028413,-0.143104,baseline,0.8559098578158196,1
ba_14274675,2025-09,본죽&비빔밥 충주호암점,본그룹,백반·죽·국수,충청북도,충주시,0,-0.183228,-0.256524,baseline,0.8496748260890228,1
ba_14274836,2025-08,굽네피자 운천점,굽네치킨,피자,경기도,포천시,1,0.722128,-0.693984,baseline,0.2755120415061162,0
ba_14274836,2025-09,굽네피자 운천점,굽네치킨,피자,경기도,포천시,1,1.666644,-1.033258,baseline,0.3481993621452852,1
ba_14276685,2025-08,본죽 철원점,본그룹,백반·죽·국수,강원특별자치도,철원군,1,0.3645,-0.090472,baseline,0.8449620607418978,1
ba_14276685,2025-09,본죽 철원점,본그룹,백반·죽·국수,강원특별자치도,철원군,1,0.162819,0.790385,baseline,0.8705643796787216,1
ba_14277930,2025-08,본죽&비빔밥 동탄청계점,본그룹,백반·죽·국수,경기도,화성시,0,-0.15,-0.270377,baseline,0.0939516758149571,0
ba_14277930,2025-09,본죽&비빔밥 동탄청계점,본그룹,백반·죽·국수,경기도,화성시,1,132.168276,-1.987793,baseline,0.13312361998037545,0
ba_14279612,2025-08,본죽&비빔밥 부산율리점,본그룹,백반·죽·국수,부산광역시,북구,0,0.050588,-0.10674,baseline,0.799128501841637,1
ba_14279612,2025-09,본죽&비빔밥 부산율리점,본그룹,백반·죽·국수,부산광역시,북구,0,-0.23773,-0.259655,baseline,0.8094017332287466,1
ba_14280570,2025-08,본죽&비빔밥 분당수내점,본그룹,백반·죽·국수,경기도,성남시,0,-0.089372,-0.143104,baseline,0.46574992248500297,1
ba_14280570,2025-09,본죽&비빔밥 분당수내점,본그룹,백반·죽·국수,경기도,성남시,0,-0.093371,0.456635,baseline,0.4683098522543654,1
ba_14283482,2025-08,본죽&비빔밥 목동역점,본그룹,백반·죽·국수,서울특별시,양천구,0,-0.812511,-0.143104,baseline,0.8013384608835346,1
ba_14283482,2025-09,본죽&비빔밥 목동역점,본그룹,백반·죽·국수,서울특별시,양천구,0,-0.83411,-0.12242,baseline,0.4632601448749811,1
ba_14285796,2025-08,본죽&비빔밥 대구평리뉴타운점,본그룹,백반·죽·국수,대구광역시,서구,0,-0.327132,-0.176437,baseline,0.7953770624032556,1
ba_14285796,2025-09,본죽&비빔밥 대구평리뉴타운점,본그룹,백반·죽·국수,대구광역시,서구,0,-0.318898,0.413554,baseline,0.4247625477070351,1
ba_14294026,2025-08,굽네치킨&피자 신안중흥점,굽네치킨,치킨,광주광역시,북구,0,-0.745043,-0.624354,baseline,0.22305385265136363,0
ba_14294026,2025-09,굽네치킨&피자 신안중흥점,굽네치킨,치킨,광주광역시,북구,0,-0.019108,-0.895622,baseline,0.359202059631139,1
ba_14294476,2025-08,굽네피자 하늘도시1호점,굽네치킨,피자,인천광역시,중구,0,0.0,-0.108569,baseline,0.16570316595338316,0
ba_14294476,2025-09,굽네피자 하늘도시1호점,굽네치킨,피자,인천광역시,중구,0,0.0,-0.16389,baseline,0.28430037412669196,0
ba_14294656,2025-08,굽네치킨 청천2동점,굽네치킨,치킨,인천광역시,부평구,0,0.0,-0.310001,baseline,0.047699592409777544,0
ba_14294656,2025-09,굽네치킨 청천2동점,굽네치킨,치킨,인천광역시,부평구,0,0.0,-0.166312,baseline,0.047699592409777544,0
ba_14296954,2025-08,굽네치킨&피자 청주동남지구점,굽네치킨,치킨,충청북도,청주시,1,1.188198,0.068193,baseline,0.32408944028613246,1
ba_14296954,2025-09,굽네치킨&피자 청주동남지구점,굽네치킨,치킨,충청북도,청주시,1,1.337778,-0.497924,baseline,0.7174191280868697,1
ba_14296957,2025-08,굽네피자 청주동남지구점,굽네치킨,피자,충청북도,청주시,0,0.0,-0.108569,baseline,0.17454831533039047,0
ba_14296957,2025-09,굽네피자 청주동남지구점,굽네치킨,피자,충청북도,청주시,0,0.0,-0.16389,baseline,0.29722086453147933,0
ba_14297681,2025-08,굽네피자 서산예천점,굽네치킨,피자,충청남도,서산시,0,0.0,-1.108569,baseline,0.2078266413512067,0
ba_14297681,2025-09,굽네피자 서산예천점,굽네치킨,피자,충청남도,서산시,0,0.0,-0.16389,baseline,0.3441365736051209,1
ba_14308401,2025-08,굽네치킨 삼성2동점,굽네치킨,치킨,서울특별시,강남구,0,0.0,-1.310001,baseline,0.15710677312527668,0
ba_14308401,2025-09,굽네치킨 삼성2동점,굽네치킨,치킨,서울특별시,강남구,0,0.0,-0.166312,baseline,0.27155396966730055,0
ba_14308402,2025-08,굽네피자 삼성2동점,굽네치킨,피자,서울특별시,강남구,0,0.0,-0.908569,baseline,0.22143262294046884,0
ba_14308402,2025-09,굽네피자 삼성2동점,굽네치킨,피자,서울특별시,강남구,0,0.0,-0.16389,baseline,0.36258195509625696,1
ba_14309634,2025-08,굽네치킨&피자 삼성2동점,굽네치킨,치킨,서울특별시,강남구,1,1.349511,-0.010869,baseline,0.5449711136538371,1
ba_14309634,2025-09,굽네치킨&피자 삼성2동점,굽네치킨,치킨,서울특별시,강남구,1,0.632003,-0.333007,baseline,0.9991537914935161,1
ba_14314711,2025-08,굽네피자 송내2동점,굽네치킨,피자,경기도,부천시,0,0.0,-0.108569,baseline,0.22619949179890567,0
ba_14314711,2025-09,굽네피자 송내2동점,굽네치킨,피자,경기도,부천시,0,0.0,-0.16389,baseline,0.3689474808613516,1
ba_14320813,2025-08,굽네피자 옥곡백천점,굽네치킨,피자,경상북도,경산시,0,0.0,-0.108569,baseline,0.08497541722316238,0
ba_14320813,2025-09,굽네피자 옥곡백천점,굽네치킨,피자,경상북도,경산시,0,0.0,-0.16389,baseline,0.08497541722316238,0
ba_14322928,2025-08,본죽&비빔밥 부천심곡본동점,본그룹,백반·죽·국수,경기도,부천시,1,3.105154,-0.143104,baseline,0.7388606772878605,1
ba_14322928,2025-09,본죽&비빔밥 부천심곡본동점,본그룹,백반·죽·국수,경기도,부천시,1,0.210684,-1.861126,baseline,0.7819505226894056,1
ba_14325499,2025-08,본죽&비빔밥 충주계룡힐스점,본그룹,백반·죽·국수,충청북도,충주시,0,-0.103857,-0.228818,baseline,0.44709729459368414,1
ba_14325499,2025-09,본죽&비빔밥 충주계룡힐스점,본그룹,백반·죽·국수,충청북도,충주시,0,-0.282282,-0.248335,baseline,0.8046507953515802,1
ba_14327485,2025-08,굽네치킨&피자 장곡장현점,굽네치킨,치킨,경기도,시흥시,0,-0.092537,-0.266365,baseline,0.24341353123203457,0
ba_14327485,2025-09,굽네치킨&피자 장곡장현점,굽네치킨,치킨,경기도,시흥시,0,-0.074074,-0.162538,baseline,0.42716437574328253,1
ba_14327700,2025-08,본죽&비빔밥 부산전포점,본그룹,백반·죽·국수,부산광역시,부산진구,0,-0.178243,-0.118362,baseline,0.9008280303111014,1
ba_14327700,2025-09,본죽&비빔밥 부산전포점,본그룹,백반·죽·국수,부산광역시,부산진구,0,-0.254515,-0.380796,baseline,0.8826917299631611,1
ba_14332090,2025-08,굽네치킨 금당왕지점,굽네치킨,치킨,전라남도,순천시,0,-0.102748,2.449689,baseline,0.7649133580414864,1
ba_14332090,2025-09,굽네치킨 금당왕지점,굽네치킨,치킨,전라남도,순천시,0,-0.269882,0.441991,baseline,0.7857198994626308,1
ba_14332093,2025-08,굽네피자 금당왕지점,굽네치킨,피자,전라남도,순천시,0,-0.300564,0.14347,baseline,0.5698993301601658,1
ba_14332093,2025-09,굽네피자 금당왕지점,굽네치킨,피자,전라남도,순천시,0,-0.54314,0.524237,baseline,0.6996370601294623,1
ba_14335138,2025-08,굽네치킨&피자 대전비래가양점,굽네치킨,치킨,대전광역시,동구,1,0.120551,0.793738,baseline,0.45303010550008155,1
ba_14335138,2025-09,굽네치킨&피자 대전비래가양점,굽네치킨,치킨,대전광역시,동구,0,-0.450482,6.248925,baseline,0.6158787647991901,1
ba_14335172,2025-08,굽네피자 장곡장현점,굽네치킨,피자,경기도,시흥시,0,0.0,-0.308569,baseline,0.2113901216391704,0
ba_14335172,2025-09,굽네피자 장곡장현점,굽네치킨,피자,경기도,시흥시,0,0.0,-0.16389,baseline,0.3490075687689718,1
ba_14336642,2025-08,굽네치킨&피자 상대원점,굽네치킨,치킨,경기도,성남시,0,-0.176162,2.412515,baseline,0.6363528923348635,1
ba_14336642,2025-09,굽네치킨&피자 상대원점,굽네치킨,치킨,경기도,성남시,0,-0.358754,0.077419,baseline,0.7594192046969804,1
ba_14338227,2025-08,굽네피자 상대원점,굽네치킨,피자,경기도,성남시,0,0.0,-0.908569,baseline,0.19590981939106933,0
ba_14338227,2025-09,굽네피자 상대원점,굽네치킨,피자,경기도,성남시,0,0.0,-0.16389,baseline,0.32763636168399213,1
ba_14341228,2025-08,굽네피자&치킨 고덕국제점,굽네치킨,피자,경기도,평택시,1,0.5009,-0.946077,baseline,0.10565706248090284,0
ba_14341228,2025-09,굽네피자&치킨 고덕국제점,굽네치킨,피자,경기도,평택시,1,2.275129,-1.053233,baseline,0.30292705926667446,1
ba_14352664,2025-08,굽네피자 간석점,굽네치킨,피자,인천광역시,남동구,0,0.0,-0.108569,baseline,0.16619804521386453,0
ba_14352664,2025-09,굽네피자 간석점,굽네치킨,피자,인천광역시,남동구,0,0.0,-0.16389,baseline,0.2850284417781741,0
ba_14352915,2025-08,본죽&비빔밥 대구다사역점,본그룹,백반·죽·국수,대구광역시,달성군,0,-0.336444,0.056896,baseline,0.7998856275219698,1
ba_14352915,2025-09,본죽&비빔밥 대구다사역점,본그룹,백반·죽·국수,대구광역시,달성군,0,-0.39157,0.053063,baseline,0.8163165046695217,1
ba_14352930,2025-08,굽네치킨 녹양점,굽네치킨,치킨,경기도,의정부시,0,0.0,-0.310001,baseline,0.0609122659973926,0
ba_14352930,2025-09,굽네치킨 녹양점,굽네치킨,치킨,경기도,의정부시,0,0.0,-0.166312,baseline,0.0609122659973926,0
ba_14353161,2025-08,굽네피자 구월점,굽네치킨,피자,인천광역시,남동구,0,0.0,-0.108569,baseline,0.16619774441988358,0
ba_14353161,2025-09,굽네피자 구월점,굽네치킨,피자,인천광역시,남동구,0,0.0,-0.16389,baseline,0.28502799943696827,0
ba_14356032,2025-08,본죽&비빔밥 양평용문점,본그룹,백반·죽·국수,경기도,양평군,1,0.297737,0.056896,baseline,0.7940392780853551,1
ba_14356032,2025-09,본죽&비빔밥 양평용문점,본그룹,백반·죽·국수,경기도,양평군,0,-0.003528,1.950506,baseline,0.7981146234570491,1
ba_14360458,2025-08,본죽&비빔밥 충북오송점,본그룹,백반·죽·국수,충청북도,청주시,0,-0.323518,-0.117017,baseline,0.8146123403263107,1
ba_14360458,2025-09,본죽&비빔밥 충북오송점,본그룹,백반·죽·국수,충청북도,청주시,0,-0.473936,-0.723632,baseline,0.812555554637053,1
ba_14363013,2025-08,본죽&비빔밥 광주삼각점,본그룹,백반·죽·국수,광주광역시,북구,0,-0.096746,-0.205604,baseline,0.7910369817624562,1
ba_14363013,2025-09,본죽&비빔밥 광주삼각점,본그룹,백반·죽·국수,광주광역시,북구,0,-0.390855,0.005262,baseline,0.8064450906493406,1
ba_14371606,2025-08,본죽&비빔밥 부산내성교차로점,본그룹,백반·죽·국수,부산광역시,동래구,0,-0.244436,-0.26942,baseline,0.8340675316949067,1
ba_14371606,2025-09,본죽&비빔밥 부산내성교차로점,본그룹,백반·죽·국수,부산광역시,동래구,0,-0.564454,0.165611,baseline,0.8636090247324546,1
ba_14387283,2025-08,본죽&비빔밥 신봉초교점,본그룹,백반·죽·국수,경기도,용인시,0,-0.221127,-0.209771,baseline,0.7715322179289422,1
ba_14387283,2025-09,본죽&비빔밥 신봉초교점,본그룹,백반·죽·국수,경기도,용인시,0,-0.038709,0.178532,baseline,0.4501333157766801,1
ba_14387630,2025-08,굽네치킨 등촌2동점,굽네치킨,치킨,서울특별시,강서구,0,-0.036966,-0.364309,baseline,0.7443412704247419,1
ba_14387630,2025-09,굽네치킨 등촌2동점,굽네치킨,치킨,서울특별시,강서구,0,-0.176671,-0.420981,baseline,0.9158208235922483,1
ba_14388856,2025-08,굽네치킨&피자 여의도1호점,굽네치킨,치킨,서울특별시,영등포구,0,-0.199023,-0.324614,baseline,0.768654994771542,1
ba_14388856,2025-09,굽네치킨&피자 여의도1호점,굽네치킨,치킨,서울특별시,영등포구,0,-0.279276,-0.590167,baseline,0.895236440666441,1
ba_14388863,2025-08,굽네피자 여의도1호점,굽네치킨,피자,서울특별시,영등포구,1,1.282034,-0.857169,baseline,0.15515934118983532,0
ba_14388863,2025-09,굽네피자 여의도1호점,굽네치킨,피자,서울특별시,영등포구,1,0.131334,-0.602543,baseline,0.22948135281421034,0
ba_14390509,2025-08,굽네치킨 원주혁신점,굽네치킨,치킨,강원특별자치도,원주시,0,0.0,-0.310001,baseline,0.1477802207335498,0
ba_14390509,2025-09,굽네치킨 원주혁신점,굽네치킨,치킨,강원특별자치도,원주시,0,0.0,-0.166312,baseline,0.25750896175976246,0
ba_14390691,2025-08,본죽&비빔밥 경산옥곡점,본그룹,백반·죽·국수,경상북도,경산시,0,-0.192474,-0.06942,baseline,0.7984895731795275,1
ba_14390691,2025-09,본죽&비빔밥 경산옥곡점,본그룹,백반·죽·국수,경상북도,경산시,0,-0.175629,-1.025268,baseline,0.7927101756144916,1
ba_14392310,2025-08,굽네피자 등촌2동점,굽네치킨,피자,서울특별시,강서구,1,1.017397,5.574693,baseline,0.5676801468398835,1
ba_14392310,2025-09,굽네피자 등촌2동점,굽네치킨,피자,서울특별시,강서구,1,1.176765,-0.042504,baseline,0.7586360845491479,1
ba_14392323,2025-08,굽네피자 삼산1동점,굽네치킨,피자,인천광역시,부평구,0,0.0,-0.108569,baseline,0.07199642336018919,0
ba_14392323,2025-09,굽네피자 삼산1동점,굽네치킨,피자,인천광역시,부평구,0,0.0,-0.16389,baseline,0.07199642336018919,0
ba_14392494,2025-08,굽네피자 원주혁신점,굽네치킨,피자,강원특별자치도,원주시,0,0.0,-0.108569,baseline,0.21767860646223652,0
ba_14392494,2025-09,굽네피자 원주혁신점,굽네치킨,피자,강원특별자치도,원주시,0,0.0,-0.16389,baseline,0.3575338803124205,1
ba_14392877,2025-08,본죽&비빔밥 인천석바위점,본그룹,백반·죽·국수,인천광역시,미추홀구,1,8.103133,-0.209771,baseline,0.7279011580270875,1
ba_14392877,2025-09,본죽&비빔밥 인천석바위점,본그룹,백반·죽·국수,인천광역시,미추홀구,0,-0.022054,-1.827793,baseline,0.40472203878506213,1
ba_14396364,2025-08,본죽&비빔밥 용인어정역점,본그룹,백반·죽·국수,경기도,용인시,1,0.571341,-0.089771,baseline,0.7543176662499419,1
ba_14396364,2025-09,본죽&비빔밥 용인어정역점,본그룹,백반·죽·국수,경기도,용인시,1,0.139912,-0.591069,baseline,0.90491011105022,1
ba_14397420,2025-08,굽네치킨 진해장천점,굽네치킨,치킨,경상남도,창원시,0,-0.164706,-0.226668,baseline,0.13900136130843904,0
ba_14397420,2025-09,굽네치킨 진해장천점,굽네치킨,치킨,경상남도,창원시,0,-0.153488,-0.088893,baseline,0.21157875416437583,0
ba_14399330,2025-08,본죽&비빔밥 대구상인롯데점,본그룹,백반·죽·국수,대구광역시,달서구,0,0.0,-0.143104,baseline,0.21494437414941284,0
ba_14399330,2025-09,본죽&비빔밥 대구상인롯데점,본그룹,백반·죽·국수,대구광역시,달서구,0,0.0,-1.827793,baseline,0.21494437414941284,0
ba_14400023,2025-08,본죽&비빔밥 시흥장곡점,본그룹,백반·죽·국수,경기도,시흥시,0,0.0,-0.143104,baseline,0.36991140115361765,1
ba_14400023,2025-09,본죽&비빔밥 시흥장곡점,본그룹,백반·죽·국수,경기도,시흥시,0,0.0,-1.827793,baseline,0.36991140115361765,1
ba_14400680,2025-08,굽네치킨 영암삼호점,굽네치킨,치킨,전라남도,영암군,1,0.53205,-0.670374,baseline,0.13266887011472006,0
ba_14400680,2025-09,굽네치킨 영암삼호점,굽네치킨,치킨,전라남도,영암군,1,0.972643,-0.782488,baseline,0.4137123648650377,1
ba_14400681,2025-08,굽네피자 영암삼호점,굽네치킨,피자,전라남도,영암군,1,0.890976,-0.806175,baseline,0.17303644103742977,0
ba_14400681,2025-09,굽네피자 영암삼호점,굽네치킨,피자,전라남도,영암군,0,-0.233488,-0.595937,baseline,0.3241872833594877,1
ba_14413122,2025-08,굽네치킨&피자 만성점,굽네치킨,치킨,전북특별자치도,전주시,0,0.0,-0.310001,baseline,0.14773151529909115,0
ba_14413122,2025-09,굽네치킨&피자 만성점,굽네치킨,치킨,전북특별자치도,전주시,0,0.0,-0.166312,baseline,0.14773151529909115,0
ba_14422337,2025-08,본죽&비빔밥 고양덕은점,본그룹,백반·죽·국수,경기도,고양시,0,-0.208629,-0.343104,baseline,0.2395715056278973,0
ba_14422337,2025-09,본죽&비빔밥 고양덕은점,본그룹,백반·죽·국수,경기도,고양시,0,-0.354036,-0.859449,baseline,0.2884128710961331,0
ba_14435298,2025-08,본죽&비빔밥 인천부평나누리병원점,본그룹,백반·죽·국수,인천광역시,부평구,1,0.2,-0.276437,baseline,0.08360804854266143,0
ba_14435298,2025-09,본죽&비빔밥 인천부평나누리병원점,본그룹,백반·죽·국수,인천광역시,부평구,0,0.0,-2.027793,baseline,0.08360804854266143,0
ba_14435750,2025-08,본죽&비빔밥 광주연제점,본그룹,백반·죽·국수,광주광역시,북구,0,-0.29685,-0.343104,baseline,0.40728034385516454,1
ba_14435750,2025-09,본죽&비빔밥 광주연제점,본그룹,백반·죽·국수,광주광역시,북구,0,-0.247877,-0.789868,baseline,0.43598671657015575,1
ba_14437626,2025-08,굽네치킨&피자 대구읍내점,굽네치킨,치킨,대구광역시,북구,1,1.059374,-0.34072,baseline,0.6997123830468327,1
ba_14437626,2025-09,굽네치킨&피자 대구읍내점,굽네치킨,치킨,대구광역시,북구,0,-0.227657,-0.148061,baseline,0.8276117617233716,1
ba_14440526,2025-08,굽네치킨 서산동문점,굽네치킨,치킨,충청남도,서산시,0,-0.057143,-0.072501,baseline,0.16582763606365733,0
ba_14440526,2025-09,굽네치킨 서산동문점,굽네치킨,치킨,충청남도,서산시,0,-0.0375,0.090831,baseline,0.3666274609134558,1
ba_14440680,2025-08,굽네치킨&피자 면목점,굽네치킨,치킨,서울특별시,중랑구,0,-0.246082,-0.250373,baseline,0.7674546323715762,1
ba_14440680,2025-09,굽네치킨&피자 면목점,굽네치킨,치킨,서울특별시,중랑구,0,-0.272452,-0.421993,baseline,0.8483964027317007,1
ba_14440681,2025-08,굽네피자 면목점,굽네치킨,피자,서울특별시,중랑구,0,-0.785708,0.944899,baseline,0.12023263132189661,0
ba_14440681,2025-09,굽네피자 면목점,굽네치킨,피자,서울특별시,중랑구,0,-0.601884,-0.7787,baseline,0.24167723850664982,0
ba_14441181,2025-08,굽네치킨 나주빛가람점,굽네치킨,치킨,전라남도,나주시,1,0.79731,0.258836,baseline,0.7526109253122858,1
ba_14441181,2025-09,굽네치킨 나주빛가람점,굽네치킨,치킨,전라남도,나주시,0,0.109621,0.706901,baseline,0.8891210445873726,1
ba_14441192,2025-08,굽네피자 나주빛가람점,굽네치킨,피자,전라남도,나주시,0,-0.417787,-0.256216,baseline,0.5414074938871453,1
ba_14441192,2025-09,굽네피자 나주빛가람점,굽네치킨,피자,전라남도,나주시,0,-0.927057,-0.393173,baseline,0.6469339915845584,1
ba_14448826,2025-08,본죽&비빔밥 인천검단신도시점,본그룹,백반·죽·국수,인천광역시,서구,0,-0.127859,-0.050796,baseline,0.7747380233749683,1
ba_14448826,2025-09,본죽&비빔밥 인천검단신도시점,본그룹,백반·죽·국수,인천광역시,서구,0,-0.389315,2.099508,baseline,0.782836962027924,1
ba_14449139,2025-08,굽네치킨&피자 용운판암점,굽네치킨,치킨,대전광역시,동구,1,0.194285,1.415424,baseline,0.9376458522007294,1
ba_14449139,2025-09,굽네치킨&피자 용운판암점,굽네치킨,치킨,대전광역시,동구,0,-0.153562,0.101969,baseline,0.9330713780774972,1
ba_14454741,2025-08,본죽&비빔밥 부천소새울역점,본그룹,백반·죽·국수,경기도,부천시,1,8.281923,-0.076437,baseline,0.4389579851386283,1
ba_14454741,2025-09,본죽&비빔밥 부천소새울역점,본그룹,백반·죽·국수,경기도,부천시,1,0.802472,-1.761126,baseline,0.8011084205216671,1
ba_14456345,2025-08,본죽&비빔밥 천안두정포레나점,본그룹,백반·죽·국수,충청남도,천안시,0,-0.016667,-0.312335,baseline,0.31347012235503013,1
ba_14456345,2025-09,본죽&비빔밥 천안두정포레나점,본그룹,백반·죽·국수,충청남도,천안시,1,55.771575,-1.964378,baseline,0.4279133635409831,1
ba_14456826,2025-08,본죽&비빔밥 청주오송파라곤점,본그룹,백반·죽·국수,충청북도,청주시,0,-0.153951,-0.221365,baseline,0.8184958631589216,1
ba_14456826,2025-09,본죽&비빔밥 청주오송파라곤점,본그룹,백반·죽·국수,충청북도,청주시,0,-0.285914,-0.616636,baseline,0.8330366236887774,1
ba_14456827,2025-08,본죽&비빔밥 인천동암더샵점,본그룹,백반·죽·국수,인천광역시,부평구,0,0.0,-0.223104,baseline,0.24922059041685016,0
ba_14456827,2025-09,본죽&비빔밥 인천동암더샵점,본그룹,백반·죽·국수,인천광역시,부평구,1,127.275145,-1.927793,baseline,0.10756129761448051,0
ba_14457403,2025-08,본죽&비빔밥 부산연제점,본그룹,백반·죽·국수,부산광역시,연제구,0,0.014292,-0.224922,baseline,0.4598299907960069,1
ba_14457403,2025-09,본죽&비빔밥 부산연제점,본그룹,백반·죽·국수,부산광역시,연제구,0,-0.087587,3.666026,baseline,0.8063121973290495,1
ba_14458025,2025-08,굽네치킨 울산공업탑점,굽네치킨,치킨,울산광역시,남구,0,-0.18406,0.1123,baseline,0.7174684994631343,1
ba_14458025,2025-09,굽네치킨 울산공업탑점,굽네치킨,치킨,울산광역시,남구,0,-0.405594,-0.101228,baseline,0.7769247320504443,1
ba_14459736,2025-08,굽네치킨,굽네치킨,치킨,경기도,남양주시,1,0.291003,-0.09009,baseline,0.44242918494183203,1
ba_14459736,2025-09,굽네치킨,굽네치킨,치킨,경기도,남양주시,0,-0.228502,2.765138,baseline,0.6407924658034528,1
ba_14462203,2025-08,본죽&비빔밥 동대구시장점,본그룹,백반·죽·국수,대구광역시,동구,1,0.692757,-0.143104,baseline,0.7777682589481558,1
ba_14462203,2025-09,본죽&비빔밥 동대구시장점,본그룹,백반·죽·국수,대구광역시,동구,0,-0.296279,2.058607,baseline,0.8255062157330066,1
ba_14463467,2025-08,굽네치킨 화명신도시점,굽네치킨,치킨,부산광역시,북구,0,0.057945,0.814103,baseline,0.7471108338403881,1
ba_14463467,2025-09,굽네치킨 화명신도시점,굽네치킨,치킨,부산광역시,북구,0,0.087728,-0.324116,baseline,0.8096586250656385,1
ba_14463469,2025-08,굽네피자 화명신도시점,굽네치킨,피자,부산광역시,북구,1,0.206792,-0.580369,baseline,0.16094191654330905,0
ba_14463469,2025-09,굽네피자 화명신도시점,굽네치킨,피자,부산광역시,북구,0,0.10641,-0.660112,baseline,0.6108784505249655,1
ba_14464913,2025-08,굽네치킨 부산구서점,굽네치킨,치킨,부산광역시,금정구,1,0.287938,2.813311,baseline,0.7812209215618997,1
ba_14464913,2025-09,굽네치킨 부산구서점,굽네치킨,치킨,부산광역시,금정구,0,-0.039239,0.619422,baseline,0.8336658156645065,1
ba_14464914,2025-08,굽네피자 부산구서점,굽네치킨,피자,부산광역시,금정구,0,0.0,-1.108569,baseline,0.1779944129910899,0
ba_14464914,2025-09,굽네피자 부산구서점,굽네치킨,피자,부산광역시,금정구,0,0.0,-0.16389,baseline,0.30220220283261895,1
ba_14470771,2025-08,본죽&비빔밥 부산동대신역점,본그룹,백반·죽·국수,부산광역시,서구,0,-0.073684,-0.19695,baseline,0.09542991641515935,0
ba_14470771,2025-09,본죽&비빔밥 부산동대신역점,본그룹,백반·죽·국수,부산광역시,서구,1,45.928584,-1.864157,baseline,0.12496825643820336,0
ba_14472921,2025-08,굽네피자 내당중리점,굽네치킨,피자,대구광역시,서구,0,0.0,-0.908569,baseline,0.21657359300918858,0
ba_14472921,2025-09,굽네피자 내당중리점,굽네치킨,피자,대구광역시,서구,0,0.0,-0.16389,baseline,0.35604201937445845,1
ba_14473511,2025-08,본죽&비빔밥카페 김해가야대역점,본그룹,백반·죽·국수,경상남도,김해시,0,-0.143558,-0.214533,baseline,0.8814971043891227,1
ba_14473511,2025-09,본죽&비빔밥카페 김해가야대역점,본그룹,백반·죽·국수,경상남도,김해시,0,-0.465291,-0.358051,baseline,0.47417131784296734,1
ba_14481987,2025-08,굽네치킨 마산점,굽네치킨,치킨,경기도,김포시,0,0.0,-0.310001,baseline,0.05869469011170008,0
ba_14481987,2025-09,굽네치킨 마산점,굽네치킨,치킨,경기도,김포시,0,0.0,-0.166312,baseline,0.05869469011170008,0
ba_14484108,2025-08,굽네치킨 애막골후평점,굽네치킨,치킨,강원특별자치도,춘천시,0,0.0,-0.310001,baseline,0.05808213744439144,0
ba_14484108,2025-09,굽네치킨 애막골후평점,굽네치킨,치킨,강원특별자치도,춘천시,0,0.0,-0.166312,baseline,0.05808213744439144,0
ba_14484534,2025-08,본죽&비빔밥 산본학원가점,본그룹,백반·죽·국수,경기도,군포시,0,0.05126,-0.197649,baseline,0.7818131232165334,1
ba_14484534,2025-09,본죽&비빔밥 산본학원가점,본그룹,백반·죽·국수,경기도,군포시,0,-0.203018,-0.134733,baseline,0.7917509139994835,1
ba_14488211,2025-08,굽네치킨&피자 풍동점,굽네치킨,치킨,경기도,고양시,1,0.216079,-0.058052,baseline,0.6667809549786056,1
ba_14488211,2025-09,굽네치킨&피자 풍동점,굽네치킨,치킨,경기도,고양시,0,-0.028739,-0.130676,baseline,0.8053416567144226,1
ba_14488212,2025-08,굽네피자 풍동점,굽네치킨,피자,경기도,고양시,0,-0.505881,-0.430618,baseline,0.15263070422405972,0
ba_14488212,2025-09,굽네피자 풍동점,굽네치킨,피자,경기도,고양시,0,-0.593722,-0.367119,baseline,0.2594449592855832,0
ba_14488495,2025-08,본죽&비빔밥 역촌점,본그룹,백반·죽·국수,서울특별시,은평구,0,-0.12,1.656896,baseline,0.16767990738445593,0
ba_14488495,2025-09,본죽&비빔밥 역촌점,본그룹,백반·죽·국수,서울특별시,은평구,0,-0.133333,-1.877793,baseline,0.11142597671796271,0
ba_14495787,2025-08,굽네치킨 김해율하점,굽네치킨,치킨,경상남도,김해시,0,0.0,-0.310001,baseline,0.12462267872462578,0
ba_14495787,2025-09,굽네치킨 김해율하점,굽네치킨,치킨,경상남도,김해시,0,0.0,-0.166312,baseline,0.22162831734904223,0
ba_14495840,2025-08,본죽&비빔밥 검단파라곤센트럴점,본그룹,백반·죽·국수,인천광역시,서구,1,3.350858,-0.30674,baseline,0.7441714116662287,1
ba_14495840,2025-09,본죽&비빔밥 검단파라곤센트럴점,본그룹,백반·죽·국수,인천광역시,서구,1,0.207109,-1.961126,baseline,0.7915324763706612,1
ba_14504490,2025-08,본죽&비빔밥 부천순천향병원앞점,본그룹,백반·죽·국수,경기도,부천시,1,5.552279,0.614039,baseline,0.9043894259783047,1
ba_14504490,2025-09,본죽&비빔밥 부천순천향병원앞점,본그룹,백반·죽·국수,경기도,부천시,1,1.128508,-0.972237,baseline,0.9537804477144413,1
ba_14506379,2025-08,본죽&비빔밥 방학역점,본그룹,백반·죽·국수,서울특별시,도봉구,0,0.017576,-0.243104,baseline,0.8043041668681576,1
ba_14506379,2025-09,본죽&비빔밥 방학역점,본그룹,백반·죽·국수,서울특별시,도봉구,0,-0.271108,0.326376,baseline,0.8510000412283141,1
ba_14506800,2025-08,본죽&비빔밥 율전상률초점,본그룹,백반·죽·국수,경기도,수원시,0,0.0,-0.043104,baseline,0.33316987438009915,1
ba_14506800,2025-09,본죽&비빔밥 율전상률초점,본그룹,백반·죽·국수,경기도,수원시,0,0.0,-1.427793,baseline,0.1023281256521049,0
ba_14513076,2025-08,본죽&비빔밥 광주첨단점,본그룹,백반·죽·국수,광주광역시,광산구,0,-0.388344,-0.027315,baseline,0.838878585818312,1
ba_14513076,2025-09,본죽&비빔밥 광주첨단점,본그룹,백반·죽·국수,광주광역시,광산구,0,-0.474721,0.437398,baseline,0.8278113185299814,1
ba_14522619,2025-08,본죽&비빔밥 수원권선롯데마트점,본그룹,백반·죽·국수,경기도,수원시,0,0.0,-0.143104,baseline,0.3727090662849445,1
ba_14522619,2025-09,본죽&비빔밥 수원권선롯데마트점,본그룹,백반·죽·국수,경기도,수원시,0,0.0,-1.827793,baseline,0.3727090662849445,1
ba_14525069,2025-08,굽네치킨 다산중앙점,굽네치킨,치킨,경기도,남양주시,1,1.459674,-0.479815,baseline,0.4918469786709724,1
ba_14525069,2025-09,굽네치킨 다산중앙점,굽네치킨,치킨,경기도,남양주시,1,2.73816,-0.429016,baseline,0.7939033287323645,1
ba_14525359,2025-08,본죽&비빔밥 용인모현점,본그룹,백반·죽·국수,경기도,용인시,0,0.02125,-0.29866,baseline,0.4133107965829211,1
ba_14525359,2025-09,본죽&비빔밥 용인모현점,본그룹,백반·죽·국수,경기도,용인시,0,-0.232724,-0.667051,baseline,0.5704922680505047,1
ba_14525748,2025-08,굽네치킨 지산신장점,굽네치킨,치킨,경기도,평택시,0,0.0,-0.310001,baseline,0.061088998449286724,0
ba_14525748,2025-09,굽네치킨 지산신장점,굽네치킨,치킨,경기도,평택시,0,0.0,-0.166312,baseline,0.061088998449286724,0
ba_14525750,2025-08,굽네피자 지산신장점,굽네치킨,피자,경기도,평택시,0,0.0,-0.108569,baseline,0.09690788653686888,0
ba_14525750,2025-09,굽네피자 지산신장점,굽네치킨,피자,경기도,평택시,0,0.0,-0.16389,baseline,0.09690788653686888,0
ba_14528279,2025-08,굽네치킨 봉동점,굽네치킨,치킨,전북특별자치도,완주군,0,0.033784,-0.179807,baseline,0.7886931853692071,1
ba_14528279,2025-09,굽네치킨 봉동점,굽네치킨,치킨,전북특별자치도,완주군,0,-0.03816,-0.308502,baseline,0.87569969795418,1
ba_14528412,2025-08,굽네피자 봉동점,굽네치킨,피자,전북특별자치도,완주군,1,0.236289,-0.092926,baseline,0.19459890182355746,0
ba_14528412,2025-09,굽네피자 봉동점,굽네치킨,피자,전북특별자치도,완주군,0,0.010941,-0.353081,baseline,0.7282678628107933,1
ba_14528476,2025-08,본죽&비빔밥 인천박촌역점,본그룹,백반·죽·국수,인천광역시,계양구,0,-0.133333,-0.143104,baseline,0.0768454595366088,0
ba_14528476,2025-09,본죽&비빔밥 인천박촌역점,본그룹,백반·죽·국수,인천광역시,계양구,1,46.987467,-1.827793,baseline,0.12474683701483065,0
ba_14530939,2025-08,본죽 경북청도점,본그룹,백반·죽·국수,경상북도,청도군,1,0.785616,-0.243104,baseline,0.8175439073232187,1
ba_14530939,2025-09,본죽 경북청도점,본그룹,백반·죽·국수,경상북도,청도군,1,0.302345,0.457074,baseline,0.8297346599167749,1
ba_14533127,2025-08,본죽&비빔밥 위례창곡점,본그룹,백반·죽·국수,경기도,성남시,0,0.105882,-0.217178,baseline,0.2873526936289774,0
ba_14533127,2025-09,본죽&비빔밥 위례창곡점,본그룹,백반·죽·국수,경기도,성남시,1,36.941937,-1.811126,baseline,0.33245180736407953,1
ba_14541579,2025-08,굽네치킨 킨텍스호수공원점,굽네치킨,치킨,경기도,고양시,0,-0.134107,-0.007404,baseline,0.8329151478356616,1
ba_14541579,2025-09,굽네치킨 킨텍스호수공원점,굽네치킨,치킨,경기도,고양시,0,-0.414037,0.228636,baseline,0.8742352270949669,1
ba_14542191,2025-08,굽네피자 응암1호점,굽네치킨,피자,서울특별시,은평구,0,0.0,-0.108569,baseline,0.1016101295973935,0
ba_14542191,2025-09,굽네피자 응암1호점,굽네치킨,피자,서울특별시,은평구,0,0.0,-0.16389,baseline,0.1016101295973935,0
ba_14544899,2025-08,본죽&비빔밥 안양호계포도원점,본그룹,백반·죽·국수,경기도,안양시,1,1.422734,-0.143104,baseline,0.42271065269601404,1
ba_14544899,2025-09,본죽&비빔밥 안양호계포도원점,본그룹,백반·죽·국수,경기도,안양시,1,0.98445,0.000218,baseline,0.41527999000491966,1
ba_14545829,2025-08,굽네치킨 임학점,굽네치킨,치킨,인천광역시,계양구,0,0.0,-0.310001,baseline,0.04829546791142118,0
ba_14545829,2025-09,굽네치킨 임학점,굽네치킨,치킨,인천광역시,계양구,0,0.0,-0.166312,baseline,0.04829546791142118,0
ba_14548743,2025-08,굽네치킨 다산가운지금점,굽네치킨,치킨,경기도,남양주시,1,0.823914,-0.28864,baseline,0.6783695585819075,1
ba_14548743,2025-09,굽네치킨 다산가운지금점,굽네치킨,치킨,경기도,남양주시,1,0.23705,-0.165885,baseline,0.8496207396567539,1
ba_14551802,2025-08,본죽&비빔밥 명동2호점,본그룹,백반·죽·국수,서울특별시,중구,1,0.282624,-0.343104,baseline,0.34636770568310826,1
ba_14551802,2025-09,본죽&비빔밥 명동2호점,본그룹,백반·죽·국수,서울특별시,중구,0,0.09302,-0.078135,baseline,0.359194446490127,1
ba_14556221,2025-08,굽네치킨&피자 청주봉명점,굽네치킨,치킨,충청북도,청주시,1,1.52379,-0.69217,baseline,0.27141229559186913,0
ba_14556221,2025-09,굽네치킨&피자 청주봉명점,굽네치킨,치킨,충청북도,청주시,1,0.791641,-0.614655,baseline,0.7540908734864166,1
ba_14557869,2025-08,굽네치킨 화곡4동점,굽네치킨,치킨,서울특별시,강서구,0,-0.370035,-0.455759,baseline,0.5972578387887703,1
ba_14557869,2025-09,굽네치킨 화곡4동점,굽네치킨,치킨,서울특별시,강서구,0,-0.129799,-0.713457,baseline,0.710208456246548,1
ba_14557882,2025-08,굽네치킨 신방화역점,굽네치킨,치킨,서울특별시,강서구,0,0.034612,0.969127,baseline,0.9114733310584283,1
ba_14557882,2025-09,굽네치킨 신방화역점,굽네치킨,치킨,서울특별시,강서구,0,-0.023328,-0.374363,baseline,0.9250570851351237,1
ba_14560963,2025-08,굽네피자 다산가운지금점,굽네치킨,피자,경기도,남양주시,1,0.788672,-0.543758,baseline,0.1749038144144532,0
ba_14560963,2025-09,굽네피자 다산가운지금점,굽네치킨,피자,경기도,남양주시,1,0.677987,-0.578878,baseline,0.29495750280463295,0
ba_14563145,2025-08,굽네치킨 경주불국사점,굽네치킨,치킨,경상북도,경주시,1,0.387145,-0.627761,baseline,0.16972631352341985,0
ba_14563145,2025-09,굽네치킨 경주불국사점,굽네치킨,치킨,경상북도,경주시,1,0.555963,-0.743237,baseline,0.5676720274688097,1
ba_14564492,2025-08,본죽&비빔밥 대구신월성점,본그룹,백반·죽·국수,대구광역시,달서구,0,-0.033105,-0.343104,baseline,0.4373359450254816,1
ba_14564492,2025-09,본죽&비빔밥 대구신월성점,본그룹,백반·죽·국수,대구광역시,달서구,0,0.113752,-1.307796,baseline,0.8102429290043635,1
ba_14569929,2025-08,굽네치킨 응암1호점,굽네치킨,치킨,서울특별시,은평구,0,0.0,-0.310001,baseline,0.07296424091372113,0
ba_14569929,2025-09,굽네치킨 응암1호점,굽네치킨,치킨,서울특별시,은평구,0,0.0,-0.166312,baseline,0.07296424091372113,0
ba_14573167,2025-08,본죽&비빔밥 파주금촌점,본그룹,백반·죽·국수,경기도,파주시,1,4.091752,-0.063104,baseline,0.9204578504271712,1
ba_14573167,2025-09,본죽&비빔밥 파주금촌점,본그룹,백반·죽·국수,경기도,파주시,1,0.189997,-1.427793,baseline,0.8488678559075584,1
ba_14574885,2025-08,본죽&비빔밥 청주분평점,본그룹,백반·죽·국수,충청북도,청주시,1,0.158788,-0.120247,baseline,0.8628561454671383,1
ba_14574885,2025-09,본죽&비빔밥 청주분평점,본그룹,백반·죽·국수,충청북도,청주시,0,-0.11417,0.988663,baseline,0.879432718318981,1
ba_14575172,2025-08,굽네치킨 좌4동점,굽네치킨,치킨,부산광역시,해운대구,1,0.166391,-0.19378,baseline,0.5426249062017107,1
ba_14575172,2025-09,굽네치킨 좌4동점,굽네치킨,치킨,부산광역시,해운대구,1,0.447253,-0.514228,baseline,0.8557537707338356,1
ba_14578524,2025-08,굽네치킨 세천점,굽네치킨,치킨,대구광역시,달성군,1,0.146541,-0.260032,baseline,0.6894527360645268,1
ba_14578524,2025-09,굽네치킨 세천점,굽네치킨,치킨,대구광역시,달성군,1,0.174119,-0.317762,baseline,0.8138623205078175,1
ba_14580787,2025-08,본죽&비빔밥 광주운암벽산점,본그룹,백반·죽·국수,광주광역시,북구,1,1.293011,-0.268104,baseline,0.39508092053491445,1
ba_14580787,2025-09,본죽&비빔밥 광주운암벽산점,본그룹,백반·죽·국수,광주광역시,북구,0,0.021023,-1.867793,baseline,0.37921755989361877,1
ba_14581239,2025-08,굽네치킨 여좌중앙점,굽네치킨,치킨,경상남도,창원시,1,0.822872,-0.637229,baseline,0.2747115917923421,0
ba_14581239,2025-09,굽네치킨 여좌중앙점,굽네치킨,치킨,경상남도,창원시,1,0.508988,-0.459186,baseline,0.729462813557192,1
ba_14581501,2025-08,본죽&비빔밥 동탄한림대병원점,본그룹,백반·죽·국수,경기도,화성시,1,11.567647,-0.143104,baseline,0.3969832372170848,1
ba_14581501,2025-09,본죽&비빔밥 동탄한림대병원점,본그룹,백반·죽·국수,경기도,화성시,1,1.020884,-1.827793,baseline,0.2447214281891431,0
ba_14582073,2025-08,굽네치킨 양주덕계점,굽네치킨,치킨,경기도,양주시,1,0.169768,2.327597,baseline,0.7099517611719941,1
ba_14582073,2025-09,굽네치킨 양주덕계점,굽네치킨,치킨,경기도,양주시,0,-0.101642,0.570493,baseline,0.8213299863124703,1
ba_14582508,2025-08,본죽 안산월피동점,본그룹,백반·죽·국수,경기도,안산시,0,-0.2,0.056896,baseline,0.11261393773315821,0
ba_14582508,2025-09,본죽 안산월피동점,본그룹,백반·죽·국수,경기도,안산시,1,25.186667,-1.827793,baseline,0.13050355760504448,0
ba_14591780,2025-08,굽네치킨&피자 금산읍점,굽네치킨,치킨,충청남도,금산군,0,-0.357259,-0.226064,baseline,0.6108175683496823,1
ba_14591780,2025-09,굽네치킨&피자 금산읍점,굽네치킨,치킨,충청남도,금산군,0,-0.320134,-0.439961,baseline,0.727400944179459,1
ba_14593720,2025-08,굽네치킨&피자 무주읍점,굽네치킨,치킨,전북특별자치도,무주군,0,0.0059,0.14953,baseline,0.4479991705790392,1
ba_14593720,2025-09,굽네치킨&피자 무주읍점,굽네치킨,치킨,전북특별자치도,무주군,0,0.063499,-0.317436,baseline,0.6819757887458685,1
ba_14593798,2025-08,굽네치킨&피자 광주오포점,굽네치킨,치킨,경기도,광주시,1,0.347034,-0.002082,baseline,0.3284659518518838,1
ba_14593798,2025-09,굽네치킨&피자 광주오포점,굽네치킨,치킨,경기도,광주시,1,0.510803,-0.667738,baseline,0.6803544561875425,1
ba_14593800,2025-08,굽네피자 광주오포점,굽네치킨,피자,경기도,광주시,0,0.0,-0.008569,baseline,0.8841954463784654,1
ba_14593800,2025-09,굽네피자 광주오포점,굽네치킨,피자,경기도,광주시,0,0.0,-0.230557,baseline,0.32219379952794264,1
ba_14594474,2025-08,본죽&비빔밥 광주계림동점,본그룹,백반·죽·국수,광주광역시,동구,1,1.138294,-0.253449,baseline,0.5848012079877912,1
ba_14594474,2025-09,본죽&비빔밥 광주계림동점,본그룹,백반·죽·국수,광주광역시,동구,0,-0.079924,-1.95087,baseline,0.6340878929499708,1
ba_14597164,2025-08,굽네치킨&피자 역삼2동점,굽네치킨,치킨,서울특별시,강남구,1,0.9739,0.037905,baseline,0.6093031849818548,1
ba_14597164,2025-09,굽네치킨&피자 역삼2동점,굽네치킨,치킨,서울특별시,강남구,1,1.17665,-0.584003,baseline,0.9503344089004118,1
ba_14597165,2025-08,굽네피자 역삼2동점,굽네치킨,피자,서울특별시,강남구,0,-0.703557,-0.796023,baseline,0.19625957441829672,0
ba_14597165,2025-09,굽네피자 역삼2동점,굽네치킨,피자,서울특별시,강남구,0,-0.372066,-1.01449,baseline,0.28173627489380454,0
ba_14598667,2025-08,본죽&비빔밥 조치원죽림점,본그룹,백반·죽·국수,세종특별자치시,조치원읍,0,-0.011765,-0.143104,baseline,0.7062967145683477,1
ba_14598667,2025-09,본죽&비빔밥 조치원죽림점,본그룹,백반·죽·국수,세종특별자치시,조치원읍,1,0.522323,-1.783349,baseline,0.8071559601559836,1
ba_14599961,2025-08,굽네치킨 파주헤이리점,굽네치킨,치킨,경기도,파주시,0,-0.26195,0.767304,baseline,0.48600669791008266,1
ba_14599961,2025-09,굽네치킨 파주헤이리점,굽네치킨,치킨,경기도,파주시,0,-0.189949,-0.537409,baseline,0.6012212261372675,1
ba_14599973,2025-08,굽네치킨 파주법원점,굽네치킨,치킨,경기도,파주시,0,-0.312158,0.054348,baseline,0.5098645393863689,1
ba_14599973,2025-09,굽네치킨 파주법원점,굽네치킨,치킨,경기도,파주시,0,-0.290993,-0.370082,baseline,0.6644068448261373,1
ba_14600398,2025-08,굽네피자 여좌중앙점,굽네치킨,피자,경상남도,창원시,0,0.0,-0.108569,baseline,0.1640869574547263,0
ba_14600398,2025-09,굽네피자 여좌중앙점,굽네치킨,피자,경상남도,창원시,0,0.0,-0.16389,baseline,0.2819182917631388,0
ba_14600429,2025-08,굽네치킨&피자 김천부곡점,굽네치킨,치킨,경상북도,김천시,0,-0.323547,-0.240279,baseline,0.5574542332971092,1
ba_14600429,2025-09,굽네치킨&피자 김천부곡점,굽네치킨,치킨,경상북도,김천시,0,-0.290786,-0.521459,baseline,0.7740335893162681,1
ba_14603467,2025-08,본죽&비빔밥 천안불당점,본그룹,백반·죽·국수,충청남도,천안시,1,0.406403,-0.076437,baseline,0.8664483776521573,1
ba_14603467,2025-09,본죽&비빔밥 천안불당점,본그룹,백반·죽·국수,충청남도,천안시,0,-0.309538,-1.742079,baseline,0.8638940211400159,1
ba_14604237,2025-08,굽네치킨 울산다운점,굽네치킨,치킨,울산광역시,중구,0,0.043703,-0.022892,baseline,0.7762221822072852,1
ba_14604237,2025-09,굽네치킨 울산다운점,굽네치킨,치킨,울산광역시,중구,0,-0.0815,-0.140349,baseline,0.8393356136610297,1
ba_14605018,2025-08,굽네피자 대구신매점,굽네치킨,피자,대구광역시,수성구,0,0.0,-0.108569,baseline,0.18688122789655903,0
ba_14605018,2025-09,굽네피자 대구신매점,굽네치킨,피자,대구광역시,수성구,0,0.0,-0.16389,baseline,0.31491461901768714,1
ba_14606315,2025-08,본죽&비빔밥 의정부범골역점,본그룹,백반·죽·국수,경기도,의정부시,0,-0.132237,0.556896,baseline,0.7488767828200477,1
ba_14606315,2025-09,본죽&비빔밥 의정부범골역점,본그룹,백반·죽·국수,경기도,의정부시,0,-0.449701,4.290115,baseline,0.43896999506377515,1
ba_14607412,2025-08,굽네치킨&피자 거북섬점,굽네치킨,치킨,경기도,시흥시,0,-0.045161,-0.205083,baseline,0.2968521063914043,0
ba_14607412,2025-09,굽네치킨&피자 거북섬점,굽네치킨,치킨,경기도,시흥시,0,-0.096,-0.043731,baseline,0.1954762011606379,0
ba_14613531,2025-08,본죽&비빔밥 백양산롯데캐슬점,본그룹,백반·죽·국수,부산광역시,부산진구,0,-0.127241,0.212452,baseline,0.8108800588379658,1
ba_14613531,2025-09,본죽&비빔밥 백양산롯데캐슬점,본그룹,백반·죽·국수,부산광역시,부산진구,0,-0.347468,0.062155,baseline,0.8130783276395603,1
ba_14615149,2025-08,굽네치킨&피자 강대효자점,굽네치킨,치킨,강원특별자치도,춘천시,0,-0.091925,-0.126668,baseline,0.3367390073521934,1
ba_14615149,2025-09,굽네치킨&피자 강대효자점,굽네치킨,치킨,강원특별자치도,춘천시,0,-0.112,-0.096042,baseline,0.46414679323971897,1
ba_14615268,2025-08,굽네피자 효자점,굽네치킨,피자,강원특별자치도,춘천시,0,0.0,-0.108569,baseline,0.20361209221782745,0
ba_14615268,2025-09,굽네피자 효자점,굽네치킨,피자,강원특별자치도,춘천시,0,0.0,-0.16389,baseline,0.3383383893392771,1
ba_14616721,2025-08,본죽&비빔밥 울산오토밸리점,본그룹,백반·죽·국수,울산광역시,북구,1,0.200267,-0.271675,baseline,0.7997130227847002,1
ba_14616721,2025-09,본죽&비빔밥 울산오토밸리점,본그룹,백반·죽·국수,울산광역시,북구,0,-0.03855,-0.157295,baseline,0.8127271170051944,1
ba_14619205,2025-08,굽네치킨&피자 신현원창점,굽네치킨,치킨,인천광역시,서구,0,0.0,-0.310001,baseline,0.046736032101198054,0
ba_14619205,2025-09,굽네치킨&피자 신현원창점,굽네치킨,치킨,인천광역시,서구,0,0.0,-0.166312,baseline,0.046736032101198054,0
ba_14620216,2025-08,굽네치킨&피자 북아현점,굽네치킨,치킨,서울특별시,서대문구,0,-0.053012,-0.294417,baseline,0.5206005726221206,1
ba_14620216,2025-09,굽네치킨&피자 북아현점,굽네치킨,치킨,서울특별시,서대문구,0,-0.033628,-0.166312,baseline,0.691287262765965,1
ba_14623314,2025-08,굽네치킨 충효점,굽네치킨,치킨,경상북도,경주시,0,-0.221975,-0.161295,baseline,0.6087237500053282,1
ba_14623314,2025-09,굽네치킨 충효점,굽네치킨,치킨,경상북도,경주시,0,-0.189481,-0.415788,baseline,0.7950490583608477,1
ba_14624475,2025-08,굽네치킨 고산지구점,굽네치킨,치킨,경기도,의정부시,0,0.0,-0.310001,baseline,0.06466412222250467,0
ba_14624475,2025-09,굽네치킨 고산지구점,굽네치킨,치킨,경기도,의정부시,0,0.0,-0.166312,baseline,0.06466412222250467,0
ba_14624480,2025-08,굽네피자 고산지구점,굽네치킨,피자,경기도,의정부시,0,0.0,-0.108569,baseline,0.09703642873471678,0
ba_14624480,2025-09,굽네피자 고산지구점,굽네치킨,피자,경기도,의정부시,0,0.0,-0.16389,baseline,0.09703642873471678,0
ba_14624481,2025-08,굽네치킨&피자 고산지구점,굽네치킨,치킨,경기도,의정부시,0,0.0,-0.310001,baseline,0.06488064450170962,0
ba_14624481,2025-09,굽네치킨&피자 고산지구점,굽네치킨,치킨,경기도,의정부시,0,0.0,-0.166312,baseline,0.06488064450170962,0
ba_14625157,2025-08,굽네치킨 금촌점,굽네치킨,치킨,경기도,파주시,0,-0.016676,-0.263472,baseline,0.6771165410475223,1
ba_14625157,2025-09,굽네치킨 금촌점,굽네치킨,치킨,경기도,파주시,0,-0.048739,-0.338894,baseline,0.7763841682102754,1
ba_14625762,2025-08,본죽&비빔밥 익산부송우남점,본그룹,백반·죽·국수,전북특별자치도,익산시,0,-0.129625,0.016896,baseline,0.8142881057074343,1
ba_14625762,2025-09,본죽&비빔밥 익산부송우남점,본그룹,백반·죽·국수,전북특별자치도,익산시,0,-0.381552,1.095064,baseline,0.8240013769667055,1
ba_14627570,2025-08,본죽&비빔밥 김해안동푸르지오점,본그룹,백반·죽·국수,경상남도,김해시,0,-0.05346,-0.052195,baseline,0.872723536014462,1
ba_14627570,2025-09,본죽&비빔밥 김해안동푸르지오점,본그룹,백반·죽·국수,경상남도,김해시,1,0.229064,1.759563,baseline,0.701212382751317,1
ba_14629153,2025-08,굽네치킨&피자 합천점,굽네치킨,치킨,경상남도,합천군,0,0.00252,0.279393,baseline,0.10747046618032283,0
ba_14629153,2025-09,굽네치킨&피자 합천점,굽네치킨,치킨,경상남도,합천군,1,0.262241,-0.238179,baseline,0.2032405905861915,0
ba_14629813,2025-08,굽네치킨 용인모현점,굽네치킨,치킨,경기도,용인시,0,0.0,-0.310001,baseline,0.057501836188755005,0
ba_14629813,2025-09,굽네치킨 용인모현점,굽네치킨,치킨,경기도,용인시,0,0.0,-0.166312,baseline,0.057501836188755005,0
ba_14629814,2025-08,굽네피자 용인모현점,굽네치킨,피자,경기도,용인시,0,0.0,-0.108569,baseline,0.09517666247220642,0
ba_14629814,2025-09,굽네피자 용인모현점,굽네치킨,피자,경기도,용인시,0,0.0,-0.16389,baseline,0.09517666247220642,0
ba_14629918,2025-08,굽네치킨 양지동점,굽네치킨,치킨,경기도,성남시,1,0.672581,-0.089507,baseline,0.3530465558818185,1
ba_14629918,2025-09,굽네치킨 양지동점,굽네치킨,치킨,경기도,성남시,0,-0.422463,0.90374,baseline,0.5850710366433681,1
ba_14629919,2025-08,굽네피자 양지동점,굽네치킨,피자,경기도,성남시,0,-0.8,-0.576953,baseline,0.20217489316118298,0
ba_14629919,2025-09,굽네피자 양지동점,굽네치킨,피자,경기도,성남시,0,0.0,-1.16389,baseline,0.33635186076450524,1
ba_14637553,2025-08,굽네치킨&피자 양지동점,굽네치킨,치킨,경기도,성남시,0,-0.191228,-0.684341,baseline,0.4971469251373198,1
ba_14637553,2025-09,굽네치킨&피자 양지동점,굽네치킨,치킨,경기도,성남시,0,-0.072893,-0.497071,baseline,0.646206869346091,1
ba_14637963,2025-08,굽네치킨 영덕영해점,굽네치킨,치킨,경상북도,영덕군,0,-0.099984,-0.182836,baseline,0.1455541659813609,0
ba_14637963,2025-09,굽네치킨 영덕영해점,굽네치킨,치킨,경상북도,영덕군,0,-0.194104,-0.23344,baseline,0.26106855920251637,0
ba_14637964,2025-08,굽네피자 영덕영해점,굽네치킨,피자,경상북도,영덕군,0,0.0,-0.108569,baseline,0.16548434981926294,0
ba_14637964,2025-09,굽네피자 영덕영해점,굽네치킨,피자,경상북도,영덕군,0,0.0,-0.16389,baseline,0.28397825412514693,0
ba_14640352,2025-08,본죽&비빔밥 광주삼각점,본그룹,백반·죽·국수,광주광역시,북구,0,0.027817,-0.028818,baseline,0.8648023791745635,1
ba_14640352,2025-09,본죽&비빔밥 광주삼각점,본그룹,백반·죽·국수,광주광역시,북구,0,-0.206734,0.806409,baseline,0.8618344704416837,1
ba_14642115,2025-08,굽네치킨 공도2호점,굽네치킨,치킨,경기도,안성시,0,0.0,-0.310001,baseline,0.06380285599477024,0
ba_14642115,2025-09,굽네치킨 공도2호점,굽네치킨,치킨,경기도,안성시,0,0.0,-0.166312,baseline,0.06380285599477024,0
ba_14643477,2025-08,본죽&비빔밥 대구신매시장점,본그룹,백반·죽·국수,대구광역시,수성구,0,-0.459747,-0.123104,baseline,0.7896816186583627,1
ba_14643477,2025-09,본죽&비빔밥 대구신매시장점,본그룹,백반·죽·국수,대구광역시,수성구,0,-0.414434,-0.798665,baseline,0.867554767528773,1
ba_14645179,2025-08,본죽&비빔밥 경산임당점,본그룹,백반·죽·국수,경상북도,경산시,0,-0.249058,-0.243104,baseline,0.7925201206726796,1
ba_14645179,2025-09,본죽&비빔밥 경산임당점,본그룹,백반·죽·국수,경상북도,경산시,0,-0.324602,-0.336231,baseline,0.7914772877769469,1
ba_14647668,2025-08,본죽&비빔밥 인천간석홈플러스앞점,본그룹,백반·죽·국수,인천광역시,남동구,1,0.974729,-0.200247,baseline,0.37912022470348944,1
ba_14647668,2025-09,본죽&비빔밥 인천간석홈플러스앞점,본그룹,백반·죽·국수,인천광역시,남동구,1,0.148884,4.210841,baseline,0.7514947257880314,1
ba_14648765,2025-08,굽네치킨 서면가곡점,굽네치킨,치킨,전라남도,순천시,0,-0.090909,-0.347038,baseline,0.244524430805474,0
ba_14648765,2025-09,굽네치킨 서면가곡점,굽네치킨,치킨,전라남도,순천시,0,0.0,-0.255201,baseline,0.5041805707041898,1
ba_14649303,2025-08,굽네치킨 계룡대실점,굽네치킨,치킨,충청남도,계룡시,0,0.011429,-0.343334,baseline,0.1579676200986366,0
ba_14649303,2025-09,굽네치킨 계룡대실점,굽네치킨,치킨,충청남도,계룡시,0,-0.011429,-0.171868,baseline,0.15782307173652926,0
ba_14650120,2025-08,굽네치킨&피자 벌교읍점,굽네치킨,치킨,전라남도,보성군,0,0.0,-0.310001,baseline,0.14998901396382514,0
ba_14650120,2025-09,굽네치킨&피자 벌교읍점,굽네치킨,치킨,전라남도,보성군,0,0.0,-0.166312,baseline,0.260855807760321,0
ba_14651431,2025-08,굽네피자 벌교읍점,굽네치킨,피자,전라남도,보성군,0,0.0,-0.108569,baseline,0.2140416479474579,0
ba_14651431,2025-09,굽네피자 벌교읍점,굽네치킨,피자,전라남도,보성군,0,0.0,-0.16389,baseline,0.3526134402421018,1
ba_14651464,2025-08,굽네피자 순천서면점,굽네치킨,피자,전라남도,순천시,0,0.0,-0.108569,baseline,0.2116321194278615,0
ba_14651464,2025-09,굽네피자 순천서면점,굽네치킨,피자,전라남도,순천시,0,0.0,-0.16389,baseline,0.34933732159697206,1
ba_14652311,2025-08,굽네치킨&피자 강남세곡점,굽네치킨,치킨,서울특별시,강남구,0,-0.261263,1.01291,baseline,0.3504713061261491,1
ba_14652311,2025-09,굽네치킨&피자 강남세곡점,굽네치킨,치킨,서울특별시,강남구,0,-0.308845,-0.177299,baseline,0.4346234223345598,1
ba_14652929,2025-08,굽네치킨 울산중앙점,굽네치킨,치킨,울산광역시,중구,0,-0.081832,0.709666,baseline,0.7613410677500413,1
ba_14652929,2025-09,굽네치킨 울산중앙점,굽네치킨,치킨,울산광역시,중구,0,0.013013,-0.374784,baseline,0.8517009603190815,1
ba_14653291,2025-08,굽네피자 울산중앙점,굽네치킨,피자,울산광역시,중구,0,-0.357524,-0.140148,baseline,0.5043478514145222,1
ba_14653291,2025-09,굽네피자 울산중앙점,굽네치킨,피자,울산광역시,중구,0,-0.986316,-0.148505,baseline,0.6940797580655063,1
ba_14654080,2025-08,굽네치킨 부산명장점,굽네치킨,치킨,부산광역시,동래구,0,-0.079856,0.798039,baseline,0.7159339684045561,1
ba_14654080,2025-09,굽네치킨 부산명장점,굽네치킨,치킨,부산광역시,동래구,0,-0.267801,-0.252232,baseline,0.8759498237811528,1
ba_14654803,2025-08,본죽&비빔밥 포항이인지구점,본그룹,백반·죽·국수,경상북도,포항시,1,0.387673,-0.160247,baseline,0.8849321152874922,1
ba_14654803,2025-09,본죽&비빔밥 포항이인지구점,본그룹,백반·죽·국수,경상북도,포항시,0,0.045484,0.284773,baseline,0.8817732103113216,1
ba_14658160,2025-08,굽네치킨&피자 대구옥포점,굽네치킨,치킨,대구광역시,달성군,1,0.345434,-0.25655,baseline,0.21798432523622954,0
ba_14658160,2025-09,굽네치킨&피자 대구옥포점,굽네치킨,치킨,대구광역시,달성군,1,0.235793,-0.3735,baseline,0.6814378864742229,1
ba_14658825,2025-08,굽네치킨 문학점,굽네치킨,치킨,인천광역시,미추홀구,0,-0.30979,2.058204,baseline,0.7897020563615755,1
ba_14658825,2025-09,굽네치킨 문학점,굽네치킨,치킨,인천광역시,미추홀구,0,-0.53396,0.433662,baseline,0.811055735819212,1
ba_14662462,2025-08,굽네치킨 광탄점,굽네치킨,치킨,경기도,파주시,0,-0.004741,-0.001541,baseline,0.23680242583454622,0
ba_14662462,2025-09,굽네치킨 광탄점,굽네치킨,치킨,경기도,파주시,0,-0.021483,-0.119569,baseline,0.27166925539464626,0
ba_14662547,2025-08,굽네치킨 신사우점,굽네치킨,치킨,강원특별자치도,춘천시,0,-0.366135,0.057435,baseline,0.4866707415592221,1
ba_14662547,2025-09,굽네치킨 신사우점,굽네치킨,치킨,강원특별자치도,춘천시,0,-0.252724,-0.407384,baseline,0.6125888944824434,1
ba_14662584,2025-08,굽네치킨&피자 광주퇴촌점,굽네치킨,치킨,경기도,광주시,0,0.0,-0.310001,baseline,0.060882247909255185,0
ba_14662584,2025-09,굽네치킨&피자 광주퇴촌점,굽네치킨,치킨,경기도,광주시,0,0.0,-0.166312,baseline,0.060882247909255185,0
ba_14663126,2025-08,굽네치킨 통영죽림점,굽네치킨,치킨,경상남도,통영시,0,-0.298726,-0.141049,baseline,0.47804024143114954,1
ba_14663126,2025-09,굽네치킨 통영죽림점,굽네치킨,치킨,경상남도,통영시,0,-0.369916,-0.120962,baseline,0.6417406123380408,1
ba_14663534,2025-08,굽네치킨 포항용흥점,굽네치킨,치킨,경상북도,포항시,1,1.352843,-0.780867,baseline,0.14281209530074265,0
ba_14663534,2025-09,굽네치킨 포항용흥점,굽네치킨,치킨,경상북도,포항시,1,11.602258,-0.84369,baseline,0.5770848728281008,1
ba_14665998,2025-08,본죽&비빔밥 오금동사거리점,본그룹,백반·죽·국수,서울특별시,송파구,1,0.176599,-0.343104,baseline,0.4340556500444873,1
ba_14665998,2025-09,본죽&비빔밥 오금동사거리점,본그룹,백반·죽·국수,서울특별시,송파구,0,-0.048585,1.670491,baseline,0.40284464054739016,1
ba_14666363,2025-08,굽네치킨 충남태안점,굽네치킨,치킨,충청남도,태안군,1,0.448144,0.049108,baseline,0.45221310398965986,1
ba_14666363,2025-09,굽네치킨 충남태안점,굽네치킨,치킨,충청남도,태안군,1,13.606715,-0.924928,baseline,0.640406060550856,1
ba_14668967,2025-08,굽네피자 신사우점,굽네치킨,피자,강원특별자치도,춘천시,0,0.0,-0.908569,baseline,0.18814158519038982,0
ba_14668967,2025-09,굽네피자 신사우점,굽네치킨,피자,강원특별자치도,춘천시,0,0.0,-0.16389,baseline,0.3167021376922835,1
ba_14669107,2025-08,굽네치킨 의정부용현점,굽네치킨,치킨,경기도,의정부시,0,-0.394047,3.361104,baseline,0.817779198441168,1
ba_14669107,2025-09,굽네치킨 의정부용현점,굽네치킨,치킨,경기도,의정부시,0,-0.59597,0.745239,baseline,0.8236195028126466,1
ba_14669108,2025-08,굽네피자 의정부용현점,굽네치킨,피자,경기도,의정부시,0,-0.559276,0.091431,baseline,0.6001144497586838,1
ba_14669108,2025-09,굽네피자 의정부용현점,굽네치킨,피자,경기도,의정부시,0,-0.726793,-0.021033,baseline,0.3206489316952415,1
ba_14669109,2025-08,굽네치킨&피자 의정부용현점,굽네치킨,치킨,경기도,의정부시,1,0.908019,-0.106056,baseline,0.6554378787669854,1
ba_14669109,2025-09,굽네치킨&피자 의정부용현점,굽네치킨,치킨,경기도,의정부시,1,0.378067,-0.141069,baseline,0.8261763467118752,1
ba_14671483,2025-08,굽네치킨 영천중앙점,굽네치킨,치킨,경상북도,영천시,0,0.027824,-0.351833,baseline,0.7350521822625086,1
ba_14671483,2025-09,굽네치킨 영천중앙점,굽네치킨,치킨,경상북도,영천시,0,-0.126784,-0.432474,baseline,0.8188152087418591,1
ba_14671490,2025-08,굽네피자 영천중앙점,굽네치킨,피자,경상북도,영천시,0,-0.178788,0.496396,baseline,0.5236329765000332,1
ba_14671490,2025-09,굽네피자 영천중앙점,굽네치킨,피자,경상북도,영천시,0,-0.340197,-0.262722,baseline,0.6116491258356634,1
ba_14671974,2025-08,굽네피자 부산동삼점,굽네치킨,피자,부산광역시,영도구,0,-0.256665,-0.110135,baseline,0.20164323661405537,0
ba_14671974,2025-09,굽네피자 부산동삼점,굽네치킨,피자,부산광역시,영도구,0,-0.295723,-0.446573,baseline,0.7271261911869437,1
ba_14673431,2025-08,굽네치킨 부산온천점,굽네치킨,치킨,부산광역시,동래구,1,0.19595,-0.314838,baseline,0.3602046130166798,1
ba_14673431,2025-09,굽네치킨 부산온천점,굽네치킨,치킨,부산광역시,동래구,0,-0.187993,-0.198557,baseline,0.6653578433014206,1
ba_14673434,2025-08,굽네치킨 죽도점,굽네치킨,치킨,경상북도,포항시,1,0.312244,-0.116501,baseline,0.8159708449370575,1
ba_14673434,2025-09,굽네치킨 죽도점,굽네치킨,치킨,경상북도,포항시,0,-0.106483,0.279413,baseline,0.879630382505245,1
ba_14673508,2025-08,본죽&비빔밥 고덕래미안점,본그룹,백반·죽·국수,서울특별시,강동구,0,-0.38545,0.056896,baseline,0.7994635732890522,1
ba_14673508,2025-09,본죽&비빔밥 고덕래미안점,본그룹,백반·죽·국수,서울특별시,강동구,0,-0.514386,0.016151,baseline,0.4239114961342493,1
ba_14675307,2025-08,굽네치킨 운남점,굽네치킨,치킨,인천광역시,중구,1,0.17025,-0.121989,baseline,0.22205978786536343,0
ba_14675307,2025-09,굽네치킨 운남점,굽네치킨,치킨,인천광역시,중구,1,1.434489,-0.783416,baseline,0.6071517854086919,1
ba_14675393,2025-08,굽네치킨 적성점,굽네치킨,치킨,경기도,파주시,0,-0.132589,-0.583577,baseline,0.24723532898471223,0
ba_14675393,2025-09,굽네치킨 적성점,굽네치킨,치킨,경기도,파주시,0,-0.010364,-0.729123,baseline,0.3201866841191094,1
ba_14679019,2025-08,굽네치킨 울산반구점,굽네치킨,치킨,울산광역시,중구,0,-0.051047,1.439334,baseline,0.9682975822316436,1
ba_14679019,2025-09,굽네치킨 울산반구점,굽네치킨,치킨,울산광역시,중구,0,-0.246105,0.096436,baseline,0.9623387464908225,1
ba_14680684,2025-08,굽네피자 부산온천점,굽네치킨,피자,부산광역시,동래구,0,0.0,-0.108569,baseline,0.2004509147677653,0
ba_14680684,2025-09,굽네피자 부산온천점,굽네치킨,피자,부산광역시,동래구,0,0.0,-0.16389,baseline,0.333962664236038,1
ba_14681358,2025-08,굽네치킨 시흥능곡점,굽네치킨,치킨,경기도,시흥시,0,0.0,-0.310001,baseline,0.062117973962890705,0
ba_14681358,2025-09,굽네치킨 시흥능곡점,굽네치킨,치킨,경기도,시흥시,0,0.0,-0.166312,baseline,0.062117973962890705,0
ba_14685750,2025-08,"굽네치킨 개금1,2동점",굽네치킨,치킨,부산광역시,부산진구,0,0.105399,0.026008,baseline,0.3100161084345705,1
ba_14685750,2025-09,"굽네치킨 개금1,2동점",굽네치킨,치킨,부산광역시,부산진구,1,1.402343,-0.759178,baseline,0.8020744013869808,1
ba_14686856,2025-08,본죽&비빔밥 부산만덕사거리점,본그룹,백반·죽·국수,부산광역시,북구,0,0.022222,-0.230604,baseline,0.2797946183547826,0
ba_14686856,2025-09,본죽&비빔밥 부산만덕사거리점,본그룹,백반·죽·국수,부산광역시,북구,1,61.760431,-1.873248,baseline,0.33776788468861646,1
ba_14686990,2025-08,본죽 문정로데오점,본그룹,백반·죽·국수,서울특별시,송파구,0,-0.231644,-0.076437,baseline,0.4914752473309988,1
ba_14686990,2025-09,본죽 문정로데오점,본그룹,백반·죽·국수,서울특별시,송파구,0,-0.32398,-1.05299,baseline,0.5184027696820729,1
ba_14686997,2025-08,본죽 삼전동점,본그룹,백반·죽·국수,서울특별시,송파구,0,0.027121,-0.029019,baseline,0.999357268517837,1
ba_14686997,2025-09,본죽 삼전동점,본그룹,백반·죽·국수,서울특별시,송파구,0,-0.185728,0.469531,baseline,0.9987711831191006,1
ba_14687060,2025-08,본죽&비빔밥 천호로데오점,본그룹,백반·죽·국수,서울특별시,강동구,0,-0.779455,-0.0394,baseline,0.7860242528422924,1
ba_14687060,2025-09,본죽&비빔밥 천호로데오점,본그룹,백반·죽·국수,서울특별시,강동구,0,-0.205607,-1.718104,baseline,0.7750573458216564,1
ba_14687076,2025-08,본죽 양천구청점,본그룹,백반·죽·국수,서울특별시,양천구,0,-0.013793,-0.186347,baseline,0.27945896741153936,0
ba_14687076,2025-09,본죽 양천구청점,본그룹,백반·죽·국수,서울특별시,양천구,0,-0.04,-1.856364,baseline,0.31087489513082817,1
ba_14687088,2025-08,본죽 길동시장점,본그룹,백반·죽·국수,서울특별시,강동구,0,0.065386,-0.15932,baseline,0.7269745361740907,1
ba_14687088,2025-09,본죽 길동시장점,본그룹,백반·죽·국수,서울특별시,강동구,0,-0.219564,0.691901,baseline,0.670455259308411,1
ba_14687092,2025-08,본죽 동부이촌동점,본그룹,백반·죽·국수,서울특별시,용산구,0,0.028032,-0.000247,baseline,0.6795481922976185,1
ba_14687092,2025-09,본죽 동부이촌동점,본그룹,백반·죽·국수,서울특별시,용산구,0,-0.343861,0.751847,baseline,0.9079862730974747,1
ba_14687115,2025-08,본죽 강서구청점,본그룹,백반·죽·국수,서울특별시,강서구,1,0.282369,-0.185209,baseline,0.9725869596838268,1
ba_14687115,2025-09,본죽 강서구청점,본그룹,백반·죽·국수,서울특별시,강서구,1,0.238219,-0.38791,baseline,0.8501091880590843,1
ba_14687119,2025-08,본죽 성균관대점,본그룹,백반·죽·국수,서울특별시,종로구,1,0.280753,0.136896,baseline,0.9470544707614277,1
ba_14687119,2025-09,본죽 성균관대점,본그룹,백반·죽·국수,서울특별시,종로구,0,-0.0399,2.187608,baseline,0.9476509336741445,1
ba_14687134,2025-08,본죽 만리점,본그룹,백반·죽·국수,서울특별시,중구,1,0.334857,-0.066181,baseline,0.7311988499901901,1
ba_14687134,2025-09,본죽 만리점,본그룹,백반·죽·국수,서울특별시,중구,0,-0.115422,-1.898063,baseline,0.7746274271647489,1
ba_14687136,2025-08,본죽 서울백병원점,본그룹,백반·죽·국수,서울특별시,중구,0,-0.335696,-0.209771,baseline,0.5973497868483121,1
ba_14687136,2025-09,본죽 서울백병원점,본그룹,백반·죽·국수,서울특별시,중구,0,-0.443538,1.604371,baseline,0.5704322879418062,1
ba_14687137,2025-08,본죽&비빔밥 명동점,본그룹,백반·죽·국수,서울특별시,중구,1,2.425328,0.656896,baseline,0.3495265266087744,1
ba_14687137,2025-09,본죽&비빔밥 명동점,본그룹,백반·죽·국수,서울특별시,중구,1,1.840807,3.071161,baseline,0.45563575024775316,1
ba_14687166,2025-08,본죽&비빔밥 등촌공항대로점,본그룹,백반·죽·국수,서울특별시,강서구,1,0.636386,0.175415,baseline,0.9046464738991948,1
ba_14687166,2025-09,본죽&비빔밥 등촌공항대로점,본그룹,백반·죽·국수,서울특별시,강서구,1,0.287741,1.905389,baseline,0.9235124001970816,1
ba_14687296,2025-08,본죽&비빔밥 봉일시장점,본그룹,백반·죽·국수,서울특별시,관악구,0,0.022222,-0.171045,baseline,0.7454148070616343,1
ba_14687296,2025-09,본죽&비빔밥 봉일시장점,본그룹,백반·죽·국수,서울특별시,관악구,1,1.117819,-1.786471,baseline,0.9553187491338374,1
ba_14687304,2025-08,본죽&비빔밥 관악우체국점,본그룹,백반·죽·국수,서울특별시,관악구,0,0.0,-0.143104,baseline,0.3848101671913507,1
ba_14687304,2025-09,본죽&비빔밥 관악우체국점,본그룹,백반·죽·국수,서울특별시,관악구,0,0.0,-1.827793,baseline,0.3848101671913507,1
ba_14687307,2025-08,본죽&비빔밥 봉천현대시장점,본그룹,백반·죽·국수,서울특별시,관악구,0,0.030801,0.023563,baseline,0.6102010071020856,1
ba_14687307,2025-09,본죽&비빔밥 봉천현대시장점,본그룹,백반·죽·국수,서울특별시,관악구,0,-0.041265,0.286265,baseline,0.5465241063472231,1
ba_14687310,2025-08,본죽&비빔밥 가산디지털점,본그룹,백반·죽·국수,서울특별시,금천구,1,0.130738,-0.152195,baseline,0.8732247629582608,1
ba_14687310,2025-09,본죽&비빔밥 가산디지털점,본그룹,백반·죽·국수,서울특별시,금천구,0,-0.123284,0.534228,baseline,0.8816334133010993,1
ba_14687315,2025-08,본죽&비빔밥 뚝섬유원지역점,본그룹,백반·죽·국수,서울특별시,광진구,1,0.368266,-0.070377,baseline,0.7594057860033959,1
ba_14687315,2025-09,본죽&비빔밥 뚝섬유원지역점,본그룹,백반·죽·국수,서울특별시,광진구,0,0.032175,2.648504,baseline,0.7599183819736851,1
ba_14687318,2025-08,본죽&비빔밥 독산정훈단지점,본그룹,백반·죽·국수,서울특별시,금천구,1,0.189516,0.376896,baseline,0.9716610286383669,1
ba_14687318,2025-09,본죽&비빔밥 독산정훈단지점,본그룹,백반·죽·국수,서울특별시,금천구,0,-0.211111,1.746794,baseline,0.9697884605661178,1
ba_14687322,2025-08,본죽&비빔밥 구의시장점,본그룹,백반·죽·국수,서울특별시,광진구,1,0.752753,-0.219294,baseline,0.8707964685055362,1
ba_14687322,2025-09,본죽&비빔밥 구의시장점,본그룹,백반·죽·국수,서울특별시,광진구,1,0.454834,0.62413,baseline,0.8786823838441721,1
ba_14687323,2025-08,본죽&비빔밥 관악구청점,본그룹,백반·죽·국수,서울특별시,관악구,1,0.322392,-0.06942,baseline,0.5583677234333377,1
ba_14687323,2025-09,본죽&비빔밥 관악구청점,본그룹,백반·죽·국수,서울특별시,관악구,1,0.215389,0.036715,baseline,0.5588865528742268,1
ba_14687326,2025-08,본죽&비빔밥 개봉점,본그룹,백반·죽·국수,서울특별시,구로구,1,0.29972,0.061151,baseline,0.9752584583953414,1
ba_14687326,2025-09,본죽&비빔밥 개봉점,본그룹,백반·죽·국수,서울특별시,구로구,0,-0.01843,1.300503,baseline,0.9766745607620368,1
ba_14687327,2025-08,본죽&비빔밥 시흥사거리점,본그룹,백반·죽·국수,서울특별시,금천구,0,-0.193272,-0.077887,baseline,0.9430967438234351,1
ba_14687327,2025-09,본죽&비빔밥 시흥사거리점,본그룹,백반·죽·국수,서울특별시,금천구,0,-0.200361,-0.642548,baseline,0.9337699345703676,1
ba_14687333,2025-08,본죽&비빔밥 석계역점,본그룹,백반·죽·국수,서울특별시,노원구,0,0.074788,-0.087104,baseline,0.9722059840757215,1
ba_14687333,2025-09,본죽&비빔밥 석계역점,본그룹,백반·죽·국수,서울특별시,노원구,0,-0.12447,1.486441,baseline,0.9772795392224826,1
ba_14687334,2025-08,본죽&비빔밥 고척근린공원점,본그룹,백반·죽·국수,서울특별시,구로구,0,0.0,-0.143104,baseline,0.4010559743396628,1
ba_14687334,2025-09,본죽&비빔밥 고척근린공원점,본그룹,백반·죽·국수,서울특별시,구로구,0,0.0,-1.827793,baseline,0.4010559743396628,1
ba_14687335,2025-08,본죽&비빔밥 광운대역점,본그룹,백반·죽·국수,서울특별시,노원구,1,0.224824,-0.073421,baseline,0.9939388276368007,1
ba_14687335,2025-09,본죽&비빔밥 광운대역점,본그룹,백반·죽·국수,서울특별시,노원구,0,-0.143703,2.323931,baseline,0.9934141157859797,1
ba_14687340,2025-08,본죽&비빔밥 방학역점,본그룹,백반·죽·국수,서울특별시,도봉구,1,0.21413,-0.128179,baseline,0.950892687070443,1
ba_14687340,2025-09,본죽&비빔밥 방학역점,본그룹,백반·죽·국수,서울특별시,도봉구,0,0.014451,0.852664,baseline,0.9498227026611589,1
ba_14687341,2025-08,본죽&비빔밥 봉천역점,본그룹,백반·죽·국수,서울특별시,관악구,0,-0.150247,-0.207104,baseline,0.8427641941422159,1
ba_14687341,2025-09,본죽&비빔밥 봉천역점,본그룹,백반·죽·국수,서울특별시,관악구,0,-0.144443,-0.345076,baseline,0.8426502814389958,1
ba_14687344,2025-08,본죽&비빔밥 쌍문점,본그룹,백반·죽·국수,서울특별시,도봉구,1,0.621452,2.336896,baseline,0.9974615814239424,1
ba_14687344,2025-09,본죽&비빔밥 쌍문점,본그룹,백반·죽·국수,서울특별시,도봉구,0,0.11354,4.272854,baseline,0.9975412640355976,1
ba_14687347,2025-08,본죽&비빔밥 둔촌보훈병원점,본그룹,백반·죽·국수,서울특별시,강동구,0,-0.2,-0.319104,baseline,0.4041046099999724,1
ba_14687347,2025-09,본죽&비빔밥 둔촌보훈병원점,본그룹,백반·죽·국수,서울특별시,강동구,0,0.0,-2.027793,baseline,0.4041046099999724,1
ba_14687350,2025-08,본죽&비빔밥 구로구청점,본그룹,백반·죽·국수,서울특별시,구로구,0,-0.086015,-0.066788,baseline,0.9975520363516115,1
ba_14687350,2025-09,본죽&비빔밥 구로구청점,본그룹,백반·죽·국수,서울특별시,구로구,0,-0.209916,0.184865,baseline,0.9937779291395124,1
ba_14687354,2025-08,본죽&비빔밥 신도림점,본그룹,백반·죽·국수,서울특별시,구로구,0,-0.048716,-0.162152,baseline,0.8519301235924633,1
ba_14687354,2025-09,본죽&비빔밥 신도림점,본그룹,백반·죽·국수,서울특별시,구로구,0,-0.261884,-0.052248,baseline,0.8069717362501005,1
ba_14687365,2025-08,본죽&비빔밥 덕성여대점,본그룹,백반·죽·국수,서울특별시,도봉구,0,0.107586,-0.096045,baseline,0.7412970437857901,1
ba_14687365,2025-09,본죽&비빔밥 덕성여대점,본그룹,백반·죽·국수,서울특별시,도봉구,0,-0.182516,0.935071,baseline,0.7503771758468339,1
ba_14687368,2025-08,본죽&비빔밥 장안동점,본그룹,백반·죽·국수,서울특별시,동대문구,1,0.251237,-0.110451,baseline,0.9838327276687506,1
ba_14687368,2025-09,본죽&비빔밥 장안동점,본그룹,백반·죽·국수,서울특별시,동대문구,0,-0.106295,1.922432,baseline,0.9743389288196036,1
ba_14687382,2025-08,본죽&비빔밥 노량진점,본그룹,백반·죽·국수,서울특별시,동작구,1,0.240145,0.010519,baseline,0.9725519289692468,1
ba_14687382,2025-09,본죽&비빔밥 노량진점,본그룹,백반·죽·국수,서울특별시,동작구,0,-0.195077,2.234087,baseline,0.9747570726228749,1
ba_14687388,2025-08,본죽&비빔밥 중곡사거리점,본그룹,백반·죽·국수,서울특별시,광진구,0,0.07907,-0.221977,baseline,0.5119907901067052,1
ba_14687388,2025-09,본죽&비빔밥 중곡사거리점,본그룹,백반·죽·국수,서울특별시,광진구,1,60.277047,-1.786126,baseline,0.6655473952596261,1
ba_14687493,2025-08,본죽&비빔밥 상암DMC점,본그룹,백반·죽·국수,서울특별시,마포구,1,0.2,-0.193104,baseline,0.23641839860236455,0
ba_14687493,2025-09,본죽&비빔밥 상암DMC점,본그룹,백반·죽·국수,서울특별시,마포구,1,115.870435,-1.713507,baseline,0.3367302292303446,1
ba_14687497,2025-08,본죽 대림점,본그룹,백반·죽·국수,서울특별시,동작구,0,-0.049219,-0.206262,baseline,0.7509538713712243,1
ba_14687497,2025-09,본죽 대림점,본그룹,백반·죽·국수,서울특별시,동작구,0,-0.146168,-0.680883,baseline,0.4959736865565614,1
ba_14687859,2025-08,본죽&비빔밥 제기동역점,본그룹,백반·죽·국수,서울특별시,동대문구,0,0.0,-0.143104,baseline,0.3928061442669025,1
ba_14687859,2025-09,본죽&비빔밥 제기동역점,본그룹,백반·죽·국수,서울특별시,동대문구,0,0.0,-1.827793,baseline,0.3928061442669025,1
ba_14688075,2025-08,본죽 일산탄현점,본그룹,백반·죽·국수,경기도,고양시,0,0.046667,-0.243104,baseline,0.4497584973145463,1
ba_14688075,2025-09,본죽 일산탄현점,본그룹,백반·죽·국수,경기도,고양시,1,67.22428,-1.97065,baseline,0.4300921627517632,1
ba_14688086,2025-08,본죽&비빔밥 보라매점,본그룹,백반·죽·국수,서울특별시,동작구,1,0.596875,-0.130604,baseline,0.8932095539839386,1
ba_14688086,2025-09,본죽&비빔밥 보라매점,본그룹,백반·죽·국수,서울특별시,동작구,0,-0.122359,-1.813507,baseline,0.9067112271136071,1
ba_14688088,2025-08,본죽&비빔밥 대흥역점,본그룹,백반·죽·국수,서울특별시,마포구,0,0.04323,-0.074013,baseline,0.9949583297769996,1
ba_14688088,2025-09,본죽&비빔밥 대흥역점,본그룹,백반·죽·국수,서울특별시,마포구,0,-0.338692,3.897188,baseline,0.9878302578379615,1
ba_14688093,2025-08,본죽&비빔밥 상암하늘초교점,본그룹,백반·죽·국수,서울특별시,마포구,0,-0.071993,0.019396,baseline,0.9048404528487104,1
ba_14688093,2025-09,본죽&비빔밥 상암하늘초교점,본그룹,백반·죽·국수,서울특별시,마포구,0,-0.261649,0.709255,baseline,0.8914053950437804,1
ba_14688094,2025-08,본죽 군포지샘병원점,본그룹,백반·죽·국수,경기도,군포시,1,0.515324,0.056896,baseline,0.8739647522546575,1
ba_14688094,2025-09,본죽 군포지샘병원점,본그룹,백반·죽·국수,경기도,군포시,0,-0.003665,1.803138,baseline,0.9016569477600305,1
ba_14688100,2025-08,본죽 구리수택점,본그룹,백반·죽·국수,경기도,구리시,1,0.350116,-0.09695,baseline,0.9550591251053063,1
ba_14688100,2025-09,본죽 구리수택점,본그룹,백반·죽·국수,경기도,구리시,0,-0.22073,3.112735,baseline,0.9622082868538838,1
ba_14688108,2025-08,본죽&비빔밥 중앙대점,본그룹,백반·죽·국수,서울특별시,동작구,0,0.065262,0.02275,baseline,0.9592871536434456,1
ba_14688108,2025-09,본죽&비빔밥 중앙대점,본그룹,백반·죽·국수,서울특별시,동작구,0,-0.090529,0.315006,baseline,0.9572728889596275,1
ba_14688114,2025-08,본죽&비빔밥 신촌점,본그룹,백반·죽·국수,서울특별시,서대문구,0,0.09556,0.546127,baseline,0.9990957715744039,1
ba_14688114,2025-09,본죽&비빔밥 신촌점,본그룹,백반·죽·국수,서울특별시,서대문구,0,-0.150916,2.038239,baseline,0.9977042356491737,1
ba_14688115,2025-08,본죽 산본사거리점,본그룹,백반·죽·국수,경기도,군포시,0,0.0,-0.143104,baseline,0.2399160279189859,0
ba_14688115,2025-09,본죽 산본사거리점,본그룹,백반·죽·국수,경기도,군포시,0,0.0,-1.827793,baseline,0.2399160279189859,0
ba_14688173,2025-08,본죽 구리인창아름마을점,본그룹,백반·죽·국수,경기도,구리시,1,0.302004,-0.233104,baseline,0.9039206839744387,1
ba_14688173,2025-09,본죽 구리인창아름마을점,본그룹,백반·죽·국수,경기도,구리시,1,0.291756,-0.221531,baseline,0.8428917509304841,1
ba_14688176,2025-08,본죽&비빔밥 옥수점,본그룹,백반·죽·국수,서울특별시,성동구,1,0.161793,-0.132578,baseline,0.7007438102692816,1
ba_14688176,2025-09,본죽&비빔밥 옥수점,본그룹,백반·죽·국수,서울특별시,성동구,0,-0.181223,1.833341,baseline,0.6792059595779765,1
ba_14688180,2025-08,본죽&비빔밥 왕십리뉴타운점,본그룹,백반·죽·국수,서울특별시,성동구,0,0.108215,-0.003378,baseline,0.9717275347663284,1
ba_14688180,2025-09,본죽&비빔밥 왕십리뉴타운점,본그룹,백반·죽·국수,서울특별시,성동구,0,-0.251439,1.321873,baseline,0.9835698793098405,1
ba_14688182,2025-08,본죽 수내푸른마을점,본그룹,백반·죽·국수,경기도,성남시,1,0.186667,-0.166633,baseline,0.7435775539350882,1
ba_14688182,2025-09,본죽 수내푸른마을점,본그룹,백반·죽·국수,경기도,성남시,1,1.392497,-1.720101,baseline,0.8967840076870696,1
ba_14688192,2025-08,본죽 성남신흥동점,본그룹,백반·죽·국수,경기도,성남시,0,-0.05283,-0.107548,baseline,0.14378051448832263,0
ba_14688192,2025-09,본죽 성남신흥동점,본그룹,백반·죽·국수,경기도,성남시,1,133.752145,-1.799222,baseline,0.1451253084706006,0
ba_14688196,2025-08,본죽 홍제점,본그룹,백반·죽·국수,서울특별시,서대문구,0,0.021635,-0.256829,baseline,0.7358745823204409,1
ba_14688196,2025-09,본죽 홍제점,본그룹,백반·죽·국수,서울특별시,서대문구,0,-0.220331,3.373251,baseline,0.8789136919511977,1
ba_14688197,2025-08,본죽 인왕산점,본그룹,백반·죽·국수,서울특별시,서대문구,1,0.689343,0.156896,baseline,0.9237118238687185,1
ba_14688197,2025-09,본죽 인왕산점,본그룹,백반·죽·국수,서울특별시,서대문구,1,0.191675,5.623827,baseline,0.9404918177929716,1
ba_14688207,2025-08,본죽 이대점,본그룹,백반·죽·국수,서울특별시,서대문구,1,0.390215,-0.05739,baseline,0.4721032646329825,1
ba_14688207,2025-09,본죽 이대점,본그룹,백반·죽·국수,서울특별시,서대문구,0,-0.007589,1.219675,baseline,0.5248195731529195,1
ba_14688233,2025-08,본죽&비빔밥 수원오목천점,본그룹,백반·죽·국수,경기도,수원시,1,3.231108,-0.023104,baseline,0.5913989224368895,1
ba_14688233,2025-09,본죽&비빔밥 수원오목천점,본그룹,백반·죽·국수,경기도,수원시,1,0.322975,-1.552793,baseline,0.6791105390440862,1
ba_14688336,2025-08,본죽&비빔밥 고려대점,본그룹,백반·죽·국수,서울특별시,성북구,0,0.052308,-0.178547,baseline,0.7843321857174996,1
ba_14688336,2025-09,본죽&비빔밥 고려대점,본그룹,백반·죽·국수,서울특별시,성북구,1,1.437812,-1.847237,baseline,0.9620870839934689,1
ba_14688337,2025-08,본죽&비빔밥 장위뉴타운점,본그룹,백반·죽·국수,서울특별시,성북구,1,0.48881,-0.128818,baseline,0.8629902195775584,1
ba_14688337,2025-09,본죽&비빔밥 장위뉴타운점,본그룹,백반·죽·국수,서울특별시,성북구,0,-0.003527,1.851899,baseline,0.8561651590800298,1
ba_14688338,2025-08,본죽 부천대성병원점,본그룹,백반·죽·국수,경기도,부천시,0,-0.586839,-0.023104,baseline,0.7341508919371054,1
ba_14688338,2025-09,본죽 부천대성병원점,본그룹,백반·죽·국수,경기도,부천시,0,-1.0,6.0153,baseline,0.5233641479443863,1
ba_14688345,2025-08,본죽 수원화서위브하늘채점,본그룹,백반·죽·국수,경기도,수원시,1,1.2,-0.303104,baseline,0.1131217149413659,0
ba_14688345,2025-09,본죽 수원화서위브하늘채점,본그룹,백반·죽·국수,경기도,수원시,1,0.133333,-1.827793,baseline,0.2668586977194794,0
ba_14688363,2025-08,본죽&비빔밥 목동역점,본그룹,백반·죽·국수,서울특별시,양천구,0,-0.513945,-0.065326,baseline,0.9202313329215984,1
ba_14688363,2025-09,본죽&비빔밥 목동역점,본그룹,백반·죽·국수,서울특별시,양천구,0,-0.732264,1.243467,baseline,0.904966279253989,1
ba_14688371,2025-08,본죽&비빔밥 목동사거리점,본그룹,백반·죽·국수,서울특별시,양천구,1,0.350907,0.009277,baseline,0.9275923565169386,1
ba_14688371,2025-09,본죽&비빔밥 목동사거리점,본그룹,백반·죽·국수,서울특별시,양천구,0,0.072006,0.867728,baseline,0.9309809233697947,1
ba_14688483,2025-08,본죽 동수원점,본그룹,백반·죽·국수,경기도,수원시,0,-0.04,-0.176437,baseline,0.11059168995760849,0
ba_14688483,2025-09,본죽 동수원점,본그룹,백반·죽·국수,경기도,수원시,1,50.623611,-1.877793,baseline,0.21411891583269488,0
ba_14688499,2025-08,본죽 수원화서점,본그룹,백반·죽·국수,경기도,수원시,0,-0.043833,-0.209771,baseline,0.4744774375832154,1
ba_14688499,2025-09,본죽 수원화서점,본그룹,백반·죽·국수,경기도,수원시,0,-0.143877,-0.473295,baseline,0.6518112385748827,1
ba_14688522,2025-08,본죽 시흥은행점,본그룹,백반·죽·국수,경기도,시흥시,0,-0.161225,-0.040247,baseline,0.9714271745423305,1
ba_14688522,2025-09,본죽 시흥은행점,본그룹,백반·죽·국수,경기도,시흥시,0,-0.669928,0.6194,baseline,0.9793172739183976,1
ba_14688525,2025-08,본죽 시흥시화병원점,본그룹,백반·죽·국수,경기도,시흥시,0,0.10142,-0.101595,baseline,0.963677938639927,1
ba_14688525,2025-09,본죽 시흥시화병원점,본그룹,백반·죽·국수,경기도,시흥시,0,-0.348845,2.373994,baseline,0.9599228598463202,1
ba_14688541,2025-08,본죽 시흥하상동점,본그룹,백반·죽·국수,경기도,시흥시,0,0.0,-0.143104,baseline,0.38431537067181115,1
ba_14688541,2025-09,본죽 시흥하상동점,본그룹,백반·죽·국수,경기도,시흥시,0,0.0,-1.827793,baseline,0.38431537067181115,1
ba_14688555,2025-08,본죽 수원인계점,본그룹,백반·죽·국수,경기도,수원시,1,0.144603,0.273563,baseline,0.9984702414006033,1
ba_14688555,2025-09,본죽 수원인계점,본그룹,백반·죽·국수,경기도,수원시,0,-0.156387,1.179776,baseline,0.998100177246753,1
ba_14688557,2025-08,본죽 보정동단국대점,본그룹,백반·죽·국수,경기도,용인시,0,-0.310839,0.206896,baseline,0.8899282193288514,1
ba_14688557,2025-09,본죽 보정동단국대점,본그룹,백반·죽·국수,경기도,용인시,0,-0.516003,1.537529,baseline,0.8892559450860298,1
ba_14688559,2025-08,본죽 용인강남대점,본그룹,백반·죽·국수,경기도,용인시,1,0.248927,-0.096045,baseline,0.8382769226370306,1
ba_14688559,2025-09,본죽 용인강남대점,본그룹,백반·죽·국수,경기도,용인시,0,0.013413,1.173513,baseline,0.8420482113665999,1
ba_14688563,2025-08,본죽&비빔밥 신정네거리역점,본그룹,백반·죽·국수,서울특별시,양천구,1,0.25601,0.112896,baseline,0.8751582189900473,1
ba_14688563,2025-09,본죽&비빔밥 신정네거리역점,본그룹,백반·죽·국수,서울특별시,양천구,0,-0.054146,0.862949,baseline,0.8831158137167554,1
ba_14688567,2025-08,본죽&비빔밥 목동8단지점,본그룹,백반·죽·국수,서울특별시,양천구,0,-0.400237,-0.218104,baseline,0.7650287597695777,1
ba_14688567,2025-09,본죽&비빔밥 목동8단지점,본그룹,백반·죽·국수,서울특별시,양천구,0,-0.419516,-0.900922,baseline,0.47132823882935554,1
ba_14688570,2025-08,본죽 용인상갈점,본그룹,백반·죽·국수,경기도,용인시,0,-0.094936,-0.205604,baseline,0.8320719732983501,1
ba_14688570,2025-09,본죽 용인상갈점,본그룹,백반·죽·국수,경기도,용인시,0,-0.237562,0.176641,baseline,0.8406023262021216,1
ba_14688571,2025-08,본죽 안산선부점,본그룹,백반·죽·국수,경기도,안산시,0,-1.0,-0.173407,baseline,0.19809666377162594,0
ba_14688571,2025-09,본죽 안산선부점,본그룹,백반·죽·국수,경기도,안산시,0,-1.0,-1.858503,baseline,0.19809666377162594,0
ba_14688582,2025-08,본죽&비빔밥 오목교역점,본그룹,백반·죽·국수,서울특별시,양천구,0,0.107172,-0.044799,baseline,0.9782325973208412,1
ba_14688582,2025-09,본죽&비빔밥 오목교역점,본그룹,백반·죽·국수,서울특별시,양천구,0,-0.191976,0.336794,baseline,0.9837709046016295,1
ba_14688602,2025-08,본죽&비빔밥 남양주덕소점,본그룹,백반·죽·국수,경기도,남양주시,1,0.40183,0.012452,baseline,0.8962305695373377,1
ba_14688602,2025-09,본죽&비빔밥 남양주덕소점,본그룹,백반·죽·국수,경기도,남양주시,1,0.127773,1.900095,baseline,0.9142888871287849,1
ba_14688609,2025-08,본죽 죽전벽산타운점,본그룹,백반·죽·국수,경기도,용인시,0,-0.480741,-0.243104,baseline,0.42427447386651124,1
ba_14688609,2025-09,본죽 죽전벽산타운점,본그룹,백반·죽·국수,경기도,용인시,0,-0.496645,-0.785405,baseline,0.4248638827066374,1
ba_14688614,2025-08,본죽 안산본오1동점,본그룹,백반·죽·국수,경기도,안산시,1,2.427897,-0.164157,baseline,0.8522352260886061,1
ba_14688614,2025-09,본죽 안산본오1동점,본그룹,백반·죽·국수,경기도,안산시,1,0.394562,-1.790293,baseline,0.9050835146885634,1
ba_14688631,2025-08,본죽&비빔밥 부천소새울역점,본그룹,백반·죽·국수,경기도,부천시,1,3.789702,-0.127231,baseline,0.8443795114511791,1
ba_14688631,2025-09,본죽&비빔밥 부천소새울역점,본그룹,백반·죽·국수,경기도,부천시,1,0.514364,-1.743178,baseline,0.9143509794636446,1
ba_14688656,2025-08,본죽&비빔밥 문래힐스테이트점,본그룹,백반·죽·국수,서울특별시,영등포구,1,0.426541,0.023563,baseline,0.8312543371091972,1
ba_14688656,2025-09,본죽&비빔밥 문래힐스테이트점,본그룹,백반·죽·국수,서울특별시,영등포구,0,0.04881,0.121835,baseline,0.8493735225234146,1
ba_14688684,2025-08,본죽&비빔밥 부천심곡본동점,본그룹,백반·죽·국수,경기도,부천시,1,3.816424,-0.132466,baseline,0.8744568301817683,1
ba_14688684,2025-09,본죽&비빔밥 부천심곡본동점,본그룹,백반·죽·국수,경기도,부천시,1,0.528408,-1.777793,baseline,0.9466137450085254,1
ba_14688687,2025-08,본죽&비빔밥 신길점,본그룹,백반·죽·국수,서울특별시,영등포구,1,0.224094,0.233519,baseline,0.976387212253982,1
ba_14688687,2025-09,본죽&비빔밥 신길점,본그룹,백반·죽·국수,서울특별시,영등포구,0,-0.115049,2.424286,baseline,0.9794014659949164,1
ba_14688693,2025-08,본죽 평촌학원가점,본그룹,백반·죽·국수,경기도,안양시,1,0.152019,-0.116181,baseline,0.9800761301674321,1
ba_14688693,2025-09,본죽 평촌학원가점,본그룹,백반·죽·국수,경기도,안양시,0,-0.198278,2.042672,baseline,0.9406622610346609,1
ba_14688697,2025-08,본죽&비빔밥 신풍역점,본그룹,백반·죽·국수,서울특별시,영등포구,0,0.043488,-0.284013,baseline,0.890095073498489,1
ba_14688697,2025-09,본죽&비빔밥 신풍역점,본그룹,백반·죽·국수,서울특별시,영등포구,0,-0.118787,-0.220695,baseline,0.872148661121078,1
ba_14688702,2025-08,본죽&비빔밥 부천춘의점,본그룹,백반·죽·국수,경기도,부천시,1,0.536337,-0.187548,baseline,0.6819803450904919,1
ba_14688702,2025-09,본죽&비빔밥 부천춘의점,본그룹,백반·죽·국수,경기도,부천시,0,-0.151928,-1.687793,baseline,0.5150982537499591,1
ba_14688707,2025-08,본죽 명학역점,본그룹,백반·죽·국수,경기도,안양시,1,1.346023,-0.038756,baseline,0.9449369960785226,1
ba_14688707,2025-09,본죽 명학역점,본그룹,백반·죽·국수,경기도,안양시,1,0.146784,-1.636489,baseline,0.9586072520849062,1
ba_14688709,2025-08,본죽&비빔밥 부천순천향병원앞점,본그룹,백반·죽·국수,경기도,부천시,1,2.635846,-0.219575,baseline,0.7697977581792547,1
ba_14688709,2025-09,본죽&비빔밥 부천순천향병원앞점,본그룹,백반·죽·국수,경기도,부천시,1,0.18996,-1.988769,baseline,0.4169427868623085,1
ba_14688716,2025-08,본죽&비빔밥 일산식사점,본그룹,백반·죽·국수,경기도,고양시,0,-0.020833,-0.076437,baseline,0.12443022688904652,0
ba_14688716,2025-09,본죽&비빔밥 일산식사점,본그룹,백반·죽·국수,경기도,고양시,1,55.906781,-1.832671,baseline,0.2779024240278661,0
ba_14688728,2025-08,본죽&비빔밥 판교역점,본그룹,백반·죽·국수,경기도,성남시,1,3.482788,-0.113474,baseline,0.8719676598135648,1
ba_14688728,2025-09,본죽&비빔밥 판교역점,본그룹,백반·죽·국수,경기도,성남시,1,0.605633,-1.790756,baseline,0.9389388869836147,1
ba_14688729,2025-08,본죽&비빔밥 과천점,본그룹,백반·죽·국수,경기도,과천시,1,0.226682,-0.087104,baseline,0.9251248456676648,1
ba_14688729,2025-09,본죽&비빔밥 과천점,본그룹,백반·죽·국수,경기도,과천시,0,-0.139683,0.636874,baseline,0.9513001084592563,1
ba_14688738,2025-08,본죽&비빔밥 분당롯데점,본그룹,백반·죽·국수,경기도,성남시,0,-0.162666,-0.343104,baseline,0.412018924560705,1
ba_14688738,2025-09,본죽&비빔밥 분당롯데점,본그룹,백반·죽·국수,경기도,성남시,0,-0.310668,2.947045,baseline,0.8545031645931696,1
ba_14688746,2025-08,본죽&비빔밥 광명소하지구점,본그룹,백반·죽·국수,경기도,광명시,1,0.192019,-0.056618,baseline,0.9519773838949045,1
ba_14688746,2025-09,본죽&비빔밥 광명소하지구점,본그룹,백반·죽·국수,경기도,광명시,0,-0.178664,3.521223,baseline,0.9304623219136434,1
ba_14688751,2025-08,본죽&비빔밥 여의도역점,본그룹,백반·죽·국수,서울특별시,영등포구,1,0.568208,-0.180604,baseline,0.8805703286913256,1
ba_14688751,2025-09,본죽&비빔밥 여의도역점,본그룹,백반·죽·국수,서울특별시,영등포구,1,0.310451,0.520416,baseline,0.9150971231393428,1
ba_14688765,2025-08,본죽&비빔밥 영등포시장역점,본그룹,백반·죽·국수,서울특별시,영등포구,1,0.340118,0.067707,baseline,0.8836894152410792,1
ba_14688765,2025-09,본죽&비빔밥 영등포시장역점,본그룹,백반·죽·국수,서울특별시,영등포구,0,-0.023632,0.990933,baseline,0.9387098309433147,1
ba_14688789,2025-08,본죽&비빔밥 성남고등점,본그룹,백반·죽·국수,경기도,성남시,0,0.033333,-0.124922,baseline,0.3321727445385987,1
ba_14688789,2025-09,본죽&비빔밥 성남고등점,본그룹,백반·죽·국수,경기도,성남시,1,228.729846,-1.75087,baseline,0.41740302338073204,1
ba_14688848,2025-08,본죽&비빔밥 연신갈현점,본그룹,백반·죽·국수,서울특별시,은평구,1,0.40841,-0.124922,baseline,0.9011029614174993,1
ba_14688848,2025-09,본죽&비빔밥 연신갈현점,본그룹,백반·죽·국수,서울특별시,은평구,0,-0.047007,2.760373,baseline,0.9054743665682184,1
ba_14688854,2025-08,본죽 평택팽성점,본그룹,백반·죽·국수,경기도,평택시,0,-0.025806,-0.033104,baseline,0.2836469762760206,0
ba_14688854,2025-09,본죽 평택팽성점,본그룹,백반·죽·국수,경기도,평택시,1,42.732519,-1.657793,baseline,0.34655508321925876,1
ba_14688860,2025-08,본죽&비빔밥 수색DMC점,본그룹,백반·죽·국수,서울특별시,은평구,1,0.12341,0.184896,baseline,0.9673057313516463,1
ba_14688860,2025-09,본죽&비빔밥 수색DMC점,본그룹,백반·죽·국수,서울특별시,은평구,0,-0.377788,3.844739,baseline,0.9611614600038849,1
ba_14688879,2025-08,본죽 수원대점,본그룹,백반·죽·국수,경기도,화성시,0,-0.0375,-0.106067,baseline,0.17670145840909515,0
ba_14688879,2025-09,본죽 수원대점,본그룹,백반·죽·국수,경기도,화성시,1,48.766292,-1.789331,baseline,0.16247301241968362,0
ba_14688905,2025-08,본죽&비빔밥 고양원당점,본그룹,백반·죽·국수,경기도,고양시,0,0.11,-0.231993,baseline,0.1034176629317193,0
ba_14688905,2025-09,본죽&비빔밥 고양원당점,본그룹,백반·죽·국수,경기도,고양시,1,73.056963,-1.834936,baseline,0.1276762608900726,0
ba_14688907,2025-08,본죽&비빔밥 고양행신역점,본그룹,백반·죽·국수,경기도,고양시,0,-0.277948,0.069396,baseline,0.8844535341977096,1
ba_14688907,2025-09,본죽&비빔밥 고양행신역점,본그룹,백반·죽·국수,경기도,고양시,0,-0.580275,0.087333,baseline,0.9082539065948795,1
ba_14688923,2025-08,본죽&비빔밥 종로르메이에르점,본그룹,백반·죽·국수,서울특별시,종로구,0,-0.230004,-0.209771,baseline,0.8448404889258677,1
ba_14688923,2025-09,본죽&비빔밥 종로르메이에르점,본그룹,백반·죽·국수,서울특별시,종로구,0,-0.440269,0.765163,baseline,0.5567733654393826,1
ba_14688924,2025-08,본죽&비빔밥 서대문역점,본그룹,백반·죽·국수,서울특별시,종로구,0,0.011872,-0.035961,baseline,0.9793083196987925,1
ba_14688924,2025-09,본죽&비빔밥 서대문역점,본그룹,백반·죽·국수,서울특별시,종로구,0,-0.266711,1.856686,baseline,0.9739337449935453,1
ba_14688931,2025-08,본죽&비빔밥 고양덕은점,본그룹,백반·죽·국수,경기도,고양시,0,-0.041618,0.011441,baseline,0.9117708456516525,1
ba_14688931,2025-09,본죽&비빔밥 고양덕은점,본그룹,백반·죽·국수,경기도,고양시,0,-0.316635,0.578428,baseline,0.9181286890646391,1
ba_14688963,2025-08,본죽 고양점,본그룹,백반·죽·국수,경기도,고양시,0,0.04567,0.028325,baseline,0.8682086917538107,1
ba_14688963,2025-09,본죽 고양점,본그룹,백반·죽·국수,경기도,고양시,0,-0.097332,0.407278,baseline,0.873418765921302,1
ba_14688982,2025-08,본죽&비빔밥 군포당정동점,본그룹,백반·죽·국수,경기도,군포시,0,-0.246247,0.006896,baseline,0.892934231004065,1
ba_14688982,2025-09,본죽&비빔밥 군포당정동점,본그룹,백반·죽·국수,경기도,군포시,0,-0.38621,0.287058,baseline,0.8354125055042494,1
ba_14689003,2025-08,본죽&비빔밥 구리인창점,본그룹,백반·죽·국수,경기도,구리시,1,0.373713,0.040229,baseline,0.9540518593017275,1
ba_14689003,2025-09,본죽&비빔밥 구리인창점,본그룹,백반·죽·국수,경기도,구리시,0,-0.008664,2.329363,baseline,0.9182460862404265,1
ba_14689004,2025-08,본죽&비빔밥 산본학원가점,본그룹,백반·죽·국수,경기도,군포시,1,0.369521,0.836896,baseline,0.8788183210437519,1
ba_14689004,2025-09,본죽&비빔밥 산본학원가점,본그룹,백반·죽·국수,경기도,군포시,0,-0.154534,3.658348,baseline,0.9051137170021716,1
ba_14689007,2025-08,본죽&비빔밥 김포신곡점,본그룹,백반·죽·국수,경기도,김포시,1,6.45033,0.116896,baseline,0.8328995891120543,1
ba_14689007,2025-09,본죽&비빔밥 김포신곡점,본그룹,백반·죽·국수,경기도,김포시,1,1.379155,-1.490951,baseline,0.9106025720683046,1
ba_14689013,2025-08,본죽&비빔밥 김포사우점,본그룹,백반·죽·국수,경기도,김포시,1,3.40599,-0.150001,baseline,0.5726730851521538,1
ba_14689013,2025-09,본죽&비빔밥 김포사우점,본그룹,백반·죽·국수,경기도,김포시,1,0.486177,-1.812408,baseline,0.7206181985107886,1
ba_14689024,2025-08,본죽&비빔밥 김포장기초당마을점,본그룹,백반·죽·국수,경기도,김포시,0,0.055556,0.04261,baseline,0.13040197260200165,0
ba_14689024,2025-09,본죽&비빔밥 김포장기초당마을점,본그룹,백반·죽·국수,경기도,김포시,1,90.167378,-1.65065,baseline,0.14247661301291462,0
ba_14689101,2025-08,본죽&비빔밥 강남성심병원점,본그룹,백반·죽·국수,서울특별시,영등포구,0,0.100373,-0.00674,baseline,0.889584186881625,1
ba_14689101,2025-09,본죽&비빔밥 강남성심병원점,본그룹,백반·죽·국수,서울특별시,영등포구,0,-0.114392,0.566529,baseline,0.9083510808285699,1
ba_14689115,2025-08,본죽&비빔밥 양주덕정점,본그룹,백반·죽·국수,경기도,양주시,1,0.274777,-0.179946,baseline,0.927126433832543,1
ba_14689115,2025-09,본죽&비빔밥 양주덕정점,본그룹,백반·죽·국수,경기도,양주시,0,-0.200534,2.437209,baseline,0.9232937340642239,1
ba_14689378,2025-08,본죽&비빔밥 성남중앙병원점,본그룹,백반·죽·국수,경기도,성남시,1,3.092025,-0.122051,baseline,0.7118583338721602,1
ba_14689378,2025-09,본죽&비빔밥 성남중앙병원점,본그룹,백반·죽·국수,경기도,성남시,1,0.245869,-1.827793,baseline,0.824349039293325,1
ba_14689381,2025-08,본죽&비빔밥 용인모현점,본그룹,백반·죽·국수,경기도,용인시,1,0.437207,-0.209771,baseline,0.7111355664632019,1
ba_14689381,2025-09,본죽&비빔밥 용인모현점,본그룹,백반·죽·국수,경기도,용인시,1,0.137493,0.099617,baseline,0.6349246740620532,1
ba_14689382,2025-08,본죽&비빔밥 수원권선시장점,본그룹,백반·죽·국수,경기도,수원시,1,0.343311,0.171182,baseline,0.9316888229958861,1
ba_14689382,2025-09,본죽&비빔밥 수원권선시장점,본그룹,백반·죽·국수,경기도,수원시,0,-0.086694,2.290677,baseline,0.9446464461429636,1
ba_14689387,2025-08,본죽&비빔밥 성남금광점,본그룹,백반·죽·국수,경기도,성남시,1,0.143009,-0.033427,baseline,0.9818911261698486,1
ba_14689387,2025-09,본죽&비빔밥 성남금광점,본그룹,백반·죽·국수,경기도,성남시,0,-0.194622,1.809304,baseline,0.9666650174730836,1
ba_14689395,2025-08,본죽&비빔밥 용인둔전점,본그룹,백반·죽·국수,경기도,용인시,0,0.090196,0.064896,baseline,0.702850855439788,1
ba_14689395,2025-09,본죽&비빔밥 용인둔전점,본그룹,백반·죽·국수,경기도,용인시,1,1.147896,-1.610146,baseline,0.9785573162508983,1
ba_14689401,2025-08,본죽&비빔밥 수원호매실역점,본그룹,백반·죽·국수,경기도,수원시,0,0.008333,-0.231476,baseline,0.24467525133849305,0
ba_14689401,2025-09,본죽&비빔밥 수원호매실역점,본그룹,백반·죽·국수,경기도,수원시,0,0.05,-1.927793,baseline,0.2578504440758559,0
ba_14689402,2025-08,본죽&비빔밥 의정부을지대병원점,본그룹,백반·죽·국수,경기도,의정부시,1,0.661233,-0.004642,baseline,0.5115104274941643,1
ba_14689402,2025-09,본죽&비빔밥 의정부을지대병원점,본그룹,백반·죽·국수,경기도,의정부시,0,-0.768,-1.789698,baseline,0.8527142102643994,1
ba_14689403,2025-08,본죽&비빔밥 의왕역점,본그룹,백반·죽·국수,경기도,의왕시,1,4.444493,-0.048367,baseline,0.5775748987537138,1
ba_14689403,2025-09,본죽&비빔밥 의왕역점,본그룹,백반·죽·국수,경기도,의왕시,1,0.596985,-1.812408,baseline,0.9040885647567801,1
ba_14689409,2025-08,본죽&비빔밥 수원권선롯데마트점,본그룹,백반·죽·국수,경기도,수원시,0,0.091656,-0.012669,baseline,0.7495308888607076,1
ba_14689409,2025-09,본죽&비빔밥 수원권선롯데마트점,본그룹,백반·죽·국수,경기도,수원시,0,-0.22671,1.712552,baseline,0.7059173924051709,1
ba_14689415,2025-08,본죽&비빔밥 수원탑동점,본그룹,백반·죽·국수,경기도,수원시,0,0.092662,-0.089445,baseline,0.9544290388373754,1
ba_14689415,2025-09,본죽&비빔밥 수원탑동점,본그룹,백반·죽·국수,경기도,수원시,0,-0.156157,0.702597,baseline,0.9555950078776683,1
ba_14689416,2025-08,본죽&비빔밥 수원호매실화홍병원점,본그룹,백반·죽·국수,경기도,수원시,0,-1.0,-0.155225,baseline,0.48733895436153685,1
ba_14689416,2025-09,본죽&비빔밥 수원호매실화홍병원점,본그룹,백반·죽·국수,경기도,수원시,0,-1.0,-1.283858,baseline,0.1860091791103752,0
ba_14689425,2025-08,본죽&비빔밥 의정부시청점,본그룹,백반·죽·국수,경기도,의정부시,0,0.0,-0.143104,baseline,0.3665870642938815,1
ba_14689425,2025-09,본죽&비빔밥 의정부시청점,본그룹,백반·죽·국수,경기도,의정부시,0,0.0,-1.827793,baseline,0.3665870642938815,1
ba_14689427,2025-08,본죽&비빔밥 의정부금오점,본그룹,백반·죽·국수,경기도,의정부시,1,2.821616,-0.165831,baseline,0.8687967540275466,1
ba_14689427,2025-09,본죽&비빔밥 의정부금오점,본그룹,백반·죽·국수,경기도,의정부시,1,0.448266,-1.854109,baseline,0.6663654999354881,1
ba_14689441,2025-08,본죽&비빔밥 이천마장점,본그룹,백반·죽·국수,경기도,이천시,1,0.176156,0.030229,baseline,0.7626250767391137,1
ba_14689441,2025-09,본죽&비빔밥 이천마장점,본그룹,백반·죽·국수,경기도,이천시,0,-0.201635,1.185846,baseline,0.7621586554829752,1
ba_14689448,2025-08,본죽&비빔밥 이천점,본그룹,백반·죽·국수,경기도,이천시,0,-0.07426,3.690229,baseline,0.9909486381532908,1
ba_14689448,2025-09,본죽&비빔밥 이천점,본그룹,백반·죽·국수,경기도,이천시,0,-0.298543,0.991097,baseline,0.9897576334671631,1
ba_14689454,2025-08,본죽&비빔밥 광교아브뉴프랑점,본그룹,백반·죽·국수,경기도,수원시,1,0.145787,-0.116437,baseline,0.9475416683402184,1
ba_14689454,2025-09,본죽&비빔밥 광교아브뉴프랑점,본그룹,백반·죽·국수,경기도,수원시,0,-0.105062,0.579145,baseline,0.9339389372026577,1
ba_14689464,2025-08,본죽&비빔밥 파주금촌점,본그룹,백반·죽·국수,경기도,파주시,1,3.933869,-0.081566,baseline,0.8981315533574349,1
ba_14689464,2025-09,본죽&비빔밥 파주금촌점,본그룹,백반·죽·국수,경기도,파주시,1,0.770089,-1.759611,baseline,0.9448270411591829,1
ba_14689472,2025-08,본죽&비빔밥 수원율전점,본그룹,백반·죽·국수,경기도,수원시,1,1.848657,-0.152195,baseline,0.7880937158319594,1
ba_14689472,2025-09,본죽&비빔밥 수원율전점,본그룹,백반·죽·국수,경기도,수원시,1,0.355471,-1.57065,baseline,0.8168457774491029,1
ba_14689481,2025-08,본죽&비빔밥 파주운정해오름점,본그룹,백반·죽·국수,경기도,파주시,1,0.158382,0.009837,baseline,0.9369642844895302,1
ba_14689481,2025-09,본죽&비빔밥 파주운정해오름점,본그룹,백반·죽·국수,경기도,파주시,0,-0.230433,1.596711,baseline,0.9446117864209443,1
ba_14689485,2025-08,본죽&비빔밥 수원광교역점,본그룹,백반·죽·국수,경기도,수원시,0,-0.034741,-0.054215,baseline,0.9191873789758109,1
ba_14689485,2025-09,본죽&비빔밥 수원광교역점,본그룹,백반·죽·국수,경기도,수원시,0,-0.174696,0.067401,baseline,0.8495354902995879,1
ba_14689496,2025-08,본죽&비빔밥 수원역매산점,본그룹,백반·죽·국수,경기도,수원시,1,5.259551,-0.195736,baseline,0.8184258773987114,1
ba_14689496,2025-09,본죽&비빔밥 수원역매산점,본그룹,백반·죽·국수,경기도,수원시,1,1.073318,-1.773248,baseline,0.8438672595757185,1
ba_14689508,2025-08,본죽&비빔밥 파주문산점,본그룹,백반·죽·국수,경기도,파주시,0,0.0,-0.143104,baseline,0.3574828756704617,1
ba_14689508,2025-09,본죽&비빔밥 파주문산점,본그룹,백반·죽·국수,경기도,파주시,0,0.0,-1.827793,baseline,0.3574828756704617,1
ba_14689536,2025-08,본죽&비빔밥 파주운정신도시점,본그룹,백반·죽·국수,경기도,파주시,1,3.948629,-0.09866,baseline,0.948005936767108,1
ba_14689536,2025-09,본죽&비빔밥 파주운정신도시점,본그룹,백반·죽·국수,경기도,파주시,1,0.544351,-1.807014,baseline,0.9858944108158988,1
ba_14689545,2025-08,본죽&비빔밥 파주야당역점,본그룹,백반·죽·국수,경기도,파주시,1,0.219977,-0.056437,baseline,0.8955104354307393,1
ba_14689545,2025-09,본죽&비빔밥 파주야당역점,본그룹,백반·죽·국수,경기도,파주시,0,-0.130344,1.67698,baseline,0.7760180044284753,1
ba_14689548,2025-08,본죽&비빔밥 평택법원점,본그룹,백반·죽·국수,경기도,평택시,0,-0.23507,-0.124437,baseline,0.9445757468670908,1
ba_14689548,2025-09,본죽&비빔밥 평택법원점,본그룹,백반·죽·국수,경기도,평택시,0,-0.239267,-0.897743,baseline,0.9125246786864514,1
ba_14689573,2025-08,본죽&비빔밥 시흥목감역점,본그룹,백반·죽·국수,경기도,시흥시,0,0.089015,-0.061471,baseline,0.9544535173807407,1
ba_14689573,2025-09,본죽&비빔밥 시흥목감역점,본그룹,백반·죽·국수,경기도,시흥시,0,-0.281014,1.989016,baseline,0.9522962132126429,1
ba_14689591,2025-08,본죽&비빔밥 평택서정리역점,본그룹,백반·죽·국수,경기도,평택시,0,-0.143008,-0.206262,baseline,0.49664518455416723,1
ba_14689591,2025-09,본죽&비빔밥 평택서정리역점,본그룹,백반·죽·국수,경기도,평택시,0,-0.053075,-0.572974,baseline,0.4978623717491974,1
ba_14689595,2025-08,본죽&비빔밥 시흥배곧점,본그룹,백반·죽·국수,경기도,시흥시,1,2.236891,-0.100796,baseline,0.9518469994219674,1
ba_14689595,2025-09,본죽&비빔밥 시흥배곧점,본그룹,백반·죽·국수,경기도,시흥시,1,0.220868,-1.76946,baseline,0.972637717579256,1
ba_14689608,2025-08,본죽&비빔밥 평택신장점,본그룹,백반·죽·국수,경기도,평택시,0,-0.277993,15.359164,baseline,0.8444812605452549,1
ba_14689608,2025-09,본죽&비빔밥 평택신장점,본그룹,백반·죽·국수,경기도,평택시,0,-0.545414,0.217816,baseline,0.7648017651157641,1
ba_14689610,2025-08,본죽 동인천점,본그룹,백반·죽·국수,인천광역시,중구,1,0.292824,0.050229,baseline,0.9675388923738516,1
ba_14689610,2025-09,본죽 동인천점,본그룹,백반·죽·국수,인천광역시,중구,0,0.058243,2.046983,baseline,0.9538381441407457,1
ba_14689611,2025-08,본죽&비빔밥 시흥장곡점,본그룹,백반·죽·국수,경기도,시흥시,0,0.083433,0.245131,baseline,0.9908499621785997,1
ba_14689611,2025-09,본죽&비빔밥 시흥장곡점,본그룹,백반·죽·국수,경기도,시흥시,0,-0.119101,1.028264,baseline,0.9924543102349735,1
ba_14689614,2025-08,본죽&비빔밥 시흥시화점,본그룹,백반·죽·국수,경기도,시흥시,1,0.61963,-0.089445,baseline,0.953818168645337,1
ba_14689614,2025-09,본죽&비빔밥 시흥시화점,본그룹,백반·죽·국수,경기도,시흥시,0,-0.153703,1.113429,baseline,0.9870933521781003,1
ba_14689625,2025-08,본죽&비빔밥 평택여중사거리점,본그룹,백반·죽·국수,경기도,평택시,0,-0.078867,-0.093104,baseline,0.9342790133206352,1
ba_14689625,2025-09,본죽&비빔밥 평택여중사거리점,본그룹,백반·죽·국수,경기도,평택시,0,-0.086256,-0.909892,baseline,0.9113463038587548,1
ba_14689645,2025-08,본죽&비빔밥 병점복합타운점,본그룹,백반·죽·국수,경기도,화성시,1,0.47201,0.049753,baseline,0.9620755805512782,1
ba_14689645,2025-09,본죽&비빔밥 병점복합타운점,본그룹,백반·죽·국수,경기도,화성시,0,-0.174099,5.567118,baseline,0.9562377646989666,1
ba_14689734,2025-08,본죽&비빔밥 송도신도시점,본그룹,백반·죽·국수,인천광역시,연수구,1,0.492735,-0.189258,baseline,0.9129837118575238,1
ba_14689734,2025-09,본죽&비빔밥 송도신도시점,본그룹,백반·죽·국수,인천광역시,연수구,1,0.214268,1.641159,baseline,0.9344090965175498,1
ba_14689750,2025-08,본죽&비빔밥 안산본오점,본그룹,백반·죽·국수,경기도,안산시,1,0.392063,-0.043104,baseline,0.9943180704505179,1
ba_14689750,2025-09,본죽&비빔밥 안산본오점,본그룹,백반·죽·국수,경기도,안산시,0,-0.116841,1.639799,baseline,0.9975296439557091,1
ba_14689756,2025-08,본죽 경기광주신현점,본그룹,백반·죽·국수,경기도,광주시,1,0.200047,-0.16636,baseline,0.9623019056575896,1
ba_14689756,2025-09,본죽 경기광주신현점,본그룹,백반·죽·국수,경기도,광주시,0,0.06253,-0.056353,baseline,0.9661423487140472,1
ba_14689757,2025-08,본죽&비빔밥 인천연수점,본그룹,백반·죽·국수,인천광역시,연수구,0,0.03768,-0.133104,baseline,0.9895869836757806,1
ba_14689757,2025-09,본죽&비빔밥 인천연수점,본그룹,백반·죽·국수,인천광역시,연수구,0,-0.194331,0.281889,baseline,0.9878074468637779,1
ba_14689759,2025-08,본죽&비빔밥 인천송도웰카운티점,본그룹,백반·죽·국수,인천광역시,연수구,1,0.686729,-0.143104,baseline,0.9012155737120624,1
ba_14689759,2025-09,본죽&비빔밥 인천송도웰카운티점,본그룹,백반·죽·국수,인천광역시,연수구,0,0.01054,-1.805571,baseline,0.8515777489404877,1
ba_14689760,2025-08,본죽&비빔밥 송도퍼스트파크점,본그룹,백반·죽·국수,인천광역시,연수구,0,0.0,-0.143104,baseline,0.08260700398698986,0
ba_14689760,2025-09,본죽&비빔밥 송도퍼스트파크점,본그룹,백반·죽·국수,인천광역시,연수구,0,0.0,-1.827793,baseline,0.08260700398698986,0
ba_14689761,2025-08,본죽&비빔밥 송도글로벌캠퍼스점,본그룹,백반·죽·국수,인천광역시,연수구,1,0.119815,-0.20371,baseline,0.9125734461673488,1
ba_14689761,2025-09,본죽&비빔밥 송도글로벌캠퍼스점,본그룹,백반·죽·국수,인천광역시,연수구,0,-0.061602,1.494005,baseline,0.9305667601219532,1
ba_14689766,2025-08,본죽&비빔밥 인천신포동점,본그룹,백반·죽·국수,인천광역시,중구,1,0.445332,-0.037548,baseline,0.9263971096667251,1
ba_14689766,2025-09,본죽&비빔밥 인천신포동점,본그룹,백반·죽·국수,인천광역시,중구,0,-0.079743,1.821337,baseline,0.9213909692701473,1
ba_14689782,2025-08,본죽 김포감정점,본그룹,백반·죽·국수,경기도,김포시,0,0.041955,-0.072516,baseline,0.43072405038695555,1
ba_14689782,2025-09,본죽 김포감정점,본그룹,백반·죽·국수,경기도,김포시,0,-0.313819,1.080973,baseline,0.6052429374576793,1
ba_14689802,2025-08,본죽&비빔밥 한성대입구점,본그룹,백반·죽·국수,서울특별시,성북구,0,0.0,-0.143104,baseline,0.40091756277241586,1
ba_14689802,2025-09,본죽&비빔밥 한성대입구점,본그룹,백반·죽·국수,서울특별시,성북구,0,0.0,-1.827793,baseline,0.40091756277241586,1
ba_14689809,2025-08,본죽&비빔밥 안성당왕점,본그룹,백반·죽·국수,경기도,안성시,0,0.080461,0.098275,baseline,0.9409564177814174,1
ba_14689809,2025-09,본죽&비빔밥 안성당왕점,본그룹,백반·죽·국수,경기도,안성시,0,-0.202161,1.072752,baseline,0.9504971726567111,1
ba_14689837,2025-08,본죽&비빔밥 동탄역점,본그룹,백반·죽·국수,경기도,화성시,0,-0.022222,-0.015831,baseline,0.30583418297472825,1
ba_14689837,2025-09,본죽&비빔밥 동탄역점,본그룹,백반·죽·국수,경기도,화성시,1,24.281604,-1.327793,baseline,0.3642575756115482,1
ba_14689846,2025-08,본죽&비빔밥 동탄영천점,본그룹,백반·죽·국수,경기도,화성시,0,-0.085714,-0.187548,baseline,0.2902575469196776,0
ba_14689846,2025-09,본죽&비빔밥 동탄영천점,본그룹,백반·죽·국수,경기도,화성시,1,23.413109,-1.924089,baseline,0.13064473781144614,0
ba_14689854,2025-08,본죽&비빔밥 인천간석홈플러스앞점,본그룹,백반·죽·국수,인천광역시,남동구,1,0.285923,0.097184,baseline,0.9796863293590904,1
ba_14689854,2025-09,본죽&비빔밥 인천간석홈플러스앞점,본그룹,백반·죽·국수,인천광역시,남동구,0,-0.140664,2.059268,baseline,0.9808392546077392,1
ba_14689855,2025-08,본죽&비빔밥 안양동편마을점,본그룹,백반·죽·국수,경기도,안양시,1,2.485126,-0.104806,baseline,0.9123968775184971,1
ba_14689855,2025-09,본죽&비빔밥 안양동편마을점,본그룹,백반·죽·국수,경기도,안양시,1,0.35006,-1.790293,baseline,0.957281576821778,1
ba_14689859,2025-08,본죽&비빔밥 춘천퇴계한숲점,본그룹,백반·죽·국수,강원특별자치도,춘천시,0,0.041063,-0.179468,baseline,0.4196033993363487,1
ba_14689859,2025-09,본죽&비빔밥 춘천퇴계한숲점,본그룹,백반·죽·국수,강원특별자치도,춘천시,0,-0.133148,0.185504,baseline,0.43507078077856964,1
ba_14689869,2025-08,본죽&비빔밥 비산사거리점,본그룹,백반·죽·국수,경기도,안양시,0,-0.187255,-0.043104,baseline,0.8586615540779599,1
ba_14689869,2025-09,본죽&비빔밥 비산사거리점,본그룹,백반·죽·국수,경기도,안양시,0,-0.325584,-0.247098,baseline,0.8623445216263975,1
ba_14689875,2025-08,본죽 양산물금증산점,본그룹,백반·죽·국수,경상남도,양산시,1,0.423272,-0.04695,baseline,0.9774828247238619,1
ba_14689875,2025-09,본죽 양산물금증산점,본그룹,백반·죽·국수,경상남도,양산시,0,-0.037068,2.184803,baseline,0.9806555881860504,1
ba_14689886,2025-08,본죽&비빔밥 안양호계사거리점,본그룹,백반·죽·국수,경기도,안양시,1,0.252456,-0.007104,baseline,0.9378574250369571,1
ba_14689886,2025-09,본죽&비빔밥 안양호계사거리점,본그룹,백반·죽·국수,경기도,안양시,0,-0.149498,5.632214,baseline,0.9223227418586526,1
ba_14689890,2025-08,본죽&비빔밥 구월아시아드점,본그룹,백반·죽·국수,인천광역시,남동구,1,0.137222,-0.179468,baseline,0.9221971980736343,1
ba_14689890,2025-09,본죽&비빔밥 구월아시아드점,본그룹,백반·죽·국수,인천광역시,남동구,0,-0.18293,2.155753,baseline,0.8935552827512074,1
ba_14689893,2025-08,본죽 양산통도사점,본그룹,백반·죽·국수,경상남도,양산시,0,0.0,-0.143104,baseline,0.09317239073731653,0
ba_14689893,2025-09,본죽 양산통도사점,본그룹,백반·죽·국수,경상남도,양산시,0,0.0,-1.827793,baseline,0.09317239073731653,0
ba_14689894,2025-08,본죽&비빔밥 인천간석남부역점,본그룹,백반·죽·국수,인천광역시,남동구,1,0.24974,-0.13358,baseline,0.7132833059895788,1
ba_14689894,2025-09,본죽&비빔밥 인천간석남부역점,본그룹,백반·죽·국수,인천광역시,남동구,1,1.067537,0.028985,baseline,0.3010034089482119,1
ba_14689904,2025-08,본죽&비빔밥 안양호계포도원점,본그룹,백반·죽·국수,경기도,안양시,1,0.419389,-0.014533,baseline,0.8929702303636607,1
ba_14689904,2025-09,본죽&비빔밥 안양호계포도원점,본그룹,백반·죽·국수,경기도,안양시,0,0.014847,1.76139,baseline,0.8983571175731457,1
ba_14689906,2025-08,본죽 인천간석사거리점,본그룹,백반·죽·국수,인천광역시,남동구,1,6.620876,-0.223104,baseline,0.49686905432202333,1
ba_14689906,2025-09,본죽 인천간석사거리점,본그룹,백반·죽·국수,인천광역시,남동구,1,1.395635,-1.713507,baseline,0.5110830170918489,1
ba_14689910,2025-08,본죽&비빔밥 외대점,본그룹,백반·죽·국수,서울특별시,동대문구,0,-0.002817,-0.089533,baseline,0.7642106909181882,1
ba_14689910,2025-09,본죽&비빔밥 외대점,본그룹,백반·죽·국수,서울특별시,동대문구,1,1.968849,-1.735793,baseline,0.9764170537093425,1
ba_14689936,2025-08,본죽&비빔밥 안양박달점,본그룹,백반·죽·국수,경기도,안양시,1,0.219569,-0.066914,baseline,0.986722507685975,1
ba_14689936,2025-09,본죽&비빔밥 안양박달점,본그룹,백반·죽·국수,경기도,안양시,0,0.009837,0.495053,baseline,0.9837562048231864,1
ba_14689940,2025-08,본죽&비빔밥 안양성원점,본그룹,백반·죽·국수,경기도,안양시,0,0.001874,-0.170555,baseline,0.8705240545949784,1
ba_14689940,2025-09,본죽&비빔밥 안양성원점,본그룹,백반·죽·국수,경기도,안양시,0,-0.243666,0.902828,baseline,0.8796954465924123,1
ba_14689942,2025-08,본죽 인천학산사거리점,본그룹,백반·죽·국수,인천광역시,미추홀구,1,0.196528,-0.127719,baseline,0.6203255241637946,1
ba_14689942,2025-09,본죽 인천학산사거리점,본그룹,백반·죽·국수,인천광역시,미추홀구,0,-0.124703,1.95422,baseline,0.541187118935819,1
ba_14689953,2025-08,본죽&비빔밥 양주고읍점,본그룹,백반·죽·국수,경기도,양주시,1,0.283668,0.190229,baseline,0.9162603958945951,1
ba_14689953,2025-09,본죽&비빔밥 양주고읍점,본그룹,백반·죽·국수,경기도,양주시,0,-0.146543,2.291281,baseline,0.9231443896819566,1
ba_14689993,2025-08,본죽&비빔밥 용인구갈점,본그룹,백반·죽·국수,경기도,용인시,0,-0.063988,-0.121365,baseline,0.943145169908808,1
ba_14689993,2025-09,본죽&비빔밥 용인구갈점,본그룹,백반·죽·국수,경기도,용인시,0,-0.29665,0.100254,baseline,0.9403688886556232,1
ba_14689999,2025-08,본죽&비빔밥 인천승기사거리점,본그룹,백반·죽·국수,인천광역시,미추홀구,1,3.415729,-0.226437,baseline,0.7411886165124015,1
ba_14689999,2025-09,본죽&비빔밥 인천승기사거리점,본그룹,백반·죽·국수,인천광역시,미추홀구,1,0.322709,-1.892079,baseline,0.7029794772278919,1
ba_14690002,2025-08,본죽 송도센트럴파크점,본그룹,백반·죽·국수,인천광역시,연수구,1,0.305064,-0.183104,baseline,0.838998258969208,1
ba_14690002,2025-09,본죽 송도센트럴파크점,본그룹,백반·죽·국수,인천광역시,연수구,0,0.077909,3.539358,baseline,0.968213377516092,1
ba_14690014,2025-08,본죽&비빔밥 인천석바위점,본그룹,백반·죽·국수,인천광역시,미추홀구,1,3.574928,-0.127719,baseline,0.7409897418126024,1
ba_14690014,2025-09,본죽&비빔밥 인천석바위점,본그룹,백반·죽·국수,인천광역시,미추홀구,0,0.094504,-1.797024,baseline,0.8205419774524663,1
ba_14690034,2025-08,본죽&비빔밥 인천검암점,본그룹,백반·죽·국수,인천광역시,서구,1,0.201968,0.056896,baseline,0.7587600713543419,1
ba_14690034,2025-09,본죽&비빔밥 인천검암점,본그룹,백반·죽·국수,인천광역시,서구,0,-0.169666,4.417469,baseline,0.822502866210169,1
ba_14690045,2025-08,본죽&비빔밥 인천당하점,본그룹,백반·죽·국수,인천광역시,서구,1,3.901524,-0.078104,baseline,0.9074588726973644,1
ba_14690045,2025-09,본죽&비빔밥 인천당하점,본그룹,백반·죽·국수,인천광역시,서구,1,0.634783,-1.688904,baseline,0.9418083736109788,1
ba_14690050,2025-08,본죽&비빔밥 검단파라곤센트럴점,본그룹,백반·죽·국수,인천광역시,서구,1,4.716852,-0.108321,baseline,0.834260857876133,1
ba_14690050,2025-09,본죽&비빔밥 검단파라곤센트럴점,본그룹,백반·죽·국수,인천광역시,서구,1,0.989153,-1.572237,baseline,0.9073027045560801,1
ba_14690053,2025-08,본죽&비빔밥 동백중앙점,본그룹,백반·죽·국수,경기도,용인시,1,0.177309,-0.054215,baseline,0.9813043427808805,1
ba_14690053,2025-09,본죽&비빔밥 동백중앙점,본그룹,백반·죽·국수,경기도,용인시,0,-0.099667,0.342875,baseline,0.9853246850137205,1
ba_14690056,2025-08,본죽&비빔밥cafe 용인동백역점,본그룹,백반·죽·국수,경기도,용인시,1,1.223356,-0.143104,baseline,0.525956640886521,1
ba_14690056,2025-09,본죽&비빔밥cafe 용인동백역점,본그룹,백반·죽·국수,경기도,용인시,1,0.11901,-1.811126,baseline,0.6607469052421662,1
ba_14690057,2025-08,본죽앤비빔밥 인천검단점,본그룹,백반·죽·국수,인천광역시,서구,1,0.330056,0.09932,baseline,0.9657504073424396,1
ba_14690057,2025-09,본죽앤비빔밥 인천검단점,본그룹,백반·죽·국수,인천광역시,서구,0,-0.115553,3.786265,baseline,0.9672364925795229,1
ba_14690062,2025-08,본죽&비빔밥 용인물푸레마을점,본그룹,백반·죽·국수,경기도,용인시,0,0.067248,-0.023104,baseline,0.4560472972401872,1
ba_14690062,2025-09,본죽&비빔밥 용인물푸레마을점,본그룹,백반·죽·국수,경기도,용인시,0,-0.092513,1.488898,baseline,0.4104163593700827,1
ba_14690068,2025-08,본죽&비빔밥 용인동천점,본그룹,백반·죽·국수,경기도,용인시,0,-0.155364,0.00134,baseline,0.806552788077901,1
ba_14690068,2025-09,본죽&비빔밥 용인동천점,본그룹,백반·죽·국수,경기도,용인시,0,-0.467311,1.303512,baseline,0.5435844647150702,1
ba_14690077,2025-08,본죽&비빔밥 인천연희연세병원점,본그룹,백반·죽·국수,인천광역시,서구,1,5.149155,-0.176437,baseline,0.4455833587497371,1
ba_14690077,2025-09,본죽&비빔밥 인천연희연세병원점,본그룹,백반·죽·국수,인천광역시,서구,1,1.17196,-1.882338,baseline,0.8336553231684651,1
ba_14690081,2025-08,본죽 신곡시장점,본그룹,백반·죽·국수,서울특별시,양천구,1,0.126332,0.354855,baseline,0.9815204704135093,1
ba_14690081,2025-09,본죽 신곡시장점,본그룹,백반·죽·국수,서울특별시,양천구,0,-0.118492,2.209841,baseline,0.9723345918251666,1
ba_14690086,2025-08,본죽&비빔밥 수지상현점,본그룹,백반·죽·국수,경기도,용인시,0,-0.041195,-0.093104,baseline,0.886236818116572,1
ba_14690086,2025-09,본죽&비빔밥 수지상현점,본그룹,백반·죽·국수,경기도,용인시,0,-0.253199,0.159906,baseline,0.8528417122867947,1
ba_14690092,2025-08,본죽&비빔밥 인천불로동점,본그룹,백반·죽·국수,인천광역시,서구,1,3.884439,-0.131339,baseline,0.4340262432759584,1
ba_14690092,2025-09,본죽&비빔밥 인천불로동점,본그룹,백반·죽·국수,인천광역시,서구,1,0.43388,-1.888663,baseline,0.8323873638161201,1
ba_14690110,2025-08,본죽&비빔밥 신봉초교점,본그룹,백반·죽·국수,경기도,용인시,1,0.32249,0.040229,baseline,0.8692183416313016,1
ba_14690110,2025-09,본죽&비빔밥 신봉초교점,본그룹,백반·죽·국수,경기도,용인시,0,0.005659,1.874238,baseline,0.8936001363071874,1
ba_14690122,2025-08,본죽&비빔밥 용인죽전사거리도담마을점,본그룹,백반·죽·국수,경기도,용인시,1,2.3,-0.143104,baseline,0.36063325038848826,1
ba_14690122,2025-09,본죽&비빔밥 용인죽전사거리도담마을점,본그룹,백반·죽·국수,경기도,용인시,1,37.412202,-1.827793,baseline,0.3880540597473971,1
ba_14690124,2025-08,본죽&비빔밥 새터마을죽전현대홈타운점,본그룹,백반·죽·국수,경기도,용인시,1,0.13374,-0.118104,baseline,0.7988296976529404,1
ba_14690124,2025-09,본죽&비빔밥 새터마을죽전현대홈타운점,본그룹,백반·죽·국수,경기도,용인시,0,-0.210313,0.638864,baseline,0.8309068871430383,1
ba_14690154,2025-08,본죽&비빔밥 대화역점,본그룹,백반·죽·국수,경기도,고양시,1,0.292843,-0.240074,baseline,0.7965935015842127,1
ba_14690154,2025-09,본죽&비빔밥 대화역점,본그룹,백반·죽·국수,경기도,고양시,0,0.038097,1.684266,baseline,0.7487698581534551,1
ba_14690155,2025-08,본죽&비빔밥 김포걸포점,본그룹,백반·죽·국수,경기도,김포시,1,0.285445,0.10134,baseline,0.9062484890148729,1
ba_14690155,2025-09,본죽&비빔밥 김포걸포점,본그룹,백반·죽·국수,경기도,김포시,0,-0.151768,3.667783,baseline,0.922578867058152,1
ba_14690378,2025-08,본죽 오금점,본그룹,백반·죽·국수,서울특별시,송파구,1,0.27026,0.390229,baseline,0.8319425381560095,1
ba_14690378,2025-09,본죽 오금점,본그룹,백반·죽·국수,서울특별시,송파구,0,0.079545,-0.057482,baseline,0.8486040621350255,1
ba_14690560,2025-08,본죽 창원경상대학교병원점,본그룹,백반·죽·국수,경상남도,창원시,0,-0.028571,0.356896,baseline,0.08153353638316131,0
ba_14690560,2025-09,본죽 창원경상대학교병원점,본그룹,백반·죽·국수,경상남도,창원시,1,30.744168,-1.427793,baseline,0.09793583225909787,0
ba_14690565,2025-08,본죽 창원중앙동점,본그룹,백반·죽·국수,경상남도,창원시,1,0.956406,-0.256147,baseline,0.5124559686331243,1
ba_14690565,2025-09,본죽 창원중앙동점,본그룹,백반·죽·국수,경상남도,창원시,1,0.32044,2.620924,baseline,0.7889284088191729,1
ba_14690576,2025-08,본죽&비빔밥 포항세명병원점,본그룹,백반·죽·국수,경상북도,포항시,0,0.0,-0.143104,baseline,0.3239519540656751,1
ba_14690576,2025-09,본죽&비빔밥 포항세명병원점,본그룹,백반·죽·국수,경상북도,포항시,0,0.0,-1.827793,baseline,0.3239519540656751,1
ba_14690577,2025-08,본죽&비빔밥 포항양덕점,본그룹,백반·죽·국수,경상북도,포항시,1,0.659463,-0.143104,baseline,0.8444201774354728,1
ba_14690577,2025-09,본죽&비빔밥 포항양덕점,본그룹,백반·죽·국수,경상북도,포항시,0,0.013657,1.130477,baseline,0.6249878039027514,1
ba_14690580,2025-08,본죽&비빔밥 포항문덕원동점,본그룹,백반·죽·국수,경상북도,포항시,0,0.0,-0.143104,baseline,0.3289435444014301,1
ba_14690580,2025-09,본죽&비빔밥 포항문덕원동점,본그룹,백반·죽·국수,경상북도,포항시,0,0.0,-1.827793,baseline,0.3289435444014301,1
ba_14690587,2025-08,본죽&비빔밥 포항법원점,본그룹,백반·죽·국수,경상북도,포항시,1,0.374679,1.416896,baseline,0.9500773608572101,1
ba_14690587,2025-09,본죽&비빔밥 포항법원점,본그룹,백반·죽·국수,경상북도,포항시,0,-0.039939,1.0704,baseline,0.9598705671336283,1
ba_14690597,2025-08,본죽&비빔밥 포항상원점,본그룹,백반·죽·국수,경상북도,포항시,0,0.0,-0.143104,baseline,0.34266914804954857,1
ba_14690597,2025-09,본죽&비빔밥 포항상원점,본그룹,백반·죽·국수,경상북도,포항시,0,0.0,-1.827793,baseline,0.34266914804954857,1
ba_14690630,2025-08,본죽&비빔밥 포항창포점,본그룹,백반·죽·국수,경상북도,포항시,1,0.770097,2.256896,baseline,0.8909840496095526,1
ba_14690630,2025-09,본죽&비빔밥 포항창포점,본그룹,백반·죽·국수,경상북도,포항시,1,0.219069,1.924806,baseline,0.8972396073513706,1
ba_14690658,2025-08,본죽&비빔밥 포항이인지구점,본그룹,백반·죽·국수,경상북도,포항시,0,0.0,-0.143104,baseline,0.32133279654852687,1
ba_14690658,2025-09,본죽&비빔밥 포항이인지구점,본그룹,백반·죽·국수,경상북도,포항시,0,0.0,-1.827793,baseline,0.32133279654852687,1
ba_14690660,2025-08,본죽&비빔밥 김해안동푸르지오점,본그룹,백반·죽·국수,경상남도,김해시,0,0.112552,-0.123749,baseline,0.906169101240408,1
ba_14690660,2025-09,본죽&비빔밥 김해안동푸르지오점,본그룹,백반·죽·국수,경상남도,김해시,0,-0.206526,0.254196,baseline,0.9418554512981676,1
ba_14690665,2025-08,본죽&비빔밥 장유신문점,본그룹,백반·죽·국수,경상남도,김해시,1,0.256049,-0.081035,baseline,0.9374692965150732,1
ba_14690665,2025-09,본죽&비빔밥 장유신문점,본그룹,백반·죽·국수,경상남도,김해시,0,-0.103115,0.994374,baseline,0.9412686904727838,1
ba_14690672,2025-08,본죽&비빔밥 김해율하점,본그룹,백반·죽·국수,경상남도,김해시,0,0.113043,-0.184483,baseline,0.25065765780378096,0
ba_14690672,2025-09,본죽&비빔밥 김해율하점,본그룹,백반·죽·국수,경상남도,김해시,1,55.05022,-1.812408,baseline,0.3756391745322962,1
ba_14690673,2025-08,본죽&비빔밥 광주수완점,본그룹,백반·죽·국수,광주광역시,광산구,0,-0.027459,-0.070027,baseline,0.9649216532876864,1
ba_14690673,2025-09,본죽&비빔밥 광주수완점,본그룹,백반·죽·국수,광주광역시,광산구,0,-0.237021,-0.181417,baseline,0.9659096392930394,1
ba_14690674,2025-08,본죽&비빔밥 광주신가점,본그룹,백반·죽·국수,광주광역시,광산구,1,0.282048,-0.201641,baseline,0.8969532339382492,1
ba_14690674,2025-09,본죽&비빔밥 광주신가점,본그룹,백반·죽·국수,광주광역시,광산구,0,-0.088879,1.891348,baseline,0.8990691635380337,1
ba_14690677,2025-08,본죽&비빔밥 김해어방점,본그룹,백반·죽·국수,경상남도,김해시,0,0.057136,0.001511,baseline,0.9615697029330617,1
ba_14690677,2025-09,본죽&비빔밥 김해어방점,본그룹,백반·죽·국수,경상남도,김해시,0,-0.200423,0.543648,baseline,0.9563800658536621,1
ba_14690680,2025-08,본죽&비빔밥 김해율하2지구점,본그룹,백반·죽·국수,경상남도,김해시,1,0.570249,0.044396,baseline,0.971023626242842,1
ba_14690680,2025-09,본죽&비빔밥 김해율하2지구점,본그룹,백반·죽·국수,경상남도,김해시,0,-0.003893,1.777456,baseline,0.9771972596913551,1
ba_14690689,2025-08,본죽&비빔밥 광주신창점,본그룹,백반·죽·국수,광주광역시,광산구,1,0.801352,-0.039104,baseline,0.9536675007079647,1
ba_14690689,2025-09,본죽&비빔밥 광주신창점,본그룹,백반·죽·국수,광주광역시,광산구,1,0.135211,7.671147,baseline,0.9534629171625355,1
ba_14690695,2025-08,본죽&비빔밥 김해구산점,본그룹,백반·죽·국수,경상남도,김해시,1,4.604107,-0.004328,baseline,0.9145970093717796,1
ba_14690695,2025-09,본죽&비빔밥 김해구산점,본그룹,백반·죽·국수,경상남도,김해시,1,0.557519,-1.53477,baseline,0.9759740809453069,1
ba_14690704,2025-08,본죽&비빔밥 김해복음병원점,본그룹,백반·죽·국수,경상남도,김해시,1,9.112102,-0.085961,baseline,0.7650596157031848,1
ba_14690704,2025-09,본죽&비빔밥 김해복음병원점,본그룹,백반·죽·국수,경상남도,김해시,1,1.020528,-1.427793,baseline,0.8412495957082432,1
ba_14690709,2025-08,본죽&비빔밥 김해진영점,본그룹,백반·죽·국수,경상남도,김해시,0,-0.982838,-0.205604,baseline,0.3930209626789698,1
ba_14690709,2025-09,본죽&비빔밥 김해진영점,본그룹,백반·죽·국수,경상남도,김해시,0,-0.981465,-0.83,baseline,0.3219855827726634,1
ba_14690712,2025-08,본죽&비빔밥 광주운남점,본그룹,백반·죽·국수,광주광역시,광산구,1,0.773236,-0.134408,baseline,0.9142172263236171,1
ba_14690712,2025-09,본죽&비빔밥 광주운남점,본그룹,백반·죽·국수,광주광역시,광산구,1,0.297875,2.631267,baseline,0.929149610954311,1
ba_14690718,2025-08,본죽&비빔밥 광주노대점,본그룹,백반·죽·국수,광주광역시,남구,1,0.194229,-0.081566,baseline,0.82881061729048,1
ba_14690718,2025-09,본죽&비빔밥 광주노대점,본그룹,백반·죽·국수,광주광역시,남구,0,-0.060337,0.906341,baseline,0.9197737714284935,1
ba_14690722,2025-08,본죽&비빔밥 광주월곡점,본그룹,백반·죽·국수,광주광역시,광산구,1,1.198676,-0.143104,baseline,0.9022006247433775,1
ba_14690722,2025-09,본죽&비빔밥 광주월곡점,본그룹,백반·죽·국수,광주광역시,광산구,1,0.62318,2.091652,baseline,0.8646349711561061,1
ba_14690723,2025-08,본죽&비빔밥 광주첨단월계점,본그룹,백반·죽·국수,광주광역시,광산구,1,0.119302,0.036896,baseline,0.8468824086669292,1
ba_14690723,2025-09,본죽&비빔밥 광주첨단월계점,본그룹,백반·죽·국수,광주광역시,광산구,0,-0.259262,1.82226,baseline,0.9032285463868087,1
ba_14690724,2025-08,본죽&비빔밥 경남사천점,본그룹,백반·죽·국수,경상남도,사천시,1,0.339581,-0.343104,baseline,0.3236907757585204,1
ba_14690724,2025-09,본죽&비빔밥 경남사천점,본그룹,백반·죽·국수,경상남도,사천시,0,-0.01481,0.134668,baseline,0.30060500490048153,1
ba_14690725,2025-08,본죽&비빔밥 광주주월점,본그룹,백반·죽·국수,광주광역시,남구,0,0.012914,-0.121286,baseline,0.8710317800220526,1
ba_14690725,2025-09,본죽&비빔밥 광주주월점,본그룹,백반·죽·국수,광주광역시,남구,0,-0.152199,0.906733,baseline,0.8249139935281962,1
ba_14690752,2025-08,본 죽&비빔밥 양산이마트앞점,본그룹,백반·죽·국수,경상남도,양산시,1,0.198637,-0.153273,baseline,0.8660497192602126,1
ba_14690752,2025-09,본 죽&비빔밥 양산이마트앞점,본그룹,백반·죽·국수,경상남도,양산시,0,-0.078976,0.879001,baseline,0.9373904639416438,1
ba_14690763,2025-08,본죽&비빔밥 양산남부시장점,본그룹,백반·죽·국수,경상남도,양산시,1,4.336276,-0.223104,baseline,0.7775150907033166,1
ba_14690763,2025-09,본죽&비빔밥 양산남부시장점,본그룹,백반·죽·국수,경상남도,양산시,1,0.891074,-1.902793,baseline,0.8215376831260018,1
ba_14690774,2025-08,본죽&비빔밥 진주신안점,본그룹,백반·죽·국수,경상남도,진주시,0,-0.444272,-0.091675,baseline,0.7550211934193877,1
ba_14690774,2025-09,본죽&비빔밥 진주신안점,본그룹,백반·죽·국수,경상남도,진주시,0,-0.328015,-1.148865,baseline,0.8667618957763658,1
ba_14690786,2025-08,본죽&비빔밥 광주문흥점,본그룹,백반·죽·국수,광주광역시,북구,1,1.059942,-0.121675,baseline,0.9145680169683756,1
ba_14690786,2025-09,본죽&비빔밥 광주문흥점,본그룹,백반·죽·국수,광주광역시,북구,0,0.057899,-1.761126,baseline,0.8979584133987146,1
ba_14690806,2025-08,본죽&비빔밥 광주백운대성초교점,본그룹,백반·죽·국수,광주광역시,남구,1,0.41506,-0.183104,baseline,0.8192397526651612,1
ba_14690806,2025-09,본죽&비빔밥 광주백운대성초교점,본그룹,백반·죽·국수,광주광역시,남구,0,0.096653,0.562998,baseline,0.8705397312057827,1
ba_14690836,2025-08,본죽&비빔밥 마산내서점,본그룹,백반·죽·국수,경상남도,창원시,0,0.0,-0.343104,baseline,0.32361172654463466,1
ba_14690836,2025-09,본죽&비빔밥 마산내서점,본그룹,백반·죽·국수,경상남도,창원시,0,0.0,-2.027793,baseline,0.32361172654463466,1
ba_14690909,2025-08,본죽&비빔밥 마산회원동점,본그룹,백반·죽·국수,경상남도,창원시,0,-0.140741,-0.18428,baseline,0.2563898835347052,0
ba_14690909,2025-09,본죽&비빔밥 마산회원동점,본그룹,백반·죽·국수,경상남도,창원시,0,-0.2,-1.787793,baseline,0.2987627539492488,0
ba_14690983,2025-08,본죽&비빔밥 대전송촌점,본그룹,백반·죽·국수,대전광역시,대덕구,1,0.549862,0.229118,baseline,0.966928343201122,1
ba_14690983,2025-09,본죽&비빔밥 대전송촌점,본그룹,백반·죽·국수,대전광역시,대덕구,0,0.023445,1.68613,baseline,0.969426982762249,1
ba_14690992,2025-08,본죽&비빔밥 대전신탄점,본그룹,백반·죽·국수,대전광역시,대덕구,1,1.371274,-0.06942,baseline,0.7181567763453075,1
ba_14690992,2025-09,본죽&비빔밥 대전신탄점,본그룹,백반·죽·국수,대전광역시,대덕구,1,0.321092,0.346071,baseline,0.9246011016940444,1
ba_14691001,2025-08,본죽&비빔밥 광주연제점,본그룹,백반·죽·국수,광주광역시,북구,1,0.43565,0.056896,baseline,0.8124663011204921,1
ba_14691001,2025-09,본죽&비빔밥 광주연제점,본그룹,백반·죽·국수,광주광역시,북구,0,-0.111235,2.957463,baseline,0.8169330702908245,1
ba_14691005,2025-08,본죽&비빔밥 광주화정점,본그룹,백반·죽·국수,광주광역시,서구,1,0.495831,-0.138849,baseline,0.935156125944458,1
ba_14691005,2025-09,본죽&비빔밥 광주화정점,본그룹,백반·죽·국수,광주광역시,서구,1,0.30066,0.376443,baseline,0.9608795759569647,1
ba_14691030,2025-08,본죽 대구진천역점,본그룹,백반·죽·국수,대구광역시,달서구,0,-0.002615,-0.174683,baseline,0.9108962512212153,1
ba_14691030,2025-09,본죽 대구진천역점,본그룹,백반·죽·국수,대구광역시,달서구,0,-0.208268,-0.10026,baseline,0.8642106083065425,1
ba_14691036,2025-08,본죽&비빔밥 대구다사역점,본그룹,백반·죽·국수,대구광역시,달성군,1,0.141159,-0.176437,baseline,0.855091636070944,1
ba_14691036,2025-09,본죽&비빔밥 대구다사역점,본그룹,백반·죽·국수,대구광역시,달성군,0,-0.086913,0.8905,baseline,0.87833387827129,1
ba_14691037,2025-08,본죽&비빔밥 대전학하점,본그룹,백반·죽·국수,대전광역시,유성구,1,0.138901,-0.073873,baseline,0.9168333291479847,1
ba_14691037,2025-09,본죽&비빔밥 대전학하점,본그룹,백반·죽·국수,대전광역시,유성구,0,-0.13255,0.649586,baseline,0.9237753475192187,1
ba_14691042,2025-08,본죽 대구서재점,본그룹,백반·죽·국수,대구광역시,달성군,0,-0.581262,0.011182,baseline,0.9120968553443688,1
ba_14691042,2025-09,본죽 대구서재점,본그룹,백반·죽·국수,대구광역시,달성군,0,-0.717908,0.266812,baseline,0.9156380842049433,1
ba_14691044,2025-08,본죽&비빔밥 대구대곡역점,본그룹,백반·죽·국수,대구광역시,달성군,1,0.132236,-0.093104,baseline,0.6895304761885018,1
ba_14691044,2025-09,본죽&비빔밥 대구대곡역점,본그룹,백반·죽·국수,대구광역시,달성군,0,-0.421107,2.224059,baseline,0.6994732411225143,1
ba_14691048,2025-08,본죽&비빔밥 진해자은점,본그룹,백반·죽·국수,경상남도,창원시,0,0.0,-0.143104,baseline,0.08889948846861258,0
ba_14691048,2025-09,본죽&비빔밥 진해자은점,본그룹,백반·죽·국수,경상남도,창원시,0,0.0,-1.827793,baseline,0.08889948846861258,0
ba_14691059,2025-08,본죽 대구세천점,본그룹,백반·죽·국수,대구광역시,달성군,1,0.184952,-0.014533,baseline,0.8183701149618108,1
ba_14691059,2025-09,본죽 대구세천점,본그룹,백반·죽·국수,대구광역시,달성군,0,-0.050946,0.693838,baseline,0.8579802197557118,1
ba_14691062,2025-08,본죽&비빔밥 광주염주화정점,본그룹,백반·죽·국수,광주광역시,서구,0,0.025734,-0.077479,baseline,0.9812151642209382,1
ba_14691062,2025-09,본죽&비빔밥 광주염주화정점,본그룹,백반·죽·국수,광주광역시,서구,0,-0.258876,2.586855,baseline,0.9710278718696435,1
ba_14691072,2025-08,본죽&비빔밥 대구신서혁신지구점,본그룹,백반·죽·국수,대구광역시,동구,0,-0.229362,-0.155604,baseline,0.805771320601065,1
ba_14691072,2025-09,본죽&비빔밥 대구신서혁신지구점,본그룹,백반·죽·국수,대구광역시,동구,0,-0.320271,-0.13205,baseline,0.469685562989013,1
ba_14691077,2025-08,본죽&비빔밥 대구파티마병원점,본그룹,백반·죽·국수,대구광역시,동구,1,0.226228,0.018801,baseline,0.913735865967503,1
ba_14691077,2025-09,본죽&비빔밥 대구파티마병원점,본그룹,백반·죽·국수,대구광역시,동구,0,-0.103226,2.443016,baseline,0.8894349605325429,1
ba_14691078,2025-08,본죽&비빔밥 통영항남점,본그룹,백반·죽·국수,경상남도,통영시,0,0.033333,-0.163104,baseline,0.2721085213171386,0
ba_14691078,2025-09,본죽&비빔밥 통영항남점,본그룹,백반·죽·국수,경상남도,통영시,1,62.342813,-1.816682,baseline,0.33116708263797884,1
ba_14691080,2025-08,본죽&비빔밥 대전유성온천역점,본그룹,백반·죽·국수,대전광역시,유성구,1,0.302614,6.923563,baseline,0.9938797744020464,1
ba_14691080,2025-09,본죽&비빔밥 대전유성온천역점,본그룹,백반·죽·국수,대전광역시,유성구,0,0.10626,1.772723,baseline,0.9920286836129871,1
ba_14691084,2025-08,본죽&비빔밥 대전죽동점,본그룹,백반·죽·국수,대전광역시,유성구,1,0.115285,-0.239878,baseline,0.9353967387961155,1
ba_14691084,2025-09,본죽&비빔밥 대전죽동점,본그룹,백반·죽·국수,대전광역시,유성구,0,0.109781,-0.602001,baseline,0.9199452836490367,1
ba_14691088,2025-08,본죽&비빔밥 경산터미널점,본그룹,백반·죽·국수,경상북도,경산시,1,2.140143,-0.283104,baseline,0.7782038364679794,1
ba_14691088,2025-09,본죽&비빔밥 경산터미널점,본그룹,백반·죽·국수,경상북도,경산시,1,0.826689,0.606264,baseline,0.8201270143095761,1
ba_14691089,2025-08,본죽&비빔밥 대전노은3지구점,본그룹,백반·죽·국수,대전광역시,유성구,1,0.284476,-0.127719,baseline,0.8010143353464168,1
ba_14691089,2025-09,본죽&비빔밥 대전노은3지구점,본그룹,백반·죽·국수,대전광역시,유성구,0,0.040922,0.169414,baseline,0.8198171671927617,1
ba_14691093,2025-08,본죽&비빔밥 대전노은점,본그룹,백반·죽·국수,대전광역시,유성구,1,0.251021,3.156896,baseline,0.9510849708847465,1
ba_14691093,2025-09,본죽&비빔밥 대전노은점,본그룹,백반·죽·국수,대전광역시,유성구,0,-0.07822,1.22829,baseline,0.9538439309588053,1
ba_14691101,2025-08,본죽&비빔밥 대구율하점,본그룹,백반·죽·국수,대구광역시,동구,1,0.333645,-0.240778,baseline,0.821405270726929,1
ba_14691101,2025-09,본죽&비빔밥 대구율하점,본그룹,백반·죽·국수,대구광역시,동구,0,-0.12971,1.626548,baseline,0.9510769111041304,1
ba_14691105,2025-08,본죽&비빔밥 대전하기동점,본그룹,백반·죽·국수,대전광역시,유성구,0,0.0,-0.343104,baseline,0.33449546236552113,1
ba_14691105,2025-09,본죽&비빔밥 대전하기동점,본그룹,백반·죽·국수,대전광역시,유성구,0,0.0,-2.027793,baseline,0.33449546236552113,1
ba_14691106,2025-08,본죽&비빔밥 대구동구청점,본그룹,백반·죽·국수,대구광역시,동구,1,0.202314,-0.091675,baseline,0.9030148991685482,1
ba_14691106,2025-09,본죽&비빔밥 대구동구청점,본그룹,백반·죽·국수,대구광역시,동구,0,-0.188759,1.54015,baseline,0.9166661930011611,1
ba_14691112,2025-08,본죽 대구방촌점,본그룹,백반·죽·국수,대구광역시,동구,1,0.23083,0.190229,baseline,0.8855456910453691,1
ba_14691112,2025-09,본죽 대구방촌점,본그룹,백반·죽·국수,대구광역시,동구,0,-0.300417,1.647311,baseline,0.8915229851749089,1
ba_14691116,2025-08,본죽&비빔밥 대구칠곡관음점,본그룹,백반·죽·국수,대구광역시,북구,1,0.730065,-0.106262,baseline,0.851419887340109,1
ba_14691116,2025-09,본죽&비빔밥 대구칠곡관음점,본그룹,백반·죽·국수,대구광역시,북구,1,0.195155,0.481012,baseline,0.8783046731242597,1
ba_14691120,2025-08,본죽&비빔밥 대구북구청점,본그룹,백반·죽·국수,대구광역시,북구,1,0.167918,1.656896,baseline,0.828304987707334,1
ba_14691120,2025-09,본죽&비빔밥 대구북구청점,본그룹,백반·죽·국수,대구광역시,북구,0,-0.125286,1.314911,baseline,0.8201899237862198,1
ba_14691122,2025-08,본죽 부산기장점,본그룹,백반·죽·국수,부산광역시,기장군,0,0.0,-0.143104,baseline,0.09744679945825827,0
ba_14691122,2025-09,본죽 부산기장점,본그룹,백반·죽·국수,부산광역시,기장군,0,0.0,-1.827793,baseline,0.09744679945825827,0
ba_14691130,2025-08,본죽 부산진역점,본그룹,백반·죽·국수,부산광역시,동구,0,0.001292,0.286896,baseline,0.9202104438102465,1
ba_14691130,2025-09,본죽 부산진역점,본그룹,백반·죽·국수,부산광역시,동구,0,-0.221119,0.96,baseline,0.9220070974057126,1
ba_14691145,2025-08,본죽&비빔밥 구미상모점,본그룹,백반·죽·국수,경상북도,구미시,1,0.22,-0.009771,baseline,0.10466397211910038,0
ba_14691145,2025-09,본죽&비빔밥 구미상모점,본그룹,백반·죽·국수,경상북도,구미시,1,62.487427,-1.473947,baseline,0.2669074454852358,0
ba_14691146,2025-08,본죽 부산범내골역점,본그룹,백반·죽·국수,부산광역시,부산진구,0,0.021509,-0.19866,baseline,0.7119375916858285,1
ba_14691146,2025-09,본죽 부산범내골역점,본그룹,백반·죽·국수,부산광역시,부산진구,0,-0.181956,2.544635,baseline,0.45926414917565445,1
ba_14691147,2025-08,본죽&비빔밥 안동성소병원점,본그룹,백반·죽·국수,경상북도,안동시,0,0.088889,-0.209771,baseline,0.2551208207377525,0
ba_14691147,2025-09,본죽&비빔밥 안동성소병원점,본그룹,백반·죽·국수,경상북도,안동시,1,44.532646,-1.756364,baseline,0.3158401646560815,1
ba_14691150,2025-08,본죽 다사죽곡점,본그룹,백반·죽·국수,대구광역시,달성군,1,0.144801,-0.054869,baseline,0.9650759476940045,1
ba_14691150,2025-09,본죽 다사죽곡점,본그룹,백반·죽·국수,대구광역시,달성군,0,0.042715,0.716493,baseline,0.9531792329631977,1
ba_14691155,2025-08,본죽&비빔밥 대구침산네거리점,본그룹,백반·죽·국수,대구광역시,북구,0,-0.17847,-0.113104,baseline,0.9722829189051274,1
ba_14691155,2025-09,본죽&비빔밥 대구침산네거리점,본그룹,백반·죽·국수,대구광역시,북구,0,-0.288904,0.048836,baseline,0.9607205918719657,1
ba_14691171,2025-08,본죽 부산서면점,본그룹,백반·죽·국수,부산광역시,부산진구,1,2.41976,-0.140119,baseline,0.9597283409895823,1
ba_14691171,2025-09,본죽 부산서면점,본그룹,백반·죽·국수,부산광역시,부산진구,1,0.175549,-1.871911,baseline,0.9882097842356835,1
ba_14691172,2025-08,본죽 대구산격점,본그룹,백반·죽·국수,대구광역시,북구,1,4.022411,-0.09866,baseline,0.9130883117001055,1
ba_14691172,2025-09,본죽 대구산격점,본그룹,백반·죽·국수,대구광역시,북구,1,0.505222,-1.706054,baseline,0.9669071930057895,1
ba_14691173,2025-08,본죽&비빔밥 대구복현동점,본그룹,백반·죽·국수,대구광역시,북구,1,0.331167,-0.007104,baseline,0.8915744622243711,1
ba_14691173,2025-09,본죽&비빔밥 대구복현동점,본그룹,백반·죽·국수,대구광역시,북구,0,-0.193592,15.366069,baseline,0.8975641999343279,1
ba_14691178,2025-08,본죽&비빔밥 대구서구청점,본그룹,백반·죽·국수,대구광역시,서구,0,0.066667,-0.075019,baseline,0.7130425957991506,1
ba_14691178,2025-09,본죽&비빔밥 대구서구청점,본그룹,백반·죽·국수,대구광역시,서구,1,1.553778,-1.768219,baseline,0.9860618129692591,1
ba_14691179,2025-08,본죽&비빔밥 내당삼익뉴타운점,본그룹,백반·죽·국수,대구광역시,서구,0,-0.044325,0.05134,baseline,0.9521954036648994,1
ba_14691179,2025-09,본죽&비빔밥 내당삼익뉴타운점,본그룹,백반·죽·국수,대구광역시,서구,0,-0.181572,0.646239,baseline,0.9488168661617514,1
ba_14691187,2025-08,본죽&비빔밥 대구평리뉴타운점,본그룹,백반·죽·국수,대구광역시,서구,1,0.15762,-0.009771,baseline,0.8474370477600414,1
ba_14691187,2025-09,본죽&비빔밥 대구평리뉴타운점,본그룹,백반·죽·국수,대구광역시,서구,0,-0.079712,0.25622,baseline,0.8435901494359399,1
ba_14691194,2025-08,본죽&비빔밥 대구법원점,본그룹,백반·죽·국수,대구광역시,수성구,0,0.026647,0.181896,baseline,0.8667535432828943,1
ba_14691194,2025-09,본죽&비빔밥 대구법원점,본그룹,백반·죽·국수,대구광역시,수성구,0,0.011985,0.084819,baseline,0.8464309036803439,1
ba_14691206,2025-08,굽네피자 강화선원점,굽네치킨,피자,인천광역시,강화군,0,0.0,-0.108569,baseline,0.16420870675738763,0
ba_14691206,2025-09,굽네피자 강화선원점,굽네치킨,피자,인천광역시,강화군,0,0.0,-0.16389,baseline,0.2820979648450244,0
ba_14691209,2025-08,본죽&비빔밥 대구두산점,본그룹,백반·죽·국수,대구광역시,수성구,0,0.08846,0.006896,baseline,0.9529432214255972,1
ba_14691209,2025-09,본죽&비빔밥 대구두산점,본그룹,백반·죽·국수,대구광역시,수성구,0,-0.110335,0.999812,baseline,0.9489931226811597,1
ba_14691228,2025-08,본죽&비빔밥 대구사월점,본그룹,백반·죽·국수,대구광역시,수성구,1,1.355619,-0.223104,baseline,0.4161176335421011,1
ba_14691228,2025-09,본죽&비빔밥 대구사월점,본그룹,백반·죽·국수,대구광역시,수성구,1,0.262864,0.439796,baseline,0.4676082038622899,1
ba_14691234,2025-08,본죽 대구남문시장점,본그룹,백반·죽·국수,대구광역시,중구,1,0.797699,-0.258893,baseline,0.8264652326945385,1
ba_14691234,2025-09,본죽 대구남문시장점,본그룹,백반·죽·국수,대구광역시,중구,1,0.386119,-0.385803,baseline,0.7383873120105693,1
ba_14691235,2025-08,본죽&비빔밥 대구범물동아백화점점,본그룹,백반·죽·국수,대구광역시,수성구,1,0.199073,-0.151437,baseline,0.7792344733672291,1
ba_14691235,2025-09,본죽&비빔밥 대구범물동아백화점점,본그룹,백반·죽·국수,대구광역시,수성구,0,0.03459,0.245296,baseline,0.5923231072961085,1
ba_14691237,2025-08,본죽 대구황금동점,본그룹,백반·죽·국수,대구광역시,수성구,0,-0.2,-0.268818,baseline,0.37968764720987686,1
ba_14691237,2025-09,본죽 대구황금동점,본그룹,백반·죽·국수,대구광역시,수성구,0,0.0,-2.007793,baseline,0.37968764720987686,1
ba_14691245,2025-08,본죽&비빔밥 대구동성로점,본그룹,백반·죽·국수,대구광역시,중구,1,0.402953,0.015229,baseline,0.8983370129158236,1
ba_14691245,2025-09,본죽&비빔밥 대구동성로점,본그룹,백반·죽·국수,대구광역시,중구,0,-0.01172,0.999896,baseline,0.9136576003891796,1
ba_14691262,2025-08,본죽&비빔밥 대구상인롯데점,본그룹,백반·죽·국수,대구광역시,달서구,0,0.0,-0.143104,baseline,0.21504162732164128,0
ba_14691262,2025-09,본죽&비빔밥 대구상인롯데점,본그룹,백반·죽·국수,대구광역시,달서구,0,0.0,-1.827793,baseline,0.21504162732164128,0
ba_14691269,2025-08,본죽 대전도마사거리점,본그룹,백반·죽·국수,대전광역시,서구,1,0.267949,-0.048986,baseline,0.8886480647325736,1
ba_14691269,2025-09,본죽 대전도마사거리점,본그룹,백반·죽·국수,대전광역시,서구,1,0.153197,0.424892,baseline,0.8839748141495902,1
ba_14691270,2025-08,본죽&비빔밥 대구용산장기점,본그룹,백반·죽·국수,대구광역시,달서구,0,-0.623188,0.001014,baseline,0.9645461474548699,1
ba_14691270,2025-09,본죽&비빔밥 대구용산장기점,본그룹,백반·죽·국수,대구광역시,달서구,0,-0.650478,-0.231342,baseline,0.9576204139491398,1
ba_14691272,2025-08,본죽 대전비래점,본그룹,백반·죽·국수,대전광역시,대덕구,0,0.075,-0.266914,baseline,0.19874307483516496,0
ba_14691272,2025-09,본죽 대전비래점,본그룹,백반·죽·국수,대전광역시,대덕구,1,78.835676,-1.89446,baseline,0.2723945067162845,0
ba_14691273,2025-08,본죽&비빔밥 대구성서용산시장점,본그룹,백반·죽·국수,대구광역시,달서구,0,0.031915,-0.218966,baseline,0.8359007041366355,1
ba_14691273,2025-09,본죽&비빔밥 대구성서용산시장점,본그룹,백반·죽·국수,대구광역시,달서구,0,-0.008511,-0.176328,baseline,0.8484286021330218,1
ba_14691277,2025-08,본죽&비빔밥 대구달서구청점,본그룹,백반·죽·국수,대구광역시,달서구,1,0.210578,0.136896,baseline,0.9161149555436817,1
ba_14691277,2025-09,본죽&비빔밥 대구달서구청점,본그룹,백반·죽·국수,대구광역시,달서구,0,-0.153848,0.435335,baseline,0.9422612410967491,1
ba_14691292,2025-08,본죽&비빔밥 대구신매시장점,본그룹,백반·죽·국수,대구광역시,수성구,0,0.071192,0.011441,baseline,0.9161607613423002,1
ba_14691292,2025-09,본죽&비빔밥 대구신매시장점,본그룹,백반·죽·국수,대구광역시,수성구,0,-0.156166,0.538034,baseline,0.9106597409451697,1
ba_14691295,2025-08,본죽&비빔밥 대구월촌역점,본그룹,백반·죽·국수,대구광역시,달서구,0,-0.101902,-0.020462,baseline,0.9683279761977556,1
ba_14691295,2025-09,본죽&비빔밥 대구월촌역점,본그룹,백반·죽·국수,대구광역시,달서구,0,-0.254641,-0.399139,baseline,0.9779362342981711,1
ba_14691296,2025-08,본죽 대덕테크노밸리점,본그룹,백반·죽·국수,대전광역시,유성구,1,0.968556,-0.276437,baseline,0.8762610756186858,1
ba_14691296,2025-09,본죽 대덕테크노밸리점,본그룹,백반·죽·국수,대전광역시,유성구,1,0.314845,-0.428975,baseline,0.8261709151469336,1
ba_14691298,2025-08,본죽&비빔밥 대전전민동점,본그룹,백반·죽·국수,대전광역시,유성구,0,0.008066,0.971182,baseline,0.9402255981616674,1
ba_14691298,2025-09,본죽&비빔밥 대전전민동점,본그룹,백반·죽·국수,대전광역시,유성구,0,-0.237303,1.581141,baseline,0.9287690777524082,1
ba_14691311,2025-08,본죽 경북왜관점,본그룹,백반·죽·국수,경상북도,칠곡군,0,0.0,-0.143104,baseline,0.09496448357356717,0
ba_14691311,2025-09,본죽 경북왜관점,본그룹,백반·죽·국수,경상북도,칠곡군,0,0.0,-1.827793,baseline,0.09496448357356717,0
ba_14691316,2025-08,본죽 포항오천점,본그룹,백반·죽·국수,경상북도,포항시,0,0.0,-0.143104,baseline,0.3528765392461489,1
ba_14691316,2025-09,본죽 포항오천점,본그룹,백반·죽·국수,경상북도,포항시,0,0.0,-1.827793,baseline,0.3528765392461489,1
ba_14691324,2025-08,본죽 포항지곡점,본그룹,백반·죽·국수,경상북도,포항시,0,0.0,-0.143104,baseline,0.35920804860664657,1
ba_14691324,2025-09,본죽 포항지곡점,본그룹,백반·죽·국수,경상북도,포항시,0,0.0,-1.827793,baseline,0.35920804860664657,1
ba_14691330,2025-08,본죽&비빔밥 구미형곡송정점,본그룹,백반·죽·국수,경상북도,구미시,1,0.131034,0.056896,baseline,0.8373240985626198,1
ba_14691330,2025-09,본죽&비빔밥 구미형곡송정점,본그룹,백반·죽·국수,경상북도,구미시,0,-0.060064,0.216896,baseline,0.8302373667567128,1
ba_14691338,2025-08,본죽 포항흥해점,본그룹,백반·죽·국수,경상북도,포항시,0,0.0,-0.143104,baseline,0.345715013334332,1
ba_14691338,2025-09,본죽 포항흥해점,본그룹,백반·죽·국수,경상북도,포항시,0,0.0,-1.827793,baseline,0.345715013334332,1
ba_14691344,2025-08,본죽&비빔밥 경산사동점,본그룹,백반·죽·국수,경상북도,경산시,1,0.208086,-0.143104,baseline,0.934680350754694,1
ba_14691344,2025-09,본죽&비빔밥 경산사동점,본그룹,백반·죽·국수,경상북도,경산시,0,0.012383,0.208157,baseline,0.9242731250479919,1
ba_14691361,2025-08,본죽&비빔밥 경산옥곡점,본그룹,백반·죽·국수,경상북도,경산시,1,0.21785,-0.047452,baseline,0.949311256201038,1
ba_14691361,2025-09,본죽&비빔밥 경산옥곡점,본그룹,백반·죽·국수,경상북도,경산시,0,-0.08557,0.856945,baseline,0.9422186038600385,1
ba_14691372,2025-08,본죽&비빔밥 구미신평비산점,본그룹,백반·죽·국수,경상북도,구미시,1,0.216255,0.256896,baseline,0.8478006586775343,1
ba_14691372,2025-09,본죽&비빔밥 구미신평비산점,본그룹,백반·죽·국수,경상북도,구미시,0,-0.18636,1.595253,baseline,0.5959260870183252,1
ba_14691375,2025-08,본죽&비빔밥 경산중산점,본그룹,백반·죽·국수,경상북도,경산시,0,0.106825,-0.036854,baseline,0.9898691459776704,1
ba_14691375,2025-09,본죽&비빔밥 경산중산점,본그룹,백반·죽·국수,경상북도,경산시,0,-0.210075,0.882345,baseline,0.9877517892575525,1
ba_14691387,2025-08,본죽&비빔밥 경주동국대병원점,본그룹,백반·죽·국수,경상북도,경주시,0,0.0,-0.143104,baseline,0.3244821570415101,1
ba_14691387,2025-09,본죽&비빔밥 경주동국대병원점,본그룹,백반·죽·국수,경상북도,경주시,0,0.0,-1.827793,baseline,0.3244821570415101,1
ba_14691400,2025-08,본죽&비빔밥 경산하양점,본그룹,백반·죽·국수,경상북도,경산시,1,1.08993,-0.143104,baseline,0.8741209400399875,1
ba_14691400,2025-09,본죽&비빔밥 경산하양점,본그룹,백반·죽·국수,경상북도,경산시,1,0.506153,-1.827793,baseline,0.3478730783112502,1
ba_14691401,2025-08,본죽&비빔밥 대구대학교점,본그룹,백반·죽·국수,경상북도,경산시,0,0.028698,-0.343104,baseline,0.30533255668168524,1
ba_14691401,2025-09,본죽&비빔밥 대구대학교점,본그룹,백반·죽·국수,경상북도,경산시,0,-0.315504,0.182708,baseline,0.7058336159278003,1
ba_14691751,2025-08,본죽&비빔밥 대전판암점,본그룹,백반·죽·국수,대전광역시,동구,1,1.346012,-0.150122,baseline,0.9308213837210185,1
ba_14691751,2025-09,본죽&비빔밥 대전판암점,본그룹,백반·죽·국수,대전광역시,동구,1,0.30576,-1.802793,baseline,0.910693453268183,1
ba_14691791,2025-08,본죽 부산숙등역부민병원점,본그룹,백반·죽·국수,부산광역시,북구,0,0.069225,-0.184771,baseline,0.7568942566196857,1
ba_14691791,2025-09,본죽 부산숙등역부민병원점,본그룹,백반·죽·국수,부산광역시,북구,0,-0.224774,2.650255,baseline,0.704126841483348,1
ba_14691797,2025-08,본죽&비빔밥 부산모라점,본그룹,백반·죽·국수,부산광역시,사상구,1,1.319331,-0.124354,baseline,0.7645905505260336,1
ba_14691797,2025-09,본죽&비빔밥 부산모라점,본그룹,백반·죽·국수,부산광역시,사상구,0,0.112357,-1.573248,baseline,0.7753481132936946,1
ba_14691798,2025-08,본죽&비빔밥 울산송정점,본그룹,백반·죽·국수,울산광역시,북구,0,-0.2,-0.300247,baseline,0.36839784919744784,1
ba_14691798,2025-09,본죽&비빔밥 울산송정점,본그룹,백반·죽·국수,울산광역시,북구,0,0.0,-2.027793,baseline,0.36839784919744784,1
ba_14691801,2025-08,본죽 부산구남점,본그룹,백반·죽·국수,부산광역시,북구,1,0.43166,-0.209771,baseline,0.9116373468061894,1
ba_14691801,2025-09,본죽 부산구남점,본그룹,백반·죽·국수,부산광역시,북구,0,-0.019529,1.367643,baseline,0.9413670113837259,1
ba_14691803,2025-08,본죽 부산학장점,본그룹,백반·죽·국수,부산광역시,사상구,0,-0.03871,-0.016788,baseline,0.27210125078046,0
ba_14691803,2025-09,본죽 부산학장점,본그룹,백반·죽·국수,부산광역시,사상구,1,55.184593,-1.784315,baseline,0.42554371223076826,1
ba_14691813,2025-08,본죽&비빔밥 울산호계점,본그룹,백반·죽·국수,울산광역시,북구,1,1.32885,-0.178398,baseline,0.4787374265491953,1
ba_14691813,2025-09,본죽&비빔밥 울산호계점,본그룹,백반·죽·국수,울산광역시,북구,1,0.1697,2.626937,baseline,0.5576773290115048,1
ba_14691815,2025-08,본죽 부산다대점,본그룹,백반·죽·국수,부산광역시,사하구,0,0.054054,-0.111854,baseline,0.11885235570059624,0
ba_14691815,2025-09,본죽 부산다대점,본그룹,백반·죽·국수,부산광역시,사하구,1,66.110897,-1.827793,baseline,0.12535797154539954,0
ba_14691817,2025-08,본죽 부산장림점,본그룹,백반·죽·국수,부산광역시,사하구,0,-0.026667,-0.128818,baseline,0.10875050546653617,0
ba_14691817,2025-09,본죽 부산장림점,본그룹,백반·죽·국수,부산광역시,사하구,1,110.823117,-1.723031,baseline,0.1724713875190958,0
ba_14691829,2025-08,본죽 부산신평가락타운점,본그룹,백반·죽·국수,부산광역시,사하구,1,0.454286,-0.221535,baseline,0.779218750216122,1
ba_14691829,2025-09,본죽 부산신평가락타운점,본그룹,백반·죽·국수,부산광역시,사하구,0,-0.131222,6.137121,baseline,0.7829321388013969,1
ba_14691834,2025-08,본죽 부산고신대병원점,본그룹,백반·죽·국수,부산광역시,서구,0,0.066667,-0.043104,baseline,0.09806829281910297,0
ba_14691834,2025-09,본죽 부산고신대병원점,본그룹,백반·죽·국수,부산광역시,서구,1,98.071883,-1.735485,baseline,0.1186282267154352,0
ba_14691857,2025-08,본죽&비빔밥 부산명지국제중앙점,본그룹,백반·죽·국수,부산광역시,강서구,1,0.456864,-0.007104,baseline,0.9437682144483386,1
ba_14691857,2025-09,본죽&비빔밥 부산명지국제중앙점,본그룹,백반·죽·국수,부산광역시,강서구,0,0.035757,1.067704,baseline,0.9620584794364914,1
ba_14691859,2025-08,본죽&비빔밥 울산오토밸리점,본그룹,백반·죽·국수,울산광역시,북구,1,0.25671,-0.25739,baseline,0.8221645974693942,1
ba_14691859,2025-09,본죽&비빔밥 울산오토밸리점,본그룹,백반·죽·국수,울산광역시,북구,0,-0.033254,0.158047,baseline,0.8193818882897409,1
ba_14691860,2025-08,본죽&비빔밥 부산동삼점,본그룹,백반·죽·국수,부산광역시,영도구,0,0.036842,-0.119575,baseline,0.2330717125510243,0
ba_14691860,2025-09,본죽&비빔밥 부산동삼점,본그룹,백반·죽·국수,부산광역시,영도구,1,58.430771,-1.703655,baseline,0.3473885638290215,1
ba_14691861,2025-08,본죽&비빔밥 울산역금아드림점,본그룹,백반·죽·국수,울산광역시,울주군,1,0.3,-0.309771,baseline,0.1023420823064075,0
ba_14691861,2025-09,본죽&비빔밥 울산역금아드림점,본그룹,백반·죽·국수,울산광역시,울주군,0,0.0,-1.927793,baseline,0.1023420823064075,0
ba_14691863,2025-08,본죽&비빔밥 부산명지cgv점,본그룹,백반·죽·국수,부산광역시,강서구,0,0.0,-0.143104,baseline,0.352198716979388,1
ba_14691863,2025-09,본죽&비빔밥 부산명지cgv점,본그룹,백반·죽·국수,부산광역시,강서구,0,0.0,-1.827793,baseline,0.352198716979388,1
ba_14691864,2025-08,본죽&비빔밥 부산신호점,본그룹,백반·죽·국수,부산광역시,강서구,0,-0.2,-0.283845,baseline,0.3619981441390286,1
ba_14691864,2025-09,본죽&비빔밥 부산신호점,본그룹,백반·죽·국수,부산광역시,강서구,0,0.0,-2.027793,baseline,0.3619981441390286,1
ba_14691884,2025-08,본죽&비빔밥 구서쌍용예가점,본그룹,백반·죽·국수,부산광역시,금정구,0,0.011296,-0.05739,baseline,0.35416789655426417,1
ba_14691884,2025-09,본죽&비빔밥 구서쌍용예가점,본그룹,백반·죽·국수,부산광역시,금정구,0,-0.134834,0.832105,baseline,0.31338807674562347,1
ba_14691891,2025-08,본죽&비빔밥 울산성안점,본그룹,백반·죽·국수,울산광역시,중구,0,-0.032,-0.115831,baseline,0.12115000825371791,0
ba_14691891,2025-09,본죽&비빔밥 울산성안점,본그룹,백반·죽·국수,울산광역시,중구,1,55.961133,-1.819097,baseline,0.12247441838893625,0
ba_14691894,2025-08,본죽 광양마동점,본그룹,백반·죽·국수,전라남도,광양시,0,-0.155372,0.133086,baseline,0.956289022282481,1
ba_14691894,2025-09,본죽 광양마동점,본그룹,백반·죽·국수,전라남도,광양시,0,-0.608444,-1.487793,baseline,0.9404548269728645,1
ba_14691901,2025-08,본죽&비빔밥 약사점,본그룹,백반·죽·국수,울산광역시,중구,1,0.172053,-0.017017,baseline,0.9747533171603963,1
ba_14691901,2025-09,본죽&비빔밥 약사점,본그룹,백반·죽·국수,울산광역시,중구,0,-0.028836,0.655932,baseline,0.9697627919947134,1
ba_14691904,2025-08,본죽&비빔밥 울산우정점,본그룹,백반·죽·국수,울산광역시,중구,0,-0.066667,-0.168104,baseline,0.2913011697604451,0
ba_14691904,2025-09,본죽&비빔밥 울산우정점,본그룹,백반·죽·국수,울산광역시,중구,1,52.473085,-1.852793,baseline,0.33340419758893514,1
ba_14691908,2025-08,본죽&비빔밥 부경대경성대점,본그룹,백반·죽·국수,부산광역시,남구,0,-0.604395,0.036383,baseline,0.8406146189484907,1
ba_14691908,2025-09,본죽&비빔밥 부경대경성대점,본그룹,백반·죽·국수,부산광역시,남구,0,-0.550425,-0.866708,baseline,0.9038420749134011,1
ba_14691909,2025-08,본죽&비빔밥 부산정관모전점,본그룹,백반·죽·국수,부산광역시,기장군,1,1.722314,0.556896,baseline,0.7938443129249699,1
ba_14691909,2025-09,본죽&비빔밥 부산정관모전점,본그룹,백반·죽·국수,부산광역시,기장군,1,0.915693,0.986763,baseline,0.8584242633275073,1
ba_14691910,2025-08,본죽&비빔밥 울산청량점,본그룹,백반·죽·국수,울산광역시,울주군,0,0.0,-0.143104,baseline,0.3763156924384986,1
ba_14691910,2025-09,본죽&비빔밥 울산청량점,본그룹,백반·죽·국수,울산광역시,울주군,0,0.0,-1.827793,baseline,0.3763156924384986,1
ba_14691918,2025-08,본죽&비빔밥 방학도깨비시장점,본그룹,백반·죽·국수,서울특별시,도봉구,0,-0.1,0.356896,baseline,0.33009371155909334,1
ba_14691918,2025-09,본죽&비빔밥 방학도깨비시장점,본그룹,백반·죽·국수,서울특별시,도봉구,1,74.604017,-1.59446,baseline,0.4024544630032292,1
ba_14691943,2025-08,본죽&비빔밥 순천연향점,본그룹,백반·죽·국수,전라남도,순천시,0,0.067391,-0.130338,baseline,0.9731671031060395,1
ba_14691943,2025-09,본죽&비빔밥 순천연향점,본그룹,백반·죽·국수,전라남도,순천시,0,-0.162658,1.261625,baseline,0.9677186515161984,1
ba_14691949,2025-08,본죽&비빔밥 부산범일점,본그룹,백반·죽·국수,부산광역시,동구,1,5.296155,-0.19138,baseline,0.8624268397771574,1
ba_14691949,2025-09,본죽&비빔밥 부산범일점,본그룹,백반·죽·국수,부산광역시,동구,1,0.727099,-1.727793,baseline,0.9632495990960988,1
ba_14691953,2025-08,본죽&비빔밥 순천오천점,본그룹,백반·죽·국수,전라남도,순천시,1,0.429907,-0.013104,baseline,0.9122376912921685,1
ba_14691953,2025-09,본죽&비빔밥 순천오천점,본그룹,백반·죽·국수,전라남도,순천시,0,0.097186,0.413929,baseline,0.9356466743751717,1
ba_14691958,2025-08,본죽&비빔밥 부산내성교차로점,본그룹,백반·죽·국수,부산광역시,동래구,1,0.215166,-0.15587,baseline,0.9193906251335473,1
ba_14691958,2025-09,본죽&비빔밥 부산내성교차로점,본그룹,백반·죽·국수,부산광역시,동래구,0,-0.269128,2.504282,baseline,0.9132414452582974,1
ba_14691965,2025-08,본죽&비빔밥 나주혁신호수공원점,본그룹,백반·죽·국수,전라남도,나주시,1,0.321266,-0.021675,baseline,0.9073080883764193,1
ba_14691965,2025-09,본죽&비빔밥 나주혁신호수공원점,본그룹,백반·죽·국수,전라남도,나주시,0,-0.015106,0.590308,baseline,0.9375578722510831,1
ba_14691969,2025-08,본죽&비빔밥 부산사직점,본그룹,백반·죽·국수,부산광역시,동래구,1,0.721857,0.038146,baseline,0.958281076854249,1
ba_14691969,2025-09,본죽&비빔밥 부산사직점,본그룹,백반·죽·국수,부산광역시,동래구,0,0.021734,16.43222,baseline,0.980342162963271,1
ba_14691974,2025-08,본죽&비빔밥 부산율리점,본그룹,백반·죽·국수,부산광역시,북구,1,0.16919,-0.151437,baseline,0.9112441658326735,1
ba_14691974,2025-09,본죽&비빔밥 부산율리점,본그룹,백반·죽·국수,부산광역시,북구,0,-0.054179,0.262063,baseline,0.8832850119560413,1
ba_14691975,2025-08,본죽&비빔밥 백양산롯데캐슬점,본그룹,백반·죽·국수,부산광역시,부산진구,0,0.056407,0.18388,baseline,0.910846910665329,1
ba_14691975,2025-09,본죽&비빔밥 백양산롯데캐슬점,본그룹,백반·죽·국수,부산광역시,부산진구,0,-0.198617,1.12974,baseline,0.9168031105532849,1
ba_14691976,2025-08,본죽&비빔밥 부산전포점,본그룹,백반·죽·국수,부산광역시,부산진구,1,0.283082,-0.004642,baseline,0.9905974257040682,1
ba_14691976,2025-09,본죽&비빔밥 부산전포점,본그룹,백반·죽·국수,부산광역시,부산진구,0,0.03043,0.765126,baseline,0.9903142952987165,1
ba_14691981,2025-08,본죽&비빔밥 부산개금점,본그룹,백반·죽·국수,부산광역시,부산진구,0,0.0,-0.143104,baseline,0.34583646348325,1
ba_14691981,2025-09,본죽&비빔밥 부산개금점,본그룹,백반·죽·국수,부산광역시,부산진구,0,0.0,-1.827793,baseline,0.34583646348325,1
ba_14691986,2025-08,본죽&비빔밥 제주삼화점,본그룹,백반·죽·국수,제주특별자치도,제주시,0,0.0,-0.143104,baseline,0.31611623850184695,1
ba_14691986,2025-09,본죽&비빔밥 제주삼화점,본그룹,백반·죽·국수,제주특별자치도,제주시,0,0.0,-1.827793,baseline,0.31611623850184695,1
ba_14691989,2025-08,본죽&비빔밥 여천신동아점,본그룹,백반·죽·국수,전라남도,여수시,1,0.364956,-0.021892,baseline,0.9766278978721749,1
ba_14691989,2025-09,본죽&비빔밥 여천신동아점,본그룹,백반·죽·국수,전라남도,여수시,0,-0.04004,4.090642,baseline,0.9680334645529047,1
ba_14691990,2025-08,본죽&비빔밥 제주아라점,본그룹,백반·죽·국수,제주특별자치도,제주시,0,0.0,-0.143104,baseline,0.31303516761693095,1
ba_14691990,2025-09,본죽&비빔밥 제주아라점,본그룹,백반·죽·국수,제주특별자치도,제주시,0,0.0,-1.827793,baseline,0.31303516761693095,1
ba_14691996,2025-08,본죽&비빔밥 부산덕천점,본그룹,백반·죽·국수,부산광역시,북구,1,0.237779,-0.050796,baseline,0.8811896820263257,1
ba_14691996,2025-09,본죽&비빔밥 부산덕천점,본그룹,백반·죽·국수,부산광역시,북구,0,-0.096259,1.49951,baseline,0.8409961595694307,1
ba_14691997,2025-08,본죽&비빔밥 부산사상점,본그룹,백반·죽·국수,부산광역시,사상구,0,0.086364,-0.143104,baseline,0.20947590125204213,0
ba_14691997,2025-09,본죽&비빔밥 부산사상점,본그룹,백반·죽·국수,부산광역시,사상구,1,80.665924,-1.75482,baseline,0.26492730820104543,0
ba_14691998,2025-08,본죽&비빔밥 부산엄궁점,본그룹,백반·죽·국수,부산광역시,사상구,0,-0.392857,0.016896,baseline,0.8982649418116202,1
ba_14691998,2025-09,본죽&비빔밥 부산엄궁점,본그룹,백반·죽·국수,부산광역시,사상구,0,-0.756993,0.545055,baseline,0.9028215719263747,1
ba_14691999,2025-08,본죽&비빔밥 부산동래점,본그룹,백반·죽·국수,부산광역시,동래구,1,0.952023,-0.058489,baseline,0.9298671237577161,1
ba_14691999,2025-09,본죽&비빔밥 부산동래점,본그룹,백반·죽·국수,부산광역시,동래구,1,0.385895,2.7037,baseline,0.9164067950085943,1
ba_14692012,2025-08,본죽&비빔밥 여수여서점,본그룹,백반·죽·국수,전라남도,여수시,1,0.303951,-0.190991,baseline,0.9809675705949282,1
ba_14692012,2025-09,본죽&비빔밥 여수여서점,본그룹,백반·죽·국수,전라남도,여수시,0,-0.140026,2.324325,baseline,0.9848084672495897,1
ba_14692022,2025-08,본죽&비빔밥 여수죽림점,본그룹,백반·죽·국수,전라남도,여수시,1,0.243796,-0.086854,baseline,0.9599645876874866,1
ba_14692022,2025-09,본죽&비빔밥 여수죽림점,본그룹,백반·죽·국수,전라남도,여수시,0,-0.142103,1.17578,baseline,0.9551995025969274,1
ba_14692035,2025-08,본죽&비빔밥 여수미평점,본그룹,백반·죽·국수,전라남도,여수시,0,0.064,-0.079946,baseline,0.26443793243984615,0
ba_14692035,2025-09,본죽&비빔밥 여수미평점,본그룹,백반·죽·국수,전라남도,여수시,1,83.807286,-1.80052,baseline,0.2697500246979341,0
ba_14692042,2025-08,굽네치킨 강화선원점,굽네치킨,치킨,인천광역시,강화군,0,0.0,-0.310001,baseline,0.12290937395154695,0
ba_14692042,2025-09,굽네치킨 강화선원점,굽네치킨,치킨,인천광역시,강화군,0,0.0,-0.166312,baseline,0.21891489950926804,0
ba_14692056,2025-08,본죽&비빔밥 자양동점,본그룹,백반·죽·국수,서울특별시,광진구,0,0.0,-0.143104,baseline,0.11590506701781368,0
ba_14692056,2025-09,본죽&비빔밥 자양동점,본그룹,백반·죽·국수,서울특별시,광진구,0,0.0,-1.827793,baseline,0.11590506701781368,0
ba_14692060,2025-08,본죽&비빔밥 돌곶이역점,본그룹,백반·죽·국수,서울특별시,성북구,1,0.449565,0.00305,baseline,0.9733734684827174,1
ba_14692060,2025-09,본죽&비빔밥 돌곶이역점,본그룹,백반·죽·국수,서울특별시,성북구,0,0.109682,1.685623,baseline,0.970089697052747,1
ba_14692077,2025-08,본죽&비빔밥 진주혁신중앙점,본그룹,백반·죽·국수,경상남도,진주시,0,-0.1,-0.120882,baseline,0.19731210244025266,0
ba_14692077,2025-09,본죽&비빔밥 진주혁신중앙점,본그룹,백반·죽·국수,경상남도,진주시,1,83.875072,-1.805571,baseline,0.161398803061486,0
ba_14692087,2025-08,본죽&비빔밥 신제주점,본그룹,백반·죽·국수,제주특별자치도,제주시,0,0.0,-0.143104,baseline,0.3167643236910445,1
ba_14692087,2025-09,본죽&비빔밥 신제주점,본그룹,백반·죽·국수,제주특별자치도,제주시,0,0.0,-1.827793,baseline,0.3167643236910445,1
ba_14692092,2025-08,본죽&비빔밥 제주외도점,본그룹,백반·죽·국수,제주특별자치도,제주시,0,-1.0,-0.336437,baseline,0.33217175980169444,1
ba_14692092,2025-09,본죽&비빔밥 제주외도점,본그룹,백반·죽·국수,제주특별자치도,제주시,0,-1.0,-2.015293,baseline,0.3139279995673012,1
ba_14692116,2025-08,본죽&비빔밥 부산수영점,본그룹,백반·죽·국수,부산광역시,수영구,1,0.114348,0.426461,baseline,0.9933955698520934,1
ba_14692116,2025-09,본죽&비빔밥 부산수영점,본그룹,백반·죽·국수,부산광역시,수영구,0,-0.172545,1.718396,baseline,0.9917737834362508,1
ba_14692118,2025-08,본죽&비빔밥 여수소호점,본그룹,백반·죽·국수,전라남도,여수시,1,0.375683,1.756896,baseline,0.8732030948137254,1
ba_14692118,2025-09,본죽&비빔밥 여수소호점,본그룹,백반·죽·국수,전라남도,여수시,0,-0.071473,0.80925,baseline,0.8713712824848969,1
ba_14692121,2025-08,본죽&비빔밥 부산법조타운점,본그룹,백반·죽·국수,부산광역시,연제구,0,0.108091,-0.109771,baseline,0.8469877006015512,1
ba_14692121,2025-09,본죽&비빔밥 부산법조타운점,본그룹,백반·죽·국수,부산광역시,연제구,0,-0.201086,1.22668,baseline,0.8567113577521793,1
ba_14692146,2025-08,본죽&비빔밥 부산재송점,본그룹,백반·죽·국수,부산광역시,해운대구,1,4.58322,-0.076437,baseline,0.5850386711398268,1
ba_14692146,2025-09,본죽&비빔밥 부산재송점,본그룹,백반·죽·국수,부산광역시,해운대구,1,0.448582,-1.790293,baseline,0.8745569189646595,1
ba_14692155,2025-08,본죽&비빔밥 해운대백병원점,본그룹,백반·죽·국수,부산광역시,해운대구,1,0.52176,0.300646,baseline,0.9525983387147852,1
ba_14692155,2025-09,본죽&비빔밥 해운대백병원점,본그룹,백반·죽·국수,부산광역시,해운대구,0,0.02855,2.95417,baseline,0.9470560680440818,1
ba_14692164,2025-08,본죽 세종고운점,본그룹,백반·죽·국수,세종특별자치시,마음로,0,0.048553,-0.258893,baseline,0.779829179044952,1
ba_14692164,2025-09,본죽 세종고운점,본그룹,백반·죽·국수,세종특별자치시,마음로,0,-0.143076,0.064013,baseline,0.5197242085177025,1
ba_14692165,2025-08,본죽 세종아름점,본그룹,백반·죽·국수,세종특별자치시,보듬3로,1,0.507693,0.062301,baseline,0.925210619046947,1
ba_14692165,2025-09,본죽 세종아름점,본그룹,백반·죽·국수,세종특별자치시,보듬3로,0,0.052079,1.458985,baseline,0.9462010284520487,1
ba_14692168,2025-08,본죽&비빔밥 해운대장산역점,본그룹,백반·죽·국수,부산광역시,해운대구,1,1.110556,-0.037357,baseline,0.9773114203127792,1
ba_14692168,2025-09,본죽&비빔밥 해운대장산역점,본그룹,백반·죽·국수,부산광역시,해운대구,0,-0.021847,-1.695263,baseline,0.9866897070668179,1
ba_14692178,2025-08,본죽&비빔밥 제주함덕점,본그룹,백반·죽·국수,제주특별자치도,제주시,0,-0.712076,1.056896,baseline,0.8229116240429363,1
ba_14692178,2025-09,본죽&비빔밥 제주함덕점,본그룹,백반·죽·국수,제주특별자치도,제주시,0,-0.581385,-0.420989,baseline,0.31728828395260883,1
ba_14692185,2025-08,본죽&비빔밥 세종첫마을점,본그룹,백반·죽·국수,세종특별자치시,노을3로,0,-0.064103,-0.018104,baseline,0.5719507130188445,1
ba_14692185,2025-09,본죽&비빔밥 세종첫마을점,본그룹,백반·죽·국수,세종특별자치시,노을3로,1,0.402078,-1.727793,baseline,0.7994999794289191,1
ba_14692190,2025-08,본죽&비빔밥 세종다정점,본그룹,백반·죽·국수,세종특별자치시,다정중앙로,0,-0.131337,11.086296,baseline,0.9794029383075582,1
ba_14692190,2025-09,본죽&비빔밥 세종다정점,본그룹,백반·죽·국수,세종특별자치시,다정중앙로,0,-0.264839,-0.370386,baseline,0.9677176407915066,1
ba_14692194,2025-08,본죽&비빔밥 익산영등제일점,본그룹,백반·죽·국수,전북특별자치도,익산시,1,0.222367,0.011441,baseline,0.91010283402491,1
ba_14692194,2025-09,본죽&비빔밥 익산영등제일점,본그룹,백반·죽·국수,전북특별자치도,익산시,0,-0.147147,2.152808,baseline,0.8982721916475482,1
ba_14692201,2025-08,본죽&비빔밥 세종반곡점,본그룹,백반·죽·국수,세종특별자치시,한누리대로,0,-0.014992,-0.124922,baseline,0.800401152107917,1
ba_14692201,2025-09,본죽&비빔밥 세종반곡점,본그룹,백반·죽·국수,세종특별자치시,한누리대로,0,0.018029,-0.347008,baseline,0.9498594575688484,1
ba_14692211,2025-08,본죽&비빔밥 세종해밀점,본그룹,백반·죽·국수,세종특별자치시,해밀3로,0,-0.03409,-0.156897,baseline,0.8975649537596969,1
ba_14692211,2025-09,본죽&비빔밥 세종해밀점,본그룹,백반·죽·국수,세종특별자치시,해밀3로,0,-0.2436,0.323478,baseline,0.9065445246971234,1
ba_14692212,2025-08,본죽&비빔밥 세종대평점,본그룹,백반·죽·국수,세종특별자치시,한누리대로,0,-0.041932,-0.209771,baseline,0.7858955199734832,1
ba_14692212,2025-09,본죽&비빔밥 세종대평점,본그룹,백반·죽·국수,세종특별자치시,한누리대로,0,-0.162855,-0.351903,baseline,0.7882178756414148,1
ba_14692216,2025-08,본죽&비빔밥 조치원죽림점,본그룹,백반·죽·국수,세종특별자치시,조치원읍,0,0.055072,-0.143104,baseline,0.709169103325498,1
ba_14692216,2025-09,본죽&비빔밥 조치원죽림점,본그룹,백반·죽·국수,세종특별자치시,조치원읍,1,0.49419,-0.477793,baseline,0.9271579648761578,1
ba_14692232,2025-08,본죽 아산용화점,본그룹,백반·죽·국수,충청남도,아산시,0,0.098396,0.123563,baseline,0.8694384862895929,1
ba_14692232,2025-09,본죽 아산용화점,본그룹,백반·죽·국수,충청남도,아산시,0,-0.167056,3.500368,baseline,0.8637775577104487,1
ba_14692242,2025-08,본죽&비빔밥 천안쌍용이마트점,본그룹,백반·죽·국수,충청남도,천안시,1,1.215077,0.103563,baseline,0.7336147842829369,1
ba_14692242,2025-09,본죽&비빔밥 천안쌍용이마트점,본그룹,백반·죽·국수,충청남도,천안시,0,-0.327763,1.629923,baseline,0.9882685263773442,1
ba_14692246,2025-08,본죽&비빔밥 천안성성점,본그룹,백반·죽·국수,충청남도,천안시,0,0.057794,-0.048367,baseline,0.9135371171110082,1
ba_14692246,2025-09,본죽&비빔밥 천안성성점,본그룹,백반·죽·국수,충청남도,천안시,0,-0.121591,0.227167,baseline,0.9214533802161077,1
ba_14692251,2025-08,본죽&비빔밥 천안두정점,본그룹,백반·죽·국수,충청남도,천안시,1,0.315838,0.180184,baseline,0.9993937273054972,1
ba_14692251,2025-09,본죽&비빔밥 천안두정점,본그룹,백반·죽·국수,충청남도,천안시,0,-0.347515,-1.64446,baseline,0.9975872683254121,1
ba_14692256,2025-08,본죽&비빔밥 천안성거점,본그룹,백반·죽·국수,충청남도,천안시,0,0.0,-0.143104,baseline,0.37848655071528026,1
ba_14692256,2025-09,본죽&비빔밥 천안성거점,본그룹,백반·죽·국수,충청남도,천안시,0,0.0,-1.827793,baseline,0.37848655071528026,1
ba_14692258,2025-08,본죽 천안쌍용1동점,본그룹,백반·죽·국수,충청남도,천안시,1,0.11591,0.116896,baseline,0.8946358361320715,1
ba_14692258,2025-09,본죽 천안쌍용1동점,본그룹,백반·죽·국수,충청남도,천안시,0,-0.326373,1.603485,baseline,0.9133989933278441,1
ba_14692275,2025-08,본죽&비빔밥 전주객사점,본그룹,백반·죽·국수,전북특별자치도,전주시,1,0.278773,0.116355,baseline,0.9386790842019181,1
ba_14692275,2025-09,본죽&비빔밥 전주객사점,본그룹,백반·죽·국수,전북특별자치도,전주시,0,-0.111392,1.226497,baseline,0.9486022377087927,1
ba_14692278,2025-08,본죽 제천하소점,본그룹,백반·죽·국수,충청북도,제천시,1,0.722281,-0.226437,baseline,0.8276476018382295,1
ba_14692278,2025-09,본죽 제천하소점,본그룹,백반·죽·국수,충청북도,제천시,0,-0.172661,-1.90052,baseline,0.7772139081815401,1
ba_14692282,2025-08,본죽&비빔밥 당진수청점,본그룹,백반·죽·국수,충청남도,당진시,0,0.0,-0.143104,baseline,0.37467203186022496,1
ba_14692282,2025-09,본죽&비빔밥 당진수청점,본그룹,백반·죽·국수,충청남도,당진시,0,0.0,-1.827793,baseline,0.37467203186022496,1
ba_14692289,2025-08,본죽&비빔밥 당진점,본그룹,백반·죽·국수,충청남도,당진시,0,0.0,-0.143104,baseline,0.38280631729648007,1
ba_14692289,2025-09,본죽&비빔밥 당진점,본그룹,백반·죽·국수,충청남도,당진시,0,0.0,-1.827793,baseline,0.38280631729648007,1
ba_14692291,2025-08,본죽 청주하복대점,본그룹,백반·죽·국수,충청북도,청주시,0,-0.078571,-0.088559,baseline,0.11253718283458593,0
ba_14692291,2025-09,본죽 청주하복대점,본그룹,백반·죽·국수,충청북도,청주시,1,38.362646,-1.717793,baseline,0.10269220675266363,0
ba_14692319,2025-08,본죽&비빔밥 제주강정점,본그룹,백반·죽·국수,제주특별자치도,서귀포시,0,0.0,-0.143104,baseline,0.32381367754105905,1
ba_14692319,2025-09,본죽&비빔밥 제주강정점,본그룹,백반·죽·국수,제주특별자치도,서귀포시,0,0.0,-1.827793,baseline,0.32381367754105905,1
ba_14692326,2025-08,본죽&비빔밥 제천청전점,본그룹,백반·죽·국수,충청북도,제천시,1,0.355734,0.037848,baseline,0.9384718037098204,1
ba_14692326,2025-09,본죽&비빔밥 제천청전점,본그룹,백반·죽·국수,충청북도,제천시,0,0.097554,1.32205,baseline,0.9494617202195321,1
ba_14692339,2025-08,본죽&비빔밥 청주분평점,본그룹,백반·죽·국수,충청북도,청주시,0,-0.247319,-0.231993,baseline,0.7394034418616521,1
ba_14692339,2025-09,본죽&비빔밥 청주분평점,본그룹,백반·죽·국수,충청북도,청주시,0,-0.202644,-0.343084,baseline,0.3698280523837551,1
ba_14692346,2025-08,본죽&비빔밥 보령동대점,본그룹,백반·죽·국수,충청남도,보령시,1,1.195921,-0.143104,baseline,0.9345969889969551,1
ba_14692346,2025-09,본죽&비빔밥 보령동대점,본그룹,백반·죽·국수,충청남도,보령시,0,0.068024,-1.832793,baseline,0.9184841530482357,1
ba_14692368,2025-08,본죽&비빔밥 제주서귀포동홍점,본그룹,백반·죽·국수,제주특별자치도,서귀포시,0,-0.8,-0.343104,baseline,0.3307984608820431,1
ba_14692368,2025-09,본죽&비빔밥 제주서귀포동홍점,본그룹,백반·죽·국수,제주특별자치도,서귀포시,0,-0.8,-1.827793,baseline,0.3183375941688826,1
ba_14692383,2025-08,본죽&비빔밥 울산신정시장점,본그룹,백반·죽·국수,울산광역시,남구,0,-0.014286,-0.150001,baseline,0.11114223292518029,0
ba_14692383,2025-09,본죽&비빔밥 울산신정시장점,본그룹,백반·죽·국수,울산광역시,남구,1,50.671482,-1.775619,baseline,0.09966983537390264,0
ba_14692433,2025-08,본죽&비빔밥 충주계룡힐스점,본그룹,백반·죽·국수,충청북도,충주시,1,0.236694,-0.122414,baseline,0.929177877334952,1
ba_14692433,2025-09,본죽&비빔밥 충주계룡힐스점,본그룹,백반·죽·국수,충청북도,충주시,0,-0.038228,0.635886,baseline,0.9099576384978352,1
ba_14692434,2025-08,본죽&비빔밥 천안백석푸르지오점,본그룹,백반·죽·국수,충청남도,천안시,1,0.213333,-0.185209,baseline,0.3200733626435792,1
ba_14692434,2025-09,본죽&비빔밥 천안백석푸르지오점,본그룹,백반·죽·국수,충청남도,천안시,1,59.326854,-1.880425,baseline,0.36359344219187767,1
ba_14692439,2025-08,본죽&비빔밥 청주오송파라곤점,본그룹,백반·죽·국수,충청북도,청주시,0,0.006735,0.09219,baseline,0.9583543999493439,1
ba_14692439,2025-09,본죽&비빔밥 청주오송파라곤점,본그룹,백반·죽·국수,충청북도,청주시,0,-0.179541,0.563052,baseline,0.9569476311604364,1
ba_14692455,2025-08,본죽&비빔밥 천안신불당북부점,본그룹,백반·죽·국수,충청남도,천안시,1,0.267359,0.406896,baseline,0.9002596496351427,1
ba_14692455,2025-09,본죽&비빔밥 천안신불당북부점,본그룹,백반·죽·국수,충청남도,천안시,0,-0.172013,2.294369,baseline,0.9158834294364114,1
ba_14692459,2025-08,본죽&비빔밥 천안불당점,본그룹,백반·죽·국수,충청남도,천안시,1,0.611195,0.105545,baseline,0.9717633466856229,1
ba_14692459,2025-09,본죽&비빔밥 천안불당점,본그룹,백반·죽·국수,충청남도,천안시,0,-0.366605,-1.636884,baseline,0.9784782900068913,1
ba_14692460,2025-08,본죽 안양샘병원점,본그룹,백반·죽·국수,경기도,안양시,0,-0.00965,-0.250796,baseline,0.8447215613113854,1
ba_14692460,2025-09,본죽 안양샘병원점,본그룹,백반·죽·국수,경기도,안양시,0,-0.108253,-0.683302,baseline,0.7029977974179934,1
ba_14692482,2025-08,본죽&비빔밥 충주호암점,본그룹,백반·죽·국수,충청북도,충주시,1,0.199263,-0.017523,baseline,0.9619092657534293,1
ba_14692482,2025-09,본죽&비빔밥 충주호암점,본그룹,백반·죽·국수,충청북도,충주시,0,-0.102928,0.971951,baseline,0.9692041688239196,1
ba_14692505,2025-08,본죽&비빔밥 울산남목점,본그룹,백반·죽·국수,울산광역시,동구,1,0.501989,-0.066914,baseline,0.9263143338328086,1
ba_14692505,2025-09,본죽&비빔밥 울산남목점,본그룹,백반·죽·국수,울산광역시,동구,0,0.107233,1.247911,baseline,0.9337313658403055,1
ba_14692549,2025-08,본죽&비빔밥 안양덕천래미안점,본그룹,백반·죽·국수,경기도,안양시,1,0.573673,0.10134,baseline,0.9198329514581153,1
ba_14692549,2025-09,본죽&비빔밥 안양덕천래미안점,본그룹,백반·죽·국수,경기도,안양시,0,-0.187518,-1.507793,baseline,0.9261641785538157,1
ba_14692551,2025-08,본죽&비빔밥 당산점,본그룹,백반·죽·국수,서울특별시,영등포구,1,0.179784,-0.231104,baseline,0.880609994744217,1
ba_14692551,2025-09,본죽&비빔밥 당산점,본그룹,백반·죽·국수,서울특별시,영등포구,0,-0.022624,0.239524,baseline,0.877887985338291,1
ba_14692592,2025-08,본죽 의정부가능역점,본그룹,백반·죽·국수,경기도,의정부시,1,1.159049,-0.19138,baseline,0.8164553631412662,1
ba_14692592,2025-09,본죽 의정부가능역점,본그룹,백반·죽·국수,경기도,의정부시,0,-0.176238,-1.910552,baseline,0.8420147068067294,1
ba_14692796,2025-08,본죽&비빔밥 아산모종점,본그룹,백반·죽·국수,충청남도,아산시,1,1.542465,-0.060345,baseline,0.8687569882557509,1
ba_14692796,2025-09,본죽&비빔밥 아산모종점,본그룹,백반·죽·국수,충청남도,아산시,0,0.100569,-1.827793,baseline,0.6822529201869101,1
ba_14692985,2025-08,본죽&비빔밥 천안청당점,본그룹,백반·죽·국수,충청남도,천안시,1,0.36019,0.656896,baseline,0.8637241155767472,1
ba_14692985,2025-09,본죽&비빔밥 천안청당점,본그룹,백반·죽·국수,충청남도,천안시,0,-0.154673,1.460336,baseline,0.7558044913025251,1
ba_14693042,2025-08,본죽&비빔밥 전주예수병원점,본그룹,백반·죽·국수,전북특별자치도,전주시,0,-0.063943,0.056896,baseline,0.5704907724590284,1
ba_14693042,2025-09,본죽&비빔밥 전주예수병원점,본그룹,백반·죽·국수,전북특별자치도,전주시,0,-0.209682,0.777543,baseline,0.5176569331311334,1
ba_14693289,2025-08,본죽&비빔밥 천안쌍용3동점,본그룹,백반·죽·국수,충청남도,천안시,0,-0.137143,-0.238626,baseline,0.3195030658128888,1
ba_14693289,2025-09,본죽&비빔밥 천안쌍용3동점,본그룹,백반·죽·국수,충청남도,천안시,0,-0.066667,-1.958941,baseline,0.10510010850285012,0
ba_14694145,2025-08,본죽&비빔밥 합정역점,본그룹,백반·죽·국수,서울특별시,마포구,0,-0.170542,-0.176437,baseline,0.8729108191465779,1
ba_14694145,2025-09,본죽&비빔밥 합정역점,본그룹,백반·죽·국수,서울특별시,마포구,0,-0.434807,0.966487,baseline,0.8507302716230956,1
ba_14694148,2025-08,본죽 통영점,본그룹,백반·죽·국수,경상남도,통영시,1,0.217759,0.240229,baseline,0.936048176529198,1
ba_14694148,2025-09,본죽 통영점,본그룹,백반·죽·국수,경상남도,통영시,0,-0.076596,1.44659,baseline,0.9355677871384531,1
ba_14694278,2025-08,본죽&비빔밥 오금동사거리점,본그룹,백반·죽·국수,서울특별시,송파구,1,0.505055,-0.036437,baseline,0.8329676142377944,1
ba_14694278,2025-09,본죽&비빔밥 오금동사거리점,본그룹,백반·죽·국수,서울특별시,송파구,0,0.015225,1.391516,baseline,0.8653222897402982,1
ba_14694287,2025-08,본죽&비빔밥 인사동점,본그룹,백반·죽·국수,서울특별시,종로구,1,0.233333,-0.223104,baseline,0.10856224200146287,0
ba_14694287,2025-09,본죽&비빔밥 인사동점,본그룹,백반·죽·국수,서울특별시,종로구,1,34.292289,-1.927793,baseline,0.131212589123208,0
ba_14694390,2025-08,본죽&비빔밥 평택시청점,본그룹,백반·죽·국수,경기도,평택시,1,0.368204,1.143563,baseline,0.9768918821987428,1
ba_14694390,2025-09,본죽&비빔밥 평택시청점,본그룹,백반·죽·국수,경기도,평택시,0,-0.060132,2.512673,baseline,0.9688393577836971,1
ba_14694402,2025-08,본죽 월곡점,본그룹,백반·죽·국수,서울특별시,성북구,0,0.018254,-0.087548,baseline,0.6519181940141733,1
ba_14694402,2025-09,본죽 월곡점,본그룹,백반·죽·국수,서울특별시,성북구,0,-0.286446,1.574316,baseline,0.7229616666407094,1
ba_14694577,2025-08,본죽&비빔밥 대구동성로중앙점,본그룹,백반·죽·국수,대구광역시,중구,1,1.811235,-0.326437,baseline,0.4253479145739841,1
ba_14694577,2025-09,본죽&비빔밥 대구동성로중앙점,본그룹,백반·죽·국수,대구광역시,중구,1,0.138636,0.058914,baseline,0.7811234685739388,1
ba_14694620,2025-08,본죽&비빔밥 경산신대부적점,본그룹,백반·죽·국수,경상북도,경산시,1,0.336865,0.010742,baseline,0.9172642409986546,1
ba_14694620,2025-09,본죽&비빔밥 경산신대부적점,본그룹,백반·죽·국수,경상북도,경산시,0,0.053958,0.385281,baseline,0.9459235896449661,1
ba_14694670,2025-08,본죽&비빔밥 충무로역점,본그룹,백반·죽·국수,서울특별시,중구,1,0.173155,-0.158489,baseline,0.7023613649071748,1
ba_14694670,2025-09,본죽&비빔밥 충무로역점,본그룹,백반·죽·국수,서울특별시,중구,0,-0.103805,1.665716,baseline,0.9087932237250272,1
ba_14694671,2025-08,본죽&비빔밥 범계로데오점,본그룹,백반·죽·국수,경기도,안양시,0,-0.437426,-0.124056,baseline,0.8392429149676457,1
ba_14694671,2025-09,본죽&비빔밥 범계로데오점,본그룹,백반·죽·국수,경기도,안양시,0,-0.449318,-0.379506,baseline,0.5178979984604005,1
ba_14695006,2025-08,본죽 안양관양동점,본그룹,백반·죽·국수,경기도,안양시,0,0.101626,-0.143104,baseline,0.9363240365406775,1
ba_14695006,2025-09,본죽 안양관양동점,본그룹,백반·죽·국수,경기도,안양시,0,-0.008421,0.120213,baseline,0.8999461382128097,1
ba_14695008,2025-08,본죽&비빔밥 부산연산점,본그룹,백반·죽·국수,부산광역시,연제구,1,3.625836,-0.200999,baseline,0.7796271666489456,1
ba_14695008,2025-09,본죽&비빔밥 부산연산점,본그룹,백반·죽·국수,부산광역시,연제구,1,0.419771,-1.908745,baseline,0.7492638522398568,1
ba_14695236,2025-08,본죽&비빔밥 제주법원점,본그룹,백반·죽·국수,제주특별자치도,제주시,0,0.0,-0.143104,baseline,0.324596375461865,1
ba_14695236,2025-09,본죽&비빔밥 제주법원점,본그룹,백반·죽·국수,제주특별자치도,제주시,0,0.0,-1.827793,baseline,0.324596375461865,1
ba_14695290,2025-08,본죽&비빔밥 용산센트럴점,본그룹,백반·죽·국수,서울특별시,용산구,1,0.55277,-0.114533,baseline,0.5615657132981803,1
ba_14695290,2025-09,본죽&비빔밥 용산센트럴점,본그룹,백반·죽·국수,서울특별시,용산구,1,0.195784,7.39531,baseline,0.7933476492179784,1
ba_14695958,2025-08,본죽 삼양사거리점,본그룹,백반·죽·국수,서울특별시,강북구,0,-0.034146,-0.060345,baseline,0.7011943345632959,1
ba_14695958,2025-09,본죽 삼양사거리점,본그룹,백반·죽·국수,서울특별시,강북구,1,1.034287,-1.731241,baseline,0.7691038282507668,1
ba_14696544,2025-08,굽네치킨 구리갈매점,굽네치킨,치킨,경기도,구리시,0,0.0,-0.310001,baseline,0.06316862198451742,0
ba_14696544,2025-09,굽네치킨 구리갈매점,굽네치킨,치킨,경기도,구리시,0,0.0,-0.166312,baseline,0.06316862198451742,0
ba_14696545,2025-08,굽네피자 구리갈매점,굽네치킨,피자,경기도,구리시,0,0.0,-0.108569,baseline,0.0942562784440797,0
ba_14696545,2025-09,굽네피자 구리갈매점,굽네치킨,피자,경기도,구리시,0,0.0,-0.16389,baseline,0.0942562784440797,0
ba_14696546,2025-08,굽네치킨&피자 구리갈매점,굽네치킨,치킨,경기도,구리시,0,0.0,-0.310001,baseline,0.06359248695463551,0
ba_14696546,2025-09,굽네치킨&피자 구리갈매점,굽네치킨,치킨,경기도,구리시,0,0.0,-0.166312,baseline,0.06359248695463551,0
ba_14698239,2025-08,본죽&비빔밥 의왕고천점,본그룹,백반·죽·국수,경기도,의왕시,0,0.107692,0.306896,baseline,0.5351949853508162,1
ba_14698239,2025-09,본죽&비빔밥 의왕고천점,본그룹,백반·죽·국수,경기도,의왕시,1,24.389768,-1.752793,baseline,0.533912521778051,1
ba_14698364,2025-08,본죽&비빔밥 청주사창점,본그룹,백반·죽·국수,충청북도,청주시,1,3.940997,-0.147186,baseline,0.8563821082950873,1
ba_14698364,2025-09,본죽&비빔밥 청주사창점,본그룹,백반·죽·국수,충청북도,청주시,1,0.661016,-1.449222,baseline,0.9249746754924628,1
ba_14699201,2025-08,본죽 전농동점,본그룹,백반·죽·국수,서울특별시,동대문구,1,0.508301,-0.015831,baseline,0.8678352220225777,1
ba_14699201,2025-09,본죽 전농동점,본그룹,백반·죽·국수,서울특별시,동대문구,0,-0.140013,6.049394,baseline,0.8458047045877667,1
ba_14699399,2025-08,굽네치킨 와동점,굽네치킨,치킨,경기도,안산시,0,-0.168486,-0.272875,baseline,0.7218450274571131,1
ba_14699399,2025-09,굽네치킨 와동점,굽네치킨,치킨,경기도,안산시,0,0.025335,-0.532514,baseline,0.8005280724344167,1
ba_14699649,2025-08,굽네치킨 시흥신천점,굽네치킨,치킨,경기도,시흥시,0,-0.00414,-0.479092,baseline,0.5296668327696072,1
ba_14699649,2025-09,굽네치킨 시흥신천점,굽네치킨,치킨,경기도,시흥시,0,-0.089981,-0.498943,baseline,0.7228980225181642,1
ba_14700021,2025-08,굽네치킨 영등포본동점,굽네치킨,치킨,서울특별시,영등포구,0,-0.028739,0.235068,baseline,0.8527386795784951,1
ba_14700021,2025-09,굽네치킨 영등포본동점,굽네치킨,치킨,서울특별시,영등포구,0,-0.286692,0.103163,baseline,0.9145836340647222,1
ba_14700213,2025-08,본죽&비빔밥 김포마산점,본그룹,백반·죽·국수,경기도,김포시,0,-0.12,-0.009771,baseline,0.7491949948551411,1
ba_14700213,2025-09,본죽&비빔밥 김포마산점,본그룹,백반·죽·국수,경기도,김포시,1,0.923254,-1.561126,baseline,0.8197603352786137,1
ba_14700905,2025-08,본죽&비빔밥 호탄점,본그룹,백반·죽·국수,경상남도,진주시,1,3.293586,-0.268104,baseline,0.7418952418936936,1
ba_14700905,2025-09,본죽&비빔밥 호탄점,본그룹,백반·죽·국수,경상남도,진주시,1,0.243384,-1.667793,baseline,0.7865153509510978,1
ba_14701137,2025-08,본죽&비빔밥 남양주호평점,본그룹,백반·죽·국수,경기도,남양주시,1,3.675749,-0.179771,baseline,0.8247300894160521,1
ba_14701137,2025-09,본죽&비빔밥 남양주호평점,본그룹,백반·죽·국수,경기도,남양주시,1,0.479282,-1.862881,baseline,0.9539205292659352,1
ba_14701165,2025-08,본죽&비빔밥 연세세브란스빌딩점,본그룹,백반·죽·국수,서울특별시,중구,0,-0.065157,-0.343104,baseline,0.4525720005388769,1
ba_14701165,2025-09,본죽&비빔밥 연세세브란스빌딩점,본그룹,백반·죽·국수,서울특별시,중구,0,-0.201142,1.441139,baseline,0.4419160292490277,1
ba_14702063,2025-08,본죽&비빔밥 목동파라곤점,본그룹,백반·죽·국수,서울특별시,양천구,1,2.386508,-0.018104,baseline,0.11621767103758555,0
ba_14702063,2025-09,본죽&비빔밥 목동파라곤점,본그룹,백반·죽·국수,서울특별시,양천구,1,3.916618,-1.783349,baseline,0.44118644170301285,1
ba_14702120,2025-08,본죽&비빔밥 천안풍세점,본그룹,백반·죽·국수,충청남도,천안시,0,-0.2,-0.105604,baseline,0.27777265510494675,0
ba_14702120,2025-09,본죽&비빔밥 천안풍세점,본그룹,백반·죽·국수,충청남도,천안시,1,67.741538,-1.927793,baseline,0.14635483152708412,0
ba_14702996,2025-08,본죽&비빔밥 사당연세사랑병원점,본그룹,백반·죽·국수,서울특별시,서초구,0,-0.257089,-0.109771,baseline,0.804471473977824,1
ba_14702996,2025-09,본죽&비빔밥 사당연세사랑병원점,본그룹,백반·죽·국수,서울특별시,서초구,0,-0.339358,1.836592,baseline,0.804294292236675,1
ba_14703003,2025-08,본죽 경남거제옥포점,본그룹,백반·죽·국수,경상남도,거제시,0,0.0,-0.143104,baseline,0.20162065071231708,0
ba_14703003,2025-09,본죽 경남거제옥포점,본그룹,백반·죽·국수,경상남도,거제시,0,0.0,-1.827793,baseline,0.20162065071231708,0
ba_14703930,2025-08,본죽 중화역점,본그룹,백반·죽·국수,서울특별시,중랑구,1,0.291137,0.127484,baseline,0.9055748155644813,1
ba_14703930,2025-09,본죽 중화역점,본그룹,백반·죽·국수,서울특별시,중랑구,0,-0.131959,2.329569,baseline,0.9443618158673955,1
ba_14706394,2025-08,본죽&비빔밥 호탄점,본그룹,백반·죽·국수,경상남도,진주시,1,3.692023,-0.162152,baseline,0.9019679187003594,1
ba_14706394,2025-09,본죽&비빔밥 호탄점,본그룹,백반·죽·국수,경상남도,진주시,1,0.769978,-1.818702,baseline,0.949306090827126,1
ba_14708789,2025-08,본죽&비빔밥 파주금릉역점,본그룹,백반·죽·국수,경기도,파주시,1,6.624783,-0.023104,baseline,0.7309093916289684,1
ba_14708789,2025-09,본죽&비빔밥 파주금릉역점,본그룹,백반·죽·국수,경기도,파주시,1,0.680552,-1.727793,baseline,0.8145713567484951,1
ba_14708929,2025-08,굽네치킨 고령다산점,굽네치킨,치킨,경상북도,고령군,0,-0.244429,-0.399498,baseline,0.507630249538573,1
ba_14708929,2025-09,굽네치킨 고령다산점,굽네치킨,치킨,경상북도,고령군,0,-0.152526,-0.530543,baseline,0.7211319294162684,1
ba_14711140,2025-08,본죽&비빔밥 제주삼화점,본그룹,백반·죽·국수,제주특별자치도,제주시,0,0.0,-0.143104,baseline,0.3141762721544817,1
ba_14711140,2025-09,본죽&비빔밥 제주삼화점,본그룹,백반·죽·국수,제주특별자치도,제주시,0,0.0,-1.827793,baseline,0.3141762721544817,1
ba_14711141,2025-08,본죽&비빔밥 제주삼화점,본그룹,백반·죽·국수,제주특별자치도,제주시,0,0.0,-0.143104,baseline,0.3141762721544817,1
ba_14711141,2025-09,본죽&비빔밥 제주삼화점,본그룹,백반·죽·국수,제주특별자치도,제주시,0,0.0,-1.827793,baseline,0.3141762721544817,1
ba_14712294,2025-08,본죽&비빔밥 서울대입구역점,본그룹,백반·죽·국수,서울특별시,관악구,0,0.039411,0.079477,baseline,0.996040916420306,1
ba_14712294,2025-09,본죽&비빔밥 서울대입구역점,본그룹,백반·죽·국수,서울특별시,관악구,0,-0.281364,0.914245,baseline,0.9943623196774709,1
ba_14712797,2025-08,굽네치킨 논공점,굽네치킨,치킨,대구광역시,달성군,1,1.442148,-0.85428,baseline,0.3569017354866235,1
ba_14712797,2025-09,굽네치킨 논공점,굽네치킨,치킨,대구광역시,달성군,1,0.712856,-0.689309,baseline,0.7652898067974829,1
ba_14714062,2025-08,본죽&비빔밥 파주운정산내마을점,본그룹,백반·죽·국수,경기도,파주시,1,0.258735,-0.03367,baseline,0.9906218929374782,1
ba_14714062,2025-09,본죽&비빔밥 파주운정산내마을점,본그룹,백반·죽·국수,경기도,파주시,0,-0.096618,2.091244,baseline,0.9893456019916868,1
ba_14714070,2025-08,본죽&비빔밥 의정부발곡점,본그룹,백반·죽·국수,경기도,의정부시,0,0.100946,0.456896,baseline,0.7730037541315906,1
ba_14714070,2025-09,본죽&비빔밥 의정부발곡점,본그룹,백반·죽·국수,경기도,의정부시,0,-0.125633,-1.827793,baseline,0.41733999527410304,1
ba_14715313,2025-08,굽네치킨&피자 홍은1동점,굽네치킨,치킨,서울특별시,서대문구,0,-0.010753,-0.200001,baseline,0.4094386282417606,1
ba_14715313,2025-09,굽네치킨&피자 홍은1동점,굽네치킨,치킨,서울특별시,서대문구,0,-0.035417,-0.079745,baseline,0.6656501623740427,1
ba_14716102,2025-08,본죽&비빔밥 의정부발곡점,본그룹,백반·죽·국수,경기도,의정부시,1,1.059089,-0.211854,baseline,0.8878644940751343,1
ba_14716102,2025-09,본죽&비빔밥 의정부발곡점,본그룹,백반·죽·국수,경기도,의정부시,1,0.132418,-1.842079,baseline,0.8953556691263033,1
ba_14716332,2025-08,굽네치킨&피자 태평3동점,굽네치킨,치킨,경기도,성남시,1,0.134082,-0.350598,baseline,0.2754363113804874,0
ba_14716332,2025-09,굽네치킨&피자 태평3동점,굽네치킨,치킨,경기도,성남시,0,-0.032718,-0.127195,baseline,0.26502157085133576,0
ba_14719522,2025-08,본죽&비빔밥 전주혁신도시점,본그룹,백반·죽·국수,전북특별자치도,완주군,0,-0.11346,0.116896,baseline,0.8536683336027892,1
ba_14719522,2025-09,본죽&비빔밥 전주혁신도시점,본그룹,백반·죽·국수,전북특별자치도,완주군,0,-0.302255,-0.216719,baseline,0.869467528924674,1
ba_14719554,2025-08,본죽&비빔밥 파주금릉역점,본그룹,백반·죽·국수,경기도,파주시,1,4.484273,0.069799,baseline,0.9215650756441662,1
ba_14719554,2025-09,본죽&비빔밥 파주금릉역점,본그룹,백반·죽·국수,경기도,파주시,1,0.525274,-1.684583,baseline,0.9855685735974379,1
ba_14720262,2025-08,굽네치킨 강화온수점,굽네치킨,치킨,인천광역시,강화군,0,-0.377622,2.414343,baseline,0.3595464289002615,1
ba_14720262,2025-09,굽네치킨 강화온수점,굽네치킨,치킨,인천광역시,강화군,0,-0.254452,0.573312,baseline,0.5154321738932475,1
ba_14720263,2025-08,굽네피자 강화온수점,굽네치킨,피자,인천광역시,강화군,1,0.634113,-0.413965,baseline,0.09057950066990389,0
ba_14720263,2025-09,굽네피자 강화온수점,굽네치킨,피자,인천광역시,강화군,0,-0.032731,-0.57014,baseline,0.6219782458936203,1
ba_14720368,2025-08,본죽&비빔밥 김포마산점,본그룹,백반·죽·국수,경기도,김포시,0,0.052459,-0.184662,baseline,0.7395632717078529,1
ba_14720368,2025-09,본죽&비빔밥 김포마산점,본그룹,백반·죽·국수,경기도,김포시,1,1.352131,-1.880174,baseline,0.9535039591993821,1
ba_14721018,2025-08,굽네치킨&피자 대구서재점,굽네치킨,치킨,대구광역시,달성군,0,0.063092,-0.224377,baseline,0.6237172025809665,1
ba_14721018,2025-09,굽네치킨&피자 대구서재점,굽네치킨,치킨,대구광역시,달성군,0,-0.027485,-0.32058,baseline,0.7178525397431125,1
ba_14725485,2025-08,굽네치킨 구례읍점,굽네치킨,치킨,전라남도,구례군,1,0.283088,-0.683398,baseline,0.3924537212239011,1
ba_14725485,2025-09,굽네치킨 구례읍점,굽네치킨,치킨,전라남도,구례군,1,149.122709,-0.94105,baseline,0.6607549146825292,1
ba_14725627,2025-08,본죽&비빔밥 가평현리점,본그룹,백반·죽·국수,경기도,가평군,1,0.392704,-0.221675,baseline,0.837494478868616,1
ba_14725627,2025-09,본죽&비빔밥 가평현리점,본그룹,백반·죽·국수,경기도,가평군,0,0.018607,0.395413,baseline,0.8324579997946241,1
ba_14726472,2025-08,굽네치킨&피자 신대부적점,굽네치킨,치킨,경상북도,경산시,1,0.145204,-0.061151,baseline,0.31246056253988475,1
ba_14726472,2025-09,굽네치킨&피자 신대부적점,굽네치킨,치킨,경상북도,경산시,1,2.839221,-0.730493,baseline,0.7365732819744256,1
ba_14726738,2025-08,본죽&비빔밥 해운대센텀역점,본그룹,백반·죽·국수,부산광역시,해운대구,1,0.3,-0.209771,baseline,0.09224257293686791,0
ba_14726738,2025-09,본죽&비빔밥 해운대센텀역점,본그룹,백반·죽·국수,부산광역시,해운대구,1,19.891285,-1.761126,baseline,0.2984680411487391,0
ba_14726741,2025-08,본죽&비빔밥 대구방촌해안역점,본그룹,백반·죽·국수,대구광역시,동구,1,0.5,-0.303104,baseline,0.6492286050764611,1
ba_14726741,2025-09,본죽&비빔밥 대구방촌해안역점,본그룹,백반·죽·국수,대구광역시,동구,0,-0.04,-1.884936,baseline,0.21464469300418243,0
ba_14727030,2025-08,본죽&비빔밥 부산명장역점,본그룹,백반·죽·국수,부산광역시,동래구,1,0.429069,-0.131339,baseline,0.9116267296709658,1
ba_14727030,2025-09,본죽&비빔밥 부산명장역점,본그룹,백반·죽·국수,부산광역시,동래구,0,-0.032328,3.098522,baseline,0.9218318931011121,1
ba_14727064,2025-08,본죽&비빔밥 전주혁신도시점,본그룹,백반·죽·국수,전북특별자치도,완주군,1,0.192027,-0.003104,baseline,0.9679549854093488,1
ba_14727064,2025-09,본죽&비빔밥 전주혁신도시점,본그룹,백반·죽·국수,전북특별자치도,완주군,0,-0.004268,0.697554,baseline,0.9637290427396463,1
ba_14727755,2025-08,굽네치킨&피자 덕진금암점,굽네치킨,치킨,전북특별자치도,전주시,0,0.0,-0.310001,baseline,0.14255827195554927,0
ba_14727755,2025-09,굽네치킨&피자 덕진금암점,굽네치킨,치킨,전북특별자치도,전주시,0,0.0,-0.166312,baseline,0.14255827195554927,0
ba_14728291,2025-08,본죽 논산점,본그룹,백반·죽·국수,충청남도,논산시,0,0.0,-0.143104,baseline,0.2475363695559738,0
ba_14728291,2025-09,본죽 논산점,본그룹,백반·죽·국수,충청남도,논산시,1,50.739286,-1.827793,baseline,0.21294777322473213,0
ba_14728444,2025-08,본죽&비빔밥 속초점,본그룹,백반·죽·국수,강원특별자치도,속초시,0,-0.07168,-0.225457,baseline,0.8257003809624394,1
ba_14728444,2025-09,본죽&비빔밥 속초점,본그룹,백반·죽·국수,강원특별자치도,속초시,0,-0.318282,0.398634,baseline,0.8072067876981355,1
ba_14728839,2025-08,굽네치킨 대구동인점,굽네치킨,치킨,대구광역시,중구,0,-0.426878,-0.335897,baseline,0.41712617664730733,1
ba_14728839,2025-09,굽네치킨 대구동인점,굽네치킨,치킨,대구광역시,중구,1,0.146659,-0.521261,baseline,0.7687851895206212,1
ba_14729038,2025-08,굽네치킨&피자 파주읍점,굽네치킨,치킨,경기도,파주시,1,0.453778,-0.826777,baseline,0.5197701291605928,1
ba_14729038,2025-09,굽네치킨&피자 파주읍점,굽네치킨,치킨,경기도,파주시,0,0.015865,-0.644276,baseline,0.7394878118383366,1
ba_14729159,2025-08,굽네치킨 원대자이점,굽네치킨,치킨,대구광역시,서구,1,1.858588,-0.056061,baseline,0.2133220099277775,0
ba_14729159,2025-09,굽네치킨 원대자이점,굽네치킨,치킨,대구광역시,서구,1,1.247726,-0.278776,baseline,0.8882595072587361,1
ba_14729784,2025-08,굽네치킨 경북울진점,굽네치킨,치킨,경상북도,울진군,1,0.488319,-0.17102,baseline,0.1732051680190613,0
ba_14729784,2025-09,굽네치킨 경북울진점,굽네치킨,치킨,경상북도,울진군,1,0.529152,-0.645938,baseline,0.7193763904078235,1
ba_14729971,2025-08,굽네치킨 군포1동점,굽네치킨,치킨,경기도,군포시,0,0.02147,-0.086589,baseline,0.6835750144904003,1
ba_14729971,2025-09,굽네치킨 군포1동점,굽네치킨,치킨,경기도,군포시,1,0.363625,-0.648257,baseline,0.8782216607709649,1
ba_14730328,2025-08,본죽&비빔밥 동탄꼬모점,본그룹,백반·죽·국수,경기도,화성시,1,32.749587,-0.043104,baseline,0.7543579684812488,1
ba_14730328,2025-09,본죽&비빔밥 동탄꼬모점,본그룹,백반·죽·국수,경기도,화성시,1,0.903068,-1.827793,baseline,0.44067550500193564,1
ba_14730330,2025-08,본죽&비빔밥 동탄꼬모점,본그룹,백반·죽·국수,경기도,화성시,1,51.175212,-0.250247,baseline,0.7251280239668254,1
ba_14730330,2025-09,본죽&비빔밥 동탄꼬모점,본그룹,백반·죽·국수,경기도,화성시,1,1.264881,-1.853599,baseline,0.9633895864152927,1
ba_14731363,2025-08,본죽&비빔밥 충북대병원앞점,본그룹,백반·죽·국수,충청북도,청주시,0,-0.06,-0.05739,baseline,0.2512848803951276,0
ba_14731363,2025-09,본죽&비빔밥 충북대병원앞점,본그룹,백반·죽·국수,충청북도,청주시,0,-0.072727,-1.713507,baseline,0.29768424695283935,0
ba_14732026,2025-08,굽네치킨 부산전포점,굽네치킨,치킨,부산광역시,부산진구,1,0.482475,1.979201,baseline,0.996801037377526,1
ba_14732026,2025-09,굽네치킨 부산전포점,굽네치킨,치킨,부산광역시,부산진구,0,-0.299416,1.11624,baseline,0.9916491162980077,1
ba_14732355,2025-08,본죽&비빔밥 속초점,본그룹,백반·죽·국수,강원특별자치도,속초시,1,0.142572,-0.028104,baseline,0.9829712804193268,1
ba_14732355,2025-09,본죽&비빔밥 속초점,본그룹,백반·죽·국수,강원특별자치도,속초시,0,-0.11171,0.511325,baseline,0.9807180621183363,1
ba_14732602,2025-08,굽네치킨 서수원점,굽네치킨,치킨,경기도,수원시,0,-0.165824,0.236643,baseline,0.5868204159175857,1
ba_14732602,2025-09,굽네치킨 서수원점,굽네치킨,치킨,경기도,수원시,0,0.096997,-0.565936,baseline,0.7513512989577855,1
ba_14733416,2025-08,굽네치킨&피자 먹골역점,굽네치킨,치킨,서울특별시,중랑구,0,0.0,-0.310001,baseline,0.0691019876666542,0
ba_14733416,2025-09,굽네치킨&피자 먹골역점,굽네치킨,치킨,서울특별시,중랑구,0,0.0,-0.166312,baseline,0.0691019876666542,0
ba_14733665,2025-08,굽네치킨 수원조원점,굽네치킨,치킨,경기도,수원시,0,-0.15132,-0.24681,baseline,0.5346674892122301,1
ba_14733665,2025-09,굽네치킨 수원조원점,굽네치킨,치킨,경기도,수원시,0,-0.428703,-0.301795,baseline,0.48419810359103654,1
ba_14735216,2025-08,본죽&비빔밥 수지성복점,본그룹,백반·죽·국수,경기도,용인시,1,1.067163,0.356896,baseline,0.9844542747103081,1
ba_14735216,2025-09,본죽&비빔밥 수지성복점,본그룹,백반·죽·국수,경기도,용인시,0,0.009093,-1.568969,baseline,0.982044120614035,1
ba_14735878,2025-08,본죽&비빔밥 시흥능곡점,본그룹,백반·죽·국수,경기도,시흥시,1,2.504873,-0.024185,baseline,0.929830320509016,1
ba_14735878,2025-09,본죽&비빔밥 시흥능곡점,본그룹,백반·죽·국수,경기도,시흥시,1,0.369444,-1.869063,baseline,0.9562745576372685,1
ba_14736681,2025-08,본죽&비빔밥 신림녹두거리점,본그룹,백반·죽·국수,서울특별시,관악구,0,-0.134283,-0.081566,baseline,0.8122825219240457,1
ba_14736681,2025-09,본죽&비빔밥 신림녹두거리점,본그룹,백반·죽·국수,서울특별시,관악구,0,-0.289902,-0.189257,baseline,0.8318222279342108,1
ba_14736683,2025-08,본죽&비빔밥 신림녹두거리점,본그룹,백반·죽·국수,서울특별시,관악구,1,0.227384,0.397247,baseline,0.8989024592595077,1
ba_14736683,2025-09,본죽&비빔밥 신림녹두거리점,본그룹,백반·죽·국수,서울특별시,관악구,0,-0.029233,0.646406,baseline,0.9327109757747317,1
ba_14736722,2025-08,굽네치킨&피자 철원와수점,굽네치킨,치킨,강원특별자치도,철원군,1,0.364922,-0.167876,baseline,0.4749042015048686,1
ba_14736722,2025-09,굽네치킨&피자 철원와수점,굽네치킨,치킨,강원특별자치도,철원군,0,0.081674,-0.290585,baseline,0.6471729431605795,1
ba_14737726,2025-08,굽네치킨 대치4동점,굽네치킨,치킨,서울특별시,강남구,0,-0.071751,1.417174,baseline,0.8901166602897103,1
ba_14737726,2025-09,굽네치킨 대치4동점,굽네치킨,치킨,서울특별시,강남구,0,-0.256603,-0.027676,baseline,0.933752223514186,1
ba_14739745,2025-08,굽네치킨 감정점,굽네치킨,치킨,경기도,김포시,0,0.090056,3.239959,baseline,0.6364336603261722,1
ba_14739745,2025-09,굽네치킨 감정점,굽네치킨,치킨,경기도,김포시,0,-0.170491,0.809666,baseline,0.8494619035294901,1
ba_14739746,2025-08,굽네피자 감정점,굽네치킨,피자,경기도,김포시,1,0.239458,1.949248,baseline,0.5701009188974072,1
ba_14739746,2025-09,굽네피자 감정점,굽네치킨,피자,경기도,김포시,1,0.161208,0.442732,baseline,0.7528888109511861,1
ba_14739815,2025-08,굽네치킨&피자 신창신가점,굽네치킨,치킨,광주광역시,광산구,0,0.010574,1.562987,baseline,0.7632874100437396,1
ba_14739815,2025-09,굽네치킨&피자 신창신가점,굽네치킨,치킨,광주광역시,광산구,1,0.142108,-0.278543,baseline,0.8783855963660357,1
ba_14740022,2025-08,굽네치킨 신봉점,굽네치킨,치킨,경기도,용인시,0,-0.204111,0.793357,baseline,0.5766701878728159,1
ba_14740022,2025-09,굽네치킨 신봉점,굽네치킨,치킨,경기도,용인시,0,-0.252067,-0.208088,baseline,0.751699245633695,1
ba_14740239,2025-08,굽네치킨 임실읍점,굽네치킨,치킨,전북특별자치도,임실군,0,-0.423914,0.054425,baseline,0.5465166374547374,1
ba_14740239,2025-09,굽네치킨 임실읍점,굽네치킨,치킨,전북특별자치도,임실군,0,-0.224024,-0.689942,baseline,0.7294428869897407,1
ba_14741847,2025-08,굽네치킨 거제아시아드점,굽네치킨,치킨,부산광역시,연제구,0,-0.426168,2.01775,baseline,0.901440016405421,1
ba_14741847,2025-09,굽네치킨 거제아시아드점,굽네치킨,치킨,부산광역시,연제구,0,-0.471967,0.06119,baseline,0.864315887113205,1
ba_14742704,2025-08,본죽&비빔밥 청주개신점,본그룹,백반·죽·국수,충청북도,청주시,1,0.527844,0.028325,baseline,0.8262515442150548,1
ba_14742704,2025-09,본죽&비빔밥 청주개신점,본그룹,백반·죽·국수,충청북도,청주시,0,-0.217023,-1.89446,baseline,0.45473195949820444,1
ba_14742705,2025-08,본죽&비빔밥 청주개신점,본그룹,백반·죽·국수,충청북도,청주시,1,0.43799,0.082983,baseline,0.8913875761255905,1
ba_14742705,2025-09,본죽&비빔밥 청주개신점,본그룹,백반·죽·국수,충청북도,청주시,0,-0.077997,5.930254,baseline,0.9182315307250102,1
ba_14743271,2025-08,본죽&비빔밥 안양석수점,본그룹,백반·죽·국수,경기도,안양시,1,2.970847,0.215229,baseline,0.8920534699899202,1
ba_14743271,2025-09,본죽&비빔밥 안양석수점,본그룹,백반·죽·국수,경기도,안양시,1,0.558224,-1.62253,baseline,0.9302249607227042,1
ba_14743731,2025-08,본죽&비빔밥 인천오류왕길점,본그룹,백반·죽·국수,인천광역시,서구,0,-0.240212,-0.276437,baseline,0.7217239319632606,1
ba_14743731,2025-09,본죽&비빔밥 인천오류왕길점,본그룹,백반·죽·국수,인천광역시,서구,0,-0.353704,0.631151,baseline,0.3153045425483695,1
ba_14743732,2025-08,본죽&비빔밥 인천오류왕길점,본그룹,백반·죽·국수,인천광역시,서구,1,0.166807,0.287665,baseline,0.8100146419549656,1
ba_14743732,2025-09,본죽&비빔밥 인천오류왕길점,본그룹,백반·죽·국수,인천광역시,서구,0,-0.214772,2.682344,baseline,0.8380602580993833,1
ba_14744329,2025-08,본죽&비빔밥 송파헬리오시티점,본그룹,백반·죽·국수,서울특별시,송파구,1,0.145101,0.181896,baseline,0.5763088252134968,1
ba_14744329,2025-09,본죽&비빔밥 송파헬리오시티점,본그룹,백반·죽·국수,서울특별시,송파구,0,-0.189428,-0.019382,baseline,0.8639346808897347,1
ba_14744706,2025-08,본죽&비빔밥 세종시청점,본그룹,백반·죽·국수,세종특별자치시,한누리대로,1,1.241943,0.256896,baseline,0.7149367807675354,1
ba_14744706,2025-09,본죽&비빔밥 세종시청점,본그룹,백반·죽·국수,세종특별자치시,한누리대로,1,0.839059,-0.348156,baseline,0.6436512537864054,1
ba_14744959,2025-08,굽네치킨 부산수정점,굽네치킨,치킨,부산광역시,동구,0,0.078982,2.728225,baseline,0.6930341831636091,1
ba_14744959,2025-09,굽네치킨 부산수정점,굽네치킨,치킨,부산광역시,동구,0,-0.287751,0.898194,baseline,0.8420657211655522,1
ba_14746052,2025-08,본죽&비빔밥 포항두호점,본그룹,백반·죽·국수,경상북도,포항시,1,0.308676,0.311441,baseline,0.9284427512286734,1
ba_14746052,2025-09,본죽&비빔밥 포항두호점,본그룹,백반·죽·국수,경상북도,포항시,0,-0.234563,2.373953,baseline,0.9305469359326752,1
ba_14746091,2025-08,굽네치킨&피자 별내청학점,굽네치킨,치킨,경기도,남양주시,0,0.0,-0.310001,baseline,0.06346059974544503,0
ba_14746091,2025-09,굽네치킨&피자 별내청학점,굽네치킨,치킨,경기도,남양주시,0,0.0,-0.166312,baseline,0.06346059974544503,0
ba_14746216,2025-08,굽네치킨&피자 내수점,굽네치킨,치킨,충청북도,청주시,0,-0.270592,1.663671,baseline,0.7222038163132551,1
ba_14746216,2025-09,굽네치킨&피자 내수점,굽네치킨,치킨,충청북도,청주시,0,-0.219908,-0.057468,baseline,0.8304822875316892,1
ba_14747382,2025-08,굽네치킨&피자 양주광적점,굽네치킨,치킨,경기도,양주시,0,-0.043936,2.100078,baseline,0.5709557786528117,1
ba_14747382,2025-09,굽네치킨&피자 양주광적점,굽네치킨,치킨,경기도,양주시,0,-0.040581,-0.159134,baseline,0.7435231508107427,1
ba_14749296,2025-08,굽네치킨&피자 석촌고분점,굽네치킨,치킨,서울특별시,송파구,0,-0.119806,4.062386,baseline,0.9353849646137977,1
ba_14749296,2025-09,굽네치킨&피자 석촌고분점,굽네치킨,치킨,서울특별시,송파구,0,-0.161835,0.486225,baseline,0.961390723928929,1
ba_14753110,2025-08,본죽&비빔밥 청주성화점,본그룹,백반·죽·국수,충청북도,청주시,0,0.101619,1.723563,baseline,0.8687026989955087,1
ba_14753110,2025-09,본죽&비빔밥 청주성화점,본그룹,백반·죽·국수,충청북도,청주시,0,-0.140718,1.086948,baseline,0.8602514085541633,1
ba_14754395,2025-08,굽네치킨 구이점,굽네치킨,치킨,전북특별자치도,완주군,0,-0.054545,-0.310001,baseline,0.15414047285457108,0
ba_14754395,2025-09,굽네치킨 구이점,굽네치킨,치킨,전북특별자치도,완주군,0,0.0,-0.132979,baseline,0.2543356052798596,0
ba_14754893,2025-08,본죽&비빔밥 일산탄현큰마을점,본그룹,백반·죽·국수,경기도,고양시,1,0.12963,-0.143104,baseline,0.23725674518214565,0
ba_14754893,2025-09,본죽&비빔밥 일산탄현큰마을점,본그룹,백반·죽·국수,경기도,고양시,1,119.947514,0.372207,baseline,0.32651330843076815,1
ba_14754936,2025-08,굽네치킨 경주외동점,굽네치킨,치킨,경상북도,경주시,1,0.432632,2.371795,baseline,0.424768771854222,1
ba_14754936,2025-09,굽네치킨 경주외동점,굽네치킨,치킨,경상북도,경주시,1,1.571202,-0.668383,baseline,0.7045036668851131,1
ba_14754965,2025-08,본죽&비빔밥 평택시청점,본그룹,백반·죽·국수,경기도,평택시,0,0.0,-0.343104,baseline,0.35515699475034695,1
ba_14754965,2025-09,본죽&비빔밥 평택시청점,본그룹,백반·죽·국수,경기도,평택시,0,0.0,-2.027793,baseline,0.35515699475034695,1
ba_14756247,2025-08,본죽&비빔밥 일산가좌점,본그룹,백반·죽·국수,경기도,고양시,0,-0.088889,1.456896,baseline,0.2856913015822127,0
ba_14756247,2025-09,본죽&비빔밥 일산가좌점,본그룹,백반·죽·국수,경기도,고양시,1,165.481325,-1.667793,baseline,0.524213676786623,1
ba_14756868,2025-08,본죽&비빔밥 평택시청점,본그룹,백반·죽·국수,경기도,평택시,0,0.0,-0.143104,baseline,0.3552889773065127,1
ba_14756868,2025-09,본죽&비빔밥 평택시청점,본그룹,백반·죽·국수,경기도,평택시,0,0.0,-1.827793,baseline,0.3552889773065127,1
ba_14756888,2025-08,본죽&비빔밥 창원대원점,본그룹,백반·죽·국수,경상남도,창원시,0,-0.355902,-0.143104,baseline,0.9204175749217133,1
ba_14756888,2025-09,본죽&비빔밥 창원대원점,본그룹,백반·죽·국수,경상남도,창원시,0,-0.716773,3.817406,baseline,0.9333478806800672,1
ba_14756889,2025-08,본죽&비빔밥 창원대원점,본그룹,백반·죽·국수,경상남도,창원시,1,0.895961,-0.143104,baseline,0.3581559686621301,1
ba_14756889,2025-09,본죽&비빔밥 창원대원점,본그룹,백반·죽·국수,경상남도,창원시,1,0.772472,0.180804,baseline,0.7837429225135791,1
ba_14757543,2025-08,굽네치킨&피자 동두천중앙점,굽네치킨,치킨,경기도,동두천시,0,-0.161868,-0.310001,baseline,0.814862510049616,1
ba_14757543,2025-09,굽네치킨&피자 동두천중앙점,굽네치킨,치킨,경기도,동두천시,0,-0.339299,3.225875,baseline,0.8077002464577362,1
ba_14757711,2025-08,굽네치킨&피자 칠금문화점,굽네치킨,치킨,충청북도,충주시,0,-0.229509,-0.310001,baseline,0.685541530037798,1
ba_14757711,2025-09,굽네치킨&피자 칠금문화점,굽네치킨,치킨,충청북도,충주시,0,-0.445012,3.425343,baseline,0.7443508349324954,1
ba_14758007,2025-08,굽네치킨 송도신도시점,굽네치킨,치킨,인천광역시,연수구,0,0.0,-0.310001,baseline,0.13435104381856997,0
ba_14758007,2025-09,굽네치킨 송도신도시점,굽네치킨,치킨,인천광역시,연수구,0,0.0,-0.166312,baseline,0.13435104381856997,0
ba_14758255,2025-08,굽네치킨&피자 대구송현점,굽네치킨,치킨,대구광역시,달서구,0,0.054609,-0.310001,baseline,0.47651395570708543,1
ba_14758255,2025-09,굽네치킨&피자 대구송현점,굽네치킨,치킨,대구광역시,달서구,0,-0.072673,3.125269,baseline,0.7496146071529962,1
ba_14759786,2025-08,굽네치킨&피자 퇴계CGV점,굽네치킨,치킨,강원특별자치도,춘천시,0,0.0,-0.310001,baseline,0.05596925765587312,0
ba_14759786,2025-09,굽네치킨&피자 퇴계CGV점,굽네치킨,치킨,강원특별자치도,춘천시,0,0.0,-0.166312,baseline,0.05596925765587312,0
ba_14760741,2025-08,본죽&비빔밥 용인신갈점,본그룹,백반·죽·국수,경기도,용인시,1,2.411355,-0.143104,baseline,0.7710716723716707,1
ba_14760741,2025-09,본죽&비빔밥 용인신갈점,본그룹,백반·죽·국수,경기도,용인시,0,0.053411,-1.827793,baseline,0.7791379415766447,1
ba_14760742,2025-08,본죽&비빔밥 용인신갈점,본그룹,백반·죽·국수,경기도,용인시,1,4.978989,-0.143104,baseline,0.8305649841752974,1
ba_14760742,2025-09,본죽&비빔밥 용인신갈점,본그룹,백반·죽·국수,경기도,용인시,1,1.137839,-0.827793,baseline,0.883257714742115,1
ba_14762166,2025-08,본죽&비빔밥 광주북구청점,본그룹,백반·죽·국수,광주광역시,북구,1,0.337205,-0.143104,baseline,0.7257969743303805,1
ba_14762166,2025-09,본죽&비빔밥 광주북구청점,본그룹,백반·죽·국수,광주광역시,북구,0,-0.296093,-1.757205,baseline,0.44604267033510936,1
ba_14766646,2025-08,본죽&비빔밥 대전한남대점,본그룹,백반·죽·국수,대전광역시,동구,1,0.355556,-0.143104,baseline,0.42970229685385325,1
ba_14766646,2025-09,본죽&비빔밥 대전한남대점,본그룹,백반·죽·국수,대전광역시,동구,0,-0.03,-1.827793,baseline,0.5027832607043469,1
ba_14766647,2025-08,본죽&비빔밥 대전한남대점,본그룹,백반·죽·국수,대전광역시,동구,1,0.288889,-0.143104,baseline,0.4331656409703336,1
ba_14766647,2025-09,본죽&비빔밥 대전한남대점,본그룹,백반·죽·국수,대전광역시,동구,0,0.057576,-1.827793,baseline,0.5004375723637438,1
ba_14766686,2025-08,굽네치킨 운정2호점,굽네치킨,피자,경기도,파주시,1,1.047296,-0.108569,baseline,0.9751153190529855,1
ba_14766686,2025-09,굽네치킨 운정2호점,굽네치킨,피자,경기도,파주시,0,-0.030857,40.43611,baseline,0.9796983928614869,1
ba_14767892,2025-08,굽네치킨&피자 둔촌시장점,굽네치킨,치킨,서울특별시,강동구,1,1.91606,-0.310001,baseline,0.7427680860809043,1
ba_14767892,2025-09,굽네치킨&피자 둔촌시장점,굽네치킨,치킨,서울특별시,강동구,1,0.346538,-0.166312,baseline,0.8714341552949912,1
ba_14767931,2025-08,본죽&비빔밥 신중동점,본그룹,백반·죽·국수,경기도,부천시,0,-0.286128,-0.143104,baseline,0.9524118113626405,1
ba_14767931,2025-09,본죽&비빔밥 신중동점,본그룹,백반·죽·국수,경기도,부천시,0,-0.780512,-1.827793,baseline,0.9379244560546519,1
ba_14767932,2025-08,본죽&비빔밥 신중동점,본그룹,백반·죽·국수,경기도,부천시,1,4.625987,-0.143104,baseline,0.850835954915599,1
ba_14767932,2025-09,본죽&비빔밥 신중동점,본그룹,백반·죽·국수,경기도,부천시,1,2.456416,-1.827793,baseline,0.8794413239892817,1
ba_14768997,2025-08,굽네치킨&피자 양벌점,굽네치킨,치킨,경기도,광주시,0,0.0,-0.310001,baseline,0.05769295356788652,0
ba_14768997,2025-09,굽네치킨&피자 양벌점,굽네치킨,치킨,경기도,광주시,0,0.0,-0.166312,baseline,0.05769295356788652,0
ba_14769185,2025-08,굽네치킨&피자 김천신음점,굽네치킨,치킨,경상북도,김천시,1,0.485768,-0.310001,baseline,0.3495369322665502,1
ba_14769185,2025-09,굽네치킨&피자 김천신음점,굽네치킨,치킨,경상북도,김천시,0,-0.208932,-0.166312,baseline,0.42105675116284746,1
ba_14770149,2025-08,본죽&비빔밥 동탄테크노밸리점,본그룹,백반·죽·국수,경기도,화성시,1,0.4,-0.143104,baseline,0.2972118368383892,0
ba_14770149,2025-09,본죽&비빔밥 동탄테크노밸리점,본그룹,백반·죽·국수,경기도,화성시,1,52.303412,-1.827793,baseline,0.3185472927640482,1
ba_14772060,2025-08,굽네치킨&피자 천호1동점,굽네치킨,치킨,서울특별시,강동구,1,50.513621,-0.310001,baseline,0.398220798173146,1
ba_14772060,2025-09,굽네치킨&피자 천호1동점,굽네치킨,치킨,서울특별시,강동구,1,1.160091,-0.166312,baseline,0.8031970680709102,1
ba_14772844,2025-08,굽네치킨&피자 양촌점,굽네치킨,치킨,경기도,김포시,0,-0.404919,-0.310001,baseline,0.4522283486034339,1
ba_14772844,2025-09,굽네치킨&피자 양촌점,굽네치킨,치킨,경기도,김포시,0,-0.890689,-0.166312,baseline,0.6730944753950688,1
ba_14773134,2025-08,본죽&비빔밥 용인보라점,본그룹,백반·죽·국수,경기도,용인시,1,4.242914,-0.143104,baseline,0.7645480650920234,1
ba_14773134,2025-09,본죽&비빔밥 용인보라점,본그룹,백반·죽·국수,경기도,용인시,0,-0.136983,-1.827793,baseline,0.36989669465487,1
ba_14773135,2025-08,본죽&비빔밥 용인보라점,본그룹,백반·죽·국수,경기도,용인시,1,5.017992,-0.143104,baseline,0.8417186689162436,1
ba_14773135,2025-09,본죽&비빔밥 용인보라점,본그룹,백반·죽·국수,경기도,용인시,1,0.586892,-1.827793,baseline,0.9302284337740616,1
ba_14773140,2025-08,굽네치킨 효자중화산1호점,굽네치킨,치킨,전북특별자치도,전주시,1,1.943385,-0.310001,baseline,0.5389825403226233,1
ba_14773140,2025-09,굽네치킨 효자중화산1호점,굽네치킨,치킨,전북특별자치도,전주시,0,-0.123521,-0.166312,baseline,0.7303433681564352,1
ba_14773773,2025-08,굽네치킨 고덕로데오점,굽네치킨,치킨,경기도,평택시,1,2.890205,-0.310001,baseline,0.7661587697639795,1
ba_14773773,2025-09,굽네치킨 고덕로데오점,굽네치킨,치킨,경기도,평택시,1,0.323878,-0.166312,baseline,0.939168989768042,1
ba_14775022,2025-08,본죽&비빔밥 광혜원점,본그룹,백반·죽·국수,충청북도,진천군,1,0.188235,-0.143104,baseline,0.35604239316744785,1
ba_14775022,2025-09,본죽&비빔밥 광혜원점,본그룹,백반·죽·국수,충청북도,진천군,1,51.356506,-1.827793,baseline,0.20699272165115362,0
ba_14775582,2025-08,본죽&비빔밥 시흥배곧한라점,본그룹,백반·죽·국수,경기도,시흥시,0,-0.2,-0.143104,baseline,0.3079023227833206,1
ba_14775582,2025-09,본죽&비빔밥 시흥배곧한라점,본그룹,백반·죽·국수,경기도,시흥시,0,-0.2,-1.827793,baseline,0.10210605363286859,0
ba_14775705,2025-08,본죽&비빔밥 익산원광대병원점,본그룹,백반·죽·국수,전북특별자치도,익산시,1,0.216667,-0.143104,baseline,0.4899193975650794,1
ba_14775705,2025-09,본죽&비빔밥 익산원광대병원점,본그룹,백반·죽·국수,전북특별자치도,익산시,1,36.073917,-1.827793,baseline,0.7259516881681255,1
ba_14775877,2025-08,굽네치킨&피자 세종아름점,굽네치킨,치킨,세종특별자치시,세종로,1,2.048324,-0.310001,baseline,0.5606997813471503,1
ba_14775877,2025-09,굽네치킨&피자 세종아름점,굽네치킨,치킨,세종특별자치시,세종로,1,0.276478,-0.166312,baseline,0.7479178347944423,1
ba_14776515,2025-08,굽네치킨 대소점,굽네치킨,치킨,충청북도,음성군,1,0.493554,-0.310001,baseline,0.666331614936717,1
ba_14776515,2025-09,굽네치킨 대소점,굽네치킨,치킨,충청북도,음성군,0,-0.311631,-0.166312,baseline,0.3916516573675467,1
ba_14778106,2025-08,굽네치킨 구로디지털점,굽네치킨,치킨,서울특별시,구로구,0,-0.2,-0.310001,baseline,0.15701287602121028,0
ba_14778106,2025-09,굽네치킨 구로디지털점,굽네치킨,치킨,서울특별시,구로구,0,-0.2,-0.166312,baseline,0.27141369685412753,0
ba_14778684,2025-08,본죽&비빔밥 대구대천점,본그룹,백반·죽·국수,대구광역시,달서구,1,1.1,-0.143104,baseline,0.2295419140023828,0
ba_14778684,2025-09,본죽&비빔밥 대구대천점,본그룹,백반·죽·국수,대구광역시,달서구,1,94.147725,-1.827793,baseline,0.12685310399190106,0
ba_14780115,2025-08,굽네치킨&피자 부사문창점,굽네치킨,치킨,대전광역시,중구,1,3.011936,-0.310001,baseline,0.6354584197625663,1
ba_14780115,2025-09,굽네치킨&피자 부사문창점,굽네치킨,치킨,대전광역시,중구,1,0.483256,-0.166312,baseline,0.8761381742747605,1
ba_14780432,2025-08,본죽&비빔밥 경기광주태전힐스테이트점,본그룹,백반·죽·국수,경기도,광주시,0,0.066667,-0.143104,baseline,0.3008872609398804,1
ba_14780432,2025-09,본죽&비빔밥 경기광주태전힐스테이트점,본그룹,백반·죽·국수,경기도,광주시,1,185.235054,-1.827793,baseline,0.1404714613808735,0
ba_14781731,2025-08,본죽&비빔밥 하남시청점,본그룹,백반·죽·국수,경기도,하남시,1,0.533333,-0.143104,baseline,0.2884030105541412,0
ba_14781731,2025-09,본죽&비빔밥 하남시청점,본그룹,백반·죽·국수,경기도,하남시,1,0.533333,-1.827793,baseline,0.10606011276104065,0
ba_14782074,2025-08,굽네치킨 관음점,굽네치킨,치킨,대구광역시,북구,0,0.0,-0.310001,baseline,0.1332847006472211,0
ba_14782074,2025-09,굽네치킨 관음점,굽네치킨,치킨,대구광역시,북구,1,0.85939,-0.166312,baseline,0.7176440656441513,1
ba_14782170,2025-08,굽네치킨 수산점,굽네치킨,치킨,경상남도,밀양시,1,0.718533,-0.310001,baseline,0.4418503765234209,1
ba_14782170,2025-09,굽네치킨 수산점,굽네치킨,치킨,경상남도,밀양시,0,-0.152576,-0.166312,baseline,0.6315911993089914,1
ba_14782523,2025-08,굽네치킨&피자 동부산오시리아점,굽네치킨,치킨,부산광역시,기장군,1,69.455431,-0.310001,baseline,0.3827610617018392,1
ba_14782523,2025-09,굽네치킨&피자 동부산오시리아점,굽네치킨,치킨,부산광역시,기장군,1,0.852151,-0.166312,baseline,0.7601666162155668,1
ba_14782607,2025-08,굽네치킨 경산중방점,굽네치킨,치킨,경상북도,경산시,1,2.247253,-0.310001,baseline,0.5699040638146523,1
ba_14782607,2025-09,굽네치킨 경산중방점,굽네치킨,치킨,경상북도,경산시,0,0.097348,-0.166312,baseline,0.7945008645266592,1
ba_14783137,2025-08,굽네치킨 포천이동점,굽네치킨,치킨,경기도,포천시,1,0.933333,-0.310001,baseline,0.34677543167314806,1
ba_14783137,2025-09,굽네치킨 포천이동점,굽네치킨,치킨,경기도,포천시,1,9.0309,-0.166312,baseline,0.6009294315831275,1
ba_14783436,2025-08,본죽&비빔밥 마산합포오동점,본그룹,백반·죽·국수,경상남도,창원시,1,0.8,-0.143104,baseline,0.42841467598387933,1
ba_14783436,2025-09,본죽&비빔밥 마산합포오동점,본그룹,백반·죽·국수,경상남도,창원시,0,-0.2,-1.827793,baseline,0.2555189121069567,0
ba_14783596,2025-08,굽네치킨 사상역점,굽네치킨,치킨,부산광역시,사상구,1,2.319432,-0.310001,baseline,0.6988296438873699,1
ba_14783596,2025-09,굽네치킨 사상역점,굽네치킨,치킨,부산광역시,사상구,1,0.547959,-0.166312,baseline,0.8512715532399796,1
ba_14785504,2025-08,본죽&비빔밥 증평점,본그룹,백반·죽·국수,충청북도,증평군,1,0.220513,-0.143104,baseline,0.712312145886954,1
ba_14785504,2025-09,본죽&비빔밥 증평점,본그룹,백반·죽·국수,충청북도,증평군,0,0.054795,-1.827793,baseline,0.7217645162279629,1
ba_14786815,2025-08,본죽&비빔밥 부산남천동점,본그룹,백반·죽·국수,부산광역시,수영구,0,0.0,-0.143104,baseline,0.0924937591415163,0
ba_14786815,2025-09,본죽&비빔밥 부산남천동점,본그룹,백반·죽·국수,부산광역시,수영구,1,103.812701,-1.827793,baseline,0.09150124920002617,0
ba_14787229,2025-08,본죽&비빔밥 수원호매실화홍병원점,본그룹,백반·죽·국수,경기도,수원시,1,4.533333,-0.143104,baseline,0.25136646423533293,0
ba_14787229,2025-09,본죽&비빔밥 수원호매실화홍병원점,본그룹,백반·죽·국수,경기도,수원시,1,81.427186,-1.827793,baseline,0.31115529582444007,1
ba_14787776,2025-08,굽네치킨&피자 지제동삭점,굽네치킨,치킨,경기도,평택시,0,0.0,-0.310001,baseline,0.14583891044029018,0
ba_14787776,2025-09,굽네치킨&피자 지제동삭점,굽네치킨,치킨,경기도,평택시,1,1.403662,-0.166312,baseline,0.8538472892749734,1
ba_14788152,2025-08,굽네피자 초읍점,굽네치킨,피자,부산광역시,부산진구,0,0.0,-0.108569,baseline,0.1832667524133283,0
ba_14788152,2025-09,굽네피자 초읍점,굽네치킨,피자,부산광역시,부산진구,1,32.485328,-0.16389,baseline,0.3177707952013759,1
ba_14788494,2025-08,굽네치킨 경화태백점,굽네치킨,치킨,경상남도,창원시,0,0.0,-0.310001,baseline,0.10368888280883522,0
ba_14788494,2025-09,굽네치킨 경화태백점,굽네치킨,치킨,경상남도,창원시,1,1.674732,-0.166312,baseline,0.7661270605428202,1
ba_14788679,2025-08,본죽&비빔밥 안산선부점,본그룹,백반·죽·국수,경기도,안산시,0,0.0,-0.143104,baseline,0.1047561589004098,0
ba_14788679,2025-09,본죽&비빔밥 안산선부점,본그룹,백반·죽·국수,경기도,안산시,1,73.545054,-1.827793,baseline,0.32743179578656045,1
ba_14789833,2025-08,굽네치킨&피자 순천풍덕점,굽네치킨,치킨,전라남도,순천시,0,0.0,-0.310001,baseline,0.1341617000377275,0
ba_14789833,2025-09,굽네치킨&피자 순천풍덕점,굽네치킨,치킨,전라남도,순천시,1,1.775559,-0.166312,baseline,0.7247557994306718,1
ba_14789844,2025-08,굽네치킨 부산우2동점,굽네치킨,치킨,부산광역시,해운대구,0,0.0,-0.310001,baseline,0.1340600260587415,0
ba_14789844,2025-09,굽네치킨 부산우2동점,굽네치킨,치킨,부산광역시,해운대구,1,1.347329,-0.166312,baseline,0.8602406373536098,1
ba_14791302,2025-08,굽네치킨 초읍점,굽네치킨,치킨,부산광역시,부산진구,0,0.0,-0.310001,baseline,0.11778673260332939,0
ba_14791302,2025-09,굽네치킨 초읍점,굽네치킨,치킨,부산광역시,부산진구,1,2.298626,-0.166312,baseline,0.708512529459565,1
ba_14791437,2025-08,굽네치킨&피자 신수점,굽네치킨,치킨,서울특별시,마포구,0,0.0,-0.310001,baseline,0.15559887414663837,0
ba_14791437,2025-09,굽네치킨&피자 신수점,굽네치킨,치킨,서울특별시,마포구,0,0.0,-0.166312,baseline,0.15559887414663837,0
ba_14792754,2025-08,굽네치킨 보라점,굽네치킨,치킨,경기도,용인시,0,0.0,-0.310001,baseline,0.14059747081321025,0
ba_14792754,2025-09,굽네치킨 보라점,굽네치킨,치킨,경기도,용인시,0,0.0,-0.166312,baseline,0.24653577445632943,0
ba_14793023,2025-08,본죽&비빔밥 장호원점,본그룹,백반·죽·국수,경기도,이천시,0,0.0,-0.143104,baseline,0.10561297324840392,0
ba_14793023,2025-09,본죽&비빔밥 장호원점,본그룹,백반·죽·국수,경기도,이천시,1,50.403068,-1.827793,baseline,0.138347802304434,0
ba_14794083,2025-08,본죽&비빔밥 부산광안역점,본그룹,백반·죽·국수,부산광역시,수영구,0,0.0,-0.143104,baseline,0.09051083171568747,0
ba_14794083,2025-09,본죽&비빔밥 부산광안역점,본그룹,백반·죽·국수,부산광역시,수영구,1,53.001889,-1.827793,baseline,0.3692590127511522,1
ba_14794547,2025-08,굽네치킨&피자 회기역점,굽네치킨,치킨,서울특별시,동대문구,0,0.0,-0.310001,baseline,0.17022798253997293,0
ba_14794547,2025-09,굽네치킨&피자 회기역점,굽네치킨,치킨,서울특별시,동대문구,1,204.630043,-0.166312,baseline,0.5904618631274974,1
ba_14795104,2025-08,굽네치킨 독산스타점,굽네치킨,치킨,서울특별시,금천구,0,0.0,-0.310001,baseline,0.16191290510850445,0
ba_14795104,2025-09,굽네치킨 독산스타점,굽네치킨,치킨,서울특별시,금천구,1,6.146782,-0.166312,baseline,0.790283658184905,1
ba_14795563,2025-08,본죽&비빔밥 잠원역점,본그룹,백반·죽·국수,서울특별시,서초구,0,0.0,-0.143104,baseline,0.11652051979256607,0
ba_14795563,2025-09,본죽&비빔밥 잠원역점,본그룹,백반·죽·국수,서울특별시,서초구,1,75.786169,-1.827793,baseline,0.15084797226709823,0
ba_14796264,2025-08,굽네치킨 종암스타점,굽네치킨,치킨,서울특별시,성북구,0,0.0,-0.310001,baseline,0.068840665488177,0
ba_14796264,2025-09,굽네치킨 종암스타점,굽네치킨,치킨,서울특별시,성북구,0,0.0,-0.166312,baseline,0.068840665488177,0
ba_14796355,2025-08,본죽&비빔밥 남양주퇴계원점,본그룹,백반·죽·국수,경기도,남양주시,0,0.0,-0.143104,baseline,0.21915550347026744,0
ba_14796355,2025-09,본죽&비빔밥 남양주퇴계원점,본그룹,백반·죽·국수,경기도,남양주시,0,0.0,-1.827793,baseline,0.21915550347026744,0
ba_14796833,2025-08,굽네치킨&피자 성황골약점,굽네치킨,치킨,전라남도,광양시,0,0.0,-0.310001,baseline,0.13986392224714278,0
ba_14796833,2025-09,굽네치킨&피자 성황골약점,굽네치킨,치킨,전라남도,광양시,1,53.093787,-0.166312,baseline,0.6240562733535122,1
ba_14796835,2025-08,굽네치킨 모라점,굽네치킨,치킨,부산광역시,사상구,0,0.0,-0.310001,baseline,0.1334297021060054,0
ba_14796835,2025-09,굽네치킨 모라점,굽네치킨,치킨,부산광역시,사상구,1,758.887363,-0.166312,baseline,0.6144607861314029,1
ba_14796881,2025-08,굽네치킨 안산부곡점,굽네치킨,치킨,경기도,안산시,0,0.0,-0.310001,baseline,0.057697501109947535,0
ba_14796881,2025-09,굽네치킨 안산부곡점,굽네치킨,치킨,경기도,안산시,0,0.0,-0.166312,baseline,0.057697501109947535,0
ba_14797330,2025-08,굽네치킨&피자 초전점,굽네치킨,치킨,경상남도,진주시,0,0.0,-0.310001,baseline,0.10790510906545538,0
ba_14797330,2025-09,굽네치킨&피자 초전점,굽네치킨,치킨,경상남도,진주시,0,0.0,-0.166312,baseline,0.10790510906545538,0
ba_14797390,2025-08,굽네치킨 수원연무점,굽네치킨,치킨,경기도,수원시,0,0.0,-0.310001,baseline,0.14735582660672172,0
ba_14797390,2025-09,굽네치킨 수원연무점,굽네치킨,치킨,경기도,수원시,1,11.254231,-0.166312,baseline,0.6570277884895663,1
ba_14797999,2025-08,굽네치킨&피자 대흥역점,굽네치킨,치킨,서울특별시,마포구,0,0.0,-0.310001,baseline,0.1641439793460334,0
ba_14797999,2025-09,굽네치킨&피자 대흥역점,굽네치킨,치킨,서울특별시,마포구,1,97.093988,-0.166312,baseline,0.15957021214789976,0
ba_14798760,2025-08,굽네치킨&피자 도래울점,굽네치킨,치킨,경기도,고양시,0,0.0,-0.310001,baseline,0.15485695270678657,0
ba_14798760,2025-09,굽네치킨&피자 도래울점,굽네치킨,치킨,경기도,고양시,1,60.833244,-0.166312,baseline,0.5052913228013861,1
ba_14798893,2025-08,본죽&비빔밥 남양주퇴계원점,본그룹,백반·죽·국수,경기도,남양주시,0,0.0,-0.143104,baseline,0.2177389292648414,0
ba_14798893,2025-09,본죽&비빔밥 남양주퇴계원점,본그룹,백반·죽·국수,경기도,남양주시,1,19.961062,-1.827793,baseline,0.2786709392904495,0
ba_14798894,2025-08,본죽&비빔밥 남양주퇴계원점,본그룹,백반·죽·국수,경기도,남양주시,0,0.0,-0.143104,baseline,0.2177389292648414,0
ba_14798894,2025-09,본죽&비빔밥 남양주퇴계원점,본그룹,백반·죽·국수,경기도,남양주시,1,67.102561,-1.827793,baseline,0.23930642293436435,0
ba_14799070,2025-08,굽네치킨&피자 전남나주점,굽네치킨,치킨,전라남도,나주시,0,0.0,-0.310001,baseline,0.13657970643090672,0
ba_14799070,2025-09,굽네치킨&피자 전남나주점,굽네치킨,치킨,전라남도,나주시,1,12.8,-0.166312,baseline,0.5825501401069275,1
ba_14799629,2025-08,굽네치킨 수원신동점,굽네치킨,치킨,경기도,수원시,0,0.0,-0.310001,baseline,0.11716360519489527,0
ba_14799629,2025-09,굽네치킨 수원신동점,굽네치킨,치킨,경기도,수원시,1,108.820421,-0.166312,baseline,0.5922596433465437,1
ba_14799660,2025-08,본죽&비빔밥 의정부역점,본그룹,백반·죽·국수,경기도,의정부시,0,0.0,-0.143104,baseline,0.23146437136039794,0
ba_14799660,2025-09,본죽&비빔밥 의정부역점,본그룹,백반·죽·국수,경기도,의정부시,0,0.0,-1.827793,baseline,0.23146437136039794,0
ba_14799661,2025-08,본죽&비빔밥 의정부역점,본그룹,백반·죽·국수,경기도,의정부시,0,0.0,-0.143104,baseline,0.22988963537680263,0
ba_14799661,2025-09,본죽&비빔밥 의정부역점,본그룹,백반·죽·국수,경기도,의정부시,1,311.159429,-1.827793,baseline,0.30293737243813523,1
ba_14800284,2025-08,굽네치킨&피자 광주양산점,굽네치킨,치킨,광주광역시,북구,0,0.0,-0.310001,baseline,0.12756064032302963,0
ba_14800284,2025-09,굽네치킨&피자 광주양산점,굽네치킨,치킨,광주광역시,북구,1,84.180595,-0.166312,baseline,0.41419180852509274,1
ba_14800652,2025-08,본죽&비빔밥 내방역점,본그룹,백반·죽·국수,서울특별시,서초구,0,0.0,-0.143104,baseline,0.2525155481898026,0
ba_14800652,2025-09,본죽&비빔밥 내방역점,본그룹,백반·죽·국수,서울특별시,서초구,0,0.0,-1.827793,baseline,0.2525155481898026,0
ba_14801006,2025-08,굽네치킨&피자 상봉점,굽네치킨,치킨,서울특별시,중랑구,0,0.0,-0.310001,baseline,0.14128978345812668,0
ba_14801006,2025-09,굽네치킨&피자 상봉점,굽네치킨,치킨,서울특별시,중랑구,1,144.262975,-0.166312,baseline,0.4676614272836852,1
ba_14801139,2025-08,굽네치킨&피자 율하스타점,굽네치킨,치킨,경상남도,김해시,0,0.0,-0.310001,baseline,0.10961748700696575,0
ba_14801139,2025-09,굽네치킨&피자 율하스타점,굽네치킨,치킨,경상남도,김해시,1,140.228606,-0.166312,baseline,0.09178344535519316,0
ba_14801362,2025-08,본죽&비빔밥 청주지웰시티점,본그룹,백반·죽·국수,충청북도,청주시,0,0.0,-0.143104,baseline,0.08775956481240055,0
ba_14801362,2025-09,본죽&비빔밥 청주지웰시티점,본그룹,백반·죽·국수,충청북도,청주시,0,0.0,-1.827793,baseline,0.08775956481240055,0
ba_14803437,2025-08,굽네치킨 명곡대원점,굽네치킨,치킨,경상남도,창원시,0,0.0,-0.310001,baseline,0.11413377349231589,0
ba_14803437,2025-09,굽네치킨 명곡대원점,굽네치킨,치킨,경상남도,창원시,0,0.0,-0.166312,baseline,0.11413377349231589,0
ba_14805037,2025-08,굽네치킨&피자 광주퇴촌점,굽네치킨,치킨,경기도,광주시,0,0.0,-0.310001,baseline,0.06108665242896984,0
ba_14805037,2025-09,굽네치킨&피자 광주퇴촌점,굽네치킨,치킨,경기도,광주시,0,0.0,-0.166312,baseline,0.06108665242896984,0
ba_14808489,2025-08,굽네치킨 전주서학점,굽네치킨,치킨,전북특별자치도,전주시,0,0.0,-0.310001,baseline,0.1487842098280565,0
ba_14808489,2025-09,굽네치킨 전주서학점,굽네치킨,치킨,전북특별자치도,전주시,0,0.0,-0.166312,baseline,0.1487842098280565,0
ba_14809478,2025-08,굽네치킨 권선1동점,굽네치킨,치킨,경기도,수원시,0,0.0,-0.310001,baseline,0.13548877746424348,0
ba_14809478,2025-09,굽네치킨 권선1동점,굽네치킨,치킨,경기도,수원시,0,0.0,-0.166312,baseline,0.13548877746424348,0
ba_14809544,2025-08,굽네치킨 송도4동점,굽네치킨,치킨,인천광역시,연수구,0,0.0,-0.310001,baseline,0.12165408381410184,0
ba_14809544,2025-09,굽네치킨 송도4동점,굽네치킨,치킨,인천광역시,연수구,0,0.0,-0.166312,baseline,0.12165408381410184,0
ba_14809938,2025-08,굽네치킨&피자 도곡스타점,굽네치킨,치킨,서울특별시,강남구,0,0.0,-0.310001,baseline,0.15015861493771876,0
ba_14809938,2025-09,굽네치킨&피자 도곡스타점,굽네치킨,치킨,서울특별시,강남구,0,0.0,-0.166312,baseline,0.15015861493771876,0
ba_14809961,2025-08,굽네치킨 창원소답점,굽네치킨,치킨,경상남도,창원시,0,0.0,-0.310001,baseline,0.10503921986277052,0
ba_14809961,2025-09,굽네치킨 창원소답점,굽네치킨,치킨,경상남도,창원시,0,0.0,-0.166312,baseline,0.10503921986277052,0
ba_14810162,2025-08,굽네치킨&피자 서현역점,굽네치킨,치킨,경기도,성남시,0,0.0,-0.310001,baseline,0.1614918425915259,0
ba_14810162,2025-09,굽네치킨&피자 서현역점,굽네치킨,치킨,경기도,성남시,0,0.0,-0.166312,baseline,0.1614918425915259,0
ba_14810163,2025-08,굽네피자 서현역점,굽네치킨,피자,경기도,성남시,0,0.0,-0.108569,baseline,0.2293320098245378,0
ba_14810163,2025-09,굽네피자 서현역점,굽네치킨,피자,경기도,성남시,0,0.0,-0.16389,baseline,0.2293320098245378,0
ba_14810724,2025-08,굽네치킨&피자 동대구해모로점,굽네치킨,치킨,대구광역시,동구,0,0.0,-0.310001,baseline,0.05906575627179565,0
ba_14810724,2025-09,굽네치킨&피자 동대구해모로점,굽네치킨,치킨,대구광역시,동구,0,0.0,-0.166312,baseline,0.05906575627179565,0
ba_14812126,2025-08,본죽&비빔밥 가평설악점,본그룹,백반·죽·국수,경기도,가평군,0,0.0,-0.143104,baseline,0.10719076651900403,0
ba_14812126,2025-09,본죽&비빔밥 가평설악점,본그룹,백반·죽·국수,경기도,가평군,0,0.0,-1.827793,baseline,0.10719076651900403,0
ba_14812426,2025-08,본죽&비빔밥 대전선화점,본그룹,백반·죽·국수,대전광역시,중구,0,0.0,-0.143104,baseline,0.19244247980870058,0
ba_14812426,2025-09,본죽&비빔밥 대전선화점,본그룹,백반·죽·국수,대전광역시,중구,0,0.0,-1.827793,baseline,0.19244247980870058,0
ba_14812430,2025-08,본죽&비빔밥 대전선화점,본그룹,백반·죽·국수,대전광역시,중구,0,0.0,-0.143104,baseline,0.19170926028360638,0
ba_14812430,2025-09,본죽&비빔밥 대전선화점,본그룹,백반·죽·국수,대전광역시,중구,0,0.0,-1.827793,baseline,0.19170926028360638,0
ba_14818313,2025-08,본죽&비빔밥 대전복수점,본그룹,백반·죽·국수,대전광역시,서구,0,0.0,-0.143104,baseline,0.09032611720701014,0
ba_14818313,2025-09,본죽&비빔밥 대전복수점,본그룹,백반·죽·국수,대전광역시,서구,0,0.0,-1.827793,baseline,0.09032611720701014,0
ba_14818314,2025-08,본죽&비빔밥 대전복수점,본그룹,백반·죽·국수,대전광역시,서구,0,0.0,-0.143104,baseline,0.09027878001689926,0
ba_14818314,2025-09,본죽&비빔밥 대전복수점,본그룹,백반·죽·국수,대전광역시,서구,0,0.0,-1.827793,baseline,0.09027878001689926,0
ba_14826413,2025-08,본죽&비빔밥 대림성모점,본그룹,백반·죽·국수,서울특별시,동작구,0,0.0,-0.143104,baseline,0.11621243955511326,0
ba_14826413,2025-09,본죽&비빔밥 대림성모점,본그룹,백반·죽·국수,서울특별시,동작구,0,0.0,-1.827793,baseline,0.11621243955511326,0
ba_14827938,2025-08,굽네치킨&피자 거북섬점,굽네치킨,치킨,경기도,시흥시,0,0.0,-0.310001,baseline,0.1330382990060733,0
ba_14827938,2025-09,굽네치킨&피자 거북섬점,굽네치킨,치킨,경기도,시흥시,0,0.0,-0.166312,baseline,0.1330382990060733,0
ba_14828692,2025-08,본죽&비빔밥 대림성모점,본그룹,백반·죽·국수,서울특별시,동작구,0,0.0,-0.143104,baseline,0.11621243955511326,0
ba_14828692,2025-09,본죽&비빔밥 대림성모점,본그룹,백반·죽·국수,서울특별시,동작구,0,0.0,-1.827793,baseline,0.11621243955511326,0
ba_14831111,2025-08,본죽&비빔밥 상봉역점,본그룹,백반·죽·국수,서울특별시,중랑구,0,0.0,-0.143104,baseline,0.11694827514608583,0
ba_14831111,2025-09,본죽&비빔밥 상봉역점,본그룹,백반·죽·국수,서울특별시,중랑구,0,0.0,-1.827793,baseline,0.11694827514608583,0
ba_14831112,2025-08,본죽&비빔밥 상봉역점,본그룹,백반·죽·국수,서울특별시,중랑구,0,0.0,-0.143104,baseline,0.11614146932902586,0
ba_14831112,2025-09,본죽&비빔밥 상봉역점,본그룹,백반·죽·국수,서울특별시,중랑구,0,0.0,-1.827793,baseline,0.11614146932902586,0
ba_14840445,2025-08,굽네치킨&피자 등촌3동점,굽네치킨,치킨,서울특별시,강서구,0,0.0,-0.310001,baseline,0.0632298359357727,0
ba_14840445,2025-09,굽네치킨&피자 등촌3동점,굽네치킨,치킨,서울특별시,강서구,0,0.0,-0.166312,baseline,0.0632298359357727,0
ba_14841573,2025-08,본죽&비빔밥 왕십리점,본그룹,백반·죽·국수,서울특별시,성동구,0,0.0,-0.143104,baseline,0.11468263263163343,0
ba_14841573,2025-09,본죽&비빔밥 왕십리점,본그룹,백반·죽·국수,서울특별시,성동구,0,0.0,-1.827793,baseline,0.11468263263163343,0
ba_14841574,2025-08,본죽&비빔밥 왕십리점,본그룹,백반·죽·국수,서울특별시,성동구,0,0.0,-0.143104,baseline,0.11323977247903558,0
ba_14841574,2025-09,본죽&비빔밥 왕십리점,본그룹,백반·죽·국수,서울특별시,성동구,0,0.0,-1.827793,baseline,0.11323977247903558,0
ba_14842562,2025-08,굽네치킨&피자 영등포구청역점,굽네치킨,치킨,서울특별시,영등포구,0,0.0,-0.310001,baseline,0.06756603297241202,0
ba_14842562,2025-09,굽네치킨&피자 영등포구청역점,굽네치킨,치킨,서울특별시,영등포구,0,0.0,-0.166312,baseline,0.06756603297241202,0
ba_14849575,2025-08,굽네치킨 엄궁점,굽네치킨,치킨,부산광역시,사상구,0,0.0,-0.310001,baseline,0.05429460990943397,0
ba_14849575,2025-09,굽네치킨 엄궁점,굽네치킨,치킨,부산광역시,사상구,0,0.0,-0.166312,baseline,0.05429460990943397,0
ba_14850510,2025-08,굽네치킨 가야점,굽네치킨,치킨,부산광역시,부산진구,0,0.0,-0.310001,baseline,0.05166321096127521,0
ba_14850510,2025-09,굽네치킨 가야점,굽네치킨,치킨,부산광역시,부산진구,0,0.0,-0.166312,baseline,0.05166321096127521,0
ba_14853495,2025-08,굽네치킨&피자 구리갈매점,굽네치킨,치킨,경기도,구리시,0,0.0,-0.310001,baseline,0.06232660452412356,0
ba_14853495,2025-09,굽네치킨&피자 구리갈매점,굽네치킨,치킨,경기도,구리시,0,0.0,-0.166312,baseline,0.06232660452412356,0
ba_14854750,2025-08,굽네치킨 울산신정3호점,굽네치킨,치킨,울산광역시,남구,0,0.0,-0.310001,baseline,0.06343085669947313,0
ba_14854750,2025-09,굽네치킨 울산신정3호점,굽네치킨,치킨,울산광역시,남구,0,0.0,-0.166312,baseline,0.06343085669947313,0
ba_14855560,2025-08,굽네치킨 양산서창점,굽네치킨,치킨,경상남도,양산시,0,0.0,-0.310001,baseline,0.12118033162847187,0
ba_14855560,2025-09,굽네치킨 양산서창점,굽네치킨,치킨,경상남도,양산시,0,0.0,-0.166312,baseline,0.21616814986537639,0
ba_14855934,2025-08,굽네치킨 동대신점,굽네치킨,치킨,부산광역시,서구,0,0.0,-0.310001,baseline,0.05242816600090567,0
ba_14855934,2025-09,굽네치킨 동대신점,굽네치킨,치킨,부산광역시,서구,0,0.0,-0.166312,baseline,0.05242816600090567,0
ba_14856977,2025-08,굽네치킨&피자 용산점,굽네치킨,치킨,대구광역시,달서구,0,0.0,-0.310001,baseline,0.06088684120563575,0
ba_14856977,2025-09,굽네치킨&피자 용산점,굽네치킨,치킨,대구광역시,달서구,0,0.0,-0.166312,baseline,0.06088684120563575,0
ba_14857305,2025-08,굽네치킨&피자 송탄지산점,굽네치킨,치킨,경기도,평택시,0,0.0,-0.310001,baseline,0.06375342465914896,0
ba_14857305,2025-09,굽네치킨&피자 송탄지산점,굽네치킨,치킨,경기도,평택시,0,0.0,-0.166312,baseline,0.06375342465914896,0
ba_10015935,2025-08,굽네치킨 봉곡사림점,굽네치킨,치킨,경상남도,창원시,1,0.273874,-0.337887,growth_alpha,0.6163835630891351,1
ba_10015935,2025-09,굽네치킨 봉곡사림점,굽네치킨,치킨,경상남도,창원시,1,0.236404,-0.384367,growth_alpha,0.7824606021149119,1
ba_10016162,2025-08,굽네치킨 신월사파점,굽네치킨,치킨,경상남도,창원시,0,0.100389,-0.154204,growth_alpha,0.6427167847020555,1
ba_10016162,2025-09,굽네치킨 신월사파점,굽네치킨,치킨,경상남도,창원시,0,-0.015227,-0.259935,growth_alpha,0.7783087985055566,1
ba_10019194,2025-08,굽네치킨&피자 신탄진점,굽네치킨,치킨,대전광역시,대덕구,0,-0.236225,-0.314169,growth_alpha,0.2769281087424663,0
ba_10019194,2025-09,굽네치킨&피자 신탄진점,굽네치킨,치킨,대전광역시,대덕구,0,-0.207825,-0.50685,growth_alpha,0.7388521080913232,1
ba_10019807,2025-08,굽네치킨 부산덕천점,굽네치킨,치킨,부산광역시,북구,0,-0.025569,0.667992,growth_alpha,0.7537786046437053,1
ba_10019807,2025-09,굽네치킨 부산덕천점,굽네치킨,치킨,부산광역시,북구,0,-0.205784,-0.176378,growth_alpha,0.6597985597038579,1
ba_10020109,2025-08,굽네치킨 부산동삼점,굽네치킨,치킨,부산광역시,영도구,0,-0.255977,0.356697,growth_alpha,0.7893539668061864,1
ba_10020109,2025-09,굽네치킨 부산동삼점,굽네치킨,치킨,부산광역시,영도구,0,-0.441083,0.138273,growth_alpha,0.8449324101463218,1
ba_10022124,2025-08,굽네치킨 삼산2동점,굽네치킨,치킨,인천광역시,부평구,0,-0.108881,1.358545,growth_alpha,0.6705844248139817,1
ba_10022124,2025-09,굽네치킨 삼산2동점,굽네치킨,치킨,인천광역시,부평구,0,-0.194607,-0.190981,growth_alpha,0.8732027315746138,1
ba_10024499,2025-08,굽네치킨 보령동대점,굽네치킨,치킨,충청남도,보령시,0,0.0,-0.310001,growth_alpha,0.06657273947504909,0
ba_10024499,2025-09,굽네치킨 보령동대점,굽네치킨,치킨,충청남도,보령시,0,0.0,-0.166312,growth_alpha,0.06651866908122073,0
ba_10040411,2025-08,굽네치킨,굽네치킨,치킨,서울특별시,성북구,0,0.0,-0.310001,growth_alpha,0.15806706670548745,0
ba_10040411,2025-09,굽네치킨,굽네치킨,치킨,서울특별시,성북구,0,0.0,-0.166312,growth_alpha,0.27254206155429533,0
ba_10040420,2025-08,굽네치킨 김해진영점,굽네치킨,치킨,경상남도,김해시,0,-0.201875,1.175098,growth_alpha,0.5532252176056518,1
ba_10040420,2025-09,굽네치킨 김해진영점,굽네치킨,치킨,경상남도,김해시,0,-0.269334,-0.156783,growth_alpha,0.8703338737842125,1
ba_10040590,2025-08,굽네치킨 삼숭고읍점,굽네치킨,치킨,경기도,양주시,1,1.766705,0.003975,growth_alpha,0.3945648933068274,1
ba_10040590,2025-09,굽네치킨 삼숭고읍점,굽네치킨,치킨,경기도,양주시,1,76.265803,-0.958224,growth_alpha,0.5234069118178171,1
ba_10040621,2025-08,굽네치킨 울산성안점,굽네치킨,치킨,울산광역시,중구,0,0.081438,-0.255986,growth_alpha,0.49884928448312865,1
ba_10040621,2025-09,굽네치킨 울산성안점,굽네치킨,치킨,울산광역시,중구,0,0.112474,-0.396195,growth_alpha,0.7129804441661731,1
ba_10040679,2025-08,굽네치킨 칠암망경점,굽네치킨,치킨,경상남도,진주시,1,0.307534,-0.229151,growth_alpha,0.5737539792581922,1
ba_10040679,2025-09,굽네치킨 칠암망경점,굽네치킨,치킨,경상남도,진주시,0,-0.076482,-0.157613,growth_alpha,0.8099504929518311,1
ba_10040685,2025-08,굽네치킨 창원팔용점,굽네치킨,치킨,경상남도,창원시,0,0.054348,1.118872,growth_alpha,0.8642807889207426,1
ba_10040685,2025-09,굽네치킨 창원팔용점,굽네치킨,치킨,경상남도,창원시,0,-0.196765,0.040758,growth_alpha,0.90926058409567,1
ba_10041246,2025-08,굽네치킨 수색증산점,굽네치킨,치킨,서울특별시,은평구,1,0.263173,-0.547296,growth_alpha,0.33382472552299136,1
ba_10041246,2025-09,굽네치킨 수색증산점,굽네치킨,치킨,서울특별시,은평구,1,0.306102,-0.321681,growth_alpha,0.6763164548655244,1
ba_10204887,2025-08,굽네치킨 대구매호점,굽네치킨,치킨,대구광역시,수성구,0,-0.612665,-0.693757,growth_alpha,0.27006318782916117,0
ba_10204887,2025-09,굽네치킨 대구매호점,굽네치킨,치킨,대구광역시,수성구,0,0.01875,-0.739645,growth_alpha,0.5655781851941526,1
ba_10401021,2025-08,굽네치킨 가산점,굽네치킨,치킨,서울특별시,금천구,1,0.651894,-0.194445,growth_alpha,0.9306362262043424,1
ba_10401021,2025-09,굽네치킨 가산점,굽네치킨,치킨,서울특별시,금천구,0,-0.391042,0.011188,growth_alpha,0.9582437448214594,1
ba_10416959,2025-08,굽네치킨 은행동점,굽네치킨,치킨,경기도,성남시,0,0.0,-0.310001,growth_alpha,0.06471083967655818,0
ba_10416959,2025-09,굽네치킨 은행동점,굽네치킨,치킨,경기도,성남시,0,0.0,-0.166312,growth_alpha,0.06465817676614646,0
ba_10418082,2025-08,굽네치킨 여수관문점,굽네치킨,치킨,전라남도,여수시,0,-0.836665,-0.681409,growth_alpha,0.15073058285756213,0
ba_10418082,2025-09,굽네치킨 여수관문점,굽네치킨,치킨,전라남도,여수시,0,-0.1,-0.823455,growth_alpha,0.13591206017997245,0
ba_10418755,2025-08,굽네치킨&피자 곤지암점,굽네치킨,치킨,경기도,광주시,0,0.0,-0.310001,growth_alpha,0.07488317134468085,0
ba_10418755,2025-09,굽네치킨&피자 곤지암점,굽네치킨,치킨,경기도,광주시,0,0.0,-0.166312,growth_alpha,0.07482289227035818,0
ba_10432360,2025-08,굽네치킨 영주휴천점,굽네치킨,치킨,경상북도,영주시,0,-0.145103,-0.252072,growth_alpha,0.6137021351620965,1
ba_10432360,2025-09,굽네치킨 영주휴천점,굽네치킨,치킨,경상북도,영주시,0,-0.258007,-0.356811,growth_alpha,0.7748354286802766,1
ba_10469515,2025-08,굽네치킨&피자 성서계명대점,굽네치킨,치킨,대구광역시,달서구,0,-0.13429,1.117303,growth_alpha,0.9378772238402979,1
ba_10469515,2025-09,굽네치킨&피자 성서계명대점,굽네치킨,치킨,대구광역시,달서구,0,-0.203918,-0.149985,growth_alpha,0.9563265652855315,1
ba_10476209,2025-08,굽네치킨 경남사천점,굽네치킨,치킨,경상남도,사천시,0,-0.206319,0.973772,growth_alpha,0.6766459178242445,1
ba_10476209,2025-09,굽네치킨 경남사천점,굽네치킨,치킨,경상남도,사천시,0,-0.1924,0.853465,growth_alpha,0.7886609483324464,1
ba_10497667,2025-08,굽네치킨 온의퇴계점,굽네치킨,치킨,강원특별자치도,춘천시,0,-0.101369,0.998013,growth_alpha,0.8770341421022373,1
ba_10497667,2025-09,굽네치킨 온의퇴계점,굽네치킨,치킨,강원특별자치도,춘천시,0,-0.166289,-0.183202,growth_alpha,0.9230982068633963,1
ba_10499851,2025-08,굽네치킨 대신점,굽네치킨,치킨,부산광역시,서구,0,0.0,-0.310001,growth_alpha,0.04987601073609569,0
ba_10499851,2025-09,굽네치킨 대신점,굽네치킨,치킨,부산광역시,서구,0,0.0,-0.166312,growth_alpha,0.049834777415777354,0
ba_10501929,2025-08,굽네치킨 포항양덕점,굽네치킨,치킨,경상북도,포항시,1,0.683611,0.137391,growth_alpha,0.30147422052574907,1
ba_10501929,2025-09,굽네치킨 포항양덕점,굽네치킨,치킨,경상북도,포항시,1,0.661741,-0.529917,growth_alpha,0.7488215217419232,1
ba_10509105,2025-08,굽네치킨&피자 강저지구점,굽네치킨,치킨,충청북도,제천시,0,0.023484,1.027846,growth_alpha,0.7032907836776462,1
ba_10509105,2025-09,굽네치킨&피자 강저지구점,굽네치킨,치킨,충청북도,제천시,0,-0.141368,-0.163721,growth_alpha,0.861978023830375,1
ba_10571616,2025-08,굽네치킨 답십리1동점,굽네치킨,치킨,서울특별시,동대문구,1,0.825631,-0.214629,growth_alpha,0.2834153807649482,0
ba_10571616,2025-09,굽네치킨 답십리1동점,굽네치킨,치킨,서울특별시,동대문구,1,76.88573,-0.799493,growth_alpha,0.3649978612181014,1
ba_10580903,2025-08,굽네치킨 길음1동점,굽네치킨,치킨,서울특별시,성북구,0,-0.65986,-0.193334,growth_alpha,0.7949589920721,1
ba_10580903,2025-09,굽네치킨 길음1동점,굽네치킨,치킨,서울특별시,성북구,0,-0.853833,0.003921,growth_alpha,0.8149386700032283,1
ba_10583009,2025-08,굽네치킨 광주용봉점,굽네치킨,치킨,광주광역시,북구,0,-0.756767,0.596676,growth_alpha,0.3361750279881174,1
ba_10583009,2025-09,굽네치킨 광주용봉점,굽네치킨,치킨,광주광역시,북구,0,-0.045714,-0.659066,growth_alpha,0.3655418927238591,1
ba_10597203,2025-08,굽네치킨 광주상무점,굽네치킨,치킨,광주광역시,서구,1,0.26915,0.435876,growth_alpha,0.7082043402811664,1
ba_10597203,2025-09,굽네치킨 광주상무점,굽네치킨,치킨,광주광역시,서구,1,0.434494,-0.402697,growth_alpha,0.9339934454351421,1
ba_10604883,2025-08,굽네치킨 거제고현점,굽네치킨,치킨,경상남도,거제시,1,0.184139,0.304012,growth_alpha,0.7211728622368102,1
ba_10604883,2025-09,굽네치킨 거제고현점,굽네치킨,치킨,경상남도,거제시,0,-0.10509,-0.05507,growth_alpha,0.7588341644035668,1
ba_10605803,2025-08,굽네치킨 구월점,굽네치킨,치킨,인천광역시,남동구,1,0.647954,0.125682,growth_alpha,0.30638938735276644,1
ba_10605803,2025-09,굽네치킨 구월점,굽네치킨,치킨,인천광역시,남동구,1,58.162041,-0.454035,growth_alpha,0.6034692846547648,1
ba_10620671,2025-08,굽네치킨 광주백운점,굽네치킨,치킨,광주광역시,남구,0,0.0,-0.310001,growth_alpha,0.05388411052731976,0
ba_10620671,2025-09,굽네치킨 광주백운점,굽네치킨,치킨,광주광역시,남구,0,0.0,-0.166312,growth_alpha,0.0538397514112304,0
ba_10627648,2025-08,굽네치킨 상주냉림무양점,굽네치킨,치킨,경상북도,상주시,1,0.313741,-0.191939,growth_alpha,0.5770094175668643,1
ba_10627648,2025-09,굽네치킨 상주냉림무양점,굽네치킨,치킨,경상북도,상주시,0,-0.212923,0.195101,growth_alpha,0.7508608305371062,1
ba_10636815,2025-08,굽네치킨 완도점,굽네치킨,치킨,전라남도,완도군,0,0.0,-0.310001,growth_alpha,0.14921531616924855,0
ba_10636815,2025-09,굽네치킨 완도점,굽네치킨,치킨,전라남도,완도군,0,0.0,-0.166312,growth_alpha,0.14910484551616085,0
ba_10636817,2025-08,굽네치킨 양산물금점,굽네치킨,치킨,경상남도,양산시,0,-0.049006,0.189773,growth_alpha,0.4955339820534639,1
ba_10636817,2025-09,굽네치킨 양산물금점,굽네치킨,치킨,경상남도,양산시,0,-0.30131,0.579307,growth_alpha,0.6425488178755432,1
ba_10638951,2025-08,굽네치킨 영천동부점,굽네치킨,치킨,경상북도,영천시,0,-0.00506,-0.500591,growth_alpha,0.5675036643640721,1
ba_10638951,2025-09,굽네치킨 영천동부점,굽네치킨,치킨,경상북도,영천시,0,-0.116825,-0.508354,growth_alpha,0.6998452565217365,1
ba_10657170,2025-08,굽네치킨 가좌1호점,굽네치킨,치킨,인천광역시,서구,0,0.006811,1.46883,growth_alpha,0.6101529836828676,1
ba_10657170,2025-09,굽네치킨 가좌1호점,굽네치킨,치킨,인천광역시,서구,0,-0.299999,0.288088,growth_alpha,0.8109732495838163,1
ba_10665884,2025-08,굽네치킨 부산청학점,굽네치킨,치킨,부산광역시,영도구,0,0.0,-0.310001,growth_alpha,0.12624902909106792,0
ba_10665884,2025-09,굽네치킨 부산청학점,굽네치킨,치킨,부산광역시,영도구,0,0.0,-0.166312,growth_alpha,0.22380627379767745,0
ba_10685624,2025-08,굽네치킨 광주문흥점,굽네치킨,치킨,광주광역시,북구,0,0.0,-0.310001,growth_alpha,0.12626020405642702,0
ba_10685624,2025-09,굽네치킨 광주문흥점,굽네치킨,치킨,광주광역시,북구,0,0.0,-0.166312,growth_alpha,0.12616420791349112,0
ba_10698232,2025-08,굽네치킨&피자 연경점,굽네치킨,치킨,대구광역시,동구,1,0.416971,-0.641189,growth_alpha,0.2953856147499256,0
ba_10698232,2025-09,굽네치킨&피자 연경점,굽네치킨,치킨,대구광역시,동구,1,109.108985,-0.979325,growth_alpha,0.3503556107066514,1
ba_10698315,2025-08,굽네치킨 풍기점,굽네치킨,치킨,경상북도,영주시,1,0.31954,-0.533758,growth_alpha,0.462097419102154,1
ba_10698315,2025-09,굽네치킨 풍기점,굽네치킨,치킨,경상북도,영주시,1,0.169261,-0.551672,growth_alpha,0.6866766397918679,1
ba_10705443,2025-08,굽네치킨 거제연초점,굽네치킨,치킨,경상남도,거제시,0,0.110657,-0.035167,growth_alpha,0.212247728216366,0
ba_10705443,2025-09,굽네치킨 거제연초점,굽네치킨,치킨,경상남도,거제시,0,-0.106686,0.120149,growth_alpha,0.6836152029939351,1
ba_10706208,2025-08,굽네치킨 부산우동점,굽네치킨,치킨,부산광역시,해운대구,1,0.208863,0.929131,growth_alpha,0.7865952543045005,1
ba_10706208,2025-09,굽네치킨 부산우동점,굽네치킨,치킨,부산광역시,해운대구,1,0.316396,-0.379746,growth_alpha,0.9588982670964519,1
ba_10739524,2025-08,굽네치킨 강원횡성점,굽네치킨,치킨,강원특별자치도,횡성군,0,-0.019023,-0.282052,growth_alpha,0.7493960820575789,1
ba_10739524,2025-09,굽네치킨 강원횡성점,굽네치킨,치킨,강원특별자치도,횡성군,0,-0.149719,-0.272177,growth_alpha,0.7780756286377096,1
ba_10739556,2025-08,굽네치킨 양산석산점,굽네치킨,치킨,경상남도,양산시,1,0.492862,-0.608398,growth_alpha,0.3514697439888557,1
ba_10739556,2025-09,굽네치킨 양산석산점,굽네치킨,치킨,경상남도,양산시,1,0.794405,-0.650326,growth_alpha,0.8528789746453137,1
ba_10750970,2025-08,굽네치킨 청주강서지구점,굽네치킨,치킨,충청북도,청주시,0,0.091116,0.638334,growth_alpha,0.6342743092803877,1
ba_10750970,2025-09,굽네치킨 청주강서지구점,굽네치킨,치킨,충청북도,청주시,1,0.161966,-0.424823,growth_alpha,0.9216269275691369,1
ba_10759478,2025-08,굽네치킨 남목점,굽네치킨,치킨,울산광역시,동구,1,0.138944,-0.205392,growth_alpha,0.7715000038797544,1
ba_10759478,2025-09,굽네치킨 남목점,굽네치킨,치킨,울산광역시,동구,0,0.019906,-0.291349,growth_alpha,0.9109996733407182,1
ba_10767741,2025-08,굽네치킨 후평점,굽네치킨,치킨,강원특별자치도,춘천시,0,0.0,-0.310001,growth_alpha,0.05810602136602867,0
ba_10767741,2025-09,굽네치킨 후평점,굽네치킨,치킨,강원특별자치도,춘천시,0,0.0,-0.166312,growth_alpha,0.05805839991935394,0
ba_10768614,2025-08,굽네치킨 신월상남점,굽네치킨,치킨,경상남도,창원시,0,-0.451839,-0.661512,growth_alpha,0.31038512574021393,1
ba_10768614,2025-09,굽네치킨 신월상남점,굽네치킨,치킨,경상남도,창원시,0,-0.317535,-0.812452,growth_alpha,0.5916305511994245,1
ba_10771255,2025-08,굽네치킨 제천하소점,굽네치킨,치킨,충청북도,제천시,0,-0.153288,2.048078,growth_alpha,0.9097301358880391,1
ba_10771255,2025-09,굽네치킨 제천하소점,굽네치킨,치킨,충청북도,제천시,0,-0.317861,0.254566,growth_alpha,0.8887218698359671,1
ba_10774000,2025-08,굽네치킨 울산삼산점,굽네치킨,치킨,울산광역시,남구,0,-0.191661,1.802693,growth_alpha,0.904349888372241,1
ba_10774000,2025-09,굽네치킨 울산삼산점,굽네치킨,치킨,울산광역시,남구,0,-0.371752,0.10121,growth_alpha,0.9433164970795327,1
ba_10774794,2025-08,굽네치킨&피자 회덕점,굽네치킨,치킨,경기도,광주시,0,0.038462,-0.36143,growth_alpha,0.29138711665513156,0
ba_10774794,2025-09,굽네치킨&피자 회덕점,굽네치킨,치킨,경기도,광주시,0,-0.021429,-0.173209,growth_alpha,0.1852964017237399,0
ba_10776500,2025-08,굽네치킨 가양점,굽네치킨,치킨,서울특별시,강서구,1,0.410757,-0.310001,growth_alpha,0.6206333786898648,1
ba_10776500,2025-09,굽네치킨 가양점,굽네치킨,치킨,서울특별시,강서구,0,-0.49527,0.611466,growth_alpha,0.7532411788101868,1
ba_10798649,2025-08,굽네치킨 암사3동점,굽네치킨,치킨,서울특별시,강동구,0,-0.496299,-0.191936,growth_alpha,0.9796234713433408,1
ba_10798649,2025-09,굽네치킨 암사3동점,굽네치킨,치킨,서울특별시,강동구,0,-0.656954,2.030184,growth_alpha,0.9678250628489691,1
ba_10800862,2025-08,굽네치킨 송파점,굽네치킨,치킨,서울특별시,송파구,0,-0.213351,0.976856,growth_alpha,0.9013970702375351,1
ba_10800862,2025-09,굽네치킨 송파점,굽네치킨,치킨,서울특별시,송파구,0,-0.290318,-0.137926,growth_alpha,0.9367571530155739,1
ba_10821092,2025-08,굽네치킨 주안3호점,굽네치킨,치킨,인천광역시,미추홀구,0,-0.069988,0.849126,growth_alpha,0.899366226664201,1
ba_10821092,2025-09,굽네치킨 주안3호점,굽네치킨,치킨,인천광역시,미추홀구,0,0.034563,-0.314548,growth_alpha,0.9059846492323452,1
ba_10840065,2025-08,굽네치킨 천안백석점,굽네치킨,치킨,충청남도,천안시,0,0.0,-0.310001,growth_alpha,0.06186313830132899,0
ba_10840065,2025-09,굽네치킨 천안백석점,굽네치킨,치킨,충청남도,천안시,0,0.0,-0.166312,growth_alpha,0.06181263974145754,0
ba_10841421,2025-08,굽네치킨 인계점,굽네치킨,치킨,경기도,수원시,1,0.13996,0.864065,growth_alpha,0.7793581827141637,1
ba_10841421,2025-09,굽네치킨 인계점,굽네치킨,치킨,경기도,수원시,0,0.069855,-0.314675,growth_alpha,0.8907194930468517,1
ba_10841883,2025-08,굽네치킨 선부3동점,굽네치킨,치킨,경기도,안산시,1,1.490033,0.899811,growth_alpha,0.5663192165089325,1
ba_10841883,2025-09,굽네치킨 선부3동점,굽네치킨,치킨,경기도,안산시,1,0.891337,0.476144,growth_alpha,0.9795067283997517,1
ba_10872945,2025-08,굽네치킨 대구대현점,굽네치킨,치킨,대구광역시,북구,1,0.711112,1.075288,growth_alpha,0.6231343346518444,1
ba_10872945,2025-09,굽네치킨 대구대현점,굽네치킨,치킨,대구광역시,북구,1,0.431898,0.103312,growth_alpha,0.8864017206641707,1
ba_12014214,2025-08,굽네치킨&피자 대전가오점,굽네치킨,치킨,대전광역시,동구,0,-0.095232,-0.282566,growth_alpha,0.6335044134341675,1
ba_12014214,2025-09,굽네치킨&피자 대전가오점,굽네치킨,치킨,대전광역시,동구,0,-0.129401,-0.494197,growth_alpha,0.798107093776135,1
ba_12015187,2025-08,굽네피자 길음1동점,굽네치킨,피자,서울특별시,성북구,0,-0.60758,-0.108569,growth_alpha,0.10832614412620004,0
ba_12015187,2025-09,굽네피자 길음1동점,굽네치킨,피자,서울특별시,성북구,0,-0.245116,-0.16389,growth_alpha,0.31294723256610113,1
ba_12016615,2025-08,굽네피자 울산삼산점,굽네치킨,피자,울산광역시,남구,0,-0.018364,-0.217346,growth_alpha,0.17534503400489146,0
ba_12016615,2025-09,굽네피자 울산삼산점,굽네치킨,피자,울산광역시,남구,0,-0.526467,-0.434961,growth_alpha,0.2854560675904564,0
ba_12017934,2025-08,굽네치킨&피자 삼숭고읍점,굽네치킨,피자,경기도,양주시,0,0.0,-0.108569,growth_alpha,0.1945629034089627,0
ba_12017934,2025-09,굽네치킨&피자 삼숭고읍점,굽네치킨,피자,경기도,양주시,0,0.0,-0.16389,growth_alpha,0.3255654314120711,1
ba_12018493,2025-08,굽네치킨&피자 부산덕천점,굽네치킨,피자,부산광역시,북구,0,0.0,-0.108569,growth_alpha,0.1736774002695483,0
ba_12018493,2025-09,굽네치킨&피자 부산덕천점,굽네치킨,피자,부산광역시,북구,0,0.0,-0.16389,growth_alpha,0.29578157412956135,0
ba_12018905,2025-08,굽네피자 거제연초점,굽네치킨,피자,경상남도,거제시,0,0.0,-0.108569,growth_alpha,0.17538993145445853,0
ba_12018905,2025-09,굽네피자 거제연초점,굽네치킨,피자,경상남도,거제시,0,0.0,-0.16389,growth_alpha,0.29826351664069073,0
ba_12019541,2025-08,굽네피자 양산석산점,굽네치킨,피자,경상남도,양산시,0,0.0,-0.108569,growth_alpha,0.16880853269494234,0
ba_12019541,2025-09,굽네피자 양산석산점,굽네치킨,피자,경상남도,양산시,0,0.0,-0.16389,growth_alpha,0.28868552953171955,0
ba_12020564,2025-08,굽네치킨&피자 거제고현점,굽네치킨,피자,경상남도,거제시,0,-0.718733,-0.731495,growth_alpha,0.4062460076443973,1
ba_12020564,2025-09,굽네치킨&피자 거제고현점,굽네치킨,피자,경상남도,거제시,0,-0.394752,-1.011993,growth_alpha,0.6267551892230263,1
ba_12020571,2025-08,굽네피자 수색증산점,굽네치킨,피자,서울특별시,은평구,0,0.0,-0.108569,growth_alpha,0.21533026310922557,0
ba_12020571,2025-09,굽네피자 수색증산점,굽네치킨,피자,서울특별시,은평구,0,0.0,-0.16389,growth_alpha,0.3541671897880296,1
ba_12026171,2025-08,굽네치킨&피자 선부3동점,굽네치킨,피자,경기도,안산시,0,0.0,-0.108569,growth_alpha,0.19993213717023373,0
ba_12026171,2025-09,굽네치킨&피자 선부3동점,굽네치킨,피자,경기도,안산시,0,0.0,-0.16389,growth_alpha,0.3330549480164014,1
ba_12027186,2025-08,굽네치킨&피자 청라1호점,굽네치킨,치킨,인천광역시,서구,0,0.0,-0.310001,growth_alpha,0.04837627499120233,0
ba_12027186,2025-09,굽네치킨&피자 청라1호점,굽네치킨,치킨,인천광역시,서구,0,0.0,-0.166312,growth_alpha,0.04833621845120907,0
ba_12029686,2025-08,굽네치킨 나주혁신도시1호점,굽네치킨,치킨,전라남도,나주시,0,-0.705845,-0.383537,growth_alpha,0.23441035507906655,0
ba_12029686,2025-09,굽네치킨 나주혁신도시1호점,굽네치킨,치킨,전라남도,나주시,0,-1.0,-0.342535,growth_alpha,0.35061778135566934,1
ba_12030167,2025-08,굽네치킨&피자 후평점,굽네치킨,피자,강원특별자치도,춘천시,0,0.0,-0.108569,growth_alpha,0.08678654170797703,0
ba_12030167,2025-09,굽네치킨&피자 후평점,굽네치킨,피자,강원특별자치도,춘천시,0,0.0,-0.16389,growth_alpha,0.08682857227133194,0
ba_13003575,2025-08,굽네치킨&피자 여수관문점,굽네치킨,피자,전라남도,여수시,0,-0.765646,-0.886988,growth_alpha,0.1857834468850633,0
ba_13003575,2025-09,굽네치킨&피자 여수관문점,굽네치킨,피자,전라남도,여수시,0,0.0,-0.96389,growth_alpha,0.1872979725648156,0
ba_13047702,2025-08,굽네피자&치킨 광주상무점,굽네치킨,피자,광주광역시,서구,0,0.0,-0.108569,growth_alpha,0.17844332775310337,0
ba_13047702,2025-09,굽네피자&치킨 광주상무점,굽네치킨,피자,광주광역시,서구,0,0.0,-0.16389,growth_alpha,0.3026708806856337,1
ba_13052096,2025-08,굽네치킨 구로5동점,굽네치킨,치킨,서울특별시,구로구,1,0.629063,-0.235334,growth_alpha,0.7770403549066897,1
ba_13052096,2025-09,굽네치킨 구로5동점,굽네치킨,치킨,서울특별시,구로구,0,-0.237514,-0.015292,growth_alpha,0.8692627123268978,1
ba_13056957,2025-08,굽네치킨 석남점,굽네치킨,치킨,인천광역시,서구,0,0.0,-0.310001,growth_alpha,0.04676629753774668,0
ba_13056957,2025-09,굽네치킨 석남점,굽네치킨,치킨,인천광역시,서구,0,0.0,-0.166312,growth_alpha,0.04672750863302329,0
ba_13062668,2025-08,굽네치킨 포항흥해점,굽네치킨,치킨,경상북도,포항시,1,0.819732,0.089429,growth_alpha,0.1462428363826049,0
ba_13062668,2025-09,굽네치킨 포항흥해점,굽네치킨,치킨,경상북도,포항시,1,1.094546,-0.591435,growth_alpha,0.5231052484679188,1
ba_13076527,2025-08,굽네치킨 창2동점,굽네치킨,치킨,서울특별시,도봉구,0,-0.128036,0.170882,growth_alpha,0.6528351227340657,1
ba_13076527,2025-09,굽네치킨 창2동점,굽네치킨,치킨,서울특별시,도봉구,0,-0.03202,-0.830775,growth_alpha,0.8017179368529433,1
ba_13079581,2025-08,굽네치킨&피자 온의퇴계점,굽네치킨,피자,강원특별자치도,춘천시,0,0.0,-0.108569,growth_alpha,0.19353124055428567,0
ba_13079581,2025-09,굽네치킨&피자 온의퇴계점,굽네치킨,피자,강원특별자치도,춘천시,0,0.0,-0.16389,growth_alpha,0.32411866323867916,1
ba_13081281,2025-08,굽네치킨 하늘도시1호점,굽네치킨,치킨,인천광역시,중구,1,0.601529,-0.605663,growth_alpha,0.3113691099919639,1
ba_13081281,2025-09,굽네치킨 하늘도시1호점,굽네치킨,치킨,인천광역시,중구,1,0.840113,-0.620378,growth_alpha,0.7543189374124972,1
ba_13084303,2025-08,굽네치킨&피자 양산물금점,굽네치킨,피자,경상남도,양산시,0,0.0,-0.108569,growth_alpha,0.16086294418822794,0
ba_13084303,2025-09,굽네치킨&피자 양산물금점,굽네치킨,피자,경상남도,양산시,0,0.0,-0.16389,growth_alpha,0.27697772487521544,0
ba_13085339,2025-08,굽네치킨&피자 가양점,굽네치킨,피자,서울특별시,강서구,1,0.300125,-0.108569,growth_alpha,0.15305276028217332,0
ba_13085339,2025-09,굽네치킨&피자 가양점,굽네치킨,피자,서울특별시,강서구,0,-0.898371,-0.16389,growth_alpha,0.24849776167225016,0
ba_13097221,2025-08,굽네치킨&피자 하늘도시1호점,굽네치킨,피자,인천광역시,중구,0,0.0,-0.108569,growth_alpha,0.1656111811081442,0
ba_13097221,2025-09,굽네치킨&피자 하늘도시1호점,굽네치킨,피자,인천광역시,중구,0,0.0,-0.16389,growth_alpha,0.2839934046542461,0
ba_13103901,2025-08,굽네치킨&피자 나주혁신도시1호점,굽네치킨,피자,전라남도,나주시,0,-0.686788,-0.317309,growth_alpha,0.5957104379764615,1
ba_13103901,2025-09,굽네치킨&피자 나주혁신도시1호점,굽네치킨,피자,전라남도,나주시,0,-1.0,-0.593774,growth_alpha,0.7235556504874178,1
ba_13111670,2025-08,굽네치킨&피자 주안3호점,굽네치킨,피자,인천광역시,미추홀구,0,0.0,-0.108569,growth_alpha,0.15235571796465924,0
ba_13111670,2025-09,굽네치킨&피자 주안3호점,굽네치킨,피자,인천광역시,미추홀구,0,0.0,-0.16389,growth_alpha,0.26426363140586817,0
ba_13122792,2025-08,굽네치킨&피자 청주 강서지구점,굽네치킨,피자,충청북도,청주시,0,0.0,-0.108569,growth_alpha,0.1878178564260431,0
ba_13122792,2025-09,굽네치킨&피자 청주 강서지구점,굽네치킨,피자,충청북도,청주시,0,0.0,-0.16389,growth_alpha,0.31606097743120326,1
ba_13163192,2025-08,굽네치킨&피자 봉곡사림점,굽네치킨,피자,경상남도,창원시,0,0.0,-0.108569,growth_alpha,0.17116392924838797,0
ba_13163192,2025-09,굽네치킨&피자 봉곡사림점,굽네치킨,피자,경상남도,창원시,0,0.0,-0.16389,growth_alpha,0.29212571729624515,0
ba_13168465,2025-08,본죽&비빔밥 약사점,본그룹,백반·죽·국수,울산광역시,중구,0,-0.142105,-0.226437,growth_alpha,0.8418799297904705,1
ba_13168465,2025-09,본죽&비빔밥 약사점,본그룹,백반·죽·국수,울산광역시,중구,0,-0.174769,-0.36906,growth_alpha,0.8475213284075757,1
ba_13181486,2025-08,본죽&비빔밥 천안두정점,본그룹,백반·죽·국수,충청남도,천안시,1,2.31259,-0.215326,growth_alpha,0.8757096180125373,1
ba_13181486,2025-09,본죽&비빔밥 천안두정점,본그룹,백반·죽·국수,충청남도,천안시,1,0.611291,-1.875066,growth_alpha,0.771251912457096,1
ba_13181699,2025-08,본죽 김포양곡점,본그룹,백반·죽·국수,경기도,김포시,1,4.04822,-0.263104,growth_alpha,0.40750966350948886,1
ba_13181699,2025-09,본죽 김포양곡점,본그룹,백반·죽·국수,경기도,김포시,1,0.459088,-1.927793,growth_alpha,0.39465843325990063,1
ba_13181719,2025-08,본죽&비빔밥 칠곡석적점,본그룹,백반·죽·국수,경상북도,칠곡군,0,0.0,-0.25739,growth_alpha,0.09155338895588733,0
ba_13181719,2025-09,본죽&비빔밥 칠곡석적점,본그룹,백반·죽·국수,경상북도,칠곡군,1,53.578821,-1.977793,growth_alpha,0.08687997592165675,0
ba_13181957,2025-08,본죽&비빔밥 천안신불당북부점,본그룹,백반·죽·국수,충청남도,천안시,0,-0.15825,0.000896,growth_alpha,0.826218530534426,1
ba_13181957,2025-09,본죽&비빔밥 천안신불당북부점,본그룹,백반·죽·국수,충청남도,천안시,0,-0.303781,-0.795342,growth_alpha,0.8557459730656912,1
ba_13182018,2025-08,본죽&비빔밥 순천중앙점,본그룹,백반·죽·국수,전라남도,순천시,0,-0.289662,-0.133104,growth_alpha,0.437957495181902,1
ba_13182018,2025-09,본죽&비빔밥 순천중앙점,본그룹,백반·죽·국수,전라남도,순천시,0,-0.988235,-1.897024,growth_alpha,0.4424623564492237,1
ba_13182129,2025-08,본죽 천안순천향병원점,본그룹,백반·죽·국수,충청남도,천안시,0,-0.16,-0.176437,growth_alpha,0.24716809025332603,0
ba_13182129,2025-09,본죽 천안순천향병원점,본그룹,백반·죽·국수,충청남도,천안시,1,65.421818,-1.867793,growth_alpha,0.41289525827459334,1
ba_13186079,2025-08,본죽 오산궐동점,본그룹,백반·죽·국수,경기도,오산시,1,0.2,-0.324922,growth_alpha,0.10076440267457902,0
ba_13186079,2025-09,본죽 오산궐동점,본그룹,백반·죽·국수,경기도,오산시,1,0.2,-1.999222,growth_alpha,0.10941969328031331,0
ba_13188150,2025-08,본죽&비빔밥 제주법원점,본그룹,백반·죽·국수,제주특별자치도,제주시,0,0.012508,-0.167428,growth_alpha,0.8829559981746266,1
ba_13188150,2025-09,본죽&비빔밥 제주법원점,본그룹,백반·죽·국수,제주특별자치도,제주시,0,-0.16942,-0.064894,growth_alpha,0.8768291929674114,1
ba_13189796,2025-08,본죽&비빔밥 아산탕정점,본그룹,백반·죽·국수,충청남도,아산시,0,-0.220541,-0.161286,growth_alpha,0.7355336995969622,1
ba_13189796,2025-09,본죽&비빔밥 아산탕정점,본그룹,백반·죽·국수,충청남도,아산시,0,-0.393056,0.893736,growth_alpha,0.43363283015658705,1
ba_13189894,2025-08,본죽&비빔밥 양산부산대병원정문앞택지점,본그룹,백반·죽·국수,경상남도,양산시,0,-0.230411,-0.034013,growth_alpha,0.6366543952192998,1
ba_13189894,2025-09,본죽&비빔밥 양산부산대병원정문앞택지점,본그룹,백반·죽·국수,경상남도,양산시,0,-0.40939,0.89906,growth_alpha,0.2597542442484238,0
ba_13193158,2025-08,본죽&비빔밥 인천당하점,본그룹,백반·죽·국수,인천광역시,서구,1,3.897192,-0.254215,growth_alpha,0.7394018925306626,1
ba_13193158,2025-09,본죽&비빔밥 인천당하점,본그룹,백반·죽·국수,인천광역시,서구,1,0.389389,-1.915293,growth_alpha,0.7883257860393036,1
ba_13199208,2025-08,본죽 울주덕신점,본그룹,백반·죽·국수,울산광역시,울주군,0,0.0,-0.178398,growth_alpha,0.10895965881414965,0
ba_13199208,2025-09,본죽 울주덕신점,본그룹,백반·죽·국수,울산광역시,울주군,1,71.551333,-1.813507,growth_alpha,0.13124804863139686,0
ba_13199335,2025-08,본죽&비빔밥 울산매곡점,본그룹,백반·죽·국수,울산광역시,북구,0,-0.22893,-0.124922,growth_alpha,0.6021125188800903,1
ba_13199335,2025-09,본죽&비빔밥 울산매곡점,본그룹,백반·죽·국수,울산광역시,북구,0,-0.358584,0.962066,growth_alpha,0.4640314414591457,1
ba_13199394,2025-08,본죽&비빔밥 울산야음점,본그룹,백반·죽·국수,울산광역시,남구,0,-0.144723,-0.088559,growth_alpha,0.8551504280701346,1
ba_13199394,2025-09,본죽&비빔밥 울산야음점,본그룹,백반·죽·국수,울산광역시,남구,0,-0.429333,2.018445,growth_alpha,0.8491718077823086,1
ba_13199864,2025-08,본죽&비빔밥 울산남목점,본그룹,백반·죽·국수,울산광역시,동구,0,-0.383039,-0.169191,growth_alpha,0.8258627665175649,1
ba_13199864,2025-09,본죽&비빔밥 울산남목점,본그룹,백반·죽·국수,울산광역시,동구,0,-0.450799,0.162111,growth_alpha,0.8254405200258677,1
ba_13200219,2025-08,본죽&비빔밥 안성당왕점,본그룹,백반·죽·국수,경기도,안성시,0,-0.244646,-0.171675,growth_alpha,0.8171793325749594,1
ba_13200219,2025-09,본죽&비빔밥 안성당왕점,본그룹,백반·죽·국수,경기도,안성시,0,-0.355206,0.055726,growth_alpha,0.8508082799480935,1
ba_13200236,2025-08,본죽 남양주진접롯데시네마점,본그룹,백반·죽·국수,경기도,남양주시,1,1.14775,-0.143104,growth_alpha,0.47441488801148285,1
ba_13200236,2025-09,본죽 남양주진접롯데시네마점,본그룹,백반·죽·국수,경기도,남양주시,1,0.951509,0.073012,growth_alpha,0.45412882261775284,1
ba_13203399,2025-08,본죽&비빔밥 제주강정점,본그룹,백반·죽·국수,제주특별자치도,서귀포시,1,0.554358,-0.022271,growth_alpha,0.9551348173110155,1
ba_13203399,2025-09,본죽&비빔밥 제주강정점,본그룹,백반·죽·국수,제주특별자치도,서귀포시,0,0.012014,-1.737597,growth_alpha,0.9385188431025734,1
ba_13207953,2025-08,본죽&비빔밥 자양동점,본그룹,백반·죽·국수,서울특별시,광진구,0,0.0,-0.143104,growth_alpha,0.11563226547325747,0
ba_13207953,2025-09,본죽&비빔밥 자양동점,본그룹,백반·죽·국수,서울특별시,광진구,0,0.0,-1.827793,growth_alpha,0.11655845164957274,0
ba_13219045,2025-08,본죽 구리인창아름마을점,본그룹,백반·죽·국수,경기도,구리시,0,-0.208745,-0.309771,growth_alpha,0.49557721449095954,1
ba_13219045,2025-09,본죽 구리인창아름마을점,본그룹,백반·죽·국수,경기도,구리시,0,-0.45858,-0.133469,growth_alpha,0.48078922066902025,1
ba_13219094,2025-08,본죽&비빔밥 남양주덕소점,본그룹,백반·죽·국수,경기도,남양주시,0,-0.049301,-0.043104,growth_alpha,0.819991524407662,1
ba_13219094,2025-09,본죽&비빔밥 남양주덕소점,본그룹,백반·죽·국수,경기도,남양주시,0,-0.262826,0.169377,growth_alpha,0.8115723770059871,1
ba_13219734,2025-08,본죽 구리토평점,본그룹,백반·죽·국수,경기도,구리시,1,0.8,-0.314533,growth_alpha,0.7513697333384155,1
ba_13219734,2025-09,본죽 구리토평점,본그룹,백반·죽·국수,경기도,구리시,1,1.029636,-1.527793,growth_alpha,0.501785191293078,1
ba_13219951,2025-08,본죽&비빔밥 순천연향점,본그룹,백반·죽·국수,전라남도,순천시,0,-0.224428,10.056896,growth_alpha,0.892076809983472,1
ba_13219951,2025-09,본죽&비빔밥 순천연향점,본그룹,백반·죽·국수,전라남도,순천시,0,-0.415789,2.25178,growth_alpha,0.835288199259922,1
ba_13221638,2025-08,본죽&비빔밥 이천마장점,본그룹,백반·죽·국수,경기도,이천시,0,-0.023408,-0.143104,growth_alpha,0.5580494215688377,1
ba_13221638,2025-09,본죽&비빔밥 이천마장점,본그룹,백반·죽·국수,경기도,이천시,0,-0.308289,-0.114477,growth_alpha,0.5423455066859898,1
ba_13221865,2025-08,본죽 처인구청점,본그룹,백반·죽·국수,경기도,용인시,1,0.155433,-0.193104,growth_alpha,0.4748016901607358,1
ba_13221865,2025-09,본죽 처인구청점,본그룹,백반·죽·국수,경기도,용인시,1,0.137192,-0.012808,growth_alpha,0.45484142914465125,1
ba_13221975,2025-08,본죽&비빔밥 용인마평점,본그룹,백반·죽·국수,경기도,용인시,1,1.545784,-0.213692,growth_alpha,0.7966347147193467,1
ba_13221975,2025-09,본죽&비빔밥 용인마평점,본그룹,백반·죽·국수,경기도,용인시,0,-0.037005,-1.904716,growth_alpha,0.7985433956527342,1
ba_13222051,2025-08,본죽&비빔밥 이천점,본그룹,백반·죽·국수,경기도,이천시,0,-0.252508,-0.143104,growth_alpha,0.8399804911175066,1
ba_13222051,2025-09,본죽&비빔밥 이천점,본그룹,백반·죽·국수,경기도,이천시,0,-0.353402,-0.422515,growth_alpha,0.7874967370863789,1
ba_13222170,2025-08,본죽&비빔밥 전북김제점,본그룹,백반·죽·국수,전북특별자치도,김제시,1,0.274613,0.494396,growth_alpha,0.9161886194701762,1
ba_13222170,2025-09,본죽&비빔밥 전북김제점,본그룹,백반·죽·국수,전북특별자치도,김제시,0,-0.003146,0.921438,growth_alpha,0.9239526061827503,1
ba_13222803,2025-08,본죽 오금점,본그룹,백반·죽·국수,서울특별시,송파구,0,0.058262,-0.143104,growth_alpha,0.47169033434586144,1
ba_13222803,2025-09,본죽 오금점,본그룹,백반·죽·국수,서울특별시,송파구,0,-0.454231,-0.924863,growth_alpha,0.5036597649143804,1
ba_13223141,2025-08,본죽 일산탄현점,본그룹,백반·죽·국수,경기도,고양시,1,0.2,-0.276437,growth_alpha,0.3693924201081212,1
ba_13223141,2025-09,본죽 일산탄현점,본그룹,백반·죽·국수,경기도,고양시,1,51.349036,-1.961126,growth_alpha,0.43438074713890323,1
ba_13223329,2025-08,본죽&비빔밥 양주덕정점,본그룹,백반·죽·국수,경기도,양주시,1,1.398001,-0.318104,growth_alpha,0.7472978463910989,1
ba_13223329,2025-09,본죽&비빔밥 양주덕정점,본그룹,백반·죽·국수,경기도,양주시,0,-0.272655,2.502387,growth_alpha,0.7157486852092197,1
ba_13223367,2025-08,본죽 성수역점,본그룹,백반·죽·국수,서울특별시,성동구,0,-0.079059,-0.143104,growth_alpha,0.4366990095185326,1
ba_13223367,2025-09,본죽 성수역점,본그룹,백반·죽·국수,서울특별시,성동구,0,0.108665,-0.706564,growth_alpha,0.4541474367301099,1
ba_13223504,2025-08,본죽&비빔밥 문정법조단지점,본그룹,백반·죽·국수,서울특별시,송파구,1,1.083051,0.856896,growth_alpha,0.44787848187461593,1
ba_13223504,2025-09,본죽&비빔밥 문정법조단지점,본그룹,백반·죽·국수,서울특별시,송파구,1,0.129147,-1.69446,growth_alpha,0.4733527820009279,1
ba_13223520,2025-08,본죽 신림고시촌점,본그룹,백반·죽·국수,서울특별시,관악구,0,-0.171305,0.356896,growth_alpha,0.8663123903805157,1
ba_13223520,2025-09,본죽 신림고시촌점,본그룹,백반·죽·국수,서울특별시,관악구,0,-0.295102,1.481315,growth_alpha,0.8400693433325181,1
ba_13223538,2025-08,본죽&비빔밥 인천신포동점,본그룹,백반·죽·국수,인천광역시,중구,0,-0.099472,-0.114533,growth_alpha,0.6697775424457785,1
ba_13223538,2025-09,본죽&비빔밥 인천신포동점,본그룹,백반·죽·국수,인천광역시,중구,0,-0.320807,-0.086952,growth_alpha,0.7269200971922353,1
ba_13223654,2025-08,본죽&비빔밥 고양행신역점,본그룹,백반·죽·국수,경기도,고양시,1,1.167333,0.481896,growth_alpha,0.8401697442235113,1
ba_13223654,2025-09,본죽&비빔밥 고양행신역점,본그룹,백반·죽·국수,경기도,고양시,1,0.634461,2.437104,growth_alpha,0.8454139332926321,1
ba_13223711,2025-08,본죽&비빔밥 중앙대점,본그룹,백반·죽·국수,서울특별시,동작구,1,0.433483,-0.143104,growth_alpha,0.4502569483495804,1
ba_13223711,2025-09,본죽&비빔밥 중앙대점,본그룹,백반·죽·국수,서울특별시,동작구,1,0.722629,0.008554,growth_alpha,0.8072718163320032,1
ba_13223885,2025-08,본죽&비빔밥 관악우체국점,본그룹,백반·죽·국수,서울특별시,관악구,0,0.0,-0.143104,growth_alpha,0.38368438742955147,1
ba_13223885,2025-09,본죽&비빔밥 관악우체국점,본그룹,백반·죽·국수,서울특별시,관악구,0,0.0,-1.827793,growth_alpha,0.38582092524199685,1
ba_13224027,2025-08,본죽 삼전동점,본그룹,백반·죽·국수,서울특별시,송파구,1,0.470258,-0.296045,growth_alpha,0.8394009793808849,1
ba_13224027,2025-09,본죽 삼전동점,본그룹,백반·죽·국수,서울특별시,송파구,0,-0.018096,-1.006187,growth_alpha,0.8600567939971835,1
ba_13224710,2025-08,본죽 안양관양동점,본그룹,백반·죽·국수,경기도,안양시,1,0.713762,-0.209771,growth_alpha,0.40335542487651094,1
ba_13224710,2025-09,본죽 안양관양동점,본그룹,백반·죽·국수,경기도,안양시,0,-0.01936,1.629853,growth_alpha,0.8689239612219913,1
ba_13224790,2025-08,본죽&비빔밥 안양덕천래미안점,본그룹,백반·죽·국수,경기도,안양시,1,0.519596,-0.209771,growth_alpha,0.7775220209606514,1
ba_13224790,2025-09,본죽&비빔밥 안양덕천래미안점,본그룹,백반·죽·국수,경기도,안양시,0,-0.168409,-1.89446,growth_alpha,0.7788797407285445,1
ba_13224802,2025-08,본죽&비빔밥 안양박달점,본그룹,백반·죽·국수,경기도,안양시,0,-0.184858,-0.176437,growth_alpha,0.4592991595588579,1
ba_13224802,2025-09,본죽&비빔밥 안양박달점,본그룹,백반·죽·국수,경기도,안양시,0,-0.174251,-0.48641,growth_alpha,0.7964300969881124,1
ba_13224833,2025-08,본죽 명학역점,본그룹,백반·죽·국수,경기도,안양시,1,0.367751,-0.143104,growth_alpha,0.4526881733178528,1
ba_13224833,2025-09,본죽 명학역점,본그룹,백반·죽·국수,경기도,안양시,0,-0.082715,-2.027793,growth_alpha,0.4758557015185126,1
ba_13224844,2025-08,본죽&비빔밥 평촌점,본그룹,백반·죽·국수,경기도,안양시,1,0.130509,-0.243104,growth_alpha,0.43932791293125506,1
ba_13224844,2025-09,본죽&비빔밥 평촌점,본그룹,백반·죽·국수,경기도,안양시,0,-0.095016,-0.600165,growth_alpha,0.8287963526062222,1
ba_13225746,2025-08,본죽 고양점,본그룹,백반·죽·국수,경기도,고양시,1,0.315364,-0.343104,growth_alpha,0.46126811818172536,1
ba_13225746,2025-09,본죽 고양점,본그룹,백반·죽·국수,경기도,고양시,1,0.140875,1.15776,growth_alpha,0.42587581170828986,1
ba_13225754,2025-08,본죽&비빔밥 일산라페스타점,본그룹,백반·죽·국수,경기도,고양시,0,-0.2,-0.143104,growth_alpha,0.1097108125347192,0
ba_13225754,2025-09,본죽&비빔밥 일산라페스타점,본그룹,백반·죽·국수,경기도,고양시,0,-0.2,-1.827793,growth_alpha,0.11059550065102582,0
ba_13225842,2025-08,본죽 동인천점,본그룹,백반·죽·국수,인천광역시,중구,0,-0.110707,0.256896,growth_alpha,0.3463953472458184,1
ba_13225842,2025-09,본죽 동인천점,본그룹,백반·죽·국수,인천광역시,중구,0,-0.275103,1.827401,growth_alpha,0.32720589216477564,1
ba_13225939,2025-08,본죽 경남거제옥포점,본그룹,백반·죽·국수,경상남도,거제시,0,-0.08125,-0.187006,growth_alpha,0.22444679722973718,0
ba_13225939,2025-09,본죽 경남거제옥포점,본그룹,백반·죽·국수,경상남도,거제시,1,9.566344,-1.888258,growth_alpha,0.2596059083300759,0
ba_13226530,2025-08,본죽&비빔밥 목동사거리점,본그룹,백반·죽·국수,서울특별시,양천구,0,-0.176148,-0.263104,growth_alpha,0.7896515490231576,1
ba_13226530,2025-09,본죽&비빔밥 목동사거리점,본그룹,백반·죽·국수,서울특별시,양천구,0,-0.555114,0.651752,growth_alpha,0.8249383824452238,1
ba_13226546,2025-08,본죽&비빔밥 부산대학병원점,본그룹,백반·죽·국수,부산광역시,서구,0,-0.1,-0.296045,growth_alpha,0.21107229745840642,0
ba_13226546,2025-09,본죽&비빔밥 부산대학병원점,본그룹,백반·죽·국수,부산광역시,서구,1,102.365194,-2.012408,growth_alpha,0.13098233973037351,0
ba_13226567,2025-08,본죽 신정점,본그룹,백반·죽·국수,서울특별시,양천구,0,0.0,-0.143104,growth_alpha,0.43253350863987805,1
ba_13226567,2025-09,본죽 신정점,본그룹,백반·죽·국수,서울특별시,양천구,0,0.0,-1.827793,growth_alpha,0.43475018163038864,1
ba_13226580,2025-08,본죽 등촌역점,본그룹,백반·죽·국수,서울특별시,양천구,0,-0.535813,-0.289771,growth_alpha,0.506813804822392,1
ba_13226580,2025-09,본죽 등촌역점,본그룹,백반·죽·국수,서울특별시,양천구,0,-0.122403,-0.683396,growth_alpha,0.5007133307302261,1
ba_13226670,2025-08,본죽 부산영도점,본그룹,백반·죽·국수,부산광역시,영도구,0,-0.2,-0.309771,growth_alpha,0.09634649024253339,0
ba_13226670,2025-09,본죽 부산영도점,본그룹,백반·죽·국수,부산광역시,영도구,0,-0.2,-2.002793,growth_alpha,0.09711286547645054,0
ba_13226843,2025-08,본죽 부산가야점,본그룹,백반·죽·국수,부산광역시,부산진구,0,-0.135877,-0.213692,growth_alpha,0.7391807759997264,1
ba_13226843,2025-09,본죽 부산가야점,본그룹,백반·죽·국수,부산광역시,부산진구,0,-0.437275,3.385347,growth_alpha,0.42434100734865976,1
ba_13226851,2025-08,본죽 부산진역점,본그룹,백반·죽·국수,부산광역시,동구,0,-0.302102,-0.076437,growth_alpha,0.7967042508502062,1
ba_13226851,2025-09,본죽 부산진역점,본그룹,백반·죽·국수,부산광역시,동구,0,-0.185938,-0.262703,growth_alpha,0.807617521820697,1
ba_13226860,2025-08,본죽 부산서면점,본그룹,백반·죽·국수,부산광역시,부산진구,1,1.901095,-0.177147,growth_alpha,0.8760407971745529,1
ba_13226860,2025-09,본죽 부산서면점,본그룹,백반·죽·국수,부산광역시,부산진구,0,0.029386,-1.90087,growth_alpha,0.8900983320006425,1
ba_13226947,2025-08,본죽&비빔밥 부산법조타운점,본그룹,백반·죽·국수,부산광역시,연제구,0,-0.269659,1.056896,growth_alpha,0.8012090698289742,1
ba_13226947,2025-09,본죽&비빔밥 부산법조타운점,본그룹,백반·죽·국수,부산광역시,연제구,0,-0.44717,1.331092,growth_alpha,0.43239425982144225,1
ba_13227070,2025-08,본죽&비빔밥 부산신호점,본그룹,백반·죽·국수,부산광역시,강서구,0,0.0,-0.343104,growth_alpha,0.3625397956577954,1
ba_13227070,2025-09,본죽&비빔밥 부산신호점,본그룹,백반·죽·국수,부산광역시,강서구,0,0.0,-2.027793,growth_alpha,0.3646282501996265,1
ba_13227516,2025-08,본죽&비빔밥 부산동래점,본그룹,백반·죽·국수,부산광역시,동래구,0,-0.372536,-0.216437,growth_alpha,0.8358861401437384,1
ba_13227516,2025-09,본죽&비빔밥 부산동래점,본그룹,백반·죽·국수,부산광역시,동래구,0,-0.402171,-0.927977,growth_alpha,0.8380660390417656,1
ba_13227543,2025-08,본죽&비빔밥 부경대경성대점,본그룹,백반·죽·국수,부산광역시,남구,0,-0.762903,-0.078818,growth_alpha,0.7721439499718539,1
ba_13227543,2025-09,본죽&비빔밥 부경대경성대점,본그룹,백반·죽·국수,부산광역시,남구,0,-0.715259,-1.11085,growth_alpha,0.8081401628113088,1
ba_13227659,2025-08,본죽&비빔밥 부산괴정점,본그룹,백반·죽·국수,부산광역시,사하구,0,-0.085714,-0.260751,growth_alpha,0.08652205199129956,0
ba_13227659,2025-09,본죽&비빔밥 부산괴정점,본그룹,백반·죽·국수,부산광역시,사하구,1,34.608122,-1.97446,growth_alpha,0.12515454767004144,0
ba_13227696,2025-08,본죽 부산온천장점,본그룹,백반·죽·국수,부산광역시,동래구,0,0.05,-0.10781,growth_alpha,0.35928396718025213,1
ba_13227696,2025-09,본죽 부산온천장점,본그룹,백반·죽·국수,부산광역시,동래구,1,0.218795,-1.727793,growth_alpha,0.9403913634063479,1
ba_13228166,2025-08,본죽 제천하소점,본그룹,백반·죽·국수,충청북도,제천시,1,1.017808,-0.263104,growth_alpha,0.4473390331988352,1
ba_13228166,2025-09,본죽 제천하소점,본그룹,백반·죽·국수,충청북도,제천시,0,-0.201027,-1.918702,growth_alpha,0.7993274606553478,1
ba_13228453,2025-08,본죽&비빔밥 부산명지국제중앙점,본그룹,백반·죽·국수,부산광역시,강서구,1,0.145441,-0.227315,growth_alpha,0.5119642192669226,1
ba_13228453,2025-09,본죽&비빔밥 부산명지국제중앙점,본그룹,백반·죽·국수,부산광역시,강서구,0,0.072718,-0.5669,growth_alpha,0.8398780555022577,1
ba_13228520,2025-08,본죽&비빔밥 성남모란시장점,본그룹,백반·죽·국수,경기도,성남시,0,0.015069,0.656896,growth_alpha,0.3612099002415682,1
ba_13228520,2025-09,본죽&비빔밥 성남모란시장점,본그룹,백반·죽·국수,경기도,성남시,0,-0.367098,0.975571,growth_alpha,0.44964767437561315,1
ba_13228647,2025-08,본죽 대전용운점,본그룹,백반·죽·국수,대전광역시,동구,0,-0.15,-0.143104,growth_alpha,0.2914817523054962,0
ba_13228647,2025-09,본죽 대전용운점,본그룹,백반·죽·국수,대전광역시,동구,1,96.406078,-1.877793,growth_alpha,0.12677606663501995,0
ba_13228668,2025-08,본죽&비빔밥 대전유성온천역점,본그룹,백반·죽·국수,대전광역시,유성구,0,-0.320438,-0.136854,growth_alpha,0.8562973285297519,1
ba_13228668,2025-09,본죽&비빔밥 대전유성온천역점,본그룹,백반·죽·국수,대전광역시,유성구,0,-0.469322,-0.358808,growth_alpha,0.8785633424788443,1
ba_13228675,2025-08,본죽&비빔밥 대전전민동점,본그룹,백반·죽·국수,대전광역시,유성구,0,-0.247715,4.656896,growth_alpha,0.8300119300503456,1
ba_13228675,2025-09,본죽&비빔밥 대전전민동점,본그룹,백반·죽·국수,대전광역시,유성구,0,-0.354723,1.43773,growth_alpha,0.8232859190741899,1
ba_13228677,2025-08,본죽 청주봉명점,본그룹,백반·죽·국수,충청북도,청주시,0,-0.225024,-0.168104,growth_alpha,0.7446922831300751,1
ba_13228677,2025-09,본죽 청주봉명점,본그룹,백반·죽·국수,충청북도,청주시,0,-0.315981,-0.440082,growth_alpha,0.44592321251849476,1
ba_13228869,2025-08,본죽&비빔밥 대전판암점,본그룹,백반·죽·국수,대전광역시,동구,1,0.459708,-0.254215,growth_alpha,0.8134055206785071,1
ba_13228869,2025-09,본죽&비빔밥 대전판암점,본그룹,백반·죽·국수,대전광역시,동구,0,-0.156655,-1.927793,growth_alpha,0.4241567649259992,1
ba_13228874,2025-08,본죽&비빔밥 청주성안길점,본그룹,백반·죽·국수,충청북도,청주시,1,0.2,-0.276437,growth_alpha,0.0884441785396703,0
ba_13228874,2025-09,본죽&비빔밥 청주성안길점,본그룹,백반·죽·국수,충청북도,청주시,1,53.307603,-1.961126,growth_alpha,0.07680517356943292,0
ba_13228878,2025-08,본죽 대전도마사거리점,본그룹,백반·죽·국수,대전광역시,서구,1,0.407974,-0.252195,growth_alpha,0.45072898362909086,1
ba_13228878,2025-09,본죽 대전도마사거리점,본그룹,백반·죽·국수,대전광역시,서구,1,0.209777,-0.958995,growth_alpha,0.8036021393660521,1
ba_13228909,2025-08,본죽&비빔밥 청주사창점,본그룹,백반·죽·국수,충청북도,청주시,1,6.388793,-0.250796,growth_alpha,0.7725565690309453,1
ba_13228909,2025-09,본죽&비빔밥 청주사창점,본그룹,백반·죽·국수,충청북도,청주시,1,1.833136,-1.827793,growth_alpha,0.801275494988102,1
ba_13228939,2025-08,본죽 산성역점,본그룹,백반·죽·국수,경기도,성남시,0,-0.2,-0.143104,growth_alpha,0.10434728675799154,0
ba_13228939,2025-09,본죽 산성역점,본그룹,백반·죽·국수,경기도,성남시,1,11.932712,-1.427793,growth_alpha,0.15941622921504134,0
ba_13228945,2025-08,본죽&비빔밥 대전진잠점,본그룹,백반·죽·국수,대전광역시,유성구,1,2.558269,-0.243104,growth_alpha,0.6898650334447985,1
ba_13228945,2025-09,본죽&비빔밥 대전진잠점,본그룹,백반·죽·국수,대전광역시,유성구,1,3.110431,-1.853119,growth_alpha,0.7751674661591704,1
ba_13228978,2025-08,본죽&비빔밥 인천연희연세병원점,본그룹,백반·죽·국수,인천광역시,서구,1,5.684863,-0.243104,growth_alpha,0.34749410344572856,1
ba_13228978,2025-09,본죽&비빔밥 인천연희연세병원점,본그룹,백반·죽·국수,인천광역시,서구,1,1.482763,-1.927793,growth_alpha,0.36127471882468876,1
ba_13228993,2025-08,본죽&비빔밥 동탄솔빛나루점,본그룹,백반·죽·국수,경기도,화성시,1,0.1175,-0.243104,growth_alpha,0.43736488867674755,1
ba_13228993,2025-09,본죽&비빔밥 동탄솔빛나루점,본그룹,백반·죽·국수,경기도,화성시,0,-0.085052,0.458805,growth_alpha,0.46260911932233273,1
ba_13229107,2025-08,본죽 대덕테크노밸리점,본그룹,백반·죽·국수,대전광역시,유성구,1,0.940461,-0.168104,growth_alpha,0.7909633665823046,1
ba_13229107,2025-09,본죽 대덕테크노밸리점,본그룹,백반·죽·국수,대전광역시,유성구,1,0.174379,-0.506321,growth_alpha,0.8382532511118094,1
ba_13229152,2025-08,본죽&비빔밥 부산엄궁점,본그룹,백반·죽·국수,부산광역시,사상구,0,-0.558617,-0.129771,growth_alpha,0.8117157371633468,1
ba_13229152,2025-09,본죽&비빔밥 부산엄궁점,본그룹,백반·죽·국수,부산광역시,사상구,0,-0.811713,-0.605878,growth_alpha,0.8210527105304382,1
ba_13229173,2025-08,본죽&비빔밥 대구칠곡점,본그룹,백반·죽·국수,대구광역시,북구,0,-0.275415,-0.030604,growth_alpha,0.8573606671170613,1
ba_13229173,2025-09,본죽&비빔밥 대구칠곡점,본그룹,백반·죽·국수,대구광역시,북구,0,-0.41698,-0.343907,growth_alpha,0.8712420679085144,1
ba_13229184,2025-08,본죽 대구산격점,본그룹,백반·죽·국수,대구광역시,북구,1,1.59525,-0.189258,growth_alpha,0.8104456374263967,1
ba_13229184,2025-09,본죽 대구산격점,본그룹,백반·죽·국수,대구광역시,북구,0,0.075791,-1.956364,growth_alpha,0.4846009319436259,1
ba_13229527,2025-08,본죽&비빔밥 상주점,본그룹,백반·죽·국수,경상북도,상주시,0,-0.129592,-0.188265,growth_alpha,0.8396977508890909,1
ba_13229527,2025-09,본죽&비빔밥 상주점,본그룹,백반·죽·국수,경상북도,상주시,0,-0.238616,-0.035962,growth_alpha,0.7162148472767542,1
ba_13229560,2025-08,본죽 양천구청점,본그룹,백반·죽·국수,서울특별시,양천구,0,-0.2,-0.263104,growth_alpha,0.24914752224830358,0
ba_13229560,2025-09,본죽 양천구청점,본그룹,백반·죽·국수,서울특별시,양천구,0,-0.2,-1.987793,growth_alpha,0.2664665661218502,0
ba_13229747,2025-08,본죽 창원중앙동점,본그룹,백반·죽·국수,경상남도,창원시,0,0.112483,-0.143104,growth_alpha,0.7516709816495507,1
ba_13229747,2025-09,본죽 창원중앙동점,본그룹,백반·죽·국수,경상남도,창원시,0,-0.334156,1.106245,growth_alpha,0.4587976058210105,1
ba_13229858,2025-08,본죽 창원반송점,본그룹,백반·죽·국수,경상남도,창원시,1,0.6,-0.243104,growth_alpha,0.09358004188865385,0
ba_13229858,2025-09,본죽 창원반송점,본그룹,백반·죽·국수,경상남도,창원시,1,92.174155,-1.877793,growth_alpha,0.10972151148681443,0
ba_13229960,2025-08,본죽 창원소답점,본그룹,백반·죽·국수,경상남도,창원시,0,-0.296203,-0.228818,growth_alpha,0.4387513875507086,1
ba_13229960,2025-09,본죽 창원소답점,본그룹,백반·죽·국수,경상남도,창원시,0,-0.095064,-1.680353,growth_alpha,0.44265648436638333,1
ba_13229975,2025-08,본죽 구성언남점,본그룹,백반·죽·국수,경기도,용인시,1,0.358444,-0.143104,growth_alpha,0.3657604315755845,1
ba_13229975,2025-09,본죽 구성언남점,본그룹,백반·죽·국수,경기도,용인시,0,-0.499075,-0.295306,growth_alpha,0.4313944186242436,1
ba_13230007,2025-08,본죽 죽전벽산타운점,본그룹,백반·죽·국수,경기도,용인시,0,0.079055,-0.143104,growth_alpha,0.4308230652943459,1
ba_13230007,2025-09,본죽 죽전벽산타운점,본그룹,백반·죽·국수,경기도,용인시,0,-0.282789,-0.580673,growth_alpha,0.6441774624371219,1
ba_13230502,2025-08,본죽 화성봉담점,본그룹,백반·죽·국수,경기도,화성시,1,0.2,-0.263104,growth_alpha,0.1578545485373397,0
ba_13230502,2025-09,본죽 화성봉담점,본그룹,백반·죽·국수,경기도,화성시,1,61.714444,-1.907793,growth_alpha,0.5613637413122845,1
ba_13230793,2025-08,본죽&비빔밥 구로디지털역점,본그룹,백반·죽·국수,서울특별시,구로구,0,0.007311,-0.218104,growth_alpha,0.48227678826582093,1
ba_13230793,2025-09,본죽&비빔밥 구로디지털역점,본그룹,백반·죽·국수,서울특별시,구로구,0,-0.293587,-0.659926,growth_alpha,0.4984555736129611,1
ba_13230813,2025-08,본죽&비빔밥 용인물푸레마을점,본그룹,백반·죽·국수,경기도,용인시,1,1.888097,-0.143104,growth_alpha,0.3969728303275071,1
ba_13230813,2025-09,본죽&비빔밥 용인물푸레마을점,본그룹,백반·죽·국수,경기도,용인시,0,-0.114963,1.892263,growth_alpha,0.6407528314924213,1
ba_13230824,2025-08,본죽&비빔밥 가산테라타워점,본그룹,백반·죽·국수,서울특별시,금천구,0,0.065397,-0.143104,growth_alpha,0.5084491428471999,1
ba_13230824,2025-09,본죽&비빔밥 가산테라타워점,본그룹,백반·죽·국수,서울특별시,금천구,0,-0.16832,-0.73359,growth_alpha,0.5018707155815614,1
ba_13230834,2025-08,본죽&비빔밥 송도신도시점,본그룹,백반·죽·국수,인천광역시,연수구,1,0.320403,-0.209771,growth_alpha,0.31570515223932066,1
ba_13230834,2025-09,본죽&비빔밥 송도신도시점,본그룹,백반·죽·국수,인천광역시,연수구,0,-0.167831,12.83803,growth_alpha,0.27632447444099767,0
ba_13230838,2025-08,본죽&비빔밥 시흥사거리점,본그룹,백반·죽·국수,서울특별시,금천구,0,-0.21345,-0.200247,growth_alpha,0.7885681952231477,1
ba_13230838,2025-09,본죽&비빔밥 시흥사거리점,본그룹,백반·죽·국수,서울특별시,금천구,0,-0.3745,-0.907219,growth_alpha,0.8466804933363988,1
ba_13230846,2025-08,본죽&비빔밥 수원탑동점,본그룹,백반·죽·국수,경기도,수원시,1,0.241926,-0.109771,growth_alpha,0.8122046846501997,1
ba_13230846,2025-09,본죽&비빔밥 수원탑동점,본그룹,백반·죽·국수,경기도,수원시,1,0.163904,0.08422,growth_alpha,0.4588476572239808,1
ba_13230879,2025-08,본죽&비빔밥 강남성심병원점,본그룹,백반·죽·국수,서울특별시,영등포구,0,-0.14836,-0.143104,growth_alpha,0.7838125724357066,1
ba_13230879,2025-09,본죽&비빔밥 강남성심병원점,본그룹,백반·죽·국수,서울특별시,영등포구,1,0.165405,0.523018,growth_alpha,0.4756629292850483,1
ba_13230903,2025-08,본죽 시흥시화병원점,본그룹,백반·죽·국수,경기도,시흥시,0,-0.275683,-0.261623,growth_alpha,0.8079391424127516,1
ba_13230903,2025-09,본죽 시흥시화병원점,본그룹,백반·죽·국수,경기도,시흥시,0,-0.349721,0.702884,growth_alpha,0.420724089522744,1
ba_13230921,2025-08,본죽&비빔밥 문래홈플러스점,본그룹,백반·죽·국수,서울특별시,영등포구,0,-0.046939,0.006896,growth_alpha,0.7756712374718953,1
ba_13230921,2025-09,본죽&비빔밥 문래홈플러스점,본그룹,백반·죽·국수,서울특별시,영등포구,0,-0.192403,-0.327582,growth_alpha,0.7898314804631313,1
ba_13230969,2025-08,본죽&비빔밥 새터마을죽전현대홈타운점,본그룹,백반·죽·국수,경기도,용인시,0,0.056017,-0.143104,growth_alpha,0.39938989448621404,1
ba_13230969,2025-09,본죽&비빔밥 새터마을죽전현대홈타운점,본그룹,백반·죽·국수,경기도,용인시,0,-0.428443,0.618409,growth_alpha,0.7203252162620684,1
ba_13231050,2025-08,본죽&비빔밥 안산고잔법원점,본그룹,백반·죽·국수,경기도,안산시,1,2.682665,-0.270377,growth_alpha,0.42663136162607274,1
ba_13231050,2025-09,본죽&비빔밥 안산고잔법원점,본그룹,백반·죽·국수,경기도,안산시,1,0.303449,-2.008745,growth_alpha,0.4834128474120791,1
ba_13231120,2025-08,본죽 안산본오1동점,본그룹,백반·죽·국수,경기도,안산시,1,1.032387,0.256896,growth_alpha,0.821897311512645,1
ba_13231120,2025-09,본죽 안산본오1동점,본그룹,백반·죽·국수,경기도,안산시,0,-0.31474,-1.427793,growth_alpha,0.45183227402807713,1
ba_13231147,2025-08,본죽&비빔밥 인천송도웰카운티점,본그룹,백반·죽·국수,인천광역시,연수구,1,1.920335,0.106896,growth_alpha,0.7397485406274819,1
ba_13231147,2025-09,본죽&비빔밥 인천송도웰카운티점,본그룹,백반·죽·국수,인천광역시,연수구,1,0.682679,-1.79446,growth_alpha,0.7807086146084886,1
ba_13231157,2025-08,본죽 수원인계점,본그룹,백반·죽·국수,경기도,수원시,0,-0.046414,-0.203104,growth_alpha,0.7944702758534362,1
ba_13231157,2025-09,본죽 수원인계점,본그룹,백반·죽·국수,경기도,수원시,0,-0.328084,1.876549,growth_alpha,0.7975402197335981,1
ba_13231195,2025-08,본죽&비빔밥 수원광교역점,본그룹,백반·죽·국수,경기도,수원시,1,0.151788,-0.143104,growth_alpha,0.46120536390416356,1
ba_13231195,2025-09,본죽&비빔밥 수원광교역점,본그룹,백반·죽·국수,경기도,수원시,0,-0.130911,-0.897151,growth_alpha,0.40943919053864175,1
ba_13231218,2025-08,본죽 시흥하상동점,본그룹,백반·죽·국수,경기도,시흥시,0,0.0,-0.143104,growth_alpha,0.3871298344144476,1
ba_13231218,2025-09,본죽 시흥하상동점,본그룹,백반·죽·국수,경기도,시흥시,0,0.0,-1.827793,growth_alpha,0.3892734400454505,1
ba_13231481,2025-08,본죽&비빔밥 광명소하지구점,본그룹,백반·죽·국수,경기도,광명시,0,0.0689,0.028325,growth_alpha,0.8204172429111758,1
ba_13231481,2025-09,본죽&비빔밥 광명소하지구점,본그룹,백반·죽·국수,경기도,광명시,0,-0.315744,4.261171,growth_alpha,0.8155284297655341,1
ba_13231795,2025-08,본죽&비빔밥 인천간석남부역점,본그룹,백반·죽·국수,인천광역시,남동구,1,1.421141,-0.043104,growth_alpha,0.34835465398064047,1
ba_13231795,2025-09,본죽&비빔밥 인천간석남부역점,본그룹,백반·죽·국수,인천광역시,남동구,1,2.152803,15.085755,growth_alpha,0.24124893983784865,0
ba_13231958,2025-08,본죽 송도센트럴파크점,본그룹,백반·죽·국수,인천광역시,연수구,1,0.204833,-0.085961,growth_alpha,0.4004242595727414,1
ba_13231958,2025-09,본죽 송도센트럴파크점,본그룹,백반·죽·국수,인천광역시,연수구,0,-0.28308,3.458494,growth_alpha,0.3986521132596805,1
ba_13232110,2025-08,본죽&비빔밥 부산토곡점,본그룹,백반·죽·국수,부산광역시,연제구,0,-0.024413,-0.231993,growth_alpha,0.8721978798780827,1
ba_13232110,2025-09,본죽&비빔밥 부산토곡점,본그룹,백반·죽·국수,부산광역시,연제구,0,-0.29519,0.273211,growth_alpha,0.810482954897621,1
ba_13232134,2025-08,본죽&비빔밥 광주운남점,본그룹,백반·죽·국수,광주광역시,광산구,0,-0.098215,-0.309771,growth_alpha,0.7757858397003222,1
ba_13232134,2025-09,본죽&비빔밥 광주운남점,본그룹,백반·죽·국수,광주광역시,광산구,0,-0.233024,0.367136,growth_alpha,0.38344057164032375,1
ba_13232348,2025-08,본죽&비빔밥 광주선운지구점,본그룹,백반·죽·국수,광주광역시,광산구,0,-0.158265,-0.09695,growth_alpha,0.42559368640353085,1
ba_13232348,2025-09,본죽&비빔밥 광주선운지구점,본그룹,백반·죽·국수,광주광역시,광산구,0,-0.382356,1.214618,growth_alpha,0.3991661441115498,1
ba_13232508,2025-08,본죽&비빔밥 김해어방점,본그룹,백반·죽·국수,경상남도,김해시,0,-0.264882,-0.120882,growth_alpha,0.7589473282367643,1
ba_13232508,2025-09,본죽&비빔밥 김해어방점,본그룹,백반·죽·국수,경상남도,김해시,0,-0.199727,-0.890592,growth_alpha,0.7730544845136718,1
ba_13233027,2025-08,본죽&비빔밥 고척근린공원점,본그룹,백반·죽·국수,서울특별시,구로구,0,0.0,-0.143104,growth_alpha,0.4002689544752349,1
ba_13233027,2025-09,본죽&비빔밥 고척근린공원점,본그룹,백반·죽·국수,서울특별시,구로구,0,0.0,-1.827793,growth_alpha,0.4024375404908627,1
ba_13233115,2025-08,본죽&비빔밥 대구복현동점,본그룹,백반·죽·국수,대구광역시,북구,1,0.282796,-0.200247,growth_alpha,0.7699834732815333,1
ba_13233115,2025-09,본죽&비빔밥 대구복현동점,본그룹,백반·죽·국수,대구광역시,북구,0,-0.150335,13.190446,growth_alpha,0.7690555421809148,1
ba_13233212,2025-08,본죽 통영점,본그룹,백반·죽·국수,경상남도,통영시,0,-0.30216,-0.218104,growth_alpha,0.8222515105633117,1
ba_13233212,2025-09,본죽 통영점,본그룹,백반·죽·국수,경상남도,통영시,0,-0.321005,-0.740665,growth_alpha,0.8164191940177961,1
ba_13233433,2025-08,본죽 대명안지랑점,본그룹,백반·죽·국수,대구광역시,남구,0,-0.331957,-0.249771,growth_alpha,0.47003046416339983,1
ba_13233433,2025-09,본죽 대명안지랑점,본그룹,백반·죽·국수,대구광역시,남구,0,-0.390715,-0.186037,growth_alpha,0.44205607480325215,1
ba_13233436,2025-08,본죽&비빔밥 대구효성타운점,본그룹,백반·죽·국수,대구광역시,남구,0,-0.001806,-0.093104,growth_alpha,0.7344547669858937,1
ba_13233436,2025-09,본죽&비빔밥 대구효성타운점,본그룹,백반·죽·국수,대구광역시,남구,0,-0.091687,0.581169,growth_alpha,0.40742769422579217,1
ba_13233445,2025-08,본죽&비빔밥 여수죽림점,본그룹,백반·죽·국수,전라남도,여수시,0,-0.466823,-0.238342,growth_alpha,0.8396160422286297,1
ba_13233445,2025-09,본죽&비빔밥 여수죽림점,본그룹,백반·죽·국수,전라남도,여수시,0,-0.485757,-1.252092,growth_alpha,0.8400747852504211,1
ba_13233448,2025-08,본죽&비빔밥 대구달서구청점,본그룹,백반·죽·국수,대구광역시,달서구,0,0.113858,-0.043104,growth_alpha,0.7705350748001826,1
ba_13233448,2025-09,본죽&비빔밥 대구달서구청점,본그룹,백반·죽·국수,대구광역시,달서구,0,0.011913,0.538229,growth_alpha,0.41679970583955195,1
ba_13233454,2025-08,본죽 서산읍내동점,본그룹,백반·죽·국수,충청남도,서산시,0,-0.495805,-0.249771,growth_alpha,0.4466323775543372,1
ba_13233454,2025-09,본죽 서산읍내동점,본그룹,백반·죽·국수,충청남도,서산시,0,-0.552245,-1.125547,growth_alpha,0.47239773298132726,1
ba_13233457,2025-08,본죽&비빔밥 대구용산장기점,본그룹,백반·죽·국수,대구광역시,달서구,0,-0.722099,-0.178818,growth_alpha,0.8260138662518154,1
ba_13233457,2025-09,본죽&비빔밥 대구용산장기점,본그룹,백반·죽·국수,대구광역시,달서구,0,-0.762886,-0.831649,growth_alpha,0.8192369447544539,1
ba_13233463,2025-08,본죽&비빔밥 대구북구청점,본그룹,백반·죽·국수,대구광역시,북구,0,-0.158607,-0.288559,growth_alpha,0.415505961576435,1
ba_13233463,2025-09,본죽&비빔밥 대구북구청점,본그룹,백반·죽·국수,대구광역시,북구,0,-0.331175,-0.810337,growth_alpha,0.7713570035193381,1
ba_13233466,2025-08,본죽&비빔밥 대구대곡역점,본그룹,백반·죽·국수,대구광역시,달성군,0,-0.245782,-0.187548,growth_alpha,0.4444270534840598,1
ba_13233466,2025-09,본죽&비빔밥 대구대곡역점,본그룹,백반·죽·국수,대구광역시,달성군,0,-0.476888,-0.524491,growth_alpha,0.4488438859008079,1
ba_13233483,2025-08,본죽&비빔밥 경산사동점,본그룹,백반·죽·국수,경상북도,경산시,0,-0.380437,0.056896,growth_alpha,0.850858569691592,1
ba_13233483,2025-09,본죽&비빔밥 경산사동점,본그룹,백반·죽·국수,경상북도,경산시,0,-0.406118,0.310869,growth_alpha,0.42598102191587606,1
ba_13233484,2025-08,본죽&비빔밥 진주하대점,본그룹,백반·죽·국수,경상남도,진주시,0,0.086261,-0.076437,growth_alpha,0.7247999778958369,1
ba_13233484,2025-09,본죽&비빔밥 진주하대점,본그룹,백반·죽·국수,경상남도,진주시,0,0.083259,-1.146205,growth_alpha,0.4446301250746635,1
ba_13233506,2025-08,본죽 광양마동점,본그룹,백반·죽·국수,전라남도,광양시,0,-0.203541,-0.050796,growth_alpha,0.8366246500876744,1
ba_13233506,2025-09,본죽 광양마동점,본그룹,백반·죽·국수,전라남도,광양시,0,-0.6807,-1.342079,growth_alpha,0.7548111471064148,1
ba_13233554,2025-08,본죽 대구서재점,본그룹,백반·죽·국수,대구광역시,달성군,0,-0.624243,-0.278818,growth_alpha,0.8573834869599856,1
ba_13233554,2025-09,본죽 대구서재점,본그룹,백반·죽·국수,대구광역시,달성군,0,-0.894111,-0.339149,growth_alpha,0.8243957798897175,1
ba_13233575,2025-08,본죽&비빔밥 대구두산점,본그룹,백반·죽·국수,대구광역시,수성구,0,-0.337675,0.123563,growth_alpha,0.8276177556513548,1
ba_13233575,2025-09,본죽&비빔밥 대구두산점,본그룹,백반·죽·국수,대구광역시,수성구,0,-0.43186,0.037966,growth_alpha,0.4511062675767523,1
ba_13233576,2025-08,본죽&비빔밥 당진점,본그룹,백반·죽·국수,충청남도,당진시,1,0.609856,-0.119575,growth_alpha,0.9504332654873875,1
ba_13233576,2025-09,본죽&비빔밥 당진점,본그룹,백반·죽·국수,충청남도,당진시,0,0.101593,1.014482,growth_alpha,0.9684367082478388,1
ba_13233578,2025-08,본죽&비빔밥 대구성당뉴타운점,본그룹,백반·죽·국수,대구광역시,달서구,0,0.113878,-0.280604,growth_alpha,0.48903588698152767,1
ba_13233578,2025-09,본죽&비빔밥 대구성당뉴타운점,본그룹,백반·죽·국수,대구광역시,달서구,0,-0.101866,-0.456424,growth_alpha,0.8285278771776922,1
ba_13233579,2025-08,본죽&비빔밥 경산터미널점,본그룹,백반·죽·국수,경상북도,경산시,1,0.238536,0.256896,growth_alpha,0.43095282759210485,1
ba_13233579,2025-09,본죽&비빔밥 경산터미널점,본그룹,백반·죽·국수,경상북도,경산시,1,0.313854,-0.592863,growth_alpha,0.775346261335968,1
ba_13233581,2025-08,본죽&비빔밥 진주혁신중앙점,본그룹,백반·죽·국수,경상남도,진주시,0,-0.018182,-0.185961,growth_alpha,0.22611554482391852,0
ba_13233581,2025-09,본죽&비빔밥 진주혁신중앙점,본그룹,백반·죽·국수,경상남도,진주시,1,82.500317,-1.827793,growth_alpha,0.30965776558746083,1
ba_13233587,2025-08,본죽&비빔밥 나주혁신호수공원점,본그룹,백반·죽·국수,전라남도,나주시,0,-0.163218,-0.188818,growth_alpha,0.8521729584071127,1
ba_13233587,2025-09,본죽&비빔밥 나주혁신호수공원점,본그룹,백반·죽·국수,전라남도,나주시,0,-0.20863,-0.579428,growth_alpha,0.8520335483665278,1
ba_13233592,2025-08,본죽&비빔밥 대구대학교점,본그룹,백반·죽·국수,경상북도,경산시,1,1.172097,-0.234013,growth_alpha,0.7763923764832839,1
ba_13233592,2025-09,본죽&비빔밥 대구대학교점,본그룹,백반·죽·국수,경상북도,경산시,1,0.206391,0.853626,growth_alpha,0.816898024839657,1
ba_13233594,2025-08,본죽 대구진천역점,본그룹,백반·죽·국수,대구광역시,달서구,0,-0.395428,-0.233104,growth_alpha,0.6702176621538414,1
ba_13233594,2025-09,본죽 대구진천역점,본그룹,백반·죽·국수,대구광역시,달서구,0,-0.340895,-1.415049,growth_alpha,0.4870408927664119,1
ba_13233606,2025-08,본죽&비빔밥 대구칠곡관음점,본그룹,백반·죽·국수,대구광역시,북구,0,-0.08138,-0.165326,growth_alpha,0.893306436288973,1
ba_13233606,2025-09,본죽&비빔밥 대구칠곡관음점,본그룹,백반·죽·국수,대구광역시,북구,0,-0.236638,-0.109118,growth_alpha,0.8154732739872815,1
ba_13233607,2025-08,본죽 전북봉동점,본그룹,백반·죽·국수,전북특별자치도,완주군,0,-0.015539,-0.171675,growth_alpha,0.6813339499895861,1
ba_13233607,2025-09,본죽 전북봉동점,본그룹,백반·죽·국수,전북특별자치도,완주군,0,-0.322641,0.592299,growth_alpha,0.6533986285524347,1
ba_13233639,2025-08,본죽&비빔밥 대구동성로점,본그룹,백반·죽·국수,대구광역시,중구,0,-0.196597,-0.165326,growth_alpha,0.7765759284252988,1
ba_13233639,2025-09,본죽&비빔밥 대구동성로점,본그룹,백반·죽·국수,대구광역시,중구,0,-0.226363,-0.682433,growth_alpha,0.7574968227873313,1
ba_13233688,2025-08,본죽 대구세천점,본그룹,백반·죽·국수,대구광역시,달성군,1,0.19245,-0.309771,growth_alpha,0.46622335065153286,1
ba_13233688,2025-09,본죽 대구세천점,본그룹,백반·죽·국수,대구광역시,달성군,0,-0.141559,-0.130123,growth_alpha,0.813735849724846,1
ba_13233716,2025-08,본죽 포항죽도오거리점,본그룹,백반·죽·국수,경상북도,포항시,1,0.478387,-0.187548,growth_alpha,0.4784030554619595,1
ba_13233716,2025-09,본죽 포항죽도오거리점,본그룹,백반·죽·국수,경상북도,포항시,1,0.165754,0.485842,growth_alpha,0.506023750251533,1
ba_13233724,2025-08,본죽&비빔밥 대구동성로중앙점,본그룹,백반·죽·국수,대구광역시,중구,0,-0.424838,-0.168104,growth_alpha,0.7719105135436848,1
ba_13233724,2025-09,본죽&비빔밥 대구동성로중앙점,본그룹,백반·죽·국수,대구광역시,중구,0,-0.039763,-0.522473,growth_alpha,0.42067571348209937,1
ba_13233726,2025-08,본죽 다사죽곡점,본그룹,백반·죽·국수,대구광역시,달성군,0,-0.276387,-0.162152,growth_alpha,0.854066080065928,1
ba_13233726,2025-09,본죽 다사죽곡점,본그룹,백반·죽·국수,대구광역시,달성군,0,-0.432047,-0.37143,growth_alpha,0.8601230146552479,1
ba_13233735,2025-08,본죽 대구감삼드림시티점,본그룹,백반·죽·국수,대구광역시,달서구,0,-0.877819,-0.128818,growth_alpha,0.8066047844468242,1
ba_13233735,2025-09,본죽 대구감삼드림시티점,본그룹,백반·죽·국수,대구광역시,달서구,0,-1.0,-0.508761,growth_alpha,0.45194416454307235,1
ba_13233742,2025-08,본죽&비빔밥 내당삼익뉴타운점,본그룹,백반·죽·국수,대구광역시,서구,0,-0.364533,-0.193104,growth_alpha,0.7975076790901479,1
ba_13233742,2025-09,본죽&비빔밥 내당삼익뉴타운점,본그룹,백반·죽·국수,대구광역시,서구,0,-0.318711,-0.607463,growth_alpha,0.46112981986005647,1
ba_13233764,2025-08,본죽 대구송라시장점,본그룹,백반·죽·국수,대구광역시,동구,0,-0.135578,-0.214533,growth_alpha,0.8042221781799341,1
ba_13233764,2025-09,본죽 대구송라시장점,본그룹,백반·죽·국수,대구광역시,동구,0,-0.338413,-0.064806,growth_alpha,0.46381132821833304,1
ba_13233767,2025-08,본죽&비빔밥 세종정부청사점,본그룹,백반·죽·국수,세종특별자치시,절재로,0,-0.236575,-0.143104,growth_alpha,0.7410039738204488,1
ba_13233767,2025-09,본죽&비빔밥 세종정부청사점,본그룹,백반·죽·국수,세종특별자치시,절재로,0,-0.149586,-0.664865,growth_alpha,0.3578127991498058,1
ba_13233778,2025-08,본죽&비빔밥 포항효자점,본그룹,백반·죽·국수,경상북도,포항시,0,0.076446,0.035274,growth_alpha,0.9475019266308445,1
ba_13233778,2025-09,본죽&비빔밥 포항효자점,본그룹,백반·죽·국수,경상북도,포항시,0,-0.156113,0.753564,growth_alpha,0.9380367114002379,1
ba_13233782,2025-08,본죽&비빔밥 대구서구청점,본그룹,백반·죽·국수,대구광역시,서구,1,0.223529,-0.243104,growth_alpha,0.7299165225329286,1
ba_13233782,2025-09,본죽&비빔밥 대구서구청점,본그룹,백반·죽·국수,대구광역시,서구,1,1.084288,-1.800207,growth_alpha,0.8453370600095149,1
ba_13233856,2025-08,본죽 세종아름점,본그룹,백반·죽·국수,세종특별자치시,보듬3로,0,-0.225817,0.571182,growth_alpha,0.8306935606609778,1
ba_13233856,2025-09,본죽 세종아름점,본그룹,백반·죽·국수,세종특별자치시,보듬3로,0,-0.378506,0.57978,growth_alpha,0.8355552663749682,1
ba_13234034,2025-08,본죽 포항오천점,본그룹,백반·죽·국수,경상북도,포항시,0,-0.029738,0.216896,growth_alpha,0.9139525620414207,1
ba_13234034,2025-09,본죽 포항오천점,본그룹,백반·죽·국수,경상북도,포항시,0,-0.189932,0.146951,growth_alpha,0.8934458792410006,1
ba_13234089,2025-08,본죽 세종고운점,본그룹,백반·죽·국수,세종특별자치시,마음로,1,0.206475,-0.143104,growth_alpha,0.8079820653783736,1
ba_13234089,2025-09,본죽 세종고운점,본그룹,백반·죽·국수,세종특별자치시,마음로,0,-0.458814,4.204305,growth_alpha,0.6508604522336786,1
ba_13234101,2025-08,본죽&비빔밥 세종첫마을점,본그룹,백반·죽·국수,세종특별자치시,노을3로,0,-0.2,-0.054215,growth_alpha,0.5397559926004876,1
ba_13234101,2025-09,본죽&비빔밥 세종첫마을점,본그룹,백반·죽·국수,세종특별자치시,노을3로,0,-0.144828,-1.927793,growth_alpha,0.29305422208425624,0
ba_13234187,2025-08,본죽 경산계양점,본그룹,백반·죽·국수,경상북도,경산시,1,0.409051,-0.243104,growth_alpha,0.3554489522693694,1
ba_13234187,2025-09,본죽 경산계양점,본그룹,백반·죽·국수,경상북도,경산시,0,0.027115,-1.035545,growth_alpha,0.40569055383098357,1
ba_13234188,2025-08,본죽&비빔밥 경산중산점,본그룹,백반·죽·국수,경상북도,경산시,0,-0.229261,-0.20762,growth_alpha,0.8259376109808451,1
ba_13234188,2025-09,본죽&비빔밥 경산중산점,본그룹,백반·죽·국수,경상북도,경산시,0,-0.413661,-0.420208,growth_alpha,0.8119056189402653,1
ba_13234193,2025-08,본죽 경주황성점,본그룹,백반·죽·국수,경상북도,경주시,1,0.235005,-0.147982,growth_alpha,0.8750769950816043,1
ba_13234193,2025-09,본죽 경주황성점,본그룹,백반·죽·국수,경상북도,경주시,0,-0.073229,0.627427,growth_alpha,0.8298353637071222,1
ba_13234475,2025-08,본죽&비빔밥 노량진점,본그룹,백반·죽·국수,서울특별시,동작구,1,0.169588,-0.25739,growth_alpha,0.8192805014890627,1
ba_13234475,2025-09,본죽&비빔밥 노량진점,본그룹,백반·죽·국수,서울특별시,동작구,1,0.314025,0.890842,growth_alpha,0.4150467519330577,1
ba_13234523,2025-08,본죽&비빔밥 동탄목동점,본그룹,백반·죽·국수,경기도,화성시,0,-0.1,-0.197649,growth_alpha,0.10138823567502538,0
ba_13234523,2025-09,본죽&비빔밥 동탄목동점,본그룹,백반·죽·국수,경기도,화성시,0,-0.114286,-1.872237,growth_alpha,0.32732224841805024,1
ba_13234578,2025-08,본죽&비빔밥 동백중앙점,본그룹,백반·죽·국수,경기도,용인시,0,-0.114236,-0.114533,growth_alpha,0.47956807441679833,1
ba_13234578,2025-09,본죽&비빔밥 동백중앙점,본그룹,백반·죽·국수,경기도,용인시,0,-0.344525,0.204659,growth_alpha,0.45866938296103643,1
ba_13234790,2025-08,굽네치킨 덕정점,굽네치킨,치킨,경기도,양주시,0,-0.012905,3.301321,growth_alpha,0.8212501370868422,1
ba_13234790,2025-09,굽네치킨 덕정점,굽네치킨,치킨,경기도,양주시,0,-0.201609,1.165698,growth_alpha,0.8337739688740283,1
ba_13235318,2025-08,본죽&비빔밥 상암DMC점,본그룹,백반·죽·국수,서울특별시,마포구,0,-0.2,-0.200247,growth_alpha,0.24185391073809673,0
ba_13235318,2025-09,본죽&비빔밥 상암DMC점,본그룹,백반·죽·국수,서울특별시,마포구,1,34.323723,-1.97065,growth_alpha,0.328231682599821,1
ba_13235498,2025-08,본죽&비빔밥 외대점,본그룹,백반·죽·국수,서울특별시,동대문구,1,0.88,-0.243104,growth_alpha,0.7403881886891482,1
ba_13235498,2025-09,본죽&비빔밥 외대점,본그룹,백반·죽·국수,서울특별시,동대문구,1,1.828397,-1.742079,growth_alpha,0.8161330435665016,1
ba_13235500,2025-08,본죽 의정부회룡역점,본그룹,백반·죽·국수,경기도,의정부시,1,0.813518,-0.243104,growth_alpha,0.9201989327397015,1
ba_13235500,2025-09,본죽 의정부회룡역점,본그룹,백반·죽·국수,경기도,의정부시,1,0.157547,13.83399,growth_alpha,0.7741377659720472,1
ba_13235508,2025-08,본죽&비빔밥 의정부녹양점,본그룹,백반·죽·국수,경기도,의정부시,0,-0.127122,-0.343104,growth_alpha,0.43289588312290084,1
ba_13235508,2025-09,본죽&비빔밥 의정부녹양점,본그룹,백반·죽·국수,경기도,의정부시,0,-0.340837,0.290299,growth_alpha,0.3854891827441572,1
ba_13235535,2025-08,본죽 의정부낙양점,본그룹,백반·죽·국수,경기도,의정부시,1,0.539576,0.256896,growth_alpha,0.5706886731766417,1
ba_13235535,2025-09,본죽 의정부낙양점,본그룹,백반·죽·국수,경기도,의정부시,0,0.05809,7.574672,growth_alpha,0.42719579901945076,1
ba_13235557,2025-08,본죽 도봉동점,본그룹,백반·죽·국수,서울특별시,도봉구,0,-0.364367,-0.103104,growth_alpha,0.8252777598653908,1
ba_13235557,2025-09,본죽 도봉동점,본그룹,백반·죽·국수,서울특별시,도봉구,0,-0.654038,2.013591,growth_alpha,0.9728997314266189,1
ba_13235588,2025-08,본죽 성균관대점,본그룹,백반·죽·국수,서울특별시,종로구,0,-0.189965,-0.076437,growth_alpha,0.4887561565101404,1
ba_13235588,2025-09,본죽 성균관대점,본그룹,백반·죽·국수,서울특별시,종로구,0,-0.388118,-0.353952,growth_alpha,0.8428180491802032,1
ba_13235631,2025-08,본죽 인왕산점,본그룹,백반·죽·국수,서울특별시,서대문구,1,0.912771,-0.343104,growth_alpha,0.4848825267653968,1
ba_13235631,2025-09,본죽 인왕산점,본그룹,백반·죽·국수,서울특별시,서대문구,1,0.527065,0.555221,growth_alpha,0.452929927381215,1
ba_13236401,2025-08,본죽 대학로본점,본그룹,백반·죽·국수,서울특별시,종로구,1,0.135319,-0.193104,growth_alpha,0.8354169309667191,1
ba_13236401,2025-09,본죽 대학로본점,본그룹,백반·죽·국수,서울특별시,종로구,0,-0.098073,0.275201,growth_alpha,0.8581744695207834,1
ba_13236479,2025-08,본죽 군포지샘병원점,본그룹,백반·죽·국수,경기도,군포시,1,0.131057,-0.143104,growth_alpha,0.4578260933363028,1
ba_13236479,2025-09,본죽 군포지샘병원점,본그룹,백반·죽·국수,경기도,군포시,0,-0.218448,1.168991,growth_alpha,0.4414471997636583,1
ba_13236481,2025-08,본죽&비빔밥 포항시외버스터미널점,본그룹,백반·죽·국수,경상북도,포항시,1,2.951101,-0.193951,growth_alpha,0.5492927297161301,1
ba_13236481,2025-09,본죽&비빔밥 포항시외버스터미널점,본그룹,백반·죽·국수,경상북도,포항시,1,0.388619,-1.855244,growth_alpha,0.6335040813019709,1
ba_13236584,2025-08,본죽 군포당동점,본그룹,백반·죽·국수,경기도,군포시,1,0.31052,0.256896,growth_alpha,0.44028795092864387,1
ba_13236584,2025-09,본죽 군포당동점,본그룹,백반·죽·국수,경기도,군포시,1,0.120929,0.190718,growth_alpha,0.8584926445713033,1
ba_13236745,2025-08,본죽&비빔밥 김해장유코아점,본그룹,백반·죽·국수,경상남도,김해시,0,0.024863,-0.173873,growth_alpha,0.7848665375065603,1
ba_13236745,2025-09,본죽&비빔밥 김해장유코아점,본그룹,백반·죽·국수,경상남도,김해시,0,-0.080805,0.539046,growth_alpha,0.44836124636331354,1
ba_13237293,2025-08,본죽 의왕오전점,본그룹,백반·죽·국수,경기도,의왕시,0,-0.085714,0.356896,growth_alpha,0.10463932565475585,0
ba_13237293,2025-09,본죽 의왕오전점,본그룹,백반·죽·국수,경기도,의왕시,1,67.205882,-1.761126,growth_alpha,0.14723995241748095,0
ba_13237700,2025-08,본죽&비빔밥 김해내외동점,본그룹,백반·죽·국수,경상남도,김해시,0,-0.370641,-0.050421,growth_alpha,0.8723240924040635,1
ba_13237700,2025-09,본죽&비빔밥 김해내외동점,본그룹,백반·죽·국수,경상남도,김해시,0,-0.373699,-0.577097,growth_alpha,0.84395024717969,1
ba_13243478,2025-08,본죽 보정동단국대점,본그룹,백반·죽·국수,경기도,용인시,0,-0.365352,-0.143104,growth_alpha,0.47770374633920387,1
ba_13243478,2025-09,본죽 보정동단국대점,본그룹,백반·죽·국수,경기도,용인시,0,-0.432483,0.147432,growth_alpha,0.44341350387097467,1
ba_13243585,2025-08,본죽&비빔밥 쌍문점,본그룹,백반·죽·국수,서울특별시,도봉구,1,0.130164,0.590229,growth_alpha,0.8363473724393579,1
ba_13243585,2025-09,본죽&비빔밥 쌍문점,본그룹,백반·죽·국수,서울특별시,도봉구,0,-0.076224,1.016655,growth_alpha,0.8313572515071181,1
ba_13247000,2025-08,본죽 용인광교역점,본그룹,백반·죽·국수,경기도,용인시,1,0.115849,-0.143104,growth_alpha,0.45608555317154126,1
ba_13247000,2025-09,본죽 용인광교역점,본그룹,백반·죽·국수,경기도,용인시,0,0.003231,-1.169045,growth_alpha,0.47354157428910376,1
ba_13248384,2025-08,본죽&비빔밥 구리인창점,본그룹,백반·죽·국수,경기도,구리시,1,0.281802,0.056896,growth_alpha,0.8130669831116296,1
ba_13248384,2025-09,본죽&비빔밥 구리인창점,본그룹,백반·죽·국수,경기도,구리시,0,-0.110311,3.252224,growth_alpha,0.9686675653081819,1
ba_13249105,2025-08,굽네피자 창원팔용점,굽네치킨,피자,경상남도,창원시,0,-0.437137,0.356182,growth_alpha,0.16445265918244403,0
ba_13249105,2025-09,굽네피자 창원팔용점,굽네치킨,피자,경상남도,창원시,0,-0.197945,-0.628167,growth_alpha,0.9275311851934215,1
ba_13249989,2025-08,굽네치킨 달동점,굽네치킨,치킨,울산광역시,남구,1,1.833104,-0.23783,growth_alpha,0.9848979542842407,1
ba_13249989,2025-09,굽네치킨 달동점,굽네치킨,치킨,울산광역시,남구,1,0.157449,0.199013,growth_alpha,0.9901580185465904,1
ba_13251048,2025-08,본죽&비빔밥 울산송정점,본그룹,백반·죽·국수,울산광역시,북구,0,-0.2,-0.165326,growth_alpha,0.3697722665881192,1
ba_13251048,2025-09,본죽&비빔밥 울산송정점,본그룹,백반·죽·국수,울산광역시,북구,0,-0.133333,-1.967793,growth_alpha,0.37103882358832946,1
ba_13260523,2025-08,본죽＆비빔밥 평택포승점,본그룹,백반·죽·국수,경기도,평택시,0,-0.328391,-0.224922,growth_alpha,0.4875859397019346,1
ba_13260523,2025-09,본죽＆비빔밥 평택포승점,본그룹,백반·죽·국수,경기도,평택시,0,-0.034812,-1.188523,growth_alpha,0.4333537913144516,1
ba_13260584,2025-08,본죽&비빔밥 광주신창점,본그룹,백반·죽·국수,광주광역시,광산구,0,-0.251063,-0.283104,growth_alpha,0.7847846860292728,1
ba_13260584,2025-09,본죽&비빔밥 광주신창점,본그룹,백반·죽·국수,광주광역시,광산구,0,-0.46546,2.81037,growth_alpha,0.7604851243264513,1
ba_13265806,2025-08,본죽&비빔밥 익산영등제일점,본그룹,백반·죽·국수,전북특별자치도,익산시,0,-0.303397,-0.143104,growth_alpha,0.8171530035579517,1
ba_13265806,2025-09,본죽&비빔밥 익산영등제일점,본그룹,백반·죽·국수,전북특별자치도,익산시,0,-0.350301,1.938159,growth_alpha,0.4725120882797462,1
ba_13267079,2025-08,본죽&비빔밥 대전송촌점,본그룹,백반·죽·국수,대전광역시,대덕구,0,-0.270385,0.156896,growth_alpha,0.8133100232355918,1
ba_13267079,2025-09,본죽&비빔밥 대전송촌점,본그룹,백반·죽·국수,대전광역시,대덕구,0,-0.41874,-0.50629,growth_alpha,0.8206638029146035,1
ba_13268955,2025-08,본죽&비빔밥 전주객사점,본그룹,백반·죽·국수,전북특별자치도,전주시,0,-0.17957,-0.120882,growth_alpha,0.8123667313787543,1
ba_13268955,2025-09,본죽&비빔밥 전주객사점,본그룹,백반·죽·국수,전북특별자치도,전주시,0,-0.348479,0.770485,growth_alpha,0.46879032382838964,1
ba_13292835,2025-08,본죽&비빔밥 대전하기동점,본그룹,백반·죽·국수,대전광역시,유성구,0,0.0,-0.343104,growth_alpha,0.3329064243782758,1
ba_13292835,2025-09,본죽&비빔밥 대전하기동점,본그룹,백반·죽·국수,대전광역시,유성구,0,0.0,-2.027793,growth_alpha,0.33491385948025026,1
ba_13301511,2025-08,본죽&비빔밥 송도글로벌캠퍼스점,본그룹,백반·죽·국수,인천광역시,연수구,1,0.998507,-0.143104,growth_alpha,0.3890465105168433,1
ba_13301511,2025-09,본죽&비빔밥 송도글로벌캠퍼스점,본그룹,백반·죽·국수,인천광역시,연수구,0,-0.033215,4.506881,growth_alpha,0.31492949209913135,1
ba_13305413,2025-08,본죽&비빔밥 사당연세사랑병원점,본그룹,백반·죽·국수,서울특별시,서초구,1,0.470408,-0.143104,growth_alpha,0.4703093296526058,1
ba_13305413,2025-09,본죽&비빔밥 사당연세사랑병원점,본그룹,백반·죽·국수,서울특별시,서초구,0,-0.49216,25.124013,growth_alpha,0.6401345843929322,1
ba_13308613,2025-08,본죽&비빔밥 김포걸포점,본그룹,백반·죽·국수,경기도,김포시,1,0.163937,0.156896,growth_alpha,0.4585645582625686,1
ba_13308613,2025-09,본죽&비빔밥 김포걸포점,본그룹,백반·죽·국수,경기도,김포시,0,-0.233358,3.090644,growth_alpha,0.4594799276924429,1
ba_13311793,2025-08,굽네치킨 연신내점,굽네치킨,치킨,서울특별시,은평구,0,-0.575586,1.226811,growth_alpha,0.5106095556810197,1
ba_13311793,2025-09,굽네치킨 연신내점,굽네치킨,치킨,서울특별시,은평구,0,-0.63163,-0.187807,growth_alpha,0.4497509125773989,1
ba_13313413,2025-08,굽네치킨&피자 대전도마점,굽네치킨,치킨,대전광역시,서구,0,0.040278,-0.167144,growth_alpha,0.41343668520176186,1
ba_13313413,2025-09,굽네치킨&피자 대전도마점,굽네치킨,치킨,대전광역시,서구,0,-0.006289,0.016821,growth_alpha,0.6256404280346216,1
ba_13313909,2025-08,굽네치킨 논현고잔1호점,굽네치킨,치킨,인천광역시,남동구,1,0.69829,-0.54253,growth_alpha,0.29585129794302284,0
ba_13313909,2025-09,굽네치킨 논현고잔1호점,굽네치킨,치킨,인천광역시,남동구,1,0.603392,-0.554107,growth_alpha,0.6419751369462509,1
ba_13326281,2025-08,본죽 만리점,본그룹,백반·죽·국수,서울특별시,중구,1,1.202783,-0.143104,growth_alpha,0.45745813997362667,1
ba_13326281,2025-09,본죽 만리점,본그룹,백반·죽·국수,서울특별시,중구,1,0.608991,-1.827793,growth_alpha,0.49807113155438404,1
ba_13348011,2025-08,굽네치킨 하남신장점,굽네치킨,치킨,경기도,하남시,0,0.0,-0.310001,growth_alpha,0.05412566278706563,0
ba_13348011,2025-09,굽네치킨 하남신장점,굽네치킨,치킨,경기도,하남시,0,0.0,-0.166312,growth_alpha,0.05408111618416694,0
ba_13379446,2025-08,굽네치킨&피자 평내점,굽네치킨,치킨,경기도,남양주시,0,-0.197872,1.571313,growth_alpha,0.6724812904136355,1
ba_13379446,2025-09,굽네치킨&피자 평내점,굽네치킨,치킨,경기도,남양주시,0,-0.314549,0.140032,growth_alpha,0.8291858234643623,1
ba_13412065,2025-08,굽네치킨 신길뉴타운점,굽네치킨,치킨,서울특별시,영등포구,1,0.192212,3.174201,growth_alpha,0.9492331642844583,1
ba_13412065,2025-09,굽네치킨 신길뉴타운점,굽네치킨,치킨,서울특별시,영등포구,0,-0.196385,1.296202,growth_alpha,0.9648285587548537,1
ba_13436824,2025-08,본죽&비빔밥 송탄점,본그룹,백반·죽·국수,경기도,평택시,0,-0.075369,-0.165326,growth_alpha,0.8159328853591516,1
ba_13436824,2025-09,본죽&비빔밥 송탄점,본그룹,백반·죽·국수,경기도,평택시,0,-0.269175,-0.493804,growth_alpha,0.8476481216986979,1
ba_13448308,2025-08,굽네치킨 역촌점,굽네치킨,치킨,서울특별시,은평구,0,0.0,-0.310001,growth_alpha,0.07708471290118378,0
ba_13448308,2025-09,굽네치킨 역촌점,굽네치킨,치킨,서울특별시,은평구,0,0.0,-0.166312,growth_alpha,0.07702280918868995,0
ba_13451078,2025-08,본죽&비빔밥 김포신곡점,본그룹,백반·죽·국수,경기도,김포시,1,5.381016,-0.168104,growth_alpha,0.7702173161899742,1
ba_13451078,2025-09,본죽&비빔밥 김포신곡점,본그룹,백반·죽·국수,경기도,김포시,1,1.54143,-1.599222,growth_alpha,0.7889060055272555,1
ba_13452835,2025-08,굽네치킨 경남남해점,굽네치킨,치킨,경상남도,남해군,0,0.0,-0.310001,growth_alpha,0.05466780956693796,0
ba_13452835,2025-09,굽네치킨 경남남해점,굽네치킨,치킨,경상남도,남해군,0,0.0,-0.166312,growth_alpha,0.054622842532706814,0
ba_13459937,2025-08,굽네치킨 성사점,굽네치킨,치킨,경기도,고양시,1,0.138914,-0.288759,growth_alpha,0.4580271745575887,1
ba_13459937,2025-09,굽네치킨 성사점,굽네치킨,치킨,경기도,고양시,0,-0.02704,-0.33683,growth_alpha,0.49818144702156425,1
ba_13470236,2025-08,본죽&비빔밥 신제주점,본그룹,백반·죽·국수,제주특별자치도,제주시,0,-0.417227,-0.143104,growth_alpha,0.7959344278857206,1
ba_13470236,2025-09,본죽&비빔밥 신제주점,본그룹,백반·죽·국수,제주특별자치도,제주시,0,-0.668313,6.160326,growth_alpha,0.7740091044799817,1
ba_13471384,2025-08,본죽&비빔밥 통영죽림점,본그룹,백반·죽·국수,경상남도,통영시,1,2.235231,-0.109771,growth_alpha,0.8509590119629327,1
ba_13471384,2025-09,본죽&비빔밥 통영죽림점,본그룹,백반·죽·국수,경상남도,통영시,1,0.304899,-1.716682,growth_alpha,0.844308454751284,1
ba_13472981,2025-08,굽네피자,굽네치킨,피자,경상북도,상주시,0,0.035741,-0.243776,growth_alpha,0.40956779475474336,1
ba_13472981,2025-09,굽네피자,굽네치킨,피자,경상북도,상주시,0,-0.1018,0.111043,growth_alpha,0.6723490590054128,1
ba_13473077,2025-08,본죽&비빔밥 목포북항점,본그룹,백반·죽·국수,전라남도,목포시,0,-0.268782,-0.156437,growth_alpha,0.8095534513064137,1
ba_13473077,2025-09,본죽&비빔밥 목포북항점,본그룹,백반·죽·국수,전라남도,목포시,0,-0.561366,-0.234839,growth_alpha,0.8372721878431079,1
ba_13475914,2025-08,본죽&비빔밥 광주백운대성초교점,본그룹,백반·죽·국수,광주광역시,남구,0,-0.406213,-0.283845,growth_alpha,0.7659795716218475,1
ba_13475914,2025-09,본죽&비빔밥 광주백운대성초교점,본그룹,백반·죽·국수,광주광역시,남구,0,-0.265154,-1.26318,growth_alpha,0.7718913400760677,1
ba_13477857,2025-08,본죽&비빔밥 논산내동점,본그룹,백반·죽·국수,충청남도,논산시,0,-0.122075,0.212452,growth_alpha,0.8496096539059205,1
ba_13477857,2025-09,본죽&비빔밥 논산내동점,본그룹,백반·죽·국수,충청남도,논산시,0,-0.330292,-0.307856,growth_alpha,0.8159978793830016,1
ba_13492399,2025-08,본죽&비빔밥 등촌공항대로점,본그룹,백반·죽·국수,서울특별시,강서구,0,-0.191193,-0.193104,growth_alpha,0.8130395533999546,1
ba_13492399,2025-09,본죽&비빔밥 등촌공항대로점,본그룹,백반·죽·국수,서울특별시,강서구,0,-0.287279,-0.632308,growth_alpha,0.8146321684654031,1
ba_13504506,2025-08,본죽&비빔밥 세종반곡점,본그룹,백반·죽·국수,세종특별자치시,한누리대로,0,-0.149815,-0.076437,growth_alpha,0.46396267859678775,1
ba_13504506,2025-09,본죽&비빔밥 세종반곡점,본그룹,백반·죽·국수,세종특별자치시,한누리대로,0,-0.199888,-0.5655,growth_alpha,0.8012781972467583,1
ba_13506840,2025-08,굽네치킨 & 피자 약수역점,굽네치킨,치킨,서울특별시,중구,0,0.0,-0.310001,growth_alpha,0.07265773139493732,0
ba_13506840,2025-09,굽네치킨 & 피자 약수역점,굽네치킨,치킨,서울특별시,중구,0,0.0,-0.166312,growth_alpha,0.07259910316091386,0
ba_13522931,2025-08,본죽&비빔밥 파주문산점,본그룹,백반·죽·국수,경기도,파주시,1,4.878973,-0.202563,growth_alpha,0.8171602926908434,1
ba_13522931,2025-09,본죽&비빔밥 파주문산점,본그룹,백반·죽·국수,경기도,파주시,1,0.91775,-1.731241,growth_alpha,0.8885987735675341,1
ba_13539608,2025-08,굽네치킨 창원중앙점,굽네치킨,치킨,경상남도,창원시,0,-0.365043,1.889464,growth_alpha,0.8302096177387803,1
ba_13539608,2025-09,굽네치킨 창원중앙점,굽네치킨,치킨,경상남도,창원시,0,-0.4605,0.168382,growth_alpha,0.8510502094276841,1
ba_13539851,2025-08,굽네치킨 소답점,굽네치킨,치킨,경상남도,창원시,0,-0.146106,-0.770067,growth_alpha,0.5194211577873418,1
ba_13539851,2025-09,굽네치킨 소답점,굽네치킨,치킨,경상남도,창원시,0,-0.900935,1.119424,growth_alpha,0.6360729890799302,1
ba_13539979,2025-08,본죽&비빔밥 대전신탄점,본그룹,백반·죽·국수,대전광역시,대덕구,1,0.235489,-0.226437,growth_alpha,0.7174068269245186,1
ba_13539979,2025-09,본죽&비빔밥 대전신탄점,본그룹,백반·죽·국수,대전광역시,대덕구,0,0.059445,-0.975537,growth_alpha,0.848316667772252,1
ba_13550181,2025-08,본죽&비빔밥 양주고읍점,본그룹,백반·죽·국수,경기도,양주시,1,0.303653,-0.143104,growth_alpha,0.7829593629583746,1
ba_13550181,2025-09,본죽&비빔밥 양주고읍점,본그룹,백반·죽·국수,경기도,양주시,1,0.182441,-0.031095,growth_alpha,0.7890351265761036,1
ba_13550240,2025-08,본죽&비빔밥 청주오창2지구점,본그룹,백반·죽·국수,충청북도,청주시,1,0.666667,-0.272516,growth_alpha,0.0898121426599264,0
ba_13550240,2025-09,본죽&비빔밥 청주오창2지구점,본그룹,백반·죽·국수,충청북도,청주시,1,55.713167,-1.911126,growth_alpha,0.2765688967527575,0
ba_13574800,2025-08,굽네치킨 대구신매점,굽네치킨,치킨,대구광역시,수성구,0,-0.073786,-0.177743,growth_alpha,0.31814305381894736,1
ba_13574800,2025-09,굽네치킨 대구신매점,굽네치킨,치킨,대구광역시,수성구,0,-0.107843,-0.07066,growth_alpha,0.2993589304871732,1
ba_13580972,2025-08,굽네치킨&피자 신수점,굽네치킨,치킨,서울특별시,마포구,0,-0.130851,-0.235548,growth_alpha,0.5284356517926316,1
ba_13580972,2025-09,굽네치킨&피자 신수점,굽네치킨,치킨,서울특별시,마포구,1,38.293402,-0.188534,growth_alpha,0.5359271346813462,1
ba_13584348,2025-08,굽네치킨 부산개금점,굽네치킨,치킨,부산광역시,부산진구,1,0.185047,1.596732,growth_alpha,0.5417381404521203,1
ba_13584348,2025-09,굽네치킨 부산개금점,굽네치킨,치킨,부산광역시,부산진구,0,-0.193629,0.526489,growth_alpha,0.8794149986910509,1
ba_13596071,2025-08,본죽&비빔밥 연신갈현점,본그룹,백반·죽·국수,서울특별시,은평구,0,0.026326,0.556896,growth_alpha,0.7937901510480647,1
ba_13596071,2025-09,본죽&비빔밥 연신갈현점,본그룹,백반·죽·국수,서울특별시,은평구,0,-0.316722,1.270516,growth_alpha,0.8073761735433851,1
ba_13596730,2025-08,굽네치킨 대구혁신점,굽네치킨,치킨,대구광역시,동구,0,-0.302504,-0.113915,growth_alpha,0.6773255309748168,1
ba_13596730,2025-09,굽네치킨 대구혁신점,굽네치킨,치킨,대구광역시,동구,0,-0.595437,0.017229,growth_alpha,0.8456985324724896,1
ba_13612153,2025-08,본죽&비빔밥 철산역점,본그룹,백반·죽·국수,경기도,광명시,1,0.856943,-0.143104,growth_alpha,0.448116436891277,1
ba_13612153,2025-09,본죽&비빔밥 철산역점,본그룹,백반·죽·국수,경기도,광명시,0,-0.081121,3.574138,growth_alpha,0.4949446456052518,1
ba_13628326,2025-08,본죽&비빔밥 부산개금점,본그룹,백반·죽·국수,부산광역시,부산진구,0,0.0,-0.143104,growth_alpha,0.346010959038422,1
ba_13628326,2025-09,본죽&비빔밥 부산개금점,본그룹,백반·죽·국수,부산광역시,부산진구,0,0.0,-1.827793,growth_alpha,0.34805618578283054,1
ba_13630053,2025-08,본죽&비빔밥 경남사천점,본그룹,백반·죽·국수,경상남도,사천시,0,-0.021453,-0.109771,growth_alpha,0.5437380521222754,1
ba_13630053,2025-09,본죽&비빔밥 경남사천점,본그룹,백반·죽·국수,경상남도,사천시,0,-0.293723,0.647196,growth_alpha,0.8971569609899895,1
ba_13639608,2025-08,굽네치킨 금호점,굽네치킨,치킨,광주광역시,서구,0,-0.240037,3.479919,growth_alpha,0.833328205015448,1
ba_13639608,2025-09,굽네치킨 금호점,굽네치킨,치킨,광주광역시,서구,0,-0.402725,0.855562,growth_alpha,0.8884319680348567,1
ba_13648667,2025-08,본죽&비빔밥 대전노은3지구점,본그룹,백반·죽·국수,대전광역시,유성구,0,-0.193026,0.056896,growth_alpha,0.7507948189525179,1
ba_13648667,2025-09,본죽&비빔밥 대전노은3지구점,본그룹,백반·죽·국수,대전광역시,유성구,0,-0.285197,-0.019039,growth_alpha,0.4304601831227867,1
ba_13651212,2025-08,본죽&비빔밥 광주금호점,본그룹,백반·죽·국수,광주광역시,서구,0,0.046154,-0.180604,growth_alpha,0.09072302443712867,0
ba_13651212,2025-09,본죽&비빔밥 광주금호점,본그룹,백반·죽·국수,광주광역시,서구,1,69.603534,-1.781639,growth_alpha,0.1247297281252189,0
ba_13683573,2025-08,본죽&비빔밥 제주아라점,본그룹,백반·죽·국수,제주특별자치도,제주시,0,0.048918,0.141744,growth_alpha,0.9588308832990693,1
ba_13683573,2025-09,본죽&비빔밥 제주아라점,본그룹,백반·죽·국수,제주특별자치도,제주시,0,-0.220624,0.829359,growth_alpha,0.9608219917408175,1
ba_13712881,2025-08,굽네치킨 등촌3동점,굽네치킨,치킨,서울특별시,강서구,0,0.0,-0.310001,growth_alpha,0.07265773139493732,0
ba_13712881,2025-09,굽네치킨 등촌3동점,굽네치킨,치킨,서울특별시,강서구,0,0.0,-0.166312,growth_alpha,0.07259910316091386,0
ba_13722581,2025-08,본죽&비빔밥 의왕고천점,본그룹,백반·죽·국수,경기도,의왕시,0,-0.066667,-0.043104,growth_alpha,0.4415281711313981,1
ba_13722581,2025-09,본죽&비빔밥 의왕고천점,본그룹,백반·죽·국수,경기도,의왕시,1,25.651884,-1.827793,growth_alpha,0.27058977912713394,0
ba_13730162,2025-08,본죽&비빔밥 경산진량점,본그룹,백반·죽·국수,경상북도,경산시,1,0.46674,-0.093104,growth_alpha,0.5110164735827175,1
ba_13730162,2025-09,본죽&비빔밥 경산진량점,본그룹,백반·죽·국수,경상북도,경산시,1,0.189051,0.027112,growth_alpha,0.8354158146853143,1
ba_13752011,2025-08,굽네치킨 영통2동점,굽네치킨,치킨,경기도,수원시,0,0.002178,0.641263,growth_alpha,0.8352058214915627,1
ba_13752011,2025-09,굽네치킨 영통2동점,굽네치킨,치킨,경기도,수원시,0,-0.232354,0.178769,growth_alpha,0.9116452418161906,1
ba_13768149,2025-08,굽네치킨 신탄진점,굽네치킨,치킨,대전광역시,대덕구,1,1.896658,-0.874075,growth_alpha,0.3021984773919433,1
ba_13768149,2025-09,굽네치킨 신탄진점,굽네치킨,치킨,대전광역시,대덕구,1,1.059668,-0.59484,growth_alpha,0.6405302358597749,1
ba_13769748,2025-08,굽네치킨 괴산점,굽네치킨,치킨,충청북도,괴산군,0,-0.370621,0.039279,growth_alpha,0.35708491192631775,1
ba_13769748,2025-09,굽네치킨 괴산점,굽네치킨,치킨,충청북도,괴산군,0,-0.426013,-0.276813,growth_alpha,0.6419882319747782,1
ba_13787561,2025-08,본죽&비빔밥 평택시청점,본그룹,백반·죽·국수,경기도,평택시,0,-0.370384,0.10134,growth_alpha,0.8105874792009423,1
ba_13787561,2025-09,본죽&비빔밥 평택시청점,본그룹,백반·죽·국수,경기도,평택시,0,-0.44764,-0.463026,growth_alpha,0.8209884177117301,1
ba_13851878,2025-08,굽네치킨 용인서천점,굽네치킨,치킨,경기도,용인시,0,0.0,-0.310001,growth_alpha,0.06485004232096271,0
ba_13851878,2025-09,굽네치킨 용인서천점,굽네치킨,치킨,경기도,용인시,0,0.0,-0.166312,growth_alpha,0.06479727397328558,0
ba_13870012,2025-08,본죽&비빔밥 시흥장곡점,본그룹,백반·죽·국수,경기도,시흥시,0,-0.176422,0.14261,growth_alpha,0.8304181427204234,1
ba_13870012,2025-09,본죽&비빔밥 시흥장곡점,본그룹,백반·죽·국수,경기도,시흥시,0,-0.310623,-0.689381,growth_alpha,0.492508202105671,1
ba_13918069,2025-08,본죽&비빔밥 평택지제점,본그룹,백반·죽·국수,경기도,평택시,0,-0.193663,0.156896,growth_alpha,0.8010845119244032,1
ba_13918069,2025-09,본죽&비빔밥 평택지제점,본그룹,백반·죽·국수,경기도,평택시,0,-0.335718,0.214235,growth_alpha,0.8204069188464442,1
ba_13928548,2025-08,굽네치킨&피자 성남용전점,굽네치킨,치킨,대전광역시,동구,0,0.039494,-0.195461,growth_alpha,0.5495688830965744,1
ba_13928548,2025-09,굽네치킨&피자 성남용전점,굽네치킨,치킨,대전광역시,동구,0,-0.282162,-0.259816,growth_alpha,0.7558322439304317,1
ba_13950340,2025-08,굽네치킨 동탄1동점,굽네치킨,치킨,경기도,화성시,0,0.0,-0.310001,growth_alpha,0.06361329526957091,0
ba_13950340,2025-09,굽네치킨 동탄1동점,굽네치킨,치킨,경기도,화성시,0,0.0,-0.166312,growth_alpha,0.06356146486035402,0
ba_13969554,2025-08,굽네피자 포항양덕점,굽네치킨,피자,경상북도,포항시,0,0.0,-0.108569,growth_alpha,0.18135738640695176,0
ba_13969554,2025-09,굽네피자 포항양덕점,굽네치킨,피자,경상북도,포항시,0,0.0,-0.16389,growth_alpha,0.3068559031826363,1
ba_13969584,2025-08,굽네피자 대구대현점,굽네치킨,피자,대구광역시,북구,1,0.393157,-0.298885,growth_alpha,0.19402993800504834,0
ba_13969584,2025-09,굽네피자 대구대현점,굽네치킨,피자,대구광역시,북구,0,-0.498996,-0.270889,growth_alpha,0.3046547031791448,1
ba_13969607,2025-08,굽네피자 봉곡사림점,굽네치킨,피자,경상남도,창원시,0,-0.387808,-0.543544,growth_alpha,0.16546096725623147,0
ba_13969607,2025-09,굽네피자 봉곡사림점,굽네치킨,피자,경상남도,창원시,0,-0.379663,-0.62559,growth_alpha,0.10003596135828832,0
ba_13969807,2025-08,굽네피자 경남사천점,굽네치킨,피자,경상남도,사천시,0,0.0,-0.108569,growth_alpha,0.1703326609572483,0
ba_13969807,2025-09,굽네피자 경남사천점,굽네치킨,피자,경상남도,사천시,0,0.0,-0.16389,growth_alpha,0.29091318259503196,0
ba_13969888,2025-08,굽네피자 청주강서지구점,굽네치킨,피자,충청북도,청주시,0,0.0,-0.108569,growth_alpha,0.1878178564260431,0
ba_13969888,2025-09,굽네피자 청주강서지구점,굽네치킨,피자,충청북도,청주시,0,0.0,-0.16389,growth_alpha,0.31606097743120326,1
ba_13969906,2025-08,굽네피자 포항흥해점,굽네치킨,피자,경상북도,포항시,0,0.0,-0.108569,growth_alpha,0.19504369288547396,0
ba_13969906,2025-09,굽네피자 포항흥해점,굽네치킨,피자,경상북도,포항시,0,0.0,-0.16389,growth_alpha,0.32623882174273283,1
ba_13969928,2025-08,굽네피자 거제고현점,굽네치킨,피자,경상남도,거제시,0,0.0,-0.108569,growth_alpha,0.17336995579767975,0
ba_13969928,2025-09,굽네피자 거제고현점,굽네치킨,피자,경상남도,거제시,0,0.0,-0.16389,growth_alpha,0.2953352340714415,0
ba_13969933,2025-08,굽네피자 신탄진점,굽네치킨,피자,대전광역시,대덕구,0,0.0,-0.108569,growth_alpha,0.17893343977106146,0
ba_13969933,2025-09,굽네피자 신탄진점,굽네치킨,피자,대전광역시,대덕구,0,0.0,-0.16389,growth_alpha,0.303376199748576,1
ba_13970104,2025-08,굽네피자 대구혁신점,굽네치킨,피자,대구광역시,동구,0,-0.481622,-0.210612,growth_alpha,0.149466302321601,0
ba_13970104,2025-09,굽네피자 대구혁신점,굽네치킨,피자,대구광역시,동구,0,-0.620466,-0.48678,growth_alpha,0.24385288131828145,0
ba_13972155,2025-08,굽네피자 금호점,굽네치킨,피자,광주광역시,서구,0,-0.136834,-0.391834,growth_alpha,0.12405969753027683,0
ba_13972155,2025-09,굽네피자 금호점,굽네치킨,피자,광주광역시,서구,1,0.126655,-0.573553,growth_alpha,0.24391558464389496,0
ba_13972425,2025-08,굽네피자 광주문흥점,굽네치킨,피자,광주광역시,북구,0,0.0,-0.108569,growth_alpha,0.18703054580253992,0
ba_13972425,2025-09,굽네피자 광주문흥점,굽네치킨,피자,광주광역시,북구,0,0.0,-0.16389,growth_alpha,0.18711117720378068,0
ba_13972595,2025-08,굽네피자 나주혁신도시1호점,굽네치킨,피자,전라남도,나주시,0,-0.760308,-0.615211,growth_alpha,0.47886894748423137,1
ba_13972595,2025-09,굽네피자 나주혁신도시1호점,굽네치킨,피자,전라남도,나주시,0,-1.0,-0.796452,growth_alpha,0.26772957406128606,0
ba_13972771,2025-08,굽네피자 광주상무점,굽네치킨,피자,광주광역시,서구,0,-0.593914,-0.221554,growth_alpha,0.15003160206124647,0
ba_13972771,2025-09,굽네피자 광주상무점,굽네치킨,피자,광주광역시,서구,0,-0.628158,-0.46596,growth_alpha,0.3005513588651149,1
ba_13972819,2025-08,굽네피자 영통2동점,굽네치킨,피자,경기도,수원시,0,0.0,-0.908569,growth_alpha,0.19277664769860461,0
ba_13972819,2025-09,굽네피자 영통2동점,굽네치킨,피자,경기도,수원시,0,0.0,-0.96389,growth_alpha,0.3230588658742449,1
ba_13973349,2025-08,굽네피자 온의퇴계점,굽네치킨,피자,강원특별자치도,춘천시,0,-0.252043,-0.28115,growth_alpha,0.198865295122639,0
ba_13973349,2025-09,굽네피자 온의퇴계점,굽네치킨,피자,강원특별자치도,춘천시,0,-0.198119,-0.944053,growth_alpha,0.3139803415068102,1
ba_13973414,2025-08,굽네피자 후평점,굽네치킨,피자,강원특별자치도,춘천시,0,0.0,-0.108569,growth_alpha,0.08408443777737205,0
ba_13973414,2025-09,굽네피자 후평점,굽네치킨,피자,강원특별자치도,춘천시,0,0.0,-0.16389,growth_alpha,0.08412528026726027,0
ba_13973745,2025-08,굽네피자 가산점,굽네치킨,피자,서울특별시,금천구,1,0.259266,-0.108569,growth_alpha,0.617101475483311,1
ba_13973745,2025-09,굽네피자 가산점,굽네치킨,피자,서울특별시,금천구,0,-0.024006,-0.06389,growth_alpha,0.8012662802859494,1
ba_13973779,2025-08,굽네피자 용인서천점,굽네치킨,피자,경기도,용인시,0,0.0,-0.108569,growth_alpha,0.09657389676922369,0
ba_13973779,2025-09,굽네피자 용인서천점,굽네치킨,피자,경기도,용인시,0,0.0,-0.16389,growth_alpha,0.0966201658275973,0
ba_13973813,2025-08,굽네피자 선부3동점,굽네치킨,피자,경기도,안산시,1,3.133158,-0.186575,growth_alpha,0.539532190091637,1
ba_13973813,2025-09,굽네피자 선부3동점,굽네치킨,피자,경기도,안산시,1,0.873382,0.823439,growth_alpha,0.7765005678022825,1
ba_13973901,2025-08,굽네피자 강원횡성점,굽네치킨,피자,강원특별자치도,횡성군,0,-0.584147,0.413625,growth_alpha,0.2338821802714765,0
ba_13973901,2025-09,굽네피자 강원횡성점,굽네치킨,피자,강원특별자치도,횡성군,0,-0.528073,-0.178023,growth_alpha,0.6593657113688666,1
ba_13973937,2025-08,굽네피자 동탄1동점,굽네치킨,피자,경기도,화성시,0,0.0,-0.108569,growth_alpha,0.09334669299068636,0
ba_13973937,2025-09,굽네피자 동탄1동점,굽네치킨,피자,경기도,화성시,0,0.0,-0.16389,growth_alpha,0.09339157571404905,0
ba_13974018,2025-08,굽네피자 송파점,굽네치킨,피자,서울특별시,송파구,0,0.0,-0.108569,growth_alpha,0.22262166337208897,0
ba_13974018,2025-09,굽네피자 송파점,굽네치킨,피자,서울특별시,송파구,0,0.0,-0.16389,growth_alpha,0.3639790906950088,1
ba_13974075,2025-08,굽네피자 인계점,굽네치킨,피자,경기도,수원시,1,0.589722,-0.676141,growth_alpha,0.19969623155290248,0
ba_13974075,2025-09,굽네피자 인계점,굽네치킨,피자,경기도,수원시,0,-0.163281,-0.803974,growth_alpha,0.2987914743631806,1
ba_13975731,2025-08,굽네피자 신길뉴타운점,굽네치킨,피자,서울특별시,영등포구,0,-0.815515,0.163822,growth_alpha,0.19363386860818796,0
ba_13975731,2025-09,굽네피자 신길뉴타운점,굽네치킨,피자,서울특별시,영등포구,0,-1.0,-0.361132,growth_alpha,0.3421276176422063,1
ba_13976616,2025-08,굽네피자 여수관문점,굽네치킨,피자,전라남도,여수시,0,-0.786578,-0.525,growth_alpha,0.21762908072692516,0
ba_13976616,2025-09,굽네피자 여수관문점,굽네치킨,피자,전라남도,여수시,0,0.0,-1.16389,growth_alpha,0.21974134096081563,0
ba_13976690,2025-08,굽네피자 신수점,굽네치킨,피자,서울특별시,마포구,0,0.0,-0.308569,growth_alpha,0.22418054809236998,0
ba_13976690,2025-09,굽네피자 신수점,굽네치킨,피자,서울특별시,마포구,1,0.522981,-0.36389,growth_alpha,0.1308905907249615,0
ba_13977023,2025-08,굽네피자 삼숭고읍점,굽네치킨,피자,경기도,양주시,1,0.599829,-0.599827,growth_alpha,0.2018617591519233,0
ba_13977023,2025-09,굽네피자 삼숭고읍점,굽네치킨,피자,경기도,양주시,0,0.0,-1.097223,growth_alpha,0.3362223070492686,1
ba_13977167,2025-08,굽네피자 연신내점,굽네치킨,피자,서울특별시,은평구,0,-0.249664,0.759924,growth_alpha,0.09650857028393311,0
ba_13977167,2025-09,굽네피자 연신내점,굽네치킨,피자,서울특별시,은평구,0,-0.853684,1.745699,growth_alpha,0.0756277652635716,0
ba_13984579,2025-08,굽네피자 암사3동점,굽네치킨,피자,서울특별시,강동구,1,6.091558,1.091431,growth_alpha,0.5314704703305714,1
ba_13984579,2025-09,굽네피자 암사3동점,굽네치킨,피자,서울특별시,강동구,1,1.054142,-0.16389,growth_alpha,0.8377911106913953,1
ba_14042200,2025-08,본죽&비빔밥 왕십리뉴타운점,본그룹,백반·죽·국수,서울특별시,성동구,0,-0.292504,-0.009771,growth_alpha,0.7504121116627727,1
ba_14042200,2025-09,본죽&비빔밥 왕십리뉴타운점,본그룹,백반·죽·국수,서울특별시,성동구,0,-0.509819,0.294655,growth_alpha,0.4215854972707781,1
ba_14049107,2025-08,굽네치킨&피자 송도신도시점,굽네치킨,치킨,인천광역시,연수구,0,0.0,-1.310001,growth_alpha,0.23473126014754733,0
ba_14049107,2025-09,굽네치킨&피자 송도신도시점,굽네치킨,치킨,인천광역시,연수구,0,0.0,-1.166312,growth_alpha,0.23457493419704567,0
ba_14092187,2025-08,굽네치킨&피자 일산식사점,굽네치킨,치킨,경기도,고양시,0,-0.162286,-0.232223,growth_alpha,0.32535005498149266,1
ba_14092187,2025-09,굽네치킨&피자 일산식사점,굽네치킨,치킨,경기도,고양시,0,-0.125,-0.055201,growth_alpha,0.5450133363759891,1
ba_14103678,2025-08,굽네치킨&피자 불광점,굽네치킨,치킨,서울특별시,은평구,0,0.0,-0.310001,growth_alpha,0.06668735855243925,0
ba_14103678,2025-09,굽네치킨&피자 불광점,굽네치킨,치킨,서울특별시,은평구,0,0.0,-0.166312,growth_alpha,0.06663320171050977,0
ba_14108842,2025-08,굽네치킨 영암점,굽네치킨,치킨,전라남도,영암군,1,2.2,-0.310001,growth_alpha,0.14703538391612744,0
ba_14108842,2025-09,굽네치킨 영암점,굽네치킨,치킨,전라남도,영암군,0,0.066667,-0.166312,growth_alpha,0.14472867928501124,0
ba_14117511,2025-08,굽네치킨 논현1동점,굽네치킨,치킨,서울특별시,강남구,0,-0.203634,1.043168,growth_alpha,0.9722311737535911,1
ba_14117511,2025-09,굽네치킨 논현1동점,굽네치킨,치킨,서울특별시,강남구,0,-0.243568,-0.383628,growth_alpha,0.9967142826133126,1
ba_14117512,2025-08,굽네피자 논현1동점,굽네치킨,피자,서울특별시,강남구,0,-0.049783,-0.159934,growth_alpha,0.5128575777282416,1
ba_14117512,2025-09,굽네피자 논현1동점,굽네치킨,피자,서울특별시,강남구,0,-0.16464,-0.058479,growth_alpha,0.2997918787434049,1
ba_14153764,2025-08,굽네피자 주안3호점,굽네치킨,피자,인천광역시,미추홀구,0,-0.674174,0.322598,growth_alpha,0.13659666161664308,0
ba_14153764,2025-09,굽네피자 주안3호점,굽네치킨,피자,인천광역시,미추홀구,0,-0.318136,-0.086037,growth_alpha,0.18634907392037955,0
ba_14165975,2025-08,굽네피자 송도신도시점,굽네치킨,피자,인천광역시,연수구,0,0.0,-0.108569,growth_alpha,0.28313233574633484,0
ba_14165975,2025-09,굽네피자 송도신도시점,굽네치킨,피자,인천광역시,연수구,0,0.0,-0.16389,growth_alpha,0.2832399633742447,0
ba_14171081,2025-08,굽네피자 김해진영점,굽네치킨,피자,경상남도,김해시,0,0.0,-0.108569,growth_alpha,0.16584877904543663,0
ba_14171081,2025-09,굽네피자 김해진영점,굽네치킨,피자,경상남도,김해시,0,0.0,-0.16389,growth_alpha,0.28434296440511125,0
ba_14171092,2025-08,굽네피자 광주용봉점,굽네치킨,피자,광주광역시,북구,0,0.0,-0.108569,growth_alpha,0.1978626742073078,0
ba_14171092,2025-09,굽네피자 광주용봉점,굽네치킨,피자,광주광역시,북구,0,0.0,-0.16389,growth_alpha,0.19794683843516256,0
ba_14171093,2025-08,굽네피자 양산물금점,굽네치킨,피자,경상남도,양산시,0,0.0,-0.108569,growth_alpha,0.16782603283061448,0
ba_14171093,2025-09,굽네피자 양산물금점,굽네치킨,피자,경상남도,양산시,0,0.0,-0.16389,growth_alpha,0.28724643809133327,0
ba_14171127,2025-08,굽네피자 연경점,굽네치킨,피자,대구광역시,동구,0,0.100332,-0.700073,growth_alpha,0.45905590184218387,1
ba_14171127,2025-09,굽네피자 연경점,굽네치킨,피자,대구광역시,동구,0,-0.075,-0.986112,growth_alpha,0.541881391994316,1
ba_14171262,2025-08,굽네피자 칠암망경점,굽네치킨,피자,경상남도,진주시,0,0.0,-0.108569,growth_alpha,0.18008805989173743,0
ba_14171262,2025-09,굽네피자 칠암망경점,굽네치킨,피자,경상남도,진주시,0,0.0,-0.16389,growth_alpha,0.3050354982775049,1
ba_14173661,2025-08,굽네피자 신월사파점,굽네치킨,피자,경상남도,창원시,1,0.303245,0.355422,growth_alpha,0.16437265033285692,0
ba_14173661,2025-09,굽네피자 신월사파점,굽네치킨,피자,경상남도,창원시,0,-0.222335,-0.288072,growth_alpha,0.2689861019908577,0
ba_14185617,2025-08,굽네피자 영주휴천점,굽네치킨,피자,경상북도,영주시,0,-0.193802,-0.412435,growth_alpha,0.5784909133144935,1
ba_14185617,2025-09,굽네피자 영주휴천점,굽네치킨,피자,경상북도,영주시,0,-0.425832,-0.345998,growth_alpha,0.24092226016831536,0
ba_14189471,2025-08,굽네피자 등촌3동점,굽네치킨,피자,서울특별시,강서구,0,0.0,-0.108569,growth_alpha,0.09640890381296921,0
ba_14189471,2025-09,굽네피자 등촌3동점,굽네치킨,피자,서울특별시,강서구,0,0.0,-0.16389,growth_alpha,0.0964551022620921,0
ba_14189742,2025-08,굽네피자 논현고잔1호점,굽네치킨,피자,인천광역시,남동구,0,0.0,-0.108569,growth_alpha,0.16480096337988398,0
ba_14189742,2025-09,굽네피자 논현고잔1호점,굽네치킨,피자,인천광역시,남동구,0,0.0,-0.16389,growth_alpha,0.1648739548798236,0
ba_14189792,2025-08,굽네피자 부산우동점,굽네치킨,피자,부산광역시,해운대구,0,-0.53675,0.344353,growth_alpha,0.149504093210893,0
ba_14189792,2025-09,굽네피자 부산우동점,굽네치킨,피자,부산광역시,해운대구,0,-0.421015,-0.401785,growth_alpha,0.306667990335825,1
ba_14189864,2025-08,굽네피자 & 피자 약수역점,굽네치킨,피자,서울특별시,중구,0,0.0,-0.108569,growth_alpha,0.10076984156634947,0
ba_14189864,2025-09,굽네피자 & 피자 약수역점,굽네치킨,피자,서울특별시,중구,0,0.0,-0.16389,growth_alpha,0.10081789658433254,0
ba_14189925,2025-08,굽네피자 불광점,굽네치킨,피자,서울특별시,은평구,0,0.0,-0.108569,growth_alpha,0.10147686132222739,0
ba_14189925,2025-09,굽네피자 불광점,굽네치킨,피자,서울특별시,은평구,0,0.0,-0.16389,growth_alpha,0.10152521543657675,0
ba_14190360,2025-08,굽네피자 일산식사점,굽네치킨,피자,경기도,고양시,0,-0.2,0.291431,growth_alpha,0.21787594447201752,0
ba_14190360,2025-09,굽네피자 일산식사점,굽네치킨,피자,경기도,고양시,0,0.0,-0.36389,growth_alpha,0.3534105241643849,1
ba_14199673,2025-08,굽네피자 가양점,굽네치킨,피자,서울특별시,강서구,0,0.0,-0.108569,growth_alpha,0.23678533352482134,0
ba_14199673,2025-09,굽네피자 가양점,굽네치킨,피자,서울특별시,강서구,0,0.0,-0.16389,growth_alpha,0.38270868103991534,1
ba_14228061,2025-08,굽네치킨 월계2동점,굽네치킨,치킨,서울특별시,노원구,0,-0.078387,-0.584534,growth_alpha,0.6858793480285187,1
ba_14228061,2025-09,굽네치킨 월계2동점,굽네치킨,치킨,서울특별시,노원구,0,-0.022421,-0.591231,growth_alpha,0.8051408337402854,1
ba_14228062,2025-08,굽네피자 월계2동점,굽네치킨,피자,서울특별시,노원구,0,-0.268681,1.044904,growth_alpha,0.18381348145345636,0
ba_14228062,2025-09,굽네피자 월계2동점,굽네치킨,피자,서울특별시,노원구,1,0.580432,-0.862638,growth_alpha,0.36537199751314625,1
ba_14228480,2025-08,굽네치킨 중곡1동점,굽네치킨,치킨,서울특별시,광진구,1,0.728357,-1.085261,growth_alpha,0.16007033433913892,0
ba_14228480,2025-09,굽네치킨 중곡1동점,굽네치킨,치킨,서울특별시,광진구,1,1.658402,-0.918903,growth_alpha,0.5100212613160999,1
ba_14228481,2025-08,굽네피자 중곡1동점,굽네치킨,피자,서울특별시,광진구,1,0.197957,-0.596772,growth_alpha,0.23989211481763684,0
ba_14228481,2025-09,굽네피자 중곡1동점,굽네치킨,피자,서울특별시,광진구,0,-0.108541,-0.747458,growth_alpha,0.2847222102523447,0
ba_14229365,2025-08,굽네치킨&피자 중곡1동점,굽네치킨,치킨,서울특별시,광진구,1,0.929917,-0.791512,growth_alpha,0.4712828145789097,1
ba_14229365,2025-09,굽네치킨&피자 중곡1동점,굽네치킨,치킨,서울특별시,광진구,1,0.720061,-0.661973,growth_alpha,0.832713987577904,1
ba_14238012,2025-08,본죽&비빔밥 안동송현점,본그룹,백반·죽·국수,경상북도,안동시,0,-0.557749,-0.102078,growth_alpha,0.8623983511451928,1
ba_14238012,2025-09,본죽&비빔밥 안동송현점,본그룹,백반·죽·국수,경상북도,안동시,0,-0.704592,-0.620671,growth_alpha,0.8896108649844703,1
ba_14239270,2025-08,굽네피자 대구이곡점,굽네치킨,피자,대구광역시,달서구,0,-0.161074,0.126875,growth_alpha,0.18348983398620083,0
ba_14239270,2025-09,굽네피자 대구이곡점,굽네치킨,피자,대구광역시,달서구,1,0.5553,-0.536625,growth_alpha,0.31073654547751106,1
ba_14245849,2025-08,본죽&비빔밥 광양중동점,본그룹,백반·죽·국수,전라남도,광양시,0,-0.29386,-0.219575,growth_alpha,0.5496167358890769,1
ba_14245849,2025-09,본죽&비빔밥 광양중동점,본그룹,백반·죽·국수,전라남도,광양시,0,-0.425601,-0.076579,growth_alpha,0.6010330098448045,1
ba_14245878,2025-08,본죽&비빔밥 안양동편마을점,본그룹,백반·죽·국수,경기도,안양시,1,4.630034,-0.209771,growth_alpha,0.363402403050867,1
ba_14245878,2025-09,본죽&비빔밥 안양동편마을점,본그룹,백반·죽·국수,경기도,안양시,1,0.160486,-1.877793,growth_alpha,0.746232903003622,1
ba_14248050,2025-08,굽네치킨&피자 은행선화점,굽네치킨,치킨,대전광역시,중구,0,-0.659969,-0.851485,growth_alpha,0.12355805500052992,0
ba_14248050,2025-09,굽네치킨&피자 은행선화점,굽네치킨,치킨,대전광역시,중구,0,-0.492961,-0.930396,growth_alpha,0.21840925487027688,0
ba_14248058,2025-08,굽네피자 은행선화점,굽네치킨,피자,대전광역시,중구,0,0.0,-0.108569,growth_alpha,0.19057834865486553,0
ba_14248058,2025-09,굽네피자 은행선화점,굽네치킨,피자,대전광역시,중구,0,0.0,-0.16389,growth_alpha,0.3199637904844078,1
ba_14248059,2025-08,굽네치킨 은행선화점,굽네치킨,치킨,대전광역시,중구,0,-0.270969,-0.162204,growth_alpha,0.6696807920485335,1
ba_14248059,2025-09,굽네치킨 은행선화점,굽네치킨,치킨,대전광역시,중구,0,-0.325663,-0.301036,growth_alpha,0.7638199825563715,1
ba_14249433,2025-08,굽네치킨 부산하단점,굽네치킨,치킨,부산광역시,사하구,1,0.500419,0.661428,growth_alpha,0.5639684622427604,1
ba_14249433,2025-09,굽네치킨 부산하단점,굽네치킨,치킨,부산광역시,사하구,1,0.395959,-0.336294,growth_alpha,0.9608313853123807,1
ba_14249441,2025-08,굽네피자 부산하단점,굽네치킨,피자,부산광역시,사하구,0,-1.0,-0.879431,growth_alpha,0.1964300356211496,0
ba_14249441,2025-09,굽네피자 부산하단점,굽네치킨,피자,부산광역시,사하구,0,0.0,-1.16389,growth_alpha,0.3289410754011987,1
ba_14250328,2025-08,굽네치킨&피자 인창점,굽네치킨,치킨,경기도,구리시,0,-0.217493,-0.098278,growth_alpha,0.8500408411311755,1
ba_14250328,2025-09,굽네치킨&피자 인창점,굽네치킨,치킨,경기도,구리시,0,-0.323318,-0.237246,growth_alpha,0.8876339070018433,1
ba_14250329,2025-08,굽네피자 인창점,굽네치킨,피자,경기도,구리시,0,-0.23345,-0.67406,growth_alpha,0.2208500175430809,0
ba_14250329,2025-09,굽네피자 인창점,굽네치킨,피자,경기도,구리시,0,0.087466,-0.792415,growth_alpha,0.3615351429628211,1
ba_14251345,2025-08,굽네피자 강화점,굽네치킨,피자,인천광역시,강화군,0,0.0,-0.108569,growth_alpha,0.07075109554817689,0
ba_14251345,2025-09,굽네피자 강화점,굽네치킨,피자,인천광역시,강화군,0,0.0,-0.16389,growth_alpha,0.07078596213579234,0
ba_14251741,2025-08,굽네치킨 태전점,굽네치킨,치킨,대구광역시,북구,1,0.901023,-0.310001,growth_alpha,0.6340655590879803,1
ba_14251741,2025-09,굽네치킨 태전점,굽네치킨,치킨,대구광역시,북구,0,-0.180968,39.796824,growth_alpha,0.7158965570889432,1
ba_14251745,2025-08,굽네피자 태전점,굽네치킨,피자,대구광역시,북구,0,-0.700003,-0.172888,growth_alpha,0.14693359768318603,0
ba_14251745,2025-09,굽네피자 태전점,굽네치킨,피자,대구광역시,북구,0,-0.174807,-0.754547,growth_alpha,0.3476067994293858,1
ba_14252159,2025-08,굽네치킨 사당2동점,굽네치킨,치킨,서울특별시,동작구,0,0.0,-0.310001,growth_alpha,0.0664875322130056,0
ba_14252159,2025-09,굽네치킨 사당2동점,굽네치킨,치킨,서울특별시,동작구,0,0.0,-0.166312,growth_alpha,0.06643352609907738,0
ba_14252162,2025-08,굽네피자 사당2동점,굽네치킨,피자,서울특별시,동작구,0,0.0,-0.108569,growth_alpha,0.1008492086427301,0
ba_14252162,2025-09,굽네피자 사당2동점,굽네치킨,피자,서울특별시,동작구,0,0.0,-0.16389,growth_alpha,0.10089729726244744,0
ba_14253619,2025-08,본죽&비빔밥 문래힐스테이트점,본그룹,백반·죽·국수,서울특별시,영등포구,1,0.184647,0.256896,growth_alpha,0.8313303557291024,1
ba_14253619,2025-09,본죽&비빔밥 문래힐스테이트점,본그룹,백반·죽·국수,서울특별시,영등포구,0,0.040863,-0.312322,growth_alpha,0.4524653632471149,1
ba_14254080,2025-08,굽네치킨&피자 망우본동점,굽네치킨,치킨,서울특별시,중랑구,1,1.570686,-0.804383,growth_alpha,0.1734674265812515,0
ba_14254080,2025-09,굽네치킨&피자 망우본동점,굽네치킨,치킨,서울특별시,중랑구,1,0.610853,-0.502759,growth_alpha,0.7777452497355374,1
ba_14256619,2025-08,본죽&비빔밥 비산사거리점,본그룹,백반·죽·국수,경기도,안양시,0,0.027332,-0.343104,growth_alpha,0.4101677798444543,1
ba_14256619,2025-09,본죽&비빔밥 비산사거리점,본그룹,백반·죽·국수,경기도,안양시,0,-0.109424,4.770982,growth_alpha,0.345105218658073,1
ba_14259741,2025-08,본죽&비빔밥 춘천우두택지점,본그룹,백반·죽·국수,강원특별자치도,춘천시,0,0.028487,-0.166181,growth_alpha,0.839021174889128,1
ba_14259741,2025-09,본죽&비빔밥 춘천우두택지점,본그룹,백반·죽·국수,강원특별자치도,춘천시,0,-0.164955,0.008346,growth_alpha,0.8301582725616148,1
ba_14260091,2025-08,굽네치킨 부평역점,굽네치킨,치킨,인천광역시,부평구,0,-0.350881,1.226569,growth_alpha,0.9515238588260265,1
ba_14260091,2025-09,굽네치킨 부평역점,굽네치킨,치킨,인천광역시,부평구,0,-0.31488,-0.334209,growth_alpha,0.9404635274183416,1
ba_14260093,2025-08,굽네치킨&피자 부평역점,굽네치킨,피자,인천광역시,부평구,0,-0.504486,-0.181151,growth_alpha,0.4025102555471525,1
ba_14260093,2025-09,굽네치킨&피자 부평역점,굽네치킨,피자,인천광역시,부평구,0,-0.630198,-0.580811,growth_alpha,0.646844508360729,1
ba_14262149,2025-08,본죽&비빔밥 용인둔전점,본그룹,백반·죽·국수,경기도,용인시,0,-0.04,-0.316077,growth_alpha,0.3545595705537665,1
ba_14262149,2025-09,본죽&비빔밥 용인둔전점,본그룹,백반·죽·국수,경기도,용인시,1,1.196691,-1.97065,growth_alpha,0.49846480642411384,1
ba_14267053,2025-08,굽네치킨&피자 마장점,굽네치킨,치킨,경기도,이천시,1,0.566518,-0.468054,growth_alpha,0.7135023539821513,1
ba_14267053,2025-09,굽네치킨&피자 마장점,굽네치킨,치킨,경기도,이천시,0,0.07103,-0.081024,growth_alpha,0.7940249385611656,1
ba_14267751,2025-08,굽네치킨 신정7동점,굽네치킨,치킨,서울특별시,양천구,1,0.425288,-0.030322,growth_alpha,0.8397961658967632,1
ba_14267751,2025-09,굽네치킨 신정7동점,굽네치킨,치킨,서울특별시,양천구,1,0.302575,-0.024955,growth_alpha,0.848838251463879,1
ba_14268780,2025-08,본죽&비빔밥 세종집현점,본그룹,백반·죽·국수,세종특별자치시,남세종로,1,2.756698,-0.330604,growth_alpha,0.7792295403212928,1
ba_14268780,2025-09,본죽&비빔밥 세종집현점,본그룹,백반·죽·국수,세종특별자치시,남세종로,0,-0.104315,1.168779,growth_alpha,0.7936361403623682,1
ba_14270407,2025-08,본죽&비빔밥 벡스코역점,본그룹,백반·죽·국수,부산광역시,해운대구,0,-0.459908,-0.093104,growth_alpha,0.7884280454747515,1
ba_14270407,2025-09,본죽&비빔밥 벡스코역점,본그룹,백반·죽·국수,부산광역시,해운대구,0,-0.419767,-0.326294,growth_alpha,0.4187827430452586,1
ba_14270903,2025-08,굽네치킨&피자 원미점,굽네치킨,치킨,경기도,부천시,0,-0.396025,-0.516739,growth_alpha,0.11284141346180455,0
ba_14270903,2025-09,굽네치킨&피자 원미점,굽네치킨,치킨,경기도,부천시,0,-0.232805,-0.663565,growth_alpha,0.2063063654534652,0
ba_14270904,2025-08,굽네치킨 원미점,굽네치킨,치킨,경기도,부천시,0,-0.311845,-0.042715,growth_alpha,0.6542600049497667,1
ba_14270904,2025-09,굽네치킨 원미점,굽네치킨,치킨,경기도,부천시,0,-0.230176,-0.397379,growth_alpha,0.7672925448343741,1
ba_14271330,2025-08,굽네치킨 일광신도시점,굽네치킨,치킨,부산광역시,기장군,1,0.653374,0.197192,growth_alpha,0.31905606426997346,1
ba_14271330,2025-09,굽네치킨 일광신도시점,굽네치킨,치킨,부산광역시,기장군,1,0.668347,-0.535647,growth_alpha,0.7328992466670965,1
ba_14271331,2025-08,굽네피자 일광신도시점,굽네치킨,피자,부산광역시,기장군,0,0.077079,-0.346551,growth_alpha,0.1559507975525855,0
ba_14271331,2025-09,굽네피자 일광신도시점,굽네치킨,피자,부산광역시,기장군,1,0.306279,-0.671794,growth_alpha,0.25787155577773885,0
ba_14272179,2025-08,굽네피자 마장점,굽네치킨,피자,경기도,이천시,1,0.205071,-0.060947,growth_alpha,0.18984600286210918,0
ba_14272179,2025-09,굽네피자 마장점,굽네치킨,피자,경기도,이천시,1,0.152696,-0.30519,growth_alpha,0.3370692712510992,1
ba_14272566,2025-08,본죽&비빔밥 광명6동점,본그룹,백반·죽·국수,경기도,광명시,1,0.135425,-0.343104,growth_alpha,0.4187872518721127,1
ba_14272566,2025-09,본죽&비빔밥 광명6동점,본그룹,백반·죽·국수,경기도,광명시,0,-0.050607,0.992415,growth_alpha,0.4334754144686053,1
ba_14273436,2025-08,본죽&비빔밥 거제고현점,본그룹,백반·죽·국수,경상남도,거제시,0,-0.145946,-0.06903,growth_alpha,0.1150481270613063,0
ba_14273436,2025-09,본죽&비빔밥 거제고현점,본그룹,백반·죽·국수,경상남도,거제시,1,90.711626,-1.842079,growth_alpha,0.15773067167504626,0
ba_14273478,2025-08,굽네피자 원미점,굽네치킨,피자,경기도,부천시,0,-0.287084,-0.381018,growth_alpha,0.4982577844092599,1
ba_14273478,2025-09,굽네피자 원미점,굽네치킨,피자,경기도,부천시,0,-0.402374,-0.617948,growth_alpha,0.6118006927884071,1
ba_14273972,2025-08,본죽&비빔밥 단양점,본그룹,백반·죽·국수,충청북도,단양군,0,-0.045617,0.381896,growth_alpha,0.8380779886354743,1
ba_14273972,2025-09,본죽&비빔밥 단양점,본그룹,백반·죽·국수,충청북도,단양군,0,-0.186741,0.638146,growth_alpha,0.8450645002959315,1
ba_14274576,2025-08,굽네치킨&피자 갈현점,굽네치킨,치킨,서울특별시,은평구,0,0.0,-0.310001,growth_alpha,0.1585128576982073,0
ba_14274576,2025-09,굽네치킨&피자 갈현점,굽네치킨,치킨,서울특별시,은평구,0,0.0,-0.166312,growth_alpha,0.2732059380880323,0
ba_14274675,2025-08,본죽&비빔밥 충주호암점,본그룹,백반·죽·국수,충청북도,충주시,0,-0.028413,-0.143104,growth_alpha,0.8560984758137384,1
ba_14274675,2025-09,본죽&비빔밥 충주호암점,본그룹,백반·죽·국수,충청북도,충주시,0,-0.183228,-0.256524,growth_alpha,0.8469784483806743,1
ba_14274836,2025-08,굽네피자 운천점,굽네치킨,피자,경기도,포천시,1,0.722128,-0.693984,growth_alpha,0.2779773976336716,0
ba_14274836,2025-09,굽네피자 운천점,굽네치킨,피자,경기도,포천시,1,1.666644,-1.033258,growth_alpha,0.3506928308091949,1
ba_14276685,2025-08,본죽 철원점,본그룹,백반·죽·국수,강원특별자치도,철원군,1,0.3645,-0.090472,growth_alpha,0.8451914319911173,1
ba_14276685,2025-09,본죽 철원점,본그룹,백반·죽·국수,강원특별자치도,철원군,1,0.162819,0.790385,growth_alpha,0.8661185150100468,1
ba_14277930,2025-08,본죽&비빔밥 동탄청계점,본그룹,백반·죽·국수,경기도,화성시,0,-0.15,-0.270377,growth_alpha,0.0936040895403986,0
ba_14277930,2025-09,본죽&비빔밥 동탄청계점,본그룹,백반·죽·국수,경기도,화성시,1,132.168276,-1.987793,growth_alpha,0.13314923092313172,0
ba_14279612,2025-08,본죽&비빔밥 부산율리점,본그룹,백반·죽·국수,부산광역시,북구,0,0.050588,-0.10674,growth_alpha,0.8001004492892706,1
ba_14279612,2025-09,본죽&비빔밥 부산율리점,본그룹,백반·죽·국수,부산광역시,북구,0,-0.23773,-0.259655,growth_alpha,0.8077005183161159,1
ba_14280570,2025-08,본죽&비빔밥 분당수내점,본그룹,백반·죽·국수,경기도,성남시,0,-0.089372,-0.143104,growth_alpha,0.4645761669900552,1
ba_14280570,2025-09,본죽&비빔밥 분당수내점,본그룹,백반·죽·국수,경기도,성남시,0,-0.093371,0.456635,growth_alpha,0.45822869602409483,1
ba_14283482,2025-08,본죽&비빔밥 목동역점,본그룹,백반·죽·국수,서울특별시,양천구,0,-0.812511,-0.143104,growth_alpha,0.801101187500735,1
ba_14283482,2025-09,본죽&비빔밥 목동역점,본그룹,백반·죽·국수,서울특별시,양천구,0,-0.83411,-0.12242,growth_alpha,0.4567269729279425,1
ba_14285796,2025-08,본죽&비빔밥 대구평리뉴타운점,본그룹,백반·죽·국수,대구광역시,서구,0,-0.327132,-0.176437,growth_alpha,0.7952680934945378,1
ba_14285796,2025-09,본죽&비빔밥 대구평리뉴타운점,본그룹,백반·죽·국수,대구광역시,서구,0,-0.318898,0.413554,growth_alpha,0.4152849548156205,1
ba_14294026,2025-08,굽네치킨&피자 신안중흥점,굽네치킨,치킨,광주광역시,북구,0,-0.745043,-0.624354,growth_alpha,0.22432785269905872,0
ba_14294026,2025-09,굽네치킨&피자 신안중흥점,굽네치킨,치킨,광주광역시,북구,0,-0.019108,-0.895622,growth_alpha,0.3629578329297164,1
ba_14294476,2025-08,굽네피자 하늘도시1호점,굽네치킨,피자,인천광역시,중구,0,0.0,-0.108569,growth_alpha,0.1657864884261085,0
ba_14294476,2025-09,굽네피자 하늘도시1호점,굽네치킨,피자,인천광역시,중구,0,0.0,-0.16389,growth_alpha,0.28425133472209907,0
ba_14294656,2025-08,굽네치킨 청천2동점,굽네치킨,치킨,인천광역시,부평구,0,0.0,-0.310001,growth_alpha,0.04773130712739624,0
ba_14294656,2025-09,굽네치킨 청천2동점,굽네치킨,치킨,인천광역시,부평구,0,0.0,-0.166312,growth_alpha,0.04769175786953926,0
ba_14296954,2025-08,굽네치킨&피자 청주동남지구점,굽네치킨,치킨,충청북도,청주시,1,1.188198,0.068193,growth_alpha,0.3238595170000372,1
ba_14296954,2025-09,굽네치킨&피자 청주동남지구점,굽네치킨,치킨,충청북도,청주시,1,1.337778,-0.497924,growth_alpha,0.7220681288465839,1
ba_14296957,2025-08,굽네피자 청주동남지구점,굽네치킨,피자,충청북도,청주시,0,0.0,-0.108569,growth_alpha,0.17486424025198682,0
ba_14296957,2025-09,굽네피자 청주동남지구점,굽네치킨,피자,충청북도,청주시,0,0.0,-0.16389,growth_alpha,0.29750240981880655,0
ba_14297681,2025-08,굽네피자 서산예천점,굽네치킨,피자,충청남도,서산시,0,0.0,-1.108569,growth_alpha,0.21002353779888833,0
ba_14297681,2025-09,굽네피자 서산예천점,굽네치킨,피자,충청남도,서산시,0,0.0,-0.16389,growth_alpha,0.343999294434351,1
ba_14308401,2025-08,굽네치킨 삼성2동점,굽네치킨,치킨,서울특별시,강남구,0,0.0,-1.310001,growth_alpha,0.15897553734881706,0
ba_14308401,2025-09,굽네치킨 삼성2동점,굽네치킨,치킨,서울특별시,강남구,0,0.0,-0.166312,growth_alpha,0.2713053607411553,0
ba_14308402,2025-08,굽네피자 삼성2동점,굽네치킨,피자,서울특별시,강남구,0,0.0,-0.908569,growth_alpha,0.22451214138405867,0
ba_14308402,2025-09,굽네피자 삼성2동점,굽네치킨,피자,서울특별시,강남구,0,0.0,-0.16389,growth_alpha,0.3623368523113055,1
ba_14309634,2025-08,굽네치킨&피자 삼성2동점,굽네치킨,치킨,서울특별시,강남구,1,1.349511,-0.010869,growth_alpha,0.5418125636636725,1
ba_14309634,2025-09,굽네치킨&피자 삼성2동점,굽네치킨,치킨,서울특별시,강남구,1,0.632003,-0.333007,growth_alpha,0.9991972919095563,1
ba_14314711,2025-08,굽네피자 송내2동점,굽네치킨,피자,경기도,부천시,0,0.0,-0.108569,growth_alpha,0.2262231513036013,0
ba_14314711,2025-09,굽네피자 송내2동점,굽네치킨,피자,경기도,부천시,0,0.0,-0.16389,growth_alpha,0.36878255137563143,1
ba_14320813,2025-08,굽네피자 옥곡백천점,굽네치킨,피자,경상북도,경산시,0,0.0,-0.108569,growth_alpha,0.08458243599970597,0
ba_14320813,2025-09,굽네피자 옥곡백천점,굽네치킨,피자,경상북도,경산시,0,0.0,-0.16389,growth_alpha,0.08462349803410063,0
ba_14322928,2025-08,본죽&비빔밥 부천심곡본동점,본그룹,백반·죽·국수,경기도,부천시,1,3.105154,-0.143104,growth_alpha,0.7386212652690253,1
ba_14322928,2025-09,본죽&비빔밥 부천심곡본동점,본그룹,백반·죽·국수,경기도,부천시,1,0.210684,-1.861126,growth_alpha,0.7829888522042374,1
ba_14325499,2025-08,본죽&비빔밥 충주계룡힐스점,본그룹,백반·죽·국수,충청북도,충주시,0,-0.103857,-0.228818,growth_alpha,0.4465173440230557,1
ba_14325499,2025-09,본죽&비빔밥 충주계룡힐스점,본그룹,백반·죽·국수,충청북도,충주시,0,-0.282282,-0.248335,growth_alpha,0.801216165949162,1
ba_14327485,2025-08,굽네치킨&피자 장곡장현점,굽네치킨,치킨,경기도,시흥시,0,-0.092537,-0.266365,growth_alpha,0.24399610184223022,0
ba_14327485,2025-09,굽네치킨&피자 장곡장현점,굽네치킨,치킨,경기도,시흥시,0,-0.074074,-0.162538,growth_alpha,0.4275462301912864,1
ba_14327700,2025-08,본죽&비빔밥 부산전포점,본그룹,백반·죽·국수,부산광역시,부산진구,0,-0.178243,-0.118362,growth_alpha,0.9017036537816301,1
ba_14327700,2025-09,본죽&비빔밥 부산전포점,본그룹,백반·죽·국수,부산광역시,부산진구,0,-0.254515,-0.380796,growth_alpha,0.8817939227452917,1
ba_14332090,2025-08,굽네치킨 금당왕지점,굽네치킨,치킨,전라남도,순천시,0,-0.102748,2.449689,growth_alpha,0.7577057213686362,1
ba_14332090,2025-09,굽네치킨 금당왕지점,굽네치킨,치킨,전라남도,순천시,0,-0.269882,0.441991,growth_alpha,0.78605689100516,1
ba_14332093,2025-08,굽네피자 금당왕지점,굽네치킨,피자,전라남도,순천시,0,-0.300564,0.14347,growth_alpha,0.5717767166767324,1
ba_14332093,2025-09,굽네피자 금당왕지점,굽네치킨,피자,전라남도,순천시,0,-0.54314,0.524237,growth_alpha,0.7001036872391332,1
ba_14335138,2025-08,굽네치킨&피자 대전비래가양점,굽네치킨,치킨,대전광역시,동구,1,0.120551,0.793738,growth_alpha,0.449579082760703,1
ba_14335138,2025-09,굽네치킨&피자 대전비래가양점,굽네치킨,치킨,대전광역시,동구,0,-0.450482,6.248925,growth_alpha,0.6484906269160196,1
ba_14335172,2025-08,굽네피자 장곡장현점,굽네치킨,피자,경기도,시흥시,0,0.0,-0.308569,growth_alpha,0.21123221987628296,0
ba_14335172,2025-09,굽네피자 장곡장현점,굽네치킨,피자,경기도,시흥시,0,0.0,-0.16389,growth_alpha,0.3497221202827667,1
ba_14336642,2025-08,굽네치킨&피자 상대원점,굽네치킨,치킨,경기도,성남시,0,-0.176162,2.412515,growth_alpha,0.6279434892790823,1
ba_14336642,2025-09,굽네치킨&피자 상대원점,굽네치킨,치킨,경기도,성남시,0,-0.358754,0.077419,growth_alpha,0.7615672759485758,1
ba_14338227,2025-08,굽네피자 상대원점,굽네치킨,피자,경기도,성남시,0,0.0,-0.908569,growth_alpha,0.19895875489805873,0
ba_14338227,2025-09,굽네피자 상대원점,굽네치킨,피자,경기도,성남시,0,0.0,-0.16389,growth_alpha,0.32772597634033895,1
ba_14341228,2025-08,굽네피자&치킨 고덕국제점,굽네치킨,피자,경기도,평택시,1,0.5009,-0.946077,growth_alpha,0.10649758615335383,0
ba_14341228,2025-09,굽네피자&치킨 고덕국제점,굽네치킨,피자,경기도,평택시,1,2.275129,-1.053233,growth_alpha,0.3037813567512521,1
ba_14352664,2025-08,굽네피자 간석점,굽네치킨,피자,인천광역시,남동구,0,0.0,-0.108569,growth_alpha,0.16628111043350166,0
ba_14352664,2025-09,굽네피자 간석점,굽네치킨,피자,인천광역시,남동구,0,0.0,-0.16389,growth_alpha,0.2849786558111249,0
ba_14352915,2025-08,본죽&비빔밥 대구다사역점,본그룹,백반·죽·국수,대구광역시,달성군,0,-0.336444,0.056896,growth_alpha,0.8008115078424687,1
ba_14352915,2025-09,본죽&비빔밥 대구다사역점,본그룹,백반·죽·국수,대구광역시,달성군,0,-0.39157,0.053063,growth_alpha,0.8148120243284916,1
ba_14352930,2025-08,굽네치킨 녹양점,굽네치킨,치킨,경기도,의정부시,0,0.0,-0.310001,growth_alpha,0.06110798868499766,0
ba_14352930,2025-09,굽네치킨 녹양점,굽네치킨,치킨,경기도,의정부시,0,0.0,-0.166312,growth_alpha,0.06105806643022478,0
ba_14353161,2025-08,굽네피자 구월점,굽네치킨,피자,인천광역시,남동구,0,0.0,-0.108569,growth_alpha,0.16627928516760224,0
ba_14353161,2025-09,굽네피자 구월점,굽네치킨,피자,인천광역시,남동구,0,0.0,-0.16389,growth_alpha,0.28497597296600785,0
ba_14356032,2025-08,본죽&비빔밥 양평용문점,본그룹,백반·죽·국수,경기도,양평군,1,0.297737,0.056896,growth_alpha,0.7951156593854026,1
ba_14356032,2025-09,본죽&비빔밥 양평용문점,본그룹,백반·죽·국수,경기도,양평군,0,-0.003528,1.950506,growth_alpha,0.7918132972301797,1
ba_14360458,2025-08,본죽&비빔밥 충북오송점,본그룹,백반·죽·국수,충청북도,청주시,0,-0.323518,-0.117017,growth_alpha,0.8150894385642403,1
ba_14360458,2025-09,본죽&비빔밥 충북오송점,본그룹,백반·죽·국수,충청북도,청주시,0,-0.473936,-0.723632,growth_alpha,0.8116262936933345,1
ba_14363013,2025-08,본죽&비빔밥 광주삼각점,본그룹,백반·죽·국수,광주광역시,북구,0,-0.096746,-0.205604,growth_alpha,0.79061880881268,1
ba_14363013,2025-09,본죽&비빔밥 광주삼각점,본그룹,백반·죽·국수,광주광역시,북구,0,-0.390855,0.005262,growth_alpha,0.8021570299180546,1
ba_14371606,2025-08,본죽&비빔밥 부산내성교차로점,본그룹,백반·죽·국수,부산광역시,동래구,0,-0.244436,-0.26942,growth_alpha,0.8341487844584456,1
ba_14371606,2025-09,본죽&비빔밥 부산내성교차로점,본그룹,백반·죽·국수,부산광역시,동래구,0,-0.564454,0.165611,growth_alpha,0.8602285430980692,1
ba_14387283,2025-08,본죽&비빔밥 신봉초교점,본그룹,백반·죽·국수,경기도,용인시,0,-0.221127,-0.209771,growth_alpha,0.7712741746906939,1
ba_14387283,2025-09,본죽&비빔밥 신봉초교점,본그룹,백반·죽·국수,경기도,용인시,0,-0.038709,0.178532,growth_alpha,0.4414185477761933,1
ba_14387630,2025-08,굽네치킨 등촌2동점,굽네치킨,치킨,서울특별시,강서구,0,-0.036966,-0.364309,growth_alpha,0.7479427433801827,1
ba_14387630,2025-09,굽네치킨 등촌2동점,굽네치킨,치킨,서울특별시,강서구,0,-0.176671,-0.420981,growth_alpha,0.9169555926976692,1
ba_14388856,2025-08,굽네치킨&피자 여의도1호점,굽네치킨,치킨,서울특별시,영등포구,0,-0.199023,-0.324614,growth_alpha,0.771117934400267,1
ba_14388856,2025-09,굽네치킨&피자 여의도1호점,굽네치킨,치킨,서울특별시,영등포구,0,-0.279276,-0.590167,growth_alpha,0.8973405676011093,1
ba_14388863,2025-08,굽네피자 여의도1호점,굽네치킨,피자,서울특별시,영등포구,1,1.282034,-0.857169,growth_alpha,0.15678092816268435,0
ba_14388863,2025-09,굽네피자 여의도1호점,굽네치킨,피자,서울특별시,영등포구,1,0.131334,-0.602543,growth_alpha,0.2309557948152334,0
ba_14390509,2025-08,굽네치킨 원주혁신점,굽네치킨,치킨,강원특별자치도,원주시,0,0.0,-0.310001,growth_alpha,0.14752585720907677,0
ba_14390509,2025-09,굽네치킨 원주혁신점,굽네치킨,치킨,강원특별자치도,원주시,0,0.0,-0.166312,growth_alpha,0.25669426616789837,0
ba_14390691,2025-08,본죽&비빔밥 경산옥곡점,본그룹,백반·죽·국수,경상북도,경산시,0,-0.192474,-0.06942,growth_alpha,0.7983955880543339,1
ba_14390691,2025-09,본죽&비빔밥 경산옥곡점,본그룹,백반·죽·국수,경상북도,경산시,0,-0.175629,-1.025268,growth_alpha,0.7913256220429954,1
ba_14392310,2025-08,굽네피자 등촌2동점,굽네치킨,피자,서울특별시,강서구,1,1.017397,5.574693,growth_alpha,0.5564294004507022,1
ba_14392310,2025-09,굽네피자 등촌2동점,굽네치킨,피자,서울특별시,강서구,1,1.176765,-0.042504,growth_alpha,0.7597726311058355,1
ba_14392323,2025-08,굽네피자 삼산1동점,굽네치킨,피자,인천광역시,부평구,0,0.0,-0.108569,growth_alpha,0.07196446234467162,0
ba_14392323,2025-09,굽네피자 삼산1동점,굽네치킨,피자,인천광역시,부평구,0,0.0,-0.16389,growth_alpha,0.07199988055650403,0
ba_14392494,2025-08,굽네피자 원주혁신점,굽네치킨,피자,강원특별자치도,원주시,0,0.0,-0.108569,growth_alpha,0.2170977446542683,0
ba_14392494,2025-09,굽네피자 원주혁신점,굽네치킨,피자,강원특별자치도,원주시,0,0.0,-0.16389,growth_alpha,0.3565564368398158,1
ba_14392877,2025-08,본죽&비빔밥 인천석바위점,본그룹,백반·죽·국수,인천광역시,미추홀구,1,8.103133,-0.209771,growth_alpha,0.7272546846787185,1
ba_14392877,2025-09,본죽&비빔밥 인천석바위점,본그룹,백반·죽·국수,인천광역시,미추홀구,0,-0.022054,-1.827793,growth_alpha,0.406048210999347,1
ba_14396364,2025-08,본죽&비빔밥 용인어정역점,본그룹,백반·죽·국수,경기도,용인시,1,0.571341,-0.089771,growth_alpha,0.754448731611432,1
ba_14396364,2025-09,본죽&비빔밥 용인어정역점,본그룹,백반·죽·국수,경기도,용인시,1,0.139912,-0.591069,growth_alpha,0.9041173981637558,1
ba_14397420,2025-08,굽네치킨 진해장천점,굽네치킨,치킨,경상남도,창원시,0,-0.164706,-0.226668,growth_alpha,0.13934899269281414,0
ba_14397420,2025-09,굽네치킨 진해장천점,굽네치킨,치킨,경상남도,창원시,0,-0.153488,-0.088893,growth_alpha,0.21181470562839375,0
ba_14399330,2025-08,본죽&비빔밥 대구상인롯데점,본그룹,백반·죽·국수,대구광역시,달서구,0,0.0,-0.143104,growth_alpha,0.2151393671081957,0
ba_14399330,2025-09,본죽&비빔밥 대구상인롯데점,본그룹,백반·죽·국수,대구광역시,달서구,0,0.0,-1.827793,growth_alpha,0.2166673115979929,0
ba_14400023,2025-08,본죽&비빔밥 시흥장곡점,본그룹,백반·죽·국수,경기도,시흥시,0,0.0,-0.143104,growth_alpha,0.36945521167257156,1
ba_14400023,2025-09,본죽&비빔밥 시흥장곡점,본그룹,백반·죽·국수,경기도,시흥시,0,0.0,-1.827793,growth_alpha,0.37156028322065476,1
ba_14400680,2025-08,굽네치킨 영암삼호점,굽네치킨,치킨,전라남도,영암군,1,0.53205,-0.670374,growth_alpha,0.13424917790468244,0
ba_14400680,2025-09,굽네치킨 영암삼호점,굽네치킨,치킨,전라남도,영암군,1,0.972643,-0.782488,growth_alpha,0.41829680538074,1
ba_14400681,2025-08,굽네피자 영암삼호점,굽네치킨,피자,전라남도,영암군,1,0.890976,-0.806175,growth_alpha,0.17461420228860158,0
ba_14400681,2025-09,굽네피자 영암삼호점,굽네치킨,피자,전라남도,영암군,0,-0.233488,-0.595937,growth_alpha,0.32618689029571496,1
ba_14413122,2025-08,굽네치킨&피자 만성점,굽네치킨,치킨,전북특별자치도,전주시,0,0.0,-0.310001,growth_alpha,0.1479661232926863,0
ba_14413122,2025-09,굽네치킨&피자 만성점,굽네치킨,치킨,전북특별자치도,전주시,0,0.0,-0.166312,growth_alpha,0.1478564167469222,0
ba_14422337,2025-08,본죽&비빔밥 고양덕은점,본그룹,백반·죽·국수,경기도,고양시,0,-0.208629,-0.343104,growth_alpha,0.23960875211950083,0
ba_14422337,2025-09,본죽&비빔밥 고양덕은점,본그룹,백반·죽·국수,경기도,고양시,0,-0.354036,-0.859449,growth_alpha,0.2851187673999343,0
ba_14435298,2025-08,본죽&비빔밥 인천부평나누리병원점,본그룹,백반·죽·국수,인천광역시,부평구,1,0.2,-0.276437,growth_alpha,0.08327149102317104,0
ba_14435298,2025-09,본죽&비빔밥 인천부평나누리병원점,본그룹,백반·죽·국수,인천광역시,부평구,0,0.0,-2.027793,growth_alpha,0.08380672340059321,0
ba_14435750,2025-08,본죽&비빔밥 광주연제점,본그룹,백반·죽·국수,광주광역시,북구,0,-0.29685,-0.343104,growth_alpha,0.4051463138486698,1
ba_14435750,2025-09,본죽&비빔밥 광주연제점,본그룹,백반·죽·국수,광주광역시,북구,0,-0.247877,-0.789868,growth_alpha,0.42997157409352543,1
ba_14437626,2025-08,굽네치킨&피자 대구읍내점,굽네치킨,치킨,대구광역시,북구,1,1.059374,-0.34072,growth_alpha,0.7034927305930184,1
ba_14437626,2025-09,굽네치킨&피자 대구읍내점,굽네치킨,치킨,대구광역시,북구,0,-0.227657,-0.148061,growth_alpha,0.8300884639470458,1
ba_14440526,2025-08,굽네치킨 서산동문점,굽네치킨,치킨,충청남도,서산시,0,-0.057143,-0.072501,growth_alpha,0.16679773956669547,0
ba_14440526,2025-09,굽네치킨 서산동문점,굽네치킨,치킨,충청남도,서산시,0,-0.0375,0.090831,growth_alpha,0.36817448200602393,1
ba_14440680,2025-08,굽네치킨&피자 면목점,굽네치킨,치킨,서울특별시,중랑구,0,-0.246082,-0.250373,growth_alpha,0.7699230382913808,1
ba_14440680,2025-09,굽네치킨&피자 면목점,굽네치킨,치킨,서울특별시,중랑구,0,-0.272452,-0.421993,growth_alpha,0.8508945407951107,1
ba_14440681,2025-08,굽네피자 면목점,굽네치킨,피자,서울특별시,중랑구,0,-0.785708,0.944899,growth_alpha,0.12226793939002688,0
ba_14440681,2025-09,굽네피자 면목점,굽네치킨,피자,서울특별시,중랑구,0,-0.601884,-0.7787,growth_alpha,0.24391470391369252,0
ba_14441181,2025-08,굽네치킨 나주빛가람점,굽네치킨,치킨,전라남도,나주시,1,0.79731,0.258836,growth_alpha,0.7572175765172711,1
ba_14441181,2025-09,굽네치킨 나주빛가람점,굽네치킨,치킨,전라남도,나주시,0,0.109621,0.706901,growth_alpha,0.891318294202518,1
ba_14441192,2025-08,굽네피자 나주빛가람점,굽네치킨,피자,전라남도,나주시,0,-0.417787,-0.256216,growth_alpha,0.5415834978732552,1
ba_14441192,2025-09,굽네피자 나주빛가람점,굽네치킨,피자,전라남도,나주시,0,-0.927057,-0.393173,growth_alpha,0.6507600073389482,1
ba_14448826,2025-08,본죽&비빔밥 인천검단신도시점,본그룹,백반·죽·국수,인천광역시,서구,0,-0.127859,-0.050796,growth_alpha,0.7747334516890821,1
ba_14448826,2025-09,본죽&비빔밥 인천검단신도시점,본그룹,백반·죽·국수,인천광역시,서구,0,-0.389315,2.099508,growth_alpha,0.7724691142601012,1
ba_14449139,2025-08,굽네치킨&피자 용운판암점,굽네치킨,치킨,대전광역시,동구,1,0.194285,1.415424,growth_alpha,0.9371830554188456,1
ba_14449139,2025-09,굽네치킨&피자 용운판암점,굽네치킨,치킨,대전광역시,동구,0,-0.153562,0.101969,growth_alpha,0.9348936201545099,1
ba_14454741,2025-08,본죽&비빔밥 부천소새울역점,본그룹,백반·죽·국수,경기도,부천시,1,8.281923,-0.076437,growth_alpha,0.43830665664057117,1
ba_14454741,2025-09,본죽&비빔밥 부천소새울역점,본그룹,백반·죽·국수,경기도,부천시,1,0.802472,-1.761126,growth_alpha,0.80232345368295,1
ba_14456345,2025-08,본죽&비빔밥 천안두정포레나점,본그룹,백반·죽·국수,충청남도,천안시,0,-0.016667,-0.312335,growth_alpha,0.31221846805519415,1
ba_14456345,2025-09,본죽&비빔밥 천안두정포레나점,본그룹,백반·죽·국수,충청남도,천안시,1,55.771575,-1.964378,growth_alpha,0.4281501746127644,1
ba_14456826,2025-08,본죽&비빔밥 청주오송파라곤점,본그룹,백반·죽·국수,충청북도,청주시,0,-0.153951,-0.221365,growth_alpha,0.8182851276097992,1
ba_14456826,2025-09,본죽&비빔밥 청주오송파라곤점,본그룹,백반·죽·국수,충청북도,청주시,0,-0.285914,-0.616636,growth_alpha,0.8309217052574438,1
ba_14456827,2025-08,본죽&비빔밥 인천동암더샵점,본그룹,백반·죽·국수,인천광역시,부평구,0,0.0,-0.223104,growth_alpha,0.24872681987306167,0
ba_14456827,2025-09,본죽&비빔밥 인천동암더샵점,본그룹,백반·죽·국수,인천광역시,부평구,1,127.275145,-1.927793,growth_alpha,0.10779311811306239,0
ba_14457403,2025-08,본죽&비빔밥 부산연제점,본그룹,백반·죽·국수,부산광역시,연제구,0,0.014292,-0.224922,growth_alpha,0.46035096668341496,1
ba_14457403,2025-09,본죽&비빔밥 부산연제점,본그룹,백반·죽·국수,부산광역시,연제구,0,-0.087587,3.666026,growth_alpha,0.7895344076106079,1
ba_14458025,2025-08,굽네치킨 울산공업탑점,굽네치킨,치킨,울산광역시,남구,0,-0.18406,0.1123,growth_alpha,0.721832267614238,1
ba_14458025,2025-09,굽네치킨 울산공업탑점,굽네치킨,치킨,울산광역시,남구,0,-0.405594,-0.101228,growth_alpha,0.7810549280942426,1
ba_14459736,2025-08,굽네치킨,굽네치킨,치킨,경기도,남양주시,1,0.291003,-0.09009,growth_alpha,0.4429335752245219,1
ba_14459736,2025-09,굽네치킨,굽네치킨,치킨,경기도,남양주시,0,-0.228502,2.765138,growth_alpha,0.6469352119347559,1
ba_14462203,2025-08,본죽&비빔밥 동대구시장점,본그룹,백반·죽·국수,대구광역시,동구,1,0.692757,-0.143104,growth_alpha,0.777451375191427,1
ba_14462203,2025-09,본죽&비빔밥 동대구시장점,본그룹,백반·죽·국수,대구광역시,동구,0,-0.296279,2.058607,growth_alpha,0.8239567113211992,1
ba_14463467,2025-08,굽네치킨 화명신도시점,굽네치킨,치킨,부산광역시,북구,0,0.057945,0.814103,growth_alpha,0.7491886347072112,1
ba_14463467,2025-09,굽네치킨 화명신도시점,굽네치킨,치킨,부산광역시,북구,0,0.087728,-0.324116,growth_alpha,0.8150186620843725,1
ba_14463469,2025-08,굽네피자 화명신도시점,굽네치킨,피자,부산광역시,북구,1,0.206792,-0.580369,growth_alpha,0.16346910626948974,0
ba_14463469,2025-09,굽네피자 화명신도시점,굽네치킨,피자,부산광역시,북구,0,0.10641,-0.660112,growth_alpha,0.6148758428221055,1
ba_14464913,2025-08,굽네치킨 부산구서점,굽네치킨,치킨,부산광역시,금정구,1,0.287938,2.813311,growth_alpha,0.7777802833263375,1
ba_14464913,2025-09,굽네치킨 부산구서점,굽네치킨,치킨,부산광역시,금정구,0,-0.039239,0.619422,growth_alpha,0.8369943915922154,1
ba_14464914,2025-08,굽네피자 부산구서점,굽네치킨,피자,부산광역시,금정구,0,0.0,-1.108569,growth_alpha,0.18087405832626874,0
ba_14464914,2025-09,굽네피자 부산구서점,굽네치킨,피자,부산광역시,금정구,0,0.0,-0.16389,growth_alpha,0.3033965562412108,1
ba_14470771,2025-08,본죽&비빔밥 부산동대신역점,본그룹,백반·죽·국수,부산광역시,서구,0,-0.073684,-0.19695,growth_alpha,0.09564197881002454,0
ba_14470771,2025-09,본죽&비빔밥 부산동대신역점,본그룹,백반·죽·국수,부산광역시,서구,1,45.928584,-1.864157,growth_alpha,0.12599164615679617,0
ba_14472921,2025-08,굽네피자 내당중리점,굽네치킨,피자,대구광역시,서구,0,0.0,-0.908569,growth_alpha,0.21933750470485877,0
ba_14472921,2025-09,굽네피자 내당중리점,굽네치킨,피자,대구광역시,서구,0,0.0,-0.16389,growth_alpha,0.355441578619156,1
ba_14473511,2025-08,본죽&비빔밥카페 김해가야대역점,본그룹,백반·죽·국수,경상남도,김해시,0,-0.143558,-0.214533,growth_alpha,0.8812070488780607,1
ba_14473511,2025-09,본죽&비빔밥카페 김해가야대역점,본그룹,백반·죽·국수,경상남도,김해시,0,-0.465291,-0.358051,growth_alpha,0.46883776168586183,1
ba_14481987,2025-08,굽네치킨 마산점,굽네치킨,치킨,경기도,김포시,0,0.0,-0.310001,growth_alpha,0.05862427188394065,0
ba_14481987,2025-09,굽네치킨 마산점,굽네치킨,치킨,경기도,김포시,0,0.0,-0.166312,growth_alpha,0.058576252113595344,0
ba_14484108,2025-08,굽네치킨 애막골후평점,굽네치킨,치킨,강원특별자치도,춘천시,0,0.0,-0.310001,growth_alpha,0.05810602136602867,0
ba_14484108,2025-09,굽네치킨 애막골후평점,굽네치킨,치킨,강원특별자치도,춘천시,0,0.0,-0.166312,growth_alpha,0.05805839991935394,0
ba_14484534,2025-08,본죽&비빔밥 산본학원가점,본그룹,백반·죽·국수,경기도,군포시,0,0.05126,-0.197649,growth_alpha,0.7811141806313355,1
ba_14484534,2025-09,본죽&비빔밥 산본학원가점,본그룹,백반·죽·국수,경기도,군포시,0,-0.203018,-0.134733,growth_alpha,0.787438981235219,1
ba_14488211,2025-08,굽네치킨&피자 풍동점,굽네치킨,치킨,경기도,고양시,1,0.216079,-0.058052,growth_alpha,0.6710778585213992,1
ba_14488211,2025-09,굽네치킨&피자 풍동점,굽네치킨,치킨,경기도,고양시,0,-0.028739,-0.130676,growth_alpha,0.8092435361344503,1
ba_14488212,2025-08,굽네피자 풍동점,굽네치킨,피자,경기도,고양시,0,-0.505881,-0.430618,growth_alpha,0.1545985900118794,0
ba_14488212,2025-09,굽네피자 풍동점,굽네치킨,피자,경기도,고양시,0,-0.593722,-0.367119,growth_alpha,0.26411108932950744,0
ba_14488495,2025-08,본죽&비빔밥 역촌점,본그룹,백반·죽·국수,서울특별시,은평구,0,-0.12,1.656896,growth_alpha,0.17531296682685482,0
ba_14488495,2025-09,본죽&비빔밥 역촌점,본그룹,백반·죽·국수,서울특별시,은평구,0,-0.133333,-1.877793,growth_alpha,0.1120045744573672,0
ba_14495787,2025-08,굽네치킨 김해율하점,굽네치킨,치킨,경상남도,김해시,0,0.0,-0.310001,growth_alpha,0.12468059305606298,0
ba_14495787,2025-09,굽네치킨 김해율하점,굽네치킨,치킨,경상남도,김해시,0,0.0,-0.166312,growth_alpha,0.22133286267045235,0
ba_14495840,2025-08,본죽&비빔밥 검단파라곤센트럴점,본그룹,백반·죽·국수,인천광역시,서구,1,3.350858,-0.30674,growth_alpha,0.7428451071787671,1
ba_14495840,2025-09,본죽&비빔밥 검단파라곤센트럴점,본그룹,백반·죽·국수,인천광역시,서구,1,0.207109,-1.961126,growth_alpha,0.7920218011436762,1
ba_14504490,2025-08,본죽&비빔밥 부천순천향병원앞점,본그룹,백반·죽·국수,경기도,부천시,1,5.552279,0.614039,growth_alpha,0.9064121603900863,1
ba_14504490,2025-09,본죽&비빔밥 부천순천향병원앞점,본그룹,백반·죽·국수,경기도,부천시,1,1.128508,-0.972237,growth_alpha,0.955457071705844,1
ba_14506379,2025-08,본죽&비빔밥 방학역점,본그룹,백반·죽·국수,서울특별시,도봉구,0,0.017576,-0.243104,growth_alpha,0.8034298356272407,1
ba_14506379,2025-09,본죽&비빔밥 방학역점,본그룹,백반·죽·국수,서울특별시,도봉구,0,-0.271108,0.326376,growth_alpha,0.8467072514902815,1
ba_14506800,2025-08,본죽&비빔밥 율전상률초점,본그룹,백반·죽·국수,경기도,수원시,0,0.0,-0.043104,growth_alpha,0.3338805656055857,1
ba_14506800,2025-09,본죽&비빔밥 율전상률초점,본그룹,백반·죽·국수,경기도,수원시,0,0.0,-1.427793,growth_alpha,0.10429290866130336,0
ba_14513076,2025-08,본죽&비빔밥 광주첨단점,본그룹,백반·죽·국수,광주광역시,광산구,0,-0.388344,-0.027315,growth_alpha,0.8393290902772275,1
ba_14513076,2025-09,본죽&비빔밥 광주첨단점,본그룹,백반·죽·국수,광주광역시,광산구,0,-0.474721,0.437398,growth_alpha,0.8226270356336786,1
ba_14522619,2025-08,본죽&비빔밥 수원권선롯데마트점,본그룹,백반·죽·국수,경기도,수원시,0,0.0,-0.143104,growth_alpha,0.37228758023517333,1
ba_14522619,2025-09,본죽&비빔밥 수원권선롯데마트점,본그룹,백반·죽·국수,경기도,수원시,0,0.0,-1.827793,growth_alpha,0.37439920758417095,1
ba_14525069,2025-08,굽네치킨 다산중앙점,굽네치킨,치킨,경기도,남양주시,1,1.459674,-0.479815,growth_alpha,0.49691241173851575,1
ba_14525069,2025-09,굽네치킨 다산중앙점,굽네치킨,치킨,경기도,남양주시,1,2.73816,-0.429016,growth_alpha,0.7996719469514607,1
ba_14525359,2025-08,본죽&비빔밥 용인모현점,본그룹,백반·죽·국수,경기도,용인시,0,0.02125,-0.29866,growth_alpha,0.4120118587250677,1
ba_14525359,2025-09,본죽&비빔밥 용인모현점,본그룹,백반·죽·국수,경기도,용인시,0,-0.232724,-0.667051,growth_alpha,0.5652477979141383,1
ba_14525748,2025-08,굽네치킨 지산신장점,굽네치킨,치킨,경기도,평택시,0,0.0,-0.310001,growth_alpha,0.061171229613062955,0
ba_14525748,2025-09,굽네치킨 지산신장점,굽네치킨,치킨,경기도,평택시,0,0.0,-0.166312,growth_alpha,0.06112125905686999,0
ba_14525750,2025-08,굽네피자 지산신장점,굽네치킨,피자,경기도,평택시,0,0.0,-0.108569,growth_alpha,0.09706628510048626,0
ba_14525750,2025-09,굽네피자 지산신장점,굽네치킨,피자,경기도,평택시,0,0.0,-0.16389,growth_alpha,0.09711276470625246,0
ba_14528279,2025-08,굽네치킨 봉동점,굽네치킨,치킨,전북특별자치도,완주군,0,0.033784,-0.179807,growth_alpha,0.7928562906123223,1
ba_14528279,2025-09,굽네치킨 봉동점,굽네치킨,치킨,전북특별자치도,완주군,0,-0.03816,-0.308502,growth_alpha,0.8785248421295724,1
ba_14528412,2025-08,굽네피자 봉동점,굽네치킨,피자,전북특별자치도,완주군,1,0.236289,-0.092926,growth_alpha,0.19565429796374914,0
ba_14528412,2025-09,굽네피자 봉동점,굽네치킨,피자,전북특별자치도,완주군,0,0.010941,-0.353081,growth_alpha,0.7301688718369038,1
ba_14528476,2025-08,본죽&비빔밥 인천박촌역점,본그룹,백반·죽·국수,인천광역시,계양구,0,-0.133333,-0.143104,growth_alpha,0.07672891201133089,0
ba_14528476,2025-09,본죽&비빔밥 인천박촌역점,본그룹,백반·죽·국수,인천광역시,계양구,1,46.987467,-1.827793,growth_alpha,0.12508559937335892,0
ba_14530939,2025-08,본죽 경북청도점,본그룹,백반·죽·국수,경상북도,청도군,1,0.785616,-0.243104,growth_alpha,0.8168206646232985,1
ba_14530939,2025-09,본죽 경북청도점,본그룹,백반·죽·국수,경상북도,청도군,1,0.302345,0.457074,growth_alpha,0.824371468034856,1
ba_14533127,2025-08,본죽&비빔밥 위례창곡점,본그룹,백반·죽·국수,경기도,성남시,0,0.105882,-0.217178,growth_alpha,0.28704025818178375,0
ba_14533127,2025-09,본죽&비빔밥 위례창곡점,본그룹,백반·죽·국수,경기도,성남시,1,36.941937,-1.811126,growth_alpha,0.3349468621049272,1
ba_14541579,2025-08,굽네치킨 킨텍스호수공원점,굽네치킨,치킨,경기도,고양시,0,-0.134107,-0.007404,growth_alpha,0.8351617741907308,1
ba_14541579,2025-09,굽네치킨 킨텍스호수공원점,굽네치킨,치킨,경기도,고양시,0,-0.414037,0.228636,growth_alpha,0.8753840990698106,1
ba_14542191,2025-08,굽네피자 응암1호점,굽네치킨,피자,서울특별시,은평구,0,0.0,-0.108569,growth_alpha,0.10150267496145686,0
ba_14542191,2025-09,굽네피자 응암1호점,굽네치킨,피자,서울특별시,은평구,0,0.0,-0.16389,growth_alpha,0.10155103998592545,0
ba_14544899,2025-08,본죽&비빔밥 안양호계포도원점,본그룹,백반·죽·국수,경기도,안양시,1,1.422734,-0.143104,growth_alpha,0.4226404427736872,1
ba_14544899,2025-09,본죽&비빔밥 안양호계포도원점,본그룹,백반·죽·국수,경기도,안양시,1,0.98445,0.000218,growth_alpha,0.40900329060247526,1
ba_14545829,2025-08,굽네치킨 임학점,굽네치킨,치킨,인천광역시,계양구,0,0.0,-0.310001,growth_alpha,0.04832912105873437,0
ba_14545829,2025-09,굽네치킨 임학점,굽네치킨,치킨,인천광역시,계양구,0,0.0,-0.166312,growth_alpha,0.048289101581890606,0
ba_14548743,2025-08,굽네치킨 다산가운지금점,굽네치킨,치킨,경기도,남양주시,1,0.823914,-0.28864,growth_alpha,0.6811378552760496,1
ba_14548743,2025-09,굽네치킨 다산가운지금점,굽네치킨,치킨,경기도,남양주시,1,0.23705,-0.165885,growth_alpha,0.8520786770522196,1
ba_14551802,2025-08,본죽&비빔밥 명동2호점,본그룹,백반·죽·국수,서울특별시,중구,1,0.282624,-0.343104,growth_alpha,0.34470607698971556,1
ba_14551802,2025-09,본죽&비빔밥 명동2호점,본그룹,백반·죽·국수,서울특별시,중구,0,0.09302,-0.078135,growth_alpha,0.35245926779097037,1
ba_14556221,2025-08,굽네치킨&피자 청주봉명점,굽네치킨,치킨,충청북도,청주시,1,1.52379,-0.69217,growth_alpha,0.27500007181443686,0
ba_14556221,2025-09,굽네치킨&피자 청주봉명점,굽네치킨,치킨,충청북도,청주시,1,0.791641,-0.614655,growth_alpha,0.7583388694246631,1
ba_14557869,2025-08,굽네치킨 화곡4동점,굽네치킨,치킨,서울특별시,강서구,0,-0.370035,-0.455759,growth_alpha,0.5984878365134567,1
ba_14557869,2025-09,굽네치킨 화곡4동점,굽네치킨,치킨,서울특별시,강서구,0,-0.129799,-0.713457,growth_alpha,0.7124149591205879,1
ba_14557882,2025-08,굽네치킨 신방화역점,굽네치킨,치킨,서울특별시,강서구,0,0.034612,0.969127,growth_alpha,0.910414456607183,1
ba_14557882,2025-09,굽네치킨 신방화역점,굽네치킨,치킨,서울특별시,강서구,0,-0.023328,-0.374363,growth_alpha,0.9261033840699676,1
ba_14560963,2025-08,굽네피자 다산가운지금점,굽네치킨,피자,경기도,남양주시,1,0.788672,-0.543758,growth_alpha,0.17688278230839055,0
ba_14560963,2025-09,굽네피자 다산가운지금점,굽네치킨,피자,경기도,남양주시,1,0.677987,-0.578878,growth_alpha,0.29756476184137537,0
ba_14563145,2025-08,굽네치킨 경주불국사점,굽네치킨,치킨,경상북도,경주시,1,0.387145,-0.627761,growth_alpha,0.1713804267150137,0
ba_14563145,2025-09,굽네치킨 경주불국사점,굽네치킨,치킨,경상북도,경주시,1,0.555963,-0.743237,growth_alpha,0.5734378504369655,1
ba_14564492,2025-08,본죽&비빔밥 대구신월성점,본그룹,백반·죽·국수,대구광역시,달서구,0,-0.033105,-0.343104,growth_alpha,0.435741561734188,1
ba_14564492,2025-09,본죽&비빔밥 대구신월성점,본그룹,백반·죽·국수,대구광역시,달서구,0,0.113752,-1.307796,growth_alpha,0.8095153455037498,1
ba_14569929,2025-08,굽네치킨 응암1호점,굽네치킨,치킨,서울특별시,은평구,0,0.0,-0.310001,growth_alpha,0.07292269975646822,0
ba_14569929,2025-09,굽네치킨 응암1호점,굽네치킨,치킨,서울특별시,은평구,0,0.0,-0.166312,growth_alpha,0.0728638745161833,0
ba_14573167,2025-08,본죽&비빔밥 파주금촌점,본그룹,백반·죽·국수,경기도,파주시,1,4.091752,-0.063104,growth_alpha,0.9208123772691217,1
ba_14573167,2025-09,본죽&비빔밥 파주금촌점,본그룹,백반·죽·국수,경기도,파주시,1,0.189997,-1.427793,growth_alpha,0.8516113558077016,1
ba_14574885,2025-08,본죽&비빔밥 청주분평점,본그룹,백반·죽·국수,충청북도,청주시,1,0.158788,-0.120247,growth_alpha,0.8630901571068393,1
ba_14574885,2025-09,본죽&비빔밥 청주분평점,본그룹,백반·죽·국수,충청북도,청주시,0,-0.11417,0.988663,growth_alpha,0.8749059303733695,1
ba_14575172,2025-08,굽네치킨 좌4동점,굽네치킨,치킨,부산광역시,해운대구,1,0.166391,-0.19378,growth_alpha,0.5448976368679068,1
ba_14575172,2025-09,굽네치킨 좌4동점,굽네치킨,치킨,부산광역시,해운대구,1,0.447253,-0.514228,growth_alpha,0.8590843697339754,1
ba_14578524,2025-08,굽네치킨 세천점,굽네치킨,치킨,대구광역시,달성군,1,0.146541,-0.260032,growth_alpha,0.6932504866709768,1
ba_14578524,2025-09,굽네치킨 세천점,굽네치킨,치킨,대구광역시,달성군,1,0.174119,-0.317762,growth_alpha,0.8172150490573749,1
ba_14580787,2025-08,본죽&비빔밥 광주운암벽산점,본그룹,백반·죽·국수,광주광역시,북구,1,1.293011,-0.268104,growth_alpha,0.39405320101978913,1
ba_14580787,2025-09,본죽&비빔밥 광주운암벽산점,본그룹,백반·죽·국수,광주광역시,북구,0,0.021023,-1.867793,growth_alpha,0.3809268067928578,1
ba_14581239,2025-08,굽네치킨 여좌중앙점,굽네치킨,치킨,경상남도,창원시,1,0.822872,-0.637229,growth_alpha,0.2772519675619517,0
ba_14581239,2025-09,굽네치킨 여좌중앙점,굽네치킨,치킨,경상남도,창원시,1,0.508988,-0.459186,growth_alpha,0.7346821293379621,1
ba_14581501,2025-08,본죽&비빔밥 동탄한림대병원점,본그룹,백반·죽·국수,경기도,화성시,1,11.567647,-0.143104,growth_alpha,0.39631345682233643,1
ba_14581501,2025-09,본죽&비빔밥 동탄한림대병원점,본그룹,백반·죽·국수,경기도,화성시,1,1.020884,-1.827793,growth_alpha,0.2471735312013812,0
ba_14582073,2025-08,굽네치킨 양주덕계점,굽네치킨,치킨,경기도,양주시,1,0.169768,2.327597,growth_alpha,0.7019124627440844,1
ba_14582073,2025-09,굽네치킨 양주덕계점,굽네치킨,치킨,경기도,양주시,0,-0.101642,0.570493,growth_alpha,0.8213211408870333,1
ba_14582508,2025-08,본죽 안산월피동점,본그룹,백반·죽·국수,경기도,안산시,0,-0.2,0.056896,growth_alpha,0.11319898129505286,0
ba_14582508,2025-09,본죽 안산월피동점,본그룹,백반·죽·국수,경기도,안산시,1,25.186667,-1.827793,growth_alpha,0.13133330464935913,0
ba_14591780,2025-08,굽네치킨&피자 금산읍점,굽네치킨,치킨,충청남도,금산군,0,-0.357259,-0.226064,growth_alpha,0.6135231348442319,1
ba_14591780,2025-09,굽네치킨&피자 금산읍점,굽네치킨,치킨,충청남도,금산군,0,-0.320134,-0.439961,growth_alpha,0.7303173661209375,1
ba_14593720,2025-08,굽네치킨&피자 무주읍점,굽네치킨,치킨,전북특별자치도,무주군,0,0.0059,0.14953,growth_alpha,0.4508872507519787,1
ba_14593720,2025-09,굽네치킨&피자 무주읍점,굽네치킨,치킨,전북특별자치도,무주군,0,0.063499,-0.317436,growth_alpha,0.6849270367436247,1
ba_14593798,2025-08,굽네치킨&피자 광주오포점,굽네치킨,치킨,경기도,광주시,1,0.347034,-0.002082,growth_alpha,0.3283051629578249,1
ba_14593798,2025-09,굽네치킨&피자 광주오포점,굽네치킨,치킨,경기도,광주시,1,0.510803,-0.667738,growth_alpha,0.6845582194318867,1
ba_14593800,2025-08,굽네피자 광주오포점,굽네치킨,피자,경기도,광주시,0,0.0,-0.008569,growth_alpha,0.8848481612177725,1
ba_14593800,2025-09,굽네피자 광주오포점,굽네치킨,피자,경기도,광주시,0,0.0,-0.230557,growth_alpha,0.321856499716418,1
ba_14594474,2025-08,본죽&비빔밥 광주계림동점,본그룹,백반·죽·국수,광주광역시,동구,1,1.138294,-0.253449,growth_alpha,0.5837212552516499,1
ba_14594474,2025-09,본죽&비빔밥 광주계림동점,본그룹,백반·죽·국수,광주광역시,동구,0,-0.079924,-1.95087,growth_alpha,0.6348205116510337,1
ba_14597164,2025-08,굽네치킨&피자 역삼2동점,굽네치킨,치킨,서울특별시,강남구,1,0.9739,0.037905,growth_alpha,0.6079332417322647,1
ba_14597164,2025-09,굽네치킨&피자 역삼2동점,굽네치킨,치킨,서울특별시,강남구,1,1.17665,-0.584003,growth_alpha,0.9513813001614702,1
ba_14597165,2025-08,굽네피자 역삼2동점,굽네치킨,피자,서울특별시,강남구,0,-0.703557,-0.796023,growth_alpha,0.1980250764936421,0
ba_14597165,2025-09,굽네피자 역삼2동점,굽네치킨,피자,서울특별시,강남구,0,-0.372066,-1.01449,growth_alpha,0.28518614708108275,0
ba_14598667,2025-08,본죽&비빔밥 조치원죽림점,본그룹,백반·죽·국수,세종특별자치시,조치원읍,0,-0.011765,-0.143104,growth_alpha,0.705882170071239,1
ba_14598667,2025-09,본죽&비빔밥 조치원죽림점,본그룹,백반·죽·국수,세종특별자치시,조치원읍,1,0.522323,-1.783349,growth_alpha,0.8084613153786748,1
ba_14599961,2025-08,굽네치킨 파주헤이리점,굽네치킨,치킨,경기도,파주시,0,-0.26195,0.767304,growth_alpha,0.4840963508698106,1
ba_14599961,2025-09,굽네치킨 파주헤이리점,굽네치킨,치킨,경기도,파주시,0,-0.189949,-0.537409,growth_alpha,0.6049604244651983,1
ba_14599973,2025-08,굽네치킨 파주법원점,굽네치킨,치킨,경기도,파주시,0,-0.312158,0.054348,growth_alpha,0.5124499386374897,1
ba_14599973,2025-09,굽네치킨 파주법원점,굽네치킨,치킨,경기도,파주시,0,-0.290993,-0.370082,growth_alpha,0.6673152045986509,1
ba_14600398,2025-08,굽네피자 여좌중앙점,굽네치킨,피자,경상남도,창원시,0,0.0,-0.108569,growth_alpha,0.16383936084946266,0
ba_14600398,2025-09,굽네피자 여좌중앙점,굽네치킨,피자,경상남도,창원시,0,0.0,-0.16389,growth_alpha,0.2813821661946897,0
ba_14600429,2025-08,굽네치킨&피자 김천부곡점,굽네치킨,치킨,경상북도,김천시,0,-0.323547,-0.240279,growth_alpha,0.5604731026321711,1
ba_14600429,2025-09,굽네치킨&피자 김천부곡점,굽네치킨,치킨,경상북도,김천시,0,-0.290786,-0.521459,growth_alpha,0.7768270412283366,1
ba_14603467,2025-08,본죽&비빔밥 천안불당점,본그룹,백반·죽·국수,충청남도,천안시,1,0.406403,-0.076437,growth_alpha,0.8666020825415083,1
ba_14603467,2025-09,본죽&비빔밥 천안불당점,본그룹,백반·죽·국수,충청남도,천안시,0,-0.309538,-1.742079,growth_alpha,0.8651822566165623,1
ba_14604237,2025-08,굽네치킨 울산다운점,굽네치킨,치킨,울산광역시,중구,0,0.043703,-0.022892,growth_alpha,0.777745472349443,1
ba_14604237,2025-09,굽네치킨 울산다운점,굽네치킨,치킨,울산광역시,중구,0,-0.0815,-0.140349,growth_alpha,0.8404060053290847,1
ba_14605018,2025-08,굽네피자 대구신매점,굽네치킨,피자,대구광역시,수성구,0,0.0,-0.108569,growth_alpha,0.1873001695561294,0
ba_14605018,2025-09,굽네피자 대구신매점,굽네치킨,피자,대구광역시,수성구,0,0.0,-0.16389,growth_alpha,0.31532704825719327,1
ba_14606315,2025-08,본죽&비빔밥 의정부범골역점,본그룹,백반·죽·국수,경기도,의정부시,0,-0.132237,0.556896,growth_alpha,0.7527407440730922,1
ba_14606315,2025-09,본죽&비빔밥 의정부범골역점,본그룹,백반·죽·국수,경기도,의정부시,0,-0.449701,4.290115,growth_alpha,0.41838397106016195,1
ba_14607412,2025-08,굽네치킨&피자 거북섬점,굽네치킨,치킨,경기도,시흥시,0,-0.045161,-0.205083,growth_alpha,0.29602272948686537,0
ba_14607412,2025-09,굽네치킨&피자 거북섬점,굽네치킨,치킨,경기도,시흥시,0,-0.096,-0.043731,growth_alpha,0.19486844155257982,0
ba_14613531,2025-08,본죽&비빔밥 백양산롯데캐슬점,본그룹,백반·죽·국수,부산광역시,부산진구,0,-0.127241,0.212452,growth_alpha,0.8132518804652398,1
ba_14613531,2025-09,본죽&비빔밥 백양산롯데캐슬점,본그룹,백반·죽·국수,부산광역시,부산진구,0,-0.347468,0.062155,growth_alpha,0.8125623164310093,1
ba_14615149,2025-08,굽네치킨&피자 강대효자점,굽네치킨,치킨,강원특별자치도,춘천시,0,-0.091925,-0.126668,growth_alpha,0.3375052683707,1
ba_14615149,2025-09,굽네치킨&피자 강대효자점,굽네치킨,치킨,강원특별자치도,춘천시,0,-0.112,-0.096042,growth_alpha,0.4640440732796861,1
ba_14615268,2025-08,굽네피자 효자점,굽네치킨,피자,강원특별자치도,춘천시,0,0.0,-0.108569,growth_alpha,0.20394804326432955,0
ba_14615268,2025-09,굽네피자 효자점,굽네치킨,피자,강원특별자치도,춘천시,0,0.0,-0.16389,growth_alpha,0.338613107450357,1
ba_14616721,2025-08,본죽&비빔밥 울산오토밸리점,본그룹,백반·죽·국수,울산광역시,북구,1,0.200267,-0.271675,growth_alpha,0.798750273010671,1
ba_14616721,2025-09,본죽&비빔밥 울산오토밸리점,본그룹,백반·죽·국수,울산광역시,북구,0,-0.03855,-0.157295,growth_alpha,0.8088850830494707,1
ba_14619205,2025-08,굽네치킨&피자 신현원창점,굽네치킨,치킨,인천광역시,서구,0,0.0,-0.310001,growth_alpha,0.04677566994388009,0
ba_14619205,2025-09,굽네치킨&피자 신현원창점,굽네치킨,치킨,인천광역시,서구,0,0.0,-0.166312,growth_alpha,0.04673687364663636,0
ba_14620216,2025-08,굽네치킨&피자 북아현점,굽네치킨,치킨,서울특별시,서대문구,0,-0.053012,-0.294417,growth_alpha,0.5178664939253619,1
ba_14620216,2025-09,굽네치킨&피자 북아현점,굽네치킨,치킨,서울특별시,서대문구,0,-0.033628,-0.166312,growth_alpha,0.6896300572270763,1
ba_14623314,2025-08,굽네치킨 충효점,굽네치킨,치킨,경상북도,경주시,0,-0.221975,-0.161295,growth_alpha,0.610469184533859,1
ba_14623314,2025-09,굽네치킨 충효점,굽네치킨,치킨,경상북도,경주시,0,-0.189481,-0.415788,growth_alpha,0.796627465236311,1
ba_14624475,2025-08,굽네치킨 고산지구점,굽네치킨,치킨,경기도,의정부시,0,0.0,-0.310001,growth_alpha,0.06471902398500425,0
ba_14624475,2025-09,굽네치킨 고산지구점,굽네치킨,치킨,경기도,의정부시,0,0.0,-0.166312,growth_alpha,0.06466635487456031,0
ba_14624480,2025-08,굽네피자 고산지구점,굽네치킨,피자,경기도,의정부시,0,0.0,-0.108569,growth_alpha,0.0970078833455211,0
ba_14624480,2025-09,굽네피자 고산지구점,굽네치킨,피자,경기도,의정부시,0,0.0,-0.16389,growth_alpha,0.09705433799188982,0
ba_14624481,2025-08,굽네치킨&피자 고산지구점,굽네치킨,치킨,경기도,의정부시,0,0.0,-0.310001,growth_alpha,0.0649351802888502,0
ba_14624481,2025-09,굽네치킨&피자 고산지구점,굽네치킨,치킨,경기도,의정부시,0,0.0,-0.166312,growth_alpha,0.0648823474711133,0
ba_14625157,2025-08,굽네치킨 금촌점,굽네치킨,치킨,경기도,파주시,0,-0.016676,-0.263472,growth_alpha,0.6796880420634936,1
ba_14625157,2025-09,굽네치킨 금촌점,굽네치킨,치킨,경기도,파주시,0,-0.048739,-0.338894,growth_alpha,0.7792346926097489,1
ba_14625762,2025-08,본죽&비빔밥 익산부송우남점,본그룹,백반·죽·국수,전북특별자치도,익산시,0,-0.129625,0.016896,growth_alpha,0.8145858021568851,1
ba_14625762,2025-09,본죽&비빔밥 익산부송우남점,본그룹,백반·죽·국수,전북특별자치도,익산시,0,-0.381552,1.095064,growth_alpha,0.8186212790133285,1
ba_14627570,2025-08,본죽&비빔밥 김해안동푸르지오점,본그룹,백반·죽·국수,경상남도,김해시,0,-0.05346,-0.052195,growth_alpha,0.8730274750434119,1
ba_14627570,2025-09,본죽&비빔밥 김해안동푸르지오점,본그룹,백반·죽·국수,경상남도,김해시,1,0.229064,1.759563,growth_alpha,0.695140415020728,1
ba_14629153,2025-08,굽네치킨&피자 합천점,굽네치킨,치킨,경상남도,합천군,0,0.00252,0.279393,growth_alpha,0.10990210805794032,0
ba_14629153,2025-09,굽네치킨&피자 합천점,굽네치킨,치킨,경상남도,합천군,1,0.262241,-0.238179,growth_alpha,0.2063956789042495,0
ba_14629813,2025-08,굽네치킨 용인모현점,굽네치킨,치킨,경기도,용인시,0,0.0,-0.310001,growth_alpha,0.05759090169340083,0
ba_14629813,2025-09,굽네치킨 용인모현점,굽네치킨,치킨,경기도,용인시,0,0.0,-0.166312,growth_alpha,0.05754367662686827,0
ba_14629814,2025-08,굽네피자 용인모현점,굽네치킨,피자,경기도,용인시,0,0.0,-0.108569,growth_alpha,0.09516924320909113,0
ba_14629814,2025-09,굽네피자 용인모현점,굽네치킨,피자,경기도,용인시,0,0.0,-0.16389,growth_alpha,0.09521491021774876,0
ba_14629918,2025-08,굽네치킨 양지동점,굽네치킨,치킨,경기도,성남시,1,0.672581,-0.089507,growth_alpha,0.35594720919555617,1
ba_14629918,2025-09,굽네치킨 양지동점,굽네치킨,치킨,경기도,성남시,0,-0.422463,0.90374,growth_alpha,0.584823730889602,1
ba_14629919,2025-08,굽네피자 양지동점,굽네치킨,피자,경기도,성남시,0,-0.8,-0.576953,growth_alpha,0.20266419506271557,0
ba_14629919,2025-09,굽네피자 양지동점,굽네치킨,피자,경기도,성남시,0,0.0,-1.16389,growth_alpha,0.33932269419133193,1
ba_14637553,2025-08,굽네치킨&피자 양지동점,굽네치킨,치킨,경기도,성남시,0,-0.191228,-0.684341,growth_alpha,0.5001359769695185,1
ba_14637553,2025-09,굽네치킨&피자 양지동점,굽네치킨,치킨,경기도,성남시,0,-0.072893,-0.497071,growth_alpha,0.6479617828048917,1
ba_14637963,2025-08,굽네치킨 영덕영해점,굽네치킨,치킨,경상북도,영덕군,0,-0.099984,-0.182836,growth_alpha,0.14640909868662774,0
ba_14637963,2025-09,굽네치킨 영덕영해점,굽네치킨,치킨,경상북도,영덕군,0,-0.194104,-0.23344,growth_alpha,0.26485534922693366,0
ba_14637964,2025-08,굽네피자 영덕영해점,굽네치킨,피자,경상북도,영덕군,0,0.0,-0.108569,growth_alpha,0.16567815865635932,0
ba_14637964,2025-09,굽네피자 영덕영해점,굽네치킨,피자,경상북도,영덕군,0,0.0,-0.16389,growth_alpha,0.284091958022908,0
ba_14640352,2025-08,본죽&비빔밥 광주삼각점,본그룹,백반·죽·국수,광주광역시,북구,0,0.027817,-0.028818,growth_alpha,0.8655676538788233,1
ba_14640352,2025-09,본죽&비빔밥 광주삼각점,본그룹,백반·죽·국수,광주광역시,북구,0,-0.206734,0.806409,growth_alpha,0.8575212761055929,1
ba_14642115,2025-08,굽네치킨 공도2호점,굽네치킨,치킨,경기도,안성시,0,0.0,-0.310001,growth_alpha,0.06384962324623854,0
ba_14642115,2025-09,굽네치킨 공도2호점,굽네치킨,치킨,경기도,안성시,0,0.0,-0.166312,growth_alpha,0.06379761340232623,0
ba_14643477,2025-08,본죽&비빔밥 대구신매시장점,본그룹,백반·죽·국수,대구광역시,수성구,0,-0.459747,-0.123104,growth_alpha,0.789703996868466,1
ba_14643477,2025-09,본죽&비빔밥 대구신매시장점,본그룹,백반·죽·국수,대구광역시,수성구,0,-0.414434,-0.798665,growth_alpha,0.8663700645212835,1
ba_14645179,2025-08,본죽&비빔밥 경산임당점,본그룹,백반·죽·국수,경상북도,경산시,0,-0.249058,-0.243104,growth_alpha,0.792202540472807,1
ba_14645179,2025-09,본죽&비빔밥 경산임당점,본그룹,백반·죽·국수,경상북도,경산시,0,-0.324602,-0.336231,growth_alpha,0.7887442924384628,1
ba_14647668,2025-08,본죽&비빔밥 인천간석홈플러스앞점,본그룹,백반·죽·국수,인천광역시,남동구,1,0.974729,-0.200247,growth_alpha,0.37840039851284096,1
ba_14647668,2025-09,본죽&비빔밥 인천간석홈플러스앞점,본그룹,백반·죽·국수,인천광역시,남동구,1,0.148884,4.210841,growth_alpha,0.7305219940740695,1
ba_14648765,2025-08,굽네치킨 서면가곡점,굽네치킨,치킨,전라남도,순천시,0,-0.090909,-0.347038,growth_alpha,0.2446414069631418,0
ba_14648765,2025-09,굽네치킨 서면가곡점,굽네치킨,치킨,전라남도,순천시,0,0.0,-0.255201,growth_alpha,0.5033466775828231,1
ba_14649303,2025-08,굽네치킨 계룡대실점,굽네치킨,치킨,충청남도,계룡시,0,0.011429,-0.343334,growth_alpha,0.15782863181480655,0
ba_14649303,2025-09,굽네치킨 계룡대실점,굽네치킨,치킨,충청남도,계룡시,0,-0.011429,-0.171868,growth_alpha,0.157708193923903,0
ba_14650120,2025-08,굽네치킨&피자 벌교읍점,굽네치킨,치킨,전라남도,보성군,0,0.0,-0.310001,growth_alpha,0.15018507463335198,0
ba_14650120,2025-09,굽네치킨&피자 벌교읍점,굽네치킨,치킨,전라남도,보성군,0,0.0,-0.166312,growth_alpha,0.2607194599113374,0
ba_14651431,2025-08,굽네피자 벌교읍점,굽네치킨,피자,전라남도,보성군,0,0.0,-0.108569,growth_alpha,0.2140951306187229,0
ba_14651431,2025-09,굽네피자 벌교읍점,굽네치킨,피자,전라남도,보성군,0,0.0,-0.16389,growth_alpha,0.35249343822812085,1
ba_14651464,2025-08,굽네피자 순천서면점,굽네치킨,피자,전라남도,순천시,0,0.0,-0.108569,growth_alpha,0.21161938423555754,0
ba_14651464,2025-09,굽네피자 순천서면점,굽네치킨,피자,전라남도,순천시,0,0.0,-0.16389,growth_alpha,0.3491282459196674,1
ba_14652311,2025-08,굽네치킨&피자 강남세곡점,굽네치킨,치킨,서울특별시,강남구,0,-0.261263,1.01291,growth_alpha,0.3459881174923553,1
ba_14652311,2025-09,굽네치킨&피자 강남세곡점,굽네치킨,치킨,서울특별시,강남구,0,-0.308845,-0.177299,growth_alpha,0.4355363615717073,1
ba_14652929,2025-08,굽네치킨 울산중앙점,굽네치킨,치킨,울산광역시,중구,0,-0.081832,0.709666,growth_alpha,0.7626058056457296,1
ba_14652929,2025-09,굽네치킨 울산중앙점,굽네치킨,치킨,울산광역시,중구,0,0.013013,-0.374784,growth_alpha,0.8554832339360274,1
ba_14653291,2025-08,굽네피자 울산중앙점,굽네치킨,피자,울산광역시,중구,0,-0.357524,-0.140148,growth_alpha,0.5055254125038464,1
ba_14653291,2025-09,굽네피자 울산중앙점,굽네치킨,피자,울산광역시,중구,0,-0.986316,-0.148505,growth_alpha,0.6951438157362189,1
ba_14654080,2025-08,굽네치킨 부산명장점,굽네치킨,치킨,부산광역시,동래구,0,-0.079856,0.798039,growth_alpha,0.7190976855759196,1
ba_14654080,2025-09,굽네치킨 부산명장점,굽네치킨,치킨,부산광역시,동래구,0,-0.267801,-0.252232,growth_alpha,0.8799687350729698,1
ba_14654803,2025-08,본죽&비빔밥 포항이인지구점,본그룹,백반·죽·국수,경상북도,포항시,1,0.387673,-0.160247,growth_alpha,0.8850631036896991,1
ba_14654803,2025-09,본죽&비빔밥 포항이인지구점,본그룹,백반·죽·국수,경상북도,포항시,0,0.045484,0.284773,growth_alpha,0.8790122737979186,1
ba_14658160,2025-08,굽네치킨&피자 대구옥포점,굽네치킨,치킨,대구광역시,달성군,1,0.345434,-0.25655,growth_alpha,0.2195680079203292,0
ba_14658160,2025-09,굽네치킨&피자 대구옥포점,굽네치킨,치킨,대구광역시,달성군,1,0.235793,-0.3735,growth_alpha,0.6838472372786113,1
ba_14658825,2025-08,굽네치킨 문학점,굽네치킨,치킨,인천광역시,미추홀구,0,-0.30979,2.058204,growth_alpha,0.7841362894023362,1
ba_14658825,2025-09,굽네치킨 문학점,굽네치킨,치킨,인천광역시,미추홀구,0,-0.53396,0.433662,growth_alpha,0.8116711891625189,1
ba_14662462,2025-08,굽네치킨 광탄점,굽네치킨,치킨,경기도,파주시,0,-0.004741,-0.001541,growth_alpha,0.24050351678420048,0
ba_14662462,2025-09,굽네치킨 광탄점,굽네치킨,치킨,경기도,파주시,0,-0.021483,-0.119569,growth_alpha,0.27646814545781684,0
ba_14662547,2025-08,굽네치킨 신사우점,굽네치킨,치킨,강원특별자치도,춘천시,0,-0.366135,0.057435,growth_alpha,0.4888939748452053,1
ba_14662547,2025-09,굽네치킨 신사우점,굽네치킨,치킨,강원특별자치도,춘천시,0,-0.252724,-0.407384,growth_alpha,0.6159955540424278,1
ba_14662584,2025-08,굽네치킨&피자 광주퇴촌점,굽네치킨,치킨,경기도,광주시,0,0.0,-0.310001,growth_alpha,0.060954287486867695,0
ba_14662584,2025-09,굽네치킨&피자 광주퇴촌점,굽네치킨,치킨,경기도,광주시,0,0.0,-0.166312,growth_alpha,0.0609044826531987,0
ba_14663126,2025-08,굽네치킨 통영죽림점,굽네치킨,치킨,경상남도,통영시,0,-0.298726,-0.141049,growth_alpha,0.48086302836046263,1
ba_14663126,2025-09,굽네치킨 통영죽림점,굽네치킨,치킨,경상남도,통영시,0,-0.369916,-0.120962,growth_alpha,0.6460181063154602,1
ba_14663534,2025-08,굽네치킨 포항용흥점,굽네치킨,치킨,경상북도,포항시,1,1.352843,-0.780867,growth_alpha,0.1444517333864042,0
ba_14663534,2025-09,굽네치킨 포항용흥점,굽네치킨,치킨,경상북도,포항시,1,11.602258,-0.84369,growth_alpha,0.5826121265513573,1
ba_14665998,2025-08,본죽&비빔밥 오금동사거리점,본그룹,백반·죽·국수,서울특별시,송파구,1,0.176599,-0.343104,growth_alpha,0.4314144255886973,1
ba_14665998,2025-09,본죽&비빔밥 오금동사거리점,본그룹,백반·죽·국수,서울특별시,송파구,0,-0.048585,1.670491,growth_alpha,0.3845720772411816,1
ba_14666363,2025-08,굽네치킨 충남태안점,굽네치킨,치킨,충청남도,태안군,1,0.448144,0.049108,growth_alpha,0.45205222674900614,1
ba_14666363,2025-09,굽네치킨 충남태안점,굽네치킨,치킨,충청남도,태안군,1,13.606715,-0.924928,growth_alpha,0.6456603614703856,1
ba_14668967,2025-08,굽네피자 신사우점,굽네치킨,피자,강원특별자치도,춘천시,0,0.0,-0.908569,growth_alpha,0.19096062056163476,0
ba_14668967,2025-09,굽네피자 신사우점,굽네치킨,피자,강원특별자치도,춘천시,0,0.0,-0.16389,growth_alpha,0.31659729939744335,1
ba_14669107,2025-08,굽네치킨 의정부용현점,굽네치킨,치킨,경기도,의정부시,0,-0.394047,3.361104,growth_alpha,0.8108471483791085,1
ba_14669107,2025-09,굽네치킨 의정부용현점,굽네치킨,치킨,경기도,의정부시,0,-0.59597,0.745239,growth_alpha,0.8242827970253335,1
ba_14669108,2025-08,굽네피자 의정부용현점,굽네치킨,피자,경기도,의정부시,0,-0.559276,0.091431,growth_alpha,0.6025180928811796,1
ba_14669108,2025-09,굽네피자 의정부용현점,굽네치킨,피자,경기도,의정부시,0,-0.726793,-0.021033,growth_alpha,0.32216374726782193,1
ba_14669109,2025-08,굽네치킨&피자 의정부용현점,굽네치킨,치킨,경기도,의정부시,1,0.908019,-0.106056,growth_alpha,0.657024408395807,1
ba_14669109,2025-09,굽네치킨&피자 의정부용현점,굽네치킨,치킨,경기도,의정부시,1,0.378067,-0.141069,growth_alpha,0.8288229213308346,1
ba_14671483,2025-08,굽네치킨 영천중앙점,굽네치킨,치킨,경상북도,영천시,0,0.027824,-0.351833,growth_alpha,0.7391973634294524,1
ba_14671483,2025-09,굽네치킨 영천중앙점,굽네치킨,치킨,경상북도,영천시,0,-0.126784,-0.432474,growth_alpha,0.8219774834775812,1
ba_14671490,2025-08,굽네피자 영천중앙점,굽네치킨,피자,경상북도,영천시,0,-0.178788,0.496396,growth_alpha,0.5273902431403856,1
ba_14671490,2025-09,굽네피자 영천중앙점,굽네치킨,피자,경상북도,영천시,0,-0.340197,-0.262722,growth_alpha,0.6161508374772241,1
ba_14671974,2025-08,굽네피자 부산동삼점,굽네치킨,피자,부산광역시,영도구,0,-0.256665,-0.110135,growth_alpha,0.20268588215258618,0
ba_14671974,2025-09,굽네피자 부산동삼점,굽네치킨,피자,부산광역시,영도구,0,-0.295723,-0.446573,growth_alpha,0.7281247955310178,1
ba_14673431,2025-08,굽네치킨 부산온천점,굽네치킨,치킨,부산광역시,동래구,1,0.19595,-0.314838,growth_alpha,0.36332608406041417,1
ba_14673431,2025-09,굽네치킨 부산온천점,굽네치킨,치킨,부산광역시,동래구,0,-0.187993,-0.198557,growth_alpha,0.6690762692175451,1
ba_14673434,2025-08,굽네치킨 죽도점,굽네치킨,치킨,경상북도,포항시,1,0.312244,-0.116501,growth_alpha,0.8196867031445347,1
ba_14673434,2025-09,굽네치킨 죽도점,굽네치킨,치킨,경상북도,포항시,0,-0.106483,0.279413,growth_alpha,0.8817735267455084,1
ba_14673508,2025-08,본죽&비빔밥 고덕래미안점,본그룹,백반·죽·국수,서울특별시,강동구,0,-0.38545,0.056896,growth_alpha,0.7998178878761091,1
ba_14673508,2025-09,본죽&비빔밥 고덕래미안점,본그룹,백반·죽·국수,서울특별시,강동구,0,-0.514386,0.016151,growth_alpha,0.41539435317500534,1
ba_14675307,2025-08,굽네치킨 운남점,굽네치킨,치킨,인천광역시,중구,1,0.17025,-0.121989,growth_alpha,0.2205196501033908,0
ba_14675307,2025-09,굽네치킨 운남점,굽네치킨,치킨,인천광역시,중구,1,1.434489,-0.783416,growth_alpha,0.6098982954356345,1
ba_14675393,2025-08,굽네치킨 적성점,굽네치킨,치킨,경기도,파주시,0,-0.132589,-0.583577,growth_alpha,0.24995417811578713,0
ba_14675393,2025-09,굽네치킨 적성점,굽네치킨,치킨,경기도,파주시,0,-0.010364,-0.729123,growth_alpha,0.32395951770838344,1
ba_14679019,2025-08,굽네치킨 울산반구점,굽네치킨,치킨,울산광역시,중구,0,-0.051047,1.439334,growth_alpha,0.9687488008235052,1
ba_14679019,2025-09,굽네치킨 울산반구점,굽네치킨,치킨,울산광역시,중구,0,-0.246105,0.096436,growth_alpha,0.9636651107770574,1
ba_14680684,2025-08,굽네피자 부산온천점,굽네치킨,피자,부산광역시,동래구,0,0.0,-0.108569,growth_alpha,0.20070671423041794,0
ba_14680684,2025-09,굽네피자 부산온천점,굽네치킨,피자,부산광역시,동래구,0,0.0,-0.16389,growth_alpha,0.3341298807155685,1
ba_14681358,2025-08,굽네치킨 시흥능곡점,굽네치킨,치킨,경기도,시흥시,0,0.0,-0.310001,growth_alpha,0.06217777131275358,0
ba_14681358,2025-09,굽네치킨 시흥능곡점,굽네치킨,치킨,경기도,시흥시,0,0.0,-0.166312,growth_alpha,0.06212703292807146,0
ba_14685750,2025-08,"굽네치킨 개금1,2동점",굽네치킨,치킨,부산광역시,부산진구,0,0.105399,0.026008,growth_alpha,0.31036505914075013,1
ba_14685750,2025-09,"굽네치킨 개금1,2동점",굽네치킨,치킨,부산광역시,부산진구,1,1.402343,-0.759178,growth_alpha,0.8063989975343167,1
ba_14686856,2025-08,본죽&비빔밥 부산만덕사거리점,본그룹,백반·죽·국수,부산광역시,북구,0,0.022222,-0.230604,growth_alpha,0.2804199502974226,0
ba_14686856,2025-09,본죽&비빔밥 부산만덕사거리점,본그룹,백반·죽·국수,부산광역시,북구,1,61.760431,-1.873248,growth_alpha,0.34053099359363315,1
ba_14686990,2025-08,본죽 문정로데오점,본그룹,백반·죽·국수,서울특별시,송파구,0,-0.231644,-0.076437,growth_alpha,0.49121139669609265,1
ba_14686990,2025-09,본죽 문정로데오점,본그룹,백반·죽·국수,서울특별시,송파구,0,-0.32398,-1.05299,growth_alpha,0.5154658255858416,1
ba_14686997,2025-08,본죽 삼전동점,본그룹,백반·죽·국수,서울특별시,송파구,0,0.027121,-0.029019,growth_alpha,0.9993662702463141,1
ba_14686997,2025-09,본죽 삼전동점,본그룹,백반·죽·국수,서울특별시,송파구,0,-0.185728,0.469531,growth_alpha,0.9987431796322463,1
ba_14687060,2025-08,본죽&비빔밥 천호로데오점,본그룹,백반·죽·국수,서울특별시,강동구,0,-0.779455,-0.0394,growth_alpha,0.7865391220530783,1
ba_14687060,2025-09,본죽&비빔밥 천호로데오점,본그룹,백반·죽·국수,서울특별시,강동구,0,-0.205607,-1.718104,growth_alpha,0.7767539920140719,1
ba_14687076,2025-08,본죽 양천구청점,본그룹,백반·죽·국수,서울특별시,양천구,0,-0.013793,-0.186347,growth_alpha,0.27863335822614704,0
ba_14687076,2025-09,본죽 양천구청점,본그룹,백반·죽·국수,서울특별시,양천구,0,-0.04,-1.856364,growth_alpha,0.31211257030834927,1
ba_14687088,2025-08,본죽 길동시장점,본그룹,백반·죽·국수,서울특별시,강동구,0,0.065386,-0.15932,growth_alpha,0.7259528353907656,1
ba_14687088,2025-09,본죽 길동시장점,본그룹,백반·죽·국수,서울특별시,강동구,0,-0.219564,0.691901,growth_alpha,0.6609610997256339,1
ba_14687092,2025-08,본죽 동부이촌동점,본그룹,백반·죽·국수,서울특별시,용산구,0,0.028032,-0.000247,growth_alpha,0.680179504190127,1
ba_14687092,2025-09,본죽 동부이촌동점,본그룹,백반·죽·국수,서울특별시,용산구,0,-0.343861,0.751847,growth_alpha,0.9046218298885047,1
ba_14687115,2025-08,본죽 강서구청점,본그룹,백반·죽·국수,서울특별시,강서구,1,0.282369,-0.185209,growth_alpha,0.972507790769878,1
ba_14687115,2025-09,본죽 강서구청점,본그룹,백반·죽·국수,서울특별시,강서구,1,0.238219,-0.38791,growth_alpha,0.8468000148230327,1
ba_14687119,2025-08,본죽 성균관대점,본그룹,백반·죽·국수,서울특별시,종로구,1,0.280753,0.136896,growth_alpha,0.9475542623128386,1
ba_14687119,2025-09,본죽 성균관대점,본그룹,백반·죽·국수,서울특별시,종로구,0,-0.0399,2.187608,growth_alpha,0.9446009855012668,1
ba_14687134,2025-08,본죽 만리점,본그룹,백반·죽·국수,서울특별시,중구,1,0.334857,-0.066181,growth_alpha,0.7311086470178731,1
ba_14687134,2025-09,본죽 만리점,본그룹,백반·죽·국수,서울특별시,중구,0,-0.115422,-1.898063,growth_alpha,0.775417902681873,1
ba_14687136,2025-08,본죽 서울백병원점,본그룹,백반·죽·국수,서울특별시,중구,0,-0.335696,-0.209771,growth_alpha,0.59593868404892,1
ba_14687136,2025-09,본죽 서울백병원점,본그룹,백반·죽·국수,서울특별시,중구,0,-0.443538,1.604371,growth_alpha,0.5534028742577879,1
ba_14687137,2025-08,본죽&비빔밥 명동점,본그룹,백반·죽·국수,서울특별시,중구,1,2.425328,0.656896,growth_alpha,0.3553613451921706,1
ba_14687137,2025-09,본죽&비빔밥 명동점,본그룹,백반·죽·국수,서울특별시,중구,1,1.840807,3.071161,growth_alpha,0.434998210331359,1
ba_14687166,2025-08,본죽&비빔밥 등촌공항대로점,본그룹,백반·죽·국수,서울특별시,강서구,1,0.636386,0.175415,growth_alpha,0.9054441959669878,1
ba_14687166,2025-09,본죽&비빔밥 등촌공항대로점,본그룹,백반·죽·국수,서울특별시,강서구,1,0.287741,1.905389,growth_alpha,0.9208659077837025,1
ba_14687296,2025-08,본죽&비빔밥 봉일시장점,본그룹,백반·죽·국수,서울특별시,관악구,0,0.022222,-0.171045,growth_alpha,0.7452778143060904,1
ba_14687296,2025-09,본죽&비빔밥 봉일시장점,본그룹,백반·죽·국수,서울특별시,관악구,1,1.117819,-1.786471,growth_alpha,0.9558600589311033,1
ba_14687304,2025-08,본죽&비빔밥 관악우체국점,본그룹,백반·죽·국수,서울특별시,관악구,0,0.0,-0.143104,growth_alpha,0.38368438742955147,1
ba_14687304,2025-09,본죽&비빔밥 관악우체국점,본그룹,백반·죽·국수,서울특별시,관악구,0,0.0,-1.827793,growth_alpha,0.38582092524199685,1
ba_14687307,2025-08,본죽&비빔밥 봉천현대시장점,본그룹,백반·죽·국수,서울특별시,관악구,0,0.030801,0.023563,growth_alpha,0.6106691964836388,1
ba_14687307,2025-09,본죽&비빔밥 봉천현대시장점,본그룹,백반·죽·국수,서울특별시,관악구,0,-0.041265,0.286265,growth_alpha,0.5396979523185376,1
ba_14687310,2025-08,본죽&비빔밥 가산디지털점,본그룹,백반·죽·국수,서울특별시,금천구,1,0.130738,-0.152195,growth_alpha,0.873188565788055,1
ba_14687310,2025-09,본죽&비빔밥 가산디지털점,본그룹,백반·죽·국수,서울특별시,금천구,0,-0.123284,0.534228,growth_alpha,0.8775652270219347,1
ba_14687315,2025-08,본죽&비빔밥 뚝섬유원지역점,본그룹,백반·죽·국수,서울특별시,광진구,1,0.368266,-0.070377,growth_alpha,0.7593280345233764,1
ba_14687315,2025-09,본죽&비빔밥 뚝섬유원지역점,본그룹,백반·죽·국수,서울특별시,광진구,0,0.032175,2.648504,growth_alpha,0.7451085735207713,1
ba_14687318,2025-08,본죽&비빔밥 독산정훈단지점,본그룹,백반·죽·국수,서울특별시,금천구,1,0.189516,0.376896,growth_alpha,0.9721225116672498,1
ba_14687318,2025-09,본죽&비빔밥 독산정훈단지점,본그룹,백반·죽·국수,서울특별시,금천구,0,-0.211111,1.746794,growth_alpha,0.9685457254404356,1
ba_14687322,2025-08,본죽&비빔밥 구의시장점,본그룹,백반·죽·국수,서울특별시,광진구,1,0.752753,-0.219294,growth_alpha,0.8705034649620919,1
ba_14687322,2025-09,본죽&비빔밥 구의시장점,본그룹,백반·죽·국수,서울특별시,광진구,1,0.454834,0.62413,growth_alpha,0.8744816855792401,1
ba_14687323,2025-08,본죽&비빔밥 관악구청점,본그룹,백반·죽·국수,서울특별시,관악구,1,0.322392,-0.06942,growth_alpha,0.5581224456655529,1
ba_14687323,2025-09,본죽&비빔밥 관악구청점,본그룹,백반·죽·국수,서울특별시,관악구,1,0.215389,0.036715,growth_alpha,0.5514378493359348,1
ba_14687326,2025-08,본죽&비빔밥 개봉점,본그룹,백반·죽·국수,서울특별시,구로구,1,0.29972,0.061151,growth_alpha,0.9754756120410967,1
ba_14687326,2025-09,본죽&비빔밥 개봉점,본그룹,백반·죽·국수,서울특별시,구로구,0,-0.01843,1.300503,growth_alpha,0.9759383005923307,1
ba_14687327,2025-08,본죽&비빔밥 시흥사거리점,본그룹,백반·죽·국수,서울특별시,금천구,0,-0.193272,-0.077887,growth_alpha,0.9432257919145712,1
ba_14687327,2025-09,본죽&비빔밥 시흥사거리점,본그룹,백반·죽·국수,서울특별시,금천구,0,-0.200361,-0.642548,growth_alpha,0.9329153241595496,1
ba_14687333,2025-08,본죽&비빔밥 석계역점,본그룹,백반·죽·국수,서울특별시,노원구,0,0.074788,-0.087104,growth_alpha,0.9723349205660654,1
ba_14687333,2025-09,본죽&비빔밥 석계역점,본그룹,백반·죽·국수,서울특별시,노원구,0,-0.12447,1.486441,growth_alpha,0.9761294421475918,1
ba_14687334,2025-08,본죽&비빔밥 고척근린공원점,본그룹,백반·죽·국수,서울특별시,구로구,0,0.0,-0.143104,growth_alpha,0.4002689544752349,1
ba_14687334,2025-09,본죽&비빔밥 고척근린공원점,본그룹,백반·죽·국수,서울특별시,구로구,0,0.0,-1.827793,growth_alpha,0.4024375404908627,1
ba_14687335,2025-08,본죽&비빔밥 광운대역점,본그룹,백반·죽·국수,서울특별시,노원구,1,0.224824,-0.073421,growth_alpha,0.9939886258966976,1
ba_14687335,2025-09,본죽&비빔밥 광운대역점,본그룹,백반·죽·국수,서울특별시,노원구,0,-0.143703,2.323931,growth_alpha,0.9929982914908403,1
ba_14687340,2025-08,본죽&비빔밥 방학역점,본그룹,백반·죽·국수,서울특별시,도봉구,1,0.21413,-0.128179,growth_alpha,0.9510107212353837,1
ba_14687340,2025-09,본죽&비빔밥 방학역점,본그룹,백반·죽·국수,서울특별시,도봉구,0,0.014451,0.852664,growth_alpha,0.9479913990185063,1
ba_14687341,2025-08,본죽&비빔밥 봉천역점,본그룹,백반·죽·국수,서울특별시,관악구,0,-0.150247,-0.207104,growth_alpha,0.8420669970890688,1
ba_14687341,2025-09,본죽&비빔밥 봉천역점,본그룹,백반·죽·국수,서울특별시,관악구,0,-0.144443,-0.345076,growth_alpha,0.8389957945614012,1
ba_14687344,2025-08,본죽&비빔밥 쌍문점,본그룹,백반·죽·국수,서울특별시,도봉구,1,0.621452,2.336896,growth_alpha,0.9976670075348686,1
ba_14687344,2025-09,본죽&비빔밥 쌍문점,본그룹,백반·죽·국수,서울특별시,도봉구,0,0.11354,4.272854,growth_alpha,0.9973878193449901,1
ba_14687347,2025-08,본죽&비빔밥 둔촌보훈병원점,본그룹,백반·죽·국수,서울특별시,강동구,0,-0.2,-0.319104,growth_alpha,0.4024063925480256,1
ba_14687347,2025-09,본죽&비빔밥 둔촌보훈병원점,본그룹,백반·죽·국수,서울특별시,강동구,0,0.0,-2.027793,growth_alpha,0.40440230750905265,1
ba_14687350,2025-08,본죽&비빔밥 구로구청점,본그룹,백반·죽·국수,서울특별시,구로구,0,-0.086015,-0.066788,growth_alpha,0.9975818022621603,1
ba_14687350,2025-09,본죽&비빔밥 구로구청점,본그룹,백반·죽·국수,서울특별시,구로구,0,-0.209916,0.184865,growth_alpha,0.9936625522818734,1
ba_14687354,2025-08,본죽&비빔밥 신도림점,본그룹,백반·죽·국수,서울특별시,구로구,0,-0.048716,-0.162152,growth_alpha,0.8515657868672316,1
ba_14687354,2025-09,본죽&비빔밥 신도림점,본그룹,백반·죽·국수,서울특별시,구로구,0,-0.261884,-0.052248,growth_alpha,0.8027906949877389,1
ba_14687365,2025-08,본죽&비빔밥 덕성여대점,본그룹,백반·죽·국수,서울특별시,도봉구,0,0.107586,-0.096045,growth_alpha,0.7413852841547834,1
ba_14687365,2025-09,본죽&비빔밥 덕성여대점,본그룹,백반·죽·국수,서울특별시,도봉구,0,-0.182516,0.935071,growth_alpha,0.7413662278315362,1
ba_14687368,2025-08,본죽&비빔밥 장안동점,본그룹,백반·죽·국수,서울특별시,동대문구,1,0.251237,-0.110451,growth_alpha,0.9839089352885284,1
ba_14687368,2025-09,본죽&비빔밥 장안동점,본그룹,백반·죽·국수,서울특별시,동대문구,0,-0.106295,1.922432,growth_alpha,0.973013719160962,1
ba_14687382,2025-08,본죽&비빔밥 노량진점,본그룹,백반·죽·국수,서울특별시,동작구,1,0.240145,0.010519,growth_alpha,0.9727810279006448,1
ba_14687382,2025-09,본죽&비빔밥 노량진점,본그룹,백반·죽·국수,서울특별시,동작구,0,-0.195077,2.234087,growth_alpha,0.9733493626443845,1
ba_14687388,2025-08,본죽&비빔밥 중곡사거리점,본그룹,백반·죽·국수,서울특별시,광진구,0,0.07907,-0.221977,growth_alpha,0.5113713092273903,1
ba_14687388,2025-09,본죽&비빔밥 중곡사거리점,본그룹,백반·죽·국수,서울특별시,광진구,1,60.277047,-1.786126,growth_alpha,0.6675328774733501,1
ba_14687493,2025-08,본죽&비빔밥 상암DMC점,본그룹,백반·죽·국수,서울특별시,마포구,1,0.2,-0.193104,growth_alpha,0.23572894016098353,0
ba_14687493,2025-09,본죽&비빔밥 상암DMC점,본그룹,백반·죽·국수,서울특별시,마포구,1,115.870435,-1.713507,growth_alpha,0.33910883234229655,1
ba_14687497,2025-08,본죽 대림점,본그룹,백반·죽·국수,서울특별시,동작구,0,-0.049219,-0.206262,growth_alpha,0.750178859677314,1
ba_14687497,2025-09,본죽 대림점,본그룹,백반·죽·국수,서울특별시,동작구,0,-0.146168,-0.680883,growth_alpha,0.49102878190042243,1
ba_14687859,2025-08,본죽&비빔밥 제기동역점,본그룹,백반·죽·국수,서울특별시,동대문구,0,0.0,-0.143104,growth_alpha,0.3918369798751318,1
ba_14687859,2025-09,본죽&비빔밥 제기동역점,본그룹,백반·죽·국수,서울특별시,동대문구,0,0.0,-1.827793,growth_alpha,0.39398989409833585,1
ba_14688075,2025-08,본죽 일산탄현점,본그룹,백반·죽·국수,경기도,고양시,0,0.046667,-0.243104,growth_alpha,0.44831468347053516,1
ba_14688075,2025-09,본죽 일산탄현점,본그룹,백반·죽·국수,경기도,고양시,1,67.22428,-1.97065,growth_alpha,0.43047859600866056,1
ba_14688086,2025-08,본죽&비빔밥 보라매점,본그룹,백반·죽·국수,서울특별시,동작구,1,0.596875,-0.130604,growth_alpha,0.8931713475388667,1
ba_14688086,2025-09,본죽&비빔밥 보라매점,본그룹,백반·죽·국수,서울특별시,동작구,0,-0.122359,-1.813507,growth_alpha,0.9074514287903389,1
ba_14688088,2025-08,본죽&비빔밥 대흥역점,본그룹,백반·죽·국수,서울특별시,마포구,0,0.04323,-0.074013,growth_alpha,0.9949956064124785,1
ba_14688088,2025-09,본죽&비빔밥 대흥역점,본그룹,백반·죽·국수,서울특별시,마포구,0,-0.338692,3.897188,growth_alpha,0.9867059671824395,1
ba_14688093,2025-08,본죽&비빔밥 상암하늘초교점,본그룹,백반·죽·국수,서울특별시,마포구,0,-0.071993,0.019396,growth_alpha,0.9053569736417042,1
ba_14688093,2025-09,본죽&비빔밥 상암하늘초교점,본그룹,백반·죽·국수,서울특별시,마포구,0,-0.261649,0.709255,growth_alpha,0.8879343962260862,1
ba_14688094,2025-08,본죽 군포지샘병원점,본그룹,백반·죽·국수,경기도,군포시,1,0.515324,0.056896,growth_alpha,0.8746901086223791,1
ba_14688094,2025-09,본죽 군포지샘병원점,본그룹,백반·죽·국수,경기도,군포시,0,-0.003665,1.803138,growth_alpha,0.896742752657127,1
ba_14688100,2025-08,본죽 구리수택점,본그룹,백반·죽·국수,경기도,구리시,1,0.350116,-0.09695,growth_alpha,0.95524279090753,1
ba_14688100,2025-09,본죽 구리수택점,본그룹,백반·죽·국수,경기도,구리시,0,-0.22073,3.112735,growth_alpha,0.959254957303889,1
ba_14688108,2025-08,본죽&비빔밥 중앙대점,본그룹,백반·죽·국수,서울특별시,동작구,0,0.065262,0.02275,growth_alpha,0.9595825522344746,1
ba_14688108,2025-09,본죽&비빔밥 중앙대점,본그룹,백반·죽·국수,서울특별시,동작구,0,-0.090529,0.315006,growth_alpha,0.9562344263323954,1
ba_14688114,2025-08,본죽&비빔밥 신촌점,본그룹,백반·죽·국수,서울특별시,서대문구,0,0.09556,0.546127,growth_alpha,0.9991261514366888,1
ba_14688114,2025-09,본죽&비빔밥 신촌점,본그룹,백반·죽·국수,서울특별시,서대문구,0,-0.150916,2.038239,growth_alpha,0.997649157907015,1
ba_14688115,2025-08,본죽 산본사거리점,본그룹,백반·죽·국수,경기도,군포시,0,0.0,-0.143104,growth_alpha,0.23971986529782854,0
ba_14688115,2025-09,본죽 산본사거리점,본그룹,백반·죽·국수,경기도,군포시,0,0.0,-1.827793,growth_alpha,0.24136869660094595,0
ba_14688173,2025-08,본죽 구리인창아름마을점,본그룹,백반·죽·국수,경기도,구리시,1,0.302004,-0.233104,growth_alpha,0.9037483061150916,1
ba_14688173,2025-09,본죽 구리인창아름마을점,본그룹,백반·죽·국수,경기도,구리시,1,0.291756,-0.221531,growth_alpha,0.8391830081821128,1
ba_14688176,2025-08,본죽&비빔밥 옥수점,본그룹,백반·죽·국수,서울특별시,성동구,1,0.161793,-0.132578,growth_alpha,0.7010381409616278,1
ba_14688176,2025-09,본죽&비빔밥 옥수점,본그룹,백반·죽·국수,서울특별시,성동구,0,-0.181223,1.833341,growth_alpha,0.6656199545157531,1
ba_14688180,2025-08,본죽&비빔밥 왕십리뉴타운점,본그룹,백반·죽·국수,서울특별시,성동구,0,0.108215,-0.003378,growth_alpha,0.9719103608937234,1
ba_14688180,2025-09,본죽&비빔밥 왕십리뉴타운점,본그룹,백반·죽·국수,서울특별시,성동구,0,-0.251439,1.321873,growth_alpha,0.9828904940448548,1
ba_14688182,2025-08,본죽 수내푸른마을점,본그룹,백반·죽·국수,경기도,성남시,1,0.186667,-0.166633,growth_alpha,0.7433737498466525,1
ba_14688182,2025-09,본죽 수내푸른마을점,본그룹,백반·죽·국수,경기도,성남시,1,1.392497,-1.720101,growth_alpha,0.8980009378510208,1
ba_14688192,2025-08,본죽 성남신흥동점,본그룹,백반·죽·국수,경기도,성남시,0,-0.05283,-0.107548,growth_alpha,0.143529499185141,0
ba_14688192,2025-09,본죽 성남신흥동점,본그룹,백반·죽·국수,경기도,성남시,1,133.752145,-1.799222,growth_alpha,0.1460399448165829,0
ba_14688196,2025-08,본죽 홍제점,본그룹,백반·죽·국수,서울특별시,서대문구,0,0.021635,-0.256829,growth_alpha,0.7349736517004032,1
ba_14688196,2025-09,본죽 홍제점,본그룹,백반·죽·국수,서울특별시,서대문구,0,-0.220331,3.373251,growth_alpha,0.8679306552745543,1
ba_14688197,2025-08,본죽 인왕산점,본그룹,백반·죽·국수,서울특별시,서대문구,1,0.689343,0.156896,growth_alpha,0.9242545488138995,1
ba_14688197,2025-09,본죽 인왕산점,본그룹,백반·죽·국수,서울특별시,서대문구,1,0.191675,5.623827,growth_alpha,0.932640453006147,1
ba_14688207,2025-08,본죽 이대점,본그룹,백반·죽·국수,서울특별시,서대문구,1,0.390215,-0.05739,growth_alpha,0.47196671006735247,1
ba_14688207,2025-09,본죽 이대점,본그룹,백반·죽·국수,서울특별시,서대문구,0,-0.007589,1.219675,growth_alpha,0.5130948981951473,1
ba_14688233,2025-08,본죽&비빔밥 수원오목천점,본그룹,백반·죽·국수,경기도,수원시,1,3.231108,-0.023104,growth_alpha,0.5915188229781024,1
ba_14688233,2025-09,본죽&비빔밥 수원오목천점,본그룹,백반·죽·국수,경기도,수원시,1,0.322975,-1.552793,growth_alpha,0.6825067461315268,1
ba_14688336,2025-08,본죽&비빔밥 고려대점,본그룹,백반·죽·국수,서울특별시,성북구,0,0.052308,-0.178547,growth_alpha,0.78410246247213,1
ba_14688336,2025-09,본죽&비빔밥 고려대점,본그룹,백반·죽·국수,서울특별시,성북구,1,1.437812,-1.847237,growth_alpha,0.9624675778479932,1
ba_14688337,2025-08,본죽&비빔밥 장위뉴타운점,본그룹,백반·죽·국수,서울특별시,성북구,1,0.48881,-0.128818,growth_alpha,0.8627165641187193,1
ba_14688337,2025-09,본죽&비빔밥 장위뉴타운점,본그룹,백반·죽·국수,서울특별시,성북구,0,-0.003527,1.851899,growth_alpha,0.848940277347303,1
ba_14688338,2025-08,본죽 부천대성병원점,본그룹,백반·죽·국수,경기도,부천시,0,-0.586839,-0.023104,growth_alpha,0.7351559564243142,1
ba_14688338,2025-09,본죽 부천대성병원점,본그룹,백반·죽·국수,경기도,부천시,0,-1.0,6.0153,growth_alpha,0.48719274664705176,1
ba_14688345,2025-08,본죽 수원화서위브하늘채점,본그룹,백반·죽·국수,경기도,수원시,1,1.2,-0.303104,growth_alpha,0.1125224332054547,0
ba_14688345,2025-09,본죽 수원화서위브하늘채점,본그룹,백반·죽·국수,경기도,수원시,1,0.133333,-1.827793,growth_alpha,0.26861007658563407,0
ba_14688363,2025-08,본죽&비빔밥 목동역점,본그룹,백반·죽·국수,서울특별시,양천구,0,-0.513945,-0.065326,growth_alpha,0.9204089504296235,1
ba_14688363,2025-09,본죽&비빔밥 목동역점,본그룹,백반·죽·국수,서울특별시,양천구,0,-0.732264,1.243467,growth_alpha,0.9013795507193648,1
ba_14688371,2025-08,본죽&비빔밥 목동사거리점,본그룹,백반·죽·국수,서울특별시,양천구,1,0.350907,0.009277,growth_alpha,0.9279493055312155,1
ba_14688371,2025-09,본죽&비빔밥 목동사거리점,본그룹,백반·죽·국수,서울특별시,양천구,0,0.072006,0.867728,growth_alpha,0.9288314123294001,1
ba_14688483,2025-08,본죽 동수원점,본그룹,백반·죽·국수,경기도,수원시,0,-0.04,-0.176437,growth_alpha,0.11043362649077797,0
ba_14688483,2025-09,본죽 동수원점,본그룹,백반·죽·국수,경기도,수원시,1,50.623611,-1.877793,growth_alpha,0.21503568755724778,0
ba_14688499,2025-08,본죽 수원화서점,본그룹,백반·죽·국수,경기도,수원시,0,-0.043833,-0.209771,growth_alpha,0.4736775065945148,1
ba_14688499,2025-09,본죽 수원화서점,본그룹,백반·죽·국수,경기도,수원시,0,-0.143877,-0.473295,growth_alpha,0.6471278511801759,1
ba_14688522,2025-08,본죽 시흥은행점,본그룹,백반·죽·국수,경기도,시흥시,0,-0.161225,-0.040247,growth_alpha,0.971595923638277,1
ba_14688522,2025-09,본죽 시흥은행점,본그룹,백반·죽·국수,경기도,시흥시,0,-0.669928,0.6194,growth_alpha,0.9788654381294574,1
ba_14688525,2025-08,본죽 시흥시화병원점,본그룹,백반·죽·국수,경기도,시흥시,0,0.10142,-0.101595,growth_alpha,0.9638304634004407,1
ba_14688525,2025-09,본죽 시흥시화병원점,본그룹,백반·죽·국수,경기도,시흥시,0,-0.348845,2.373994,growth_alpha,0.9570324324352596,1
ba_14688541,2025-08,본죽 시흥하상동점,본그룹,백반·죽·국수,경기도,시흥시,0,0.0,-0.143104,growth_alpha,0.38376267649061774,1
ba_14688541,2025-09,본죽 시흥하상동점,본그룹,백반·죽·국수,경기도,시흥시,0,0.0,-1.827793,growth_alpha,0.385899377287992,1
ba_14688555,2025-08,본죽 수원인계점,본그룹,백반·죽·국수,경기도,수원시,1,0.144603,0.273563,growth_alpha,0.9985067472464569,1
ba_14688555,2025-09,본죽 수원인계점,본그룹,백반·죽·국수,경기도,수원시,0,-0.156387,1.179776,growth_alpha,0.9980505515432379,1
ba_14688557,2025-08,본죽 보정동단국대점,본그룹,백반·죽·국수,경기도,용인시,0,-0.310839,0.206896,growth_alpha,0.8911207749897968,1
ba_14688557,2025-09,본죽 보정동단국대점,본그룹,백반·죽·국수,경기도,용인시,0,-0.516003,1.537529,growth_alpha,0.8852184955283556,1
ba_14688559,2025-08,본죽 용인강남대점,본그룹,백반·죽·국수,경기도,용인시,1,0.248927,-0.096045,growth_alpha,0.8385406787786401,1
ba_14688559,2025-09,본죽 용인강남대점,본그룹,백반·죽·국수,경기도,용인시,0,0.013413,1.173513,growth_alpha,0.8364045987594867,1
ba_14688563,2025-08,본죽&비빔밥 신정네거리역점,본그룹,백반·죽·국수,서울특별시,양천구,1,0.25601,0.112896,growth_alpha,0.8757788411216701,1
ba_14688563,2025-09,본죽&비빔밥 신정네거리역점,본그룹,백반·죽·국수,서울특별시,양천구,0,-0.054146,0.862949,growth_alpha,0.879621364783552,1
ba_14688567,2025-08,본죽&비빔밥 목동8단지점,본그룹,백반·죽·국수,서울특별시,양천구,0,-0.400237,-0.218104,growth_alpha,0.7643083531890553,1
ba_14688567,2025-09,본죽&비빔밥 목동8단지점,본그룹,백반·죽·국수,서울특별시,양천구,0,-0.419516,-0.900922,growth_alpha,0.46726277972632185,1
ba_14688570,2025-08,본죽 용인상갈점,본그룹,백반·죽·국수,경기도,용인시,0,-0.094936,-0.205604,growth_alpha,0.8318187975253698,1
ba_14688570,2025-09,본죽 용인상갈점,본그룹,백반·죽·국수,경기도,용인시,0,-0.237562,0.176641,growth_alpha,0.8362566895642475,1
ba_14688571,2025-08,본죽 안산선부점,본그룹,백반·죽·국수,경기도,안산시,0,-1.0,-0.173407,growth_alpha,0.19758334916916437,0
ba_14688571,2025-09,본죽 안산선부점,본그룹,백반·죽·국수,경기도,안산시,0,-1.0,-1.858503,growth_alpha,0.19865369673900002,0
ba_14688582,2025-08,본죽&비빔밥 오목교역점,본그룹,백반·죽·국수,서울특별시,양천구,0,0.107172,-0.044799,growth_alpha,0.9783552448457375,1
ba_14688582,2025-09,본죽&비빔밥 오목교역점,본그룹,백반·죽·국수,서울특별시,양천구,0,-0.191976,0.336794,growth_alpha,0.9833669625259158,1
ba_14688602,2025-08,본죽&비빔밥 남양주덕소점,본그룹,백반·죽·국수,경기도,남양주시,1,0.40183,0.012452,growth_alpha,0.8969279592123038,1
ba_14688602,2025-09,본죽&비빔밥 남양주덕소점,본그룹,백반·죽·국수,경기도,남양주시,1,0.127773,1.900095,growth_alpha,0.9104418636269396,1
ba_14688609,2025-08,본죽 죽전벽산타운점,본그룹,백반·죽·국수,경기도,용인시,0,-0.480741,-0.243104,growth_alpha,0.42312052953076396,1
ba_14688609,2025-09,본죽 죽전벽산타운점,본그룹,백반·죽·국수,경기도,용인시,0,-0.496645,-0.785405,growth_alpha,0.4214880730847815,1
ba_14688614,2025-08,본죽 안산본오1동점,본그룹,백반·죽·국수,경기도,안산시,1,2.427897,-0.164157,growth_alpha,0.8520971519387123,1
ba_14688614,2025-09,본죽 안산본오1동점,본그룹,백반·죽·국수,경기도,안산시,1,0.394562,-1.790293,growth_alpha,0.9059726590389131,1
ba_14688631,2025-08,본죽&비빔밥 부천소새울역점,본그룹,백반·죽·국수,경기도,부천시,1,3.789702,-0.127231,growth_alpha,0.8444263709503371,1
ba_14688631,2025-09,본죽&비빔밥 부천소새울역점,본그룹,백반·죽·국수,경기도,부천시,1,0.514364,-1.743178,growth_alpha,0.9152932888782462,1
ba_14688656,2025-08,본죽&비빔밥 문래힐스테이트점,본그룹,백반·죽·국수,서울특별시,영등포구,1,0.426541,0.023563,growth_alpha,0.8317184243241401,1
ba_14688656,2025-09,본죽&비빔밥 문래힐스테이트점,본그룹,백반·죽·국수,서울특별시,영등포구,0,0.04881,0.121835,growth_alpha,0.8490451192124057,1
ba_14688684,2025-08,본죽&비빔밥 부천심곡본동점,본그룹,백반·죽·국수,경기도,부천시,1,3.816424,-0.132466,growth_alpha,0.8745121659153828,1
ba_14688684,2025-09,본죽&비빔밥 부천심곡본동점,본그룹,백반·죽·국수,경기도,부천시,1,0.528408,-1.777793,growth_alpha,0.9472345720903187,1
ba_14688687,2025-08,본죽&비빔밥 신길점,본그룹,백반·죽·국수,서울특별시,영등포구,1,0.224094,0.233519,growth_alpha,0.9767751495226161,1
ba_14688687,2025-09,본죽&비빔밥 신길점,본그룹,백반·죽·국수,서울특별시,영등포구,0,-0.115049,2.424286,growth_alpha,0.9784447952825098,1
ba_14688693,2025-08,본죽 평촌학원가점,본그룹,백반·죽·국수,경기도,안양시,1,0.152019,-0.116181,growth_alpha,0.9801698701054289,1
ba_14688693,2025-09,본죽 평촌학원가점,본그룹,백반·죽·국수,경기도,안양시,0,-0.198278,2.042672,growth_alpha,0.9368418146172492,1
ba_14688697,2025-08,본죽&비빔밥 신풍역점,본그룹,백반·죽·국수,서울특별시,영등포구,0,0.043488,-0.284013,growth_alpha,0.8896152169930729,1
ba_14688697,2025-09,본죽&비빔밥 신풍역점,본그룹,백반·죽·국수,서울특별시,영등포구,0,-0.118787,-0.220695,growth_alpha,0.8690145786254255,1
ba_14688702,2025-08,본죽&비빔밥 부천춘의점,본그룹,백반·죽·국수,경기도,부천시,1,0.536337,-0.187548,growth_alpha,0.6817242940358643,1
ba_14688702,2025-09,본죽&비빔밥 부천춘의점,본그룹,백반·죽·국수,경기도,부천시,0,-0.151928,-1.687793,growth_alpha,0.5184118127858066,1
ba_14688707,2025-08,본죽 명학역점,본그룹,백반·죽·국수,경기도,안양시,1,1.346023,-0.038756,growth_alpha,0.945212927602082,1
ba_14688707,2025-09,본죽 명학역점,본그룹,백반·죽·국수,경기도,안양시,1,0.146784,-1.636489,growth_alpha,0.9592990912678158,1
ba_14688709,2025-08,본죽&비빔밥 부천순천향병원앞점,본그룹,백반·죽·국수,경기도,부천시,1,2.635846,-0.219575,growth_alpha,0.7692300499006538,1
ba_14688709,2025-09,본죽&비빔밥 부천순천향병원앞점,본그룹,백반·죽·국수,경기도,부천시,1,0.18996,-1.988769,growth_alpha,0.41758688613318723,1
ba_14688716,2025-08,본죽&비빔밥 일산식사점,본그룹,백반·죽·국수,경기도,고양시,0,-0.020833,-0.076437,growth_alpha,0.12448213034356541,0
ba_14688716,2025-09,본죽&비빔밥 일산식사점,본그룹,백반·죽·국수,경기도,고양시,1,55.906781,-1.832671,growth_alpha,0.2797778876228803,0
ba_14688728,2025-08,본죽&비빔밥 판교역점,본그룹,백반·죽·국수,경기도,성남시,1,3.482788,-0.113474,growth_alpha,0.8723521051299818,1
ba_14688728,2025-09,본죽&비빔밥 판교역점,본그룹,백반·죽·국수,경기도,성남시,1,0.605633,-1.790756,growth_alpha,0.9397143079076239,1
ba_14688729,2025-08,본죽&비빔밥 과천점,본그룹,백반·죽·국수,경기도,과천시,1,0.226682,-0.087104,growth_alpha,0.9253672733146602,1
ba_14688729,2025-09,본죽&비빔밥 과천점,본그룹,백반·죽·국수,경기도,과천시,0,-0.139683,0.636874,growth_alpha,0.9500243660455192,1
ba_14688738,2025-08,본죽&비빔밥 분당롯데점,본그룹,백반·죽·국수,경기도,성남시,0,-0.162666,-0.343104,growth_alpha,0.41036943539799114,1
ba_14688738,2025-09,본죽&비빔밥 분당롯데점,본그룹,백반·죽·국수,경기도,성남시,0,-0.310668,2.947045,growth_alpha,0.8463820860447171,1
ba_14688746,2025-08,본죽&비빔밥 광명소하지구점,본그룹,백반·죽·국수,경기도,광명시,1,0.192019,-0.056618,growth_alpha,0.9522328354496594,1
ba_14688746,2025-09,본죽&비빔밥 광명소하지구점,본그룹,백반·죽·국수,경기도,광명시,0,-0.178664,3.521223,growth_alpha,0.9246262684460458,1
ba_14688751,2025-08,본죽&비빔밥 여의도역점,본그룹,백반·죽·국수,서울특별시,영등포구,1,0.568208,-0.180604,growth_alpha,0.8806850384260482,1
ba_14688751,2025-09,본죽&비빔밥 여의도역점,본그룹,백반·죽·국수,서울특별시,영등포구,1,0.310451,0.520416,growth_alpha,0.9123021321375594,1
ba_14688765,2025-08,본죽&비빔밥 영등포시장역점,본그룹,백반·죽·국수,서울특별시,영등포구,1,0.340118,0.067707,growth_alpha,0.8841446844036751,1
ba_14688765,2025-09,본죽&비빔밥 영등포시장역점,본그룹,백반·죽·국수,서울특별시,영등포구,0,-0.023632,0.990933,growth_alpha,0.9364538388143115,1
ba_14688789,2025-08,본죽&비빔밥 성남고등점,본그룹,백반·죽·국수,경기도,성남시,0,0.033333,-0.124922,growth_alpha,0.33236368991814974,1
ba_14688789,2025-09,본죽&비빔밥 성남고등점,본그룹,백반·죽·국수,경기도,성남시,1,228.729846,-1.75087,growth_alpha,0.41972259067562095,1
ba_14688848,2025-08,본죽&비빔밥 연신갈현점,본그룹,백반·죽·국수,서울특별시,은평구,1,0.40841,-0.124922,growth_alpha,0.9010884169079812,1
ba_14688848,2025-09,본죽&비빔밥 연신갈현점,본그룹,백반·죽·국수,서울특별시,은평구,0,-0.047007,2.760373,growth_alpha,0.8986592138898714,1
ba_14688854,2025-08,본죽 평택팽성점,본그룹,백반·죽·국수,경기도,평택시,0,-0.025806,-0.033104,growth_alpha,0.284286422066467,0
ba_14688854,2025-09,본죽 평택팽성점,본그룹,백반·죽·국수,경기도,평택시,1,42.732519,-1.657793,growth_alpha,0.3498618432042249,1
ba_14688860,2025-08,본죽&비빔밥 수색DMC점,본그룹,백반·죽·국수,서울특별시,은평구,1,0.12341,0.184896,growth_alpha,0.9677855797334867,1
ba_14688860,2025-09,본죽&비빔밥 수색DMC점,본그룹,백반·죽·국수,서울특별시,은평구,0,-0.377788,3.844739,growth_alpha,0.9580391412626522,1
ba_14688879,2025-08,본죽 수원대점,본그룹,백반·죽·국수,경기도,화성시,0,-0.0375,-0.106067,growth_alpha,0.17660433478757506,0
ba_14688879,2025-09,본죽 수원대점,본그룹,백반·죽·국수,경기도,화성시,1,48.766292,-1.789331,growth_alpha,0.16341257912471654,0
ba_14688905,2025-08,본죽&비빔밥 고양원당점,본그룹,백반·죽·국수,경기도,고양시,0,0.11,-0.231993,growth_alpha,0.1030756334089183,0
ba_14688905,2025-09,본죽&비빔밥 고양원당점,본그룹,백반·죽·국수,경기도,고양시,1,73.056963,-1.834936,growth_alpha,0.12837186802926456,0
ba_14688907,2025-08,본죽&비빔밥 고양행신역점,본그룹,백반·죽·국수,경기도,고양시,0,-0.277948,0.069396,growth_alpha,0.8853325764544928,1
ba_14688907,2025-09,본죽&비빔밥 고양행신역점,본그룹,백반·죽·국수,경기도,고양시,0,-0.580275,0.087333,growth_alpha,0.9065064109383143,1
ba_14688923,2025-08,본죽&비빔밥 종로르메이에르점,본그룹,백반·죽·국수,서울특별시,종로구,0,-0.230004,-0.209771,growth_alpha,0.8442263999525266,1
ba_14688923,2025-09,본죽&비빔밥 종로르메이에르점,본그룹,백반·죽·국수,서울특별시,종로구,0,-0.440269,0.765163,growth_alpha,0.5461417455926155,1
ba_14688924,2025-08,본죽&비빔밥 서대문역점,본그룹,백반·죽·국수,서울특별시,종로구,0,0.011872,-0.035961,growth_alpha,0.9794516597083193,1
ba_14688924,2025-09,본죽&비빔밥 서대문역점,본그룹,백반·죽·국수,서울특별시,종로구,0,-0.266711,1.856686,growth_alpha,0.9725875047080521,1
ba_14688931,2025-08,본죽&비빔밥 고양덕은점,본그룹,백반·죽·국수,경기도,고양시,0,-0.041618,0.011441,growth_alpha,0.912277102777491,1
ba_14688931,2025-09,본죽&비빔밥 고양덕은점,본그룹,백반·죽·국수,경기도,고양시,0,-0.316635,0.578428,growth_alpha,0.9159839532747377,1
ba_14688963,2025-08,본죽 고양점,본그룹,백반·죽·국수,경기도,고양시,0,0.04567,0.028325,growth_alpha,0.8688438007822645,1
ba_14688963,2025-09,본죽 고양점,본그룹,백반·죽·국수,경기도,고양시,0,-0.097332,0.407278,growth_alpha,0.8706712328883871,1
ba_14688982,2025-08,본죽&비빔밥 군포당정동점,본그룹,백반·죽·국수,경기도,군포시,0,-0.246247,0.006896,growth_alpha,0.8934457252813189,1
ba_14688982,2025-09,본죽&비빔밥 군포당정동점,본그룹,백반·죽·국수,경기도,군포시,0,-0.38621,0.287058,growth_alpha,0.8315692777544356,1
ba_14689003,2025-08,본죽&비빔밥 구리인창점,본그룹,백반·죽·국수,경기도,구리시,1,0.373713,0.040229,growth_alpha,0.9544452732201488,1
ba_14689003,2025-09,본죽&비빔밥 구리인창점,본그룹,백반·죽·국수,경기도,구리시,0,-0.008664,2.329363,growth_alpha,0.9142571787093277,1
ba_14689004,2025-08,본죽&비빔밥 산본학원가점,본그룹,백반·죽·국수,경기도,군포시,1,0.369521,0.836896,growth_alpha,0.8820658343538704,1
ba_14689004,2025-09,본죽&비빔밥 산본학원가점,본그룹,백반·죽·국수,경기도,군포시,0,-0.154534,3.658348,growth_alpha,0.902457244085681,1
ba_14689007,2025-08,본죽&비빔밥 김포신곡점,본그룹,백반·죽·국수,경기도,김포시,1,6.45033,0.116896,growth_alpha,0.8340682040488216,1
ba_14689007,2025-09,본죽&비빔밥 김포신곡점,본그룹,백반·죽·국수,경기도,김포시,1,1.379155,-1.490951,growth_alpha,0.9122474932634634,1
ba_14689013,2025-08,본죽&비빔밥 김포사우점,본그룹,백반·죽·국수,경기도,김포시,1,3.40599,-0.150001,growth_alpha,0.5725189306915182,1
ba_14689013,2025-09,본죽&비빔밥 김포사우점,본그룹,백반·죽·국수,경기도,김포시,1,0.486177,-1.812408,growth_alpha,0.722596583066124,1
ba_14689024,2025-08,본죽&비빔밥 김포장기초당마을점,본그룹,백반·죽·국수,경기도,김포시,0,0.055556,0.04261,growth_alpha,0.13070085152794542,0
ba_14689024,2025-09,본죽&비빔밥 김포장기초당마을점,본그룹,백반·죽·국수,경기도,김포시,1,90.167378,-1.65065,growth_alpha,0.1438199375087935,0
ba_14689101,2025-08,본죽&비빔밥 강남성심병원점,본그룹,백반·죽·국수,서울특별시,영등포구,0,0.100373,-0.00674,growth_alpha,0.8899725863500153,1
ba_14689101,2025-09,본죽&비빔밥 강남성심병원점,본그룹,백반·죽·국수,서울특별시,영등포구,0,-0.114392,0.566529,growth_alpha,0.9060312304544262,1
ba_14689115,2025-08,본죽&비빔밥 양주덕정점,본그룹,백반·죽·국수,경기도,양주시,1,0.274777,-0.179946,growth_alpha,0.927233648572531,1
ba_14689115,2025-09,본죽&비빔밥 양주덕정점,본그룹,백반·죽·국수,경기도,양주시,0,-0.200534,2.437209,growth_alpha,0.9178401749109011,1
ba_14689378,2025-08,본죽&비빔밥 성남중앙병원점,본그룹,백반·죽·국수,경기도,성남시,1,3.092025,-0.122051,growth_alpha,0.7122516831862117,1
ba_14689378,2025-09,본죽&비빔밥 성남중앙병원점,본그룹,백반·죽·국수,경기도,성남시,1,0.245869,-1.827793,growth_alpha,0.8259950349346323,1
ba_14689381,2025-08,본죽&비빔밥 용인모현점,본그룹,백반·죽·국수,경기도,용인시,1,0.437207,-0.209771,growth_alpha,0.7109577300672358,1
ba_14689381,2025-09,본죽&비빔밥 용인모현점,본그룹,백반·죽·국수,경기도,용인시,1,0.137493,0.099617,growth_alpha,0.628087080128087,1
ba_14689382,2025-08,본죽&비빔밥 수원권선시장점,본그룹,백반·죽·국수,경기도,수원시,1,0.343311,0.171182,growth_alpha,0.9323465708698749,1
ba_14689382,2025-09,본죽&비빔밥 수원권선시장점,본그룹,백반·죽·국수,경기도,수원시,0,-0.086694,2.290677,growth_alpha,0.9412208580712348,1
ba_14689387,2025-08,본죽&비빔밥 성남금광점,본그룹,백반·죽·국수,경기도,성남시,1,0.143009,-0.033427,growth_alpha,0.9820158229591448,1
ba_14689387,2025-09,본죽&비빔밥 성남금광점,본그룹,백반·죽·국수,경기도,성남시,0,-0.194622,1.809304,growth_alpha,0.9646859424395549,1
ba_14689395,2025-08,본죽&비빔밥 용인둔전점,본그룹,백반·죽·국수,경기도,용인시,0,0.090196,0.064896,growth_alpha,0.7041539257153322,1
ba_14689395,2025-09,본죽&비빔밥 용인둔전점,본그룹,백반·죽·국수,경기도,용인시,1,1.147896,-1.610146,growth_alpha,0.9789818918609271,1
ba_14689401,2025-08,본죽&비빔밥 수원호매실역점,본그룹,백반·죽·국수,경기도,수원시,0,0.008333,-0.231476,growth_alpha,0.24421111294834458,0
ba_14689401,2025-09,본죽&비빔밥 수원호매실역점,본그룹,백반·죽·국수,경기도,수원시,0,0.05,-1.927793,growth_alpha,0.2590393753082641,0
ba_14689402,2025-08,본죽&비빔밥 의정부을지대병원점,본그룹,백반·죽·국수,경기도,의정부시,1,0.661233,-0.004642,growth_alpha,0.5119915282693428,1
ba_14689402,2025-09,본죽&비빔밥 의정부을지대병원점,본그룹,백반·죽·국수,경기도,의정부시,0,-0.768,-1.789698,growth_alpha,0.8540173275444084,1
ba_14689403,2025-08,본죽&비빔밥 의왕역점,본그룹,백반·죽·국수,경기도,의왕시,1,4.444493,-0.048367,growth_alpha,0.5781608962443362,1
ba_14689403,2025-09,본죽&비빔밥 의왕역점,본그룹,백반·죽·국수,경기도,의왕시,1,0.596985,-1.812408,growth_alpha,0.905126266055449,1
ba_14689409,2025-08,본죽&비빔밥 수원권선롯데마트점,본그룹,백반·죽·국수,경기도,수원시,0,0.091656,-0.012669,growth_alpha,0.75011079432849,1
ba_14689409,2025-09,본죽&비빔밥 수원권선롯데마트점,본그룹,백반·죽·국수,경기도,수원시,0,-0.22671,1.712552,growth_alpha,0.6929138805847168,1
ba_14689415,2025-08,본죽&비빔밥 수원탑동점,본그룹,백반·죽·국수,경기도,수원시,0,0.092662,-0.089445,growth_alpha,0.954682399972433,1
ba_14689415,2025-09,본죽&비빔밥 수원탑동점,본그룹,백반·죽·국수,경기도,수원시,0,-0.156157,0.702597,growth_alpha,0.9543270472330591,1
ba_14689416,2025-08,본죽&비빔밥 수원호매실화홍병원점,본그룹,백반·죽·국수,경기도,수원시,0,-1.0,-0.155225,growth_alpha,0.4871185230183856,1
ba_14689416,2025-09,본죽&비빔밥 수원호매실화홍병원점,본그룹,백반·죽·국수,경기도,수원시,0,-1.0,-1.283858,growth_alpha,0.18493236284742984,0
ba_14689425,2025-08,본죽&비빔밥 의정부시청점,본그룹,백반·죽·국수,경기도,의정부시,0,0.0,-0.143104,growth_alpha,0.36614993987085465,1
ba_14689425,2025-09,본죽&비빔밥 의정부시청점,본그룹,백반·죽·국수,경기도,의정부시,0,0.0,-1.827793,growth_alpha,0.3682471772914021,1
ba_14689427,2025-08,본죽&비빔밥 의정부금오점,본그룹,백반·죽·국수,경기도,의정부시,1,2.821616,-0.165831,growth_alpha,0.8689711932716163,1
ba_14689427,2025-09,본죽&비빔밥 의정부금오점,본그룹,백반·죽·국수,경기도,의정부시,1,0.448266,-1.854109,growth_alpha,0.6684361673268352,1
ba_14689441,2025-08,본죽&비빔밥 이천마장점,본그룹,백반·죽·국수,경기도,이천시,1,0.176156,0.030229,growth_alpha,0.7636329970486073,1
ba_14689441,2025-09,본죽&비빔밥 이천마장점,본그룹,백반·죽·국수,경기도,이천시,0,-0.201635,1.185846,growth_alpha,0.755259245173315,1
ba_14689448,2025-08,본죽&비빔밥 이천점,본그룹,백반·죽·국수,경기도,이천시,0,-0.07426,3.690229,growth_alpha,0.9920096924166413,1
ba_14689448,2025-09,본죽&비빔밥 이천점,본그룹,백반·죽·국수,경기도,이천시,0,-0.298543,0.991097,growth_alpha,0.9897063035103634,1
ba_14689454,2025-08,본죽&비빔밥 광교아브뉴프랑점,본그룹,백반·죽·국수,경기도,수원시,1,0.145787,-0.116437,growth_alpha,0.9476732603587282,1
ba_14689454,2025-09,본죽&비빔밥 광교아브뉴프랑점,본그룹,백반·죽·국수,경기도,수원시,0,-0.105062,0.579145,growth_alpha,0.9318786975891082,1
ba_14689464,2025-08,본죽&비빔밥 파주금촌점,본그룹,백반·죽·국수,경기도,파주시,1,3.933869,-0.081566,growth_alpha,0.8984231104287259,1
ba_14689464,2025-09,본죽&비빔밥 파주금촌점,본그룹,백반·죽·국수,경기도,파주시,1,0.770089,-1.759611,growth_alpha,0.9455588315403083,1
ba_14689472,2025-08,본죽&비빔밥 수원율전점,본그룹,백반·죽·국수,경기도,수원시,1,1.848657,-0.152195,growth_alpha,0.7882776511800078,1
ba_14689472,2025-09,본죽&비빔밥 수원율전점,본그룹,백반·죽·국수,경기도,수원시,1,0.355471,-1.57065,growth_alpha,0.8196417153412267,1
ba_14689481,2025-08,본죽&비빔밥 파주운정해오름점,본그룹,백반·죽·국수,경기도,파주시,1,0.158382,0.009837,growth_alpha,0.9373976073219874,1
ba_14689481,2025-09,본죽&비빔밥 파주운정해오름점,본그룹,백반·죽·국수,경기도,파주시,0,-0.230433,1.596711,growth_alpha,0.9421533640050355,1
ba_14689485,2025-08,본죽&비빔밥 수원광교역점,본그룹,백반·죽·국수,경기도,수원시,0,-0.034741,-0.054215,growth_alpha,0.9195442978663811,1
ba_14689485,2025-09,본죽&비빔밥 수원광교역점,본그룹,백반·죽·국수,경기도,수원시,0,-0.174696,0.067401,growth_alpha,0.8464531540880383,1
ba_14689496,2025-08,본죽&비빔밥 수원역매산점,본그룹,백반·죽·국수,경기도,수원시,1,5.259551,-0.195736,growth_alpha,0.8185022242311694,1
ba_14689496,2025-09,본죽&비빔밥 수원역매산점,본그룹,백반·죽·국수,경기도,수원시,1,1.073318,-1.773248,growth_alpha,0.845549158192726,1
ba_14689508,2025-08,본죽&비빔밥 파주문산점,본그룹,백반·죽·국수,경기도,파주시,0,0.0,-0.143104,growth_alpha,0.35675097775550707,1
ba_14689508,2025-09,본죽&비빔밥 파주문산점,본그룹,백반·죽·국수,경기도,파주시,0,0.0,-1.827793,growth_alpha,0.3588248561629863,1
ba_14689536,2025-08,본죽&비빔밥 파주운정신도시점,본그룹,백반·죽·국수,경기도,파주시,1,3.948629,-0.09866,growth_alpha,0.9481390324235507,1
ba_14689536,2025-09,본죽&비빔밥 파주운정신도시점,본그룹,백반·죽·국수,경기도,파주시,1,0.544351,-1.807014,growth_alpha,0.9861018563839352,1
ba_14689545,2025-08,본죽&비빔밥 파주야당역점,본그룹,백반·죽·국수,경기도,파주시,1,0.219977,-0.056437,growth_alpha,0.895911983545607,1
ba_14689545,2025-09,본죽&비빔밥 파주야당역점,본그룹,백반·죽·국수,경기도,파주시,0,-0.130344,1.67698,growth_alpha,0.7663426523150475,1
ba_14689548,2025-08,본죽&비빔밥 평택법원점,본그룹,백반·죽·국수,경기도,평택시,0,-0.23507,-0.124437,growth_alpha,0.9447759304946032,1
ba_14689548,2025-09,본죽&비빔밥 평택법원점,본그룹,백반·죽·국수,경기도,평택시,0,-0.239267,-0.897743,growth_alpha,0.911979287441552,1
ba_14689573,2025-08,본죽&비빔밥 시흥목감역점,본그룹,백반·죽·국수,경기도,시흥시,0,0.089015,-0.061471,growth_alpha,0.9547143728517408,1
ba_14689573,2025-09,본죽&비빔밥 시흥목감역점,본그룹,백반·죽·국수,경기도,시흥시,0,-0.281014,1.989016,growth_alpha,0.9497272315819799,1
ba_14689591,2025-08,본죽&비빔밥 평택서정리역점,본그룹,백반·죽·국수,경기도,평택시,0,-0.143008,-0.206262,growth_alpha,0.49589565334741015,1
ba_14689591,2025-09,본죽&비빔밥 평택서정리역점,본그룹,백반·죽·국수,경기도,평택시,0,-0.053075,-0.572974,growth_alpha,0.49321340974338834,1
ba_14689595,2025-08,본죽&비빔밥 시흥배곧점,본그룹,백반·죽·국수,경기도,시흥시,1,2.236891,-0.100796,growth_alpha,0.9520173276307262,1
ba_14689595,2025-09,본죽&비빔밥 시흥배곧점,본그룹,백반·죽·국수,경기도,시흥시,1,0.220868,-1.76946,growth_alpha,0.9730147840448454,1
ba_14689608,2025-08,본죽&비빔밥 평택신장점,본그룹,백반·죽·국수,경기도,평택시,0,-0.277993,15.359164,growth_alpha,0.8012698104375434,1
ba_14689608,2025-09,본죽&비빔밥 평택신장점,본그룹,백반·죽·국수,경기도,평택시,0,-0.545414,0.217816,growth_alpha,0.761678999582301,1
ba_14689610,2025-08,본죽 동인천점,본그룹,백반·죽·국수,인천광역시,중구,1,0.292824,0.050229,growth_alpha,0.9677384550845798,1
ba_14689610,2025-09,본죽 동인천점,본그룹,백반·죽·국수,인천광역시,중구,0,0.058243,2.046983,growth_alpha,0.9508883969320284,1
ba_14689611,2025-08,본죽&비빔밥 시흥장곡점,본그룹,백반·죽·국수,경기도,시흥시,0,0.083433,0.245131,growth_alpha,0.9910182838468394,1
ba_14689611,2025-09,본죽&비빔밥 시흥장곡점,본그룹,백반·죽·국수,경기도,시흥시,0,-0.119101,1.028264,growth_alpha,0.9922634740861592,1
ba_14689614,2025-08,본죽&비빔밥 시흥시화점,본그룹,백반·죽·국수,경기도,시흥시,1,0.61963,-0.089445,growth_alpha,0.9540330267619476,1
ba_14689614,2025-09,본죽&비빔밥 시흥시화점,본그룹,백반·죽·국수,경기도,시흥시,0,-0.153703,1.113429,growth_alpha,0.9867420864182286,1
ba_14689625,2025-08,본죽&비빔밥 평택여중사거리점,본그룹,백반·죽·국수,경기도,평택시,0,-0.078867,-0.093104,growth_alpha,0.9345262422987695,1
ba_14689625,2025-09,본죽&비빔밥 평택여중사거리점,본그룹,백반·죽·국수,경기도,평택시,0,-0.086256,-0.909892,growth_alpha,0.9110472499743153,1
ba_14689645,2025-08,본죽&비빔밥 병점복합타운점,본그룹,백반·죽·국수,경기도,화성시,1,0.47201,0.049753,growth_alpha,0.9624579225778848,1
ba_14689645,2025-09,본죽&비빔밥 병점복합타운점,본그룹,백반·죽·국수,경기도,화성시,0,-0.174099,5.567118,growth_alpha,0.9505817134384074,1
ba_14689734,2025-08,본죽&비빔밥 송도신도시점,본그룹,백반·죽·국수,인천광역시,연수구,1,0.492735,-0.189258,growth_alpha,0.9130682990296863,1
ba_14689734,2025-09,본죽&비빔밥 송도신도시점,본그룹,백반·죽·국수,인천광역시,연수구,1,0.214268,1.641159,growth_alpha,0.9309893811005672,1
ba_14689750,2025-08,본죽&비빔밥 안산본오점,본그룹,백반·죽·국수,경기도,안산시,1,0.392063,-0.043104,growth_alpha,0.994376578038554,1
ba_14689750,2025-09,본죽&비빔밥 안산본오점,본그룹,백반·죽·국수,경기도,안산시,0,-0.116841,1.639799,growth_alpha,0.9974385646038412,1
ba_14689756,2025-08,본죽 경기광주신현점,본그룹,백반·죽·국수,경기도,광주시,1,0.200047,-0.16636,growth_alpha,0.9624001181821901,1
ba_14689756,2025-09,본죽 경기광주신현점,본그룹,백반·죽·국수,경기도,광주시,0,0.06253,-0.056353,growth_alpha,0.9654258466063282,1
ba_14689757,2025-08,본죽&비빔밥 인천연수점,본그룹,백반·죽·국수,인천광역시,연수구,0,0.03768,-0.133104,growth_alpha,0.9896385466987241,1
ba_14689757,2025-09,본죽&비빔밥 인천연수점,본그룹,백반·죽·국수,인천광역시,연수구,0,-0.194331,0.281889,growth_alpha,0.9875300936675645,1
ba_14689759,2025-08,본죽&비빔밥 인천송도웰카운티점,본그룹,백반·죽·국수,인천광역시,연수구,1,0.686729,-0.143104,growth_alpha,0.901356949371439,1
ba_14689759,2025-09,본죽&비빔밥 인천송도웰카운티점,본그룹,백반·죽·국수,인천광역시,연수구,0,0.01054,-1.805571,growth_alpha,0.8529616373507523,1
ba_14689760,2025-08,본죽&비빔밥 송도퍼스트파크점,본그룹,백반·죽·국수,인천광역시,연수구,0,0.0,-0.143104,growth_alpha,0.08249031886522838,0
ba_14689760,2025-09,본죽&비빔밥 송도퍼스트파크점,본그룹,백반·죽·국수,인천광역시,연수구,0,0.0,-1.827793,growth_alpha,0.08317601292888677,0
ba_14689761,2025-08,본죽&비빔밥 송도글로벌캠퍼스점,본그룹,백반·죽·국수,인천광역시,연수구,1,0.119815,-0.20371,growth_alpha,0.9126218812123668,1
ba_14689761,2025-09,본죽&비빔밥 송도글로벌캠퍼스점,본그룹,백반·죽·국수,인천광역시,연수구,0,-0.061602,1.494005,growth_alpha,0.9266831833278253,1
ba_14689766,2025-08,본죽&비빔밥 인천신포동점,본그룹,백반·죽·국수,인천광역시,중구,1,0.445332,-0.037548,growth_alpha,0.9267749654375484,1
ba_14689766,2025-09,본죽&비빔밥 인천신포동점,본그룹,백반·죽·국수,인천광역시,중구,0,-0.079743,1.821337,growth_alpha,0.9177659479228715,1
ba_14689782,2025-08,본죽 김포감정점,본그룹,백반·죽·국수,경기도,김포시,0,0.041955,-0.072516,growth_alpha,0.4305622541809268,1
ba_14689782,2025-09,본죽 김포감정점,본그룹,백반·죽·국수,경기도,김포시,0,-0.313819,1.080973,growth_alpha,0.5943246589387835,1
ba_14689802,2025-08,본죽&비빔밥 한성대입구점,본그룹,백반·죽·국수,서울특별시,성북구,0,0.0,-0.143104,growth_alpha,0.40014439232601934,1
ba_14689802,2025-09,본죽&비빔밥 한성대입구점,본그룹,백반·죽·국수,서울특별시,성북구,0,0.0,-1.827793,growth_alpha,0.40231275619401297,1
ba_14689809,2025-08,본죽&비빔밥 안성당왕점,본그룹,백반·죽·국수,경기도,안성시,0,0.080461,0.098275,growth_alpha,0.9415449509102021,1
ba_14689809,2025-09,본죽&비빔밥 안성당왕점,본그룹,백반·죽·국수,경기도,안성시,0,-0.202161,1.072752,growth_alpha,0.9496417616839089,1
ba_14689837,2025-08,본죽&비빔밥 동탄역점,본그룹,백반·죽·국수,경기도,화성시,0,-0.022222,-0.015831,growth_alpha,0.30679802863659156,1
ba_14689837,2025-09,본죽&비빔밥 동탄역점,본그룹,백반·죽·국수,경기도,화성시,1,24.281604,-1.327793,growth_alpha,0.3700941496983514,1
ba_14689846,2025-08,본죽&비빔밥 동탄영천점,본그룹,백반·죽·국수,경기도,화성시,0,-0.085714,-0.187548,growth_alpha,0.29006231781673836,0
ba_14689846,2025-09,본죽&비빔밥 동탄영천점,본그룹,백반·죽·국수,경기도,화성시,1,23.413109,-1.924089,growth_alpha,0.1313045116175477,0
ba_14689854,2025-08,본죽&비빔밥 인천간석홈플러스앞점,본그룹,백반·죽·국수,인천광역시,남동구,1,0.285923,0.097184,growth_alpha,0.9799889874453485,1
ba_14689854,2025-09,본죽&비빔밥 인천간석홈플러스앞점,본그룹,백반·죽·국수,인천광역시,남동구,0,-0.140664,2.059268,growth_alpha,0.979972528788802,1
ba_14689855,2025-08,본죽&비빔밥 안양동편마을점,본그룹,백반·죽·국수,경기도,안양시,1,2.485126,-0.104806,growth_alpha,0.9127606754610369,1
ba_14689855,2025-09,본죽&비빔밥 안양동편마을점,본그룹,백반·죽·국수,경기도,안양시,1,0.35006,-1.790293,growth_alpha,0.9578827091161206,1
ba_14689859,2025-08,본죽&비빔밥 춘천퇴계한숲점,본그룹,백반·죽·국수,강원특별자치도,춘천시,0,0.041063,-0.179468,growth_alpha,0.4197470230062467,1
ba_14689859,2025-09,본죽&비빔밥 춘천퇴계한숲점,본그룹,백반·죽·국수,강원특별자치도,춘천시,0,-0.133148,0.185504,growth_alpha,0.42754719233988614,1
ba_14689869,2025-08,본죽&비빔밥 비산사거리점,본그룹,백반·죽·국수,경기도,안양시,0,-0.187255,-0.043104,growth_alpha,0.859167892149221,1
ba_14689869,2025-09,본죽&비빔밥 비산사거리점,본그룹,백반·죽·국수,경기도,안양시,0,-0.325584,-0.247098,growth_alpha,0.8607524619070375,1
ba_14689875,2025-08,본죽 양산물금증산점,본그룹,백반·죽·국수,경상남도,양산시,1,0.423272,-0.04695,growth_alpha,0.9776281203072381,1
ba_14689875,2025-09,본죽 양산물금증산점,본그룹,백반·죽·국수,경상남도,양산시,0,-0.037068,2.184803,growth_alpha,0.979518714022082,1
ba_14689886,2025-08,본죽&비빔밥 안양호계사거리점,본그룹,백반·죽·국수,경기도,안양시,1,0.252456,-0.007104,growth_alpha,0.9382980587227762,1
ba_14689886,2025-09,본죽&비빔밥 안양호계사거리점,본그룹,백반·죽·국수,경기도,안양시,0,-0.149498,5.632214,growth_alpha,0.912574307934772,1
ba_14689890,2025-08,본죽&비빔밥 구월아시아드점,본그룹,백반·죽·국수,인천광역시,남동구,1,0.137222,-0.179468,growth_alpha,0.922269722780565,1
ba_14689890,2025-09,본죽&비빔밥 구월아시아드점,본그룹,백반·죽·국수,인천광역시,남동구,0,-0.18293,2.155753,growth_alpha,0.8870385889727732,1
ba_14689893,2025-08,본죽 양산통도사점,본그룹,백반·죽·국수,경상남도,양산시,0,0.0,-0.143104,growth_alpha,0.09292551545479477,0
ba_14689893,2025-09,본죽 양산통도사점,본그룹,백반·죽·국수,경상남도,양산시,0,0.0,-1.827793,growth_alpha,0.09368909383761474,0
ba_14689894,2025-08,본죽&비빔밥 인천간석남부역점,본그룹,백반·죽·국수,인천광역시,남동구,1,0.24974,-0.13358,growth_alpha,0.7128840210088192,1
ba_14689894,2025-09,본죽&비빔밥 인천간석남부역점,본그룹,백반·죽·국수,인천광역시,남동구,1,1.067537,0.028985,growth_alpha,0.29423401843645286,0
ba_14689904,2025-08,본죽&비빔밥 안양호계포도원점,본그룹,백반·죽·국수,경기도,안양시,1,0.419389,-0.014533,growth_alpha,0.893753264681279,1
ba_14689904,2025-09,본죽&비빔밥 안양호계포도원점,본그룹,백반·죽·국수,경기도,안양시,0,0.014847,1.76139,growth_alpha,0.8940995803182936,1
ba_14689906,2025-08,본죽 인천간석사거리점,본그룹,백반·죽·국수,인천광역시,남동구,1,6.620876,-0.223104,growth_alpha,0.4956553080664572,1
ba_14689906,2025-09,본죽 인천간석사거리점,본그룹,백반·죽·국수,인천광역시,남동구,1,1.395635,-1.713507,growth_alpha,0.513605554280958,1
ba_14689910,2025-08,본죽&비빔밥 외대점,본그룹,백반·죽·국수,서울특별시,동대문구,0,-0.002817,-0.089533,growth_alpha,0.7641955392355513,1
ba_14689910,2025-09,본죽&비빔밥 외대점,본그룹,백반·죽·국수,서울특별시,동대문구,1,1.968849,-1.735793,growth_alpha,0.976697629462897,1
ba_14689936,2025-08,본죽&비빔밥 안양박달점,본그룹,백반·죽·국수,경기도,안양시,1,0.219569,-0.066914,growth_alpha,0.9868351087901324,1
ba_14689936,2025-09,본죽&비빔밥 안양박달점,본그룹,백반·죽·국수,경기도,안양시,0,0.009837,0.495053,growth_alpha,0.9833588095496942,1
ba_14689940,2025-08,본죽&비빔밥 안양성원점,본그룹,백반·죽·국수,경기도,안양시,0,0.001874,-0.170555,growth_alpha,0.870408932057381,1
ba_14689940,2025-09,본죽&비빔밥 안양성원점,본그룹,백반·죽·국수,경기도,안양시,0,-0.243666,0.902828,growth_alpha,0.8746673252040018,1
ba_14689942,2025-08,본죽 인천학산사거리점,본그룹,백반·죽·국수,인천광역시,미추홀구,1,0.196528,-0.127719,growth_alpha,0.620622488559066,1
ba_14689942,2025-09,본죽 인천학산사거리점,본그룹,백반·죽·국수,인천광역시,미추홀구,0,-0.124703,1.95422,growth_alpha,0.5245990694527616,1
ba_14689953,2025-08,본죽&비빔밥 양주고읍점,본그룹,백반·죽·국수,경기도,양주시,1,0.283668,0.190229,growth_alpha,0.9172236553828736,1
ba_14689953,2025-09,본죽&비빔밥 양주고읍점,본그룹,백반·죽·국수,경기도,양주시,0,-0.146543,2.291281,growth_alpha,0.919323047140876,1
ba_14689993,2025-08,본죽&비빔밥 용인구갈점,본그룹,백반·죽·국수,경기도,용인시,0,-0.063988,-0.121365,growth_alpha,0.9433832825619125,1
ba_14689993,2025-09,본죽&비빔밥 용인구갈점,본그룹,백반·죽·국수,경기도,용인시,0,-0.29665,0.100254,growth_alpha,0.9390525502127287,1
ba_14689999,2025-08,본죽&비빔밥 인천승기사거리점,본그룹,백반·죽·국수,인천광역시,미추홀구,1,3.415729,-0.226437,growth_alpha,0.7407571997469017,1
ba_14689999,2025-09,본죽&비빔밥 인천승기사거리점,본그룹,백반·죽·국수,인천광역시,미추홀구,1,0.322709,-1.892079,growth_alpha,0.7045798036508522,1
ba_14690002,2025-08,본죽 송도센트럴파크점,본그룹,백반·죽·국수,인천광역시,연수구,1,0.305064,-0.183104,growth_alpha,0.8388657819600661,1
ba_14690002,2025-09,본죽 송도센트럴파크점,본그룹,백반·죽·국수,인천광역시,연수구,0,0.077909,3.539358,growth_alpha,0.9649617024197206,1
ba_14690014,2025-08,본죽&비빔밥 인천석바위점,본그룹,백반·죽·국수,인천광역시,미추홀구,1,3.574928,-0.127719,growth_alpha,0.7411309816323957,1
ba_14690014,2025-09,본죽&비빔밥 인천석바위점,본그룹,백반·죽·국수,인천광역시,미추홀구,0,0.094504,-1.797024,growth_alpha,0.8221033067787747,1
ba_14690034,2025-08,본죽&비빔밥 인천검암점,본그룹,백반·죽·국수,인천광역시,서구,1,0.201968,0.056896,growth_alpha,0.7598980107029838,1
ba_14690034,2025-09,본죽&비빔밥 인천검암점,본그룹,백반·죽·국수,인천광역시,서구,0,-0.169666,4.417469,growth_alpha,0.805500057259285,1
ba_14690045,2025-08,본죽&비빔밥 인천당하점,본그룹,백반·죽·국수,인천광역시,서구,1,3.901524,-0.078104,growth_alpha,0.9080586729854426,1
ba_14690045,2025-09,본죽&비빔밥 인천당하점,본그룹,백반·죽·국수,인천광역시,서구,1,0.634783,-1.688904,growth_alpha,0.9428237048044458,1
ba_14690050,2025-08,본죽&비빔밥 검단파라곤센트럴점,본그룹,백반·죽·국수,인천광역시,서구,1,4.716852,-0.108321,growth_alpha,0.834533887016661,1
ba_14690050,2025-09,본죽&비빔밥 검단파라곤센트럴점,본그룹,백반·죽·국수,인천광역시,서구,1,0.989153,-1.572237,growth_alpha,0.9088845010739363,1
ba_14690053,2025-08,본죽&비빔밥 동백중앙점,본그룹,백반·죽·국수,경기도,용인시,1,0.177309,-0.054215,growth_alpha,0.9814194002654517,1
ba_14690053,2025-09,본죽&비빔밥 동백중앙점,본그룹,백반·죽·국수,경기도,용인시,0,-0.099667,0.342875,growth_alpha,0.9849756418132749,1
ba_14690056,2025-08,본죽&비빔밥cafe 용인동백역점,본그룹,백반·죽·국수,경기도,용인시,1,1.223356,-0.143104,growth_alpha,0.5254154227794701,1
ba_14690056,2025-09,본죽&비빔밥cafe 용인동백역점,본그룹,백반·죽·국수,경기도,용인시,1,0.11901,-1.811126,growth_alpha,0.6626392221218752,1
ba_14690057,2025-08,본죽앤비빔밥 인천검단점,본그룹,백반·죽·국수,인천광역시,서구,1,0.330056,0.09932,growth_alpha,0.9660956611679122,1
ba_14690057,2025-09,본죽앤비빔밥 인천검단점,본그룹,백반·죽·국수,인천광역시,서구,0,-0.115553,3.786265,growth_alpha,0.964361301533406,1
ba_14690062,2025-08,본죽&비빔밥 용인물푸레마을점,본그룹,백반·죽·국수,경기도,용인시,0,0.067248,-0.023104,growth_alpha,0.4563858887854693,1
ba_14690062,2025-09,본죽&비빔밥 용인물푸레마을점,본그룹,백반·죽·국수,경기도,용인시,0,-0.092513,1.488898,growth_alpha,0.3966051435028602,1
ba_14690068,2025-08,본죽&비빔밥 용인동천점,본그룹,백반·죽·국수,경기도,용인시,0,-0.155364,0.00134,growth_alpha,0.807377585972911,1
ba_14690068,2025-09,본죽&비빔밥 용인동천점,본그룹,백반·죽·국수,경기도,용인시,0,-0.467311,1.303512,growth_alpha,0.5334025117135508,1
ba_14690077,2025-08,본죽&비빔밥 인천연희연세병원점,본그룹,백반·죽·국수,인천광역시,서구,1,5.149155,-0.176437,growth_alpha,0.44482520567288836,1
ba_14690077,2025-09,본죽&비빔밥 인천연희연세병원점,본그룹,백반·죽·국수,인천광역시,서구,1,1.17196,-1.882338,growth_alpha,0.8348171834317457,1
ba_14690081,2025-08,본죽 신곡시장점,본그룹,백반·죽·국수,서울특별시,양천구,1,0.126332,0.354855,growth_alpha,0.9818246888273134,1
ba_14690081,2025-09,본죽 신곡시장점,본그룹,백반·죽·국수,서울특별시,양천구,0,-0.118492,2.209841,growth_alpha,0.9708645854275516,1
ba_14690086,2025-08,본죽&비빔밥 수지상현점,본그룹,백반·죽·국수,경기도,용인시,0,-0.041195,-0.093104,growth_alpha,0.8866900705587212,1
ba_14690086,2025-09,본죽&비빔밥 수지상현점,본그룹,백반·죽·국수,경기도,용인시,0,-0.253199,0.159906,growth_alpha,0.8492893312685581,1
ba_14690092,2025-08,본죽&비빔밥 인천불로동점,본그룹,백반·죽·국수,인천광역시,서구,1,3.884439,-0.131339,growth_alpha,0.4335679562270935,1
ba_14690092,2025-09,본죽&비빔밥 인천불로동점,본그룹,백반·죽·국수,인천광역시,서구,1,0.43388,-1.888663,growth_alpha,0.8333656512996079,1
ba_14690110,2025-08,본죽&비빔밥 신봉초교점,본그룹,백반·죽·국수,경기도,용인시,1,0.32249,0.040229,growth_alpha,0.8700816793858801,1
ba_14690110,2025-09,본죽&비빔밥 신봉초교점,본그룹,백반·죽·국수,경기도,용인시,0,0.005659,1.874238,growth_alpha,0.8885477094684981,1
ba_14690122,2025-08,본죽&비빔밥 용인죽전사거리도담마을점,본그룹,백반·죽·국수,경기도,용인시,1,2.3,-0.143104,growth_alpha,0.36016169726216113,1
ba_14690122,2025-09,본죽&비빔밥 용인죽전사거리도담마을점,본그룹,백반·죽·국수,경기도,용인시,1,37.412202,-1.827793,growth_alpha,0.38962212126354373,1
ba_14690124,2025-08,본죽&비빔밥 새터마을죽전현대홈타운점,본그룹,백반·죽·국수,경기도,용인시,1,0.13374,-0.118104,growth_alpha,0.7991799303027045,1
ba_14690124,2025-09,본죽&비빔밥 새터마을죽전현대홈타운점,본그룹,백반·죽·국수,경기도,용인시,0,-0.210313,0.638864,growth_alpha,0.8256160522330226,1
ba_14690154,2025-08,본죽&비빔밥 대화역점,본그룹,백반·죽·국수,경기도,고양시,1,0.292843,-0.240074,growth_alpha,0.7959637521352136,1
ba_14690154,2025-09,본죽&비빔밥 대화역점,본그룹,백반·죽·국수,경기도,고양시,0,0.038097,1.684266,growth_alpha,0.7362855269524236,1
ba_14690155,2025-08,본죽&비빔밥 김포걸포점,본그룹,백반·죽·국수,경기도,김포시,1,0.285445,0.10134,growth_alpha,0.9070688301841565,1
ba_14690155,2025-09,본죽&비빔밥 김포걸포점,본그룹,백반·죽·국수,경기도,김포시,0,-0.151768,3.667783,growth_alpha,0.9172729463985956,1
ba_14690378,2025-08,본죽 오금점,본그룹,백반·죽·국수,서울특별시,송파구,1,0.27026,0.390229,growth_alpha,0.8342508600898547,1
ba_14690378,2025-09,본죽 오금점,본그룹,백반·죽·국수,서울특별시,송파구,0,0.079545,-0.057482,growth_alpha,0.8464697056722559,1
ba_14690560,2025-08,본죽 창원경상대학교병원점,본그룹,백반·죽·국수,경상남도,창원시,0,-0.028571,0.356896,growth_alpha,0.08255171051608688,0
ba_14690560,2025-09,본죽 창원경상대학교병원점,본그룹,백반·죽·국수,경상남도,창원시,1,30.744168,-1.427793,growth_alpha,0.09952192463232362,0
ba_14690565,2025-08,본죽 창원중앙동점,본그룹,백반·죽·국수,경상남도,창원시,1,0.956406,-0.256147,growth_alpha,0.5109352627764014,1
ba_14690565,2025-09,본죽 창원중앙동점,본그룹,백반·죽·국수,경상남도,창원시,1,0.32044,2.620924,growth_alpha,0.7749360153806502,1
ba_14690576,2025-08,본죽&비빔밥 포항세명병원점,본그룹,백반·죽·국수,경상북도,포항시,0,0.0,-0.143104,growth_alpha,0.3232045638869711,1
ba_14690576,2025-09,본죽&비빔밥 포항세명병원점,본그룹,백반·죽·국수,경상북도,포항시,0,0.0,-1.827793,growth_alpha,0.3251820141727343,1
ba_14690577,2025-08,본죽&비빔밥 포항양덕점,본그룹,백반·죽·국수,경상북도,포항시,1,0.659463,-0.143104,growth_alpha,0.8443813203241648,1
ba_14690577,2025-09,본죽&비빔밥 포항양덕점,본그룹,백반·죽·국수,경상북도,포항시,0,0.013657,1.130477,growth_alpha,0.6129934671994778,1
ba_14690580,2025-08,본죽&비빔밥 포항문덕원동점,본그룹,백반·죽·국수,경상북도,포항시,0,0.0,-0.143104,growth_alpha,0.32821194335623427,1
ba_14690580,2025-09,본죽&비빔밥 포항문덕원동점,본그룹,백반·죽·국수,경상북도,포항시,0,0.0,-1.827793,growth_alpha,0.33020508272797505,1
ba_14690587,2025-08,본죽&비빔밥 포항법원점,본그룹,백반·죽·국수,경상북도,포항시,1,0.374679,1.416896,growth_alpha,0.9523994831412604,1
ba_14690587,2025-09,본죽&비빔밥 포항법원점,본그룹,백반·죽·국수,경상북도,포항시,0,-0.039939,1.0704,growth_alpha,0.9590848356673131,1
ba_14690597,2025-08,본죽&비빔밥 포항상원점,본그룹,백반·죽·국수,경상북도,포항시,0,0.0,-0.143104,growth_alpha,0.3422513326401507,1
ba_14690597,2025-09,본죽&비빔밥 포항상원점,본그룹,백반·죽·국수,경상북도,포항시,0,0.0,-1.827793,growth_alpha,0.34428603561697446,1
ba_14690630,2025-08,본죽&비빔밥 포항창포점,본그룹,백반·죽·국수,경상북도,포항시,1,0.770097,2.256896,growth_alpha,0.8979633215482642,1
ba_14690630,2025-09,본죽&비빔밥 포항창포점,본그룹,백반·죽·국수,경상북도,포항시,1,0.219069,1.924806,growth_alpha,0.8934510689787001,1
ba_14690658,2025-08,본죽&비빔밥 포항이인지구점,본그룹,백반·죽·국수,경상북도,포항시,0,0.0,-0.143104,growth_alpha,0.32055492238162253,1
ba_14690658,2025-09,본죽&비빔밥 포항이인지구점,본그룹,백반·죽·국수,경상북도,포항시,0,0.0,-1.827793,growth_alpha,0.3225238868425567,1
ba_14690660,2025-08,본죽&비빔밥 김해안동푸르지오점,본그룹,백반·죽·국수,경상남도,김해시,0,0.112552,-0.123749,growth_alpha,0.9063902014536713,1
ba_14690660,2025-09,본죽&비빔밥 김해안동푸르지오점,본그룹,백반·죽·국수,경상남도,김해시,0,-0.206526,0.254196,growth_alpha,0.9403854446040485,1
ba_14690665,2025-08,본죽&비빔밥 장유신문점,본그룹,백반·죽·국수,경상남도,김해시,1,0.256049,-0.081035,growth_alpha,0.9376671941267858,1
ba_14690665,2025-09,본죽&비빔밥 장유신문점,본그룹,백반·죽·국수,경상남도,김해시,0,-0.103115,0.994374,growth_alpha,0.9389443584307605,1
ba_14690672,2025-08,본죽&비빔밥 김해율하점,본그룹,백반·죽·국수,경상남도,김해시,0,0.113043,-0.184483,growth_alpha,0.2502327211996326,0
ba_14690672,2025-09,본죽&비빔밥 김해율하점,본그룹,백반·죽·국수,경상남도,김해시,1,55.05022,-1.812408,growth_alpha,0.37753161333282514,1
ba_14690673,2025-08,본죽&비빔밥 광주수완점,본그룹,백반·죽·국수,광주광역시,광산구,0,-0.027459,-0.070027,growth_alpha,0.9651607111855379,1
ba_14690673,2025-09,본죽&비빔밥 광주수완점,본그룹,백반·죽·국수,광주광역시,광산구,0,-0.237021,-0.181417,growth_alpha,0.9655509524504207,1
ba_14690674,2025-08,본죽&비빔밥 광주신가점,본그룹,백반·죽·국수,광주광역시,광산구,1,0.282048,-0.201641,growth_alpha,0.8969500344780577,1
ba_14690674,2025-09,본죽&비빔밥 광주신가점,본그룹,백반·죽·국수,광주광역시,광산구,0,-0.088879,1.891348,growth_alpha,0.893627965353587,1
ba_14690677,2025-08,본죽&비빔밥 김해어방점,본그룹,백반·죽·국수,경상남도,김해시,0,0.057136,0.001511,growth_alpha,0.9618546207612835,1
ba_14690677,2025-09,본죽&비빔밥 김해어방점,본그룹,백반·죽·국수,경상남도,김해시,0,-0.200423,0.543648,growth_alpha,0.9550139098214422,1
ba_14690680,2025-08,본죽&비빔밥 김해율하2지구점,본그룹,백반·죽·국수,경상남도,김해시,1,0.570249,0.044396,growth_alpha,0.9712888206955307,1
ba_14690680,2025-09,본죽&비빔밥 김해율하2지구점,본그룹,백반·죽·국수,경상남도,김해시,0,-0.003893,1.777456,growth_alpha,0.9765919577383254,1
ba_14690689,2025-08,본죽&비빔밥 광주신창점,본그룹,백반·죽·국수,광주광역시,광산구,1,0.801352,-0.039104,growth_alpha,0.9539226830253008,1
ba_14690689,2025-09,본죽&비빔밥 광주신창점,본그룹,백반·죽·국수,광주광역시,광산구,1,0.135211,7.671147,growth_alpha,0.9454475333703976,1
ba_14690695,2025-08,본죽&비빔밥 김해구산점,본그룹,백반·죽·국수,경상남도,김해시,1,4.604107,-0.004328,growth_alpha,0.9149130944891696,1
ba_14690695,2025-09,본죽&비빔밥 김해구산점,본그룹,백반·죽·국수,경상남도,김해시,1,0.557519,-1.53477,growth_alpha,0.9764269103369435,1
ba_14690704,2025-08,본죽&비빔밥 김해복음병원점,본그룹,백반·죽·국수,경상남도,김해시,1,9.112102,-0.085961,growth_alpha,0.7648107090467805,1
ba_14690704,2025-09,본죽&비빔밥 김해복음병원점,본그룹,백반·죽·국수,경상남도,김해시,1,1.020528,-1.427793,growth_alpha,0.84380678893722,1
ba_14690709,2025-08,본죽&비빔밥 김해진영점,본그룹,백반·죽·국수,경상남도,김해시,0,-0.982838,-0.205604,growth_alpha,0.39247507281254346,1
ba_14690709,2025-09,본죽&비빔밥 김해진영점,본그룹,백반·죽·국수,경상남도,김해시,0,-0.981465,-0.83,growth_alpha,0.3181236184464266,1
ba_14690712,2025-08,본죽&비빔밥 광주운남점,본그룹,백반·죽·국수,광주광역시,광산구,1,0.773236,-0.134408,growth_alpha,0.9143514220113034,1
ba_14690712,2025-09,본죽&비빔밥 광주운남점,본그룹,백반·죽·국수,광주광역시,광산구,1,0.297875,2.631267,growth_alpha,0.9244422709264939,1
ba_14690718,2025-08,본죽&비빔밥 광주노대점,본그룹,백반·죽·국수,광주광역시,남구,1,0.194229,-0.081566,growth_alpha,0.8290916533322027,1
ba_14690718,2025-09,본죽&비빔밥 광주노대점,본그룹,백반·죽·국수,광주광역시,남구,0,-0.060337,0.906341,growth_alpha,0.9167322297041027,1
ba_14690722,2025-08,본죽&비빔밥 광주월곡점,본그룹,백반·죽·국수,광주광역시,광산구,1,1.198676,-0.143104,growth_alpha,0.9022169153863896,1
ba_14690722,2025-09,본죽&비빔밥 광주월곡점,본그룹,백반·죽·국수,광주광역시,광산구,1,0.62318,2.091652,growth_alpha,0.8595005243315099,1
ba_14690723,2025-08,본죽&비빔밥 광주첨단월계점,본그룹,백반·죽·국수,광주광역시,광산구,1,0.119302,0.036896,growth_alpha,0.8476861075125472,1
ba_14690723,2025-09,본죽&비빔밥 광주첨단월계점,본그룹,백반·죽·국수,광주광역시,광산구,0,-0.259262,1.82226,growth_alpha,0.898095049139109,1
ba_14690724,2025-08,본죽&비빔밥 경남사천점,본그룹,백반·죽·국수,경상남도,사천시,1,0.339581,-0.343104,growth_alpha,0.3223619751676813,1
ba_14690724,2025-09,본죽&비빔밥 경남사천점,본그룹,백반·죽·국수,경상남도,사천시,0,-0.01481,0.134668,growth_alpha,0.29292711493723106,0
ba_14690725,2025-08,본죽&비빔밥 광주주월점,본그룹,백반·죽·국수,광주광역시,남구,0,0.012914,-0.121286,growth_alpha,0.871170402028884,1
ba_14690725,2025-09,본죽&비빔밥 광주주월점,본그룹,백반·죽·국수,광주광역시,남구,0,-0.152199,0.906733,growth_alpha,0.8185303945460954,1
ba_14690752,2025-08,본 죽&비빔밥 양산이마트앞점,본그룹,백반·죽·국수,경상남도,양산시,1,0.198637,-0.153273,growth_alpha,0.8657144001872966,1
ba_14690752,2025-09,본 죽&비빔밥 양산이마트앞점,본그룹,백반·죽·국수,경상남도,양산시,0,-0.078976,0.879001,growth_alpha,0.9348626300272845,1
ba_14690763,2025-08,본죽&비빔밥 양산남부시장점,본그룹,백반·죽·국수,경상남도,양산시,1,4.336276,-0.223104,growth_alpha,0.7769554368615826,1
ba_14690763,2025-09,본죽&비빔밥 양산남부시장점,본그룹,백반·죽·국수,경상남도,양산시,1,0.891074,-1.902793,growth_alpha,0.8225383396501332,1
ba_14690774,2025-08,본죽&비빔밥 진주신안점,본그룹,백반·죽·국수,경상남도,진주시,0,-0.444272,-0.091675,growth_alpha,0.7544493543583766,1
ba_14690774,2025-09,본죽&비빔밥 진주신안점,본그룹,백반·죽·국수,경상남도,진주시,0,-0.328015,-1.148865,growth_alpha,0.8662247118656089,1
ba_14690786,2025-08,본죽&비빔밥 광주문흥점,본그룹,백반·죽·국수,광주광역시,북구,1,1.059942,-0.121675,growth_alpha,0.914885464024073,1
ba_14690786,2025-09,본죽&비빔밥 광주문흥점,본그룹,백반·죽·국수,광주광역시,북구,0,0.057899,-1.761126,growth_alpha,0.8992320245413574,1
ba_14690806,2025-08,본죽&비빔밥 광주백운대성초교점,본그룹,백반·죽·국수,광주광역시,남구,1,0.41506,-0.183104,growth_alpha,0.8191223283464443,1
ba_14690806,2025-09,본죽&비빔밥 광주백운대성초교점,본그룹,백반·죽·국수,광주광역시,남구,0,0.096653,0.562998,growth_alpha,0.8668308299207348,1
ba_14690836,2025-08,본죽&비빔밥 마산내서점,본그룹,백반·죽·국수,경상남도,창원시,0,0.0,-0.343104,growth_alpha,0.32152472947966426,1
ba_14690836,2025-09,본죽&비빔밥 마산내서점,본그룹,백반·죽·국수,경상남도,창원시,0,0.0,-2.027793,growth_alpha,0.3234968146498382,1
ba_14690909,2025-08,본죽&비빔밥 마산회원동점,본그룹,백반·죽·국수,경상남도,창원시,0,-0.140741,-0.18428,growth_alpha,0.2560374479378321,0
ba_14690909,2025-09,본죽&비빔밥 마산회원동점,본그룹,백반·죽·국수,경상남도,창원시,0,-0.2,-1.787793,growth_alpha,0.30085295050827005,1
ba_14690983,2025-08,본죽&비빔밥 대전송촌점,본그룹,백반·죽·국수,대전광역시,대덕구,1,0.549862,0.229118,growth_alpha,0.9675031469738266,1
ba_14690983,2025-09,본죽&비빔밥 대전송촌점,본그룹,백반·죽·국수,대전광역시,대덕구,0,0.023445,1.68613,growth_alpha,0.9686628688904659,1
ba_14690992,2025-08,본죽&비빔밥 대전신탄점,본그룹,백반·죽·국수,대전광역시,대덕구,1,1.371274,-0.06942,growth_alpha,0.7188315581808903,1
ba_14690992,2025-09,본죽&비빔밥 대전신탄점,본그룹,백반·죽·국수,대전광역시,대덕구,1,0.321092,0.346071,growth_alpha,0.9242865533198676,1
ba_14691001,2025-08,본죽&비빔밥 광주연제점,본그룹,백반·죽·국수,광주광역시,북구,1,0.43565,0.056896,growth_alpha,0.8135616783066851,1
ba_14691001,2025-09,본죽&비빔밥 광주연제점,본그룹,백반·죽·국수,광주광역시,북구,0,-0.111235,2.957463,growth_alpha,0.8070558433197177,1
ba_14691005,2025-08,본죽&비빔밥 광주화정점,본그룹,백반·죽·국수,광주광역시,서구,1,0.495831,-0.138849,growth_alpha,0.9354674648567993,1
ba_14691005,2025-09,본죽&비빔밥 광주화정점,본그룹,백반·죽·국수,광주광역시,서구,1,0.30066,0.376443,growth_alpha,0.9599762427676173,1
ba_14691030,2025-08,본죽 대구진천역점,본그룹,백반·죽·국수,대구광역시,달서구,0,-0.002615,-0.174683,growth_alpha,0.910924404521629,1
ba_14691030,2025-09,본죽 대구진천역점,본그룹,백반·죽·국수,대구광역시,달서구,0,-0.208268,-0.10026,growth_alpha,0.8612673602489425,1
ba_14691036,2025-08,본죽&비빔밥 대구다사역점,본그룹,백반·죽·국수,대구광역시,달성군,1,0.141159,-0.176437,growth_alpha,0.8551904630987448,1
ba_14691036,2025-09,본죽&비빔밥 대구다사역점,본그룹,백반·죽·국수,대구광역시,달성군,0,-0.086913,0.8905,growth_alpha,0.8739276652062966,1
ba_14691037,2025-08,본죽&비빔밥 대전학하점,본그룹,백반·죽·국수,대전광역시,유성구,1,0.138901,-0.073873,growth_alpha,0.917112942126215,1
ba_14691037,2025-09,본죽&비빔밥 대전학하점,본그룹,백반·죽·국수,대전광역시,유성구,0,-0.13255,0.649586,growth_alpha,0.9212372201014878,1
ba_14691042,2025-08,본죽 대구서재점,본그룹,백반·죽·국수,대구광역시,달성군,0,-0.581262,0.011182,growth_alpha,0.9127667642684418,1
ba_14691042,2025-09,본죽 대구서재점,본그룹,백반·죽·국수,대구광역시,달성군,0,-0.717908,0.266812,growth_alpha,0.9141504646575653,1
ba_14691044,2025-08,본죽&비빔밥 대구대곡역점,본그룹,백반·죽·국수,대구광역시,달성군,1,0.132236,-0.093104,growth_alpha,0.69012297541248,1
ba_14691044,2025-09,본죽&비빔밥 대구대곡역점,본그룹,백반·죽·국수,대구광역시,달성군,0,-0.421107,2.224059,growth_alpha,0.6932136508084276,1
ba_14691048,2025-08,본죽&비빔밥 진해자은점,본그룹,백반·죽·국수,경상남도,창원시,0,0.0,-0.143104,growth_alpha,0.08872446215117329,0
ba_14691048,2025-09,본죽&비빔밥 진해자은점,본그룹,백반·죽·국수,경상남도,창원시,0,0.0,-1.827793,growth_alpha,0.08945692451000478,0
ba_14691059,2025-08,본죽 대구세천점,본그룹,백반·죽·국수,대구광역시,달성군,1,0.184952,-0.014533,growth_alpha,0.8189820105321796,1
ba_14691059,2025-09,본죽 대구세천점,본그룹,백반·죽·국수,대구광역시,달성군,0,-0.050946,0.693838,growth_alpha,0.8541777350445253,1
ba_14691062,2025-08,본죽&비빔밥 광주염주화정점,본그룹,백반·죽·국수,광주광역시,서구,0,0.025734,-0.077479,growth_alpha,0.9813758577918731,1
ba_14691062,2025-09,본죽&비빔밥 광주염주화정점,본그룹,백반·죽·국수,광주광역시,서구,0,-0.258876,2.586855,growth_alpha,0.9690481854835886,1
ba_14691072,2025-08,본죽&비빔밥 대구신서혁신지구점,본그룹,백반·죽·국수,대구광역시,동구,0,-0.229362,-0.155604,growth_alpha,0.8060891027149919,1
ba_14691072,2025-09,본죽&비빔밥 대구신서혁신지구점,본그룹,백반·죽·국수,대구광역시,동구,0,-0.320271,-0.13205,growth_alpha,0.4630535820712005,1
ba_14691077,2025-08,본죽&비빔밥 대구파티마병원점,본그룹,백반·죽·국수,대구광역시,동구,1,0.226228,0.018801,growth_alpha,0.9144071270880962,1
ba_14691077,2025-09,본죽&비빔밥 대구파티마병원점,본그룹,백반·죽·국수,대구광역시,동구,0,-0.103226,2.443016,growth_alpha,0.8831742552058595,1
ba_14691078,2025-08,본죽&비빔밥 통영항남점,본그룹,백반·죽·국수,경상남도,통영시,0,0.033333,-0.163104,growth_alpha,0.27202809430224956,0
ba_14691078,2025-09,본죽&비빔밥 통영항남점,본그룹,백반·죽·국수,경상남도,통영시,1,62.342813,-1.816682,growth_alpha,0.3330997026030744,1
ba_14691080,2025-08,본죽&비빔밥 대전유성온천역점,본그룹,백반·죽·국수,대전광역시,유성구,1,0.302614,6.923563,growth_alpha,0.9951047994549875,1
ba_14691080,2025-09,본죽&비빔밥 대전유성온천역점,본그룹,백반·죽·국수,대전광역시,유성구,0,0.10626,1.772723,growth_alpha,0.9921068502195304,1
ba_14691084,2025-08,본죽&비빔밥 대전죽동점,본그룹,백반·죽·국수,대전광역시,유성구,1,0.115285,-0.239878,growth_alpha,0.9353821521960978,1
ba_14691084,2025-09,본죽&비빔밥 대전죽동점,본그룹,백반·죽·국수,대전광역시,유성구,0,0.109781,-0.602001,growth_alpha,0.9186821522002363,1
ba_14691088,2025-08,본죽&비빔밥 경산터미널점,본그룹,백반·죽·국수,경상북도,경산시,1,2.140143,-0.283104,growth_alpha,0.7771793463003096,1
ba_14691088,2025-09,본죽&비빔밥 경산터미널점,본그룹,백반·죽·국수,경상북도,경산시,1,0.826689,0.606264,growth_alpha,0.8140773752271515,1
ba_14691089,2025-08,본죽&비빔밥 대전노은3지구점,본그룹,백반·죽·국수,대전광역시,유성구,1,0.284476,-0.127719,growth_alpha,0.8010152625037289,1
ba_14691089,2025-09,본죽&비빔밥 대전노은3지구점,본그룹,백반·죽·국수,대전광역시,유성구,0,0.040922,0.169414,growth_alpha,0.8152235325673576,1
ba_14691093,2025-08,본죽&비빔밥 대전노은점,본그룹,백반·죽·국수,대전광역시,유성구,1,0.251021,3.156896,growth_alpha,0.9557046053403773,1
ba_14691093,2025-09,본죽&비빔밥 대전노은점,본그룹,백반·죽·국수,대전광역시,유성구,0,-0.07822,1.22829,growth_alpha,0.9532148291539462,1
ba_14691101,2025-08,본죽&비빔밥 대구율하점,본그룹,백반·죽·국수,대구광역시,동구,1,0.333645,-0.240778,growth_alpha,0.8215201462388427,1
ba_14691101,2025-09,본죽&비빔밥 대구율하점,본그룹,백반·죽·국수,대구광역시,동구,0,-0.12971,1.626548,growth_alpha,0.948561407369549,1
ba_14691105,2025-08,본죽&비빔밥 대전하기동점,본그룹,백반·죽·국수,대전광역시,유성구,0,0.0,-0.343104,growth_alpha,0.3329064243782758,1
ba_14691105,2025-09,본죽&비빔밥 대전하기동점,본그룹,백반·죽·국수,대전광역시,유성구,0,0.0,-2.027793,growth_alpha,0.33491385948025026,1
ba_14691106,2025-08,본죽&비빔밥 대구동구청점,본그룹,백반·죽·국수,대구광역시,동구,1,0.202314,-0.091675,growth_alpha,0.9035071499284602,1
ba_14691106,2025-09,본죽&비빔밥 대구동구청점,본그룹,백반·죽·국수,대구광역시,동구,0,-0.188759,1.54015,growth_alpha,0.9131602688991556,1
ba_14691112,2025-08,본죽 대구방촌점,본그룹,백반·죽·국수,대구광역시,동구,1,0.23083,0.190229,growth_alpha,0.8868880867832349,1
ba_14691112,2025-09,본죽 대구방촌점,본그룹,백반·죽·국수,대구광역시,동구,0,-0.300417,1.647311,growth_alpha,0.8871209615892403,1
ba_14691116,2025-08,본죽&비빔밥 대구칠곡관음점,본그룹,백반·죽·국수,대구광역시,북구,1,0.730065,-0.106262,growth_alpha,0.8521507837761642,1
ba_14691116,2025-09,본죽&비빔밥 대구칠곡관음점,본그룹,백반·죽·국수,대구광역시,북구,1,0.195155,0.481012,growth_alpha,0.8770840577177287,1
ba_14691120,2025-08,본죽&비빔밥 대구북구청점,본그룹,백반·죽·국수,대구광역시,북구,1,0.167918,1.656896,growth_alpha,0.8362101266170952,1
ba_14691120,2025-09,본죽&비빔밥 대구북구청점,본그룹,백반·죽·국수,대구광역시,북구,0,-0.125286,1.314911,growth_alpha,0.8185709564717836,1
ba_14691122,2025-08,본죽 부산기장점,본그룹,백반·죽·국수,부산광역시,기장군,0,0.0,-0.143104,growth_alpha,0.09775351199025514,0
ba_14691122,2025-09,본죽 부산기장점,본그룹,백반·죽·국수,부산광역시,기장군,0,0.0,-1.827793,growth_alpha,0.09855245218452696,0
ba_14691130,2025-08,본죽 부산진역점,본그룹,백반·죽·국수,부산광역시,동구,0,0.001292,0.286896,growth_alpha,0.9215958877572036,1
ba_14691130,2025-09,본죽 부산진역점,본그룹,백반·죽·국수,부산광역시,동구,0,-0.221119,0.96,growth_alpha,0.9199351360486415,1
ba_14691145,2025-08,본죽&비빔밥 구미상모점,본그룹,백반·죽·국수,경상북도,구미시,1,0.22,-0.009771,growth_alpha,0.10489021532805566,0
ba_14691145,2025-09,본죽&비빔밥 구미상모점,본그룹,백반·죽·국수,경상북도,구미시,1,62.487427,-1.473947,growth_alpha,0.27053374296678284,0
ba_14691146,2025-08,본죽 부산범내골역점,본그룹,백반·죽·국수,부산광역시,부산진구,0,0.021509,-0.19866,growth_alpha,0.7127040712600816,1
ba_14691146,2025-09,본죽 부산범내골역점,본그룹,백반·죽·국수,부산광역시,부산진구,0,-0.181956,2.544635,growth_alpha,0.44026532920797684,1
ba_14691147,2025-08,본죽&비빔밥 안동성소병원점,본그룹,백반·죽·국수,경상북도,안동시,0,0.088889,-0.209771,growth_alpha,0.2547948147510013,0
ba_14691147,2025-09,본죽&비빔밥 안동성소병원점,본그룹,백반·죽·국수,경상북도,안동시,1,44.532646,-1.756364,growth_alpha,0.31830329748349334,1
ba_14691150,2025-08,본죽 다사죽곡점,본그룹,백반·죽·국수,대구광역시,달성군,1,0.144801,-0.054869,growth_alpha,0.9654297972529124,1
ba_14691150,2025-09,본죽 다사죽곡점,본그룹,백반·죽·국수,대구광역시,달성군,0,0.042715,0.716493,growth_alpha,0.9517790170246321,1
ba_14691155,2025-08,본죽&비빔밥 대구침산네거리점,본그룹,백반·죽·국수,대구광역시,북구,0,-0.17847,-0.113104,growth_alpha,0.9724785861650519,1
ba_14691155,2025-09,본죽&비빔밥 대구침산네거리점,본그룹,백반·죽·국수,대구광역시,북구,0,-0.288904,0.048836,growth_alpha,0.9598467509560696,1
ba_14691171,2025-08,본죽 부산서면점,본그룹,백반·죽·국수,부산광역시,부산진구,1,2.41976,-0.140119,growth_alpha,0.9600074054277522,1
ba_14691171,2025-09,본죽 부산서면점,본그룹,백반·죽·국수,부산광역시,부산진구,1,0.175549,-1.871911,growth_alpha,0.9884009277466421,1
ba_14691172,2025-08,본죽 대구산격점,본그룹,백반·죽·국수,대구광역시,북구,1,4.022411,-0.09866,growth_alpha,0.9133754452988174,1
ba_14691172,2025-09,본죽 대구산격점,본그룹,백반·죽·국수,대구광역시,북구,1,0.505222,-1.706054,growth_alpha,0.9674315000016679,1
ba_14691173,2025-08,본죽&비빔밥 대구복현동점,본그룹,백반·죽·국수,대구광역시,북구,1,0.331167,-0.007104,growth_alpha,0.8923572090159642,1
ba_14691173,2025-09,본죽&비빔밥 대구복현동점,본그룹,백반·죽·국수,대구광역시,북구,0,-0.193592,15.366069,growth_alpha,0.8649931643677057,1
ba_14691178,2025-08,본죽&비빔밥 대구서구청점,본그룹,백반·죽·국수,대구광역시,서구,0,0.066667,-0.075019,growth_alpha,0.713782296573456,1
ba_14691178,2025-09,본죽&비빔밥 대구서구청점,본그룹,백반·죽·국수,대구광역시,서구,1,1.553778,-1.768219,growth_alpha,0.9863000439494133,1
ba_14691179,2025-08,본죽&비빔밥 내당삼익뉴타운점,본그룹,백반·죽·국수,대구광역시,서구,0,-0.044325,0.05134,growth_alpha,0.9527214791803628,1
ba_14691179,2025-09,본죽&비빔밥 내당삼익뉴타운점,본그룹,백반·죽·국수,대구광역시,서구,0,-0.181572,0.646239,growth_alpha,0.947576622882605,1
ba_14691187,2025-08,본죽&비빔밥 대구평리뉴타운점,본그룹,백반·죽·국수,대구광역시,서구,1,0.15762,-0.009771,growth_alpha,0.8485258877326306,1
ba_14691187,2025-09,본죽&비빔밥 대구평리뉴타운점,본그룹,백반·죽·국수,대구광역시,서구,0,-0.079712,0.25622,growth_alpha,0.842039510209929,1
ba_14691194,2025-08,본죽&비빔밥 대구법원점,본그룹,백반·죽·국수,대구광역시,수성구,0,0.026647,0.181896,growth_alpha,0.8682833522506216,1
ba_14691194,2025-09,본죽&비빔밥 대구법원점,본그룹,백반·죽·국수,대구광역시,수성구,0,0.011985,0.084819,growth_alpha,0.843391104965781,1
ba_14691206,2025-08,굽네피자 강화선원점,굽네치킨,피자,인천광역시,강화군,0,0.0,-0.108569,growth_alpha,0.1642071232203904,0
ba_14691206,2025-09,굽네피자 강화선원점,굽네치킨,피자,인천광역시,강화군,0,0.0,-0.16389,growth_alpha,0.2819248125232931,0
ba_14691209,2025-08,본죽&비빔밥 대구두산점,본그룹,백반·죽·국수,대구광역시,수성구,0,0.08846,0.006896,growth_alpha,0.9534040801639776,1
ba_14691209,2025-09,본죽&비빔밥 대구두산점,본그룹,백반·죽·국수,대구광역시,수성구,0,-0.110335,0.999812,growth_alpha,0.9477107456178366,1
ba_14691228,2025-08,본죽&비빔밥 대구사월점,본그룹,백반·죽·국수,대구광역시,수성구,1,1.355619,-0.223104,growth_alpha,0.4156615727983398,1
ba_14691228,2025-09,본죽&비빔밥 대구사월점,본그룹,백반·죽·국수,대구광역시,수성구,1,0.262864,0.439796,growth_alpha,0.4614682176181553,1
ba_14691234,2025-08,본죽 대구남문시장점,본그룹,백반·죽·국수,대구광역시,중구,1,0.797699,-0.258893,growth_alpha,0.8261261322790674,1
ba_14691234,2025-09,본죽 대구남문시장점,본그룹,백반·죽·국수,대구광역시,중구,1,0.386119,-0.385803,growth_alpha,0.7349979537218279,1
ba_14691235,2025-08,본죽&비빔밥 대구범물동아백화점점,본그룹,백반·죽·국수,대구광역시,수성구,1,0.199073,-0.151437,growth_alpha,0.7796638932025076,1
ba_14691235,2025-09,본죽&비빔밥 대구범물동아백화점점,본그룹,백반·죽·국수,대구광역시,수성구,0,0.03459,0.245296,growth_alpha,0.5846758274462595,1
ba_14691237,2025-08,본죽 대구황금동점,본그룹,백반·죽·국수,대구광역시,수성구,0,-0.2,-0.268818,growth_alpha,0.378857458052355,1
ba_14691237,2025-09,본죽 대구황금동점,본그룹,백반·죽·국수,대구광역시,수성구,0,0.0,-2.007793,growth_alpha,0.38059307576344414,1
ba_14691245,2025-08,본죽&비빔밥 대구동성로점,본그룹,백반·죽·국수,대구광역시,중구,1,0.402953,0.015229,growth_alpha,0.8990357092694974,1
ba_14691245,2025-09,본죽&비빔밥 대구동성로점,본그룹,백반·죽·국수,대구광역시,중구,0,-0.01172,0.999896,growth_alpha,0.9111492950002447,1
ba_14691262,2025-08,본죽&비빔밥 대구상인롯데점,본그룹,백반·죽·국수,대구광역시,달서구,0,0.0,-0.143104,growth_alpha,0.21522700194160305,0
ba_14691262,2025-09,본죽&비빔밥 대구상인롯데점,본그룹,백반·죽·국수,대구광역시,달서구,0,0.0,-1.827793,growth_alpha,0.2167553969375264,0
ba_14691269,2025-08,본죽 대전도마사거리점,본그룹,백반·죽·국수,대전광역시,서구,1,0.267949,-0.048986,growth_alpha,0.8890809779921823,1
ba_14691269,2025-09,본죽 대전도마사거리점,본그룹,백반·죽·국수,대전광역시,서구,1,0.153197,0.424892,growth_alpha,0.8815182282765092,1
ba_14691270,2025-08,본죽&비빔밥 대구용산장기점,본그룹,백반·죽·국수,대구광역시,달서구,0,-0.623188,0.001014,growth_alpha,0.9649353800031472,1
ba_14691270,2025-09,본죽&비빔밥 대구용산장기점,본그룹,백반·죽·국수,대구광역시,달서구,0,-0.650478,-0.231342,growth_alpha,0.9571928260643701,1
ba_14691272,2025-08,본죽 대전비래점,본그룹,백반·죽·국수,대전광역시,대덕구,0,0.075,-0.266914,growth_alpha,0.1981059737919338,0
ba_14691272,2025-09,본죽 대전비래점,본그룹,백반·죽·국수,대전광역시,대덕구,1,78.835676,-1.89446,growth_alpha,0.2734957426469051,0
ba_14691273,2025-08,본죽&비빔밥 대구성서용산시장점,본그룹,백반·죽·국수,대구광역시,달서구,0,0.031915,-0.218966,growth_alpha,0.8357640531335826,1
ba_14691273,2025-09,본죽&비빔밥 대구성서용산시장점,본그룹,백반·죽·국수,대구광역시,달서구,0,-0.008511,-0.176328,growth_alpha,0.8453683066094232,1
ba_14691277,2025-08,본죽&비빔밥 대구달서구청점,본그룹,백반·죽·국수,대구광역시,달서구,1,0.210578,0.136896,growth_alpha,0.9170381742953984,1
ba_14691277,2025-09,본죽&비빔밥 대구달서구청점,본그룹,백반·죽·국수,대구광역시,달서구,0,-0.153848,0.435335,growth_alpha,0.94154569665431,1
ba_14691292,2025-08,본죽&비빔밥 대구신매시장점,본그룹,백반·죽·국수,대구광역시,수성구,0,0.071192,0.011441,growth_alpha,0.9168187698505981,1
ba_14691292,2025-09,본죽&비빔밥 대구신매시장점,본그룹,백반·죽·국수,대구광역시,수성구,0,-0.156166,0.538034,growth_alpha,0.9085160439308314,1
ba_14691295,2025-08,본죽&비빔밥 대구월촌역점,본그룹,백반·죽·국수,대구광역시,달서구,0,-0.101902,-0.020462,growth_alpha,0.9686363388017406,1
ba_14691295,2025-09,본죽&비빔밥 대구월촌역점,본그룹,백반·죽·국수,대구광역시,달서구,0,-0.254641,-0.399139,growth_alpha,0.9777707110614021,1
ba_14691296,2025-08,본죽 대덕테크노밸리점,본그룹,백반·죽·국수,대전광역시,유성구,1,0.968556,-0.276437,growth_alpha,0.8757763075850425,1
ba_14691296,2025-09,본죽 대덕테크노밸리점,본그룹,백반·죽·국수,대전광역시,유성구,1,0.314845,-0.428975,growth_alpha,0.8231437269120367,1
ba_14691298,2025-08,본죽&비빔밥 대전전민동점,본그룹,백반·죽·국수,대전광역시,유성구,0,0.008066,0.971182,growth_alpha,0.9423234755357137,1
ba_14691298,2025-09,본죽&비빔밥 대전전민동점,본그룹,백반·죽·국수,대전광역시,유성구,0,-0.237303,1.581141,growth_alpha,0.9275487843463045,1
ba_14691311,2025-08,본죽 경북왜관점,본그룹,백반·죽·국수,경상북도,칠곡군,0,0.0,-0.143104,growth_alpha,0.09476573800210203,0
ba_14691311,2025-09,본죽 경북왜관점,본그룹,백반·죽·국수,경상북도,칠곡군,0,0.0,-1.827793,growth_alpha,0.09554284494266137,0
ba_14691316,2025-08,본죽 포항오천점,본그룹,백반·죽·국수,경상북도,포항시,0,0.0,-0.143104,growth_alpha,0.3525407606646486,1
ba_14691316,2025-09,본죽 포항오천점,본그룹,백반·죽·국수,경상북도,포항시,0,0.0,-1.827793,growth_alpha,0.35460365639889285,1
ba_14691324,2025-08,본죽 포항지곡점,본그룹,백반·죽·국수,경상북도,포항시,0,0.0,-0.143104,growth_alpha,0.3586678739745757,1
ba_14691324,2025-09,본죽 포항지곡점,본그룹,백반·죽·국수,경상북도,포항시,0,0.0,-1.827793,growth_alpha,0.36074664633386433,1
ba_14691330,2025-08,본죽&비빔밥 구미형곡송정점,본그룹,백반·죽·국수,경상북도,구미시,1,0.131034,0.056896,growth_alpha,0.8380977250145571,1
ba_14691330,2025-09,본죽&비빔밥 구미형곡송정점,본그룹,백반·죽·국수,경상북도,구미시,0,-0.060064,0.216896,growth_alpha,0.8268350267498357,1
ba_14691338,2025-08,본죽 포항흥해점,본그룹,백반·죽·국수,경상북도,포항시,0,0.0,-0.143104,growth_alpha,0.34487578134374514,1
ba_14691338,2025-09,본죽 포항흥해점,본그룹,백반·죽·국수,경상북도,포항시,0,0.0,-1.827793,growth_alpha,0.34691785755503135,1
ba_14691344,2025-08,본죽&비빔밥 경산사동점,본그룹,백반·죽·국수,경상북도,경산시,1,0.208086,-0.143104,growth_alpha,0.93485711057033,1
ba_14691344,2025-09,본죽&비빔밥 경산사동점,본그룹,백반·죽·국수,경상북도,경산시,0,0.012383,0.208157,growth_alpha,0.9225903279396428,1
ba_14691361,2025-08,본죽&비빔밥 경산옥곡점,본그룹,백반·죽·국수,경상북도,경산시,1,0.21785,-0.047452,growth_alpha,0.949578013239921,1
ba_14691361,2025-09,본죽&비빔밥 경산옥곡점,본그룹,백반·죽·국수,경상북도,경산시,0,-0.08557,0.856945,growth_alpha,0.9408956446455399,1
ba_14691372,2025-08,본죽&비빔밥 구미신평비산점,본그룹,백반·죽·국수,경상북도,구미시,1,0.216255,0.256896,growth_alpha,0.8495144510763527,1
ba_14691372,2025-09,본죽&비빔밥 구미신평비산점,본그룹,백반·죽·국수,경상북도,구미시,0,-0.18636,1.595253,growth_alpha,0.5882059170830946,1
ba_14691375,2025-08,본죽&비빔밥 경산중산점,본그룹,백반·죽·국수,경상북도,경산시,0,0.106825,-0.036854,growth_alpha,0.9899580994092362,1
ba_14691375,2025-09,본죽&비빔밥 경산중산점,본그룹,백반·죽·국수,경상북도,경산시,0,-0.210075,0.882345,growth_alpha,0.9873488620184921,1
ba_14691387,2025-08,본죽&비빔밥 경주동국대병원점,본그룹,백반·죽·국수,경상북도,경주시,0,0.0,-0.143104,growth_alpha,0.32375513838914444,1
ba_14691387,2025-09,본죽&비빔밥 경주동국대병원점,본그룹,백반·죽·국수,경상북도,경주시,0,0.0,-1.827793,growth_alpha,0.32573433598293444,1
ba_14691400,2025-08,본죽&비빔밥 경산하양점,본그룹,백반·죽·국수,경상북도,경산시,1,1.08993,-0.143104,growth_alpha,0.8742186076905321,1
ba_14691400,2025-09,본죽&비빔밥 경산하양점,본그룹,백반·죽·국수,경상북도,경산시,1,0.506153,-1.827793,growth_alpha,0.34969941819845934,1
ba_14691401,2025-08,본죽&비빔밥 대구대학교점,본그룹,백반·죽·국수,경상북도,경산시,0,0.028698,-0.343104,growth_alpha,0.30415826011204705,1
ba_14691401,2025-09,본죽&비빔밥 대구대학교점,본그룹,백반·죽·국수,경상북도,경산시,0,-0.315504,0.182708,growth_alpha,0.71266266997489,1
ba_14691751,2025-08,본죽&비빔밥 대전판암점,본그룹,백반·죽·국수,대전광역시,동구,1,1.346012,-0.150122,growth_alpha,0.930935581465387,1
ba_14691751,2025-09,본죽&비빔밥 대전판암점,본그룹,백반·죽·국수,대전광역시,동구,1,0.30576,-1.802793,growth_alpha,0.9115831985998717,1
ba_14691791,2025-08,본죽 부산숙등역부민병원점,본그룹,백반·죽·국수,부산광역시,북구,0,0.069225,-0.184771,growth_alpha,0.75767109246923,1
ba_14691791,2025-09,본죽 부산숙등역부민병원점,본그룹,백반·죽·국수,부산광역시,북구,0,-0.224774,2.650255,growth_alpha,0.6875059530599974,1
ba_14691797,2025-08,본죽&비빔밥 부산모라점,본그룹,백반·죽·국수,부산광역시,사상구,1,1.319331,-0.124354,growth_alpha,0.7659886080149871,1
ba_14691797,2025-09,본죽&비빔밥 부산모라점,본그룹,백반·죽·국수,부산광역시,사상구,0,0.112357,-1.573248,growth_alpha,0.779411708955496,1
ba_14691798,2025-08,본죽&비빔밥 울산송정점,본그룹,백반·죽·국수,울산광역시,북구,0,-0.2,-0.300247,growth_alpha,0.36716018017066454,1
ba_14691798,2025-09,본죽&비빔밥 울산송정점,본그룹,백반·죽·국수,울산광역시,북구,0,0.0,-2.027793,growth_alpha,0.3689552402092284,1
ba_14691801,2025-08,본죽 부산구남점,본그룹,백반·죽·국수,부산광역시,북구,1,0.43166,-0.209771,growth_alpha,0.9120095117712046,1
ba_14691801,2025-09,본죽 부산구남점,본그룹,백반·죽·국수,부산광역시,북구,0,-0.019529,1.367643,growth_alpha,0.9387394668839589,1
ba_14691803,2025-08,본죽 부산학장점,본그룹,백반·죽·국수,부산광역시,사상구,0,-0.03871,-0.016788,growth_alpha,0.27392351646308,0
ba_14691803,2025-09,본죽 부산학장점,본그룹,백반·죽·국수,부산광역시,사상구,1,55.184593,-1.784315,growth_alpha,0.42909242296617367,1
ba_14691813,2025-08,본죽&비빔밥 울산호계점,본그룹,백반·죽·국수,울산광역시,북구,1,1.32885,-0.178398,growth_alpha,0.4783309375540654,1
ba_14691813,2025-09,본죽&비빔밥 울산호계점,본그룹,백반·죽·국수,울산광역시,북구,1,0.1697,2.626937,growth_alpha,0.5377971340122512,1
ba_14691815,2025-08,본죽 부산다대점,본그룹,백반·죽·국수,부산광역시,사하구,0,0.054054,-0.111854,growth_alpha,0.11923600919280819,0
ba_14691815,2025-09,본죽 부산다대점,본그룹,백반·죽·국수,부산광역시,사하구,1,66.110897,-1.827793,growth_alpha,0.12673765542769783,0
ba_14691817,2025-08,본죽 부산장림점,본그룹,백반·죽·국수,부산광역시,사하구,0,-0.026667,-0.128818,growth_alpha,0.10907408535971355,0
ba_14691817,2025-09,본죽 부산장림점,본그룹,백반·죽·국수,부산광역시,사하구,1,110.823117,-1.723031,growth_alpha,0.17449470344077014,0
ba_14691829,2025-08,본죽 부산신평가락타운점,본그룹,백반·죽·국수,부산광역시,사하구,1,0.454286,-0.221535,growth_alpha,0.7796553825253079,1
ba_14691829,2025-09,본죽 부산신평가락타운점,본그룹,백반·죽·국수,부산광역시,사하구,0,-0.131222,6.137121,growth_alpha,0.7568507581371966,1
ba_14691834,2025-08,본죽 부산고신대병원점,본그룹,백반·죽·국수,부산광역시,서구,0,0.066667,-0.043104,growth_alpha,0.09878973651366406,0
ba_14691834,2025-09,본죽 부산고신대병원점,본그룹,백반·죽·국수,부산광역시,서구,1,98.071883,-1.735485,growth_alpha,0.12046025983680393,0
ba_14691857,2025-08,본죽&비빔밥 부산명지국제중앙점,본그룹,백반·죽·국수,부산광역시,강서구,1,0.456864,-0.007104,growth_alpha,0.9443645884548929,1
ba_14691857,2025-09,본죽&비빔밥 부산명지국제중앙점,본그룹,백반·죽·국수,부산광역시,강서구,0,0.035757,1.067704,growth_alpha,0.9610046806914797,1
ba_14691859,2025-08,본죽&비빔밥 울산오토밸리점,본그룹,백반·죽·국수,울산광역시,북구,1,0.25671,-0.25739,growth_alpha,0.8216847805546723,1
ba_14691859,2025-09,본죽&비빔밥 울산오토밸리점,본그룹,백반·죽·국수,울산광역시,북구,0,-0.033254,0.158047,growth_alpha,0.8153451898193376,1
ba_14691860,2025-08,본죽&비빔밥 부산동삼점,본그룹,백반·죽·국수,부산광역시,영도구,0,0.036842,-0.119575,growth_alpha,0.23420269919227826,0
ba_14691860,2025-09,본죽&비빔밥 부산동삼점,본그룹,백반·죽·국수,부산광역시,영도구,1,58.430771,-1.703655,growth_alpha,0.3519144981929131,1
ba_14691861,2025-08,본죽&비빔밥 울산역금아드림점,본그룹,백반·죽·국수,울산광역시,울주군,1,0.3,-0.309771,growth_alpha,0.10192672157242916,0
ba_14691861,2025-09,본죽&비빔밥 울산역금아드림점,본그룹,백반·죽·국수,울산광역시,울주군,0,0.0,-1.927793,growth_alpha,0.10294362751404251,0
ba_14691863,2025-08,본죽&비빔밥 부산명지cgv점,본그룹,백반·죽·국수,부산광역시,강서구,0,0.0,-0.143104,growth_alpha,0.3529459748779179,1
ba_14691863,2025-09,본죽&비빔밥 부산명지cgv점,본그룹,백반·죽·국수,부산광역시,강서구,0,0.0,-1.827793,growth_alpha,0.35500994161534355,1
ba_14691864,2025-08,본죽&비빔밥 부산신호점,본그룹,백반·죽·국수,부산광역시,강서구,0,-0.2,-0.283845,growth_alpha,0.3628379003484622,1
ba_14691864,2025-09,본죽&비빔밥 부산신호점,본그룹,백반·죽·국수,부산광역시,강서구,0,0.0,-2.027793,growth_alpha,0.3645080381953853,1
ba_14691884,2025-08,본죽&비빔밥 구서쌍용예가점,본그룹,백반·죽·국수,부산광역시,금정구,0,0.011296,-0.05739,growth_alpha,0.35605088024598797,1
ba_14691884,2025-09,본죽&비빔밥 구서쌍용예가점,본그룹,백반·죽·국수,부산광역시,금정구,0,-0.134834,0.832105,growth_alpha,0.3044132112831591,1
ba_14691891,2025-08,본죽&비빔밥 울산성안점,본그룹,백반·죽·국수,울산광역시,중구,0,-0.032,-0.115831,growth_alpha,0.12113782663176115,0
ba_14691891,2025-09,본죽&비빔밥 울산성안점,본그룹,백반·죽·국수,울산광역시,중구,1,55.961133,-1.819097,growth_alpha,0.12331908203414298,0
ba_14691894,2025-08,본죽 광양마동점,본그룹,백반·죽·국수,전라남도,광양시,0,-0.155372,0.133086,growth_alpha,0.9567330936664821,1
ba_14691894,2025-09,본죽 광양마동점,본그룹,백반·죽·국수,전라남도,광양시,0,-0.608444,-1.487793,growth_alpha,0.9415945906459114,1
ba_14691901,2025-08,본죽&비빔밥 약사점,본그룹,백반·죽·국수,울산광역시,중구,1,0.172053,-0.017017,growth_alpha,0.9749715802513867,1
ba_14691901,2025-09,본죽&비빔밥 약사점,본그룹,백반·죽·국수,울산광역시,중구,0,-0.028836,0.655932,growth_alpha,0.9690062981331138,1
ba_14691904,2025-08,본죽&비빔밥 울산우정점,본그룹,백반·죽·국수,울산광역시,중구,0,-0.066667,-0.168104,growth_alpha,0.29118618856257744,0
ba_14691904,2025-09,본죽&비빔밥 울산우정점,본그룹,백반·죽·국수,울산광역시,중구,1,52.473085,-1.852793,growth_alpha,0.33544588729251484,1
ba_14691908,2025-08,본죽&비빔밥 부경대경성대점,본그룹,백반·죽·국수,부산광역시,남구,0,-0.604395,0.036383,growth_alpha,0.8421506248044892,1
ba_14691908,2025-09,본죽&비빔밥 부경대경성대점,본그룹,백반·죽·국수,부산광역시,남구,0,-0.550425,-0.866708,growth_alpha,0.9042206717942725,1
ba_14691909,2025-08,본죽&비빔밥 부산정관모전점,본그룹,백반·죽·국수,부산광역시,기장군,1,1.722314,0.556896,growth_alpha,0.7980560250352463,1
ba_14691909,2025-09,본죽&비빔밥 부산정관모전점,본그룹,백반·죽·국수,부산광역시,기장군,1,0.915693,0.986763,growth_alpha,0.8572085053917373,1
ba_14691910,2025-08,본죽&비빔밥 울산청량점,본그룹,백반·죽·국수,울산광역시,울주군,0,0.0,-0.143104,growth_alpha,0.375837847343929,1
ba_14691910,2025-09,본죽&비빔밥 울산청량점,본그룹,백반·죽·국수,울산광역시,울주군,0,0.0,-1.827793,growth_alpha,0.3779574869174728,1
ba_14691918,2025-08,본죽&비빔밥 방학도깨비시장점,본그룹,백반·죽·국수,서울특별시,도봉구,0,-0.1,0.356896,growth_alpha,0.33323801002874126,1
ba_14691918,2025-09,본죽&비빔밥 방학도깨비시장점,본그룹,백반·죽·국수,서울특별시,도봉구,1,74.604017,-1.59446,growth_alpha,0.4056530074027869,1
ba_14691943,2025-08,본죽&비빔밥 순천연향점,본그룹,백반·죽·국수,전라남도,순천시,0,0.067391,-0.130338,growth_alpha,0.9732675035297189,1
ba_14691943,2025-09,본죽&비빔밥 순천연향점,본그룹,백반·죽·국수,전라남도,순천시,0,-0.162658,1.261625,growth_alpha,0.966205051883913,1
ba_14691949,2025-08,본죽&비빔밥 부산범일점,본그룹,백반·죽·국수,부산광역시,동구,1,5.296155,-0.19138,growth_alpha,0.8631844031900257,1
ba_14691949,2025-09,본죽&비빔밥 부산범일점,본그룹,백반·죽·국수,부산광역시,동구,1,0.727099,-1.727793,growth_alpha,0.9640368759570592,1
ba_14691953,2025-08,본죽&비빔밥 순천오천점,본그룹,백반·죽·국수,전라남도,순천시,1,0.429907,-0.013104,growth_alpha,0.9127077113051422,1
ba_14691953,2025-09,본죽&비빔밥 순천오천점,본그룹,백반·죽·국수,전라남도,순천시,0,0.097186,0.413929,growth_alpha,0.9340934851073622,1
ba_14691958,2025-08,본죽&비빔밥 부산내성교차로점,본그룹,백반·죽·국수,부산광역시,동래구,1,0.215166,-0.15587,growth_alpha,0.9199700602796079,1
ba_14691958,2025-09,본죽&비빔밥 부산내성교차로점,본그룹,백반·죽·국수,부산광역시,동래구,0,-0.269128,2.504282,growth_alpha,0.9077785181339334,1
ba_14691965,2025-08,본죽&비빔밥 나주혁신호수공원점,본그룹,백반·죽·국수,전라남도,나주시,1,0.321266,-0.021675,growth_alpha,0.9078048266824428,1
ba_14691965,2025-09,본죽&비빔밥 나주혁신호수공원점,본그룹,백반·죽·국수,전라남도,나주시,0,-0.015106,0.590308,growth_alpha,0.9364827593109346,1
ba_14691969,2025-08,본죽&비빔밥 부산사직점,본그룹,백반·죽·국수,부산광역시,동래구,1,0.721857,0.038146,growth_alpha,0.9587364049667615,1
ba_14691969,2025-09,본죽&비빔밥 부산사직점,본그룹,백반·죽·국수,부산광역시,동래구,0,0.021734,16.43222,growth_alpha,0.9726179095613925,1
ba_14691974,2025-08,본죽&비빔밥 부산율리점,본그룹,백반·죽·국수,부산광역시,북구,1,0.16919,-0.151437,growth_alpha,0.9118554484662662,1
ba_14691974,2025-09,본죽&비빔밥 부산율리점,본그룹,백반·죽·국수,부산광역시,북구,0,-0.054179,0.262063,growth_alpha,0.881832505711675,1
ba_14691975,2025-08,본죽&비빔밥 백양산롯데캐슬점,본그룹,백반·죽·국수,부산광역시,부산진구,0,0.056407,0.18388,growth_alpha,0.9123932096694088,1
ba_14691975,2025-09,본죽&비빔밥 백양산롯데캐슬점,본그룹,백반·죽·국수,부산광역시,부산진구,0,-0.198617,1.12974,growth_alpha,0.9145862622960781,1
ba_14691976,2025-08,본죽&비빔밥 부산전포점,본그룹,백반·죽·국수,부산광역시,부산진구,1,0.283082,-0.004642,growth_alpha,0.9907771908260563,1
ba_14691976,2025-09,본죽&비빔밥 부산전포점,본그룹,백반·죽·국수,부산광역시,부산진구,0,0.03043,0.765126,growth_alpha,0.9901671837554382,1
ba_14691981,2025-08,본죽&비빔밥 부산개금점,본그룹,백반·죽·국수,부산광역시,부산진구,0,0.0,-0.143104,growth_alpha,0.34659831824208553,1
ba_14691981,2025-09,본죽&비빔밥 부산개금점,본그룹,백반·죽·국수,부산광역시,부산진구,0,0.0,-1.827793,growth_alpha,0.34864516595332895,1
ba_14691986,2025-08,본죽&비빔밥 제주삼화점,본그룹,백반·죽·국수,제주특별자치도,제주시,0,0.0,-0.143104,growth_alpha,0.3158232468450571,1
ba_14691986,2025-09,본죽&비빔밥 제주삼화점,본그룹,백반·죽·국수,제주특별자치도,제주시,0,0.0,-1.827793,growth_alpha,0.3177767407288442,1
ba_14691989,2025-08,본죽&비빔밥 여천신동아점,본그룹,백반·죽·국수,전라남도,여수시,1,0.364956,-0.021892,growth_alpha,0.9768029097255662,1
ba_14691989,2025-09,본죽&비빔밥 여천신동아점,본그룹,백반·죽·국수,전라남도,여수시,0,-0.04004,4.090642,growth_alpha,0.9650839107041975,1
ba_14691990,2025-08,본죽&비빔밥 제주아라점,본그룹,백반·죽·국수,제주특별자치도,제주시,0,0.0,-0.143104,growth_alpha,0.3127597918811468,1
ba_14691990,2025-09,본죽&비빔밥 제주아라점,본그룹,백반·죽·국수,제주특별자치도,제주시,0,0.0,-1.827793,growth_alpha,0.3147030529604042,1
ba_14691996,2025-08,본죽&비빔밥 부산덕천점,본그룹,백반·죽·국수,부산광역시,북구,1,0.237779,-0.050796,growth_alpha,0.8822580249498987,1
ba_14691996,2025-09,본죽&비빔밥 부산덕천점,본그룹,백반·죽·국수,부산광역시,북구,0,-0.096259,1.49951,growth_alpha,0.8352700464302041,1
ba_14691997,2025-08,본죽&비빔밥 부산사상점,본그룹,백반·죽·국수,부산광역시,사상구,0,0.086364,-0.143104,growth_alpha,0.2104617690749762,0
ba_14691997,2025-09,본죽&비빔밥 부산사상점,본그룹,백반·죽·국수,부산광역시,사상구,1,80.665924,-1.75482,growth_alpha,0.2681966186688336,0
ba_14691998,2025-08,본죽&비빔밥 부산엄궁점,본그룹,백반·죽·국수,부산광역시,사상구,0,-0.392857,0.016896,growth_alpha,0.8997355511897839,1
ba_14691998,2025-09,본죽&비빔밥 부산엄궁점,본그룹,백반·죽·국수,부산광역시,사상구,0,-0.756993,0.545055,growth_alpha,0.9014549719979603,1
ba_14691999,2025-08,본죽&비빔밥 부산동래점,본그룹,백반·죽·국수,부산광역시,동래구,1,0.952023,-0.058489,growth_alpha,0.9306239767861233,1
ba_14691999,2025-09,본죽&비빔밥 부산동래점,본그룹,백반·죽·국수,부산광역시,동래구,1,0.385895,2.7037,growth_alpha,0.9115103984220427,1
ba_14692012,2025-08,본죽&비빔밥 여수여서점,본그룹,백반·죽·국수,전라남도,여수시,1,0.303951,-0.190991,growth_alpha,0.9809762442987122,1
ba_14692012,2025-09,본죽&비빔밥 여수여서점,본그룹,백반·죽·국수,전라남도,여수시,0,-0.140026,2.324325,growth_alpha,0.9836672248260504,1
ba_14692022,2025-08,본죽&비빔밥 여수죽림점,본그룹,백반·죽·국수,전라남도,여수시,1,0.243796,-0.086854,growth_alpha,0.960158706787321,1
ba_14692022,2025-09,본죽&비빔밥 여수죽림점,본그룹,백반·죽·국수,전라남도,여수시,0,-0.142103,1.17578,growth_alpha,0.9533370174569891,1
ba_14692035,2025-08,본죽&비빔밥 여수미평점,본그룹,백반·죽·국수,전라남도,여수시,0,0.064,-0.079946,growth_alpha,0.26454375556600923,0
ba_14692035,2025-09,본죽&비빔밥 여수미평점,본그룹,백반·죽·국수,전라남도,여수시,1,83.807286,-1.80052,growth_alpha,0.2712632121505071,0
ba_14692042,2025-08,굽네치킨 강화선원점,굽네치킨,치킨,인천광역시,강화군,0,0.0,-0.310001,growth_alpha,0.12270143963272505,0
ba_14692042,2025-09,굽네치킨 강화선원점,굽네치킨,치킨,인천광역시,강화군,0,0.0,-0.166312,growth_alpha,0.21820193034357407,0
ba_14692056,2025-08,본죽&비빔밥 자양동점,본그룹,백반·죽·국수,서울특별시,광진구,0,0.0,-0.143104,growth_alpha,0.11563226547325747,0
ba_14692056,2025-09,본죽&비빔밥 자양동점,본그룹,백반·죽·국수,서울특별시,광진구,0,0.0,-1.827793,growth_alpha,0.11655845164957274,0
ba_14692060,2025-08,본죽&비빔밥 돌곶이역점,본그룹,백반·죽·국수,서울특별시,성북구,1,0.449565,0.00305,growth_alpha,0.9735511904133963,1
ba_14692060,2025-09,본죽&비빔밥 돌곶이역점,본그룹,백반·죽·국수,서울특별시,성북구,0,0.109682,1.685623,growth_alpha,0.9687473270886185,1
ba_14692077,2025-08,본죽&비빔밥 진주혁신중앙점,본그룹,백반·죽·국수,경상남도,진주시,0,-0.1,-0.120882,growth_alpha,0.19723501665564772,0
ba_14692077,2025-09,본죽&비빔밥 진주혁신중앙점,본그룹,백반·죽·국수,경상남도,진주시,1,83.875072,-1.805571,growth_alpha,0.16289989073342573,0
ba_14692087,2025-08,본죽&비빔밥 신제주점,본그룹,백반·죽·국수,제주특별자치도,제주시,0,0.0,-0.143104,growth_alpha,0.31647936716719877,1
ba_14692087,2025-09,본죽&비빔밥 신제주점,본그룹,백반·죽·국수,제주특별자치도,제주시,0,0.0,-1.827793,growth_alpha,0.31843503054094074,1
ba_14692092,2025-08,본죽&비빔밥 제주외도점,본그룹,백반·죽·국수,제주특별자치도,제주시,0,-1.0,-0.336437,growth_alpha,0.3307381767632856,1
ba_14692092,2025-09,본죽&비빔밥 제주외도점,본그룹,백반·죽·국수,제주특별자치도,제주시,0,-1.0,-2.015293,growth_alpha,0.3145994427091019,1
ba_14692116,2025-08,본죽&비빔밥 부산수영점,본그룹,백반·죽·국수,부산광역시,수영구,1,0.114348,0.426461,growth_alpha,0.993595492160394,1
ba_14692116,2025-09,본죽&비빔밥 부산수영점,본그룹,백반·죽·국수,부산광역시,수영구,0,-0.172545,1.718396,growth_alpha,0.9915869635884381,1
ba_14692118,2025-08,본죽&비빔밥 여수소호점,본그룹,백반·죽·국수,전라남도,여수시,1,0.375683,1.756896,growth_alpha,0.8793505055685257,1
ba_14692118,2025-09,본죽&비빔밥 여수소호점,본그룹,백반·죽·국수,전라남도,여수시,0,-0.071473,0.80925,growth_alpha,0.8698379290821808,1
ba_14692121,2025-08,본죽&비빔밥 부산법조타운점,본그룹,백반·죽·국수,부산광역시,연제구,0,0.108091,-0.109771,growth_alpha,0.8479721621820014,1
ba_14692121,2025-09,본죽&비빔밥 부산법조타운점,본그룹,백반·죽·국수,부산광역시,연제구,0,-0.201086,1.22668,growth_alpha,0.8516219755850196,1
ba_14692146,2025-08,본죽&비빔밥 부산재송점,본그룹,백반·죽·국수,부산광역시,해운대구,1,4.58322,-0.076437,growth_alpha,0.5866870722982521,1
ba_14692146,2025-09,본죽&비빔밥 부산재송점,본그룹,백반·죽·국수,부산광역시,해운대구,1,0.448582,-1.790293,growth_alpha,0.8763842709596892,1
ba_14692155,2025-08,본죽&비빔밥 해운대백병원점,본그룹,백반·죽·국수,부산광역시,해운대구,1,0.52176,0.300646,growth_alpha,0.9537317575331048,1
ba_14692155,2025-09,본죽&비빔밥 해운대백병원점,본그룹,백반·죽·국수,부산광역시,해운대구,0,0.02855,2.95417,growth_alpha,0.9461204724135877,1
ba_14692164,2025-08,본죽 세종고운점,본그룹,백반·죽·국수,세종특별자치시,마음로,0,0.048553,-0.258893,growth_alpha,0.7793453984430839,1
ba_14692164,2025-09,본죽 세종고운점,본그룹,백반·죽·국수,세종특별자치시,마음로,0,-0.143076,0.064013,growth_alpha,0.5119566473525947,1
ba_14692165,2025-08,본죽 세종아름점,본그룹,백반·죽·국수,세종특별자치시,보듬3로,1,0.507693,0.062301,growth_alpha,0.9256938534150394,1
ba_14692165,2025-09,본죽 세종아름점,본그룹,백반·죽·국수,세종특별자치시,보듬3로,0,0.052079,1.458985,growth_alpha,0.9441009763654353,1
ba_14692168,2025-08,본죽&비빔밥 해운대장산역점,본그룹,백반·죽·국수,부산광역시,해운대구,1,1.110556,-0.037357,growth_alpha,0.9776240050603742,1
ba_14692168,2025-09,본죽&비빔밥 해운대장산역점,본그룹,백반·죽·국수,부산광역시,해운대구,0,-0.021847,-1.695263,growth_alpha,0.9870072383685515,1
ba_14692178,2025-08,본죽&비빔밥 제주함덕점,본그룹,백반·죽·국수,제주특별자치도,제주시,0,-0.712076,1.056896,growth_alpha,0.8284877206005226,1
ba_14692178,2025-09,본죽&비빔밥 제주함덕점,본그룹,백반·죽·국수,제주특별자치도,제주시,0,-0.581385,-0.420989,growth_alpha,0.32075160633141264,1
ba_14692185,2025-08,본죽&비빔밥 세종첫마을점,본그룹,백반·죽·국수,세종특별자치시,노을3로,0,-0.064103,-0.018104,growth_alpha,0.5734763891829552,1
ba_14692185,2025-09,본죽&비빔밥 세종첫마을점,본그룹,백반·죽·국수,세종특별자치시,노을3로,1,0.402078,-1.727793,growth_alpha,0.8019822645490613,1
ba_14692190,2025-08,본죽&비빔밥 세종다정점,본그룹,백반·죽·국수,세종특별자치시,다정중앙로,0,-0.131337,11.086296,growth_alpha,0.9744027374393732,1
ba_14692190,2025-09,본죽&비빔밥 세종다정점,본그룹,백반·죽·국수,세종특별자치시,다정중앙로,0,-0.264839,-0.370386,growth_alpha,0.9671832788474533,1
ba_14692194,2025-08,본죽&비빔밥 익산영등제일점,본그룹,백반·죽·국수,전북특별자치도,익산시,1,0.222367,0.011441,growth_alpha,0.9106398447771581,1
ba_14692194,2025-09,본죽&비빔밥 익산영등제일점,본그룹,백반·죽·국수,전북특별자치도,익산시,0,-0.147147,2.152808,growth_alpha,0.8925762694846174,1
ba_14692201,2025-08,본죽&비빔밥 세종반곡점,본그룹,백반·죽·국수,세종특별자치시,한누리대로,0,-0.014992,-0.124922,growth_alpha,0.8010318942044351,1
ba_14692201,2025-09,본죽&비빔밥 세종반곡점,본그룹,백반·죽·국수,세종특별자치시,한누리대로,0,0.018029,-0.347008,growth_alpha,0.9493779023263488,1
ba_14692211,2025-08,본죽&비빔밥 세종해밀점,본그룹,백반·죽·국수,세종특별자치시,해밀3로,0,-0.03409,-0.156897,growth_alpha,0.8976584079348093,1
ba_14692211,2025-09,본죽&비빔밥 세종해밀점,본그룹,백반·죽·국수,세종특별자치시,해밀3로,0,-0.2436,0.323478,growth_alpha,0.9038954220516209,1
ba_14692212,2025-08,본죽&비빔밥 세종대평점,본그룹,백반·죽·국수,세종특별자치시,한누리대로,0,-0.041932,-0.209771,growth_alpha,0.7856494453409177,1
ba_14692212,2025-09,본죽&비빔밥 세종대평점,본그룹,백반·죽·국수,세종특별자치시,한누리대로,0,-0.162855,-0.351903,growth_alpha,0.7848292578576848,1
ba_14692216,2025-08,본죽&비빔밥 조치원죽림점,본그룹,백반·죽·국수,세종특별자치시,조치원읍,0,0.055072,-0.143104,growth_alpha,0.7088999292446869,1
ba_14692216,2025-09,본죽&비빔밥 조치원죽림점,본그룹,백반·죽·국수,세종특별자치시,조치원읍,1,0.49419,-0.477793,growth_alpha,0.9306251747000761,1
ba_14692232,2025-08,본죽 아산용화점,본그룹,백반·죽·국수,충청남도,아산시,0,0.098396,0.123563,growth_alpha,0.8704478795481363,1
ba_14692232,2025-09,본죽 아산용화점,본그룹,백반·죽·국수,충청남도,아산시,0,-0.167056,3.500368,growth_alpha,0.8553397977728002,1
ba_14692242,2025-08,본죽&비빔밥 천안쌍용이마트점,본그룹,백반·죽·국수,충청남도,천안시,1,1.215077,0.103563,growth_alpha,0.7354498059818764,1
ba_14692242,2025-09,본죽&비빔밥 천안쌍용이마트점,본그룹,백반·죽·국수,충청남도,천안시,0,-0.327763,1.629923,growth_alpha,0.9879571371159122,1
ba_14692246,2025-08,본죽&비빔밥 천안성성점,본그룹,백반·죽·국수,충청남도,천안시,0,0.057794,-0.048367,growth_alpha,0.9138558647424924,1
ba_14692246,2025-09,본죽&비빔밥 천안성성점,본그룹,백반·죽·국수,충청남도,천안시,0,-0.121591,0.227167,growth_alpha,0.9195821951168579,1
ba_14692251,2025-08,본죽&비빔밥 천안두정점,본그룹,백반·죽·국수,충청남도,천안시,1,0.315838,0.180184,growth_alpha,0.9994031712862596,1
ba_14692251,2025-09,본죽&비빔밥 천안두정점,본그룹,백반·죽·국수,충청남도,천안시,0,-0.347515,-1.64446,growth_alpha,0.997627136923039,1
ba_14692256,2025-08,본죽&비빔밥 천안성거점,본그룹,백반·죽·국수,충청남도,천안시,0,0.0,-0.143104,growth_alpha,0.37792052915098784,1
ba_14692256,2025-09,본죽&비빔밥 천안성거점,본그룹,백반·죽·국수,충청남도,천안시,0,0.0,-1.827793,growth_alpha,0.38004476266875253,1
ba_14692258,2025-08,본죽 천안쌍용1동점,본그룹,백반·죽·국수,충청남도,천안시,1,0.11591,0.116896,growth_alpha,0.895391432651072,1
ba_14692258,2025-09,본죽 천안쌍용1동점,본그룹,백반·죽·국수,충청남도,천안시,0,-0.326373,1.603485,growth_alpha,0.9098266129637234,1
ba_14692275,2025-08,본죽&비빔밥 전주객사점,본그룹,백반·죽·국수,전북특별자치도,전주시,1,0.278773,0.116355,growth_alpha,0.9392947041924774,1
ba_14692275,2025-09,본죽&비빔밥 전주객사점,본그룹,백반·죽·국수,전북특별자치도,전주시,0,-0.111392,1.226497,growth_alpha,0.9470226070429036,1
ba_14692278,2025-08,본죽 제천하소점,본그룹,백반·죽·국수,충청북도,제천시,1,0.722281,-0.226437,growth_alpha,0.8274557125379151,1
ba_14692278,2025-09,본죽 제천하소점,본그룹,백반·죽·국수,충청북도,제천시,0,-0.172661,-1.90052,growth_alpha,0.7786790094405883,1
ba_14692282,2025-08,본죽&비빔밥 당진수청점,본그룹,백반·죽·국수,충청남도,당진시,0,0.0,-0.143104,growth_alpha,0.3740137376501632,1
ba_14692282,2025-09,본죽&비빔밥 당진수청점,본그룹,백반·죽·국수,충청남도,당진시,0,0.0,-1.827793,growth_alpha,0.37612928909787396,1
ba_14692289,2025-08,본죽&비빔밥 당진점,본그룹,백반·죽·국수,충청남도,당진시,0,0.0,-0.143104,growth_alpha,0.38212541287829377,1
ba_14692289,2025-09,본죽&비빔밥 당진점,본그룹,백반·죽·국수,충청남도,당진시,0,0.0,-1.827793,growth_alpha,0.384258682052512,1
ba_14692291,2025-08,본죽 청주하복대점,본그룹,백반·죽·국수,충청북도,청주시,0,-0.078571,-0.088559,growth_alpha,0.1125135200312042,0
ba_14692291,2025-09,본죽 청주하복대점,본그룹,백반·죽·국수,충청북도,청주시,1,38.362646,-1.717793,growth_alpha,0.10384966908878838,0
ba_14692319,2025-08,본죽&비빔밥 제주강정점,본그룹,백반·죽·국수,제주특별자치도,서귀포시,0,0.0,-0.143104,growth_alpha,0.3236309519598021,1
ba_14692319,2025-09,본죽&비빔밥 제주강정점,본그룹,백반·죽·국수,제주특별자치도,서귀포시,0,0.0,-1.827793,growth_alpha,0.3256097559146626,1
ba_14692326,2025-08,본죽&비빔밥 제천청전점,본그룹,백반·죽·국수,충청북도,제천시,1,0.355734,0.037848,growth_alpha,0.9390450355313318,1
ba_14692326,2025-09,본죽&비빔밥 제천청전점,본그룹,백반·죽·국수,충청북도,제천시,0,0.097554,1.32205,growth_alpha,0.9476510314811302,1
ba_14692339,2025-08,본죽&비빔밥 청주분평점,본그룹,백반·죽·국수,충청북도,청주시,0,-0.247319,-0.231993,growth_alpha,0.7388969447908367,1
ba_14692339,2025-09,본죽&비빔밥 청주분평점,본그룹,백반·죽·국수,충청북도,청주시,0,-0.202644,-0.343084,growth_alpha,0.3635859508099004,1
ba_14692346,2025-08,본죽&비빔밥 보령동대점,본그룹,백반·죽·국수,충청남도,보령시,1,1.195921,-0.143104,growth_alpha,0.9347250161495787,1
ba_14692346,2025-09,본죽&비빔밥 보령동대점,본그룹,백반·죽·국수,충청남도,보령시,0,0.068024,-1.832793,growth_alpha,0.9192665365586086,1
ba_14692368,2025-08,본죽&비빔밥 제주서귀포동홍점,본그룹,백반·죽·국수,제주특별자치도,서귀포시,0,-0.8,-0.343104,growth_alpha,0.3293819324134451,1
ba_14692368,2025-09,본죽&비빔밥 제주서귀포동홍점,본그룹,백반·죽·국수,제주특별자치도,서귀포시,0,-0.8,-1.827793,growth_alpha,0.3200753598665237,1
ba_14692383,2025-08,본죽&비빔밥 울산신정시장점,본그룹,백반·죽·국수,울산광역시,남구,0,-0.014286,-0.150001,growth_alpha,0.11097840119505137,0
ba_14692383,2025-09,본죽&비빔밥 울산신정시장점,본그룹,백반·죽·국수,울산광역시,남구,1,50.671482,-1.775619,growth_alpha,0.10064754191115045,0
ba_14692433,2025-08,본죽&비빔밥 충주계룡힐스점,본그룹,백반·죽·국수,충청북도,충주시,1,0.236694,-0.122414,growth_alpha,0.9294855234482761,1
ba_14692433,2025-09,본죽&비빔밥 충주계룡힐스점,본그룹,백반·죽·국수,충청북도,충주시,0,-0.038228,0.635886,growth_alpha,0.907623067001982,1
ba_14692434,2025-08,본죽&비빔밥 천안백석푸르지오점,본그룹,백반·죽·국수,충청남도,천안시,1,0.213333,-0.185209,growth_alpha,0.31977360998553,1
ba_14692434,2025-09,본죽&비빔밥 천안백석푸르지오점,본그룹,백반·죽·국수,충청남도,천안시,1,59.326854,-1.880425,growth_alpha,0.36523282446903155,1
ba_14692439,2025-08,본죽&비빔밥 청주오송파라곤점,본그룹,백반·죽·국수,충청북도,청주시,0,0.006735,0.09219,growth_alpha,0.9588612090848271,1
ba_14692439,2025-09,본죽&비빔밥 청주오송파라곤점,본그룹,백반·죽·국수,충청북도,청주시,0,-0.179541,0.563052,growth_alpha,0.9559811423784556,1
ba_14692455,2025-08,본죽&비빔밥 천안신불당북부점,본그룹,백반·죽·국수,충청남도,천안시,1,0.267359,0.406896,growth_alpha,0.9019881940114652,1
ba_14692455,2025-09,본죽&비빔밥 천안신불당북부점,본그룹,백반·죽·국수,충청남도,천안시,0,-0.172013,2.294369,growth_alpha,0.914427150279979,1
ba_14692459,2025-08,본죽&비빔밥 천안불당점,본그룹,백반·죽·국수,충청남도,천안시,1,0.611195,0.105545,growth_alpha,0.9720685378898112,1
ba_14692459,2025-09,본죽&비빔밥 천안불당점,본그룹,백반·죽·국수,충청남도,천안시,0,-0.366605,-1.636884,growth_alpha,0.9788746150567186,1
ba_14692460,2025-08,본죽 안양샘병원점,본그룹,백반·죽·국수,경기도,안양시,0,-0.00965,-0.250796,growth_alpha,0.8444059162753753,1
ba_14692460,2025-09,본죽 안양샘병원점,본그룹,백반·죽·국수,경기도,안양시,0,-0.108253,-0.683302,growth_alpha,0.6990090703715448,1
ba_14692482,2025-08,본죽&비빔밥 충주호암점,본그룹,백반·죽·국수,충청북도,충주시,1,0.199263,-0.017523,growth_alpha,0.9622531007913961,1
ba_14692482,2025-09,본죽&비빔밥 충주호암점,본그룹,백반·죽·국수,충청북도,충주시,0,-0.102928,0.971951,growth_alpha,0.9683275967244231,1
ba_14692505,2025-08,본죽&비빔밥 울산남목점,본그룹,백반·죽·국수,울산광역시,동구,1,0.501989,-0.066914,growth_alpha,0.9267176284405698,1
ba_14692505,2025-09,본죽&비빔밥 울산남목점,본그룹,백반·죽·국수,울산광역시,동구,0,0.107233,1.247911,growth_alpha,0.9312501975016528,1
ba_14692549,2025-08,본죽&비빔밥 안양덕천래미안점,본그룹,백반·죽·국수,경기도,안양시,1,0.573673,0.10134,growth_alpha,0.9206051699200832,1
ba_14692549,2025-09,본죽&비빔밥 안양덕천래미안점,본그룹,백반·죽·국수,경기도,안양시,0,-0.187518,-1.507793,growth_alpha,0.9276437380224831,1
ba_14692551,2025-08,본죽&비빔밥 당산점,본그룹,백반·죽·국수,서울특별시,영등포구,1,0.179784,-0.231104,growth_alpha,0.8803623330301327,1
ba_14692551,2025-09,본죽&비빔밥 당산점,본그룹,백반·죽·국수,서울특별시,영등포구,0,-0.022624,0.239524,growth_alpha,0.8739902028284263,1
ba_14692592,2025-08,본죽 의정부가능역점,본그룹,백반·죽·국수,경기도,의정부시,1,1.159049,-0.19138,growth_alpha,0.8163487395930915,1
ba_14692592,2025-09,본죽 의정부가능역점,본그룹,백반·죽·국수,경기도,의정부시,0,-0.176238,-1.910552,growth_alpha,0.843116208294716,1
ba_14692796,2025-08,본죽&비빔밥 아산모종점,본그룹,백반·죽·국수,충청남도,아산시,1,1.542465,-0.060345,growth_alpha,0.869140854283571,1
ba_14692796,2025-09,본죽&비빔밥 아산모종점,본그룹,백반·죽·국수,충청남도,아산시,0,0.100569,-1.827793,growth_alpha,0.6841881685967233,1
ba_14692985,2025-08,본죽&비빔밥 천안청당점,본그룹,백반·죽·국수,충청남도,천안시,1,0.36019,0.656896,growth_alpha,0.8667889709562053,1
ba_14692985,2025-09,본죽&비빔밥 천안청당점,본그룹,백반·죽·국수,충청남도,천안시,0,-0.154673,1.460336,growth_alpha,0.7494796943594058,1
ba_14693042,2025-08,본죽&비빔밥 전주예수병원점,본그룹,백반·죽·국수,전북특별자치도,전주시,0,-0.063943,0.056896,growth_alpha,0.5717677023263895,1
ba_14693042,2025-09,본죽&비빔밥 전주예수병원점,본그룹,백반·죽·국수,전북특별자치도,전주시,0,-0.209682,0.777543,growth_alpha,0.5064763865549281,1
ba_14693289,2025-08,본죽&비빔밥 천안쌍용3동점,본그룹,백반·죽·국수,충청남도,천안시,0,-0.137143,-0.238626,growth_alpha,0.3187128995080915,1
ba_14693289,2025-09,본죽&비빔밥 천안쌍용3동점,본그룹,백반·죽·국수,충청남도,천안시,0,-0.066667,-1.958941,growth_alpha,0.10546556234688044,0
ba_14694145,2025-08,본죽&비빔밥 합정역점,본그룹,백반·죽·국수,서울특별시,마포구,0,-0.170542,-0.176437,growth_alpha,0.8728349585322958,1
ba_14694145,2025-09,본죽&비빔밥 합정역점,본그룹,백반·죽·국수,서울특별시,마포구,0,-0.434807,0.966487,growth_alpha,0.8447449543169362,1
ba_14694148,2025-08,본죽 통영점,본그룹,백반·죽·국수,경상남도,통영시,1,0.217759,0.240229,growth_alpha,0.9367906603277225,1
ba_14694148,2025-09,본죽 통영점,본그룹,백반·죽·국수,경상남도,통영시,0,-0.076596,1.44659,growth_alpha,0.932907889474081,1
ba_14694278,2025-08,본죽&비빔밥 오금동사거리점,본그룹,백반·죽·국수,서울특별시,송파구,1,0.505055,-0.036437,growth_alpha,0.8330661511096403,1
ba_14694278,2025-09,본죽&비빔밥 오금동사거리점,본그룹,백반·죽·국수,서울특별시,송파구,0,0.015225,1.391516,growth_alpha,0.8600198714208656,1
ba_14694287,2025-08,본죽&비빔밥 인사동점,본그룹,백반·죽·국수,서울특별시,종로구,1,0.233333,-0.223104,growth_alpha,0.1081903549299113,0
ba_14694287,2025-09,본죽&비빔밥 인사동점,본그룹,백반·죽·국수,서울특별시,종로구,1,34.292289,-1.927793,growth_alpha,0.13154254981063287,0
ba_14694390,2025-08,본죽&비빔밥 평택시청점,본그룹,백반·죽·국수,경기도,평택시,1,0.368204,1.143563,growth_alpha,0.9779322581526305,1
ba_14694390,2025-09,본죽&비빔밥 평택시청점,본그룹,백반·죽·국수,경기도,평택시,0,-0.060132,2.512673,growth_alpha,0.9688053400131862,1
ba_14694402,2025-08,본죽 월곡점,본그룹,백반·죽·국수,서울특별시,성북구,0,0.018254,-0.087548,growth_alpha,0.65186954487708,1
ba_14694402,2025-09,본죽 월곡점,본그룹,백반·죽·국수,서울특별시,성북구,0,-0.286446,1.574316,growth_alpha,0.7111409876693859,1
ba_14694577,2025-08,본죽&비빔밥 대구동성로중앙점,본그룹,백반·죽·국수,대구광역시,중구,1,1.811235,-0.326437,growth_alpha,0.42383156967321606,1
ba_14694577,2025-09,본죽&비빔밥 대구동성로중앙점,본그룹,백반·죽·국수,대구광역시,중구,1,0.138636,0.058914,growth_alpha,0.7764481103302756,1
ba_14694620,2025-08,본죽&비빔밥 경산신대부적점,본그룹,백반·죽·국수,경상북도,경산시,1,0.336865,0.010742,growth_alpha,0.9176920633041241,1
ba_14694620,2025-09,본죽&비빔밥 경산신대부적점,본그룹,백반·죽·국수,경상북도,경산시,0,0.053958,0.385281,growth_alpha,0.9450882834722694,1
ba_14694670,2025-08,본죽&비빔밥 충무로역점,본그룹,백반·죽·국수,서울특별시,중구,1,0.173155,-0.158489,growth_alpha,0.7020877142871994,1
ba_14694670,2025-09,본죽&비빔밥 충무로역점,본그룹,백반·죽·국수,서울특별시,중구,0,-0.103805,1.665716,growth_alpha,0.9040254313650943,1
ba_14694671,2025-08,본죽&비빔밥 범계로데오점,본그룹,백반·죽·국수,경기도,안양시,0,-0.437426,-0.124056,growth_alpha,0.8395060370678422,1
ba_14694671,2025-09,본죽&비빔밥 범계로데오점,본그룹,백반·죽·국수,경기도,안양시,0,-0.449318,-0.379506,growth_alpha,0.5121144931124979,1
ba_14695006,2025-08,본죽 안양관양동점,본그룹,백반·죽·국수,경기도,안양시,0,0.101626,-0.143104,growth_alpha,0.9364392240031653,1
ba_14695006,2025-09,본죽 안양관양동점,본그룹,백반·죽·국수,경기도,안양시,0,-0.008421,0.120213,growth_alpha,0.8973031858811992,1
ba_14695008,2025-08,본죽&비빔밥 부산연산점,본그룹,백반·죽·국수,부산광역시,연제구,1,3.625836,-0.200999,growth_alpha,0.7803974860060902,1
ba_14695008,2025-09,본죽&비빔밥 부산연산점,본그룹,백반·죽·국수,부산광역시,연제구,1,0.419771,-1.908745,growth_alpha,0.7514943247400225,1
ba_14695236,2025-08,본죽&비빔밥 제주법원점,본그룹,백반·죽·국수,제주특별자치도,제주시,0,0.0,-0.143104,growth_alpha,0.3244093245150116,1
ba_14695236,2025-09,본죽&비빔밥 제주법원점,본그룹,백반·죽·국수,제주특별자치도,제주시,0,0.0,-1.827793,growth_alpha,0.3263905910922433,1
ba_14695290,2025-08,본죽&비빔밥 용산센트럴점,본그룹,백반·죽·국수,서울특별시,용산구,1,0.55277,-0.114533,growth_alpha,0.5609542172194585,1
ba_14695290,2025-09,본죽&비빔밥 용산센트럴점,본그룹,백반·죽·국수,서울특별시,용산구,1,0.195784,7.39531,growth_alpha,0.7622209355864379,1
ba_14695958,2025-08,본죽 삼양사거리점,본그룹,백반·죽·국수,서울특별시,강북구,0,-0.034146,-0.060345,growth_alpha,0.7015992381437365,1
ba_14695958,2025-09,본죽 삼양사거리점,본그룹,백반·죽·국수,서울특별시,강북구,1,1.034287,-1.731241,growth_alpha,0.7710356392812111,1
ba_14696544,2025-08,굽네치킨 구리갈매점,굽네치킨,치킨,경기도,구리시,0,0.0,-0.310001,growth_alpha,0.06323318649148911,0
ba_14696544,2025-09,굽네치킨 구리갈매점,굽네치킨,치킨,경기도,구리시,0,0.0,-0.166312,growth_alpha,0.06318164488789775,0
ba_14696545,2025-08,굽네피자 구리갈매점,굽네치킨,피자,경기도,구리시,0,0.0,-0.108569,growth_alpha,0.09424643453520609,0
ba_14696545,2025-09,굽네피자 구리갈매점,굽네치킨,피자,경기도,구리시,0,0.0,-0.16389,growth_alpha,0.09429170487856729,0
ba_14696546,2025-08,굽네치킨&피자 구리갈매점,굽네치킨,치킨,경기도,구리시,0,0.0,-0.310001,growth_alpha,0.06365383825393389,0
ba_14696546,2025-09,굽네치킨&피자 구리갈매점,굽네치킨,치킨,경기도,구리시,0,0.0,-0.166312,growth_alpha,0.06360197705509497,0
ba_14698239,2025-08,본죽&비빔밥 의왕고천점,본그룹,백반·죽·국수,경기도,의왕시,0,0.107692,0.306896,growth_alpha,0.5389702331268591,1
ba_14698239,2025-09,본죽&비빔밥 의왕고천점,본그룹,백반·죽·국수,경기도,의왕시,1,24.389768,-1.752793,growth_alpha,0.5374085122820994,1
ba_14698364,2025-08,본죽&비빔밥 청주사창점,본그룹,백반·죽·국수,충청북도,청주시,1,3.940997,-0.147186,growth_alpha,0.856686078460471,1
ba_14698364,2025-09,본죽&비빔밥 청주사창점,본그룹,백반·죽·국수,충청북도,청주시,1,0.661016,-1.449222,growth_alpha,0.926645405054016,1
ba_14699201,2025-08,본죽 전농동점,본그룹,백반·죽·국수,서울특별시,동대문구,1,0.508301,-0.015831,growth_alpha,0.8679104205673183,1
ba_14699201,2025-09,본죽 전농동점,본그룹,백반·죽·국수,서울특별시,동대문구,0,-0.140013,6.049394,growth_alpha,0.8266001020118021,1
ba_14699399,2025-08,굽네치킨 와동점,굽네치킨,치킨,경기도,안산시,0,-0.168486,-0.272875,growth_alpha,0.7256060312462717,1
ba_14699399,2025-09,굽네치킨 와동점,굽네치킨,치킨,경기도,안산시,0,0.025335,-0.532514,growth_alpha,0.8040256043229076,1
ba_14699649,2025-08,굽네치킨 시흥신천점,굽네치킨,치킨,경기도,시흥시,0,-0.00414,-0.479092,growth_alpha,0.5332527202830735,1
ba_14699649,2025-09,굽네치킨 시흥신천점,굽네치킨,치킨,경기도,시흥시,0,-0.089981,-0.498943,growth_alpha,0.7265010689766715,1
ba_14700021,2025-08,굽네치킨 영등포본동점,굽네치킨,치킨,서울특별시,영등포구,0,-0.028739,0.235068,growth_alpha,0.8540722634887445,1
ba_14700021,2025-09,굽네치킨 영등포본동점,굽네치킨,치킨,서울특별시,영등포구,0,-0.286692,0.103163,growth_alpha,0.9156806372114702,1
ba_14700213,2025-08,본죽&비빔밥 김포마산점,본그룹,백반·죽·국수,경기도,김포시,0,-0.12,-0.009771,growth_alpha,0.7501264934223315,1
ba_14700213,2025-09,본죽&비빔밥 김포마산점,본그룹,백반·죽·국수,경기도,김포시,1,0.923254,-1.561126,growth_alpha,0.8220564043859673,1
ba_14700905,2025-08,본죽&비빔밥 호탄점,본그룹,백반·죽·국수,경상남도,진주시,1,3.293586,-0.268104,growth_alpha,0.7407050489033797,1
ba_14700905,2025-09,본죽&비빔밥 호탄점,본그룹,백반·죽·국수,경상남도,진주시,1,0.243384,-1.667793,growth_alpha,0.788376092823165,1
ba_14701137,2025-08,본죽&비빔밥 남양주호평점,본그룹,백반·죽·국수,경기도,남양주시,1,3.675749,-0.179771,growth_alpha,0.8246909808090623,1
ba_14701137,2025-09,본죽&비빔밥 남양주호평점,본그룹,백반·죽·국수,경기도,남양주시,1,0.479282,-1.862881,growth_alpha,0.95440076176003,1
ba_14701165,2025-08,본죽&비빔밥 연세세브란스빌딩점,본그룹,백반·죽·국수,서울특별시,중구,0,-0.065157,-0.343104,growth_alpha,0.4504358353561026,1
ba_14701165,2025-09,본죽&비빔밥 연세세브란스빌딩점,본그룹,백반·죽·국수,서울특별시,중구,0,-0.201142,1.441139,growth_alpha,0.4274670386858861,1
ba_14702063,2025-08,본죽&비빔밥 목동파라곤점,본그룹,백반·죽·국수,서울특별시,양천구,1,2.386508,-0.018104,growth_alpha,0.11641261956029023,0
ba_14702063,2025-09,본죽&비빔밥 목동파라곤점,본그룹,백반·죽·국수,서울특별시,양천구,1,3.916618,-1.783349,growth_alpha,0.4437676049238581,1
ba_14702120,2025-08,본죽&비빔밥 천안풍세점,본그룹,백반·죽·국수,충청남도,천안시,0,-0.2,-0.105604,growth_alpha,0.2778987910710204,0
ba_14702120,2025-09,본죽&비빔밥 천안풍세점,본그룹,백반·죽·국수,충청남도,천안시,1,67.741538,-1.927793,growth_alpha,0.14656856308838095,0
ba_14702996,2025-08,본죽&비빔밥 사당연세사랑병원점,본그룹,백반·죽·국수,서울특별시,서초구,0,-0.257089,-0.109771,growth_alpha,0.8047450294515835,1
ba_14702996,2025-09,본죽&비빔밥 사당연세사랑병원점,본그룹,백반·죽·국수,서울특별시,서초구,0,-0.339358,1.836592,growth_alpha,0.79638939528183,1
ba_14703003,2025-08,본죽 경남거제옥포점,본그룹,백반·죽·국수,경상남도,거제시,0,0.0,-0.143104,growth_alpha,0.20123485778198355,0
ba_14703003,2025-09,본죽 경남거제옥포점,본그룹,백반·죽·국수,경상남도,거제시,0,0.0,-1.827793,growth_alpha,0.20268955331586797,0
ba_14703930,2025-08,본죽 중화역점,본그룹,백반·죽·국수,서울특별시,중랑구,1,0.291137,0.127484,growth_alpha,0.9060620449291305,1
ba_14703930,2025-09,본죽 중화역점,본그룹,백반·죽·국수,서울특별시,중랑구,0,-0.131959,2.329569,growth_alpha,0.9408676939813632,1
ba_14706394,2025-08,본죽&비빔밥 호탄점,본그룹,백반·죽·국수,경상남도,진주시,1,3.692023,-0.162152,growth_alpha,0.9019420916650559,1
ba_14706394,2025-09,본죽&비빔밥 호탄점,본그룹,백반·죽·국수,경상남도,진주시,1,0.769978,-1.818702,growth_alpha,0.9498439016129661,1
ba_14708789,2025-08,본죽&비빔밥 파주금릉역점,본그룹,백반·죽·국수,경기도,파주시,1,6.624783,-0.023104,growth_alpha,0.7317109925643516,1
ba_14708789,2025-09,본죽&비빔밥 파주금릉역점,본그룹,백반·죽·국수,경기도,파주시,1,0.680552,-1.727793,growth_alpha,0.8165545561824036,1
ba_14708929,2025-08,굽네치킨 고령다산점,굽네치킨,치킨,경상북도,고령군,0,-0.244429,-0.399498,growth_alpha,0.5110623391768729,1
ba_14708929,2025-09,굽네치킨 고령다산점,굽네치킨,치킨,경상북도,고령군,0,-0.152526,-0.530543,growth_alpha,0.7248500184137694,1
ba_14711140,2025-08,본죽&비빔밥 제주삼화점,본그룹,백반·죽·국수,제주특별자치도,제주시,0,0.0,-0.143104,growth_alpha,0.31385929131149964,1
ba_14711140,2025-09,본죽&비빔밥 제주삼화점,본그룹,백반·죽·국수,제주특별자치도,제주시,0,0.0,-1.827793,growth_alpha,0.31580624461693924,1
ba_14711141,2025-08,본죽&비빔밥 제주삼화점,본그룹,백반·죽·국수,제주특별자치도,제주시,0,0.0,-0.143104,growth_alpha,0.31385929131149964,1
ba_14711141,2025-09,본죽&비빔밥 제주삼화점,본그룹,백반·죽·국수,제주특별자치도,제주시,0,0.0,-1.827793,growth_alpha,0.31580624461693924,1
ba_14712294,2025-08,본죽&비빔밥 서울대입구역점,본그룹,백반·죽·국수,서울특별시,관악구,0,0.039411,0.079477,growth_alpha,0.9961006301450359,1
ba_14712294,2025-09,본죽&비빔밥 서울대입구역점,본그룹,백반·죽·국수,서울특별시,관악구,0,-0.281364,0.914245,growth_alpha,0.9942042099818263,1
ba_14712797,2025-08,굽네치킨 논공점,굽네치킨,치킨,대구광역시,달성군,1,1.442148,-0.85428,growth_alpha,0.36183102848366977,1
ba_14712797,2025-09,굽네치킨 논공점,굽네치킨,치킨,대구광역시,달성군,1,0.712856,-0.689309,growth_alpha,0.7691911637643727,1
ba_14714062,2025-08,본죽&비빔밥 파주운정산내마을점,본그룹,백반·죽·국수,경기도,파주시,1,0.258735,-0.03367,growth_alpha,0.9906911695779222,1
ba_14714062,2025-09,본죽&비빔밥 파주운정산내마을점,본그룹,백반·죽·국수,경기도,파주시,0,-0.096618,2.091244,growth_alpha,0.9887172106918849,1
ba_14714070,2025-08,본죽&비빔밥 의정부발곡점,본그룹,백반·죽·국수,경기도,의정부시,0,0.100946,0.456896,growth_alpha,0.7759996056045007,1
ba_14714070,2025-09,본죽&비빔밥 의정부발곡점,본그룹,백반·죽·국수,경기도,의정부시,0,-0.125633,-1.827793,growth_alpha,0.4187825162249671,1
ba_14715313,2025-08,굽네치킨&피자 홍은1동점,굽네치킨,치킨,서울특별시,서대문구,0,-0.010753,-0.200001,growth_alpha,0.4098629727026535,1
ba_14715313,2025-09,굽네치킨&피자 홍은1동점,굽네치킨,치킨,서울특별시,서대문구,0,-0.035417,-0.079745,growth_alpha,0.6659709084567434,1
ba_14716102,2025-08,본죽&비빔밥 의정부발곡점,본그룹,백반·죽·국수,경기도,의정부시,1,1.059089,-0.211854,growth_alpha,0.8877694930589305,1
ba_14716102,2025-09,본죽&비빔밥 의정부발곡점,본그룹,백반·죽·국수,경기도,의정부시,1,0.132418,-1.842079,growth_alpha,0.8963068826689182,1
ba_14716332,2025-08,굽네치킨&피자 태평3동점,굽네치킨,치킨,경기도,성남시,1,0.134082,-0.350598,growth_alpha,0.2759342637896628,0
ba_14716332,2025-09,굽네치킨&피자 태평3동점,굽네치킨,치킨,경기도,성남시,0,-0.032718,-0.127195,growth_alpha,0.26627286508808035,0
ba_14719522,2025-08,본죽&비빔밥 전주혁신도시점,본그룹,백반·죽·국수,전북특별자치도,완주군,0,-0.11346,0.116896,growth_alpha,0.8544051903046582,1
ba_14719522,2025-09,본죽&비빔밥 전주혁신도시점,본그룹,백반·죽·국수,전북특별자치도,완주군,0,-0.302255,-0.216719,growth_alpha,0.8675003066492485,1
ba_14719554,2025-08,본죽&비빔밥 파주금릉역점,본그룹,백반·죽·국수,경기도,파주시,1,4.484273,0.069799,growth_alpha,0.9223220158597761,1
ba_14719554,2025-09,본죽&비빔밥 파주금릉역점,본그룹,백반·죽·국수,경기도,파주시,1,0.525274,-1.684583,growth_alpha,0.9858580687207068,1
ba_14720262,2025-08,굽네치킨 강화온수점,굽네치킨,치킨,인천광역시,강화군,0,-0.377622,2.414343,growth_alpha,0.35261617025334363,1
ba_14720262,2025-09,굽네치킨 강화온수점,굽네치킨,치킨,인천광역시,강화군,0,-0.254452,0.573312,growth_alpha,0.5263668338565235,1
ba_14720263,2025-08,굽네피자 강화온수점,굽네치킨,피자,인천광역시,강화군,1,0.634113,-0.413965,growth_alpha,0.09158176282245668,0
ba_14720263,2025-09,굽네피자 강화온수점,굽네치킨,피자,인천광역시,강화군,0,-0.032731,-0.57014,growth_alpha,0.6266707335524813,1
ba_14720368,2025-08,본죽&비빔밥 김포마산점,본그룹,백반·죽·국수,경기도,김포시,0,0.052459,-0.184662,growth_alpha,0.7394340194286041,1
ba_14720368,2025-09,본죽&비빔밥 김포마산점,본그룹,백반·죽·국수,경기도,김포시,1,1.352131,-1.880174,growth_alpha,0.9539786463682816,1
ba_14721018,2025-08,굽네치킨&피자 대구서재점,굽네치킨,치킨,대구광역시,달성군,0,0.063092,-0.224377,growth_alpha,0.6249385828351375,1
ba_14721018,2025-09,굽네치킨&피자 대구서재점,굽네치킨,치킨,대구광역시,달성군,0,-0.027485,-0.32058,growth_alpha,0.720271757724011,1
ba_14725485,2025-08,굽네치킨 구례읍점,굽네치킨,치킨,전라남도,구례군,1,0.283088,-0.683398,growth_alpha,0.39496783374567646,1
ba_14725485,2025-09,굽네치킨 구례읍점,굽네치킨,치킨,전라남도,구례군,1,149.122709,-0.94105,growth_alpha,0.6656948682859375,1
ba_14725627,2025-08,본죽&비빔밥 가평현리점,본그룹,백반·죽·국수,경기도,가평군,1,0.392704,-0.221675,growth_alpha,0.837364492925652,1
ba_14725627,2025-09,본죽&비빔밥 가평현리점,본그룹,백반·죽·국수,경기도,가평군,0,0.018607,0.395413,growth_alpha,0.8271858556525052,1
ba_14726472,2025-08,굽네치킨&피자 신대부적점,굽네치킨,치킨,경상북도,경산시,1,0.145204,-0.061151,growth_alpha,0.3143619049876817,1
ba_14726472,2025-09,굽네치킨&피자 신대부적점,굽네치킨,치킨,경상북도,경산시,1,2.839221,-0.730493,growth_alpha,0.740770185060697,1
ba_14726738,2025-08,본죽&비빔밥 해운대센텀역점,본그룹,백반·죽·국수,부산광역시,해운대구,1,0.3,-0.209771,growth_alpha,0.09251622998356841,0
ba_14726738,2025-09,본죽&비빔밥 해운대센텀역점,본그룹,백반·죽·국수,부산광역시,해운대구,1,19.891285,-1.761126,growth_alpha,0.30216661883845064,1
ba_14726741,2025-08,본죽&비빔밥 대구방촌해안역점,본그룹,백반·죽·국수,대구광역시,동구,1,0.5,-0.303104,growth_alpha,0.6489812566009274,1
ba_14726741,2025-09,본죽&비빔밥 대구방촌해안역점,본그룹,백반·죽·국수,대구광역시,동구,0,-0.04,-1.884936,growth_alpha,0.2162287964251489,0
ba_14727030,2025-08,본죽&비빔밥 부산명장역점,본그룹,백반·죽·국수,부산광역시,동래구,1,0.429069,-0.131339,growth_alpha,0.9123096167971372,1
ba_14727030,2025-09,본죽&비빔밥 부산명장역점,본그룹,백반·죽·국수,부산광역시,동래구,0,-0.032328,3.098522,growth_alpha,0.9161436003367518,1
ba_14727064,2025-08,본죽&비빔밥 전주혁신도시점,본그룹,백반·죽·국수,전북특별자치도,완주군,1,0.192027,-0.003104,growth_alpha,0.9681736647388148,1
ba_14727064,2025-09,본죽&비빔밥 전주혁신도시점,본그룹,백반·죽·국수,전북특별자치도,완주군,0,-0.004268,0.697554,growth_alpha,0.9626774616718625,1
ba_14727755,2025-08,굽네치킨&피자 덕진금암점,굽네치킨,치킨,전북특별자치도,전주시,0,0.0,-0.310001,growth_alpha,0.14275221858942103,0
ba_14727755,2025-09,굽네치킨&피자 덕진금암점,굽네치킨,치킨,전북특별자치도,전주시,0,0.0,-0.166312,growth_alpha,0.14264573059468683,0
ba_14728291,2025-08,본죽 논산점,본그룹,백반·죽·국수,충청남도,논산시,0,0.0,-0.143104,growth_alpha,0.2472275822729969,0
ba_14728291,2025-09,본죽 논산점,본그룹,백반·죽·국수,충청남도,논산시,1,50.739286,-1.827793,growth_alpha,0.2143700663720849,0
ba_14728444,2025-08,본죽&비빔밥 속초점,본그룹,백반·죽·국수,강원특별자치도,속초시,0,-0.07168,-0.225457,growth_alpha,0.8254114016246858,1
ba_14728444,2025-09,본죽&비빔밥 속초점,본그룹,백반·죽·국수,강원특별자치도,속초시,0,-0.318282,0.398634,growth_alpha,0.8018205585523559,1
ba_14728839,2025-08,굽네치킨 대구동인점,굽네치킨,치킨,대구광역시,중구,0,-0.426878,-0.335897,growth_alpha,0.4200952059777444,1
ba_14728839,2025-09,굽네치킨 대구동인점,굽네치킨,치킨,대구광역시,중구,1,0.146659,-0.521261,growth_alpha,0.7708031979404112,1
ba_14729038,2025-08,굽네치킨&피자 파주읍점,굽네치킨,치킨,경기도,파주시,1,0.453778,-0.826777,growth_alpha,0.5225093221491237,1
ba_14729038,2025-09,굽네치킨&피자 파주읍점,굽네치킨,치킨,경기도,파주시,0,0.015865,-0.644276,growth_alpha,0.742323911913214,1
ba_14729159,2025-08,굽네치킨 원대자이점,굽네치킨,치킨,대구광역시,서구,1,1.858588,-0.056061,growth_alpha,0.21823899597338445,0
ba_14729159,2025-09,굽네치킨 원대자이점,굽네치킨,치킨,대구광역시,서구,1,1.247726,-0.278776,growth_alpha,0.8932052655784968,1
ba_14729784,2025-08,굽네치킨 경북울진점,굽네치킨,치킨,경상북도,울진군,1,0.488319,-0.17102,growth_alpha,0.1746641030928125,0
ba_14729784,2025-09,굽네치킨 경북울진점,굽네치킨,치킨,경상북도,울진군,1,0.529152,-0.645938,growth_alpha,0.7241285439386504,1
ba_14729971,2025-08,굽네치킨 군포1동점,굽네치킨,치킨,경기도,군포시,0,0.02147,-0.086589,growth_alpha,0.6862059270004334,1
ba_14729971,2025-09,굽네치킨 군포1동점,굽네치킨,치킨,경기도,군포시,1,0.363625,-0.648257,growth_alpha,0.8805281128819649,1
ba_14730328,2025-08,본죽&비빔밥 동탄꼬모점,본그룹,백반·죽·국수,경기도,화성시,1,32.749587,-0.043104,growth_alpha,0.7540125440211424,1
ba_14730328,2025-09,본죽&비빔밥 동탄꼬모점,본그룹,백반·죽·국수,경기도,화성시,1,0.903068,-1.827793,growth_alpha,0.4421211937971419,1
ba_14730330,2025-08,본죽&비빔밥 동탄꼬모점,본그룹,백반·죽·국수,경기도,화성시,1,51.175212,-0.250247,growth_alpha,0.7242191253747061,1
ba_14730330,2025-09,본죽&비빔밥 동탄꼬모점,본그룹,백반·죽·국수,경기도,화성시,1,1.264881,-1.853599,growth_alpha,0.9637931916310212,1
ba_14731363,2025-08,본죽&비빔밥 충북대병원앞점,본그룹,백반·죽·국수,충청북도,청주시,0,-0.06,-0.05739,growth_alpha,0.2520219136575079,0
ba_14731363,2025-09,본죽&비빔밥 충북대병원앞점,본그룹,백반·죽·국수,충청북도,청주시,0,-0.072727,-1.713507,growth_alpha,0.30067179689192375,1
ba_14732026,2025-08,굽네치킨 부산전포점,굽네치킨,치킨,부산광역시,부산진구,1,0.482475,1.979201,growth_alpha,0.9968953259048641,1
ba_14732026,2025-09,굽네치킨 부산전포점,굽네치킨,치킨,부산광역시,부산진구,0,-0.299416,1.11624,growth_alpha,0.9921082611345028,1
ba_14732355,2025-08,본죽&비빔밥 속초점,본그룹,백반·죽·국수,강원특별자치도,속초시,1,0.142572,-0.028104,growth_alpha,0.9831113351300432,1
ba_14732355,2025-09,본죽&비빔밥 속초점,본그룹,백반·죽·국수,강원특별자치도,속초시,0,-0.11171,0.511325,growth_alpha,0.9801807257733454,1
ba_14732602,2025-08,굽네치킨 서수원점,굽네치킨,치킨,경기도,수원시,0,-0.165824,0.236643,growth_alpha,0.5863585276114759,1
ba_14732602,2025-09,굽네치킨 서수원점,굽네치킨,치킨,경기도,수원시,0,0.096997,-0.565936,growth_alpha,0.7536865245133663,1
ba_14733416,2025-08,굽네치킨&피자 먹골역점,굽네치킨,치킨,서울특별시,중랑구,0,0.0,-0.310001,growth_alpha,0.06903375676910899,0
ba_14733416,2025-09,굽네치킨&피자 먹골역점,굽네치킨,치킨,서울특별시,중랑구,0,0.0,-0.166312,growth_alpha,0.06897783524544966,0
ba_14733665,2025-08,굽네치킨 수원조원점,굽네치킨,치킨,경기도,수원시,0,-0.15132,-0.24681,growth_alpha,0.536832721546343,1
ba_14733665,2025-09,굽네치킨 수원조원점,굽네치킨,치킨,경기도,수원시,0,-0.428703,-0.301795,growth_alpha,0.4863558624115191,1
ba_14735216,2025-08,본죽&비빔밥 수지성복점,본그룹,백반·죽·국수,경기도,용인시,1,1.067163,0.356896,growth_alpha,0.9847845154246381,1
ba_14735216,2025-09,본죽&비빔밥 수지성복점,본그룹,백반·죽·국수,경기도,용인시,0,0.009093,-1.568969,growth_alpha,0.9824140724833852,1
ba_14735878,2025-08,본죽&비빔밥 시흥능곡점,본그룹,백반·죽·국수,경기도,시흥시,1,2.504873,-0.024185,growth_alpha,0.9301741583744076,1
ba_14735878,2025-09,본죽&비빔밥 시흥능곡점,본그룹,백반·죽·국수,경기도,시흥시,1,0.369444,-1.869063,growth_alpha,0.9566990448830158,1
ba_14736681,2025-08,본죽&비빔밥 신림녹두거리점,본그룹,백반·죽·국수,서울특별시,관악구,0,-0.134283,-0.081566,growth_alpha,0.8119852020531839,1
ba_14736681,2025-09,본죽&비빔밥 신림녹두거리점,본그룹,백반·죽·국수,서울특별시,관악구,0,-0.289902,-0.189257,growth_alpha,0.8283981843046095,1
ba_14736683,2025-08,본죽&비빔밥 신림녹두거리점,본그룹,백반·죽·국수,서울특별시,관악구,1,0.227384,0.397247,growth_alpha,0.9004025232159786,1
ba_14736683,2025-09,본죽&비빔밥 신림녹두거리점,본그룹,백반·죽·국수,서울특별시,관악구,0,-0.029233,0.646406,growth_alpha,0.9312172074666584,1
ba_14736722,2025-08,굽네치킨&피자 철원와수점,굽네치킨,치킨,강원특별자치도,철원군,1,0.364922,-0.167876,growth_alpha,0.4775030458290075,1
ba_14736722,2025-09,굽네치킨&피자 철원와수점,굽네치킨,치킨,강원특별자치도,철원군,0,0.081674,-0.290585,growth_alpha,0.6498656748837175,1
ba_14737726,2025-08,굽네치킨 대치4동점,굽네치킨,치킨,서울특별시,강남구,0,-0.071751,1.417174,growth_alpha,0.8908117327541777,1
ba_14737726,2025-09,굽네치킨 대치4동점,굽네치킨,치킨,서울특별시,강남구,0,-0.256603,-0.027676,growth_alpha,0.9354601792750207,1
ba_14739745,2025-08,굽네치킨 감정점,굽네치킨,치킨,경기도,김포시,0,0.090056,3.239959,growth_alpha,0.6373949566473679,1
ba_14739745,2025-09,굽네치킨 감정점,굽네치킨,치킨,경기도,김포시,0,-0.170491,0.809666,growth_alpha,0.8536560885457133,1
ba_14739746,2025-08,굽네피자 감정점,굽네치킨,피자,경기도,김포시,1,0.239458,1.949248,growth_alpha,0.5709019677816567,1
ba_14739746,2025-09,굽네피자 감정점,굽네치킨,피자,경기도,김포시,1,0.161208,0.442732,growth_alpha,0.7578347140008754,1
ba_14739815,2025-08,굽네치킨&피자 신창신가점,굽네치킨,치킨,광주광역시,광산구,0,0.010574,1.562987,growth_alpha,0.7656231895616098,1
ba_14739815,2025-09,굽네치킨&피자 신창신가점,굽네치킨,치킨,광주광역시,광산구,1,0.142108,-0.278543,growth_alpha,0.880953450832673,1
ba_14740022,2025-08,굽네치킨 신봉점,굽네치킨,치킨,경기도,용인시,0,-0.204111,0.793357,growth_alpha,0.5759937987829618,1
ba_14740022,2025-09,굽네치킨 신봉점,굽네치킨,치킨,경기도,용인시,0,-0.252067,-0.208088,growth_alpha,0.7542658818990547,1
ba_14740239,2025-08,굽네치킨 임실읍점,굽네치킨,치킨,전북특별자치도,임실군,0,-0.423914,0.054425,growth_alpha,0.5498260626064108,1
ba_14740239,2025-09,굽네치킨 임실읍점,굽네치킨,치킨,전북특별자치도,임실군,0,-0.224024,-0.689942,growth_alpha,0.7330488697432461,1
ba_14741847,2025-08,굽네치킨 거제아시아드점,굽네치킨,치킨,부산광역시,연제구,0,-0.426168,2.01775,growth_alpha,0.9024322927591644,1
ba_14741847,2025-09,굽네치킨 거제아시아드점,굽네치킨,치킨,부산광역시,연제구,0,-0.471967,0.06119,growth_alpha,0.8671991243448075,1
ba_14742704,2025-08,본죽&비빔밥 청주개신점,본그룹,백반·죽·국수,충청북도,청주시,1,0.527844,0.028325,growth_alpha,0.8270602665776048,1
ba_14742704,2025-09,본죽&비빔밥 청주개신점,본그룹,백반·죽·국수,충청북도,청주시,0,-0.217023,-1.89446,growth_alpha,0.4562578389148722,1
ba_14742705,2025-08,본죽&비빔밥 청주개신점,본그룹,백반·죽·국수,충청북도,청주시,1,0.43799,0.082983,growth_alpha,0.8924405367982914,1
ba_14742705,2025-09,본죽&비빔밥 청주개신점,본그룹,백반·죽·국수,충청북도,청주시,0,-0.077997,5.930254,growth_alpha,0.9076309239295073,1
ba_14743271,2025-08,본죽&비빔밥 안양석수점,본그룹,백반·죽·국수,경기도,안양시,1,2.970847,0.215229,growth_alpha,0.8937221224723862,1
ba_14743271,2025-09,본죽&비빔밥 안양석수점,본그룹,백반·죽·국수,경기도,안양시,1,0.558224,-1.62253,growth_alpha,0.9316400077483856,1
ba_14743731,2025-08,본죽&비빔밥 인천오류왕길점,본그룹,백반·죽·국수,인천광역시,서구,0,-0.240212,-0.276437,growth_alpha,0.7206583821133744,1
ba_14743731,2025-09,본죽&비빔밥 인천오류왕길점,본그룹,백반·죽·국수,인천광역시,서구,0,-0.353704,0.631151,growth_alpha,0.30473687856711235,1
ba_14743732,2025-08,본죽&비빔밥 인천오류왕길점,본그룹,백반·죽·국수,인천광역시,서구,1,0.166807,0.287665,growth_alpha,0.8120707607256872,1
ba_14743732,2025-09,본죽&비빔밥 인천오류왕길점,본그룹,백반·죽·국수,인천광역시,서구,0,-0.214772,2.682344,growth_alpha,0.8291764529568267,1
ba_14744329,2025-08,본죽&비빔밥 송파헬리오시티점,본그룹,백반·죽·국수,서울특별시,송파구,1,0.145101,0.181896,growth_alpha,0.5776289431937472,1
ba_14744329,2025-09,본죽&비빔밥 송파헬리오시티점,본그룹,백반·죽·국수,서울특별시,송파구,0,-0.189428,-0.019382,growth_alpha,0.8613531589054158,1
ba_14744706,2025-08,본죽&비빔밥 세종시청점,본그룹,백반·죽·국수,세종특별자치시,한누리대로,1,1.241943,0.256896,growth_alpha,0.717483870353226,1
ba_14744706,2025-09,본죽&비빔밥 세종시청점,본그룹,백반·죽·국수,세종특별자치시,한누리대로,1,0.839059,-0.348156,growth_alpha,0.6389762480254721,1
ba_14744959,2025-08,굽네치킨 부산수정점,굽네치킨,치킨,부산광역시,동구,0,0.078982,2.728225,growth_alpha,0.6970893212932192,1
ba_14744959,2025-09,굽네치킨 부산수정점,굽네치킨,치킨,부산광역시,동구,0,-0.287751,0.898194,growth_alpha,0.8469839174384315,1
ba_14746052,2025-08,본죽&비빔밥 포항두호점,본그룹,백반·죽·국수,경상북도,포항시,1,0.308676,0.311441,growth_alpha,0.9294617582944517,1
ba_14746052,2025-09,본죽&비빔밥 포항두호점,본그룹,백반·죽·국수,경상북도,포항시,0,-0.234563,2.373953,growth_alpha,0.9271183043623279,1
ba_14746091,2025-08,굽네치킨&피자 별내청학점,굽네치킨,치킨,경기도,남양주시,0,0.0,-0.310001,growth_alpha,0.0635467211325178,0
ba_14746091,2025-09,굽네치킨&피자 별내청학점,굽네치킨,치킨,경기도,남양주시,0,0.0,-0.166312,growth_alpha,0.06349494128800226,0
ba_14746216,2025-08,굽네치킨&피자 내수점,굽네치킨,치킨,충청북도,청주시,0,-0.270592,1.663671,growth_alpha,0.7213783014343234,1
ba_14746216,2025-09,굽네치킨&피자 내수점,굽네치킨,치킨,충청북도,청주시,0,-0.219908,-0.057468,growth_alpha,0.8329321841141916,1
ba_14747382,2025-08,굽네치킨&피자 양주광적점,굽네치킨,치킨,경기도,양주시,0,-0.043936,2.100078,growth_alpha,0.5722324494481826,1
ba_14747382,2025-09,굽네치킨&피자 양주광적점,굽네치킨,치킨,경기도,양주시,0,-0.040581,-0.159134,growth_alpha,0.7477476728499366,1
ba_14749296,2025-08,굽네치킨&피자 석촌고분점,굽네치킨,치킨,서울특별시,송파구,0,-0.119806,4.062386,growth_alpha,0.9331374441995872,1
ba_14749296,2025-09,굽네치킨&피자 석촌고분점,굽네치킨,치킨,서울특별시,송파구,0,-0.161835,0.486225,growth_alpha,0.9614369702956876,1
ba_14753110,2025-08,본죽&비빔밥 청주성화점,본그룹,백반·죽·국수,충청북도,청주시,0,0.101619,1.723563,growth_alpha,0.8754609361981004,1
ba_14753110,2025-09,본죽&비빔밥 청주성화점,본그룹,백반·죽·국수,충청북도,청주시,0,-0.140718,1.086948,growth_alpha,0.8567965570353172,1
ba_14754395,2025-08,굽네치킨 구이점,굽네치킨,치킨,전북특별자치도,완주군,0,-0.054545,-0.310001,growth_alpha,0.15435095454947032,0
ba_14754395,2025-09,굽네치킨 구이점,굽네치킨,치킨,전북특별자치도,완주군,0,0.0,-0.132979,growth_alpha,0.2545989705690192,0
ba_14754893,2025-08,본죽&비빔밥 일산탄현큰마을점,본그룹,백반·죽·국수,경기도,고양시,1,0.12963,-0.143104,growth_alpha,0.23716099380405936,0
ba_14754893,2025-09,본죽&비빔밥 일산탄현큰마을점,본그룹,백반·죽·국수,경기도,고양시,1,119.947514,0.372207,growth_alpha,0.34337973873504,1
ba_14754936,2025-08,굽네치킨 경주외동점,굽네치킨,치킨,경상북도,경주시,1,0.432632,2.371795,growth_alpha,0.4261613512015224,1
ba_14754936,2025-09,굽네치킨 경주외동점,굽네치킨,치킨,경상북도,경주시,1,1.571202,-0.668383,growth_alpha,0.7076301682033912,1
ba_14754965,2025-08,본죽&비빔밥 평택시청점,본그룹,백반·죽·국수,경기도,평택시,0,0.0,-0.343104,growth_alpha,0.3532986783465141,1
ba_14754965,2025-09,본죽&비빔밥 평택시청점,본그룹,백반·죽·국수,경기도,평택시,0,0.0,-2.027793,growth_alpha,0.3553635748760548,1
ba_14756247,2025-08,본죽&비빔밥 일산가좌점,본그룹,백반·죽·국수,경기도,고양시,0,-0.088889,1.456896,growth_alpha,0.29585270142546893,0
ba_14756247,2025-09,본죽&비빔밥 일산가좌점,본그룹,백반·죽·국수,경기도,고양시,1,165.481325,-1.667793,growth_alpha,0.5279635882494319,1
ba_14756868,2025-08,본죽&비빔밥 평택시청점,본그룹,백반·죽·국수,경기도,평택시,0,0.0,-0.143104,growth_alpha,0.3545456852261397,1
ba_14756868,2025-09,본죽&비빔밥 평택시청점,본그룹,백반·죽·국수,경기도,평택시,0,0.0,-1.827793,growth_alpha,0.3566138510224026,1
ba_14756888,2025-08,본죽&비빔밥 창원대원점,본그룹,백반·죽·국수,경상남도,창원시,0,-0.355902,-0.143104,growth_alpha,0.9204627067310267,1
ba_14756888,2025-09,본죽&비빔밥 창원대원점,본그룹,백반·죽·국수,경상남도,창원시,0,-0.716773,3.817406,growth_alpha,0.9326755449665517,1
ba_14756889,2025-08,본죽&비빔밥 창원대원점,본그룹,백반·죽·국수,경상남도,창원시,1,0.895961,-0.143104,growth_alpha,0.3576180373592054,1
ba_14756889,2025-09,본죽&비빔밥 창원대원점,본그룹,백반·죽·국수,경상남도,창원시,1,0.772472,0.180804,growth_alpha,0.7781682744882058,1
ba_14757543,2025-08,굽네치킨&피자 동두천중앙점,굽네치킨,치킨,경기도,동두천시,0,-0.161868,-0.310001,growth_alpha,0.8172431927382935,1
ba_14757543,2025-09,굽네치킨&피자 동두천중앙점,굽네치킨,치킨,경기도,동두천시,0,-0.339299,3.225875,growth_alpha,0.8051729913131777,1
ba_14757711,2025-08,굽네치킨&피자 칠금문화점,굽네치킨,치킨,충청북도,충주시,0,-0.229509,-0.310001,growth_alpha,0.6891926183554477,1
ba_14757711,2025-09,굽네치킨&피자 칠금문화점,굽네치킨,치킨,충청북도,충주시,0,-0.445012,3.425343,growth_alpha,0.7392534324260336,1
ba_14758007,2025-08,굽네치킨 송도신도시점,굽네치킨,치킨,인천광역시,연수구,0,0.0,-0.310001,growth_alpha,0.13412007293435038,0
ba_14758007,2025-09,굽네치킨 송도신도시점,굽네치킨,치킨,인천광역시,연수구,0,0.0,-0.166312,growth_alpha,0.13401901751626755,0
ba_14758255,2025-08,굽네치킨&피자 대구송현점,굽네치킨,치킨,대구광역시,달서구,0,0.054609,-0.310001,growth_alpha,0.47891684436510484,1
ba_14758255,2025-09,굽네치킨&피자 대구송현점,굽네치킨,치킨,대구광역시,달서구,0,-0.072673,3.125269,growth_alpha,0.7634528086941503,1
ba_14759786,2025-08,굽네치킨&피자 퇴계CGV점,굽네치킨,치킨,강원특별자치도,춘천시,0,0.0,-0.310001,growth_alpha,0.05600321790632325,0
ba_14759786,2025-09,굽네치킨&피자 퇴계CGV점,굽네치킨,치킨,강원특별자치도,춘천시,0,0.0,-0.166312,growth_alpha,0.05595721745149425,0
ba_14760741,2025-08,본죽&비빔밥 용인신갈점,본그룹,백반·죽·국수,경기도,용인시,1,2.411355,-0.143104,growth_alpha,0.7710088013817568,1
ba_14760741,2025-09,본죽&비빔밥 용인신갈점,본그룹,백반·죽·국수,경기도,용인시,0,0.053411,-1.827793,growth_alpha,0.780720741930129,1
ba_14760742,2025-08,본죽&비빔밥 용인신갈점,본그룹,백반·죽·국수,경기도,용인시,1,4.978989,-0.143104,growth_alpha,0.8307667463377889,1
ba_14760742,2025-09,본죽&비빔밥 용인신갈점,본그룹,백반·죽·국수,경기도,용인시,1,1.137839,-0.827793,growth_alpha,0.8876685967950371,1
ba_14762166,2025-08,본죽&비빔밥 광주북구청점,본그룹,백반·죽·국수,광주광역시,북구,1,0.337205,-0.143104,growth_alpha,0.725675093668494,1
ba_14762166,2025-09,본죽&비빔밥 광주북구청점,본그룹,백반·죽·국수,광주광역시,북구,0,-0.296093,-1.757205,growth_alpha,0.4484659093948505,1
ba_14766646,2025-08,본죽&비빔밥 대전한남대점,본그룹,백반·죽·국수,대전광역시,동구,1,0.355556,-0.143104,growth_alpha,0.4302211051614416,1
ba_14766646,2025-09,본죽&비빔밥 대전한남대점,본그룹,백반·죽·국수,대전광역시,동구,0,-0.03,-1.827793,growth_alpha,0.5057288929117952,1
ba_14766647,2025-08,본죽&비빔밥 대전한남대점,본그룹,백반·죽·국수,대전광역시,동구,1,0.288889,-0.143104,growth_alpha,0.43382510867093554,1
ba_14766647,2025-09,본죽&비빔밥 대전한남대점,본그룹,백반·죽·국수,대전광역시,동구,0,0.057576,-1.827793,growth_alpha,0.5034981631563695,1
ba_14766686,2025-08,굽네치킨 운정2호점,굽네치킨,피자,경기도,파주시,1,1.047296,-0.108569,growth_alpha,0.9756781956270285,1
ba_14766686,2025-09,굽네치킨 운정2호점,굽네치킨,피자,경기도,파주시,0,-0.030857,40.43611,growth_alpha,0.9941542016371898,1
ba_14767892,2025-08,굽네치킨&피자 둔촌시장점,굽네치킨,치킨,서울특별시,강동구,1,1.91606,-0.310001,growth_alpha,0.7453407382856894,1
ba_14767892,2025-09,굽네치킨&피자 둔촌시장점,굽네치킨,치킨,서울특별시,강동구,1,0.346538,-0.166312,growth_alpha,0.8727443998555522,1
ba_14767931,2025-08,본죽&비빔밥 신중동점,본그룹,백반·죽·국수,경기도,부천시,0,-0.286128,-0.143104,growth_alpha,0.9525456795346514,1
ba_14767931,2025-09,본죽&비빔밥 신중동점,본그룹,백반·죽·국수,경기도,부천시,0,-0.780512,-1.827793,growth_alpha,0.9385073473514033,1
ba_14767932,2025-08,본죽&비빔밥 신중동점,본그룹,백반·죽·국수,경기도,부천시,1,4.625987,-0.143104,growth_alpha,0.8506354580897086,1
ba_14767932,2025-09,본죽&비빔밥 신중동점,본그룹,백반·죽·국수,경기도,부천시,1,2.456416,-1.827793,growth_alpha,0.8801937013547274,1
ba_14768997,2025-08,굽네치킨&피자 양벌점,굽네치킨,치킨,경기도,광주시,0,0.0,-0.310001,growth_alpha,0.057767095755984516,0
ba_14768997,2025-09,굽네치킨&피자 양벌점,굽네치킨,치킨,경기도,광주시,0,0.0,-0.166312,growth_alpha,0.05771973505772078,0
ba_14769185,2025-08,굽네치킨&피자 김천신음점,굽네치킨,치킨,경상북도,김천시,1,0.485768,-0.310001,growth_alpha,0.3523976373326384,1
ba_14769185,2025-09,굽네치킨&피자 김천신음점,굽네치킨,치킨,경상북도,김천시,0,-0.208932,-0.166312,growth_alpha,0.42234092324531586,1
ba_14770149,2025-08,본죽&비빔밥 동탄테크노밸리점,본그룹,백반·죽·국수,경기도,화성시,1,0.4,-0.143104,growth_alpha,0.29698933217382606,0
ba_14770149,2025-09,본죽&비빔밥 동탄테크노밸리점,본그룹,백반·죽·국수,경기도,화성시,1,52.303412,-1.827793,growth_alpha,0.32020555807395035,1
ba_14772060,2025-08,굽네치킨&피자 천호1동점,굽네치킨,치킨,서울특별시,강동구,1,50.513621,-0.310001,growth_alpha,0.39945388815945443,1
ba_14772060,2025-09,굽네치킨&피자 천호1동점,굽네치킨,치킨,서울특별시,강동구,1,1.160091,-0.166312,growth_alpha,0.8043450399074036,1
ba_14772844,2025-08,굽네치킨&피자 양촌점,굽네치킨,치킨,경기도,김포시,0,-0.404919,-0.310001,growth_alpha,0.45404815631122186,1
ba_14772844,2025-09,굽네치킨&피자 양촌점,굽네치킨,치킨,경기도,김포시,0,-0.890689,-0.166312,growth_alpha,0.6740535759779069,1
ba_14773134,2025-08,본죽&비빔밥 용인보라점,본그룹,백반·죽·국수,경기도,용인시,1,4.242914,-0.143104,growth_alpha,0.7647847952487776,1
ba_14773134,2025-09,본죽&비빔밥 용인보라점,본그룹,백반·죽·국수,경기도,용인시,0,-0.136983,-1.827793,growth_alpha,0.3727668089695533,1
ba_14773135,2025-08,본죽&비빔밥 용인보라점,본그룹,백반·죽·국수,경기도,용인시,1,5.017992,-0.143104,growth_alpha,0.8422051291297926,1
ba_14773135,2025-09,본죽&비빔밥 용인보라점,본그룹,백반·죽·국수,경기도,용인시,1,0.586892,-1.827793,growth_alpha,0.9311078195659747,1
ba_14773140,2025-08,굽네치킨 효자중화산1호점,굽네치킨,치킨,전북특별자치도,전주시,1,1.943385,-0.310001,growth_alpha,0.5405031098159699,1
ba_14773140,2025-09,굽네치킨 효자중화산1호점,굽네치킨,치킨,전북특별자치도,전주시,0,-0.123521,-0.166312,growth_alpha,0.7313881343540364,1
ba_14773773,2025-08,굽네치킨 고덕로데오점,굽네치킨,치킨,경기도,평택시,1,2.890205,-0.310001,growth_alpha,0.7687524731007758,1
ba_14773773,2025-09,굽네치킨 고덕로데오점,굽네치킨,치킨,경기도,평택시,1,0.323878,-0.166312,growth_alpha,0.9402885692846281,1
ba_14775022,2025-08,본죽&비빔밥 광혜원점,본그룹,백반·죽·국수,충청북도,진천군,1,0.188235,-0.143104,growth_alpha,0.35589480941796686,1
ba_14775022,2025-09,본죽&비빔밥 광혜원점,본그룹,백반·죽·국수,충청북도,진천군,1,51.356506,-1.827793,growth_alpha,0.2082897092650351,0
ba_14775582,2025-08,본죽&비빔밥 시흥배곧한라점,본그룹,백반·죽·국수,경기도,시흥시,0,-0.2,-0.143104,growth_alpha,0.3077492703384685,1
ba_14775582,2025-09,본죽&비빔밥 시흥배곧한라점,본그룹,백반·죽·국수,경기도,시흥시,0,-0.2,-1.827793,growth_alpha,0.10281752448064668,0
ba_14775705,2025-08,본죽&비빔밥 익산원광대병원점,본그룹,백반·죽·국수,전북특별자치도,익산시,1,0.216667,-0.143104,growth_alpha,0.4898231502132954,1
ba_14775705,2025-09,본죽&비빔밥 익산원광대병원점,본그룹,백반·죽·국수,전북특별자치도,익산시,1,36.073917,-1.827793,growth_alpha,0.7277925747826514,1
ba_14775877,2025-08,굽네치킨&피자 세종아름점,굽네치킨,치킨,세종특별자치시,세종로,1,2.048324,-0.310001,growth_alpha,0.563373588424398,1
ba_14775877,2025-09,굽네치킨&피자 세종아름점,굽네치킨,치킨,세종특별자치시,세종로,1,0.276478,-0.166312,growth_alpha,0.7496617816812947,1
ba_14776515,2025-08,굽네치킨 대소점,굽네치킨,치킨,충청북도,음성군,1,0.493554,-0.310001,growth_alpha,0.6698997182327097,1
ba_14776515,2025-09,굽네치킨 대소점,굽네치킨,치킨,충청북도,음성군,0,-0.311631,-0.166312,growth_alpha,0.3936573844327382,1
ba_14778106,2025-08,굽네치킨 구로디지털점,굽네치킨,치킨,서울특별시,구로구,0,-0.2,-0.310001,growth_alpha,0.15710468489521479,0
ba_14778106,2025-09,굽네치킨 구로디지털점,굽네치킨,치킨,서울특별시,구로구,0,-0.2,-0.166312,growth_alpha,0.27110713521519575,0
ba_14778684,2025-08,본죽&비빔밥 대구대천점,본그룹,백반·죽·국수,대구광역시,달서구,1,1.1,-0.143104,growth_alpha,0.22973765896799658,0
ba_14778684,2025-09,본죽&비빔밥 대구대천점,본그룹,백반·죽·국수,대구광역시,달서구,1,94.147725,-1.827793,growth_alpha,0.12751013496524452,0
ba_14780115,2025-08,굽네치킨&피자 부사문창점,굽네치킨,치킨,대전광역시,중구,1,3.011936,-0.310001,growth_alpha,0.6388412193880426,1
ba_14780115,2025-09,굽네치킨&피자 부사문창점,굽네치킨,치킨,대전광역시,중구,1,0.483256,-0.166312,growth_alpha,0.878274049335556,1
ba_14780432,2025-08,본죽&비빔밥 경기광주태전힐스테이트점,본그룹,백반·죽·국수,경기도,광주시,0,0.066667,-0.143104,growth_alpha,0.30070925537090454,1
ba_14780432,2025-09,본죽&비빔밥 경기광주태전힐스테이트점,본그룹,백반·죽·국수,경기도,광주시,1,185.235054,-1.827793,growth_alpha,0.14097987355842512,0
ba_14781731,2025-08,본죽&비빔밥 하남시청점,본그룹,백반·죽·국수,경기도,하남시,1,0.533333,-0.143104,growth_alpha,0.28824393740266363,0
ba_14781731,2025-09,본죽&비빔밥 하남시청점,본그룹,백반·죽·국수,경기도,하남시,1,0.533333,-1.827793,growth_alpha,0.106810962943764,0
ba_14782074,2025-08,굽네치킨 관음점,굽네치킨,치킨,대구광역시,북구,0,0.0,-0.310001,growth_alpha,0.13313001894493334,0
ba_14782074,2025-09,굽네치킨 관음점,굽네치킨,치킨,대구광역시,북구,1,0.85939,-0.166312,growth_alpha,0.7183246131622884,1
ba_14782170,2025-08,굽네치킨 수산점,굽네치킨,치킨,경상남도,밀양시,1,0.718533,-0.310001,growth_alpha,0.44423964087731266,1
ba_14782170,2025-09,굽네치킨 수산점,굽네치킨,치킨,경상남도,밀양시,0,-0.152576,-0.166312,growth_alpha,0.6325719429463138,1
ba_14782523,2025-08,굽네치킨&피자 동부산오시리아점,굽네치킨,치킨,부산광역시,기장군,1,69.455431,-0.310001,growth_alpha,0.3850977486689153,1
ba_14782523,2025-09,굽네치킨&피자 동부산오시리아점,굽네치킨,치킨,부산광역시,기장군,1,0.852151,-0.166312,growth_alpha,0.7631651348721866,1
ba_14782607,2025-08,굽네치킨 경산중방점,굽네치킨,치킨,경상북도,경산시,1,2.247253,-0.310001,growth_alpha,0.573092163708327,1
ba_14782607,2025-09,굽네치킨 경산중방점,굽네치킨,치킨,경상북도,경산시,0,0.097348,-0.166312,growth_alpha,0.7965963897978692,1
ba_14783137,2025-08,굽네치킨 포천이동점,굽네치킨,치킨,경기도,포천시,1,0.933333,-0.310001,growth_alpha,0.3475418866300216,1
ba_14783137,2025-09,굽네치킨 포천이동점,굽네치킨,치킨,경기도,포천시,1,9.0309,-0.166312,growth_alpha,0.6014213025268068,1
ba_14783436,2025-08,본죽&비빔밥 마산합포오동점,본그룹,백반·죽·국수,경상남도,창원시,1,0.8,-0.143104,growth_alpha,0.428039886573835,1
ba_14783436,2025-09,본죽&비빔밥 마산합포오동점,본그룹,백반·죽·국수,경상남도,창원시,0,-0.2,-1.827793,growth_alpha,0.2568914744602231,0
ba_14783596,2025-08,굽네치킨 사상역점,굽네치킨,치킨,부산광역시,사상구,1,2.319432,-0.310001,growth_alpha,0.7020203470579021,1
ba_14783596,2025-09,굽네치킨 사상역점,굽네치킨,치킨,부산광역시,사상구,1,0.547959,-0.166312,growth_alpha,0.8532923571945155,1
ba_14785504,2025-08,본죽&비빔밥 증평점,본그룹,백반·죽·국수,충청북도,증평군,1,0.220513,-0.143104,growth_alpha,0.712817249241023,1
ba_14785504,2025-09,본죽&비빔밥 증평점,본그룹,백반·죽·국수,충청북도,증평군,0,0.054795,-1.827793,growth_alpha,0.7240752184132025,1
ba_14786815,2025-08,본죽&비빔밥 부산남천동점,본그룹,백반·죽·국수,부산광역시,수영구,0,0.0,-0.143104,growth_alpha,0.0928441849216879,0
ba_14786815,2025-09,본죽&비빔밥 부산남천동점,본그룹,백반·죽·국수,부산광역시,수영구,1,103.812701,-1.827793,growth_alpha,0.0935746303319412,0
ba_14787229,2025-08,본죽&비빔밥 수원호매실화홍병원점,본그룹,백반·죽·국수,경기도,수원시,1,4.533333,-0.143104,growth_alpha,0.2511533470296297,0
ba_14787229,2025-09,본죽&비빔밥 수원호매실화홍병원점,본그룹,백반·죽·국수,경기도,수원시,1,81.427186,-1.827793,growth_alpha,0.31325167540689136,1
ba_14787776,2025-08,굽네치킨&피자 지제동삭점,굽네치킨,치킨,경기도,평택시,0,0.0,-0.310001,growth_alpha,0.14593928429190103,0
ba_14787776,2025-09,굽네치킨&피자 지제동삭점,굽네치킨,치킨,경기도,평택시,1,1.403662,-0.166312,growth_alpha,0.855090395797091,1
ba_14788152,2025-08,굽네피자 초읍점,굽네치킨,피자,부산광역시,부산진구,0,0.0,-0.108569,growth_alpha,0.1842279315051766,0
ba_14788152,2025-09,굽네피자 초읍점,굽네치킨,피자,부산광역시,부산진구,1,32.485328,-0.16389,growth_alpha,0.31890824622780783,1
ba_14788494,2025-08,굽네치킨 경화태백점,굽네치킨,치킨,경상남도,창원시,0,0.0,-0.310001,growth_alpha,0.10375437769596257,0
ba_14788494,2025-09,굽네치킨 경화태백점,굽네치킨,치킨,경상남도,창원시,1,1.674732,-0.166312,growth_alpha,0.7669763038534494,1
ba_14788679,2025-08,본죽&비빔밥 안산선부점,본그룹,백반·죽·국수,경기도,안산시,0,0.0,-0.143104,growth_alpha,0.10462131179890675,0
ba_14788679,2025-09,본죽&비빔밥 안산선부점,본그룹,백반·죽·국수,경기도,안산시,1,73.545054,-1.827793,growth_alpha,0.3289699190708219,1
ba_14789833,2025-08,굽네치킨&피자 순천풍덕점,굽네치킨,치킨,전라남도,순천시,0,0.0,-0.310001,growth_alpha,0.13388566554763107,0
ba_14789833,2025-09,굽네치킨&피자 순천풍덕점,굽네치킨,치킨,전라남도,순천시,1,1.775559,-0.166312,growth_alpha,0.7253152166202149,1
ba_14789844,2025-08,굽네치킨 부산우2동점,굽네치킨,치킨,부산광역시,해운대구,0,0.0,-0.310001,growth_alpha,0.13427727567214998,0
ba_14789844,2025-09,굽네치킨 부산우2동점,굽네치킨,치킨,부산광역시,해운대구,1,1.347329,-0.166312,growth_alpha,0.8614755898224866,1
ba_14791302,2025-08,굽네치킨 초읍점,굽네치킨,치킨,부산광역시,부산진구,0,0.0,-0.310001,growth_alpha,0.11850508572638482,0
ba_14791302,2025-09,굽네치킨 초읍점,굽네치킨,치킨,부산광역시,부산진구,1,2.298626,-0.166312,growth_alpha,0.7111427200490015,1
ba_14791437,2025-08,굽네치킨&피자 신수점,굽네치킨,치킨,서울특별시,마포구,0,0.0,-0.310001,growth_alpha,0.1556939054846168,0
ba_14791437,2025-09,굽네치킨&피자 신수점,굽네치킨,치킨,서울특별시,마포구,0,0.0,-0.166312,growth_alpha,0.15557951554244803,0
ba_14792754,2025-08,굽네치킨 보라점,굽네치킨,치킨,경기도,용인시,0,0.0,-0.310001,growth_alpha,0.14077132212859744,0
ba_14792754,2025-09,굽네치킨 보라점,굽네치킨,치킨,경기도,용인시,0,0.0,-0.166312,growth_alpha,0.24638604685810264,0
ba_14793023,2025-08,본죽&비빔밥 장호원점,본그룹,백반·죽·국수,경기도,이천시,0,0.0,-0.143104,growth_alpha,0.10551878511101968,0
ba_14793023,2025-09,본죽&비빔밥 장호원점,본그룹,백반·죽·국수,경기도,이천시,1,50.403068,-1.827793,growth_alpha,0.13925418680003995,0
ba_14794083,2025-08,본죽&비빔밥 부산광안역점,본그룹,백반·죽·국수,부산광역시,수영구,0,0.0,-0.143104,growth_alpha,0.09085583194862622,0
ba_14794083,2025-09,본죽&비빔밥 부산광안역점,본그룹,백반·죽·국수,부산광역시,수영구,1,53.001889,-1.827793,growth_alpha,0.3719442547894526,1
ba_14794547,2025-08,굽네치킨&피자 회기역점,굽네치킨,치킨,서울특별시,동대문구,0,0.0,-0.310001,growth_alpha,0.17017742166231395,0
ba_14794547,2025-09,굽네치킨&피자 회기역점,굽네치킨,치킨,서울특별시,동대문구,1,204.630043,-0.166312,growth_alpha,0.5902430839017805,1
ba_14795104,2025-08,굽네치킨 독산스타점,굽네치킨,치킨,서울특별시,금천구,0,0.0,-0.310001,growth_alpha,0.16194762070121926,0
ba_14795104,2025-09,굽네치킨 독산스타점,굽네치킨,치킨,서울특별시,금천구,1,6.146782,-0.166312,growth_alpha,0.7913766368421709,1
ba_14795563,2025-08,본죽&비빔밥 잠원역점,본그룹,백반·죽·국수,서울특별시,서초구,0,0.0,-0.143104,growth_alpha,0.11625439893117395,0
ba_14795563,2025-09,본죽&비빔밥 잠원역점,본그룹,백반·죽·국수,서울특별시,서초구,1,75.786169,-1.827793,growth_alpha,0.1512203977700751,0
ba_14796264,2025-08,굽네치킨 종암스타점,굽네치킨,치킨,서울특별시,성북구,0,0.0,-0.310001,growth_alpha,0.06864030137792697,0
ba_14796264,2025-09,굽네치킨 종암스타점,굽네치킨,치킨,서울특별시,성북구,0,0.0,-0.166312,growth_alpha,0.06858467509652702,0
ba_14796355,2025-08,본죽&비빔밥 남양주퇴계원점,본그룹,백반·죽·국수,경기도,남양주시,0,0.0,-0.143104,growth_alpha,0.2188094348823874,0
ba_14796355,2025-09,본죽&비빔밥 남양주퇴계원점,본그룹,백반·죽·국수,경기도,남양주시,0,0.0,-1.827793,growth_alpha,0.22035612658205134,0
ba_14796833,2025-08,굽네치킨&피자 성황골약점,굽네치킨,치킨,전라남도,광양시,0,0.0,-0.310001,growth_alpha,0.13996675457291718,0
ba_14796833,2025-09,굽네치킨&피자 성황골약점,굽네치킨,치킨,전라남도,광양시,1,53.093787,-0.166312,growth_alpha,0.6242352704890088,1
ba_14796835,2025-08,굽네치킨 모라점,굽네치킨,치킨,부산광역시,사상구,0,0.0,-0.310001,growth_alpha,0.13433705760747425,0
ba_14796835,2025-09,굽네치킨 모라점,굽네치킨,치킨,부산광역시,사상구,1,758.887363,-0.166312,growth_alpha,0.6160778741166424,1
ba_14796881,2025-08,굽네치킨 안산부곡점,굽네치킨,치킨,경기도,안산시,0,0.0,-0.310001,growth_alpha,0.05779471848280885,0
ba_14796881,2025-09,굽네치킨 안산부곡점,굽네치킨,치킨,경기도,안산시,0,0.0,-0.166312,growth_alpha,0.05774733652585039,0
ba_14797330,2025-08,굽네치킨&피자 초전점,굽네치킨,치킨,경상남도,진주시,0,0.0,-0.310001,growth_alpha,0.10748884665529056,0
ba_14797330,2025-09,굽네치킨&피자 초전점,굽네치킨,치킨,경상남도,진주시,0,0.0,-0.166312,growth_alpha,0.10740536805833821,0
ba_14797390,2025-08,굽네치킨 수원연무점,굽네치킨,치킨,경기도,수원시,0,0.0,-0.310001,growth_alpha,0.14785622604177354,0
ba_14797390,2025-09,굽네치킨 수원연무점,굽네치킨,치킨,경기도,수원시,1,11.254231,-0.166312,growth_alpha,0.6580246389330578,1
ba_14797999,2025-08,굽네치킨&피자 대흥역점,굽네치킨,치킨,서울특별시,마포구,0,0.0,-0.310001,growth_alpha,0.16385034316425506,0
ba_14797999,2025-09,굽네치킨&피자 대흥역점,굽네치킨,치킨,서울특별시,마포구,1,97.093988,-0.166312,growth_alpha,0.15924763323595362,0
ba_14798760,2025-08,굽네치킨&피자 도래울점,굽네치킨,치킨,경기도,고양시,0,0.0,-0.310001,growth_alpha,0.15472758521898927,0
ba_14798760,2025-09,굽네치킨&피자 도래울점,굽네치킨,치킨,경기도,고양시,1,60.833244,-0.166312,growth_alpha,0.5051729676472912,1
ba_14798893,2025-08,본죽&비빔밥 남양주퇴계원점,본그룹,백반·죽·국수,경기도,남양주시,0,0.0,-0.143104,growth_alpha,0.21742033992868212,0
ba_14798893,2025-09,본죽&비빔밥 남양주퇴계원점,본그룹,백반·죽·국수,경기도,남양주시,1,19.961062,-1.827793,growth_alpha,0.2793411934956965,0
ba_14798894,2025-08,본죽&비빔밥 남양주퇴계원점,본그룹,백반·죽·국수,경기도,남양주시,0,0.0,-0.143104,growth_alpha,0.21742033992868212,0
ba_14798894,2025-09,본죽&비빔밥 남양주퇴계원점,본그룹,백반·죽·국수,경기도,남양주시,1,67.102561,-1.827793,growth_alpha,0.24036080890319955,0
ba_14799070,2025-08,굽네치킨&피자 전남나주점,굽네치킨,치킨,전라남도,나주시,0,0.0,-0.310001,growth_alpha,0.13653093706474437,0
ba_14799070,2025-09,굽네치킨&피자 전남나주점,굽네치킨,치킨,전라남도,나주시,1,12.8,-0.166312,growth_alpha,0.5824583629287575,1
ba_14799629,2025-08,굽네치킨 수원신동점,굽네치킨,치킨,경기도,수원시,0,0.0,-0.310001,growth_alpha,0.11735760474974927,0
ba_14799629,2025-09,굽네치킨 수원신동점,굽네치킨,치킨,경기도,수원시,1,108.820421,-0.166312,growth_alpha,0.5924183925023722,1
ba_14799660,2025-08,본죽&비빔밥 의정부역점,본그룹,백반·죽·국수,경기도,의정부시,0,0.0,-0.143104,growth_alpha,0.23138489984842503,0
ba_14799660,2025-09,본죽&비빔밥 의정부역점,본그룹,백반·죽·국수,경기도,의정부시,0,0.0,-1.827793,growth_alpha,0.2329939709355243,0
ba_14799661,2025-08,본죽&비빔밥 의정부역점,본그룹,백반·죽·국수,경기도,의정부시,0,0.0,-0.143104,growth_alpha,0.22984759852587358,0
ba_14799661,2025-09,본죽&비빔밥 의정부역점,본그룹,백반·죽·국수,경기도,의정부시,1,311.159429,-1.827793,growth_alpha,0.3041104380951976,1
ba_14800284,2025-08,굽네치킨&피자 광주양산점,굽네치킨,치킨,광주광역시,북구,0,0.0,-0.310001,growth_alpha,0.12784535819629375,0
ba_14800284,2025-09,굽네치킨&피자 광주양산점,굽네치킨,치킨,광주광역시,북구,1,84.180595,-0.166312,growth_alpha,0.4148606933228544,1
ba_14800652,2025-08,본죽&비빔밥 내방역점,본그룹,백반·죽·국수,서울특별시,서초구,0,0.0,-0.143104,growth_alpha,0.2521782638257823,0
ba_14800652,2025-09,본죽&비빔밥 내방역점,본그룹,백반·죽·국수,서울특별시,서초구,0,0.0,-1.827793,growth_alpha,0.2538841707979202,0
ba_14801006,2025-08,굽네치킨&피자 상봉점,굽네치킨,치킨,서울특별시,중랑구,0,0.0,-0.310001,growth_alpha,0.14113730874991254,0
ba_14801006,2025-09,굽네치킨&피자 상봉점,굽네치킨,치킨,서울특별시,중랑구,1,144.262975,-0.166312,growth_alpha,0.46745461173234276,1
ba_14801139,2025-08,굽네치킨&피자 율하스타점,굽네치킨,치킨,경상남도,김해시,0,0.0,-0.310001,growth_alpha,0.10964064810044065,0
ba_14801139,2025-09,굽네치킨&피자 율하스타점,굽네치킨,치킨,경상남도,김해시,1,140.228606,-0.166312,growth_alpha,0.09184395288748531,0
ba_14801362,2025-08,본죽&비빔밥 청주지웰시티점,본그룹,백반·죽·국수,충청북도,청주시,0,0.0,-0.143104,growth_alpha,0.08774364955934343,0
ba_14801362,2025-09,본죽&비빔밥 청주지웰시티점,본그룹,백반·죽·국수,충청북도,청주시,0,0.0,-1.827793,growth_alpha,0.08846880092976689,0
ba_14803437,2025-08,굽네치킨 명곡대원점,굽네치킨,치킨,경상남도,창원시,0,0.0,-0.310001,growth_alpha,0.11415365904882446,0
ba_14803437,2025-09,굽네치킨 명곡대원점,굽네치킨,치킨,경상남도,창원시,0,0.0,-0.166312,growth_alpha,0.11406566590443648,0
ba_14805037,2025-08,굽네치킨&피자 광주퇴촌점,굽네치킨,치킨,경기도,광주시,0,0.0,-0.310001,growth_alpha,0.06115698261699555,0
ba_14805037,2025-09,굽네치킨&피자 광주퇴촌점,굽네치킨,치킨,경기도,광주시,0,0.0,-0.166312,growth_alpha,0.06110702294160057,0
ba_14808489,2025-08,굽네치킨 전주서학점,굽네치킨,치킨,전북특별자치도,전주시,0,0.0,-0.310001,growth_alpha,0.1489649350690107,0
ba_14808489,2025-09,굽네치킨 전주서학점,굽네치킨,치킨,전북특별자치도,전주시,0,0.0,-0.166312,growth_alpha,0.14885461735175284,0
ba_14809478,2025-08,굽네치킨 권선1동점,굽네치킨,치킨,경기도,수원시,0,0.0,-0.310001,growth_alpha,0.13571155875633473,0
ba_14809478,2025-09,굽네치킨 권선1동점,굽네치킨,치킨,경기도,수원시,0,0.0,-0.166312,growth_alpha,0.13560949200417055,0
ba_14809544,2025-08,굽네치킨 송도4동점,굽네치킨,치킨,인천광역시,연수구,0,0.0,-0.310001,growth_alpha,0.12154819634082525,0
ba_14809544,2025-09,굽네치킨 송도4동점,굽네치킨,치킨,인천광역시,연수구,0,0.0,-0.166312,growth_alpha,0.12145528475839136,0
ba_14809938,2025-08,굽네치킨&피자 도곡스타점,굽네치킨,치킨,서울특별시,강남구,0,0.0,-0.310001,growth_alpha,0.14992791300645683,0
ba_14809938,2025-09,굽네치킨&피자 도곡스타점,굽네치킨,치킨,서울특별시,강남구,0,0.0,-0.166312,growth_alpha,0.1498170076873024,0
ba_14809961,2025-08,굽네치킨 창원소답점,굽네치킨,치킨,경상남도,창원시,0,0.0,-0.310001,growth_alpha,0.1046422525284935,0
ba_14809961,2025-09,굽네치킨 창원소답점,굽네치킨,치킨,경상남도,창원시,0,0.0,-0.166312,growth_alpha,0.104560725674093,0
ba_14810162,2025-08,굽네치킨&피자 서현역점,굽네치킨,치킨,경기도,성남시,0,0.0,-0.310001,growth_alpha,0.161542300454354,0
ba_14810162,2025-09,굽네치킨&피자 서현역점,굽네치킨,치킨,경기도,성남시,0,0.0,-0.166312,growth_alpha,0.1614244351629978,0
ba_14810163,2025-08,굽네피자 서현역점,굽네치킨,피자,경기도,성남시,0,0.0,-0.108569,growth_alpha,0.22905583298292284,0
ba_14810163,2025-09,굽네피자 서현역점,굽네치킨,피자,경기도,성남시,0,0.0,-0.16389,growth_alpha,0.2291494752764246,0
ba_14810724,2025-08,굽네치킨&피자 동대구해모로점,굽네치킨,치킨,대구광역시,동구,0,0.0,-0.310001,growth_alpha,0.05916914486273324,0
ba_14810724,2025-09,굽네치킨&피자 동대구해모로점,굽네치킨,치킨,대구광역시,동구,0,0.0,-0.166312,growth_alpha,0.0591207068105283,0
ba_14812126,2025-08,본죽&비빔밥 가평설악점,본그룹,백반·죽·국수,경기도,가평군,0,0.0,-0.143104,growth_alpha,0.10706626888079238,0
ba_14812126,2025-09,본죽&비빔밥 가평설악점,본그룹,백반·죽·국수,경기도,가평군,0,0.0,-1.827793,growth_alpha,0.10793221717948703,0
ba_14812426,2025-08,본죽&비빔밥 대전선화점,본그룹,백반·죽·국수,대전광역시,중구,0,0.0,-0.143104,growth_alpha,0.1921123243015068,0
ba_14812426,2025-09,본죽&비빔밥 대전선화점,본그룹,백반·죽·국수,대전광역시,중구,0,0.0,-1.827793,growth_alpha,0.19351705106248077,0
ba_14812430,2025-08,본죽&비빔밥 대전선화점,본그룹,백반·죽·국수,대전광역시,중구,0,0.0,-0.143104,growth_alpha,0.19140069941594814,0
ba_14812430,2025-09,본죽&비빔밥 대전선화점,본그룹,백반·죽·국수,대전광역시,중구,0,0.0,-1.827793,growth_alpha,0.19280146455738437,0
ba_14818313,2025-08,본죽&비빔밥 대전복수점,본그룹,백반·죽·국수,대전광역시,서구,0,0.0,-0.143104,growth_alpha,0.09020427574281972,0
ba_14818313,2025-09,본죽&비빔밥 대전복수점,본그룹,백반·죽·국수,대전광역시,서구,0,0.0,-1.827793,growth_alpha,0.09094773541668816,0
ba_14818314,2025-08,본죽&비빔밥 대전복수점,본그룹,백반·죽·국수,대전광역시,서구,0,0.0,-0.143104,growth_alpha,0.0901616983756851,0
ba_14818314,2025-09,본죽&비빔밥 대전복수점,본그룹,백반·죽·국수,대전광역시,서구,0,0.0,-1.827793,growth_alpha,0.0909048421920203,0
ba_14826413,2025-08,본죽&비빔밥 대림성모점,본그룹,백반·죽·국수,서울특별시,동작구,0,0.0,-0.143104,growth_alpha,0.11594296964416574,0
ba_14826413,2025-09,본죽&비빔밥 대림성모점,본그룹,백반·죽·국수,서울특별시,동작구,0,0.0,-1.827793,growth_alpha,0.11687131560195699,0
ba_14827938,2025-08,굽네치킨&피자 거북섬점,굽네치킨,치킨,경기도,시흥시,0,0.0,-0.310001,growth_alpha,0.13260001043992342,0
ba_14827938,2025-09,굽네치킨&피자 거북섬점,굽네치킨,치킨,경기도,시흥시,0,0.0,-0.166312,growth_alpha,0.13249992508197495,0
ba_14828692,2025-08,본죽&비빔밥 대림성모점,본그룹,백반·죽·국수,서울특별시,동작구,0,0.0,-0.143104,growth_alpha,0.11594296964416574,0
ba_14828692,2025-09,본죽&비빔밥 대림성모점,본그룹,백반·죽·국수,서울특별시,동작구,0,0.0,-1.827793,growth_alpha,0.11687131560195699,0
ba_14831111,2025-08,본죽&비빔밥 상봉역점,본그룹,백반·죽·국수,서울특별시,중랑구,0,0.0,-0.143104,growth_alpha,0.11667347241816768,0
ba_14831111,2025-09,본죽&비빔밥 상봉역점,본그룹,백반·죽·국수,서울특별시,중랑구,0,0.0,-1.827793,growth_alpha,0.11760688934462173,0
ba_14831112,2025-08,본죽&비빔밥 상봉역점,본그룹,백반·죽·국수,서울특별시,중랑구,0,0.0,-0.143104,growth_alpha,0.115844696783606,0
ba_14831112,2025-09,본죽&비빔밥 상봉역점,본그룹,백반·죽·국수,서울특별시,중랑구,0,0.0,-1.827793,growth_alpha,0.11677235981284828,0
ba_14840445,2025-08,굽네치킨&피자 등촌3동점,굽네치킨,치킨,서울특별시,강서구,0,0.0,-0.310001,growth_alpha,0.06323325118085905,0
ba_14840445,2025-09,굽네치킨&피자 등촌3동점,굽네치킨,치킨,서울특별시,강서구,0,0.0,-0.166312,growth_alpha,0.0631817095280955,0
ba_14841573,2025-08,본죽&비빔밥 왕십리점,본그룹,백반·죽·국수,서울특별시,성동구,0,0.0,-0.143104,growth_alpha,0.11439667785306523,0
ba_14841573,2025-09,본죽&비빔밥 왕십리점,본그룹,백반·죽·국수,서울특별시,성동구,0,0.0,-1.827793,growth_alpha,0.11531425772980829,0
ba_14841574,2025-08,본죽&비빔밥 왕십리점,본그룹,백반·죽·국수,서울특별시,성동구,0,0.0,-0.143104,growth_alpha,0.11296444614168562,0
ba_14841574,2025-09,본죽&비빔밥 왕십리점,본그룹,백반·죽·국수,서울특별시,성동구,0,0.0,-1.827793,growth_alpha,0.11387201517578119,0
ba_14842562,2025-08,굽네치킨&피자 영등포구청역점,굽네치킨,치킨,서울특별시,영등포구,0,0.0,-0.310001,growth_alpha,0.06755328758429777,0
ba_14842562,2025-09,굽네치킨&피자 영등포구청역점,굽네치킨,치킨,서울특별시,영등포구,0,0.0,-0.166312,growth_alpha,0.06749847837886917,0
ba_14849575,2025-08,굽네치킨 엄궁점,굽네치킨,치킨,부산광역시,사상구,0,0.0,-0.310001,growth_alpha,0.05463173876000044,0
ba_14849575,2025-09,굽네치킨 엄궁점,굽네치킨,치킨,부산광역시,사상구,0,0.0,-0.166312,growth_alpha,0.05458679968257616,0
ba_14850510,2025-08,굽네치킨 가야점,굽네치킨,치킨,부산광역시,부산진구,0,0.0,-0.310001,growth_alpha,0.051619162943032024,0
ba_14850510,2025-09,굽네치킨 가야점,굽네치킨,치킨,부산광역시,부산진구,0,0.0,-0.166312,growth_alpha,0.051576566758376144,0
ba_14853495,2025-08,굽네치킨&피자 구리갈매점,굽네치킨,치킨,경기도,구리시,0,0.0,-0.310001,growth_alpha,0.06238640528532101,0
ba_14853495,2025-09,굽네치킨&피자 구리갈매점,굽네치킨,치킨,경기도,구리시,0,0.0,-0.166312,growth_alpha,0.06233550796709994,0
ba_14854750,2025-08,굽네치킨 울산신정3호점,굽네치킨,치킨,울산광역시,남구,0,0.0,-0.310001,growth_alpha,0.06332167754897611,0
ba_14854750,2025-09,굽네치킨 울산신정3호점,굽네치킨,치킨,울산광역시,남구,0,0.0,-0.166312,growth_alpha,0.06327006868768068,0
ba_14855560,2025-08,굽네치킨 양산서창점,굽네치킨,치킨,경상남도,양산시,0,0.0,-0.310001,growth_alpha,0.12080564865716945,0
ba_14855560,2025-09,굽네치킨 양산서창점,굽네치킨,치킨,경상남도,양산시,0,0.0,-0.166312,growth_alpha,0.21519254631636775,0
ba_14855934,2025-08,굽네치킨 동대신점,굽네치킨,치킨,부산광역시,서구,0,0.0,-0.310001,growth_alpha,0.052774218216684314,0
ba_14855934,2025-09,굽네치킨 동대신점,굽네치킨,치킨,부산광역시,서구,0,0.0,-0.166312,growth_alpha,0.05273072187531126,0
ba_14856977,2025-08,굽네치킨&피자 용산점,굽네치킨,치킨,대구광역시,달서구,0,0.0,-0.310001,growth_alpha,0.06088801422233247,0
ba_14856977,2025-09,굽네치킨&피자 용산점,굽네치킨,치킨,대구광역시,달서구,0,0.0,-0.166312,growth_alpha,0.06083826003126217,0
ba_14857305,2025-08,굽네치킨&피자 송탄지산점,굽네치킨,치킨,경기도,평택시,0,0.0,-0.310001,growth_alpha,0.06336507802530189,0
ba_14857305,2025-09,굽네치킨&피자 송탄지산점,굽네치킨,치킨,경기도,평택시,0,0.0,-0.166312,growth_alpha,0.06331343618241418,0
