predicted_priority_rank,platform_shop_id,year_month,shop_name,brand,category,sido,sigungu,predictive_rank_score,decision_band,explanation_index,signal_decomposition_index,action_band,risk_flag,top_positive_signal,top_negative_signal,model_probability_raw,probability_band,probability_score,growth_alpha_score,review_growth_score,operation_score,stability_score,market_fit_score,ranking_basis,score_role
1,ba_14692232,2025-09,본죽 아산용화점,본그룹,백반·죽·국수,충청남도,아산시,0.4698795180722891,Priority Review,93.25,93.25,Immediate Review,none,growth_alpha,market_fit,0.4698795180722891,2,89.94487013446492,100.0,89.47368421052633,96.57227481260756,88.62840235373629,50.0,calibrated_model_probability,composite_is_explanation_index_not_predictive_rank
2,ba_14689004,2025-09,본죽&비빔밥 산본학원가점,본그룹,백반·죽·국수,경기도,군포시,0.4698795180722891,Priority Review,93.24,93.24,Immediate Review,none,growth_alpha,market_fit,0.4698795180722891,2,91.42373510323448,100.0,100.0,96.30495619241808,67.94166104656522,50.0,calibrated_model_probability,composite_is_explanation_index_not_predictive_rank
3,ba_14692455,2025-09,본죽&비빔밥 천안신불당북부점,본그룹,백반·죽·국수,충청남도,천안시,0.4698795180722891,Priority Review,91.55,91.55,Immediate Review,none,review_growth,market_fit,0.4698795180722891,2,92.25104470505164,92.554882620383,100.0,97.26826114176824,65.34009033556018,50.0,calibrated_model_probability,composite_is_explanation_index_not_predictive_rank
4,ba_14692155,2025-09,본죽&비빔밥 해운대백병원점,본그룹,백반·죽·국수,부산광역시,해운대구,0.4698795180722891,Priority Review,91.45,91.45,Immediate Review,stability_risk,growth_alpha,stability,0.4698795180722891,2,93.8372851859358,100.0,100.0,97.50145398065692,39.81134886180272,50.0,calibrated_model_probability,composite_is_explanation_index_not_predictive_rank
5,ba_14756888,2025-09,본죽&비빔밥 창원대원점,본그룹,백반·죽·국수,경상남도,창원시,0.4698795180722891,Priority Review,91.34,91.34,Immediate Review,none,growth_alpha,stability,0.4698795180722891,2,92.01592271167377,100.0,100.0,98.21001296608632,44.0054451187881,50.0,calibrated_model_probability,composite_is_explanation_index_not_predictive_rank
6,ba_14691001,2025-09,본죽&비빔밥 광주연제점,본그룹,백반·죽·국수,광주광역시,북구,0.4698795180722891,Priority Review,89.88,89.88,Immediate Review,none,growth_alpha,market_fit,0.4698795180722891,2,89.68710138745969,100.0,73.68421052631578,91.8440580086965,86.59039383870022,50.0,calibrated_model_probability,composite_is_explanation_index_not_predictive_rank
7,ba_13235557,2025-09,본죽 도봉동점,본그룹,백반·죽·국수,서울특별시,도봉구,0.4698795180722891,Priority Review,88.61,88.61,Immediate Review,none,review_growth,market_fit,0.4698795180722891,2,92.6272824351325,86.32996099641358,100.0,96.98208353717573,96.3794530681316,47.36901257594454,calibrated_model_probability,composite_is_explanation_index_not_predictive_rank
8,ba_14689003,2025-09,본죽&비빔밥 구리인창점,본그룹,백반·죽·국수,경기도,구리시,0.4698795180722891,Priority Review,88.53,88.53,Immediate Review,none,operation,market_fit,0.4698795180722891,2,92.47861703138344,93.33070874390118,69.63563157894738,97.69303731427536,77.26229303085596,50.0,calibrated_model_probability,composite_is_explanation_index_not_predictive_rank
9,ba_14746052,2025-09,본죽&비빔밥 포항두호점,본그룹,백반·죽·국수,경상북도,포항시,0.4698795180722891,Priority Review,87.99,87.99,Immediate Review,none,growth_alpha,market_fit,0.4698795180722891,2,93.38534963871189,94.31928069474064,73.68421052631578,89.73499030109375,72.12301300968483,50.0,calibrated_model_probability,composite_is_explanation_index_not_predictive_rank
10,ba_14689953,2025-09,본죽&비빔밥 양주고읍점,본그룹,백반·죽·국수,경기도,양주시,0.4698795180722891,Priority Review,87.77,87.77,Immediate Review,none,operation,market_fit,0.4698795180722891,2,91.4218541983808,92.48642085352516,66.37426315789475,96.87222246930388,81.66086344523086,50.0,calibrated_model_probability,composite_is_explanation_index_not_predictive_rank
11,ba_14690155,2025-09,본죽&비빔밥 김포걸포점,본그룹,백반·죽·국수,경기도,김포시,0.4698795180722891,Priority Review,87.52,87.52,Immediate Review,none,growth_alpha,market_fit,0.4698795180722891,2,88.94908879731753,100.0,86.8421052631579,73.50611321206564,73.35956107509405,50.0,calibrated_model_probability,composite_is_explanation_index_not_predictive_rank
12,ba_14691298,2025-09,본죽&비빔밥 대전전민동점,본그룹,백반·죽·국수,대전광역시,유성구,0.4698795180722891,Priority Review,87.51,87.51,Immediate Review,none,review_growth,market_fit,0.4698795180722891,2,93.62851931331632,76.74243150234503,100.0,97.2464086677774,59.70400148827807,50.0,calibrated_model_probability,composite_is_explanation_index_not_predictive_rank
13,ba_14688860,2025-09,본죽&비빔밥 수색DMC점,본그룹,백반·죽·국수,서울특별시,은평구,0.4698795180722891,Priority Review,87.02,87.02,Immediate Review,none,growth_alpha,stability,0.4698795180722891,2,92.51015523156812,100.0,73.68421052631578,96.92221374541997,55.07079291173208,73.87608226592829,calibrated_model_probability,composite_is_explanation_index_not_predictive_rank
14,ba_14691173,2025-09,본죽&비빔밥 대구복현동점,본그룹,백반·죽·국수,대구광역시,북구,0.4698795180722891,Priority Review,85.58,85.58,Immediate Review,none,growth_alpha,market_fit,0.4698795180722891,2,89.7452238161386,100.0,69.29823684210528,81.76241100783096,65.0860572738845,50.0,calibrated_model_probability,composite_is_explanation_index_not_predictive_rank
15,ba_14691999,2025-09,본죽&비빔밥 부산동래점,본그룹,백반·죽·국수,부산광역시,동래구,0.4698795180722891,Priority Review,85.15,85.15,Immediate Review,none,growth_alpha,review_growth,0.4698795180722891,2,89.23847434433524,100.0,47.36842105263158,97.50923705358515,71.89447899445645,50.0,calibrated_model_probability,composite_is_explanation_index_not_predictive_rank
16,ba_14742705,2025-09,본죽&비빔밥 청주개신점,본그룹,백반·죽·국수,충청북도,청주시,0.4698795180722891,Priority Review,84.79,84.79,Immediate Review,none,growth_alpha,review_growth,0.4698795180722891,2,92.78079544336669,100.0,43.85965789473684,92.67216348558506,68.40849670751528,50.0,calibrated_model_probability,composite_is_explanation_index_not_predictive_rank
17,ba_14690712,2025-09,본죽&비빔밥 광주운남점,본그룹,백반·죽·국수,광주광역시,광산구,0.4698795180722891,Priority Review,84.69,84.69,Immediate Review,none,growth_alpha,review_growth,0.4698795180722891,2,89.35757950140672,100.0,41.82826315789474,96.14450515051266,77.14374873454618,50.0,calibrated_model_probability,composite_is_explanation_index_not_predictive_rank
18,ba_14692118,2025-09,본죽&비빔밥 여수소호점,본그룹,백반·죽·국수,전라남도,여수시,0.4698795180722891,Priority Review,84.37,84.37,Immediate Review,none,review_growth,market_fit,0.4698795180722891,2,89.77437426196367,59.62940634635924,100.0,97.80140163735328,83.74820731372408,50.0,calibrated_model_probability,composite_is_explanation_index_not_predictive_rank
19,ba_14688602,2025-09,본죽&비빔밥 남양주덕소점,본그룹,백반·죽·국수,경기도,남양주시,0.4698795180722891,Priority Review,84.26,84.26,Immediate Review,none,operation,market_fit,0.4698795180722891,2,91.18931987567024,83.8137250212516,56.65634210526317,96.63453939603352,84.01652653813363,50.0,calibrated_model_probability,composite_is_explanation_index_not_predictive_rank
20,ba_14688687,2025-09,본죽&비빔밥 신길점,본그룹,백반·죽·국수,서울특별시,영등포구,0.4698795180722891,Priority Review,83.92,83.92,Immediate Review,stability_risk,operation,stability,0.4698795180722891,2,94.3446990095728,95.435176456158,81.25000000000001,97.86516296557316,30.369324240993624,58.14220553764413,calibrated_model_probability,composite_is_explanation_index_not_predictive_rank
21,ba_14689382,2025-09,본죽&비빔밥 수원권선시장점,본그룹,백반·죽·국수,경기도,수원시,0.4698795180722891,Priority Review,83.79,83.79,Immediate Review,none,operation,review_growth,0.4698795180722891,2,94.30651593102004,92.47303001570708,40.789473684210535,95.64908262373376,71.94689537308648,50.0,calibrated_model_probability,composite_is_explanation_index_not_predictive_rank
22,ba_14727030,2025-09,본죽&비빔밥 부산명장역점,본그룹,백반·죽·국수,부산광역시,동래구,0.4698795180722891,Priority Review,82.94,82.94,Immediate Review,none,growth_alpha,review_growth,0.4698795180722891,2,90.72929272831963,100.0,31.46928947368421,94.25561322061849,73.24053614913053,50.0,calibrated_model_probability,composite_is_explanation_index_not_predictive_rank
23,ba_14703930,2025-09,본죽 중화역점,본그룹,백반·죽·국수,서울특별시,중랑구,0.4698795180722891,Priority Review,82.37,82.37,Immediate Review,none,operation,review_growth,0.4698795180722891,2,90.06745735881287,93.33527581772655,48.75347368421053,97.29819603764612,77.06131076816465,63.4275987891436,calibrated_model_probability,composite_is_explanation_index_not_predictive_rank
24,ba_13222170,2025-09,본죽&비빔밥 전북김제점,본그룹,백반·죽·국수,전북특별자치도,김제시,0.4698795180722891,Priority Review,82.34,82.34,Immediate Review,none,operation,market_fit,0.4698795180722891,2,92.09311662636505,62.1166436197563,78.26086842105265,97.1009250738109,82.73176870895009,50.0,calibrated_model_probability,composite_is_explanation_index_not_predictive_rank
25,ba_14688094,2025-09,본죽 군포지샘병원점,본그룹,백반·죽·국수,경기도,군포시,0.4698795180722891,Priority Review,81.84,81.84,Immediate Review,none,operation,review_growth,0.4698795180722891,2,89.77820083419577,81.66416299753462,40.789473684210535,99.43015932206868,89.68279493828717,50.0,calibrated_model_probability,composite_is_explanation_index_not_predictive_rank
26,ba_14694148,2025-09,본죽 통영점,본그룹,백반·죽·국수,경상남도,통영시,0.4698795180722891,Priority Review,81.8,81.8,Immediate Review,none,operation,market_fit,0.4698795180722891,2,93.57532771446986,73.75940067576066,51.7543947368421,98.2881430443276,80.99744487256629,50.0,calibrated_model_probability,composite_is_explanation_index_not_predictive_rank
27,ba_14687119,2025-09,본죽 성균관대점,본그룹,백반·죽·국수,서울특별시,종로구,0.4698795180722891,Priority Review,81.52,81.52,Immediate Review,none,operation,review_growth,0.4698795180722891,2,91.75815986857164,90.18796335499682,45.234710526315794,99.519065962826,75.38920372767348,59.99391177685112,calibrated_model_probability,composite_is_explanation_index_not_predictive_rank
28,ba_14691077,2025-09,본죽&비빔밥 대구파티마병원점,본그룹,백반·죽·국수,대구광역시,동구,0.4698795180722891,Priority Review,81.21,81.21,Immediate Review,none,growth_alpha,review_growth,0.4698795180722891,2,91.16877563872488,95.85042545008542,47.36842105263158,67.9757219441603,80.36690452424635,50.0,calibrated_model_probability,composite_is_explanation_index_not_predictive_rank
29,ba_14691112,2025-09,본죽 대구방촌점,본그룹,백반·죽·국수,대구광역시,동구,0.4698795180722891,Priority Review,81.15,81.15,Immediate Review,none,operation,market_fit,0.4698795180722891,2,89.13199562359424,78.20943769178317,53.21636842105264,96.72913366700764,79.1251275268211,50.0,calibrated_model_probability,composite_is_explanation_index_not_predictive_rank
30,ba_14690081,2025-09,본죽 신곡시장점,본그룹,백반·죽·국수,서울특별시,양천구,0.4698795180722891,Priority Review,80.99,80.99,Immediate Review,stability_risk,operation,stability,0.4698795180722891,2,92.70827646598552,90.68087477421668,65.46052631578947,97.67597442362496,36.96701104410703,60.32837989126094,calibrated_model_probability,composite_is_explanation_index_not_predictive_rank
31,ba_14687318,2025-09,본죽&비빔밥 독산정훈단지점,본그룹,백반·죽·국수,서울특별시,금천구,0.4698795180722891,Priority Review,80.97,80.97,Immediate Review,none,operation,stability,0.4698795180722891,2,93.98379218779512,80.41500179551404,70.39473684210526,95.74487429054297,49.12671571929667,64.224720928706,calibrated_model_probability,composite_is_explanation_index_not_predictive_rank
32,ba_14689890,2025-09,본죽&비빔밥 구월아시아드점,본그룹,백반·죽·국수,인천광역시,남동구,0.4698795180722891,Priority Review,80.56,80.56,Immediate Review,none,operation,review_growth,0.4698795180722891,2,92.4349145183362,89.48172968166222,26.435394736842103,95.98794564507136,74.75979173768536,50.0,calibrated_model_probability,composite_is_explanation_index_not_predictive_rank
33,ba_14690723,2025-09,본죽&비빔밥 광주첨단월계점,본그룹,백반·죽·국수,광주광역시,광산구,0.4698795180722891,Priority Review,80.51,80.51,Immediate Review,none,operation,review_growth,0.4698795180722891,2,91.74629761993744,82.08810273388698,31.941921052631585,96.98148483925816,85.33599906407036,50.0,calibrated_model_probability,composite_is_explanation_index_not_predictive_rank
34,ba_14691106,2025-09,본죽&비빔밥 대구동구청점,본그룹,백반·죽·국수,대구광역시,동구,0.4698795180722891,Priority Review,80.29,80.29,Immediate Review,none,operation,review_growth,0.4698795180722891,2,92.28599301396424,75.8336503218817,42.275052631578944,97.6274798923028,80.44257668301297,50.0,calibrated_model_probability,composite_is_explanation_index_not_predictive_rank
35,ba_14689115,2025-09,본죽&비빔밥 양주덕정점,본그룹,백반·죽·국수,경기도,양주시,0.4698795180722891,Priority Review,80.12,80.12,Immediate Review,none,operation,review_growth,0.4698795180722891,2,91.79176543124208,95.72168274278502,17.956657894736843,100.0,63.68138133434105,50.0,calibrated_model_probability,composite_is_explanation_index_not_predictive_rank
36,ba_14691965,2025-09,본죽&비빔밥 나주혁신호수공원점,본그룹,백반·죽·국수,전라남도,나주시,0.4698795180722891,Priority Review,79.21,79.21,Immediate Review,none,operation,market_fit,0.4698795180722891,2,93.59167181473867,54.77540499940502,64.91228947368421,98.5689323676621,82.36942775616475,50.0,calibrated_model_probability,composite_is_explanation_index_not_predictive_rank
37,ba_14689734,2025-09,본죽&비빔밥 송도신도시점,본그룹,백반·죽·국수,인천광역시,연수구,0.4698795180722891,Priority Review,79.2,79.2,Immediate Review,none,operation,review_growth,0.4698795180722891,2,93.34581730624024,78.07304624433836,28.79257894736842,95.16593340426478,84.21801757224387,50.0,calibrated_model_probability,composite_is_explanation_index_not_predictive_rank
38,ba_14687368,2025-09,본죽&비빔밥 장안동점,본그룹,백반·죽·국수,서울특별시,동대문구,0.4698795180722891,Priority Review,79.06,79.06,Immediate Review,none,operation,review_growth,0.4698795180722891,2,91.05671379387287,84.30894214764541,46.67589473684211,95.43415007133058,64.22169289245988,64.42091239353314,calibrated_model_probability,composite_is_explanation_index_not_predictive_rank
39,ba_14691209,2025-09,본죽&비빔밥 대구두산점,본그룹,백반·죽·국수,대구광역시,수성구,0.4698795180722891,Priority Review,78.88,78.88,Immediate Review,none,operation,market_fit,0.4698795180722891,2,93.86611719379864,63.85421567795524,59.06431578947369,98.58060697705449,64.18336348524467,50.0,calibrated_model_probability,composite_is_explanation_index_not_predictive_rank
40,ba_14692505,2025-09,본죽&비빔밥 울산남목점,본그룹,백반·죽·국수,울산광역시,동구,0.4698795180722891,Priority Review,78.87,78.87,Immediate Review,none,operation,review_growth,0.4698795180722891,2,94.24270909535964,69.3546353332886,43.31984210526316,97.37213523046448,74.38276657406611,50.0,calibrated_model_probability,composite_is_explanation_index_not_predictive_rank
41,ba_14691245,2025-09,본죽&비빔밥 대구동성로점,본그룹,백반·죽·국수,대구광역시,중구,0.4698795180722891,Priority Review,78.83,78.83,Immediate Review,none,operation,market_fit,0.4698795180722891,2,92.42943362497086,63.856077979903446,52.850868421052645,96.75876921392674,80.77199424913367,50.0,calibrated_model_probability,composite_is_explanation_index_not_predictive_rank
42,ba_14691130,2025-09,본죽 부산진역점,본그룹,백반·죽·국수,부산광역시,동구,0.4698795180722891,Priority Review,78.58,78.58,Immediate Review,none,operation,market_fit,0.4698795180722891,2,92.9420878569634,62.97157323555066,50.99818421052632,99.07513145695704,77.94844266237003,50.0,calibrated_model_probability,composite_is_explanation_index_not_predictive_rank
43,ba_14692060,2025-09,본죽&비빔밥 돌곶이역점,본그룹,백반·죽·국수,서울특별시,성북구,0.4698795180722891,Priority Review,78.04,78.04,Immediate Review,none,operation,review_growth,0.4698795180722891,2,91.67821126965512,79.05882474225548,52.850868421052645,92.28514447436034,57.647165845743785,65.91649456475639,calibrated_model_probability,composite_is_explanation_index_not_predictive_rank
44,ba_14687326,2025-09,본죽&비빔밥 개봉점,본그룹,백반·죽·국수,서울특별시,구로구,0.4698795180722891,Priority Review,77.84,77.84,Immediate Review,none,operation,stability,0.4698795180722891,2,92.90410772545468,70.52061371495596,66.16542105263159,97.40296817321872,45.28519476929497,65.53632359625729,calibrated_model_probability,composite_is_explanation_index_not_predictive_rank
45,ba_14687382,2025-09,본죽&비빔밥 노량진점,본그룹,백반·죽·국수,서울특별시,동작구,0.4698795180722891,Priority Review,77.81,77.81,Immediate Review,stability_risk,operation,stability,0.4698795180722891,2,90.7044409785318,91.21841492940962,52.47447368421053,97.74272924143264,36.0510644758559,51.94687927239535,calibrated_model_probability,composite_is_explanation_index_not_predictive_rank
46,ba_14691361,2025-09,본죽&비빔밥 경산옥곡점,본그룹,백반·죽·국수,경상북도,경산시,0.4698795180722891,Priority Review,77.75,77.75,Immediate Review,none,operation,market_fit,0.4698795180722891,2,92.10480344276674,60.68681695849845,65.94426315789474,97.69902429345092,58.0007349529166,50.0,calibrated_model_probability,composite_is_explanation_index_not_predictive_rank
47,ba_14691116,2025-09,본죽&비빔밥 대구칠곡관음점,본그룹,백반·죽·국수,대구광역시,북구,0.4698795180722891,Priority Review,77.5,77.5,Immediate Review,none,operation,market_fit,0.4698795180722891,2,91.09849192935596,52.35228412165333,70.52631578947368,96.62974981269308,74.53451510964503,50.0,calibrated_model_probability,composite_is_explanation_index_not_predictive_rank
48,ba_14694620,2025-09,본죽&비빔밥 경산신대부적점,본그룹,백반·죽·국수,경상북도,경산시,0.4698795180722891,Priority Review,77.08,77.08,Immediate Review,none,operation,market_fit,0.4698795180722891,2,93.32519233172052,50.229902838275656,62.40602631578948,97.48229564729508,78.76469658784981,50.0,calibrated_model_probability,composite_is_explanation_index_not_predictive_rank
49,ba_14692194,2025-09,본죽&비빔밥 익산영등제일점,본그룹,백반·죽·국수,전북특별자치도,익산시,0.4698795180722891,Priority Review,77.0,77.0,Immediate Review,none,model_probability,review_growth,0.4698795180722891,2,92.30642411603192,89.41643826216855,42.98244736842105,55.0900732464138,76.29280977251531,50.0,calibrated_model_probability,composite_is_explanation_index_not_predictive_rank
50,ba_14691975,2025-09,본죽&비빔밥 백양산롯데캐슬점,본그룹,백반·죽·국수,부산광역시,부산진구,0.4698795180722891,Priority Review,76.99,76.99,Immediate Review,none,operation,market_fit,0.4698795180722891,2,91.87898337611932,66.73475338660441,52.429157894736846,97.50774030879128,56.57149197608651,50.0,calibrated_model_probability,composite_is_explanation_index_not_predictive_rank
51,ba_14688746,2025-09,본죽&비빔밥 광명소하지구점,본그룹,백반·죽·국수,경기도,광명시,0.4698795180722891,Priority Review,76.84,76.84,Secondary Review,none,growth_alpha,review_growth,0.4698795180722891,2,92.38282896859845,100.0,41.426157894736846,46.9109660675126,62.60025689819677,50.0,calibrated_model_probability,composite_is_explanation_index_not_predictive_rank
52,ba_14691801,2025-09,본죽 부산구남점,본그룹,백반·죽·국수,부산광역시,북구,0.4698795180722891,Priority Review,76.65,76.65,Secondary Review,none,operation,review_growth,0.4698795180722891,2,91.05594049508836,72.00912505784362,21.92981578947369,99.52924382742448,85.55622836224671,50.0,calibrated_model_probability,composite_is_explanation_index_not_predictive_rank
53,ba_14688924,2025-09,본죽&비빔밥 서대문역점,본그룹,백반·죽·국수,서울특별시,종로구,0.4698795180722891,Priority Review,76.42,76.42,Secondary Review,stability_risk,operation,stability,0.4698795180722891,2,90.71876687417112,82.85133614899347,44.272447368421055,95.50778991519016,39.74512437776362,67.53264836803109,calibrated_model_probability,composite_is_explanation_index_not_predictive_rank
54,ba_14688931,2025-09,본죽&비빔밥 고양덕은점,본그룹,백반·죽·국수,경기도,고양시,0.4698795180722891,Priority Review,75.93,75.93,Secondary Review,none,operation,review_growth,0.4698795180722891,2,92.91571572734712,54.51202229530158,41.88597368421053,97.02459108932231,89.46829547835728,50.0,calibrated_model_probability,composite_is_explanation_index_not_predictive_rank
55,ba_14691059,2025-09,본죽 대구세천점,본그룹,백반·죽·국수,대구광역시,달성군,0.4698795180722891,Priority Review,75.85,75.85,Secondary Review,none,operation,review_growth,0.4698795180722891,2,89.05193714228066,57.07069215056912,44.97607894736842,98.04357494500532,89.6096328537749,50.0,calibrated_model_probability,composite_is_explanation_index_not_predictive_rank
56,ba_14691998,2025-09,본죽&비빔밥 부산엄궁점,본그룹,백반·죽·국수,부산광역시,사상구,0.4698795180722891,Priority Review,75.72,75.72,Secondary Review,none,operation,review_growth,0.4698795180722891,2,91.61333725026664,53.77213416533152,48.42105263157895,97.36315476170113,83.44949717147506,50.0,calibrated_model_probability,composite_is_explanation_index_not_predictive_rank
57,ba_14690665,2025-09,본죽&비빔밥 장유신문점,본그룹,백반·죽·국수,경상남도,김해시,0.4698795180722891,Priority Review,75.26,75.26,Secondary Review,none,operation,review_growth,0.4698795180722891,2,92.7692519468119,63.733653797070176,31.57894736842105,95.7329003321918,77.56791469507584,50.0,calibrated_model_probability,composite_is_explanation_index_not_predictive_rank
58,ba_14692216,2025-09,본죽&비빔밥 조치원죽림점,본그룹,백반·죽·국수,세종특별자치시,조치원읍,0.4698795180722891,Priority Review,75.24,75.24,Secondary Review,none,review_growth,growth_alpha,0.4698795180722891,2,93.3551854768904,31.09532674725077,100.0,96.62466088039383,52.94824455466919,50.0,calibrated_model_probability,composite_is_explanation_index_not_predictive_rank
59,ba_14640352,2025-09,본죽&비빔밥 광주삼각점,본그룹,백반·죽·국수,광주광역시,북구,0.4698795180722891,Priority Review,75.1,75.1,Secondary Review,none,operation,review_growth,0.4698795180722891,2,93.08810219317286,59.56642063403955,32.33081578947369,98.17049890352752,80.56716638449892,50.0,calibrated_model_probability,composite_is_explanation_index_not_predictive_rank
60,ba_14692439,2025-09,본죽&비빔밥 청주오송파라곤점,본그룹,백반·죽·국수,충청북도,청주시,0.4698795180722891,Priority Review,74.48,74.48,Secondary Review,none,operation,review_growth,0.4698795180722891,2,94.52153122210164,54.171132357734685,44.44444736842106,95.27639317005416,68.96715730214564,50.0,calibrated_model_probability,composite_is_explanation_index_not_predictive_rank
61,ba_14736683,2025-09,본죽&비빔밥 신림녹두거리점,본그룹,백반·죽·국수,서울특별시,관악구,0.4698795180722891,Priority Review,74.33,74.33,Secondary Review,none,operation,stability,0.4698795180722891,2,90.84212154635804,56.0191123171487,62.44826315789474,98.18097611708478,53.4482093548403,66.17061686357991,calibrated_model_probability,composite_is_explanation_index_not_predictive_rank
62,ba_14691953,2025-09,본죽&비빔밥 순천오천점,본그룹,백반·죽·국수,전라남도,순천시,0.4698795180722891,Priority Review,74.07,74.07,Secondary Review,none,operation,review_growth,0.4698795180722891,2,92.52635585407592,50.86503648365911,39.359263157894745,96.62256543768238,85.6810137700339,50.0,calibrated_model_probability,composite_is_explanation_index_not_predictive_rank
63,ba_13233778,2025-09,본죽&비빔밥 포항효자점,본그룹,백반·죽·국수,경상북도,포항시,0.4698795180722891,Priority Review,73.9,73.9,Secondary Review,none,model_probability,market_fit,0.4698795180722891,2,93.25953368915312,58.39483317626628,50.65789473684211,78.24030280430104,73.25755471242137,50.0,calibrated_model_probability,composite_is_explanation_index_not_predictive_rank
64,ba_14691036,2025-09,본죽&비빔밥 대구다사역점,본그룹,백반·죽·국수,대구광역시,달성군,0.4698795180722891,Priority Review,73.69,73.69,Secondary Review,none,operation,review_growth,0.4698795180722891,2,89.59471164593478,61.430740076022936,23.87218421052632,97.54635632447376,87.64231952853014,50.0,calibrated_model_probability,composite_is_explanation_index_not_predictive_rank
65,ba_14691037,2025-09,본죽&비빔밥 대전학하점,본그룹,백반·죽·국수,대전광역시,유성구,0.4698795180722891,Priority Review,73.56,73.56,Secondary Review,none,operation,review_growth,0.4698795180722891,2,90.66890310153693,56.08961374804508,27.631578947368425,96.70937663572823,91.490052329282,50.0,calibrated_model_probability,composite_is_explanation_index_not_predictive_rank
66,ba_14268780,2025-09,본죽&비빔밥 세종집현점,본그룹,백반·죽·국수,세종특별자치시,남세종로,0.4698795180722891,Priority Review,73.17,73.17,Secondary Review,none,operation,review_growth,0.4698795180722891,2,88.97945958724145,67.60025821703323,9.09092105263158,96.13582403070806,93.44969247149182,50.0,calibrated_model_probability,composite_is_explanation_index_not_predictive_rank
67,ba_14691042,2025-09,본죽 대구서재점,본그룹,백반·죽·국수,대구광역시,달성군,0.4698795180722891,Priority Review,73.1,73.1,Secondary Review,none,operation,review_growth,0.4698795180722891,2,89.4531597564273,47.6034141537276,46.59442105263159,99.0377128371097,80.41558864619213,50.0,calibrated_model_probability,composite_is_explanation_index_not_predictive_rank
68,ba_14689940,2025-09,본죽&비빔밥 안양성원점,본그룹,백반·죽·국수,경기도,안양시,0.4698795180722891,Priority Review,73.07,73.07,Secondary Review,none,operation,review_growth,0.4698795180722891,2,91.37892930864469,61.70405505718348,14.473684210526317,97.1913284593621,89.14356503779959,50.0,calibrated_model_probability,composite_is_explanation_index_not_predictive_rank
69,ba_10798649,2025-09,굽네치킨 암사3동점,굽네치킨,치킨,서울특별시,강동구,0.4698795180722891,Priority Review,73.03,73.03,Secondary Review,stability_risk,operation,stability,0.4698795180722891,2,93.46823053319272,86.69783214196816,27.79118421052632,93.64479395041413,8.601017682752905,69.10800649166382,calibrated_model_probability,composite_is_explanation_index_not_predictive_rank
70,ba_14692246,2025-09,본죽&비빔밥 천안성성점,본그룹,백반·죽·국수,충청남도,천안시,0.4698795180722891,Priority Review,73.02,73.02,Secondary Review,none,operation,review_growth,0.4698795180722891,2,92.88396933802068,46.72447414495816,31.57894736842105,98.02770945019005,93.91808792831218,50.0,calibrated_model_probability,composite_is_explanation_index_not_predictive_rank
71,ba_14691292,2025-09,본죽&비빔밥 대구신매시장점,본그룹,백반·죽·국수,대구광역시,수성구,0.4698795180722891,Priority Review,72.86,72.86,Secondary Review,none,operation,review_growth,0.4698795180722891,2,90.32894795424026,53.61647676082729,41.985657894736846,97.83313262698384,68.64652570489179,50.0,calibrated_model_probability,composite_is_explanation_index_not_predictive_rank
72,ba_14687333,2025-09,본죽&비빔밥 석계역점,본그룹,백반·죽·국수,서울특별시,노원구,0.4698795180722891,Priority Review,72.69,72.69,Secondary Review,stability_risk,operation,review_growth,0.4698795180722891,2,92.07513813086952,74.64290775835548,28.90121052631579,97.05243054248874,38.948402538231726,63.79398630985166,calibrated_model_probability,composite_is_explanation_index_not_predictive_rank
73,ba_14691344,2025-09,본죽&비빔밥 경산사동점,본그룹,백반·죽·국수,경상북도,경산시,0.4698795180722891,Priority Review,72.43,72.43,Secondary Review,none,operation,review_growth,0.4698795180722891,2,93.18286761546054,46.30301747787007,32.60589473684211,96.8141487713008,88.26651435289806,50.0,calibrated_model_probability,composite_is_explanation_index_not_predictive_rank
74,ba_14688907,2025-09,본죽&비빔밥 고양행신역점,본그룹,백반·죽·국수,경기도,고양시,0.4698795180722891,Priority Review,72.37,72.37,Secondary Review,none,operation,review_growth,0.4698795180722891,2,92.79536372158655,43.62431782798838,34.21052631578947,98.31268965894743,91.05989006308896,50.0,calibrated_model_probability,composite_is_explanation_index_not_predictive_rank
75,ba_14687340,2025-09,본죽&비빔밥 방학역점,본그룹,백반·죽·국수,서울특별시,도봉구,0.4698795180722891,Priority Review,71.85,71.85,Secondary Review,none,operation,review_growth,0.4698795180722891,2,89.9262366719693,60.59190606992379,31.6575,97.66100697568602,66.68309667473149,64.31478134829257,calibrated_model_probability,composite_is_explanation_index_not_predictive_rank
76,ba_14692433,2025-09,본죽&비빔밥 충주계룡힐스점,본그룹,백반·죽·국수,충청북도,충주시,0.4698795180722891,Priority Review,71.76,71.76,Secondary Review,none,model_probability,review_growth,0.4698795180722891,2,93.38984833973136,55.78588116839717,39.359263157894745,72.87133926500422,82.92097171547678,50.0,calibrated_model_probability,composite_is_explanation_index_not_predictive_rank
77,ba_14692211,2025-09,본죽&비빔밥 세종해밀점,본그룹,백반·죽·국수,세종특별자치시,해밀3로,0.4698795180722891,Priority Review,70.84,70.84,Secondary Review,none,operation,review_growth,0.4698795180722891,2,92.7551541756192,48.85971417988297,22.69736842105264,93.04893756778117,87.99466737358253,50.0,calibrated_model_probability,composite_is_explanation_index_not_predictive_rank
78,ba_14690660,2025-09,본죽&비빔밥 김해안동푸르지오점,본그룹,백반·죽·국수,경상남도,김해시,0.4698795180722891,Priority Review,69.64,69.64,Secondary Review,none,operation,review_growth,0.4698795180722891,2,91.09241134051184,47.32371413731607,24.93528947368421,91.33253392906629,84.85641896156386,50.0,calibrated_model_probability,composite_is_explanation_index_not_predictive_rank
79,ba_14787776,2025-09,굽네치킨&피자 지제동삭점,굽네치킨,치킨,경기도,평택시,0.4698795180722891,Priority Review,68.29,68.29,Secondary Review,none,operation,growth_alpha,0.4698795180722891,2,90.17443954829696,38.00094190355083,50.0,97.10421791235746,51.67237953001669,50.0,calibrated_model_probability,composite_is_explanation_index_not_predictive_rank
80,ba_14688765,2025-09,본죽&비빔밥 영등포시장역점,본그룹,백반·죽·국수,서울특별시,영등포구,0.4698795180722891,Priority Review,68.23,68.23,Secondary Review,none,model_probability,review_growth,0.4698795180722891,2,89.12627983783392,63.65736592797758,44.30844736842106,53.30240423057055,63.974241721313945,68.97504224801362,calibrated_model_probability,composite_is_explanation_index_not_predictive_rank
81,ba_14688108,2025-09,본죽&비빔밥 중앙대점,본그룹,백반·죽·국수,서울특별시,동작구,0.4698795180722891,Priority Review,68.21,68.21,Secondary Review,none,operation,review_growth,0.4698795180722891,2,89.81817039343711,48.6718877262496,36.17021052631579,98.03459447624196,59.00369153102924,55.413059248557445,calibrated_model_probability,composite_is_explanation_index_not_predictive_rank
82,ba_14690704,2025-09,본죽&비빔밥 김해복음병원점,본그룹,백반·죽·국수,경상남도,김해시,0.4698795180722891,Priority Review,68.2,68.2,Secondary Review,growth_alpha_direction_risk,operation,growth_alpha,0.4698795180722891,2,91.63230599694684,10.03357852349053,73.68421052631578,96.28699525489137,81.22813746021566,50.0,calibrated_model_probability,composite_is_explanation_index_not_predictive_rank
83,ba_13984579,2025-09,굽네피자 암사3동점,굽네치킨,피자,서울특별시,강동구,0.4698795180722891,Priority Review,68.1,68.1,Secondary Review,none,operation,market_fit,0.4698795180722891,2,90.96149239409948,38.054638276390776,50.0,97.20090762604302,83.55354701293683,34.932210965435054,calibrated_model_probability,composite_is_explanation_index_not_predictive_rank
84,ba_10040685,2025-09,굽네치킨 창원팔용점,굽네치킨,치킨,경상남도,창원시,0.4698795180722891,Priority Review,66.66,66.66,Secondary Review,stability_risk,operation,stability,0.4698795180722891,2,93.448552471991,42.59173790849192,51.62539473684211,96.43487364052808,10.918177900631616,50.0,calibrated_model_probability,composite_is_explanation_index_not_predictive_rank
85,ba_14673434,2025-09,굽네치킨 죽도점,굽네치킨,치킨,경상북도,포항시,0.4698795180722891,Priority Review,65.59,65.59,Secondary Review,stability_risk,model_probability,stability,0.4698795180722891,2,88.8878826859102,47.88278161621981,51.66486842105263,84.45404929165483,20.9209171984422,50.0,calibrated_model_probability,composite_is_explanation_index_not_predictive_rank
86,ba_14692549,2025-09,본죽&비빔밥 안양덕천래미안점,본그룹,백반·죽·국수,경기도,안양시,0.4698795180722891,Priority Review,65.52,65.52,Secondary Review,growth_alpha_direction_risk,operation,growth_alpha,0.4698795180722891,2,92.87671468823235,8.259957620437039,63.15789473684211,98.5252274196804,66.94450705310594,50.0,calibrated_model_probability,composite_is_explanation_index_not_predictive_rank
87,ba_13584348,2025-09,굽네치킨 부산개금점,굽네치킨,치킨,부산광역시,부산진구,0.4698795180722891,Priority Review,65.44,65.44,Secondary Review,none,model_probability,review_growth,0.4698795180722891,2,91.64383594476256,53.360521094255375,21.05263157894737,71.88614642269441,60.85412824569961,50.0,calibrated_model_probability,composite_is_explanation_index_not_predictive_rank
88,ba_14360458,2025-09,본죽&비빔밥 충북오송점,본그룹,백반·죽·국수,충청북도,청주시,0.4698795180722891,Priority Review,65.22,65.22,Secondary Review,none,operation,growth_alpha,0.4698795180722891,2,89.50138034594505,25.64501188242867,29.82455263157895,96.26214929131272,85.65858338817266,50.0,calibrated_model_probability,composite_is_explanation_index_not_predictive_rank
89,ba_14689007,2025-09,본죽&비빔밥 김포신곡점,본그룹,백반·죽·국수,경기도,김포시,0.4698795180722891,Priority Review,65.12,65.12,Secondary Review,growth_alpha_direction_risk,operation,growth_alpha,0.4698795180722891,2,92.25977652209886,8.633349161052378,65.37397368421053,96.05080892641487,64.54304453119128,50.0,calibrated_model_probability,composite_is_explanation_index_not_predictive_rank
90,ba_14687327,2025-09,본죽&비빔밥 시흥사거리점,본그룹,백반·죽·국수,서울특별시,금천구,0.4698795180722891,Priority Review,65.09,65.09,Secondary Review,none,operation,review_growth,0.4698795180722891,2,90.39442925908084,27.44266534871854,20.07797368421053,97.90856856459608,79.21229316882417,73.86119291917083,calibrated_model_probability,composite_is_explanation_index_not_predictive_rank
91,ba_14327700,2025-09,본죽&비빔밥 부산전포점,본그룹,백반·죽·국수,부산광역시,부산진구,0.4698795180722891,Priority Review,65.03,65.03,Secondary Review,none,operation,review_growth,0.4698795180722891,2,89.05540461372814,33.24577558141926,24.68239473684211,97.05542403207652,72.84257896050809,50.0,calibrated_model_probability,composite_is_explanation_index_not_predictive_rank
92,ba_14698364,2025-09,본죽&비빔밥 청주사창점,본그룹,백반·죽·국수,충청북도,청주시,0.4698795180722891,Priority Review,64.76,64.76,Secondary Review,growth_alpha_direction_risk,operation,growth_alpha,0.4698795180722891,2,93.48768278932005,9.558491994346364,70.86465789473685,96.72584082846107,45.074560267143816,50.0,calibrated_model_probability,composite_is_explanation_index_not_predictive_rank
93,ba_14392310,2025-09,굽네피자 등촌2동점,굽네치킨,피자,서울특별시,강서구,0.4698795180722891,Priority Review,64.55,64.55,Secondary Review,none,stability,market_fit,0.4698795180722891,2,90.58733378302776,40.745797613116416,35.67252631578948,93.23782676077056,93.27607673978574,10.496871275327782,calibrated_model_probability,composite_is_explanation_index_not_predictive_rank
94,ba_14689625,2025-09,본죽&비빔밥 평택여중사거리점,본그룹,백반·죽·국수,경기도,평택시,0.4698795180722891,Priority Review,64.38,64.38,Secondary Review,growth_alpha_direction_risk,operation,growth_alpha,0.4698795180722891,2,93.13165921810192,21.51557901489437,24.48513157894737,97.92772689795792,80.39401756282858,50.0,calibrated_model_probability,composite_is_explanation_index_not_predictive_rank
95,ba_14250328,2025-09,굽네치킨&피자 인창점,굽네치킨,치킨,경기도,구리시,0.4698795180722891,Priority Review,63.98,63.98,Secondary Review,none,operation,review_growth,0.4698795180722891,2,89.34150892846719,36.42831658933587,27.24457894736842,96.50701673959377,50.428401654197486,50.0,calibrated_model_probability,composite_is_explanation_index_not_predictive_rank
96,ba_13249105,2025-09,굽네피자 창원팔용점,굽네치킨,피자,경상남도,창원시,0.4698795180722891,Priority Review,63.94,63.94,Secondary Review,none,operation,review_growth,0.4698795180722891,2,89.22802198075462,27.76149587630369,14.473684210526317,96.46211439577696,91.25007470828392,50.0,calibrated_model_probability,composite_is_explanation_index_not_predictive_rank
97,ba_10497667,2025-09,굽네치킨 온의퇴계점,굽네치킨,치킨,강원특별자치도,춘천시,0.4698795180722891,Priority Review,63.76,63.76,Secondary Review,stability_risk,operation,stability,0.4698795180722891,2,94.20682102740264,37.62648619039366,31.65205263157896,97.1476235113804,20.646186244733727,50.0,calibrated_model_probability,composite_is_explanation_index_not_predictive_rank
98,ba_14690050,2025-09,본죽&비빔밥 검단파라곤센트럴점,본그룹,백반·죽·국수,인천광역시,서구,0.4698795180722891,Priority Review,63.5,63.5,Secondary Review,growth_alpha_direction_risk,operation,growth_alpha,0.4698795180722891,2,93.48381852310916,6.831217301982294,54.678368421052646,97.89599590832736,61.90651145015525,50.0,calibrated_model_probability,composite_is_explanation_index_not_predictive_rank
99,ba_14691908,2025-09,본죽&비빔밥 부경대경성대점,본그룹,백반·죽·국수,부산광역시,남구,0.4698795180722891,Priority Review,63.49,63.49,Secondary Review,growth_alpha_direction_risk,operation,growth_alpha,0.4698795180722891,2,92.58699320124752,22.472979578362647,38.397131578947366,97.70321517887382,50.49645283886301,50.0,calibrated_model_probability,composite_is_explanation_index_not_predictive_rank
100,ba_14773773,2025-09,굽네치킨 고덕로데오점,굽네치킨,치킨,경기도,평택시,0.4698795180722891,Priority Review,63.38,63.38,Secondary Review,stability_risk,operation,stability,0.4698795180722891,2,92.74375427855048,38.00094190355083,50.0,92.82222324590064,0.0,50.0,calibrated_model_probability,composite_is_explanation_index_not_predictive_rank
101,ba_13236584,2025-09,본죽 군포당동점,본그룹,백반·죽·국수,경기도,군포시,0.4698795180722891,Priority Review,63.2,63.2,Monitor,none,stability,operation,0.4698795180722891,2,90.86658244235775,45.91639029126569,50.0,17.5,97.91289791504964,50.0,calibrated_model_probability,composite_is_explanation_index_not_predictive_rank
102,ba_13973745,2025-09,굽네피자 가산점,굽네치킨,피자,서울특별시,금천구,0.4698795180722891,Priority Review,62.84,62.84,Monitor,none,stability,market_fit,0.4698795180722891,2,92.8193984522928,40.271664405207645,34.21052631578947,81.89429731680698,98.48256296592427,0.0,calibrated_model_probability,composite_is_explanation_index_not_predictive_rank
103,ba_10597203,2025-09,굽네치킨 광주상무점,굽네치킨,치킨,광주광역시,서구,0.4698795180722891,Priority Review,62.61,62.61,Monitor,stability_risk,model_probability,stability,0.4698795180722891,2,93.81013429470435,32.76022468894708,44.4845,85.41779876223482,20.97633948779228,50.0,calibrated_model_probability,composite_is_explanation_index_not_predictive_rank
104,ba_10401021,2025-09,굽네치킨 가산점,굽네치킨,치킨,서울특별시,금천구,0.4698795180722891,Priority Review,62.6,62.6,Monitor,stability_risk,model_probability,stability,0.4698795180722891,2,91.74282227189788,41.93616328220077,44.40789473684211,73.28321373173543,9.224750897226995,75.459338773018,calibrated_model_probability,composite_is_explanation_index_not_predictive_rank
105,ba_14749296,2025-09,굽네치킨&피자 석촌고분점,굽네치킨,치킨,서울특별시,송파구,0.4698795180722891,Priority Review,62.18,62.18,Monitor,none,model_probability,operation,0.4698795180722891,2,89.35651289318105,52.46785769374856,51.19207894736842,34.61806752286171,44.04854551319026,66.82575299822292,calibrated_model_probability,composite_is_explanation_index_not_predictive_rank
106,ba_10774000,2025-09,굽네치킨 울산삼산점,굽네치킨,치킨,울산광역시,남구,0.4698795180722891,Priority Review,62.03,62.03,Monitor,stability_risk,model_probability,review_growth,0.4698795180722891,2,93.14634586595216,43.93197454388429,31.983815789473685,65.78571556546163,37.76291951754975,50.0,calibrated_model_probability,composite_is_explanation_index_not_predictive_rank
107,ba_14743271,2025-09,본죽&비빔밥 안양석수점,본그룹,백반·죽·국수,경기도,안양시,0.4698795180722891,Priority Review,61.29,61.29,Monitor,growth_alpha_direction_risk,operation,growth_alpha,0.4698795180722891,2,92.82971762173814,5.716208351016429,48.06094736842106,97.25359304278808,55.7287200737272,50.0,calibrated_model_probability,composite_is_explanation_index_not_predictive_rank
108,ba_10759478,2025-09,굽네치킨 남목점,굽네치킨,치킨,울산광역시,동구,0.4698795180722891,Priority Review,61.07,61.07,Monitor,stability_risk,model_probability,stability,0.4698795180722891,2,88.70491694679697,35.22883894286208,40.62078947368421,83.41873782676078,26.10898282751166,50.0,calibrated_model_probability,composite_is_explanation_index_not_predictive_rank
109,ba_14773135,2025-09,본죽&비빔밥 용인보라점,본그룹,백반·죽·국수,경기도,용인시,0.4698795180722891,Priority Review,60.83,60.83,Monitor,growth_alpha_direction_risk,operation,growth_alpha,0.4698795180722891,2,92.47313148880816,1.1654740082230637,50.0,96.63304265123963,61.80985150668112,50.0,calibrated_model_probability,composite_is_explanation_index_not_predictive_rank
110,ba_14688182,2025-09,본죽 수내푸른마을점,본그룹,백반·죽·국수,경기도,성남시,0.4698795180722891,Priority Review,60.73,60.73,Monitor,growth_alpha_direction_risk,operation,growth_alpha,0.4698795180722891,2,89.31953136657496,3.5530337868685216,35.22268421052632,99.93575971344606,83.03426526093747,50.0,calibrated_model_probability,composite_is_explanation_index_not_predictive_rank
111,ba_14688631,2025-09,본죽&비빔밥 부천소새울역점,본그룹,백반·죽·국수,경기도,부천시,0.4698795180722891,Priority Review,60.03,60.03,Monitor,growth_alpha_direction_risk,operation,growth_alpha,0.4698795180722891,2,92.88510234593684,3.041410667121458,32.18623684210527,96.88659121932528,73.99529577648333,50.0,calibrated_model_probability,composite_is_explanation_index_not_predictive_rank
112,ba_13188150,2025-09,본죽&비빔밥 제주법원점,본그룹,백반·죽·국수,제주특별자치도,제주시,0.4698795180722891,Priority Review,59.82,59.82,Monitor,none,model_probability,review_growth,0.4698795180722891,2,92.5173908151376,40.24940546287432,17.293236842105266,43.16540346081607,83.05981619399427,50.0,calibrated_model_probability,composite_is_explanation_index_not_predictive_rank
113,ba_10750970,2025-09,굽네치킨 청주강서지구점,굽네치킨,치킨,충청북도,청주시,0.4698795180722891,Priority Review,58.67,58.67,Monitor,stability_risk,model_probability,review_growth,0.4698795180722891,2,91.09672793447528,32.26968548768506,26.470578947368427,79.15178873832112,28.74369172872277,50.0,calibrated_model_probability,composite_is_explanation_index_not_predictive_rank
114,ba_13522931,2025-09,본죽&비빔밥 파주문산점,본그룹,백반·죽·국수,경기도,파주시,0.4698795180722891,Priority Review,58.5,58.5,Monitor,growth_alpha_direction_risk,operation,growth_alpha,0.4698795180722891,2,89.93146819207776,3.306057076118325,33.756815789473684,98.28754434641004,63.87038956581982,50.0,calibrated_model_probability,composite_is_explanation_index_not_predictive_rank
115,ba_14689910,2025-09,본죽&비빔밥 외대점,본그룹,백반·죽·국수,서울특별시,동대문구,0.4698795180722891,Priority Review,58.48,58.48,Monitor,growth_alpha_direction_risk,operation,growth_alpha,0.4698795180722891,2,94.50281795607404,3.205138046734583,33.15789473684211,97.13714629782314,46.82553586605678,61.88068593346162,calibrated_model_probability,composite_is_explanation_index_not_predictive_rank
116,ba_14528279,2025-09,굽네치킨 봉동점,굽네치킨,치킨,전북특별자치도,완주군,0.4698795180722891,Priority Review,57.91,57.91,Monitor,stability_risk,model_probability,stability,0.4698795180722891,2,88.77837447125748,34.84855245098613,41.24847368421053,62.6852401736566,25.36860325409646,50.0,calibrated_model_probability,composite_is_explanation_index_not_predictive_rank
117,ba_14688684,2025-09,본죽&비빔밥 부천심곡본동점,본그룹,백반·죽·국수,경기도,부천시,0.4698795180722891,Priority Review,57.72,57.72,Monitor,growth_alpha_direction_risk,operation,growth_alpha,0.4698795180722891,2,93.2499658286288,2.273987072631498,27.631578947368425,98.6677175240591,55.66219453496714,50.0,calibrated_model_probability,composite_is_explanation_index_not_predictive_rank
118,ba_14260091,2025-09,굽네치킨 부평역점,굽네치킨,치킨,인천광역시,부평구,0.4698795180722891,Priority Review,57.42,57.42,Monitor,stability_risk,model_probability,review_growth,0.4698795180722891,2,91.25393278105504,34.27862154405118,22.04836842105264,75.34047923031396,23.029769741989824,50.0,calibrated_model_probability,composite_is_explanation_index_not_predictive_rank
119,ba_14691751,2025-09,본죽&비빔밥 대전판암점,본그룹,백반·죽·국수,대전광역시,동구,0.4698795180722891,Priority Review,57.31,57.31,Monitor,growth_alpha_direction_risk,operation,growth_alpha,0.4698795180722891,2,92.54901528344888,1.7197305404272785,24.342105263157897,96.06637507227138,64.28719463873765,50.0,calibrated_model_probability,composite_is_explanation_index_not_predictive_rank
120,ba_14687296,2025-09,본죽&비빔밥 봉일시장점,본그룹,백반·죽·국수,서울특별시,관악구,0.4698795180722891,Priority Review,56.4,56.4,Monitor,growth_alpha_direction_risk,operation,growth_alpha,0.4698795180722891,2,92.38097417969668,2.081593545172771,26.48978947368421,98.14535359099013,40.39619287535984,63.71233319254296,calibrated_model_probability,composite_is_explanation_index_not_predictive_rank
121,ba_14688336,2025-09,본죽&비빔밥 고려대점,본그룹,백반·죽·국수,서울특별시,성북구,0.4698795180722891,Priority Review,55.3,55.3,Monitor,growth_alpha_direction_risk,operation,growth_alpha,0.4698795180722891,2,91.7441280117868,0.7343954477359116,18.494157894736844,93.07438222927736,54.04657533253443,63.1304397375812,calibrated_model_probability,composite_is_explanation_index_not_predictive_rank
122,ba_14689548,2025-09,본죽&비빔밥 평택법원점,본그룹,백반·죽·국수,경기도,평택시,0.4698795180722891,Priority Review,53.71,53.71,Monitor,growth_alpha_direction_risk,model_probability,review_growth,0.4698795180722891,2,93.8440458311026,21.784925519284336,17.478894736842108,40.59632194210762,67.06981084188496,50.0,calibrated_model_probability,composite_is_explanation_index_not_predictive_rank
123,ba_14692278,2025-09,본죽 제천하소점,본그룹,백반·죽·국수,충청북도,제천시,0.4698795180722891,Priority Review,51.93,51.93,Monitor,growth_alpha_direction_risk,model_probability,growth_alpha,0.4698795180722891,2,89.48997453320644,0.0,11.483263157894738,66.73827663949149,88.70920275133102,50.0,calibrated_model_probability,composite_is_explanation_index_not_predictive_rank
124,ba_14690045,2025-09,본죽&비빔밥 인천당하점,본그룹,백반·죽·국수,인천광역시,서구,0.4698795180722891,Priority Review,51.53,51.53,Monitor,growth_alpha_direction_risk,model_probability,growth_alpha,0.4698795180722891,2,94.53042392839664,4.244679428275523,39.32747368421053,39.279395496423206,55.96997616383386,50.0,calibrated_model_probability,composite_is_explanation_index_not_predictive_rank
125,ba_14692346,2025-09,본죽&비빔밥 보령동대점,본그룹,백반·죽·국수,충청남도,보령시,0.4698795180722891,Priority Review,44.31,44.31,Monitor,growth_alpha_direction_risk,model_probability,growth_alpha,0.4698795180722891,2,92.33006919635164,1.0546227017822227,20.394736842105267,26.438710604821736,47.02625219803407,50.0,calibrated_model_probability,composite_is_explanation_index_not_predictive_rank
126,ba_13248384,2025-09,본죽&비빔밥 구리인창점,본그룹,백반·죽·국수,경기도,구리시,0.388,Watch,97.84,97.84,Monitor,none,growth_alpha,market_fit,0.388,1,95.89261677949172,100.0,100.0,100.0,92.77216682331932,50.0,calibrated_model_probability,composite_is_explanation_index_not_predictive_rank
127,ba_14694390,2025-09,본죽&비빔밥 평택시청점,본그룹,백반·죽·국수,경기도,평택시,0.388,Watch,92.37,92.37,Monitor,stability_risk,review_growth,stability,0.388,1,97.7043136251804,97.39473934063538,100.0,98.8322460408962,39.9838151108264,50.0,calibrated_model_probability,composite_is_explanation_index_not_predictive_rank
128,ba_14690680,2025-09,본죽&비빔밥 김해율하2지구점,본그룹,백반·죽·국수,경상남도,김해시,0.388,Watch,89.35,89.35,Monitor,none,review_growth,market_fit,0.388,1,98.25668002250048,81.09478634713187,100.0,97.23922429276668,51.00423152030218,50.0,calibrated_model_probability,composite_is_explanation_index_not_predictive_rank
129,ba_14691080,2025-09,본죽&비빔밥 대전유성온천역점,본그룹,백반·죽·국수,대전광역시,유성구,0.388,Watch,88.96,88.96,Monitor,none,review_growth,stability,0.388,1,99.05022987984506,80.98985450045497,100.0,96.22802351001194,46.151935767339445,50.0,calibrated_model_probability,composite_is_explanation_index_not_predictive_rank
130,ba_14691093,2025-09,본죽&비빔밥 대전노은점,본그룹,백반·죽·국수,대전광역시,유성구,0.388,Watch,88.33,88.33,Monitor,none,review_growth,market_fit,0.388,1,95.00159442695832,68.91963263655344,100.0,97.94987872090756,81.53126399947459,50.0,calibrated_model_probability,composite_is_explanation_index_not_predictive_rank
131,ba_14691989,2025-09,본죽&비빔밥 여천신동아점,본그룹,백반·죽·국수,전라남도,여수시,0.388,Watch,88.17,88.17,Monitor,none,growth_alpha,market_fit,0.388,1,95.86071321619644,100.0,59.06431578947369,98.3854314559307,60.01450772663307,50.0,calibrated_model_probability,composite_is_explanation_index_not_predictive_rank
132,ba_14766686,2025-09,굽네치킨 운정2호점,굽네치킨,피자,경기도,파주시,0.388,Watch,87.34,87.34,Monitor,stability_risk,growth_alpha,stability,0.388,1,97.87506223824812,100.0,100.0,87.21410866367204,0.0,50.0,calibrated_model_probability,composite_is_explanation_index_not_predictive_rank
133,ba_14687344,2025-09,본죽&비빔밥 쌍문점,본그룹,백반·죽·국수,서울특별시,도봉구,0.388,Watch,87.11,87.11,Monitor,stability_risk,growth_alpha,stability,0.388,1,97.78522973780596,100.0,100.0,97.4158401784462,7.657043059724407,64.65894106223774,calibrated_model_probability,composite_is_explanation_index_not_predictive_rank
134,ba_14690983,2025-09,본죽&비빔밥 대전송촌점,본그룹,백반·죽·국수,대전광역시,대덕구,0.388,Watch,86.1,86.1,Monitor,none,model_probability,stability,0.388,1,98.3253537163746,79.07006506472858,90.82007894736844,93.54403926260945,42.67167775960406,50.0,calibrated_model_probability,composite_is_explanation_index_not_predictive_rank
135,ba_14692116,2025-09,본죽&비빔밥 부산수영점,본그룹,백반·죽·국수,부산광역시,수영구,0.388,Watch,86.0,86.0,Monitor,stability_risk,model_probability,stability,0.388,1,99.3273960369202,79.78541071545264,89.66165789473686,97.1419358811636,32.705243793466174,50.0,calibrated_model_probability,composite_is_explanation_index_not_predictive_rank
136,ba_14690689,2025-09,본죽&비빔밥 광주신창점,본그룹,백반·죽·국수,광주광역시,광산구,0.388,Watch,85.75,85.75,Monitor,none,growth_alpha,review_growth,0.388,1,95.68162404739208,100.0,46.35626315789474,97.41134994406453,56.98150999680978,50.0,calibrated_model_probability,composite_is_explanation_index_not_predictive_rank
137,ba_14688100,2025-09,본죽 구리수택점,본그룹,백반·죽·국수,경기도,구리시,0.388,Watch,85.51,85.51,Monitor,none,growth_alpha,review_growth,0.388,1,96.31543909150744,100.0,42.25147368421053,93.77363093181344,63.92409534718278,50.0,calibrated_model_probability,composite_is_explanation_index_not_predictive_rank
138,ba_14691062,2025-09,본죽&비빔밥 광주염주화정점,본그룹,백반·죽·국수,광주광역시,서구,0.388,Watch,84.7,84.7,Monitor,none,growth_alpha,review_growth,0.388,1,97.00901149829912,99.03937366351433,35.77163157894737,97.23473405838502,60.40388153172634,50.0,calibrated_model_probability,composite_is_explanation_index_not_predictive_rank
139,ba_13683573,2025-09,본죽&비빔밥 제주아라점,본그룹,백반·죽·국수,제주특별자치도,제주시,0.388,Watch,84.7,84.7,Monitor,none,review_growth,market_fit,0.388,1,96.59766361951648,60.07522813060303,99.02534210526316,96.907246297481,64.79178729684094,50.0,calibrated_model_probability,composite_is_explanation_index_not_predictive_rank
140,ba_14689809,2025-09,본죽&비빔밥 안성당왕점,본그룹,백반·죽·국수,경기도,안성시,0.388,Watch,84.67,84.67,Monitor,none,operation,market_fit,0.388,1,96.38622794119117,65.47131453631427,89.70252631578947,97.79511530921891,64.4410548359246,50.0,calibrated_model_probability,composite_is_explanation_index_not_predictive_rank
141,ba_14690587,2025-09,본죽&비빔밥 포항법원점,본그룹,백반·죽·국수,경상북도,포항시,0.388,Watch,84.51,84.51,Monitor,none,model_probability,market_fit,0.388,1,97.47290212765618,65.41917008176449,85.38010526315789,93.17496347942702,72.56792434558852,50.0,calibrated_model_probability,composite_is_explanation_index_not_predictive_rank
142,ba_14688114,2025-09,본죽&비빔밥 신촌점,본그룹,백반·죽·국수,서울특별시,서대문구,0.388,Watch,84.46,84.46,Monitor,stability_risk,review_growth,stability,0.388,1,98.1748589892306,86.87641359664437,100.0,96.4611331487063,14.134858826050518,61.940184170716776,calibrated_model_probability,composite_is_explanation_index_not_predictive_rank
143,ba_14689448,2025-09,본죽&비빔밥 이천점,본그룹,백반·죽·국수,경기도,이천시,0.388,Watch,84.35,84.35,Monitor,none,review_growth,market_fit,0.388,1,99.34634329267156,63.661001850828846,100.0,83.98015514315722,60.62006060148568,50.0,calibrated_model_probability,composite_is_explanation_index_not_predictive_rank
144,ba_14692242,2025-09,본죽&비빔밥 천안쌍용이마트점,본그룹,백반·죽·국수,충청남도,천안시,0.388,Watch,84.18,84.18,Monitor,stability_risk,model_probability,stability,0.388,1,98.31681704925144,77.82394118850448,88.42105263157896,97.19312455311476,24.66694649478775,50.0,calibrated_model_probability,composite_is_explanation_index_not_predictive_rank
145,ba_14690057,2025-09,본죽앤비빔밥 인천검단점,본그룹,백반·죽·국수,인천광역시,서구,0.388,Watch,84.04,84.04,Monitor,none,growth_alpha,market_fit,0.388,1,96.25470789200511,100.0,54.54544736842105,74.71050384877233,59.57547016035505,50.0,calibrated_model_probability,composite_is_explanation_index_not_predictive_rank
146,ba_14689886,2025-09,본죽&비빔밥 안양호계사거리점,본그룹,백반·죽·국수,경기도,안양시,0.388,Watch,83.47,83.47,Monitor,none,growth_alpha,review_growth,0.388,1,94.82876784354757,100.0,41.52047368421052,79.98550723398141,70.49270545913683,50.0,calibrated_model_probability,composite_is_explanation_index_not_predictive_rank
147,ba_14689645,2025-09,본죽&비빔밥 병점복합타운점,본그룹,백반·죽·국수,경기도,화성시,0.388,Watch,83.36,83.36,Monitor,none,growth_alpha,review_growth,0.388,1,96.7972859138455,100.0,43.60902631578948,76.90952090653127,63.99383978860381,50.0,calibrated_model_probability,composite_is_explanation_index_not_predictive_rank
148,ba_14689573,2025-09,본죽&비빔밥 시흥목감역점,본그룹,백반·죽·국수,경기도,시흥시,0.388,Watch,83.19,83.19,Monitor,none,operation,review_growth,0.388,1,96.08236211792364,85.78512682525682,42.58373684210526,96.14285411271258,73.07190042340898,50.0,calibrated_model_probability,composite_is_explanation_index_not_predictive_rank
149,ba_14689766,2025-09,본죽&비빔밥 인천신포동점,본그룹,백반·죽·국수,인천광역시,중구,0.388,Watch,82.99,82.99,Monitor,none,operation,market_fit,0.388,1,94.7686049253719,82.067639582718,51.7543947368421,97.0021399174139,69.91317109188523,50.0,calibrated_model_probability,composite_is_explanation_index_not_predictive_rank
150,ba_14689875,2025-09,본죽 양산물금증산점,본그룹,백반·죽·국수,경상남도,양산시,0.388,Watch,82.67,82.67,Monitor,none,model_probability,review_growth,0.388,1,97.74293140166,90.1257757720835,42.53492105263158,97.13205736552388,49.79340760549282,50.0,calibrated_model_probability,composite_is_explanation_index_not_predictive_rank
151,ba_14689854,2025-09,본죽&비빔밥 인천간석홈플러스앞점,본그룹,백반·죽·국수,인천광역시,남동구,0.388,Watch,82.53,82.53,Monitor,stability_risk,operation,stability,0.388,1,97.21515305625246,87.34263202127326,58.142,97.44936726182942,33.32940983571972,50.0,calibrated_model_probability,composite_is_explanation_index_not_predictive_rank
152,ba_14689481,2025-09,본죽&비빔밥 파주운정해오름점,본그룹,백반·죽·국수,경기도,파주시,0.388,Watch,82.03,82.03,Monitor,none,operation,review_growth,0.388,1,96.0446186101974,77.08762247060183,46.59442105263159,96.41721205196012,76.87411475185063,50.0,calibrated_model_probability,composite_is_explanation_index_not_predictive_rank
153,ba_14692165,2025-09,본죽 세종아름점,본그룹,백반·죽·국수,세종특별자치시,보듬3로,0.388,Watch,81.21,81.21,Monitor,none,operation,market_fit,0.388,1,94.97784660724716,74.03420106442752,57.89473684210527,98.91647650880428,59.393533618867416,50.0,calibrated_model_probability,composite_is_explanation_index_not_predictive_rank
154,ba_14692275,2025-09,본죽&비빔밥 전주객사점,본그룹,백반·죽·국수,전북특별자치도,전주시,0.388,Watch,81.18,81.18,Monitor,none,operation,market_fit,0.388,1,95.52068830610648,68.87988135806376,63.98892105263159,97.91096335626632,62.42377699232151,50.0,calibrated_model_probability,composite_is_explanation_index_not_predictive_rank
155,ba_14690002,2025-09,본죽 송도센트럴파크점,본그룹,백반·죽·국수,인천광역시,연수구,0.388,Watch,80.41,80.41,Monitor,none,growth_alpha,review_growth,0.388,1,95.39309454182124,100.0,8.215657894736845,93.24950137016296,68.0559707088163,50.0,calibrated_model_probability,composite_is_explanation_index_not_predictive_rank
156,ba_14689611,2025-09,본죽&비빔밥 시흥장곡점,본그룹,백반·죽·국수,경기도,시흥시,0.388,Watch,80.18,80.18,Monitor,none,model_probability,market_fit,0.388,1,98.99111087029831,64.4850039521262,61.8421052631579,93.53155892727018,61.06185535691843,50.0,calibrated_model_probability,composite_is_explanation_index_not_predictive_rank
157,ba_14691857,2025-09,본죽&비빔밥 부산명지국제중앙점,본그룹,백반·죽·국수,부산광역시,강서구,0.388,Watch,79.77,79.77,Monitor,none,model_probability,market_fit,0.388,1,97.29715485392497,65.35939905733159,50.40486842105264,96.66387559399386,73.19004354317786,50.0,calibrated_model_probability,composite_is_explanation_index_not_predictive_rank
158,ba_14690992,2025-09,본죽&비빔밥 대전신탄점,본그룹,백반·죽·국수,대전광역시,대덕구,0.388,Watch,79.74,79.74,Monitor,none,operation,growth_alpha,0.388,1,95.44315582825122,49.36060689316656,85.82994736842106,97.64783562149977,64.70020593169112,50.0,calibrated_model_probability,composite_is_explanation_index_not_predictive_rank
159,ba_14688088,2025-09,본죽&비빔밥 대흥역점,본그룹,백반·죽·국수,서울특별시,마포구,0.388,Watch,79.63,79.63,Monitor,stability_risk,growth_alpha,stability,0.388,1,94.67374198996872,100.0,49.87468421052632,94.53301608786832,16.199481340732273,63.5090479039024,calibrated_model_probability,composite_is_explanation_index_not_predictive_rank
160,ba_14732026,2025-09,굽네치킨 부산전포점,굽네치킨,치킨,부산광역시,부산진구,0.388,Watch,79.01,79.01,Monitor,stability_risk,review_growth,stability,0.388,1,98.52124754486876,66.43545485921413,100.0,86.14774667209485,0.0,50.0,calibrated_model_probability,composite_is_explanation_index_not_predictive_rank
161,ba_14689614,2025-09,본죽&비빔밥 시흥시화점,본그룹,백반·죽·국수,경기도,시흥시,0.388,Watch,78.97,78.97,Monitor,stability_risk,model_probability,stability,0.388,1,99.03470376273673,66.3731342547331,63.49744736842106,94.70677585434194,39.82359402696421,50.0,calibrated_model_probability,composite_is_explanation_index_not_predictive_rank
162,ba_14691277,2025-09,본죽&비빔밥 대구달서구청점,본그룹,백반·죽·국수,대구광역시,달서구,0.388,Watch,78.73,78.73,Monitor,none,operation,market_fit,0.388,1,95.44127299121178,51.339613096793656,67.61134210526318,96.4375677811571,78.8651002319597,50.0,calibrated_model_probability,composite_is_explanation_index_not_predictive_rank
163,ba_14692482,2025-09,본죽&비빔밥 충주호암점,본그룹,백반·죽·국수,충청북도,충주시,0.388,Watch,78.54,78.54,Monitor,none,model_probability,review_growth,0.388,1,97.6884503249054,63.23653002820557,49.50213157894737,97.04105528205514,65.59596998133665,50.0,calibrated_model_probability,composite_is_explanation_index_not_predictive_rank
164,ba_14692326,2025-09,본죽&비빔밥 제천청전점,본그룹,백반·죽·국수,충청북도,제천시,0.388,Watch,78.49,78.49,Monitor,none,model_probability,review_growth,0.388,1,94.80875893987516,70.99831633493213,49.760763157894736,84.78101882306254,73.793832203454,50.0,calibrated_model_probability,composite_is_explanation_index_not_predictive_rank
165,ba_14714062,2025-09,본죽&비빔밥 파주운정산내마을점,본그룹,백반·죽·국수,경기도,파주시,0.388,Watch,78.42,78.42,Monitor,none,model_probability,review_growth,0.388,1,98.5763027859028,88.05154829622374,36.315789473684205,71.877770370269,56.79050697925929,50.0,calibrated_model_probability,composite_is_explanation_index_not_predictive_rank
166,ba_14689750,2025-09,본죽&비빔밥 안산본오점,본그룹,백반·죽·국수,경기도,안산시,0.388,Watch,78.22,78.22,Monitor,stability_risk,model_probability,stability,0.388,1,99.80122249847446,78.04289468898644,59.8792105263158,77.99831543511654,30.94117889242533,50.0,calibrated_model_probability,composite_is_explanation_index_not_predictive_rank
167,ba_13233576,2025-09,본죽&비빔밥 당진점,본그룹,백반·죽·국수,충청남도,당진시,0.388,Watch,78.16,78.16,Monitor,none,operation,review_growth,0.388,1,97.61743243758676,64.17945341105268,43.469789473684216,98.41626439868492,66.70617929388246,50.0,calibrated_model_probability,composite_is_explanation_index_not_predictive_rank
168,ba_14688522,2025-09,본죽 시흥은행점,본그룹,백반·죽·국수,경기도,시흥시,0.388,Watch,78.06,78.06,Monitor,none,operation,market_fit,0.388,1,98.17121309970412,55.420382240800414,53.125,98.69226413867896,70.75444246509812,50.0,calibrated_model_probability,composite_is_explanation_index_not_predictive_rank
169,ba_13234034,2025-09,본죽 포항오천점,본그룹,백반·죽·국수,경상북도,포항시,0.388,Watch,78.06,78.06,Monitor,none,operation,growth_alpha,0.388,1,94.5320010546005,44.94606446546642,68.75,99.092793045525,85.56958914602384,50.0,calibrated_model_probability,composite_is_explanation_index_not_predictive_rank
170,ba_14687335,2025-09,본죽&비빔밥 광운대역점,본그룹,백반·죽·국수,서울특별시,노원구,0.388,Watch,77.88,77.88,Monitor,stability_risk,model_probability,stability,0.388,1,97.18496241178416,93.21027988458384,35.56321052631579,96.24813887567952,22.26070747763093,64.92479679852866,calibrated_model_probability,composite_is_explanation_index_not_predictive_rank
171,ba_14692022,2025-09,본죽&비빔밥 여수죽림점,본그룹,백반·죽·국수,전라남도,여수시,0.388,Watch,77.77,77.77,Monitor,none,model_probability,review_growth,0.388,1,96.60436297265724,67.7554722163117,33.786078947368416,96.19629252038138,75.17746952645786,50.0,calibrated_model_probability,composite_is_explanation_index_not_predictive_rank
172,ba_14691901,2025-09,본죽&비빔밥 약사점,본그룹,백반·죽·국수,울산광역시,중구,0.388,Watch,77.03,77.03,Monitor,none,model_probability,review_growth,0.388,1,97.83548828232227,56.23030622617979,46.24860526315789,95.22200085528274,75.07833154353214,50.0,calibrated_model_probability,composite_is_explanation_index_not_predictive_rank
173,ba_14688729,2025-09,본죽&비빔밥 과천점,본그룹,백반·죽·국수,경기도,과천시,0.388,Watch,76.84,76.84,Monitor,none,operation,review_growth,0.388,1,95.08752478181148,55.80778538654988,44.736842105263165,96.5318627031724,84.17795603077735,50.0,calibrated_model_probability,composite_is_explanation_index_not_predictive_rank
174,ba_14691943,2025-09,본죽&비빔밥 순천연향점,본그룹,백반·죽·국수,전라남도,순천시,0.388,Watch,76.79,76.79,Monitor,none,operation,review_growth,0.388,1,96.18332213360938,69.65867829659454,24.112605263157896,96.61837455225948,76.03213180509361,50.0,calibrated_model_probability,composite_is_explanation_index_not_predictive_rank
175,ba_14688180,2025-09,본죽&비빔밥 왕십리뉴타운점,본그룹,백반·죽·국수,서울특별시,성동구,0.388,Watch,76.78,76.78,Monitor,none,operation,review_growth,0.388,1,94.94865070002004,70.99439219868412,43.15789473684211,98.24383939842832,59.06118199717187,64.95254240339992,calibrated_model_probability,composite_is_explanation_index_not_predictive_rank
176,ba_10841883,2025-09,굽네치킨 선부3동점,굽네치킨,치킨,경기도,안산시,0.388,Watch,76.75,76.75,Monitor,stability_risk,review_growth,stability,0.388,1,97.54399749679212,52.24435928970252,100.0,97.01980150598185,0.0,50.0,calibrated_model_probability,composite_is_explanation_index_not_predictive_rank
177,ba_14689415,2025-09,본죽&비빔밥 수원탑동점,본그룹,백반·죽·국수,경기도,수원시,0.388,Watch,76.62,76.62,Monitor,none,operation,review_growth,0.388,1,97.84473740722648,57.26488146919218,40.35086842105263,98.58240307080716,72.19510330262244,50.0,calibrated_model_probability,composite_is_explanation_index_not_predictive_rank
178,ba_14727064,2025-09,본죽&비빔밥 전주혁신도시점,본그룹,백반·죽·국수,전북특별자치도,완주군,0.388,Watch,76.2,76.2,Monitor,none,model_probability,review_growth,0.388,1,95.71865857027348,57.15307684151596,42.275052631578944,94.46991179469109,79.02654559912303,50.0,calibrated_model_probability,composite_is_explanation_index_not_predictive_rank
179,ba_14688555,2025-09,본죽 수원인계점,본그룹,백반·죽·국수,경기도,수원시,0.388,Watch,76.16,76.16,Monitor,stability_risk,model_probability,stability,0.388,1,99.78757706678932,67.84406458041921,55.32436842105264,93.37043834950958,19.6945187880388,50.0,calibrated_model_probability,composite_is_explanation_index_not_predictive_rank
180,ba_14691179,2025-09,본죽&비빔밥 내당삼익뉴타운점,본그룹,백반·죽·국수,대구광역시,서구,0.388,Watch,75.73,75.73,Monitor,none,operation,review_growth,0.388,1,95.54206645377585,56.01540988351358,45.11278947368421,98.45368301853227,67.51694862056331,50.0,calibrated_model_probability,composite_is_explanation_index_not_predictive_rank
181,ba_14691976,2025-09,본죽&비빔밥 부산전포점,본그룹,백반·죽·국수,부산광역시,부산진구,0.388,Watch,75.46,75.46,Monitor,stability_risk,model_probability,stability,0.388,1,99.06653592789056,58.65116573728009,51.39876315789474,96.26431413679734,39.74413241073139,50.0,calibrated_model_probability,composite_is_explanation_index_not_predictive_rank
182,ba_14691101,2025-09,본죽&비빔밥 대구율하점,본그룹,백반·죽·국수,대구광역시,동구,0.388,Watch,75.12,75.12,Monitor,none,model_probability,review_growth,0.388,1,94.91776952793488,77.74911655665692,24.81202631578948,74.31157650846217,75.97545711698271,50.0,calibrated_model_probability,composite_is_explanation_index_not_predictive_rank
183,ba_14689936,2025-09,본죽&비빔밥 안양박달점,본그룹,백반·죽·국수,경기도,안양시,0.388,Watch,75.06,75.06,Monitor,none,model_probability,review_growth,0.388,1,98.77801884917967,52.66357676040051,35.67252631578948,98.12230372116414,72.50145385204064,50.0,calibrated_model_probability,composite_is_explanation_index_not_predictive_rank
184,ba_14689757,2025-09,본죽&비빔밥 인천연수점,본그룹,백반·죽·국수,인천광역시,연수구,0.388,Watch,74.65,74.65,Monitor,none,operation,review_growth,0.388,1,98.80217734726666,47.93767518316932,33.37065789473685,98.8371490347279,82.55994743458828,50.0,calibrated_model_probability,composite_is_explanation_index_not_predictive_rank
185,ba_14691375,2025-09,본죽&비빔밥 경산중산점,본그룹,백반·죽·국수,경상북도,경산시,0.388,Watch,74.47,74.47,Monitor,none,model_probability,review_growth,0.388,1,98.6026164993518,61.249941595217926,38.32236842105263,95.16683145114112,46.20216331053627,50.0,calibrated_model_probability,composite_is_explanation_index_not_predictive_rank
186,ba_14712294,2025-09,본죽&비빔밥 서울대입구역점,본그룹,백반·죽·국수,서울특별시,관악구,0.388,Watch,74.33,74.33,Monitor,none,operation,review_growth,0.388,1,96.60150732159283,61.95717293031051,45.98336842105263,96.95304668817415,49.338997181051056,62.2537515477277,calibrated_model_probability,composite_is_explanation_index_not_predictive_rank
187,ba_14691969,2025-09,본죽&비빔밥 부산사직점,본그룹,백반·죽·국수,부산광역시,동래구,0.388,Watch,74.31,74.31,Monitor,stability_risk,growth_alpha,stability,0.388,1,97.22155739456296,100.0,39.09773684210527,39.9985,34.14675016350769,50.0,calibrated_model_probability,composite_is_explanation_index_not_predictive_rank
188,ba_14691150,2025-09,본죽 다사죽곡점,본그룹,백반·죽·국수,대구광역시,달성군,0.388,Watch,74.19,74.19,Monitor,none,operation,review_growth,0.388,1,94.7923157418052,57.57295942005257,27.97784210526316,98.24443809634587,76.87065194998041,50.0,calibrated_model_probability,composite_is_explanation_index_not_predictive_rank
189,ba_14689761,2025-09,본죽&비빔밥 송도글로벌캠퍼스점,본그룹,백반·죽·국수,인천광역시,연수구,0.388,Watch,74.1,74.1,Monitor,none,model_probability,review_growth,0.388,1,95.3715351882931,74.81060361473918,10.216710526315792,80.34502533347474,84.30212399584696,50.0,calibrated_model_probability,composite_is_explanation_index_not_predictive_rank
190,ba_14732355,2025-09,본죽&비빔밥 속초점,본그룹,백반·죽·국수,강원특별자치도,속초시,0.388,Watch,73.69,73.69,Monitor,none,model_probability,review_growth,0.388,1,97.4956294096329,53.0243312520816,32.33081578947369,95.90442728557208,70.7611951480126,50.0,calibrated_model_probability,composite_is_explanation_index_not_predictive_rank
191,ba_14691005,2025-09,본죽&비빔밥 광주화정점,본그룹,백반·죽·국수,광주광역시,서구,0.388,Watch,73.41,73.41,Monitor,none,operation,review_growth,0.388,1,95.31114607387612,50.03396206901082,33.14365789473685,97.78763158524944,79.07560428801736,50.0,calibrated_model_probability,composite_is_explanation_index_not_predictive_rank
192,ba_14689485,2025-09,본죽&비빔밥 수원광교역점,본그룹,백반·죽·국수,경기도,수원시,0.388,Watch,73.05,73.05,Monitor,none,operation,review_growth,0.388,1,96.33282480361544,43.1824201799926,26.90057894736842,100.0,94.98977640235732,50.0,calibrated_model_probability,composite_is_explanation_index_not_predictive_rank
193,ba_13412065,2025-09,굽네치킨 신길뉴타운점,굽네치킨,치킨,서울특별시,영등포구,0.388,Watch,72.7,72.7,Monitor,stability_risk,operation,stability,0.388,1,95.23174705563493,70.42525942115554,45.24355263157895,95.45690059219775,0.0,78.6447685642593,calibrated_model_probability,composite_is_explanation_index_not_predictive_rank
194,ba_14692012,2025-09,본죽&비빔밥 여수여서점,본그룹,백반·죽·국수,전라남도,여수시,0.388,Watch,72.65,72.65,Monitor,none,model_probability,review_growth,0.388,1,98.40203103871612,93.2190149675314,16.599184210526317,42.45830411117307,60.429594843995645,50.0,calibrated_model_probability,composite_is_explanation_index_not_predictive_rank
195,ba_14688582,2025-09,본죽&비빔밥 오목교역점,본그룹,백반·죽·국수,서울특별시,양천구,0.388,Watch,72.38,72.38,Monitor,none,operation,review_growth,0.388,1,94.80347821732762,49.15493337919622,33.82352631578948,95.39112468311774,81.50180657120377,66.79366594608811,calibrated_model_probability,composite_is_explanation_index_not_predictive_rank
196,ba_14692201,2025-09,본죽&비빔밥 세종반곡점,본그룹,백반·죽·국수,세종특별자치시,한누리대로,0.388,Watch,72.18,72.18,Monitor,none,model_probability,growth_alpha,0.388,1,97.43814963987562,33.99486436982391,36.09023684210527,97.15121569888574,95.90708233988092,50.0,calibrated_model_probability,composite_is_explanation_index_not_predictive_rank
197,ba_14689610,2025-09,본죽 동인천점,본그룹,백반·죽·국수,인천광역시,중구,0.388,Watch,72.05,72.05,Monitor,none,model_probability,review_growth,0.388,1,94.96932973610036,87.07027036134811,27.631578947368425,39.3355,70.01114368532413,50.0,calibrated_model_probability,composite_is_explanation_index_not_predictive_rank
198,ba_14689993,2025-09,본죽&비빔밥 용인구갈점,본그룹,백반·죽·국수,경기도,용인시,0.388,Watch,72.04,72.04,Monitor,none,operation,review_growth,0.388,1,96.01423307128888,43.91077977409281,25.4386052631579,97.77595697585708,89.77880172945918,50.0,calibrated_model_probability,composite_is_explanation_index_not_predictive_rank
199,ba_14504490,2025-09,본죽&비빔밥 부천순천향병원앞점,본그룹,백반·죽·국수,경기도,부천시,0.388,Watch,71.97,71.97,Monitor,growth_alpha_direction_risk;stability_risk,review_growth,growth_alpha,0.388,1,97.21601834052788,20.1333740748835,100.0,94.89382520073484,36.77488407924729,50.0,calibrated_model_probability,composite_is_explanation_index_not_predictive_rank
200,ba_14688525,2025-09,본죽 시흥시화병원점,본그룹,백반·죽·국수,경기도,시흥시,0.388,Watch,71.97,71.97,Monitor,none,model_probability,review_growth,0.388,1,96.52134709626202,94.32018967545343,21.30326315789474,42.14061479091757,50.86840459554045,50.0,calibrated_model_probability,composite_is_explanation_index_not_predictive_rank
201,ba_14690673,2025-09,본죽&비빔밥 광주수완점,본그룹,백반·죽·국수,광주광역시,광산구,0.388,Watch,70.81,70.81,Backlog,none,model_probability,growth_alpha,0.388,1,97.2210139842032,37.66606010679305,39.359263157894745,92.74955332858936,75.46995288554967,50.0,calibrated_model_probability,composite_is_explanation_index_not_predictive_rank
202,ba_14689756,2025-09,본죽 경기광주신현점,본그룹,백반·죽·국수,경기도,광주시,0.388,Watch,70.6,70.6,Backlog,none,operation,review_growth,0.388,1,96.1612706262174,40.43876166453657,21.05263157894737,98.97724434743635,88.28718731907941,50.0,calibrated_model_probability,composite_is_explanation_index_not_predictive_rank
203,ba_14686997,2025-09,본죽 삼전동점,본그룹,백반·죽·국수,서울특별시,송파구,0.388,Watch,69.7,69.7,Backlog,stability_risk,operation,review_growth,0.388,1,98.66556039733022,52.09774735180387,32.45613157894737,99.8648140102155,32.94064468729063,60.7339924317979,calibrated_model_probability,composite_is_explanation_index_not_predictive_rank
204,ba_13249989,2025-09,굽네치킨 달동점,굽네치킨,치킨,울산광역시,남구,0.388,Watch,69.39,69.39,Backlog,stability_risk,model_probability,stability,0.388,1,95.34132993128787,46.10029260865105,69.12171052631578,94.19352520005064,0.0,50.0,calibrated_model_probability,composite_is_explanation_index_not_predictive_rank
205,ba_14691155,2025-09,본죽&비빔밥 대구침산네거리점,본그룹,백반·죽·국수,대구광역시,북구,0.388,Watch,68.7,68.7,Backlog,none,operation,review_growth,0.388,1,96.14620519642676,42.77082927917775,20.835157894736845,97.6232890068799,65.84789117127593,50.0,calibrated_model_probability,composite_is_explanation_index_not_predictive_rank
206,ba_14688693,2025-09,본죽 평촌학원가점,본그룹,백반·죽·국수,경기도,안양시,0.388,Watch,67.95,67.95,Backlog,none,model_probability,operation,0.388,1,95.68418270921748,86.9746943649348,21.491236842105263,17.5,68.63904702517328,50.0,calibrated_model_probability,composite_is_explanation_index_not_predictive_rank
207,ba_14691270,2025-09,본죽&비빔밥 대구용산장기점,본그룹,백반·죽·국수,대구광역시,달서구,0.388,Watch,67.59,67.59,Backlog,none,model_probability,review_growth,0.388,1,96.42692402033347,36.559209811981226,34.21052631578947,89.4464952480491,61.56045247786697,50.0,calibrated_model_probability,composite_is_explanation_index_not_predictive_rank
208,ba_14691295,2025-09,본죽&비빔밥 대구월촌역점,본그룹,백반·죽·국수,대구광역시,달서구,0.388,Watch,67.16,67.16,Backlog,none,operation,review_growth,0.388,1,97.40110016871772,32.83910647861039,32.282210526315794,98.53809942490788,52.32722368921969,50.0,calibrated_model_probability,composite_is_explanation_index_not_predictive_rank
209,ba_14690752,2025-09,본 죽&비빔밥 양산이마트앞점,본그룹,백반·죽·국수,경상남도,양산시,0.388,Watch,65.61,65.61,Backlog,none,model_probability,review_growth,0.388,1,94.71744418544247,61.1758042414703,25.98684210526316,35.80408353717572,79.00969320450454,50.0,calibrated_model_probability,composite_is_explanation_index_not_predictive_rank
210,ba_14690053,2025-09,본죽&비빔밥 동백중앙점,본그룹,백반·죽·국수,경기도,용인시,0.388,Watch,65.41,65.41,Backlog,none,model_probability,operation,0.388,1,98.39046211259108,49.28975073808957,34.50292105263158,33.37270853503751,84.65525543140421,50.0,calibrated_model_probability,composite_is_explanation_index_not_predictive_rank
211,ba_14695006,2025-09,본죽 안양관양동점,본그룹,백반·죽·국수,경기도,안양시,0.388,Watch,65.09,65.09,Backlog,none,model_probability,review_growth,0.388,1,94.91612805083892,44.353276019143365,15.296052631578949,64.80927194912093,87.63611855418237,50.0,calibrated_model_probability,composite_is_explanation_index_not_predictive_rank
212,ba_14690677,2025-09,본죽&비빔밥 김해어방점,본그룹,백반·죽·국수,경상남도,김해시,0.388,Watch,64.92,64.92,Backlog,none,model_probability,review_growth,0.388,1,95.45194208718752,53.74094060769906,28.91318421052632,55.014099286352085,54.92477054799635,50.0,calibrated_model_probability,composite_is_explanation_index_not_predictive_rank
213,ba_14679019,2025-09,굽네치킨 울산반구점,굽네치킨,치킨,울산광역시,중구,0.388,Watch,64.9,64.9,Backlog,stability_risk,model_probability,stability,0.388,1,94.89748471825236,43.826133716494574,44.3123947368421,93.9125111392024,0.0,50.0,calibrated_model_probability,composite_is_explanation_index_not_predictive_rank
214,ba_14449139,2025-09,굽네치킨&피자 용운판암점,굽네치킨,치킨,대전광역시,동구,0.388,Watch,64.56,64.56,Backlog,stability_risk,model_probability,stability,0.388,1,95.39664101186274,43.94880177220201,40.12871052631579,94.46216400217584,0.0,50.0,calibrated_model_probability,composite_is_explanation_index_not_predictive_rank
215,ba_14692190,2025-09,본죽&비빔밥 세종다정점,본그룹,백반·죽·국수,세종특별자치시,다정중앙로,0.388,Watch,64.37,64.37,Backlog,none,operation,review_growth,0.388,1,96.53598696107532,33.4765680014291,17.973131578947367,99.29455424374189,46.22636959405978,50.0,calibrated_model_probability,composite_is_explanation_index_not_predictive_rank
216,ba_14687350,2025-09,본죽&비빔밥 구로구청점,본그룹,백반·죽·국수,서울특별시,구로구,0.388,Watch,64.25,64.25,Backlog,none,model_probability,review_growth,0.388,1,97.85967057241936,45.78662775194604,37.277394736842105,58.423377402061575,42.27337760041297,64.02857627802129,calibrated_model_probability,composite_is_explanation_index_not_predictive_rank
217,ba_14691084,2025-09,본죽&비빔밥 대전죽동점,본그룹,백반·죽·국수,대전광역시,유성구,0.388,Watch,63.94,63.94,Backlog,none,model_probability,review_growth,0.388,1,94.79260980836094,28.34160293316992,8.168868421052633,94.64506621598969,82.52290534813862,50.0,calibrated_model_probability,composite_is_explanation_index_not_predictive_rank
218,ba_14689387,2025-09,본죽&비빔밥 성남금광점,본그룹,백반·죽·국수,경기도,성남시,0.388,Watch,63.5,63.5,Backlog,stability_risk,model_probability,operation,0.388,1,96.260192016328,81.80086482863746,22.915684210526315,17.5,32.963413125380825,50.0,calibrated_model_probability,composite_is_explanation_index_not_predictive_rank
219,ba_10706208,2025-09,굽네치킨 부산우동점,굽네치킨,치킨,부산광역시,해운대구,0.388,Watch,62.89,62.89,Backlog,stability_risk,operation,review_growth,0.388,1,96.03993560488406,33.26905435577184,20.249105263157897,99.31610736877396,30.197743751768087,50.0,calibrated_model_probability,composite_is_explanation_index_not_predictive_rank
220,ba_14688707,2025-09,본죽 명학역점,본그룹,백반·죽·국수,경기도,안양시,0.388,Watch,62.59,62.59,Backlog,growth_alpha_direction_risk,operation,growth_alpha,0.388,1,94.712229832039,5.406733673694881,46.22426315789473,99.03441999856312,62.96341650222568,50.0,calibrated_model_probability,composite_is_explanation_index_not_predictive_rank
221,ba_10469515,2025-09,굽네치킨&피자 성서계명대점,굽네치킨,치킨,대구광역시,달서구,0.388,Watch,61.47,61.47,Backlog,stability_risk,model_probability,stability,0.388,1,96.49991764367144,38.36291575960277,33.151842105263164,77.15225788656214,15.580685110038893,50.0,calibrated_model_probability,composite_is_explanation_index_not_predictive_rank
222,ba_14309634,2025-09,굽네치킨&피자 삼성2동점,굽네치킨,치킨,서울특별시,강남구,0.388,Watch,61.34,61.34,Backlog,stability_risk,model_probability,stability,0.388,1,97.86116129633844,34.30527019811956,41.176473684210535,70.00686893989415,0.0,77.82628128724673,calibrated_model_probability,composite_is_explanation_index_not_predictive_rank
223,ba_14689454,2025-09,본죽&비빔밥 광교아브뉴프랑점,본그룹,백반·죽·국수,경기도,수원시,0.388,Watch,61.29,61.29,Backlog,none,model_probability,operation,0.388,1,94.9667325402658,54.52791837264519,27.47110526315789,17.5,76.72959290703622,50.0,calibrated_model_probability,composite_is_explanation_index_not_predictive_rank
224,ba_14249433,2025-09,굽네치킨 부산하단점,굽네치킨,치킨,부산광역시,사하구,0.388,Watch,60.9,60.9,Backlog,stability_risk,operation,stability,0.388,1,94.90635060235164,34.232396549265346,28.348105263157898,99.11763900910364,0.0,50.0,calibrated_model_probability,composite_is_explanation_index_not_predictive_rank
225,ba_14692459,2025-09,본죽&비빔밥 천안불당점,본그룹,백반·죽·국수,충청남도,천안시,0.388,Watch,60.61,60.61,Backlog,growth_alpha_direction_risk;stability_risk,model_probability,growth_alpha,0.388,1,97.78103820943196,5.397976420486056,46.172236842105264,97.2110854906415,35.342563099837605,50.0,calibrated_model_probability,composite_is_explanation_index_not_predictive_rank
226,ba_14688728,2025-09,본죽&비빔밥 판교역점,본그룹,백반·죽·국수,경기도,성남시,0.388,Watch,59.87,59.87,Backlog,growth_alpha_direction_risk,operation,growth_alpha,0.388,1,94.76149464465534,1.9865939755529665,25.92592105263158,97.95377025737169,76.22751321839118,50.0,calibrated_model_probability,composite_is_explanation_index_not_predictive_rank
227,ba_14691172,2025-09,본죽 대구산격점,본그룹,백반·죽·국수,대구광역시,북구,0.388,Watch,59.55,59.55,Backlog,growth_alpha_direction_risk,model_probability,growth_alpha,0.388,1,96.0062259139202,3.8644594471834304,37.07094736842105,93.11841543990612,54.50463290081132,50.0,calibrated_model_probability,composite_is_explanation_index_not_predictive_rank
228,ba_14691949,2025-09,본죽&비빔밥 부산범일점,본그룹,백반·죽·국수,부산광역시,동구,0.388,Watch,59.26,59.26,Backlog,growth_alpha_direction_risk,operation,growth_alpha,0.388,1,94.75621492136152,3.382500137039932,34.21052631578947,98.3824379663429,53.60261322320987,50.0,calibrated_model_probability,composite_is_explanation_index_not_predictive_rank
229,ba_14691894,2025-09,본죽 광양마동점,본그룹,백반·죽·국수,전라남도,광양시,0.388,Watch,58.92,58.92,Backlog,growth_alpha_direction_risk,model_probability,growth_alpha,0.388,1,95.4017386261564,8.703362846200413,65.78947368421053,54.46410554360061,53.15691152193615,50.0,calibrated_model_probability,composite_is_explanation_index_not_predictive_rank
230,ba_14690695,2025-09,본죽&비빔밥 김해구산점,본그룹,백반·죽·국수,경상남도,김해시,0.388,Watch,58.7,58.7,Backlog,growth_alpha_direction_risk;stability_risk,model_probability,growth_alpha,0.388,1,97.63551122022228,7.661870481666113,59.608315789473686,68.55878991519016,33.8680574452749,50.0,calibrated_model_probability,composite_is_explanation_index_not_predictive_rank
231,ba_14719554,2025-09,본죽&비빔밥 파주금릉역점,본그룹,백반·죽·국수,경기도,파주시,0.388,Watch,58.66,58.66,Backlog,growth_alpha_direction_risk;stability_risk,model_probability,growth_alpha,0.388,1,98.92035118612634,4.3404771273017,39.89602631578948,93.48613731222268,29.453381314502217,50.0,calibrated_model_probability,composite_is_explanation_index_not_predictive_rank
232,ba_14689395,2025-09,본죽&비빔밥 용인둔전점,본그룹,백반·죽·국수,경기도,용인시,0.388,Watch,58.36,58.36,Backlog,growth_alpha_direction_risk;stability_risk,model_probability,growth_alpha,0.388,1,98.15666507753387,5.9907648668091085,49.69039473684211,75.5392990256619,37.18651029768417,50.0,calibrated_model_probability,composite_is_explanation_index_not_predictive_rank
233,ba_14689855,2025-09,본죽&비빔밥 안양동편마을점,본그룹,백반·죽·국수,경기도,안양시,0.388,Watch,58.34,58.34,Backlog,growth_alpha_direction_risk,operation,growth_alpha,0.388,1,95.61580682728972,1.9968588065293909,25.98684210526316,97.6699874444494,58.24731473550469,50.0,calibrated_model_probability,composite_is_explanation_index_not_predictive_rank
234,ba_13203399,2025-09,본죽&비빔밥 제주강정점,본그룹,백반·죽·국수,제주특별자치도,서귀포시,0.388,Watch,58.06,58.06,Backlog,growth_alpha_direction_risk,operation,growth_alpha,0.388,1,96.01573480690996,3.1651428953707232,32.92052631578947,97.71069890284328,40.64967651816664,50.0,calibrated_model_probability,composite_is_explanation_index_not_predictive_rank
235,ba_14689464,2025-09,본죽&비빔밥 파주금촌점,본그룹,백반·죽·국수,경기도,파주시,0.388,Watch,57.96,57.96,Backlog,growth_alpha_direction_risk,model_probability,growth_alpha,0.388,1,95.4976781591846,2.677086763372979,30.023921052631582,89.34371361712755,59.66186156314923,50.0,calibrated_model_probability,composite_is_explanation_index_not_predictive_rank
236,ba_14767931,2025-09,본죽&비빔밥 신중동점,본그룹,백반·죽·국수,경기도,부천시,0.388,Watch,57.95,57.95,Backlog,growth_alpha_direction_risk;stability_risk,operation,growth_alpha,0.388,1,95.93676896776516,1.1654740082230637,50.0,97.13774499574068,20.06846552825916,50.0,calibrated_model_probability,composite_is_explanation_index_not_predictive_rank
237,ba_14689595,2025-09,본죽&비빔밥 시흥배곧점,본그룹,백반·죽·국수,경기도,시흥시,0.388,Watch,57.8,57.8,Backlog,growth_alpha_direction_risk,operation,growth_alpha,0.388,1,97.67003913986976,2.458731859945806,28.72807894736843,97.7175839288952,40.38782331604445,50.0,calibrated_model_probability,composite_is_explanation_index_not_predictive_rank
238,ba_14691178,2025-09,본죽&비빔밥 대구서구청점,본그룹,백반·죽·국수,대구광역시,서구,0.388,Watch,57.68,57.68,Backlog,growth_alpha_direction_risk;stability_risk,model_probability,growth_alpha,0.388,1,98.43575293432728,2.486245154204424,28.89136842105264,97.32334135018354,36.73310140183456,50.0,calibrated_model_probability,composite_is_explanation_index_not_predictive_rank
239,ba_14706394,2025-09,본죽&비빔밥 호탄점,본그룹,백반·죽·국수,경상남도,진주시,0.388,Watch,57.53,57.53,Backlog,growth_alpha_direction_risk,operation,growth_alpha,0.388,1,96.08896774248748,1.3670238535938042,22.248815789473685,99.66694434846272,52.71061142917456,50.0,calibrated_model_probability,composite_is_explanation_index_not_predictive_rank
240,ba_14735878,2025-09,본죽&비빔밥 시흥능곡점,본그룹,백반·죽·국수,경기도,시흥시,0.388,Watch,56.03,56.03,Backlog,growth_alpha_direction_risk,operation,growth_alpha,0.388,1,95.83562720995764,0.2505073248603444,15.622394736842107,98.21210840879776,53.521288586599326,50.0,calibrated_model_probability,composite_is_explanation_index_not_predictive_rank
241,ba_14692168,2025-09,본죽&비빔밥 해운대장산역점,본그룹,백반·죽·국수,부산광역시,해운대구,0.388,Watch,55.59,55.59,Backlog,growth_alpha_direction_risk;stability_risk,model_probability,growth_alpha,0.388,1,98.93349196746696,4.103698736744058,38.49081578947369,77.2575514931526,25.752002545114628,50.0,calibrated_model_probability,composite_is_explanation_index_not_predictive_rank
242,ba_14691171,2025-09,본죽 부산서면점,본그룹,백반·죽·국수,부산광역시,부산진구,0.388,Watch,54.84,54.84,Backlog,growth_alpha_direction_risk;stability_risk,model_probability,growth_alpha,0.388,1,98.75556586890724,0.1873664207116359,15.24768421052632,98.0070543720343,32.37348656643812,50.0,calibrated_model_probability,composite_is_explanation_index_not_predictive_rank
243,ba_14720368,2025-09,본죽&비빔밥 김포마산점,본그룹,백반·죽·국수,경기도,김포시,0.388,Watch,54.6,54.6,Backlog,growth_alpha_direction_risk,model_probability,growth_alpha,0.388,1,96.27682910840912,0.0041735516875002,14.160394736842106,93.66514278090052,47.23507216250097,50.0,calibrated_model_probability,composite_is_explanation_index_not_predictive_rank
244,ba_14117511,2025-09,굽네치킨 논현1동점,굽네치킨,치킨,서울특별시,강남구,0.388,Watch,53.91,53.91,Backlog,stability_risk,model_probability,review_growth,0.388,1,95.70637917279934,33.18298940145117,12.109368421052634,37.7495,13.303320863328606,83.68519070321813,calibrated_model_probability,composite_is_explanation_index_not_predictive_rank
245,ba_13227696,2025-09,본죽 부산온천장점,본그룹,백반·죽·국수,부산광역시,동래구,0.388,Watch,53.36,53.36,Backlog,growth_alpha_direction_risk,model_probability,growth_alpha,0.388,1,94.53548924021796,3.382500137039932,34.21052631578947,64.17914239089158,46.70270010792983,50.0,calibrated_model_probability,composite_is_explanation_index_not_predictive_rank
246,ba_14689536,2025-09,본죽&비빔밥 파주운정신도시점,본그룹,백반·죽·국수,경기도,파주시,0.388,Watch,51.72,51.72,Backlog,growth_alpha_direction_risk;stability_risk,model_probability,growth_alpha,0.388,1,98.4384726829935,1.6261498675299226,23.786736842105267,65.32303652741524,34.898474169180645,50.0,calibrated_model_probability,composite_is_explanation_index_not_predictive_rank
247,ba_14730330,2025-09,본죽&비빔밥 동탄꼬모점,본그룹,백반·죽·국수,경기도,화성시,0.388,Watch,51.27,51.27,Backlog,growth_alpha_direction_risk,model_probability,growth_alpha,0.388,1,94.7184701435842,0.593348245420583,17.65705263157895,72.07625016678013,45.116209628691976,50.0,calibrated_model_probability,composite_is_explanation_index_not_predictive_rank
248,ba_14735216,2025-09,본죽&비빔밥 수지성복점,본그룹,백반·죽·국수,경기도,용인시,0.388,Watch,49.06,49.06,Backlog,growth_alpha_direction_risk;stability_risk,model_probability,growth_alpha,0.388,1,98.67566077152946,6.903669715872031,55.10836842105263,17.871227262308366,18.493238839569702,50.0,calibrated_model_probability,composite_is_explanation_index_not_predictive_rank
249,ba_14692251,2025-09,본죽&비빔밥 천안두정점,본그룹,백반·죽·국수,충청남도,천안시,0.388,Watch,49.01,49.01,Backlog,growth_alpha_direction_risk;stability_risk,model_probability,stability,0.388,1,99.71924448867676,5.23001452096689,45.175447368421054,36.755,5.093342900157291,50.0,calibrated_model_probability,composite_is_explanation_index_not_predictive_rank
250,ba_14701137,2025-09,본죽&비빔밥 남양주호평점,본그룹,백반·죽·국수,경기도,남양주시,0.388,Watch,43.64,43.64,Backlog,growth_alpha_direction_risk,model_probability,growth_alpha,0.388,1,96.48406838510996,0.3875638801438011,16.435815789473686,17.5,46.8313880600437,50.0,calibrated_model_probability,composite_is_explanation_index_not_predictive_rank
251,ba_14335138,2025-09,굽네치킨&피자 대전비래가양점,굽네치킨,치킨,대전광역시,동구,0.3855421686746988,Watch,82.95,82.95,Backlog,none,growth_alpha,market_fit,0.3855421686746988,6,60.35946606644338,100.0,100.0,98.50696713319488,70.44596268615845,50.0,calibrated_model_probability,composite_is_explanation_index_not_predictive_rank
252,ba_14459736,2025-09,굽네치킨,굽네치킨,치킨,경기도,남양주시,0.3855421686746988,Watch,81.28,81.28,Backlog,none,growth_alpha,market_fit,0.3855421686746988,6,61.088812512293465,100.0,100.0,72.45610684020923,90.25723401890404,50.0,calibrated_model_probability,composite_is_explanation_index_not_predictive_rank
253,ba_14647668,2025-09,본죽&비빔밥 인천간석홈플러스앞점,본그룹,백반·죽·국수,인천광역시,남동구,0.3855421686746988,Watch,76.94,76.94,Backlog,none,growth_alpha,review_growth,0.3855421686746988,6,66.18295912254005,100.0,29.82455263157895,98.81230307114926,94.82808999321132,50.0,calibrated_model_probability,composite_is_explanation_index_not_predictive_rank
254,ba_13230813,2025-09,본죽&비빔밥 용인물푸레마을점,본그룹,백반·죽·국수,경기도,용인시,0.3855421686746988,Watch,76.38,76.38,Backlog,none,review_growth,operation,0.3855421686746988,6,69.60504690767961,83.64008753484265,100.0,42.931986255606375,96.66626553761098,50.0,calibrated_model_probability,composite_is_explanation_index_not_predictive_rank
255,ba_13472981,2025-09,굽네피자,굽네치킨,피자,경상북도,상주시,0.3855421686746988,Watch,74.1,74.1,Backlog,none,review_growth,growth_alpha,0.3855421686746988,6,69.63326043303044,44.14997472313086,100.0,94.11372181415732,95.7221009490614,50.0,calibrated_model_probability,composite_is_explanation_index_not_predictive_rank
256,ba_14720262,2025-09,굽네치킨 강화온수점,굽네치킨,치킨,인천광역시,강화군,0.3855421686746988,Watch,70.43,70.43,Backlog,none,review_growth,market_fit,0.3855421686746988,6,52.027686362793816,54.398599238551306,100.0,97.32064720955452,90.1933473654579,50.0,calibrated_model_probability,composite_is_explanation_index_not_predictive_rank
257,ba_13230969,2025-09,본죽&비빔밥 새터마을죽전현대홈타운점,본그룹,백반·죽·국수,경기도,용인시,0.3855421686746988,Watch,69.12,69.12,Backlog,none,stability,review_growth,0.3855421686746988,6,69.80327382944537,55.39841151186384,47.36842105263158,94.26609043417574,95.96443569814367,50.0,calibrated_model_probability,composite_is_explanation_index_not_predictive_rank
258,ba_10636817,2025-09,굽네치킨 양산물금점,굽네치킨,치킨,경상남도,양산시,0.3855421686746988,Watch,68.15,68.15,Backlog,none,operation,market_fit,0.3855421686746988,6,66.30745710841812,54.53150995497387,58.6466052631579,93.98111022541832,84.10756750990589,50.0,calibrated_model_probability,composite_is_explanation_index_not_predictive_rank
259,ba_14695290,2025-09,본죽&비빔밥 용산센트럴점,본그룹,백반·죽·국수,서울특별시,용산구,0.3855421686746988,Watch,67.88,67.88,Backlog,none,growth_alpha,review_growth,0.3855421686746988,6,65.63229056625734,100.0,18.42105263157895,54.05669161070267,87.80614476492002,70.21793059207555,calibrated_model_probability,composite_is_explanation_index_not_predictive_rank
260,ba_14691372,2025-09,본죽&비빔밥 구미신평비산점,본그룹,백반·죽·국수,경상북도,구미시,0.3855421686746988,Watch,65.67,65.67,Backlog,none,review_growth,operation,0.3855421686746988,6,60.65370357487405,77.05529822964368,92.4812105263158,17.5,86.78979148206497,50.0,calibrated_model_probability,composite_is_explanation_index_not_predictive_rank
261,ba_14796833,2025-09,굽네치킨&피자 성황골약점,굽네치킨,치킨,전라남도,광양시,0.3855421686746988,Watch,65.11,65.11,Backlog,none,operation,growth_alpha,0.3855421686746988,6,66.80213374943558,38.00094190355083,50.0,100.0,97.32441607478914,50.0,calibrated_model_probability,composite_is_explanation_index_not_predictive_rank
262,ba_14629918,2025-09,굽네치킨 양지동점,굽네치킨,치킨,경기도,성남시,0.3855421686746988,Watch,64.79,64.79,Backlog,none,stability,market_fit,0.3855421686746988,6,65.29830940449078,61.72427433547829,58.6466052631579,57.740508927441226,90.4491674023316,50.0,calibrated_model_probability,composite_is_explanation_index_not_predictive_rank
263,ba_13230879,2025-09,본죽&비빔밥 강남성심병원점,본그룹,백반·죽·국수,서울특별시,영등포구,0.3855421686746988,Watch,64.53,64.53,Backlog,none,review_growth,operation,0.3855421686746988,6,56.470004604849485,53.283568117324144,100.0,50.0,95.74108195027496,58.87149636005175,calibrated_model_probability,composite_is_explanation_index_not_predictive_rank
264,ba_14772844,2025-09,굽네치킨&피자 양촌점,굽네치킨,치킨,경기도,김포시,0.3855421686746988,Watch,64.05,64.05,Backlog,none,operation,growth_alpha,0.3855421686746988,6,68.58549519173081,38.00094190355083,50.0,97.70052103824484,83.87790964835847,50.0,calibrated_model_probability,composite_is_explanation_index_not_predictive_rank
265,ba_14663126,2025-09,굽네치킨 통영죽림점,굽네치킨,치킨,경상남도,통영시,0.3855421686746988,Watch,63.21,63.21,Backlog,none,operation,growth_alpha,0.3855421686746988,6,65.72416232549894,39.00636325296929,51.7543947368421,99.17241986856016,78.2060650702405,50.0,calibrated_model_probability,composite_is_explanation_index_not_predictive_rank
266,ba_14798760,2025-09,굽네치킨&피자 도래울점,굽네치킨,치킨,경기도,고양시,0.3855421686746988,Watch,62.85,62.85,Backlog,none,operation,growth_alpha,0.3855421686746988,6,61.210565148299466,38.00094190355083,50.0,99.16343939979676,95.4669985691275,50.0,calibrated_model_probability,composite_is_explanation_index_not_predictive_rank
267,ba_13313413,2025-09,굽네치킨&피자 대전도마점,굽네치킨,치킨,대전광역시,서구,0.3855421686746988,Watch,62.16,62.16,Backlog,none,operation,growth_alpha,0.3855421686746988,6,67.40253210106253,42.06104836403703,45.14902631578949,88.2140124323899,80.44942023982308,50.0,calibrated_model_probability,composite_is_explanation_index_not_predictive_rank
268,ba_14789833,2025-09,굽네치킨&피자 순천풍덕점,굽네치킨,치킨,전라남도,순천시,0.3855421686746988,Watch,61.95,61.95,Backlog,none,operation,growth_alpha,0.3855421686746988,6,68.95162620132756,38.00094190355083,50.0,97.06799668834525,62.55365707013543,50.0,calibrated_model_probability,composite_is_explanation_index_not_predictive_rank
269,ba_14687315,2025-09,본죽&비빔밥 뚝섬유원지역점,본그룹,백반·죽·국수,서울특별시,광진구,0.3855421686746988,Watch,61.72,61.72,Backlog,none,growth_alpha,operation,0.3855421686746988,6,62.54262059083736,100.0,26.53507894736842,17.5,80.54321718516124,63.26764828339451,calibrated_model_probability,composite_is_explanation_index_not_predictive_rank
270,ba_13232508,2025-09,본죽&비빔밥 김해어방점,본그룹,백반·죽·국수,경상남도,김해시,0.3855421686746988,Watch,61.11,61.11,Backlog,growth_alpha_direction_risk,operation,growth_alpha,0.3855421686746988,6,69.79587300470807,21.94346505775603,52.63157894736842,93.51053366221804,92.75002592387136,50.0,calibrated_model_probability,composite_is_explanation_index_not_predictive_rank
271,ba_13223538,2025-09,본죽&비빔밥 인천신포동점,본그룹,백반·죽·국수,인천광역시,중구,0.3855421686746988,Watch,60.92,60.92,Backlog,none,operation,review_growth,0.3855421686746988,6,68.3333578605265,39.7603738393799,18.128657894736847,97.5370765067516,97.15821597073077,50.0,calibrated_model_probability,composite_is_explanation_index_not_predictive_rank
272,ba_14782074,2025-09,굽네치킨 관음점,굽네치킨,치킨,대구광역시,북구,0.3855421686746988,Watch,59.59,59.59,Backlog,stability_risk,operation,stability,0.3855421686746988,6,69.72569704686164,38.00094190355083,50.0,96.12247963229686,37.63999779353559,50.0,calibrated_model_probability,composite_is_explanation_index_not_predictive_rank
273,ba_14690068,2025-09,본죽&비빔밥 용인동천점,본그룹,백반·죽·국수,경기도,용인시,0.3855421686746988,Watch,59.29,59.29,Backlog,none,stability,operation,0.3855421686746988,6,65.42246823871459,70.58732403117206,51.417,17.5,84.11839387988964,50.0,calibrated_model_probability,composite_is_explanation_index_not_predictive_rank
274,ba_14690577,2025-09,본죽&비빔밥 포항양덕점,본그룹,백반·죽·국수,경상북도,포항시,0.3855421686746988,Watch,59.18,59.18,Backlog,none,stability,operation,0.3855421686746988,6,67.72215175781379,66.75109286917379,50.0,17.5,86.6298637925396,50.0,calibrated_model_probability,composite_is_explanation_index_not_predictive_rank
275,ba_10041246,2025-09,굽네치킨 수색증산점,굽네치킨,치킨,서울특별시,은평구,0.3855421686746988,Watch,59.13,59.13,Backlog,none,operation,review_growth,0.3855421686746988,6,63.472252779980046,34.55637057746936,23.07692105263158,95.71374199882996,94.60227021350602,68.08004884339107,calibrated_model_probability,composite_is_explanation_index_not_predictive_rank
276,ba_14691813,2025-09,본죽&비빔밥 울산호계점,본그룹,백반·죽·국수,울산광역시,북구,0.3855421686746988,Watch,59.04,59.04,Backlog,none,growth_alpha,operation,0.3855421686746988,6,55.81986078280232,99.92800207646668,21.05263157894737,17.5,87.41981326903698,50.0,calibrated_model_probability,composite_is_explanation_index_not_predictive_rank
277,ba_14688338,2025-09,본죽 부천대성병원점,본그룹,백반·죽·국수,경기도,부천시,0.3855421686746988,Watch,58.55,58.55,Backlog,none,growth_alpha,operation,0.3855421686746988,6,51.31884545361625,100.0,24.81202631578948,17.5,92.41804479340894,50.0,calibrated_model_probability,composite_is_explanation_index_not_predictive_rank
278,ba_14720263,2025-09,굽네피자 강화온수점,굽네치킨,피자,인천광역시,강화군,0.3855421686746988,Watch,58.41,58.41,Backlog,none,stability,growth_alpha,0.3855421686746988,6,63.16011631366003,29.047969628072256,34.21052631578947,95.6086705142986,95.69731833231796,50.0,calibrated_model_probability,composite_is_explanation_index_not_predictive_rank
279,ba_14573167,2025-09,본죽&비빔밥 파주금촌점,본그룹,백반·죽·국수,경기도,파주시,0.3855421686746988,Watch,58.11,58.11,Backlog,growth_alpha_direction_risk,stability,growth_alpha,0.3855421686746988,6,69.24798800823447,10.03357852349053,73.68421052631578,74.53897689539208,91.28328299384904,50.0,calibrated_model_probability,composite_is_explanation_index_not_predictive_rank
280,ba_14783137,2025-09,굽네치킨 포천이동점,굽네치킨,치킨,경기도,포천시,0.3855421686746988,Watch,57.98,57.98,Backlog,none,stability,growth_alpha,0.3855421686746988,6,51.57859917330414,38.00094190355083,50.0,91.44293040393292,92.11689963663278,50.0,calibrated_model_probability,composite_is_explanation_index_not_predictive_rank
281,ba_14791302,2025-09,굽네치킨 초읍점,굽네치킨,치킨,부산광역시,부산진구,0.3855421686746988,Watch,57.9,57.9,Backlog,stability_risk,operation,stability,0.3855421686746988,6,64.65331411760104,38.00094190355083,50.0,98.8625,34.3791641384262,50.0,calibrated_model_probability,composite_is_explanation_index_not_predictive_rank
282,ba_14273478,2025-09,굽네피자 원미점,굽네치킨,피자,경기도,부천시,0.3855421686746988,Watch,57.78,57.78,Backlog,none,stability,growth_alpha,0.3855421686746988,6,61.26526279379697,27.988053776407483,50.0,80.38348312185042,97.78733801911656,50.0,calibrated_model_probability,composite_is_explanation_index_not_predictive_rank
283,ba_13226843,2025-09,본죽 부산가야점,본그룹,백반·죽·국수,부산광역시,부산진구,0.3855421686746988,Watch,57.54,57.54,Backlog,none,growth_alpha,review_growth,0.3855421686746988,6,52.378563565634,100.0,17.293236842105266,17.5,89.90452253448788,50.0,calibrated_model_probability,composite_is_explanation_index_not_predictive_rank
284,ba_14688176,2025-09,본죽&비빔밥 옥수점,본그룹,백반·죽·국수,서울특별시,성동구,0.3855421686746988,Watch,57.22,57.22,Backlog,none,stability,operation,0.3855421686746988,6,57.59955657816964,82.33377139922118,22.43768421052632,17.5,89.8587046479795,70.72950903033674,calibrated_model_probability,composite_is_explanation_index_not_predictive_rank
285,ba_14599973,2025-09,굽네치킨 파주법원점,굽네치킨,치킨,경기도,파주시,0.3855421686746988,Watch,56.98,56.98,Backlog,none,operation,review_growth,0.3855421686746988,6,61.20087614722321,33.483307760860704,24.56139473684211,98.69256348763774,86.98067188678634,50.0,calibrated_model_probability,composite_is_explanation_index_not_predictive_rank
286,ba_14551802,2025-09,본죽&비빔밥 명동2호점,본그룹,백반·죽·국수,서울특별시,중구,0.3855421686746988,Watch,56.95,56.95,Backlog,none,stability,growth_alpha,0.3855421686746988,6,51.87693086249432,39.95584903315768,50.0,50.0,99.73481268317548,91.39597381162096,calibrated_model_probability,composite_is_explanation_index_not_predictive_rank
287,ba_14691146,2025-09,본죽 부산범내골역점,본그룹,백반·죽·국수,부산광역시,부산진구,0.3855421686746988,Watch,56.9,56.9,Backlog,none,growth_alpha,review_growth,0.3855421686746988,6,52.74157045531879,98.10334523192785,14.035078947368424,17.5,91.86118366323356,50.0,calibrated_model_probability,composite_is_explanation_index_not_predictive_rank
288,ba_14308402,2025-09,굽네피자 삼성2동점,굽네치킨,피자,서울특별시,강남구,0.3855421686746988,Watch,56.75,56.75,Backlog,none,stability,growth_alpha,0.3855421686746988,6,58.52491864993748,38.054638276390776,50.0,50.0,100.0,72.5,calibrated_model_probability,composite_is_explanation_index_not_predictive_rank
289,ba_13973901,2025-09,굽네피자 강원횡성점,굽네치킨,피자,강원특별자치도,횡성군,0.3855421686746988,Watch,56.29,56.29,Backlog,none,stability,growth_alpha,0.3855421686746988,6,53.05918362930044,37.74130597360509,60.526315789473685,67.72549524462796,90.41756201728136,50.0,calibrated_model_probability,composite_is_explanation_index_not_predictive_rank
290,ba_14593720,2025-09,굽네치킨&피자 무주읍점,굽네치킨,치킨,전북특별자치도,무주군,0.3855421686746988,Watch,56.22,56.22,Backlog,none,operation,growth_alpha,0.3855421686746988,6,56.36923588794374,34.650483336637635,40.789473684210535,92.39935032723118,78.49118267555258,50.0,calibrated_model_probability,composite_is_explanation_index_not_predictive_rank
291,ba_14715313,2025-09,굽네치킨&피자 홍은1동점,굽네치킨,치킨,서울특별시,서대문구,0.3855421686746988,Watch,55.9,55.9,Backlog,none,stability,review_growth,0.3855421686746988,6,63.31053197628581,39.92015491248373,32.44305263157895,78.42264942473683,83.9902343541394,44.44524465690016,calibrated_model_probability,composite_is_explanation_index_not_predictive_rank
292,ba_14689942,2025-09,본죽 인천학산사거리점,본그룹,백반·죽·국수,인천광역시,미추홀구,0.3855421686746988,Watch,55.38,55.38,Backlog,none,stability,review_growth,0.3855421686746988,6,57.36187926537381,85.01369041347373,16.118421052631582,17.5,90.02953938487812,50.0,calibrated_model_probability,composite_is_explanation_index_not_predictive_rank
293,ba_13233506,2025-09,본죽 광양마동점,본그룹,백반·죽·국수,전라남도,광양시,0.3855421686746988,Watch,54.99,54.99,Backlog,growth_alpha_direction_risk,review_growth,growth_alpha,0.3855421686746988,6,69.49749193064211,11.93388029954462,84.9623947368421,43.536021038244826,84.05408815045742,50.0,calibrated_model_probability,composite_is_explanation_index_not_predictive_rank
294,ba_14671490,2025-09,굽네피자 영천중앙점,굽네치킨,피자,경상북도,영천시,0.3855421686746988,Watch,54.8,54.8,Backlog,none,stability,growth_alpha,0.3855421686746988,6,55.598948538890994,35.86350701275849,47.36842105263158,67.5,91.41432437133288,50.0,calibrated_model_probability,composite_is_explanation_index_not_predictive_rank
295,ba_14736722,2025-09,굽네치킨&피자 철원와수점,굽네치킨,치킨,강원특별자치도,철원군,0.3855421686746988,Watch,54.66,54.66,Backlog,none,operation,review_growth,0.3855421686746988,6,61.54269252354913,35.245777022486244,17.763157894736846,90.98851868450672,79.9179800852089,50.0,calibrated_model_probability,composite_is_explanation_index_not_predictive_rank
296,ba_14687365,2025-09,본죽&비빔밥 덕성여대점,본그룹,백반·죽·국수,서울특별시,도봉구,0.3855421686746988,Watch,54.52,54.52,Backlog,none,stability,operation,0.3855421686746988,6,64.16137071641921,62.41889079189791,18.06221052631579,17.5,86.35851469243619,76.87661090729138,calibrated_model_probability,composite_is_explanation_index_not_predictive_rank
297,ba_13233607,2025-09,본죽 전북봉동점,본그룹,백반·죽·국수,전북특별자치도,완주군,0.3855421686746988,Watch,54.27,54.27,Backlog,none,stability,operation,0.3855421686746988,6,68.90698691492095,54.81954598962976,33.43652631578948,17.5,88.10776581070007,50.0,calibrated_model_probability,composite_is_explanation_index_not_predictive_rank
298,ba_10698315,2025-09,굽네치킨 풍기점,굽네치킨,치킨,경상북도,영주시,0.3855421686746988,Watch,54.18,54.18,Backlog,none,operation,review_growth,0.3855421686746988,6,59.96044831036619,29.457410013542155,27.631578947368425,93.327930797363,76.88677791382193,50.0,calibrated_model_probability,composite_is_explanation_index_not_predictive_rank
299,ba_10204887,2025-09,굽네치킨 대구매호점,굽네치킨,치킨,대구광역시,수성구,0.3855421686746988,Watch,53.99,53.99,Backlog,none,operation,growth_alpha,0.3855421686746988,6,54.81825505632538,25.289999488421227,50.87718421052632,96.01668314511411,64.49036436800566,50.0,calibrated_model_probability,composite_is_explanation_index_not_predictive_rank
300,ba_14694402,2025-09,본죽 월곡점,본그룹,백반·죽·국수,서울특별시,성북구,0.3855421686746988,Watch,53.95,53.95,Backlog,none,stability,operation,0.3855421686746988,6,53.99454081973533,76.5911194690533,25.98684210526316,17.5,86.22309883931501,60.74590457667536,calibrated_model_probability,composite_is_explanation_index_not_predictive_rank
301,ba_10872945,2025-09,굽네치킨 대구대현점,굽네치킨,치킨,대구광역시,북구,0.3855421686746988,Watch,53.7,53.7,Backlog,stability_risk,review_growth,stability,0.3855421686746988,6,67.62632185219483,43.978576433112025,68.69328947368422,38.90964617124129,28.953662367819497,50.0,calibrated_model_probability,composite_is_explanation_index_not_predictive_rank
302,ba_14699649,2025-09,굽네치킨 시흥신천점,굽네치킨,치킨,경기도,시흥시,0.3855421686746988,Watch,53.59,53.59,Backlog,none,operation,review_growth,0.3855421686746988,6,66.99884553139896,30.626425721006,27.631578947368425,83.01040605403334,58.899909904765565,50.0,calibrated_model_probability,composite_is_explanation_index_not_predictive_rank
303,ba_13233483,2025-09,본죽&비빔밥 경산사동점,본그룹,백반·죽·국수,경상북도,경산시,0.3855421686746988,Watch,53.32,53.32,Backlog,none,stability,operation,0.3855421686746988,6,58.13675828687575,48.58016935530045,60.526315789473685,17.5,91.24375898936322,50.0,calibrated_model_probability,composite_is_explanation_index_not_predictive_rank
304,ba_14708929,2025-09,굽네치킨 고령다산점,굽네치킨,치킨,경상북도,고령군,0.3855421686746988,Watch,52.98,52.98,Backlog,none,operation,review_growth,0.3855421686746988,6,68.65961822185831,29.925845464299872,24.342105263157897,84.28343561773652,51.77028068978486,50.0,calibrated_model_probability,composite_is_explanation_index_not_predictive_rank
305,ba_13232348,2025-09,본죽&비빔밥 광주선운지구점,본그룹,백반·죽·국수,광주광역시,광산구,0.3855421686746988,Watch,52.57,52.57,Backlog,none,stability,review_growth,0.3855421686746988,6,62.513135579581125,68.6165208242216,12.280710526315792,17.5,90.69442581224,50.0,calibrated_model_probability,composite_is_explanation_index_not_predictive_rank
306,ba_14691228,2025-09,본죽&비빔밥 대구사월점,본그룹,백반·죽·국수,대구광역시,수성구,0.3855421686746988,Watch,52.48,52.48,Backlog,none,stability,operation,0.3855421686746988,6,58.6646475377559,51.43851463240017,47.36842105263158,17.5,93.60888812276735,50.0,calibrated_model_probability,composite_is_explanation_index_not_predictive_rank
307,ba_14689782,2025-09,본죽 김포감정점,본그룹,백반·죽·국수,경기도,김포시,0.3855421686746988,Watch,52.36,52.36,Backlog,none,stability,operation,0.3855421686746988,6,57.34358163798152,65.6535762543643,29.82455263157895,17.5,87.78707083755162,50.0,calibrated_model_probability,composite_is_explanation_index_not_predictive_rank
308,ba_14042200,2025-09,본죽&비빔밥 왕십리뉴타운점,본그룹,백반·죽·국수,서울특별시,성동구,0.3855421686746988,Watch,52.3,52.3,Backlog,none,stability,review_growth,0.3855421686746988,6,50.87818810920797,48.22070073877408,21.05263157894737,50.0,97.29468068481196,70.78686898266093,calibrated_model_probability,composite_is_explanation_index_not_predictive_rank
309,ba_14726472,2025-09,굽네치킨&피자 신대부적점,굽네치킨,치킨,경상북도,경산시,0.3855421686746988,Watch,52.0,52.0,Backlog,stability_risk,operation,stability,0.3855421686746988,6,68.20473067415443,25.492901719730543,37.362947368421054,96.59442663555716,16.61323050042031,50.0,calibrated_model_probability,composite_is_explanation_index_not_predictive_rank
310,ba_14688923,2025-09,본죽&비빔밥 종로르메이에르점,본그룹,백반·죽·국수,서울특별시,종로구,0.3855421686746988,Watch,51.79,51.79,Backlog,none,stability,operation,0.3855421686746988,6,55.4224781941965,58.65198603694776,24.342105263157897,17.5,95.2933857788555,69.08136708078437,calibrated_model_probability,composite_is_explanation_index_not_predictive_rank
311,ba_13230007,2025-09,본죽 죽전벽산타운점,본그룹,백반·죽·국수,경기도,용인시,0.3855421686746988,Watch,51.62,51.62,Backlog,none,stability,operation,0.3855421686746988,6,69.73653763055631,28.814450265923973,50.0,17.5,98.84492337861975,50.0,calibrated_model_probability,composite_is_explanation_index_not_predictive_rank
312,ba_10040621,2025-09,굽네치킨 울산성안점,굽네치킨,치킨,울산광역시,중구,0.3855421686746988,Watch,50.88,50.88,Backlog,none,model_probability,growth_alpha,0.3855421686746988,6,67.78052289996785,32.904375727842755,34.837105263157895,52.73476660873551,57.98033826679804,50.0,calibrated_model_probability,composite_is_explanation_index_not_predictive_rank
313,ba_13975731,2025-09,굽네피자 신길뉴타운점,굽네치킨,피자,서울특별시,영등포구,0.3855421686746988,Watch,50.83,50.83,Backlog,none,stability,market_fit,0.3855421686746988,6,64.6560873562277,33.68173159938981,34.21052631578947,50.0,96.39436199416718,28.41228062108313,calibrated_model_probability,composite_is_explanation_index_not_predictive_rank
314,ba_14725485,2025-09,굽네치킨 구례읍점,굽네치킨,치킨,전라남도,구례군,0.3855421686746988,Watch,50.79,50.79,Backlog,growth_alpha_direction_risk,stability,growth_alpha,0.3855421686746988,6,69.16984613109004,20.82479801367761,23.976605263157897,66.08927099120426,78.63465399785287,50.0,calibrated_model_probability,composite_is_explanation_index_not_predictive_rank
315,ba_14663534,2025-09,굽네치킨 포항용흥점,굽네치킨,치킨,경상북도,포항시,0.3855421686746988,Watch,50.78,50.78,Backlog,growth_alpha_direction_risk,operation,growth_alpha,0.3855421686746988,6,64.66611264495842,22.983294652693715,30.098684210526315,73.90537740377212,67.95865982826668,50.0,calibrated_model_probability,composite_is_explanation_index_not_predictive_rank
316,ba_14732602,2025-09,굽네치킨 서수원점,굽네치킨,치킨,경기도,수원시,0.3855421686746988,Watch,50.68,50.68,Backlog,none,model_probability,review_growth,0.3855421686746988,6,69.81333961353971,29.14117340652772,25.000000000000007,55.161617647561926,69.3845277339143,50.0,calibrated_model_probability,composite_is_explanation_index_not_predictive_rank
317,ba_13222803,2025-09,본죽 오금점,본그룹,백반·죽·국수,서울특별시,송파구,0.3855421686746988,Watch,50.68,50.68,Backlog,growth_alpha_direction_risk,stability,growth_alpha,0.3855421686746988,6,56.58439140577023,21.1836680331492,50.0,50.0,99.17468720893127,56.636852980069655,calibrated_model_probability,composite_is_explanation_index_not_predictive_rank
318,ba_10605803,2025-09,굽네치킨 구월점,굽네치킨,치킨,인천광역시,남동구,0.3855421686746988,Watch,50.59,50.59,Backlog,stability_risk,review_growth,stability,0.3855421686746988,6,51.69275820666259,31.62204781493508,87.17105263157895,76.75791400474168,0.0,50.0,calibrated_model_probability,composite_is_explanation_index_not_predictive_rank
319,ba_13235631,2025-09,본죽 인왕산점,본그룹,백반·죽·국수,서울특별시,서대문구,0.3855421686746988,Watch,50.49,50.49,Backlog,none,stability,review_growth,0.3855421686746988,6,53.22074963734988,53.99751704158704,0.0,50.0,99.67988662886702,58.51497558907198,calibrated_model_probability,composite_is_explanation_index_not_predictive_rank
320,ba_10019194,2025-09,굽네치킨&피자 신탄진점,굽네치킨,치킨,대전광역시,대덕구,0.3855421686746988,Watch,50.37,50.37,Backlog,stability_risk,operation,review_growth,0.3855421686746988,6,68.03672716154867,30.45112546500045,20.32163157894737,80.27707311983195,38.52603900328544,50.0,calibrated_model_probability,composite_is_explanation_index_not_predictive_rank
321,ba_14687088,2025-09,본죽 길동시장점,본그룹,백반·죽·국수,서울특별시,강동구,0.3855421686746988,Watch,50.37,50.37,Backlog,none,stability,operation,0.3855421686746988,6,58.52697342702676,57.027748354453934,21.901526315789475,17.5,85.14774866309081,61.2287603272703,calibrated_model_probability,composite_is_explanation_index_not_predictive_rank
322,ba_14666363,2025-09,굽네치킨 충남태안점,굽네치킨,치킨,충청남도,태안군,0.3855421686746988,Watch,49.65,49.65,Backlog,growth_alpha_direction_risk;stability_risk,operation,stability,0.3855421686746988,6,66.12273784282291,21.18222696616547,50.0,91.43814082059248,0.0,50.0,calibrated_model_probability,composite_is_explanation_index_not_predictive_rank
323,ba_13228677,2025-09,본죽 청주봉명점,본그룹,백반·죽·국수,충청북도,청주시,0.3855421686746988,Watch,49.55,49.55,Backlog,none,stability,operation,0.3855421686746988,6,56.59735893005531,31.9313894706889,64.91228947368421,17.5,94.00051505067376,50.0,calibrated_model_probability,composite_is_explanation_index_not_predictive_rank
324,ba_14283482,2025-09,본죽&비빔밥 목동역점,본그룹,백반·죽·국수,서울특별시,양천구,0.3855421686746988,Watch,49.14,49.14,Backlog,none,stability,review_growth,0.3855421686746988,6,50.51849393434144,38.97403901201113,24.81202631578948,50.0,93.9916798192344,58.96812959328716,calibrated_model_probability,composite_is_explanation_index_not_predictive_rank
325,ba_13103901,2025-09,굽네치킨&피자 나주혁신도시1호점,굽네치킨,피자,전라남도,나주시,0.3855421686746988,Watch,49.07,49.07,Backlog,none,model_probability,review_growth,0.3855421686746988,6,66.9001083693888,28.52399767278768,19.667578947368423,61.4715310587374,63.52111968061688,50.0,calibrated_model_probability,composite_is_explanation_index_not_predictive_rank
326,ba_13228945,2025-09,본죽&비빔밥 대전진잠점,본그룹,백반·죽·국수,대전광역시,유성구,0.3855421686746988,Watch,48.98,48.98,Backlog,growth_alpha_direction_risk,operation,growth_alpha,0.3855421686746988,6,68.11619912121091,0.6039899708389047,9.774447368421054,94.5786107471408,93.3369221629257,50.0,calibrated_model_probability,composite_is_explanation_index_not_predictive_rank
327,ba_14594474,2025-09,본죽&비빔밥 광주계림동점,본그룹,백반·죽·국수,광주광역시,동구,0.3855421686746988,Watch,48.87,48.87,Backlog,growth_alpha_direction_risk,operation,growth_alpha,0.3855421686746988,6,69.0193230666345,0.0,4.858289473684213,100.0,89.86160404653678,50.0,calibrated_model_probability,composite_is_explanation_index_not_predictive_rank
328,ba_14689381,2025-09,본죽&비빔밥 용인모현점,본그룹,백반·죽·국수,경기도,용인시,0.3855421686746988,Watch,48.7,48.7,Backlog,none,stability,review_growth,0.3855421686746988,6,67.17703205305232,43.89665731765224,15.789473684210527,17.5,92.15809894481646,50.0,calibrated_model_probability,composite_is_explanation_index_not_predictive_rank
329,ba_14691235,2025-09,본죽&비빔밥 대구범물동아백화점점,본그룹,백반·죽·국수,대구광역시,수성구,0.3855421686746988,Watch,48.68,48.68,Backlog,none,stability,review_growth,0.3855421686746988,6,65.62657940985103,47.12639881185137,16.47597368421053,17.5,88.37343237253452,50.0,calibrated_model_probability,composite_is_explanation_index_not_predictive_rank
330,ba_13233716,2025-09,본죽 포항죽도오거리점,본그룹,백반·죽·국수,경상북도,포항시,0.3855421686746988,Watch,48.64,48.64,Backlog,none,stability,operation,0.3855421686746988,6,55.67697797637744,52.45936648367518,27.631578947368425,17.5,92.64465155705663,50.0,calibrated_model_probability,composite_is_explanation_index_not_predictive_rank
331,ba_13221638,2025-09,본죽&비빔밥 이천마장점,본그룹,백반·죽·국수,경기도,이천시,0.3855421686746988,Watch,48.1,48.1,Backlog,none,stability,operation,0.3855421686746988,6,62.20321334005089,39.15013739742306,30.622000000000003,17.5,93.19385862192836,50.0,calibrated_model_probability,composite_is_explanation_index_not_predictive_rank
332,ba_14729159,2025-09,굽네치킨 원대자이점,굽네치킨,치킨,대구광역시,서구,0.3855421686746988,Watch,47.92,47.92,Backlog,stability_risk,operation,stability,0.3855421686746988,6,57.095459813168006,35.50758563803823,62.05247368421053,65.0,0.0,50.0,calibrated_model_probability,composite_is_explanation_index_not_predictive_rank
333,ba_14693042,2025-09,본죽&비빔밥 전주예수병원점,본그룹,백반·죽·국수,전북특별자치도,전주시,0.3855421686746988,Watch,47.18,47.18,Backlog,none,stability,operation,0.3855421686746988,6,50.46250430110632,58.92645387169527,17.763157894736846,17.5,95.01674507636494,50.0,calibrated_model_probability,composite_is_explanation_index_not_predictive_rank
334,ba_12020564,2025-09,굽네치킨&피자 거제고현점,굽네치킨,피자,경상남도,거제시,0.3855421686746988,Watch,46.66,46.66,Backlog,growth_alpha_direction_risk,operation,review_growth,0.3855421686746988,6,60.373513269245336,19.251973167111068,1.403500000000002,89.42741386447531,70.94456980521558,50.0,calibrated_model_probability,composite_is_explanation_index_not_predictive_rank
335,ba_14675307,2025-09,굽네치킨 운남점,굽네치킨,치킨,인천광역시,중구,0.3855421686746988,Watch,46.4,46.4,Backlog,growth_alpha_direction_risk,model_probability,review_growth,0.3855421686746988,6,68.7518996873049,24.3195849815768,19.667578947368423,52.92754733818906,53.72653442714596,50.0,calibrated_model_probability,composite_is_explanation_index_not_predictive_rank
336,ba_13233484,2025-09,본죽&비빔밥 진주하대점,본그룹,백반·죽·국수,경상남도,진주시,0.3855421686746988,Watch,46.21,46.21,Backlog,growth_alpha_direction_risk,stability,growth_alpha,0.3855421686746988,6,62.02734988417446,16.276458059103373,57.89473684210527,17.5,91.26826480470186,50.0,calibrated_model_probability,composite_is_explanation_index_not_predictive_rank
337,ba_13221975,2025-09,본죽&비빔밥 용인마평점,본그룹,백반·죽·국수,경기도,용인시,0.3855421686746988,Watch,46.2,46.2,Backlog,growth_alpha_direction_risk,stability,growth_alpha,0.3855421686746988,6,67.2104264814038,0.0,10.931184210526318,80.85316163817434,89.09477779531201,50.0,calibrated_model_probability,composite_is_explanation_index_not_predictive_rank
338,ba_10571616,2025-09,굽네치킨 답십리1동점,굽네치킨,치킨,서울특별시,동대문구,0.3855421686746988,Watch,46.16,46.16,Backlog,growth_alpha_direction_risk;stability_risk,market_fit,stability,0.3855421686746988,6,60.02253758927712,23.963153690846905,41.82826315789474,64.688,0.0,74.77869519205032,calibrated_model_probability,composite_is_explanation_index_not_predictive_rank
339,ba_14756247,2025-09,본죽&비빔밥 일산가좌점,본그룹,백반·죽·국수,경기도,고양시,0.3855421686746988,Watch,46.05,46.05,Backlog,growth_alpha_direction_risk,stability,growth_alpha,0.3855421686746988,6,53.17085389245558,4.712715814330049,42.10526315789474,67.52614599334247,98.2183528172816,50.0,calibrated_model_probability,composite_is_explanation_index_not_predictive_rank
340,ba_10768614,2025-09,굽네치킨 신월상남점,굽네치킨,치킨,경상남도,창원시,0.3855421686746988,Watch,46.0,46.0,Backlog,growth_alpha_direction_risk,operation,review_growth,0.3855421686746988,6,57.24637427914227,23.67584927481353,8.260236842105265,88.53295801759145,55.24448966677106,50.0,calibrated_model_probability,composite_is_explanation_index_not_predictive_rank
341,ba_14245849,2025-09,본죽&비빔밥 광양중동점,본그룹,백반·죽·국수,전라남도,광양시,0.3855421686746988,Watch,45.89,45.89,Backlog,none,stability,operation,0.3855421686746988,6,62.13015668143357,39.99034595972207,20.0,17.5,85.26400888201275,50.0,calibrated_model_probability,composite_is_explanation_index_not_predictive_rank
342,ba_14620216,2025-09,굽네치킨&피자 북아현점,굽네치킨,치킨,서울특별시,서대문구,0.3855421686746988,Watch,45.73,45.73,Backlog,none,stability,review_growth,0.3855421686746988,6,61.10938441052804,38.00094190355083,21.05263157894737,28.54904457904693,75.45131035085626,44.44524465690016,calibrated_model_probability,composite_is_explanation_index_not_predictive_rank
343,ba_14662547,2025-09,굽네치킨 신사우점,굽네치킨,치킨,강원특별자치도,춘천시,0.3855421686746988,Watch,45.62,45.62,Backlog,none,stability,review_growth,0.3855421686746988,6,58.44172060441054,32.65631267428944,21.05263157894737,50.78450814229168,62.26418051530504,50.0,calibrated_model_probability,composite_is_explanation_index_not_predictive_rank
344,ba_14388863,2025-09,굽네피자 여의도1호점,굽네치킨,피자,서울특별시,영등포구,0.3855421686746988,Watch,45.23,45.23,Backlog,none,stability,review_growth,0.3855421686746988,6,69.62370534140929,28.329586651551725,3.508763157894738,50.0,98.33501679167016,8.50018288568384,calibrated_model_probability,composite_is_explanation_index_not_predictive_rank
345,ba_14599961,2025-09,굽네치킨 파주헤이리점,굽네치킨,치킨,경기도,파주시,0.3855421686746988,Watch,45.18,45.18,Backlog,none,model_probability,review_growth,0.3855421686746988,6,68.40718347803595,29.773624450295305,8.200736842105265,48.0655215497039,53.53269467474439,50.0,calibrated_model_probability,composite_is_explanation_index_not_predictive_rank
346,ba_14766646,2025-09,본죽&비빔밥 대전한남대점,본그룹,백반·죽·국수,대전광역시,동구,0.3855421686746988,Watch,44.85,44.85,Backlog,growth_alpha_direction_risk,stability,growth_alpha,0.3855421686746988,6,52.404598662343474,1.1654740082230637,50.0,65.0,89.62219654679659,50.0,calibrated_model_probability,composite_is_explanation_index_not_predictive_rank
347,ba_14228062,2025-09,굽네피자 월계2동점,굽네치킨,피자,서울특별시,노원구,0.3855421686746988,Watch,44.63,44.63,Backlog,growth_alpha_direction_risk,stability,review_growth,0.3855421686746988,6,65.92635399217485,22.5632125418055,0.0,50.0,98.57221264157,31.69823628777736,calibrated_model_probability,composite_is_explanation_index_not_predictive_rank
348,ba_14766647,2025-09,본죽&비빔밥 대전한남대점,본그룹,백반·죽·국수,대전광역시,동구,0.3855421686746988,Watch,44.04,44.04,Backlog,growth_alpha_direction_risk,stability,growth_alpha,0.3855421686746988,6,55.4390797806885,1.1654740082230637,50.0,65.0,70.99088256962344,50.0,calibrated_model_probability,composite_is_explanation_index_not_predictive_rank
349,ba_14687388,2025-09,본죽&비빔밥 중곡사거리점,본그룹,백반·죽·국수,서울특별시,광진구,0.3855421686746988,Watch,43.85,43.85,Backlog,growth_alpha_direction_risk,stability,growth_alpha,0.3855421686746988,6,57.10397969811343,2.089242285317185,26.53507894736842,65.0,79.41122084025032,58.90829190675565,calibrated_model_probability,composite_is_explanation_index_not_predictive_rank
350,ba_14698239,2025-09,본죽&비빔밥 의왕고천점,본그룹,백반·죽·국수,경기도,의왕시,0.3855421686746988,Watch,43.64,43.64,Backlog,growth_alpha_direction_risk,stability,growth_alpha,0.3855421686746988,6,53.77996720172504,2.8282436048357127,30.92105263157895,65.0,97.24613861291115,50.0,calibrated_model_probability,composite_is_explanation_index_not_predictive_rank
351,ba_14775705,2025-09,본죽&비빔밥 익산원광대병원점,본그룹,백반·죽·국수,전북특별자치도,익산시,0.3855421686746988,Watch,43.34,43.34,Backlog,growth_alpha_direction_risk,stability,growth_alpha,0.3855421686746988,6,61.25834634950553,1.1654740082230637,50.0,35.4575,87.86636640356346,50.0,calibrated_model_probability,composite_is_explanation_index_not_predictive_rank
352,ba_10019807,2025-09,굽네치킨 부산덕천점,굽네치킨,치킨,부산광역시,북구,0.3855421686746988,Watch,43.21,43.21,Backlog,stability_risk,model_probability,operation,0.3855421686746988,6,64.67958733393489,37.77777605342413,36.00478947368421,17.5,30.983235685611376,50.0,calibrated_model_probability,composite_is_explanation_index_not_predictive_rank
353,ba_13326281,2025-09,본죽 만리점,본그룹,백반·죽·국수,서울특별시,중구,0.3855421686746988,Watch,42.94,42.94,Backlog,growth_alpha_direction_risk,stability,growth_alpha,0.3855421686746988,6,57.694479147925016,1.1654740082230637,21.05263157894737,50.0,97.8744645362415,60.99519907979736,calibrated_model_probability,composite_is_explanation_index_not_predictive_rank
354,ba_13226580,2025-09,본죽 등촌역점,본그룹,백반·죽·국수,서울특별시,양천구,0.3855421686746988,Watch,42.93,42.93,Backlog,none,stability,review_growth,0.3855421686746988,6,52.38927700427709,26.537054515619424,0.0,50.0,95.71468157606483,50.89676487338252,calibrated_model_probability,composite_is_explanation_index_not_predictive_rank
355,ba_14473511,2025-09,본죽&비빔밥카페 김해가야대역점,본그룹,백반·죽·국수,경상남도,김해시,0.3855421686746988,Watch,42.49,42.49,Backlog,none,stability,operation,0.3855421686746988,6,52.35902886083035,33.750038174418656,23.976605263157897,17.5,95.0376958219089,50.0,calibrated_model_probability,composite_is_explanation_index_not_predictive_rank
356,ba_14798893,2025-09,본죽&비빔밥 남양주퇴계원점,본그룹,백반·죽·국수,경기도,남양주시,0.3855421686746988,Watch,42.4,42.4,Backlog,growth_alpha_direction_risk,stability,growth_alpha,0.3855421686746988,6,63.140854132700966,1.1654740082230637,50.0,17.5,98.7995551092434,50.0,calibrated_model_probability,composite_is_explanation_index_not_predictive_rank
357,ba_14327485,2025-09,굽네치킨&피자 장곡장현점,굽네치킨,치킨,경기도,시흥시,0.3855421686746988,Watch,42.15,42.15,Backlog,none,stability,operation,0.3855421686746988,6,55.86828765096633,38.08461246965238,21.549157894736844,7.221500000000001,87.58399773104901,50.0,calibrated_model_probability,composite_is_explanation_index_not_predictive_rank
358,ba_14688702,2025-09,본죽&비빔밥 부천춘의점,본그룹,백반·죽·국수,경기도,부천시,0.3855421686746988,Watch,42.01,42.01,Backlog,growth_alpha_direction_risk,stability,growth_alpha,0.3855421686746988,6,69.58824459323009,4.269310588566675,39.47368421052632,17.5,80.40522886750603,50.0,calibrated_model_probability,composite_is_explanation_index_not_predictive_rank
359,ba_14690672,2025-09,본죽&비빔밥 김해율하점,본그룹,백반·죽·국수,경상남도,김해시,0.3855421686746988,Watch,41.96,41.96,Backlog,growth_alpha_direction_risk,stability,growth_alpha,0.3855421686746988,6,55.52768127138377,1.5065634781415382,23.07692105263158,61.78505627931481,94.24176928789106,50.0,calibrated_model_probability,composite_is_explanation_index_not_predictive_rank
360,ba_14733665,2025-09,굽네치킨 수원조원점,굽네치킨,치킨,경기도,수원시,0.3855421686746988,Watch,41.35,41.35,Backlog,none,stability,operation,0.3855421686746988,6,52.36968410786644,34.99724839344588,18.36734210526316,17.5,88.86803687035939,50.0,calibrated_model_probability,composite_is_explanation_index_not_predictive_rank
361,ba_14687497,2025-09,본죽 대림점,본그룹,백반·죽·국수,서울특별시,동작구,0.3855421686746988,Watch,41.28,41.28,Backlog,none,stability,review_growth,0.3855421686746988,6,51.83236068146926,26.592768382236592,10.818710526315792,17.5,94.54032320763773,66.41797581589952,calibrated_model_probability,composite_is_explanation_index_not_predictive_rank
362,ba_14692460,2025-09,본죽 안양샘병원점,본그룹,백반·죽·국수,경기도,안양시,0.3855421686746988,Watch,41.06,41.06,Backlog,none,stability,review_growth,0.3855421686746988,6,63.124659916467294,26.539138520180515,4.605263157894738,17.5,90.17800830999084,50.0,calibrated_model_probability,composite_is_explanation_index_not_predictive_rank
363,ba_13313909,2025-09,굽네치킨 논현고잔1호점,굽네치킨,치킨,인천광역시,남동구,0.3855421686746988,Watch,40.94,40.94,Backlog,stability_risk,model_probability,operation,0.3855421686746988,6,64.60117884626709,29.403425427305464,39.02439473684211,15.707708509379025,27.66933209117896,50.0,calibrated_model_probability,composite_is_explanation_index_not_predictive_rank
364,ba_14744706,2025-09,본죽&비빔밥 세종시청점,본그룹,백반·죽·국수,세종특별자치시,한누리대로,0.3855421686746988,Watch,40.87,40.87,Backlog,none,stability,review_growth,0.3855421686746988,6,55.91293342782237,33.96941290986509,17.293236842105266,17.5,75.92738176693379,50.0,calibrated_model_probability,composite_is_explanation_index_not_predictive_rank
365,ba_10040590,2025-09,굽네치킨 삼숭고읍점,굽네치킨,치킨,경기도,양주시,0.3855421686746988,Watch,40.47,40.47,Backlog,growth_alpha_direction_risk;stability_risk,model_probability,growth_alpha,0.3855421686746988,6,54.224835074017065,20.444045946314606,50.0,42.06150000000001,25.7339891906952,50.0,calibrated_model_probability,composite_is_explanation_index_not_predictive_rank
366,ba_13233433,2025-09,본죽 대명안지랑점,본그룹,백반·죽·국수,대구광역시,남구,0.3855421686746988,Watch,40.29,40.29,Backlog,none,stability,review_growth,0.3855421686746988,6,51.07880406334535,37.56363349964171,6.015026315789476,17.5,94.99234570203188,50.0,calibrated_model_probability,composite_is_explanation_index_not_predictive_rank
367,ba_14690056,2025-09,본죽&비빔밥cafe 용인동백역점,본그룹,백반·죽·국수,경기도,용인시,0.3855421686746988,Watch,39.65,39.65,Backlog,low_explanation_index;growth_alpha_direction_risk,stability,growth_alpha,0.3855421686746988,6,69.65924527749485,1.5349857531129707,23.2456052631579,17.5,87.75217567637499,50.0,calibrated_model_probability,composite_is_explanation_index_not_predictive_rank
368,ba_13062668,2025-09,굽네치킨 포항흥해점,굽네치킨,치킨,경상북도,포항시,0.3855421686746988,Watch,37.96,37.96,Backlog,low_explanation_index;stability_risk,model_probability,operation,0.3855421686746988,6,58.469070434237146,28.5758539139407,26.994894736842102,17.5,36.75058369474834,50.0,calibrated_model_probability,composite_is_explanation_index_not_predictive_rank
369,ba_13233454,2025-09,본죽 서산읍내동점,본그룹,백반·죽·국수,충청남도,서산시,0.3855421686746988,Watch,36.32,36.32,Backlog,low_explanation_index;growth_alpha_direction_risk,stability,review_growth,0.3855421686746988,6,55.30049388859655,16.734451316794356,6.015026315789476,17.5,92.505235399622,50.0,calibrated_model_probability,composite_is_explanation_index_not_predictive_rank
370,ba_14580787,2025-09,본죽&비빔밥 광주운암벽산점,본그룹,백반·죽·국수,광주광역시,북구,0.3855421686746988,Watch,35.16,35.16,Backlog,low_explanation_index;growth_alpha_direction_risk,stability,growth_alpha,0.3855421686746988,6,59.21212992455602,0.278663556696316,15.789473684210527,17.5,93.71910022796476,50.0,calibrated_model_probability,composite_is_explanation_index_not_predictive_rank
371,ba_14688075,2025-09,본죽 일산탄현점,본그룹,백반·죽·국수,경기도,고양시,0.3855421686746988,Watch,34.33,34.33,Backlog,low_explanation_index;growth_alpha_direction_risk,stability,growth_alpha,0.3855421686746988,6,65.28562725985417,0.0,2.25563157894737,17.5,85.12694962224737,50.0,calibrated_model_probability,composite_is_explanation_index_not_predictive_rank
372,ba_13233594,2025-09,본죽 대구진천역점,본그룹,백반·죽·국수,대구광역시,달서구,0.3855421686746988,Watch,33.8,33.8,Backlog,low_explanation_index;growth_alpha_direction_risk,stability,review_growth,0.3855421686746988,6,55.4551898184037,10.316116333346953,3.508763157894738,17.5,86.58201337017569,50.0,calibrated_model_probability,composite_is_explanation_index_not_predictive_rank
373,ba_14563145,2025-09,굽네치킨 경주불국사점,굽네치킨,치킨,경상북도,경주시,0.3855421686746988,Watch,33.47,33.47,Backlog,low_explanation_index;stability_risk,model_probability,operation,0.3855421686746988,6,53.78397200870163,25.21036390987412,20.42605263157895,17.5,26.494384436038075,50.0,calibrated_model_probability,composite_is_explanation_index_not_predictive_rank
374,ba_13223141,2025-09,본죽 일산탄현점,본그룹,백반·죽·국수,경기도,고양시,0.3855421686746988,Watch,32.07,32.07,Backlog,low_explanation_index;growth_alpha_direction_risk,stability,growth_alpha,0.3855421686746988,6,54.52109287566652,0.0,3.508763157894738,17.5,98.39153905775176,50.0,calibrated_model_probability,composite_is_explanation_index_not_predictive_rank
375,ba_13230502,2025-09,본죽 화성봉담점,본그룹,백반·죽·국수,경기도,화성시,0.3855421686746988,Watch,31.97,31.97,Backlog,low_explanation_index;growth_alpha_direction_risk,stability,growth_alpha,0.3855421686746988,6,51.222684075854,0.0,10.526315789473683,17.5,98.39153905775176,50.0,calibrated_model_probability,composite_is_explanation_index_not_predictive_rank
376,ba_14462203,2025-09,본죽&비빔밥 동대구시장점,본그룹,백반·죽·국수,대구광역시,동구,0.3775100401606425,Watch,87.62,87.62,Backlog,none,review_growth,market_fit,0.3775100401606425,5,77.12780726172393,87.32797747856178,100.0,98.9488061963524,89.48882469324059,50.0,calibrated_model_probability,composite_is_explanation_index_not_predictive_rank
377,ba_14758255,2025-09,굽네치킨&피자 대구송현점,굽네치킨,치킨,대구광역시,달서구,0.3775100401606425,Watch,86.02,86.02,Backlog,none,growth_alpha,market_fit,0.3775100401606425,5,73.09321606808226,100.0,100.0,91.94374121196984,66.48066239645664,50.0,calibrated_model_probability,composite_is_explanation_index_not_predictive_rank
378,ba_13235500,2025-09,본죽 의정부회룡역점,본그룹,백반·죽·국수,경기도,의정부시,0.3775100401606425,Watch,84.66,84.66,Backlog,none,growth_alpha,review_growth,0.3775100401606425,5,78.38378391651437,100.0,50.0,100.0,97.24284648197316,50.0,calibrated_model_probability,composite_is_explanation_index_not_predictive_rank
379,ba_14356032,2025-09,본죽&비빔밥 양평용문점,본그룹,백반·죽·국수,경기도,양평군,0.3775100401606425,Watch,83.71,83.71,Backlog,none,operation,market_fit,0.3775100401606425,5,71.05935628702099,84.93135006304946,86.8421052631579,99.95312195305524,95.85723759760748,50.0,calibrated_model_probability,composite_is_explanation_index_not_predictive_rank
380,ba_14448826,2025-09,본죽&비빔밥 인천검단신도시점,본그룹,백반·죽·국수,인천광역시,서구,0.3775100401606425,Watch,80.01,80.01,Backlog,none,operation,market_fit,0.3775100401606425,5,77.83687161214641,88.23476333550917,53.21636842105264,92.31822675940212,88.78756960935021,50.0,calibrated_model_probability,composite_is_explanation_index_not_predictive_rank
381,ba_14702996,2025-09,본죽&비빔밥 사당연세사랑병원점,본그룹,백반·죽·국수,서울특별시,서초구,0.3775100401606425,Watch,78.86,78.86,Backlog,none,operation,review_growth,0.3775100401606425,5,70.91169688262197,82.40584691866901,56.14034210526317,99.04789070170816,97.31992092703328,82.68273031255833,calibrated_model_probability,composite_is_explanation_index_not_predictive_rank
382,ba_13539851,2025-09,굽네치킨 소답점,굽네치킨,치킨,경상남도,창원시,0.3775100401606425,Watch,77.08,77.08,Backlog,none,review_growth,market_fit,0.3775100401606425,5,71.27778445325829,66.50604497115566,100.0,85.50384590370885,76.7683948962206,50.0,calibrated_model_probability,composite_is_explanation_index_not_predictive_rank
383,ba_14739746,2025-09,굽네피자 감정점,굽네치킨,피자,경기도,김포시,0.3775100401606425,Watch,76.96,76.96,Backlog,none,review_growth,market_fit,0.3775100401606425,5,74.21843576540806,51.50360651954223,100.0,92.52657363471216,92.26172365172611,50.0,calibrated_model_probability,composite_is_explanation_index_not_predictive_rank
384,ba_13223329,2025-09,본죽&비빔밥 양주덕정점,본그룹,백반·죽·국수,경기도,양주시,0.3775100401606425,Watch,76.66,76.66,Backlog,none,operation,review_growth,0.3775100401606425,5,70.46619467006619,97.16669603302527,21.05263157894737,98.6521513782026,97.46461482364856,50.0,calibrated_model_probability,composite_is_explanation_index_not_predictive_rank
385,ba_14691401,2025-09,본죽&비빔밥 대구대학교점,본그룹,백반·죽·국수,경상북도,경산시,0.3775100401606425,Watch,75.33,75.33,Backlog,none,review_growth,growth_alpha,0.3775100401606425,5,71.37110240997781,45.738806498347465,100.0,97.692139267399,92.58821442747772,50.0,calibrated_model_probability,composite_is_explanation_index_not_predictive_rank
386,ba_14699201,2025-09,본죽 전농동점,본그룹,백반·죽·국수,서울특별시,동대문구,0.3775100401606425,Watch,74.97,74.97,Backlog,none,growth_alpha,review_growth,0.3775100401606425,5,72.73539500507121,100.0,50.292394736842105,64.45184929233906,85.25267647827332,63.9948098905534,calibrated_model_probability,composite_is_explanation_index_not_predictive_rank
387,ba_14457403,2025-09,본죽&비빔밥 부산연제점,본그룹,백반·죽·국수,부산광역시,연제구,0.3775100401606425,Watch,73.97,73.97,Backlog,none,growth_alpha,review_growth,0.3775100401606425,5,74.01540487720084,100.0,0.0,97.69183991844024,84.15619519476292,50.0,calibrated_model_probability,composite_is_explanation_index_not_predictive_rank
388,ba_14691044,2025-09,본죽&비빔밥 대구대곡역점,본그룹,백반·죽·국수,대구광역시,달성군,0.3775100401606425,Watch,73.82,73.82,Backlog,none,review_growth,operation,0.3775100401606425,5,72.30526347017695,90.99609154921184,100.0,17.5,81.35196109740455,50.0,calibrated_model_probability,composite_is_explanation_index_not_predictive_rank
389,ba_13234089,2025-09,본죽 세종고운점,본그룹,백반·죽·국수,세종특별자치시,마음로,0.3775100401606425,Watch,70.77,70.77,Backlog,none,growth_alpha,operation,0.3775100401606425,5,74.46671436831008,100.0,50.0,17.5,95.79381803410968,50.0,calibrated_model_probability,composite_is_explanation_index_not_predictive_rank
390,ba_10776500,2025-09,굽네치킨 가양점,굽네치킨,치킨,서울특별시,강서구,0.3775100401606425,Watch,70.65,70.65,Backlog,none,review_growth,growth_alpha,0.3775100401606425,5,72.64981817844597,55.24448338774008,100.0,65.73804551130512,58.34426830380277,77.12645914396887,calibrated_model_probability,composite_is_explanation_index_not_predictive_rank
391,ba_10476209,2025-09,굽네치킨 경남사천점,굽네치킨,치킨,경상남도,사천시,0.3775100401606425,Watch,70.46,70.46,Backlog,stability_risk,review_growth,stability,0.3775100401606425,5,78.28879691108556,60.609664449215614,100.0,66.90628196619238,28.74369172872277,50.0,calibrated_model_probability,composite_is_explanation_index_not_predictive_rank
392,ba_14251741,2025-09,굽네치킨 태전점,굽네치킨,치킨,대구광역시,북구,0.3775100401606425,Watch,69.43,69.43,Backlog,none,growth_alpha,review_growth,0.3775100401606425,5,75.25510845162829,100.0,15.553815789473685,72.14298782932661,49.405668147365816,50.0,calibrated_model_probability,composite_is_explanation_index_not_predictive_rank
393,ba_14690565,2025-09,본죽 창원중앙동점,본그룹,백반·죽·국수,경상남도,창원시,0.3775100401606425,Watch,69.4,69.4,Backlog,none,growth_alpha,review_growth,0.3775100401606425,5,75.4350703629324,99.79469229534092,18.128657894736847,43.125,88.57849098344789,50.0,calibrated_model_probability,composite_is_explanation_index_not_predictive_rank
394,ba_13230921,2025-09,본죽&비빔밥 문래홈플러스점,본그룹,백반·죽·국수,서울특별시,영등포구,0.3775100401606425,Watch,68.99,68.99,Backlog,none,stability,growth_alpha,0.3775100401606425,5,77.27914059750707,34.42554386560787,56.14034210526317,95.83348158234148,96.81966593006568,76.71863581178002,calibrated_model_probability,composite_is_explanation_index_not_predictive_rank
395,ba_10627648,2025-09,굽네치킨 상주냉림무양점,굽네치킨,치킨,경상북도,상주시,0.3775100401606425,Watch,68.31,68.31,Backlog,none,operation,growth_alpha,0.3775100401606425,5,75.76359131938901,46.01356254649174,76.60818421052632,83.46149421486754,62.78613300643052,50.0,calibrated_model_probability,composite_is_explanation_index_not_predictive_rank
396,ba_14796835,2025-09,굽네치킨 모라점,굽네치킨,치킨,부산광역시,사상구,0.3775100401606425,Watch,67.58,67.58,Backlog,none,operation,growth_alpha,0.3775100401606425,5,73.38944672705166,38.00094190355083,50.0,100.0,98.95483290234384,50.0,calibrated_model_probability,composite_is_explanation_index_not_predictive_rank
397,ba_14691088,2025-09,본죽&비빔밥 경산터미널점,본그룹,백반·죽·국수,경상북도,경산시,0.3775100401606425,Watch,67.54,67.54,Backlog,none,operation,review_growth,0.3775100401606425,5,75.83643110679314,55.12915368851903,21.05263157894737,98.32586101313372,93.05831103561997,50.0,calibrated_model_probability,composite_is_explanation_index_not_predictive_rank
398,ba_14332093,2025-09,굽네피자 금당왕지점,굽네치킨,피자,전라남도,순천시,0.3775100401606425,Watch,67.46,67.46,Backlog,none,stability,review_growth,0.3775100401606425,5,71.93466658633515,53.31059366583442,47.36842105263158,85.80768625492215,89.75262396065862,50.0,calibrated_model_probability,composite_is_explanation_index_not_predictive_rank
399,ba_14772060,2025-09,굽네치킨&피자 천호1동점,굽네치킨,치킨,서울특별시,강동구,0.3775100401606425,Watch,67.44,67.44,Backlog,none,operation,growth_alpha,0.3775100401606425,5,76.73746372379578,38.00094190355083,50.0,100.0,69.38695903012095,82.18607562158039,calibrated_model_probability,composite_is_explanation_index_not_predictive_rank
400,ba_14687322,2025-09,본죽&비빔밥 구의시장점,본그룹,백반·죽·국수,서울특별시,광진구,0.3775100401606425,Watch,67.36,67.36,Backlog,none,operation,review_growth,0.3775100401606425,5,78.34096573451549,55.52524757669346,21.05263157894737,95.18928262304952,91.0332997070618,63.03001419519427,calibrated_model_probability,composite_is_explanation_index_not_predictive_rank
401,ba_14688196,2025-09,본죽 홍제점,본그룹,백반·죽·국수,서울특별시,서대문구,0.3775100401606425,Watch,67.35,67.35,Backlog,none,growth_alpha,review_growth,0.3775100401606425,5,70.58114121461873,100.0,7.894736842105264,51.16001570299109,84.32987003610597,70.5851484138634,calibrated_model_probability,composite_is_explanation_index_not_predictive_rank
402,ba_14797390,2025-09,굽네치킨 수원연무점,굽네치킨,치킨,경기도,수원시,0.3775100401606425,Watch,66.65,66.65,Backlog,none,operation,growth_alpha,0.3775100401606425,5,72.33764098391029,38.00094190355083,50.0,100.0,93.32897090822448,50.0,calibrated_model_probability,composite_is_explanation_index_not_predictive_rank
403,ba_14691859,2025-09,본죽&비빔밥 울산오토밸리점,본그룹,백반·죽·국수,울산광역시,북구,0.3775100401606425,Watch,66.46,66.46,Backlog,none,operation,review_growth,0.3775100401606425,5,78.27673339333894,45.192065684719935,26.592789473684213,97.41404408469351,91.64549131973804,50.0,calibrated_model_probability,composite_is_explanation_index_not_predictive_rank
404,ba_14694670,2025-09,본죽&비빔밥 충무로역점,본그룹,백반·죽·국수,서울특별시,중구,0.3775100401606425,Watch,66.34,66.34,Backlog,none,stability,review_growth,0.3775100401606425,5,76.62298653204193,78.61748135079189,27.31828947368421,45.81735945309801,84.52573677071993,70.30389991412393,calibrated_model_probability,composite_is_explanation_index_not_predictive_rank
405,ba_13787561,2025-09,본죽&비빔밥 평택시청점,본그룹,백반·죽·국수,경기도,평택시,0.3775100401606425,Watch,65.72,65.72,Backlog,none,operation,growth_alpha,0.3775100401606425,5,74.62617947788236,31.42271499569316,55.59210526315789,99.88816322900024,84.27010438545813,50.0,calibrated_model_probability,composite_is_explanation_index_not_predictive_rank
406,ba_14692985,2025-09,본죽&비빔밥 천안청당점,본그룹,백반·죽·국수,충청남도,천안시,0.3775100401606425,Watch,65.72,65.72,Backlog,none,stability,operation,0.3775100401606425,5,71.2670662558517,74.06415308742783,73.68421052631578,17.5,85.83598396970359,50.0,calibrated_model_probability,composite_is_explanation_index_not_predictive_rank
407,ba_13223711,2025-09,본죽&비빔밥 중앙대점,본그룹,백반·죽·국수,서울특별시,동작구,0.3775100401606425,Watch,65.36,65.36,Backlog,none,operation,review_growth,0.3775100401606425,5,78.25110833120638,41.87776681396774,21.05263157894737,99.99982039062472,97.84091459891526,61.40307712698416,calibrated_model_probability,composite_is_explanation_index_not_predictive_rank
408,ba_14688570,2025-09,본죽 용인상갈점,본그룹,백반·죽·국수,경기도,용인시,0.3775100401606425,Watch,64.3,64.3,Backlog,none,operation,review_growth,0.3775100401606425,5,75.80197560759179,45.60429952311215,14.979763157894736,98.91019018066991,92.84117965224256,50.0,calibrated_model_probability,composite_is_explanation_index_not_predictive_rank
409,ba_13730162,2025-09,본죽&비빔밥 경산진량점,본그룹,백반·죽·국수,경상북도,경산시,0.3775100401606425,Watch,64.09,64.09,Backlog,none,operation,review_growth,0.3775100401606425,5,76.13214902268453,42.28920252295357,21.05263157894737,98.96527038908522,88.67715717575587,50.0,calibrated_model_probability,composite_is_explanation_index_not_predictive_rank
410,ba_14782170,2025-09,굽네치킨 수산점,굽네치킨,치킨,경상남도,밀양시,0.3775100401606425,Watch,64.06,64.06,Backlog,none,operation,growth_alpha,0.3775100401606425,5,72.37211838971889,38.00094190355083,50.0,96.82761947444588,72.0298546352521,50.0,calibrated_model_probability,composite_is_explanation_index_not_predictive_rank
411,ba_13224802,2025-09,본죽&비빔밥 안양박달점,본그룹,백반·죽·국수,경기도,안양시,0.3775100401606425,Watch,64.03,64.03,Backlog,none,operation,growth_alpha,0.3775100401606425,5,77.954298354947,30.90428560573062,32.33081578947369,99.6642502078337,92.22846006433257,50.0,calibrated_model_probability,composite_is_explanation_index_not_predictive_rank
412,ba_14694577,2025-09,본죽&비빔밥 대구동성로중앙점,본그룹,백반·죽·국수,대구광역시,중구,0.3775100401606425,Watch,64.03,64.03,Backlog,none,operation,review_growth,0.3775100401606425,5,74.56168182589334,42.99426117243991,21.05263157894737,97.55324135052564,93.98660927546672,50.0,calibrated_model_probability,composite_is_explanation_index_not_predictive_rank
413,ba_14691791,2025-09,본죽 부산숙등역부민병원점,본그룹,백반·죽·국수,부산광역시,북구,0.3775100401606425,Watch,62.98,62.98,Backlog,none,growth_alpha,review_growth,0.3775100401606425,5,71.67415931757353,100.0,13.255368421052632,17.5,82.84115827574328,50.0,calibrated_model_probability,composite_is_explanation_index_not_predictive_rank
414,ba_13769748,2025-09,굽네치킨 괴산점,굽네치킨,치킨,충청북도,괴산군,0.3775100401606425,Watch,62.62,62.62,Backlog,none,operation,review_growth,0.3775100401606425,5,71.85104119706072,35.551105860946905,32.74852631578948,99.3044327593816,87.77837750875963,50.0,calibrated_model_probability,composite_is_explanation_index_not_predictive_rank
415,ba_14689441,2025-09,본죽&비빔밥 이천마장점,본그룹,백반·죽·국수,경기도,이천시,0.3775100401606425,Watch,62.61,62.61,Backlog,none,stability,operation,0.3775100401606425,5,75.4950927604263,67.9786380664384,54.38597368421052,17.5,84.13073644170947,50.0,calibrated_model_probability,composite_is_explanation_index_not_predictive_rank
416,ba_14691273,2025-09,본죽&비빔밥 대구성서용산시장점,본그룹,백반·죽·국수,대구광역시,달서구,0.3775100401606425,Watch,62.44,62.44,Backlog,none,stability,review_growth,0.3775100401606425,5,77.15281433656992,37.778884566488536,15.789473684210527,94.31248952278644,94.77044522656094,50.0,calibrated_model_probability,composite_is_explanation_index_not_predictive_rank
417,ba_14747382,2025-09,굽네치킨&피자 양주광적점,굽네치킨,치킨,경기도,양주시,0.3775100401606425,Watch,62.43,62.43,Backlog,none,operation,growth_alpha,0.3775100401606425,5,72.7016166796714,38.16008003907731,47.36842105263158,96.6590860106534,58.37864871211302,50.0,calibrated_model_probability,composite_is_explanation_index_not_predictive_rank
418,ba_14616721,2025-09,본죽&비빔밥 울산오토밸리점,본그룹,백반·죽·국수,울산광역시,북구,0.3775100401606425,Watch,62.16,62.16,Backlog,none,operation,review_growth,0.3775100401606425,5,71.82208266467724,38.20085114958625,21.05263157894737,98.97455020680736,94.63630258621193,50.0,calibrated_model_probability,composite_is_explanation_index_not_predictive_rank
419,ba_13232110,2025-09,본죽&비빔밥 부산토곡점,본그룹,백반·죽·국수,부산광역시,연제구,0.3775100401606425,Watch,61.95,61.95,Backlog,none,stability,review_growth,0.3775100401606425,5,76.46190804435827,47.74528165571059,5.817184210526317,87.65107714308195,92.27488122017353,50.0,calibrated_model_probability,composite_is_explanation_index_not_predictive_rank
420,ba_14721018,2025-09,굽네치킨&피자 대구서재점,굽네치킨,치킨,대구광역시,달성군,0.3775100401606425,Watch,61.84,61.84,Backlog,none,operation,review_growth,0.3775100401606425,5,77.77464099598632,34.580780035147626,29.42584210526316,92.95015241138417,76.12405020753866,50.0,calibrated_model_probability,composite_is_explanation_index_not_predictive_rank
421,ba_14464913,2025-09,굽네치킨 부산구서점,굽네치킨,치킨,부산광역시,금정구,0.3775100401606425,Watch,61.74,61.74,Backlog,stability_risk,operation,stability,0.3775100401606425,5,72.6568673834338,55.42086998654876,56.18057894736842,93.48987858406232,0.0,50.0,calibrated_model_probability,composite_is_explanation_index_not_predictive_rank
422,ba_14773140,2025-09,굽네치킨 효자중화산1호점,굽네치킨,치킨,전북특별자치도,전주시,0.3775100401606425,Watch,61.64,61.64,Backlog,stability_risk,operation,growth_alpha,0.3775100401606425,5,74.39391217095404,38.00094190355083,50.0,97.68285944967688,39.51686376753895,50.0,calibrated_model_probability,composite_is_explanation_index_not_predictive_rank
423,ba_14795104,2025-09,굽네치킨 독산스타점,굽네치킨,치킨,서울특별시,금천구,0.3775100401606425,Watch,61.62,61.62,Backlog,stability_risk,operation,stability,0.3775100401606425,5,76.68987575316837,38.00094190355083,50.0,91.87638769624462,28.94444137991054,71.50969634155197,calibrated_model_probability,composite_is_explanation_index_not_predictive_rank
424,ba_14336642,2025-09,굽네치킨&피자 상대원점,굽네치킨,치킨,경기도,성남시,0.3775100401606425,Watch,61.61,61.61,Backlog,none,operation,review_growth,0.3775100401606425,5,77.02713670347798,43.40452185757747,32.280710526315794,87.76271217341029,57.90519726472462,50.0,calibrated_model_probability,composite_is_explanation_index_not_predictive_rank
425,ba_14694145,2025-09,본죽&비빔밥 합정역점,본그룹,백반·죽·국수,서울특별시,마포구,0.3775100401606425,Watch,61.53,61.53,Backlog,none,stability,review_growth,0.3775100401606425,5,76.8987827165997,63.115391720527015,22.600631578947368,38.614,80.50790848328232,75.95615755825281,calibrated_model_probability,composite_is_explanation_index_not_predictive_rank
426,ba_13928548,2025-09,굽네치킨&피자 성남용전점,굽네치킨,치킨,대전광역시,동구,0.3775100401606425,Watch,61.25,61.25,Backlog,none,operation,review_growth,0.3775100401606425,5,72.77584386237804,35.927933792061914,30.92105263157895,96.94795775587494,76.20642066379514,50.0,calibrated_model_probability,composite_is_explanation_index_not_predictive_rank
427,ba_14775877,2025-09,굽네치킨&피자 세종아름점,굽네치킨,치킨,세종특별자치시,세종로,0.3775100401606425,Watch,61.19,61.19,Backlog,none,operation,growth_alpha,0.3775100401606425,5,74.30932183130982,38.00094190355083,50.0,84.78545930906839,54.61180035828991,50.0,calibrated_model_probability,composite_is_explanation_index_not_predictive_rank
428,ba_14248059,2025-09,굽네치킨 은행선화점,굽네치킨,치킨,대전광역시,중구,0.3775100401606425,Watch,60.75,60.75,Backlog,none,operation,review_growth,0.3775100401606425,5,78.36316633618046,35.014075621763595,21.05263157894737,92.66523549354946,75.07682328766037,50.0,calibrated_model_probability,composite_is_explanation_index_not_predictive_rank
429,ba_10705443,2025-09,굽네치킨 거제연초점,굽네치킨,치킨,경상남도,거제시,0.3775100401606425,Watch,60.5,60.5,Backlog,none,stability,review_growth,0.3775100401606425,5,75.1328298005308,44.35185712242092,21.05263157894737,72.98109407596964,90.13740231212172,50.0,calibrated_model_probability,composite_is_explanation_index_not_predictive_rank
430,ba_13379446,2025-09,굽네치킨&피자 평내점,굽네치킨,치킨,경기도,남양주시,0.3775100401606425,Watch,60.45,60.45,Backlog,none,model_probability,review_growth,0.3775100401606425,5,73.55723517285918,44.79266842761358,37.62184210526316,72.95455202513847,69.18985052652243,50.0,calibrated_model_probability,composite_is_explanation_index_not_predictive_rank
431,ba_10580903,2025-09,굽네치킨 길음1동점,굽네치킨,치킨,서울특별시,성북구,0.3775100401606425,Watch,60.39,60.39,Backlog,stability_risk,operation,stability,0.3775100401606425,5,76.973596885595,41.77505199341965,43.45165789473685,96.04302585348664,0.0,79.13952252682817,calibrated_model_probability,composite_is_explanation_index_not_predictive_rank
432,ba_13492399,2025-09,본죽&비빔밥 등촌공항대로점,본그룹,백반·죽·국수,서울특별시,강서구,0.3775100401606425,Watch,60.36,60.36,Backlog,none,operation,review_growth,0.3775100401606425,5,78.01820075312983,27.669688824309382,12.828947368421051,95.57424538403905,93.68991770794476,64.87540550584,calibrated_model_probability,composite_is_explanation_index_not_predictive_rank
433,ba_14744329,2025-09,본죽&비빔밥 송파헬리오시티점,본그룹,백반·죽·국수,서울특별시,송파구,0.3775100401606425,Watch,60.25,60.25,Backlog,none,stability,review_growth,0.3775100401606425,5,78.14711709274226,41.25841839462146,36.09023684210527,52.232829242801074,91.60513133429812,61.84841436266798,calibrated_model_probability,composite_is_explanation_index_not_predictive_rank
434,ba_14528412,2025-09,굽네피자 봉동점,굽네치킨,피자,전북특별자치도,완주군,0.3775100401606425,Watch,60.0,60.0,Backlog,none,operation,review_growth,0.3775100401606425,5,70.62684598027215,33.860224373020856,21.05263157894737,94.64386882015457,94.59129476009372,50.0,calibrated_model_probability,composite_is_explanation_index_not_predictive_rank
435,ba_14689409,2025-09,본죽&비빔밥 수원권선롯데마트점,본그룹,백반·죽·국수,경기도,수원시,0.3775100401606425,Watch,59.96,59.96,Backlog,none,stability,operation,0.3775100401606425,5,72.83863224616904,79.65584770848457,22.600631578947368,17.5,85.35621945720004,50.0,calibrated_model_probability,composite_is_explanation_index_not_predictive_rank
436,ba_14458025,2025-09,굽네치킨 울산공업탑점,굽네치킨,치킨,울산광역시,남구,0.3775100401606425,Watch,59.88,59.88,Backlog,stability_risk,operation,stability,0.3775100401606425,5,77.28521726344646,39.44387118923,48.12028947368422,96.54462546484618,12.686662115560477,50.0,calibrated_model_probability,composite_is_explanation_index_not_predictive_rank
437,ba_14671974,2025-09,굽네피자 부산동삼점,굽네치킨,피자,부산광역시,영도구,0.3775100401606425,Watch,59.22,59.22,Backlog,none,stability,review_growth,0.3775100401606425,5,76.42153103186523,31.7874823046674,6.432736842105263,93.01092025001624,96.1028737392046,50.0,calibrated_model_probability,composite_is_explanation_index_not_predictive_rank
438,ba_14767892,2025-09,굽네치킨&피자 둔촌시장점,굽네치킨,치킨,서울특별시,강동구,0.3775100401606425,Watch,59.21,59.21,Backlog,stability_risk,operation,stability,0.3775100401606425,5,75.9596234248925,38.00094190355083,50.0,90.43602676350748,0.0,77.75297073481043,calibrated_model_probability,composite_is_explanation_index_not_predictive_rank
439,ba_14673431,2025-09,굽네치킨 부산온천점,굽네치킨,치킨,부산광역시,동래구,0.3775100401606425,Watch,59.08,59.08,Backlog,none,stability,review_growth,0.3775100401606425,5,73.65729982753858,37.28606182831384,32.74852631578948,70.72856399909682,84.52876756235167,50.0,calibrated_model_probability,composite_is_explanation_index_not_predictive_rank
440,ba_14270904,2025-09,굽네치킨 원미점,굽네치킨,치킨,경기도,부천시,0.3775100401606425,Watch,59.02,59.02,Backlog,none,operation,review_growth,0.3775100401606425,5,75.42463842143772,32.87812613847756,24.92260526315789,96.41272181757846,62.06189403680872,50.0,calibrated_model_probability,composite_is_explanation_index_not_predictive_rank
441,ba_14740022,2025-09,굽네치킨 신봉점,굽네치킨,치킨,경기도,용인시,0.3775100401606425,Watch,58.71,58.71,Backlog,none,stability,review_growth,0.3775100401606425,5,73.78184905062274,37.0747570679763,31.57894736842105,75.04449642491815,76.2466219259004,50.0,calibrated_model_probability,composite_is_explanation_index_not_predictive_rank
442,ba_14625157,2025-09,굽네치킨 금촌점,굽네치킨,치킨,경기도,파주시,0.3775100401606425,Watch,58.54,58.54,Backlog,none,operation,review_growth,0.3775100401606425,5,73.50695147280919,34.17475386991611,33.114026315789474,91.71773274809186,55.45400692863963,50.0,calibrated_model_probability,composite_is_explanation_index_not_predictive_rank
443,ba_14700905,2025-09,본죽&비빔밥 호탄점,본그룹,백반·죽·국수,경상남도,진주시,0.3775100401606425,Watch,58.25,58.25,Backlog,growth_alpha_direction_risk,operation,growth_alpha,0.3775100401606425,5,78.01503070506051,4.712715814330049,42.10526315789474,95.39553405564811,91.45209590708032,50.0,calibrated_model_probability,composite_is_explanation_index_not_predictive_rank
444,ba_14760741,2025-09,본죽&비빔밥 용인신갈점,본그룹,백반·죽·국수,경기도,용인시,0.3775100401606425,Watch,58.08,58.08,Backlog,growth_alpha_direction_risk,operation,growth_alpha,0.3775100401606425,5,76.17293819304899,1.1654740082230637,50.0,95.0497860082586,93.75314662549344,50.0,calibrated_model_probability,composite_is_explanation_index_not_predictive_rank
445,ba_10638951,2025-09,굽네치킨 영천동부점,굽네치킨,치킨,경상북도,영천시,0.3775100401606425,Watch,58.03,58.03,Backlog,none,operation,review_growth,0.3775100401606425,5,77.76919962836811,30.417781392023045,17.39765789473684,94.70044577336375,63.87472276611351,50.0,calibrated_model_probability,composite_is_explanation_index_not_predictive_rank
446,ba_14440680,2025-09,굽네치킨&피자 면목점,굽네치킨,치킨,서울특별시,중랑구,0.3775100401606425,Watch,57.84,57.84,Backlog,stability_risk,operation,review_growth,0.3775100401606425,5,76.34471785208544,32.33242732713058,29.14978947368422,92.51668613689311,33.46769012108557,70.76894285768341,calibrated_model_probability,composite_is_explanation_index_not_predictive_rank
447,ba_14782607,2025-09,굽네치킨 경산중방점,굽네치킨,치킨,경상북도,경산시,0.3775100401606425,Watch,57.76,57.76,Backlog,stability_risk,operation,stability,0.3775100401606425,5,72.34934687095993,38.00094190355083,50.0,96.71715970865648,9.29561835288204,50.0,calibrated_model_probability,composite_is_explanation_index_not_predictive_rank
448,ba_14260093,2025-09,굽네치킨&피자 부평역점,굽네치킨,피자,인천광역시,부평구,0.3775100401606425,Watch,57.44,57.44,Backlog,none,stability,review_growth,0.3775100401606425,5,77.08275608179466,28.811390769866208,12.280710526315792,82.45497675854685,90.50662140979364,50.0,calibrated_model_probability,composite_is_explanation_index_not_predictive_rank
449,ba_14591780,2025-09,굽네치킨&피자 금산읍점,굽네치킨,치킨,충청남도,금산군,0.3775100401606425,Watch,57.43,57.43,Backlog,none,operation,review_growth,0.3775100401606425,5,71.70423717610245,31.934072072304765,20.63492105263158,97.40835645447672,66.42170759260858,50.0,calibrated_model_probability,composite_is_explanation_index_not_predictive_rank
450,ba_13233463,2025-09,본죽&비빔밥 대구북구청점,본그룹,백반·죽·국수,대구광역시,북구,0.3775100401606425,Watch,56.99,56.99,Backlog,growth_alpha_direction_risk,operation,review_growth,0.3775100401606425,5,71.50434490806624,23.722739377438003,12.280710526315792,97.12966257385366,96.16315828893572,50.0,calibrated_model_probability,composite_is_explanation_index_not_predictive_rank
451,ba_10604883,2025-09,굽네치킨 거제고현점,굽네치킨,치킨,경상남도,거제시,0.3775100401606425,Watch,56.95,56.95,Backlog,stability_risk,operation,stability,0.3775100401606425,5,72.92645213475129,40.46720610976929,46.181236842105264,86.87405475177985,13.542369466067557,50.0,calibrated_model_probability,composite_is_explanation_index_not_predictive_rank
452,ba_13768149,2025-09,굽네치킨 신탄진점,굽네치킨,치킨,대전광역시,대덕구,0.3775100401606425,Watch,56.42,56.42,Backlog,none,stability,growth_alpha,0.3775100401606425,5,74.80378587020195,28.50036417425449,40.789473684210535,55.47144381989798,86.73991031464877,50.0,calibrated_model_probability,composite_is_explanation_index_not_predictive_rank
453,ba_14740239,2025-09,굽네치킨 임실읍점,굽네치킨,치킨,전북특별자치도,임실군,0.3775100401606425,Watch,56.14,56.14,Backlog,none,operation,review_growth,0.3775100401606425,5,74.39312174704959,26.39192798522707,17.763157894736846,99.29335684790678,59.47494749739192,50.0,calibrated_model_probability,composite_is_explanation_index_not_predictive_rank
454,ba_14437626,2025-09,굽네치킨&피자 대구읍내점,굽네치킨,치킨,대구광역시,북구,0.3775100401606425,Watch,55.68,55.68,Backlog,stability_risk,operation,stability,0.3775100401606425,5,78.03366659211449,38.4055713423212,23.454078947368423,91.63511243546893,15.040759763861288,50.0,calibrated_model_probability,composite_is_explanation_index_not_predictive_rank
455,ba_13539608,2025-09,굽네치킨 창원중앙점,굽네치킨,치킨,경상남도,창원시,0.3775100401606425,Watch,55.66,55.66,Backlog,none,model_probability,operation,0.3775100401606425,5,78.35062591772532,45.42119533513315,41.82826315789474,41.63,43.61760330179155,50.0,calibrated_model_probability,composite_is_explanation_index_not_predictive_rank
456,ba_13231147,2025-09,본죽&비빔밥 인천송도웰카운티점,본그룹,백반·죽·국수,인천광역시,연수구,0.3775100401606425,Watch,55.35,55.35,Backlog,growth_alpha_direction_risk,operation,growth_alpha,0.3775100401606425,5,76.58781523391251,1.9044753277415911,25.4386052631579,100.0,92.56071002549704,50.0,calibrated_model_probability,composite_is_explanation_index_not_predictive_rank
457,ba_14712797,2025-09,굽네치킨 논공점,굽네치킨,치킨,대구광역시,달성군,0.3775100401606425,Watch,55.31,55.31,Backlog,none,operation,review_growth,0.3775100401606425,5,72.23753606254179,26.40596176062249,17.224868421052633,89.90816829227406,73.56446120100925,50.0,calibrated_model_probability,composite_is_explanation_index_not_predictive_rank
458,ba_14600429,2025-09,굽네치킨&피자 김천부곡점,굽네치킨,치킨,경상북도,김천시,0.3775100401606425,Watch,54.97,54.97,Backlog,none,operation,review_growth,0.3775100401606425,5,77.78017122256216,30.12724011784159,19.590631578947367,85.20682233382712,44.9090345582212,50.0,calibrated_model_probability,composite_is_explanation_index_not_predictive_rank
459,ba_14754936,2025-09,굽네치킨 경주외동점,굽네치킨,치킨,경상북도,경주시,0.3775100401606425,Watch,54.95,54.95,Backlog,none,operation,review_growth,0.3775100401606425,5,70.69585381988827,26.869896648338703,22.69736842105264,93.065401760514,61.22896420780864,50.0,calibrated_model_probability,composite_is_explanation_index_not_predictive_rank
460,ba_13475914,2025-09,본죽&비빔밥 광주백운대성초교점,본그룹,백반·죽·국수,광주광역시,남구,0.3775100401606425,Watch,54.79,54.79,Backlog,growth_alpha_direction_risk,operation,review_growth,0.3775100401606425,5,77.13870675234158,13.683091744919842,1.6018421052631602,98.4024943465811,93.70578336461496,50.0,calibrated_model_probability,composite_is_explanation_index_not_predictive_rank
461,ba_14687310,2025-09,본죽&비빔밥 가산디지털점,본그룹,백반·죽·국수,서울특별시,금천구,0.3775100401606425,Watch,54.47,54.47,Backlog,none,stability,operation,0.3775100401606425,5,73.64604580369945,53.53209674636452,17.83028947368421,17.5,84.0876574410505,68.88726562477274,calibrated_model_probability,composite_is_explanation_index_not_predictive_rank
462,ba_14728839,2025-09,굽네치킨 대구동인점,굽네치킨,치킨,대구광역시,중구,0.3775100401606425,Watch,54.33,54.33,Backlog,none,operation,review_growth,0.3775100401606425,5,76.11686609503909,30.13162982957665,6.315789473684211,78.12607546843836,74.88819652604258,50.0,calibrated_model_probability,composite_is_explanation_index_not_predictive_rank
463,ba_14322928,2025-09,본죽&비빔밥 부천심곡본동점,본그룹,백반·죽·국수,경기도,부천시,0.3775100401606425,Watch,54.29,54.29,Backlog,growth_alpha_direction_risk,operation,growth_alpha,0.3775100401606425,5,77.89931113744998,0.4264726887045361,16.666657894736844,99.58941296813902,94.817910506238,50.0,calibrated_model_probability,composite_is_explanation_index_not_predictive_rank
464,ba_10016162,2025-09,굽네치킨 신월사파점,굽네치킨,치킨,경상남도,창원시,0.3775100401606425,Watch,54.17,54.17,Backlog,none,model_probability,growth_alpha,0.3775100401606425,5,70.16478922341375,35.92529553096862,40.12205263157895,68.27594603165915,43.66489485715512,50.0,calibrated_model_probability,composite_is_explanation_index_not_predictive_rank
465,ba_14463467,2025-09,굽네치킨 화명신도시점,굽네치킨,치킨,부산광역시,북구,0.3775100401606425,Watch,54.12,54.12,Backlog,stability_risk,operation,stability,0.3775100401606425,5,73.44878145112273,34.502385991232664,39.874526315789474,92.02127259229356,0.0,50.0,calibrated_model_probability,composite_is_explanation_index_not_predictive_rank
466,ba_14729784,2025-09,굽네치킨 경북울진점,굽네치킨,치킨,경상북도,울진군,0.3775100401606425,Watch,54.05,54.05,Backlog,none,operation,growth_alpha,0.3775100401606425,5,70.76532781914457,27.367508162951644,28.97907894736842,89.29420357781875,46.95155771487062,50.0,calibrated_model_probability,composite_is_explanation_index_not_predictive_rank
467,ba_14691296,2025-09,본죽 대덕테크노밸리점,본그룹,백반·죽·국수,대전광역시,유성구,0.3775100401606425,Watch,53.65,53.65,Backlog,none,stability,review_growth,0.3775100401606425,5,78.13975661824053,32.177634562816586,12.280710526315792,55.193918305103296,81.35196182416932,50.0,calibrated_model_probability,composite_is_explanation_index_not_predictive_rank
468,ba_13233445,2025-09,본죽&비빔밥 여수죽림점,본그룹,백반·죽·국수,전라남도,여수시,0.3775100401606425,Watch,53.6,53.6,Backlog,growth_alpha_direction_risk,operation,review_growth,0.3775100401606425,5,71.38006855423981,13.928915602083055,11.65413157894737,95.84096530631096,90.112002075995,50.0,calibrated_model_probability,composite_is_explanation_index_not_predictive_rank
469,ba_14785504,2025-09,본죽&비빔밥 증평점,본그룹,백반·죽·국수,충청북도,증평군,0.3775100401606425,Watch,53.43,53.43,Backlog,growth_alpha_direction_risk,operation,growth_alpha,0.3775100401606425,5,69.88619937345042,1.1654740082230637,50.0,99.6744280724322,62.31867792881686,50.0,calibrated_model_probability,composite_is_explanation_index_not_predictive_rank
470,ba_14691234,2025-09,본죽 대구남문시장점,본그룹,백반·죽·국수,대구광역시,중구,0.3775100401606425,Watch,53.39,53.39,Backlog,none,stability,review_growth,0.3775100401606425,5,75.9896132080591,33.1347690831494,19.02834210526316,41.16760749535581,94.80251076946304,50.0,calibrated_model_probability,composite_is_explanation_index_not_predictive_rank
471,ba_14557869,2025-09,굽네치킨 화곡4동점,굽네치킨,치킨,서울특별시,강서구,0.3775100401606425,Watch,53.28,53.28,Backlog,none,operation,review_growth,0.3775100401606425,5,71.17136422153338,25.870594291035783,15.281631578947373,78.32993210936672,52.10769771576828,77.12645914396887,calibrated_model_probability,composite_is_explanation_index_not_predictive_rank
472,ba_14685750,2025-09,"굽네치킨 개금1,2동점",굽네치킨,치킨,부산광역시,부산진구,0.3775100401606425,Watch,52.88,52.88,Backlog,growth_alpha_direction_risk;stability_risk,operation,stability,0.3775100401606425,5,76.15570372636044,24.85694777467943,24.45468421052632,95.98555085340112,19.48102305906044,50.0,calibrated_model_probability,composite_is_explanation_index_not_predictive_rank
473,ba_13224790,2025-09,본죽&비빔밥 안양덕천래미안점,본그룹,백반·죽·국수,경기도,안양시,0.3775100401606425,Watch,52.82,52.82,Backlog,growth_alpha_direction_risk,stability,growth_alpha,0.3775100401606425,5,77.1242525328453,0.0,12.280710526315792,95.90742077515984,96.01362595276358,50.0,calibrated_model_probability,composite_is_explanation_index_not_predictive_rank
474,ba_14254080,2025-09,굽네치킨&피자 망우본동점,굽네치킨,치킨,서울특별시,중랑구,0.3775100401606425,Watch,52.66,52.66,Backlog,none,model_probability,growth_alpha,0.3775100401606425,5,71.00281661553089,30.54182400393035,31.419447368421054,55.462056958409306,54.78359966980186,67.67150543217686,calibrated_model_probability,composite_is_explanation_index_not_predictive_rank
475,ba_14245878,2025-09,본죽&비빔밥 안양동편마을점,본그룹,백반·죽·국수,경기도,안양시,0.3775100401606425,Watch,52.21,52.21,Backlog,growth_alpha_direction_risk,operation,growth_alpha,0.3775100401606425,5,73.7100793931495,0.056960943814629,14.473684210526317,97.14403132387504,96.56892881834354,50.0,calibrated_model_probability,composite_is_explanation_index_not_predictive_rank
476,ba_13229527,2025-09,본죽&비빔밥 상주점,본그룹,백반·죽·국수,경상북도,상주시,0.3775100401606425,Watch,52.08,52.08,Backlog,none,stability,operation,0.3775100401606425,5,72.18241330832052,40.89083546246362,31.28655263157895,17.5,92.76362551150184,50.0,calibrated_model_probability,composite_is_explanation_index_not_predictive_rank
477,ba_14687354,2025-09,본죽&비빔밥 신도림점,본그룹,백반·죽·국수,서울특별시,구로구,0.3775100401606425,Watch,51.73,51.73,Backlog,none,stability,operation,0.3775100401606425,5,71.79476032845288,40.5297705871245,21.05263157894737,17.5,89.30978049209932,67.51933909089377,calibrated_model_probability,composite_is_explanation_index_not_predictive_rank
478,ba_13236401,2025-09,본죽 대학로본점,본그룹,백반·죽·국수,서울특별시,종로구,0.3775100401606425,Watch,51.49,51.49,Backlog,none,stability,review_growth,0.3775100401606425,5,71.17073693908284,47.78940047567405,7.894736842105264,17.5,97.80213071583066,60.91167101403825,calibrated_model_probability,composite_is_explanation_index_not_predictive_rank
479,ba_14228061,2025-09,굽네치킨 월계2동점,굽네치킨,치킨,서울특별시,노원구,0.3775100401606425,Watch,51.35,51.35,Backlog,stability_risk,model_probability,review_growth,0.3775100401606425,5,76.30406748360335,28.58037664724349,17.91978947368421,66.32633821129589,22.676027370213777,74.69625203993155,calibrated_model_probability,composite_is_explanation_index_not_predictive_rank
480,ba_14699399,2025-09,굽네치킨 와동점,굽네치킨,치킨,경기도,안산시,0.3775100401606425,Watch,50.93,50.93,Backlog,stability_risk,operation,stability,0.3775100401606425,5,71.19446577003316,29.88214787930089,26.94423684210527,82.10262324111103,21.827946172509133,50.0,calibrated_model_probability,composite_is_explanation_index_not_predictive_rank
481,ba_14658160,2025-09,굽네치킨&피자 대구옥포점,굽네치킨,치킨,대구광역시,달성군,0.3775100401606425,Watch,50.85,50.85,Backlog,none,model_probability,review_growth,0.3775100401606425,5,71.56167979041558,33.40752980777775,19.237736842105267,50.08882116208976,70.56167004704074,50.0,calibrated_model_probability,composite_is_explanation_index_not_predictive_rank
482,ba_13193158,2025-09,본죽&비빔밥 인천당하점,본그룹,백반·죽·국수,인천광역시,서구,0.3775100401606425,Watch,49.38,49.38,Backlog,growth_alpha_direction_risk,stability,growth_alpha,0.3775100401606425,5,74.63450432481483,0.0,9.539473684210527,84.83180864930328,91.02361962199996,50.0,calibrated_model_probability,composite_is_explanation_index_not_predictive_rank
483,ba_14688233,2025-09,본죽&비빔밥 수원오목천점,본그룹,백반·죽·국수,경기도,수원시,0.3775100401606425,Watch,47.58,47.58,Backlog,growth_alpha_direction_risk,model_probability,growth_alpha,0.3775100401606425,5,78.28925379741,7.262295862469446,57.23684210526315,17.5,71.53436246379165,50.0,calibrated_model_probability,composite_is_explanation_index_not_predictive_rank
484,ba_14688499,2025-09,본죽 수원화서점,본그룹,백반·죽·국수,경기도,수원시,0.3775100401606425,Watch,47.31,47.31,Backlog,none,stability,review_growth,0.3775100401606425,5,72.10132551630159,31.195048582524947,12.955473684210528,17.5,97.10266159149154,50.0,calibrated_model_probability,composite_is_explanation_index_not_predictive_rank
485,ba_13224844,2025-09,본죽&비빔밥 평촌점,본그룹,백반·죽·국수,경기도,안양시,0.3775100401606425,Watch,47.03,47.03,Backlog,none,stability,review_growth,0.3775100401606425,5,73.41986466592876,28.38230753289499,12.280710526315792,17.5,97.75050604740215,50.0,calibrated_model_probability,composite_is_explanation_index_not_predictive_rank
486,ba_14687060,2025-09,본죽&비빔밥 천호로데오점,본그룹,백반·죽·국수,서울특별시,강동구,0.3775100401606425,Watch,46.75,46.75,Backlog,growth_alpha_direction_risk;stability_risk,operation,growth_alpha,0.3775100401606425,5,74.03255036320124,3.597307798660996,26.413263157894733,97.4834930431302,11.249129308179086,48.814427788533706,calibrated_model_probability,composite_is_explanation_index_not_predictive_rank
487,ba_14689999,2025-09,본죽&비빔밥 인천승기사거리점,본그룹,백반·죽·국수,인천광역시,미추홀구,0.3775100401606425,Watch,45.87,45.87,Backlog,growth_alpha_direction_risk,stability,growth_alpha,0.3775100401606425,5,77.59468602502385,0.0,12.593973684210528,53.36941543135329,88.18899269520415,50.0,calibrated_model_probability,composite_is_explanation_index_not_predictive_rank
488,ba_10501929,2025-09,굽네치킨 포항양덕점,굽네치킨,치킨,경상북도,포항시,0.3775100401606425,Watch,45.32,45.32,Backlog,stability_risk,model_probability,operation,0.3775100401606425,5,77.89966423608344,29.939724047866267,30.71965789473684,17.5,33.34067822039598,50.0,calibrated_model_probability,composite_is_explanation_index_not_predictive_rank
489,ba_14556221,2025-09,굽네치킨&피자 청주봉명점,굽네치킨,치킨,충청북도,청주시,0.3775100401606425,Watch,44.64,44.64,Backlog,stability_risk,model_probability,review_growth,0.3775100401606425,5,74.13140805774329,28.061060446829423,19.33639473684211,37.74302260341223,31.17690494549894,50.0,calibrated_model_probability,composite_is_explanation_index_not_predictive_rank
490,ba_14695958,2025-09,본죽 삼양사거리점,본그룹,백반·죽·국수,서울특별시,강북구,0.3775100401606425,Watch,44.26,44.26,Backlog,growth_alpha_direction_risk,model_probability,growth_alpha,0.3775100401606425,5,75.85342953340347,3.306057076118325,33.756815789473684,17.5,69.6614705825529,64.35948294253693,calibrated_model_probability,composite_is_explanation_index_not_predictive_rank
491,ba_14271330,2025-09,굽네치킨 일광신도시점,굽네치킨,치킨,부산광역시,기장군,0.3775100401606425,Watch,43.67,43.67,Backlog,stability_risk,model_probability,operation,0.3775100401606425,5,75.06360653786895,29.81268845068506,28.137657894736844,17.5,30.983235685611376,50.0,calibrated_model_probability,composite_is_explanation_index_not_predictive_rank
492,ba_14593798,2025-09,굽네치킨&피자 광주오포점,굽네치킨,치킨,경기도,광주시,0.3775100401606425,Watch,41.55,41.55,Backlog,none,model_probability,operation,0.3775100401606425,5,71.23127973323362,26.884196466869568,23.53526315789474,9.735395997618886,49.051224760551264,50.0,calibrated_model_probability,composite_is_explanation_index_not_predictive_rank
493,ba_13076527,2025-09,굽네치킨 창2동점,굽네치킨,치킨,서울특별시,도봉구,0.3775100401606425,Watch,39.39,39.39,Backlog,low_explanation_index;growth_alpha_direction_risk;stability_risk,model_probability,stability,0.3775100401606425,5,78.31036312755366,23.26962357723041,38.88647368421053,0.4355,0.0,41.81259893169536,calibrated_model_probability,composite_is_explanation_index_not_predictive_rank
494,ba_14687134,2025-09,본죽 만리점,본그룹,백반·죽·국수,서울특별시,중구,0.3775100401606425,Watch,39.12,39.12,Backlog,low_explanation_index;growth_alpha_direction_risk,stability,growth_alpha,0.3775100401606425,5,70.04818452867785,0.0,11.806552631578947,17.5,72.48331657090245,65.75607512270558,calibrated_model_probability,composite_is_explanation_index_not_predictive_rank
495,ba_14695008,2025-09,본죽&비빔밥 부산연산점,본그룹,백반·죽·국수,부산광역시,연제구,0.3775100401606425,Watch,38.7,38.7,Backlog,low_explanation_index;growth_alpha_direction_risk,model_probability,growth_alpha,0.3775100401606425,5,77.60662259151557,0.0,10.401000000000002,17.5,73.53664855765425,50.0,calibrated_model_probability,composite_is_explanation_index_not_predictive_rank
496,ba_14262149,2025-09,본죽&비빔밥 용인둔전점,본그룹,백반·죽·국수,경기도,용인시,0.3775100401606425,Watch,38.09,38.09,Backlog,low_explanation_index;growth_alpha_direction_risk,stability,growth_alpha,0.3775100401606425,5,75.03546919875151,0.0,2.25563157894737,17.5,88.60903809242359,50.0,calibrated_model_probability,composite_is_explanation_index_not_predictive_rank
497,ba_13236481,2025-09,본죽&비빔밥 포항시외버스터미널점,본그룹,백반·죽·국수,경상북도,포항시,0.3775100401606425,Watch,37.87,37.87,Backlog,low_explanation_index;growth_alpha_direction_risk,stability,growth_alpha,0.3775100401606425,5,71.126420232858,0.5568781656015478,17.440657894736844,17.5,75.94598935464849,50.0,calibrated_model_probability,composite_is_explanation_index_not_predictive_rank
498,ba_14692796,2025-09,본죽&비빔밥 아산모종점,본그룹,백반·죽·국수,충청남도,아산시,0.3775100401606425,Watch,37.38,37.38,Backlog,low_explanation_index;growth_alpha_direction_risk,model_probability,growth_alpha,0.3775100401606425,5,73.30395620772153,1.1654740082230637,21.05263157894737,17.5,56.48250438025639,50.0,calibrated_model_probability,composite_is_explanation_index_not_predictive_rank
499,ba_14689427,2025-09,본죽&비빔밥 의정부금오점,본그룹,백반·죽·국수,경기도,의정부시,0.3775100401606425,Watch,36.96,36.96,Backlog,low_explanation_index;growth_alpha_direction_risk,model_probability,growth_alpha,0.3775100401606425,5,70.34921669453371,0.5820414121636167,17.590026315789476,17.5,69.25458913634661,50.0,calibrated_model_probability,composite_is_explanation_index_not_predictive_rank
500,ba_13470236,2025-09,본죽&비빔밥 신제주점,본그룹,백반·죽·국수,제주특별자치도,제주시,0.3614457831325301,Watch,91.95,91.95,Backlog,none,growth_alpha,market_fit,0.3614457831325301,4,83.11467441237247,100.0,100.0,95.22011556580374,85.7293296019883,50.0,calibrated_model_probability,composite_is_explanation_index_not_predictive_rank
501,ba_14688738,2025-09,본죽&비빔밥 분당롯데점,본그룹,백반·죽·국수,경기도,성남시,0.3614457831325301,Watch,89.73,89.73,Backlog,none,growth_alpha,market_fit,0.3614457831325301,4,83.11575128242758,100.0,73.68421052631578,100.0,95.84636590407445,50.0,calibrated_model_probability,composite_is_explanation_index_not_predictive_rank
502,ba_13223654,2025-09,본죽&비빔밥 고양행신역점,본그룹,백반·죽·국수,경기도,고양시,0.3614457831325301,Watch,88.99,88.99,Backlog,none,review_growth,market_fit,0.3614457831325301,4,82.05776752278902,95.71935486534976,100.0,96.24685202924384,69.01664199670587,50.0,calibrated_model_probability,composite_is_explanation_index_not_predictive_rank
503,ba_14757711,2025-09,굽네치킨&피자 칠금문화점,굽네치킨,치킨,충청북도,충주시,0.3614457831325301,Watch,86.45,86.45,Backlog,none,growth_alpha,market_fit,0.3614457831325301,4,82.5882664377923,100.0,100.0,70.89437429225353,69.05523868770729,50.0,calibrated_model_probability,composite_is_explanation_index_not_predictive_rank
504,ba_13228675,2025-09,본죽&비빔밥 대전전민동점,본그룹,백반·죽·국수,대전광역시,유성구,0.3614457831325301,Watch,85.45,85.45,Backlog,none,review_growth,market_fit,0.3614457831325301,4,82.13898371640431,73.56297216074749,100.0,97.29879473556367,87.19431236600033,50.0,calibrated_model_probability,composite_is_explanation_index_not_predictive_rank
505,ba_14757543,2025-09,굽네치킨&피자 동두천중앙점,굽네치킨,치킨,경기도,동두천시,0.3614457831325301,Watch,85.42,85.42,Backlog,stability_risk,growth_alpha,stability,0.3614457831325301,4,82.17667906831412,100.0,100.0,88.5379077509143,33.734680816567135,50.0,calibrated_model_probability,composite_is_explanation_index_not_predictive_rank
506,ba_13231157,2025-09,본죽 수원인계점,본그룹,백반·죽·국수,경기도,수원시,0.3614457831325301,Watch,84.78,84.78,Backlog,none,stability,market_fit,0.3614457831325301,4,79.85136393962352,83.29170404896037,86.8421052631579,89.17476334326602,96.0263781371552,50.0,calibrated_model_probability,composite_is_explanation_index_not_predictive_rank
507,ba_14743732,2025-09,본죽&비빔밥 인천오류왕길점,본그룹,백반·죽·국수,인천광역시,서구,0.3614457831325301,Watch,84.28,84.28,Backlog,none,growth_alpha,market_fit,0.3614457831325301,4,83.03775186553408,100.0,61.30031578947369,88.2557963007311,77.79608341792142,50.0,calibrated_model_probability,composite_is_explanation_index_not_predictive_rank
508,ba_13233115,2025-09,본죽&비빔밥 대구복현동점,본그룹,백반·죽·국수,대구광역시,북구,0.3614457831325301,Watch,81.96,81.96,Backlog,none,growth_alpha,review_growth,0.3614457831325301,4,80.6853736130328,100.0,35.40671052631579,98.13487637743285,86.89750945725731,50.0,calibrated_model_probability,composite_is_explanation_index_not_predictive_rank
509,ba_14627570,2025-09,본죽&비빔밥 김해안동푸르지오점,본그룹,백반·죽·국수,경상남도,김해시,0.3614457831325301,Watch,81.38,81.38,Backlog,none,review_growth,market_fit,0.3614457831325301,4,82.10442788358758,80.69809386190268,100.0,73.58914264918697,64.34389322706043,50.0,calibrated_model_probability,composite_is_explanation_index_not_predictive_rank
510,ba_14688557,2025-09,본죽 보정동단국대점,본그룹,백반·죽·국수,경기도,용인시,0.3614457831325301,Watch,81.0,81.0,Backlog,none,operation,market_fit,0.3614457831325301,4,83.10848265153258,75.77554206704544,61.98831578947369,99.33107481671291,87.70432371196235,50.0,calibrated_model_probability,composite_is_explanation_index_not_predictive_rank
511,ba_14690034,2025-09,본죽&비빔밥 인천검암점,본그룹,백반·죽·국수,인천광역시,서구,0.3614457831325301,Watch,79.82,79.82,Backlog,none,growth_alpha,review_growth,0.3614457831325301,4,78.90114872282882,100.0,30.26315789473684,93.97093236081984,85.68532236528148,50.0,calibrated_model_probability,composite_is_explanation_index_not_predictive_rank
512,ba_13596071,2025-09,본죽&비빔밥 연신갈현점,본그룹,백반·죽·국수,서울특별시,은평구,0.3614457831325301,Watch,78.91,78.91,Backlog,none,operation,market_fit,0.3614457831325301,4,79.55984682504422,69.85579408970764,78.07018421052632,95.85413666049725,91.60036193617452,64.09211325520124,calibrated_model_probability,composite_is_explanation_index_not_predictive_rank
513,ba_14688337,2025-09,본죽&비빔밥 장위뉴타운점,본그룹,백반·죽·국수,서울특별시,성북구,0.3614457831325301,Watch,78.59,78.59,Backlog,none,operation,review_growth,0.3614457831325301,4,81.62097717929969,82.74520710820701,42.10526315789474,99.60976869733597,91.95128627790916,68.52227525605556,calibrated_model_probability,composite_is_explanation_index_not_predictive_rank
514,ba_13226530,2025-09,본죽&비빔밥 목동사거리점,본그룹,백반·죽·국수,서울특별시,양천구,0.3614457831325301,Watch,78.07,78.07,Backlog,none,review_growth,market_fit,0.3614457831325301,4,79.15633874766087,56.13763453399525,100.0,96.60161101056786,97.55411480540228,51.83091266837656,calibrated_model_probability,composite_is_explanation_index_not_predictive_rank
515,ba_14744959,2025-09,굽네치킨 부산수정점,굽네치킨,치킨,부산광역시,동구,0.3614457831325301,Watch,77.69,77.69,Backlog,stability_risk,review_growth,stability,0.3614457831325301,4,83.30313527486936,61.60131806637411,100.0,96.7521835368336,36.22360288893532,50.0,calibrated_model_probability,composite_is_explanation_index_not_predictive_rank
516,ba_14625762,2025-09,본죽&비빔밥 익산부송우남점,본그룹,백반·죽·국수,전북특별자치도,익산시,0.3614457831325301,Watch,77.52,77.52,Backlog,none,operation,market_fit,0.3614457831325301,4,81.03791229340437,65.96597740617588,57.89473684210527,96.54653080215256,94.95986771640813,50.0,calibrated_model_probability,composite_is_explanation_index_not_predictive_rank
517,ba_14753110,2025-09,본죽&비빔밥 청주성화점,본그룹,백반·죽·국수,충청북도,청주시,0.3614457831325301,Watch,77.23,77.23,Backlog,none,operation,market_fit,0.3614457831325301,4,82.1550992147959,65.7860435655611,62.71928947368423,91.16213536217802,89.51377487944379,50.0,calibrated_model_probability,composite_is_explanation_index_not_predictive_rank
518,ba_13918069,2025-09,본죽&비빔밥 평택지제점,본그룹,백반·죽·국수,경기도,평택시,0.3614457831325301,Watch,77.15,77.15,Backlog,none,operation,growth_alpha,0.3614457831325301,4,79.15632608020772,46.43776832597956,91.22807894736845,98.4306331487063,93.82865903272196,50.0,calibrated_model_probability,composite_is_explanation_index_not_predictive_rank
519,ba_13973813,2025-09,굽네피자 선부3동점,굽네치킨,피자,경기도,안산시,0.3614457831325301,Watch,77.02,77.02,Backlog,none,operation,market_fit,0.3614457831325301,4,82.99068326398593,59.94398018377707,66.16542105263159,97.01411387576503,85.12929582999439,50.0,calibrated_model_probability,composite_is_explanation_index_not_predictive_rank
520,ba_14694278,2025-09,본죽&비빔밥 오금동사거리점,본그룹,백반·죽·국수,서울특별시,송파구,0.3614457831325301,Watch,76.6,76.6,Backlog,none,operation,review_growth,0.3614457831325301,4,81.17852497197303,72.53839570557606,51.7543947368421,98.16211713268171,88.90353959588589,64.66724630545701,calibrated_model_probability,composite_is_explanation_index_not_predictive_rank
521,ba_13243585,2025-09,본죽&비빔밥 쌍문점,본그룹,백반·죽·국수,서울특별시,도봉구,0.3614457831325301,Watch,75.63,75.63,Backlog,none,operation,market_fit,0.3614457831325301,4,79.47771947964519,64.22762938883186,69.29823684210528,96.08942494209737,91.29703623022236,55.9648111456704,calibrated_model_probability,composite_is_explanation_index_not_predictive_rank
522,ba_14352915,2025-09,본죽&비빔밥 대구다사역점,본그룹,백반·죽·국수,대구광역시,달성군,0.3614457831325301,Watch,73.48,73.48,Backlog,none,operation,growth_alpha,0.3614457831325301,4,82.8724834785653,42.86454297364284,67.83626315789475,99.15715307166244,87.1078826140628,50.0,calibrated_model_probability,composite_is_explanation_index_not_predictive_rank
523,ba_14688093,2025-09,본죽&비빔밥 상암하늘초교점,본그룹,백반·죽·국수,서울특별시,마포구,0.3614457831325301,Watch,72.15,72.15,Backlog,none,operation,review_growth,0.3614457831325301,4,82.89281233087814,57.4124910688488,33.518,99.33137416567168,86.55777155414603,73.9813363425198,calibrated_model_probability,composite_is_explanation_index_not_predictive_rank
524,ba_13224710,2025-09,본죽 안양관양동점,본그룹,백반·죽·국수,경기도,안양시,0.3614457831325301,Watch,71.07,71.07,Backlog,none,stability,review_growth,0.3614457831325301,4,78.86325756463344,77.82238927021432,29.82455263157895,65.0469550223913,97.84663050069514,50.0,calibrated_model_probability,composite_is_explanation_index_not_predictive_rank
525,ba_13550181,2025-09,본죽&비빔밥 양주고읍점,본그룹,백반·죽·국수,경기도,양주시,0.3614457831325301,Watch,70.89,70.89,Backlog,none,operation,growth_alpha,0.3614457831325301,4,79.07346585036717,40.998738124153135,56.14034210526317,99.37986869699384,96.36238921199724,50.0,calibrated_model_probability,composite_is_explanation_index_not_predictive_rank
526,ba_14690806,2025-09,본죽&비빔밥 광주백운대성초교점,본그룹,백반·죽·국수,광주광역시,남구,0.3614457831325301,Watch,70.56,70.56,Backlog,none,operation,review_growth,0.3614457831325301,4,81.22120257062016,54.16993516362513,31.81818421052631,99.75255815067344,88.56659545936971,50.0,calibrated_model_probability,composite_is_explanation_index_not_predictive_rank
527,ba_14690124,2025-09,본죽&비빔밥 새터마을죽전현대홈타운점,본그룹,백반·죽·국수,경기도,용인시,0.3614457831325301,Watch,70.51,70.51,Backlog,none,stability,review_growth,0.3614457831325301,4,82.11544833636455,55.851904206513325,24.81202631578948,95.86461387405448,97.0447603861142,50.0,calibrated_model_probability,composite_is_explanation_index_not_predictive_rank
528,ba_14691996,2025-09,본죽&비빔밥 부산덕천점,본그룹,백반·죽·국수,부산광역시,북구,0.3614457831325301,Watch,70.01,70.01,Backlog,none,stability,review_growth,0.3614457831325301,4,82.2454754005255,74.93265090313054,40.0,54.10467064430159,83.74575785792187,50.0,calibrated_model_probability,composite_is_explanation_index_not_predictive_rank
529,ba_14690378,2025-09,본죽 오금점,본그룹,백반·죽·국수,서울특별시,송파구,0.3614457831325301,Watch,69.26,69.26,Backlog,none,operation,growth_alpha,0.3614457831325301,4,82.70500356430567,40.41373143954223,42.98244736842105,99.28138288955564,97.18820914253529,61.61078027446774,calibrated_model_probability,composite_is_explanation_index_not_predictive_rank
530,ba_14606315,2025-09,본죽&비빔밥 의정부범골역점,본그룹,백반·죽·국수,경기도,의정부시,0.3614457831325301,Watch,69.18,69.18,Backlog,none,growth_alpha,model_probability,0.3614457831325301,7,35.82688025933126,100.0,100.0,50.0,91.36706746573886,50.0,calibrated_model_probability,composite_is_explanation_index_not_predictive_rank
531,ba_10657170,2025-09,굽네치킨 가좌1호점,굽네치킨,치킨,인천광역시,서구,0.3614457831325301,Watch,68.94,68.94,Backlog,none,operation,stability,0.3614457831325301,4,83.26109729527734,48.07510863289468,60.526315789473685,93.76752533347477,46.38766507817027,50.0,calibrated_model_probability,composite_is_explanation_index_not_predictive_rank
532,ba_14513076,2025-09,본죽&비빔밥 광주첨단점,본그룹,백반·죽·국수,광주광역시,광산구,0.3614457831325301,Watch,68.78,68.78,Backlog,none,operation,review_growth,0.3614457831325301,4,83.16369283575064,51.385350345831135,23.44497368421053,97.80080293943573,86.3922407906934,50.0,calibrated_model_probability,composite_is_explanation_index_not_predictive_rank
533,ba_14506379,2025-09,본죽&비빔밥 방학역점,본그룹,백반·죽·국수,서울특별시,도봉구,0.3614457831325301,Watch,68.7,68.7,Backlog,none,operation,review_growth,0.3614457831325301,4,81.14582866421385,48.92396359709608,27.631578947368425,98.8976175244012,98.1857716297992,62.094131765455856,calibrated_model_probability,composite_is_explanation_index_not_predictive_rank
534,ba_14688751,2025-09,본죽&비빔밥 여의도역점,본그룹,백반·죽·국수,서울특별시,영등포구,0.3614457831325301,Watch,68.41,68.41,Backlog,none,operation,review_growth,0.3614457831325301,4,81.83151786990547,53.22588109745233,18.859657894736845,94.1295873089726,87.17497324061098,75.54685392858573,calibrated_model_probability,composite_is_explanation_index_not_predictive_rank
535,ba_14530939,2025-09,본죽 경북청도점,본그룹,백반·죽·국수,경상북도,청도군,0.3614457831325301,Watch,68.22,68.22,Backlog,none,operation,review_growth,0.3614457831325301,4,80.21542810132091,51.82157240693714,21.05263157894737,98.91378236817528,91.9209517583364,50.0,calibrated_model_probability,composite_is_explanation_index_not_predictive_rank
536,ba_14689608,2025-09,본죽&비빔밥 평택신장점,본그룹,백반·죽·국수,경기도,평택시,0.3614457831325301,Watch,67.77,67.77,Backlog,none,operation,growth_alpha,0.3614457831325301,4,79.13033319520592,46.51716003165249,47.36842105263158,96.90125931830543,68.06620178681703,50.0,calibrated_model_probability,composite_is_explanation_index_not_predictive_rank
537,ba_13199864,2025-09,본죽&비빔밥 울산남목점,본그룹,백반·죽·국수,울산광역시,동구,0.3614457831325301,Watch,67.53,67.53,Backlog,none,operation,review_growth,0.3614457831325301,4,82.62839319647654,45.28216562659505,22.514631578947373,98.95898406095088,90.67789483616248,50.0,calibrated_model_probability,composite_is_explanation_index_not_predictive_rank
538,ba_13233579,2025-09,본죽&비빔밥 경산터미널점,본그룹,백반·죽·국수,경상북도,경산시,0.3614457831325301,Watch,67.28,67.28,Backlog,none,operation,growth_alpha,0.3614457831325301,4,80.59613576224014,28.544194780821204,50.0,98.7847629669416,96.1588677306513,50.0,calibrated_model_probability,composite_is_explanation_index_not_predictive_rank
539,ba_14669107,2025-09,굽네치킨 의정부용현점,굽네치킨,치킨,경기도,의정부시,0.3614457831325301,Watch,67.24,67.24,Backlog,stability_risk,operation,stability,0.3614457831325301,4,83.44692189454692,58.210265751042265,37.969921052631584,97.10152377172844,32.20357628426058,50.0,calibrated_model_probability,composite_is_explanation_index_not_predictive_rank
540,ba_13226851,2025-09,본죽 부산진역점,본그룹,백반·죽·국수,부산광역시,동구,0.3614457831325301,Watch,67.16,67.16,Backlog,none,operation,review_growth,0.3614457831325301,4,81.4089521756912,35.86392824772297,34.21052631578947,100.0,95.65779200164768,50.0,calibrated_model_probability,composite_is_explanation_index_not_predictive_rank
541,ba_14259741,2025-09,본죽&비빔밥 춘천우두택지점,본그룹,백반·죽·국수,강원특별자치도,춘천시,0.3614457831325301,Watch,67.07,67.07,Backlog,none,operation,review_growth,0.3614457831325301,4,83.37637326643161,41.8731553996198,26.31578947368421,94.82617233605085,92.49799608326144,50.0,calibrated_model_probability,composite_is_explanation_index_not_predictive_rank
542,ba_14691089,2025-09,본죽&비빔밥 대전노은3지구점,본그룹,백반·죽·국수,대전광역시,유성구,0.3614457831325301,Watch,67.03,67.03,Backlog,none,stability,review_growth,0.3614457831325301,4,81.96586401944343,45.44407504478255,19.17292105263158,95.85114317090944,97.26203754107635,50.0,calibrated_model_probability,composite_is_explanation_index_not_predictive_rank
543,ba_10020109,2025-09,굽네치킨 부산동삼점,굽네치킨,치킨,부산광역시,영도구,0.3614457831325301,Watch,66.92,66.92,Backlog,stability_risk,operation,stability,0.3614457831325301,4,83.55210051684843,44.75367093800769,57.81118421052632,93.21088535448048,38.350748180689486,50.0,calibrated_model_probability,composite_is_explanation_index_not_predictive_rank
544,ba_14691829,2025-09,본죽 부산신평가락타운점,본그룹,백반·죽·국수,부산광역시,사하구,0.3614457831325301,Watch,66.8,66.8,Backlog,none,growth_alpha,operation,0.3614457831325301,4,82.45715298515717,100.0,19.768947368421053,17.5,73.4487519463711,50.0,calibrated_model_probability,composite_is_explanation_index_not_predictive_rank
545,ba_14279612,2025-09,본죽&비빔밥 부산율리점,본그룹,백반·죽·국수,부산광역시,북구,0.3614457831325301,Watch,66.73,66.73,Backlog,none,operation,review_growth,0.3614457831325301,4,81.4193327678504,35.93150320412931,35.40671052631579,95.79486556665904,95.67198967302168,50.0,calibrated_model_probability,composite_is_explanation_index_not_predictive_rank
546,ba_13219094,2025-09,본죽&비빔밥 남양주덕소점,본그룹,백반·죽·국수,경기도,남양주시,0.3614457831325301,Watch,66.61,66.61,Backlog,none,stability,review_growth,0.3614457831325301,4,79.56278548850055,45.443254745114885,24.342105263157897,94.80372116414244,95.31371249956118,50.0,calibrated_model_probability,composite_is_explanation_index_not_predictive_rank
547,ba_13267079,2025-09,본죽&비빔밥 대전송촌점,본그룹,백반·죽·국수,대전광역시,대덕구,0.3614457831325301,Watch,66.46,66.46,Backlog,none,operation,growth_alpha,0.3614457831325301,4,80.39964370629129,30.463540811321828,49.3927105263158,95.50778991519016,89.72714272069172,50.0,calibrated_model_probability,composite_is_explanation_index_not_predictive_rank
548,ba_14725627,2025-09,본죽&비빔밥 가평현리점,본그룹,백반·죽·국수,경기도,가평군,0.3614457831325301,Watch,66.44,66.44,Backlog,none,operation,review_growth,0.3614457831325301,4,82.1577874718712,50.45453192564738,11.278184210526316,97.67597442362496,87.23815308703958,50.0,calibrated_model_probability,composite_is_explanation_index_not_predictive_rank
549,ba_14332090,2025-09,굽네치킨 금당왕지점,굽네치킨,치킨,전라남도,순천시,0.3614457831325301,Watch,66.32,66.32,Backlog,none,operation,review_growth,0.3614457831325301,4,83.40714331589736,51.487178355927696,27.048631578947376,90.34268912867216,66.46319923866845,50.0,calibrated_model_probability,composite_is_explanation_index_not_predictive_rank
550,ba_14728444,2025-09,본죽&비빔밥 속초점,본그룹,백반·죽·국수,강원특별자치도,속초시,0.3614457831325301,Watch,66.28,66.28,Backlog,none,stability,review_growth,0.3614457831325301,4,79.73004302879454,50.525942337256566,18.66028947368421,89.42861126031043,95.2615815435354,50.0,calibrated_model_probability,composite_is_explanation_index_not_predictive_rank
551,ba_14692551,2025-09,본죽&비빔밥 당산점,본그룹,백반·죽·국수,서울특별시,영등포구,0.3614457831325301,Watch,66.04,66.04,Backlog,none,stability,review_growth,0.3614457831325301,4,81.93939413298608,46.99843206369605,8.991236842105264,92.19040475400357,96.47187719343265,73.14593020987297,calibrated_model_probability,composite_is_explanation_index_not_predictive_rank
552,ba_14363013,2025-09,본죽&비빔밥 광주삼각점,본그룹,백반·죽·국수,광주광역시,북구,0.3614457831325301,Watch,65.85,65.85,Backlog,none,stability,review_growth,0.3614457831325301,4,82.83034371529813,41.80478231380709,18.859657894736845,91.77041816483693,98.1784439368416,50.0,calibrated_model_probability,composite_is_explanation_index_not_predictive_rank
553,ba_14736681,2025-09,본죽&비빔밥 신림녹두거리점,본그룹,백반·죽·국수,서울특별시,관악구,0.3614457831325301,Watch,65.02,65.02,Backlog,none,operation,review_growth,0.3614457831325301,4,81.65307900650708,37.492245258293806,28.07018421052632,99.69328705683525,94.4477534963912,51.10953223902686,calibrated_model_probability,composite_is_explanation_index_not_predictive_rank
554,ba_13233639,2025-09,본죽&비빔밥 대구동성로점,본그룹,백반·죽·국수,대구광역시,중구,0.3614457831325301,Watch,65.01,65.01,Backlog,none,stability,growth_alpha,0.3614457831325301,4,79.77471405972814,26.55840447723993,47.36842105263158,93.11629108350638,93.73248331128184,50.0,calibrated_model_probability,composite_is_explanation_index_not_predictive_rank
555,ba_14653291,2025-09,굽네피자 울산중앙점,굽네치킨,피자,울산광역시,중구,0.3614457831325301,Watch,64.96,64.96,Backlog,none,operation,review_growth,0.3614457831325301,4,78.42744538822328,38.39572774630925,23.07692105263158,99.9495297655499,94.54697420245162,50.0,calibrated_model_probability,composite_is_explanation_index_not_predictive_rank
556,ba_13436824,2025-09,본죽&비빔밥 송탄점,본그룹,백반·죽·국수,경기도,평택시,0.3614457831325301,Watch,64.71,64.71,Backlog,none,operation,review_growth,0.3614457831325301,4,83.15267567321227,30.740358693765906,21.05263157894737,99.87858406231932,97.86444543368864,50.0,calibrated_model_probability,composite_is_explanation_index_not_predictive_rank
557,ba_14484534,2025-09,본죽&비빔밥 산본학원가점,본그룹,백반·죽·국수,경기도,군포시,0.3614457831325301,Watch,64.62,64.62,Backlog,none,stability,review_growth,0.3614457831325301,4,80.26066461499924,38.70105658476991,18.859657894736845,95.70266608735515,96.70438729105148,50.0,calibrated_model_probability,composite_is_explanation_index_not_predictive_rank
558,ba_14325499,2025-09,본죽&비빔밥 충주계룡힐스점,본그룹,백반·죽·국수,충청북도,충주시,0.3614457831325301,Watch,64.05,64.05,Backlog,none,operation,review_growth,0.3614457831325301,4,81.57814257884878,36.18247056191138,18.42105263157895,96.4261925207235,92.21779073148916,50.0,calibrated_model_probability,composite_is_explanation_index_not_predictive_rank
559,ba_13228668,2025-09,본죽&비빔밥 대전유성온천역점,본그룹,백반·죽·국수,대전광역시,유성구,0.3614457831325301,Watch,63.8,63.8,Backlog,none,operation,review_growth,0.3614457831325301,4,82.70277783101479,33.73325528662352,21.992473684210527,96.20437494226842,86.86786071069704,50.0,calibrated_model_probability,composite_is_explanation_index_not_predictive_rank
560,ba_14525069,2025-09,굽네치킨 다산중앙점,굽네치킨,치킨,경기도,남양주시,0.3614457831325301,Watch,63.71,63.71,Backlog,stability_risk,operation,growth_alpha,0.3614457831325301,4,81.99989311794569,32.17672558210377,62.962973684210525,93.23902415660568,35.38679220980626,50.0,calibrated_model_probability,composite_is_explanation_index_not_predictive_rank
561,ba_14688697,2025-09,본죽&비빔밥 신풍역점,본그룹,백반·죽·국수,서울특별시,영등포구,0.3614457831325301,Watch,63.58,63.58,Backlog,none,operation,review_growth,0.3614457831325301,4,83.06675337951073,36.79525658391636,7.017552631578951,96.10618848378896,92.96025858903631,68.48338551380623,calibrated_model_probability,composite_is_explanation_index_not_predictive_rank
562,ba_14746216,2025-09,굽네치킨&피자 내수점,굽네치킨,치킨,충청북도,청주시,0.3614457831325301,Watch,63.48,63.48,Backlog,none,operation,review_growth,0.3614457831325301,4,79.85042160325021,40.414041823200265,34.21052631578947,96.86593614116954,57.624656591389126,50.0,calibrated_model_probability,composite_is_explanation_index_not_predictive_rank
563,ba_14688173,2025-09,본죽 구리인창아름마을점,본그룹,백반·죽·국수,경기도,구리시,0.3614457831325301,Watch,63.15,63.15,Backlog,none,operation,review_growth,0.3614457831325301,4,81.70305183616829,36.77672224547945,4.761894736842105,100.0,96.46694473534336,50.0,calibrated_model_probability,composite_is_explanation_index_not_predictive_rank
564,ba_14692212,2025-09,본죽&비빔밥 세종대평점,본그룹,백반·죽·국수,세종특별자치시,한누리대로,0.3614457831325301,Watch,63.1,63.1,Backlog,none,stability,review_growth,0.3614457831325301,4,81.57406073585427,33.88634094081832,16.267947368421055,94.38583001768724,94.82777468511432,50.0,calibrated_model_probability,composite_is_explanation_index_not_predictive_rank
565,ba_13233688,2025-09,본죽 대구세천점,본그룹,백반·죽·국수,대구광역시,달성군,0.3614457831325301,Watch,63.03,63.03,Backlog,none,operation,review_growth,0.3614457831325301,4,82.67614731028632,38.80326148930837,0.0,98.33813432044366,96.46746170903664,50.0,calibrated_model_probability,composite_is_explanation_index_not_predictive_rank
566,ba_13308613,2025-09,본죽&비빔밥 김포걸포점,본그룹,백반·죽·국수,경기도,김포시,0.3614457831325301,Watch,63.02,63.02,Backlog,none,growth_alpha,model_probability,0.3614457831325301,7,39.98879511853322,100.0,47.36842105263158,50.0,94.1384145134023,50.0,calibrated_model_probability,composite_is_explanation_index_not_predictive_rank
567,ba_14689545,2025-09,본죽&비빔밥 파주야당역점,본그룹,백반·죽·국수,경기도,파주시,0.3614457831325301,Watch,63.01,63.01,Backlog,none,stability,operation,0.3614457831325301,4,78.96831605883183,78.86720717394184,34.21052631578947,17.5,79.01808834873171,50.0,calibrated_model_probability,composite_is_explanation_index_not_predictive_rank
568,ba_13265806,2025-09,본죽&비빔밥 익산영등제일점,본그룹,백반·죽·국수,전북특별자치도,익산시,0.3614457831325301,Watch,62.63,62.63,Backlog,none,review_growth,operation,0.3614457831325301,7,40.92965744301963,84.65761384692443,100.0,17.5,95.13494435526135,50.0,calibrated_model_probability,composite_is_explanation_index_not_predictive_rank
569,ba_14688563,2025-09,본죽&비빔밥 신정네거리역점,본그룹,백반·죽·국수,서울특별시,양천구,0.3614457831325301,Watch,62.55,62.55,Backlog,none,stability,operation,0.3614457831325301,4,79.65632842373851,60.819927207272606,53.00752631578948,17.5,82.64780810668174,68.17030480186881,calibrated_model_probability,composite_is_explanation_index_not_predictive_rank
570,ba_13477857,2025-09,본죽&비빔밥 논산내동점,본그룹,백반·죽·국수,충청남도,논산시,0.3614457831325301,Watch,62.46,62.46,Backlog,none,stability,growth_alpha,0.3614457831325301,4,78.9335656204955,34.86287443977829,52.63157894736842,63.01677038395353,87.73082839573429,50.0,calibrated_model_probability,composite_is_explanation_index_not_predictive_rank
571,ba_13226947,2025-09,본죽&비빔밥 부산법조타운점,본그룹,백반·죽·국수,부산광역시,연제구,0.3614457831325301,Watch,62.39,62.39,Backlog,none,review_growth,model_probability,0.3614457831325301,7,37.67562588633376,71.19877983749974,100.0,50.0,89.03399938173908,50.0,calibrated_model_probability,composite_is_explanation_index_not_predictive_rank
572,ba_10771255,2025-09,굽네치킨 제천하소점,굽네치킨,치킨,충청북도,제천시,0.3614457831325301,Watch,62.21,62.21,Backlog,stability_risk,operation,stability,0.3614457831325301,4,79.50282855838687,47.33191713399269,44.80431578947369,94.68098809104312,16.23754963002594,50.0,calibrated_model_probability,composite_is_explanation_index_not_predictive_rank
573,ba_10040679,2025-09,굽네치킨 칠암망경점,굽네치킨,치킨,경상남도,진주시,0.3614457831325301,Watch,62.16,62.16,Backlog,none,operation,review_growth,0.3614457831325301,4,82.79155066625947,38.19380100649661,35.15036842105263,91.055344340252,47.08165401811242,50.0,calibrated_model_probability,composite_is_explanation_index_not_predictive_rank
574,ba_13235535,2025-09,본죽 의정부낙양점,본그룹,백반·죽·국수,경기도,의정부시,0.3614457831325301,Watch,61.96,61.96,Backlog,none,growth_alpha,operation,0.3614457831325301,7,36.46464106439263,100.0,82.45613157894738,17.5,92.06009978680524,50.0,calibrated_model_probability,composite_is_explanation_index_not_predictive_rank
575,ba_13233212,2025-09,본죽 통영점,본그룹,백반·죽·국수,경상남도,통영시,0.3614457831325301,Watch,61.89,61.89,Backlog,none,operation,growth_alpha,0.3614457831325301,4,80.36173836741226,25.267385821907297,25.98684210526316,98.0959610127916,88.35152644695994,50.0,calibrated_model_probability,composite_is_explanation_index_not_predictive_rank
576,ba_10432360,2025-09,굽네치킨 영주휴천점,굽네치킨,치킨,경상북도,영주시,0.3614457831325301,Watch,61.78,61.78,Backlog,none,operation,growth_alpha,0.3614457831325301,4,83.55409559501791,33.77752929841599,36.09023684210527,94.72738717965385,44.73969677704624,50.0,calibrated_model_probability,composite_is_explanation_index_not_predictive_rank
577,ba_13052096,2025-09,굽네치킨 구로5동점,굽네치킨,치킨,서울특별시,구로구,0.3614457831325301,Watch,61.76,61.76,Backlog,stability_risk,operation,stability,0.3614457831325301,4,83.30135121375565,41.34909476329007,40.92373684210527,96.42170228634184,1.8443203621801016,75.10853294382564,calibrated_model_probability,composite_is_explanation_index_not_predictive_rank
578,ba_14548743,2025-09,굽네치킨 다산가운지금점,굽네치킨,치킨,경기도,남양주시,0.3614457831325301,Watch,61.68,61.68,Backlog,none,operation,review_growth,0.3614457831325301,4,82.06315154144612,38.01040860512088,29.82455263157895,95.332072076387,46.77264698630222,50.0,calibrated_model_probability,composite_is_explanation_index_not_predictive_rank
579,ba_14782523,2025-09,굽네치킨&피자 동부산오시리아점,굽네치킨,치킨,부산광역시,기장군,0.3614457831325301,Watch,61.68,61.68,Backlog,stability_risk,operation,stability,0.3614457831325301,4,78.93580607249054,38.00094190355083,50.0,92.1616672539608,32.26964834640374,50.0,calibrated_model_probability,composite_is_explanation_index_not_predictive_rank
580,ba_14643477,2025-09,본죽&비빔밥 대구신매시장점,본그룹,백반·죽·국수,대구광역시,수성구,0.3614457831325301,Watch,61.55,61.55,Backlog,growth_alpha_direction_risk,operation,review_growth,0.3614457831325301,4,81.96175777757246,23.98151066719351,22.514631578947373,97.70052103824484,88.32602047915373,50.0,calibrated_model_probability,composite_is_explanation_index_not_predictive_rank
581,ba_13228520,2025-09,본죽&비빔밥 성남모란시장점,본그룹,백반·죽·국수,경기도,성남시,0.3614457831325301,Watch,61.54,61.54,Backlog,none,review_growth,model_probability,0.3614457831325301,7,38.64444974476533,63.316786374068734,100.0,50.0,96.8075052374504,50.0,calibrated_model_probability,composite_is_explanation_index_not_predictive_rank
582,ba_14267751,2025-09,굽네치킨 신정7동점,굽네치킨,치킨,서울특별시,양천구,0.3614457831325301,Watch,61.51,61.51,Backlog,stability_risk,operation,stability,0.3614457831325301,4,79.54007312346077,41.13486352846249,47.36842105263158,90.2182508475852,19.11859280714924,69.02561345534122,calibrated_model_probability,composite_is_explanation_index_not_predictive_rank
583,ba_13233554,2025-09,본죽 대구서재점,본그룹,백반·죽·국수,대구광역시,달성군,0.3614457831325301,Watch,61.48,61.48,Backlog,none,operation,review_growth,0.3614457831325301,4,78.82749715564319,34.169100453287626,6.6985526315789485,100.0,93.407493700151,50.0,calibrated_model_probability,composite_is_explanation_index_not_predictive_rank
584,ba_14687115,2025-09,본죽 강서구청점,본그룹,백반·죽·국수,서울특별시,강서구,0.3614457831325301,Watch,61.47,61.47,Backlog,none,operation,review_growth,0.3614457831325301,4,79.91051359535417,33.08805634261523,8.587263157894737,98.5195397894636,93.84480277986228,59.46718142955872,calibrated_model_probability,composite_is_explanation_index_not_predictive_rank
585,ba_13451078,2025-09,본죽&비빔밥 김포신곡점,본그룹,백반·죽·국수,경기도,김포시,0.3614457831325301,Watch,61.44,61.44,Backlog,growth_alpha_direction_risk,operation,growth_alpha,0.3614457831325301,4,81.43715287323886,6.232952801121066,51.127815789473686,98.1764858827031,89.79490119906976,50.0,calibrated_model_probability,composite_is_explanation_index_not_predictive_rank
586,ba_14688982,2025-09,본죽&비빔밥 군포당정동점,본그룹,백반·죽·국수,경기도,군포시,0.3614457831325301,Watch,61.36,61.36,Backlog,none,stability,review_growth,0.3614457831325301,4,79.05469414578937,48.052273263767866,31.3501052631579,54.29407533501424,88.28746768096545,50.0,calibrated_model_probability,composite_is_explanation_index_not_predictive_rank
587,ba_14456826,2025-09,본죽&비빔밥 청주오송파라곤점,본그룹,백반·죽·국수,충청북도,청주시,0.3614457831325301,Watch,60.91,60.91,Backlog,none,operation,review_growth,0.3614457831325301,4,80.26765832749095,28.01714115921757,14.473684210526317,96.11337285879966,92.21208092556182,50.0,calibrated_model_probability,composite_is_explanation_index_not_predictive_rank
588,ba_14789844,2025-09,굽네치킨 부산우2동점,굽네치킨,치킨,부산광역시,해운대구,0.3614457831325301,Watch,60.9,60.9,Backlog,stability_risk,operation,stability,0.3614457831325301,4,83.08412088497901,38.00094190355083,50.0,90.78238471301844,12.010004669457938,50.0,calibrated_model_probability,composite_is_explanation_index_not_predictive_rank
589,ba_13233457,2025-09,본죽&비빔밥 대구용산장기점,본그룹,백반·죽·국수,대구광역시,달서구,0.3614457831325301,Watch,60.74,60.74,Backlog,growth_alpha_direction_risk,operation,review_growth,0.3614457831325301,4,82.96893571959562,23.25024676886456,21.05263157894737,93.0749809271949,87.67205691765156,50.0,calibrated_model_probability,composite_is_explanation_index_not_predictive_rank
590,ba_13227543,2025-09,본죽&비빔밥 부경대경성대점,본그룹,백반·죽·국수,부산광역시,남구,0.3614457831325301,Watch,60.72,60.72,Backlog,growth_alpha_direction_risk,operation,growth_alpha,0.3614457831325301,4,78.57499905841621,17.060287646946577,46.172236842105264,96.75846986496796,75.14538225685259,50.0,calibrated_model_probability,composite_is_explanation_index_not_predictive_rank
591,ba_14780115,2025-09,굽네치킨&피자 부사문창점,굽네치킨,치킨,대전광역시,중구,0.3614457831325301,Watch,60.7,60.7,Backlog,stability_risk,operation,stability,0.3614457831325301,4,83.33806492029966,38.00094190355083,50.0,96.89168015162451,0.0,50.0,calibrated_model_probability,composite_is_explanation_index_not_predictive_rank
592,ba_14687341,2025-09,본죽&비빔밥 봉천역점,본그룹,백반·죽·국수,서울특별시,관악구,0.3614457831325301,Watch,60.67,60.67,Backlog,none,stability,review_growth,0.3614457831325301,4,81.82800923247981,34.03769731463265,8.991236842105264,84.78540956069257,94.0176570472899,61.15571817466453,calibrated_model_probability,composite_is_explanation_index_not_predictive_rank
593,ba_14581239,2025-09,굽네치킨 여좌중앙점,굽네치킨,치킨,경상남도,창원시,0.3614457831325301,Watch,60.61,60.61,Backlog,none,operation,growth_alpha,0.3614457831325301,4,81.95768523395344,31.507848799039728,47.36842105263158,82.36969772426369,45.8618193413588,50.0,calibrated_model_probability,composite_is_explanation_index_not_predictive_rank
594,ba_14689472,2025-09,본죽&비빔밥 수원율전점,본그룹,백반·죽·국수,경기도,수원시,0.3614457831325301,Watch,60.51,60.51,Backlog,growth_alpha_direction_risk,operation,growth_alpha,0.3614457831325301,4,81.9306270178809,6.866401506646618,54.8872105263158,99.79356895802614,69.18808181567444,50.0,calibrated_model_probability,composite_is_explanation_index_not_predictive_rank
595,ba_13228878,2025-09,본죽 대전도마사거리점,본그룹,백반·죽·국수,대전광역시,서구,0.3614457831325301,Watch,60.28,60.28,Backlog,growth_alpha_direction_risk,operation,review_growth,0.3614457831325301,4,83.54773151288603,20.426952674861425,10.526315789473683,98.95269773281652,95.08261498384368,50.0,calibrated_model_probability,composite_is_explanation_index_not_predictive_rank
596,ba_13222051,2025-09,본죽&비빔밥 이천점,본그룹,백반·죽·국수,경기도,이천시,0.3614457831325301,Watch,59.68,59.68,Backlog,none,stability,review_growth,0.3614457831325301,4,83.21075346154456,32.32085445073815,30.45113157894737,57.94310488161176,92.16419180751352,50.0,calibrated_model_probability,composite_is_explanation_index_not_predictive_rank
597,ba_14390691,2025-09,본죽&비빔밥 경산옥곡점,본그룹,백반·죽·국수,경상북도,경산시,0.3614457831325301,Watch,59.58,59.58,Backlog,growth_alpha_direction_risk,operation,growth_alpha,0.3614457831325301,4,81.04418116960487,18.957662948510624,19.85644736842105,97.89150567394567,88.12257114775628,50.0,calibrated_model_probability,composite_is_explanation_index_not_predictive_rank
598,ba_14700021,2025-09,굽네치킨 영등포본동점,굽네치킨,치킨,서울특별시,영등포구,0.3614457831325301,Watch,59.57,59.57,Backlog,stability_risk,model_probability,stability,0.3614457831325301,4,79.9364475415993,43.97527306418008,40.86339473684211,62.840651893082814,37.08429996312574,71.54852303386598,calibrated_model_probability,composite_is_explanation_index_not_predictive_rank
599,ba_13504506,2025-09,본죽&비빔밥 세종반곡점,본그룹,백반·죽·국수,세종특별자치시,한누리대로,0.3614457831325301,Watch,59.42,59.42,Backlog,none,stability,review_growth,0.3614457831325301,4,79.33547352630464,29.150839640449355,6.6985526315789485,93.12557090122851,93.89455895649157,50.0,calibrated_model_probability,composite_is_explanation_index_not_predictive_rank
600,ba_14691797,2025-09,본죽&비빔밥 부산모라점,본그룹,백반·죽·국수,부산광역시,사상구,0.3614457831325301,Watch,58.54,58.54,Backlog,growth_alpha_direction_risk,operation,growth_alpha,0.3614457831325301,4,78.9144168846219,6.808803167819959,54.54544736842105,98.6479604927797,62.343426119200885,50.0,calibrated_model_probability,composite_is_explanation_index_not_predictive_rank
601,ba_14388856,2025-09,굽네치킨&피자 여의도1호점,굽네치킨,치킨,서울특별시,영등포구,0.3614457831325301,Watch,58.52,58.52,Backlog,stability_risk,operation,stability,0.3614457831325301,4,81.74397938719609,28.6039658052541,21.896078947368423,97.67777051737764,21.47547691417809,82.60260527462879,calibrated_model_probability,composite_is_explanation_index_not_predictive_rank
602,ba_13224027,2025-09,본죽 삼전동점,본그룹,백반·죽·국수,서울특별시,송파구,0.3614457831325301,Watch,58.41,58.41,Backlog,growth_alpha_direction_risk,operation,review_growth,0.3614457831325301,4,81.60865302088715,19.38069370415017,7.894736842105264,99.57444552020009,93.25655787841416,54.44898051284677,calibrated_model_probability,composite_is_explanation_index_not_predictive_rank
603,ba_14708789,2025-09,본죽&비빔밥 파주금릉역점,본그룹,백반·죽·국수,경기도,파주시,0.3614457831325301,Watch,58.25,58.25,Backlog,growth_alpha_direction_risk,operation,growth_alpha,0.3614457831325301,4,82.53454787719667,3.382500137039932,34.21052631578947,93.8062904334915,93.13005465821342,50.0,calibrated_model_probability,composite_is_explanation_index_not_predictive_rank
604,ba_14688207,2025-09,본죽 이대점,본그룹,백반·죽·국수,서울특별시,서대문구,0.3614457831325301,Watch,57.72,57.72,Backlog,none,stability,review_growth,0.3614457831325301,7,48.872439856183206,68.72863583555586,36.84210526315789,50.0,93.63414561132184,67.07799704318401,calibrated_model_probability,composite_is_explanation_index_not_predictive_rank
605,ba_14687137,2025-09,본죽&비빔밥 명동점,본그룹,백반·죽·국수,서울특별시,중구,0.3614457831325301,Watch,57.46,57.46,Backlog,none,growth_alpha,operation,0.3614457831325301,7,37.42854571941716,100.0,38.596500000000006,17.5,98.0157969437424,67.75547917514896,calibrated_model_probability,composite_is_explanation_index_not_predictive_rank
606,ba_12015187,2025-09,굽네피자 길음1동점,굽네치킨,피자,서울특별시,성북구,0.3614457831325301,Watch,57.26,57.26,Backlog,none,stability,market_fit,0.3614457831325301,4,83.45587848727492,38.054638276390776,50.0,50.0,99.03247179889406,0.0,calibrated_model_probability,composite_is_explanation_index_not_predictive_rank
607,ba_14652929,2025-09,굽네치킨 울산중앙점,굽네치킨,치킨,울산광역시,중구,0.3614457831325301,Watch,57.23,57.23,Backlog,stability_risk,operation,stability,0.3614457831325301,4,83.53763581622366,33.37906319228374,32.779315789473685,98.20312794003442,0.0,50.0,calibrated_model_probability,composite_is_explanation_index_not_predictive_rank
608,ba_14729038,2025-09,굽네치킨&피자 파주읍점,굽네치킨,치킨,경기도,파주시,0.3614457831325301,Watch,57.07,57.07,Backlog,none,operation,review_growth,0.3614457831325301,4,78.68406763566483,27.404355137212583,13.533842105263158,88.85421035678974,73.22075913779945,50.0,calibrated_model_probability,composite_is_explanation_index_not_predictive_rank
609,ba_14488211,2025-09,굽네치킨&피자 풍동점,굽네치킨,치킨,경기도,고양시,0.3614457831325301,Watch,56.98,56.98,Backlog,none,model_probability,growth_alpha,0.3614457831325301,4,80.22929977935298,38.79100133481601,54.19102631578947,42.8,46.550961210803536,50.0,calibrated_model_probability,composite_is_explanation_index_not_predictive_rank
610,ba_14454741,2025-09,본죽&비빔밥 부천소새울역점,본그룹,백반·죽·국수,경기도,부천시,0.3614457831325301,Watch,56.92,56.92,Backlog,growth_alpha_direction_risk,stability,growth_alpha,0.3614457831325301,4,80.41562222703637,2.643498817521405,29.82455263157895,93.11479433871249,96.75533362055155,50.0,calibrated_model_probability,composite_is_explanation_index_not_predictive_rank
611,ba_14296954,2025-09,굽네치킨&피자 청주동남지구점,굽네치킨,치킨,충청북도,청주시,0.3614457831325301,Watch,56.69,56.69,Backlog,none,model_probability,growth_alpha,0.3614457831325301,4,81.70314504383887,30.649017217258645,34.56615789473684,68.00411712926059,50.43327215361421,50.0,calibrated_model_probability,composite_is_explanation_index_not_predictive_rank
612,ba_14801006,2025-09,굽네치킨&피자 상봉점,굽네치킨,치킨,서울특별시,중랑구,0.3614457831325301,Watch,56.66,56.66,Backlog,none,operation,growth_alpha,0.3614457831325301,7,40.73032834982358,38.00094190355083,50.0,97.39249095966144,92.29563583365577,70.76894285768341,calibrated_model_probability,composite_is_explanation_index_not_predictive_rank
613,ba_14794547,2025-09,굽네치킨&피자 회기역점,굽네치킨,치킨,서울특별시,동대문구,0.3614457831325301,Watch,56.52,56.52,Backlog,none,stability,growth_alpha,0.3614457831325301,7,45.86239172685746,38.00094190355083,50.0,87.82200539854465,92.10449659805208,66.28942224806937,calibrated_model_probability,composite_is_explanation_index_not_predictive_rank
614,ba_13471384,2025-09,본죽&비빔밥 통영죽림점,본그룹,백반·죽·국수,경상남도,통영시,0.3614457831325301,Watch,56.47,56.47,Backlog,growth_alpha_direction_risk,operation,growth_alpha,0.3614457831325301,4,79.1444403037879,3.628833910212772,35.67252631578948,96.74140697431756,80.02006761004392,50.0,calibrated_model_probability,composite_is_explanation_index_not_predictive_rank
615,ba_13977167,2025-09,굽네피자 연신내점,굽네치킨,피자,서울특별시,은평구,0.3614457831325301,Watch,56.36,56.36,Backlog,none,stability,market_fit,0.3614457831325301,7,50.35700204331223,80.3907253594035,50.0,50.0,98.96144352709734,0.0,calibrated_model_probability,composite_is_explanation_index_not_predictive_rank
616,ba_13612153,2025-09,본죽&비빔밥 철산역점,본그룹,백반·죽·국수,경기도,광명시,0.3614457831325301,Watch,56.34,56.34,Backlog,none,growth_alpha,operation,0.3614457831325301,7,42.41349843331798,100.0,29.82455263157895,17.5,94.00509309724308,50.0,calibrated_model_probability,composite_is_explanation_index_not_predictive_rank
617,ba_14692185,2025-09,본죽&비빔밥 세종첫마을점,본그룹,백반·죽·국수,세종특별자치시,노을3로,0.3614457831325301,Watch,56.02,56.02,Backlog,growth_alpha_direction_risk,operation,growth_alpha,0.3614457831325301,4,82.26758857642068,3.382500137039932,34.21052631578947,99.09578653511278,63.81572217285725,50.0,calibrated_model_probability,composite_is_explanation_index_not_predictive_rank
618,ba_14690014,2025-09,본죽&비빔밥 인천석바위점,본그룹,백반·죽·국수,인천광역시,미추홀구,0.3614457831325301,Watch,55.86,55.86,Backlog,growth_alpha_direction_risk,operation,growth_alpha,0.3614457831325301,4,82.09491281994796,1.8476307777987264,25.1012105263158,95.22400710226786,86.2055899208834,50.0,calibrated_model_probability,composite_is_explanation_index_not_predictive_rank
619,ba_14671483,2025-09,굽네치킨 영천중앙점,굽네치킨,치킨,경상북도,영천시,0.3614457831325301,Watch,55.63,55.63,Backlog,stability_risk,model_probability,review_growth,0.3614457831325301,4,81.19232648441695,32.10006081856928,21.05263157894737,80.31805228172328,39.83581954194519,50.0,calibrated_model_probability,composite_is_explanation_index_not_predictive_rank
620,ba_14598667,2025-09,본죽&비빔밥 조치원죽림점,본그룹,백반·죽·국수,세종특별자치시,조치원읍,0.3614457831325301,Watch,55.55,55.55,Backlog,growth_alpha_direction_risk,operation,growth_alpha,0.3614457831325301,4,79.3133485745425,2.1508091009144303,26.90057894736842,96.70398835447024,87.15142848519059,50.0,calibrated_model_probability,composite_is_explanation_index_not_predictive_rank
621,ba_13228909,2025-09,본죽&비빔밥 청주사창점,본그룹,백반·죽·국수,충청북도,청주시,0.3614457831325301,Watch,55.45,55.45,Backlog,growth_alpha_direction_risk,operation,growth_alpha,0.3614457831325301,4,81.09592444365377,1.1654740082230637,21.05263157894737,97.9379047625564,89.21586404001576,50.0,calibrated_model_probability,composite_is_explanation_index_not_predictive_rank
622,ba_14665998,2025-09,본죽&비빔밥 오금동사거리점,본그룹,백반·죽·국수,서울특별시,송파구,0.3614457831325301,Watch,54.91,54.91,Backlog,none,stability,review_growth,0.3614457831325301,7,44.454401240614274,78.72334434844291,0.0,50.0,99.80461306176956,74.65607228877047,calibrated_model_probability,composite_is_explanation_index_not_predictive_rank
623,ba_14229365,2025-09,굽네치킨&피자 중곡1동점,굽네치킨,치킨,서울특별시,광진구,0.3614457831325301,Watch,54.55,54.55,Backlog,stability_risk,operation,stability,0.3614457831325301,4,82.31598982836677,27.01200802319586,27.4436052631579,94.20412519970851,22.908128876706385,40.56953447813814,calibrated_model_probability,composite_is_explanation_index_not_predictive_rank
624,ba_13236479,2025-09,본죽 군포지샘병원점,본그룹,백반·죽·국수,경기도,군포시,0.3614457831325301,Watch,54.55,54.55,Backlog,none,stability,model_probability,0.3614457831325301,7,37.92027689947204,67.60495831242632,47.36842105263158,50.0,97.70983089914054,50.0,calibrated_model_probability,composite_is_explanation_index_not_predictive_rank
625,ba_14701165,2025-09,본죽&비빔밥 연세세브란스빌딩점,본그룹,백반·죽·국수,서울특별시,중구,0.3614457831325301,Watch,54.26,54.26,Backlog,none,stability,operation,0.3614457831325301,7,40.97978708187339,73.63855058147884,50.0,17.5,96.77226735594216,69.62377476513704,calibrated_model_probability,composite_is_explanation_index_not_predictive_rank
626,ba_14689402,2025-09,본죽&비빔밥 의정부을지대병원점,본그룹,백반·죽·국수,경기도,의정부시,0.3614457831325301,Watch,54.1,54.1,Backlog,growth_alpha_direction_risk,stability,growth_alpha,0.3614457831325301,4,81.5227656538091,2.0100501119958487,26.06515789473685,84.5522664701797,84.68924460433887,50.0,calibrated_model_probability,composite_is_explanation_index_not_predictive_rank
627,ba_14228481,2025-09,굽네피자 중곡1동점,굽네치킨,피자,서울특별시,광진구,0.3614457831325301,Watch,53.95,53.95,Backlog,none,stability,market_fit,0.3614457831325301,4,81.11975405261443,25.116783236976765,50.0,50.0,99.7026656633061,2.7478164079990424,calibrated_model_probability,composite_is_explanation_index_not_predictive_rank
628,ba_14117512,2025-09,굽네피자 논현1동점,굽네치킨,피자,서울특별시,강남구,0.3614457831325301,Watch,53.73,53.73,Backlog,none,market_fit,operation,0.3614457831325301,7,49.25530970728378,40.39162768903793,60.526315789473685,17.5,95.60004877855587,99.90166865315852,calibrated_model_probability,composite_is_explanation_index_not_predictive_rank
629,ba_14800284,2025-09,굽네치킨&피자 광주양산점,굽네치킨,치킨,광주광역시,북구,0.3614457831325301,Watch,53.34,53.34,Backlog,none,stability,growth_alpha,0.3614457831325301,7,42.65909315893733,38.00094190355083,50.0,79.2007553857154,95.2758593335238,50.0,calibrated_model_probability,composite_is_explanation_index_not_predictive_rank
630,ba_14799070,2025-09,굽네치킨&피자 전남나주점,굽네치킨,치킨,전라남도,나주시,0.3614457831325301,Watch,53.19,53.19,Backlog,none,stability,growth_alpha,0.3614457831325301,7,47.468932039008486,38.00094190355083,50.0,65.0,98.22022139088858,50.0,calibrated_model_probability,composite_is_explanation_index_not_predictive_rank
631,ba_13233575,2025-09,본죽&비빔밥 대구두산점,본그룹,백반·죽·국수,대구광역시,수성구,0.3614457831325301,Watch,53.12,53.12,Backlog,none,stability,model_probability,0.3614457831325301,7,39.20992332629004,42.52983853897535,80.26315789473684,50.0,92.28542113837796,50.0,calibrated_model_probability,composite_is_explanation_index_not_predictive_rank
632,ba_14228480,2025-09,굽네치킨 중곡1동점,굽네치킨,치킨,서울특별시,광진구,0.3614457831325301,Watch,52.65,52.65,Backlog,growth_alpha_direction_risk,stability,review_growth,0.3614457831325301,4,80.70648280981926,21.315802790426687,3.508763157894738,91.23458352862288,97.12360658203288,9.013366420927172,calibrated_model_probability,composite_is_explanation_index_not_predictive_rank
633,ba_14495840,2025-09,본죽&비빔밥 검단파라곤센트럴점,본그룹,백반·죽·국수,인천광역시,서구,0.3614457831325301,Watch,52.56,52.56,Backlog,growth_alpha_direction_risk,operation,growth_alpha,0.3614457831325301,4,80.06967266999497,0.0,3.508763157894738,97.96664226259917,93.1493777378401,50.0,calibrated_model_probability,composite_is_explanation_index_not_predictive_rank
634,ba_14557882,2025-09,굽네치킨 신방화역점,굽네치킨,치킨,서울특별시,강서구,0.3614457831325301,Watch,52.28,52.28,Backlog,stability_risk,model_probability,stability,0.3614457831325301,4,79.83656980806084,33.38839687228605,50.0,38.16239903558319,0.0,77.12645914396887,calibrated_model_probability,composite_is_explanation_index_not_predictive_rank
635,ba_14280570,2025-09,본죽&비빔밥 분당수내점,본그룹,백반·죽·국수,경기도,성남시,0.3614457831325301,Watch,52.22,52.22,Backlog,none,stability,model_probability,0.3614457831325301,7,40.88655397830995,51.81183966223164,50.0,50.0,99.58917357532528,50.0,calibrated_model_probability,composite_is_explanation_index_not_predictive_rank
636,ba_14690763,2025-09,본죽&비빔밥 양산남부시장점,본그룹,백반·죽·국수,경상남도,양산시,0.3614457831325301,Watch,51.85,51.85,Backlog,growth_alpha_direction_risk,operation,growth_alpha,0.3614457831325301,4,78.39119588750724,0.0,11.184210526315791,93.98739655355268,86.39275128381396,50.0,calibrated_model_probability,composite_is_explanation_index_not_predictive_rank
637,ba_12014214,2025-09,굽네치킨&피자 대전가오점,굽네치킨,치킨,대전광역시,동구,0.3614457831325301,Watch,51.77,51.77,Backlog,stability_risk,model_probability,review_growth,0.3614457831325301,4,82.55256488364901,30.73164578107965,21.05263157894737,58.42631739200345,32.734084254261084,50.0,calibrated_model_probability,composite_is_explanation_index_not_predictive_rank
638,ba_10015935,2025-09,굽네치킨 봉곡사림점,굽네치킨,치킨,경상남도,창원시,0.3614457831325301,Watch,51.68,51.68,Backlog,stability_risk,model_probability,review_growth,0.3614457831325301,4,80.9212932744807,33.16660557835921,22.76886842105263,56.80833626980407,31.29791538608448,50.0,calibrated_model_probability,composite_is_explanation_index_not_predictive_rank
639,ba_14308401,2025-09,굽네치킨 삼성2동점,굽네치킨,치킨,서울특별시,강남구,0.3614457831325301,Watch,51.3,51.3,Backlog,none,stability,growth_alpha,0.3614457831325301,7,41.27127780475439,38.00094190355083,50.0,50.0,100.0,72.5,calibrated_model_probability,composite_is_explanation_index_not_predictive_rank
640,ba_13234475,2025-09,본죽&비빔밥 노량진점,본그룹,백반·죽·국수,서울특별시,동작구,0.3614457831325301,Watch,50.81,50.81,Backlog,none,stability,review_growth,0.3614457831325301,7,41.77455639935361,61.43832230538349,5.263157894736844,50.0,97.16644137652418,76.17736198991622,calibrated_model_probability,composite_is_explanation_index_not_predictive_rank
641,ba_13223367,2025-09,본죽 성수역점,본그룹,백반·죽·국수,서울특별시,성동구,0.3614457831325301,Watch,50.65,50.65,Backlog,none,stability,growth_alpha,0.3614457831325301,7,50.10551171631049,26.02341390209513,50.0,50.0,99.59907446219074,65.46878197431768,calibrated_model_probability,composite_is_explanation_index_not_predictive_rank
642,ba_14441192,2025-09,굽네피자 나주빛가람점,굽네치킨,피자,전라남도,나주시,0.3614457831325301,Watch,50.28,50.28,Backlog,none,stability,growth_alpha,0.3614457831325301,7,44.394418572330544,32.9713742574556,47.36842105263158,65.20052103824483,96.13667406375863,50.0,calibrated_model_probability,composite_is_explanation_index_not_predictive_rank
643,ba_14597164,2025-09,굽네치킨&피자 역삼2동점,굽네치킨,치킨,서울특별시,강남구,0.3614457831325301,Watch,50.2,50.2,Backlog,stability_risk,model_probability,stability,0.3614457831325301,4,82.63300083641198,28.74062329583437,27.48092105263158,30.988177281295645,24.87188182255288,75.71215733015495,calibrated_model_probability,composite_is_explanation_index_not_predictive_rank
644,ba_13648667,2025-09,본죽&비빔밥 대전노은3지구점,본그룹,백반·죽·국수,대전광역시,유성구,0.3614457831325301,Watch,50.13,50.13,Backlog,none,stability,model_probability,0.3614457831325301,7,37.92151271382741,41.2660227942433,64.91228947368421,50.0,93.04743906421376,50.0,calibrated_model_probability,composite_is_explanation_index_not_predictive_rank
645,ba_13200236,2025-09,본죽 남양주진접롯데시네마점,본그룹,백반·죽·국수,경기도,남양주시,0.3614457831325301,Watch,49.52,49.52,Backlog,none,stability,model_probability,0.3614457831325301,7,39.61479229323719,43.306817516080514,50.0,50.0,98.31454874497072,50.0,calibrated_model_probability,composite_is_explanation_index_not_predictive_rank
646,ba_13243478,2025-09,본죽 보정동단국대점,본그룹,백반·죽·국수,경기도,용인시,0.3614457831325301,Watch,49.5,49.5,Backlog,none,stability,model_probability,0.3614457831325301,7,38.24087166349575,44.956728361146034,50.0,50.0,98.75132450868288,50.0,calibrated_model_probability,composite_is_explanation_index_not_predictive_rank
647,ba_13081281,2025-09,굽네치킨 하늘도시1호점,굽네치킨,치킨,인천광역시,중구,0.3614457831325301,Watch,49.43,49.43,Backlog,stability_risk,model_probability,growth_alpha,0.3614457831325301,4,80.51183958019553,27.93418004147724,32.84936842105264,39.27471661403826,34.46644342741285,50.0,calibrated_model_probability,composite_is_explanation_index_not_predictive_rank
648,ba_14689378,2025-09,본죽&비빔밥 성남중앙병원점,본그룹,백반·죽·국수,경기도,성남시,0.3614457831325301,Watch,49.31,49.31,Backlog,growth_alpha_direction_risk,stability,growth_alpha,0.3614457831325301,4,79.03189688056165,1.1654740082230637,21.05263157894737,65.92195202890171,83.10417223797772,50.0,calibrated_model_probability,composite_is_explanation_index_not_predictive_rank
649,ba_13230846,2025-09,본죽&비빔밥 수원탑동점,본그룹,백반·죽·국수,경기도,수원시,0.3614457831325301,Watch,49.14,49.14,Backlog,none,stability,model_probability,0.3614457831325301,7,39.94927903839421,43.55530180459831,47.36842105263158,50.0,96.61614325724592,50.0,calibrated_model_probability,composite_is_explanation_index_not_predictive_rank
650,ba_14687136,2025-09,본죽 서울백병원점,본그룹,백반·죽·국수,서울특별시,중구,0.3614457831325301,Watch,49.01,49.01,Backlog,none,stability,review_growth,0.3614457831325301,7,46.78015173674412,77.2574466720692,3.508763157894738,17.5,90.55166399614114,59.06954353748509,calibrated_model_probability,composite_is_explanation_index_not_predictive_rank
651,ba_13268955,2025-09,본죽&비빔밥 전주객사점,본그룹,백반·죽·국수,전북특별자치도,전주시,0.3614457831325301,Watch,49.01,49.01,Backlog,none,stability,review_growth,0.3614457831325301,7,41.19099260302634,58.769976167523374,21.05263157894737,50.0,92.39615914446208,50.0,calibrated_model_probability,composite_is_explanation_index_not_predictive_rank
652,ba_14687307,2025-09,본죽&비빔밥 봉천현대시장점,본그룹,백반·죽·국수,서울특별시,관악구,0.3614457831325301,Watch,48.84,48.84,Backlog,none,stability,operation,0.3614457831325301,7,50.07803220055431,48.03469224656635,37.79905263157895,17.5,91.82684740063353,65.2692461841997,calibrated_model_probability,composite_is_explanation_index_not_predictive_rank
653,ba_14637553,2025-09,굽네치킨&피자 양지동점,굽네치킨,치킨,경기도,성남시,0.3614457831325301,Watch,48.82,48.82,Backlog,none,operation,review_growth,0.3614457831325301,7,45.369269024173256,30.66792845013745,9.210526315789474,96.65818796377708,93.96146266741836,50.0,calibrated_model_probability,composite_is_explanation_index_not_predictive_rank
654,ba_14673508,2025-09,본죽&비빔밥 고덕래미안점,본그룹,백반·죽·국수,서울특별시,강동구,0.3614457831325301,Watch,48.48,48.48,Backlog,none,stability,review_growth,0.3614457831325301,7,48.20302661773264,42.04619428897395,7.894736842105264,50.0,98.12195284132424,71.88132290176375,calibrated_model_probability,composite_is_explanation_index_not_predictive_rank
655,ba_14253619,2025-09,본죽&비빔밥 문래힐스테이트점,본그룹,백반·죽·국수,서울특별시,영등포구,0.3614457831325301,Watch,47.86,47.86,Backlog,none,stability,review_growth,0.3614457831325301,7,47.21254905242828,34.76386205286532,21.05263157894737,50.0,98.67091877356825,66.90188968543913,calibrated_model_probability,composite_is_explanation_index_not_predictive_rank
656,ba_13580972,2025-09,굽네치킨&피자 신수점,굽네치킨,치킨,서울특별시,마포구,0.3614457831325301,Watch,47.67,47.67,Backlog,none,operation,review_growth,0.3614457831325301,7,35.39203695515751,37.50827435720515,18.128657894736847,94.59148275236828,58.3695831724453,76.08668998078925,calibrated_model_probability,composite_is_explanation_index_not_predictive_rank
657,ba_13228993,2025-09,본죽&비빔밥 동탄솔빛나루점,본그룹,백반·죽·국수,경기도,화성시,0.3614457831325301,Watch,47.52,47.52,Backlog,none,stability,review_growth,0.3614457831325301,7,40.649154326872726,51.85994912922697,21.05263157894737,50.0,96.683405927328,50.0,calibrated_model_probability,composite_is_explanation_index_not_predictive_rank
658,ba_14440526,2025-09,굽네치킨 서산동문점,굽네치킨,치킨,충청남도,서산시,0.3614457831325301,Watch,47.33,47.33,Backlog,none,stability,operation,0.3614457831325301,7,47.27418408017038,43.70186940197439,54.8872105263158,17.5,89.99781311773197,50.0,calibrated_model_probability,composite_is_explanation_index_not_predictive_rank
659,ba_14690092,2025-09,본죽&비빔밥 인천불로동점,본그룹,백반·죽·국수,인천광역시,서구,0.3614457831325301,Watch,47.18,47.18,Backlog,growth_alpha_direction_risk,model_probability,growth_alpha,0.3614457831325301,4,81.17025531114889,0.0,13.043473684210529,59.032928183618935,79.58869370201167,50.0,calibrated_model_probability,composite_is_explanation_index_not_predictive_rank
660,ba_13459937,2025-09,굽네치킨 성사점,굽네치킨,치킨,경기도,고양시,0.3614457831325301,Watch,47.09,47.09,Backlog,none,operation,review_growth,0.3614457831325301,7,45.82000946238302,34.220513289214885,28.94736842105264,92.1796681708239,43.23985556164073,50.0,calibrated_model_probability,composite_is_explanation_index_not_predictive_rank
661,ba_13225746,2025-09,본죽 고양점,본그룹,백반·죽·국수,경기도,고양시,0.3614457831325301,Watch,47.05,47.05,Backlog,none,stability,review_growth,0.3614457831325301,7,36.60511404552543,67.35596410789888,0.0,50.0,98.95067744947356,50.0,calibrated_model_probability,composite_is_explanation_index_not_predictive_rank
662,ba_14463469,2025-09,굽네피자 화명신도시점,굽네치킨,피자,부산광역시,북구,0.3614457831325301,Watch,47.0,47.0,Backlog,none,stability,review_growth,0.3614457831325301,7,48.58817526144484,27.05326687945314,4.605263157894738,86.59796750609816,95.54580134933012,50.0,calibrated_model_probability,composite_is_explanation_index_not_predictive_rank
663,ba_14272566,2025-09,본죽&비빔밥 광명6동점,본그룹,백반·죽·국수,경기도,광명시,0.3614457831325301,Watch,46.76,46.76,Backlog,none,stability,review_growth,0.3614457831325301,7,38.26735474925347,63.69022225520666,0.0,50.0,99.41383918530867,50.0,calibrated_model_probability,composite_is_explanation_index_not_predictive_rank
664,ba_14092187,2025-09,굽네치킨&피자 일산식사점,굽네치킨,치킨,경기도,고양시,0.3614457831325301,Watch,46.55,46.55,Backlog,none,operation,review_growth,0.3614457831325301,7,43.81234112339341,40.46430180554054,35.67252631578948,65.0,60.0,50.0,calibrated_model_probability,composite_is_explanation_index_not_predictive_rank
665,ba_14689403,2025-09,본죽&비빔밥 의왕역점,본그룹,백반·죽·국수,경기도,의왕시,0.3614457831325301,Watch,45.83,45.83,Backlog,growth_alpha_direction_risk,model_probability,growth_alpha,0.3614457831325301,4,81.80818414110391,1.5065634781415382,23.07692105263158,40.9085,72.25937913602058,50.0,calibrated_model_probability,composite_is_explanation_index_not_predictive_rank
666,ba_13234578,2025-09,본죽&비빔밥 동백중앙점,본그룹,백반·죽·국수,경기도,용인시,0.3614457831325301,Watch,45.83,45.83,Backlog,none,stability,operation,0.3614457831325301,7,40.04071739845142,46.22546590388405,53.94736842105263,17.5,95.46743679463285,50.0,calibrated_model_probability,composite_is_explanation_index_not_predictive_rank
667,ba_13229747,2025-09,본죽 창원중앙동점,본그룹,백반·죽·국수,경상남도,창원시,0.3614457831325301,Watch,45.63,45.63,Backlog,none,stability,operation,0.3614457831325301,7,40.21136270679987,66.21386309763889,19.407894736842103,17.5,94.68589143187722,50.0,calibrated_model_probability,composite_is_explanation_index_not_predictive_rank
668,ba_14687323,2025-09,본죽&비빔밥 관악구청점,본그룹,백반·죽·국수,서울특별시,관악구,0.3614457831325301,Watch,45.15,45.15,Backlog,none,stability,operation,0.3614457831325301,7,50.18350158745432,42.50210354210386,22.248815789473685,17.5,95.32158674705644,58.336886231875496,calibrated_model_probability,composite_is_explanation_index_not_predictive_rank
669,ba_13199335,2025-09,본죽&비빔밥 울산매곡점,본그룹,백반·죽·국수,울산광역시,북구,0.3614457831325301,Watch,44.93,44.93,Backlog,none,stability,operation,0.3614457831325301,7,39.8256430961611,63.01737699537202,23.44497368421053,17.5,90.95661775995433,50.0,calibrated_model_probability,composite_is_explanation_index_not_predictive_rank
670,ba_13221865,2025-09,본죽 처인구청점,본그룹,백반·죽·국수,경기도,용인시,0.3614457831325301,Watch,44.46,44.46,Backlog,none,stability,review_growth,0.3614457831325301,7,39.09144300689833,41.40416569232988,21.05263157894737,50.0,97.7149954122756,50.0,calibrated_model_probability,composite_is_explanation_index_not_predictive_rank
671,ba_14285796,2025-09,본죽&비빔밥 대구평리뉴타운점,본그룹,백반·죽·국수,대구광역시,서구,0.3614457831325301,Watch,44.23,44.23,Backlog,none,stability,review_growth,0.3614457831325301,7,36.54342719908252,50.85672263567604,10.526315789473683,50.0,96.49405553440532,50.0,calibrated_model_probability,composite_is_explanation_index_not_predictive_rank
672,ba_14171127,2025-09,굽네피자 연경점,굽네치킨,피자,대구광역시,동구,0.3614457831325301,Watch,44.2,44.2,Backlog,growth_alpha_direction_risk,stability,review_growth,0.3614457831325301,7,49.26995719355942,19.82576169951016,18.128657894736847,65.0,95.30516619915556,50.0,calibrated_model_probability,composite_is_explanation_index_not_predictive_rank
673,ba_13233448,2025-09,본죽&비빔밥 대구달서구청점,본그룹,백반·죽·국수,대구광역시,달서구,0.3614457831325301,Watch,44.16,44.16,Backlog,none,stability,review_growth,0.3614457831325301,7,36.74912827912606,53.62079996177848,6.432736842105263,50.0,94.2892648536144,50.0,calibrated_model_probability,composite_is_explanation_index_not_predictive_rank
674,ba_13231120,2025-09,본죽 안산본오1동점,본그룹,백반·죽·국수,경기도,안산시,0.3614457831325301,Watch,44.1,44.1,Backlog,growth_alpha_direction_risk,stability,growth_alpha,0.3614457831325301,7,38.36609492393953,10.03357852349053,73.68421052631578,50.0,96.14299917783796,50.0,calibrated_model_probability,composite_is_explanation_index_not_predictive_rank
675,ba_13233764,2025-09,본죽 대구송라시장점,본그룹,백반·죽·국수,대구광역시,동구,0.3614457831325301,Watch,44.05,44.05,Backlog,none,stability,review_growth,0.3614457831325301,7,41.59768790546265,40.251356445867685,21.05263157894737,50.0,87.66504991316752,50.0,calibrated_model_probability,composite_is_explanation_index_not_predictive_rank
676,ba_14387283,2025-09,본죽&비빔밥 신봉초교점,본그룹,백반·죽·국수,경기도,용인시,0.3614457831325301,Watch,43.94,43.94,Backlog,none,stability,review_growth,0.3614457831325301,7,38.364018694473465,45.64622348720808,12.280710526315792,50.0,97.58630245508598,50.0,calibrated_model_probability,composite_is_explanation_index_not_predictive_rank
677,ba_13233027,2025-09,본죽&비빔밥 고척근린공원점,본그룹,백반·죽·국수,서울특별시,구로구,0.3614457831325301,Watch,43.51,43.51,Backlog,growth_alpha_direction_risk,stability,growth_alpha,0.3614457831325301,7,49.00015328453187,1.1654740082230637,50.0,50.0,100.0,53.1219910575207,calibrated_model_probability,composite_is_explanation_index_not_predictive_rank
678,ba_14687334,2025-09,본죽&비빔밥 고척근린공원점,본그룹,백반·죽·국수,서울특별시,구로구,0.3614457831325301,Watch,43.51,43.51,Backlog,growth_alpha_direction_risk,stability,growth_alpha,0.3614457831325301,7,49.00015328453187,1.1654740082230637,50.0,50.0,100.0,53.1219910575207,calibrated_model_probability,composite_is_explanation_index_not_predictive_rank
679,ba_13233735,2025-09,본죽 대구감삼드림시티점,본그룹,백반·죽·국수,대구광역시,달서구,0.3614457831325301,Watch,43.36,43.36,Backlog,none,stability,growth_alpha,0.3614457831325301,7,40.77579116107791,30.408758095678763,32.74852631578948,50.0,90.76993730354366,50.0,calibrated_model_probability,composite_is_explanation_index_not_predictive_rank
680,ba_14648765,2025-09,굽네치킨 서면가곡점,굽네치킨,치킨,전라남도,순천시,0.3614457831325301,Watch,43.36,43.36,Backlog,none,stability,review_growth,0.3614457831325301,7,40.10148574305127,36.030249547906806,9.356736842105263,65.0,91.65209836282716,50.0,calibrated_model_probability,composite_is_explanation_index_not_predictive_rank
681,ba_14689802,2025-09,본죽&비빔밥 한성대입구점,본그룹,백반·죽·국수,서울특별시,성북구,0.3614457831325301,Watch,43.31,43.31,Backlog,growth_alpha_direction_risk,stability,growth_alpha,0.3614457831325301,7,48.4469349438946,1.1654740082230637,50.0,50.0,100.0,52.85481399264674,calibrated_model_probability,composite_is_explanation_index_not_predictive_rank
682,ba_14801139,2025-09,굽네치킨&피자 율하스타점,굽네치킨,치킨,경상남도,김해시,0.3614457831325301,Watch,43.27,43.27,Backlog,none,stability,operation,0.3614457831325301,7,39.42469134324108,38.00094190355083,50.0,17.5,98.4889995230425,50.0,calibrated_model_probability,composite_is_explanation_index_not_predictive_rank
683,ba_14687304,2025-09,본죽&비빔밥 관악우체국점,본그룹,백반·죽·국수,서울특별시,관악구,0.3614457831325301,Watch,43.11,43.11,Backlog,growth_alpha_direction_risk,stability,growth_alpha,0.3614457831325301,7,49.2477610886866,1.1654740082230637,50.0,50.0,100.0,48.380837364175854,calibrated_model_probability,composite_is_explanation_index_not_predictive_rank
684,ba_13223885,2025-09,본죽&비빔밥 관악우체국점,본그룹,백반·죽·국수,서울특별시,관악구,0.3614457831325301,Watch,43.11,43.11,Backlog,growth_alpha_direction_risk,stability,growth_alpha,0.3614457831325301,7,49.2477610886866,1.1654740082230637,50.0,50.0,100.0,48.380837364175854,calibrated_model_probability,composite_is_explanation_index_not_predictive_rank
685,ba_14597165,2025-09,굽네피자 역삼2동점,굽네치킨,피자,서울특별시,강남구,0.3614457831325301,Watch,42.85,42.85,Backlog,growth_alpha_direction_risk,market_fit,review_growth,0.3614457831325301,7,39.73321231969587,19.19661402467451,6.015026315789476,50.0,93.89193495441734,100.0,calibrated_model_probability,composite_is_explanation_index_not_predictive_rank
686,ba_14686990,2025-09,본죽 문정로데오점,본그룹,백반·죽·국수,서울특별시,송파구,0.3614457831325301,Watch,42.69,42.69,Backlog,growth_alpha_direction_risk,stability,review_growth,0.3614457831325301,7,49.62089851680535,18.34305896508001,13.533842105263158,50.0,93.8413041815526,59.06235953549277,calibrated_model_probability,composite_is_explanation_index_not_predictive_rank
687,ba_14692164,2025-09,본죽 세종고운점,본그룹,백반·죽·국수,세종특별자치시,마음로,0.3614457831325301,Watch,42.37,42.37,Backlog,none,stability,review_growth,0.3614457831325301,7,50.200314736692334,43.107307334748285,12.955473684210528,17.5,94.5184211669864,50.0,calibrated_model_probability,composite_is_explanation_index_not_predictive_rank
688,ba_14691072,2025-09,본죽&비빔밥 대구신서혁신지구점,본그룹,백반·죽·국수,대구광역시,동구,0.3614457831325301,Watch,42.33,42.33,Backlog,none,stability,review_growth,0.3614457831325301,7,40.44749218226303,38.76053939580607,10.526315789473683,50.0,94.0374836418882,50.0,calibrated_model_probability,composite_is_explanation_index_not_predictive_rank
689,ba_13219045,2025-09,본죽 구리인창아름마을점,본그룹,백반·죽·국수,경기도,구리시,0.3614457831325301,Watch,42.13,42.13,Backlog,none,stability,review_growth,0.3614457831325301,7,42.56044435915677,38.72907979503816,1.315789473684212,50.0,98.52394988075298,50.0,calibrated_model_probability,composite_is_explanation_index_not_predictive_rank
690,ba_14691884,2025-09,본죽&비빔밥 구서쌍용예가점,본그룹,백반·죽·국수,부산광역시,금정구,0.3614457831325301,Watch,41.53,41.53,Backlog,none,stability,review_growth,0.3614457831325301,7,38.85258269315825,60.13610766810032,9.774447368421054,17.5,88.0873300097401,50.0,calibrated_model_probability,composite_is_explanation_index_not_predictive_rank
691,ba_13229975,2025-09,본죽 구성언남점,본그룹,백반·죽·국수,경기도,용인시,0.3614457831325301,Watch,41.53,41.53,Backlog,none,stability,operation,0.3614457831325301,7,36.57421242103615,35.1411112189448,50.0,17.5,98.16684335674148,50.0,calibrated_model_probability,composite_is_explanation_index_not_predictive_rank
692,ba_14652311,2025-09,굽네치킨&피자 강남세곡점,굽네치킨,치킨,서울특별시,강남구,0.3614457831325301,Watch,41.32,41.32,Backlog,none,market_fit,review_growth,0.3614457831325301,7,44.03838571196979,37.75735724277772,15.296052631578949,17.5,75.64729912975608,77.20351609058403,calibrated_model_probability,composite_is_explanation_index_not_predictive_rank
693,ba_14694671,2025-09,본죽&비빔밥 범계로데오점,본그룹,백반·죽·국수,경기도,안양시,0.3614457831325301,Watch,41.29,41.29,Backlog,none,stability,review_growth,0.3614457831325301,7,43.58739244292676,33.274375218481,10.08771052631579,50.0,87.07337293298383,50.0,calibrated_model_probability,composite_is_explanation_index_not_predictive_rank
694,ba_14688789,2025-09,본죽&비빔밥 성남고등점,본그룹,백반·죽·국수,경기도,성남시,0.3614457831325301,Watch,41.09,41.09,Backlog,growth_alpha_direction_risk,stability,growth_alpha,0.3614457831325301,7,45.13064164360844,2.870877017292864,31.17407894736842,70.00086383556676,94.04190506553608,50.0,calibrated_model_probability,composite_is_explanation_index_not_predictive_rank
695,ba_14687859,2025-09,본죽&비빔밥 제기동역점,본그룹,백반·죽·국수,서울특별시,동대문구,0.3614457831325301,Watch,41.06,41.06,Backlog,growth_alpha_direction_risk,stability,growth_alpha,0.3614457831325301,7,42.84706074280496,1.1654740082230637,50.0,50.0,100.0,47.99957747100632,calibrated_model_probability,composite_is_explanation_index_not_predictive_rank
696,ba_13226567,2025-09,본죽 신정점,본그룹,백반·죽·국수,서울특별시,양천구,0.3614457831325301,Watch,40.86,40.86,Backlog,growth_alpha_direction_risk,stability,growth_alpha,0.3614457831325301,7,41.61412610158903,1.1654740082230637,50.0,50.0,100.0,49.88886856825736,calibrated_model_probability,composite_is_explanation_index_not_predictive_rank
697,ba_13236745,2025-09,본죽&비빔밥 김해장유코아점,본그룹,백반·죽·국수,경상남도,김해시,0.3614457831325301,Watch,40.83,40.83,Backlog,none,stability,review_growth,0.3614457831325301,7,38.78306517961561,53.6389130652509,12.280710526315792,17.5,93.77994459700638,50.0,calibrated_model_probability,composite_is_explanation_index_not_predictive_rank
698,ba_13189796,2025-09,본죽&비빔밥 아산탕정점,본그룹,백반·죽·국수,충청남도,아산시,0.3614457831325301,Watch,40.77,40.77,Backlog,none,stability,review_growth,0.3614457831325301,7,37.34015738355513,61.50248304155146,2.8340000000000005,17.5,92.72520574836824,50.0,calibrated_model_probability,composite_is_explanation_index_not_predictive_rank
699,ba_14769185,2025-09,굽네치킨&피자 김천신음점,굽네치킨,치킨,경상북도,김천시,0.3614457831325301,Watch,40.69,40.69,Backlog,none,review_growth,operation,0.3614457831325301,7,47.989483166970594,38.00094190355083,50.0,17.5,42.68452345712209,50.0,calibrated_model_probability,composite_is_explanation_index_not_predictive_rank
700,ba_14689591,2025-09,본죽&비빔밥 평택서정리역점,본그룹,백반·죽·국수,경기도,평택시,0.3614457831325301,Watch,40.66,40.66,Backlog,none,stability,review_growth,0.3614457831325301,7,42.03091812187667,28.98513910758159,12.280710526315792,50.0,93.60126023339171,50.0,calibrated_model_probability,composite_is_explanation_index_not_predictive_rank
701,ba_13233742,2025-09,본죽&비빔밥 내당삼익뉴타운점,본그룹,백반·죽·국수,대구광역시,서구,0.3614457831325301,Watch,40.51,40.51,Backlog,none,stability,review_growth,0.3614457831325301,7,41.711813254186666,28.22050896601393,13.533842105263158,50.0,93.27491844385985,50.0,calibrated_model_probability,composite_is_explanation_index_not_predictive_rank
702,ba_13230824,2025-09,본죽&비빔밥 가산테라타워점,본그룹,백반·죽·국수,서울특별시,금천구,0.3614457831325301,Watch,40.33,40.33,Backlog,none,stability,review_growth,0.3614457831325301,7,46.129052587778006,25.424240420521087,0.0,50.0,98.39995170793009,44.75511425409336,calibrated_model_probability,composite_is_explanation_index_not_predictive_rank
703,ba_14788679,2025-09,본죽&비빔밥 안산선부점,본그룹,백반·죽·국수,경기도,안산시,0.3614457831325301,Watch,40.14,40.14,Backlog,growth_alpha_direction_risk,stability,growth_alpha,0.3614457831325301,7,39.481069562309216,1.1654740082230637,50.0,65.0,87.76855041432697,50.0,calibrated_model_probability,composite_is_explanation_index_not_predictive_rank
704,ba_12029686,2025-09,굽네치킨 나주혁신도시1호점,굽네치킨,치킨,전라남도,나주시,0.3614457831325301,Watch,40.12,40.12,Backlog,none,stability,operation,0.3614457831325301,7,45.3009631899734,34.094031948565885,35.40671052631579,17.5,78.03289779331578,50.0,calibrated_model_probability,composite_is_explanation_index_not_predictive_rank
705,ba_14688854,2025-09,본죽 평택팽성점,본그룹,백반·죽·국수,경기도,평택시,0.3614457831325301,Watch,39.58,39.58,Backlog,low_explanation_index;growth_alpha_direction_risk,stability,growth_alpha,0.3614457831325301,7,37.24146985603264,4.934418427211736,43.42105263157895,65.03915484380826,90.42687324306084,50.0,calibrated_model_probability,composite_is_explanation_index_not_predictive_rank
706,ba_14787229,2025-09,본죽&비빔밥 수원호매실화홍병원점,본그룹,백반·죽·국수,경기도,수원시,0.3614457831325301,Watch,39.43,39.43,Backlog,low_explanation_index;growth_alpha_direction_risk,stability,growth_alpha,0.3614457831325301,7,37.65243561674243,1.1654740082230637,50.0,65.0,87.07384827626929,50.0,calibrated_model_probability,composite_is_explanation_index_not_predictive_rank
707,ba_14270407,2025-09,본죽&비빔밥 벡스코역점,본그룹,백반·죽·국수,부산광역시,해운대구,0.3614457831325301,Watch,39.35,39.35,Backlog,low_explanation_index,stability,review_growth,0.3614457831325301,7,37.04965932316435,34.45409916214704,6.432736842105263,50.0,93.02893694471068,50.0,calibrated_model_probability,composite_is_explanation_index_not_predictive_rank
708,ba_13230793,2025-09,본죽&비빔밥 구로디지털역점,본그룹,백반·죽·국수,서울특별시,구로구,0.3614457831325301,Watch,39.17,39.17,Backlog,low_explanation_index,stability,review_growth,0.3614457831325301,7,47.74843341623128,27.057390548052744,13.533842105263158,17.5,96.71292463559872,51.49132955573287,calibrated_model_probability,composite_is_explanation_index_not_predictive_rank
709,ba_13181486,2025-09,본죽&비빔밥 천안두정점,본그룹,백반·죽·국수,충청남도,천안시,0.3614457831325301,Watch,38.86,38.86,Backlog,low_explanation_index;growth_alpha_direction_risk,model_probability,growth_alpha,0.3614457831325301,4,81.54839422119531,0.1174192463474683,14.832526315789474,17.5,54.38993021939723,50.0,calibrated_model_probability,composite_is_explanation_index_not_predictive_rank
710,ba_13870012,2025-09,본죽&비빔밥 시흥장곡점,본그룹,백반·죽·국수,경기도,시흥시,0.3614457831325301,Watch,38.58,38.58,Backlog,low_explanation_index,stability,operation,0.3614457831325301,7,42.35645460960938,26.40436550180973,35.67252631578948,17.5,91.76087413417468,50.0,calibrated_model_probability,composite_is_explanation_index_not_predictive_rank
711,ba_13219734,2025-09,본죽 구리토평점,본그룹,백반·죽·국수,경기도,구리시,0.3614457831325301,Watch,38.24,38.24,Backlog,low_explanation_index;growth_alpha_direction_risk,stability,growth_alpha,0.3614457831325301,7,44.02909957732949,7.816552394673666,60.526315789473685,17.5,91.73968298501602,50.0,calibrated_model_probability,composite_is_explanation_index_not_predictive_rank
712,ba_14688567,2025-09,본죽&비빔밥 목동8단지점,본그룹,백반·죽·국수,서울특별시,양천구,0.3614457831325301,Watch,38.21,38.21,Backlog,low_explanation_index;growth_alpha_direction_risk,stability,review_growth,0.3614457831325301,7,47.30389623304266,21.714446258649247,6.882578947368423,17.5,93.84359173337164,66.88380301402613,calibrated_model_probability,composite_is_explanation_index_not_predictive_rank
713,ba_13233724,2025-09,본죽&비빔밥 대구동성로중앙점,본그룹,백반·죽·국수,대구광역시,중구,0.3614457831325301,Watch,37.92,37.92,Backlog,low_explanation_index,stability,review_growth,0.3614457831325301,7,37.22834773919445,30.104759472895392,2.631578947368424,50.0,94.71383493733777,50.0,calibrated_model_probability,composite_is_explanation_index_not_predictive_rank
714,ba_14615149,2025-09,굽네치킨&피자 강대효자점,굽네치킨,치킨,강원특별자치도,춘천시,0.3614457831325301,Watch,37.77,37.77,Backlog,low_explanation_index,stability,operation,0.3614457831325301,7,41.3864140266624,39.55884616427044,30.29871052631579,1.664,85.98600921785884,50.0,calibrated_model_probability,composite_is_explanation_index_not_predictive_rank
715,ba_13223504,2025-09,본죽&비빔밥 문정법조단지점,본그룹,백반·죽·국수,서울특별시,송파구,0.3614457831325301,Watch,37.75,37.75,Backlog,low_explanation_index;growth_alpha_direction_risk,stability,growth_alpha,0.3614457831325301,7,47.0772639277276,4.121501456558455,38.596500000000006,17.5,93.56794643826352,59.99650733048682,calibrated_model_probability,composite_is_explanation_index_not_predictive_rank
716,ba_14691860,2025-09,본죽&비빔밥 부산동삼점,본그룹,백반·죽·국수,부산광역시,영도구,0.3614457831325301,Watch,37.6,37.6,Backlog,low_explanation_index;growth_alpha_direction_risk,stability,growth_alpha,0.3614457831325301,7,36.70854714067253,3.917645904013748,37.38657894736842,60.97306265630291,90.22225929710216,50.0,calibrated_model_probability,composite_is_explanation_index_not_predictive_rank
717,ba_14688609,2025-09,본죽 죽전벽산타운점,본그룹,백반·죽·국수,경기도,용인시,0.3614457831325301,Watch,37.55,37.55,Backlog,low_explanation_index;growth_alpha_direction_risk,stability,review_growth,0.3614457831325301,7,35.40450125362316,24.275488331874627,13.533842105263158,50.0,95.62861962315698,50.0,calibrated_model_probability,composite_is_explanation_index_not_predictive_rank
718,ba_14714070,2025-09,본죽&비빔밥 의정부발곡점,본그룹,백반·죽·국수,경기도,의정부시,0.3614457831325301,Watch,37.49,37.49,Backlog,low_explanation_index;growth_alpha_direction_risk,stability,growth_alpha,0.3614457831325301,7,35.78110386495302,1.1654740082230637,50.0,50.0,96.70791904919898,50.0,calibrated_model_probability,composite_is_explanation_index_not_predictive_rank
719,ba_13233466,2025-09,본죽&비빔밥 대구대곡역점,본그룹,백반·죽·국수,대구광역시,달성군,0.3614457831325301,Watch,37.26,37.26,Backlog,low_explanation_index,stability,operation,0.3614457831325301,7,40.377197222906894,30.06001988561587,21.05263157894737,17.5,98.26228535341738,50.0,calibrated_model_probability,composite_is_explanation_index_not_predictive_rank
720,ba_14776515,2025-09,굽네치킨 대소점,굽네치킨,치킨,충청북도,음성군,0.3614457831325301,Watch,37.08,37.08,Backlog,low_explanation_index,review_growth,operation,0.3614457831325301,7,36.74975163515647,38.00094190355083,50.0,17.5,45.9143459266823,50.0,calibrated_model_probability,composite_is_explanation_index_not_predictive_rank
721,ba_14435750,2025-09,본죽&비빔밥 광주연제점,본그룹,백반·죽·국수,광주광역시,북구,0.3614457831325301,Watch,36.97,36.97,Backlog,low_explanation_index;growth_alpha_direction_risk,stability,review_growth,0.3614457831325301,7,38.74884244472463,24.17654245574553,0.0,50.0,98.61986078623153,50.0,calibrated_model_probability,composite_is_explanation_index_not_predictive_rank
722,ba_14691803,2025-09,본죽 부산학장점,본그룹,백반·죽·국수,부산광역시,사상구,0.3614457831325301,Watch,36.65,36.65,Backlog,low_explanation_index;growth_alpha_direction_risk,stability,growth_alpha,0.3614457831325301,7,36.5574731097684,2.129392628510059,26.77344736842105,65.0,95.5963453138836,50.0,calibrated_model_probability,composite_is_explanation_index_not_predictive_rank
723,ba_14456345,2025-09,본죽&비빔밥 천안두정포레나점,본그룹,백반·죽·국수,충청남도,천안시,0.3614457831325301,Watch,36.45,36.45,Backlog,low_explanation_index;growth_alpha_direction_risk,stability,growth_alpha,0.3614457831325301,7,46.42075354339429,0.0,3.0808684210526343,65.6582084905628,98.87719400579364,50.0,calibrated_model_probability,composite_is_explanation_index_not_predictive_rank
724,ba_14692434,2025-09,본죽&비빔밥 천안백석푸르지오점,본그룹,백반·죽·국수,충청남도,천안시,0.3614457831325301,Watch,36.37,36.37,Backlog,low_explanation_index;growth_alpha_direction_risk,stability,growth_alpha,0.3614457831325301,7,41.628996581332615,0.0,14.12742105263158,69.68145849654978,92.26825087495972,50.0,calibrated_model_probability,composite_is_explanation_index_not_predictive_rank
725,ba_14770149,2025-09,본죽&비빔밥 동탄테크노밸리점,본그룹,백반·죽·국수,경기도,화성시,0.3614457831325301,Watch,36.12,36.12,Backlog,low_explanation_index;growth_alpha_direction_risk,stability,growth_alpha,0.3614457831325301,7,36.77904601292326,1.1654740082230637,50.0,40.625,93.57607168623474,50.0,calibrated_model_probability,composite_is_explanation_index_not_predictive_rank
726,ba_13247000,2025-09,본죽 용인광교역점,본그룹,백반·죽·국수,경기도,용인시,0.3614457831325301,Watch,35.94,35.94,Backlog,low_explanation_index;growth_alpha_direction_risk,stability,review_growth,0.3614457831325301,7,41.92459134403646,15.7700892912816,0.0,50.0,98.2283023402887,50.0,calibrated_model_probability,composite_is_explanation_index_not_predictive_rank
727,ba_14690122,2025-09,본죽&비빔밥 용인죽전사거리도담마을점,본그룹,백반·죽·국수,경기도,용인시,0.3614457831325301,Watch,34.82,34.82,Backlog,low_explanation_index;growth_alpha_direction_risk,stability,growth_alpha,0.3614457831325301,7,42.87086757549957,1.1654740082230637,50.0,17.5,93.95672025079328,50.0,calibrated_model_probability,composite_is_explanation_index_not_predictive_rank
728,ba_14730328,2025-09,본죽&비빔밥 동탄꼬모점,본그룹,백반·죽·국수,경기도,화성시,0.3614457831325301,Watch,33.73,33.73,Backlog,low_explanation_index;growth_alpha_direction_risk,stability,growth_alpha,0.3614457831325301,7,37.95606306722589,1.1654740082230637,21.05263157894737,50.0,94.93321502720023,50.0,calibrated_model_probability,composite_is_explanation_index_not_predictive_rank
729,ba_14525359,2025-09,본죽&비빔밥 용인모현점,본그룹,백반·죽·국수,경기도,용인시,0.3614457831325301,Watch,33.66,33.66,Backlog,low_explanation_index,stability,review_growth,0.3614457831325301,7,40.38933809671415,26.899427436374545,2.25563157894737,17.5,98.33501679167016,50.0,calibrated_model_probability,composite_is_explanation_index_not_predictive_rank
730,ba_14688345,2025-09,본죽 수원화서위브하늘채점,본그룹,백반·죽·국수,경기도,수원시,0.3614457831325301,Watch,33.44,33.44,Backlog,low_explanation_index;growth_alpha_direction_risk,stability,growth_alpha,0.3614457831325301,7,43.68704722450316,1.1654740082230637,21.05263157894737,32.5,98.29599171383184,50.0,calibrated_model_probability,composite_is_explanation_index_not_predictive_rank
731,ba_14687347,2025-09,본죽&비빔밥 둔촌보훈병원점,본그룹,백반·죽·국수,서울특별시,강동구,0.3614457831325301,Watch,33.15,33.15,Backlog,low_explanation_index;growth_alpha_direction_risk,stability,growth_alpha,0.3614457831325301,7,40.51381477662958,0.0,0.0,50.0,97.33033208633287,48.814427788533706,calibrated_model_probability,composite_is_explanation_index_not_predictive_rank
732,ba_14689906,2025-09,본죽 인천간석사거리점,본그룹,백반·죽·국수,인천광역시,남동구,0.3614457831325301,Watch,33.09,33.09,Backlog,low_explanation_index;growth_alpha_direction_risk,stability,growth_alpha,0.3614457831325301,7,44.23564169669595,3.6992244898027113,36.09023684210527,17.5,86.48008133518553,50.0,calibrated_model_probability,composite_is_explanation_index_not_predictive_rank
733,ba_14392877,2025-09,본죽&비빔밥 인천석바위점,본그룹,백반·죽·국수,인천광역시,미추홀구,0.3614457831325301,Watch,32.99,32.99,Backlog,low_explanation_index;growth_alpha_direction_risk,stability,growth_alpha,0.3614457831325301,7,35.50332643153457,1.1654740082230637,21.05263157894737,50.0,96.14322974759529,50.0,calibrated_model_probability,composite_is_explanation_index_not_predictive_rank
734,ba_13260523,2025-09,본죽＆비빔밥 평택포승점,본그룹,백반·죽·국수,경기도,평택시,0.3614457831325301,Watch,32.93,32.93,Backlog,low_explanation_index;growth_alpha_direction_risk,stability,review_growth,0.3614457831325301,7,44.42363221881973,15.33825694191065,13.31268421052632,17.5,89.20899436001221,50.0,calibrated_model_probability,composite_is_explanation_index_not_predictive_rank
735,ba_13229960,2025-09,본죽 창원소답점,본그룹,백반·죽·국수,경상남도,창원시,0.3614457831325301,Watch,32.39,32.39,Backlog,low_explanation_index;growth_alpha_direction_risk,stability,growth_alpha,0.3614457831325301,7,39.24093615410099,4.4342573325506525,4.605263157894738,50.0,93.58660248375298,50.0,calibrated_model_probability,composite_is_explanation_index_not_predictive_rank
736,ba_13229184,2025-09,본죽 대구산격점,본그룹,백반·죽·국수,대구광역시,북구,0.3614457831325301,Watch,32.21,32.21,Backlog,low_explanation_index;growth_alpha_direction_risk,stability,growth_alpha,0.3614457831325301,7,43.62221611195898,0.0,4.135342105263159,50.0,88.23537534516888,50.0,calibrated_model_probability,composite_is_explanation_index_not_predictive_rank
737,ba_14742704,2025-09,본죽&비빔밥 청주개신점,본그룹,백반·죽·국수,충청북도,청주시,0.3614457831325301,Watch,32.21,32.21,Backlog,low_explanation_index;growth_alpha_direction_risk,stability,growth_alpha,0.3614457831325301,7,40.263109052883614,0.0,12.280710526315792,50.0,87.76151605917681,50.0,calibrated_model_probability,composite_is_explanation_index_not_predictive_rank
738,ba_14762166,2025-09,본죽&비빔밥 광주북구청점,본그룹,백반·죽·국수,광주광역시,북구,0.3614457831325301,Watch,31.61,31.61,Backlog,low_explanation_index;growth_alpha_direction_risk,stability,growth_alpha,0.3614457831325301,7,45.33875492425054,2.730428412032316,30.340552631578948,17.5,78.81431802245461,50.0,calibrated_model_probability,composite_is_explanation_index_not_predictive_rank
739,ba_13224833,2025-09,본죽 명학역점,본그룹,백반·죽·국수,경기도,안양시,0.3614457831325301,Watch,31.59,31.59,Backlog,low_explanation_index;growth_alpha_direction_risk,stability,growth_alpha,0.3614457831325301,7,42.0566585491395,0.0,0.0,50.0,93.6848999063332,50.0,calibrated_model_probability,composite_is_explanation_index_not_predictive_rank
740,ba_13231050,2025-09,본죽&비빔밥 안산고잔법원점,본그룹,백반·죽·국수,경기도,안산시,0.3614457831325301,Watch,31.2,31.2,Backlog,low_explanation_index;growth_alpha_direction_risk,stability,growth_alpha,0.3614457831325301,7,42.3205544509218,0.0,0.0,50.0,88.90309871864449,50.0,calibrated_model_probability,composite_is_explanation_index_not_predictive_rank
741,ba_13228869,2025-09,본죽&비빔밥 대전판암점,본그룹,백반·죽·국수,대전광역시,동구,0.3614457831325301,Watch,30.7,30.7,Backlog,low_explanation_index;growth_alpha_direction_risk,stability,growth_alpha,0.3614457831325301,7,36.9453389941295,0.0,7.894736842105264,50.0,90.897116886746,50.0,calibrated_model_probability,composite_is_explanation_index_not_predictive_rank
742,ba_14675393,2025-09,굽네치킨 적성점,굽네치킨,치킨,경기도,파주시,0.3614457831325301,Watch,29.04,29.04,Backlog,low_explanation_index,stability,review_growth,0.3614457831325301,7,36.99894542398036,25.523274977695337,9.09092105263158,17.5,57.16164885769577,50.0,calibrated_model_probability,composite_is_explanation_index_not_predictive_rank
743,ba_14692035,2025-09,본죽&비빔밥 여수미평점,본그룹,백반·죽·국수,전라남도,여수시,0.3614457831325301,Watch,28.8,28.8,Backlog,low_explanation_index;growth_alpha_direction_risk,stability,growth_alpha,0.3614457831325301,7,35.62967935760405,1.7701235443352898,24.64115789473685,17.5,95.63214233325732,50.0,calibrated_model_probability,composite_is_explanation_index_not_predictive_rank
744,ba_13233581,2025-09,본죽&비빔밥 진주혁신중앙점,본그룹,백반·죽·국수,경상남도,진주시,0.3614457831325301,Watch,28.64,28.64,Backlog,low_explanation_index;growth_alpha_direction_risk,stability,growth_alpha,0.3614457831325301,7,37.11376981339323,1.1654740082230637,21.05263157894737,17.5,95.7874201263578,50.0,calibrated_model_probability,composite_is_explanation_index_not_predictive_rank
745,ba_14688709,2025-09,본죽&비빔밥 부천순천향병원앞점,본그룹,백반·죽·국수,경기도,부천시,0.3614457831325301,Watch,28.62,28.62,Backlog,low_explanation_index;growth_alpha_direction_risk,stability,growth_alpha,0.3614457831325301,7,35.35239977076332,0.0,0.0,50.0,87.48070578137859,50.0,calibrated_model_probability,composite_is_explanation_index_not_predictive_rank
746,ba_13181699,2025-09,본죽 김포양곡점,본그룹,백반·죽·국수,경기도,김포시,0.3614457831325301,Watch,27.47,27.47,Backlog,low_explanation_index;growth_alpha_direction_risk,stability,growth_alpha,0.3614457831325301,7,39.91673614410029,0.0,7.894736842105264,17.5,96.9311440227178,50.0,calibrated_model_probability,composite_is_explanation_index_not_predictive_rank
747,ba_13182129,2025-09,본죽 천안순천향병원점,본그룹,백반·죽·국수,충청남도,천안시,0.3614457831325301,Watch,27.43,27.43,Backlog,low_explanation_index;growth_alpha_direction_risk,stability,growth_alpha,0.3614457831325301,7,36.23211601432173,0.278663556696316,15.789473684210527,17.5,96.88281047313762,50.0,calibrated_model_probability,composite_is_explanation_index_not_predictive_rank
748,ba_13182018,2025-09,본죽&비빔밥 순천중앙점,본그룹,백반·죽·국수,전라남도,순천시,0.3614457831325301,Watch,26.76,26.76,Backlog,low_explanation_index;growth_alpha_direction_risk,stability,growth_alpha,0.3614457831325301,7,38.05964124158776,0.0,11.943315789473685,17.5,90.1946180927001,50.0,calibrated_model_probability,composite_is_explanation_index_not_predictive_rank
749,ba_13219951,2025-09,본죽&비빔밥 순천연향점,본그룹,백반·죽·국수,전라남도,순천시,0.357429718875502,Watch,90.38,90.38,Backlog,none,review_growth,market_fit,0.357429718875502,3,86.18140027058362,91.6106733623812,100.0,96.34057871851276,78.64986507395915,50.0,calibrated_model_probability,composite_is_explanation_index_not_predictive_rank
750,ba_14690630,2025-09,본죽&비빔밥 포항창포점,본그룹,백반·죽·국수,경상북도,포항시,0.357429718875502,Watch,87.42,87.42,Backlog,none,operation,market_fit,0.357429718875502,3,88.07530639766311,84.36157434794353,84.21052631578948,97.89629525728614,81.8637470972167,50.0,calibrated_model_probability,composite_is_explanation_index_not_predictive_rank
751,ba_14690722,2025-09,본죽&비빔밥 광주월곡점,본그룹,백반·죽·국수,광주광역시,광산구,0.357429718875502,Watch,87.12,87.12,Backlog,none,operation,market_fit,0.357429718875502,3,84.8277833690936,88.06059376282931,82.45613157894738,95.00129147693644,87.9177202437468,50.0,calibrated_model_probability,composite_is_explanation_index_not_predictive_rank
752,ba_13231481,2025-09,본죽&비빔밥 광명소하지구점,본그룹,백반·죽·국수,경기도,광명시,0.357429718875502,Watch,87.01,87.01,Backlog,none,growth_alpha,market_fit,0.357429718875502,3,87.58946573694583,100.0,50.292394736842105,98.71381726371104,90.02646208770855,50.0,calibrated_model_probability,composite_is_explanation_index_not_predictive_rank
753,ba_14691120,2025-09,본죽&비빔밥 대구북구청점,본그룹,백반·죽·국수,대구광역시,북구,0.357429718875502,Watch,85.09,85.09,Backlog,none,review_growth,market_fit,0.357429718875502,3,84.23859670027011,70.8400428395959,100.0,96.00440983780418,84.92206188340944,50.0,calibrated_model_probability,composite_is_explanation_index_not_predictive_rank
754,ba_14691909,2025-09,본죽&비빔밥 부산정관모전점,본그룹,백반·죽·국수,부산광역시,기장군,0.357429718875502,Watch,84.19,84.19,Backlog,none,review_growth,market_fit,0.357429718875502,3,86.02773487562953,63.56491593840592,100.0,97.1446300217926,86.1455646153253,50.0,calibrated_model_probability,composite_is_explanation_index_not_predictive_rank
755,ba_14687166,2025-09,본죽&비빔밥 등촌공항대로점,본그룹,백반·죽·국수,서울특별시,강서구,0.357429718875502,Watch,84.07,84.07,Backlog,none,operation,market_fit,0.357429718875502,3,86.58312950916593,83.93109438451116,92.63157894736844,96.1631571068864,65.44153376270836,65.34247940333702,calibrated_model_probability,composite_is_explanation_index_not_predictive_rank
756,ba_13223520,2025-09,본죽 신림고시촌점,본그룹,백반·죽·국수,서울특별시,관악구,0.357429718875502,Watch,82.99,82.99,Backlog,none,review_growth,market_fit,0.357429718875502,3,84.47081892486707,74.52926299899232,100.0,95.54520853503752,95.97021618150048,45.7340852783594,calibrated_model_probability,composite_is_explanation_index_not_predictive_rank
757,ba_14692258,2025-09,본죽 천안쌍용1동점,본그룹,백반·죽·국수,충청남도,천안시,0.357429718875502,Watch,82.03,82.03,Backlog,none,operation,market_fit,0.357429718875502,3,88.23018467198112,77.23780382056789,56.93778947368422,100.0,82.96358822728874,50.0,calibrated_model_probability,composite_is_explanation_index_not_predictive_rank
758,ba_14689904,2025-09,본죽&비빔밥 안양호계포도원점,본그룹,백반·죽·국수,경기도,안양시,0.357429718875502,Watch,81.65,81.65,Backlog,none,operation,market_fit,0.357429718875502,3,85.97887277629185,80.73859892927615,54.38597368421052,98.87217286290502,83.80609568258708,50.0,calibrated_model_probability,composite_is_explanation_index_not_predictive_rank
759,ba_14688848,2025-09,본죽&비빔밥 연신갈현점,본그룹,백반·죽·국수,서울특별시,은평구,0.357429718875502,Watch,81.61,81.61,Backlog,none,growth_alpha,review_growth,0.357429718875502,3,83.6846296587459,100.0,36.23481578947369,97.71668588201888,85.08495630269819,70.0903254125314,calibrated_model_probability,composite_is_explanation_index_not_predictive_rank
760,ba_14688197,2025-09,본죽 인왕산점,본그룹,백반·죽·국수,서울특별시,서대문구,0.357429718875502,Watch,80.49,80.49,Backlog,none,growth_alpha,review_growth,0.357429718875502,3,83.86442668419627,100.0,43.71344736842106,99.61156479108864,67.47793257594643,61.49769310993014,calibrated_model_probability,composite_is_explanation_index_not_predictive_rank
761,ba_14690110,2025-09,본죽&비빔밥 신봉초교점,본그룹,백반·죽·국수,경기도,용인시,0.357429718875502,Watch,80.39,80.39,Backlog,none,operation,review_growth,0.357429718875502,3,84.48207968248144,83.24046857512342,47.36842105263158,97.22814838129187,83.22206386767303,50.0,calibrated_model_probability,composite_is_explanation_index_not_predictive_rank
762,ba_13260584,2025-09,본죽&비빔밥 광주신창점,본그룹,백반·죽·국수,광주광역시,광산구,0.357429718875502,Watch,80.03,80.03,Backlog,none,growth_alpha,review_growth,0.357429718875502,3,84.92002103182497,100.0,5.263157894736844,99.657065832823,95.65337728745584,50.0,calibrated_model_probability,composite_is_explanation_index_not_predictive_rank
763,ba_14273972,2025-09,본죽&비빔밥 단양점,본그룹,백반·죽·국수,충청북도,단양군,0.357429718875502,Watch,79.68,79.68,Backlog,none,operation,market_fit,0.357429718875502,3,83.66526103803643,55.83598595890842,86.8421052631579,99.23468445198614,85.28530694255815,50.0,calibrated_model_probability,composite_is_explanation_index_not_predictive_rank
764,ba_14691958,2025-09,본죽&비빔밥 부산내성교차로점,본그룹,백반·죽·국수,부산광역시,동래구,0.357429718875502,Watch,79.66,79.66,Backlog,none,growth_alpha,review_growth,0.357429718875502,3,86.77464985782254,97.20870867816636,25.239236842105267,90.40579251867082,76.40201307736005,50.0,calibrated_model_probability,composite_is_explanation_index_not_predictive_rank
765,ba_13199394,2025-09,본죽&비빔밥 울산야음점,본그룹,백반·죽·국수,울산광역시,남구,0.357429718875502,Watch,79.01,79.01,Backlog,none,operation,review_growth,0.357429718875502,3,84.28844259917253,86.43757544470635,26.90057894736842,99.36969083239538,89.54470210959468,50.0,calibrated_model_probability,composite_is_explanation_index_not_predictive_rank
766,ba_14739745,2025-09,굽네치킨 감정점,굽네치킨,치킨,경기도,김포시,0.357429718875502,Watch,78.27,78.27,Backlog,none,review_growth,stability,0.357429718875502,3,83.926099320966,59.63862917505512,100.0,93.59554876651124,49.44947865052031,50.0,calibrated_model_probability,composite_is_explanation_index_not_predictive_rank
767,ba_14690674,2025-09,본죽&비빔밥 광주신가점,본그룹,백반·죽·국수,광주광역시,광산구,0.357429718875502,Watch,76.58,76.58,Backlog,none,operation,review_growth,0.357429718875502,3,85.31944328880489,83.61980174576398,30.52631578947369,89.5573313125853,77.99022282944182,50.0,calibrated_model_probability,composite_is_explanation_index_not_predictive_rank
768,ba_14688363,2025-09,본죽&비빔밥 목동역점,본그룹,백반·죽·국수,서울특별시,양천구,0.357429718875502,Watch,75.86,75.86,Backlog,none,operation,review_growth,0.357429718875502,3,84.85440278218788,69.25611069212397,47.36842105263158,95.786783144772,84.16588052317941,66.49047762666022,calibrated_model_probability,composite_is_explanation_index_not_predictive_rank
769,ba_14613531,2025-09,본죽&비빔밥 백양산롯데캐슬점,본그룹,백반·죽·국수,부산광역시,부산진구,0.357429718875502,Watch,75.79,75.79,Backlog,none,operation,growth_alpha,0.357429718875502,3,85.03231751652109,43.06611498927487,73.68421052631578,98.32735775792762,94.63301193049494,50.0,calibrated_model_probability,composite_is_explanation_index_not_predictive_rank
770,ba_14692121,2025-09,본죽&비빔밥 부산법조타운점,본그룹,백반·죽·국수,부산광역시,연제구,0.357429718875502,Watch,75.47,75.47,Backlog,none,operation,review_growth,0.357429718875502,3,88.5054777924125,68.88393851587948,29.82455263157895,97.31585762621408,81.98419487759385,50.0,calibrated_model_probability,composite_is_explanation_index_not_predictive_rank
771,ba_14688656,2025-09,본죽&비빔밥 문래힐스테이트점,본그룹,백반·죽·국수,서울특별시,영등포구,0.357429718875502,Watch,75.39,75.39,Backlog,none,review_growth,growth_alpha,0.357429718875502,3,83.60182434342944,44.38923618295277,93.42105263157896,87.0110690692129,90.99753342680036,65.18928539461672,calibrated_model_probability,composite_is_explanation_index_not_predictive_rank
772,ba_14690718,2025-09,본죽&비빔밥 광주노대점,본그룹,백반·죽·국수,광주광역시,남구,0.357429718875502,Watch,75.07,75.07,Backlog,none,operation,review_growth,0.357429718875502,3,88.33872443945198,61.78193918508882,29.82455263157895,100.0,92.35939274553704,50.0,calibrated_model_probability,composite_is_explanation_index_not_predictive_rank
773,ba_13233856,2025-09,본죽 세종아름점,본그룹,백반·죽·국수,세종특별자치시,보듬3로,0.357429718875502,Watch,74.43,74.43,Backlog,none,operation,market_fit,0.357429718875502,3,84.31862722453924,54.54199648856317,53.94736842105263,98.8808539827096,83.58649975615464,50.0,calibrated_model_probability,composite_is_explanation_index_not_predictive_rank
774,ba_14688371,2025-09,본죽&비빔밥 목동사거리점,본그룹,백반·죽·국수,서울특별시,양천구,0.357429718875502,Watch,74.1,74.1,Backlog,none,operation,review_growth,0.357429718875502,3,86.5463333274655,60.92587888596877,46.11528947368421,97.6571154392219,77.72767158580747,67.26893412248859,calibrated_model_probability,composite_is_explanation_index_not_predictive_rank
775,ba_13233592,2025-09,본죽&비빔밥 대구대학교점,본그룹,백반·죽·국수,경상북도,경산시,0.357429718875502,Watch,74.0,74.0,Backlog,none,operation,review_growth,0.357429718875502,3,86.32653005075315,60.61323386128301,34.21052631578947,97.71039955388451,88.42805360397173,50.0,calibrated_model_probability,composite_is_explanation_index_not_predictive_rank
776,ba_14691269,2025-09,본죽 대전도마사거리점,본그룹,백반·죽·국수,대전광역시,서구,0.357429718875502,Watch,73.63,73.63,Backlog,none,operation,review_growth,0.357429718875502,3,87.80466493904045,51.1080890581613,48.42105263157895,100.0,78.62173942115363,50.0,calibrated_model_probability,composite_is_explanation_index_not_predictive_rank
777,ba_14689101,2025-09,본죽&비빔밥 강남성심병원점,본그룹,백반·죽·국수,서울특별시,영등포구,0.357429718875502,Watch,73.53,73.53,Backlog,none,operation,review_growth,0.357429718875502,3,85.11738910368335,54.24821835623364,47.36842105263158,98.08428640339925,88.52699033165536,69.04059647924127,calibrated_model_probability,composite_is_explanation_index_not_predictive_rank
778,ba_14691187,2025-09,본죽&비빔밥 대구평리뉴타운점,본그룹,백반·죽·국수,대구광역시,서구,0.357429718875502,Watch,73.52,73.52,Backlog,none,operation,growth_alpha,0.357429718875502,3,84.69026966081351,47.36858674616332,60.526315789473685,94.02541387131755,88.58307176037945,50.0,calibrated_model_probability,composite_is_explanation_index_not_predictive_rank
779,ba_13234790,2025-09,굽네치킨 덕정점,굽네치킨,치킨,경기도,양주시,0.357429718875502,Watch,73.47,73.47,Backlog,none,operation,review_growth,0.357429718875502,3,86.02299883935103,67.53195164200439,42.233631578947374,98.94671075364091,53.051051121930136,50.0,calibrated_model_probability,composite_is_explanation_index_not_predictive_rank
780,ba_14574885,2025-09,본죽&비빔밥 청주분평점,본그룹,백반·죽·국수,충청북도,청주시,0.357429718875502,Watch,73.44,73.44,Backlog,none,operation,review_growth,0.357429718875502,3,87.0306691934839,63.60703943485344,26.90057894736842,96.86054785991152,85.11715848143206,50.0,calibrated_model_probability,composite_is_explanation_index_not_predictive_rank
781,ba_14276685,2025-09,본죽 철원점,본그룹,백반·죽·국수,강원특별자치도,철원군,0.357429718875502,Watch,73.27,73.27,Backlog,none,operation,review_growth,0.357429718875502,3,87.14923560474995,59.21116436715794,28.362578947368423,99.5597774212199,87.74360801104999,50.0,calibrated_model_probability,composite_is_explanation_index_not_predictive_rank
782,ba_14760742,2025-09,본죽&비빔밥 용인신갈점,본그룹,백반·죽·국수,경기도,용인시,0.357429718875502,Watch,73.1,73.1,Backlog,growth_alpha_direction_risk,review_growth,growth_alpha,0.357429718875502,3,88.53643017879132,23.33573529639173,100.0,98.3926158309414,65.23080922030358,50.0,calibrated_model_probability,composite_is_explanation_index_not_predictive_rank
783,ba_14688963,2025-09,본죽 고양점,본그룹,백반·죽·국수,경기도,고양시,0.357429718875502,Watch,72.67,72.67,Backlog,none,operation,review_growth,0.357429718875502,3,83.68604756292515,50.7175820758315,47.36842105263158,97.34728926688584,89.89277308873767,50.0,calibrated_model_probability,composite_is_explanation_index_not_predictive_rank
784,ba_14691974,2025-09,본죽&비빔밥 부산율리점,본그룹,백반·죽·국수,부산광역시,북구,0.357429718875502,Watch,72.64,72.64,Backlog,none,operation,review_growth,0.357429718875502,3,87.52554056677091,47.49812758287008,47.36842105263158,98.10763562218398,83.09415232682973,50.0,calibrated_model_probability,composite_is_explanation_index_not_predictive_rank
785,ba_14799629,2025-09,굽네치킨 수원신동점,굽네치킨,치킨,경기도,수원시,0.357429718875502,Watch,71.25,71.25,Backlog,none,operation,growth_alpha,0.357429718875502,3,84.0429927139356,38.00094190355083,50.0,100.0,98.33372172994206,50.0,calibrated_model_probability,composite_is_explanation_index_not_predictive_rank
786,ba_14687092,2025-09,본죽 동부이촌동점,본그룹,백반·죽·국수,서울특별시,용산구,0.357429718875502,Watch,71.02,71.02,Backlog,none,operation,review_growth,0.357429718875502,3,86.62075784789796,58.3567668376345,28.137657894736844,99.7121460412383,71.55418872471839,69.05434298778474,calibrated_model_probability,composite_is_explanation_index_not_predictive_rank
787,ba_14654803,2025-09,본죽&비빔밥 포항이인지구점,본그룹,백반·죽·국수,경상북도,포항시,0.357429718875502,Watch,70.74,70.74,Backlog,none,operation,review_growth,0.357429718875502,3,88.56277537283437,48.0016142167244,31.419447368421054,97.58766648078522,83.923430885389,50.0,calibrated_model_probability,composite_is_explanation_index_not_predictive_rank
788,ba_14688559,2025-09,본죽 용인강남대점,본그룹,백반·죽·국수,경기도,용인시,0.357429718875502,Watch,70.54,70.54,Backlog,none,stability,review_growth,0.357429718875502,3,88.29867898843358,67.70521223397142,38.596500000000006,53.5705,88.85605556601838,50.0,calibrated_model_probability,composite_is_explanation_index_not_predictive_rank
789,ba_13630053,2025-09,본죽&비빔밥 경남사천점,본그룹,백반·죽·국수,경상남도,사천시,0.357429718875502,Watch,69.44,69.44,Backlog,none,operation,review_growth,0.357429718875502,3,86.2933529682558,56.03662682356636,13.377184210526316,93.86645957420605,91.3793336065484,50.0,calibrated_model_probability,composite_is_explanation_index_not_predictive_rank
790,ba_14689869,2025-09,본죽&비빔밥 비산사거리점,본그룹,백반·죽·국수,경기도,안양시,0.357429718875502,Watch,69.23,69.23,Backlog,none,operation,growth_alpha,0.357429718875502,3,88.32252468480107,36.20989517512484,39.47368421052632,95.4649830140848,90.19899363508787,50.0,calibrated_model_probability,composite_is_explanation_index_not_predictive_rank
791,ba_13233606,2025-09,본죽&비빔밥 대구칠곡관음점,본그룹,백반·죽·국수,대구광역시,북구,0.357429718875502,Watch,69.05,69.05,Backlog,none,operation,review_growth,0.357429718875502,3,88.42455029269156,39.26894782766635,29.27631578947369,98.1088330180191,91.74671002369648,50.0,calibrated_model_probability,composite_is_explanation_index_not_predictive_rank
792,ba_14582073,2025-09,굽네치킨 양주덕계점,굽네치킨,치킨,경기도,양주시,0.357429718875502,Watch,69.03,69.03,Backlog,none,operation,review_growth,0.357429718875502,3,85.01382313866395,54.33610127197996,22.57084210526316,95.92059212934612,79.18684989281046,50.0,calibrated_model_probability,composite_is_explanation_index_not_predictive_rank
793,ba_14719522,2025-09,본죽&비빔밥 전주혁신도시점,본그룹,백반·죽·국수,전북특별자치도,완주군,0.357429718875502,Watch,68.83,68.83,Backlog,none,operation,growth_alpha,0.357429718875502,3,85.48293015910737,36.88340554279812,37.969921052631584,98.11362260135957,92.78874820256412,50.0,calibrated_model_probability,composite_is_explanation_index_not_predictive_rank
794,ba_13200219,2025-09,본죽&비빔밥 안성당왕점,본그룹,백반·죽·국수,경기도,안성시,0.357429718875502,Watch,68.54,68.54,Backlog,none,operation,review_growth,0.357429718875502,3,85.17778733972183,42.92358237945323,27.631578947368425,98.1950455181474,91.21594610835253,50.0,calibrated_model_probability,composite_is_explanation_index_not_predictive_rank
795,ba_13229107,2025-09,본죽 대덕테크노밸리점,본그룹,백반·죽·국수,대전광역시,유성구,0.357429718875502,Watch,68.33,68.33,Backlog,none,stability,growth_alpha,0.357429718875502,3,83.7993346482638,30.46285353322189,73.68421052631578,77.13223692529277,87.6335650269618,50.0,calibrated_model_probability,composite_is_explanation_index_not_predictive_rank
796,ba_14756889,2025-09,본죽&비빔밥 창원대원점,본그룹,백반·죽·국수,경상남도,창원시,0.357429718875502,Watch,67.92,67.92,Backlog,none,operation,review_growth,0.357429718875502,3,86.26299268869828,45.69659432085479,12.280710526315792,98.9823332797356,96.17876115206178,50.0,calibrated_model_probability,composite_is_explanation_index_not_predictive_rank
797,ba_13752011,2025-09,굽네치킨 영통2동점,굽네치킨,치킨,경기도,수원시,0.357429718875502,Watch,67.8,67.8,Backlog,none,operation,review_growth,0.357429718875502,3,87.23207034694337,45.65147783913336,20.3171052631579,99.08040528598946,79.47099101422992,50.0,calibrated_model_probability,composite_is_explanation_index_not_predictive_rank
798,ba_14691194,2025-09,본죽&비빔밥 대구법원점,본그룹,백반·죽·국수,대구광역시,수성구,0.357429718875502,Watch,67.7,67.7,Backlog,none,operation,review_growth,0.357429718875502,3,84.58586940863839,43.56858179110992,24.81202631578948,95.41080085254583,91.72076202672338,50.0,calibrated_model_probability,composite_is_explanation_index_not_predictive_rank
799,ba_14441181,2025-09,굽네치킨 나주빛가람점,굽네치킨,치킨,전라남도,나주시,0.357429718875502,Watch,67.68,67.68,Backlog,stability_risk,review_growth,stability,0.357429718875502,3,87.41735906751457,57.36030227377646,100.0,38.757002810459085,19.300385048015418,50.0,calibrated_model_probability,composite_is_explanation_index_not_predictive_rank
800,ba_14371606,2025-09,본죽&비빔밥 부산내성교차로점,본그룹,백반·죽·국수,부산광역시,동래구,0.357429718875502,Watch,67.25,67.25,Backlog,none,operation,review_growth,0.357429718875502,3,85.26172400767281,45.35976154110365,12.280710526315792,98.00136674181752,95.28199417097832,50.0,calibrated_model_probability,composite_is_explanation_index_not_predictive_rank
801,ba_14645179,2025-09,본죽&비빔밥 경산임당점,본그룹,백반·죽·국수,경상북도,경산시,0.357429718875502,Watch,67.13,67.13,Backlog,none,operation,review_growth,0.357429718875502,3,86.02721752756811,34.233793275726505,27.631578947368425,100.0,93.16435651600614,50.0,calibrated_model_probability,composite_is_explanation_index_not_predictive_rank
802,ba_14658825,2025-09,굽네치킨 문학점,굽네치킨,치킨,인천광역시,미추홀구,0.357429718875502,Watch,66.59,66.59,Backlog,none,operation,review_growth,0.357429718875502,3,83.69851441268938,51.302522249658544,38.231,95.82539916045448,43.598312364090944,50.0,calibrated_model_probability,composite_is_explanation_index_not_predictive_rank
803,ba_13181957,2025-09,본죽&비빔밥 천안신불당북부점,본그룹,백반·죽·국수,충청남도,천안시,0.357429718875502,Watch,66.26,66.26,Backlog,growth_alpha_direction_risk,operation,growth_alpha,0.357429718875502,3,86.56602377377071,24.055182445454097,40.28339473684211,97.18683822498042,93.28508600055837,50.0,calibrated_model_probability,composite_is_explanation_index_not_predictive_rank
804,ba_14267053,2025-09,굽네치킨&피자 마장점,굽네치킨,치킨,경기도,이천시,0.357429718875502,Watch,66.2,66.2,Backlog,none,operation,review_growth,0.357429718875502,3,88.16468178563588,39.891799148296165,29.82455263157895,93.37522793285004,68.85919436326473,50.0,calibrated_model_probability,composite_is_explanation_index_not_predictive_rank
805,ba_14274675,2025-09,본죽&비빔밥 충주호암점,본그룹,백반·죽·국수,충청북도,충주시,0.357429718875502,Watch,66.11,66.11,Backlog,none,stability,review_growth,0.357429718875502,3,88.39378762668184,36.000918292222565,16.666657894736844,93.51023431325928,96.43290867524,50.0,calibrated_model_probability,composite_is_explanation_index_not_predictive_rank
806,ba_13233587,2025-09,본죽&비빔밥 나주혁신호수공원점,본그룹,백반·죽·국수,전라남도,나주시,0.357429718875502,Watch,65.87,65.87,Backlog,none,operation,growth_alpha,0.357429718875502,3,86.5999243325861,28.842052241227744,34.21052631578947,96.9725043704948,86.71408440490924,50.0,calibrated_model_probability,composite_is_explanation_index_not_predictive_rank
807,ba_13233578,2025-09,본죽&비빔밥 대구성당뉴타운점,본그룹,백반·죽·국수,대구광역시,달서구,0.357429718875502,Watch,65.83,65.83,Backlog,none,operation,review_growth,0.357429718875502,3,87.95809306973307,31.569083060717645,17.763157894736846,99.75974252568416,95.2239047305975,50.0,calibrated_model_probability,composite_is_explanation_index_not_predictive_rank
808,ba_13233726,2025-09,본죽 다사죽곡점,본그룹,백반·죽·국수,대구광역시,달성군,0.357429718875502,Watch,65.67,65.67,Backlog,none,operation,review_growth,0.357429718875502,3,88.03400666185644,33.45342224864425,17.105263157894736,97.73344942371048,92.72532324152826,50.0,calibrated_model_probability,composite_is_explanation_index_not_predictive_rank
809,ba_13229173,2025-09,본죽&비빔밥 대구칠곡점,본그룹,백반·죽·국수,대구광역시,북구,0.357429718875502,Watch,65.56,65.56,Backlog,none,operation,review_growth,0.357429718875502,3,88.30171525357414,34.06361435007852,18.54636842105264,96.11337285879966,89.43765876049198,50.0,calibrated_model_probability,composite_is_explanation_index_not_predictive_rank
810,ba_13473077,2025-09,본죽&비빔밥 목포북항점,본그룹,백반·죽·국수,전라남도,목포시,0.357429718875502,Watch,65.49,65.49,Backlog,none,stability,review_growth,0.357429718875502,3,84.09630755544089,36.4816804082565,29.82455263157895,88.4046017632509,91.97969415251538,50.0,calibrated_model_probability,composite_is_explanation_index_not_predictive_rank
811,ba_14396364,2025-09,본죽&비빔밥 용인어정역점,본그룹,백반·죽·국수,경기도,용인시,0.357429718875502,Watch,65.22,65.22,Backlog,none,operation,growth_alpha,0.357429718875502,3,85.18850919167834,28.58396822957217,33.33334210526316,98.4713446071002,84.83405146331393,50.0,calibrated_model_probability,composite_is_explanation_index_not_predictive_rank
812,ba_14669109,2025-09,굽네치킨&피자 의정부용현점,굽네치킨,치킨,경기도,의정부시,0.357429718875502,Watch,64.6,64.6,Backlog,none,operation,growth_alpha,0.357429718875502,3,84.15158790746024,38.56058580924808,41.67852631578948,97.53288562132867,46.24475077815037,50.0,calibrated_model_probability,composite_is_explanation_index_not_predictive_rank
813,ba_13229152,2025-09,본죽&비빔밥 부산엄궁점,본그룹,백반·죽·국수,부산광역시,사상구,0.357429718875502,Watch,64.58,64.58,Backlog,none,operation,growth_alpha,0.357429718875502,3,83.66354843288417,28.25564883015568,28.571421052631585,96.76505554206108,94.37300379576035,50.0,calibrated_model_probability,composite_is_explanation_index_not_predictive_rank
814,ba_13234188,2025-09,본죽&비빔밥 경산중산점,본그룹,백반·죽·국수,경상북도,경산시,0.357429718875502,Watch,64.41,64.41,Backlog,none,operation,review_growth,0.357429718875502,3,87.18231052754506,32.37200124352996,16.51542105263158,93.32224316714618,93.237598772538,50.0,calibrated_model_probability,composite_is_explanation_index_not_predictive_rank
815,ba_13235588,2025-09,본죽 성균관대점,본그룹,백반·죽·국수,서울특별시,종로구,0.357429718875502,Watch,64.01,64.01,Backlog,none,operation,review_growth,0.357429718875502,3,85.08755235938052,33.84091407543887,14.473684210526317,100.0,97.5676743059229,53.55320855873431,calibrated_model_probability,composite_is_explanation_index_not_predictive_rank
816,ba_14700213,2025-09,본죽&비빔밥 김포마산점,본그룹,백반·죽·국수,경기도,김포시,0.357429718875502,Watch,63.87,63.87,Backlog,growth_alpha_direction_risk,operation,growth_alpha,0.357429718875502,3,85.27751213481625,7.077551075155138,56.14034210526317,95.67482663418872,94.8102162927202,50.0,calibrated_model_probability,composite_is_explanation_index_not_predictive_rank
817,ba_14788494,2025-09,굽네치킨 경화태백점,굽네치킨,치킨,경상남도,창원시,0.357429718875502,Watch,63.85,63.85,Backlog,none,operation,growth_alpha,0.357429718875502,3,83.71496375185458,38.00094190355083,50.0,85.4232388753374,47.39004282342601,50.0,calibrated_model_probability,composite_is_explanation_index_not_predictive_rank
818,ba_13639608,2025-09,굽네치킨 금호점,굽네치킨,치킨,광주광역시,서구,0.357429718875502,Watch,63.58,63.58,Backlog,stability_risk,model_probability,stability,0.357429718875502,3,86.52708068592287,60.65615548713691,26.21052631578948,80.60085553761363,21.08811621230519,50.0,calibrated_model_probability,composite_is_explanation_index_not_predictive_rank
819,ba_13228453,2025-09,본죽&비빔밥 부산명지국제중앙점,본그룹,백반·죽·국수,부산광역시,강서구,0.357429718875502,Watch,63.36,63.36,Backlog,none,operation,review_growth,0.357429718875502,3,85.9124384255359,29.119801274645923,21.05263157894737,93.81497155329608,87.85222608005175,50.0,calibrated_model_probability,composite_is_explanation_index_not_predictive_rank
820,ba_13168465,2025-09,본죽&비빔밥 약사점,본그룹,백반·죽·국수,울산광역시,중구,0.357429718875502,Watch,63.34,63.34,Backlog,none,operation,review_growth,0.357429718875502,3,84.49680316258512,33.50596576789721,7.202210526315792,100.0,93.06659290037868,50.0,calibrated_model_probability,composite_is_explanation_index_not_predictive_rank
821,ba_14238012,2025-09,본죽&비빔밥 안동송현점,본그룹,백반·죽·국수,경상북도,안동시,0.357429718875502,Watch,62.96,62.96,Backlog,none,operation,review_growth,0.357429718875502,3,86.0601261314044,27.92768415491981,23.07692105263158,98.72040294080418,75.84760090724954,50.0,calibrated_model_probability,composite_is_explanation_index_not_predictive_rank
822,ba_13596730,2025-09,굽네치킨 대구혁신점,굽네치킨,치킨,대구광역시,동구,0.357429718875502,Watch,62.92,62.92,Backlog,stability_risk,model_probability,stability,0.357429718875502,3,85.74551932786815,42.0700938306426,66.00876315789475,60.58010150495551,33.99272567006547,50.0,calibrated_model_probability,composite_is_explanation_index_not_predictive_rank
823,ba_14741847,2025-09,굽네치킨 거제아시아드점,굽네치킨,치킨,부산광역시,연제구,0.357429718875502,Watch,62.84,62.84,Backlog,stability_risk,operation,stability,0.357429718875502,3,85.1484764610724,43.04472068713178,39.34531578947369,96.3148347080578,19.31004661564321,50.0,calibrated_model_probability,composite_is_explanation_index_not_predictive_rank
824,ba_13230838,2025-09,본죽&비빔밥 시흥사거리점,본그룹,백반·죽·국수,서울특별시,금천구,0.357429718875502,Watch,62.53,62.53,Backlog,growth_alpha_direction_risk,operation,review_growth,0.357429718875502,3,83.68874382777082,21.57484012331765,21.05263157894737,99.19457169150978,96.17828495802095,64.224720928706,calibrated_model_probability,composite_is_explanation_index_not_predictive_rank
825,ba_14737726,2025-09,굽네치킨 대치4동점,굽네치킨,치킨,서울특별시,강남구,0.357429718875502,Watch,62.47,62.47,Backlog,stability_risk,operation,stability,0.357429718875502,3,84.68864969308343,41.07453824749739,49.419,93.40664017399872,0.0,72.70485697258641,calibrated_model_probability,composite_is_explanation_index_not_predictive_rank
826,ba_14690154,2025-09,본죽&비빔밥 대화역점,본그룹,백반·죽·국수,경기도,고양시,0.357429718875502,Watch,61.91,61.91,Backlog,none,model_probability,review_growth,0.357429718875502,3,83.7756841316142,79.02873969768743,13.06392105263158,17.5,82.51637411264414,50.0,calibrated_model_probability,composite_is_explanation_index_not_predictive_rank
827,ba_13237700,2025-09,본죽&비빔밥 김해내외동점,본그룹,백반·죽·국수,경상남도,김해시,0.357429718875502,Watch,61.74,61.74,Backlog,none,operation,review_growth,0.357429718875502,3,85.15382109410088,28.893731120290468,27.033500000000004,94.05864160574204,65.5241137822834,50.0,calibrated_model_probability,composite_is_explanation_index_not_predictive_rank
828,ba_13539979,2025-09,본죽&비빔밥 대전신탄점,본그룹,백반·죽·국수,대전광역시,대덕구,0.357429718875502,Watch,61.71,61.71,Backlog,growth_alpha_direction_risk,operation,growth_alpha,0.357429718875502,3,85.23046834008765,20.060212212632543,21.05263157894737,99.06255880068832,88.46276064359067,50.0,calibrated_model_probability,composite_is_explanation_index_not_predictive_rank
829,ba_14541579,2025-09,굽네치킨 킨텍스호수공원점,굽네치킨,치킨,경기도,고양시,0.357429718875502,Watch,61.63,61.63,Backlog,none,model_probability,review_growth,0.357429718875502,3,87.00552049398931,46.75704225879047,24.44821052631579,66.69177129397436,58.13418928509654,50.0,calibrated_model_probability,composite_is_explanation_index_not_predictive_rank
830,ba_14578524,2025-09,굽네치킨 세천점,굽네치킨,치킨,대구광역시,달성군,0.357429718875502,Watch,61.09,61.09,Backlog,none,operation,growth_alpha,0.357429718875502,3,84.18578264679053,34.64325583145769,35.59557894736842,86.23095996421496,46.89021604291406,50.0,calibrated_model_probability,composite_is_explanation_index_not_predictive_rank
831,ba_14783596,2025-09,굽네치킨 사상역점,굽네치킨,치킨,부산광역시,사상구,0.357429718875502,Watch,60.72,60.72,Backlog,stability_risk,model_probability,stability,0.357429718875502,3,83.82895363301208,38.00094190355083,50.0,78.75679928053616,25.641391278854364,50.0,calibrated_model_probability,composite_is_explanation_index_not_predictive_rank
832,ba_10022124,2025-09,굽네치킨 삼산2동점,굽네치킨,치킨,인천광역시,부평구,0.357429718875502,Watch,60.53,60.53,Backlog,none,model_probability,review_growth,0.357429718875502,3,87.56975297021373,37.454023727833,24.951263157894736,83.00593561260482,43.192622617426345,50.0,calibrated_model_probability,composite_is_explanation_index_not_predictive_rank
833,ba_10739524,2025-09,굽네치킨 강원횡성점,굽네치킨,치킨,강원특별자치도,횡성군,0.357429718875502,Watch,60.53,60.53,Backlog,none,model_probability,review_growth,0.357429718875502,3,84.92098425890153,35.65388719227885,23.519736842105267,76.77530319088885,68.50908601299427,50.0,calibrated_model_probability,composite_is_explanation_index_not_predictive_rank
834,ba_14739815,2025-09,굽네치킨&피자 신창신가점,굽네치킨,치킨,광주광역시,광산구,0.357429718875502,Watch,60.04,60.04,Backlog,stability_risk,operation,stability,0.357429718875502,3,85.87435046303105,35.512751308918375,33.16113157894737,95.4194819723504,18.20225276278324,50.0,calibrated_model_probability,composite_is_explanation_index_not_predictive_rank
835,ba_13235498,2025-09,본죽&비빔밥 외대점,본그룹,백반·죽·국수,서울특별시,동대문구,0.357429718875502,Watch,59.66,59.66,Backlog,growth_alpha_direction_risk,operation,growth_alpha,0.357429718875502,3,83.75434930970846,3.0657757842771542,32.33081578947369,98.45547911228492,90.90329673623144,67.5183498190397,calibrated_model_probability,composite_is_explanation_index_not_predictive_rank
836,ba_14623314,2025-09,굽네치킨 충효점,굽네치킨,치킨,경상북도,경주시,0.357429718875502,Watch,59.53,59.53,Backlog,none,operation,review_growth,0.357429718875502,3,88.1683830595804,32.469993798423666,12.79071052631579,90.4338250638896,50.68298052588872,50.0,calibrated_model_probability,composite_is_explanation_index_not_predictive_rank
837,ba_14767932,2025-09,본죽&비빔밥 신중동점,본그룹,백반·죽·국수,경기도,부천시,0.357429718875502,Watch,59.35,59.35,Backlog,growth_alpha_direction_risk,operation,growth_alpha,0.357429718875502,3,84.5606087726261,1.1654740082230637,50.0,96.89108145370696,74.33721472070707,50.0,calibrated_model_probability,composite_is_explanation_index_not_predictive_rank
838,ba_14603467,2025-09,본죽&비빔밥 천안불당점,본그룹,백반·죽·국수,충청남도,천안시,0.357429718875502,Watch,59.28,59.28,Backlog,growth_alpha_direction_risk,operation,growth_alpha,0.357429718875502,3,88.66448680756704,3.0657757842771542,32.33081578947369,96.98747181843372,80.79104989843566,50.0,calibrated_model_probability,composite_is_explanation_index_not_predictive_rank
839,ba_10800862,2025-09,굽네치킨 송파점,굽네치킨,치킨,서울특별시,송파구,0.357429718875502,Watch,59.26,59.26,Backlog,stability_risk,model_probability,stability,0.357429718875502,3,87.43745478189932,38.63026694047679,34.70347368421053,78.62755278120841,0.0,77.24887576341958,calibrated_model_probability,composite_is_explanation_index_not_predictive_rank
840,ba_14575172,2025-09,굽네치킨 좌4동점,굽네치킨,치킨,부산광역시,해운대구,0.357429718875502,Watch,59.1,59.1,Backlog,stability_risk,operation,stability,0.357429718875502,3,86.09641948185882,30.28755327721634,35.55315789473685,90.87636908187108,24.34873849377693,50.0,calibrated_model_probability,composite_is_explanation_index_not_predictive_rank
841,ba_13227516,2025-09,본죽&비빔밥 부산동래점,본그룹,백반·죽·국수,부산광역시,동래구,0.357429718875502,Watch,59.07,59.07,Backlog,growth_alpha_direction_risk,operation,review_growth,0.357429718875502,3,87.68035247253003,21.11462983949784,10.714289473684213,87.84415606344146,83.2316721237002,50.0,calibrated_model_probability,composite_is_explanation_index_not_predictive_rank
842,ba_14690086,2025-09,본죽&비빔밥 수지상현점,본그룹,백반·죽·국수,경기도,용인시,0.357429718875502,Watch,59.06,59.06,Backlog,none,stability,review_growth,0.357429718875502,3,83.554947894241,45.23328020045464,18.330315789473687,43.98658691896367,91.56568361747128,50.0,calibrated_model_probability,composite_is_explanation_index_not_predictive_rank
843,ba_14604237,2025-09,굽네치킨 울산다운점,굽네치킨,치킨,울산광역시,중구,0.357429718875502,Watch,58.66,58.66,Backlog,none,model_probability,review_growth,0.357429718875502,3,88.50108305343544,38.576548397375554,26.994894736842102,62.57183157430183,46.02656346092964,50.0,calibrated_model_probability,composite_is_explanation_index_not_predictive_rank
844,ba_10841421,2025-09,굽네치킨 인계점,굽네치킨,치킨,경기도,수원시,0.357429718875502,Watch,58.66,58.66,Backlog,stability_risk,operation,review_growth,0.357429718875502,3,86.94956676892444,34.71169542805426,17.464105263157894,90.12417390292885,34.07935958775387,50.0,calibrated_model_probability,composite_is_explanation_index_not_predictive_rank
845,ba_13234193,2025-09,본죽 경주황성점,본그룹,백반·죽·국수,경상북도,경주시,0.357429718875502,Watch,58.39,58.39,Backlog,none,model_probability,operation,0.357429718875502,3,86.73814443300783,55.59834292816055,25.32005263157895,17.5,77.12679889874951,50.0,calibrated_model_probability,composite_is_explanation_index_not_predictive_rank
846,ba_14688086,2025-09,본죽&비빔밥 보라매점,본그룹,백반·죽·국수,서울특별시,동작구,0.357429718875502,Watch,58.22,58.22,Backlog,growth_alpha_direction_risk,operation,growth_alpha,0.357429718875502,3,85.64518177779496,1.4821983609858416,22.93234210526316,98.59826856562242,88.30245281194908,65.50841085761586,calibrated_model_probability,composite_is_explanation_index_not_predictive_rank
847,ba_14564492,2025-09,본죽&비빔밥 대구신월성점,본그룹,백반·죽·국수,대구광역시,달서구,0.357429718875502,Watch,58.16,58.16,Backlog,growth_alpha_direction_risk,operation,review_growth,0.357429718875502,3,85.69926324131576,12.69394336728691,7.894736842105264,95.24825436792896,95.19197265344997,50.0,calibrated_model_probability,composite_is_explanation_index_not_predictive_rank
848,ba_14690725,2025-09,본죽&비빔밥 광주주월점,본그룹,백반·죽·국수,광주광역시,남구,0.357429718875502,Watch,58.15,58.15,Backlog,none,model_probability,operation,0.357429718875502,3,84.7582312658032,61.79062992751378,18.703000000000003,17.5,76.07986976001712,50.0,calibrated_model_probability,composite_is_explanation_index_not_predictive_rank
849,ba_14691330,2025-09,본죽&비빔밥 구미형곡송정점,본그룹,백반·죽·국수,경상북도,구미시,0.357429718875502,Watch,57.84,57.84,Backlog,none,stability,operation,0.357429718875502,3,84.97002971101976,46.49676339126738,35.571684210526314,17.5,85.19954573646396,50.0,calibrated_model_probability,composite_is_explanation_index_not_predictive_rank
850,ba_14689496,2025-09,본죽&비빔밥 수원역매산점,본그룹,백반·죽·국수,경기도,수원시,0.357429718875502,Watch,57.7,57.7,Backlog,growth_alpha_direction_risk,operation,growth_alpha,0.357429718875502,3,84.60567945671214,2.374750910186225,28.22965789473684,97.3083739022446,86.61038593802812,50.0,calibrated_model_probability,composite_is_explanation_index_not_predictive_rank
851,ba_10509105,2025-09,굽네치킨&피자 강저지구점,굽네치킨,치킨,충청북도,제천시,0.357429718875502,Watch,57.33,57.33,Backlog,stability_risk,model_probability,review_growth,0.357429718875502,3,87.13754509528461,38.05838505054847,30.286236842105264,63.8372858799662,31.99099625899858,50.0,calibrated_model_probability,composite_is_explanation_index_not_predictive_rank
852,ba_14654080,2025-09,굽네치킨 부산명장점,굽네치킨,치킨,부산광역시,동래구,0.357429718875502,Watch,57.17,57.17,Backlog,stability_risk,operation,stability,0.357429718875502,3,83.99982664431192,36.09607305367138,29.5465,95.39700410877828,0.0,50.0,calibrated_model_probability,composite_is_explanation_index_not_predictive_rank
853,ba_10739556,2025-09,굽네치킨 양산석산점,굽네치킨,치킨,경상남도,양산시,0.357429718875502,Watch,57.01,57.01,Backlog,stability_risk,model_probability,growth_alpha,0.357429718875502,3,84.64314267670025,27.27022505641916,32.236842105263165,83.72396790123878,31.715581425867608,50.0,calibrated_model_probability,composite_is_explanation_index_not_predictive_rank
854,ba_14716102,2025-09,본죽&비빔밥 의정부발곡점,본그룹,백반·죽·국수,경기도,의정부시,0.357429718875502,Watch,56.44,56.44,Backlog,growth_alpha_direction_risk,operation,growth_alpha,0.357429718875502,3,87.4064706132892,0.8487496554602856,19.17292105263158,99.03561739439824,79.08841106532219,50.0,calibrated_model_probability,composite_is_explanation_index_not_predictive_rank
855,ba_13233782,2025-09,본죽&비빔밥 대구서구청점,본그룹,백반·죽·국수,대구광역시,서구,0.357429718875502,Watch,56.41,56.41,Backlog,growth_alpha_direction_risk,operation,growth_alpha,0.357429718875502,3,88.59084454960596,1.777062836118487,24.68239473684211,92.37274824923622,74.01930172123247,50.0,calibrated_model_probability,composite_is_explanation_index_not_predictive_rank
856,ba_14688614,2025-09,본죽 안산본오1동점,본그룹,백반·죽·국수,경기도,안산시,0.357429718875502,Watch,55.85,55.85,Backlog,growth_alpha_direction_risk,operation,growth_alpha,0.357429718875502,3,85.22991877071661,1.9968588065293909,25.98684210526316,89.47081946349824,81.99060759097944,50.0,calibrated_model_probability,composite_is_explanation_index_not_predictive_rank
857,ba_14689759,2025-09,본죽&비빔밥 인천송도웰카운티점,본그룹,백반·죽·국수,인천광역시,연수구,0.357429718875502,Watch,55.42,55.42,Backlog,growth_alpha_direction_risk,operation,growth_alpha,0.357429718875502,3,84.96780657480711,1.658141554568747,23.976605263157897,93.1061132189079,77.04763673269707,50.0,calibrated_model_probability,composite_is_explanation_index_not_predictive_rank
858,ba_10821092,2025-09,굽네치킨 주안3호점,굽네치킨,치킨,인천광역시,미추홀구,0.357429718875502,Watch,54.57,54.57,Backlog,stability_risk,model_probability,stability,0.357429718875502,3,86.76047785631867,34.714511051237864,24.54684210526316,67.49690827263677,17.230887576600278,50.0,calibrated_model_probability,composite_is_explanation_index_not_predictive_rank
859,ba_10040420,2025-09,굽네치킨 김해진영점,굽네치킨,치킨,경상남도,김해시,0.357429718875502,Watch,53.87,53.87,Backlog,none,model_probability,review_growth,0.357429718875502,3,88.03781694190639,38.212202323365794,21.992473684210527,38.419,44.46843837302191,50.0,calibrated_model_probability,composite_is_explanation_index_not_predictive_rank
860,ba_13085339,2025-09,굽네치킨&피자 가양점,굽네치킨,피자,서울특별시,강서구,0.357429718875502,Watch,53.22,53.22,Backlog,none,stability,market_fit,0.357429718875502,3,84.80102267087216,38.054638276390776,50.0,17.5,98.16665699969153,0.0,calibrated_model_probability,composite_is_explanation_index_not_predictive_rank
861,ba_13226860,2025-09,본죽 부산서면점,본그룹,백반·죽·국수,부산광역시,부산진구,0.357429718875502,Watch,53.07,53.07,Backlog,growth_alpha_direction_risk,operation,growth_alpha,0.357429718875502,3,85.40321196568718,0.0,11.437236842105264,97.7996055436006,67.89436892900673,50.0,calibrated_model_probability,composite_is_explanation_index_not_predictive_rank
862,ba_14691030,2025-09,본죽 대구진천역점,본그룹,백반·죽·국수,대구광역시,달서구,0.357429718875502,Watch,52.38,52.38,Backlog,none,model_probability,review_growth,0.357429718875502,3,85.00821025138879,39.46533200215695,14.12742105263158,17.5,80.17527897579808,50.0,calibrated_model_probability,composite_is_explanation_index_not_predictive_rank
863,ba_13228166,2025-09,본죽 제천하소점,본그룹,백반·죽·국수,충청북도,제천시,0.357429718875502,Watch,52.11,52.11,Backlog,growth_alpha_direction_risk,stability,growth_alpha,0.357429718875502,3,85.05213959769377,0.0,9.09092105263158,78.59383392461879,91.85161853671087,50.0,calibrated_model_probability,composite_is_explanation_index_not_predictive_rank
864,ba_14690786,2025-09,본죽&비빔밥 광주문흥점,본그룹,백반·죽·국수,광주광역시,북구,0.357429718875502,Watch,51.97,51.97,Backlog,growth_alpha_direction_risk,model_probability,growth_alpha,0.357429718875502,3,87.92560018744139,2.643498817521405,29.82455263157895,62.80925384278534,66.44154062786885,50.0,calibrated_model_probability,composite_is_explanation_index_not_predictive_rank
865,ba_14729971,2025-09,굽네치킨 군포1동점,굽네치킨,치킨,경기도,군포시,0.357429718875502,Watch,51.52,51.52,Backlog,stability_risk,model_probability,review_growth,0.357429718875502,3,86.96623634405536,27.31609532702438,16.244947368421055,62.991924420374886,23.663803920122245,50.0,calibrated_model_probability,composite_is_explanation_index_not_predictive_rank
866,ba_14387630,2025-09,굽네치킨 등촌2동점,굽네치킨,치킨,서울특별시,강서구,0.357429718875502,Watch,49.52,49.52,Backlog,stability_risk,model_probability,stability,0.357429718875502,3,83.76569608746412,32.3548636315542,31.77386842105264,25.99245237785706,7.852941323610037,73.48819931083419,calibrated_model_probability,composite_is_explanation_index_not_predictive_rank
867,ba_14690077,2025-09,본죽&비빔밥 인천연희연세병원점,본그룹,백반·죽·국수,인천광역시,서구,0.357429718875502,Watch,49.3,49.3,Backlog,growth_alpha_direction_risk,model_probability,growth_alpha,0.357429718875502,3,85.01689945846094,0.0,13.875605263157896,65.13845070492403,76.87252136649309,50.0,calibrated_model_probability,composite_is_explanation_index_not_predictive_rank
868,ba_14440681,2025-09,굽네피자 면목점,굽네치킨,피자,서울특별시,중랑구,0.357429718875502,Watch,47.65,47.65,Backlog,growth_alpha_direction_risk,stability,review_growth,0.357429718875502,3,84.05760375409508,24.4241399338118,1.315789473684212,50.0,95.32582490951977,1.6657511871803476,calibrated_model_probability,composite_is_explanation_index_not_predictive_rank
869,ba_14692592,2025-09,본죽 의정부가능역점,본그룹,백반·죽·국수,경기도,의정부시,0.357429718875502,Watch,46.26,46.26,Backlog,growth_alpha_direction_risk,model_probability,growth_alpha,0.357429718875502,3,85.4189428246457,0.0,10.16334210526316,45.38677168398329,80.35433431741903,50.0,calibrated_model_probability,composite_is_explanation_index_not_predictive_rank
870,ba_14690774,2025-09,본죽&비빔밥 진주신안점,본그룹,백반·죽·국수,경상남도,진주시,0.357429718875502,Watch,44.82,44.82,Backlog,growth_alpha_direction_risk,model_probability,growth_alpha,0.357429718875502,3,86.50842536387833,16.21748516407684,23.786736842105267,17.5,42.9055039069151,50.0,calibrated_model_probability,composite_is_explanation_index_not_predictive_rank
871,ba_14689013,2025-09,본죽&비빔밥 김포사우점,본그룹,백반·죽·국수,경기도,김포시,0.357429718875502,Watch,44.51,44.51,Backlog,growth_alpha_direction_risk,model_probability,growth_alpha,0.357429718875502,3,87.10868151651545,1.5065634781415382,23.07692105263158,17.5,75.58330557534015,50.0,calibrated_model_probability,composite_is_explanation_index_not_predictive_rank
872,ba_14692146,2025-09,본죽&비빔밥 부산재송점,본그룹,백반·죽·국수,부산광역시,해운대구,0.357429718875502,Watch,42.65,42.65,Backlog,growth_alpha_direction_risk,model_probability,growth_alpha,0.357429718875502,3,83.64851451270584,1.9968588065293909,25.98684210526316,17.5,63.50817412997715,50.0,calibrated_model_probability,composite_is_explanation_index_not_predictive_rank
873,ba_13305413,2025-09,본죽&비빔밥 사당연세사랑병원점,본그룹,백반·죽·국수,서울특별시,서초구,0.2248995983935743,Monitor,68.94,68.94,Backlog,none,growth_alpha,model_probability,0.2248995983935743,8,27.326749995325027,100.0,50.0,100.0,92.49657528801193,92.61419634354762,calibrated_model_probability,composite_is_explanation_index_not_predictive_rank
874,ba_14256619,2025-09,본죽&비빔밥 비산사거리점,본그룹,백반·죽·국수,경기도,안양시,0.2248995983935743,Monitor,59.75,59.75,Backlog,none,growth_alpha,model_probability,0.2248995983935743,8,28.21750831846941,100.0,50.0,50.0,98.78063258058712,50.0,calibrated_model_probability,composite_is_explanation_index_not_predictive_rank
875,ba_13231958,2025-09,본죽 송도센트럴파크점,본그룹,백반·죽·국수,인천광역시,연수구,0.2248995983935743,Monitor,58.91,58.91,Backlog,none,growth_alpha,model_probability,0.2248995983935743,8,33.31711140540477,100.0,36.84210526315789,50.0,92.23453194909362,50.0,calibrated_model_probability,composite_is_explanation_index_not_predictive_rank
876,ba_14754893,2025-09,본죽&비빔밥 일산탄현큰마을점,본그룹,백반·죽·국수,경기도,고양시,0.2248995983935743,Monitor,54.98,54.98,Backlog,none,review_growth,model_probability,0.2248995983935743,8,29.69182853446853,49.94004884219414,100.0,65.0,73.4853017522808,50.0,calibrated_model_probability,composite_is_explanation_index_not_predictive_rank
877,ba_13233436,2025-09,본죽&비빔밥 대구효성타운점,본그룹,백반·죽·국수,대구광역시,남구,0.2248995983935743,Monitor,50.17,50.17,Backlog,none,stability,model_probability,0.2248995983935743,8,35.29968209011163,54.57279098149244,47.36842105263158,50.0,95.6376814109744,50.0,calibrated_model_probability,composite_is_explanation_index_not_predictive_rank
878,ba_14809938,2025-09,굽네치킨&피자 도곡스타점,굽네치킨,치킨,서울특별시,강남구,0.2248995983935743,Monitor,47.14,47.14,Backlog,none,stability,model_probability,0.2248995983935743,8,28.05222516502555,38.00094190355083,50.0,50.0,100.0,72.5,calibrated_model_probability,composite_is_explanation_index_not_predictive_rank
879,ba_10040411,2025-09,굽네치킨,굽네치킨,치킨,서울특별시,성북구,0.2248995983935743,Monitor,47.11,47.11,Backlog,none,stability,model_probability,0.2248995983935743,8,32.85437094491006,38.00094190355083,50.0,50.0,100.0,57.1133008343371,calibrated_model_probability,composite_is_explanation_index_not_predictive_rank
880,ba_14472921,2025-09,굽네피자 내당중리점,굽네치킨,피자,대구광역시,서구,0.2248995983935743,Monitor,46.52,46.52,Backlog,none,stability,model_probability,0.2248995983935743,8,34.31142968783076,38.054638276390776,50.0,50.0,100.0,50.0,calibrated_model_probability,composite_is_explanation_index_not_predictive_rank
881,ba_14392494,2025-09,굽네피자 원주혁신점,굽네치킨,피자,강원특별자치도,원주시,0.2248995983935743,Monitor,46.31,46.31,Backlog,none,stability,model_probability,0.2248995983935743,8,33.70053370105152,38.054638276390776,50.0,50.0,100.0,50.0,calibrated_model_probability,composite_is_explanation_index_not_predictive_rank
882,ba_14314711,2025-09,굽네피자 송내2동점,굽네치킨,피자,경기도,부천시,0.2248995983935743,Monitor,46.19,46.19,Backlog,none,stability,model_probability,0.2248995983935743,8,33.36702614420385,38.054638276390776,50.0,50.0,100.0,50.0,calibrated_model_probability,composite_is_explanation_index_not_predictive_rank
883,ba_14690062,2025-09,본죽&비빔밥 용인물푸레마을점,본그룹,백반·죽·국수,경기도,용인시,0.2248995983935743,Monitor,46.06,46.06,Backlog,none,stability,operation,0.2248995983935743,8,32.28150581876539,74.69738009034049,25.4386052631579,17.5,96.457080399364,50.0,calibrated_model_probability,composite_is_explanation_index_not_predictive_rank
884,ba_14335172,2025-09,굽네피자 장곡장현점,굽네치킨,피자,경기도,시흥시,0.2248995983935743,Monitor,45.81,45.81,Backlog,none,stability,model_probability,0.2248995983935743,8,32.28333205349852,38.054638276390776,50.0,50.0,100.0,50.0,calibrated_model_probability,composite_is_explanation_index_not_predictive_rank
885,ba_14651431,2025-09,굽네피자 벌교읍점,굽네치킨,피자,전라남도,보성군,0.2248995983935743,Monitor,45.75,45.75,Backlog,none,stability,model_probability,0.2248995983935743,8,32.10086874036371,38.054638276390776,50.0,50.0,100.0,50.0,calibrated_model_probability,composite_is_explanation_index_not_predictive_rank
886,ba_14297681,2025-09,굽네피자 서산예천점,굽네치킨,피자,충청남도,서산시,0.2248995983935743,Monitor,45.72,45.72,Backlog,none,stability,model_probability,0.2248995983935743,8,32.01577566985366,38.054638276390776,50.0,50.0,100.0,50.0,calibrated_model_probability,composite_is_explanation_index_not_predictive_rank
887,ba_14680684,2025-09,굽네피자 부산온천점,굽네치킨,피자,부산광역시,동래구,0.2248995983935743,Monitor,45.64,45.64,Backlog,none,stability,model_probability,0.2248995983935743,8,31.79861745978042,38.054638276390776,50.0,50.0,100.0,50.0,calibrated_model_probability,composite_is_explanation_index_not_predictive_rank
888,ba_14651464,2025-09,굽네피자 순천서면점,굽네치킨,피자,전라남도,순천시,0.2248995983935743,Monitor,45.63,45.63,Backlog,none,stability,model_probability,0.2248995983935743,8,31.77032152884049,38.054638276390776,50.0,50.0,100.0,50.0,calibrated_model_probability,composite_is_explanation_index_not_predictive_rank
889,ba_14615268,2025-09,굽네피자 효자점,굽네치킨,피자,강원특별자치도,춘천시,0.2248995983935743,Monitor,45.53,45.53,Backlog,none,stability,model_probability,0.2248995983935743,8,31.47483001658726,38.054638276390776,50.0,50.0,100.0,50.0,calibrated_model_probability,composite_is_explanation_index_not_predictive_rank
890,ba_14778106,2025-09,굽네치킨 구로디지털점,굽네치킨,치킨,서울특별시,구로구,0.2248995983935743,Monitor,45.45,45.45,Backlog,none,stability,model_probability,0.2248995983935743,8,29.90120484083127,38.00094190355083,50.0,50.0,97.33033208633287,52.21371768756819,calibrated_model_probability,composite_is_explanation_index_not_predictive_rank
891,ba_12026171,2025-09,굽네치킨&피자 선부3동점,굽네치킨,피자,경기도,안산시,0.2248995983935743,Monitor,45.11,45.11,Backlog,none,stability,model_probability,0.2248995983935743,8,30.264886536146967,38.054638276390776,50.0,50.0,100.0,50.0,calibrated_model_probability,composite_is_explanation_index_not_predictive_rank
892,ba_14338227,2025-09,굽네피자 상대원점,굽네치킨,피자,경기도,성남시,0.2248995983935743,Monitor,45.03,45.03,Backlog,none,stability,model_probability,0.2248995983935743,8,30.05598369037889,38.054638276390776,50.0,50.0,100.0,50.0,calibrated_model_probability,composite_is_explanation_index_not_predictive_rank
893,ba_14788152,2025-09,굽네피자 초읍점,굽네치킨,피자,부산광역시,부산진구,0.2248995983935743,Monitor,45.01,45.01,Backlog,none,stability,model_probability,0.2248995983935743,8,30.0196814207157,38.054638276390776,50.0,50.0,99.92236110344976,50.0,calibrated_model_probability,composite_is_explanation_index_not_predictive_rank
894,ba_13969906,2025-09,굽네피자 포항흥해점,굽네치킨,피자,경상북도,포항시,0.2248995983935743,Monitor,45.01,45.01,Backlog,none,stability,model_probability,0.2248995983935743,8,29.98428591678717,38.054638276390776,50.0,50.0,100.0,50.0,calibrated_model_probability,composite_is_explanation_index_not_predictive_rank
895,ba_13969888,2025-09,굽네피자 청주강서지구점,굽네치킨,피자,충청북도,청주시,0.2248995983935743,Monitor,45.01,45.01,Backlog,none,stability,model_probability,0.2248995983935743,8,29.980800235075,38.054638276390776,50.0,50.0,100.0,50.0,calibrated_model_probability,composite_is_explanation_index_not_predictive_rank
896,ba_13122792,2025-09,굽네치킨&피자 청주 강서지구점,굽네치킨,피자,충청북도,청주시,0.2248995983935743,Monitor,45.01,45.01,Backlog,none,stability,model_probability,0.2248995983935743,8,29.980800235075,38.054638276390776,50.0,50.0,100.0,50.0,calibrated_model_probability,composite_is_explanation_index_not_predictive_rank
897,ba_14605018,2025-09,굽네피자 대구신매점,굽네치킨,피자,대구광역시,수성구,0.2248995983935743,Monitor,44.94,44.94,Backlog,none,stability,model_probability,0.2248995983935743,8,29.79633889900104,38.054638276390776,50.0,50.0,100.0,50.0,calibrated_model_probability,composite_is_explanation_index_not_predictive_rank
898,ba_12017934,2025-09,굽네치킨&피자 삼숭고읍점,굽네치킨,피자,경기도,양주시,0.2248995983935743,Monitor,44.93,44.93,Backlog,none,stability,model_probability,0.2248995983935743,8,29.75124592387914,38.054638276390776,50.0,50.0,100.0,50.0,calibrated_model_probability,composite_is_explanation_index_not_predictive_rank
899,ba_13079581,2025-09,굽네치킨&피자 온의퇴계점,굽네치킨,피자,강원특별자치도,춘천시,0.2248995983935743,Monitor,44.88,44.88,Backlog,none,stability,model_probability,0.2248995983935743,8,29.61521526879085,38.054638276390776,50.0,50.0,100.0,50.0,calibrated_model_probability,composite_is_explanation_index_not_predictive_rank
900,ba_14668967,2025-09,굽네피자 신사우점,굽네치킨,피자,강원특별자치도,춘천시,0.2248995983935743,Monitor,44.75,44.75,Backlog,none,stability,model_probability,0.2248995983935743,8,29.24448075158726,38.054638276390776,50.0,50.0,100.0,50.0,calibrated_model_probability,composite_is_explanation_index_not_predictive_rank
901,ba_14248058,2025-09,굽네피자 은행선화점,굽네치킨,피자,대전광역시,중구,0.2248995983935743,Monitor,44.74,44.74,Backlog,none,stability,model_probability,0.2248995983935743,8,29.22050159616295,38.054638276390776,50.0,50.0,100.0,50.0,calibrated_model_probability,composite_is_explanation_index_not_predictive_rank
902,ba_13969554,2025-09,굽네피자 포항양덕점,굽네치킨,피자,경상북도,포항시,0.2248995983935743,Monitor,44.43,44.43,Backlog,none,stability,model_probability,0.2248995983935743,8,28.33585632122576,38.054638276390776,50.0,50.0,100.0,50.0,calibrated_model_probability,composite_is_explanation_index_not_predictive_rank
903,ba_14464914,2025-09,굽네피자 부산구서점,굽네치킨,피자,부산광역시,금정구,0.2248995983935743,Monitor,44.42,44.42,Backlog,none,stability,model_probability,0.2248995983935743,8,28.29713232633403,38.054638276390776,50.0,50.0,100.0,50.0,calibrated_model_probability,composite_is_explanation_index_not_predictive_rank
904,ba_13047702,2025-09,굽네피자&치킨 광주상무점,굽네치킨,피자,광주광역시,서구,0.2248995983935743,Monitor,44.38,44.38,Backlog,none,stability,model_probability,0.2248995983935743,8,28.17983242146815,38.054638276390776,50.0,50.0,100.0,50.0,calibrated_model_probability,composite_is_explanation_index_not_predictive_rank
905,ba_13969933,2025-09,굽네피자 신탄진점,굽네치킨,피자,대전광역시,대덕구,0.2248995983935743,Monitor,44.3,44.3,Backlog,none,stability,model_probability,0.2248995983935743,8,27.959907091195653,38.054638276390776,50.0,50.0,100.0,50.0,calibrated_model_probability,composite_is_explanation_index_not_predictive_rank
906,ba_14274576,2025-09,굽네치킨&피자 갈현점,굽네치킨,치킨,서울특별시,은평구,0.2248995983935743,Monitor,44.3,44.3,Backlog,none,stability,model_probability,0.2248995983935743,8,27.36049928034417,38.00094190355083,50.0,50.0,100.0,46.27507268129333,calibrated_model_probability,composite_is_explanation_index_not_predictive_rank
907,ba_14171262,2025-09,굽네피자 칠암망경점,굽네치킨,피자,경상남도,진주시,0.2248995983935743,Monitor,44.29,44.29,Backlog,none,stability,model_probability,0.2248995983935743,8,27.94510121429961,38.054638276390776,50.0,50.0,100.0,50.0,calibrated_model_probability,composite_is_explanation_index_not_predictive_rank
908,ba_14296957,2025-09,굽네피자 청주동남지구점,굽네치킨,피자,충청북도,청주시,0.2248995983935743,Monitor,44.18,44.18,Backlog,none,stability,model_probability,0.2248995983935743,8,27.61050462053828,38.054638276390776,50.0,50.0,100.0,50.0,calibrated_model_probability,composite_is_explanation_index_not_predictive_rank
909,ba_12018493,2025-09,굽네치킨&피자 부산덕천점,굽네치킨,피자,부산광역시,북구,0.2248995983935743,Monitor,44.13,44.13,Backlog,none,stability,model_probability,0.2248995983935743,8,27.46756210002979,38.054638276390776,50.0,50.0,100.0,50.0,calibrated_model_probability,composite_is_explanation_index_not_predictive_rank
910,ba_12018905,2025-09,굽네피자 거제연초점,굽네치킨,피자,경상남도,거제시,0.2248995983935743,Monitor,44.1,44.1,Backlog,none,stability,model_probability,0.2248995983935743,8,27.38268880450438,38.054638276390776,50.0,50.0,100.0,50.0,calibrated_model_probability,composite_is_explanation_index_not_predictive_rank
911,ba_13969928,2025-09,굽네피자 거제고현점,굽네치킨,피자,경상남도,거제시,0.2248995983935743,Monitor,44.02,44.02,Backlog,none,stability,model_probability,0.2248995983935743,8,27.16331624532816,38.054638276390776,50.0,50.0,100.0,50.0,calibrated_model_probability,composite_is_explanation_index_not_predictive_rank
912,ba_14199673,2025-09,굽네피자 가양점,굽네치킨,피자,서울특별시,강서구,0.2248995983935743,Monitor,43.4,43.4,Backlog,none,stability,market_fit,0.2248995983935743,8,30.442143733375897,38.054638276390776,50.0,50.0,100.0,27.500000000000004,calibrated_model_probability,composite_is_explanation_index_not_predictive_rank
913,ba_14272179,2025-09,굽네피자 마장점,굽네치킨,피자,경기도,이천시,0.2248995983935743,Monitor,43.35,43.35,Backlog,none,stability,model_probability,0.2248995983935743,8,29.11854651012161,34.92198035637254,50.0,50.0,94.26405023241232,50.0,calibrated_model_probability,composite_is_explanation_index_not_predictive_rank
914,ba_14189792,2025-09,굽네피자 부산우동점,굽네치킨,피자,부산광역시,해운대구,0.2248995983935743,Monitor,43.01,43.01,Backlog,none,stability,model_probability,0.2248995983935743,8,28.57746478257856,32.780443967241894,50.0,50.0,98.14143775678552,50.0,calibrated_model_probability,composite_is_explanation_index_not_predictive_rank
915,ba_14669108,2025-09,굽네피자 의정부용현점,굽네치킨,피자,경기도,의정부시,0.2248995983935743,Monitor,42.97,42.97,Backlog,none,stability,model_probability,0.2248995983935743,8,28.52176303266627,41.22181529323469,39.84963157894737,50.0,92.01784178562568,50.0,calibrated_model_probability,composite_is_explanation_index_not_predictive_rank
916,ba_13974018,2025-09,굽네피자 송파점,굽네치킨,피자,서울특별시,송파구,0.2248995983935743,Monitor,42.95,42.95,Backlog,none,stability,market_fit,0.2248995983935743,8,28.975822205401208,38.054638276390776,50.0,50.0,100.0,27.635887216290705,calibrated_model_probability,composite_is_explanation_index_not_predictive_rank
917,ba_14544899,2025-09,본죽&비빔밥 안양호계포도원점,본그룹,백반·죽·국수,경기도,안양시,0.2248995983935743,Monitor,42.94,42.94,Backlog,none,stability,review_growth,0.2248995983935743,8,34.44552255975247,41.69295551586956,21.05263157894737,50.0,98.0157969437424,50.0,calibrated_model_probability,composite_is_explanation_index_not_predictive_rank
918,ba_14250329,2025-09,굽네피자 인창점,굽네치킨,피자,경기도,구리시,0.2248995983935743,Monitor,42.7,42.7,Backlog,growth_alpha_direction_risk,stability,growth_alpha,0.2248995983935743,8,33.59243888651939,24.120074800244563,50.0,50.0,99.11251348987636,50.0,calibrated_model_probability,composite_is_explanation_index_not_predictive_rank
919,ba_13231195,2025-09,본죽&비빔밥 수원광교역점,본그룹,백반·죽·국수,경기도,수원시,0.2248995983935743,Monitor,42.51,42.51,Backlog,growth_alpha_direction_risk,stability,growth_alpha,0.2248995983935743,8,34.618898221121505,21.79805031396693,50.0,50.0,99.4419352696093,50.0,calibrated_model_probability,composite_is_explanation_index_not_predictive_rank
920,ba_13232134,2025-09,본죽&비빔밥 광주운남점,본그룹,백반·죽·국수,광주광역시,광산구,0.2248995983935743,Monitor,41.48,41.48,Backlog,none,stability,review_growth,0.2248995983935743,8,33.09580810848788,49.82762344720184,1.315789473684212,50.0,97.3885801332346,50.0,calibrated_model_probability,composite_is_explanation_index_not_predictive_rank
921,ba_14173661,2025-09,굽네피자 신월사파점,굽네치킨,피자,경상남도,창원시,0.2248995983935743,Monitor,40.99,40.99,Backlog,none,stability,operation,0.2248995983935743,8,34.8826242960999,35.30149088910341,50.0,17.5,98.29560413263071,50.0,calibrated_model_probability,composite_is_explanation_index_not_predictive_rank
922,ba_13235508,2025-09,본죽&비빔밥 의정부녹양점,본그룹,백반·죽·국수,경기도,의정부시,0.2248995983935743,Monitor,40.8,40.8,Backlog,none,stability,review_growth,0.2248995983935743,8,32.2738745681459,48.12412708060282,0.0,50.0,99.76708331034934,50.0,calibrated_model_probability,composite_is_explanation_index_not_predictive_rank
923,ba_13972819,2025-09,굽네피자 영통2동점,굽네치킨,피자,경기도,수원시,0.2248995983935743,Monitor,40.38,40.38,Backlog,growth_alpha_direction_risk,stability,growth_alpha,0.2248995983935743,8,29.4182410634804,20.31842924585584,50.0,50.0,100.0,50.0,calibrated_model_probability,composite_is_explanation_index_not_predictive_rank
924,ba_14637963,2025-09,굽네치킨 영덕영해점,굽네치킨,치킨,경상북도,영덕군,0.2248995983935743,Monitor,40.28,40.28,Backlog,none,stability,operation,0.2248995983935743,8,34.22530691852516,36.512696603798645,52.63157894736842,17.5,86.56977644270395,50.0,calibrated_model_probability,composite_is_explanation_index_not_predictive_rank
925,ba_13230903,2025-09,본죽 시흥시화병원점,본그룹,백반·죽·국수,경기도,시흥시,0.2248995983935743,Monitor,39.44,39.44,Backlog,low_explanation_index,stability,review_growth,0.2248995983935743,8,35.025541695514164,57.27124433418189,4.432131578947369,17.5,95.69685262746412,50.0,calibrated_model_probability,composite_is_explanation_index_not_predictive_rank
926,ba_14800652,2025-09,본죽&비빔밥 내방역점,본그룹,백반·죽·국수,서울특별시,서초구,0.2248995983935743,Monitor,38.49,38.49,Backlog,low_explanation_index;growth_alpha_direction_risk,stability,growth_alpha,0.2248995983935743,8,29.267614927559936,1.1654740082230637,50.0,50.0,100.0,65.11419634354762,calibrated_model_probability,composite_is_explanation_index_not_predictive_rank
927,ba_13233767,2025-09,본죽&비빔밥 세종정부청사점,본그룹,백반·죽·국수,세종특별자치시,절재로,0.2248995983935743,Monitor,38.41,38.41,Backlog,low_explanation_index,stability,growth_alpha,0.2248995983935743,8,28.941348579969866,26.94789162755048,29.82455263157895,50.0,95.67059335428118,50.0,calibrated_model_probability,composite_is_explanation_index_not_predictive_rank
928,ba_14251745,2025-09,굽네피자 태전점,굽네치킨,피자,대구광역시,북구,0.2248995983935743,Monitor,38.23,38.23,Backlog,low_explanation_index;growth_alpha_direction_risk,stability,review_growth,0.2248995983935743,8,33.09833327919205,24.95961825470493,21.05263157894737,50.0,97.43788907877553,50.0,calibrated_model_probability,composite_is_explanation_index_not_predictive_rank
929,ba_13574800,2025-09,굽네치킨 대구신매점,굽네치킨,치킨,대구광역시,수성구,0.2248995983935743,Monitor,38.07,38.07,Backlog,low_explanation_index,stability,operation,0.2248995983935743,8,34.66593535817965,40.12157173628674,33.638447368421055,17.5,82.35863188625888,50.0,calibrated_model_probability,composite_is_explanation_index_not_predictive_rank
930,ba_14794083,2025-09,본죽&비빔밥 부산광안역점,본그룹,백반·죽·국수,부산광역시,수영구,0.2248995983935743,Monitor,37.96,37.96,Backlog,low_explanation_index;growth_alpha_direction_risk,stability,growth_alpha,0.2248995983935743,8,29.09373625062337,1.1654740082230637,50.0,69.8251459967636,95.0847200979201,50.0,calibrated_model_probability,composite_is_explanation_index_not_predictive_rank
931,ba_12016615,2025-09,굽네피자 울산삼산점,굽네치킨,피자,울산광역시,남구,0.2248995983935743,Monitor,37.46,37.46,Backlog,low_explanation_index,stability,operation,0.2248995983935743,8,29.21576958085941,32.04492337874561,47.36842105263158,17.5,94.88317235924738,50.0,calibrated_model_probability,composite_is_explanation_index_not_predictive_rank
932,ba_14689859,2025-09,본죽&비빔밥 춘천퇴계한숲점,본그룹,백반·죽·국수,강원특별자치도,춘천시,0.2248995983935743,Monitor,37.39,37.39,Backlog,low_explanation_index,stability,review_growth,0.2248995983935743,8,33.18007271300996,45.80079454890918,13.875605263157896,17.5,96.19926230929968,50.0,calibrated_model_probability,composite_is_explanation_index_not_predictive_rank
933,ba_14190360,2025-09,굽네피자 일산식사점,굽네치킨,피자,경기도,고양시,0.2248995983935743,Monitor,37.07,37.07,Backlog,low_explanation_index,stability,review_growth,0.2248995983935743,8,32.66981176342172,33.620586018757045,0.0,50.0,97.33033208633287,50.0,calibrated_model_probability,composite_is_explanation_index_not_predictive_rank
934,ba_14731363,2025-09,본죽&비빔밥 충북대병원앞점,본그룹,백반·죽·국수,충청북도,청주시,0.2248995983935743,Monitor,36.62,36.62,Backlog,low_explanation_index;growth_alpha_direction_risk,stability,growth_alpha,0.2248995983935743,8,27.64339969681572,3.6992244898027113,36.09023684210527,71.83677099975709,98.29599171383184,50.0,calibrated_model_probability,composite_is_explanation_index_not_predictive_rank
935,ba_13231218,2025-09,본죽 시흥하상동점,본그룹,백반·죽·국수,경기도,시흥시,0.2248995983935743,Monitor,36.59,36.59,Backlog,low_explanation_index;growth_alpha_direction_risk,stability,growth_alpha,0.2248995983935743,8,32.27212137268624,1.1654740082230637,50.0,50.0,100.0,50.0,calibrated_model_probability,composite_is_explanation_index_not_predictive_rank
936,ba_14692289,2025-09,본죽&비빔밥 당진점,본그룹,백반·죽·국수,충청남도,당진시,0.2248995983935743,Monitor,36.58,36.58,Backlog,low_explanation_index;growth_alpha_direction_risk,stability,growth_alpha,0.2248995983935743,8,32.24429877245094,1.1654740082230637,50.0,50.0,100.0,50.0,calibrated_model_probability,composite_is_explanation_index_not_predictive_rank
937,ba_14688541,2025-09,본죽 시흥하상동점,본그룹,백반·죽·국수,경기도,시흥시,0.2248995983935743,Monitor,36.49,36.49,Backlog,low_explanation_index;growth_alpha_direction_risk,stability,growth_alpha,0.2248995983935743,8,32.00854816382288,1.1654740082230637,50.0,50.0,100.0,50.0,calibrated_model_probability,composite_is_explanation_index_not_predictive_rank
938,ba_14692256,2025-09,본죽&비빔밥 천안성거점,본그룹,백반·죽·국수,충청남도,천안시,0.2248995983935743,Monitor,36.46,36.46,Backlog,low_explanation_index;growth_alpha_direction_risk,stability,growth_alpha,0.2248995983935743,8,31.91112011691454,1.1654740082230637,50.0,50.0,100.0,50.0,calibrated_model_probability,composite_is_explanation_index_not_predictive_rank
939,ba_14692339,2025-09,본죽&비빔밥 청주분평점,본그룹,백반·죽·국수,충청북도,청주시,0.2248995983935743,Monitor,36.45,36.45,Backlog,low_explanation_index,stability,review_growth,0.2248995983935743,8,29.88960562813624,34.08186047511868,2.4767894736842115,50.0,95.98453979663472,50.0,calibrated_model_probability,composite_is_explanation_index_not_predictive_rank
940,ba_14692282,2025-09,본죽&비빔밥 당진수청점,본그룹,백반·죽·국수,충청남도,당진시,0.2248995983935743,Monitor,36.35,36.35,Backlog,low_explanation_index;growth_alpha_direction_risk,stability,growth_alpha,0.2248995983935743,8,31.60762106315127,1.1654740082230637,50.0,50.0,100.0,50.0,calibrated_model_probability,composite_is_explanation_index_not_predictive_rank
941,ba_14397420,2025-09,굽네치킨 진해장천점,굽네치킨,치킨,경상남도,창원시,0.2248995983935743,Monitor,36.29,36.29,Backlog,low_explanation_index,stability,operation,0.2248995983935743,8,28.970546671292468,39.71734136221956,31.239394736842108,17.5,89.07693351340204,50.0,calibrated_model_probability,composite_is_explanation_index_not_predictive_rank
942,ba_13234187,2025-09,본죽 경산계양점,본그룹,백반·죽·국수,경상북도,경산시,0.2248995983935743,Monitor,36.21,36.21,Backlog,low_explanation_index;growth_alpha_direction_risk,stability,operation,0.2248995983935743,8,34.55680372672577,18.72981917325212,47.36842105263158,17.5,97.04810616997172,50.0,calibrated_model_probability,composite_is_explanation_index_not_predictive_rank
943,ba_14522619,2025-09,본죽&비빔밥 수원권선롯데마트점,본그룹,백반·죽·국수,경기도,수원시,0.2248995983935743,Monitor,36.09,36.09,Backlog,low_explanation_index;growth_alpha_direction_risk,stability,growth_alpha,0.2248995983935743,8,30.8510443907189,1.1654740082230637,50.0,50.0,100.0,50.0,calibrated_model_probability,composite_is_explanation_index_not_predictive_rank
944,ba_14400023,2025-09,본죽&비빔밥 시흥장곡점,본그룹,백반·죽·국수,경기도,시흥시,0.2248995983935743,Monitor,36.01,36.01,Backlog,low_explanation_index;growth_alpha_direction_risk,stability,growth_alpha,0.2248995983935743,8,30.63276332793054,1.1654740082230637,50.0,50.0,100.0,50.0,calibrated_model_probability,composite_is_explanation_index_not_predictive_rank
945,ba_14691910,2025-09,본죽&비빔밥 울산청량점,본그룹,백반·죽·국수,울산광역시,울주군,0.2248995983935743,Monitor,35.93,35.93,Backlog,low_explanation_index;growth_alpha_direction_risk,stability,growth_alpha,0.2248995983935743,8,30.38364615688338,1.1654740082230637,50.0,50.0,100.0,50.0,calibrated_model_probability,composite_is_explanation_index_not_predictive_rank
946,ba_14689425,2025-09,본죽&비빔밥 의정부시청점,본그룹,백반·죽·국수,경기도,의정부시,0.2248995983935743,Monitor,35.92,35.92,Backlog,low_explanation_index;growth_alpha_direction_risk,stability,growth_alpha,0.2248995983935743,8,30.376574020123208,1.1654740082230637,50.0,50.0,100.0,50.0,calibrated_model_probability,composite_is_explanation_index_not_predictive_rank
947,ba_14691324,2025-09,본죽 포항지곡점,본그룹,백반·죽·국수,경상북도,포항시,0.2248995983935743,Monitor,35.82,35.82,Backlog,low_explanation_index;growth_alpha_direction_risk,stability,growth_alpha,0.2248995983935743,8,30.0818541819544,1.1654740082230637,50.0,50.0,100.0,50.0,calibrated_model_probability,composite_is_explanation_index_not_predictive_rank
948,ba_14726738,2025-09,본죽&비빔밥 해운대센텀역점,본그룹,백반·죽·국수,부산광역시,해운대구,0.2248995983935743,Monitor,35.7,35.7,Backlog,low_explanation_index;growth_alpha_direction_risk,stability,growth_alpha,0.2248995983935743,8,31.4094684506872,2.643498817521405,29.82455263157895,65.37083349013517,97.63433309566229,50.0,calibrated_model_probability,composite_is_explanation_index_not_predictive_rank
949,ba_14691316,2025-09,본죽 포항오천점,본그룹,백반·죽·국수,경상북도,포항시,0.2248995983935743,Monitor,35.7,35.7,Backlog,low_explanation_index;growth_alpha_direction_risk,stability,growth_alpha,0.2248995983935743,8,29.743681365644097,1.1654740082230637,50.0,50.0,100.0,50.0,calibrated_model_probability,composite_is_explanation_index_not_predictive_rank
950,ba_14691863,2025-09,본죽&비빔밥 부산명지cgv점,본그룹,백반·죽·국수,부산광역시,강서구,0.2248995983935743,Monitor,35.64,35.64,Backlog,low_explanation_index;growth_alpha_direction_risk,stability,growth_alpha,0.2248995983935743,8,29.57993914023313,1.1654740082230637,50.0,50.0,100.0,50.0,calibrated_model_probability,composite_is_explanation_index_not_predictive_rank
951,ba_14689508,2025-09,본죽&비빔밥 파주문산점,본그룹,백반·죽·국수,경기도,파주시,0.2248995983935743,Monitor,35.57,35.57,Backlog,low_explanation_index;growth_alpha_direction_risk,stability,growth_alpha,0.2248995983935743,8,29.37235770563172,1.1654740082230637,50.0,50.0,100.0,50.0,calibrated_model_probability,composite_is_explanation_index_not_predictive_rank
952,ba_14756868,2025-09,본죽&비빔밥 평택시청점,본그룹,백반·죽·국수,경기도,평택시,0.2248995983935743,Monitor,35.51,35.51,Backlog,low_explanation_index;growth_alpha_direction_risk,stability,growth_alpha,0.2248995983935743,8,29.20362645183266,1.1654740082230637,50.0,50.0,100.0,50.0,calibrated_model_probability,composite_is_explanation_index_not_predictive_rank
953,ba_14691981,2025-09,본죽&비빔밥 부산개금점,본그룹,백반·죽·국수,부산광역시,부산진구,0.2248995983935743,Monitor,35.47,35.47,Backlog,low_explanation_index;growth_alpha_direction_risk,stability,growth_alpha,0.2248995983935743,8,29.088426098540737,1.1654740082230637,50.0,50.0,100.0,50.0,calibrated_model_probability,composite_is_explanation_index_not_predictive_rank
954,ba_13628326,2025-09,본죽&비빔밥 부산개금점,본그룹,백반·죽·국수,부산광역시,부산진구,0.2248995983935743,Monitor,35.46,35.46,Backlog,low_explanation_index;growth_alpha_direction_risk,stability,growth_alpha,0.2248995983935743,8,29.04119564342867,1.1654740082230637,50.0,50.0,100.0,50.0,calibrated_model_probability,composite_is_explanation_index_not_predictive_rank
955,ba_14773134,2025-09,본죽&비빔밥 용인보라점,본그룹,백반·죽·국수,경기도,용인시,0.2248995983935743,Monitor,35.38,35.38,Backlog,low_explanation_index;growth_alpha_direction_risk,stability,growth_alpha,0.2248995983935743,8,29.6141001616406,1.1654740082230637,50.0,50.0,97.20413244708767,50.0,calibrated_model_probability,composite_is_explanation_index_not_predictive_rank
956,ba_14691338,2025-09,본죽 포항흥해점,본그룹,백반·죽·국수,경상북도,포항시,0.2248995983935743,Monitor,35.35,35.35,Backlog,low_explanation_index;growth_alpha_direction_risk,stability,growth_alpha,0.2248995983935743,8,28.73900115974239,1.1654740082230637,50.0,50.0,100.0,50.0,calibrated_model_probability,composite_is_explanation_index_not_predictive_rank
957,ba_14690597,2025-09,본죽&비빔밥 포항상원점,본그룹,백반·죽·국수,경상북도,포항시,0.2248995983935743,Monitor,35.29,35.29,Backlog,low_explanation_index;growth_alpha_direction_risk,stability,growth_alpha,0.2248995983935743,8,28.55919184951139,1.1654740082230637,50.0,50.0,100.0,50.0,calibrated_model_probability,composite_is_explanation_index_not_predictive_rank
958,ba_14400681,2025-09,굽네피자 영암삼호점,굽네치킨,피자,전라남도,영암군,0.2248995983935743,Monitor,35.29,35.29,Backlog,low_explanation_index,stability,review_growth,0.2248995983935743,8,28.401743029290127,28.476043397621364,7.894736842105264,50.0,95.47211183515532,50.0,calibrated_model_probability,composite_is_explanation_index_not_predictive_rank
959,ba_14691997,2025-09,본죽&비빔밥 부산사상점,본그룹,백반·죽·국수,부산광역시,사상구,0.2248995983935743,Monitor,35.03,35.03,Backlog,low_explanation_index;growth_alpha_direction_risk,stability,growth_alpha,0.2248995983935743,8,32.67977210999236,2.783304485204595,30.65434210526316,65.0,85.4527022429481,50.0,calibrated_model_probability,composite_is_explanation_index_not_predictive_rank
960,ba_14695236,2025-09,본죽&비빔밥 제주법원점,본그룹,백반·죽·국수,제주특별자치도,제주시,0.2248995983935743,Monitor,34.82,34.82,Backlog,low_explanation_index;growth_alpha_direction_risk,stability,growth_alpha,0.2248995983935743,8,27.227752812534376,1.1654740082230637,50.0,50.0,100.0,50.0,calibrated_model_probability,composite_is_explanation_index_not_predictive_rank
961,ba_14690580,2025-09,본죽&비빔밥 포항문덕원동점,본그룹,백반·죽·국수,경상북도,포항시,0.2248995983935743,Monitor,34.82,34.82,Backlog,low_explanation_index;growth_alpha_direction_risk,stability,growth_alpha,0.2248995983935743,8,27.216096089504248,1.1654740082230637,50.0,50.0,100.0,50.0,calibrated_model_probability,composite_is_explanation_index_not_predictive_rank
962,ba_13972771,2025-09,굽네피자 광주상무점,굽네치킨,피자,광주광역시,서구,0.2248995983935743,Monitor,34.8,34.8,Backlog,low_explanation_index,stability,review_growth,0.2248995983935743,8,27.82053623673022,31.357667449073663,0.0,50.0,97.20413244708767,50.0,calibrated_model_probability,composite_is_explanation_index_not_predictive_rank
963,ba_14692319,2025-09,본죽&비빔밥 제주강정점,본그룹,백반·죽·국수,제주특별자치도,서귀포시,0.2248995983935743,Monitor,34.8,34.8,Backlog,low_explanation_index;growth_alpha_direction_risk,stability,growth_alpha,0.2248995983935743,8,27.16793100169637,1.1654740082230637,50.0,50.0,100.0,50.0,calibrated_model_probability,composite_is_explanation_index_not_predictive_rank
964,ba_14691387,2025-09,본죽&비빔밥 경주동국대병원점,본그룹,백반·죽·국수,경상북도,경주시,0.2248995983935743,Monitor,34.7,34.7,Backlog,low_explanation_index;growth_alpha_direction_risk,stability,growth_alpha,0.2248995983935743,8,26.876505862966287,1.1654740082230637,50.0,50.0,100.0,50.0,calibrated_model_probability,composite_is_explanation_index_not_predictive_rank
965,ba_14690576,2025-09,본죽&비빔밥 포항세명병원점,본그룹,백반·죽·국수,경상북도,포항시,0.2248995983935743,Monitor,34.68,34.68,Backlog,low_explanation_index;growth_alpha_direction_risk,stability,growth_alpha,0.2248995983935743,8,26.83515874476268,1.1654740082230637,50.0,50.0,100.0,50.0,calibrated_model_probability,composite_is_explanation_index_not_predictive_rank
966,ba_14239270,2025-09,굽네피자 대구이곡점,굽네치킨,피자,대구광역시,달서구,0.2248995983935743,Monitor,34.67,34.67,Backlog,low_explanation_index,stability,review_growth,0.2248995983935743,8,29.25884841643015,29.79100593514524,0.0,50.0,94.8406277334578,50.0,calibrated_model_probability,composite_is_explanation_index_not_predictive_rank
967,ba_14691400,2025-09,본죽&비빔밥 경산하양점,본그룹,백반·죽·국수,경상북도,경산시,0.2248995983935743,Monitor,34.37,34.37,Backlog,low_explanation_index;growth_alpha_direction_risk,stability,growth_alpha,0.2248995983935743,8,27.65408574103974,1.1654740082230637,50.0,50.0,93.98300349926475,50.0,calibrated_model_probability,composite_is_explanation_index_not_predictive_rank
968,ba_14691147,2025-09,본죽&비빔밥 안동성소병원점,본그룹,백반·죽·국수,경상북도,안동시,0.2248995983935743,Monitor,34.32,34.32,Backlog,low_explanation_index;growth_alpha_direction_risk,stability,growth_alpha,0.2248995983935743,8,30.3830933955575,2.7490736017756627,30.45113157894737,59.07582307792309,95.71822702488429,50.0,calibrated_model_probability,composite_is_explanation_index_not_predictive_rank
969,ba_14593800,2025-09,굽네피자 광주오포점,굽네치킨,피자,경기도,광주시,0.2248995983935743,Monitor,33.45,33.45,Backlog,low_explanation_index,stability,review_growth,0.2248995983935743,8,28.53810660133071,36.57661346709244,12.280710526315792,17.5,98.54681685085222,50.0,calibrated_model_probability,composite_is_explanation_index_not_predictive_rank
970,ba_14687493,2025-09,본죽&비빔밥 상암DMC점,본그룹,백반·죽·국수,서울특별시,마포구,0.2248995983935743,Monitor,33.43,33.43,Backlog,low_explanation_index;growth_alpha_direction_risk,stability,growth_alpha,0.2248995983935743,8,28.378414533756818,3.6992244898027113,36.09023684210527,17.5,98.06307502418116,75.99712895277011,calibrated_model_probability,composite_is_explanation_index_not_predictive_rank
971,ba_14274836,2025-09,굽네피자 운천점,굽네치킨,피자,경기도,포천시,0.2248995983935743,Monitor,33.16,33.16,Backlog,low_explanation_index;growth_alpha_direction_risk,stability,review_growth,0.2248995983935743,8,31.89808359831448,18.78052256081816,0.0,50.0,97.98680347926924,50.0,calibrated_model_probability,composite_is_explanation_index_not_predictive_rank
972,ba_14691078,2025-09,본죽&비빔밥 통영항남점,본그룹,백반·죽·국수,경상남도,통영시,0.2248995983935743,Monitor,33.0,33.0,Backlog,low_explanation_index;growth_alpha_direction_risk,stability,growth_alpha,0.2248995983935743,8,28.22377239326737,1.4118077813959078,22.514631578947373,65.0,96.4169770938363,50.0,calibrated_model_probability,composite_is_explanation_index_not_predictive_rank
973,ba_13977023,2025-09,굽네피자 삼숭고읍점,굽네치킨,피자,경기도,양주시,0.2248995983935743,Monitor,32.94,32.94,Backlog,low_explanation_index;growth_alpha_direction_risk,stability,review_growth,0.2248995983935743,8,30.955416763206227,17.362401797520448,3.508763157894738,50.0,97.34202751337688,50.0,calibrated_model_probability,composite_is_explanation_index_not_predictive_rank
974,ba_14533127,2025-09,본죽&비빔밥 위례창곡점,본그룹,백반·죽·국수,경기도,성남시,0.2248995983935743,Monitor,32.59,32.59,Backlog,low_explanation_index;growth_alpha_direction_risk,stability,growth_alpha,0.2248995983935743,8,27.85410437316437,1.5349857531129707,23.2456052631579,65.0,92.194538533183,50.0,calibrated_model_probability,composite_is_explanation_index_not_predictive_rank
975,ba_14691145,2025-09,본죽&비빔밥 구미상모점,본그룹,백반·죽·국수,경상북도,구미시,0.2248995983935743,Monitor,32.41,32.41,Backlog,low_explanation_index;growth_alpha_direction_risk,stability,growth_alpha,0.2248995983935743,8,27.79679341511097,9.010332283996398,67.61134210526318,10.658770999757092,86.87760760581443,50.0,calibrated_model_probability,composite_is_explanation_index_not_predictive_rank
976,ba_14629919,2025-09,굽네피자 양지동점,굽네치킨,피자,경기도,성남시,0.2248995983935743,Monitor,32.34,32.34,Backlog,low_explanation_index;growth_alpha_direction_risk,stability,review_growth,0.2248995983935743,8,31.12923920284555,15.884376988222106,0.0,50.0,99.68944441379912,50.0,calibrated_model_probability,composite_is_explanation_index_not_predictive_rank
977,ba_13973349,2025-09,굽네피자 온의퇴계점,굽네치킨,피자,강원특별자치도,춘천시,0.2248995983935743,Monitor,32.15,32.15,Backlog,low_explanation_index;growth_alpha_direction_risk,stability,review_growth,0.2248995983935743,8,28.32451765332133,20.758220719029243,0.0,50.0,95.46328574458484,50.0,calibrated_model_probability,composite_is_explanation_index_not_predictive_rank
978,ba_13969584,2025-09,굽네피자 대구대현점,굽네치킨,피자,대구광역시,북구,0.2248995983935743,Monitor,31.99,31.99,Backlog,low_explanation_index,stability,review_growth,0.2248995983935743,8,27.207810589998537,35.682442488818026,7.894736842105264,17.5,97.38223340259889,50.0,calibrated_model_probability,composite_is_explanation_index_not_predictive_rank
979,ba_14249441,2025-09,굽네피자 부산하단점,굽네치킨,피자,부산광역시,사하구,0.2248995983935743,Monitor,31.93,31.93,Backlog,low_explanation_index;growth_alpha_direction_risk,stability,review_growth,0.2248995983935743,8,31.40254884245941,15.884376988222106,0.0,50.0,94.69060960362526,50.0,calibrated_model_probability,composite_is_explanation_index_not_predictive_rank
980,ba_13234523,2025-09,본죽&비빔밥 동탄목동점,본그룹,백반·죽·국수,경기도,화성시,0.2248995983935743,Monitor,31.24,31.24,Backlog,low_explanation_index;growth_alpha_direction_risk,stability,growth_alpha,0.2248995983935743,8,27.51729955464416,0.1801389155316968,15.204684210526317,65.0,95.31926120959166,50.0,calibrated_model_probability,composite_is_explanation_index_not_predictive_rank
981,ba_10583009,2025-09,굽네치킨 광주용봉점,굽네치킨,치킨,광주광역시,북구,0.2248995983935743,Monitor,30.49,30.49,Backlog,low_explanation_index;stability_risk,review_growth,operation,0.2248995983935743,8,30.26189527567292,27.076456972760564,61.47978947368421,1.248,37.2156308567964,50.0,calibrated_model_probability,composite_is_explanation_index_not_predictive_rank
982,ba_14798894,2025-09,본죽&비빔밥 남양주퇴계원점,본그룹,백반·죽·국수,경기도,남양주시,0.2248995983935743,Monitor,30.07,30.07,Backlog,low_explanation_index;growth_alpha_direction_risk,stability,growth_alpha,0.2248995983935743,8,29.09920601916009,1.1654740082230637,50.0,17.5,94.69652561516898,50.0,calibrated_model_probability,composite_is_explanation_index_not_predictive_rank
983,ba_13235318,2025-09,본죽&비빔밥 상암DMC점,본그룹,백반·죽·국수,서울특별시,마포구,0.2248995983935743,Monitor,29.32,29.32,Backlog,low_explanation_index;growth_alpha_direction_risk,stability,growth_alpha,0.2248995983935743,8,29.039902758723912,0.0,2.25563157894737,50.0,97.01977650013195,43.84277853560682,calibrated_model_probability,composite_is_explanation_index_not_predictive_rank
984,ba_13228978,2025-09,본죽&비빔밥 인천연희연세병원점,본그룹,백반·죽·국수,인천광역시,서구,0.2248995983935743,Monitor,29.18,29.18,Backlog,low_explanation_index;growth_alpha_direction_risk,stability,growth_alpha,0.2248995983935743,8,30.584881641337567,0.0,7.894736842105264,50.0,97.92077334866867,50.0,calibrated_model_probability,composite_is_explanation_index_not_predictive_rank
985,ba_14400680,2025-09,굽네치킨 영암삼호점,굽네치킨,치킨,전라남도,영암군,0.2248995983935743,Monitor,29.03,29.03,Backlog,low_explanation_index;growth_alpha_direction_risk,stability,review_growth,0.2248995983935743,8,32.81902216063604,24.340158984052216,17.105263157894736,17.5,62.650162239923446,50.0,calibrated_model_probability,composite_is_explanation_index_not_predictive_rank
986,ba_13227070,2025-09,본죽&비빔밥 부산신호점,본그룹,백반·죽·국수,부산광역시,강서구,0.2248995983935743,Monitor,28.29,28.29,Backlog,low_explanation_index;growth_alpha_direction_risk,stability,growth_alpha,0.2248995983935743,8,30.84112827690187,0.0,0.0,50.0,100.0,50.0,calibrated_model_probability,composite_is_explanation_index_not_predictive_rank
987,ba_14691237,2025-09,본죽 대구황금동점,본그룹,백반·죽·국수,대구광역시,수성구,0.2248995983935743,Monitor,28.03,28.03,Backlog,low_explanation_index;growth_alpha_direction_risk,stability,growth_alpha,0.2248995983935743,8,32.48510971004529,0.0,0.0,50.0,91.60480109120245,50.0,calibrated_model_probability,composite_is_explanation_index_not_predictive_rank
988,ba_13251048,2025-09,본죽&비빔밥 울산송정점,본그룹,백반·죽·국수,울산광역시,북구,0.2248995983935743,Monitor,27.93,27.93,Backlog,low_explanation_index;growth_alpha_direction_risk,stability,growth_alpha,0.2248995983935743,8,29.92033522954446,0.0,2.631578947368424,50.0,95.64045055255664,50.0,calibrated_model_probability,composite_is_explanation_index_not_predictive_rank
989,ba_10698232,2025-09,굽네치킨&피자 연경점,굽네치킨,치킨,대구광역시,동구,0.2248995983935743,Monitor,27.89,27.89,Backlog,low_explanation_index;growth_alpha_direction_risk;stability_risk,operation,stability,0.2248995983935743,8,28.79530253847971,19.97623126287296,18.739157894736845,65.0,2.582297522787866,50.0,calibrated_model_probability,composite_is_explanation_index_not_predictive_rank
990,ba_14754965,2025-09,본죽&비빔밥 평택시청점,본그룹,백반·죽·국수,경기도,평택시,0.2248995983935743,Monitor,27.72,27.72,Backlog,low_explanation_index;growth_alpha_direction_risk,stability,growth_alpha,0.2248995983935743,8,29.20766290667565,0.0,0.0,50.0,100.0,50.0,calibrated_model_probability,composite_is_explanation_index_not_predictive_rank
991,ba_14691798,2025-09,본죽&비빔밥 울산송정점,본그룹,백반·죽·국수,울산광역시,북구,0.2248995983935743,Monitor,27.66,27.66,Backlog,low_explanation_index;growth_alpha_direction_risk,stability,growth_alpha,0.2248995983935743,8,29.79650475929738,0.0,0.0,50.0,97.33033208633287,50.0,calibrated_model_probability,composite_is_explanation_index_not_predictive_rank
992,ba_14691864,2025-09,본죽&비빔밥 부산신호점,본그룹,백반·죽·국수,부산광역시,강서구,0.2248995983935743,Monitor,27.58,27.58,Backlog,low_explanation_index;growth_alpha_direction_risk,stability,growth_alpha,0.2248995983935743,8,30.831356737324377,0.0,0.0,50.0,92.8808855635543,50.0,calibrated_model_probability,composite_is_explanation_index_not_predictive_rank
993,ba_13292835,2025-09,본죽&비빔밥 대전하기동점,본그룹,백반·죽·국수,대전광역시,유성구,0.2248995983935743,Monitor,27.22,27.22,Backlog,low_explanation_index;growth_alpha_direction_risk,stability,growth_alpha,0.2248995983935743,8,27.77589456721478,0.0,0.0,50.0,100.0,50.0,calibrated_model_probability,composite_is_explanation_index_not_predictive_rank
994,ba_14691105,2025-09,본죽&비빔밥 대전하기동점,본그룹,백반·죽·국수,대전광역시,유성구,0.2248995983935743,Monitor,27.22,27.22,Backlog,low_explanation_index;growth_alpha_direction_risk,stability,growth_alpha,0.2248995983935743,8,27.77589456721478,0.0,0.0,50.0,100.0,50.0,calibrated_model_probability,composite_is_explanation_index_not_predictive_rank
995,ba_14691891,2025-09,본죽&비빔밥 울산성안점,본그룹,백반·죽·국수,울산광역시,중구,0.2248995983935743,Monitor,26.75,26.75,Backlog,low_explanation_index;growth_alpha_direction_risk,stability,growth_alpha,0.2248995983935743,8,31.34969298969765,1.3582666003849793,22.196789473684213,17.5,94.83161272285705,50.0,calibrated_model_probability,composite_is_explanation_index_not_predictive_rank
996,ba_13550240,2025-09,본죽&비빔밥 청주오창2지구점,본그룹,백반·죽·국수,충청북도,청주시,0.2248995983935743,Monitor,25.39,25.39,Backlog,low_explanation_index;growth_alpha_direction_risk,stability,growth_alpha,0.2248995983935743,8,29.29668153977804,0.0,10.08771052631579,26.67895850510261,96.21858295384273,50.0,calibrated_model_probability,composite_is_explanation_index_not_predictive_rank
997,ba_14294026,2025-09,굽네치킨&피자 신안중흥점,굽네치킨,치킨,광주광역시,북구,0.2248995983935743,Monitor,22.44,22.44,Backlog,low_explanation_index;growth_alpha_direction_risk;stability_risk,market_fit,operation,0.2248995983935743,8,28.11348558755849,21.83194864347654,30.353894736842108,1.118,24.18098170243812,50.0,calibrated_model_probability,composite_is_explanation_index_not_predictive_rank
998,ba_13231795,2025-09,본죽&비빔밥 인천간석남부역점,본그룹,백반·죽·국수,인천광역시,남동구,0.2088353413654618,Monitor,60.07,60.07,Backlog,none,growth_alpha,model_probability,0.2088353413654618,9,19.44703768721957,100.0,73.68421052631578,50.0,97.13054593043756,50.0,calibrated_model_probability,composite_is_explanation_index_not_predictive_rank
999,ba_13230834,2025-09,본죽&비빔밥 송도신도시점,본그룹,백반·죽·국수,인천광역시,연수구,0.2088353413654618,Monitor,57.09,57.09,Backlog,none,growth_alpha,model_probability,0.2088353413654618,9,22.33109177472364,100.0,47.36842105263158,50.0,96.63982937903378,50.0,calibrated_model_probability,composite_is_explanation_index_not_predictive_rank
1000,ba_13225842,2025-09,본죽 동인천점,본그룹,백반·죽·국수,인천광역시,중구,0.2088353413654618,Monitor,54.39,54.39,Backlog,none,stability,operation,0.2088353413654618,9,26.484537153716182,82.20208004716946,82.45613157894738,17.5,95.76185633976507,50.0,calibrated_model_probability,composite_is_explanation_index_not_predictive_rank
1001,ba_13301511,2025-09,본죽&비빔밥 송도글로벌캠퍼스점,본그룹,백반·죽·국수,인천광역시,연수구,0.2088353413654618,Monitor,51.28,51.28,Backlog,none,growth_alpha,review_growth,0.2088353413654618,9,25.8168421553934,100.0,0.0,50.0,97.47415763183088,50.0,calibrated_model_probability,composite_is_explanation_index_not_predictive_rank
1002,ba_14692178,2025-09,본죽&비빔밥 제주함덕점,본그룹,백반·죽·국수,제주특별자치도,제주시,0.2088353413654618,Monitor,48.29,48.29,Backlog,none,review_growth,model_probability,0.2088353413654618,9,26.39889637721812,32.3546862694639,100.0,50.0,84.6314311576139,50.0,calibrated_model_probability,composite_is_explanation_index_not_predictive_rank
1003,ba_14153764,2025-09,굽네피자 주안3호점,굽네치킨,피자,인천광역시,미추홀구,0.2088353413654618,Monitor,47.27,47.27,Backlog,none,review_growth,model_probability,0.2088353413654618,9,14.69871087540215,39.78065962845857,100.0,50.0,96.8490940171705,50.0,calibrated_model_probability,composite_is_explanation_index_not_predictive_rank
1004,ba_13969807,2025-09,굽네피자 경남사천점,굽네치킨,피자,경상남도,사천시,0.2088353413654618,Monitor,43.9,43.9,Backlog,none,stability,model_probability,0.2088353413654618,9,26.80400485274706,38.054638276390776,50.0,50.0,100.0,50.0,calibrated_model_probability,composite_is_explanation_index_not_predictive_rank
1005,ba_13163192,2025-09,굽네치킨&피자 봉곡사림점,굽네치킨,피자,경상남도,창원시,0.2088353413654618,Monitor,43.84,43.84,Backlog,none,stability,model_probability,0.2088353413654618,9,26.65353902502176,38.054638276390776,50.0,50.0,100.0,50.0,calibrated_model_probability,composite_is_explanation_index_not_predictive_rank
1006,ba_14637964,2025-09,굽네피자 영덕영해점,굽네치킨,피자,경상북도,영덕군,0.2088353413654618,Monitor,43.81,43.81,Backlog,none,stability,model_probability,0.2088353413654618,9,26.55665236690316,38.054638276390776,50.0,50.0,100.0,50.0,calibrated_model_probability,composite_is_explanation_index_not_predictive_rank
1007,ba_12019541,2025-09,굽네피자 양산석산점,굽네치킨,피자,경상남도,양산시,0.2088353413654618,Monitor,43.74,43.74,Backlog,none,stability,model_probability,0.2088353413654618,9,26.357697937310608,38.054638276390776,50.0,50.0,100.0,50.0,calibrated_model_probability,composite_is_explanation_index_not_predictive_rank
1008,ba_14165975,2025-09,굽네피자 송도신도시점,굽네치킨,피자,인천광역시,연수구,0.2088353413654618,Monitor,43.72,43.72,Backlog,none,stability,model_probability,0.2088353413654618,9,26.30043119883624,38.054638276390776,50.0,50.0,100.0,50.0,calibrated_model_probability,composite_is_explanation_index_not_predictive_rank
1009,ba_14171093,2025-09,굽네피자 양산물금점,굽네치킨,피자,경상남도,양산시,0.2088353413654618,Monitor,43.7,43.7,Backlog,none,stability,model_probability,0.2088353413654618,9,26.25014438816273,38.054638276390776,50.0,50.0,100.0,50.0,calibrated_model_probability,composite_is_explanation_index_not_predictive_rank
1010,ba_14352664,2025-09,굽네피자 간석점,굽네치킨,피자,인천광역시,남동구,0.2088353413654618,Monitor,43.64,43.64,Backlog,none,stability,model_probability,0.2088353413654618,9,26.06269800988273,38.054638276390776,50.0,50.0,100.0,50.0,calibrated_model_probability,composite_is_explanation_index_not_predictive_rank
1011,ba_14353161,2025-09,굽네피자 구월점,굽네치킨,피자,인천광역시,남동구,0.2088353413654618,Monitor,43.64,43.64,Backlog,none,stability,model_probability,0.2088353413654618,9,26.06128742100131,38.054638276390776,50.0,50.0,100.0,50.0,calibrated_model_probability,composite_is_explanation_index_not_predictive_rank
1012,ba_14171081,2025-09,굽네피자 김해진영점,굽네치킨,피자,경상남도,김해시,0.2088353413654618,Monitor,43.62,43.62,Backlog,none,stability,model_probability,0.2088353413654618,9,26.015804221397048,38.054638276390776,50.0,50.0,100.0,50.0,calibrated_model_probability,composite_is_explanation_index_not_predictive_rank
1013,ba_14294476,2025-09,굽네피자 하늘도시1호점,굽네치킨,피자,인천광역시,중구,0.2088353413654618,Monitor,43.61,43.61,Backlog,none,stability,model_probability,0.2088353413654618,9,26.00254927918454,38.054638276390776,50.0,50.0,100.0,50.0,calibrated_model_probability,composite_is_explanation_index_not_predictive_rank
1014,ba_14600398,2025-09,굽네피자 여좌중앙점,굽네치킨,피자,경상남도,창원시,0.2088353413654618,Monitor,43.52,43.52,Backlog,none,stability,model_probability,0.2088353413654618,9,25.743343352930243,38.054638276390776,50.0,50.0,100.0,50.0,calibrated_model_probability,composite_is_explanation_index_not_predictive_rank
1015,ba_14691206,2025-09,굽네피자 강화선원점,굽네치킨,피자,인천광역시,강화군,0.2088353413654618,Monitor,43.52,43.52,Backlog,none,stability,model_probability,0.2088353413654618,9,25.74315154741747,38.054638276390776,50.0,50.0,100.0,50.0,calibrated_model_probability,composite_is_explanation_index_not_predictive_rank
1016,ba_13097221,2025-09,굽네치킨&피자 하늘도시1호점,굽네치킨,피자,인천광역시,중구,0.2088353413654618,Monitor,43.52,43.52,Backlog,none,stability,model_probability,0.2088353413654618,9,25.73597858842389,38.054638276390776,50.0,50.0,100.0,50.0,calibrated_model_probability,composite_is_explanation_index_not_predictive_rank
1017,ba_13084303,2025-09,굽네치킨&피자 양산물금점,굽네치킨,피자,경상남도,양산시,0.2088353413654618,Monitor,43.34,43.34,Backlog,none,stability,model_probability,0.2088353413654618,9,25.20952382288273,38.054638276390776,50.0,50.0,100.0,50.0,calibrated_model_probability,composite_is_explanation_index_not_predictive_rank
1018,ba_13111670,2025-09,굽네치킨&피자 주안3호점,굽네치킨,피자,인천광역시,미추홀구,0.2088353413654618,Monitor,42.98,42.98,Backlog,none,stability,model_probability,0.2088353413654618,9,24.18497572988677,38.054638276390776,50.0,50.0,100.0,50.0,calibrated_model_probability,composite_is_explanation_index_not_predictive_rank
1019,ba_14390509,2025-09,굽네치킨 원주혁신점,굽네치킨,치킨,강원특별자치도,원주시,0.2088353413654618,Monitor,42.78,42.78,Backlog,none,stability,model_probability,0.2088353413654618,9,23.64456400021329,38.00094190355083,50.0,50.0,100.0,50.0,calibrated_model_probability,composite_is_explanation_index_not_predictive_rank
1020,ba_14650120,2025-09,굽네치킨&피자 벌교읍점,굽네치킨,치킨,전라남도,보성군,0.2088353413654618,Monitor,42.52,42.52,Backlog,none,stability,model_probability,0.2088353413654618,9,22.92691904759541,38.00094190355083,50.0,50.0,100.0,50.0,calibrated_model_probability,composite_is_explanation_index_not_predictive_rank
1021,ba_14792754,2025-09,굽네치킨 보라점,굽네치킨,치킨,경기도,용인시,0.2088353413654618,Monitor,42.05,42.05,Backlog,none,stability,model_probability,0.2088353413654618,9,21.57627151806021,38.00094190355083,50.0,50.0,100.0,50.0,calibrated_model_probability,composite_is_explanation_index_not_predictive_rank
1022,ba_14810163,2025-09,굽네피자 서현역점,굽네치킨,피자,경기도,성남시,0.2088353413654618,Monitor,41.99,41.99,Backlog,none,stability,model_probability,0.2088353413654618,9,21.35553042513349,38.054638276390776,50.0,50.0,100.0,50.0,calibrated_model_probability,composite_is_explanation_index_not_predictive_rank
1023,ba_10665884,2025-09,굽네치킨 부산청학점,굽네치킨,치킨,부산광역시,영도구,0.2088353413654618,Monitor,41.76,41.76,Backlog,none,stability,model_probability,0.2088353413654618,9,20.7342882142763,38.00094190355083,50.0,50.0,100.0,50.0,calibrated_model_probability,composite_is_explanation_index_not_predictive_rank
1024,ba_12020571,2025-09,굽네피자 수색증산점,굽네치킨,피자,서울특별시,은평구,0.2088353413654618,Monitor,41.73,41.73,Backlog,none,stability,model_probability,0.2088353413654618,9,25.131148700464788,38.054638276390776,50.0,50.0,100.0,27.500000000000004,calibrated_model_probability,composite_is_explanation_index_not_predictive_rank
1025,ba_14692042,2025-09,굽네치킨 강화선원점,굽네치킨,치킨,인천광역시,강화군,0.2088353413654618,Monitor,41.48,41.48,Backlog,none,stability,model_probability,0.2088353413654618,9,19.93279380694128,38.00094190355083,50.0,50.0,100.0,50.0,calibrated_model_probability,composite_is_explanation_index_not_predictive_rank
1026,ba_14855560,2025-09,굽네치킨 양산서창점,굽네치킨,치킨,경상남도,양산시,0.2088353413654618,Monitor,41.41,41.41,Backlog,none,stability,model_probability,0.2088353413654618,9,19.74317714103251,38.00094190355083,50.0,50.0,100.0,50.0,calibrated_model_probability,composite_is_explanation_index_not_predictive_rank
1027,ba_14495787,2025-09,굽네치킨 김해율하점,굽네치킨,치킨,경상남도,김해시,0.2088353413654618,Monitor,41.36,41.36,Backlog,none,stability,model_probability,0.2088353413654618,9,19.58523394120629,38.00094190355083,50.0,50.0,100.0,50.0,calibrated_model_probability,composite_is_explanation_index_not_predictive_rank
1028,ba_14560963,2025-09,굽네피자 다산가운지금점,굽네치킨,피자,경기도,남양주시,0.2088353413654618,Monitor,41.33,41.33,Backlog,none,stability,model_probability,0.2088353413654618,9,26.3574795105043,28.85424588493624,50.0,50.0,98.88477100686076,50.0,calibrated_model_probability,composite_is_explanation_index_not_predictive_rank
1029,ba_14171092,2025-09,굽네피자 광주용봉점,굽네치킨,피자,광주광역시,북구,0.2088353413654618,Monitor,41.16,41.16,Backlog,none,stability,model_probability,0.2088353413654618,9,18.99131641783412,38.054638276390776,50.0,50.0,100.0,50.0,calibrated_model_probability,composite_is_explanation_index_not_predictive_rank
1030,ba_13972425,2025-09,굽네피자 광주문흥점,굽네치킨,피자,광주광역시,북구,0.2088353413654618,Monitor,40.63,40.63,Backlog,none,stability,model_probability,0.2088353413654618,9,17.47659943932431,38.054638276390776,50.0,50.0,100.0,50.0,calibrated_model_probability,composite_is_explanation_index_not_predictive_rank
1031,ba_14185617,2025-09,굽네피자 영주휴천점,굽네치킨,피자,경상북도,영주시,0.2088353413654618,Monitor,40.4,40.4,Backlog,none,stability,model_probability,0.2088353413654618,9,20.54546788655173,34.01725633372496,50.0,50.0,97.07959007054168,50.0,calibrated_model_probability,composite_is_explanation_index_not_predictive_rank
1032,ba_14488212,2025-09,굽네피자 풍동점,굽네치킨,피자,경기도,고양시,0.2088353413654618,Monitor,40.26,40.26,Backlog,none,stability,model_probability,0.2088353413654618,9,21.37972386792037,33.54899824505755,47.36842105263158,50.0,97.80496021759006,50.0,calibrated_model_probability,composite_is_explanation_index_not_predictive_rank
1033,ba_13970104,2025-09,굽네피자 대구혁신점,굽네치킨,피자,대구광역시,동구,0.2088353413654618,Monitor,39.95,39.95,Backlog,low_explanation_index,stability,model_probability,0.2088353413654618,9,21.14577204777065,30.896082609054,50.0,50.0,98.21025835611538,50.0,calibrated_model_probability,composite_is_explanation_index_not_predictive_rank
1034,ba_14743731,2025-09,본죽&비빔밥 인천오류왕길점,본그룹,백반·죽·국수,인천광역시,서구,0.2088353413654618,Monitor,39.93,39.93,Backlog,low_explanation_index,stability,review_growth,0.2088353413654618,9,24.82273930005948,55.680904981197685,0.0,50.0,98.2183738519889,50.0,calibrated_model_probability,composite_is_explanation_index_not_predictive_rank
1035,ba_14189742,2025-09,굽네피자 논현고잔1호점,굽네치킨,피자,인천광역시,남동구,0.2088353413654618,Monitor,39.8,39.8,Backlog,low_explanation_index,stability,model_probability,0.2088353413654618,9,15.090330079821651,38.054638276390776,50.0,50.0,100.0,50.0,calibrated_model_probability,composite_is_explanation_index_not_predictive_rank
1036,ba_14691918,2025-09,본죽&비빔밥 방학도깨비시장점,본그룹,백반·죽·국수,서울특별시,도봉구,0.2088353413654618,Monitor,39.7,39.7,Backlog,low_explanation_index;growth_alpha_direction_risk,stability,growth_alpha,0.2088353413654618,9,26.12536343854191,6.338527585375324,51.7543947368421,65.0,93.93073348614575,58.25101495973476,calibrated_model_probability,composite_is_explanation_index_not_predictive_rank
1037,ba_14810162,2025-09,굽네치킨&피자 서현역점,굽네치킨,치킨,경기도,성남시,0.2088353413654618,Monitor,39.64,39.64,Backlog,low_explanation_index,stability,model_probability,0.2088353413654618,9,14.698899926018347,38.00094190355083,50.0,50.0,100.0,50.0,calibrated_model_probability,composite_is_explanation_index_not_predictive_rank
1038,ba_14413122,2025-09,굽네치킨&피자 만성점,굽네치킨,치킨,전북특별자치도,전주시,0.2088353413654618,Monitor,39.19,39.19,Backlog,low_explanation_index,stability,model_probability,0.2088353413654618,9,13.410703118403749,38.00094190355083,50.0,50.0,100.0,50.0,calibrated_model_probability,composite_is_explanation_index_not_predictive_rank
1039,ba_14808489,2025-09,굽네치킨 전주서학점,굽네치킨,치킨,전북특별자치도,전주시,0.2088353413654618,Monitor,39.19,39.19,Backlog,low_explanation_index,stability,model_probability,0.2088353413654618,9,13.406608011102088,38.00094190355083,50.0,50.0,100.0,50.0,calibrated_model_probability,composite_is_explanation_index_not_predictive_rank
1040,ba_13311793,2025-09,굽네치킨 연신내점,굽네치킨,치킨,서울특별시,은평구,0.2088353413654618,Monitor,38.6,38.6,Backlog,low_explanation_index,operation,model_probability,0.2088353413654618,9,17.59724316488996,37.52439213716165,25.731000000000005,75.32079317552797,45.670771992813485,68.65364836663302,calibrated_model_probability,composite_is_explanation_index_not_predictive_rank
1041,ba_14716332,2025-09,굽네치킨&피자 태평3동점,굽네치킨,치킨,경기도,성남시,0.2088353413654618,Monitor,38.01,38.01,Backlog,low_explanation_index,operation,model_probability,0.2088353413654618,9,24.75712374185558,38.86817601436013,26.199578947368423,64.636,60.0,50.0,calibrated_model_probability,composite_is_explanation_index_not_predictive_rank
1042,ba_13189894,2025-09,본죽&비빔밥 양산부산대병원정문앞택지점,본그룹,백반·죽·국수,경상남도,양산시,0.2088353413654618,Monitor,37.99,37.99,Backlog,low_explanation_index,stability,operation,0.2088353413654618,9,21.89982891523606,61.62051751264966,24.48513157894737,17.5,86.20929772018138,50.0,calibrated_model_probability,composite_is_explanation_index_not_predictive_rank
1043,ba_14629153,2025-09,굽네치킨&피자 합천점,굽네치킨,치킨,경상남도,합천군,0.2088353413654618,Monitor,37.7,37.7,Backlog,low_explanation_index,stability,operation,0.2088353413654618,9,21.32732928995475,36.40763173555402,60.526315789473685,17.5,94.27801887773028,50.0,calibrated_model_probability,composite_is_explanation_index_not_predictive_rank
1044,ba_14108842,2025-09,굽네치킨 영암점,굽네치킨,치킨,전라남도,영암군,0.2088353413654618,Monitor,37.57,37.57,Backlog,low_explanation_index,stability,operation,0.2088353413654618,9,23.92186793377753,38.00094190355083,50.0,17.5,95.76327948145972,50.0,calibrated_model_probability,composite_is_explanation_index_not_predictive_rank
1045,ba_14689894,2025-09,본죽&비빔밥 인천간석남부역점,본그룹,백반·죽·국수,인천광역시,남동구,0.2088353413654618,Monitor,36.67,36.67,Backlog,low_explanation_index,stability,review_growth,0.2088353413654618,9,23.91571570536248,42.33072742234631,14.12742105263158,50.0,81.00940381707775,50.0,calibrated_model_probability,composite_is_explanation_index_not_predictive_rank
1046,ba_14690724,2025-09,본죽&비빔밥 경남사천점,본그룹,백반·죽·국수,경상남도,사천시,0.2088353413654618,Monitor,36.45,36.45,Backlog,low_explanation_index,stability,review_growth,0.2088353413654618,9,22.3691480542359,44.67374714606384,0.0,50.0,99.51930716681832,50.0,calibrated_model_probability,composite_is_explanation_index_not_predictive_rank
1047,ba_14271331,2025-09,굽네피자 일광신도시점,굽네치킨,피자,부산광역시,기장군,0.2088353413654618,Monitor,35.84,35.84,Backlog,low_explanation_index,stability,model_probability,0.2088353413654618,9,22.19575420648568,26.79427388708476,29.82455263157895,50.0,93.96041602572942,50.0,calibrated_model_probability,composite_is_explanation_index_not_predictive_rank
1048,ba_13003575,2025-09,굽네치킨&피자 여수관문점,굽네치킨,피자,전라남도,여수시,0.2088353413654618,Monitor,35.8,35.8,Backlog,low_explanation_index;growth_alpha_direction_risk,stability,model_probability,0.2088353413654618,9,16.780451960812552,20.31842924585584,50.0,50.0,98.44722206899552,50.0,calibrated_model_probability,composite_is_explanation_index_not_predictive_rank
1049,ba_13228939,2025-09,본죽 산성역점,본그룹,백반·죽·국수,경기도,성남시,0.2088353413654618,Monitor,35.71,35.71,Backlog,low_explanation_index;growth_alpha_direction_risk,stability,growth_alpha,0.2088353413654618,9,13.825505367403728,10.03357852349053,73.68421052631578,50.0,98.1407139207314,50.0,calibrated_model_probability,composite_is_explanation_index_not_predictive_rank
1050,ba_14649303,2025-09,굽네치킨 계룡대실점,굽네치킨,치킨,충청남도,계룡시,0.2088353413654618,Monitor,35.49,35.49,Backlog,low_explanation_index,stability,model_probability,0.2088353413654618,9,17.5826871126711,37.87776393183377,20.32163157894737,52.0,90.21121764988716,50.0,calibrated_model_probability,composite_is_explanation_index_not_predictive_rank
1051,ba_14689837,2025-09,본죽&비빔밥 동탄역점,본그룹,백반·죽·국수,경기도,화성시,0.2088353413654618,Monitor,35.37,35.37,Backlog,low_explanation_index;growth_alpha_direction_risk,stability,growth_alpha,0.2088353413654618,9,17.836750196814467,12.250604652307398,86.8421052631579,27.08927099120426,89.71845068516409,50.0,calibrated_model_probability,composite_is_explanation_index_not_predictive_rank
1052,ba_14662462,2025-09,굽네치킨 광탄점,굽네치킨,치킨,경기도,파주시,0.2088353413654618,Monitor,34.8,34.8,Backlog,low_explanation_index,stability,operation,0.2088353413654618,9,21.11696969630272,39.0372464269437,54.8872105263158,17.5,67.87554347275884,50.0,calibrated_model_probability,composite_is_explanation_index_not_predictive_rank
1053,ba_14692368,2025-09,본죽&비빔밥 제주서귀포동홍점,본그룹,백반·죽·국수,제주특별자치도,서귀포시,0.2088353413654618,Monitor,34.64,34.64,Backlog,low_explanation_index;growth_alpha_direction_risk,stability,growth_alpha,0.2088353413654618,9,26.74615950013314,1.1654740082230637,50.0,50.0,99.84472220689956,50.0,calibrated_model_probability,composite_is_explanation_index_not_predictive_rank
1054,ba_14690658,2025-09,본죽&비빔밥 포항이인지구점,본그룹,백반·죽·국수,경상북도,포항시,0.2088353413654618,Monitor,34.61,34.61,Backlog,low_explanation_index;growth_alpha_direction_risk,stability,growth_alpha,0.2088353413654618,9,26.63434716628588,1.1654740082230637,50.0,50.0,100.0,50.0,calibrated_model_probability,composite_is_explanation_index_not_predictive_rank
1055,ba_14692087,2025-09,본죽&비빔밥 신제주점,본그룹,백반·죽·국수,제주특별자치도,제주시,0.2088353413654618,Monitor,34.61,34.61,Backlog,low_explanation_index;growth_alpha_direction_risk,stability,growth_alpha,0.2088353413654618,9,26.62262126664801,1.1654740082230637,50.0,50.0,100.0,50.0,calibrated_model_probability,composite_is_explanation_index_not_predictive_rank
1056,ba_14691986,2025-09,본죽&비빔밥 제주삼화점,본그룹,백반·죽·국수,제주특별자치도,제주시,0.2088353413654618,Monitor,34.59,34.59,Backlog,low_explanation_index;growth_alpha_direction_risk,stability,growth_alpha,0.2088353413654618,9,26.57258225030219,1.1654740082230637,50.0,50.0,100.0,50.0,calibrated_model_probability,composite_is_explanation_index_not_predictive_rank
1057,ba_14711140,2025-09,본죽&비빔밥 제주삼화점,본그룹,백반·죽·국수,제주특별자치도,제주시,0.2088353413654618,Monitor,34.54,34.54,Backlog,low_explanation_index;growth_alpha_direction_risk,stability,growth_alpha,0.2088353413654618,9,26.42282576162424,1.1654740082230637,50.0,50.0,100.0,50.0,calibrated_model_probability,composite_is_explanation_index_not_predictive_rank
1058,ba_14711141,2025-09,본죽&비빔밥 제주삼화점,본그룹,백반·죽·국수,제주특별자치도,제주시,0.2088353413654618,Monitor,34.54,34.54,Backlog,low_explanation_index;growth_alpha_direction_risk,stability,growth_alpha,0.2088353413654618,9,26.42282576162424,1.1654740082230637,50.0,50.0,100.0,50.0,calibrated_model_probability,composite_is_explanation_index_not_predictive_rank
1059,ba_14691990,2025-09,본죽&비빔밥 제주아라점,본그룹,백반·죽·국수,제주특별자치도,제주시,0.2088353413654618,Monitor,34.51,34.51,Backlog,low_explanation_index;growth_alpha_direction_risk,stability,growth_alpha,0.2088353413654618,9,26.337456656973863,1.1654740082230637,50.0,50.0,100.0,50.0,calibrated_model_probability,composite_is_explanation_index_not_predictive_rank
1060,ba_14799661,2025-09,본죽&비빔밥 의정부역점,본그룹,백반·죽·국수,경기도,의정부시,0.2088353413654618,Monitor,34.48,34.48,Backlog,low_explanation_index;growth_alpha_direction_risk,stability,growth_alpha,0.2088353413654618,9,26.4037482110547,1.1654740082230637,50.0,50.0,99.45652772414844,50.0,calibrated_model_probability,composite_is_explanation_index_not_predictive_rank
1061,ba_14607412,2025-09,굽네치킨&피자 거북섬점,굽네치킨,치킨,경기도,시흥시,0.2088353413654618,Monitor,33.69,33.69,Backlog,low_explanation_index,stability,operation,0.2088353413654618,9,18.60404600191426,40.71859470251584,37.18165789473685,17.5,87.97276936904242,50.0,calibrated_model_probability,composite_is_explanation_index_not_predictive_rank
1062,ba_14754395,2025-09,굽네치킨 구이점,굽네치킨,치킨,전북특별자치도,완주군,0.2088353413654618,Monitor,33.53,33.53,Backlog,low_explanation_index,stability,operation,0.2088353413654618,9,22.54522274529689,38.73994322306936,25.4386052631579,17.5,95.09887187588404,50.0,calibrated_model_probability,composite_is_explanation_index_not_predictive_rank
1063,ba_13972155,2025-09,굽네피자 금호점,굽네치킨,피자,광주광역시,서구,0.2088353413654618,Monitor,33.3,33.3,Backlog,low_explanation_index,stability,review_growth,0.2088353413654618,9,21.45590327558535,28.97230252629573,7.894736842105264,50.0,98.62733241718595,50.0,calibrated_model_probability,composite_is_explanation_index_not_predictive_rank
1064,ba_13972595,2025-09,굽네피자 나주혁신도시1호점,굽네치킨,피자,전라남도,나주시,0.2088353413654618,Monitor,32.84,32.84,Backlog,low_explanation_index;growth_alpha_direction_risk,stability,review_growth,0.2088353413654618,9,22.53946319290457,24.03057345542423,12.280710526315792,50.0,95.98661272078672,50.0,calibrated_model_probability,composite_is_explanation_index_not_predictive_rank
1065,ba_13976690,2025-09,굽네피자 신수점,굽네치킨,피자,서울특별시,마포구,0.2088353413654618,Monitor,32.7,32.7,Backlog,low_explanation_index,stability,review_growth,0.2088353413654618,9,23.42144322988009,33.620586018757045,0.0,50.0,99.92236110344976,20.146507198758904,calibrated_model_probability,composite_is_explanation_index_not_predictive_rank
1066,ba_14690909,2025-09,본죽&비빔밥 마산회원동점,본그룹,백반·죽·국수,경상남도,창원시,0.2088353413654618,Monitor,32.64,32.64,Backlog,low_explanation_index;growth_alpha_direction_risk,stability,growth_alpha,0.2088353413654618,9,25.77684270999615,2.052284459749812,26.31578947368421,65.0,94.1195439620863,50.0,calibrated_model_probability,composite_is_explanation_index_not_predictive_rank
1067,ba_13974075,2025-09,굽네피자 인계점,굽네치킨,피자,경기도,수원시,0.2088353413654618,Monitor,32.49,32.49,Backlog,low_explanation_index;growth_alpha_direction_risk,stability,review_growth,0.2088353413654618,9,25.99317736342734,23.863808750014623,0.0,50.0,99.31284824807494,50.0,calibrated_model_probability,composite_is_explanation_index_not_predictive_rank
1068,ba_14690709,2025-09,본죽&비빔밥 김해진영점,본그룹,백반·죽·국수,경상남도,김해시,0.2088353413654618,Monitor,32.17,32.17,Backlog,low_explanation_index;growth_alpha_direction_risk,stability,review_growth,0.2088353413654618,9,26.06371706444839,23.286805529728746,4.0247631578947365,50.0,91.19438843810724,50.0,calibrated_model_probability,composite_is_explanation_index_not_predictive_rank
1069,ba_14688115,2025-09,본죽 산본사거리점,본그룹,백반·죽·국수,경기도,군포시,0.2088353413654618,Monitor,32.11,32.11,Backlog,low_explanation_index;growth_alpha_direction_risk,stability,growth_alpha,0.2088353413654618,9,19.47690074897798,1.1654740082230637,50.0,50.0,100.0,50.0,calibrated_model_probability,composite_is_explanation_index_not_predictive_rank
1070,ba_10774794,2025-09,굽네치킨&피자 회덕점,굽네치킨,치킨,경기도,광주시,0.2088353413654618,Monitor,31.94,31.94,Backlog,low_explanation_index,stability,operation,0.2088353413654618,9,20.71708317428027,37.84803361144633,20.14518421052632,17.5,95.76327948145972,50.0,calibrated_model_probability,composite_is_explanation_index_not_predictive_rank
1071,ba_14799660,2025-09,본죽&비빔밥 의정부역점,본그룹,백반·죽·국수,경기도,의정부시,0.2088353413654618,Monitor,31.83,31.83,Backlog,low_explanation_index;growth_alpha_direction_risk,stability,growth_alpha,0.2088353413654618,9,18.68023045474435,1.1654740082230637,50.0,50.0,100.0,50.0,calibrated_model_probability,composite_is_explanation_index_not_predictive_rank
1072,ba_14783436,2025-09,본죽&비빔밥 마산합포오동점,본그룹,백반·죽·국수,경상남도,창원시,0.2088353413654618,Monitor,31.79,31.79,Backlog,low_explanation_index;growth_alpha_direction_risk,stability,growth_alpha,0.2088353413654618,9,25.690757664759538,1.1654740082230637,50.0,39.0,91.52655896291948,50.0,calibrated_model_probability,composite_is_explanation_index_not_predictive_rank
1073,ba_10418082,2025-09,굽네치킨 여수관문점,굽네치킨,치킨,전라남도,여수시,0.2088353413654618,Monitor,31.69,31.69,Backlog,low_explanation_index;growth_alpha_direction_risk,stability,operation,0.2088353413654618,9,25.30410918235489,23.43190988985981,39.84963157894737,17.5,83.72731431661816,50.0,calibrated_model_probability,composite_is_explanation_index_not_predictive_rank
1074,ba_14691904,2025-09,본죽&비빔밥 울산우정점,본그룹,백반·죽·국수,울산광역시,중구,0.2088353413654618,Monitor,31.63,31.63,Backlog,low_explanation_index;growth_alpha_direction_risk,stability,growth_alpha,0.2088353413654618,9,25.38714849176904,0.6112174760188488,17.763157894736846,67.88536474387702,97.44196385177938,50.0,calibrated_model_probability,composite_is_explanation_index_not_predictive_rank
1075,ba_14691262,2025-09,본죽&비빔밥 대구상인롯데점,본그룹,백반·죽·국수,대구광역시,달서구,0.2088353413654618,Monitor,31.61,31.61,Backlog,low_explanation_index;growth_alpha_direction_risk,stability,growth_alpha,0.2088353413654618,9,18.04297626201484,1.1654740082230637,50.0,50.0,100.0,50.0,calibrated_model_probability,composite_is_explanation_index_not_predictive_rank
1076,ba_14399330,2025-09,본죽&비빔밥 대구상인롯데점,본그룹,백반·죽·국수,대구광역시,달서구,0.2088353413654618,Monitor,31.6,31.6,Backlog,low_explanation_index;growth_alpha_direction_risk,stability,growth_alpha,0.2088353413654618,9,18.036202128814267,1.1654740082230637,50.0,50.0,100.0,50.0,calibrated_model_probability,composite_is_explanation_index_not_predictive_rank
1077,ba_14796355,2025-09,본죽&비빔밥 남양주퇴계원점,본그룹,백반·죽·국수,경기도,남양주시,0.2088353413654618,Monitor,31.44,31.44,Backlog,low_explanation_index;growth_alpha_direction_risk,stability,growth_alpha,0.2088353413654618,9,17.57504312288764,1.1654740082230637,50.0,50.0,100.0,50.0,calibrated_model_probability,composite_is_explanation_index_not_predictive_rank
1078,ba_14581501,2025-09,본죽&비빔밥 동탄한림대병원점,본그룹,백반·죽·국수,경기도,화성시,0.2088353413654618,Monitor,31.34,31.34,Backlog,low_explanation_index;growth_alpha_direction_risk,stability,growth_alpha,0.2088353413654618,9,17.37243509694205,1.1654740082230637,50.0,50.0,99.7060638816148,50.0,calibrated_model_probability,composite_is_explanation_index_not_predictive_rank
1079,ba_14702063,2025-09,본죽&비빔밥 목동파라곤점,본그룹,백반·죽·국수,서울특별시,양천구,0.2088353413654618,Monitor,31.09,31.09,Backlog,low_explanation_index;growth_alpha_direction_risk,stability,growth_alpha,0.2088353413654618,9,20.16888369543294,2.1508091009144303,26.90057894736842,53.91041683059585,92.84426914998704,49.88886856825736,calibrated_model_probability,composite_is_explanation_index_not_predictive_rank
1080,ba_14341228,2025-09,굽네피자&치킨 고덕국제점,굽네치킨,피자,경기도,평택시,0.2088353413654618,Monitor,31.06,31.06,Backlog,low_explanation_index;growth_alpha_direction_risk,stability,review_growth,0.2088353413654618,9,26.60269432577288,18.337671591586982,0.3759473684210532,50.0,96.12710791627303,50.0,calibrated_model_probability,composite_is_explanation_index_not_predictive_rank
1081,ba_14703003,2025-09,본죽 경남거제옥포점,본그룹,백반·죽·국수,경상남도,거제시,0.2088353413654618,Monitor,31.05,31.05,Backlog,low_explanation_index;growth_alpha_direction_risk,stability,growth_alpha,0.2088353413654618,9,16.46361348567252,1.1654740082230637,50.0,50.0,100.0,50.0,calibrated_model_probability,composite_is_explanation_index_not_predictive_rank
1082,ba_14686856,2025-09,본죽&비빔밥 부산만덕사거리점,본그룹,백반·죽·국수,부산광역시,북구,0.2088353413654618,Monitor,31.0,31.0,Backlog,low_explanation_index;growth_alpha_direction_risk,stability,growth_alpha,0.2088353413654618,9,24.04288080476504,0.1577247813693561,15.071763157894738,69.39408349612214,98.7995551092434,50.0,calibrated_model_probability,composite_is_explanation_index_not_predictive_rank
1083,ba_14812426,2025-09,본죽&비빔밥 대전선화점,본그룹,백반·죽·국수,대전광역시,중구,0.2088353413654618,Monitor,30.74,30.74,Backlog,low_explanation_index;growth_alpha_direction_risk,stability,growth_alpha,0.2088353413654618,9,15.56074100350533,1.1654740082230637,50.0,50.0,100.0,50.0,calibrated_model_probability,composite_is_explanation_index_not_predictive_rank
1084,ba_14812430,2025-09,본죽&비빔밥 대전선화점,본그룹,백반·죽·국수,대전광역시,중구,0.2088353413654618,Monitor,30.72,30.72,Backlog,low_explanation_index;growth_alpha_direction_risk,stability,growth_alpha,0.2088353413654618,9,15.50907428482521,1.1654740082230637,50.0,50.0,100.0,50.0,calibrated_model_probability,composite_is_explanation_index_not_predictive_rank
1085,ba_14422337,2025-09,본죽&비빔밥 고양덕은점,본그룹,백반·죽·국수,경기도,고양시,0.2088353413654618,Monitor,30.44,30.44,Backlog,low_explanation_index;growth_alpha_direction_risk,stability,review_growth,0.2088353413654618,9,20.99157832430113,22.633913505053464,0.0,50.0,99.37405520471862,50.0,calibrated_model_probability,composite_is_explanation_index_not_predictive_rank
1086,ba_14270903,2025-09,굽네치킨&피자 원미점,굽네치킨,치킨,경기도,부천시,0.2088353413654618,Monitor,29.64,29.64,Backlog,low_explanation_index,stability,review_growth,0.2088353413654618,9,16.79395769325373,26.976712967225097,0.0,50.0,95.19255584790815,50.0,calibrated_model_probability,composite_is_explanation_index_not_predictive_rank
1087,ba_14786815,2025-09,본죽&비빔밥 부산남천동점,본그룹,백반·죽·국수,부산광역시,수영구,0.2088353413654618,Monitor,29.37,29.37,Backlog,low_explanation_index;growth_alpha_direction_risk,stability,growth_alpha,0.2088353413654618,9,19.677924825434857,1.1654740082230637,50.0,32.5,98.14258249433834,50.0,calibrated_model_probability,composite_is_explanation_index_not_predictive_rank
1088,ba_14049107,2025-09,굽네치킨&피자 송도신도시점,굽네치킨,치킨,인천광역시,연수구,0.2088353413654618,Monitor,28.75,28.75,Backlog,low_explanation_index;growth_alpha_direction_risk,stability,review_growth,0.2088353413654618,9,20.82656189977392,15.830680615382164,0.0,50.0,100.0,50.0,calibrated_model_probability,composite_is_explanation_index_not_predictive_rank
1089,ba_14248050,2025-09,굽네치킨&피자 은행선화점,굽네치킨,치킨,대전광역시,중구,0.2088353413654618,Monitor,28.62,28.62,Backlog,low_explanation_index;growth_alpha_direction_risk,stability,review_growth,0.2088353413654618,9,18.8661335037894,21.060999977441764,0.0,50.0,92.51642268012702,50.0,calibrated_model_probability,composite_is_explanation_index_not_predictive_rank
1090,ba_14775022,2025-09,본죽&비빔밥 광혜원점,본그룹,백반·죽·국수,충청북도,진천군,0.2088353413654618,Monitor,28.3,28.3,Backlog,low_explanation_index;growth_alpha_direction_risk,stability,growth_alpha,0.2088353413654618,9,25.593441799911083,1.1654740082230637,50.0,17.5,89.24991225722492,50.0,calibrated_model_probability,composite_is_explanation_index_not_predictive_rank
1091,ba_13976616,2025-09,굽네피자 여수관문점,굽네치킨,피자,전라남도,여수시,0.2088353413654618,Monitor,27.96,27.96,Backlog,low_explanation_index;growth_alpha_direction_risk,stability,review_growth,0.2088353413654618,9,20.59029098736421,15.884376988222106,0.0,50.0,92.85722151737944,50.0,calibrated_model_probability,composite_is_explanation_index_not_predictive_rank
1092,ba_13229560,2025-09,본죽 양천구청점,본그룹,백반·죽·국수,서울특별시,양천구,0.2088353413654618,Monitor,27.6,27.6,Backlog,low_explanation_index;growth_alpha_direction_risk,stability,growth_alpha,0.2088353413654618,9,22.19048875116402,0.0,0.0,50.0,98.54681685085222,49.88886856825736,calibrated_model_probability,composite_is_explanation_index_not_predictive_rank
1093,ba_14687076,2025-09,본죽 양천구청점,본그룹,백반·죽·국수,서울특별시,양천구,0.2088353413654618,Monitor,26.88,26.88,Backlog,low_explanation_index;growth_alpha_direction_risk,stability,growth_alpha,0.2088353413654618,9,26.75768307575741,0.5320474729587987,17.293236842105266,17.5,96.05359760932414,49.88886856825736,calibrated_model_probability,composite_is_explanation_index_not_predictive_rank
1094,ba_14690836,2025-09,본죽&비빔밥 마산내서점,본그룹,백반·죽·국수,경상남도,창원시,0.2088353413654618,Monitor,26.77,26.77,Backlog,low_explanation_index;growth_alpha_direction_risk,stability,growth_alpha,0.2088353413654618,9,26.49544979705284,0.0,0.0,50.0,100.0,50.0,calibrated_model_probability,composite_is_explanation_index_not_predictive_rank
1095,ba_13234101,2025-09,본죽&비빔밥 세종첫마을점,본그룹,백반·죽·국수,세종특별자치시,노을3로,0.2088353413654618,Monitor,26.71,26.71,Backlog,low_explanation_index;growth_alpha_direction_risk,stability,growth_alpha,0.2088353413654618,9,25.3083255181341,0.0,7.894736842105264,50.0,91.66860864971024,50.0,calibrated_model_probability,composite_is_explanation_index_not_predictive_rank
1096,ba_14692092,2025-09,본죽&비빔밥 제주외도점,본그룹,백반·죽·국수,제주특별자치도,제주시,0.2088353413654618,Monitor,26.49,26.49,Backlog,low_explanation_index;growth_alpha_direction_risk,stability,growth_alpha,0.2088353413654618,9,26.41718884384245,0.0,0.0,50.0,97.46497197252948,50.0,calibrated_model_probability,composite_is_explanation_index_not_predictive_rank
1097,ba_14728291,2025-09,본죽 논산점,본그룹,백반·죽·국수,충청남도,논산시,0.2088353413654618,Monitor,26.16,26.16,Backlog,low_explanation_index;growth_alpha_direction_risk,stability,growth_alpha,0.2088353413654618,9,16.688132871045948,1.1654740082230637,50.0,17.5,99.03247179889406,50.0,calibrated_model_probability,composite_is_explanation_index_not_predictive_rank
1098,ba_14778684,2025-09,본죽&비빔밥 대구대천점,본그룹,백반·죽·국수,대구광역시,달서구,0.2088353413654618,Monitor,26.15,26.15,Backlog,low_explanation_index;growth_alpha_direction_risk,stability,growth_alpha,0.2088353413654618,9,17.2680703511621,1.1654740082230637,50.0,17.5,96.94213760358174,50.0,calibrated_model_probability,composite_is_explanation_index_not_predictive_rank
1099,ba_14793023,2025-09,본죽&비빔밥 장호원점,본그룹,백반·죽·국수,경기도,이천시,0.2088353413654618,Monitor,24.94,24.94,Backlog,low_explanation_index;growth_alpha_direction_risk,stability,growth_alpha,0.2088353413654618,9,16.24463588358261,1.1654740082230637,50.0,17.5,88.38966158672875,50.0,calibrated_model_probability,composite_is_explanation_index_not_predictive_rank
1100,ba_14689024,2025-09,본죽&비빔밥 김포장기초당마을점,본그룹,백반·죽·국수,경기도,김포시,0.2088353413654618,Monitor,24.94,24.94,Backlog,low_explanation_index;growth_alpha_direction_risk,stability,growth_alpha,0.2088353413654618,9,15.35473510180076,5.092780603593128,44.360894736842106,17.5,90.15132633555018,50.0,calibrated_model_probability,composite_is_explanation_index_not_predictive_rank
1101,ba_14692077,2025-09,본죽&비빔밥 진주혁신중앙점,본그룹,백반·죽·국수,경상남도,진주시,0.2088353413654618,Monitor,24.89,24.89,Backlog,low_explanation_index;growth_alpha_direction_risk,stability,growth_alpha,0.2088353413654618,9,24.28066702233,1.658141554568747,23.976605263157897,17.5,97.52757767197804,50.0,calibrated_model_probability,composite_is_explanation_index_not_predictive_rank
1102,ba_13722581,2025-09,본죽&비빔밥 의왕고천점,본그룹,백반·죽·국수,경기도,의왕시,0.2088353413654618,Monitor,23.87,23.87,Backlog,low_explanation_index;growth_alpha_direction_risk,stability,growth_alpha,0.2088353413654618,9,22.723520338026105,1.1654740082230637,21.05263157894737,17.5,98.39153905775176,50.0,calibrated_model_probability,composite_is_explanation_index_not_predictive_rank
1103,ba_14273436,2025-09,본죽&비빔밥 거제고현점,본그룹,백반·죽·국수,경상남도,거제시,0.2088353413654618,Monitor,23.06,23.06,Backlog,low_explanation_index;growth_alpha_direction_risk,stability,growth_alpha,0.2088353413654618,9,23.59252469272341,0.8487496554602856,19.17292105263158,17.5,90.89108573202186,50.0,calibrated_model_probability,composite_is_explanation_index_not_predictive_rank
1104,ba_13651212,2025-09,본죽&비빔밥 광주금호점,본그룹,백반·죽·국수,광주광역시,서구,0.2088353413654618,Monitor,22.99,22.99,Backlog,low_explanation_index;growth_alpha_direction_risk,stability,growth_alpha,0.2088353413654618,9,17.42404603953398,2.188720247717201,27.1255,17.5,96.51766700509768,50.0,calibrated_model_probability,composite_is_explanation_index_not_predictive_rank
1105,ba_13225939,2025-09,본죽 경남거제옥포점,본그룹,백반·죽·국수,경상남도,거제시,0.2088353413654618,Monitor,22.97,22.97,Backlog,low_explanation_index;growth_alpha_direction_risk,stability,growth_alpha,0.2088353413654618,9,25.79226954953524,0.0,13.096684210526318,17.5,93.51825129830384,50.0,calibrated_model_probability,composite_is_explanation_index_not_predictive_rank
1106,ba_14689416,2025-09,본죽&비빔밥 수원호매실화홍병원점,본그룹,백반·죽·국수,경기도,수원시,0.2088353413654618,Monitor,22.93,22.93,Backlog,low_explanation_index;growth_alpha_direction_risk,stability,review_growth,0.2088353413654618,9,14.95326258323186,13.224655082003087,7.236842105263158,50.0,58.08386876245742,50.0,calibrated_model_probability,composite_is_explanation_index_not_predictive_rank
1107,ba_14726741,2025-09,본죽&비빔밥 대구방촌해안역점,본그룹,백반·죽·국수,대구광역시,동구,0.2088353413654618,Monitor,22.9,22.9,Backlog,low_explanation_index;growth_alpha_direction_risk,stability,growth_alpha,0.2088353413654618,9,24.44125964225672,0.0,13.533842105263158,17.5,96.91733302279474,50.0,calibrated_model_probability,composite_is_explanation_index_not_predictive_rank
1108,ba_14691817,2025-09,본죽 부산장림점,본그룹,백반·죽·국수,부산광역시,사하구,0.2088353413654618,Monitor,22.77,22.77,Backlog,low_explanation_index;growth_alpha_direction_risk,stability,growth_alpha,0.2088353413654618,9,15.025182382525651,3.4880749212941904,34.837105263157895,17.5,87.85023724177154,50.0,calibrated_model_probability,composite_is_explanation_index_not_predictive_rank
1109,ba_14688879,2025-09,본죽 수원대점,본그룹,백반·죽·국수,경기도,화성시,0.2088353413654618,Monitor,22.46,22.46,Backlog,low_explanation_index;growth_alpha_direction_risk,stability,growth_alpha,0.2088353413654618,9,16.54280321563883,2.018186597888607,26.11336842105264,17.5,96.20771643062425,50.0,calibrated_model_probability,composite_is_explanation_index_not_predictive_rank
1110,ba_14688716,2025-09,본죽&비빔밥 일산식사점,본그룹,백반·죽·국수,경기도,고양시,0.2088353413654618,Monitor,22.33,22.33,Backlog,low_explanation_index;growth_alpha_direction_risk,stability,growth_alpha,0.2088353413654618,9,23.65277022914694,1.057327473659378,20.41078947368421,10.8355,91.05153872101526,50.0,calibrated_model_probability,composite_is_explanation_index_not_predictive_rank
1111,ba_14691272,2025-09,본죽 대전비래점,본그룹,백반·죽·국수,대전광역시,대덕구,0.2088353413654618,Monitor,22.14,22.14,Backlog,low_explanation_index;growth_alpha_direction_risk,stability,growth_alpha,0.2088353413654618,9,23.04818382812111,0.0,12.280710526315792,17.5,96.06217869318496,50.0,calibrated_model_probability,composite_is_explanation_index_not_predictive_rank
1112,ba_14688192,2025-09,본죽 성남신흥동점,본그룹,백반·죽·국수,경기도,성남시,0.2088353413654618,Monitor,21.78,21.78,Backlog,low_explanation_index;growth_alpha_direction_risk,stability,growth_alpha,0.2088353413654618,9,15.579418215908513,1.7989005434873286,24.81202631578948,17.5,95.2974461021584,50.0,calibrated_model_probability,composite_is_explanation_index_not_predictive_rank
1113,ba_13199208,2025-09,본죽 울주덕신점,본그룹,백반·죽·국수,울산광역시,울주군,0.2088353413654618,Monitor,21.26,21.26,Backlog,low_explanation_index;growth_alpha_direction_risk,stability,growth_alpha,0.2088353413654618,9,15.07480976527186,1.4821983609858416,22.93234210526316,17.5,95.45272389525884,50.0,calibrated_model_probability,composite_is_explanation_index_not_predictive_rank
1114,ba_13229858,2025-09,본죽 창원반송점,본그룹,백반·죽·국수,경상남도,창원시,0.2088353413654618,Monitor,20.83,20.83,Backlog,low_explanation_index;growth_alpha_direction_risk,stability,growth_alpha,0.2088353413654618,9,18.13074836160826,0.056960943814629,14.473684210526317,17.5,96.7054392189533,50.0,calibrated_model_probability,composite_is_explanation_index_not_predictive_rank
1115,ba_14689401,2025-09,본죽&비빔밥 수원호매실역점,본그룹,백반·죽·국수,경기도,수원시,0.2088353413654618,Monitor,20.64,20.64,Backlog,low_explanation_index;growth_alpha_direction_risk,stability,growth_alpha,0.2088353413654618,9,20.64525478591705,0.0,7.894736842105264,17.5,96.05359760932414,50.0,calibrated_model_probability,composite_is_explanation_index_not_predictive_rank
1116,ba_14688483,2025-09,본죽 동수원점,본그룹,백반·죽·국수,경기도,수원시,0.2088353413654618,Monitor,20.62,20.62,Backlog,low_explanation_index;growth_alpha_direction_risk,stability,growth_alpha,0.2088353413654618,9,17.940299442103193,0.056960943814629,14.473684210526317,17.5,95.31763678757076,50.0,calibrated_model_probability,composite_is_explanation_index_not_predictive_rank
1117,ba_14470771,2025-09,본죽&비빔밥 부산동대신역점,본그룹,백반·죽·국수,부산광역시,서구,0.2088353413654618,Monitor,20.11,20.11,Backlog,low_explanation_index;growth_alpha_direction_risk,stability,growth_alpha,0.2088353413654618,9,15.03735749787653,0.3592746267400967,16.267947368421055,17.5,96.93954067712151,50.0,calibrated_model_probability,composite_is_explanation_index_not_predictive_rank
1118,ba_14688905,2025-09,본죽&비빔밥 고양원당점,본그룹,백반·죽·국수,경기도,고양시,0.2088353413654618,Monitor,19.93,19.93,Backlog,low_explanation_index;growth_alpha_direction_risk,stability,growth_alpha,0.2088353413654618,9,13.41114403322616,1.0071118318416772,20.112789473684213,17.5,93.4401791057587,50.0,calibrated_model_probability,composite_is_explanation_index_not_predictive_rank
1119,ba_14689846,2025-09,본죽&비빔밥 동탄영천점,본그룹,백반·죽·국수,경기도,화성시,0.2088353413654618,Monitor,19.21,19.21,Backlog,low_explanation_index;growth_alpha_direction_risk,stability,growth_alpha,0.2088353413654618,9,17.14750343655681,0.0,8.382078947368422,17.5,93.28794066881056,50.0,calibrated_model_probability,composite_is_explanation_index_not_predictive_rank
1120,ba_14277930,2025-09,본죽&비빔밥 동탄청계점,본그룹,백반·죽·국수,경기도,화성시,0.2088353413654618,Monitor,18.48,18.48,Backlog,low_explanation_index;growth_alpha_direction_risk,stability,growth_alpha,0.2088353413654618,9,17.39528360862557,0.0,0.0,17.5,97.68285546507848,50.0,calibrated_model_probability,composite_is_explanation_index_not_predictive_rank
1121,ba_14688571,2025-09,본죽 안산선부점,본그룹,백반·죽·국수,경기도,안산시,0.2088353413654618,Monitor,17.89,17.89,Backlog,low_explanation_index;growth_alpha_direction_risk;stability_risk,operation,growth_alpha,0.2088353413654618,9,16.11299975879404,0.4846252840634034,6.733736842105264,50.0,36.16023134184123,50.0,calibrated_model_probability,composite_is_explanation_index_not_predictive_rank
1122,ba_14797999,2025-09,굽네치킨&피자 대흥역점,굽네치킨,치킨,서울특별시,마포구,0.112,Low Priority,42.82,42.82,Backlog,none,stability,model_probability,0.112,10,12.02529775840493,38.00094190355083,50.0,50.0,99.53416662069866,80.20841226922786,calibrated_model_probability,composite_is_explanation_index_not_predictive_rank
1123,ba_14791437,2025-09,굽네치킨&피자 신수점,굽네치킨,치킨,서울특별시,마포구,0.112,Low Priority,40.88,40.88,Backlog,none,stability,model_probability,0.112,10,13.22010988897505,38.00094190355083,50.0,50.0,100.0,56.63347186398352,calibrated_model_probability,composite_is_explanation_index_not_predictive_rank
1124,ba_13506840,2025-09,굽네치킨 & 피자 약수역점,굽네치킨,치킨,서울특별시,중구,0.112,Low Priority,40.69,40.69,Backlog,none,stability,model_probability,0.112,10,7.57369321480694,38.00094190355083,50.0,50.0,100.0,72.5,calibrated_model_probability,composite_is_explanation_index_not_predictive_rank
1125,ba_10636815,2025-09,굽네치킨 완도점,굽네치킨,치킨,전라남도,완도군,0.112,Low Priority,39.07,39.07,Backlog,low_explanation_index,stability,model_probability,0.112,10,13.047288535543538,38.00094190355083,50.0,50.0,100.0,50.0,calibrated_model_probability,composite_is_explanation_index_not_predictive_rank
1126,ba_14727755,2025-09,굽네치킨&피자 덕진금암점,굽네치킨,치킨,전북특별자치도,전주시,0.112,Low Priority,39.02,39.02,Backlog,low_explanation_index,stability,model_probability,0.112,10,12.915478780178267,38.00094190355083,50.0,50.0,100.0,50.0,calibrated_model_probability,composite_is_explanation_index_not_predictive_rank
1127,ba_14842562,2025-09,굽네치킨&피자 영등포구청역점,굽네치킨,치킨,서울특별시,영등포구,0.112,Low Priority,38.87,38.87,Backlog,low_explanation_index,stability,model_probability,0.112,10,4.8249892529605205,38.00094190355083,50.0,50.0,100.0,62.98550157975393,calibrated_model_probability,composite_is_explanation_index_not_predictive_rank
1128,ba_14758007,2025-09,굽네치킨 송도신도시점,굽네치킨,치킨,인천광역시,연수구,0.112,Low Priority,38.82,38.82,Backlog,low_explanation_index,stability,model_probability,0.112,10,12.35128172673868,38.00094190355083,50.0,50.0,100.0,50.0,calibrated_model_probability,composite_is_explanation_index_not_predictive_rank
1129,ba_14809478,2025-09,굽네치킨 권선1동점,굽네치킨,치킨,경기도,수원시,0.112,Low Priority,38.7,38.7,Backlog,low_explanation_index,stability,model_probability,0.112,10,11.98900805435953,38.00094190355083,50.0,50.0,100.0,50.0,calibrated_model_probability,composite_is_explanation_index_not_predictive_rank
1130,ba_14827938,2025-09,굽네치킨&피자 거북섬점,굽네치킨,치킨,경기도,시흥시,0.112,Low Priority,38.67,38.67,Backlog,low_explanation_index,stability,model_probability,0.112,10,11.90970434034063,38.00094190355083,50.0,50.0,100.0,50.0,calibrated_model_probability,composite_is_explanation_index_not_predictive_rank
1131,ba_10685624,2025-09,굽네치킨 광주문흥점,굽네치킨,치킨,광주광역시,북구,0.112,Low Priority,38.51,38.51,Backlog,low_explanation_index,stability,model_probability,0.112,10,11.46226957024155,38.00094190355083,50.0,50.0,100.0,50.0,calibrated_model_probability,composite_is_explanation_index_not_predictive_rank
1132,ba_14809544,2025-09,굽네치킨 송도4동점,굽네치킨,치킨,인천광역시,연수구,0.112,Low Priority,38.41,38.41,Backlog,low_explanation_index,stability,model_probability,0.112,10,11.17898221888453,38.00094190355083,50.0,50.0,100.0,50.0,calibrated_model_probability,composite_is_explanation_index_not_predictive_rank
1133,ba_14803437,2025-09,굽네치킨 명곡대원점,굽네치킨,치킨,경상남도,창원시,0.112,Low Priority,38.13,38.13,Backlog,low_explanation_index,stability,model_probability,0.112,10,10.36879475090959,38.00094190355083,50.0,50.0,100.0,50.0,calibrated_model_probability,composite_is_explanation_index_not_predictive_rank
1134,ba_14189864,2025-09,굽네피자 & 피자 약수역점,굽네치킨,피자,서울특별시,중구,0.112,Low Priority,38.0,38.0,Backlog,low_explanation_index,stability,model_probability,0.112,10,7.01494255923924,38.054638276390776,50.0,50.0,100.0,47.26587163947556,calibrated_model_probability,composite_is_explanation_index_not_predictive_rank
1135,ba_14796264,2025-09,굽네치킨 종암스타점,굽네치킨,치킨,서울특별시,성북구,0.112,Low Priority,38.0,38.0,Backlog,low_explanation_index,stability,model_probability,0.112,10,3.93935445762065,38.00094190355083,50.0,50.0,100.0,57.1133008343371,calibrated_model_probability,composite_is_explanation_index_not_predictive_rank
1136,ba_14797330,2025-09,굽네치킨&피자 초전점,굽네치킨,치킨,경상남도,진주시,0.112,Low Priority,37.91,37.91,Backlog,low_explanation_index,stability,model_probability,0.112,10,9.72902353890426,38.00094190355083,50.0,50.0,100.0,50.0,calibrated_model_probability,composite_is_explanation_index_not_predictive_rank
1137,ba_14809961,2025-09,굽네치킨 창원소답점,굽네치킨,치킨,경상남도,창원시,0.112,Low Priority,37.82,37.82,Backlog,low_explanation_index,stability,model_probability,0.112,10,9.476608699109647,38.00094190355083,50.0,50.0,100.0,50.0,calibrated_model_probability,composite_is_explanation_index_not_predictive_rank
1138,ba_13973779,2025-09,굽네피자 용인서천점,굽네치킨,피자,경기도,용인시,0.112,Low Priority,37.74,37.74,Backlog,low_explanation_index,stability,model_probability,0.112,10,9.21316877827853,38.054638276390776,50.0,50.0,100.0,50.0,calibrated_model_probability,composite_is_explanation_index_not_predictive_rank
1139,ba_14525750,2025-09,굽네피자 지산신장점,굽네치킨,피자,경기도,평택시,0.112,Low Priority,37.72,37.72,Backlog,low_explanation_index,stability,model_probability,0.112,10,9.15697356256584,38.054638276390776,50.0,50.0,100.0,50.0,calibrated_model_probability,composite_is_explanation_index_not_predictive_rank
1140,ba_14624480,2025-09,굽네피자 고산지구점,굽네치킨,피자,경기도,의정부시,0.112,Low Priority,37.63,37.63,Backlog,low_explanation_index,stability,model_probability,0.112,10,8.90091191834399,38.054638276390776,50.0,50.0,100.0,50.0,calibrated_model_probability,composite_is_explanation_index_not_predictive_rank
1141,ba_14629814,2025-09,굽네피자 용인모현점,굽네치킨,피자,경기도,용인시,0.112,Low Priority,37.58,37.58,Backlog,low_explanation_index,stability,model_probability,0.112,10,8.76180103923728,38.054638276390776,50.0,50.0,100.0,50.0,calibrated_model_probability,composite_is_explanation_index_not_predictive_rank
1142,ba_14696545,2025-09,굽네피자 구리갈매점,굽네치킨,피자,경기도,구리시,0.112,Low Priority,37.55,37.55,Backlog,low_explanation_index,stability,model_probability,0.112,10,8.685115331340409,38.054638276390776,50.0,50.0,100.0,50.0,calibrated_model_probability,composite_is_explanation_index_not_predictive_rank
1143,ba_13973937,2025-09,굽네피자 동탄1동점,굽네치킨,피자,경기도,화성시,0.112,Low Priority,37.53,37.53,Backlog,low_explanation_index,stability,model_probability,0.112,10,8.616815940582349,38.054638276390776,50.0,50.0,100.0,50.0,calibrated_model_probability,composite_is_explanation_index_not_predictive_rank
1144,ba_14320813,2025-09,굽네피자 옥곡백천점,굽네치킨,피자,경상북도,경산시,0.112,Low Priority,37.4,37.4,Backlog,low_explanation_index,stability,model_probability,0.112,10,8.24616698023217,38.054638276390776,50.0,50.0,100.0,50.0,calibrated_model_probability,composite_is_explanation_index_not_predictive_rank
1145,ba_12030167,2025-09,굽네치킨&피자 후평점,굽네치킨,피자,강원특별자치도,춘천시,0.112,Low Priority,37.33,37.33,Backlog,low_explanation_index,stability,model_probability,0.112,10,8.05371749592212,38.054638276390776,50.0,50.0,100.0,50.0,calibrated_model_probability,composite_is_explanation_index_not_predictive_rank
1146,ba_13973414,2025-09,굽네피자 후평점,굽네치킨,피자,강원특별자치도,춘천시,0.112,Low Priority,37.29,37.29,Backlog,low_explanation_index,stability,model_probability,0.112,10,7.92094535423493,38.054638276390776,50.0,50.0,100.0,50.0,calibrated_model_probability,composite_is_explanation_index_not_predictive_rank
1147,ba_13712881,2025-09,굽네치킨 등촌3동점,굽네치킨,치킨,서울특별시,강서구,0.112,Low Priority,37.06,37.06,Backlog,low_explanation_index,stability,model_probability,0.112,10,3.31660118143781,38.00094190355083,50.0,50.0,100.0,49.62645914396887,calibrated_model_probability,composite_is_explanation_index_not_predictive_rank
1148,ba_10418755,2025-09,굽네치킨&피자 곤지암점,굽네치킨,치킨,경기도,광주시,0.112,Low Priority,36.98,36.98,Backlog,low_explanation_index,stability,model_probability,0.112,10,7.0906161997982,38.00094190355083,50.0,50.0,100.0,50.0,calibrated_model_probability,composite_is_explanation_index_not_predictive_rank
1149,ba_14569929,2025-09,굽네치킨 응암1호점,굽네치킨,치킨,서울특별시,은평구,0.112,Low Priority,36.97,36.97,Backlog,low_explanation_index,stability,model_probability,0.112,10,4.1038305728079605,38.00094190355083,50.0,50.0,100.0,46.27507268129333,calibrated_model_probability,composite_is_explanation_index_not_predictive_rank
1150,ba_14840445,2025-09,굽네치킨&피자 등촌3동점,굽네치킨,치킨,서울특별시,강서구,0.112,Low Priority,36.97,36.97,Backlog,low_explanation_index,stability,model_probability,0.112,10,3.02735906020356,38.00094190355083,50.0,50.0,100.0,49.62645914396887,calibrated_model_probability,composite_is_explanation_index_not_predictive_rank
1151,ba_14392323,2025-09,굽네피자 삼산1동점,굽네치킨,피자,인천광역시,부평구,0.112,Low Priority,36.87,36.87,Backlog,low_explanation_index,stability,model_probability,0.112,10,6.71916226642431,38.054638276390776,50.0,50.0,100.0,50.0,calibrated_model_probability,composite_is_explanation_index_not_predictive_rank
1152,ba_14251345,2025-09,굽네피자 강화점,굽네치킨,피자,인천광역시,강화군,0.112,Low Priority,36.83,36.83,Backlog,low_explanation_index,stability,model_probability,0.112,10,6.606466233898351,38.054638276390776,50.0,50.0,100.0,50.0,calibrated_model_probability,composite_is_explanation_index_not_predictive_rank
1153,ba_14103678,2025-09,굽네치킨&피자 불광점,굽네치킨,치킨,서울특별시,은평구,0.112,Low Priority,36.69,36.69,Backlog,low_explanation_index,stability,model_probability,0.112,10,3.22530736244345,38.00094190355083,50.0,50.0,100.0,46.27507268129333,calibrated_model_probability,composite_is_explanation_index_not_predictive_rank
1154,ba_13448308,2025-09,굽네치킨 역촌점,굽네치킨,치킨,서울특별시,은평구,0.112,Low Priority,36.64,36.64,Backlog,low_explanation_index,stability,model_probability,0.112,10,3.0477692029732,38.00094190355083,50.0,50.0,100.0,46.27507268129333,calibrated_model_probability,composite_is_explanation_index_not_predictive_rank
1155,ba_13851878,2025-09,굽네치킨 용인서천점,굽네치킨,치킨,경기도,용인시,0.112,Low Priority,36.63,36.63,Backlog,low_explanation_index,stability,model_probability,0.112,10,6.08605322304759,38.00094190355083,50.0,50.0,100.0,50.0,calibrated_model_probability,composite_is_explanation_index_not_predictive_rank
1156,ba_10024499,2025-09,굽네치킨 보령동대점,굽네치킨,치킨,충청남도,보령시,0.112,Low Priority,36.62,36.62,Backlog,low_explanation_index,stability,model_probability,0.112,10,6.06252040778367,38.00094190355083,50.0,50.0,100.0,50.0,calibrated_model_probability,composite_is_explanation_index_not_predictive_rank
1157,ba_14856977,2025-09,굽네치킨&피자 용산점,굽네치킨,치킨,대구광역시,달서구,0.112,Low Priority,36.58,36.58,Backlog,low_explanation_index,stability,model_probability,0.112,10,5.92808884343327,38.00094190355083,50.0,50.0,100.0,50.0,calibrated_model_probability,composite_is_explanation_index_not_predictive_rank
1158,ba_10840065,2025-09,굽네치킨 천안백석점,굽네치킨,치킨,충청남도,천안시,0.112,Low Priority,36.56,36.56,Backlog,low_explanation_index,stability,model_probability,0.112,10,5.87441209625386,38.00094190355083,50.0,50.0,100.0,50.0,calibrated_model_probability,composite_is_explanation_index_not_predictive_rank
1159,ba_14624481,2025-09,굽네치킨&피자 고산지구점,굽네치킨,치킨,경기도,의정부시,0.112,Low Priority,36.52,36.52,Backlog,low_explanation_index,stability,model_probability,0.112,10,5.77467523528297,38.00094190355083,50.0,50.0,100.0,50.0,calibrated_model_probability,composite_is_explanation_index_not_predictive_rank
1160,ba_14624475,2025-09,굽네치킨 고산지구점,굽네치킨,치킨,경기도,의정부시,0.112,Low Priority,36.52,36.52,Backlog,low_explanation_index,stability,model_probability,0.112,10,5.757902593586231,38.00094190355083,50.0,50.0,100.0,50.0,calibrated_model_probability,composite_is_explanation_index_not_predictive_rank
1161,ba_10416959,2025-09,굽네치킨 은행동점,굽네치킨,치킨,경기도,성남시,0.112,Low Priority,36.51,36.51,Backlog,low_explanation_index,stability,model_probability,0.112,10,5.75382449325212,38.00094190355083,50.0,50.0,100.0,50.0,calibrated_model_probability,composite_is_explanation_index_not_predictive_rank
1162,ba_14854750,2025-09,굽네치킨 울산신정3호점,굽네치킨,치킨,울산광역시,남구,0.112,Low Priority,36.51,36.51,Backlog,low_explanation_index,stability,model_probability,0.112,10,5.7520126417913,38.00094190355083,50.0,50.0,100.0,50.0,calibrated_model_probability,composite_is_explanation_index_not_predictive_rank
1163,ba_14857305,2025-09,굽네치킨&피자 송탄지산점,굽네치킨,치킨,경기도,평택시,0.112,Low Priority,36.5,36.5,Backlog,low_explanation_index,stability,model_probability,0.112,10,5.71546903140861,38.00094190355083,50.0,50.0,100.0,50.0,calibrated_model_probability,composite_is_explanation_index_not_predictive_rank
1164,ba_14642115,2025-09,굽네치킨 공도2호점,굽네치킨,치킨,경기도,안성시,0.112,Low Priority,36.49,36.49,Backlog,low_explanation_index,stability,model_probability,0.112,10,5.68555165938743,38.00094190355083,50.0,50.0,100.0,50.0,calibrated_model_probability,composite_is_explanation_index_not_predictive_rank
1165,ba_14696546,2025-09,굽네치킨&피자 구리갈매점,굽네치킨,치킨,경기도,구리시,0.112,Low Priority,36.49,36.49,Backlog,low_explanation_index,stability,model_probability,0.112,10,5.67751141831491,38.00094190355083,50.0,50.0,100.0,50.0,calibrated_model_probability,composite_is_explanation_index_not_predictive_rank
1166,ba_14746091,2025-09,굽네치킨&피자 별내청학점,굽네치킨,치킨,경기도,남양주시,0.112,Low Priority,36.48,36.48,Backlog,low_explanation_index,stability,model_probability,0.112,10,5.66431240916508,38.00094190355083,50.0,50.0,100.0,50.0,calibrated_model_probability,composite_is_explanation_index_not_predictive_rank
1167,ba_13950340,2025-09,굽네치킨 동탄1동점,굽네치킨,치킨,경기도,화성시,0.112,Low Priority,36.48,36.48,Backlog,low_explanation_index,stability,model_probability,0.112,10,5.65728642499663,38.00094190355083,50.0,50.0,100.0,50.0,calibrated_model_probability,composite_is_explanation_index_not_predictive_rank
1168,ba_14696544,2025-09,굽네치킨 구리갈매점,굽네치킨,치킨,경기도,구리시,0.112,Low Priority,36.48,36.48,Backlog,low_explanation_index,stability,model_probability,0.112,10,5.64606640922261,38.00094190355083,50.0,50.0,100.0,50.0,calibrated_model_probability,composite_is_explanation_index_not_predictive_rank
1169,ba_14352930,2025-09,굽네치킨 녹양점,굽네치킨,치킨,경기도,의정부시,0.112,Low Priority,36.46,36.46,Backlog,low_explanation_index,stability,model_probability,0.112,10,5.61327136885069,38.00094190355083,50.0,50.0,100.0,50.0,calibrated_model_probability,composite_is_explanation_index_not_predictive_rank
1170,ba_14853495,2025-09,굽네치킨&피자 구리갈매점,굽네치킨,치킨,경기도,구리시,0.112,Low Priority,36.45,36.45,Backlog,low_explanation_index,stability,model_probability,0.112,10,5.5770348928589,38.00094190355083,50.0,50.0,100.0,50.0,calibrated_model_probability,composite_is_explanation_index_not_predictive_rank
1171,ba_14681358,2025-09,굽네치킨 시흥능곡점,굽네치킨,치킨,경기도,시흥시,0.112,Low Priority,36.45,36.45,Backlog,low_explanation_index,stability,model_probability,0.112,10,5.56060321248379,38.00094190355083,50.0,50.0,100.0,50.0,calibrated_model_probability,composite_is_explanation_index_not_predictive_rank
1172,ba_14525748,2025-09,굽네치킨 지산신장점,굽네치킨,치킨,경기도,평택시,0.112,Low Priority,36.42,36.42,Backlog,low_explanation_index,stability,model_probability,0.112,10,5.49262593314152,38.00094190355083,50.0,50.0,100.0,50.0,calibrated_model_probability,composite_is_explanation_index_not_predictive_rank
1173,ba_14805037,2025-09,굽네치킨&피자 광주퇴촌점,굽네치킨,치킨,경기도,광주시,0.112,Low Priority,36.42,36.42,Backlog,low_explanation_index,stability,model_probability,0.112,10,5.48546984481167,38.00094190355083,50.0,50.0,100.0,50.0,calibrated_model_probability,composite_is_explanation_index_not_predictive_rank
1174,ba_14662584,2025-09,굽네치킨&피자 광주퇴촌점,굽네치킨,치킨,경기도,광주시,0.112,Low Priority,36.41,36.41,Backlog,low_explanation_index,stability,model_probability,0.112,10,5.4703443564636,38.00094190355083,50.0,50.0,100.0,50.0,calibrated_model_probability,composite_is_explanation_index_not_predictive_rank
1175,ba_14810724,2025-09,굽네치킨&피자 동대구해모로점,굽네치킨,치킨,대구광역시,동구,0.112,Low Priority,36.41,36.41,Backlog,low_explanation_index,stability,model_probability,0.112,10,5.46968376272429,38.00094190355083,50.0,50.0,100.0,50.0,calibrated_model_probability,composite_is_explanation_index_not_predictive_rank
1176,ba_14481987,2025-09,굽네치킨 마산점,굽네치킨,치킨,경기도,김포시,0.112,Low Priority,36.35,36.35,Backlog,low_explanation_index,stability,model_probability,0.112,10,5.2988801295618,38.00094190355083,50.0,50.0,100.0,50.0,calibrated_model_probability,composite_is_explanation_index_not_predictive_rank
1177,ba_10767741,2025-09,굽네치킨 후평점,굽네치킨,치킨,강원특별자치도,춘천시,0.112,Low Priority,36.35,36.35,Backlog,low_explanation_index,stability,model_probability,0.112,10,5.27488448166882,38.00094190355083,50.0,50.0,100.0,50.0,calibrated_model_probability,composite_is_explanation_index_not_predictive_rank
1178,ba_14484108,2025-09,굽네치킨 애막골후평점,굽네치킨,치킨,강원특별자치도,춘천시,0.112,Low Priority,36.35,36.35,Backlog,low_explanation_index,stability,model_probability,0.112,10,5.27488448166882,38.00094190355083,50.0,50.0,100.0,50.0,calibrated_model_probability,composite_is_explanation_index_not_predictive_rank
1179,ba_14796881,2025-09,굽네치킨 안산부곡점,굽네치킨,치킨,경기도,안산시,0.112,Low Priority,36.33,36.33,Backlog,low_explanation_index,stability,model_probability,0.112,10,5.23322777231472,38.00094190355083,50.0,50.0,100.0,50.0,calibrated_model_probability,composite_is_explanation_index_not_predictive_rank
1180,ba_14768997,2025-09,굽네치킨&피자 양벌점,굽네치킨,치킨,경기도,광주시,0.112,Low Priority,36.33,36.33,Backlog,low_explanation_index,stability,model_probability,0.112,10,5.21925549333518,38.00094190355083,50.0,50.0,100.0,50.0,calibrated_model_probability,composite_is_explanation_index_not_predictive_rank
1181,ba_14629813,2025-09,굽네치킨 용인모현점,굽네치킨,치킨,경기도,용인시,0.112,Low Priority,36.32,36.32,Backlog,low_explanation_index,stability,model_probability,0.112,10,5.21289459429578,38.00094190355083,50.0,50.0,100.0,50.0,calibrated_model_probability,composite_is_explanation_index_not_predictive_rank
1182,ba_14759786,2025-09,굽네치킨&피자 퇴계CGV점,굽네치킨,치킨,강원특별자치도,춘천시,0.112,Low Priority,36.29,36.29,Backlog,low_explanation_index,stability,model_probability,0.112,10,5.11129314665216,38.00094190355083,50.0,50.0,100.0,50.0,calibrated_model_probability,composite_is_explanation_index_not_predictive_rank
1183,ba_14849575,2025-09,굽네치킨 엄궁점,굽네치킨,치킨,부산광역시,사상구,0.112,Low Priority,36.26,36.26,Backlog,low_explanation_index,stability,model_probability,0.112,10,5.032534983281909,38.00094190355083,50.0,50.0,100.0,50.0,calibrated_model_probability,composite_is_explanation_index_not_predictive_rank
1184,ba_13348011,2025-09,굽네치킨 하남신장점,굽네치킨,치킨,경기도,하남시,0.112,Low Priority,36.26,36.26,Backlog,low_explanation_index,stability,model_probability,0.112,10,5.0153248456375,38.00094190355083,50.0,50.0,100.0,50.0,calibrated_model_probability,composite_is_explanation_index_not_predictive_rank
1185,ba_14733416,2025-09,굽네치킨&피자 먹골역점,굽네치킨,치킨,서울특별시,중랑구,0.112,Low Priority,36.26,36.26,Backlog,low_explanation_index,stability,model_probability,0.112,10,2.80879654278866,38.00094190355083,50.0,50.0,100.0,43.26894285768341,calibrated_model_probability,composite_is_explanation_index_not_predictive_rank
1186,ba_10620671,2025-09,굽네치킨 광주백운점,굽네치킨,치킨,광주광역시,남구,0.112,Low Priority,36.24,36.24,Backlog,low_explanation_index,stability,model_probability,0.112,10,4.9819685332072,38.00094190355083,50.0,50.0,100.0,50.0,calibrated_model_probability,composite_is_explanation_index_not_predictive_rank
1187,ba_13452835,2025-09,굽네치킨 경남남해점,굽네치킨,치킨,경상남도,남해군,0.112,Low Priority,36.22,36.22,Backlog,low_explanation_index,stability,model_probability,0.112,10,4.92322540316164,38.00094190355083,50.0,50.0,100.0,50.0,calibrated_model_probability,composite_is_explanation_index_not_predictive_rank
1188,ba_14855934,2025-09,굽네치킨 동대신점,굽네치킨,치킨,부산광역시,서구,0.112,Low Priority,36.22,36.22,Backlog,low_explanation_index,stability,model_probability,0.112,10,4.91407155725049,38.00094190355083,50.0,50.0,100.0,50.0,calibrated_model_probability,composite_is_explanation_index_not_predictive_rank
1189,ba_14850510,2025-09,굽네치킨 가야점,굽네치킨,치킨,부산광역시,부산진구,0.112,Low Priority,36.19,36.19,Backlog,low_explanation_index,stability,model_probability,0.112,10,4.82641513627498,38.00094190355083,50.0,50.0,100.0,50.0,calibrated_model_probability,composite_is_explanation_index_not_predictive_rank
1190,ba_10499851,2025-09,굽네치킨 대신점,굽네치킨,치킨,부산광역시,서구,0.112,Low Priority,36.13,36.13,Backlog,low_explanation_index,stability,model_probability,0.112,10,4.65315224086653,38.00094190355083,50.0,50.0,100.0,50.0,calibrated_model_probability,composite_is_explanation_index_not_predictive_rank
1191,ba_14252159,2025-09,굽네치킨 사당2동점,굽네치킨,치킨,서울특별시,동작구,0.112,Low Priority,36.1,36.1,Backlog,low_explanation_index,stability,model_probability,0.112,10,2.7503850644076,38.00094190355083,50.0,50.0,100.0,41.83972907693182,calibrated_model_probability,composite_is_explanation_index_not_predictive_rank
1192,ba_14545829,2025-09,굽네치킨 임학점,굽네치킨,치킨,인천광역시,계양구,0.112,Low Priority,36.04,36.04,Backlog,low_explanation_index,stability,model_probability,0.112,10,4.39048703093158,38.00094190355083,50.0,50.0,100.0,50.0,calibrated_model_probability,composite_is_explanation_index_not_predictive_rank
1193,ba_14252162,2025-09,굽네피자 사당2동점,굽네치킨,피자,서울특별시,동작구,0.112,Low Priority,36.01,36.01,Backlog,low_explanation_index,stability,model_probability,0.112,10,4.70832978671129,38.054638276390776,50.0,50.0,100.0,34.63966475162233,calibrated_model_probability,composite_is_explanation_index_not_predictive_rank
1194,ba_14294656,2025-09,굽네치킨 청천2동점,굽네치킨,치킨,인천광역시,부평구,0.112,Low Priority,36.01,36.01,Backlog,low_explanation_index,stability,model_probability,0.112,10,4.32153266108861,38.00094190355083,50.0,50.0,100.0,50.0,calibrated_model_probability,composite_is_explanation_index_not_predictive_rank
1195,ba_12027186,2025-09,굽네치킨&피자 청라1호점,굽네치킨,치킨,인천광역시,서구,0.112,Low Priority,36.01,36.01,Backlog,low_explanation_index,stability,model_probability,0.112,10,4.31550252780394,38.00094190355083,50.0,50.0,100.0,50.0,calibrated_model_probability,composite_is_explanation_index_not_predictive_rank
1196,ba_14619205,2025-09,굽네치킨&피자 신현원창점,굽네치킨,치킨,인천광역시,서구,0.112,Low Priority,35.99,35.99,Backlog,low_explanation_index,stability,model_probability,0.112,10,4.24934431198003,38.00094190355083,50.0,50.0,100.0,50.0,calibrated_model_probability,composite_is_explanation_index_not_predictive_rank
1197,ba_13056957,2025-09,굽네치킨 석남점,굽네치킨,치킨,인천광역시,서구,0.112,Low Priority,35.97,35.97,Backlog,low_explanation_index,stability,model_probability,0.112,10,4.19245635399514,38.00094190355083,50.0,50.0,100.0,50.0,calibrated_model_probability,composite_is_explanation_index_not_predictive_rank
1198,ba_14189925,2025-09,굽네피자 불광점,굽네치킨,피자,서울특별시,은평구,0.112,Low Priority,34.96,34.96,Backlog,low_explanation_index,stability,model_probability,0.112,10,3.64655554965976,38.054638276390776,50.0,50.0,100.0,27.500000000000004,calibrated_model_probability,composite_is_explanation_index_not_predictive_rank
1199,ba_14542191,2025-09,굽네피자 응암1호점,굽네치킨,피자,서울특별시,은평구,0.112,Low Priority,34.93,34.93,Backlog,low_explanation_index,stability,model_probability,0.112,10,3.5482106359535805,38.054638276390776,50.0,50.0,100.0,27.500000000000004,calibrated_model_probability,composite_is_explanation_index_not_predictive_rank
1200,ba_14189471,2025-09,굽네피자 등촌3동점,굽네치킨,피자,서울특별시,강서구,0.112,Low Priority,34.85,34.85,Backlog,low_explanation_index,stability,model_probability,0.112,10,3.28786481066258,38.054638276390776,50.0,50.0,100.0,27.500000000000004,calibrated_model_probability,composite_is_explanation_index_not_predictive_rank
1201,ba_14506800,2025-09,본죽&비빔밥 율전상률초점,본그룹,백반·죽·국수,경기도,수원시,0.112,Low Priority,33.79,33.79,Backlog,low_explanation_index;growth_alpha_direction_risk,stability,model_probability,0.112,10,8.27035826714595,10.03357852349053,73.68421052631578,50.0,98.29599171383184,50.0,calibrated_model_probability,composite_is_explanation_index_not_predictive_rank
1202,ba_14831112,2025-09,본죽&비빔밥 상봉역점,본그룹,백반·죽·국수,서울특별시,중랑구,0.112,Low Priority,31.94,31.94,Backlog,low_explanation_index;growth_alpha_direction_risk,stability,growth_alpha,0.112,10,10.362630736030413,1.1654740082230637,50.0,50.0,100.0,59.1337966437324,calibrated_model_probability,composite_is_explanation_index_not_predictive_rank
1203,ba_14841573,2025-09,본죽&비빔밥 왕십리점,본그룹,백반·죽·국수,서울특별시,성동구,0.112,Low Priority,31.73,31.73,Backlog,low_explanation_index;growth_alpha_direction_risk,stability,growth_alpha,0.112,10,9.84658416890461,1.1654740082230637,50.0,50.0,100.0,58.67572476335224,calibrated_model_probability,composite_is_explanation_index_not_predictive_rank
1204,ba_14831111,2025-09,본죽&비빔밥 상봉역점,본그룹,백반·죽·국수,서울특별시,중랑구,0.112,Low Priority,31.69,31.69,Backlog,low_explanation_index;growth_alpha_direction_risk,stability,growth_alpha,0.112,10,9.58299539244549,1.1654740082230637,50.0,50.0,100.0,59.1337966437324,calibrated_model_probability,composite_is_explanation_index_not_predictive_rank
1205,ba_14841574,2025-09,본죽&비빔밥 왕십리점,본그룹,백반·죽·국수,서울특별시,성동구,0.112,Low Priority,31.62,31.62,Backlog,low_explanation_index;growth_alpha_direction_risk,stability,growth_alpha,0.112,10,9.50505020572458,1.1654740082230637,50.0,50.0,100.0,58.67572476335224,calibrated_model_probability,composite_is_explanation_index_not_predictive_rank
1206,ba_14828692,2025-09,본죽&비빔밥 대림성모점,본그룹,백반·죽·국수,서울특별시,동작구,0.112,Low Priority,30.79,30.79,Backlog,low_explanation_index;growth_alpha_direction_risk,stability,growth_alpha,0.112,10,8.21688488712134,1.1654740082230637,50.0,50.0,100.0,54.421551501239215,calibrated_model_probability,composite_is_explanation_index_not_predictive_rank
1207,ba_14826413,2025-09,본죽&비빔밥 대림성모점,본그룹,백반·죽·국수,서울특별시,동작구,0.112,Low Priority,30.79,30.79,Backlog,low_explanation_index;growth_alpha_direction_risk,stability,growth_alpha,0.112,10,8.21688488712134,1.1654740082230637,50.0,50.0,100.0,54.421551501239215,calibrated_model_probability,composite_is_explanation_index_not_predictive_rank
1208,ba_14692056,2025-09,본죽&비빔밥 자양동점,본그룹,백반·죽·국수,서울특별시,광진구,0.112,Low Priority,30.77,30.77,Backlog,low_explanation_index;growth_alpha_direction_risk,stability,growth_alpha,0.112,10,8.24337151376094,1.1654740082230637,50.0,50.0,100.0,54.065473074812864,calibrated_model_probability,composite_is_explanation_index_not_predictive_rank
1209,ba_13207953,2025-09,본죽&비빔밥 자양동점,본그룹,백반·죽·국수,서울특별시,광진구,0.112,Low Priority,30.77,30.77,Backlog,low_explanation_index;growth_alpha_direction_risk,stability,growth_alpha,0.112,10,8.24337151376094,1.1654740082230637,50.0,50.0,100.0,54.065473074812864,calibrated_model_probability,composite_is_explanation_index_not_predictive_rank
1210,ba_14690560,2025-09,본죽 창원경상대학교병원점,본그룹,백반·죽·국수,경상남도,창원시,0.112,Low Priority,29.34,29.34,Backlog,low_explanation_index;growth_alpha_direction_risk,stability,model_probability,0.112,10,9.75972616631054,10.03357852349053,73.68421052631578,17.5,97.39176010945752,50.0,calibrated_model_probability,composite_is_explanation_index_not_predictive_rank
1211,ba_14780432,2025-09,본죽&비빔밥 경기광주태전힐스테이트점,본그룹,백반·죽·국수,경기도,광주시,0.112,Low Priority,29.33,29.33,Backlog,low_explanation_index;growth_alpha_direction_risk,stability,growth_alpha,0.112,10,12.32410880448326,1.1654740082230637,50.0,50.0,97.25269318978263,50.0,calibrated_model_probability,composite_is_explanation_index_not_predictive_rank
1212,ba_14528476,2025-09,본죽&비빔밥 인천박촌역점,본그룹,백반·죽·국수,인천광역시,계양구,0.112,Low Priority,29.03,29.03,Backlog,low_explanation_index;growth_alpha_direction_risk,stability,growth_alpha,0.112,10,11.1965136300554,1.1654740082230637,50.0,50.0,98.2183528172816,50.0,calibrated_model_probability,composite_is_explanation_index_not_predictive_rank
1213,ba_14812126,2025-09,본죽&비빔밥 가평설악점,본그룹,백반·죽·국수,경기도,가평군,0.112,Low Priority,28.31,28.31,Backlog,low_explanation_index;growth_alpha_direction_risk,stability,growth_alpha,0.112,10,8.614970447935711,1.1654740082230637,50.0,50.0,100.0,50.0,calibrated_model_probability,composite_is_explanation_index_not_predictive_rank
1214,ba_14691122,2025-09,본죽 부산기장점,본그룹,백반·죽·국수,부산광역시,기장군,0.112,Low Priority,28.14,28.14,Backlog,low_explanation_index;growth_alpha_direction_risk,stability,growth_alpha,0.112,10,8.131274607764551,1.1654740082230637,50.0,50.0,100.0,50.0,calibrated_model_probability,composite_is_explanation_index_not_predictive_rank
1215,ba_14691311,2025-09,본죽 경북왜관점,본그룹,백반·죽·국수,경상북도,칠곡군,0.112,Low Priority,28.04,28.04,Backlog,low_explanation_index;growth_alpha_direction_risk,stability,growth_alpha,0.112,10,7.8488050631263295,1.1654740082230637,50.0,50.0,100.0,50.0,calibrated_model_probability,composite_is_explanation_index_not_predictive_rank
1216,ba_14781731,2025-09,본죽&비빔밥 하남시청점,본그룹,백반·죽·국수,경기도,하남시,0.112,Low Priority,28.01,28.01,Backlog,low_explanation_index;growth_alpha_direction_risk,stability,growth_alpha,0.112,10,8.5367240790028,1.1654740082230637,50.0,50.0,97.33033208633287,50.0,calibrated_model_probability,composite_is_explanation_index_not_predictive_rank
1217,ba_14689893,2025-09,본죽 양산통도사점,본그룹,백반·죽·국수,경상남도,양산시,0.112,Low Priority,27.95,27.95,Backlog,low_explanation_index;growth_alpha_direction_risk,stability,growth_alpha,0.112,10,7.60474446535789,1.1654740082230637,50.0,50.0,100.0,50.0,calibrated_model_probability,composite_is_explanation_index_not_predictive_rank
1218,ba_14818313,2025-09,본죽&비빔밥 대전복수점,본그룹,백반·죽·국수,대전광역시,서구,0.112,Low Priority,27.87,27.87,Backlog,low_explanation_index;growth_alpha_direction_risk,stability,growth_alpha,0.112,10,7.37959860120487,1.1654740082230637,50.0,50.0,100.0,50.0,calibrated_model_probability,composite_is_explanation_index_not_predictive_rank
1219,ba_14818314,2025-09,본죽&비빔밥 대전복수점,본그룹,백반·죽·국수,대전광역시,서구,0.112,Low Priority,27.87,27.87,Backlog,low_explanation_index;growth_alpha_direction_risk,stability,growth_alpha,0.112,10,7.37646764091122,1.1654740082230637,50.0,50.0,100.0,50.0,calibrated_model_probability,composite_is_explanation_index_not_predictive_rank
1220,ba_14775582,2025-09,본죽&비빔밥 시흥배곧한라점,본그룹,백반·죽·국수,경기도,시흥시,0.112,Low Priority,27.85,27.85,Backlog,low_explanation_index;growth_alpha_direction_risk,stability,growth_alpha,0.112,10,8.25928111979355,1.1654740082230637,50.0,50.0,96.63093346768012,50.0,calibrated_model_probability,composite_is_explanation_index_not_predictive_rank
1221,ba_14801362,2025-09,본죽&비빔밥 청주지웰시티점,본그룹,백반·죽·국수,충청북도,청주시,0.112,Low Priority,27.83,27.83,Backlog,low_explanation_index;growth_alpha_direction_risk,stability,growth_alpha,0.112,10,7.25123136998714,1.1654740082230637,50.0,50.0,100.0,50.0,calibrated_model_probability,composite_is_explanation_index_not_predictive_rank
1222,ba_14691048,2025-09,본죽&비빔밥 진해자은점,본그룹,백반·죽·국수,경상남도,창원시,0.112,Low Priority,27.82,27.82,Backlog,low_explanation_index;growth_alpha_direction_risk,stability,growth_alpha,0.112,10,7.22352978985936,1.1654740082230637,50.0,50.0,100.0,50.0,calibrated_model_probability,composite_is_explanation_index_not_predictive_rank
1223,ba_14689760,2025-09,본죽&비빔밥 송도퍼스트파크점,본그룹,백반·죽·국수,인천광역시,연수구,0.112,Low Priority,27.64,27.64,Backlog,low_explanation_index;growth_alpha_direction_risk,stability,growth_alpha,0.112,10,6.69763404460533,1.1654740082230637,50.0,50.0,100.0,50.0,calibrated_model_probability,composite_is_explanation_index_not_predictive_rank
1224,ba_13237293,2025-09,본죽 의왕오전점,본그룹,백반·죽·국수,경기도,의왕시,0.112,Low Priority,26.8,26.8,Backlog,low_explanation_index;growth_alpha_direction_risk,stability,growth_alpha,0.112,10,12.70044199698122,2.643498817521405,29.82455263157895,50.0,97.25269318978263,50.0,calibrated_model_probability,composite_is_explanation_index_not_predictive_rank
1225,ba_14795563,2025-09,본죽&비빔밥 잠원역점,본그룹,백반·죽·국수,서울특별시,서초구,0.112,Low Priority,26.21,26.21,Backlog,low_explanation_index;growth_alpha_direction_risk,stability,growth_alpha,0.112,10,9.30615136957564,1.1654740082230637,50.0,17.5,97.0974153966822,51.65919038407204,calibrated_model_probability,composite_is_explanation_index_not_predictive_rank
1226,ba_13969607,2025-09,굽네피자 봉곡사림점,굽네치킨,피자,경상남도,창원시,0.112,Low Priority,26.1,26.1,Backlog,low_explanation_index,stability,model_probability,0.112,10,10.1892606457855,27.818628639643308,21.05263157894737,17.5,97.92500437362926,50.0,calibrated_model_probability,composite_is_explanation_index_not_predictive_rank
1227,ba_14582508,2025-09,본죽 안산월피동점,본그룹,백반·죽·국수,경기도,안산시,0.112,Low Priority,24.5,24.5,Backlog,low_explanation_index;growth_alpha_direction_risk,stability,growth_alpha,0.112,10,10.92381566065034,1.1654740082230637,21.05263157894737,50.0,97.25009626332243,50.0,calibrated_model_probability,composite_is_explanation_index_not_predictive_rank
1228,ba_13225754,2025-09,본죽&비빔밥 일산라페스타점,본그룹,백반·죽·국수,경기도,고양시,0.112,Low Priority,23.85,23.85,Backlog,low_explanation_index;growth_alpha_direction_risk,stability,growth_alpha,0.112,10,8.79124827180742,1.1654740082230637,21.05263157894737,50.0,98.22022139088858,50.0,calibrated_model_probability,composite_is_explanation_index_not_predictive_rank
1229,ba_13228647,2025-09,본죽 대전용운점,본그룹,백반·죽·국수,대전광역시,동구,0.112,Low Priority,23.13,23.13,Backlog,low_explanation_index;growth_alpha_direction_risk,stability,growth_alpha,0.112,10,11.12085470604818,0.056960943814629,14.473684210526317,50.0,95.56281165600645,50.0,calibrated_model_probability,composite_is_explanation_index_not_predictive_rank
1230,ba_14692291,2025-09,본죽 청주하복대점,본그룹,백반·죽·국수,충청북도,청주시,0.112,Low Priority,22.49,22.49,Backlog,low_explanation_index;growth_alpha_direction_risk,stability,growth_alpha,0.112,10,13.148871562274088,3.6042027499216194,35.52631578947369,17.5,90.31590799848264,50.0,calibrated_model_probability,composite_is_explanation_index_not_predictive_rank
1231,ba_14702120,2025-09,본죽&비빔밥 천안풍세점,본그룹,백반·죽·국수,충청남도,천안시,0.112,Low Priority,22.48,22.48,Backlog,low_explanation_index;growth_alpha_direction_risk,stability,growth_alpha,0.112,10,13.148496745101651,0.0,7.894736842105264,50.0,91.891018324685,50.0,calibrated_model_probability,composite_is_explanation_index_not_predictive_rank
1232,ba_14456827,2025-09,본죽&비빔밥 인천동암더샵점,본그룹,백반·죽·국수,인천광역시,부평구,0.112,Low Priority,21.86,21.86,Backlog,low_explanation_index;growth_alpha_direction_risk,stability,growth_alpha,0.112,10,9.36357352043849,0.0,7.894736842105264,50.0,99.03247179889406,50.0,calibrated_model_probability,composite_is_explanation_index_not_predictive_rank
1233,ba_14691834,2025-09,본죽 부산고신대병원점,본그룹,백반·죽·국수,부산광역시,서구,0.112,Low Priority,21.77,21.77,Backlog,low_explanation_index;growth_alpha_direction_risk,stability,growth_alpha,0.112,10,11.00361173772465,3.2119664872113387,33.198368421052635,17.5,95.09407580511596,50.0,calibrated_model_probability,composite_is_explanation_index_not_predictive_rank
1234,ba_14692383,2025-09,본죽&비빔밥 울산신정시장점,본그룹,백반·죽·국수,울산광역시,남구,0.112,Low Priority,21.51,21.51,Backlog,low_explanation_index;growth_alpha_direction_risk,stability,growth_alpha,0.112,10,13.373214643152153,2.322185220671974,27.91763157894737,17.5,94.3224829103818,50.0,calibrated_model_probability,composite_is_explanation_index_not_predictive_rank
1235,ba_13226546,2025-09,본죽&비빔밥 부산대학병원점,본그룹,백반·죽·국수,부산광역시,서구,0.112,Low Priority,21.38,21.38,Backlog,low_explanation_index;growth_alpha_direction_risk,stability,growth_alpha,0.112,10,11.87182573143323,0.0,0.0,50.0,97.25009626332243,50.0,calibrated_model_probability,composite_is_explanation_index_not_predictive_rank
1236,ba_14694287,2025-09,본죽&비빔밥 인사동점,본그룹,백반·죽·국수,서울특별시,종로구,0.112,Low Priority,21.17,21.17,Backlog,low_explanation_index;growth_alpha_direction_risk,stability,growth_alpha,0.112,10,7.94765641009806,0.0,7.894736842105264,17.5,96.37386074694318,65.6315756624292,calibrated_model_probability,composite_is_explanation_index_not_predictive_rank
1237,ba_14488495,2025-09,본죽&비빔밥 역촌점,본그룹,백반·죽·국수,서울특별시,은평구,0.112,Low Priority,20.68,20.68,Backlog,low_explanation_index;growth_alpha_direction_risk,stability,growth_alpha,0.112,10,7.26056200292885,0.056960943814629,14.473684210526317,17.5,95.31926120959166,54.80799525758504,calibrated_model_probability,composite_is_explanation_index_not_predictive_rank
1238,ba_13186079,2025-09,본죽 오산궐동점,본그룹,백반·죽·국수,경기도,오산시,0.112,Low Priority,20.51,20.51,Backlog,low_explanation_index;growth_alpha_direction_risk,stability,growth_alpha,0.112,10,8.84930405349671,0.0,0.0,50.0,99.11011069544428,50.0,calibrated_model_probability,composite_is_explanation_index_not_predictive_rank
1239,ba_13226670,2025-09,본죽 부산영도점,본그룹,백반·죽·국수,부산광역시,영도구,0.112,Low Priority,20.22,20.22,Backlog,low_explanation_index;growth_alpha_direction_risk,stability,growth_alpha,0.112,10,8.059457760965511,0.0,0.0,50.0,98.9724443409316,50.0,calibrated_model_probability,composite_is_explanation_index_not_predictive_rank
1240,ba_14435298,2025-09,본죽&비빔밥 인천부평나누리병원점,본그룹,백반·죽·국수,인천광역시,부평구,0.112,Low Priority,19.78,19.78,Backlog,low_explanation_index;growth_alpha_direction_risk,stability,growth_alpha,0.112,10,6.77188896349726,0.0,0.0,50.0,99.11011069544428,50.0,calibrated_model_probability,composite_is_explanation_index_not_predictive_rank
1241,ba_14693289,2025-09,본죽&비빔밥 천안쌍용3동점,본그룹,백반·죽·국수,충청남도,천안시,0.112,Low Priority,19.58,19.58,Backlog,low_explanation_index;growth_alpha_direction_risk,stability,growth_alpha,0.112,10,8.6933688288674,0.0,3.796368421052632,50.0,84.66392542448664,50.0,calibrated_model_probability,composite_is_explanation_index_not_predictive_rank
1242,ba_14691815,2025-09,본죽 부산다대점,본그룹,백반·죽·국수,부산광역시,사하구,0.112,Low Priority,19.41,19.41,Backlog,low_explanation_index;growth_alpha_direction_risk,stability,growth_alpha,0.112,10,11.8128031131289,1.1654740082230637,21.05263157894737,17.5,91.96538474608248,50.0,calibrated_model_probability,composite_is_explanation_index_not_predictive_rank
1243,ba_13227659,2025-09,본죽&비빔밥 부산괴정점,본그룹,백반·죽·국수,부산광역시,사하구,0.112,Low Priority,16.48,16.48,Backlog,low_explanation_index;growth_alpha_direction_risk,stability,growth_alpha,0.112,10,11.06174445917284,0.0,1.7543947368421062,17.5,97.1724573667722,50.0,calibrated_model_probability,composite_is_explanation_index_not_predictive_rank
1244,ba_14691861,2025-09,본죽&비빔밥 울산역금아드림점,본그룹,백반·죽·국수,울산광역시,울주군,0.112,Low Priority,16.33,16.33,Backlog,low_explanation_index;growth_alpha_direction_risk,stability,growth_alpha,0.112,10,7.796787791357119,0.0,7.894736842105264,17.5,97.94488868186316,50.0,calibrated_model_probability,composite_is_explanation_index_not_predictive_rank
1245,ba_13181719,2025-09,본죽&비빔밥 칠곡석적점,본그룹,백반·죽·국수,경상북도,칠곡군,0.112,Low Priority,16.24,16.24,Backlog,low_explanation_index;growth_alpha_direction_risk,stability,growth_alpha,0.112,10,10.58652646704199,0.0,1.315789473684212,17.5,97.0974153966822,50.0,calibrated_model_probability,composite_is_explanation_index_not_predictive_rank
1246,ba_13228874,2025-09,본죽&비빔밥 청주성안길점,본그룹,백반·죽·국수,충청북도,청주시,0.112,Low Priority,15.04,15.04,Backlog,low_explanation_index;growth_alpha_direction_risk,stability,growth_alpha,0.112,10,6.03135768667208,0.0,3.508763157894738,17.5,97.78961088876272,50.0,calibrated_model_probability,composite_is_explanation_index_not_predictive_rank
