platform_shop_id,year_month,shop_name,brand,category,sido,sigungu,experiment_group,final_growth_probability,probability_score,growth_alpha_score,review_growth_score,operation_score,stability_score,market_fit_score,gromong_score,grade,historical_internal_growth_alpha,historical_review_growth_3m,reply_rate,avg_reply_delay_hours,order_count,sales_amount,review_count,is_seoul_external,market_q4_avg_ticket,store_vs_market_ticket_ratio,reason_1,reason_2,reason_3
ba_13248384,2025-09,본죽&비빔밥 구리인창점,본그룹,백반·죽·국수,경기도,구리시,실험군,0.968667565308182,96.8667565308182,100.0,100.0,100.0,92.77216682331932,50.0,98.18,A,3.252224,5.0,1.0,16.03,57,1173800.0,1,0,,,브랜드·카테고리 평균 대비 초과 성장 신호가 강함,최근 리뷰 성장 흐름이 우수함,답글률과 응답속도 기준 운영 대응력이 우수함
ba_14689004,2025-09,본죽&비빔밥 산본학원가점,본그룹,백반·죽·국수,경기도,군포시,실험군,0.902457244085681,90.2457244085681,100.0,100.0,96.30495619241809,67.94166104656522,50.0,92.83,A,3.658348,6.727273,1.0,151.62,263,6785700.0,30,0,,,브랜드·카테고리 평균 대비 초과 성장 신호가 강함,최근 리뷰 성장 흐름이 우수함,답글률과 응답속도 기준 운영 대응력이 우수함
ba_14694390,2025-09,본죽&비빔밥 평택시청점,본그룹,백반·죽·국수,경기도,평택시,실험군,0.9688053400131862,96.88053400131862,97.39473934063538,100.0,98.83224604089621,39.9838151108264,50.0,92.08,A,2.512673,6.734177,0.99,45.48,617,15612400.0,200,0,,,브랜드·카테고리 평균 대비 초과 성장 신호가 강함,최근 리뷰 성장 흐름이 우수함,답글률과 응답속도 기준 운영 대응력이 우수함
ba_14756888,2025-09,본죽&비빔밥 창원대원점,본그룹,백반·죽·국수,경상남도,창원시,실험군,0.9326755449665516,93.26755449665515,100.0,100.0,98.21001296608632,44.0054451187881,50.0,91.78,A,3.817406,9.076923,1.0,87.98,445,8404500.0,18,0,,,브랜드·카테고리 평균 대비 초과 성장 신호가 강함,최근 리뷰 성장 흐름이 우수함,답글률과 응답속도 기준 운영 대응력이 우수함
ba_14692155,2025-09,본죽&비빔밥 해운대백병원점,본그룹,백반·죽·국수,부산광역시,해운대구,실험군,0.9461204724135877,94.61204724135877,100.0,100.0,97.50145398065692,39.81134886180272,50.0,91.72,A,2.95417,5.5,1.0,111.65,441,11358300.0,62,0,,,브랜드·카테고리 평균 대비 초과 성장 신호가 강함,최근 리뷰 성장 흐름이 우수함,답글률과 응답속도 기준 운영 대응력이 우수함
ba_14692232,2025-09,본죽 아산용화점,본그룹,백반·죽·국수,충청남도,아산시,실험군,0.8553397977728002,85.53397977728002,100.0,89.47368421052633,96.57227481260755,88.62840235373629,50.0,91.71,A,3.500368,2.6,1.0,142.69,155,3990400.0,6,0,,,브랜드·카테고리 평균 대비 초과 성장 신호가 강함,최근 리뷰 성장 흐름이 우수함,답글률과 응답속도 기준 운영 대응력이 우수함
ba_14692455,2025-09,본죽&비빔밥 천안신불당북부점,본그룹,백반·죽·국수,충청남도,천안시,실험군,0.914427150279979,91.4427150279979,92.55488262038301,100.0,97.26826114176825,65.34009033556018,50.0,91.27,A,2.294369,5.0,1.0,119.44,301,7169700.0,28,0,,,브랜드·카테고리 평균 대비 초과 성장 신호가 강함,최근 리뷰 성장 흐름이 우수함,답글률과 응답속도 기준 운영 대응력이 우수함
ba_14688738,2025-09,본죽&비빔밥 분당롯데점,본그룹,백반·죽·국수,경기도,성남시,실험군,0.8463820860447171,84.63820860447171,100.0,73.68421052631578,100.0,95.84636590407445,50.0,90.26,A,2.947045,2.0,1.0,20.28,8,187900.0,3,0,,,브랜드·카테고리 평균 대비 초과 성장 신호가 강함,최근 리뷰 성장 흐름이 우수함,답글률과 응답속도 기준 운영 대응력이 우수함
ba_13470236,2025-09,본죽&비빔밥 신제주점,본그룹,백반·죽·국수,제주특별자치도,제주시,실험군,0.7740091044799817,77.40091044799817,100.0,100.0,95.22011556580374,85.7293296019883,50.0,89.95,A,6.160326,15.0,1.0,187.86,64,1763400.0,3,0,,,브랜드·카테고리 평균 대비 초과 성장 신호가 강함,최근 리뷰 성장 흐름이 우수함,답글률과 응답속도 기준 운영 대응력이 우수함
ba_13223654,2025-09,본죽&비빔밥 고양행신역점,본그룹,백반·죽·국수,경기도,고양시,실험군,0.8454139332926321,84.54139332926322,95.71935486534977,100.0,96.24685202924383,69.01664199670587,50.0,89.86,A,2.437104,4.181818,0.963,73.22,138,2294400.0,27,0,,,브랜드·카테고리 평균 대비 초과 성장 신호가 강함,최근 리뷰 성장 흐름이 우수함,답글률과 응답속도 기준 운영 대응력이 우수함
ba_14462203,2025-09,본죽&비빔밥 동대구시장점,본그룹,백반·죽·국수,대구광역시,동구,실험군,0.8239567113211992,82.39567113211992,87.32797747856178,100.0,98.9488061963524,89.48882469324059,50.0,89.46,A,2.058607,5.5,1.0,63.3,144,3209000.0,5,0,,,브랜드·카테고리 평균 대비 초과 성장 신호가 강함,최근 리뷰 성장 흐름이 우수함,답글률과 응답속도 기준 운영 대응력이 우수함
ba_13219951,2025-09,본죽&비빔밥 순천연향점,본그룹,백반·죽·국수,전라남도,순천시,실험군,0.835288199259922,83.52881992599221,91.61067336238119,100.0,96.34057871851276,78.64986507395915,50.0,89.45,A,2.25178,11.2,1.0,150.43,108,2333000.0,13,0,,,브랜드·카테고리 평균 대비 초과 성장 신호가 강함,최근 리뷰 성장 흐름이 우수함,답글률과 응답속도 기준 운영 대응력이 우수함
ba_14690680,2025-09,본죽&비빔밥 김해율하2지구점,본그룹,백반·죽·국수,경상남도,김해시,실험군,0.9765919577383254,97.65919577383254,81.09478634713187,100.0,97.23922429276669,51.004231520302184,50.0,89.14,A,1.777456,3.0,1.0,120.41,643,16295500.0,40,0,,,브랜드·카테고리 평균 대비 초과 성장 신호가 강함,최근 리뷰 성장 흐름이 우수함,답글률과 응답속도 기준 운영 대응력이 우수함
ba_14691080,2025-09,본죽&비빔밥 대전유성온천역점,본그룹,백반·죽·국수,대전광역시,유성구,실험군,0.9921068502195304,99.21068502195304,80.98985450045497,100.0,96.22802351001194,46.151935767339445,50.0,89.02,A,1.772723,6.277778,1.0,154.19,865,20759900.0,37,0,,,브랜드·카테고리 평균 대비 초과 성장 신호가 강함,최근 리뷰 성장 흐름이 우수함,답글률과 응답속도 기준 운영 대응력이 우수함
ba_14690155,2025-09,본죽&비빔밥 김포걸포점,본그룹,백반·죽·국수,경기도,김포시,실험군,0.9172729463985956,91.72729463985956,100.0,86.8421052631579,73.50611321206564,73.35956107509405,50.0,88.49,A,3.667783,2.5,0.7692,412.08,310,8100800.0,13,0,,,브랜드·카테고리 평균 대비 초과 성장 신호가 강함,최근 리뷰 성장 흐름이 우수함,답글률과 응답속도 기준 운영 대응력이 우수함
ba_14691093,2025-09,본죽&비빔밥 대전노은점,본그룹,백반·죽·국수,대전광역시,유성구,실험군,0.9532148291539462,95.32148291539461,68.91963263655344,100.0,97.94987872090755,81.53126399947459,50.0,88.44,A,1.22829,3.272727,1.0,96.67,447,11194900.0,21,0,,,최근 리뷰 성장 흐름이 우수함,답글률과 응답속도 기준 운영 대응력이 우수함,주문·리뷰 변동성이 낮아 안정성이 높음
ba_14691989,2025-09,본죽&비빔밥 여천신동아점,본그룹,백반·죽·국수,전라남도,여수시,실험군,0.9650839107041976,96.50839107041976,100.0,59.06431578947369,98.3854314559307,60.01450772663307,50.0,88.4,A,4.090642,1.444444,1.0,82.12,514,11563100.0,21,0,,,브랜드·카테고리 평균 대비 초과 성장 신호가 강함,월 리뷰 수가 전체 매장 상위권에 속함,답글률과 응답속도 기준 운영 대응력이 우수함
ba_14689003,2025-09,본죽&비빔밥 구리인창점,본그룹,백반·죽·국수,경기도,구리시,실험군,0.9142571787093275,91.42571787093276,93.33070874390118,69.63563157894738,97.69303731427536,77.26229303085596,50.0,88.16,A,2.329363,1.846154,1.0,105.25,273,7152500.0,19,0,,,브랜드·카테고리 평균 대비 초과 성장 신호가 강함,월 리뷰 수가 전체 매장 상위권에 속함,답글률과 응답속도 기준 운영 대응력이 우수함
ba_14689953,2025-09,본죽&비빔밥 양주고읍점,본그룹,백반·죽·국수,경기도,양주시,실험군,0.919323047140876,91.93230471408759,92.48642085352515,66.37426315789475,96.87222246930389,81.66086344523086,50.0,87.95,A,2.291281,1.722222,1.0,132.67,298,7026000.0,20,0,,,브랜드·카테고리 평균 대비 초과 성장 신호가 강함,월 리뷰 수가 전체 매장 상위권에 속함,답글률과 응답속도 기준 운영 대응력이 우수함
ba_14766686,2025-09,굽네치킨 운정2호점,굽네치킨,피자,경기도,파주시,실험군,0.9941542016371898,99.41542016371898,100.0,100.0,87.21410866367204,0.0,50.0,87.88,A,40.43611,203.0,0.8881,212.33,1186,33335220.0,143,0,,,브랜드·카테고리 평균 대비 초과 성장 신호가 강함,최근 리뷰 성장 흐름이 우수함,답글률과 응답속도 기준 운영 대응력이 우수함
ba_14690630,2025-09,본죽&비빔밥 포항창포점,본그룹,백반·죽·국수,경상북도,포항시,실험군,0.8934510689787001,89.34510689787001,84.36157434794353,84.21052631578948,97.89629525728614,81.8637470972167,50.0,87.86,A,1.924806,2.4,1.0,98.46,281,7021300.0,16,0,,,브랜드·카테고리 평균 대비 초과 성장 신호가 강함,최근 리뷰 성장 흐름이 우수함,답글률과 응답속도 기준 운영 대응력이 우수함
ba_14746052,2025-09,본죽&비빔밥 포항두호점,본그룹,백반·죽·국수,경상북도,포항시,실험군,0.927118304362328,92.7118304362328,94.31928069474063,73.68421052631578,89.73499030109375,72.12301300968483,50.0,87.75,A,2.373953,2.0,0.96,284.24,388,10098900.0,25,0,,,브랜드·카테고리 평균 대비 초과 성장 신호가 강함,최근 리뷰 성장 흐름이 우수함,답글률과 응답속도 기준 운영 대응력이 우수함
ba_14690722,2025-09,본죽&비빔밥 광주월곡점,본그룹,백반·죽·국수,광주광역시,광산구,실험군,0.8595005243315099,85.95005243315099,88.06059376282931,82.45613157894738,95.00129147693644,87.9177202437468,50.0,87.51,A,2.091652,2.333333,1.0,195.17,190,4271800.0,11,0,,,브랜드·카테고리 평균 대비 초과 성장 신호가 강함,최근 리뷰 성장 흐름이 우수함,답글률과 응답속도 기준 운영 대응력이 우수함
ba_14691298,2025-09,본죽&비빔밥 대전전민동점,본그룹,백반·죽·국수,대전광역시,유성구,실험군,0.9275487843463044,92.75487843463044,76.74243150234503,100.0,97.24640866777739,59.70400148827807,50.0,87.21,A,1.581141,3.571429,1.0,120.17,345,8813600.0,18,0,,,브랜드·카테고리 평균 대비 초과 성장 신호가 강함,최근 리뷰 성장 흐름이 우수함,답글률과 응답속도 기준 운영 대응력이 우수함
ba_14758255,2025-09,굽네치킨&피자 대구송현점,굽네치킨,치킨,대구광역시,달서구,실험군,0.7634528086941503,76.34528086941503,100.0,100.0,91.94374121196985,66.48066239645664,50.0,87.16,A,3.125269,13.0,1.0,297.31,290,7356500.0,13,0,,,브랜드·카테고리 평균 대비 초과 성장 신호가 강함,최근 리뷰 성장 흐름이 우수함,답글률과 응답속도 기준 운영 대응력이 우수함
ba_14691001,2025-09,본죽&비빔밥 광주연제점,본그룹,백반·죽·국수,광주광역시,북구,실험군,0.8070558433197177,80.70558433197176,100.0,73.68421052631578,91.8440580086965,86.59039383870022,50.0,86.74,A,2.957463,2.0,1.0,300.64,131,3498300.0,11,0,,,브랜드·카테고리 평균 대비 초과 성장 신호가 강함,최근 리뷰 성장 흐름이 우수함,답글률과 응답속도 기준 운영 대응력이 우수함
ba_14356032,2025-09,본죽&비빔밥 양평용문점,본그룹,백반·죽·국수,경기도,양평군,실험군,0.7918132972301797,79.18132972301797,84.93135006304946,86.8421052631579,99.95312195305524,95.85723759760748,50.0,86.55,A,1.950506,2.5,1.0,29.75,44,1152000.0,3,0,,,브랜드·카테고리 평균 대비 초과 성장 신호가 강함,최근 리뷰 성장 흐름이 우수함,답글률과 응답속도 기준 운영 대응력이 우수함
ba_14692116,2025-09,본죽&비빔밥 부산수영점,본그룹,백반·죽·국수,부산광역시,수영구,실험군,0.991586963588438,99.1586963588438,79.78541071545264,89.66165789473686,97.14193588116359,32.705243793466174,50.0,85.94,A,1.718396,2.607143,1.0,123.66,871,22082800.0,43,0,,,브랜드·카테고리 평균 대비 초과 성장 신호가 강함,최근 리뷰 성장 흐름이 우수함,답글률과 응답속도 기준 운영 대응력이 우수함
ba_14691999,2025-09,본죽&비빔밥 부산동래점,본그룹,백반·죽·국수,부산광역시,동래구,실험군,0.9115103984220428,91.15103984220428,100.0,47.36842105263158,97.50923705358517,71.89447899445645,50.0,85.82,A,2.7037,1.0,1.0,111.39,309,7798000.0,19,0,,,브랜드·카테고리 평균 대비 초과 성장 신호가 강함,월 리뷰 수가 전체 매장 상위권에 속함,답글률과 응답속도 기준 운영 대응력이 우수함
ba_14690712,2025-09,본죽&비빔밥 광주운남점,본그룹,백반·죽·국수,광주광역시,광산구,실험군,0.924442270926494,92.4442270926494,100.0,41.82826315789474,96.14450515051266,77.14374873454618,50.0,85.77,A,2.631267,0.789474,1.0,156.98,356,7902700.0,17,0,,,브랜드·카테고리 평균 대비 초과 성장 신호가 강함,월 리뷰 수가 전체 매장 상위권에 속함,답글률과 응답속도 기준 운영 대응력이 우수함
ba_14690983,2025-09,본죽&비빔밥 대전송촌점,본그룹,백반·죽·국수,대전광역시,대덕구,실험군,0.968662868890466,96.8662868890466,79.07006506472858,90.82007894736843,93.54403926260943,42.67167775960406,50.0,85.59,A,1.68613,2.651163,0.9857,212.8,543,13744200.0,70,0,,,브랜드·카테고리 평균 대비 초과 성장 신호가 강함,최근 리뷰 성장 흐름이 우수함,답글률과 응답속도 기준 운영 대응력이 우수함
ba_13228675,2025-09,본죽&비빔밥 대전전민동점,본그룹,백반·죽·국수,대전광역시,유성구,실험군,0.8232859190741899,82.328591907419,73.56297216074749,100.0,97.29879473556369,87.19431236600033,50.0,85.52,A,1.43773,7.333333,1.0,118.42,90,1760600.0,2,0,,,브랜드·카테고리 평균 대비 초과 성장 신호가 강함,최근 리뷰 성장 흐름이 우수함,답글률과 응답속도 기준 운영 대응력이 우수함
ba_14688100,2025-09,본죽 구리수택점,본그룹,백반·죽·국수,경기도,구리시,실험군,0.959254957303889,95.9254957303889,100.0,42.25147368421053,93.77363093181344,63.92409534718278,50.0,85.37,A,3.112735,0.805556,0.963,155.84,485,11810900.0,27,0,,,브랜드·카테고리 평균 대비 초과 성장 신호가 강함,월 리뷰 수가 전체 매장 상위권에 속함,답글률과 응답속도 기준 운영 대응력이 우수함
ba_14690689,2025-09,본죽&비빔밥 광주신창점,본그룹,백반·죽·국수,광주광역시,광산구,실험군,0.9454475333703976,94.54475333703975,100.0,46.35626315789474,97.41134994406451,56.98150999680978,50.0,85.35,A,7.671147,0.961538,1.0,114.66,479,10560800.0,23,0,,,브랜드·카테고리 평균 대비 초과 성장 신호가 강함,월 리뷰 수가 전체 매장 상위권에 속함,답글률과 응답속도 기준 운영 대응력이 우수함
ba_13231481,2025-09,본죽&비빔밥 광명소하지구점,본그룹,백반·죽·국수,경기도,광명시,실험군,0.8155284297655341,81.5528429765534,100.0,50.292394736842105,98.71381726371104,90.02646208770855,50.0,84.9,A,4.261171,1.111111,1.0,71.15,66,1156400.0,9,0,,,브랜드·카테고리 평균 대비 초과 성장 신호가 강함,답글률과 응답속도 기준 운영 대응력이 우수함,주문·리뷰 변동성이 낮아 안정성이 높음
ba_14757543,2025-09,굽네치킨&피자 동두천중앙점,굽네치킨,치킨,경기도,동두천시,실험군,0.8051729913131777,80.51729913131777,100.0,100.0,88.5379077509143,33.734680816567135,50.0,84.84,A,3.225875,3.807692,0.9219,241.5,518,15041200.0,64,0,,,브랜드·카테고리 평균 대비 초과 성장 신호가 강함,최근 리뷰 성장 흐름이 우수함,답글률과 응답속도 기준 운영 대응력이 우수함
ba_13231157,2025-09,본죽 수원인계점,본그룹,백반·죽·국수,경기도,수원시,실험군,0.7975402197335981,79.75402197335981,83.29170404896037,86.8421052631579,89.17476334326602,96.0263781371552,50.0,84.74,A,1.876549,2.5,1.0,389.81,32,603700.0,1,0,,,브랜드·카테고리 평균 대비 초과 성장 신호가 강함,최근 리뷰 성장 흐름이 우수함,답글률과 응답속도 기준 운영 대응력이 우수함
ba_14691062,2025-09,본죽&비빔밥 광주염주화정점,본그룹,백반·죽·국수,광주광역시,서구,실험군,0.9690481854835886,96.90481854835886,99.03937366351431,35.77163157894737,97.23473405838502,60.40388153172634,50.0,84.67,A,2.586855,0.559322,1.0,120.56,518,13249400.0,24,0,,,브랜드·카테고리 평균 대비 초과 성장 신호가 강함,월 리뷰 수가 전체 매장 상위권에 속함,답글률과 응답속도 기준 운영 대응력이 우수함
ba_13683573,2025-09,본죽&비빔밥 제주아라점,본그룹,백반·죽·국수,제주특별자치도,제주시,실험군,0.9608219917408176,96.08219917408177,60.07522813060303,99.02534210526316,96.90724629748101,64.79178729684094,50.0,84.52,A,0.829359,2.962963,1.0,131.5,657,15485100.0,34,0,,,최근 리뷰 성장 흐름이 우수함,답글률과 응답속도 기준 운영 대응력이 우수함,
ba_14335138,2025-09,굽네치킨&피자 대전비래가양점,굽네치킨,치킨,대전광역시,동구,실험군,0.6484906269160196,64.84906269160196,100.0,100.0,98.50696713319489,70.44596268615845,50.0,84.52,A,6.248925,26.0,1.0,78.06,164,5075700.0,9,0,,,브랜드·카테고리 평균 대비 초과 성장 신호가 강함,최근 리뷰 성장 흐름이 우수함,답글률과 응답속도 기준 운영 대응력이 우수함
ba_14691173,2025-09,본죽&비빔밥 대구복현동점,본그룹,백반·죽·국수,대구광역시,북구,실험군,0.8649931643677057,86.49931643677057,100.0,69.29823684210528,81.76241100783096,65.0860572738845,50.0,84.44,A,15.366069,1.833333,0.8,203.15,261,6515700.0,10,0,,,브랜드·카테고리 평균 대비 초과 성장 신호가 강함,답글률과 응답속도 기준 운영 대응력이 우수함,
ba_14692242,2025-09,본죽&비빔밥 천안쌍용이마트점,본그룹,백반·죽·국수,충청남도,천안시,실험군,0.9879571371159122,98.79571371159122,77.82394118850448,88.42105263157896,97.19312455311476,24.66694649478775,50.0,84.34,A,1.629923,2.56,1.0,121.95,735,17286000.0,27,0,,,브랜드·카테고리 평균 대비 초과 성장 신호가 강함,최근 리뷰 성장 흐름이 우수함,답글률과 응답속도 기준 운영 대응력이 우수함
ba_13235500,2025-09,본죽 의정부회룡역점,본그룹,백반·죽·국수,경기도,의정부시,실험군,0.7741377659720472,77.41377659720472,100.0,50.0,100.0,97.24284648197316,50.0,84.32,A,13.83399,,1.0,9.11,15,259900.0,1,0,,,브랜드·카테고리 평균 대비 초과 성장 신호가 강함,답글률과 응답속도 기준 운영 대응력이 우수함,주문·리뷰 변동성이 낮아 안정성이 높음
ba_14691120,2025-09,본죽&비빔밥 대구북구청점,본그룹,백반·죽·국수,대구광역시,북구,실험군,0.8185709564717836,81.85709564717835,70.8400428395959,100.0,96.00440983780418,84.92206188340944,50.0,84.25,A,1.314911,4.0,1.0,161.66,108,2781300.0,20,0,,,브랜드·카테고리 평균 대비 초과 성장 신호가 강함,최근 리뷰 성장 흐름이 우수함,답글률과 응답속도 기준 운영 대응력이 우수함
ba_14743732,2025-09,본죽&비빔밥 인천오류왕길점,본그룹,백반·죽·국수,인천광역시,서구,실험군,0.8291764529568267,82.91764529568268,100.0,61.30031578947369,88.2557963007311,77.79608341792142,50.0,84.23,A,2.682344,1.529412,0.8333,58.54,133,3437200.0,6,0,,,브랜드·카테고리 평균 대비 초과 성장 신호가 강함,답글률과 응답속도 기준 운영 대응력이 우수함,주문·리뷰 변동성이 낮아 안정성이 높음
ba_14688602,2025-09,본죽&비빔밥 남양주덕소점,본그룹,백반·죽·국수,경기도,남양주시,실험군,0.9104418636269396,91.04418636269396,83.8137250212516,56.65634210526317,96.63453939603353,84.01652653813363,50.0,84.21,A,1.900095,1.352941,1.0,140.61,262,6606900.0,14,0,,,브랜드·카테고리 평균 대비 초과 성장 신호가 강함,월 리뷰 수가 전체 매장 상위권에 속함,답글률과 응답속도 기준 운영 대응력이 우수함
ba_14689448,2025-09,본죽&비빔밥 이천점,본그룹,백반·죽·국수,경기도,이천시,실험군,0.9897063035103634,98.97063035103633,63.661001850828846,100.0,83.98015514315722,60.62006060148568,50.0,84.21,A,0.991097,3.310345,0.8889,322.1,782,20976900.0,27,0,,,최근 리뷰 성장 흐름이 우수함,답글률과 응답속도 기준 운영 대응력이 우수함,
ba_14689809,2025-09,본죽&비빔밥 안성당왕점,본그룹,백반·죽·국수,경기도,안성시,실험군,0.9496417616839088,94.96417616839088,65.47131453631427,89.70252631578947,97.79511530921891,64.4410548359246,50.0,84.17,A,1.072752,2.608696,1.0,101.84,382,10187900.0,21,0,,,최근 리뷰 성장 흐름이 우수함,답글률과 응답속도 기준 운영 대응력이 우수함,
ba_14690057,2025-09,본죽앤비빔밥 인천검단점,본그룹,백반·죽·국수,인천광역시,서구,실험군,0.964361301533406,96.4361301533406,100.0,54.54544736842105,74.71050384877233,59.57547016035505,50.0,84.1,A,3.786265,1.272727,0.6667,149.28,619,13868500.0,18,0,,,브랜드·카테고리 평균 대비 초과 성장 신호가 강함,월 리뷰 수가 전체 매장 상위권에 속함,답글률과 응답속도 기준 운영 대응력이 우수함
ba_14742705,2025-09,본죽&비빔밥 청주개신점,본그룹,백반·죽·국수,충청북도,청주시,실험군,0.9076309239295072,90.76309239295071,100.0,43.85965789473684,92.67216348558506,68.40849670751528,50.0,84.09,A,5.930254,0.866667,0.9286,117.94,297,8268600.0,14,0,,,브랜드·카테고리 평균 대비 초과 성장 신호가 강함,월 리뷰 수가 전체 매장 상위권에 속함,답글률과 응답속도 기준 운영 대응력이 우수함
ba_14691909,2025-09,본죽&비빔밥 부산정관모전점,본그룹,백반·죽·국수,부산광역시,기장군,실험군,0.8572085053917373,85.72085053917374,63.56491593840592,100.0,97.14463002179261,86.1455646153253,50.0,84.08,A,0.986763,3.0,1.0,123.57,196,4971500.0,9,0,,,최근 리뷰 성장 흐름이 우수함,답글률과 응답속도 기준 운영 대응력이 우수함,주문·리뷰 변동성이 낮아 안정성이 높음
ba_13235557,2025-09,본죽 도봉동점,본그룹,백반·죽·국수,서울특별시,도봉구,실험군,0.926272824351325,92.6272824351325,86.32996099641358,100.0,96.98208353717573,96.37945306813161,1.3417190775681356,84.0,A,2.013591,6.0,1.0,129.0,15,246200.0,1,1,29258.99,0.561,브랜드·카테고리 평균 대비 초과 성장 신호가 강함,최근 리뷰 성장 흐름이 우수함,답글률과 응답속도 기준 운영 대응력이 우수함
ba_14690587,2025-09,본죽&비빔밥 포항법원점,본그룹,백반·죽·국수,경상북도,포항시,실험군,0.9590848356673132,95.90848356673132,65.41917008176449,85.38010526315789,93.17496347942702,72.56792434558852,50.0,83.96,A,1.0704,2.444444,1.0,256.18,505,12628100.0,31,0,,,최근 리뷰 성장 흐름이 우수함,답글률과 응답속도 기준 운영 대응력이 우수함,주문·리뷰 변동성이 낮아 안정성이 높음
ba_14689382,2025-09,본죽&비빔밥 수원권선시장점,본그룹,백반·죽·국수,경기도,수원시,실험군,0.9412208580712348,94.12208580712348,92.47303001570708,40.789473684210535,95.64908262373375,71.94689537308648,50.0,83.72,A,2.290677,0.75,1.0,173.53,405,9351700.0,14,0,,,브랜드·카테고리 평균 대비 초과 성장 신호가 강함,월 리뷰 수가 전체 매장 상위권에 속함,답글률과 응답속도 기준 운영 대응력이 우수함
ba_14757711,2025-09,굽네치킨&피자 칠금문화점,굽네치킨,치킨,충청북도,충주시,실험군,0.7392534324260336,73.92534324260336,100.0,100.0,70.89437429225353,69.05523868770729,50.0,83.41,A,3.425343,3.3,0.6,131.93,395,11473400.0,10,0,,,브랜드·카테고리 평균 대비 초과 성장 신호가 강함,최근 리뷰 성장 흐름이 우수함,답글률과 응답속도 기준 운영 대응력이 우수함
ba_14692118,2025-09,본죽&비빔밥 여수소호점,본그룹,백반·죽·국수,전라남도,여수시,실험군,0.8698379290821808,86.98379290821808,59.62940634635924,100.0,97.80140163735328,83.74820731372408,50.0,83.4,A,0.80925,3.0,1.0,101.63,171,3835100.0,7,0,,,최근 리뷰 성장 흐름이 우수함,답글률과 응답속도 기준 운영 대응력이 우수함,주문·리뷰 변동성이 낮아 안정성이 높음
ba_14727030,2025-09,본죽&비빔밥 부산명장역점,본그룹,백반·죽·국수,부산광역시,동래구,실험군,0.9161436003367518,91.61436003367518,100.0,31.46928947368421,94.25561322061847,73.24053614913053,50.0,83.25,A,3.098522,0.395833,1.0,220.08,318,7636700.0,21,0,,,브랜드·카테고리 평균 대비 초과 성장 신호가 강함,월 리뷰 수가 전체 매장 상위권에 속함,답글률과 응답속도 기준 운영 대응력이 우수함
ba_14692258,2025-09,본죽 천안쌍용1동점,본그룹,백반·죽·국수,충청남도,천안시,실험군,0.9098266129637234,90.98266129637234,77.23780382056789,56.93778947368422,100.0,82.96358822728874,50.0,82.99,A,1.603485,1.363636,1.0,12.33,261,5732100.0,6,0,,,브랜드·카테고리 평균 대비 초과 성장 신호가 강함,답글률과 응답속도 기준 운영 대응력이 우수함,주문·리뷰 변동성이 낮아 안정성이 높음
ba_14688557,2025-09,본죽 보정동단국대점,본그룹,백반·죽·국수,경기도,용인시,실험군,0.8852184955283556,88.52184955283556,75.77554206704544,61.98831578947369,99.33107481671291,87.70432371196235,50.0,82.89,A,1.537529,1.555556,1.0,50.53,153,3819900.0,5,0,,,브랜드·카테고리 평균 대비 초과 성장 신호가 강함,답글률과 응답속도 기준 운영 대응력이 우수함,주문·리뷰 변동성이 낮아 안정성이 높음
ba_14689904,2025-09,본죽&비빔밥 안양호계포도원점,본그룹,백반·죽·국수,경기도,안양시,실험군,0.8940995803182936,89.40995803182936,80.73859892927615,54.38597368421052,98.87217286290502,83.80609568258708,50.0,82.85,A,1.76139,1.266667,1.0,65.86,237,6179800.0,16,0,,,브랜드·카테고리 평균 대비 초과 성장 신호가 강함,월 리뷰 수가 전체 매장 상위권에 속함,답글률과 응답속도 기준 운영 대응력이 우수함
ba_14689854,2025-09,본죽&비빔밥 인천간석홈플러스앞점,본그룹,백반·죽·국수,인천광역시,남동구,실험군,0.979972528788802,97.9972528788802,87.34263202127326,58.142,97.44936726182942,33.329409835719716,50.0,82.81,A,2.059268,1.409396,1.0,113.39,776,17549600.0,115,0,,,브랜드·카테고리 평균 대비 초과 성장 신호가 강함,월 리뷰 수가 전체 매장 상위권에 속함,답글률과 응답속도 기준 운영 대응력이 우수함
ba_14689573,2025-09,본죽&비빔밥 시흥목감역점,본그룹,백반·죽·국수,경기도,시흥시,실험군,0.94972723158198,94.97272315819801,85.78512682525682,42.58373684210526,96.14285411271258,73.07190042340898,50.0,82.8,A,1.989016,0.818182,0.96,70.18,425,9870900.0,25,0,,,브랜드·카테고리 평균 대비 초과 성장 신호가 강함,월 리뷰 수가 전체 매장 상위권에 속함,답글률과 응답속도 기준 운영 대응력이 우수함
ba_14689645,2025-09,본죽&비빔밥 병점복합타운점,본그룹,백반·죽·국수,경기도,화성시,실험군,0.9505817134384074,95.05817134384074,100.0,43.60902631578948,76.90952090653127,63.99383978860381,50.0,82.75,A,5.567118,0.857143,0.6957,138.79,461,11860200.0,23,0,,,브랜드·카테고리 평균 대비 초과 성장 신호가 강함,월 리뷰 수가 전체 매장 상위권에 속함,답글률과 응답속도 기준 운영 대응력이 우수함
ba_14689875,2025-09,본죽 양산물금증산점,본그룹,백반·죽·국수,경상남도,양산시,통제군,0.979518714022082,97.9518714022082,90.1257757720835,42.53492105263158,97.13205736552389,49.793407605492824,50.0,82.74,A,2.184803,0.816327,1.0,123.99,848,20949300.0,24,0,,,브랜드·카테고리 평균 대비 초과 성장 신호가 강함,월 리뷰 수가 전체 매장 상위권에 속함,답글률과 응답속도 기준 운영 대응력이 우수함
ba_14687344,2025-09,본죽&비빔밥 쌍문점,본그룹,백반·죽·국수,서울특별시,도봉구,실험군,0.9778522973780596,97.78522973780596,100.0,100.0,97.41584017844619,7.657043059724407,19.035639412997902,82.55,A,4.272854,4.176471,1.0,114.51,1167,26358600.0,66,1,29258.99,0.772,브랜드·카테고리 평균 대비 초과 성장 신호가 강함,최근 리뷰 성장 흐름이 우수함,답글률과 응답속도 기준 운영 대응력이 우수함
ba_14459736,2025-09,굽네치킨,굽네치킨,치킨,경기도,남양주시,실험군,0.6469352119347559,64.69352119347559,100.0,100.0,72.45610684020923,90.25723401890403,50.0,82.54,A,2.765138,8.0,0.6667,224.59,160,5232200.0,3,0,,,브랜드·카테고리 평균 대비 초과 성장 신호가 강함,최근 리뷰 성장 흐름이 우수함,답글률과 응답속도 기준 운영 대응력이 우수함
ba_13222170,2025-09,본죽&비빔밥 전북김제점,본그룹,백반·죽·국수,전북특별자치도,김제시,실험군,0.9239526061827504,92.39526061827505,62.1166436197563,78.26086842105265,97.1009250738109,82.73176870895009,50.0,82.44,A,0.921438,2.173913,1.0,125.03,389,8427400.0,21,0,,,최근 리뷰 성장 흐름이 우수함,답글률과 응답속도 기준 운영 대응력이 우수함,주문·리뷰 변동성이 낮아 안정성이 높음
ba_14689886,2025-09,본죽&비빔밥 안양호계사거리점,본그룹,백반·죽·국수,경기도,안양시,실험군,0.912574307934772,91.2574307934772,100.0,41.52047368421052,79.98550723398141,70.49270545913683,50.0,82.22,A,5.632214,0.777778,0.75,153.94,352,9325900.0,12,0,,,브랜드·카테고리 평균 대비 초과 성장 신호가 강함,답글률과 응답속도 기준 운영 대응력이 우수함,주문·리뷰 변동성이 낮아 안정성이 높음
ba_14688860,2025-09,본죽&비빔밥 수색DMC점,본그룹,백반·죽·국수,서울특별시,은평구,실험군,0.9251015523156813,92.51015523156812,100.0,73.68421052631578,96.92221374541995,55.070792911732084,23.966457023060794,82.03,A,3.844739,2.0,1.0,131.0,430,11283900.0,19,1,31584.09,0.8308,브랜드·카테고리 평균 대비 초과 성장 신호가 강함,최근 리뷰 성장 흐름이 우수함,답글률과 응답속도 기준 운영 대응력이 우수함
ba_14689766,2025-09,본죽&비빔밥 인천신포동점,본그룹,백반·죽·국수,인천광역시,중구,실험군,0.9177659479228716,91.77659479228716,82.067639582718,51.7543947368421,97.0021399174139,69.91317109188523,50.0,81.94,A,1.821337,1.166667,1.0,128.33,374,8755400.0,36,0,,,브랜드·카테고리 평균 대비 초과 성장 신호가 강함,월 리뷰 수가 전체 매장 상위권에 속함,답글률과 응답속도 기준 운영 대응력이 우수함
ba_14690110,2025-09,본죽&비빔밥 신봉초교점,본그룹,백반·죽·국수,경기도,용인시,실험군,0.8885477094684981,88.85477094684981,83.24046857512342,47.36842105263158,97.22814838129189,83.22206386767303,50.0,81.92,A,1.874238,1.0,1.0,120.78,226,6208800.0,3,0,,,브랜드·카테고리 평균 대비 초과 성장 신호가 강함,답글률과 응답속도 기준 운영 대응력이 우수함,주문·리뷰 변동성이 낮아 안정성이 높음
ba_14688094,2025-09,본죽 군포지샘병원점,본그룹,백반·죽·국수,경기도,군포시,실험군,0.896742752657127,89.6742752657127,81.66416299753462,40.789473684210535,99.43015932206868,89.68279493828717,50.0,81.8,A,1.803138,0.75,1.0,47.22,195,4669500.0,9,0,,,브랜드·카테고리 평균 대비 초과 성장 신호가 강함,답글률과 응답속도 기준 운영 대응력이 우수함,주문·리뷰 변동성이 낮아 안정성이 높음
ba_14694148,2025-09,본죽 통영점,본그룹,백반·죽·국수,경상남도,통영시,실험군,0.932907889474081,93.2907889474081,73.75940067576066,51.7543947368421,98.2881430443276,80.99744487256629,50.0,81.7,A,1.44659,1.166667,1.0,85.37,349,8865300.0,10,0,,,브랜드·카테고리 평균 대비 초과 성장 신호가 강함,답글률과 응답속도 기준 운영 대응력이 우수함,주문·리뷰 변동성이 낮아 안정성이 높음
ba_14689481,2025-09,본죽&비빔밥 파주운정해오름점,본그룹,백반·죽·국수,경기도,파주시,실험군,0.9421533640050356,94.21533640050356,77.08762247060183,46.59442105263159,96.41721205196013,76.87411475185063,50.0,81.39,A,1.596711,0.970588,1.0,147.87,382,8579300.0,22,0,,,브랜드·카테고리 평균 대비 초과 성장 신호가 강함,월 리뷰 수가 전체 매장 상위권에 속함,답글률과 응답속도 기준 운영 대응력이 우수함
ba_14691958,2025-09,본죽&비빔밥 부산내성교차로점,본그룹,백반·죽·국수,부산광역시,동래구,실험군,0.9077785181339334,90.77785181339334,97.20870867816636,25.239236842105267,90.40579251867082,76.40201307736005,50.0,81.06,A,2.504282,0.159091,0.9286,193.65,323,8129400.0,14,0,,,브랜드·카테고리 평균 대비 초과 성장 신호가 강함,월 리뷰 수가 전체 매장 상위권에 속함,답글률과 응답속도 기준 운영 대응력이 우수함
ba_14691112,2025-09,본죽 대구방촌점,본그룹,백반·죽·국수,대구광역시,동구,실험군,0.8871209615892403,88.71209615892403,78.20943769178317,53.21636842105264,96.72913366700763,79.1251275268211,50.0,81.01,A,1.647311,1.222222,1.0,137.45,206,5062300.0,5,0,,,브랜드·카테고리 평균 대비 초과 성장 신호가 강함,답글률과 응답속도 기준 운영 대응력이 우수함,주문·리뷰 변동성이 낮아 안정성이 높음
ba_14692165,2025-09,본죽 세종아름점,본그룹,백반·죽·국수,세종특별자치시,보듬3로,실험군,0.9441009763654352,94.41009763654353,74.03420106442752,57.89473684210527,98.91647650880428,59.393533618867416,50.0,81.01,A,1.458985,1.4,1.0,64.38,405,9876600.0,15,0,,,브랜드·카테고리 평균 대비 초과 성장 신호가 강함,월 리뷰 수가 전체 매장 상위권에 속함,답글률과 응답속도 기준 운영 대응력이 우수함
ba_14692275,2025-09,본죽&비빔밥 전주객사점,본그룹,백반·죽·국수,전북특별자치도,전주시,실험군,0.9470226070429036,94.70226070429037,68.87988135806376,63.98892105263159,97.91096335626631,62.42377699232151,50.0,80.89,A,1.226497,1.631579,1.0,97.97,391,9162200.0,26,0,,,월 리뷰 수가 전체 매장 상위권에 속함,답글률과 응답속도 기준 운영 대응력이 우수함,
ba_14690002,2025-09,본죽 송도센트럴파크점,본그룹,백반·죽·국수,인천광역시,연수구,실험군,0.9649617024197206,96.49617024197205,100.0,8.215657894736845,93.24950137016295,68.0559707088163,50.0,80.8,A,3.539358,-0.487805,1.0,253.69,493,11261500.0,8,0,,,브랜드·카테고리 평균 대비 초과 성장 신호가 강함,답글률과 응답속도 기준 운영 대응력이 우수함,
ba_13233115,2025-09,본죽&비빔밥 대구복현동점,본그룹,백반·죽·국수,대구광역시,북구,실험군,0.7690555421809148,76.90555421809148,100.0,35.40671052631579,98.13487637743285,86.89750945725731,50.0,80.64,A,13.190446,0.545455,1.0,90.49,69,1262900.0,2,0,,,브랜드·카테고리 평균 대비 초과 성장 신호가 강함,답글률과 응답속도 기준 운영 대응력이 우수함,주문·리뷰 변동성이 낮아 안정성이 높음
ba_14690034,2025-09,본죽&비빔밥 인천검암점,본그룹,백반·죽·국수,인천광역시,서구,실험군,0.805500057259285,80.5500057259285,100.0,30.263157894736842,93.97093236081983,85.68532236528148,50.0,80.4,A,4.417469,0.35,1.0,229.59,129,2782100.0,7,0,,,브랜드·카테고리 평균 대비 초과 성장 신호가 강함,답글률과 응답속도 기준 운영 대응력이 우수함,주문·리뷰 변동성이 낮아 안정성이 높음
ba_14689611,2025-09,본죽&비빔밥 시흥장곡점,본그룹,백반·죽·국수,경기도,시흥시,실험군,0.9922634740861592,99.22634740861592,64.4850039521262,61.8421052631579,93.53155892727018,61.06185535691843,50.0,80.26,A,1.028264,1.55,0.9524,140.91,804,19962000.0,21,0,,,월 리뷰 수가 전체 매장 상위권에 속함,답글률과 응답속도 기준 운영 대응력이 우수함,
ba_14691077,2025-09,본죽&비빔밥 대구파티마병원점,본그룹,백반·죽·국수,대구광역시,동구,실험군,0.8831742552058595,88.31742552058594,95.85042545008542,47.36842105263158,67.9757219441603,80.36690452424635,50.0,80.21,A,2.443016,1.0,0.6,229.43,262,6657100.0,10,0,,,브랜드·카테고리 평균 대비 초과 성장 신호가 강함,주문·리뷰 변동성이 낮아 안정성이 높음,
ba_14689115,2025-09,본죽&비빔밥 양주덕정점,본그룹,백반·죽·국수,경기도,양주시,실험군,0.9178401749109012,91.78401749109013,95.72168274278502,17.956657894736843,100.0,63.68138133434105,50.0,80.12,A,2.437209,-0.117647,1.0,11.95,282,6756600.0,7,0,,,브랜드·카테고리 평균 대비 초과 성장 신호가 강함,답글률과 응답속도 기준 운영 대응력이 우수함,
ba_14273972,2025-09,본죽&비빔밥 단양점,본그룹,백반·죽·국수,충청북도,단양군,실험군,0.8450645002959315,84.50645002959315,55.83598595890842,86.8421052631579,99.23468445198614,85.28530694255815,50.0,79.98,B,0.638146,2.5,1.0,53.75,190,5031900.0,1,0,,,최근 리뷰 성장 흐름이 우수함,답글률과 응답속도 기준 운영 대응력이 우수함,주문·리뷰 변동성이 낮아 안정성이 높음
ba_14691106,2025-09,본죽&비빔밥 대구동구청점,본그룹,백반·죽·국수,대구광역시,동구,실험군,0.9131602688991556,91.31602688991556,75.8336503218817,42.275052631578944,97.6274798923028,80.44257668301297,50.0,79.95,B,1.54015,0.806452,1.0,107.44,302,7596000.0,19,0,,,브랜드·카테고리 평균 대비 초과 성장 신호가 강함,월 리뷰 수가 전체 매장 상위권에 속함,답글률과 응답속도 기준 운영 대응력이 우수함
ba_14690723,2025-09,본죽&비빔밥 광주첨단월계점,본그룹,백반·죽·국수,광주광역시,광산구,실험군,0.898095049139109,89.8095049139109,82.08810273388698,31.941921052631585,96.98148483925816,85.33599906407036,50.0,79.83,B,1.82226,0.413793,1.0,129.02,265,6790300.0,18,0,,,브랜드·카테고리 평균 대비 초과 성장 신호가 강함,월 리뷰 수가 전체 매장 상위권에 속함,답글률과 응답속도 기준 운영 대응력이 우수함
ba_14688114,2025-09,본죽&비빔밥 신촌점,본그룹,백반·죽·국수,서울특별시,서대문구,실험군,0.9817485898923062,98.17485898923061,86.87641359664437,100.0,96.4611331487063,14.134858826050518,15.42138364779874,79.81,B,2.038239,3.39726,0.9697,80.61,1251,27073600.0,66,1,29688.7,0.7289,브랜드·카테고리 평균 대비 초과 성장 신호가 강함,최근 리뷰 성장 흐름이 우수함,답글률과 응답속도 기준 운영 대응력이 우수함
ba_14448826,2025-09,본죽&비빔밥 인천검단신도시점,본그룹,백반·죽·국수,인천광역시,서구,실험군,0.7724691142601012,77.24691142601013,88.23476333550917,53.21636842105264,92.31822675940212,88.78756960935021,50.0,79.8,B,2.099508,1.222222,1.0,284.8,76,1451300.0,2,0,,,브랜드·카테고리 평균 대비 초과 성장 신호가 강함,답글률과 응답속도 기준 운영 대응력이 우수함,주문·리뷰 변동성이 낮아 안정성이 높음
ba_14647668,2025-09,본죽&비빔밥 인천간석홈플러스앞점,본그룹,백반·죽·국수,인천광역시,남동구,실험군,0.7305219940740695,73.05219940740695,100.0,29.82455263157895,98.81230307114926,94.82808999321131,50.0,79.35,B,4.210841,0.333333,1.0,67.86,33,753700.0,4,0,,,브랜드·카테고리 평균 대비 초과 성장 신호가 강함,답글률과 응답속도 기준 운영 대응력이 우수함,주문·리뷰 변동성이 낮아 안정성이 높음
ba_14691857,2025-09,본죽&비빔밥 부산명지국제중앙점,본그룹,백반·죽·국수,부산광역시,강서구,실험군,0.9610046806914796,96.10046806914796,65.35939905733159,50.40486842105264,96.66387559399386,73.19004354317786,50.0,79.35,B,1.067704,1.115385,1.0,139.63,495,12618400.0,20,0,,,월 리뷰 수가 전체 매장 상위권에 속함,답글률과 응답속도 기준 운영 대응력이 우수함,주문·리뷰 변동성이 낮아 안정성이 높음
ba_14689890,2025-09,본죽&비빔밥 구월아시아드점,본그룹,백반·죽·국수,인천광역시,남동구,실험군,0.8870385889727732,88.70385889727731,89.48172968166222,26.435394736842106,95.98794564507135,74.75979173768536,50.0,79.26,B,2.155753,0.204545,1.0,162.21,284,6438700.0,17,0,,,브랜드·카테고리 평균 대비 초과 성장 신호가 강함,월 리뷰 수가 전체 매장 상위권에 속함,답글률과 응답속도 기준 운영 대응력이 우수함
ba_14732026,2025-09,굽네치킨 부산전포점,굽네치킨,치킨,부산광역시,부산진구,실험군,0.9921082611345028,99.21082611345028,66.43545485921413,100.0,86.14774667209485,0.0,50.0,79.25,B,1.11624,3.175439,1.0,490.93,2969,66133700.0,460,0,,,최근 리뷰 성장 흐름이 우수함,답글률과 응답속도 기준 운영 대응력이 우수함,
ba_14691965,2025-09,본죽&비빔밥 나주혁신호수공원점,본그룹,백반·죽·국수,전라남도,나주시,실험군,0.9364827593109346,93.64827593109347,54.77540499940502,64.91228947368421,98.5689323676621,82.36942775616475,50.0,79.23,B,0.590308,1.666667,1.0,75.99,368,9347900.0,20,0,,,월 리뷰 수가 전체 매장 상위권에 속함,답글률과 응답속도 기준 운영 대응력이 우수함,주문·리뷰 변동성이 낮아 안정성이 높음
ba_13199394,2025-09,본죽&비빔밥 울산야음점,본그룹,백반·죽·국수,울산광역시,남구,실험군,0.8491718077823086,84.91718077823086,86.43757544470635,26.90057894736842,99.36969083239538,89.54470210959468,50.0,79.23,B,2.018445,0.222222,1.0,49.24,171,3082600.0,1,0,,,브랜드·카테고리 평균 대비 초과 성장 신호가 강함,답글률과 응답속도 기준 운영 대응력이 우수함,주문·리뷰 변동성이 낮아 안정성이 높음
ba_14691209,2025-09,본죽&비빔밥 대구두산점,본그룹,백반·죽·국수,대구광역시,수성구,실험군,0.9477107456178366,94.77107456178366,63.85421567795524,59.06431578947369,98.58060697705447,64.18336348524467,50.0,79.2,B,0.999812,1.444444,1.0,75.6,406,10661100.0,17,0,,,월 리뷰 수가 전체 매장 상위권에 속함,답글률과 응답속도 기준 운영 대응력이 우수함,
ba_14689734,2025-09,본죽&비빔밥 송도신도시점,본그룹,백반·죽·국수,인천광역시,연수구,실험군,0.9309893811005672,93.09893811005672,78.07304624433836,28.79257894736842,95.16593340426478,84.21801757224387,50.0,79.12,B,1.641159,0.294118,1.0,189.67,348,8584600.0,9,0,,,브랜드·카테고리 평균 대비 초과 성장 신호가 강함,답글률과 응답속도 기준 운영 대응력이 우수함,주문·리뷰 변동성이 낮아 안정성이 높음
ba_14687166,2025-09,본죽&비빔밥 등촌공항대로점,본그룹,백반·죽·국수,서울특별시,강서구,실험군,0.8658312950916592,86.58312950916593,83.93109438451116,92.63157894736844,96.16315710688639,65.44153376270836,14.498951781970645,78.99,B,1.905389,2.72,0.9667,84.05,251,5759300.0,30,1,31963.46,0.7179,브랜드·카테고리 평균 대비 초과 성장 신호가 강함,최근 리뷰 성장 흐름이 우수함,답글률과 응답속도 기준 운영 대응력이 우수함
ba_14689614,2025-09,본죽&비빔밥 시흥시화점,본그룹,백반·죽·국수,경기도,시흥시,실험군,0.9867420864182286,98.67420864182286,66.3731342547331,63.49744736842106,94.70677585434194,39.82359402696421,50.0,78.84,B,1.113429,1.612903,0.9706,141.17,730,16584400.0,34,0,,,월 리뷰 수가 전체 매장 상위권에 속함,답글률과 응답속도 기준 운영 대응력이 우수함,
ba_14739745,2025-09,굽네치킨 감정점,굽네치킨,치킨,경기도,김포시,실험군,0.8536560885457133,85.36560885457133,59.638629175055115,100.0,93.59554876651123,49.449478650520305,50.0,78.77,B,0.809666,3.458333,1.0,242.13,626,17293000.0,53,0,,,최근 리뷰 성장 흐름이 우수함,답글률과 응답속도 기준 운영 대응력이 우수함,
ba_14690992,2025-09,본죽&비빔밥 대전신탄점,본그룹,백반·죽·국수,대전광역시,대덕구,실험군,0.9242865533198676,92.42865533198676,49.36060689316656,85.82994736842106,97.64783562149975,64.70020593169112,50.0,78.68,B,0.346071,2.461538,1.0,106.76,327,8311900.0,22,0,,,최근 리뷰 성장 흐름이 우수함,답글률과 응답속도 기준 운영 대응력이 우수함,
ba_13223520,2025-09,본죽 신림고시촌점,본그룹,백반·죽·국수,서울특별시,관악구,실험군,0.8447081892486707,84.47081892486707,74.52926299899232,100.0,95.54520853503752,95.97021618150049,1.7442348008385689,78.59,B,1.481315,6.0,1.0,177.0,27,430600.0,1,1,28186.93,0.5658,브랜드·카테고리 평균 대비 초과 성장 신호가 강함,최근 리뷰 성장 흐름이 우수함,답글률과 응답속도 기준 운영 대응력이 우수함
ba_14714062,2025-09,본죽&비빔밥 파주운정산내마을점,본그룹,백반·죽·국수,경기도,파주시,실험군,0.9887172106918848,98.87172106918848,88.05154829622374,36.315789473684205,71.877770370269,56.79050697925929,50.0,78.53,B,2.091244,0.58,0.7778,485.15,831,19768600.0,18,0,,,브랜드·카테고리 평균 대비 초과 성장 신호가 강함,월 리뷰 수가 전체 매장 상위권에 속함,답글률과 응답속도 기준 운영 대응력이 우수함
ba_14692326,2025-09,본죽&비빔밥 제천청전점,본그룹,백반·죽·국수,충청북도,제천시,실험군,0.9476510314811302,94.76510314811301,70.99831633493213,49.760763157894736,84.78101882306254,73.793832203454,50.0,78.48,B,1.32205,1.090909,0.8182,141.83,442,11478100.0,11,0,,,브랜드·카테고리 평균 대비 초과 성장 신호가 강함,답글률과 응답속도 기준 운영 대응력이 우수함,주문·리뷰 변동성이 낮아 안정성이 높음
ba_14753110,2025-09,본죽&비빔밥 청주성화점,본그룹,백반·죽·국수,충청북도,청주시,실험군,0.8567965570353172,85.67965570353172,65.7860435655611,62.71928947368423,91.16213536217802,89.51377487944379,50.0,78.47,B,1.086948,1.583333,0.8889,82.18,179,5038200.0,9,0,,,답글률과 응답속도 기준 운영 대응력이 우수함,주문·리뷰 변동성이 낮아 안정성이 높음,
ba_14692505,2025-09,본죽&비빔밥 울산남목점,본그룹,백반·죽·국수,울산광역시,동구,실험군,0.9312501975016528,93.12501975016528,69.3546353332886,43.31984210526316,97.37213523046448,74.38276657406611,50.0,78.47,B,1.247911,0.846154,1.0,115.97,356,8916600.0,23,0,,,월 리뷰 수가 전체 매장 상위권에 속함,답글률과 응답속도 기준 운영 대응력이 우수함,주문·리뷰 변동성이 낮아 안정성이 높음
ba_14691361,2025-09,본죽&비빔밥 경산옥곡점,본그룹,백반·죽·국수,경상북도,경산시,실험군,0.94089564464554,94.089564464554,60.68681695849845,65.94426315789474,97.69902429345092,58.000734952916595,50.0,78.45,B,0.856945,1.705882,1.0,105.05,459,10314900.0,50,0,,,월 리뷰 수가 전체 매장 상위권에 속함,답글률과 응답속도 기준 운영 대응력이 우수함,
ba_14691245,2025-09,본죽&비빔밥 대구동성로점,본그룹,백반·죽·국수,대구광역시,중구,실험군,0.9111492950002448,91.11492950002447,63.856077979903446,52.850868421052645,96.75876921392674,80.77199424913367,50.0,78.37,B,0.999896,1.208333,1.0,136.46,301,7754400.0,18,0,,,월 리뷰 수가 전체 매장 상위권에 속함,답글률과 응답속도 기준 운영 대응력이 우수함,주문·리뷰 변동성이 낮아 안정성이 높음
ba_14691277,2025-09,본죽&비빔밥 대구달서구청점,본그룹,백반·죽·국수,대구광역시,달서구,실험군,0.94154569665431,94.154569665431,51.339613096793656,67.61134210526318,96.4375677811571,78.8651002319597,50.0,78.28,B,0.435335,1.769231,1.0,147.19,379,8061900.0,21,0,,,월 리뷰 수가 전체 매장 상위권에 속함,답글률과 응답속도 기준 운영 대응력이 우수함,주문·리뷰 변동성이 낮아 안정성이 높음
ba_14691130,2025-09,본죽 부산진역점,본그룹,백반·죽·국수,부산광역시,동구,실험군,0.9199351360486416,91.99351360486416,62.97157323555066,50.99818421052632,99.07513145695704,77.94844266237003,50.0,78.25,B,0.96,1.137931,1.0,59.08,321,7789300.0,14,0,,,월 리뷰 수가 전체 매장 상위권에 속함,답글률과 응답속도 기준 운영 대응력이 우수함,주문·리뷰 변동성이 낮아 안정성이 높음
ba_14692482,2025-09,본죽&비빔밥 충주호암점,본그룹,백반·죽·국수,충청북도,충주시,실험군,0.9683275967244231,96.83275967244231,63.236530028205564,49.50213157894737,97.04105528205514,65.59596998133665,50.0,78.24,B,0.971951,1.081081,1.0,127.03,569,14411800.0,16,0,,,월 리뷰 수가 전체 매장 상위권에 속함,답글률과 응답속도 기준 운영 대응력이 우수함,
ba_14689750,2025-09,본죽&비빔밥 안산본오점,본그룹,백반·죽·국수,경기도,안산시,실험군,0.9974385646038412,99.74385646038412,78.04289468898644,59.879210526315795,77.99831543511654,30.941178892425334,50.0,78.2,B,1.639799,1.47541,0.74,198.61,1184,26243100.0,50,0,,,브랜드·카테고리 평균 대비 초과 성장 신호가 강함,월 리뷰 수가 전체 매장 상위권에 속함,답글률과 응답속도 기준 운영 대응력이 우수함
ba_14744959,2025-09,굽네치킨 부산수정점,굽네치킨,치킨,부산광역시,동구,실험군,0.8469839174384315,84.69839174384315,61.60131806637411,100.0,96.7521835368336,36.22360288893532,50.0,78.18,B,0.898194,3.727273,1.0,136.68,685,17346200.0,74,0,,,최근 리뷰 성장 흐름이 우수함,답글률과 응답속도 기준 운영 대응력이 우수함,
ba_13918069,2025-09,본죽&비빔밥 평택지제점,본그룹,백반·죽·국수,경기도,평택시,실험군,0.8204069188464442,82.04069188464442,46.437768325979555,91.22807894736843,98.4306331487063,93.82865903272196,50.0,78.16,B,0.214235,2.666667,1.0,80.61,90,1750300.0,5,0,,,최근 리뷰 성장 흐름이 우수함,답글률과 응답속도 기준 운영 대응력이 우수함,주문·리뷰 변동성이 낮아 안정성이 높음
ba_14688687,2025-09,본죽&비빔밥 신길점,본그룹,백반·죽·국수,서울특별시,영등포구,실험군,0.943446990095728,94.34469900957279,95.435176456158,81.25000000000001,97.86516296557315,30.369324240993624,0.0,78.11,B,2.424286,2.2875,1.0,99.5,812,15040900.0,71,1,38305.65,0.4836,브랜드·카테고리 평균 대비 초과 성장 신호가 강함,최근 리뷰 성장 흐름이 우수함,답글률과 응답속도 기준 운영 대응력이 우수함
ba_14690674,2025-09,본죽&비빔밥 광주신가점,본그룹,백반·죽·국수,광주광역시,광산구,실험군,0.893627965353587,89.3627965353587,83.61980174576398,30.526315789473692,89.5573313125853,77.99022282944182,50.0,77.99,B,1.891348,0.36,1.0,377.03,261,6033500.0,7,0,,,브랜드·카테고리 평균 대비 초과 성장 신호가 강함,답글률과 응답속도 기준 운영 대응력이 우수함,주문·리뷰 변동성이 낮아 안정성이 높음
ba_14688522,2025-09,본죽 시흥은행점,본그룹,백반·죽·국수,경기도,시흥시,실험군,0.9788654381294574,97.88654381294573,55.420382240800414,53.125,98.69226413867895,70.75444246509812,50.0,77.96,B,0.6194,1.21875,1.0,71.87,683,14351700.0,26,0,,,월 리뷰 수가 전체 매장 상위권에 속함,답글률과 응답속도 기준 운영 대응력이 우수함,주문·리뷰 변동성이 낮아 안정성이 높음
ba_13233576,2025-09,본죽&비빔밥 당진점,본그룹,백반·죽·국수,충청남도,당진시,실험군,0.9684367082478388,96.84367082478389,64.17945341105268,43.469789473684216,98.41626439868492,66.70617929388246,50.0,77.89,B,1.014482,0.851852,1.0,81.09,702,16608300.0,21,0,,,월 리뷰 수가 전체 매장 상위권에 속함,답글률과 응답속도 기준 운영 대응력이 우수함,
ba_14625762,2025-09,본죽&비빔밥 익산부송우남점,본그룹,백반·죽·국수,전북특별자치도,익산시,실험군,0.8186212790133285,81.86212790133285,65.96597740617588,57.89473684210527,96.54653080215257,94.95986771640813,50.0,77.81,B,1.095064,1.4,1.0,143.55,56,1045600.0,5,0,,,답글률과 응답속도 기준 운영 대응력이 우수함,주문·리뷰 변동성이 낮아 안정성이 높음,
ba_14691801,2025-09,본죽 부산구남점,본그룹,백반·죽·국수,부산광역시,북구,실험군,0.9387394668839588,93.87394668839588,72.00912505784362,21.92981578947369,99.52924382742447,85.55622836224671,50.0,77.63,B,1.367643,0.033333,1.0,43.91,342,8406700.0,11,0,,,브랜드·카테고리 평균 대비 초과 성장 신호가 강함,답글률과 응답속도 기준 운영 대응력이 우수함,주문·리뷰 변동성이 낮아 안정성이 높음
ba_14739746,2025-09,굽네피자 감정점,굽네치킨,피자,경기도,김포시,실험군,0.7578347140008754,75.78347140008755,51.50360651954223,100.0,92.52657363471215,92.26172365172613,50.0,77.51,B,0.442732,3.0,1.0,277.84,77,2219900.0,4,0,,,최근 리뷰 성장 흐름이 우수함,답글률과 응답속도 기준 운영 대응력이 우수함,주문·리뷰 변동성이 낮아 안정성이 높음
ba_14694620,2025-09,본죽&비빔밥 경산신대부적점,본그룹,백반·죽·국수,경상북도,경산시,실험군,0.9450882834722694,94.50882834722694,50.229902838275656,62.406026315789475,97.48229564729508,78.76469658784981,50.0,77.5,B,0.385281,1.571429,1.0,112.29,394,8488300.0,16,0,,,월 리뷰 수가 전체 매장 상위권에 속함,답글률과 응답속도 기준 운영 대응력이 우수함,주문·리뷰 변동성이 낮아 안정성이 높음
ba_14692022,2025-09,본죽&비빔밥 여수죽림점,본그룹,백반·죽·국수,전라남도,여수시,실험군,0.9533370174569892,95.33370174569892,67.7554722163117,33.786078947368416,96.19629252038138,75.17746952645786,50.0,77.32,B,1.17578,0.483871,1.0,155.25,441,9889800.0,15,0,,,월 리뷰 수가 전체 매장 상위권에 속함,답글률과 응답속도 기준 운영 대응력이 우수함,주문·리뷰 변동성이 낮아 안정성이 높음
ba_13223329,2025-09,본죽&비빔밥 양주덕정점,본그룹,백반·죽·국수,경기도,양주시,실험군,0.7157486852092197,71.57486852092198,97.16669603302527,21.05263157894737,98.6521513782026,97.46461482364856,50.0,77.05,B,2.502387,0.0,1.0,73.21,15,488700.0,2,0,,,브랜드·카테고리 평균 대비 초과 성장 신호가 강함,답글률과 응답속도 기준 운영 대응력이 우수함,주문·리뷰 변동성이 낮아 안정성이 높음
ba_14627570,2025-09,본죽&비빔밥 김해안동푸르지오점,본그룹,백반·죽·국수,경상남도,김해시,실험군,0.695140415020728,69.5140415020728,80.69809386190268,100.0,73.58914264918697,64.34389322706043,50.0,76.98,B,1.759563,3.125,0.6667,186.74,48,1247600.0,3,0,,,브랜드·카테고리 평균 대비 초과 성장 신호가 강함,최근 리뷰 성장 흐름이 우수함,답글률과 응답속도 기준 운영 대응력이 우수함
ba_14691943,2025-09,본죽&비빔밥 순천연향점,본그룹,백반·죽·국수,전라남도,순천시,실험군,0.966205051883913,96.6205051883913,69.65867829659454,24.112605263157896,96.61837455225948,76.03213180509361,50.0,76.94,B,1.261625,0.116279,1.0,141.15,517,11857200.0,11,0,,,답글률과 응답속도 기준 운영 대응력이 우수함,주문·리뷰 변동성이 낮아 안정성이 높음,
ba_13260584,2025-09,본죽&비빔밥 광주신창점,본그룹,백반·죽·국수,광주광역시,광산구,실험군,0.7604851243264513,76.04851243264513,100.0,5.263157894736844,99.65706583282301,95.65337728745584,50.0,76.92,B,2.81037,-0.6,1.0,39.64,47,1025700.0,2,0,,,브랜드·카테고리 평균 대비 초과 성장 신호가 강함,답글률과 응답속도 기준 운영 대응력이 우수함,주문·리뷰 변동성이 낮아 안정성이 높음
ba_14703930,2025-09,본죽 중화역점,본그룹,백반·죽·국수,서울특별시,중랑구,실험군,0.9006745735881287,90.06745735881287,93.33527581772655,48.75347368421053,97.29819603764612,77.06131076816465,8.84696016771488,76.91,B,2.329569,1.052632,1.0,118.44,309,6808600.0,6,1,33870.55,0.6505,브랜드·카테고리 평균 대비 초과 성장 신호가 강함,답글률과 응답속도 기준 운영 대응력이 우수함,서울 동일 자치구·유사업종 상권 대비 객단가 포지션이 약함
ba_10841883,2025-09,굽네치킨 선부3동점,굽네치킨,치킨,경기도,안산시,실험군,0.9795067283997516,97.95067283997516,52.24435928970252,100.0,97.01980150598185,0.0,50.0,76.9,B,0.476144,4.114583,1.0,127.74,1640,42143300.0,233,0,,,최근 리뷰 성장 흐름이 우수함,답글률과 응답속도 기준 운영 대응력이 우수함,
ba_14688746,2025-09,본죽&비빔밥 광명소하지구점,본그룹,백반·죽·국수,경기도,광명시,실험군,0.9246262684460458,92.46262684460459,100.0,41.426157894736846,46.9109660675126,62.60025689819677,50.0,76.87,B,3.521223,0.774194,0.4545,617.18,417,9752700.0,11,0,,,브랜드·카테고리 평균 대비 초과 성장 신호가 강함,,
ba_14691975,2025-09,본죽&비빔밥 백양산롯데캐슬점,본그룹,백반·죽·국수,부산광역시,부산진구,실험군,0.914586262296078,91.4586262296078,66.73475338660441,52.429157894736846,97.50774030879128,56.57149197608651,50.0,76.84,B,1.12974,1.192308,1.0,111.44,316,7749900.0,36,0,,,월 리뷰 수가 전체 매장 상위권에 속함,답글률과 응답속도 기준 운영 대응력이 우수함,
ba_14687318,2025-09,본죽&비빔밥 독산정훈단지점,본그룹,백반·죽·국수,서울특별시,금천구,실험군,0.9398379218779512,93.98379218779512,80.41500179551404,70.39473684210526,95.74487429054297,49.12671571929667,22.733752620545076,76.82,B,1.746794,1.875,1.0,170.33,529,11707200.0,52,1,27119.42,0.8161,브랜드·카테고리 평균 대비 초과 성장 신호가 강함,최근 리뷰 성장 흐름이 우수함,답글률과 응답속도 기준 운영 대응력이 우수함
ba_14688729,2025-09,본죽&비빔밥 과천점,본그룹,백반·죽·국수,경기도,과천시,실험군,0.9500243660455192,95.00243660455192,55.80778538654988,44.736842105263165,96.53186270317241,84.17795603077735,50.0,76.81,B,0.636874,0.9,1.0,144.04,435,11410600.0,12,0,,,답글률과 응답속도 기준 운영 대응력이 우수함,주문·리뷰 변동성이 낮아 안정성이 높음,
ba_14691901,2025-09,본죽&비빔밥 약사점,본그룹,백반·죽·국수,울산광역시,중구,실험군,0.9690062981331138,96.90062981331138,56.23030622617979,46.24860526315789,95.22200085528274,75.07833154353214,50.0,76.7,B,0.655932,0.957447,0.9688,120.05,529,13981000.0,32,0,,,월 리뷰 수가 전체 매장 상위권에 속함,답글률과 응답속도 기준 운영 대응력이 우수함,주문·리뷰 변동성이 낮아 안정성이 높음
ba_14688848,2025-09,본죽&비빔밥 연신갈현점,본그룹,백반·죽·국수,서울특별시,은평구,실험군,0.836846296587459,83.6846296587459,100.0,36.23481578947369,97.71668588201888,85.08495630269819,20.092243186582802,76.61,B,2.760373,0.576923,1.0,104.46,237,5873400.0,13,1,31584.09,0.7846,브랜드·카테고리 평균 대비 초과 성장 신호가 강함,답글률과 응답속도 기준 운영 대응력이 우수함,서울 동일 자치구·유사업종 상권 대비 객단가 포지션이 약함
ba_14690081,2025-09,본죽 신곡시장점,본그룹,백반·죽·국수,서울특별시,양천구,실험군,0.9270827646598552,92.70827646598552,90.68087477421668,65.46052631578947,97.67597442362495,36.967011044107025,15.136268343815514,76.47,B,2.209841,1.6875,1.0,105.82,563,11838100.0,22,1,28984.02,0.7255,브랜드·카테고리 평균 대비 초과 성장 신호가 강함,월 리뷰 수가 전체 매장 상위권에 속함,답글률과 응답속도 기준 운영 대응력이 우수함
ba_14727064,2025-09,본죽&비빔밥 전주혁신도시점,본그룹,백반·죽·국수,전북특별자치도,완주군,실험군,0.9626774616718624,96.26774616718625,57.15307684151596,42.275052631578944,94.46991179469109,79.02654559912303,50.0,76.4,B,0.697554,0.806452,0.9375,77.21,459,11987700.0,16,0,,,월 리뷰 수가 전체 매장 상위권에 속함,답글률과 응답속도 기준 운영 대응력이 우수함,주문·리뷰 변동성이 낮아 안정성이 높음
ba_14691116,2025-09,본죽&비빔밥 대구칠곡관음점,본그룹,백반·죽·국수,대구광역시,북구,실험군,0.8770840577177287,87.70840577177287,52.35228412165333,70.52631578947368,96.62974981269308,74.53451510964503,50.0,76.31,B,0.481012,1.88,1.0,140.77,211,5441800.0,31,0,,,최근 리뷰 성장 흐름이 우수함,답글률과 응답속도 기준 운영 대응력이 우수함,주문·리뷰 변동성이 낮아 안정성이 높음
ba_14690718,2025-09,본죽&비빔밥 광주노대점,본그룹,백반·죽·국수,광주광역시,남구,실험군,0.9167322297041028,91.67322297041028,61.78193918508882,29.82455263157895,100.0,92.35939274553704,50.0,76.24,B,0.906341,0.333333,1.0,20.59,159,4059300.0,3,0,,,답글률과 응답속도 기준 운영 대응력이 우수함,주문·리뷰 변동성이 낮아 안정성이 높음,
ba_13234034,2025-09,본죽 포항오천점,본그룹,백반·죽·국수,경상북도,포항시,실험군,0.8934458792410006,89.34458792410005,44.94606446546642,68.75,99.09279304552499,85.56958914602384,50.0,76.24,B,0.146951,1.8125,1.0,58.49,328,7052300.0,9,0,,,답글률과 응답속도 기준 운영 대응력이 우수함,주문·리뷰 변동성이 낮아 안정성이 높음,
ba_14688555,2025-09,본죽 수원인계점,본그룹,백반·죽·국수,경기도,수원시,실험군,0.998050551543238,99.8050551543238,67.84406458041921,55.32436842105264,93.37043834950958,19.6945187880388,50.0,76.17,B,1.179776,1.302326,1.0,249.65,1497,29860000.0,45,0,,,월 리뷰 수가 전체 매장 상위권에 속함,답글률과 응답속도 기준 운영 대응력이 우수함,
ba_14692194,2025-09,본죽&비빔밥 익산영등제일점,본그룹,백반·죽·국수,전북특별자치도,익산시,실험군,0.8925762694846174,89.25762694846175,89.41643826216855,42.98244736842105,55.090073246413795,76.29280977251531,50.0,75.93,B,2.152808,0.833333,0.4,225.61,283,6333600.0,15,0,,,브랜드·카테고리 평균 대비 초과 성장 신호가 강함,월 리뷰 수가 전체 매장 상위권에 속함,주문·리뷰 변동성이 낮아 안정성이 높음
ba_14688197,2025-09,본죽 인왕산점,본그룹,백반·죽·국수,서울특별시,서대문구,실험군,0.8386442668419628,83.86442668419627,100.0,43.71344736842106,99.61156479108864,67.47793257594643,14.968553459119496,75.84,B,5.623827,0.861111,1.0,41.16,365,7839700.0,16,1,29688.7,0.7235,브랜드·카테고리 평균 대비 초과 성장 신호가 강함,월 리뷰 수가 전체 매장 상위권에 속함,답글률과 응답속도 기준 운영 대응력이 우수함
ba_14689415,2025-09,본죽&비빔밥 수원탑동점,본그룹,백반·죽·국수,경기도,수원시,실험군,0.9543270472330592,95.43270472330592,57.26488146919218,40.35086842105263,98.58240307080715,72.19510330262244,50.0,75.78,B,0.702597,0.733333,1.0,75.54,419,10673600.0,7,0,,,답글률과 응답속도 기준 운영 대응력이 우수함,주문·리뷰 변동성이 낮아 안정성이 높음,
ba_14457403,2025-09,본죽&비빔밥 부산연제점,본그룹,백반·죽·국수,부산광역시,연제구,실험군,0.7895344076106079,78.95344076106079,100.0,0.0,97.69183991844024,84.15619519476292,50.0,75.7,B,3.666026,-0.821429,1.0,105.29,86,1801900.0,5,0,,,브랜드·카테고리 평균 대비 초과 성장 신호가 강함,답글률과 응답속도 기준 운영 대응력이 우수함,주문·리뷰 변동성이 낮아 안정성이 높음
ba_14687119,2025-09,본죽 성균관대점,본그룹,백반·죽·국수,서울특별시,종로구,실험군,0.9175815986857164,91.75815986857164,90.18796335499682,45.234710526315794,99.51906596282599,75.38920372767348,1.3333333333333264,75.66,B,2.187608,0.918919,1.0,44.25,383,7719800.0,27,1,35936.38,0.5609,브랜드·카테고리 평균 대비 초과 성장 신호가 강함,월 리뷰 수가 전체 매장 상위권에 속함,답글률과 응답속도 기준 운영 대응력이 우수함
ba_14690665,2025-09,본죽&비빔밥 장유신문점,본그룹,백반·죽·국수,경상남도,김해시,실험군,0.9389443584307604,93.89443584307604,63.733653797070176,31.578947368421055,95.7329003321918,77.56791469507584,50.0,75.65,B,0.994374,0.4,1.0,170.73,426,10848400.0,13,0,,,답글률과 응답속도 기준 운영 대응력이 우수함,주문·리뷰 변동성이 낮아 안정성이 높음,
ba_14688931,2025-09,본죽&비빔밥 고양덕은점,본그룹,백반·죽·국수,경기도,고양시,실험군,0.9159839532747376,91.59839532747375,54.51202229530158,41.88597368421053,97.02459108932231,89.46829547835728,50.0,75.47,B,0.578428,0.791667,1.0,127.58,302,6834400.0,13,0,,,답글률과 응답속도 기준 운영 대응력이 우수함,주문·리뷰 변동성이 낮아 안정성이 높음,
ba_14691179,2025-09,본죽&비빔밥 내당삼익뉴타운점,본그룹,백반·죽·국수,대구광역시,서구,실험군,0.947576622882605,94.7576622882605,56.01540988351358,45.11278947368421,98.45368301853227,67.51694862056331,50.0,75.46,B,0.646239,0.914286,1.0,79.84,370,9424500.0,9,0,,,답글률과 응답속도 기준 운영 대응력이 우수함,,
ba_14691976,2025-09,본죽&비빔밥 부산전포점,본그룹,백반·죽·국수,부산광역시,부산진구,실험군,0.9901671837554382,99.01671837554382,58.65116573728009,51.39876315789474,96.26431413679734,39.74413241073139,50.0,75.44,B,0.765126,1.153153,0.9821,114.11,814,20970700.0,56,0,,,월 리뷰 수가 전체 매장 상위권에 속함,답글률과 응답속도 기준 운영 대응력이 우수함,
ba_14691401,2025-09,본죽&비빔밥 대구대학교점,본그룹,백반·죽·국수,경상북도,경산시,실험군,0.71266266997489,71.266266997489,45.738806498347465,100.0,97.69213926739901,92.58821442747771,50.0,75.29,B,0.182708,6.0,1.0,105.28,30,1075200.0,7,0,,,최근 리뷰 성장 흐름이 우수함,답글률과 응답속도 기준 운영 대응력이 우수함,주문·리뷰 변동성이 낮아 안정성이 높음
ba_14691998,2025-09,본죽&비빔밥 부산엄궁점,본그룹,백반·죽·국수,부산광역시,사상구,실험군,0.9014549719979604,90.14549719979604,53.77213416533152,48.42105263157895,97.36315476170113,83.44949717147506,50.0,75.21,B,0.545055,1.04,1.0,116.27,254,6846600.0,12,0,,,답글률과 응답속도 기준 운영 대응력이 우수함,주문·리뷰 변동성이 낮아 안정성이 높음,
ba_13973813,2025-09,굽네피자 선부3동점,굽네치킨,피자,경기도,안산시,실험군,0.7765005678022825,77.65005678022825,59.94398018377707,66.16542105263159,97.01411387576505,85.12929582999439,50.0,75.15,B,0.823439,1.714286,1.0,127.93,66,1723900.0,14,0,,,월 리뷰 수가 전체 매장 상위권에 속함,답글률과 응답속도 기준 운영 대응력이 우수함,주문·리뷰 변동성이 낮아 안정성이 높음
ba_14692216,2025-09,본죽&비빔밥 조치원죽림점,본그룹,백반·죽·국수,세종특별자치시,조치원읍,실험군,0.930625174700076,93.0625174700076,31.095326747250766,100.0,96.62466088039383,52.94824455466919,50.0,75.13,B,-0.477793,6.75,1.0,140.94,369,8904500.0,36,0,,,브랜드·카테고리 평균 대비 성장 신호가 약함,최근 리뷰 성장 흐름이 우수함,답글률과 응답속도 기준 운영 대응력이 우수함
ba_14691101,2025-09,본죽&비빔밥 대구율하점,본그룹,백반·죽·국수,대구광역시,동구,실험군,0.948561407369549,94.8561407369549,77.74911655665692,24.812026315789478,74.31157650846217,75.97545711698271,50.0,75.1,B,1.626548,0.142857,0.625,72.06,434,10551100.0,16,0,,,브랜드·카테고리 평균 대비 초과 성장 신호가 강함,월 리뷰 수가 전체 매장 상위권에 속함,답글률과 응답속도 기준 운영 대응력이 우수함
ba_14689936,2025-09,본죽&비빔밥 안양박달점,본그룹,백반·죽·국수,경기도,안양시,실험군,0.9833588095496942,98.33588095496943,52.66357676040051,35.672526315789476,98.12230372116414,72.50145385204064,50.0,74.9,B,0.495053,0.555556,1.0,90.91,670,16997500.0,29,0,,,월 리뷰 수가 전체 매장 상위권에 속함,답글률과 응답속도 기준 운영 대응력이 우수함,주문·리뷰 변동성이 낮아 안정성이 높음
ba_14692439,2025-09,본죽&비빔밥 청주오송파라곤점,본그룹,백반·죽·국수,충청북도,청주시,실험군,0.9559811423784556,95.59811423784555,54.171132357734685,44.44444736842106,95.27639317005415,68.96715730214564,50.0,74.86,B,0.563052,0.888889,1.0,185.98,482,12166200.0,7,0,,,답글률과 응답속도 기준 운영 대응력이 우수함,,
ba_14687368,2025-09,본죽&비빔밥 장안동점,본그룹,백반·죽·국수,서울특별시,동대문구,실험군,0.9105671379387288,91.05671379387287,84.30894214764541,46.67589473684211,95.43415007133058,64.22169289245988,21.257861635220124,74.74,B,1.922432,0.973684,1.0,180.71,568,12692900.0,29,1,27985.41,0.7985,브랜드·카테고리 평균 대비 초과 성장 신호가 강함,월 리뷰 수가 전체 매장 상위권에 속함,답글률과 응답속도 기준 운영 대응력이 우수함
ba_14689757,2025-09,본죽&비빔밥 인천연수점,본그룹,백반·죽·국수,인천광역시,연수구,실험군,0.9875300936675644,98.75300936675644,47.93767518316932,33.37065789473685,98.8371490347279,82.55994743458828,50.0,74.64,B,0.281889,0.468085,1.0,67.03,804,18645400.0,22,0,,,월 리뷰 수가 전체 매장 상위권에 속함,답글률과 응답속도 기준 운영 대응력이 우수함,주문·리뷰 변동성이 낮아 안정성이 높음
ba_14691059,2025-09,본죽 대구세천점,본그룹,백반·죽·국수,대구광역시,달성군,실험군,0.8541777350445253,85.41777350445253,57.070692150569116,44.97607894736842,98.04357494500532,89.6096328537749,50.0,74.58,B,0.693838,0.909091,1.0,93.54,145,3526000.0,2,0,,,답글률과 응답속도 기준 운영 대응력이 우수함,주문·리뷰 변동성이 낮아 안정성이 높음,
ba_14691375,2025-09,본죽&비빔밥 경산중산점,본그룹,백반·죽·국수,경상북도,경산시,실험군,0.987348862018492,98.7348862018492,61.249941595217926,38.32236842105263,95.16683145114112,46.20216331053627,50.0,74.51,B,0.882345,0.65625,1.0,189.64,831,18352900.0,38,0,,,월 리뷰 수가 전체 매장 상위권에 속함,답글률과 응답속도 기준 운영 대응력이 우수함,
ba_14613531,2025-09,본죽&비빔밥 백양산롯데캐슬점,본그룹,백반·죽·국수,부산광역시,부산진구,실험군,0.8125623164310093,81.25623164310093,43.066114989274865,73.68421052631578,98.32735775792762,94.63301193049494,50.0,74.47,B,0.062155,2.0,1.0,84.06,72,1210400.0,10,0,,,최근 리뷰 성장 흐름이 우수함,답글률과 응답속도 기준 운영 대응력이 우수함,주문·리뷰 변동성이 낮아 안정성이 높음
ba_13230813,2025-09,본죽&비빔밥 용인물푸레마을점,본그룹,백반·죽·국수,경기도,용인시,실험군,0.6407528314924213,64.07528314924214,83.64008753484265,100.0,42.931986255606375,96.66626553761098,50.0,74.44,B,1.892263,3.0,0.3333,486.93,21,548100.0,3,0,,,브랜드·카테고리 평균 대비 초과 성장 신호가 강함,최근 리뷰 성장 흐름이 우수함,주문·리뷰 변동성이 낮아 안정성이 높음
ba_13539851,2025-09,굽네치킨 소답점,굽네치킨,치킨,경상남도,창원시,실험군,0.6360729890799302,63.60729890799301,66.50604497115566,100.0,85.50384590370885,76.7683948962206,50.0,74.39,B,1.119424,3.5,0.8571,202.15,144,3869600.0,7,0,,,최근 리뷰 성장 흐름이 우수함,답글률과 응답속도 기준 운영 대응력이 우수함,주문·리뷰 변동성이 낮아 안정성이 높음
ba_14691953,2025-09,본죽&비빔밥 순천오천점,본그룹,백반·죽·국수,전라남도,순천시,실험군,0.9340934851073622,93.40934851073622,50.86503648365911,39.359263157894745,96.62256543768238,85.6810137700339,50.0,74.37,B,0.413929,0.695652,1.0,141.01,347,8002900.0,16,0,,,월 리뷰 수가 전체 매장 상위권에 속함,답글률과 응답속도 기준 운영 대응력이 우수함,주문·리뷰 변동성이 낮아 안정성이 높음
ba_14691150,2025-09,본죽 다사죽곡점,본그룹,백반·죽·국수,대구광역시,달성군,실험군,0.951779017024632,95.1779017024632,57.57295942005257,27.97784210526316,98.24443809634589,76.87065194998041,50.0,74.33,B,0.716493,0.263158,1.0,86.83,407,9952900.0,10,0,,,답글률과 응답속도 기준 운영 대응력이 우수함,주문·리뷰 변동성이 낮아 안정성이 높음,
ba_14691969,2025-09,본죽&비빔밥 부산사직점,본그룹,백반·죽·국수,부산광역시,동래구,실험군,0.9726179095613924,97.26179095613924,100.0,39.09773684210527,39.9985,34.14675016350769,50.0,74.32,B,16.43222,0.685714,0.0769,26.5,741,18857300.0,13,0,,,브랜드·카테고리 평균 대비 초과 성장 신호가 강함,,
ba_14692121,2025-09,본죽&비빔밥 부산법조타운점,본그룹,백반·죽·국수,부산광역시,연제구,실험군,0.8516219755850196,85.16219755850196,68.88393851587948,29.82455263157895,97.31585762621407,81.98419487759385,50.0,74.3,B,1.22668,0.333333,1.0,117.85,162,4303900.0,8,0,,,답글률과 응답속도 기준 운영 대응력이 우수함,주문·리뷰 변동성이 낮아 안정성이 높음,
ba_13233856,2025-09,본죽 세종아름점,본그룹,백반·죽·국수,세종특별자치시,보듬3로,실험군,0.8355552663749682,83.55552663749683,54.54199648856317,53.94736842105263,98.8808539827096,83.58649975615464,50.0,74.16,B,0.57978,1.25,1.0,65.57,119,2110000.0,2,0,,,답글률과 응답속도 기준 운영 대응력이 우수함,주문·리뷰 변동성이 낮아 안정성이 높음,
ba_13233778,2025-09,본죽&비빔밥 포항효자점,본그룹,백반·죽·국수,경상북도,포항시,실험군,0.938036711400238,93.80367114002381,58.39483317626628,50.65789473684211,78.24030280430104,73.25755471242137,50.0,74.09,B,0.753564,1.125,0.75,212.24,531,13152900.0,12,0,,,답글률과 응답속도 기준 운영 대응력이 우수함,주문·리뷰 변동성이 낮아 안정성이 높음,
ba_14691037,2025-09,본죽&비빔밥 대전학하점,본그룹,백반·죽·국수,대전광역시,유성구,실험군,0.9212372201014878,92.12372201014878,56.089613748045075,27.631578947368425,96.70937663572823,91.49005232928201,50.0,74.07,B,0.649586,0.25,1.0,138.11,326,8403500.0,11,0,,,답글률과 응답속도 기준 운영 대응력이 우수함,주문·리뷰 변동성이 낮아 안정성이 높음,
ba_14688088,2025-09,본죽&비빔밥 대흥역점,본그룹,백반·죽·국수,서울특별시,마포구,실험군,0.9467374198996872,94.67374198996872,100.0,49.87468421052632,94.53301608786833,16.199481340732273,7.73165618448637,74.05,B,3.897188,1.095238,0.9767,160.22,784,17229100.0,43,1,34489.65,0.6372,브랜드·카테고리 평균 대비 초과 성장 신호가 강함,월 리뷰 수가 전체 매장 상위권에 속함,답글률과 응답속도 기준 운영 대응력이 우수함
ba_13596071,2025-09,본죽&비빔밥 연신갈현점,본그룹,백반·죽·국수,서울특별시,은평구,실험군,0.7955984682504421,79.55984682504422,69.85579408970764,78.07018421052632,95.85413666049723,91.60036193617452,13.953878406708595,73.9,B,1.270516,2.166667,1.0,166.68,47,1056100.0,3,1,31584.09,0.7114,최근 리뷰 성장 흐름이 우수함,답글률과 응답속도 기준 운영 대응력이 우수함,서울 동일 자치구·유사업종 상권 대비 객단가 포지션이 약함
ba_13224710,2025-09,본죽 안양관양동점,본그룹,백반·죽·국수,경기도,안양시,실험군,0.8689239612219913,86.89239612219913,77.82238927021432,29.82455263157895,65.0469550223913,97.84663050069514,50.0,73.88,B,1.629853,0.333333,0.5,110.13,23,559200.0,2,0,,,브랜드·카테고리 평균 대비 초과 성장 신호가 강함,주문·리뷰 변동성이 낮아 안정성이 높음,
ba_14732355,2025-09,본죽&비빔밥 속초점,본그룹,백반·죽·국수,강원특별자치도,속초시,실험군,0.9801807257733454,98.01807257733454,53.024331252081595,32.33081578947369,95.90442728557207,70.7611951480126,50.0,73.87,B,0.511325,0.428571,1.0,165.0,648,15197700.0,21,0,,,월 리뷰 수가 전체 매장 상위권에 속함,답글률과 응답속도 기준 운영 대응력이 우수함,주문·리뷰 변동성이 낮아 안정성이 높음
ba_14688963,2025-09,본죽 고양점,본그룹,백반·죽·국수,경기도,고양시,실험군,0.8706712328883871,87.06712328883872,50.7175820758315,47.36842105263158,97.34728926688584,89.89277308873767,50.0,73.85,B,0.407278,1.0,1.0,116.8,144,3398900.0,4,0,,,답글률과 응답속도 기준 운영 대응력이 우수함,주문·리뷰 변동성이 낮아 안정성이 높음,
ba_14688337,2025-09,본죽&비빔밥 장위뉴타운점,본그룹,백반·죽·국수,서울특별시,성북구,실험군,0.8162097717929969,81.62097717929969,82.74520710820701,42.10526315789474,99.60976869733597,91.95128627790916,20.486373165618446,73.78,B,1.851899,0.8,1.0,41.22,139,3352100.0,6,1,30551.71,0.7893,브랜드·카테고리 평균 대비 초과 성장 신호가 강함,답글률과 응답속도 기준 운영 대응력이 우수함,서울 동일 자치구·유사업종 상권 대비 객단가 포지션이 약함
ba_14691042,2025-09,본죽 대구서재점,본그룹,백반·죽·국수,대구광역시,달성군,실험군,0.9141504646575652,91.41504646575652,47.6034141537276,46.59442105263159,99.0377128371097,80.41558864619213,50.0,73.78,B,0.266812,0.970588,1.0,60.33,240,5934200.0,14,0,,,월 리뷰 수가 전체 매장 상위권에 속함,답글률과 응답속도 기준 운영 대응력이 우수함,주문·리뷰 변동성이 낮아 안정성이 높음
ba_14691269,2025-09,본죽 대전도마사거리점,본그룹,백반·죽·국수,대전광역시,서구,실험군,0.8815182282765092,88.15182282765092,51.1080890581613,48.42105263157895,100.0,78.62173942115363,50.0,73.76,B,0.424892,1.04,1.0,25.26,208,4972400.0,6,0,,,답글률과 응답속도 기준 운영 대응력이 우수함,주문·리뷰 변동성이 낮아 안정성이 높음,
ba_14691005,2025-09,본죽&비빔밥 광주화정점,본그룹,백반·죽·국수,광주광역시,서구,실험군,0.9599762427676172,95.99762427676171,50.03396206901082,33.14365789473685,97.78763158524944,79.07560428801736,50.0,73.65,B,0.376443,0.459459,1.0,102.09,473,12042400.0,13,0,,,답글률과 응답속도 기준 운영 대응력이 우수함,주문·리뷰 변동성이 낮아 안정성이 높음,
ba_14574885,2025-09,본죽&비빔밥 청주분평점,본그룹,백반·죽·국수,충청북도,청주시,실험군,0.8749059303733695,87.49059303733695,63.60703943485344,26.90057894736842,96.86054785991152,85.11715848143206,50.0,73.6,B,0.988663,0.222222,1.0,133.06,297,6822800.0,13,0,,,답글률과 응답속도 기준 운영 대응력이 우수함,주문·리뷰 변동성이 낮아 안정성이 높음,
ba_13226530,2025-09,본죽&비빔밥 목동사거리점,본그룹,백반·죽·국수,서울특별시,양천구,실험군,0.7915633874766087,79.15633874766087,56.137634533995254,100.0,96.60161101056786,97.55411480540229,6.440251572327043,73.53,B,0.651752,3.0,1.0,141.71,24,432500.0,2,1,28984.02,0.6218,최근 리뷰 성장 흐름이 우수함,답글률과 응답속도 기준 운영 대응력이 우수함,서울 동일 자치구·유사업종 상권 대비 객단가 포지션이 약함
ba_14691187,2025-09,본죽&비빔밥 대구평리뉴타운점,본그룹,백반·죽·국수,대구광역시,서구,실험군,0.842039510209929,84.20395102099289,47.36858674616332,60.526315789473685,94.02541387131757,88.58307176037945,50.0,73.35,B,0.25622,1.5,1.0,227.77,149,4384800.0,14,0,,,월 리뷰 수가 전체 매장 상위권에 속함,답글률과 응답속도 기준 운영 대응력이 우수함,주문·리뷰 변동성이 낮아 안정성이 높음
ba_13472981,2025-09,굽네피자,굽네치킨,피자,경상북도,상주시,실험군,0.6723490590054128,67.23490590054128,44.14997472313086,100.0,94.11372181415732,95.72210094906141,50.0,73.26,B,0.111043,3.0,1.0,224.82,17,522100.0,2,0,,,최근 리뷰 성장 흐름이 우수함,답글률과 응답속도 기준 운영 대응력이 우수함,주문·리뷰 변동성이 낮아 안정성이 높음
ba_14692060,2025-09,본죽&비빔밥 돌곶이역점,본그룹,백반·죽·국수,서울특별시,성북구,실험군,0.9167821126965512,91.67821126965512,79.05882474225548,52.850868421052645,92.28514447436034,57.647165845743785,17.819706498951778,73.23,B,1.685623,1.208333,0.931,136.08,544,12589500.0,29,1,30551.71,0.7575,브랜드·카테고리 평균 대비 초과 성장 신호가 강함,월 리뷰 수가 전체 매장 상위권에 속함,답글률과 응답속도 기준 운영 대응력이 우수함
ba_14760742,2025-09,본죽&비빔밥 용인신갈점,본그룹,백반·죽·국수,경기도,용인시,실험군,0.8876685967950371,88.76685967950371,23.335735296391732,100.0,98.3926158309414,65.23080922030358,50.0,73.18,B,-0.827793,5.0,1.0,81.88,217,5552800.0,31,0,,,브랜드·카테고리 평균 대비 성장 신호가 약함,최근 리뷰 성장 흐름이 우수함,답글률과 응답속도 기준 운영 대응력이 우수함
ba_14689761,2025-09,본죽&비빔밥 송도글로벌캠퍼스점,본그룹,백반·죽·국수,인천광역시,연수구,실험군,0.9266831833278252,92.66831833278252,74.81060361473918,10.216710526315792,80.34502533347474,84.30212399584696,50.0,73.15,B,1.494005,-0.411765,0.75,141.93,352,7878800.0,4,0,,,브랜드·카테고리 평균 대비 초과 성장 신호가 강함,답글률과 응답속도 기준 운영 대응력이 우수함,주문·리뷰 변동성이 낮아 안정성이 높음
ba_14276685,2025-09,본죽 철원점,본그룹,백반·죽·국수,강원특별자치도,철원군,실험군,0.8661185150100468,86.61185150100468,59.21116436715794,28.362578947368426,99.5597774212199,87.74360801104999,50.0,73.08,B,0.790385,0.277778,1.0,42.89,214,4973700.0,4,0,,,답글률과 응답속도 기준 운영 대응력이 우수함,주문·리뷰 변동성이 낮아 안정성이 높음,
ba_14687335,2025-09,본죽&비빔밥 광운대역점,본그룹,백반·죽·국수,서울특별시,노원구,실험군,0.9718496241178416,97.18496241178416,93.21027988458384,35.56321052631579,96.24813887567952,22.260707477630934,16.872117400419285,73.07,B,2.323931,0.551402,0.9891,129.85,961,21883500.0,92,1,30516.96,0.7462,브랜드·카테고리 평균 대비 초과 성장 신호가 강함,월 리뷰 수가 전체 매장 상위권에 속함,답글률과 응답속도 기준 운영 대응력이 우수함
ba_14691292,2025-09,본죽&비빔밥 대구신매시장점,본그룹,백반·죽·국수,대구광역시,수성구,실험군,0.9085160439308314,90.85160439308314,53.61647676082729,41.985657894736846,97.83313262698383,68.64652570489179,50.0,73.04,B,0.538034,0.795455,1.0,100.57,298,7646500.0,14,0,,,월 리뷰 수가 전체 매장 상위권에 속함,답글률과 응답속도 기준 운영 대응력이 우수함,
ba_14687326,2025-09,본죽&비빔밥 개봉점,본그룹,백반·죽·국수,서울특별시,구로구,실험군,0.9290410772545468,92.90410772545468,70.52061371495596,66.16542105263159,97.40296817321871,45.28519476929497,17.157232704402517,73.01,B,1.300503,1.714286,1.0,114.94,588,13528600.0,30,1,30692.93,0.7496,브랜드·카테고리 평균 대비 초과 성장 신호가 강함,월 리뷰 수가 전체 매장 상위권에 속함,답글률과 응답속도 기준 운영 대응력이 우수함
ba_14352915,2025-09,본죽&비빔밥 대구다사역점,본그룹,백반·죽·국수,대구광역시,달성군,실험군,0.8148120243284916,81.48120243284916,42.86454297364284,67.83626315789475,99.15715307166244,87.1078826140628,50.0,72.99,B,0.053063,1.777778,1.0,56.34,80,1459200.0,3,0,,,답글률과 응답속도 기준 운영 대응력이 우수함,주문·리뷰 변동성이 낮아 안정성이 높음,
ba_14691036,2025-09,본죽&비빔밥 대구다사역점,본그룹,백반·죽·국수,대구광역시,달성군,실험군,0.8739276652062966,87.39276652062966,61.430740076022936,23.872184210526317,97.54635632447375,87.64231952853014,50.0,72.92,B,0.8905,0.107143,1.0,110.15,191,4832800.0,11,0,,,답글률과 응답속도 기준 운영 대응력이 우수함,주문·리뷰 변동성이 낮아 안정성이 높음,
ba_14691974,2025-09,본죽&비빔밥 부산율리점,본그룹,백반·죽·국수,부산광역시,북구,실험군,0.881832505711675,88.1832505711675,47.49812758287008,47.36842105263158,98.10763562218398,83.09415232682973,50.0,72.87,B,0.262063,1.0,1.0,91.4,215,5632600.0,11,0,,,답글률과 응답속도 기준 운영 대응력이 우수함,주문·리뷰 변동성이 낮아 안정성이 높음,
ba_13973745,2025-09,굽네피자 가산점,굽네치킨,피자,서울특별시,금천구,실험군,0.928193984522928,92.8193984522928,40.271664405207645,34.21052631578947,81.89429731680698,98.48256296592429,100.0,72.84,B,-0.06389,0.5,1.0,633.02,4,122700.0,1,1,17078.26,1.7961,답글률과 응답속도 기준 운영 대응력이 우수함,서울 동일 자치구·유사업종 상권 대비 객단가 경쟁력이 있음,주문·리뷰 변동성이 낮아 안정성이 높음
ba_14702996,2025-09,본죽&비빔밥 사당연세사랑병원점,본그룹,백반·죽·국수,서울특별시,서초구,실험군,0.7091169688262197,70.91169688262197,82.40584691866901,56.14034210526317,99.04789070170817,97.31992092703328,22.431865828092242,72.83,B,1.836592,1.333333,1.0,59.99,45,1354000.0,2,1,37031.57,0.8125,브랜드·카테고리 평균 대비 초과 성장 신호가 강함,답글률과 응답속도 기준 운영 대응력이 우수함,서울 동일 자치구·유사업종 상권 대비 객단가 포지션이 약함
ba_14687382,2025-09,본죽&비빔밥 노량진점,본그룹,백반·죽·국수,서울특별시,동작구,실험군,0.907044409785318,90.70444097853179,91.21841492940962,52.47447368421053,97.74272924143264,36.0510644758559,1.9203354297693855,72.81,B,2.234087,1.19403,1.0,103.59,707,12599400.0,38,1,31379.83,0.5679,브랜드·카테고리 평균 대비 초과 성장 신호가 강함,월 리뷰 수가 전체 매장 상위권에 속함,답글률과 응답속도 기준 운영 대응력이 우수함
ba_14691044,2025-09,본죽&비빔밥 대구대곡역점,본그룹,백반·죽·국수,대구광역시,달성군,실험군,0.6932136508084276,69.32136508084275,90.99609154921185,100.0,17.5,81.35196109740455,50.0,72.77,B,2.224059,4.0,0.0,,298,6312800.0,12,0,,,브랜드·카테고리 평균 대비 초과 성장 신호가 강함,최근 리뷰 성장 흐름이 우수함,주문·리뷰 변동성이 낮아 안정성이 높음
ba_14692246,2025-09,본죽&비빔밥 천안성성점,본그룹,백반·죽·국수,충청남도,천안시,실험군,0.919582195116858,91.9582195116858,46.72447414495816,31.578947368421055,98.02770945019003,93.91808792831218,50.0,72.7,B,0.227167,0.4,1.0,94.07,245,5778200.0,9,0,,,답글률과 응답속도 기준 운영 대응력이 우수함,주문·리뷰 변동성이 낮아 안정성이 높음,
ba_14692012,2025-09,본죽&비빔밥 여수여서점,본그룹,백반·죽·국수,전라남도,여수시,실험군,0.9836672248260504,98.36672248260504,93.2190149675314,16.599184210526317,42.45830411117307,60.429594843995645,50.0,72.63,B,2.324325,-0.169231,0.15,104.74,712,16835900.0,20,0,,,브랜드·카테고리 평균 대비 초과 성장 신호가 강함,월 리뷰 수가 전체 매장 상위권에 속함,
ba_13234790,2025-09,굽네치킨 덕정점,굽네치킨,치킨,경기도,양주시,실험군,0.8337739688740283,83.37739688740284,67.53195164200439,42.233631578947374,98.94671075364093,53.051051121930136,50.0,72.55,B,1.165698,0.804878,1.0,63.37,562,16923200.0,19,0,,,월 리뷰 수가 전체 매장 상위권에 속함,답글률과 응답속도 기준 운영 대응력이 우수함,
ba_14640352,2025-09,본죽&비빔밥 광주삼각점,본그룹,백반·죽·국수,광주광역시,북구,실험군,0.8575212761055929,85.7521276105593,59.56642063403955,32.33081578947369,98.17049890352752,80.56716638449892,50.0,72.54,B,0.806409,0.428571,1.0,89.3,168,4342100.0,6,0,,,답글률과 응답속도 기준 운영 대응력이 우수함,주문·리뷰 변동성이 낮아 안정성이 높음,
ba_14690806,2025-09,본죽&비빔밥 광주백운대성초교점,본그룹,백반·죽·국수,광주광역시,남구,실험군,0.8668308299207348,86.68308299207348,54.16993516362513,31.81818421052631,99.75255815067345,88.56659545936971,50.0,72.47,B,0.562998,0.409091,1.0,36.45,152,3960700.0,15,0,,,월 리뷰 수가 전체 매장 상위권에 속함,답글률과 응답속도 기준 운영 대응력이 우수함,주문·리뷰 변동성이 낮아 안정성이 높음
ba_14392310,2025-09,굽네피자 등촌2동점,굽네치킨,피자,서울특별시,강서구,실험군,0.9058733378302776,90.58733378302776,40.745797613116416,35.672526315789476,93.23782676077057,93.27607673978574,89.25786163522014,72.43,B,-0.042504,0.555556,1.0,254.08,41,1055100.0,6,1,15989.55,1.6094,답글률과 응답속도 기준 운영 대응력이 우수함,서울 동일 자치구·유사업종 상권 대비 객단가 경쟁력이 있음,주문·리뷰 변동성이 낮아 안정성이 높음
ba_13233592,2025-09,본죽&비빔밥 대구대학교점,본그룹,백반·죽·국수,경상북도,경산시,실험군,0.816898024839657,81.6898024839657,60.613233861283014,34.21052631578947,97.71039955388451,88.42805360397173,50.0,72.38,B,0.853626,0.5,1.0,104.67,144,3015300.0,8,0,,,답글률과 응답속도 기준 운영 대응력이 우수함,주문·리뷰 변동성이 낮아 안정성이 높음,
ba_14691344,2025-09,본죽&비빔밥 경산사동점,본그룹,백반·죽·국수,경상북도,경산시,실험군,0.9225903279396428,92.25903279396428,46.30301747787007,32.60589473684211,96.81414877130081,88.26651435289806,50.0,72.11,B,0.208157,0.439024,1.0,134.61,352,7557100.0,20,0,,,월 리뷰 수가 전체 매장 상위권에 속함,답글률과 응답속도 기준 운영 대응력이 우수함,주문·리뷰 변동성이 낮아 안정성이 높음
ba_14689610,2025-09,본죽 동인천점,본그룹,백반·죽·국수,인천광역시,중구,실험군,0.9508883969320284,95.08883969320284,87.07027036134811,27.631578947368425,39.335499999999996,70.01114368532413,50.0,72.09,B,2.046983,0.25,0.0667,22.27,590,13196800.0,15,0,,,브랜드·카테고리 평균 대비 초과 성장 신호가 강함,월 리뷰 수가 전체 매장 상위권에 속함,주문·리뷰 변동성이 낮아 안정성이 높음
ba_14689940,2025-09,본죽&비빔밥 안양성원점,본그룹,백반·죽·국수,경기도,안양시,실험군,0.8746673252040018,87.46673252040019,61.70405505718348,14.473684210526317,97.1913284593621,89.14356503779959,50.0,71.7,B,0.902828,-0.25,1.0,122.01,189,4956300.0,11,0,,,답글률과 응답속도 기준 운영 대응력이 우수함,주문·리뷰 변동성이 낮아 안정성이 높음,
ba_14688525,2025-09,본죽 시흥시화병원점,본그룹,백반·죽·국수,경기도,시흥시,실험군,0.9570324324352596,95.70324324352596,94.32018967545345,21.30326315789474,42.140614790917574,50.86840459554045,50.0,71.68,B,2.373994,0.009524,0.1176,45.0,570,12482200.0,17,0,,,브랜드·카테고리 평균 대비 초과 성장 신호가 강함,월 리뷰 수가 전체 매장 상위권에 속함,
ba_14688907,2025-09,본죽&비빔밥 고양행신역점,본그룹,백반·죽·국수,경기도,고양시,실험군,0.9065064109383144,90.65064109383144,43.62431782798838,34.21052631578947,98.31268965894745,91.05989006308897,50.0,71.62,B,0.087333,0.5,1.0,84.55,208,5187700.0,11,0,,,답글률과 응답속도 기준 운영 대응력이 우수함,주문·리뷰 변동성이 낮아 안정성이 높음,
ba_14504490,2025-09,본죽&비빔밥 부천순천향병원앞점,본그룹,백반·죽·국수,경기도,부천시,실험군,0.955457071705844,95.54570717058441,20.1333740748835,100.0,94.89382520073485,36.77488407924729,50.0,71.39,B,-0.972237,4.277778,1.0,198.76,563,10065500.0,39,0,,,브랜드·카테고리 평균 대비 성장 신호가 약함,최근 리뷰 성장 흐름이 우수함,답글률과 응답속도 기준 운영 대응력이 우수함
ba_14688180,2025-09,본죽&비빔밥 왕십리뉴타운점,본그룹,백반·죽·국수,서울특별시,성동구,실험군,0.9494865070002004,94.94865070002004,70.99439219868412,43.15789473684211,98.24383939842832,59.06118199717187,10.876310272536681,71.37,B,1.321873,0.84,1.0,86.85,705,15996800.0,41,1,33628.43,0.6747,브랜드·카테고리 평균 대비 초과 성장 신호가 강함,월 리뷰 수가 전체 매장 상위권에 속함,답글률과 응답속도 기준 운영 대응력이 우수함
ba_14688363,2025-09,본죽&비빔밥 목동역점,본그룹,백반·죽·국수,서울특별시,양천구,실험군,0.8485440278218788,84.85440278218788,69.25611069212397,47.36842105263158,95.78678314477199,84.16588052317941,21.44234800838574,71.36,B,1.243467,1.0,1.0,168.93,194,4502000.0,15,1,28984.02,0.8007,월 리뷰 수가 전체 매장 상위권에 속함,답글률과 응답속도 기준 운영 대응력이 우수함,서울 동일 자치구·유사업종 상권 대비 객단가 포지션이 약함
ba_14692201,2025-09,본죽&비빔밥 세종반곡점,본그룹,백반·죽·국수,세종특별자치시,한누리대로,실험군,0.9493779023263488,94.93779023263488,33.99486436982391,36.09023684210527,97.15121569888574,95.90708233988093,50.0,71.3,B,-0.347008,0.571429,1.0,123.35,191,4790000.0,2,0,,,브랜드·카테고리 평균 대비 성장 신호가 약함,답글률과 응답속도 기준 운영 대응력이 우수함,주문·리뷰 변동성이 낮아 안정성이 높음
ba_14689993,2025-09,본죽&비빔밥 용인구갈점,본그룹,백반·죽·국수,경기도,용인시,실험군,0.9390525502127288,93.90525502127288,43.91077977409281,25.4386052631579,97.77595697585707,89.77880172945918,50.0,71.3,B,0.100254,0.166667,1.0,102.48,343,9157200.0,13,0,,,답글률과 응답속도 기준 운영 대응력이 우수함,주문·리뷰 변동성이 낮아 안정성이 높음,
ba_14606315,2025-09,본죽&비빔밥 의정부범골역점,본그룹,백반·죽·국수,경기도,의정부시,실험군,0.4183839710601619,41.83839710601619,100.0,100.0,50.0,91.36706746573886,50.0,71.28,B,4.290115,3.5,,,34,641600.0,0,0,,,브랜드·카테고리 평균 대비 초과 성장 신호가 강함,최근 리뷰 성장 흐름이 우수함,주문·리뷰 변동성이 낮아 안정성이 높음
ba_14694278,2025-09,본죽&비빔밥 오금동사거리점,본그룹,백반·죽·국수,서울특별시,송파구,실험군,0.8117852497197303,81.17852497197303,72.53839570557606,51.7543947368421,98.16211713268171,88.90353959588589,10.616352201257858,71.19,B,1.391516,1.166667,1.0,89.58,136,3070200.0,6,1,33611.9,0.6716,브랜드·카테고리 평균 대비 초과 성장 신호가 강함,답글률과 응답속도 기준 운영 대응력이 우수함,서울 동일 자치구·유사업종 상권 대비 객단가 포지션이 약함
ba_13243585,2025-09,본죽&비빔밥 쌍문점,본그룹,백반·죽·국수,서울특별시,도봉구,실험군,0.7947771947964519,79.47771947964519,64.22762938883186,69.29823684210528,96.08942494209735,91.29703623022236,10.138364779874214,71.04,B,1.016655,1.833333,1.0,158.82,63,1227500.0,6,1,29258.99,0.6659,답글률과 응답속도 기준 운영 대응력이 우수함,서울 동일 자치구·유사업종 상권 대비 객단가 포지션이 약함,주문·리뷰 변동성이 낮아 안정성이 높음
ba_13984579,2025-09,굽네피자 암사3동점,굽네치킨,피자,서울특별시,강동구,실험군,0.9096149239409947,90.96149239409948,38.054638276390776,50.0,97.20090762604302,83.55354701293683,64.25157232704403,71.03,B,-0.16389,,1.0,121.69,156,3400000.0,5,1,16622.66,1.3112,답글률과 응답속도 기준 운영 대응력이 우수함,주문·리뷰 변동성이 낮아 안정성이 높음,
ba_14692433,2025-09,본죽&비빔밥 충주계룡힐스점,본그룹,백반·죽·국수,충청북도,충주시,실험군,0.907623067001982,90.76230670019821,55.78588116839717,39.359263157894745,72.87133926500422,82.92097171547678,50.0,70.84,B,0.635886,0.695652,0.6429,159.04,336,8809700.0,14,0,,,월 리뷰 수가 전체 매장 상위권에 속함,답글률과 응답속도 기준 운영 대응력이 우수함,주문·리뷰 변동성이 낮아 안정성이 높음
ba_13550181,2025-09,본죽&비빔밥 양주고읍점,본그룹,백반·죽·국수,경기도,양주시,실험군,0.7890351265761036,78.90351265761036,40.998738124153135,56.14034210526317,99.37986869699385,96.36238921199723,50.0,70.83,B,-0.031095,1.333333,1.0,48.9,32,786200.0,3,0,,,답글률과 응답속도 기준 운영 대응력이 우수함,주문·리뷰 변동성이 낮아 안정성이 높음,
ba_14689756,2025-09,본죽 경기광주신현점,본그룹,백반·죽·국수,경기도,광주시,실험군,0.9654258466063282,96.54258466063283,40.43876166453657,21.05263157894737,98.97724434743637,88.28718731907941,50.0,70.73,B,-0.056353,0.0,1.0,62.35,447,11212500.0,13,0,,,답글률과 응답속도 기준 운영 대응력이 우수함,주문·리뷰 변동성이 낮아 안정성이 높음,
ba_13249989,2025-09,굽네치킨 달동점,굽네치킨,치킨,울산광역시,남구,실험군,0.9901580185465904,99.01580185465903,46.10029260865105,69.12171052631578,94.19352520005063,0.0,50.0,70.68,B,0.199013,1.826625,0.9963,214.12,2536,71333700.0,544,0,,,월 리뷰 수가 전체 매장 상위권에 속함,답글률과 응답속도 기준 운영 대응력이 우수함,
ba_10476209,2025-09,굽네치킨 경남사천점,굽네치킨,치킨,경상남도,사천시,실험군,0.7886609483324464,78.86609483324463,60.609664449215614,100.0,66.90628196619238,28.74369172872277,50.0,70.67,B,0.853465,6.0,0.625,319.44,625,19044400.0,8,0,,,최근 리뷰 성장 흐름이 우수함,,
ba_14690660,2025-09,본죽&비빔밥 김해안동푸르지오점,본그룹,백반·죽·국수,경상남도,김해시,실험군,0.9403854446040484,94.03854446040484,47.32371413731607,24.935289473684215,91.33253392906627,84.85641896156386,50.0,70.67,B,0.254196,0.147541,0.9,100.59,424,9515400.0,20,0,,,월 리뷰 수가 전체 매장 상위권에 속함,답글률과 응답속도 기준 운영 대응력이 우수함,주문·리뷰 변동성이 낮아 안정성이 높음
ba_14690124,2025-09,본죽&비빔밥 새터마을죽전현대홈타운점,본그룹,백반·죽·국수,경기도,용인시,실험군,0.8256160522330226,82.56160522330227,55.851904206513325,24.812026315789478,95.86461387405448,97.0447603861142,50.0,70.67,B,0.638864,0.142857,1.0,166.33,82,2070400.0,2,0,,,답글률과 응답속도 기준 운영 대응력이 우수함,주문·리뷰 변동성이 낮아 안정성이 높음,
ba_14699201,2025-09,본죽 전농동점,본그룹,백반·죽·국수,서울특별시,동대문구,실험군,0.7273539500507121,72.73539500507121,100.0,50.292394736842105,64.45184929233906,85.25267647827332,20.82180293501048,70.66,B,6.049394,1.111111,0.5,130.01,184,4085200.0,4,1,27985.41,0.7933,브랜드·카테고리 평균 대비 초과 성장 신호가 강함,서울 동일 자치구·유사업종 상권 대비 객단가 포지션이 약함,주문·리뷰 변동성이 낮아 안정성이 높음
ba_14720262,2025-09,굽네치킨 강화온수점,굽네치킨,치킨,인천광역시,강화군,실험군,0.5263668338565235,52.63668338565235,54.398599238551306,100.0,97.32064720955452,90.1933473654579,50.0,70.64,B,0.573312,5.0,1.0,117.69,43,1730600.0,2,0,,,최근 리뷰 성장 흐름이 우수함,답글률과 응답속도 기준 운영 대응력이 우수함,주문·리뷰 변동성이 낮아 안정성이 높음
ba_13630053,2025-09,본죽&비빔밥 경남사천점,본그룹,백반·죽·국수,경상남도,사천시,실험군,0.8971569609899895,89.71569609899895,56.03662682356636,13.377184210526316,93.86645957420603,91.3793336065484,50.0,70.63,B,0.647196,-0.291667,1.0,233.08,260,5857400.0,5,0,,,답글률과 응답속도 기준 운영 대응력이 우수함,주문·리뷰 변동성이 낮아 안정성이 높음,
ba_14690673,2025-09,본죽&비빔밥 광주수완점,본그룹,백반·죽·국수,광주광역시,광산구,실험군,0.9655509524504208,96.55509524504208,37.66606010679305,39.359263157894745,92.74955332858936,75.46995288554967,50.0,70.57,B,-0.181417,0.695652,0.9375,134.68,570,12904900.0,16,0,,,월 리뷰 수가 전체 매장 상위권에 속함,답글률과 응답속도 기준 운영 대응력이 우수함,주문·리뷰 변동성이 낮아 안정성이 높음
ba_14688924,2025-09,본죽&비빔밥 서대문역점,본그룹,백반·죽·국수,서울특별시,종로구,실험군,0.9071876687417112,90.71876687417112,82.85133614899347,44.272447368421055,95.50778991519016,39.74512437776362,9.048218029350105,70.57,B,1.856686,0.882353,1.0,178.25,556,13045000.0,13,1,35936.38,0.6529,브랜드·카테고리 평균 대비 초과 성장 신호가 강함,답글률과 응답속도 기준 운영 대응력이 우수함,서울 동일 자치구·유사업종 상권 대비 객단가 포지션이 약함
ba_14654803,2025-09,본죽&비빔밥 포항이인지구점,본그룹,백반·죽·국수,경상북도,포항시,실험군,0.8790122737979186,87.90122737979186,48.0016142167244,31.419447368421054,97.58766648078522,83.923430885389,50.0,70.51,B,0.284773,0.393939,1.0,108.77,342,7863800.0,22,0,,,월 리뷰 수가 전체 매장 상위권에 속함,답글률과 응답속도 기준 운영 대응력이 우수함,주문·리뷰 변동성이 낮아 안정성이 높음
ba_14691996,2025-09,본죽&비빔밥 부산덕천점,본그룹,백반·죽·국수,부산광역시,북구,실험군,0.8352700464302041,83.5270046430204,74.93265090313054,40.0,54.10467064430159,83.74575785792187,50.0,70.46,B,1.49951,0.72,0.3636,179.49,247,6252600.0,11,0,,,브랜드·카테고리 평균 대비 초과 성장 신호가 강함,주문·리뷰 변동성이 낮아 안정성이 높음,
ba_14690565,2025-09,본죽 창원중앙동점,본그룹,백반·죽·국수,경상남도,창원시,실험군,0.7749360153806502,77.49360153806502,99.79469229534091,18.128657894736847,43.125,88.57849098344789,50.0,70.12,B,2.620924,-0.111111,0.125,11.43,181,4584000.0,8,0,,,브랜드·카테고리 평균 대비 초과 성장 신호가 강함,주문·리뷰 변동성이 낮아 안정성이 높음,
ba_14692211,2025-09,본죽&비빔밥 세종해밀점,본그룹,백반·죽·국수,세종특별자치시,해밀3로,실험군,0.9038954220516208,90.38954220516207,48.85971417988297,22.697368421052634,93.04893756778115,87.99466737358253,50.0,70.01,B,0.323478,0.0625,1.0,260.39,288,7271300.0,17,0,,,월 리뷰 수가 전체 매장 상위권에 속함,답글률과 응답속도 기준 운영 대응력이 우수함,주문·리뷰 변동성이 낮아 안정성이 높음
ba_14736683,2025-09,본죽&비빔밥 신림녹두거리점,본그룹,백반·죽·국수,서울특별시,관악구,실험군,0.9084212154635803,90.84212154635803,56.0191123171487,62.44826315789474,98.18097611708478,53.4482093548403,22.658280922431867,69.98,B,0.646406,1.573034,1.0,88.95,333,7651400.0,50,1,28186.93,0.8152,월 리뷰 수가 전체 매장 상위권에 속함,답글률과 응답속도 기준 운영 대응력이 우수함,서울 동일 자치구·유사업종 상권 대비 객단가 포지션이 약함
ba_14712294,2025-09,본죽&비빔밥 서울대입구역점,본그룹,백반·죽·국수,서울특별시,관악구,실험군,0.9660150732159284,96.60150732159283,61.95717293031051,45.98336842105263,96.95304668817417,49.338997181051056,18.64989517819706,69.97,B,0.914245,0.947368,1.0,129.97,1016,21976700.0,43,1,28186.93,0.7674,월 리뷰 수가 전체 매장 상위권에 속함,답글률과 응답속도 기준 운영 대응력이 우수함,서울 동일 자치구·유사업종 상권 대비 객단가 포지션이 약함
ba_13230969,2025-09,본죽&비빔밥 새터마을죽전현대홈타운점,본그룹,백반·죽·국수,경기도,용인시,실험군,0.7203252162620684,72.03252162620683,55.398411511863834,47.36842105263158,94.26609043417574,95.96443569814369,50.0,69.9,B,0.618409,1.0,1.0,219.73,22,807900.0,2,0,,,답글률과 응답속도 기준 운영 대응력이 우수함,주문·리뷰 변동성이 낮아 안정성이 높음,
ba_14268780,2025-09,본죽&비빔밥 세종집현점,본그룹,백반·죽·국수,세종특별자치시,남세종로,실험군,0.7936361403623682,79.36361403623681,67.60025821703323,9.09092105263158,96.13582403070806,93.44969247149182,50.0,69.81,B,1.168779,-0.454545,1.0,157.27,85,1803900.0,5,0,,,답글률과 응답속도 기준 운영 대응력이 우수함,주문·리뷰 변동성이 낮아 안정성이 높음,
ba_14688371,2025-09,본죽&비빔밥 목동사거리점,본그룹,백반·죽·국수,서울특별시,양천구,실험군,0.8654633332746551,86.5463333274655,60.925878885968764,46.115289473684214,97.6571154392219,77.72767158580747,22.238993710691826,69.6,B,0.867728,0.952381,1.0,106.45,285,6692400.0,9,1,28984.02,0.8102,답글률과 응답속도 기준 운영 대응력이 우수함,서울 동일 자치구·유사업종 상권 대비 객단가 포지션이 약함,주문·리뷰 변동성이 낮아 안정성이 높음
ba_14691088,2025-09,본죽&비빔밥 경산터미널점,본그룹,백반·죽·국수,경상북도,경산시,실험군,0.8140773752271515,81.40773752271515,55.129153688519025,21.05263157894737,98.32586101313372,93.05831103561997,50.0,69.49,B,0.606264,0.0,1.0,84.11,117,2701800.0,4,0,,,답글률과 응답속도 기준 운영 대응력이 우수함,주문·리뷰 변동성이 낮아 안정성이 높음,
ba_14719522,2025-09,본죽&비빔밥 전주혁신도시점,본그룹,백반·죽·국수,전북특별자치도,완주군,실험군,0.8675003066492485,86.75003066492485,36.88340554279812,37.969921052631584,98.11362260135955,92.78874820256412,50.0,69.27,B,-0.216719,0.642857,1.0,91.2,185,3492600.0,7,0,,,답글률과 응답속도 기준 운영 대응력이 우수함,주문·리뷰 변동성이 낮아 안정성이 높음,
ba_13752011,2025-09,굽네치킨 영통2동점,굽네치킨,치킨,경기도,수원시,실험군,0.9116452418161906,91.16452418161906,45.65147783913336,20.3171052631579,99.08040528598946,79.47099101422992,50.0,69.18,B,0.178769,-0.02795,0.9907,38.71,993,27124800.0,107,0,,,월 리뷰 수가 전체 매장 상위권에 속함,답글률과 응답속도 기준 운영 대응력이 우수함,주문·리뷰 변동성이 낮아 안정성이 높음
ba_14688656,2025-09,본죽&비빔밥 문래힐스테이트점,본그룹,백반·죽·국수,서울특별시,영등포구,실험군,0.8360182434342944,83.60182434342944,44.38923618295277,93.42105263157895,87.0110690692129,90.99753342680037,2.0628930817610027,69.08,B,0.121835,2.75,1.0,462.09,97,2116600.0,4,1,38305.65,0.5696,최근 리뷰 성장 흐름이 우수함,답글률과 응답속도 기준 운영 대응력이 우수함,서울 동일 자치구·유사업종 상권 대비 객단가 포지션이 약함
ba_14530939,2025-09,본죽 경북청도점,본그룹,백반·죽·국수,경상북도,청도군,실험군,0.824371468034856,82.43714680348559,51.82157240693714,21.05263157894737,98.91378236817528,91.92095175833639,50.0,69.0,B,0.457074,0.0,1.0,64.47,141,3046100.0,4,0,,,답글률과 응답속도 기준 운영 대응력이 우수함,주문·리뷰 변동성이 낮아 안정성이 높음,
ba_14689485,2025-09,본죽&비빔밥 수원광교역점,본그룹,백반·죽·국수,경기도,수원시,실험군,0.8464531540880383,84.64531540880384,43.1824201799926,26.90057894736842,100.0,94.98977640235731,50.0,68.96,B,0.067401,0.222222,1.0,27.61,125,3165600.0,1,0,,,답글률과 응답속도 기준 운영 대응력이 우수함,주문·리뷰 변동성이 낮아 안정성이 높음,
ba_14688559,2025-09,본죽 용인강남대점,본그룹,백반·죽·국수,경기도,용인시,실험군,0.8364045987594867,83.64045987594866,67.70521223397142,38.596500000000006,53.570499999999996,88.85605556601838,50.0,68.91,B,1.173513,0.666667,0.2857,18.74,124,3269100.0,7,0,,,주문·리뷰 변동성이 낮아 안정성이 높음,,
ba_14691155,2025-09,본죽&비빔밥 대구침산네거리점,본그룹,백반·죽·국수,대구광역시,북구,실험군,0.9598467509560696,95.98467509560696,42.77082927917775,20.835157894736845,97.6232890068799,65.84789117127593,50.0,68.64,B,0.048836,-0.008264,1.0,107.58,472,12126500.0,20,0,,,월 리뷰 수가 전체 매장 상위권에 속함,답글률과 응답속도 기준 운영 대응력이 우수함,
ba_13200219,2025-09,본죽&비빔밥 안성당왕점,본그룹,백반·죽·국수,경기도,안성시,실험군,0.8508082799480935,85.08082799480935,42.92358237945323,27.631578947368425,98.1950455181474,91.21594610835251,50.0,68.5,B,0.055726,0.25,1.0,88.48,106,2537800.0,3,0,,,답글률과 응답속도 기준 운영 대응력이 우수함,주문·리뷰 변동성이 낮아 안정성이 높음,
ba_14513076,2025-09,본죽&비빔밥 광주첨단점,본그룹,백반·죽·국수,광주광역시,광산구,실험군,0.8226270356336786,82.26270356336785,51.385350345831135,23.44497368421053,97.80080293943571,86.3922407906934,50.0,68.46,B,0.437398,0.090909,1.0,101.65,143,2667000.0,2,0,,,답글률과 응답속도 기준 운영 대응력이 우수함,주문·리뷰 변동성이 낮아 안정성이 높음,
ba_14689869,2025-09,본죽&비빔밥 비산사거리점,본그룹,백반·죽·국수,경기도,안양시,실험군,0.8607524619070375,86.07524619070375,36.20989517512484,39.473684210526315,95.4649830140848,90.19899363508789,50.0,68.44,B,-0.247098,0.7,1.0,179.68,165,4626700.0,11,0,,,답글률과 응답속도 기준 운영 대응력이 우수함,주문·리뷰 변동성이 낮아 안정성이 높음,
ba_13229107,2025-09,본죽 대덕테크노밸리점,본그룹,백반·죽·국수,대전광역시,유성구,실험군,0.8382532511118094,83.82532511118093,30.46285353322189,73.68421052631578,77.13223692529277,87.6335650269618,50.0,68.34,B,-0.506321,2.0,0.6667,68.38,100,1835700.0,6,0,,,브랜드·카테고리 평균 대비 성장 신호가 약함,최근 리뷰 성장 흐름이 우수함,답글률과 응답속도 기준 운영 대응력이 우수함
ba_13787561,2025-09,본죽&비빔밥 평택시청점,본그룹,백반·죽·국수,경기도,평택시,실험군,0.8209884177117301,82.09884177117301,31.422714995693156,55.59210526315789,99.88816322900024,84.27010438545813,50.0,68.34,B,-0.463026,1.3125,1.0,31.92,88,1799800.0,3,0,,,브랜드·카테고리 평균 대비 성장 신호가 약함,답글률과 응답속도 기준 운영 대응력이 우수함,주문·리뷰 변동성이 낮아 안정성이 높음
ba_14441181,2025-09,굽네치킨 나주빛가람점,굽네치킨,치킨,전라남도,나주시,실험군,0.891318294202518,89.13182942025179,57.36030227377646,100.0,38.757002810459085,19.300385048015418,50.0,68.28,B,0.706901,3.086957,0.0789,74.0,806,22386600.0,38,0,,,최근 리뷰 성장 흐름이 우수함,,
ba_10657170,2025-09,굽네치킨 가좌1호점,굽네치킨,치킨,인천광역시,서구,실험군,0.8109732495838163,81.09732495838163,48.07510863289468,60.526315789473685,93.76752533347475,46.38766507817027,50.0,68.19,B,0.288088,1.5,0.9565,141.93,593,16047700.0,46,0,,,월 리뷰 수가 전체 매장 상위권에 속함,답글률과 응답속도 기준 운영 대응력이 우수함,
ba_14251741,2025-09,굽네치킨 태전점,굽네치킨,치킨,대구광역시,북구,실험군,0.7158965570889432,71.58965570889431,100.0,15.553815789473685,72.14298782932661,49.405668147365816,50.0,68.15,B,39.796824,-0.208955,0.6667,235.05,551,14567700.0,12,0,,,브랜드·카테고리 평균 대비 초과 성장 신호가 강함,답글률과 응답속도 기준 운영 대응력이 우수함,
ba_10627648,2025-09,굽네치킨 상주냉림무양점,굽네치킨,치킨,경상북도,상주시,실험군,0.7508608305371062,75.08608305371062,46.01356254649174,76.60818421052632,83.46149421486754,62.78613300643052,50.0,68.07,B,0.195101,2.111111,0.7857,115.34,359,10433100.0,14,0,,,최근 리뷰 성장 흐름이 우수함,답글률과 응답속도 기준 운영 대응력이 우수함,
ba_14582073,2025-09,굽네치킨 양주덕계점,굽네치킨,치킨,경기도,양주시,실험군,0.8213211408870333,82.13211408870333,54.336101271979956,22.570842105263157,95.92059212934612,79.18684989281046,50.0,68.02,B,0.570493,0.057692,1.0,164.46,533,15813300.0,22,0,,,월 리뷰 수가 전체 매장 상위권에 속함,답글률과 응답속도 기준 운영 대응력이 우수함,주문·리뷰 변동성이 낮아 안정성이 높음
ba_10798649,2025-09,굽네치킨 암사3동점,굽네치킨,치킨,서울특별시,강동구,실험군,0.9346823053319272,93.46823053319272,86.69783214196816,27.791184210526314,93.64479395041413,8.601017682752905,18.213836477987417,67.94,B,2.030184,0.256065,0.9841,205.96,1169,28543500.0,126,1,32035.06,0.7622,브랜드·카테고리 평균 대비 초과 성장 신호가 강함,월 리뷰 수가 전체 매장 상위권에 속함,답글률과 응답속도 기준 운영 대응력이 우수함
ba_14687333,2025-09,본죽&비빔밥 석계역점,본그룹,백반·죽·국수,서울특별시,노원구,실험군,0.9207513813086952,92.07513813086952,74.64290775835548,28.90121052631579,97.05243054248874,38.948402538231726,15.714884696016773,67.88,B,1.486441,0.298246,1.0,126.65,582,13007500.0,22,1,30516.96,0.7324,브랜드·카테고리 평균 대비 초과 성장 신호가 강함,월 리뷰 수가 전체 매장 상위권에 속함,답글률과 응답속도 기준 운영 대응력이 우수함
ba_14688582,2025-09,본죽&비빔밥 오목교역점,본그룹,백반·죽·국수,서울특별시,양천구,실험군,0.9480347821732762,94.80347821732762,49.15493337919622,33.82352631578948,95.39112468311774,81.50180657120377,21.752620545073373,67.88,B,0.336794,0.485294,0.9744,126.56,688,16041100.0,39,1,28984.02,0.8044,월 리뷰 수가 전체 매장 상위권에 속함,답글률과 응답속도 기준 운영 대응력이 우수함,서울 동일 자치구·유사업종 상권 대비 객단가 포지션이 약함
ba_14691194,2025-09,본죽&비빔밥 대구법원점,본그룹,백반·죽·국수,대구광역시,수성구,실험군,0.843391104965781,84.3391104965781,43.56858179110992,24.812026315789478,95.41080085254583,91.72076202672338,50.0,67.62,B,0.084819,0.142857,1.0,181.49,130,3430000.0,1,0,,,답글률과 응답속도 기준 운영 대응력이 우수함,주문·리뷰 변동성이 낮아 안정성이 높음,
ba_14691859,2025-09,본죽&비빔밥 울산오토밸리점,본그룹,백반·죽·국수,울산광역시,북구,실험군,0.8153451898193376,81.53451898193376,45.192065684719935,26.592789473684213,97.41404408469351,91.64549131973803,50.0,67.6,B,0.158047,0.210526,1.0,114.57,112,3179500.0,10,0,,,답글률과 응답속도 기준 운영 대응력이 우수함,주문·리뷰 변동성이 낮아 안정성이 높음,
ba_14371606,2025-09,본죽&비빔밥 부산내성교차로점,본그룹,백반·죽·국수,부산광역시,동래구,실험군,0.8602285430980692,86.02285430980692,45.35976154110365,12.280710526315792,98.00136674181752,95.28199417097831,50.0,67.52,B,0.165611,-0.333333,1.0,94.95,105,1872200.0,3,0,,,답글률과 응답속도 기준 운영 대응력이 우수함,주문·리뷰 변동성이 낮아 안정성이 높음,
ba_13199864,2025-09,본죽&비빔밥 울산남목점,본그룹,백반·죽·국수,울산광역시,동구,실험군,0.8254405200258677,82.54405200258677,45.28216562659505,22.514631578947373,98.95898406095087,90.67789483616247,50.0,67.5,B,0.162111,0.055556,1.0,62.96,83,1554100.0,2,0,,,답글률과 응답속도 기준 운영 대응력이 우수함,주문·리뷰 변동성이 낮아 안정성이 높음,
ba_13234089,2025-09,본죽 세종고운점,본그룹,백반·죽·국수,세종특별자치시,마음로,실험군,0.6508604522336786,65.08604522336786,100.0,50.0,17.5,95.79381803410968,50.0,67.48,B,4.204305,,0.0,,45,947800.0,2,0,,,브랜드·카테고리 평균 대비 초과 성장 신호가 강함,주문·리뷰 변동성이 낮아 안정성이 높음,
ba_10636817,2025-09,굽네치킨 양산물금점,굽네치킨,치킨,경상남도,양산시,실험군,0.6425488178755432,64.25488178755433,54.53150995497387,58.6466052631579,93.98111022541832,84.10756750990589,50.0,67.43,B,0.579307,1.428571,1.0,229.25,212,6591200.0,12,0,,,답글률과 응답속도 기준 운영 대응력이 우수함,주문·리뷰 변동성이 낮아 안정성이 높음,
ba_14691270,2025-09,본죽&비빔밥 대구용산장기점,본그룹,백반·죽·국수,대구광역시,달서구,실험군,0.95719282606437,95.71928260643699,36.559209811981226,34.21052631578947,89.4464952480491,61.56045247786697,50.0,67.35,B,-0.231342,0.5,0.9655,305.82,450,11287200.0,29,0,,,월 리뷰 수가 전체 매장 상위권에 속함,답글률과 응답속도 기준 운영 대응력이 우수함,
ba_14687340,2025-09,본죽&비빔밥 방학역점,본그룹,백반·죽·국수,서울특별시,도봉구,실험군,0.8992623667196931,89.9262366719693,60.59190606992379,31.6575,97.66100697568602,66.68309667473149,18.68343815513627,67.29,B,0.852664,0.402985,1.0,106.32,420,9435700.0,33,1,29258.99,0.7678,월 리뷰 수가 전체 매장 상위권에 속함,답글률과 응답속도 기준 운영 대응력이 우수함,서울 동일 자치구·유사업종 상권 대비 객단가 포지션이 약함
ba_14691295,2025-09,본죽&비빔밥 대구월촌역점,본그룹,백반·죽·국수,대구광역시,달서구,실험군,0.977770711061402,97.7770711061402,32.83910647861039,32.282210526315794,98.53809942490788,52.32722368921969,50.0,67.29,B,-0.399139,0.426724,1.0,77.02,655,14937800.0,59,0,,,브랜드·카테고리 평균 대비 성장 신호가 약함,월 리뷰 수가 전체 매장 상위권에 속함,답글률과 응답속도 기준 운영 대응력이 우수함
ba_12015187,2025-09,굽네피자 길음1동점,굽네치킨,피자,서울특별시,성북구,실험군,0.8345587848727491,83.45587848727492,38.054638276390776,50.0,50.0,99.03247179889406,100.0,67.26,B,-0.16389,,,,1,35700.0,0,1,16066.88,2.222,서울 동일 자치구·유사업종 상권 대비 객단가 경쟁력이 있음,주문·리뷰 변동성이 낮아 안정성이 높음,
ba_10020109,2025-09,굽네치킨 부산동삼점,굽네치킨,치킨,부산광역시,영도구,실험군,0.8449324101463218,84.49324101463218,44.75367093800769,57.81118421052632,93.21088535448048,38.350748180689486,50.0,67.25,B,0.138273,1.396825,1.0,254.98,691,18930200.0,54,0,,,월 리뷰 수가 전체 매장 상위권에 속함,답글률과 응답속도 기준 운영 대응력이 우수함,
ba_14688693,2025-09,본죽 평촌학원가점,본그룹,백반·죽·국수,경기도,안양시,실험군,0.9368418146172492,93.68418146172492,86.9746943649348,21.491236842105266,17.5,68.63904702517328,50.0,67.25,B,2.042672,0.016667,0.0,,676,17051700.0,24,0,,,브랜드·카테고리 평균 대비 초과 성장 신호가 강함,월 리뷰 수가 전체 매장 상위권에 속함,
ba_14689101,2025-09,본죽&비빔밥 강남성심병원점,본그룹,백반·죽·국수,서울특별시,영등포구,실험군,0.8511738910368335,85.11738910368335,54.24821835623364,47.36842105263158,98.08428640339923,88.52699033165536,6.0041928721174,67.22,B,0.566529,1.0,1.0,92.18,189,4464100.0,12,1,38305.65,0.6166,답글률과 응답속도 기준 운영 대응력이 우수함,서울 동일 자치구·유사업종 상권 대비 객단가 포지션이 약함,주문·리뷰 변동성이 낮아 안정성이 높음
ba_13219094,2025-09,본죽&비빔밥 남양주덕소점,본그룹,백반·죽·국수,경기도,남양주시,실험군,0.8115723770059871,81.1572377005987,45.443254745114885,24.342105263157897,94.80372116414244,95.31371249956118,50.0,67.17,B,0.169377,0.125,1.0,201.77,66,1378300.0,4,0,,,답글률과 응답속도 기준 운영 대응력이 우수함,주문·리뷰 변동성이 낮아 안정성이 높음,
ba_10776500,2025-09,굽네치킨 가양점,굽네치킨,치킨,서울특별시,강서구,실험군,0.7264981817844597,72.64981817844597,55.24448338774008,100.0,65.73804551130512,58.344268303802764,41.26624737945492,67.07,B,0.611466,3.888889,0.5714,242.08,334,9991500.0,14,1,28845.32,1.0371,최근 리뷰 성장 흐름이 우수함,,
ba_13267079,2025-09,본죽&비빔밥 대전송촌점,본그룹,백반·죽·국수,대전광역시,대덕구,실험군,0.8206638029146035,82.06638029146035,30.463540811321828,49.392710526315796,95.50778991519016,89.72714272069172,50.0,67.05,B,-0.50629,1.076923,1.0,178.25,78,1438700.0,12,0,,,브랜드·카테고리 평균 대비 성장 신호가 약함,답글률과 응답속도 기준 운영 대응력이 우수함,주문·리뷰 변동성이 낮아 안정성이 높음
ba_14688570,2025-09,본죽 용인상갈점,본그룹,백반·죽·국수,경기도,용인시,실험군,0.8362566895642475,83.62566895642475,45.60429952311215,14.979763157894737,98.91019018066993,92.84117965224257,50.0,67.04,B,0.176641,-0.230769,1.0,64.59,100,2586200.0,4,0,,,답글률과 응답속도 기준 운영 대응력이 우수함,주문·리뷰 변동성이 낮아 안정성이 높음,
ba_14396364,2025-09,본죽&비빔밥 용인어정역점,본그룹,백반·죽·국수,경기도,용인시,실험군,0.9041173981637558,90.41173981637559,28.58396822957217,33.333342105263156,98.4713446071002,84.83405146331393,50.0,67.04,B,-0.591069,0.466667,1.0,79.25,129,3420000.0,5,0,,,브랜드·카테고리 평균 대비 성장 신호가 약함,답글률과 응답속도 기준 운영 대응력이 우수함,주문·리뷰 변동성이 낮아 안정성이 높음
ba_14692985,2025-09,본죽&비빔밥 천안청당점,본그룹,백반·죽·국수,충청남도,천안시,실험군,0.7494796943594058,74.94796943594058,74.06415308742783,73.68421052631578,17.5,85.83598396970359,50.0,67.01,B,1.460336,2.0,0.0,,338,9169000.0,7,0,,,브랜드·카테고리 평균 대비 초과 성장 신호가 강함,최근 리뷰 성장 흐름이 우수함,주문·리뷰 변동성이 낮아 안정성이 높음
ba_14259741,2025-09,본죽&비빔밥 춘천우두택지점,본그룹,백반·죽·국수,강원특별자치도,춘천시,실험군,0.8301582725616148,83.01582725616147,41.8731553996198,26.31578947368421,94.82617233605085,92.49799608326143,50.0,66.94,B,0.008346,0.2,1.0,201.02,127,2628000.0,6,0,,,답글률과 응답속도 기준 운영 대응력이 우수함,주문·리뷰 변동성이 낮아 안정성이 높음,
ba_13226851,2025-09,본죽 부산진역점,본그룹,백반·죽·국수,부산광역시,동구,실험군,0.807617521820697,80.7617521820697,35.86392824772297,34.21052631578947,100.0,95.65779200164768,50.0,66.93,B,-0.262703,0.5,1.0,28.16,69,1280800.0,1,0,,,답글률과 응답속도 기준 운영 대응력이 우수함,주문·리뷰 변동성이 낮아 안정성이 높음,
ba_13412065,2025-09,굽네치킨 신길뉴타운점,굽네치킨,치킨,서울특별시,영등포구,실험군,0.9523174705563492,95.23174705563491,70.42525942115554,45.24355263157895,95.45690059219777,0.0,20.47798742138365,66.89,B,1.296202,0.919255,1.0,179.95,1592,45112000.0,301,1,35906.42,0.7892,브랜드·카테고리 평균 대비 초과 성장 신호가 강함,월 리뷰 수가 전체 매장 상위권에 속함,답글률과 응답속도 기준 운영 대응력이 우수함
ba_14669107,2025-09,굽네치킨 의정부용현점,굽네치킨,치킨,경기도,의정부시,실험군,0.8242827970253335,82.42827970253335,58.210265751042265,37.969921052631584,97.10152377172845,32.20357628426058,50.0,66.88,B,0.745239,0.642857,1.0,125.01,592,16844100.0,89,0,,,월 리뷰 수가 전체 매장 상위권에 속함,답글률과 응답속도 기준 운영 대응력이 우수함,
ba_14691089,2025-09,본죽&비빔밥 대전노은3지구점,본그룹,백반·죽·국수,대전광역시,유성구,실험군,0.8152235325673576,81.52235325673576,45.44407504478255,19.17292105263158,95.85114317090944,97.26203754107637,50.0,66.87,B,0.169414,-0.071429,1.0,166.78,125,3152100.0,4,0,,,답글률과 응답속도 기준 운영 대응력이 우수함,주문·리뷰 변동성이 낮아 안정성이 높음,
ba_14332093,2025-09,굽네피자 금당왕지점,굽네치킨,피자,전라남도,순천시,실험군,0.7001036872391332,70.01036872391332,53.31059366583442,47.36842105263158,85.80768625492215,89.75262396065862,50.0,66.78,B,0.524237,1.0,1.0,502.29,56,1807800.0,2,0,,,답글률과 응답속도 기준 운영 대응력이 우수함,주문·리뷰 변동성이 낮아 안정성이 높음,
ba_14689608,2025-09,본죽&비빔밥 평택신장점,본그룹,백반·죽·국수,경기도,평택시,통제군,0.761678999582301,76.1678999582301,46.51716003165249,47.36842105263158,96.90125931830545,68.06620178681703,50.0,66.74,B,0.217816,1.0,1.0,131.7,367,8876100.0,22,0,,,월 리뷰 수가 전체 매장 상위권에 속함,답글률과 응답속도 기준 운영 대응력이 우수함,
ba_13730162,2025-09,본죽&비빔밥 경산진량점,본그룹,백반·죽·국수,경상북도,경산시,실험군,0.8354158146853143,83.54158146853143,42.28920252295357,21.05263157894737,98.96527038908522,88.67715717575587,50.0,66.68,B,0.027112,0.0,1.0,62.75,192,4577400.0,8,0,,,답글률과 응답속도 기준 운영 대응력이 우수함,주문·리뷰 변동성이 낮아 안정성이 높음,
ba_14787776,2025-09,굽네치킨&피자 지제동삭점,굽네치킨,치킨,경기도,평택시,실험군,0.855090395797091,85.5090395797091,38.00094190355083,50.0,97.10421791235746,51.67237953001669,50.0,66.66,B,-0.166312,,1.0,124.92,462,14403100.0,14,0,,,월 리뷰 수가 전체 매장 상위권에 속함,답글률과 응답속도 기준 운영 대응력이 우수함,
ba_13233606,2025-09,본죽&비빔밥 대구칠곡관음점,본그룹,백반·죽·국수,대구광역시,북구,실험군,0.8154732739872815,81.54732739872816,39.26894782766635,29.27631578947369,98.1088330180191,91.74671002369647,50.0,66.64,B,-0.109118,0.3125,1.0,91.36,84,1688000.0,9,0,,,답글률과 응답속도 기준 운영 대응력이 우수함,주문·리뷰 변동성이 낮아 안정성이 높음,
ba_14725627,2025-09,본죽&비빔밥 가평현리점,본그룹,백반·죽·국수,경기도,가평군,실험군,0.8271858556525052,82.71858556525052,50.45453192564738,11.278184210526316,97.67597442362495,87.23815308703958,50.0,66.63,B,0.395413,-0.371429,1.0,105.82,148,3567500.0,14,0,,,월 리뷰 수가 전체 매장 상위권에 속함,답글률과 응답속도 기준 운영 대응력이 우수함,주문·리뷰 변동성이 낮아 안정성이 높음
ba_14688093,2025-09,본죽&비빔밥 상암하늘초교점,본그룹,백반·죽·국수,서울특별시,마포구,실험군,0.8289281233087814,82.89281233087814,57.4124910688488,33.518,99.33137416567169,86.55777155414603,18.448637316561843,66.6,B,0.709255,0.473684,1.0,50.52,189,4986800.0,5,1,34489.65,0.765,답글률과 응답속도 기준 운영 대응력이 우수함,서울 동일 자치구·유사업종 상권 대비 객단가 포지션이 약함,주문·리뷰 변동성이 낮아 안정성이 높음
ba_14279612,2025-09,본죽&비빔밥 부산율리점,본그룹,백반·죽·국수,부산광역시,북구,실험군,0.8077005183161159,80.7700518316116,35.93150320412931,35.40671052631579,95.79486556665903,95.67198967302167,50.0,66.5,B,-0.259655,0.545455,1.0,168.66,91,1669800.0,7,0,,,답글률과 응답속도 기준 운영 대응력이 우수함,주문·리뷰 변동성이 낮아 안정성이 높음,
ba_14728444,2025-09,본죽&비빔밥 속초점,본그룹,백반·죽·국수,강원특별자치도,속초시,실험군,0.8018205585523559,80.18205585523559,50.525942337256566,18.660289473684212,89.42861126031043,95.26158154353539,50.0,66.43,B,0.398634,-0.090909,1.0,381.33,105,2954400.0,2,0,,,답글률과 응답속도 기준 운영 대응력이 우수함,주문·리뷰 변동성이 낮아 안정성이 높음,
ba_13977167,2025-09,굽네피자 연신내점,굽네치킨,피자,서울특별시,은평구,통제군,0.5035700204331223,50.35700204331223,80.3907253594035,50.0,50.0,98.96144352709734,100.0,66.36,B,1.745699,,,,2,79000.0,0,1,14889.29,2.6529,브랜드·카테고리 평균 대비 초과 성장 신호가 강함,서울 동일 자치구·유사업종 상권 대비 객단가 경쟁력이 있음,주문·리뷰 변동성이 낮아 안정성이 높음
ba_13233579,2025-09,본죽&비빔밥 경산터미널점,본그룹,백반·죽·국수,경상북도,경산시,실험군,0.775346261335968,77.5346261335968,28.544194780821204,50.0,98.78476296694161,96.1588677306513,50.0,66.21,B,-0.592863,,1.0,68.78,22,410300.0,2,0,,,브랜드·카테고리 평균 대비 성장 신호가 약함,답글률과 응답속도 기준 운영 대응력이 우수함,주문·리뷰 변동성이 낮아 안정성이 높음
ba_13181957,2025-09,본죽&비빔밥 천안신불당북부점,본그룹,백반·죽·국수,충청남도,천안시,실험군,0.8557459730656912,85.57459730656912,24.055182445454097,40.28339473684211,97.18683822498042,93.28508600055837,50.0,65.91,B,-0.795342,0.730769,1.0,122.16,113,2123500.0,14,0,,,브랜드·카테고리 평균 대비 성장 신호가 약함,월 리뷰 수가 전체 매장 상위권에 속함,답글률과 응답속도 기준 운영 대응력이 우수함
ba_10040685,2025-09,굽네치킨 창원팔용점,굽네치킨,치킨,경상남도,창원시,실험군,0.90926058409567,90.926058409567,42.59173790849192,51.62539473684211,96.43487364052808,10.918177900631617,50.0,65.77,B,0.040758,1.161765,1.0,147.28,1065,27875800.0,63,0,,,월 리뷰 수가 전체 매장 상위권에 속함,답글률과 응답속도 기준 운영 대응력이 우수함,
ba_14658825,2025-09,굽네치킨 문학점,굽네치킨,치킨,인천광역시,미추홀구,실험군,0.8116711891625189,81.1671189162519,51.302522249658544,38.231,95.82539916045447,43.598312364090944,50.0,65.7,B,0.433662,0.652778,1.0,167.64,493,14124100.0,38,0,,,월 리뷰 수가 전체 매장 상위권에 속함,답글률과 응답속도 기준 운영 대응력이 우수함,
ba_14690704,2025-09,본죽&비빔밥 김해복음병원점,본그룹,백반·죽·국수,경상남도,김해시,실험군,0.84380678893722,84.380678893722,10.03357852349053,73.68421052631578,96.28699525489137,81.22813746021566,50.0,65.66,B,-1.427793,2.0,1.0,152.22,154,3474400.0,12,0,,,브랜드·카테고리 평균 대비 성장 신호가 약함,최근 리뷰 성장 흐름이 우수함,답글률과 응답속도 기준 운영 대응력이 우수함
ba_13228668,2025-09,본죽&비빔밥 대전유성온천역점,본그룹,백반·죽·국수,대전광역시,유성구,실험군,0.8785633424788443,87.85633424788443,33.73325528662352,21.992473684210527,96.20437494226842,86.86786071069704,50.0,65.6,B,-0.358808,0.035714,1.0,154.98,210,3946000.0,2,0,,,브랜드·카테고리 평균 대비 성장 신호가 약함,답글률과 응답속도 기준 운영 대응력이 우수함,주문·리뷰 변동성이 낮아 안정성이 높음
ba_14464913,2025-09,굽네치킨 부산구서점,굽네치킨,치킨,부산광역시,금정구,실험군,0.8369943915922154,83.69943915922154,55.42086998654876,56.18057894736842,93.48987858406231,0.0,50.0,65.6,B,0.619422,1.334862,1.0,245.66,930,26152600.0,227,0,,,월 리뷰 수가 전체 매장 상위권에 속함,답글률과 응답속도 기준 운영 대응력이 우수함,
ba_14692549,2025-09,본죽&비빔밥 안양덕천래미안점,본그룹,백반·죽·국수,경기도,안양시,실험군,0.9276437380224832,92.76437380224833,8.259957620437039,63.15789473684211,98.52522741968039,66.94450705310594,50.0,65.48,B,-1.507793,1.6,1.0,77.45,263,7112000.0,5,0,,,브랜드·카테고리 평균 대비 성장 신호가 약함,답글률과 응답속도 기준 운영 대응력이 우수함,
ba_10771255,2025-09,굽네치킨 제천하소점,굽네치킨,치킨,충청북도,제천시,실험군,0.8887218698359671,88.87218698359672,47.33191713399269,44.80431578947369,94.68098809104313,16.23754963002594,50.0,65.48,B,0.254566,0.902564,1.0,205.87,1012,27449300.0,141,0,,,월 리뷰 수가 전체 매장 상위권에 속함,답글률과 응답속도 기준 운영 대응력이 우수함,
ba_14690053,2025-09,본죽&비빔밥 동백중앙점,본그룹,백반·죽·국수,경기도,용인시,실험군,0.9849756418132748,98.49756418132748,49.28975073808957,34.50292105263158,33.37270853503751,84.65525543140421,50.0,65.44,B,0.342875,0.511111,0.0435,177.0,739,19536400.0,23,0,,,월 리뷰 수가 전체 매장 상위권에 속함,주문·리뷰 변동성이 낮아 안정성이 높음,
ba_14679019,2025-09,굽네치킨 울산반구점,굽네치킨,치킨,울산광역시,중구,실험군,0.9636651107770574,96.36651107770574,43.826133716494574,44.3123947368421,93.9125111392024,0.0,50.0,65.42,B,0.096436,0.883871,0.9749,177.04,1613,44275400.0,199,0,,,월 리뷰 수가 전체 매장 상위권에 속함,답글률과 응답속도 기준 운영 대응력이 우수함,
ba_13233587,2025-09,본죽&비빔밥 나주혁신호수공원점,본그룹,백반·죽·국수,전라남도,나주시,실험군,0.8520335483665278,85.20335483665278,28.842052241227744,34.21052631578947,96.97250437049479,86.71408440490924,50.0,65.38,B,-0.579428,0.5,1.0,129.32,148,2833000.0,16,0,,,브랜드·카테고리 평균 대비 성장 신호가 약함,월 리뷰 수가 전체 매장 상위권에 속함,답글률과 응답속도 기준 운영 대응력이 우수함
ba_13473077,2025-09,본죽&비빔밥 목포북항점,본그룹,백반·죽·국수,전라남도,목포시,실험군,0.8372721878431079,83.7272187843108,36.4816804082565,29.82455263157895,88.4046017632509,91.97969415251538,50.0,65.36,B,-0.234839,0.333333,0.9,198.4,145,2991200.0,10,0,,,답글률과 응답속도 기준 운영 대응력이 우수함,주문·리뷰 변동성이 낮아 안정성이 높음,
ba_14673434,2025-09,굽네치킨 죽도점,굽네치킨,치킨,경상북도,포항시,실험군,0.8817735267455084,88.17735267455083,47.88278161621981,51.66486842105263,84.45404929165483,20.9209171984422,50.0,65.34,B,0.279413,1.163265,0.8148,145.37,797,23825700.0,27,0,,,월 리뷰 수가 전체 매장 상위권에 속함,답글률과 응답속도 기준 운영 대응력이 우수함,
ba_14616721,2025-09,본죽&비빔밥 울산오토밸리점,본그룹,백반·죽·국수,울산광역시,북구,실험군,0.8088850830494707,80.88850830494707,38.20085114958625,21.05263157894737,98.97455020680736,94.63630258621191,50.0,65.33,B,-0.157295,0.0,1.0,62.44,89,1818800.0,6,0,,,답글률과 응답속도 기준 운영 대응력이 우수함,주문·리뷰 변동성이 낮아 안정성이 높음,
ba_13436824,2025-09,본죽&비빔밥 송탄점,본그룹,백반·죽·국수,경기도,평택시,실험군,0.8476481216986979,84.76481216986978,30.740358693765902,21.05263157894737,99.87858406231932,97.86444543368864,50.0,65.28,B,-0.493804,0.0,1.0,32.24,53,1118500.0,2,0,,,브랜드·카테고리 평균 대비 성장 신호가 약함,답글률과 응답속도 기준 운영 대응력이 우수함,주문·리뷰 변동성이 낮아 안정성이 높음
ba_14690752,2025-09,본 죽&비빔밥 양산이마트앞점,본그룹,백반·죽·국수,경상남도,양산시,실험군,0.9348626300272844,93.48626300272844,61.1758042414703,25.986842105263158,35.80408353717572,79.00969320450454,50.0,65.18,B,0.879001,0.1875,0.0588,129.0,499,12833900.0,17,0,,,월 리뷰 수가 전체 매장 상위권에 속함,주문·리뷰 변동성이 낮아 안정성이 높음,
ba_13249105,2025-09,굽네피자 창원팔용점,굽네치킨,피자,경상남도,창원시,실험군,0.9275311851934216,92.75311851934217,27.761495876303695,14.473684210526317,96.46211439577695,91.25007470828393,50.0,65.17,B,-0.628167,-0.25,1.0,146.37,27,963900.0,1,0,,,브랜드·카테고리 평균 대비 성장 신호가 약함,답글률과 응답속도 기준 운영 대응력이 우수함,주문·리뷰 변동성이 낮아 안정성이 높음
ba_13229173,2025-09,본죽&비빔밥 대구칠곡점,본그룹,백반·죽·국수,대구광역시,북구,실험군,0.8712420679085144,87.12420679085145,34.06361435007852,18.546368421052634,96.11337285879966,89.43765876049198,50.0,65.15,B,-0.343907,-0.095238,1.0,158.02,226,4329300.0,4,0,,,브랜드·카테고리 평균 대비 성장 신호가 약함,답글률과 응답속도 기준 운영 대응력이 우수함,주문·리뷰 변동성이 낮아 안정성이 높음
ba_14694577,2025-09,본죽&비빔밥 대구동성로중앙점,본그룹,백반·죽·국수,대구광역시,중구,실험군,0.7764481103302756,77.64481103302757,42.994261172439906,21.05263157894737,97.55324135052565,93.98660927546673,50.0,65.11,B,0.058914,0.0,1.0,109.92,45,1078400.0,5,0,,,답글률과 응답속도 기준 운영 대응력이 우수함,주문·리뷰 변동성이 낮아 안정성이 높음,
ba_13308613,2025-09,본죽&비빔밥 김포걸포점,본그룹,백반·죽·국수,경기도,김포시,실험군,0.4594799276924429,45.94799276924429,100.0,47.36842105263158,50.0,94.1384145134023,50.0,65.1,B,3.090644,1.0,,,60,1143700.0,0,0,,,브랜드·카테고리 평균 대비 초과 성장 신호가 강함,주문·리뷰 변동성이 낮아 안정성이 높음,
ba_14691372,2025-09,본죽&비빔밥 구미신평비산점,본그룹,백반·죽·국수,경상북도,구미시,실험군,0.5882059170830946,58.82059170830946,77.05529822964368,92.4812105263158,17.5,86.78979148206497,50.0,65.03,B,1.595253,2.714286,0.0,,190,4821800.0,9,0,,,브랜드·카테고리 평균 대비 초과 성장 신호가 강함,최근 리뷰 성장 흐름이 우수함,주문·리뷰 변동성이 낮아 안정성이 높음
ba_14691273,2025-09,본죽&비빔밥 대구성서용산시장점,본그룹,백반·죽·국수,대구광역시,달서구,실험군,0.8453683066094232,84.53683066094231,37.778884566488536,15.789473684210527,94.31248952278644,94.77044522656094,50.0,65.02,B,-0.176328,-0.2,1.0,218.18,156,3799200.0,3,0,,,답글률과 응답속도 기준 운영 대응력이 우수함,주문·리뷰 변동성이 낮아 안정성이 높음,
ba_13233726,2025-09,본죽 다사죽곡점,본그룹,백반·죽·국수,대구광역시,달성군,실험군,0.8601230146552479,86.01230146552479,33.45342224864425,17.105263157894736,97.73344942371048,92.72532324152826,50.0,64.97,C,-0.37143,-0.15,1.0,103.9,136,2356300.0,5,0,,,브랜드·카테고리 평균 대비 성장 신호가 약함,답글률과 응답속도 기준 운영 대응력이 우수함,주문·리뷰 변동성이 낮아 안정성이 높음
ba_14756889,2025-09,본죽&비빔밥 창원대원점,본그룹,백반·죽·국수,경상남도,창원시,실험군,0.7781682744882058,77.81682744882058,45.69659432085479,12.280710526315792,98.98233327973561,96.17876115206178,50.0,64.97,C,0.180804,-0.333333,1.0,62.18,45,1436200.0,2,0,,,답글률과 응답속도 기준 운영 대응력이 우수함,주문·리뷰 변동성이 낮아 안정성이 높음,
ba_14363013,2025-09,본죽&비빔밥 광주삼각점,본그룹,백반·죽·국수,광주광역시,북구,실험군,0.8021570299180546,80.21570299180546,41.80478231380709,18.859657894736845,91.77041816483693,98.1784439368416,50.0,64.94,C,0.005262,-0.083333,1.0,303.1,68,1320700.0,4,0,,,답글률과 응답속도 기준 운영 대응력이 우수함,주문·리뷰 변동성이 낮아 안정성이 높음,
ba_14690677,2025-09,본죽&비빔밥 김해어방점,본그룹,백반·죽·국수,경상남도,김해시,실험군,0.9550139098214422,95.50139098214422,53.74094060769906,28.91318421052632,55.014099286352085,54.92477054799635,50.0,64.94,C,0.543648,0.298701,0.4167,264.41,579,12825500.0,12,0,,,"주문, 리뷰, 운영 지표가 전반적으로 평균권에 위치함",,
ba_13265806,2025-09,본죽&비빔밥 익산영등제일점,본그룹,백반·죽·국수,전북특별자치도,익산시,실험군,0.4725120882797462,47.25120882797462,84.65761384692443,100.0,17.5,95.13494435526137,50.0,64.84,C,1.938159,6.0,0.0,,35,579100.0,1,0,,,브랜드·카테고리 평균 대비 초과 성장 신호가 강함,최근 리뷰 성장 흐름이 우수함,주문·리뷰 변동성이 낮아 안정성이 높음
ba_14274675,2025-09,본죽&비빔밥 충주호암점,본그룹,백반·죽·국수,충청북도,충주시,실험군,0.8469784483806743,84.69784483806743,36.000918292222565,16.666657894736844,93.51023431325928,96.43290867523999,50.0,64.81,C,-0.256524,-0.166667,1.0,244.98,218,4191100.0,7,0,,,답글률과 응답속도 기준 운영 대응력이 우수함,주문·리뷰 변동성이 낮아 안정성이 높음,
ba_14689007,2025-09,본죽&비빔밥 김포신곡점,본그룹,백반·죽·국수,경기도,김포시,실험군,0.9122474932634634,91.22474932634634,8.633349161052378,65.37397368421053,96.05080892641489,64.54304453119128,50.0,64.76,C,-1.490951,1.684211,1.0,160.11,270,7117200.0,12,0,,,브랜드·카테고리 평균 대비 성장 신호가 약함,답글률과 응답속도 기준 운영 대응력이 우수함,
ba_14327700,2025-09,본죽&비빔밥 부산전포점,본그룹,백반·죽·국수,부산광역시,부산진구,실험군,0.8817939227452917,88.17939227452916,33.24577558141926,24.68239473684211,97.05542403207653,72.84257896050809,50.0,64.72,C,-0.380796,0.137931,1.0,126.55,293,5669000.0,19,0,,,브랜드·카테고리 평균 대비 성장 신호가 약함,월 리뷰 수가 전체 매장 상위권에 속함,답글률과 응답속도 기준 운영 대응력이 우수함
ba_14746216,2025-09,굽네치킨&피자 내수점,굽네치킨,치킨,충청북도,청주시,실험군,0.8329321841141916,83.29321841141916,40.414041823200265,34.21052631578947,96.86593614116954,57.624656591389126,50.0,64.68,C,-0.057468,0.5,1.0,132.88,451,14382700.0,7,0,,,답글률과 응답속도 기준 운영 대응력이 우수함,,
ba_14332090,2025-09,굽네치킨 금당왕지점,굽네치킨,치킨,전라남도,순천시,실험군,0.78605689100516,78.605689100516,51.487178355927696,27.048631578947376,90.34268912867215,66.46319923866845,50.0,64.64,C,0.441991,0.227848,0.975,296.51,461,13319900.0,40,0,,,월 리뷰 수가 전체 매장 상위권에 속함,답글률과 응답속도 기준 운영 대응력이 우수함,
ba_14645179,2025-09,본죽&비빔밥 경산임당점,본그룹,백반·죽·국수,경상북도,경산시,실험군,0.7887442924384628,78.87442924384628,34.233793275726505,27.631578947368425,100.0,93.16435651600614,50.0,64.63,C,-0.336231,0.25,1.0,14.52,62,1400700.0,1,0,,,브랜드·카테고리 평균 대비 성장 신호가 약함,답글률과 응답속도 기준 운영 대응력이 우수함,주문·리뷰 변동성이 낮아 안정성이 높음
ba_13224802,2025-09,본죽&비빔밥 안양박달점,본그룹,백반·죽·국수,경기도,안양시,실험군,0.7964300969881124,79.64300969881124,30.90428560573062,32.33081578947369,99.6642502078337,92.22846006433255,50.0,64.62,C,-0.48641,0.428571,1.0,39.4,36,770000.0,2,0,,,브랜드·카테고리 평균 대비 성장 신호가 약함,답글률과 응답속도 기준 운영 대응력이 우수함,주문·리뷰 변동성이 낮아 안정성이 높음
ba_14698364,2025-09,본죽&비빔밥 청주사창점,본그룹,백반·죽·국수,충청북도,청주시,실험군,0.926645405054016,92.6645405054016,9.558491994346365,70.86465789473685,96.72584082846107,45.074560267143816,50.0,64.47,C,-1.449222,1.892857,1.0,137.56,345,9485700.0,33,0,,,브랜드·카테고리 평균 대비 성장 신호가 약함,최근 리뷰 성장 흐름이 우수함,답글률과 응답속도 기준 운영 대응력이 우수함
ba_14692190,2025-09,본죽&비빔밥 세종다정점,본그룹,백반·죽·국수,세종특별자치시,다정중앙로,실험군,0.9671832788474533,96.71832788474532,33.4765680014291,17.973131578947367,99.29455424374189,46.22636959405978,50.0,64.43,C,-0.370386,-0.117021,1.0,51.75,489,12826500.0,6,0,,,브랜드·카테고리 평균 대비 성장 신호가 약함,답글률과 응답속도 기준 운영 대응력이 우수함,
ba_14691829,2025-09,본죽 부산신평가락타운점,본그룹,백반·죽·국수,부산광역시,사하구,실험군,0.7568507581371966,75.68507581371966,100.0,19.768947368421053,17.5,73.4487519463711,50.0,64.42,C,6.137121,-0.04878,0.0,,374,9160800.0,15,0,,,브랜드·카테고리 평균 대비 초과 성장 신호가 강함,월 리뷰 수가 전체 매장 상위권에 속함,주문·리뷰 변동성이 낮아 안정성이 높음
ba_13639608,2025-09,굽네치킨 금호점,굽네치킨,치킨,광주광역시,서구,실험군,0.8884319680348567,88.84319680348567,60.65615548713691,26.210526315789473,80.60085553761363,21.08811621230519,50.0,64.39,C,0.855562,0.196,0.7973,236.09,815,21025500.0,74,0,,,월 리뷰 수가 전체 매장 상위권에 속함,답글률과 응답속도 기준 운영 대응력이 우수함,
ba_14797390,2025-09,굽네치킨 수원연무점,굽네치킨,치킨,경기도,수원시,실험군,0.6580246389330578,65.80246389330578,38.00094190355083,50.0,100.0,93.32897090822448,50.0,64.36,C,-0.166312,,1.0,16.75,63,1786300.0,2,0,,,답글률과 응답속도 기준 운영 대응력이 우수함,주문·리뷰 변동성이 낮아 안정성이 높음,
ba_13226947,2025-09,본죽&비빔밥 부산법조타운점,본그룹,백반·죽·국수,부산광역시,연제구,실험군,0.4323942598214422,43.23942598214422,71.19877983749974,100.0,50.0,89.03399938173908,50.0,64.34,C,1.331092,3.0,,,59,1151900.0,0,0,,,브랜드·카테고리 평균 대비 초과 성장 신호가 강함,최근 리뷰 성장 흐름이 우수함,주문·리뷰 변동성이 낮아 안정성이 높음
ba_14687092,2025-09,본죽 동부이촌동점,본그룹,백반·죽·국수,서울특별시,용산구,실험군,0.8662075784789797,86.62075784789796,58.3567668376345,28.137657894736844,99.7121460412383,71.55418872471839,1.8364779874213772,64.3,C,0.751847,0.269231,1.0,37.8,220,5046500.0,4,1,40465.52,0.5669,답글률과 응답속도 기준 운영 대응력이 우수함,서울 동일 자치구·유사업종 상권 대비 객단가 포지션이 약함,주문·리뷰 변동성이 낮아 안정성이 높음
ba_14686997,2025-09,본죽 삼전동점,본그룹,백반·죽·국수,서울특별시,송파구,실험군,0.9866556039733022,98.66556039733022,52.09774735180387,32.45613157894737,99.8648140102155,32.94064468729063,6.591194968553459,64.29,C,0.469531,0.433333,1.0,32.7,1378,28885600.0,41,1,33611.9,0.6236,월 리뷰 수가 전체 매장 상위권에 속함,답글률과 응답속도 기준 운영 대응력이 우수함,서울 동일 자치구·유사업종 상권 대비 객단가 포지션이 약함
ba_14669109,2025-09,굽네치킨&피자 의정부용현점,굽네치킨,치킨,경기도,의정부시,실험군,0.8288229213308346,82.88229213308345,38.560585809248074,41.678526315789476,97.53288562132869,46.24475077815037,50.0,64.16,C,-0.141069,0.783784,1.0,110.6,485,11542450.0,40,0,,,월 리뷰 수가 전체 매장 상위권에 속함,답글률과 응답속도 기준 운영 대응력이 우수함,
ba_13584348,2025-09,굽네치킨 부산개금점,굽네치킨,치킨,부산광역시,부산진구,실험군,0.8794149986910509,87.94149986910509,53.360521094255375,21.05263157894737,71.88614642269441,60.85412824569961,50.0,64.15,C,0.526489,0.0,0.6667,243.63,783,18898200.0,12,0,,,답글률과 응답속도 기준 운영 대응력이 우수함,,
ba_13235535,2025-09,본죽 의정부낙양점,본그룹,백반·죽·국수,경기도,의정부시,실험군,0.4271957990194507,42.71957990194507,100.0,82.45613157894738,17.5,92.06009978680524,50.0,64.15,C,7.574672,2.333333,0.0,,45,862300.0,2,0,,,브랜드·카테고리 평균 대비 초과 성장 신호가 강함,최근 리뷰 성장 흐름이 우수함,주문·리뷰 변동성이 낮아 안정성이 높음
ba_14506379,2025-09,본죽&비빔밥 방학역점,본그룹,백반·죽·국수,서울특별시,도봉구,실험군,0.8114582866421385,81.14582866421385,48.923963597096076,27.631578947368425,98.89761752440121,98.18577162979919,16.41090146750524,64.13,C,0.326376,0.25,1.0,65.01,29,628500.0,2,1,29258.99,0.7407,답글률과 응답속도 기준 운영 대응력이 우수함,서울 동일 자치구·유사업종 상권 대비 객단가 포지션이 약함,주문·리뷰 변동성이 낮아 안정성이 높음
ba_14484534,2025-09,본죽&비빔밥 산본학원가점,본그룹,백반·죽·국수,경기도,군포시,실험군,0.787438981235219,78.7438981235219,38.70105658476991,18.859657894736845,95.70266608735515,96.70438729105148,50.0,64.09,C,-0.134733,-0.083333,1.0,171.74,32,675300.0,5,0,,,답글률과 응답속도 기준 운영 대응력이 우수함,주문·리뷰 변동성이 낮아 안정성이 높음,
ba_13229152,2025-09,본죽&비빔밥 부산엄궁점,본그룹,백반·죽·국수,부산광역시,사상구,실험군,0.8210527105304382,82.10527105304382,28.255648830155682,28.571421052631585,96.76505554206109,94.37300379576035,50.0,64.04,C,-0.605878,0.285714,1.0,136.25,95,1971600.0,5,0,,,브랜드·카테고리 평균 대비 성장 신호가 약함,답글률과 응답속도 기준 운영 대응력이 우수함,주문·리뷰 변동성이 낮아 안정성이 높음
ba_13233578,2025-09,본죽&비빔밥 대구성당뉴타운점,본그룹,백반·죽·국수,대구광역시,달서구,실험군,0.8285278771776922,82.85278771776922,31.569083060717645,17.763157894736846,99.75974252568415,95.2239047305975,50.0,64.04,C,-0.456424,-0.125,1.0,36.21,76,1504200.0,3,0,,,브랜드·카테고리 평균 대비 성장 신호가 약함,답글률과 응답속도 기준 운영 대응력이 우수함,주문·리뷰 변동성이 낮아 안정성이 높음
ba_14238012,2025-09,본죽&비빔밥 안동송현점,본그룹,백반·죽·국수,경상북도,안동시,실험군,0.8896108649844703,88.96108649844703,27.927684154919806,23.07692105263158,98.72040294080418,75.84760090724954,50.0,63.97,C,-0.620671,0.076923,1.0,70.93,215,4752400.0,7,0,,,브랜드·카테고리 평균 대비 성장 신호가 약함,답글률과 응답속도 기준 운영 대응력이 우수함,주문·리뷰 변동성이 낮아 안정성이 높음
ba_14688173,2025-09,본죽 구리인창아름마을점,본그룹,백반·죽·국수,경기도,구리시,실험군,0.8391830081821128,83.91830081821128,36.77672224547945,4.761894736842105,100.0,96.46694473534336,50.0,63.93,C,-0.221531,-0.619048,1.0,23.05,94,2285900.0,2,0,,,답글률과 응답속도 기준 운영 대응력이 우수함,주문·리뷰 변동성이 낮아 안정성이 높음,
ba_14449139,2025-09,굽네치킨&피자 용운판암점,굽네치킨,치킨,대전광역시,동구,실험군,0.93489362015451,93.48936201545101,43.94880177220201,40.12871052631579,94.46216400217584,0.0,50.0,63.9,C,0.101969,0.724891,1.0,213.18,1353,36953600.0,242,0,,,월 리뷰 수가 전체 매장 상위권에 속함,답글률과 응답속도 기준 운영 대응력이 우수함,
ba_14690378,2025-09,본죽 오금점,본그룹,백반·죽·국수,서울특별시,송파구,실험군,0.8270500356430567,82.70500356430567,40.413731439542225,42.98244736842105,99.28138288955563,97.18820914253529,7.488469601677145,63.85,C,-0.057482,0.833333,1.0,52.19,46,980700.0,4,1,33611.9,0.6343,답글률과 응답속도 기준 운영 대응력이 우수함,서울 동일 자치구·유사업종 상권 대비 객단가 포지션이 약함,주문·리뷰 변동성이 낮아 안정성이 높음
ba_14773773,2025-09,굽네치킨 고덕로데오점,굽네치킨,치킨,경기도,평택시,실험군,0.940288569284628,94.0288569284628,38.00094190355083,50.0,92.82222324590063,0.0,50.0,63.83,C,-0.166312,,0.9858,237.13,1312,37610200.0,212,0,,,월 리뷰 수가 전체 매장 상위권에 속함,답글률과 응답속도 기준 운영 대응력이 우수함,
ba_14250328,2025-09,굽네치킨&피자 인창점,굽네치킨,치킨,경기도,구리시,실험군,0.8876339070018433,88.76339070018433,36.42831658933587,27.24457894736842,96.50701673959377,50.428401654197486,50.0,63.78,C,-0.237246,0.235294,1.0,144.87,554,15935400.0,20,0,,,월 리뷰 수가 전체 매장 상위권에 속함,답글률과 응답속도 기준 운영 대응력이 우수함,
ba_13228520,2025-09,본죽&비빔밥 성남모란시장점,본그룹,백반·죽·국수,경기도,성남시,실험군,0.4496476743756131,44.96476743756131,63.316786374068734,100.0,50.0,96.80750523745041,50.0,63.75,C,0.975571,3.0,,,26,503400.0,0,0,,,최근 리뷰 성장 흐름이 우수함,주문·리뷰 변동성이 낮아 안정성이 높음,
ba_13232508,2025-09,본죽&비빔밥 김해어방점,본그룹,백반·죽·국수,경상남도,김해시,실험군,0.7730544845136718,77.30544845136717,21.94346505775603,52.63157894736842,93.51053366221805,92.75002592387136,50.0,63.74,C,-0.890592,1.2,1.0,244.97,48,987400.0,2,0,,,브랜드·카테고리 평균 대비 성장 신호가 약함,답글률과 응답속도 기준 운영 대응력이 우수함,주문·리뷰 변동성이 낮아 안정성이 높음
ba_13379446,2025-09,굽네치킨&피자 평내점,굽네치킨,치킨,경기도,남양주시,실험군,0.8291858234643623,82.91858234643624,44.79266842761358,37.621842105263156,72.95455202513847,69.18985052652243,50.0,63.73,C,0.140032,0.62963,0.6471,165.38,446,12879700.0,17,0,,,월 리뷰 수가 전체 매장 상위권에 속함,답글률과 응답속도 기준 운영 대응력이 우수함,
ba_14228481,2025-09,굽네피자 중곡1동점,굽네치킨,피자,서울특별시,광진구,실험군,0.8111975405261442,81.11975405261443,25.116783236976765,50.0,50.0,99.7026656633061,100.0,63.68,C,-0.747458,,,,2,84300.0,0,1,18602.48,2.2658,브랜드·카테고리 평균 대비 성장 신호가 약함,서울 동일 자치구·유사업종 상권 대비 객단가 경쟁력이 있음,주문·리뷰 변동성이 낮아 안정성이 높음
ba_14573167,2025-09,본죽&비빔밥 파주금촌점,본그룹,백반·죽·국수,경기도,파주시,실험군,0.8516113558077016,85.16113558077016,10.03357852349053,73.68421052631578,74.53897689539208,91.28328299384904,50.0,63.68,C,-1.427793,2.0,0.6667,155.01,55,1295800.0,6,0,,,브랜드·카테고리 평균 대비 성장 신호가 약함,최근 리뷰 성장 흐름이 우수함,답글률과 응답속도 기준 운영 대응력이 우수함
ba_14689625,2025-09,본죽&비빔밥 평택여중사거리점,본그룹,백반·죽·국수,경기도,평택시,실험군,0.9110472499743152,91.10472499743152,21.515579014894374,24.48513157894737,97.92772689795792,80.39401756282858,50.0,63.67,C,-0.909892,0.130435,1.0,97.41,281,7106700.0,20,0,,,브랜드·카테고리 평균 대비 성장 신호가 약함,월 리뷰 수가 전체 매장 상위권에 속함,답글률과 응답속도 기준 운영 대응력이 우수함
ba_14772844,2025-09,굽네치킨&피자 양촌점,굽네치킨,치킨,경기도,김포시,실험군,0.6740535759779069,67.4053575977907,38.00094190355083,50.0,97.70052103824483,83.87790964835847,50.0,63.63,C,-0.166312,,1.0,105.0,108,3364400.0,1,0,,,답글률과 응답속도 기준 운영 대응력이 우수함,주문·리뷰 변동성이 낮아 안정성이 높음,
ba_13233639,2025-09,본죽&비빔밥 대구동성로점,본그룹,백반·죽·국수,대구광역시,중구,실험군,0.7574968227873313,75.74968227873313,26.55840447723993,47.36842105263158,93.11629108350638,93.73248331128184,50.0,63.6,C,-0.682433,1.0,1.0,258.14,28,698100.0,2,0,,,브랜드·카테고리 평균 대비 성장 신호가 약함,답글률과 응답속도 기준 운영 대응력이 우수함,주문·리뷰 변동성이 낮아 안정성이 높음
ba_14796833,2025-09,굽네치킨&피자 성황골약점,굽네치킨,치킨,전라남도,광양시,실험군,0.6242352704890088,62.42352704890089,38.00094190355083,50.0,100.0,97.32441607478914,50.0,63.58,C,-0.166312,,1.0,23.35,23,670000.0,1,0,,,답글률과 응답속도 기준 운영 대응력이 우수함,주문·리뷰 변동성이 낮아 안정성이 높음,
ba_13305413,2025-09,본죽&비빔밥 사당연세사랑병원점,본그룹,백반·죽·국수,서울특별시,서초구,실험군,0.2732674999532503,27.326749995325027,100.0,50.0,100.0,92.49657528801191,38.88469601677148,63.57,C,25.124013,,1.0,22.97,27,1008600.0,3,1,37031.57,1.0087,브랜드·카테고리 평균 대비 초과 성장 신호가 강함,답글률과 응답속도 기준 운영 대응력이 우수함,주문·리뷰 변동성이 낮아 안정성이 높음
ba_14689387,2025-09,본죽&비빔밥 성남금광점,본그룹,백반·죽·국수,경기도,성남시,실험군,0.9646859424395549,96.46859424395548,81.80086482863746,22.915684210526315,17.5,32.963413125380825,50.0,63.57,C,1.809304,0.070796,0.0,,805,20353500.0,21,0,,,브랜드·카테고리 평균 대비 초과 성장 신호가 강함,월 리뷰 수가 전체 매장 상위권에 속함,
ba_13232110,2025-09,본죽&비빔밥 부산토곡점,본그룹,백반·죽·국수,부산광역시,연제구,실험군,0.810482954897621,81.0482954897621,47.74528165571059,5.817184210526317,87.65107714308195,92.27488122017351,50.0,63.55,C,0.273211,-0.578947,1.0,440.71,109,2072000.0,5,0,,,답글률과 응답속도 기준 운영 대응력이 우수함,주문·리뷰 변동성이 낮아 안정성이 높음,
ba_14325499,2025-09,본죽&비빔밥 충주계룡힐스점,본그룹,백반·죽·국수,충청북도,충주시,실험군,0.801216165949162,80.1216165949162,36.18247056191138,18.42105263157895,96.4261925207235,92.21779073148917,50.0,63.54,C,-0.248335,-0.1,1.0,147.57,101,2118200.0,4,0,,,답글률과 응답속도 기준 운영 대응력이 우수함,주문·리뷰 변동성이 낮아 안정성이 높음,
ba_14796835,2025-09,굽네치킨 모라점,굽네치킨,치킨,부산광역시,사상구,실험군,0.6160778741166424,61.60778741166424,38.00094190355083,50.0,100.0,98.95483290234384,50.0,63.46,C,-0.166312,,1.0,9.02,2,54600.0,1,0,,,답글률과 응답속도 기준 운영 대응력이 우수함,주문·리뷰 변동성이 낮아 안정성이 높음,
ba_13168465,2025-09,본죽&비빔밥 약사점,본그룹,백반·죽·국수,울산광역시,중구,실험군,0.8475213284075757,84.75213284075757,33.50596576789721,7.202210526315792,100.0,93.06659290037868,50.0,63.43,C,-0.36906,-0.526316,1.0,27.8,178,3550200.0,2,0,,,브랜드·카테고리 평균 대비 성장 신호가 약함,답글률과 응답속도 기준 운영 대응력이 우수함,주문·리뷰 변동성이 낮아 안정성이 높음
ba_13477857,2025-09,본죽&비빔밥 논산내동점,본그룹,백반·죽·국수,충청남도,논산시,실험군,0.8159978793830016,81.59978793830017,34.86287443977829,52.63157894736842,63.01677038395353,87.73082839573429,50.0,63.4,C,-0.307856,1.2,0.5,177.95,185,4281700.0,2,0,,,브랜드·카테고리 평균 대비 성장 신호가 약함,주문·리뷰 변동성이 낮아 안정성이 높음,
ba_14741847,2025-09,굽네치킨 거제아시아드점,굽네치킨,치킨,부산광역시,연제구,실험군,0.8671991243448075,86.71991243448075,43.04472068713178,39.34531578947369,96.31483470805779,19.310046615643206,50.0,63.39,C,0.06119,0.695122,1.0,151.29,746,20453500.0,27,0,,,월 리뷰 수가 전체 매장 상위권에 속함,답글률과 응답속도 기준 운영 대응력이 우수함,
ba_14695006,2025-09,본죽 안양관양동점,본그룹,백반·죽·국수,경기도,안양시,실험군,0.8973031858811992,89.73031858811991,44.353276019143365,15.296052631578949,64.80927194912093,87.63611855418237,50.0,63.27,C,0.120213,-0.21875,0.5,118.07,311,7517500.0,4,0,,,주문·리뷰 변동성이 낮아 안정성이 높음,,
ba_13085339,2025-09,굽네치킨&피자 가양점,굽네치킨,피자,서울특별시,강서구,실험군,0.8480102267087215,84.80102267087216,38.054638276390776,50.0,17.5,98.16665699969153,100.0,63.22,C,-0.16389,,0.0,,11,449800.0,1,1,15989.55,2.5574,서울 동일 자치구·유사업종 상권 대비 객단가 경쟁력이 있음,주문·리뷰 변동성이 낮아 안정성이 높음,
ba_14688108,2025-09,본죽&비빔밥 중앙대점,본그룹,백반·죽·국수,서울특별시,동작구,실험군,0.8981817039343711,89.81817039343711,48.6718877262496,36.17021052631579,98.03459447624195,59.00369153102924,5.467505241090141,63.22,C,0.315006,0.574468,1.0,93.84,559,10704100.0,30,1,31379.83,0.6102,월 리뷰 수가 전체 매장 상위권에 속함,답글률과 응답속도 기준 운영 대응력이 우수함,서울 동일 자치구·유사업종 상권 대비 객단가 포지션이 약함
ba_14789833,2025-09,굽네치킨&피자 순천풍덕점,굽네치킨,치킨,전라남도,순천시,실험군,0.7253152166202149,72.53152166202149,38.00094190355083,50.0,97.06799668834523,62.55365707013543,50.0,63.2,C,-0.166312,,1.0,126.13,276,8408600.0,18,0,,,월 리뷰 수가 전체 매장 상위권에 속함,답글률과 응답속도 기준 운영 대응력이 우수함,
ba_14643477,2025-09,본죽&비빔밥 대구신매시장점,본그룹,백반·죽·국수,대구광역시,수성구,실험군,0.8663700645212835,86.63700645212835,23.98151066719351,22.514631578947373,97.70052103824483,88.32602047915373,50.0,63.18,C,-0.798665,0.055556,1.0,105.0,60,1181100.0,1,0,,,브랜드·카테고리 평균 대비 성장 신호가 약함,답글률과 응답속도 기준 운영 대응력이 우수함,주문·리뷰 변동성이 낮아 안정성이 높음
ba_14747382,2025-09,굽네치킨&피자 양주광적점,굽네치킨,치킨,경기도,양주시,실험군,0.7477476728499366,74.77476728499366,38.16008003907731,47.36842105263158,96.6590860106534,58.37864871211302,50.0,63.15,C,-0.159134,1.0,1.0,139.79,279,8523100.0,29,0,,,월 리뷰 수가 전체 매장 상위권에 속함,답글률과 응답속도 기준 운영 대응력이 우수함,
ba_14267053,2025-09,굽네치킨&피자 마장점,굽네치킨,치킨,경기도,이천시,실험군,0.7940249385611656,79.40249385611656,39.891799148296165,29.82455263157895,93.37522793285004,68.85919436326473,50.0,63.13,C,-0.081024,0.333333,1.0,249.49,396,12235100.0,5,0,,,답글률과 응답속도 기준 운영 대응력이 우수함,,
ba_10497667,2025-09,굽네치킨 온의퇴계점,굽네치킨,치킨,강원특별자치도,춘천시,실험군,0.9230982068633964,92.30982068633963,37.62648619039366,31.652052631578954,97.1476235113804,20.646186244733727,50.0,63.1,C,-0.183202,0.402778,1.0,123.47,855,23500000.0,24,0,,,월 리뷰 수가 전체 매장 상위권에 속함,답글률과 응답속도 기준 운영 대응력이 우수함,
ba_14688707,2025-09,본죽 명학역점,본그룹,백반·죽·국수,경기도,안양시,실험군,0.9592990912678158,95.92990912678158,5.406733673694881,46.22426315789473,99.03441999856312,62.96341650222568,50.0,63.01,C,-1.636489,0.956522,1.0,60.44,410,10100000.0,17,0,,,브랜드·카테고리 평균 대비 성장 신호가 약함,월 리뷰 수가 전체 매장 상위권에 속함,답글률과 응답속도 기준 운영 대응력이 우수함
ba_14525069,2025-09,굽네치킨 다산중앙점,굽네치킨,치킨,경기도,남양주시,실험군,0.7996719469514607,79.96719469514608,32.17672558210377,62.962973684210525,93.23902415660568,35.38679220980626,50.0,63.0,C,-0.429016,1.592593,1.0,254.04,396,10368500.0,26,0,,,브랜드·카테고리 평균 대비 성장 신호가 약함,월 리뷰 수가 전체 매장 상위권에 속함,답글률과 응답속도 기준 운영 대응력이 우수함
ba_14691084,2025-09,본죽&비빔밥 대전죽동점,본그룹,백반·죽·국수,대전광역시,유성구,실험군,0.9186821522002364,91.86821522002364,28.341602933169913,8.168868421052633,94.64506621598967,82.52290534813862,50.0,62.91,C,-0.602001,-0.489583,1.0,207.07,337,8078400.0,13,0,,,브랜드·카테고리 평균 대비 성장 신호가 약함,답글률과 응답속도 기준 운영 대응력이 우수함,주문·리뷰 변동성이 낮아 안정성이 높음
ba_10706208,2025-09,굽네치킨 부산우동점,굽네치킨,치킨,부산광역시,해운대구,실험군,0.958898267096452,95.88982670964519,33.26905435577184,20.249105263157897,99.31610736877397,30.197743751768087,50.0,62.83,C,-0.379746,-0.030534,1.0,51.03,1221,32567800.0,37,0,,,브랜드·카테고리 평균 대비 성장 신호가 약함,월 리뷰 수가 전체 매장 상위권에 속함,답글률과 응답속도 기준 운영 대응력이 우수함
ba_14663126,2025-09,굽네치킨 통영죽림점,굽네치킨,치킨,경상남도,통영시,실험군,0.6460181063154602,64.60181063154602,39.00636325296929,51.7543947368421,99.17241986856016,78.2060650702405,50.0,62.82,C,-0.120962,1.166667,1.0,55.83,221,7393400.0,10,0,,,답글률과 응답속도 기준 운영 대응력이 우수함,주문·리뷰 변동성이 낮아 안정성이 높음,
ba_14700213,2025-09,본죽&비빔밥 김포마산점,본그룹,백반·죽·국수,경기도,김포시,실험군,0.8220564043859673,82.20564043859673,7.077551075155138,56.14034210526317,95.67482663418873,94.81021629272021,50.0,62.79,C,-1.561126,1.333333,1.0,172.67,38,659200.0,2,0,,,브랜드·카테고리 평균 대비 성장 신호가 약함,답글률과 응답속도 기준 운영 대응력이 우수함,주문·리뷰 변동성이 낮아 안정성이 높음
ba_14688982,2025-09,본죽&비빔밥 군포당정동점,본그룹,백반·죽·국수,경기도,군포시,실험군,0.8315692777544356,83.15692777544356,48.052273263767866,31.3501052631579,54.29407533501424,88.28746768096545,50.0,62.79,C,0.287058,0.391304,0.3333,107.37,165,3615300.0,6,0,,,주문·리뷰 변동성이 낮아 안정성이 높음,,
ba_14548743,2025-09,굽네치킨 다산가운지금점,굽네치킨,치킨,경기도,남양주시,실험군,0.8520786770522196,85.20786770522196,38.01040860512088,29.82455263157895,95.332072076387,46.77264698630222,50.0,62.78,C,-0.165885,0.333333,1.0,184.12,592,17742100.0,26,0,,,월 리뷰 수가 전체 매장 상위권에 속함,답글률과 응답속도 기준 운영 대응력이 우수함,
ba_13233554,2025-09,본죽 대구서재점,본그룹,백반·죽·국수,대구광역시,달성군,실험군,0.8243957798897175,82.43957798897175,34.169100453287626,6.6985526315789485,100.0,93.40749370015101,50.0,62.74,C,-0.339149,-0.545455,1.0,27.71,75,1361000.0,6,0,,,브랜드·카테고리 평균 대비 성장 신호가 약함,답글률과 응답속도 기준 운영 대응력이 우수함,주문·리뷰 변동성이 낮아 안정성이 높음
ba_14691908,2025-09,본죽&비빔밥 부경대경성대점,본그룹,백반·죽·국수,부산광역시,남구,실험군,0.9042206717942723,90.42206717942723,22.472979578362647,38.397131578947366,97.70321517887382,50.49645283886301,50.0,62.73,C,-0.866708,0.659091,1.0,104.91,255,6550700.0,12,0,,,브랜드·카테고리 평균 대비 성장 신호가 약함,답글률과 응답속도 기준 운영 대응력이 우수함,
ba_14688196,2025-09,본죽 홍제점,본그룹,백반·죽·국수,서울특별시,서대문구,실험군,0.7058114121461873,70.58114121461873,100.0,7.894736842105264,51.16001570299109,84.32987003610597,24.268343815513628,62.72,C,3.373251,-0.5,0.25,31.19,207,5127900.0,4,1,29688.7,0.8344,브랜드·카테고리 평균 대비 초과 성장 신호가 강함,서울 동일 자치구·유사업종 상권 대비 객단가 포지션이 약함,주문·리뷰 변동성이 낮아 안정성이 높음
ba_13230921,2025-09,본죽&비빔밥 문래홈플러스점,본그룹,백반·죽·국수,서울특별시,영등포구,실험군,0.7727914059750707,77.27914059750707,34.42554386560787,56.14034210526317,95.83348158234149,96.81966593006567,13.861635220125788,62.71,C,-0.327582,1.333333,1.0,167.37,24,653000.0,1,1,38305.65,0.7103,브랜드·카테고리 평균 대비 성장 신호가 약함,답글률과 응답속도 기준 운영 대응력이 우수함,서울 동일 자치구·유사업종 상권 대비 객단가 포지션이 약함
ba_13228453,2025-09,본죽&비빔밥 부산명지국제중앙점,본그룹,백반·죽·국수,부산광역시,강서구,실험군,0.8398780555022577,83.98780555022577,29.119801274645923,21.05263157894737,93.81497155329609,87.85222608005175,50.0,62.69,C,-0.5669,0.0,1.0,234.8,156,2968300.0,2,0,,,브랜드·카테고리 평균 대비 성장 신호가 약함,답글률과 응답속도 기준 운영 대응력이 우수함,주문·리뷰 변동성이 낮아 안정성이 높음
ba_14689441,2025-09,본죽&비빔밥 이천마장점,본그룹,백반·죽·국수,경기도,이천시,실험군,0.755259245173315,75.5259245173315,67.9786380664384,54.38597368421052,17.5,84.13073644170947,50.0,62.62,C,1.185846,1.266667,0.0,,340,8635400.0,11,0,,,주문·리뷰 변동성이 낮아 안정성이 높음,,
ba_14690050,2025-09,본죽&비빔밥 검단파라곤센트럴점,본그룹,백반·죽·국수,인천광역시,서구,실험군,0.9088845010739364,90.88845010739364,6.831217301982294,54.678368421052646,97.89599590832736,61.90651145015525,50.0,62.6,C,-1.572237,1.277778,1.0,98.47,305,7718500.0,20,0,,,브랜드·카테고리 평균 대비 성장 신호가 약함,월 리뷰 수가 전체 매장 상위권에 속함,답글률과 응답속도 기준 운영 대응력이 우수함
ba_13233688,2025-09,본죽 대구세천점,본그룹,백반·죽·국수,대구광역시,달성군,실험군,0.813735849724846,81.37358497248461,38.80326148930837,0.0,98.33813432044366,96.46746170903664,50.0,62.58,C,-0.130123,-0.833333,1.0,83.7,48,775000.0,1,0,,,답글률과 응답속도 기준 운영 대응력이 우수함,주문·리뷰 변동성이 낮아 안정성이 높음,
ba_14799629,2025-09,굽네치킨 수원신동점,굽네치킨,치킨,경기도,수원시,실험군,0.5924183925023722,59.24183925023721,38.00094190355083,50.0,100.0,98.33372172994206,50.0,62.57,C,-0.166312,,1.0,7.71,10,261500.0,1,0,,,답글률과 응답속도 기준 운영 대응력이 우수함,주문·리뷰 변동성이 낮아 안정성이 높음,
ba_13596730,2025-09,굽네치킨 대구혁신점,굽네치킨,치킨,대구광역시,동구,실험군,0.8456985324724896,84.56985324724896,42.0700938306426,66.00876315789475,60.58010150495551,33.99272567006547,50.0,62.5,C,0.017229,1.708333,0.45,150.78,706,19558400.0,20,0,,,월 리뷰 수가 전체 매장 상위권에 속함,,
ba_10597203,2025-09,굽네치킨 광주상무점,굽네치킨,치킨,광주광역시,서구,실험군,0.933993445435142,93.39934454351419,32.76022468894708,44.484500000000004,85.41779876223482,20.976339487792277,50.0,62.46,C,-0.402697,0.890411,0.9184,338.13,1026,27410000.0,98,0,,,브랜드·카테고리 평균 대비 성장 신호가 약함,월 리뷰 수가 전체 매장 상위권에 속함,답글률과 응답속도 기준 운영 대응력이 우수함
ba_13223538,2025-09,본죽&비빔밥 인천신포동점,본그룹,백반·죽·국수,인천광역시,중구,실험군,0.7269200971922353,72.69200971922352,39.7603738393799,18.128657894736847,97.5370765067516,97.15821597073077,50.0,62.45,C,-0.086952,-0.111111,1.0,110.46,29,741100.0,4,0,,,답글률과 응답속도 기준 운영 대응력이 우수함,주문·리뷰 변동성이 낮아 안정성이 높음,
ba_10774000,2025-09,굽네치킨 울산삼산점,굽네치킨,치킨,울산광역시,남구,실험군,0.9433164970795328,94.33164970795328,43.931974543884294,31.983815789473685,65.78571556546163,37.76291951754975,50.0,62.44,C,0.10121,0.415385,0.5507,195.54,884,26070400.0,69,0,,,월 리뷰 수가 전체 매장 상위권에 속함,,
ba_14687322,2025-09,본죽&비빔밥 구의시장점,본그룹,백반·죽·국수,서울특별시,광진구,실험군,0.7834096573451549,78.34096573451549,55.52524757669346,21.05263157894737,95.18928262304952,91.03329970706179,13.626834381551362,62.42,C,0.62413,0.0,1.0,188.89,162,3575200.0,10,1,31191.62,0.7075,답글률과 응답속도 기준 운영 대응력이 우수함,서울 동일 자치구·유사업종 상권 대비 객단가 포지션이 약함,주문·리뷰 변동성이 낮아 안정성이 높음
ba_14629918,2025-09,굽네치킨 양지동점,굽네치킨,치킨,경기도,성남시,실험군,0.584823730889602,58.4823730889602,61.72427433547829,58.6466052631579,57.740508927441226,90.4491674023316,50.0,62.4,C,0.90374,1.428571,0.4,137.07,115,3247500.0,5,0,,,주문·리뷰 변동성이 낮아 안정성이 높음,,
ba_14772060,2025-09,굽네치킨&피자 천호1동점,굽네치킨,치킨,서울특별시,강동구,실험군,0.7673746372379578,76.73746372379578,38.00094190355083,50.0,100.0,69.38695903012095,31.597484276729553,62.38,C,-0.166312,,1.0,18.68,310,9154600.0,8,1,32035.06,0.9218,답글률과 응답속도 기준 운영 대응력이 우수함,서울 동일 자치구·유사업종 상권 대비 객단가 포지션이 약함,
ba_13233212,2025-09,본죽 통영점,본그룹,백반·죽·국수,경상남도,통영시,실험군,0.8164191940177961,81.6419194017796,25.267385821907297,25.986842105263158,98.0959610127916,88.35152644695994,50.0,62.34,C,-0.740665,0.1875,1.0,91.79,111,2223200.0,7,0,,,브랜드·카테고리 평균 대비 성장 신호가 약함,답글률과 응답속도 기준 운영 대응력이 우수함,주문·리뷰 변동성이 낮아 안정성이 높음
ba_13234188,2025-09,본죽&비빔밥 경산중산점,본그룹,백반·죽·국수,경상북도,경산시,실험군,0.8119056189402653,81.19056189402653,32.37200124352996,16.51542105263158,93.32224316714618,93.237598772538,50.0,62.31,C,-0.420208,-0.172414,1.0,251.26,128,2501700.0,9,0,,,브랜드·카테고리 평균 대비 성장 신호가 약함,답글률과 응답속도 기준 운영 대응력이 우수함,주문·리뷰 변동성이 낮아 안정성이 높음
ba_14360458,2025-09,본죽&비빔밥 충북오송점,본그룹,백반·죽·국수,충청북도,청주시,실험군,0.8116262936933345,81.16262936933344,25.64501188242867,29.82455263157895,96.26214929131272,85.65858338817266,50.0,62.3,C,-0.723632,0.333333,1.0,153.05,142,3427100.0,13,0,,,브랜드·카테고리 평균 대비 성장 신호가 약함,답글률과 응답속도 기준 운영 대응력이 우수함,주문·리뷰 변동성이 낮아 안정성이 높음
ba_14780115,2025-09,굽네치킨&피자 부사문창점,굽네치킨,치킨,대전광역시,중구,실험군,0.878274049335556,87.8274049335556,38.00094190355083,50.0,96.89168015162451,0.0,50.0,62.27,C,-0.166312,,1.0,132.02,1008,28516300.0,118,0,,,월 리뷰 수가 전체 매장 상위권에 속함,답글률과 응답속도 기준 운영 대응력이 우수함,
ba_13928548,2025-09,굽네치킨&피자 성남용전점,굽네치킨,치킨,대전광역시,동구,실험군,0.7558322439304317,75.58322439304317,35.927933792061914,30.92105263157895,96.94795775587494,76.20642066379514,50.0,62.24,C,-0.259816,0.375,1.0,130.14,355,8731600.0,17,0,,,월 리뷰 수가 전체 매장 상위권에 속함,답글률과 응답속도 기준 운영 대응력이 우수함,주문·리뷰 변동성이 낮아 안정성이 높음
ba_14689545,2025-09,본죽&비빔밥 파주야당역점,본그룹,백반·죽·국수,경기도,파주시,실험군,0.7663426523150475,76.63426523150476,78.86720717394184,34.21052631578947,17.5,79.01808834873171,50.0,62.2,C,1.67698,0.5,0.0,,404,9351400.0,10,0,,,브랜드·카테고리 평균 대비 초과 성장 신호가 강함,주문·리뷰 변동성이 낮아 안정성이 높음,
ba_14688751,2025-09,본죽&비빔밥 여의도역점,본그룹,백반·죽·국수,서울특별시,영등포구,실험군,0.8183151786990547,81.83151786990547,53.22588109745233,18.859657894736845,94.1295873089726,87.17497324061098,12.662473794549259,62.12,C,0.520416,-0.083333,1.0,224.29,251,6692100.0,3,1,38305.65,0.696,답글률과 응답속도 기준 운영 대응력이 우수함,서울 동일 자치구·유사업종 상권 대비 객단가 포지션이 약함,주문·리뷰 변동성이 낮아 안정성이 높음
ba_14692212,2025-09,본죽&비빔밥 세종대평점,본그룹,백반·죽·국수,세종특별자치시,한누리대로,실험군,0.7848292578576848,78.48292578576847,33.88634094081832,16.267947368421055,94.38583001768724,94.82777468511432,50.0,62.02,C,-0.351903,-0.181818,1.0,215.73,57,1445500.0,3,0,,,브랜드·카테고리 평균 대비 성장 신호가 약함,답글률과 응답속도 기준 운영 대응력이 우수함,주문·리뷰 변동성이 낮아 안정성이 높음
ba_14789844,2025-09,굽네치킨 부산우2동점,굽네치킨,치킨,부산광역시,해운대구,실험군,0.8614755898224866,86.14755898224867,38.00094190355083,50.0,90.78238471301843,12.010004669457938,50.0,61.97,C,-0.166312,,0.8636,39.93,629,15833100.0,44,0,,,월 리뷰 수가 전체 매장 상위권에 속함,답글률과 응답속도 기준 운영 대응력이 우수함,
ba_14256619,2025-09,본죽&비빔밥 비산사거리점,본그룹,백반·죽·국수,경기도,안양시,실험군,0.345105218658073,34.5105218658073,100.0,50.0,50.0,98.78063258058711,50.0,61.96,C,4.770982,,,,13,353000.0,0,0,,,브랜드·카테고리 평균 대비 초과 성장 신호가 강함,주문·리뷰 변동성이 낮아 안정성이 높음,
ba_14691791,2025-09,본죽 부산숙등역부민병원점,본그룹,백반·죽·국수,부산광역시,북구,실험군,0.6875059530599974,68.75059530599974,100.0,13.255368421052632,17.5,82.84115827574328,50.0,61.96,C,2.650255,-0.296296,0.0,,295,6959100.0,8,0,,,브랜드·카테고리 평균 대비 초과 성장 신호가 강함,주문·리뷰 변동성이 낮아 안정성이 높음,
ba_14688765,2025-09,본죽&비빔밥 영등포시장역점,본그룹,백반·죽·국수,서울특별시,영등포구,실험군,0.8912627983783392,89.12627983783392,63.65736592797758,44.30844736842106,53.302404230570545,63.974241721313945,5.937106918238992,61.93,C,0.990933,0.883721,0.4286,347.43,421,9931000.0,21,1,38305.65,0.6158,월 리뷰 수가 전체 매장 상위권에 속함,서울 동일 자치구·유사업종 상권 대비 객단가 포지션이 약함,
ba_10759478,2025-09,굽네치킨 남목점,굽네치킨,치킨,울산광역시,동구,실험군,0.9109996733407182,91.09996733407182,35.22883894286208,40.62078947368421,83.41873782676078,26.10898282751166,50.0,61.91,C,-0.291349,0.74359,0.8667,292.65,770,22349900.0,30,0,,,월 리뷰 수가 전체 매장 상위권에 속함,답글률과 응답속도 기준 운영 대응력이 우수함,
ba_14456826,2025-09,본죽&비빔밥 청주오송파라곤점,본그룹,백반·죽·국수,충청북도,청주시,실험군,0.8309217052574438,83.09217052574438,28.01714115921757,14.473684210526317,96.11337285879966,92.21208092556182,50.0,61.9,C,-0.616636,-0.25,1.0,158.02,170,3176400.0,5,0,,,브랜드·카테고리 평균 대비 성장 신호가 약함,답글률과 응답속도 기준 운영 대응력이 우수함,주문·리뷰 변동성이 낮아 안정성이 높음
ba_14653291,2025-09,굽네피자 울산중앙점,굽네치킨,피자,울산광역시,중구,실험군,0.6951438157362189,69.51438157362189,38.39572774630925,23.07692105263158,99.9495297655499,94.54697420245162,50.0,61.84,C,-0.148505,0.076923,1.0,29.87,25,838500.0,3,0,,,답글률과 응답속도 기준 운영 대응력이 우수함,주문·리뷰 변동성이 낮아 안정성이 높음,
ba_14541579,2025-09,굽네치킨 킨텍스호수공원점,굽네치킨,치킨,경기도,고양시,실험군,0.8753840990698106,87.53840990698106,46.75704225879047,24.44821052631579,66.69177129397436,58.13418928509654,50.0,61.81,C,0.228636,0.129032,0.5714,210.22,765,22517700.0,21,0,,,월 리뷰 수가 전체 매장 상위권에 속함,,
ba_14228480,2025-09,굽네치킨 중곡1동점,굽네치킨,치킨,서울특별시,광진구,실험군,0.8070648280981926,80.70648280981926,21.315802790426687,3.508763157894738,91.23458352862289,97.12360658203288,100.0,61.75,C,-0.918903,-0.666667,1.0,321.0,16,769300.0,1,1,21914.22,2.1941,브랜드·카테고리 평균 대비 성장 신호가 약함,답글률과 응답속도 기준 운영 대응력이 우수함,서울 동일 자치구·유사업종 상권 대비 객단가 경쟁력이 있음
ba_13231795,2025-09,본죽&비빔밥 인천간석남부역점,본그룹,백반·죽·국수,인천광역시,남동구,실험군,0.2412489398378486,24.124893983784858,100.0,73.68421052631578,50.0,97.13054593043756,50.0,61.71,C,15.085755,2.0,,,0,0.0,0,0,,,브랜드·카테고리 평균 대비 초과 성장 신호가 강함,최근 리뷰 성장 흐름이 우수함,주문·리뷰 변동성이 낮아 안정성이 높음
ba_13539979,2025-09,본죽&비빔밥 대전신탄점,본그룹,백반·죽·국수,대전광역시,대덕구,실험군,0.848316667772252,84.8316667772252,20.060212212632543,21.05263157894737,99.06255880068832,88.46276064359067,50.0,61.57,C,-0.975537,0.0,1.0,59.5,90,1777600.0,2,0,,,브랜드·카테고리 평균 대비 성장 신호가 약함,답글률과 응답속도 기준 운영 대응력이 우수함,주문·리뷰 변동성이 낮아 안정성이 높음
ba_10040679,2025-09,굽네치킨 칠암망경점,굽네치킨,치킨,경상남도,진주시,실험군,0.8099504929518311,80.99504929518311,38.193801006496614,35.15036842105263,91.055344340252,47.081654018112424,50.0,61.54,C,-0.157613,0.535714,0.9524,223.63,554,15321500.0,21,0,,,월 리뷰 수가 전체 매장 상위권에 속함,답글률과 응답속도 기준 운영 대응력이 우수함,
ba_13227543,2025-09,본죽&비빔밥 부경대경성대점,본그룹,백반·죽·국수,부산광역시,남구,실험군,0.8081401628113088,80.81401628113089,17.060287646946577,46.172236842105264,96.75846986496796,75.14538225685259,50.0,61.5,C,-1.11085,0.954545,1.0,136.47,59,1223700.0,12,0,,,브랜드·카테고리 평균 대비 성장 신호가 약함,답글률과 응답속도 기준 운영 대응력이 우수함,주문·리뷰 변동성이 낮아 안정성이 높음
ba_13237700,2025-09,본죽&비빔밥 김해내외동점,본그룹,백반·죽·국수,경상남도,김해시,실험군,0.84395024717969,84.39502471796901,28.893731120290468,27.033500000000004,94.05864160574203,65.5241137822834,50.0,61.48,C,-0.577097,0.227273,1.0,226.66,202,4025900.0,5,0,,,브랜드·카테고리 평균 대비 성장 신호가 약함,답글률과 응답속도 기준 운영 대응력이 우수함,
ba_13236584,2025-09,본죽 군포당동점,본그룹,백반·죽·국수,경기도,군포시,실험군,0.8584926445713033,85.84926445713033,45.91639029126569,50.0,17.5,97.91289791504963,50.0,61.44,C,0.190718,,0.0,,28,422300.0,1,0,,,주문·리뷰 변동성이 낮아 안정성이 높음,,
ba_14775877,2025-09,굽네치킨&피자 세종아름점,굽네치킨,치킨,세종특별자치시,세종로,실험군,0.7496617816812947,74.96617816812947,38.00094190355083,50.0,84.78545930906839,54.61180035828991,50.0,61.42,C,-0.166312,,0.9091,339.06,392,11143800.0,11,0,,,답글률과 응답속도 기준 운영 대응력이 우수함,,
ba_14743271,2025-09,본죽&비빔밥 안양석수점,본그룹,백반·죽·국수,경기도,안양시,실험군,0.9316400077483856,93.16400077483856,5.716208351016429,48.06094736842106,97.25359304278808,55.7287200737272,50.0,61.41,C,-1.62253,1.026316,1.0,119.93,321,8641300.0,24,0,,,브랜드·카테고리 평균 대비 성장 신호가 약함,월 리뷰 수가 전체 매장 상위권에 속함,답글률과 응답속도 기준 운영 대응력이 우수함
ba_14788494,2025-09,굽네치킨 경화태백점,굽네치킨,치킨,경상남도,창원시,실험군,0.7669763038534494,76.69763038534494,38.00094190355083,50.0,85.4232388753374,47.39004282342601,50.0,61.4,C,-0.166312,,0.8261,137.53,414,9809400.0,23,0,,,월 리뷰 수가 전체 매장 상위권에 속함,답글률과 응답속도 기준 운영 대응력이 우수함,
ba_14687327,2025-09,본죽&비빔밥 시흥사거리점,본그룹,백반·죽·국수,서울특별시,금천구,실험군,0.9039442925908086,90.39442925908085,27.44266534871854,20.07797368421053,97.90856856459608,79.21229316882417,36.73794549266247,61.38,C,-0.642548,-0.037037,1.0,98.05,291,7758300.0,9,1,27119.42,0.9831,브랜드·카테고리 평균 대비 성장 신호가 약함,답글률과 응답속도 기준 운영 대응력이 우수함,주문·리뷰 변동성이 낮아 안정성이 높음
ba_14249433,2025-09,굽네치킨 부산하단점,굽네치킨,치킨,부산광역시,사하구,실험군,0.9608313853123808,96.08313853123808,34.232396549265346,28.348105263157898,99.11763900910363,0.0,50.0,61.31,C,-0.336294,0.277228,1.0,57.66,1396,34765100.0,135,0,,,브랜드·카테고리 평균 대비 성장 신호가 약함,월 리뷰 수가 전체 매장 상위권에 속함,답글률과 응답속도 기준 운영 대응력이 우수함
ba_14336642,2025-09,굽네치킨&피자 상대원점,굽네치킨,치킨,경기도,성남시,실험군,0.7615672759485758,76.15672759485757,43.40452185757747,32.280710526315794,87.76271217341029,57.90519726472462,50.0,61.3,C,0.077419,0.426667,0.9574,344.48,384,11348100.0,47,0,,,월 리뷰 수가 전체 매장 상위권에 속함,답글률과 응답속도 기준 운영 대응력이 우수함,
ba_14783596,2025-09,굽네치킨 사상역점,굽네치킨,치킨,부산광역시,사상구,실험군,0.8532923571945155,85.32923571945155,38.00094190355083,50.0,78.75679928053616,25.641391278854364,50.0,61.24,C,-0.166312,,0.8421,394.97,589,15788500.0,19,0,,,월 리뷰 수가 전체 매장 상위권에 속함,답글률과 응답속도 기준 운영 대응력이 우수함,
ba_13231958,2025-09,본죽 송도센트럴파크점,본그룹,백반·죽·국수,인천광역시,연수구,실험군,0.3986521132596805,39.86521132596805,100.0,36.84210526315789,50.0,92.23453194909362,50.0,61.2,C,3.458494,0.6,,,88,2264000.0,0,0,,,브랜드·카테고리 평균 대비 초과 성장 신호가 강함,주문·리뷰 변동성이 낮아 안정성이 높음,
ba_14773140,2025-09,굽네치킨 효자중화산1호점,굽네치킨,치킨,전북특별자치도,전주시,실험군,0.7313881343540364,73.13881343540363,38.00094190355083,50.0,97.68285944967687,39.51686376753895,50.0,61.2,C,-0.166312,,1.0,105.59,262,6707500.0,55,0,,,월 리뷰 수가 전체 매장 상위권에 속함,답글률과 응답속도 기준 운영 대응력이 우수함,
ba_10469515,2025-09,굽네치킨&피자 성서계명대점,굽네치킨,치킨,대구광역시,달서구,실험군,0.9563265652855316,95.63265652855316,38.362915759602764,33.151842105263164,77.15225788656214,15.580685110038893,50.0,61.17,C,-0.149985,0.45977,0.6905,119.39,1273,31735400.0,42,0,,,월 리뷰 수가 전체 매장 상위권에 속함,답글률과 응답속도 기준 운영 대응력이 우수함,
ba_14695290,2025-09,본죽&비빔밥 용산센트럴점,본그룹,백반·죽·국수,서울특별시,용산구,실험군,0.6563229056625735,65.63229056625734,100.0,18.42105263157895,54.05669161070267,87.80614476492002,3.0272536687630955,61.16,C,7.39531,-0.1,0.3333,115.3,118,2774800.0,6,1,40465.52,0.5811,브랜드·카테고리 평균 대비 초과 성장 신호가 강함,서울 동일 자치구·유사업종 상권 대비 객단가 포지션이 약함,주문·리뷰 변동성이 낮아 안정성이 높음
ba_14773135,2025-09,본죽&비빔밥 용인보라점,본그룹,백반·죽·국수,경기도,용인시,실험군,0.9311078195659748,93.11078195659748,1.1654740082230637,50.0,96.63304265123965,61.80985150668112,50.0,61.06,C,-1.827793,,1.0,140.66,283,7501300.0,15,0,,,브랜드·카테고리 평균 대비 성장 신호가 약함,월 리뷰 수가 전체 매장 상위권에 속함,답글률과 응답속도 기준 운영 대응력이 우수함
ba_10872945,2025-09,굽네치킨 대구대현점,굽네치킨,치킨,대구광역시,북구,실험군,0.8864017206641707,88.64017206641707,43.978576433112025,68.69328947368422,38.90964617124129,28.953662367819497,50.0,61.05,C,0.103312,1.810345,0.0667,42.41,450,11825300.0,90,0,,,월 리뷰 수가 전체 매장 상위권에 속함,,
ba_14783137,2025-09,굽네치킨 포천이동점,굽네치킨,치킨,경기도,포천시,실험군,0.6014213025268068,60.14213025268068,38.00094190355083,50.0,91.44293040393293,92.11689963663278,50.0,60.98,C,-0.166312,,1.0,314.04,15,425800.0,8,0,,,답글률과 응답속도 기준 운영 대응력이 우수함,주문·리뷰 변동성이 낮아 안정성이 높음,
ba_14688182,2025-09,본죽 수내푸른마을점,본그룹,백반·죽·국수,경기도,성남시,실험군,0.8980009378510208,89.80009378510208,3.5530337868685216,35.22268421052632,99.93575971344606,83.03426526093747,50.0,60.9,C,-1.720101,0.538462,1.0,30.33,169,4211000.0,9,0,,,브랜드·카테고리 평균 대비 성장 신호가 약함,답글률과 응답속도 기준 운영 대응력이 우수함,주문·리뷰 변동성이 낮아 안정성이 높음
ba_14782170,2025-09,굽네치킨 수산점,굽네치킨,치킨,경상남도,밀양시,실험군,0.6325719429463138,63.25719429463138,38.00094190355083,50.0,96.82761947444587,72.0298546352521,50.0,60.87,C,-0.166312,,1.0,134.16,159,4990200.0,9,0,,,답글률과 응답속도 기준 운영 대응력이 우수함,주문·리뷰 변동성이 낮아 안정성이 높음,
ba_14528412,2025-09,굽네피자 봉동점,굽네치킨,피자,전북특별자치도,완주군,실험군,0.7301688718369038,73.01688718369039,33.860224373020856,21.05263157894737,94.64386882015457,94.59129476009372,50.0,60.83,C,-0.353081,0.0,1.0,207.11,38,1190000.0,2,0,,,브랜드·카테고리 평균 대비 성장 신호가 약함,답글률과 응답속도 기준 운영 대응력이 우수함,주문·리뷰 변동성이 낮아 안정성이 높음
ba_14739815,2025-09,굽네치킨&피자 신창신가점,굽네치킨,치킨,광주광역시,광산구,실험군,0.880953450832673,88.09534508326729,35.512751308918375,33.16113157894737,95.41948197235041,18.202252762783242,50.0,60.82,C,-0.278543,0.460123,1.0,181.2,732,19374900.0,90,0,,,월 리뷰 수가 전체 매장 상위권에 속함,답글률과 응답속도 기준 운영 대응력이 우수함,
ba_13973901,2025-09,굽네피자 강원횡성점,굽네치킨,피자,강원특별자치도,횡성군,실험군,0.6593657113688666,65.93657113688666,37.74130597360509,60.526315789473685,67.72549524462796,90.41756201728137,50.0,60.79,C,-0.178023,1.5,0.6667,382.62,33,990200.0,3,0,,,주문·리뷰 변동성이 낮아 안정성이 높음,,
ba_14782523,2025-09,굽네치킨&피자 동부산오시리아점,굽네치킨,치킨,부산광역시,기장군,실험군,0.7631651348721866,76.31651348721866,38.00094190355083,50.0,92.16166725396081,32.26964834640374,50.0,60.76,C,-0.166312,,1.0,290.03,454,13902200.0,39,0,,,월 리뷰 수가 전체 매장 상위권에 속함,답글률과 응답속도 기준 운영 대응력이 우수함,
ba_14689454,2025-09,본죽&비빔밥 광교아브뉴프랑점,본그룹,백반·죽·국수,경기도,수원시,실험군,0.9318786975891082,93.18786975891082,54.52791837264519,27.471105263157895,17.5,76.72959290703622,50.0,60.67,C,0.579145,0.243902,0.0,,663,16762700.0,12,0,,,주문·리뷰 변동성이 낮아 안정성이 높음,,
ba_14692459,2025-09,본죽&비빔밥 천안불당점,본그룹,백반·죽·국수,충청남도,천안시,실험군,0.9788746150567186,97.88746150567185,5.397976420486056,46.172236842105264,97.2110854906415,35.342563099837605,50.0,60.65,C,-1.636884,0.954545,1.0,121.35,636,14464500.0,18,0,,,브랜드·카테고리 평균 대비 성장 신호가 약함,월 리뷰 수가 전체 매장 상위권에 속함,답글률과 응답속도 기준 운영 대응력이 우수함
ba_14736681,2025-09,본죽&비빔밥 신림녹두거리점,본그룹,백반·죽·국수,서울특별시,관악구,실험군,0.8165307900650708,81.65307900650708,37.492245258293806,28.070184210526318,99.69328705683525,94.44775349639119,7.245283018867918,60.63,C,-0.189257,0.266667,1.0,38.43,49,872100.0,4,1,28186.93,0.6314,답글률과 응답속도 기준 운영 대응력이 우수함,서울 동일 자치구·유사업종 상권 대비 객단가 포지션이 약함,주문·리뷰 변동성이 낮아 안정성이 높음
ba_14767932,2025-09,본죽&비빔밥 신중동점,본그룹,백반·죽·국수,경기도,부천시,실험군,0.8801937013547274,88.01937013547274,1.1654740082230637,50.0,96.89108145370696,74.33721472070707,50.0,60.57,C,-1.827793,,1.0,132.04,202,4468500.0,9,0,,,브랜드·카테고리 평균 대비 성장 신호가 약함,답글률과 응답속도 기준 운영 대응력이 우수함,주문·리뷰 변동성이 낮아 안정성이 높음
ba_13451078,2025-09,본죽&비빔밥 김포신곡점,본그룹,백반·죽·국수,경기도,김포시,실험군,0.7889060055272555,78.89060055272556,6.232952801121066,51.127815789473686,98.1764858827031,89.79490119906976,50.0,60.55,C,-1.599222,1.142857,1.0,89.1,24,504500.0,11,0,,,브랜드·카테고리 평균 대비 성장 신호가 약함,답글률과 응답속도 기준 운영 대응력이 우수함,주문·리뷰 변동성이 낮아 안정성이 높음
ba_14689472,2025-09,본죽&비빔밥 수원율전점,본그룹,백반·죽·국수,경기도,수원시,통제군,0.8196417153412267,81.96417153412267,6.866401506646618,54.8872105263158,99.79356895802614,69.18808181567444,50.0,60.52,C,-1.57065,1.285714,1.0,35.08,287,7414200.0,12,0,,,브랜드·카테고리 평균 대비 성장 신호가 약함,답글률과 응답속도 기준 운영 대응력이 우수함,
ba_14593720,2025-09,굽네치킨&피자 무주읍점,굽네치킨,치킨,전북특별자치도,무주군,실험군,0.6849270367436247,68.49270367436246,34.650483336637635,40.789473684210535,92.39935032723118,78.49118267555258,50.0,60.46,C,-0.317436,0.75,1.0,282.09,161,4733500.0,8,0,,,브랜드·카테고리 평균 대비 성장 신호가 약함,답글률과 응답속도 기준 운영 대응력이 우수함,주문·리뷰 변동성이 낮아 안정성이 높음
ba_13313413,2025-09,굽네치킨&피자 대전도마점,굽네치킨,치킨,대전광역시,서구,실험군,0.6256404280346216,62.56404280346216,42.06104836403703,45.149026315789484,88.2140124323899,80.44942023982308,50.0,60.46,C,0.016821,0.915663,0.9792,376.74,0,0.0,48,0,,,월 리뷰 수가 전체 매장 상위권에 속함,답글률과 응답속도 기준 운영 대응력이 우수함,주문·리뷰 변동성이 낮아 안정성이 높음
ba_10022124,2025-09,굽네치킨 삼산2동점,굽네치킨,치킨,인천광역시,부평구,실험군,0.8732027315746138,87.32027315746139,37.454023727833,24.951263157894736,83.00593561260482,43.192622617426345,50.0,60.44,C,-0.190981,0.148148,0.8667,306.44,549,15663700.0,15,0,,,월 리뷰 수가 전체 매장 상위권에 속함,답글률과 응답속도 기준 운영 대응력이 우수함,
ba_13223711,2025-09,본죽&비빔밥 중앙대점,본그룹,백반·죽·국수,서울특별시,동작구,실험군,0.7825110833120639,78.25110833120638,41.87776681396774,21.05263157894737,99.99982039062473,97.84091459891526,11.59748427672956,60.38,C,0.008554,0.0,1.0,28.19,21,450300.0,1,1,31379.83,0.6833,답글률과 응답속도 기준 운영 대응력이 우수함,서울 동일 자치구·유사업종 상권 대비 객단가 포지션이 약함,주문·리뷰 변동성이 낮아 안정성이 높음
ba_13233457,2025-09,본죽&비빔밥 대구용산장기점,본그룹,백반·죽·국수,대구광역시,달서구,실험군,0.8192369447544539,81.92369447544539,23.250246768864553,21.05263157894737,93.0749809271949,87.67205691765156,50.0,60.37,C,-0.831649,0.0,1.0,259.52,85,1675000.0,2,0,,,브랜드·카테고리 평균 대비 성장 신호가 약함,답글률과 응답속도 기준 운영 대응력이 우수함,주문·리뷰 변동성이 낮아 안정성이 높음
ba_14782607,2025-09,굽네치킨 경산중방점,굽네치킨,치킨,경상북도,경산시,실험군,0.7965963897978692,79.65963897978692,38.00094190355083,50.0,96.71715970865648,9.295618352882041,50.0,60.32,C,-0.166312,,1.0,137.85,618,15697100.0,132,0,,,월 리뷰 수가 전체 매장 상위권에 속함,답글률과 응답속도 기준 운영 대응력이 우수함,
ba_14782074,2025-09,굽네치킨 관음점,굽네치킨,치킨,대구광역시,북구,실험군,0.7183246131622884,71.83246131622883,38.00094190355083,50.0,96.12247963229686,37.63999779353559,50.0,60.32,C,-0.166312,,0.9726,98.22,288,7728300.0,73,0,,,월 리뷰 수가 전체 매장 상위권에 속함,답글률과 응답속도 기준 운영 대응력이 우수함,
ba_14578524,2025-09,굽네치킨 세천점,굽네치킨,치킨,대구광역시,달성군,실험군,0.8172150490573749,81.72150490573749,34.64325583145769,35.59557894736842,86.23095996421496,46.89021604291406,50.0,60.23,C,-0.317762,0.552632,0.8889,246.91,482,12323100.0,18,0,,,브랜드·카테고리 평균 대비 성장 신호가 약함,월 리뷰 수가 전체 매장 상위권에 속함,답글률과 응답속도 기준 운영 대응력이 우수함
ba_14458025,2025-09,굽네치킨 울산공업탑점,굽네치킨,치킨,울산광역시,남구,실험군,0.7810549280942426,78.10549280942426,39.44387118923,48.12028947368422,96.54462546484618,12.686662115560475,50.0,60.17,C,-0.101228,1.028571,0.9872,115.82,516,14701800.0,78,0,,,월 리뷰 수가 전체 매장 상위권에 속함,답글률과 응답속도 기준 운영 대응력이 우수함,
ba_14791302,2025-09,굽네치킨 초읍점,굽네치킨,치킨,부산광역시,부산진구,실험군,0.7111427200490015,71.11427200490014,38.00094190355083,50.0,98.86250000000001,34.3791641384262,50.0,60.16,C,-0.166312,,0.9825,20.97,330,9288300.0,57,0,,,월 리뷰 수가 전체 매장 상위권에 속함,답글률과 응답속도 기준 운영 대응력이 우수함,
ba_14625157,2025-09,굽네치킨 금촌점,굽네치킨,치킨,경기도,파주시,실험군,0.7792346926097489,77.92346926097488,34.17475386991611,33.114026315789474,91.71773274809186,55.45400692863963,50.0,60.09,C,-0.338894,0.458333,1.0,304.86,421,13519300.0,11,0,,,브랜드·카테고리 평균 대비 성장 신호가 약함,답글률과 응답속도 기준 운영 대응력이 우수함,
ba_14248059,2025-09,굽네치킨 은행선화점,굽네치킨,치킨,대전광역시,중구,실험군,0.7638199825563715,76.38199825563716,35.014075621763595,21.05263157894737,92.66523549354946,75.07682328766037,50.0,60.05,C,-0.301036,0.0,0.9,56.07,379,11032700.0,10,0,,,답글률과 응답속도 기준 운영 대응력이 우수함,주문·리뷰 변동성이 낮아 안정성이 높음,
ba_13769748,2025-09,굽네치킨 괴산점,굽네치킨,치킨,충청북도,괴산군,실험군,0.6419882319747782,64.19882319747782,35.551105860946905,32.748526315789476,99.3044327593816,87.77837750875963,50.0,59.94,C,-0.276813,0.444444,1.0,51.42,149,5396400.0,4,0,,,답글률과 응답속도 기준 운영 대응력이 우수함,주문·리뷰 변동성이 낮아 안정성이 높음,
ba_14691949,2025-09,본죽&비빔밥 부산범일점,본그룹,백반·죽·국수,부산광역시,동구,실험군,0.9640368759570592,96.40368759570592,3.382500137039932,34.21052631578947,98.3824379663429,53.60261322320987,50.0,59.84,C,-1.727793,0.5,1.0,82.22,453,11887900.0,12,0,,,브랜드·카테고리 평균 대비 성장 신호가 약함,답글률과 응답속도 기준 운영 대응력이 우수함,
ba_14721018,2025-09,굽네치킨&피자 대구서재점,굽네치킨,치킨,대구광역시,달성군,실험군,0.720271757724011,72.0271757724011,34.580780035147626,29.42584210526316,92.95015241138415,76.12405020753866,50.0,59.82,C,-0.32058,0.318182,1.0,263.69,167,4847200.0,10,0,,,브랜드·카테고리 평균 대비 성장 신호가 약함,답글률과 응답속도 기준 운영 대응력이 우수함,주문·리뷰 변동성이 낮아 안정성이 높음
ba_14691172,2025-09,본죽 대구산격점,본그룹,백반·죽·국수,대구광역시,북구,실험군,0.967431500001668,96.74315000016679,3.8644594471834304,37.07094736842105,93.11841543990613,54.50463290081132,50.0,59.81,C,-1.706054,0.608696,0.9231,91.09,507,11856500.0,13,0,,,브랜드·카테고리 평균 대비 성장 신호가 약함,답글률과 응답속도 기준 운영 대응력이 우수함,
ba_14692551,2025-09,본죽&비빔밥 당산점,본그룹,백반·죽·국수,서울특별시,영등포구,실험군,0.8193939413298609,81.93939413298608,46.99843206369605,8.991236842105264,92.19040475400357,96.47187719343265,10.205450733752615,59.75,C,0.239524,-0.458333,1.0,289.07,163,4162900.0,4,1,38305.65,0.6667,답글률과 응답속도 기준 운영 대응력이 우수함,서울 동일 자치구·유사업종 상권 대비 객단가 포지션이 약함,주문·리뷰 변동성이 낮아 안정성이 높음
ba_13504506,2025-09,본죽&비빔밥 세종반곡점,본그룹,백반·죽·국수,세종특별자치시,한누리대로,실험군,0.8012781972467583,80.12781972467583,29.150839640449355,6.6985526315789485,93.12557090122853,93.89455895649155,50.0,59.7,C,-0.5655,-0.545455,1.0,257.83,74,1725900.0,2,0,,,브랜드·카테고리 평균 대비 성장 신호가 약함,답글률과 응답속도 기준 운영 대응력이 우수함,주문·리뷰 변동성이 낮아 안정성이 높음
ba_10432360,2025-09,굽네치킨 영주휴천점,굽네치킨,치킨,경상북도,영주시,실험군,0.7748354286802766,77.48354286802766,33.77752929841599,36.09023684210527,94.72738717965385,44.73969677704624,50.0,59.66,C,-0.356811,0.571429,1.0,204.32,467,14378400.0,16,0,,,브랜드·카테고리 평균 대비 성장 신호가 약함,월 리뷰 수가 전체 매장 상위권에 속함,답글률과 응답속도 기준 운영 대응력이 우수함
ba_14688728,2025-09,본죽&비빔밥 판교역점,본그룹,백반·죽·국수,경기도,성남시,실험군,0.939714307907624,93.9714307907624,1.9865939755529662,25.92592105263158,97.95377025737167,76.22751321839118,50.0,59.59,C,-1.790756,0.185185,1.0,96.54,268,7007200.0,13,0,,,브랜드·카테고리 평균 대비 성장 신호가 약함,답글률과 응답속도 기준 운영 대응력이 우수함,주문·리뷰 변동성이 낮아 안정성이 높음
ba_14694670,2025-09,본죽&비빔밥 충무로역점,본그룹,백반·죽·국수,서울특별시,중구,실험군,0.7662298653204194,76.62298653204193,78.61748135079189,27.31828947368421,45.81735945309801,84.52573677071993,2.6079664570230534,59.57,C,1.665716,0.238095,0.1667,28.79,277,6499600.0,6,1,40727.52,0.5761,브랜드·카테고리 평균 대비 초과 성장 신호가 강함,서울 동일 자치구·유사업종 상권 대비 객단가 포지션이 약함,주문·리뷰 변동성이 낮아 안정성이 높음
ba_14688631,2025-09,본죽&비빔밥 부천소새울역점,본그룹,백반·죽·국수,경기도,부천시,실험군,0.9152932888782462,91.52932888782462,3.041410667121458,32.18623684210527,96.88659121932528,73.99529577648333,50.0,59.56,C,-1.743178,0.423077,1.0,132.19,276,6404400.0,26,0,,,브랜드·카테고리 평균 대비 성장 신호가 약함,월 리뷰 수가 전체 매장 상위권에 속함,답글률과 응답속도 기준 운영 대응력이 우수함
ba_14690086,2025-09,본죽&비빔밥 수지상현점,본그룹,백반·죽·국수,경기도,용인시,실험군,0.8492893312685581,84.92893312685581,45.23328020045464,18.330315789473687,43.98658691896367,91.56568361747128,50.0,59.54,C,0.159906,-0.103448,0.2222,210.46,269,7299800.0,9,0,,,주문·리뷰 변동성이 낮아 안정성이 높음,,
ba_14270904,2025-09,굽네치킨 원미점,굽네치킨,치킨,경기도,부천시,실험군,0.7672925448343741,76.72925448343742,32.87812613847756,24.922605263157898,96.41272181757846,62.061894036808724,50.0,59.48,C,-0.397379,0.147059,1.0,148.02,348,10123900.0,8,0,,,브랜드·카테고리 평균 대비 성장 신호가 약함,답글률과 응답속도 기준 운영 대응력이 우수함,
ba_14687350,2025-09,본죽&비빔밥 구로구청점,본그룹,백반·죽·국수,서울특별시,구로구,실험군,0.9785967057241935,97.85967057241936,45.78662775194604,37.277394736842105,58.423377402061575,42.27337760041297,15.614255765199156,59.41,C,0.184865,0.616541,0.5652,472.97,963,21611400.0,46,1,30692.93,0.7312,월 리뷰 수가 전체 매장 상위권에 속함,서울 동일 자치구·유사업종 상권 대비 객단가 포지션이 약함,
ba_10841421,2025-09,굽네치킨 인계점,굽네치킨,치킨,경기도,수원시,실험군,0.8907194930468517,89.07194930468518,34.71169542805426,17.464105263157894,90.12417390292883,34.07935958775387,50.0,59.4,C,-0.314675,-0.136364,0.8824,102.74,610,17462500.0,17,0,,,브랜드·카테고리 평균 대비 성장 신호가 약함,월 리뷰 수가 전체 매장 상위권에 속함,답글률과 응답속도 기준 운영 대응력이 우수함
ba_14740022,2025-09,굽네치킨 신봉점,굽네치킨,치킨,경기도,용인시,실험군,0.7542658818990547,75.42658818990547,37.0747570679763,31.578947368421055,75.04449642491815,76.2466219259004,50.0,59.29,C,-0.208088,0.4,0.6923,193.71,302,8728300.0,13,0,,,답글률과 응답속도 기준 운영 대응력이 우수함,주문·리뷰 변동성이 낮아 안정성이 높음,
ba_14729159,2025-09,굽네치킨 원대자이점,굽네치킨,치킨,대구광역시,서구,실험군,0.8932052655784968,89.32052655784967,35.50758563803823,62.05247368421053,65.0,0.0,50.0,59.2,C,-0.278776,1.557994,1.0,1446.4,1239,31239300.0,398,0,,,월 리뷰 수가 전체 매장 상위권에 속함,리뷰 답글률이 높아 고객 대응 신호가 좋음,
ba_13228878,2025-09,본죽 대전도마사거리점,본그룹,백반·죽·국수,대전광역시,서구,실험군,0.8036021393660521,80.3602139366052,20.426952674861425,10.526315789473685,98.95269773281652,95.08261498384368,50.0,59.16,C,-0.958995,-0.4,1.0,63.17,54,998700.0,4,0,,,브랜드·카테고리 평균 대비 성장 신호가 약함,답글률과 응답속도 기준 운영 대응력이 우수함,주문·리뷰 변동성이 낮아 안정성이 높음
ba_14798760,2025-09,굽네치킨&피자 도래울점,굽네치킨,치킨,경기도,고양시,실험군,0.5051729676472912,50.517296764729124,38.00094190355083,50.0,99.16343939979677,95.4669985691275,50.0,59.1,C,-0.166312,,1.0,56.13,24,640100.0,3,0,,,답글률과 응답속도 기준 운영 대응력이 우수함,주문·리뷰 변동성이 낮아 안정성이 높음,
ba_14575172,2025-09,굽네치킨 좌4동점,굽네치킨,치킨,부산광역시,해운대구,실험군,0.8590843697339754,85.90843697339754,30.28755327721634,35.55315789473685,90.87636908187108,24.348738493776935,50.0,59.04,C,-0.514228,0.55102,0.9286,177.93,639,16207800.0,14,0,,,브랜드·카테고리 평균 대비 성장 신호가 약함,월 리뷰 수가 전체 매장 상위권에 속함,답글률과 응답속도 기준 운영 대응력이 우수함
ba_10750970,2025-09,굽네치킨 청주강서지구점,굽네치킨,치킨,충청북도,청주시,실험군,0.9216269275691368,92.16269275691367,32.26968548768506,26.470578947368427,79.15178873832112,28.74369172872277,50.0,59.04,C,-0.424823,0.205882,0.8,290.36,915,26548500.0,20,0,,,브랜드·카테고리 평균 대비 성장 신호가 약함,월 리뷰 수가 전체 매장 상위권에 속함,답글률과 응답속도 기준 운영 대응력이 우수함
ba_13233463,2025-09,본죽&비빔밥 대구북구청점,본그룹,백반·죽·국수,대구광역시,북구,실험군,0.7713570035193381,77.1357003519338,23.722739377438003,12.280710526315792,97.12966257385366,96.16315828893573,50.0,58.96,C,-0.810337,-0.333333,1.0,124.07,32,730300.0,2,0,,,브랜드·카테고리 평균 대비 성장 신호가 약함,답글률과 응답속도 기준 운영 대응력이 우수함,주문·리뷰 변동성이 낮아 안정성이 높음
ba_13230834,2025-09,본죽&비빔밥 송도신도시점,본그룹,백반·죽·국수,인천광역시,연수구,실험군,0.2763244744409976,27.63244744409976,100.0,47.36842105263158,50.0,96.63982937903378,50.0,58.94,C,12.83803,1.0,,,30,849800.0,0,0,,,브랜드·카테고리 평균 대비 초과 성장 신호가 강함,주문·리뷰 변동성이 낮아 안정성이 높음,
ba_14390691,2025-09,본죽&비빔밥 경산옥곡점,본그룹,백반·죽·국수,경상북도,경산시,실험군,0.7913256220429954,79.13256220429955,18.957662948510624,19.856447368421055,97.89150567394569,88.12257114775628,50.0,58.91,C,-1.025268,-0.045455,1.0,98.62,79,1550700.0,6,0,,,브랜드·카테고리 평균 대비 성장 신호가 약함,답글률과 응답속도 기준 운영 대응력이 우수함,주문·리뷰 변동성이 낮아 안정성이 높음
ba_14599973,2025-09,굽네치킨 파주법원점,굽네치킨,치킨,경기도,파주시,실험군,0.6673152045986509,66.7315204598651,33.483307760860704,24.56139473684211,98.69256348763774,86.98067188678634,50.0,58.91,C,-0.370082,0.133333,1.0,71.86,145,5078400.0,5,0,,,브랜드·카테고리 평균 대비 성장 신호가 약함,답글률과 응답속도 기준 운영 대응력이 우수함,주문·리뷰 변동성이 낮아 안정성이 높음
ba_13612153,2025-09,본죽&비빔밥 철산역점,본그룹,백반·죽·국수,경기도,광명시,실험군,0.4949446456052518,49.49446456052518,100.0,29.82455263157895,17.5,94.00509309724308,50.0,58.82,C,3.574138,0.333333,0.0,,72,1672800.0,3,0,,,브랜드·카테고리 평균 대비 초과 성장 신호가 강함,주문·리뷰 변동성이 낮아 안정성이 높음,
ba_14760741,2025-09,본죽&비빔밥 용인신갈점,본그룹,백반·죽·국수,경기도,용인시,실험군,0.780720741930129,78.0720741930129,1.1654740082230637,50.0,95.04978600825861,93.75314662549344,50.0,58.75,C,-1.827793,,1.0,193.55,26,639400.0,4,0,,,브랜드·카테고리 평균 대비 성장 신호가 약함,답글률과 응답속도 기준 운영 대응력이 우수함,주문·리뷰 변동성이 낮아 안정성이 높음
ba_14689409,2025-09,본죽&비빔밥 수원권선롯데마트점,본그룹,백반·죽·국수,경기도,수원시,실험군,0.6929138805847168,69.29138805847168,79.65584770848457,22.600631578947368,17.5,85.35621945720004,50.0,58.72,C,1.712552,0.058824,0.0,,269,6366500.0,13,0,,,브랜드·카테고리 평균 대비 초과 성장 신호가 강함,주문·리뷰 변동성이 낮아 안정성이 높음,
ba_14690695,2025-09,본죽&비빔밥 김해구산점,본그룹,백반·죽·국수,경상남도,김해시,실험군,0.9764269103369436,97.64269103369436,7.661870481666113,59.608315789473686,68.55878991519016,33.8680574452749,50.0,58.7,C,-1.53477,1.465116,0.5854,178.25,661,14951200.0,41,0,,,브랜드·카테고리 평균 대비 성장 신호가 약함,월 리뷰 수가 전체 매장 상위권에 속함,
ba_13235588,2025-09,본죽 성균관대점,본그룹,백반·죽·국수,서울특별시,종로구,실험군,0.8508755235938052,85.08755235938052,33.84091407543887,14.473684210526317,100.0,97.5676743059229,0.0,58.65,C,-0.353952,-0.25,1.0,16.35,22,381300.0,1,1,35936.38,0.4823,브랜드·카테고리 평균 대비 성장 신호가 약함,답글률과 응답속도 기준 운영 대응력이 우수함,서울 동일 자치구·유사업종 상권 대비 객단가 포지션이 약함
ba_13230879,2025-09,본죽&비빔밥 강남성심병원점,본그룹,백반·죽·국수,서울특별시,영등포구,실험군,0.5647000460484949,56.470004604849485,53.283568117324144,100.0,50.0,95.74108195027497,0.0,58.64,C,0.523018,5.0,,,20,377300.0,0,1,38305.65,0.4925,최근 리뷰 성장 흐름이 우수함,서울 동일 자치구·유사업종 상권 대비 객단가 포지션이 약함,주문·리뷰 변동성이 낮아 안정성이 높음
ba_14654080,2025-09,굽네치킨 부산명장점,굽네치킨,치킨,부산광역시,동래구,실험군,0.8799687350729698,87.99687350729698,36.09607305367138,29.5465,95.39700410877828,0.0,50.0,58.56,C,-0.252232,0.322767,0.9892,158.5,969,26493800.0,186,0,,,월 리뷰 수가 전체 매장 상위권에 속함,답글률과 응답속도 기준 운영 대응력이 우수함,
ba_14700905,2025-09,본죽&비빔밥 호탄점,본그룹,백반·죽·국수,경상남도,진주시,실험군,0.788376092823165,78.8376092823165,4.712715814330049,42.10526315789474,95.39553405564811,91.45209590708032,50.0,58.54,C,-1.667793,0.8,1.0,182.0,51,935400.0,6,0,,,브랜드·카테고리 평균 대비 성장 신호가 약함,답글률과 응답속도 기준 운영 대응력이 우수함,주문·리뷰 변동성이 낮아 안정성이 높음
ba_14719554,2025-09,본죽&비빔밥 파주금릉역점,본그룹,백반·죽·국수,경기도,파주시,실험군,0.9858580687207068,98.58580687207068,4.3404771273017,39.89602631578948,93.48613731222268,29.453381314502217,50.0,58.54,C,-1.684583,0.716049,0.9565,151.33,741,16897100.0,46,0,,,브랜드·카테고리 평균 대비 성장 신호가 약함,월 리뷰 수가 전체 매장 상위권에 속함,답글률과 응답속도 기준 운영 대응력이 우수함
ba_14603467,2025-09,본죽&비빔밥 천안불당점,본그룹,백반·죽·국수,충청남도,천안시,실험군,0.8651822566165623,86.51822566165623,3.0657757842771542,32.33081578947369,96.98747181843373,80.79104989843566,50.0,58.52,C,-1.742079,0.428571,1.0,128.82,164,3365800.0,5,0,,,브랜드·카테고리 평균 대비 성장 신호가 약함,답글률과 응답속도 기준 운영 대응력이 우수함,주문·리뷰 변동성이 낮아 안정성이 높음
ba_14691894,2025-09,본죽 광양마동점,본그룹,백반·죽·국수,전라남도,광양시,실험군,0.9415945906459114,94.15945906459115,8.703362846200413,65.78947368421053,54.46410554360061,53.15691152193615,50.0,58.49,C,-1.487793,1.7,0.3333,101.69,426,9408300.0,12,0,,,브랜드·카테고리 평균 대비 성장 신호가 약함,,
ba_14689855,2025-09,본죽&비빔밥 안양동편마을점,본그룹,백반·죽·국수,경기도,안양시,실험군,0.9578827091161206,95.78827091161206,1.9968588065293909,25.986842105263158,97.66998744444939,58.24731473550469,50.0,58.4,C,-1.790293,0.1875,1.0,106.02,388,10700800.0,15,0,,,브랜드·카테고리 평균 대비 성장 신호가 약함,월 리뷰 수가 전체 매장 상위권에 속함,답글률과 응답속도 기준 운영 대응력이 우수함
ba_14260091,2025-09,굽네치킨 부평역점,굽네치킨,치킨,인천광역시,부평구,실험군,0.9404635274183416,94.04635274183416,34.27862154405118,22.048368421052636,75.34047923031396,23.029769741989824,50.0,58.4,C,-0.334209,0.037838,0.7703,353.19,1089,32298400.0,74,0,,,브랜드·카테고리 평균 대비 성장 신호가 약함,월 리뷰 수가 전체 매장 상위권에 속함,답글률과 응답속도 기준 운영 대응력이 우수함
ba_13230838,2025-09,본죽&비빔밥 시흥사거리점,본그룹,백반·죽·국수,서울특별시,금천구,실험군,0.8368874382777083,83.68874382777082,21.57484012331765,21.05263157894737,99.19457169150978,96.17828495802097,22.733752620545076,58.38,C,-0.907219,0.0,1.0,55.09,42,929600.0,2,1,27119.42,0.8161,브랜드·카테고리 평균 대비 성장 신호가 약함,답글률과 응답속도 기준 운영 대응력이 우수함,서울 동일 자치구·유사업종 상권 대비 객단가 포지션이 약함
ba_14690154,2025-09,본죽&비빔밥 대화역점,본그룹,백반·죽·국수,경기도,고양시,실험군,0.7362855269524236,73.62855269524235,79.02873969768743,13.06392105263158,17.5,82.51637411264414,50.0,58.36,C,1.684266,-0.303571,0.0,,316,7110400.0,13,0,,,브랜드·카테고리 평균 대비 초과 성장 신호가 강함,주문·리뷰 변동성이 낮아 안정성이 높음,
ba_14691813,2025-09,본죽&비빔밥 울산호계점,본그룹,백반·죽·국수,울산광역시,북구,실험군,0.5377971340122512,53.779713401225116,99.92800207646668,21.05263157894737,17.5,87.41981326903698,50.0,58.33,C,2.626937,0.0,0.0,,155,4148300.0,7,0,,,브랜드·카테고리 평균 대비 초과 성장 신호가 강함,주문·리뷰 변동성이 낮아 안정성이 높음,
ba_13471384,2025-09,본죽&비빔밥 통영죽림점,본그룹,백반·죽·국수,경상남도,통영시,실험군,0.844308454751284,84.43084547512841,3.628833910212772,35.672526315789476,96.74140697431757,80.02006761004392,50.0,58.32,C,-1.716682,0.555556,1.0,137.04,219,4365900.0,4,0,,,브랜드·카테고리 평균 대비 성장 신호가 약함,답글률과 응답속도 기준 운영 대응력이 우수함,주문·리뷰 변동성이 낮아 안정성이 높음
ba_14689395,2025-09,본죽&비빔밥 용인둔전점,본그룹,백반·죽·국수,경기도,용인시,실험군,0.9789818918609272,97.89818918609272,5.9907648668091085,49.69039473684211,75.5392990256619,37.18651029768417,50.0,58.27,C,-1.610146,1.088235,0.7353,270.55,608,15922900.0,34,0,,,브랜드·카테고리 평균 대비 성장 신호가 약함,월 리뷰 수가 전체 매장 상위권에 속함,답글률과 응답속도 기준 운영 대응력이 우수함
ba_14720263,2025-09,굽네피자 강화온수점,굽네치킨,피자,인천광역시,강화군,실험군,0.6266707335524813,62.66707335524813,29.047969628072256,34.21052631578947,95.60867051429861,95.69731833231795,50.0,58.24,C,-0.57014,0.5,1.0,174.88,15,558100.0,3,0,,,브랜드·카테고리 평균 대비 성장 신호가 약함,답글률과 응답속도 기준 운영 대응력이 우수함,주문·리뷰 변동성이 낮아 안정성이 높음
ba_14688684,2025-09,본죽&비빔밥 부천심곡본동점,본그룹,백반·죽·국수,경기도,부천시,실험군,0.9472345720903188,94.72345720903188,2.273987072631498,27.631578947368425,98.6677175240591,55.66219453496714,50.0,58.23,C,-1.777793,0.25,1.0,72.69,424,9299900.0,47,0,,,브랜드·카테고리 평균 대비 성장 신호가 약함,월 리뷰 수가 전체 매장 상위권에 속함,답글률과 응답속도 기준 운영 대응력이 우수함
ba_14691797,2025-09,본죽&비빔밥 부산모라점,본그룹,백반·죽·국수,부산광역시,사상구,통제군,0.779411708955496,77.9411708955496,6.808803167819959,54.54544736842105,98.6479604927797,62.343426119200885,50.0,58.19,C,-1.573248,1.272727,1.0,73.35,258,6258900.0,15,0,,,브랜드·카테고리 평균 대비 성장 신호가 약함,월 리뷰 수가 전체 매장 상위권에 속함,답글률과 응답속도 기준 운영 대응력이 우수함
ba_10705443,2025-09,굽네치킨 거제연초점,굽네치킨,치킨,경상남도,거제시,실험군,0.6836152029939351,68.3615202993935,44.35185712242092,21.05263157894737,72.98109407596964,90.13740231212172,50.0,58.13,C,0.120149,0.0,0.7143,310.41,137,4205000.0,7,0,,,답글률과 응답속도 기준 운영 대응력이 우수함,주문·리뷰 변동성이 낮아 안정성이 높음,
ba_13188150,2025-09,본죽&비빔밥 제주법원점,본그룹,백반·죽·국수,제주특별자치도,제주시,실험군,0.8768291929674114,87.68291929674113,40.24940546287432,17.293236842105266,43.16540346081607,83.05981619399427,50.0,58.13,C,-0.064894,-0.142857,0.1538,89.37,412,10087300.0,13,0,,,주문·리뷰 변동성이 낮아 안정성이 높음,,
ba_13522931,2025-09,본죽&비빔밥 파주문산점,본그룹,백반·죽·국수,경기도,파주시,실험군,0.8885987735675341,88.85987735675342,3.3060570761183246,33.756815789473684,98.28754434641004,63.87038956581982,50.0,58.12,C,-1.731241,0.482759,1.0,85.39,255,6520500.0,19,0,,,브랜드·카테고리 평균 대비 성장 신호가 약함,월 리뷰 수가 전체 매장 상위권에 속함,답글률과 응답속도 기준 운영 대응력이 우수함
ba_13222051,2025-09,본죽&비빔밥 이천점,본그룹,백반·죽·국수,경기도,이천시,실험군,0.7874967370863789,78.74967370863789,32.32085445073815,30.451131578947372,57.94310488161176,92.16419180751353,50.0,58.12,C,-0.422515,0.357143,0.5,347.44,149,3715900.0,2,0,,,브랜드·카테고리 평균 대비 성장 신호가 약함,주문·리뷰 변동성이 낮아 안정성이 높음,
ba_14688563,2025-09,본죽&비빔밥 신정네거리역점,본그룹,백반·죽·국수,서울특별시,양천구,실험군,0.7965632842373851,79.65632842373851,60.819927207272606,53.00752631578948,17.5,82.64780810668174,23.161425576519918,58.05,C,0.862949,1.214286,0.0,,491,11687200.0,18,1,28984.02,0.8212,월 리뷰 수가 전체 매장 상위권에 속함,서울 동일 자치구·유사업종 상권 대비 객단가 포지션이 약함,주문·리뷰 변동성이 낮아 안정성이 높음
ba_10739524,2025-09,굽네치킨 강원횡성점,굽네치킨,치킨,강원특별자치도,횡성군,실험군,0.7780756286377096,77.80756286377097,35.65388719227885,23.519736842105267,76.77530319088885,68.50908601299427,50.0,58.04,C,-0.272177,0.09375,0.7692,302.87,492,15092600.0,13,0,,,답글률과 응답속도 기준 운영 대응력이 우수함,,
ba_13233445,2025-09,본죽&비빔밥 여수죽림점,본그룹,백반·죽·국수,전라남도,여수시,실험군,0.8400747852504211,84.00747852504212,13.928915602083055,11.65413157894737,95.84096530631096,90.11200207599501,50.0,58.02,C,-1.252092,-0.357143,1.0,167.12,118,2276500.0,2,0,,,브랜드·카테고리 평균 대비 성장 신호가 약함,답글률과 응답속도 기준 운영 대응력이 우수함,주문·리뷰 변동성이 낮아 안정성이 높음
ba_13539608,2025-09,굽네치킨 창원중앙점,굽네치킨,치킨,경상남도,창원시,실험군,0.8510502094276841,85.1050209427684,45.42119533513315,41.82826315789474,41.63,43.61760330179155,50.0,58.02,C,0.168382,0.789474,0.102,19.99,692,20465300.0,49,0,,,월 리뷰 수가 전체 매장 상위권에 속함,,
ba_10604883,2025-09,굽네치킨 거제고현점,굽네치킨,치킨,경상남도,거제시,실험군,0.7588341644035668,75.88341644035668,40.46720610976929,46.181236842105264,86.87405475177985,13.542369466067557,50.0,57.99,C,-0.05507,0.954887,0.9412,338.99,557,17394300.0,102,0,,,월 리뷰 수가 전체 매장 상위권에 속함,답글률과 응답속도 기준 운영 대응력이 우수함,
ba_14671974,2025-09,굽네피자 부산동삼점,굽네치킨,피자,부산광역시,영도구,실험군,0.7281247955310178,72.81247955310178,31.787482304667396,6.432736842105263,93.01092025001624,96.10287373920461,50.0,57.96,C,-0.446573,-0.555556,1.0,261.66,26,649700.0,2,0,,,브랜드·카테고리 평균 대비 성장 신호가 약함,답글률과 응답속도 기준 운영 대응력이 우수함,주문·리뷰 변동성이 낮아 안정성이 높음
ba_14708789,2025-09,본죽&비빔밥 파주금릉역점,본그룹,백반·죽·국수,경기도,파주시,실험군,0.8165545561824036,81.65545561824035,3.382500137039932,34.21052631578947,93.8062904334915,93.13005465821342,50.0,57.94,C,-1.727793,0.5,1.0,235.09,74,1653600.0,4,0,,,브랜드·카테고리 평균 대비 성장 신호가 약함,답글률과 응답속도 기준 운영 대응력이 우수함,주문·리뷰 변동성이 낮아 안정성이 높음
ba_14652929,2025-09,굽네치킨 울산중앙점,굽네치킨,치킨,울산광역시,중구,실험군,0.8554832339360274,85.54832339360274,33.37906319228374,32.779315789473685,98.20312794003442,0.0,50.0,57.93,C,-0.374784,0.445614,1.0,88.21,821,22789200.0,158,0,,,브랜드·카테고리 평균 대비 성장 신호가 약함,월 리뷰 수가 전체 매장 상위권에 속함,답글률과 응답속도 기준 운영 대응력이 우수함
ba_14591780,2025-09,굽네치킨&피자 금산읍점,굽네치킨,치킨,충청남도,금산군,실험군,0.7303173661209375,73.03173661209374,31.934072072304765,20.63492105263158,97.40835645447672,66.42170759260858,50.0,57.89,C,-0.439961,-0.015873,1.0,114.76,256,8217600.0,16,0,,,브랜드·카테고리 평균 대비 성장 신호가 약함,월 리뷰 수가 전체 매장 상위권에 속함,답글률과 응답속도 기준 운영 대응력이 우수함
ba_14267751,2025-09,굽네치킨 신정7동점,굽네치킨,치킨,서울특별시,양천구,실험군,0.7954007312346077,79.54007312346077,41.13486352846249,47.36842105263158,90.2182508475852,19.118592807149238,32.59538784067086,57.86,C,-0.024955,1.0,0.9714,292.85,492,11284500.0,70,1,24563.51,0.9337,월 리뷰 수가 전체 매장 상위권에 속함,답글률과 응답속도 기준 운영 대응력이 우수함,서울 동일 자치구·유사업종 상권 대비 객단가 포지션이 약함
ba_14273478,2025-09,굽네피자 원미점,굽네치킨,피자,경기도,부천시,실험군,0.6118006927884071,61.18006927884071,27.988053776407483,50.0,80.38348312185042,97.78733801911656,50.0,57.75,C,-0.617948,,1.0,683.49,11,463200.0,1,0,,,브랜드·카테고리 평균 대비 성장 신호가 약함,답글률과 응답속도 기준 운영 대응력이 우수함,주문·리뷰 변동성이 낮아 안정성이 높음
ba_14691178,2025-09,본죽&비빔밥 대구서구청점,본그룹,백반·죽·국수,대구광역시,서구,실험군,0.9863000439494132,98.63000439494132,2.486245154204424,28.891368421052636,97.32334135018354,36.73310140183456,50.0,57.75,C,-1.768219,0.297872,1.0,117.6,702,17624500.0,16,0,,,브랜드·카테고리 평균 대비 성장 신호가 약함,월 리뷰 수가 전체 매장 상위권에 속함,답글률과 응답속도 기준 운영 대응력이 우수함
ba_14688614,2025-09,본죽 안산본오1동점,본그룹,백반·죽·국수,경기도,안산시,실험군,0.9059726590389132,90.59726590389133,1.9968588065293909,25.986842105263158,89.47081946349824,81.99060759097944,50.0,57.73,C,-1.790293,0.1875,1.0,379.92,202,4350000.0,6,0,,,브랜드·카테고리 평균 대비 성장 신호가 약함,답글률과 응답속도 기준 운영 대응력이 우수함,주문·리뷰 변동성이 낮아 안정성이 높음
ba_13227516,2025-09,본죽&비빔밥 부산동래점,본그룹,백반·죽·국수,부산광역시,동래구,실험군,0.8380660390417656,83.80660390417655,21.11462983949784,10.714289473684211,87.84415606344146,83.2316721237002,50.0,57.72,C,-0.927977,-0.392857,0.8571,123.97,133,2581800.0,7,0,,,브랜드·카테고리 평균 대비 성장 신호가 약함,답글률과 응답속도 기준 운영 대응력이 우수함,주문·리뷰 변동성이 낮아 안정성이 높음
ba_14689595,2025-09,본죽&비빔밥 시흥배곧점,본그룹,백반·죽·국수,경기도,시흥시,실험군,0.9730147840448454,97.30147840448454,2.458731859945806,28.72807894736843,97.71758392889521,40.38782331604445,50.0,57.68,C,-1.76946,0.291667,1.0,104.43,585,13581000.0,17,0,,,브랜드·카테고리 평균 대비 성장 신호가 약함,월 리뷰 수가 전체 매장 상위권에 속함,답글률과 응답속도 기준 운영 대응력이 우수함
ba_14689496,2025-09,본죽&비빔밥 수원역매산점,본그룹,백반·죽·국수,경기도,수원시,실험군,0.845549158192726,84.55491581927261,2.374750910186225,28.229657894736842,97.3083739022446,86.61038593802812,50.0,57.68,C,-1.773248,0.272727,1.0,118.1,121,3000800.0,3,0,,,브랜드·카테고리 평균 대비 성장 신호가 약함,답글률과 응답속도 기준 운영 대응력이 우수함,주문·리뷰 변동성이 낮아 안정성이 높음
ba_14689464,2025-09,본죽&비빔밥 파주금촌점,본그룹,백반·죽·국수,경기도,파주시,실험군,0.9455588315403084,94.55588315403084,2.677086763372979,30.023921052631586,89.34371361712755,59.66186156314923,50.0,57.64,C,-1.759611,0.340909,0.8636,87.99,417,9894400.0,22,0,,,브랜드·카테고리 평균 대비 성장 신호가 약함,월 리뷰 수가 전체 매장 상위권에 속함,답글률과 응답속도 기준 운영 대응력이 우수함
ba_14581239,2025-09,굽네치킨 여좌중앙점,굽네치킨,치킨,경상남도,창원시,실험군,0.7346821293379621,73.46821293379621,31.507848799039728,47.36842105263158,82.36969772426369,45.8618193413588,50.0,57.64,C,-0.459186,1.0,0.8333,255.17,475,14157100.0,12,0,,,브랜드·카테고리 평균 대비 성장 신호가 약함,답글률과 응답속도 기준 운영 대응력이 우수함,
ba_14688338,2025-09,본죽 부천대성병원점,본그룹,백반·죽·국수,경기도,부천시,실험군,0.4871927466470517,48.71927466470517,100.0,24.812026315789478,17.5,92.41804479340894,50.0,57.64,C,6.0153,0.142857,0.0,,105,2225500.0,2,0,,,브랜드·카테고리 평균 대비 초과 성장 신호가 강함,주문·리뷰 변동성이 낮아 안정성이 높음,
ba_14528279,2025-09,굽네치킨 봉동점,굽네치킨,치킨,전북특별자치도,완주군,실험군,0.8785248421295724,87.85248421295724,34.84855245098613,41.24847368421053,62.6852401736566,25.36860325409646,50.0,57.59,C,-0.308502,0.767442,0.5152,222.03,682,21086200.0,33,0,,,브랜드·카테고리 평균 대비 성장 신호가 약함,월 리뷰 수가 전체 매장 상위권에 속함,
ba_14441192,2025-09,굽네피자 나주빛가람점,굽네치킨,피자,전라남도,나주시,실험군,0.6507600073389482,65.07600073389483,32.9713742574556,47.36842105263158,65.20052103824483,96.13667406375865,50.0,57.52,C,-0.393173,1.0,0.5,105.0,18,625800.0,2,0,,,브랜드·카테고리 평균 대비 성장 신호가 약함,주문·리뷰 변동성이 낮아 안정성이 높음,
ba_14440681,2025-09,굽네피자 면목점,굽네치킨,피자,서울특별시,중랑구,실험군,0.8405760375409508,84.05760375409508,24.4241399338118,1.315789473684212,50.0,95.32582490951975,100.0,57.48,C,-0.7787,-0.75,,,4,196600.0,0,1,18030.54,2.7259,브랜드·카테고리 평균 대비 성장 신호가 약함,서울 동일 자치구·유사업종 상권 대비 객단가 경쟁력이 있음,주문·리뷰 변동성이 낮아 안정성이 높음
ba_14437626,2025-09,굽네치킨&피자 대구읍내점,굽네치킨,치킨,대구광역시,북구,실험군,0.8300884639470458,83.00884639470458,38.405571342321196,23.454078947368423,91.63511243546891,15.040759763861287,50.0,57.42,C,-0.148061,0.091255,1.0,307.62,720,20975900.0,101,0,,,월 리뷰 수가 전체 매장 상위권에 속함,답글률과 응답속도 기준 운영 대응력이 우수함,
ba_10401021,2025-09,굽네치킨 가산점,굽네치킨,치킨,서울특별시,금천구,실험군,0.9174282227189788,91.74282227189788,41.93616328220077,44.40789473684211,73.28321373173543,9.224750897226995,22.993710691823903,57.35,C,0.011188,0.8875,0.7778,438.2,1103,29749400.0,36,1,32923.36,0.8192,월 리뷰 수가 전체 매장 상위권에 속함,답글률과 응답속도 기준 운영 대응력이 우수함,서울 동일 자치구·유사업종 상권 대비 객단가 포지션이 약함
ba_13203399,2025-09,본죽&비빔밥 제주강정점,본그룹,백반·죽·국수,제주특별자치도,서귀포시,실험군,0.9385188431025734,93.85188431025733,3.1651428953707232,32.92052631578947,97.71069890284329,40.64967651816664,50.0,57.3,C,-1.737597,0.45098,1.0,104.66,509,12409500.0,13,0,,,브랜드·카테고리 평균 대비 성장 신호가 약함,답글률과 응답속도 기준 운영 대응력이 우수함,
ba_14688697,2025-09,본죽&비빔밥 신풍역점,본그룹,백반·죽·국수,서울특별시,영등포구,실험군,0.8306675337951073,83.06675337951073,36.795256583916355,7.017552631578951,96.10618848378897,92.96025858903633,5.433962264150941,57.28,C,-0.220695,-0.533333,1.0,158.26,147,3434000.0,6,1,38305.65,0.6098,답글률과 응답속도 기준 운영 대응력이 우수함,서울 동일 자치구·유사업종 상권 대비 객단가 포지션이 약함,주문·리뷰 변동성이 낮아 안정성이 높음
ba_10041246,2025-09,굽네치킨 수색증산점,굽네치킨,치킨,서울특별시,은평구,실험군,0.6347225277998004,63.472252779980046,34.55637057746936,23.07692105263158,95.71374199882997,94.60227021350602,49.54297693920335,57.27,C,-0.321681,0.076923,1.0,171.37,95,2921200.0,3,1,27073.9,1.1358,브랜드·카테고리 평균 대비 성장 신호가 약함,답글률과 응답속도 기준 운영 대응력이 우수함,주문·리뷰 변동성이 낮아 안정성이 높음
ba_14229365,2025-09,굽네치킨&피자 중곡1동점,굽네치킨,치킨,서울특별시,광진구,실험군,0.8231598982836676,82.31598982836677,27.01200802319586,27.4436052631579,94.20412519970851,22.908128876706385,67.70649895178198,57.26,C,-0.661973,0.242857,1.0,221.8,537,15915400.0,52,1,21914.22,1.3524,브랜드·카테고리 평균 대비 성장 신호가 약함,월 리뷰 수가 전체 매장 상위권에 속함,답글률과 응답속도 기준 운영 대응력이 우수함
ba_10739556,2025-09,굽네치킨 양산석산점,굽네치킨,치킨,경상남도,양산시,실험군,0.8528789746453137,85.28789746453137,27.27022505641916,32.236842105263165,83.72396790123878,31.715581425867608,50.0,57.23,C,-0.650326,0.425,0.9091,374.52,633,18307300.0,22,0,,,브랜드·카테고리 평균 대비 성장 신호가 약함,월 리뷰 수가 전체 매장 상위권에 속함,답글률과 응답속도 기준 운영 대응력이 우수함
ba_10698315,2025-09,굽네치킨 풍기점,굽네치킨,치킨,경상북도,영주시,실험군,0.6866766397918679,68.66766397918678,29.457410013542155,27.631578947368425,93.327930797363,76.88677791382193,50.0,57.23,C,-0.551672,0.25,1.0,251.07,186,5839400.0,5,0,,,브랜드·카테고리 평균 대비 성장 신호가 약함,답글률과 응답속도 기준 운영 대응력이 우수함,주문·리뷰 변동성이 낮아 안정성이 높음
ba_14488211,2025-09,굽네치킨&피자 풍동점,굽네치킨,치킨,경기도,고양시,실험군,0.8092435361344503,80.92435361344504,38.79100133481601,54.19102631578947,42.8,46.550961210803536,50.0,57.23,C,-0.130676,1.259259,0.12,19.97,507,14716800.0,25,0,,,월 리뷰 수가 전체 매장 상위권에 속함,,
ba_14749296,2025-09,굽네치킨&피자 석촌고분점,굽네치킨,치킨,서울특별시,송파구,실험군,0.8935651289318105,89.35651289318105,52.467857693748556,51.19207894736842,34.61806752286171,44.04854551319026,17.333333333333336,57.23,C,0.486225,1.145299,0.027,99.57,800,18813000.0,74,1,31283.52,0.7517,월 리뷰 수가 전체 매장 상위권에 속함,서울 동일 자치구·유사업종 상권 대비 객단가 포지션이 약함,
ba_14716102,2025-09,본죽&비빔밥 의정부발곡점,본그룹,백반·죽·국수,경기도,의정부시,실험군,0.8963068826689182,89.63068826689182,0.8487496554602856,19.17292105263158,99.03561739439823,79.08841106532219,50.0,57.22,C,-1.842079,-0.071429,1.0,60.4,225,5224700.0,9,0,,,브랜드·카테고리 평균 대비 성장 신호가 약함,답글률과 응답속도 기준 운영 대응력이 우수함,주문·리뷰 변동성이 낮아 안정성이 높음
ba_14767931,2025-09,본죽&비빔밥 신중동점,본그룹,백반·죽·국수,경기도,부천시,실험군,0.9385073473514032,93.85073473514032,1.1654740082230637,50.0,97.13774499574069,20.068465528259154,50.0,57.22,C,-1.827793,,1.0,123.8,453,9736500.0,28,0,,,브랜드·카테고리 평균 대비 성장 신호가 약함,월 리뷰 수가 전체 매장 상위권에 속함,답글률과 응답속도 기준 운영 대응력이 우수함
ba_14706394,2025-09,본죽&비빔밥 호탄점,본그룹,백반·죽·국수,경상남도,진주시,실험군,0.949843901612966,94.98439016129659,1.3670238535938042,22.248815789473685,99.66694434846272,52.71061142917456,50.0,57.14,C,-1.818702,0.045455,1.0,39.31,483,10344400.0,18,0,,,브랜드·카테고리 평균 대비 성장 신호가 약함,월 리뷰 수가 전체 매장 상위권에 속함,답글률과 응답속도 기준 운영 대응력이 우수함
ba_14690725,2025-09,본죽&비빔밥 광주주월점,본그룹,백반·죽·국수,광주광역시,남구,실험군,0.8185303945460954,81.85303945460954,61.790629927513784,18.703000000000003,17.5,76.07986976001712,50.0,57.13,C,0.906733,-0.089286,0.0,,421,10697300.0,10,0,,,주문·리뷰 변동성이 낮아 안정성이 높음,,
ba_14604237,2025-09,굽네치킨 울산다운점,굽네치킨,치킨,울산광역시,중구,실험군,0.8404060053290847,84.04060053290847,38.576548397375554,26.994894736842106,62.571831574301825,46.02656346092964,50.0,57.1,C,-0.140349,0.225806,0.5714,347.85,574,12987400.0,7,0,,,"주문, 리뷰, 운영 지표가 전반적으로 평균권에 위치함",,
ba_13233506,2025-09,본죽 광양마동점,본그룹,백반·죽·국수,전라남도,광양시,실험군,0.7548111471064148,75.48111471064148,11.93388029954462,84.9623947368421,43.536021038244826,84.05408815045742,50.0,57.08,C,-1.342079,2.428571,0.1667,105.0,103,2132900.0,6,0,,,브랜드·카테고리 평균 대비 성장 신호가 약함,최근 리뷰 성장 흐름이 우수함,주문·리뷰 변동성이 낮아 안정성이 높음
ba_13234193,2025-09,본죽 경주황성점,본그룹,백반·죽·국수,경상북도,경주시,실험군,0.8298353637071222,82.98353637071222,55.59834292816055,25.32005263157895,17.5,77.12679889874951,50.0,57.08,C,0.627427,0.162162,0.0,,631,14146100.0,14,0,,,월 리뷰 수가 전체 매장 상위권에 속함,주문·리뷰 변동성이 낮아 안정성이 높음,
ba_14691330,2025-09,본죽&비빔밥 구미형곡송정점,본그룹,백반·죽·국수,경상북도,구미시,실험군,0.8268350267498357,82.68350267498357,46.49676339126738,35.571684210526314,17.5,85.19954573646396,50.0,57.04,C,0.216896,0.551724,0.0,,390,9929800.0,11,0,,,주문·리뷰 변동성이 낮아 안정성이 높음,,
ba_13052096,2025-09,굽네치킨 구로5동점,굽네치킨,치킨,서울특별시,구로구,실험군,0.8330135121375565,83.30135121375565,41.34909476329007,40.92373684210527,96.42170228634183,1.8443203621801016,27.88259958071278,57.04,C,-0.015292,0.755102,1.0,147.72,579,15350000.0,101,1,30212.85,0.8775,월 리뷰 수가 전체 매장 상위권에 속함,답글률과 응답속도 기준 운영 대응력이 우수함,서울 동일 자치구·유사업종 상권 대비 객단가 포지션이 약함
ba_10509105,2025-09,굽네치킨&피자 강저지구점,굽네치킨,치킨,충청북도,제천시,실험군,0.861978023830375,86.1978023830375,38.05838505054847,30.286236842105264,63.837285879966196,31.99099625899858,50.0,57.0,C,-0.163721,0.350877,0.5,150.54,748,21396200.0,24,0,,,월 리뷰 수가 전체 매장 상위권에 속함,,
ba_14799070,2025-09,굽네치킨&피자 전남나주점,굽네치킨,치킨,전라남도,나주시,실험군,0.5824583629287575,58.24583629287575,38.00094190355083,50.0,65.0,98.22022139088858,50.0,56.96,C,-0.166312,,1.0,2853.0,0,0.0,2,0,,,리뷰 답글률이 높아 고객 대응 신호가 좋음,주문·리뷰 변동성이 낮아 안정성이 높음,
ba_14712797,2025-09,굽네치킨 논공점,굽네치킨,치킨,대구광역시,달성군,실험군,0.7691911637643727,76.91911637643727,26.40596176062249,17.224868421052633,89.90816829227406,73.56446120100925,50.0,56.95,C,-0.689309,-0.145455,1.0,365.31,263,7894800.0,13,0,,,브랜드·카테고리 평균 대비 성장 신호가 약함,답글률과 응답속도 기준 운영 대응력이 우수함,주문·리뷰 변동성이 낮아 안정성이 높음
ba_14463467,2025-09,굽네치킨 화명신도시점,굽네치킨,치킨,부산광역시,북구,실험군,0.8150186620843725,81.50186620843725,34.502385991232664,39.874526315789474,92.02127259229356,0.0,50.0,56.94,C,-0.324116,0.715232,1.0,294.72,713,19936300.0,120,0,,,브랜드·카테고리 평균 대비 성장 신호가 약함,월 리뷰 수가 전체 매장 상위권에 속함,답글률과 응답속도 기준 운영 대응력이 우수함
ba_14690577,2025-09,본죽&비빔밥 포항양덕점,본그룹,백반·죽·국수,경상북도,포항시,실험군,0.6129934671994778,61.29934671994778,66.75109286917379,50.0,17.5,86.6298637925396,50.0,56.93,C,1.130477,,0.0,,192,4855900.0,9,0,,,주문·리뷰 변동성이 낮아 안정성이 높음,,
ba_14671490,2025-09,굽네피자 영천중앙점,굽네치킨,피자,경상북도,영천시,실험군,0.6161508374772241,61.61508374772241,35.86350701275849,47.36842105263158,67.5,91.41432437133287,50.0,56.9,C,-0.262722,1.0,0.5,14.52,67,2245600.0,2,0,,,주문·리뷰 변동성이 낮아 안정성이 높음,,
ba_14454741,2025-09,본죽&비빔밥 부천소새울역점,본그룹,백반·죽·국수,경기도,부천시,실험군,0.80232345368295,80.232345368295,2.643498817521405,29.82455263157895,93.11479433871249,96.75533362055157,50.0,56.86,C,-1.761126,0.333333,1.0,258.19,20,348700.0,2,0,,,브랜드·카테고리 평균 대비 성장 신호가 약함,답글률과 응답속도 기준 운영 대응력이 우수함,주문·리뷰 변동성이 낮아 안정성이 높음
ba_10016162,2025-09,굽네치킨 신월사파점,굽네치킨,치킨,경상남도,창원시,실험군,0.7783087985055566,77.83087985055566,35.92529553096862,40.122052631578946,68.27594603165915,43.66489485715512,50.0,56.85,C,-0.259935,0.724638,0.6154,252.84,547,16050900.0,39,0,,,월 리뷰 수가 전체 매장 상위권에 속함,,
ba_14691751,2025-09,본죽&비빔밥 대전판암점,본그룹,백반·죽·국수,대전광역시,동구,실험군,0.9115831985998716,91.15831985998716,1.7197305404272785,24.342105263157897,96.06637507227138,64.28719463873765,50.0,56.83,C,-1.802793,0.125,1.0,159.59,308,7909100.0,14,0,,,브랜드·카테고리 평균 대비 성장 신호가 약함,월 리뷰 수가 전체 매장 상위권에 속함,답글률과 응답속도 기준 운영 대응력이 우수함
ba_14687315,2025-09,본죽&비빔밥 뚝섬유원지역점,본그룹,백반·죽·국수,서울특별시,광진구,실험군,0.6254262059083736,62.54262059083736,100.0,26.53507894736842,17.5,80.54321718516124,13.870020964360588,56.78,C,2.648504,0.208333,0.0,,316,7002500.0,8,1,31191.62,0.7104,브랜드·카테고리 평균 대비 초과 성장 신호가 강함,서울 동일 자치구·유사업종 상권 대비 객단가 포지션이 약함,주문·리뷰 변동성이 낮아 안정성이 높음
ba_13236479,2025-09,본죽 군포지샘병원점,본그룹,백반·죽·국수,경기도,군포시,실험군,0.4414471997636583,44.144719976365835,67.60495831242632,47.36842105263158,50.0,97.70983089914054,50.0,56.73,C,1.168991,1.0,,,22,471100.0,0,0,,,주문·리뷰 변동성이 낮아 안정성이 높음,,
ba_14673431,2025-09,굽네치킨 부산온천점,굽네치킨,치킨,부산광역시,동래구,실험군,0.6690762692175451,66.90762692175451,37.286061828313834,32.748526315789476,70.72856399909682,84.52876756235167,50.0,56.71,C,-0.198557,0.444444,0.6667,282.3,139,3601500.0,6,0,,,답글률과 응답속도 기준 운영 대응력이 우수함,주문·리뷰 변동성이 낮아 안정성이 높음,
ba_14754893,2025-09,본죽&비빔밥 일산탄현큰마을점,본그룹,백반·죽·국수,경기도,고양시,통제군,0.34337973873504,34.337973873504005,49.94004884219414,100.0,65.0,73.4853017522808,50.0,56.6,C,0.372207,11.0,1.0,2879.0,8,183500.0,24,0,,,최근 리뷰 성장 흐름이 우수함,리뷰 답글률이 높아 고객 대응 신호가 좋음,주문·리뷰 변동성이 낮아 안정성이 높음
ba_13225842,2025-09,본죽 동인천점,본그룹,백반·죽·국수,인천광역시,중구,실험군,0.3272058921647756,32.720589216477556,82.20208004716946,82.45613157894738,17.5,95.76185633976507,50.0,56.57,C,1.827401,2.333333,0.0,,19,462300.0,2,0,,,브랜드·카테고리 평균 대비 초과 성장 신호가 강함,최근 리뷰 성장 흐름이 우수함,주문·리뷰 변동성이 낮아 안정성이 높음
ba_14623314,2025-09,굽네치킨 충효점,굽네치킨,치킨,경상북도,경주시,실험군,0.796627465236311,79.6627465236311,32.469993798423666,12.79071052631579,90.43382506388961,50.682980525888716,50.0,56.55,C,-0.415788,-0.313953,1.0,347.75,406,12134300.0,16,0,,,브랜드·카테고리 평균 대비 성장 신호가 약함,월 리뷰 수가 전체 매장 상위권에 속함,답글률과 응답속도 기준 운영 대응력이 우수함
ba_14564492,2025-09,본죽&비빔밥 대구신월성점,본그룹,백반·죽·국수,대구광역시,달서구,실험군,0.8095153455037498,80.95153455037499,12.69394336728691,7.894736842105264,95.24825436792895,95.19197265344997,50.0,56.5,C,-1.307796,-0.5,1.0,186.92,55,1023000.0,2,0,,,브랜드·카테고리 평균 대비 성장 신호가 약함,답글률과 응답속도 기준 운영 대응력이 우수함,주문·리뷰 변동성이 낮아 안정성이 높음
ba_14715313,2025-09,굽네치킨&피자 홍은1동점,굽네치킨,치킨,서울특별시,서대문구,실험군,0.6331053197628581,63.31053197628581,39.92015491248373,32.44305263157895,78.42264942473683,83.9902343541394,50.0,56.45,C,-0.079745,0.432836,0.6923,80.86,0,0.0,26,1,26106.72,,월 리뷰 수가 전체 매장 상위권에 속함,답글률과 응답속도 기준 운영 대응력이 우수함,주문·리뷰 변동성이 낮아 안정성이 높음
ba_14687115,2025-09,본죽 강서구청점,본그룹,백반·죽·국수,서울특별시,강서구,실험군,0.7991051359535417,79.91051359535417,33.08805634261523,8.587263157894737,98.5195397894636,93.84480277986228,8.486373165618446,56.37,C,-0.38791,-0.473684,1.0,77.64,64,1322000.0,2,1,31963.46,0.6462,브랜드·카테고리 평균 대비 성장 신호가 약함,답글률과 응답속도 기준 운영 대응력이 우수함,서울 동일 자치구·유사업종 상권 대비 객단가 포지션이 약함
ba_14795104,2025-09,굽네치킨 독산스타점,굽네치킨,치킨,서울특별시,금천구,실험군,0.7668987575316837,76.68987575316837,38.00094190355083,50.0,91.87638769624462,28.94444137991054,18.951781970649893,56.36,C,-0.166312,,1.0,299.56,400,10153200.0,72,1,32923.36,0.771,월 리뷰 수가 전체 매장 상위권에 속함,답글률과 응답속도 기준 운영 대응력이 우수함,서울 동일 자치구·유사업종 상권 대비 객단가 포지션이 약함
ba_14687341,2025-09,본죽&비빔밥 봉천역점,본그룹,백반·죽·국수,서울특별시,관악구,실험군,0.8182800923247981,81.82800923247981,34.03769731463265,8.991236842105264,84.78540956069257,94.0176570472899,17.52620545073375,56.31,C,-0.345076,-0.458333,1.0,536.44,94,1997800.0,1,1,28186.93,0.754,브랜드·카테고리 평균 대비 성장 신호가 약함,답글률과 응답속도 기준 운영 대응력이 우수함,서울 동일 자치구·유사업종 상권 대비 객단가 포지션이 약함
ba_14598667,2025-09,본죽&비빔밥 조치원죽림점,본그룹,백반·죽·국수,세종특별자치시,조치원읍,실험군,0.8084613153786748,80.84613153786748,2.1508091009144303,26.90057894736842,96.70398835447023,87.15142848519059,50.0,56.09,C,-1.783349,0.222222,1.0,138.29,93,1786800.0,3,0,,,브랜드·카테고리 평균 대비 성장 신호가 약함,답글률과 응답속도 기준 운영 대응력이 우수함,주문·리뷰 변동성이 낮아 안정성이 높음
ba_14694145,2025-09,본죽&비빔밥 합정역점,본그룹,백반·죽·국수,서울특별시,마포구,실험군,0.768987827165997,76.8987827165997,63.115391720527015,22.600631578947368,38.614,80.50790848328232,20.469601677148848,55.98,C,0.966487,0.058824,0.0556,9.0,191,5198000.0,18,1,34489.65,0.7891,월 리뷰 수가 전체 매장 상위권에 속함,서울 동일 자치구·유사업종 상권 대비 객단가 포지션이 약함,주문·리뷰 변동성이 낮아 안정성이 높음
ba_14671483,2025-09,굽네치킨 영천중앙점,굽네치킨,치킨,경상북도,영천시,실험군,0.8219774834775812,82.19774834775812,32.10006081856928,21.05263157894737,80.31805228172328,39.835819541945185,50.0,55.98,C,-0.432474,0.0,0.8,251.4,657,19962500.0,15,0,,,브랜드·카테고리 평균 대비 성장 신호가 약함,월 리뷰 수가 전체 매장 상위권에 속함,답글률과 응답속도 기준 운영 대응력이 우수함
ba_14735878,2025-09,본죽&비빔밥 시흥능곡점,본그룹,백반·죽·국수,경기도,시흥시,실험군,0.9566990448830158,95.66990448830158,0.2505073248603444,15.622394736842107,98.21210840879777,53.521288586599326,50.0,55.97,C,-1.869063,-0.206349,1.0,87.91,451,11232700.0,17,0,,,브랜드·카테고리 평균 대비 성장 신호가 약함,월 리뷰 수가 전체 매장 상위권에 속함,답글률과 응답속도 기준 운영 대응력이 우수함
ba_13975731,2025-09,굽네피자 신길뉴타운점,굽네치킨,피자,서울특별시,영등포구,실험군,0.646560873562277,64.6560873562277,33.68173159938981,34.21052631578947,50.0,96.39436199416718,79.62264150943396,55.95,C,-0.361132,0.5,,,9,291100.0,0,1,21642.97,1.4945,브랜드·카테고리 평균 대비 성장 신호가 약함,서울 동일 자치구·유사업종 상권 대비 객단가 경쟁력이 있음,주문·리뷰 변동성이 낮아 안정성이 높음
ba_10821092,2025-09,굽네치킨 주안3호점,굽네치킨,치킨,인천광역시,미추홀구,실험군,0.9059846492323452,90.59846492323452,34.714511051237864,24.54684210526316,67.49690827263677,17.230887576600278,50.0,55.92,C,-0.314548,0.13278,0.589,221.54,815,21278100.0,73,0,,,브랜드·카테고리 평균 대비 성장 신호가 약함,월 리뷰 수가 전체 매장 상위권에 속함,
ba_14690014,2025-09,본죽&비빔밥 인천석바위점,본그룹,백반·죽·국수,인천광역시,미추홀구,실험군,0.8221033067787747,82.21033067787748,1.8476307777987266,25.101210526315793,95.22400710226786,86.2055899208834,50.0,55.9,C,-1.797024,0.153846,1.0,187.73,134,3496800.0,3,0,,,브랜드·카테고리 평균 대비 성장 신호가 약함,답글률과 응답속도 기준 운영 대응력이 우수함,주문·리뷰 변동성이 낮아 안정성이 높음
ba_13231147,2025-09,본죽&비빔밥 인천송도웰카운티점,본그룹,백반·죽·국수,인천광역시,연수구,실험군,0.7807086146084886,78.07086146084886,1.9044753277415911,25.4386052631579,100.0,92.56071002549703,50.0,55.87,C,-1.79446,0.166667,1.0,9.52,45,919700.0,2,0,,,브랜드·카테고리 평균 대비 성장 신호가 약함,답글률과 응답속도 기준 운영 대응력이 우수함,주문·리뷰 변동성이 낮아 안정성이 높음
ba_14736722,2025-09,굽네치킨&피자 철원와수점,굽네치킨,치킨,강원특별자치도,철원군,실험군,0.6498656748837175,64.98656748837175,35.245777022486244,17.763157894736846,90.98851868450672,79.9179800852089,50.0,55.86,C,-0.290585,-0.125,1.0,329.22,207,7732700.0,7,0,,,답글률과 응답속도 기준 운영 대응력이 우수함,주문·리뷰 변동성이 낮아 안정성이 높음,
ba_14740239,2025-09,굽네치킨 임실읍점,굽네치킨,치킨,전북특별자치도,임실군,실험군,0.7330488697432461,73.30488697432462,26.39192798522707,17.763157894736846,99.29335684790678,59.47494749739192,50.0,55.76,C,-0.689942,-0.125,1.0,51.79,189,6464100.0,2,0,,,브랜드·카테고리 평균 대비 성장 신호가 약함,답글률과 응답속도 기준 운영 대응력이 우수함,
ba_14737726,2025-09,굽네치킨 대치4동점,굽네치킨,치킨,서울특별시,강남구,실험군,0.8468864969308344,84.68864969308343,41.07453824749739,49.419000000000004,93.40664017399871,0.0,4.662473794549265,55.67,C,-0.027676,1.077922,0.9843,214.35,952,24130700.0,127,1,42203.05,0.6006,월 리뷰 수가 전체 매장 상위권에 속함,답글률과 응답속도 기준 운영 대응력이 우수함,서울 동일 자치구·유사업종 상권 대비 객단가 포지션이 약함
ba_14637553,2025-09,굽네치킨&피자 양지동점,굽네치킨,치킨,경기도,성남시,실험군,0.6479617828048917,64.79617828048917,30.66792845013745,9.210526315789474,96.65818796377707,93.96146266741835,50.0,55.62,C,-0.497071,-0.45,1.0,139.82,58,1706500.0,2,0,,,브랜드·카테고리 평균 대비 성장 신호가 약함,답글률과 응답속도 기준 운영 대응력이 우수함,주문·리뷰 변동성이 낮아 안정성이 높음
ba_14699649,2025-09,굽네치킨 시흥신천점,굽네치킨,치킨,경기도,시흥시,실험군,0.7265010689766715,72.65010689766716,30.626425721005994,27.631578947368425,83.01040605403334,58.899909904765565,50.0,55.57,C,-0.498943,0.25,0.88,335.17,316,9323500.0,25,0,,,브랜드·카테고리 평균 대비 성장 신호가 약함,월 리뷰 수가 전체 매장 상위권에 속함,답글률과 응답속도 기준 운영 대응력이 우수함
ba_14689759,2025-09,본죽&비빔밥 인천송도웰카운티점,본그룹,백반·죽·국수,인천광역시,연수구,실험군,0.8529616373507523,85.29616373507523,1.658141554568747,23.976605263157897,93.1061132189079,77.04763673269707,50.0,55.54,C,-1.805571,0.111111,1.0,258.48,184,4347000.0,2,0,,,브랜드·카테고리 평균 대비 성장 신호가 약함,답글률과 응답속도 기준 운영 대응력이 우수함,주문·리뷰 변동성이 낮아 안정성이 높음
ba_14692168,2025-09,본죽&비빔밥 해운대장산역점,본그룹,백반·죽·국수,부산광역시,해운대구,실험군,0.9870072383685516,98.70072383685516,4.103698736744058,38.49081578947369,77.2575514931526,25.752002545114628,50.0,55.51,C,-1.695263,0.662651,0.8286,415.74,772,19166700.0,35,0,,,브랜드·카테고리 평균 대비 성장 신호가 약함,월 리뷰 수가 전체 매장 상위권에 속함,답글률과 응답속도 기준 운영 대응력이 우수함
ba_14729038,2025-09,굽네치킨&피자 파주읍점,굽네치킨,치킨,경기도,파주시,실험군,0.742323911913214,74.2323911913214,27.404355137212583,13.533842105263158,88.85421035678974,73.22075913779945,50.0,55.51,C,-0.644276,-0.285714,0.9091,203.14,226,7347700.0,11,0,,,브랜드·카테고리 평균 대비 성장 신호가 약함,답글률과 응답속도 기준 운영 대응력이 우수함,주문·리뷰 변동성이 낮아 안정성이 높음
ba_14689402,2025-09,본죽&비빔밥 의정부을지대병원점,본그룹,백반·죽·국수,경기도,의정부시,실험군,0.8540173275444084,85.40173275444084,2.0100501119958487,26.065157894736846,84.5522664701797,84.68924460433887,50.0,55.45,C,-1.789698,0.190476,0.9091,346.85,143,3023400.0,11,0,,,브랜드·카테고리 평균 대비 성장 신호가 약함,답글률과 응답속도 기준 운영 대응력이 우수함,주문·리뷰 변동성이 낮아 안정성이 높음
ba_13235498,2025-09,본죽&비빔밥 외대점,본그룹,백반·죽·국수,서울특별시,동대문구,실험군,0.8375434930970845,83.75434930970846,3.0657757842771542,32.33081578947369,98.45547911228493,90.90329673623145,24.427672955974845,55.35,C,-1.742079,0.428571,1.0,79.78,63,1474500.0,6,1,27985.41,0.8363,브랜드·카테고리 평균 대비 성장 신호가 약함,답글률과 응답속도 기준 운영 대응력이 우수함,서울 동일 자치구·유사업종 상권 대비 객단가 포지션이 약함
ba_10638951,2025-09,굽네치킨 영천동부점,굽네치킨,치킨,경상북도,영천시,실험군,0.6998452565217365,69.98452565217364,30.417781392023045,17.39765789473684,94.70044577336375,63.87472276611351,50.0,55.3,C,-0.508354,-0.138889,1.0,205.22,313,10146400.0,9,0,,,브랜드·카테고리 평균 대비 성장 신호가 약함,답글률과 응답속도 기준 운영 대응력이 우수함,
ba_14692185,2025-09,본죽&비빔밥 세종첫마을점,본그룹,백반·죽·국수,세종특별자치시,노을3로,실험군,0.8019822645490613,80.19822645490613,3.382500137039932,34.21052631578947,99.09578653511278,63.81572217285725,50.0,55.29,C,-1.727793,0.5,1.0,58.39,232,5860700.0,15,0,,,브랜드·카테고리 평균 대비 성장 신호가 약함,월 리뷰 수가 전체 매장 상위권에 속함,답글률과 응답속도 기준 운영 대응력이 우수함
ba_13492399,2025-09,본죽&비빔밥 등촌공항대로점,본그룹,백반·죽·국수,서울특별시,강서구,실험군,0.7801820075312983,78.01820075312983,27.669688824309386,12.828947368421053,95.57424538403905,93.68991770794477,14.020964360587005,55.27,C,-0.632308,-0.3125,1.0,176.03,45,1024400.0,3,1,31963.46,0.7122,브랜드·카테고리 평균 대비 성장 신호가 약함,답글률과 응답속도 기준 운영 대응력이 우수함,서울 동일 자치구·유사업종 상권 대비 객단가 포지션이 약함
ba_13233575,2025-09,본죽&비빔밥 대구두산점,본그룹,백반·죽·국수,대구광역시,수성구,실험군,0.4511062675767523,45.110626757675234,42.52983853897535,80.26315789473684,50.0,92.28542113837796,50.0,55.19,C,0.037966,2.25,,,88,2024600.0,0,0,,,최근 리뷰 성장 흐름이 우수함,주문·리뷰 변동성이 낮아 안정성이 높음,
ba_10580903,2025-09,굽네치킨 길음1동점,굽네치킨,치킨,서울특별시,성북구,실험군,0.76973596885595,76.973596885595,41.77505199341965,43.45165789473685,96.04302585348664,0.0,26.993710691823896,55.18,C,0.003921,0.851163,1.0,160.37,564,16038500.0,108,1,32802.59,0.8669,월 리뷰 수가 전체 매장 상위권에 속함,답글률과 응답속도 기준 운영 대응력이 우수함,서울 동일 자치구·유사업종 상권 대비 객단가 포지션이 약함
ba_13228909,2025-09,본죽&비빔밥 청주사창점,본그룹,백반·죽·국수,충청북도,청주시,실험군,0.801275494988102,80.1275494988102,1.1654740082230637,21.05263157894737,97.9379047625564,89.21586404001576,50.0,55.11,C,-1.827793,0.0,1.0,97.07,104,2142300.0,3,0,,,브랜드·카테고리 평균 대비 성장 신호가 약함,답글률과 응답속도 기준 운영 대응력이 우수함,주문·리뷰 변동성이 낮아 안정성이 높음
ba_14691296,2025-09,본죽 대덕테크노밸리점,본그룹,백반·죽·국수,대전광역시,유성구,실험군,0.8231437269120367,82.31437269120367,32.177634562816586,12.280710526315792,55.193918305103296,81.35196182416932,50.0,55.11,C,-0.428975,-0.333333,0.3333,77.31,199,5151700.0,6,0,,,브랜드·카테고리 평균 대비 성장 신호가 약함,주문·리뷰 변동성이 낮아 안정성이 높음,
ba_14690068,2025-09,본죽&비빔밥 용인동천점,본그룹,백반·죽·국수,경기도,용인시,실험군,0.5334025117135508,53.34025117135508,70.58732403117206,51.417,17.5,84.11839387988964,50.0,55.07,C,1.303512,1.153846,0.0,,165,4128100.0,2,0,,,브랜드·카테고리 평균 대비 초과 성장 신호가 강함,주문·리뷰 변동성이 낮아 안정성이 높음,
ba_13233782,2025-09,본죽&비빔밥 대구서구청점,본그룹,백반·죽·국수,대구광역시,서구,실험군,0.8453370600095149,84.5337060009515,1.777062836118487,24.68239473684211,92.37274824923622,74.01930172123247,50.0,54.99,C,-1.800207,0.137931,0.9444,162.25,181,3447500.0,18,0,,,브랜드·카테고리 평균 대비 성장 신호가 약함,월 리뷰 수가 전체 매장 상위권에 속함,답글률과 응답속도 기준 운영 대응력이 우수함
ba_14754936,2025-09,굽네치킨 경주외동점,굽네치킨,치킨,경상북도,경주시,실험군,0.7076301682033912,70.76301682033912,26.869896648338703,22.697368421052634,93.06540176051399,61.228964207808644,50.0,54.97,C,-0.668383,0.0625,1.0,259.84,165,5071200.0,12,0,,,브랜드·카테고리 평균 대비 성장 신호가 약함,답글률과 응답속도 기준 운영 대응력이 우수함,
ba_14600429,2025-09,굽네치킨&피자 김천부곡점,굽네치킨,치킨,경상북도,김천시,실험군,0.7768270412283366,77.68270412283366,30.12724011784159,19.590631578947367,85.20682233382712,44.9090345582212,50.0,54.93,C,-0.521459,-0.055556,0.875,250.94,472,13869300.0,8,0,,,브랜드·카테고리 평균 대비 성장 신호가 약함,답글률과 응답속도 기준 운영 대응력이 우수함,
ba_14691171,2025-09,본죽 부산서면점,본그룹,백반·죽·국수,부산광역시,부산진구,실험군,0.988400927746642,98.8400927746642,0.18736642071163595,15.24768421052632,98.0070543720343,32.37348656643812,50.0,54.87,C,-1.871911,-0.220588,1.0,94.76,711,17416800.0,14,0,,,브랜드·카테고리 평균 대비 성장 신호가 약함,월 리뷰 수가 전체 매장 상위권에 속함,답글률과 응답속도 기준 운영 대응력이 우수함
ba_14440680,2025-09,굽네치킨&피자 면목점,굽네치킨,치킨,서울특별시,중랑구,실험군,0.7634471785208544,76.34471785208544,32.33242732713058,29.14978947368422,92.51668613689313,33.46769012108557,40.880503144654085,54.85,C,-0.421993,0.307692,0.9773,228.88,515,13551500.0,44,1,25484.97,1.0325,브랜드·카테고리 평균 대비 성장 신호가 약함,월 리뷰 수가 전체 매장 상위권에 속함,답글률과 응답속도 기준 운영 대응력이 우수함
ba_14744329,2025-09,본죽&비빔밥 송파헬리오시티점,본그룹,백반·죽·국수,서울특별시,송파구,실험군,0.7814711709274227,78.14711709274226,41.25841839462146,36.09023684210527,52.232829242801074,91.60513133429811,7.73165618448637,54.84,C,-0.019382,0.571429,0.2857,72.87,209,4476000.0,7,1,33611.9,0.6372,서울 동일 자치구·유사업종 상권 대비 객단가 포지션이 약함,주문·리뷰 변동성이 낮아 안정성이 높음,
ba_13475914,2025-09,본죽&비빔밥 광주백운대성초교점,본그룹,백반·죽·국수,광주광역시,남구,실험군,0.7718913400760677,77.18913400760677,13.683091744919842,1.6018421052631602,98.4024943465811,93.70578336461496,50.0,54.81,C,-1.26318,-0.73913,1.0,81.55,39,808900.0,3,0,,,브랜드·카테고리 평균 대비 성장 신호가 약함,답글률과 응답속도 기준 운영 대응력이 우수함,주문·리뷰 변동성이 낮아 안정성이 높음
ba_14728839,2025-09,굽네치킨 대구동인점,굽네치킨,치킨,대구광역시,중구,실험군,0.7708031979404112,77.08031979404112,30.13162982957665,6.315789473684211,78.12607546843836,74.88819652604258,50.0,54.67,C,-0.521261,-0.56,0.6667,35.18,198,5831400.0,3,0,,,브랜드·카테고리 평균 대비 성장 신호가 약함,답글률과 응답속도 기준 운영 대응력이 우수함,주문·리뷰 변동성이 낮아 안정성이 높음
ba_14729784,2025-09,굽네치킨 경북울진점,굽네치킨,치킨,경상북도,울진군,실험군,0.7241285439386504,72.41285439386505,27.367508162951644,28.97907894736842,89.29420357781875,46.95155771487062,50.0,54.62,C,-0.645938,0.301205,1.0,385.82,345,10077700.0,40,0,,,브랜드·카테고리 평균 대비 성장 신호가 약함,월 리뷰 수가 전체 매장 상위권에 속함,답글률과 응답속도 기준 운영 대응력이 우수함
ba_10204887,2025-09,굽네치킨 대구매호점,굽네치킨,치킨,대구광역시,수성구,실험군,0.5655781851941526,56.55781851941526,25.289999488421227,50.877184210526316,96.01668314511411,64.49036436800566,50.0,54.6,C,-0.739645,1.133333,1.0,161.25,0,0.0,9,0,,,브랜드·카테고리 평균 대비 성장 신호가 약함,답글률과 응답속도 기준 운영 대응력이 우수함,
ba_14309634,2025-09,굽네치킨&피자 삼성2동점,굽네치킨,치킨,서울특별시,강남구,실험군,0.9786116129633844,97.86116129633844,34.30527019811956,41.176473684210535,70.00686893989415,0.0,9.90356394129979,54.55,C,-0.333007,0.764706,0.7292,442.12,2597,72681200.0,96,1,42203.05,0.6631,브랜드·카테고리 평균 대비 성장 신호가 약함,월 리뷰 수가 전체 매장 상위권에 속함,답글률과 응답속도 기준 운영 대응력이 우수함
ba_14308402,2025-09,굽네피자 삼성2동점,굽네치킨,피자,서울특별시,강남구,실험군,0.5852491864993749,58.52491864993748,38.054638276390776,50.0,50.0,100.0,50.0,54.5,C,-0.16389,,,,0,0.0,0,1,41143.35,,주문·리뷰 변동성이 낮아 안정성이 높음,,
ba_14685750,2025-09,"굽네치킨 개금1,2동점",굽네치킨,치킨,부산광역시,부산진구,실험군,0.8063989975343167,80.63989975343166,24.85694777467943,24.454684210526317,95.98555085340112,19.481023059060437,50.0,54.45,C,-0.759178,0.129278,1.0,162.29,520,13198300.0,93,0,,,브랜드·카테고리 평균 대비 성장 신호가 약함,월 리뷰 수가 전체 매장 상위권에 속함,답글률과 응답속도 기준 운영 대응력이 우수함
ba_14322928,2025-09,본죽&비빔밥 부천심곡본동점,본그룹,백반·죽·국수,경기도,부천시,실험군,0.7829888522042374,78.29888522042374,0.4264726887045361,16.666657894736844,99.58941296813902,94.81791050623801,50.0,54.43,C,-1.861126,-0.166667,1.0,41.9,26,611200.0,1,0,,,브랜드·카테고리 평균 대비 성장 신호가 약함,답글률과 응답속도 기준 운영 대응력이 우수함,주문·리뷰 변동성이 낮아 안정성이 높음
ba_14388863,2025-09,굽네피자 여의도1호점,굽네치킨,피자,서울특별시,영등포구,실험군,0.6962370534140929,69.62370534140929,28.329586651551725,3.508763157894738,50.0,98.33501679167017,100.0,54.38,C,-0.602543,-0.666667,,,12,558700.0,0,1,21642.97,2.1512,브랜드·카테고리 평균 대비 성장 신호가 약함,서울 동일 자치구·유사업종 상권 대비 객단가 경쟁력이 있음,주문·리뷰 변동성이 낮아 안정성이 높음
ba_13226860,2025-09,본죽 부산서면점,본그룹,백반·죽·국수,부산광역시,부산진구,실험군,0.8900983320006425,89.00983320006425,0.0,11.437236842105264,97.7996055436006,67.89436892900673,50.0,54.33,C,-1.90087,-0.365385,1.0,101.69,315,5364100.0,9,0,,,브랜드·카테고리 평균 대비 성장 신호가 약함,답글률과 응답속도 기준 운영 대응력이 우수함,
ba_10800862,2025-09,굽네치킨 송파점,굽네치킨,치킨,서울특별시,송파구,실험군,0.8743745478189932,87.43745478189932,38.63026694047679,34.70347368421053,78.62755278120841,0.0,28.000000000000004,54.33,C,-0.137926,0.518732,0.9947,730.64,1092,30025200.0,188,1,31283.52,0.8789,월 리뷰 수가 전체 매장 상위권에 속함,답글률과 응답속도 기준 운영 대응력이 우수함,서울 동일 자치구·유사업종 상권 대비 객단가 포지션이 약함
ba_14708929,2025-09,굽네치킨 고령다산점,굽네치킨,치킨,경상북도,고령군,실험군,0.7248500184137694,72.48500184137694,29.925845464299872,24.342105263157897,84.28343561773652,51.77028068978486,50.0,54.32,C,-0.530543,0.125,0.8333,191.24,313,9435900.0,6,0,,,브랜드·카테고리 평균 대비 성장 신호가 약함,답글률과 응답속도 기준 운영 대응력이 우수함,
ba_14785504,2025-09,본죽&비빔밥 증평점,본그룹,백반·죽·국수,충청북도,증평군,실험군,0.7240752184132025,72.40752184132026,1.1654740082230637,50.0,99.67442807243219,62.31867792881686,50.0,54.32,C,-1.827793,,1.0,39.06,0,0.0,34,0,,,브랜드·카테고리 평균 대비 성장 신호가 약함,월 리뷰 수가 전체 매장 상위권에 속함,답글률과 응답속도 기준 운영 대응력이 우수함
ba_14720368,2025-09,본죽&비빔밥 김포마산점,본그룹,백반·죽·국수,경기도,김포시,실험군,0.9539786463682816,95.39786463682816,0.004173551687500234,14.160394736842106,93.66514278090051,47.23507216250097,50.0,54.29,C,-1.880174,-0.261905,0.96,152.95,450,9962200.0,25,0,,,브랜드·카테고리 평균 대비 성장 신호가 약함,월 리뷰 수가 전체 매장 상위권에 속함,답글률과 응답속도 기준 운영 대응력이 우수함
ba_14689910,2025-09,본죽&비빔밥 외대점,본그룹,백반·죽·국수,서울특별시,동대문구,실험군,0.9450281795607404,94.50281795607404,3.205138046734583,33.15789473684211,97.13714629782314,46.82553586605678,18.65828092243186,54.16,C,-1.735793,0.46,1.0,123.82,505,10846200.0,16,1,27985.41,0.7675,브랜드·카테고리 평균 대비 성장 신호가 약함,월 리뷰 수가 전체 매장 상위권에 속함,답글률과 응답속도 기준 운영 대응력이 우수함
ba_14699399,2025-09,굽네치킨 와동점,굽네치킨,치킨,경기도,안산시,실험군,0.8040256043229076,80.40256043229076,29.88214787930089,26.94423684210527,82.10262324111103,21.827946172509133,50.0,54.15,C,-0.532514,0.223881,0.8704,344.65,461,12787000.0,54,0,,,브랜드·카테고리 평균 대비 성장 신호가 약함,월 리뷰 수가 전체 매장 상위권에 속함,답글률과 응답속도 기준 운영 대응력이 우수함
ba_14767892,2025-09,굽네치킨&피자 둔촌시장점,굽네치킨,치킨,서울특별시,강동구,실험군,0.759596234248925,75.9596234248925,38.00094190355083,50.0,90.43602676350747,0.0,27.060796645702307,54.14,C,-0.166312,,0.9286,192.64,689,19151900.0,42,1,32035.06,0.8677,월 리뷰 수가 전체 매장 상위권에 속함,답글률과 응답속도 기준 운영 대응력이 우수함,서울 동일 자치구·유사업종 상권 대비 객단가 포지션이 약함
ba_14726472,2025-09,굽네치킨&피자 신대부적점,굽네치킨,치킨,경상북도,경산시,실험군,0.740770185060697,74.0770185060697,25.492901719730543,37.362947368421054,96.59442663555717,16.61323050042031,50.0,54.06,C,-0.730493,0.619792,1.0,141.95,354,9564100.0,98,0,,,브랜드·카테고리 평균 대비 성장 신호가 약함,월 리뷰 수가 전체 매장 상위권에 속함,답글률과 응답속도 기준 운영 대응력이 우수함
ba_13226843,2025-09,본죽 부산가야점,본그룹,백반·죽·국수,부산광역시,부산진구,실험군,0.4243410073486597,42.43410073486597,100.0,17.293236842105266,17.5,89.90452253448788,50.0,54.06,C,3.385347,-0.142857,0.0,,76,1304900.0,2,0,,,브랜드·카테고리 평균 대비 초과 성장 신호가 강함,주문·리뷰 변동성이 낮아 안정성이 높음,
ba_14280570,2025-09,본죽&비빔밥 분당수내점,본그룹,백반·죽·국수,경기도,성남시,실험군,0.4582286960240948,45.822869602409476,51.81183966223164,50.0,50.0,99.58917357532528,50.0,53.95,C,0.456635,,,,6,90000.0,0,0,,,주문·리뷰 변동성이 낮아 안정성이 높음,,
ba_14691146,2025-09,본죽 부산범내골역점,본그룹,백반·죽·국수,부산광역시,부산진구,실험군,0.4402653292079768,44.02653292079768,98.10334523192783,14.035078947368424,17.5,91.86118366323356,50.0,53.85,C,2.544635,-0.266667,0.0,,70,1792500.0,4,0,,,브랜드·카테고리 평균 대비 초과 성장 신호가 강함,주문·리뷰 변동성이 낮아 안정성이 높음,
ba_14700021,2025-09,굽네치킨 영등포본동점,굽네치킨,치킨,서울특별시,영등포구,실험군,0.7993644754159931,79.9364475415993,43.97527306418008,40.86339473684211,62.840651893082814,37.08429996312574,13.21593291404612,53.73,C,0.103163,0.752809,0.5106,206.85,785,19803800.0,47,1,35906.42,0.7026,월 리뷰 수가 전체 매장 상위권에 속함,서울 동일 자치구·유사업종 상권 대비 객단가 포지션이 약함,
ba_14689942,2025-09,본죽 인천학산사거리점,본그룹,백반·죽·국수,인천광역시,미추홀구,실험군,0.5245990694527616,52.45990694527616,85.01369041347373,16.118421052631582,17.5,90.02953938487812,50.0,53.66,C,1.95422,-0.1875,0.0,,176,4443300.0,4,0,,,브랜드·카테고리 평균 대비 초과 성장 신호가 강함,주문·리뷰 변동성이 낮아 안정성이 높음,
ba_10605803,2025-09,굽네치킨 구월점,굽네치킨,치킨,인천광역시,남동구,실험군,0.6034692846547648,60.34692846547648,31.62204781493508,87.17105263157895,76.75791400474168,0.0,50.0,53.62,C,-0.454035,2.5125,0.7011,155.58,26,762600.0,87,0,,,브랜드·카테고리 평균 대비 성장 신호가 약함,최근 리뷰 성장 흐름이 우수함,답글률과 응답속도 기준 운영 대응력이 우수함
ba_14801006,2025-09,굽네치킨&피자 상봉점,굽네치킨,치킨,서울특별시,중랑구,실험군,0.4073032834982358,40.73032834982358,38.00094190355083,50.0,97.39249095966144,92.29563583365575,40.20964360587001,53.61,C,-0.166312,,1.0,115.29,19,496100.0,7,1,25484.97,1.0245,답글률과 응답속도 기준 운영 대응력이 우수함,주문·리뷰 변동성이 낮아 안정성이 높음,
ba_10040420,2025-09,굽네치킨 김해진영점,굽네치킨,치킨,경상남도,김해시,실험군,0.8703338737842125,87.03338737842124,38.212202323365794,21.992473684210527,38.419,44.46843837302191,50.0,53.52,C,-0.156783,0.035714,0.0526,20.1,736,21621600.0,19,0,,,월 리뷰 수가 전체 매장 상위권에 속함,,
ba_14296954,2025-09,굽네치킨&피자 청주동남지구점,굽네치킨,치킨,충청북도,청주시,실험군,0.7220681288465839,72.20681288465839,30.649017217258645,34.56615789473684,68.00411712926059,50.43327215361421,50.0,53.36,C,-0.497924,0.513514,0.5714,166.38,375,11124900.0,14,0,,,브랜드·카테고리 평균 대비 성장 신호가 약함,월 리뷰 수가 전체 매장 상위권에 속함,
ba_13301511,2025-09,본죽&비빔밥 송도글로벌캠퍼스점,본그룹,백반·죽·국수,인천광역시,연수구,실험군,0.3149294920991313,31.492949209913128,100.0,0.0,50.0,97.47415763183088,50.0,53.27,C,4.506881,-1.0,,,31,846600.0,0,0,,,브랜드·카테고리 평균 대비 초과 성장 신호가 강함,주문·리뷰 변동성이 낮아 안정성이 높음,
ba_14688086,2025-09,본죽&비빔밥 보라매점,본그룹,백반·죽·국수,서울특별시,동작구,실험군,0.8564518177779495,85.64518177779496,1.4821983609858416,22.93234210526316,98.59826856562242,88.30245281194908,15.798742138364782,53.25,C,-1.813507,0.071429,1.0,75.01,110,2531400.0,3,1,31379.83,0.7334,브랜드·카테고리 평균 대비 성장 신호가 약함,답글률과 응답속도 기준 운영 대응력이 우수함,서울 동일 자치구·유사업종 상권 대비 객단가 포지션이 약함
ba_14690763,2025-09,본죽&비빔밥 양산남부시장점,본그룹,백반·죽·국수,경상남도,양산시,실험군,0.8225383396501332,82.25383396501333,0.0,11.184210526315791,93.98739655355267,86.39275128381396,50.0,53.2,C,-1.902793,-0.375,1.0,229.04,139,3506000.0,5,0,,,브랜드·카테고리 평균 대비 성장 신호가 약함,답글률과 응답속도 기준 운영 대응력이 우수함,주문·리뷰 변동성이 낮아 안정성이 높음
ba_13227696,2025-09,본죽 부산온천장점,본그룹,백반·죽·국수,부산광역시,동래구,실험군,0.940391363406348,94.0391363406348,3.382500137039932,34.21052631578947,64.17914239089158,46.70270010792983,50.0,53.19,C,-1.727793,0.5,0.5,139.12,531,9573400.0,12,0,,,브랜드·카테고리 평균 대비 성장 신호가 약함,,
ba_14260093,2025-09,굽네치킨&피자 부평역점,굽네치킨,피자,인천광역시,부평구,실험군,0.646844508360729,64.6844508360729,28.811390769866208,12.280710526315792,82.45497675854685,90.50662140979364,50.0,53.1,C,-0.580811,-0.333333,0.8571,304.0,49,1609100.0,7,0,,,브랜드·카테고리 평균 대비 성장 신호가 약함,답글률과 응답속도 기준 운영 대응력이 우수함,주문·리뷰 변동성이 낮아 안정성이 높음
ba_14689782,2025-09,본죽 김포감정점,본그룹,백반·죽·국수,경기도,김포시,통제군,0.5943246589387835,59.43246589387835,65.6535762543643,29.82455263157895,17.5,87.78707083755162,50.0,53.09,C,1.080973,0.333333,0.0,,187,4545100.0,4,0,,,주문·리뷰 변동성이 낮아 안정성이 높음,,
ba_13224790,2025-09,본죽&비빔밥 안양덕천래미안점,본그룹,백반·죽·국수,경기도,안양시,실험군,0.7788797407285445,77.88797407285445,0.0,12.280710526315792,95.90742077515985,96.01362595276358,50.0,53.09,C,-1.89446,-0.333333,1.0,164.9,35,934800.0,1,0,,,브랜드·카테고리 평균 대비 성장 신호가 약함,답글률과 응답속도 기준 운영 대응력이 우수함,주문·리뷰 변동성이 낮아 안정성이 높음
ba_14688207,2025-09,본죽 이대점,본그룹,백반·죽·국수,서울특별시,서대문구,실험군,0.4887243985618321,48.872439856183206,68.72863583555586,36.84210526315789,50.0,93.63414561132183,20.67924528301886,53.08,C,1.219675,0.6,,,75,1762700.0,0,1,29688.7,0.7916,서울 동일 자치구·유사업종 상권 대비 객단가 포지션이 약함,주문·리뷰 변동성이 낮아 안정성이 높음,
ba_13233607,2025-09,본죽 전북봉동점,본그룹,백반·죽·국수,전북특별자치도,완주군,실험군,0.6533986285524347,65.33986285524347,54.81954598962976,33.43652631578948,17.5,88.10776581070007,50.0,53.03,C,0.592299,0.470588,0.0,,265,6155100.0,9,0,,,주문·리뷰 변동성이 낮아 안정성이 높음,,
ba_13224027,2025-09,본죽 삼전동점,본그룹,백반·죽·국수,서울특별시,송파구,실험군,0.8160865302088715,81.60865302088715,19.380693704150172,7.894736842105264,99.57444552020007,93.25655787841416,0.15932914046121702,52.98,C,-1.006187,-0.5,1.0,42.4,69,1268300.0,6,1,33611.9,0.5469,브랜드·카테고리 평균 대비 성장 신호가 약함,답글률과 응답속도 기준 운영 대응력이 우수함,서울 동일 자치구·유사업종 상권 대비 객단가 포지션이 약함
ba_14800284,2025-09,굽네치킨&피자 광주양산점,굽네치킨,치킨,광주광역시,북구,실험군,0.4148606933228544,41.48606933228544,38.00094190355083,50.0,79.2007553857154,95.2758593335238,50.0,52.93,C,-0.166312,,1.0,723.0,15,398100.0,4,0,,,답글률과 응답속도 기준 운영 대응력이 우수함,주문·리뷰 변동성이 낮아 안정성이 높음,
ba_14689548,2025-09,본죽&비빔밥 평택법원점,본그룹,백반·죽·국수,경기도,평택시,실험군,0.911979287441552,91.1979287441552,21.784925519284336,17.478894736842108,40.59632194210762,67.06981084188496,50.0,52.78,C,-0.897743,-0.135802,0.2,275.51,386,9771900.0,10,0,,,브랜드·카테고리 평균 대비 성장 신호가 약함,,
ba_14691030,2025-09,본죽 대구진천역점,본그룹,백반·죽·국수,대구광역시,달서구,실험군,0.8612673602489425,86.12673602489424,39.46533200215695,14.12742105263158,17.5,80.17527897579808,50.0,52.77,C,-0.10026,-0.263158,0.0,,534,11224900.0,12,0,,,주문·리뷰 변동성이 낮아 안정성이 높음,,
ba_14388856,2025-09,굽네치킨&피자 여의도1호점,굽네치킨,치킨,서울특별시,영등포구,실험군,0.8174397938719609,81.74397938719609,28.6039658052541,21.896078947368423,97.67777051737764,21.475476914178092,24.528301886792452,52.71,C,-0.590167,0.032051,1.0,105.76,822,24718300.0,62,1,35906.42,0.8375,브랜드·카테고리 평균 대비 성장 신호가 약함,월 리뷰 수가 전체 매장 상위권에 속함,답글률과 응답속도 기준 운영 대응력이 우수함
ba_14690786,2025-09,본죽&비빔밥 광주문흥점,본그룹,백반·죽·국수,광주광역시,북구,실험군,0.8992320245413574,89.92320245413575,2.643498817521405,29.82455263157895,62.80925384278534,66.44154062786885,50.0,52.67,C,-1.761126,0.333333,0.5455,283.68,312,7966300.0,11,0,,,브랜드·카테고리 평균 대비 성장 신호가 약함,,
ba_13768149,2025-09,굽네치킨 신탄진점,굽네치킨,치킨,대전광역시,대덕구,실험군,0.6405302358597749,64.05302358597748,28.50036417425449,40.789473684210535,55.47144381989798,86.73991031464877,50.0,52.66,C,-0.59484,0.75,0.4,212.87,90,2884500.0,5,0,,,브랜드·카테고리 평균 대비 성장 신호가 약함,주문·리뷰 변동성이 낮아 안정성이 높음,
ba_14732602,2025-09,굽네치킨 서수원점,굽네치킨,치킨,경기도,수원시,실험군,0.7536865245133663,75.36865245133663,29.141173406527717,25.000000000000007,55.161617647561926,69.3845277339143,50.0,52.63,C,-0.565936,0.15,0.4,223.22,242,5773400.0,5,0,,,브랜드·카테고리 평균 대비 성장 신호가 약함,,
ba_14245878,2025-09,본죽&비빔밥 안양동편마을점,본그룹,백반·죽·국수,경기도,안양시,실험군,0.746232903003622,74.6232903003622,0.05696094381462909,14.473684210526317,97.14403132387505,96.56892881834354,50.0,52.53,C,-1.877793,-0.25,1.0,123.59,27,835600.0,2,0,,,브랜드·카테고리 평균 대비 성장 신호가 약함,답글률과 응답속도 기준 운영 대응력이 우수함,주문·리뷰 변동성이 낮아 안정성이 높음
ba_14691234,2025-09,본죽 대구남문시장점,본그룹,백반·죽·국수,대구광역시,중구,실험군,0.7349979537218279,73.49979537218279,33.1347690831494,19.02834210526316,41.16760749535581,94.80251076946305,50.0,52.52,C,-0.385803,-0.076923,0.1429,132.44,103,2564700.0,7,0,,,브랜드·카테고리 평균 대비 성장 신호가 약함,주문·리뷰 변동성이 낮아 안정성이 높음,
ba_10019194,2025-09,굽네치킨&피자 신탄진점,굽네치킨,치킨,대전광역시,대덕구,실험군,0.7388521080913232,73.88521080913232,30.45112546500045,20.321631578947372,80.27707311983195,38.52603900328544,50.0,52.42,C,-0.50685,-0.027778,0.75,144.2,431,14236400.0,4,0,,,브랜드·카테고리 평균 대비 성장 신호가 약함,답글률과 응답속도 기준 운영 대응력이 우수함,
ba_13228945,2025-09,본죽&비빔밥 대전진잠점,본그룹,백반·죽·국수,대전광역시,유성구,실험군,0.7751674661591704,77.51674661591704,0.6039899708389047,9.774447368421054,94.57861074714079,93.3369221629257,50.0,52.27,C,-1.853119,-0.428571,1.0,209.29,66,1474100.0,1,0,,,브랜드·카테고리 평균 대비 성장 신호가 약함,답글률과 응답속도 기준 운영 대응력이 우수함,주문·리뷰 변동성이 낮아 안정성이 높음
ba_14495840,2025-09,본죽&비빔밥 검단파라곤센트럴점,본그룹,백반·죽·국수,인천광역시,서구,실험군,0.7920218011436762,79.20218011436762,0.0,3.508763157894738,97.96664226259917,93.1493777378401,50.0,52.26,C,-1.961126,-0.666667,1.0,96.11,72,1323700.0,2,0,,,브랜드·카테고리 평균 대비 성장 신호가 약함,답글률과 응답속도 기준 운영 대응력이 우수함,주문·리뷰 변동성이 낮아 안정성이 높음
ba_10040621,2025-09,굽네치킨 울산성안점,굽네치킨,치킨,울산광역시,중구,실험군,0.7129804441661731,71.29804441661732,32.904375727842755,34.837105263157895,52.73476660873551,57.98033826679804,50.0,52.11,C,-0.396195,0.52381,0.3333,159.46,347,10244900.0,12,0,,,브랜드·카테고리 평균 대비 성장 신호가 약함,,
ba_13233436,2025-09,본죽&비빔밥 대구효성타운점,본그룹,백반·죽·국수,대구광역시,남구,실험군,0.4074276942257921,40.74276942257921,54.57279098149244,47.36842105263158,50.0,95.63768141097441,50.0,52.07,C,0.581169,1.0,,,28,650000.0,0,0,,,주문·리뷰 변동성이 낮아 안정성이 높음,,
ba_14687296,2025-09,본죽&비빔밥 봉일시장점,본그룹,백반·죽·국수,서울특별시,관악구,실험군,0.9238097417969668,92.38097417969668,2.081593545172771,26.489789473684212,98.14535359099011,40.39619287535984,20.142557651991613,52.04,C,-1.786471,0.206612,1.0,90.14,452,10004000.0,57,1,28186.93,0.7852,브랜드·카테고리 평균 대비 성장 신호가 약함,월 리뷰 수가 전체 매장 상위권에 속함,답글률과 응답속도 기준 운영 대응력이 우수함
ba_13648667,2025-09,본죽&비빔밥 대전노은3지구점,본그룹,백반·죽·국수,대전광역시,유성구,실험군,0.4304601831227867,43.04601831227867,41.2660227942433,64.91228947368421,50.0,93.04743906421376,50.0,51.92,C,-0.019039,1.666667,,,34,528300.0,0,0,,,주문·리뷰 변동성이 낮아 안정성이 높음,,
ba_14794547,2025-09,굽네치킨&피자 회기역점,굽네치킨,치킨,서울특별시,동대문구,실험군,0.4586239172685746,45.86239172685746,38.00094190355083,50.0,87.82200539854465,92.10449659805207,20.17610062893081,51.91,C,-0.166312,,1.0,435.0,10,232000.0,8,1,29531.76,0.7856,답글률과 응답속도 기준 운영 대응력이 우수함,서울 동일 자치구·유사업종 상권 대비 객단가 포지션이 약함,주문·리뷰 변동성이 낮아 안정성이 높음
ba_14729971,2025-09,굽네치킨 군포1동점,굽네치킨,치킨,경기도,군포시,실험군,0.8805281128819649,88.05281128819648,27.31609532702438,16.244947368421055,62.991924420374886,23.663803920122245,50.0,51.9,C,-0.648257,-0.182692,0.5,178.78,705,19274700.0,24,0,,,브랜드·카테고리 평균 대비 성장 신호가 약함,월 리뷰 수가 전체 매장 상위권에 속함,
ba_13229527,2025-09,본죽&비빔밥 상주점,본그룹,백반·죽·국수,경상북도,상주시,실험군,0.7162148472767542,71.62148472767542,40.89083546246362,31.28655263157895,17.5,92.76362551150183,50.0,51.88,C,-0.035962,0.388889,0.0,,375,8676300.0,7,0,,,주문·리뷰 변동성이 낮아 안정성이 높음,,
ba_14730330,2025-09,본죽&비빔밥 동탄꼬모점,본그룹,백반·죽·국수,경기도,화성시,실험군,0.9637931916310212,96.37931916310211,0.593348245420583,17.65705263157895,72.07625016678013,45.116209628691976,50.0,51.85,C,-1.853599,-0.129032,1.0,961.0,515,13417400.0,21,0,,,브랜드·카테고리 평균 대비 성장 신호가 약함,월 리뷰 수가 전체 매장 상위권에 속함,답글률과 응답속도 기준 운영 대응력이 우수함
ba_14688176,2025-09,본죽&비빔밥 옥수점,본그룹,백반·죽·국수,서울특별시,성동구,실험군,0.5759955657816964,57.59955657816964,82.33377139922118,22.437684210526317,17.5,89.8587046479795,16.788259958071276,51.83,C,1.833341,0.052632,0.0,,194,4861700.0,8,1,33628.43,0.7452,브랜드·카테고리 평균 대비 초과 성장 신호가 강함,서울 동일 자치구·유사업종 상권 대비 객단가 포지션이 약함,주문·리뷰 변동성이 낮아 안정성이 높음
ba_14689536,2025-09,본죽&비빔밥 파주운정신도시점,본그룹,백반·죽·국수,경기도,파주시,실험군,0.9861018563839352,98.61018563839352,1.6261498675299226,23.786736842105267,65.32303652741524,34.898474169180645,50.0,51.78,C,-1.807014,0.103896,0.56,231.19,798,18570400.0,25,0,,,브랜드·카테고리 평균 대비 성장 신호가 약함,월 리뷰 수가 전체 매장 상위권에 속함,
ba_13243478,2025-09,본죽 보정동단국대점,본그룹,백반·죽·국수,경기도,용인시,실험군,0.4434135038709746,44.341350387097464,44.956728361146034,50.0,50.0,98.75132450868287,50.0,51.63,C,0.147432,,,,17,362100.0,0,0,,,주문·리뷰 변동성이 낮아 안정성이 높음,,
ba_13200236,2025-09,본죽 남양주진접롯데시네마점,본그룹,백반·죽·국수,경기도,남양주시,실험군,0.4541288226177528,45.41288226177528,43.306817516080514,50.0,50.0,98.31454874497072,50.0,51.55,C,0.073012,,,,28,557200.0,0,0,,,주문·리뷰 변동성이 낮아 안정성이 높음,,
ba_14463469,2025-09,굽네피자 화명신도시점,굽네치킨,피자,부산광역시,북구,실험군,0.6148758428221055,61.48758428221055,27.05326687945314,4.605263157894738,86.59796750609816,95.54580134933012,50.0,51.52,C,-0.660112,-0.625,1.0,475.89,12,467900.0,2,0,,,브랜드·카테고리 평균 대비 성장 신호가 약함,답글률과 응답속도 기준 운영 대응력이 우수함,주문·리뷰 변동성이 낮아 안정성이 높음
ba_14690045,2025-09,본죽&비빔밥 인천당하점,본그룹,백반·죽·국수,인천광역시,서구,실험군,0.9428237048044458,94.28237048044458,4.244679428275523,39.32747368421053,39.279395496423206,55.96997616383386,50.0,51.45,C,-1.688904,0.694444,0.3182,576.16,502,13093800.0,22,0,,,브랜드·카테고리 평균 대비 성장 신호가 약함,월 리뷰 수가 전체 매장 상위권에 속함,
ba_13230846,2025-09,본죽&비빔밥 수원탑동점,본그룹,백반·죽·국수,경기도,수원시,실험군,0.4588476572239808,45.88476572239808,43.55530180459831,47.36842105263158,50.0,96.61614325724591,50.0,51.22,C,0.08422,1.0,,,48,904600.0,0,0,,,주문·리뷰 변동성이 낮아 안정성이 높음,,
ba_13268955,2025-09,본죽&비빔밥 전주객사점,본그룹,백반·죽·국수,전북특별자치도,전주시,실험군,0.4687903238283896,46.87903238283896,58.769976167523374,21.05263157894737,50.0,92.39615914446208,50.0,51.0,C,0.770485,0.0,,,65,1418000.0,0,0,,,주문·리뷰 변동성이 낮아 안정성이 높음,,
ba_13103901,2025-09,굽네치킨&피자 나주혁신도시1호점,굽네치킨,피자,전라남도,나주시,실험군,0.7235556504874178,72.35556504874178,28.523997672787676,19.667578947368423,61.4715310587374,63.52111968061688,50.0,50.98,C,-0.593774,-0.052632,0.5,229.57,257,7733500.0,6,0,,,브랜드·카테고리 평균 대비 성장 신호가 약함,,
ba_13193158,2025-09,본죽&비빔밥 인천당하점,본그룹,백반·죽·국수,인천광역시,서구,실험군,0.7883257860393036,78.83257860393036,0.0,9.539473684210527,84.83180864930328,91.02361962199996,50.0,50.85,C,-1.915293,-0.4375,1.0,534.89,68,1299700.0,1,0,,,브랜드·카테고리 평균 대비 성장 신호가 약함,답글률과 응답속도 기준 운영 대응력이 우수함,주문·리뷰 변동성이 낮아 안정성이 높음
ba_12014214,2025-09,굽네치킨&피자 대전가오점,굽네치킨,치킨,대전광역시,동구,실험군,0.798107093776135,79.81070937761349,30.731645781079646,21.05263157894737,58.42631739200345,32.734084254261084,50.0,50.81,C,-0.494197,0.0,0.4,114.16,560,16388300.0,15,0,,,브랜드·카테고리 평균 대비 성장 신호가 약함,월 리뷰 수가 전체 매장 상위권에 속함,
ba_10015935,2025-09,굽네치킨 봉곡사림점,굽네치킨,치킨,경상남도,창원시,실험군,0.7824606021149119,78.24606021149118,33.16660557835921,22.76886842105263,56.80833626980407,31.297915386084476,50.0,50.74,C,-0.384367,0.065217,0.4,168.21,701,19274000.0,15,0,,,브랜드·카테고리 평균 대비 성장 신호가 약함,월 리뷰 수가 전체 매장 상위권에 속함,
ba_14687137,2025-09,본죽&비빔밥 명동점,본그룹,백반·죽·국수,서울특별시,중구,실험군,0.3742854571941716,37.42854571941716,100.0,38.596500000000006,17.5,98.0157969437424,0.0,50.68,C,3.071161,0.666667,0.0,,24,532700.0,2,1,40727.52,0.545,브랜드·카테고리 평균 대비 초과 성장 신호가 강함,서울 동일 자치구·유사업종 상권 대비 객단가 포지션이 약함,주문·리뷰 변동성이 낮아 안정성이 높음
ba_13221975,2025-09,본죽&비빔밥 용인마평점,본그룹,백반·죽·국수,경기도,용인시,실험군,0.7985433956527342,79.85433956527342,0.0,10.931184210526318,80.85316163817434,89.09477779531201,50.0,50.63,C,-1.904716,-0.384615,1.0,667.8,96,2559800.0,1,0,,,브랜드·카테고리 평균 대비 성장 신호가 약함,답글률과 응답속도 기준 운영 대응력이 우수함,주문·리뷰 변동성이 낮아 안정성이 높음
ba_14254080,2025-09,굽네치킨&피자 망우본동점,굽네치킨,치킨,서울특별시,중랑구,실험군,0.7100281661553088,71.00281661553089,30.54182400393035,31.419447368421054,55.462056958409306,54.78359966980186,46.8846960167715,50.59,C,-0.502759,0.393939,0.5294,494.16,461,12971300.0,17,1,25484.97,1.1041,브랜드·카테고리 평균 대비 성장 신호가 약함,월 리뷰 수가 전체 매장 상위권에 속함,
ba_14689378,2025-09,본죽&비빔밥 성남중앙병원점,본그룹,백반·죽·국수,경기도,성남시,실험군,0.8259950349346323,82.59950349346323,1.1654740082230637,21.05263157894737,65.92195202890171,83.10417223797772,50.0,50.56,C,-1.827793,0.0,0.5,80.9,164,4450200.0,8,0,,,브랜드·카테고리 평균 대비 성장 신호가 약함,주문·리뷰 변동성이 낮아 안정성이 높음,
ba_14688336,2025-09,본죽&비빔밥 고려대점,본그룹,백반·죽·국수,서울특별시,성북구,실험군,0.917441280117868,91.7441280117868,0.7343954477359116,18.494157894736844,93.07438222927735,54.04657533253443,14.968553459119496,50.49,C,-1.847237,-0.097222,1.0,259.54,479,10588200.0,24,1,30551.71,0.7235,브랜드·카테고리 평균 대비 성장 신호가 약함,월 리뷰 수가 전체 매장 상위권에 속함,답글률과 응답속도 기준 운영 대응력이 우수함
ba_13224844,2025-09,본죽&비빔밥 평촌점,본그룹,백반·죽·국수,경기도,안양시,실험군,0.8287963526062222,82.87963526062222,28.38230753289499,12.280710526315792,17.5,97.75050604740215,50.0,50.35,C,-0.600165,-0.333333,0.0,,61,1725600.0,1,0,,,브랜드·카테고리 평균 대비 성장 신호가 약함,주문·리뷰 변동성이 낮아 안정성이 높음,
ba_14687310,2025-09,본죽&비빔밥 가산디지털점,본그룹,백반·죽·국수,서울특별시,금천구,실험군,0.7364604580369944,73.64604580369945,53.53209674636452,17.83028947368421,17.5,84.0876574410505,27.505241090146747,50.33,C,0.534228,-0.122449,0.0,,513,12145700.0,13,1,27119.42,0.873,서울 동일 자치구·유사업종 상권 대비 객단가 포지션이 약함,주문·리뷰 변동성이 낮아 안정성이 높음,
ba_13228166,2025-09,본죽 제천하소점,본그룹,백반·죽·국수,충청북도,제천시,실험군,0.7993274606553478,79.93274606553477,0.0,9.09092105263158,78.59383392461879,91.85161853671089,50.0,50.31,C,-1.918702,-0.454545,0.75,200.43,80,1513900.0,4,0,,,브랜드·카테고리 평균 대비 성장 신호가 약함,답글률과 응답속도 기준 운영 대응력이 우수함,주문·리뷰 변동성이 낮아 안정성이 높음
ba_14092187,2025-09,굽네치킨&피자 일산식사점,굽네치킨,치킨,경기도,고양시,실험군,0.5450133363759891,54.50133363759891,40.46430180554054,35.672526315789476,65.0,60.0,50.0,50.29,C,-0.055201,0.555556,1.0,3448.39,0,0.0,26,0,,,월 리뷰 수가 전체 매장 상위권에 속함,리뷰 답글률이 높아 고객 대응 신호가 좋음,
ba_14692178,2025-09,본죽&비빔밥 제주함덕점,본그룹,백반·죽·국수,제주특별자치도,제주시,실험군,0.3207516063314126,32.07516063314126,32.3546862694639,100.0,50.0,84.6314311576139,50.0,50.28,C,-0.420989,3.333333,,,0,0.0,0,0,,,브랜드·카테고리 평균 대비 성장 신호가 약함,최근 리뷰 성장 흐름이 우수함,주문·리뷰 변동성이 낮아 안정성이 높음
ba_14551802,2025-09,본죽&비빔밥 명동2호점,본그룹,백반·죽·국수,서울특별시,중구,실험군,0.5187693086249432,51.87693086249432,39.95584903315768,50.0,50.0,99.73481268317548,24.19287211740042,50.23,C,-0.078135,,,,9,305500.0,0,1,40727.52,0.8335,서울 동일 자치구·유사업종 상권 대비 객단가 포지션이 약함,주문·리뷰 변동성이 낮아 안정성이 높음,
ba_14687365,2025-09,본죽&비빔밥 덕성여대점,본그룹,백반·죽·국수,서울특별시,도봉구,실험군,0.6416137071641922,64.16137071641921,62.41889079189791,18.06221052631579,17.5,86.35851469243619,31.538784067085956,49.98,D,0.935071,-0.113636,0.0,,281,7573000.0,13,1,29258.99,0.9211,서울 동일 자치구·유사업종 상권 대비 객단가 포지션이 약함,주문·리뷰 변동성이 낮아 안정성이 높음,
ba_14725485,2025-09,굽네치킨 구례읍점,굽네치킨,치킨,전라남도,구례군,실험군,0.6656948682859375,66.56948682859375,20.824798013677615,23.976605263157897,66.08927099120426,78.63465399785287,50.0,49.88,D,-0.94105,0.111111,1.0,1161.0,2,53900.0,2,0,,,브랜드·카테고리 평균 대비 성장 신호가 약함,리뷰 답글률이 높아 고객 대응 신호가 좋음,주문·리뷰 변동성이 낮아 안정성이 높음
ba_13230007,2025-09,본죽 죽전벽산타운점,본그룹,백반·죽·국수,경기도,용인시,실험군,0.6441774624371219,64.41774624371219,28.814450265923973,50.0,17.5,98.84492337861977,50.0,49.76,D,-0.580673,,0.0,,8,185900.0,1,0,,,브랜드·카테고리 평균 대비 성장 신호가 약함,주문·리뷰 변동성이 낮아 안정성이 높음,
ba_14658160,2025-09,굽네치킨&피자 대구옥포점,굽네치킨,치킨,대구광역시,달성군,실험군,0.6838472372786113,68.38472372786113,33.40752980777775,19.237736842105267,50.08882116208976,70.56167004704074,50.0,49.74,D,-0.3735,-0.068966,0.3333,247.85,298,8327900.0,12,0,,,브랜드·카테고리 평균 대비 성장 신호가 약함,주문·리뷰 변동성이 낮아 안정성이 높음,
ba_14665998,2025-09,본죽&비빔밥 오금동사거리점,본그룹,백반·죽·국수,서울특별시,송파구,실험군,0.4445440124061428,44.454401240614274,78.72334434844291,0.0,50.0,99.80461306176957,20.83857442348008,49.53,D,1.670491,-1.0,,,7,186700.0,0,1,33611.9,0.7935,브랜드·카테고리 평균 대비 초과 성장 신호가 강함,서울 동일 자치구·유사업종 상권 대비 객단가 포지션이 약함,주문·리뷰 변동성이 낮아 안정성이 높음
ba_14557869,2025-09,굽네치킨 화곡4동점,굽네치킨,치킨,서울특별시,강서구,실험군,0.7117136422153338,71.17136422153338,25.870594291035786,15.281631578947371,78.32993210936672,52.10769771576828,39.412997903563934,49.51,D,-0.713457,-0.219298,0.6667,28.37,185,5416600.0,21,1,28845.32,1.015,브랜드·카테고리 평균 대비 성장 신호가 약함,월 리뷰 수가 전체 매장 상위권에 속함,답글률과 응답속도 기준 운영 대응력이 우수함
ba_13228993,2025-09,본죽&비빔밥 동탄솔빛나루점,본그룹,백반·죽·국수,경기도,화성시,실험군,0.4626091193223327,46.26091193223327,51.85994912922697,21.05263157894737,50.0,96.68340592732801,50.0,49.48,D,0.458805,0.0,,,46,829100.0,0,0,,,주문·리뷰 변동성이 낮아 안정성이 높음,,
ba_13225746,2025-09,본죽 고양점,본그룹,백반·죽·국수,경기도,고양시,실험군,0.4258758117082898,42.58758117082898,67.35596410789888,0.0,50.0,98.95067744947357,50.0,49.14,D,1.15776,-1.0,,,21,470800.0,0,0,,,주문·리뷰 변동성이 낮아 안정성이 높음,,
ba_14694402,2025-09,본죽 월곡점,본그룹,백반·죽·국수,서울특별시,성북구,실험군,0.5399454081973534,53.994540819735334,76.5911194690533,25.986842105263158,17.5,86.22309883931501,12.528301886792454,49.12,D,1.574316,0.1875,0.0,,198,4200500.0,5,1,30551.71,0.6944,브랜드·카테고리 평균 대비 초과 성장 신호가 강함,서울 동일 자치구·유사업종 상권 대비 객단가 포지션이 약함,주문·리뷰 변동성이 낮아 안정성이 높음
ba_14666363,2025-09,굽네치킨 충남태안점,굽네치킨,치킨,충청남도,태안군,실험군,0.6456603614703856,64.56603614703856,21.18222696616547,50.0,91.43814082059248,0.0,50.0,49.11,D,-0.924928,,1.0,314.2,96,2941900.0,56,0,,,브랜드·카테고리 평균 대비 성장 신호가 약함,월 리뷰 수가 전체 매장 상위권에 속함,답글률과 응답속도 기준 운영 대응력이 우수함
ba_14308401,2025-09,굽네치킨 삼성2동점,굽네치킨,치킨,서울특별시,강남구,실험군,0.4127127780475439,41.27127780475439,38.00094190355083,50.0,50.0,100.0,50.0,49.05,D,-0.166312,,,,0,0.0,0,1,42203.05,,주문·리뷰 변동성이 낮아 안정성이 높음,,
ba_14692251,2025-09,본죽&비빔밥 천안두정점,본그룹,백반·죽·국수,충청남도,천안시,실험군,0.997627136923039,99.76271369230389,5.23001452096689,45.175447368421054,36.755,5.093342900157291,50.0,49.02,D,-1.64446,0.916667,0.027,26.8,1181,26245800.0,37,0,,,브랜드·카테고리 평균 대비 성장 신호가 약함,월 리뷰 수가 전체 매장 상위권에 속함,
ba_14735216,2025-09,본죽&비빔밥 수지성복점,본그룹,백반·죽·국수,경기도,용인시,실험군,0.9824140724833852,98.24140724833852,6.903669715872031,55.10836842105263,17.871227262308366,18.493238839569706,50.0,48.91,D,-1.568969,1.294118,0.04,687.24,747,19473100.0,25,0,,,브랜드·카테고리 평균 대비 성장 신호가 약함,월 리뷰 수가 전체 매장 상위권에 속함,
ba_14689403,2025-09,본죽&비빔밥 의왕역점,본그룹,백반·죽·국수,경기도,의왕시,실험군,0.905126266055449,90.5126266055449,1.5065634781415382,23.07692105263158,40.908500000000004,72.25937913602058,50.0,48.88,D,-1.812408,0.076923,0.0909,26.2,337,8664600.0,11,0,,,브랜드·카테고리 평균 대비 성장 신호가 약함,주문·리뷰 변동성이 낮아 안정성이 높음,
ba_14228062,2025-09,굽네피자 월계2동점,굽네치킨,피자,서울특별시,노원구,실험군,0.6592635399217485,65.92635399217485,22.5632125418055,0.0,50.0,98.57221264157,73.97064989517821,48.86,D,-0.862638,-1.0,,,2,58400.0,0,1,20460.58,1.4271,브랜드·카테고리 평균 대비 성장 신호가 약함,서울 동일 자치구·유사업종 상권 대비 객단가 경쟁력이 있음,주문·리뷰 변동성이 낮아 안정성이 높음
ba_14690077,2025-09,본죽&비빔밥 인천연희연세병원점,본그룹,백반·죽·국수,인천광역시,서구,실험군,0.8348171834317457,83.48171834317458,0.0,13.875605263157897,65.13845070492403,76.87252136649309,50.0,48.76,D,-1.882338,-0.272727,0.7143,572.4,234,5535600.0,7,0,,,브랜드·카테고리 평균 대비 성장 신호가 약함,주문·리뷰 변동성이 낮아 안정성이 높음,
ba_14153764,2025-09,굽네피자 주안3호점,굽네치킨,피자,인천광역시,미추홀구,실험군,0.1863490739203795,18.63490739203795,39.78065962845857,100.0,50.0,96.8490940171705,50.0,48.65,D,-0.086037,3.0,,,1,45800.0,0,0,,,최근 리뷰 성장 흐름이 우수함,주문·리뷰 변동성이 낮아 안정성이 높음,
ba_14690062,2025-09,본죽&비빔밥 용인물푸레마을점,본그룹,백반·죽·국수,경기도,용인시,실험군,0.3966051435028602,39.66051435028602,74.69738009034049,25.4386052631579,17.5,96.457080399364,50.0,48.64,D,1.488898,0.166667,0.0,,56,1413500.0,1,0,,,브랜드·카테고리 평균 대비 초과 성장 신호가 강함,주문·리뷰 변동성이 낮아 안정성이 높음,
ba_14272566,2025-09,본죽&비빔밥 광명6동점,본그룹,백반·죽·국수,경기도,광명시,실험군,0.4334754144686053,43.34754144686053,63.69022225520666,0.0,50.0,99.41383918530869,50.0,48.54,D,0.992415,-1.0,,,17,280500.0,0,0,,,주문·리뷰 변동성이 낮아 안정성이 높음,,
ba_14663534,2025-09,굽네치킨 포항용흥점,굽네치킨,치킨,경상북도,포항시,실험군,0.5826121265513573,58.26121265513573,22.983294652693715,30.098684210526315,73.90537740377212,67.95865982826668,50.0,48.53,D,-0.84369,0.34375,0.7857,434.57,58,1763200.0,14,0,,,브랜드·카테고리 평균 대비 성장 신호가 약함,월 리뷰 수가 전체 매장 상위권에 속함,답글률과 응답속도 기준 운영 대응력이 우수함
ba_13459937,2025-09,굽네치킨 성사점,굽네치킨,치킨,경기도,고양시,통제군,0.4981814470215642,49.81814470215642,34.220513289214885,28.947368421052634,92.1796681708239,43.23985556164073,50.0,48.48,D,-0.33683,0.3,0.9444,168.7,520,14653500.0,18,0,,,브랜드·카테고리 평균 대비 성장 신호가 약함,월 리뷰 수가 전체 매장 상위권에 속함,답글률과 응답속도 기준 운영 대응력이 우수함
ba_14557882,2025-09,굽네치킨 신방화역점,굽네치킨,치킨,서울특별시,강서구,실험군,0.7983656980806084,79.83656980806084,33.38839687228605,50.0,38.162399035583185,0.0,36.87211740041929,48.25,D,-0.374363,,0.0577,47.83,846,24028800.0,52,1,28845.32,0.9847,브랜드·카테고리 평균 대비 성장 신호가 약함,월 리뷰 수가 전체 매장 상위권에 속함,
ba_14691228,2025-09,본죽&비빔밥 대구사월점,본그룹,백반·죽·국수,대구광역시,수성구,실험군,0.4614682176181553,46.14682176181553,51.43851463240017,47.36842105263158,17.5,93.60888812276735,50.0,48.1,D,0.439796,1.0,0.0,,92,2308700.0,5,0,,,주문·리뷰 변동성이 낮아 안정성이 높음,,
ba_14690092,2025-09,본죽&비빔밥 인천불로동점,본그룹,백반·죽·국수,인천광역시,서구,실험군,0.8333656512996079,83.33656512996079,0.0,13.043473684210527,59.032928183618935,79.58869370201167,50.0,47.94,D,-1.888663,-0.304348,0.5714,466.07,215,5501800.0,7,0,,,브랜드·카테고리 평균 대비 성장 신호가 약함,주문·리뷰 변동성이 낮아 안정성이 높음,
ba_13233483,2025-09,본죽&비빔밥 경산사동점,본그룹,백반·죽·국수,경상북도,경산시,실험군,0.425981021915876,42.5981021915876,48.58016935530045,60.526315789473685,17.5,91.24375898936322,50.0,47.88,D,0.310869,1.5,0.0,,63,1195800.0,1,0,,,주문·리뷰 변동성이 낮아 안정성이 높음,,
ba_13234578,2025-09,본죽&비빔밥 동백중앙점,본그룹,백반·죽·국수,경기도,용인시,실험군,0.4586693829610364,45.86693829610364,46.22546590388405,53.94736842105263,17.5,95.46743679463285,50.0,47.87,D,0.204659,1.25,0.0,,87,1818600.0,1,0,,,주문·리뷰 변동성이 낮아 안정성이 높음,,
ba_14692278,2025-09,본죽 제천하소점,본그룹,백반·죽·국수,충청북도,제천시,실험군,0.7786790094405883,77.86790094405883,0.0,11.483263157894738,66.73827663949149,88.70920275133102,50.0,47.86,D,-1.90052,-0.363636,0.5,53.63,134,3338600.0,2,0,,,브랜드·카테고리 평균 대비 성장 신호가 약함,주문·리뷰 변동성이 낮아 안정성이 높음,
ba_13081281,2025-09,굽네치킨 하늘도시1호점,굽네치킨,치킨,인천광역시,중구,실험군,0.7543189374124972,75.43189374124972,27.934180041477237,32.84936842105264,39.27471661403826,34.46644342741285,50.0,47.65,D,-0.620378,0.448276,0.0714,40.42,684,21266600.0,14,0,,,브랜드·카테고리 평균 대비 성장 신호가 약함,월 리뷰 수가 전체 매장 상위권에 속함,
ba_13229747,2025-09,본죽 창원중앙동점,본그룹,백반·죽·국수,경상남도,창원시,실험군,0.4587976058210105,45.87976058210105,66.21386309763889,19.407894736842106,17.5,94.68589143187722,50.0,47.62,D,1.106245,-0.0625,0.0,,120,2303100.0,4,0,,,주문·리뷰 변동성이 낮아 안정성이 높음,,
ba_14701165,2025-09,본죽&비빔밥 연세세브란스빌딩점,본그룹,백반·죽·국수,서울특별시,중구,실험군,0.4097978708187339,40.97978708187339,73.63855058147884,50.0,17.5,96.77226735594216,1.9119496855345857,47.49,D,1.441139,,0.0,,16,370000.0,3,1,40727.52,0.5678,브랜드·카테고리 평균 대비 초과 성장 신호가 강함,서울 동일 자치구·유사업종 상권 대비 객단가 포지션이 약함,주문·리뷰 변동성이 낮아 안정성이 높음
ba_12020564,2025-09,굽네치킨&피자 거제고현점,굽네치킨,피자,경상남도,거제시,실험군,0.6267551892230263,62.67551892230263,19.251973167111068,1.403500000000002,89.42741386447531,70.94456980521558,50.0,47.47,D,-1.011993,-0.746667,1.0,381.37,35,1283000.0,4,0,,,브랜드·카테고리 평균 대비 성장 신호가 약함,답글률과 응답속도 기준 운영 대응력이 우수함,주문·리뷰 변동성이 낮아 안정성이 높음
ba_14314711,2025-09,굽네피자 송내2동점,굽네치킨,피자,경기도,부천시,실험군,0.3687825513756314,36.87825513756314,38.054638276390776,50.0,50.0,100.0,50.0,47.42,D,-0.16389,,,,0,0.0,0,0,,,주문·리뷰 변동성이 낮아 안정성이 높음,,
ba_14775705,2025-09,본죽&비빔밥 익산원광대병원점,본그룹,백반·죽·국수,전북특별자치도,익산시,실험군,0.7277925747826514,72.77925747826514,1.1654740082230637,50.0,35.457499999999996,87.86636640356346,50.0,47.37,D,-1.827793,,0.5455,1513.0,17,442200.0,11,0,,,브랜드·카테고리 평균 대비 성장 신호가 약함,주문·리뷰 변동성이 낮아 안정성이 높음,
ba_14693042,2025-09,본죽&비빔밥 전주예수병원점,본그룹,백반·죽·국수,전북특별자치도,전주시,실험군,0.5064763865549281,50.64763865549281,58.92645387169527,17.763157894736846,17.5,95.01674507636494,50.0,47.25,D,0.777543,-0.125,0.0,,105,2399300.0,1,0,,,주문·리뷰 변동성이 낮아 안정성이 높음,,
ba_13199335,2025-09,본죽&비빔밥 울산매곡점,본그룹,백반·죽·국수,울산광역시,북구,실험군,0.4640314414591457,46.403144145914574,63.01737699537202,23.44497368421053,17.5,90.95661775995433,50.0,47.23,D,0.962066,0.090909,0.0,,83,1433300.0,3,0,,,주문·리뷰 변동성이 낮아 안정성이 높음,,
ba_14689381,2025-09,본죽&비빔밥 용인모현점,본그룹,백반·죽·국수,경기도,용인시,실험군,0.628087080128087,62.8087080128087,43.89665731765224,15.789473684210527,17.5,92.15809894481646,50.0,47.17,D,0.099617,-0.2,0.0,,217,5884800.0,7,0,,,주문·리뷰 변동성이 낮아 안정성이 높음,,
ba_14228061,2025-09,굽네치킨 월계2동점,굽네치킨,치킨,서울특별시,노원구,실험군,0.7630406748360334,76.30406748360335,28.58037664724349,17.91978947368421,66.32633821129589,22.676027370213777,32.536687631027256,47.13,D,-0.591231,-0.119048,0.6667,429.36,402,10348300.0,36,1,27591.12,0.933,브랜드·카테고리 평균 대비 성장 신호가 약함,월 리뷰 수가 전체 매장 상위권에 속함,서울 동일 자치구·유사업종 상권 대비 객단가 포지션이 약함
ba_14117511,2025-09,굽네치킨 논현1동점,굽네치킨,치킨,서울특별시,강남구,실험군,0.9570637917279934,95.70637917279934,33.18298940145117,12.109368421052634,37.7495,13.303320863328606,15.899371069182392,47.13,D,-0.383628,-0.339844,0.0423,24.42,1735,53785600.0,71,1,42203.05,0.7346,브랜드·카테고리 평균 대비 성장 신호가 약함,월 리뷰 수가 전체 매장 상위권에 속함,서울 동일 자치구·유사업종 상권 대비 객단가 포지션이 약함
ba_14392494,2025-09,굽네피자 원주혁신점,굽네치킨,피자,강원특별자치도,원주시,실험군,0.3565564368398158,35.65564368398158,38.054638276390776,50.0,50.0,100.0,50.0,46.99,D,-0.16389,,,,0,0.0,0,0,,,주문·리뷰 변동성이 낮아 안정성이 높음,,
ba_14117512,2025-09,굽네피자 논현1동점,굽네치킨,피자,서울특별시,강남구,실험군,0.4925530970728378,49.25530970728378,40.39162768903793,60.526315789473685,17.5,95.60004877855587,32.494758909853246,46.99,D,-0.058479,1.5,0.0,,40,1534700.0,1,1,41143.35,0.9325,서울 동일 자치구·유사업종 상권 대비 객단가 포지션이 약함,주문·리뷰 변동성이 낮아 안정성이 높음,
ba_14472921,2025-09,굽네피자 내당중리점,굽네치킨,피자,대구광역시,서구,실험군,0.355441578619156,35.5441578619156,38.054638276390776,50.0,50.0,100.0,50.0,46.95,D,-0.16389,,,,0,0.0,0,0,,,주문·리뷰 변동성이 낮아 안정성이 높음,,
ba_14648765,2025-09,굽네치킨 서면가곡점,굽네치킨,치킨,전라남도,순천시,실험군,0.5033466775828231,50.334667758282315,36.030249547906806,9.356736842105265,65.0,91.65209836282715,50.0,46.94,D,-0.255201,-0.444444,1.0,3381.0,0,0.0,2,0,,,리뷰 답글률이 높아 고객 대응 신호가 좋음,주문·리뷰 변동성이 낮아 안정성이 높음,
ba_14594474,2025-09,본죽&비빔밥 광주계림동점,본그룹,백반·죽·국수,광주광역시,동구,통제군,0.6348205116510337,63.48205116510337,0.0,4.858289473684213,100.0,89.86160404653678,50.0,46.93,D,-1.95087,-0.615385,1.0,25.71,68,1189600.0,1,0,,,브랜드·카테고리 평균 대비 성장 신호가 약함,답글률과 응답속도 기준 운영 대응력이 우수함,주문·리뷰 변동성이 낮아 안정성이 높음
ba_14042200,2025-09,본죽&비빔밥 왕십리뉴타운점,본그룹,백반·죽·국수,서울특별시,성동구,실험군,0.5087818810920797,50.87818810920797,48.220700738774084,21.05263157894737,50.0,97.29468068481195,16.846960167714883,46.91,D,0.294655,0.0,,,29,727400.0,0,1,33628.43,0.7459,서울 동일 자치구·유사업종 상권 대비 객단가 포지션이 약함,주문·리뷰 변동성이 낮아 안정성이 높음,
ba_14687354,2025-09,본죽&비빔밥 신도림점,본그룹,백반·죽·국수,서울특별시,구로구,실험군,0.7179476032845288,71.79476032845288,40.5297705871245,21.05263157894737,17.5,89.30978049209932,19.18658280922432,46.9,D,-0.052248,0.0,0.0,,386,9168000.0,11,1,30692.93,0.7738,서울 동일 자치구·유사업종 상권 대비 객단가 포지션이 약함,주문·리뷰 변동성이 낮아 안정성이 높음,
ba_14687060,2025-09,본죽&비빔밥 천호로데오점,본그룹,백반·죽·국수,서울특별시,강동구,실험군,0.7403255036320123,74.03255036320124,3.5973077986609954,26.413263157894733,97.4834930431302,11.249129308179086,50.0,46.87,D,-1.718104,0.203704,1.0,112.25,0,0.0,1,1,28416.11,,브랜드·카테고리 평균 대비 성장 신호가 약함,답글률과 응답속도 기준 운영 대응력이 우수함,
ba_13233716,2025-09,본죽 포항죽도오거리점,본그룹,백반·죽·국수,경상북도,포항시,실험군,0.506023750251533,50.6023750251533,52.45936648367518,27.631578947368425,17.5,92.64465155705665,50.0,46.86,D,0.485842,0.25,0.0,,199,4489500.0,4,0,,,주문·리뷰 변동성이 낮아 안정성이 높음,,
ba_14651431,2025-09,굽네피자 벌교읍점,굽네치킨,피자,전라남도,보성군,실험군,0.3524934382281208,35.24934382281208,38.054638276390776,50.0,50.0,100.0,50.0,46.85,D,-0.16389,,,,0,0.0,0,0,,,주문·리뷰 변동성이 낮아 안정성이 높음,,
ba_14335172,2025-09,굽네피자 장곡장현점,굽네치킨,피자,경기도,시흥시,실험군,0.3497221202827667,34.97221202827667,38.054638276390776,50.0,50.0,100.0,50.0,46.75,D,-0.16389,,,,0,0.0,0,0,,,주문·리뷰 변동성이 낮아 안정성이 높음,,
ba_14651464,2025-09,굽네피자 순천서면점,굽네치킨,피자,전라남도,순천시,실험군,0.3491282459196674,34.91282459196674,38.054638276390776,50.0,50.0,100.0,50.0,46.73,D,-0.16389,,,,0,0.0,0,0,,,주문·리뷰 변동성이 낮아 안정성이 높음,,
ba_14662547,2025-09,굽네치킨 신사우점,굽네치킨,치킨,강원특별자치도,춘천시,실험군,0.6159955540424278,61.59955540424278,32.65631267428944,21.05263157894737,50.78450814229168,62.264180515305036,50.0,46.73,D,-0.407384,0.0,0.3333,224.61,294,8703200.0,3,0,,,브랜드·카테고리 평균 대비 성장 신호가 약함,,
ba_13221865,2025-09,본죽 처인구청점,본그룹,백반·죽·국수,경기도,용인시,실험군,0.4548414291446512,45.48414291446512,41.40416569232988,21.05263157894737,50.0,97.7149954122756,50.0,46.7,D,-0.012808,0.0,,,34,749600.0,0,0,,,주문·리뷰 변동성이 낮아 안정성이 높음,,
ba_10768614,2025-09,굽네치킨 신월상남점,굽네치킨,치킨,경상남도,창원시,실험군,0.5916305511994245,59.163055119942456,23.67584927481353,8.260236842105265,88.53295801759145,55.24448966677106,50.0,46.67,D,-0.812452,-0.486111,0.8571,100.96,158,5327700.0,7,0,,,브랜드·카테고리 평균 대비 성장 신호가 약함,답글률과 응답속도 기준 운영 대응력이 우수함,
ba_14297681,2025-09,굽네피자 서산예천점,굽네치킨,피자,충청남도,서산시,실험군,0.343999294434351,34.3999294434351,38.054638276390776,50.0,50.0,100.0,50.0,46.55,D,-0.16389,,,,0,0.0,0,0,,,주문·리뷰 변동성이 낮아 안정성이 높음,,
ba_13231120,2025-09,본죽 안산본오1동점,본그룹,백반·죽·국수,경기도,안산시,실험군,0.4518322740280771,45.18322740280771,10.03357852349053,73.68421052631578,50.0,96.14299917783795,50.0,46.49,D,-1.427793,2.0,,,33,755900.0,0,0,,,브랜드·카테고리 평균 대비 성장 신호가 약함,최근 리뷰 성장 흐름이 우수함,주문·리뷰 변동성이 낮아 안정성이 높음
ba_10040411,2025-09,굽네치킨,굽네치킨,치킨,서울특별시,성북구,실험군,0.3285437094491006,32.85437094491006,38.00094190355083,50.0,50.0,100.0,50.0,46.4,D,-0.166312,,,,0,0.0,0,1,32802.59,,주문·리뷰 변동성이 낮아 안정성이 높음,,
ba_14615268,2025-09,굽네피자 효자점,굽네치킨,피자,강원특별자치도,춘천시,실험군,0.338613107450357,33.8613107450357,38.054638276390776,50.0,50.0,100.0,50.0,46.37,D,-0.16389,,,,0,0.0,0,0,,,주문·리뷰 변동성이 낮아 안정성이 높음,,
ba_14620216,2025-09,굽네치킨&피자 북아현점,굽네치킨,치킨,서울특별시,서대문구,실험군,0.6110938441052803,61.10938441052804,38.00094190355083,21.05263157894737,28.549044579046935,75.45131035085626,50.0,46.29,D,-0.166312,0.0,0.2143,709.01,0,0.0,56,1,26106.72,,월 리뷰 수가 전체 매장 상위권에 속함,주문·리뷰 변동성이 낮아 안정성이 높음,
ba_14680684,2025-09,굽네피자 부산온천점,굽네치킨,피자,부산광역시,동래구,실험군,0.3341298807155685,33.412988071556846,38.054638276390776,50.0,50.0,100.0,50.0,46.21,D,-0.16389,,,,0,0.0,0,0,,,주문·리뷰 변동성이 낮아 안정성이 높음,,
ba_14691235,2025-09,본죽&비빔밥 대구범물동아백화점점,본그룹,백반·죽·국수,대구광역시,수성구,실험군,0.5846758274462595,58.46758274462594,47.12639881185137,16.47597368421053,17.5,88.37343237253452,50.0,46.18,D,0.245296,-0.173913,0.0,,191,4763100.0,8,0,,,주문·리뷰 변동성이 낮아 안정성이 높음,,
ba_12026171,2025-09,굽네치킨&피자 선부3동점,굽네치킨,피자,경기도,안산시,실험군,0.3330549480164014,33.30549480164014,38.054638276390776,50.0,50.0,100.0,50.0,46.17,D,-0.16389,,,,0,0.0,0,0,,,주문·리뷰 변동성이 낮아 안정성이 높음,,
ba_14338227,2025-09,굽네피자 상대원점,굽네치킨,피자,경기도,성남시,실험군,0.3277259763403389,32.77259763403389,38.054638276390776,50.0,50.0,100.0,50.0,45.98,D,-0.16389,,,,0,0.0,0,0,,,주문·리뷰 변동성이 낮아 안정성이 높음,,
ba_14285796,2025-09,본죽&비빔밥 대구평리뉴타운점,본그룹,백반·죽·국수,대구광역시,서구,실험군,0.4152849548156205,41.52849548156205,50.85672263567604,10.526315789473685,50.0,96.49405553440533,50.0,45.98,D,0.413554,-0.4,,,30,650200.0,0,0,,,주문·리뷰 변동성이 낮아 안정성이 높음,,
ba_14687088,2025-09,본죽 길동시장점,본그룹,백반·죽·국수,서울특별시,강동구,실험군,0.5852697342702676,58.52697342702676,57.027748354453934,21.901526315789475,17.5,85.14774866309081,17.157232704402517,45.97,D,0.691901,0.032258,0.0,,195,4153900.0,5,1,28416.11,0.7496,서울 동일 자치구·유사업종 상권 대비 객단가 포지션이 약함,주문·리뷰 변동성이 낮아 안정성이 높음,
ba_14387283,2025-09,본죽&비빔밥 신봉초교점,본그룹,백반·죽·국수,경기도,용인시,실험군,0.4414185477761933,44.14185477761933,45.646223487208076,12.280710526315792,50.0,97.58630245508598,50.0,45.96,D,0.178532,-0.333333,,,34,675200.0,0,0,,,주문·리뷰 변동성이 낮아 안정성이 높음,,
ba_14688923,2025-09,본죽&비빔밥 종로르메이에르점,본그룹,백반·죽·국수,서울특별시,종로구,실험군,0.554224781941965,55.4224781941965,58.651986036947754,24.342105263157897,17.5,95.2933857788555,10.633123689727457,45.94,D,0.765163,0.125,0.0,,99,2390000.0,2,1,35936.38,0.6718,서울 동일 자치구·유사업종 상권 대비 객단가 포지션이 약함,주문·리뷰 변동성이 낮아 안정성이 높음,
ba_13969906,2025-09,굽네피자 포항흥해점,굽네치킨,피자,경상북도,포항시,실험군,0.3262388217427328,32.62388217427328,38.054638276390776,50.0,50.0,100.0,50.0,45.93,D,-0.16389,,,,0,0.0,0,0,,,주문·리뷰 변동성이 낮아 안정성이 높음,,
ba_14756247,2025-09,본죽&비빔밥 일산가좌점,본그룹,백반·죽·국수,경기도,고양시,통제군,0.5279635882494319,52.79635882494319,4.712715814330049,42.10526315789474,67.52614599334247,98.21835281728161,50.0,45.92,D,-1.667793,0.8,1.0,1113.0,1,26000.0,4,0,,,브랜드·카테고리 평균 대비 성장 신호가 약함,리뷰 답글률이 높아 고객 대응 신호가 좋음,주문·리뷰 변동성이 낮아 안정성이 높음
ba_14171127,2025-09,굽네피자 연경점,굽네치킨,피자,대구광역시,동구,실험군,0.541881391994316,54.188139199431596,19.82576169951016,18.128657894736847,65.0,95.30516619915556,50.0,45.92,D,-0.986112,-0.111111,1.0,1365.0,0,0.0,4,0,,,브랜드·카테고리 평균 대비 성장 신호가 약함,리뷰 답글률이 높아 고객 대응 신호가 좋음,주문·리뷰 변동성이 낮아 안정성이 높음
ba_12017934,2025-09,굽네치킨&피자 삼숭고읍점,굽네치킨,피자,경기도,양주시,실험군,0.3255654314120711,32.556543141207115,38.054638276390776,50.0,50.0,100.0,50.0,45.91,D,-0.16389,,,,0,0.0,0,0,,,주문·리뷰 변동성이 낮아 안정성이 높음,,
ba_13233448,2025-09,본죽&비빔밥 대구달서구청점,본그룹,백반·죽·국수,대구광역시,달서구,실험군,0.4167997058395519,41.67997058395519,53.620799961778474,6.432736842105263,50.0,94.28926485361441,50.0,45.89,D,0.538229,-0.555556,,,41,889200.0,0,0,,,주문·리뷰 변동성이 낮아 안정성이 높음,,
ba_14692592,2025-09,본죽 의정부가능역점,본그룹,백반·죽·국수,경기도,의정부시,실험군,0.843116208294716,84.31162082947161,0.0,10.16334210526316,45.38677168398329,80.35433431741903,50.0,45.88,D,-1.910552,-0.413793,0.25,224.05,231,5769400.0,4,0,,,브랜드·카테고리 평균 대비 성장 신호가 약함,주문·리뷰 변동성이 낮아 안정성이 높음,
ba_13234475,2025-09,본죽&비빔밥 노량진점,본그룹,백반·죽·국수,서울특별시,동작구,실험군,0.4177455639935361,41.77455639935361,61.438322305383494,5.263157894736844,50.0,97.16644137652418,26.716981132075475,45.86,D,0.890842,-0.6,,,20,542000.0,0,1,31379.83,0.8636,서울 동일 자치구·유사업종 상권 대비 객단가 포지션이 약함,주문·리뷰 변동성이 낮아 안정성이 높음,
ba_13079581,2025-09,굽네치킨&피자 온의퇴계점,굽네치킨,피자,강원특별자치도,춘천시,실험군,0.3241186632386791,32.41186632386791,38.054638276390776,50.0,50.0,100.0,50.0,45.86,D,-0.16389,,,,0,0.0,0,0,,,주문·리뷰 변동성이 낮아 안정성이 높음,,
ba_13235631,2025-09,본죽 인왕산점,본그룹,백반·죽·국수,서울특별시,서대문구,실험군,0.5322074963734988,53.22074963734988,53.99751704158704,0.0,50.0,99.67988662886702,11.916142557651993,45.83,D,0.555221,-1.0,,,10,204000.0,0,1,29688.7,0.6871,서울 동일 자치구·유사업종 상권 대비 객단가 포지션이 약함,주문·리뷰 변동성이 낮아 안정성이 높음,
ba_13233764,2025-09,본죽 대구송라시장점,본그룹,백반·죽·국수,대구광역시,동구,실험군,0.463811328218333,46.3811328218333,40.251356445867685,21.05263157894737,50.0,87.66504991316752,50.0,45.72,D,-0.064806,0.0,,,58,1121800.0,0,0,,,주문·리뷰 변동성이 낮아 안정성이 높음,,
ba_14248058,2025-09,굽네피자 은행선화점,굽네치킨,피자,대전광역시,중구,실험군,0.3199637904844078,31.996379048440783,38.054638276390776,50.0,50.0,100.0,50.0,45.71,D,-0.16389,,,,0,0.0,0,0,,,주문·리뷰 변동성이 낮아 안정성이 높음,,
ba_14788152,2025-09,굽네피자 초읍점,굽네치킨,피자,부산광역시,부산진구,실험군,0.3189082462278078,31.890824622780777,38.054638276390776,50.0,50.0,99.92236110344977,50.0,45.67,D,-0.16389,,,,1,25900.0,0,0,,,주문·리뷰 변동성이 낮아 안정성이 높음,,
ba_14199673,2025-09,굽네피자 가양점,굽네치킨,피자,서울특별시,강서구,실험군,0.304421437333759,30.442143733375897,38.054638276390776,50.0,50.0,100.0,50.0,45.65,D,-0.16389,,,,0,0.0,0,1,15989.55,,주문·리뷰 변동성이 낮아 안정성이 높음,,
ba_13236401,2025-09,본죽 대학로본점,본그룹,백반·죽·국수,서울특별시,종로구,실험군,0.7117073693908285,71.17073693908284,47.78940047567405,7.894736842105264,17.5,97.80213071583066,2.2725366876310287,45.63,D,0.275201,-0.5,0.0,,31,637300.0,1,1,35936.38,0.5721,서울 동일 자치구·유사업종 상권 대비 객단가 포지션이 약함,주문·리뷰 변동성이 낮아 안정성이 높음,
ba_14668967,2025-09,굽네피자 신사우점,굽네치킨,피자,강원특별자치도,춘천시,실험군,0.3165972993974433,31.65972993974433,38.054638276390776,50.0,50.0,100.0,50.0,45.59,D,-0.16389,,,,0,0.0,0,0,,,주문·리뷰 변동성이 낮아 안정성이 높음,,
ba_13969888,2025-09,굽네피자 청주강서지구점,굽네치킨,피자,충청북도,청주시,실험군,0.3160609774312032,31.60609774312032,38.054638276390776,50.0,50.0,100.0,50.0,45.58,D,-0.16389,,,,0,0.0,0,0,,,주문·리뷰 변동성이 낮아 안정성이 높음,,
ba_13122792,2025-09,굽네치킨&피자 청주 강서지구점,굽네치킨,피자,충청북도,청주시,실험군,0.3160609774312032,31.60609774312032,38.054638276390776,50.0,50.0,100.0,50.0,45.58,D,-0.16389,,,,0,0.0,0,0,,,주문·리뷰 변동성이 낮아 안정성이 높음,,
ba_14605018,2025-09,굽네피자 대구신매점,굽네치킨,피자,대구광역시,수성구,실험군,0.3153270482571932,31.53270482571932,38.054638276390776,50.0,50.0,100.0,50.0,45.55,D,-0.16389,,,,0,0.0,0,0,,,주문·리뷰 변동성이 낮아 안정성이 높음,,
ba_13228677,2025-09,본죽 청주봉명점,본그룹,백반·죽·국수,충청북도,청주시,실험군,0.4459232125184947,44.59232125184947,31.9313894706889,64.91228947368421,17.5,94.00051505067376,50.0,45.35,D,-0.440082,1.666667,0.0,,72,1293800.0,1,0,,,브랜드·카테고리 평균 대비 성장 신호가 약함,주문·리뷰 변동성이 낮아 안정성이 높음,
ba_13221638,2025-09,본죽&비빔밥 이천마장점,본그룹,백반·죽·국수,경기도,이천시,실험군,0.5423455066859898,54.23455066859898,39.15013739742306,30.622000000000003,17.5,93.19385862192837,50.0,45.31,D,-0.114477,0.363636,0.0,,205,5158800.0,3,0,,,주문·리뷰 변동성이 낮아 안정성이 높음,,
ba_13222803,2025-09,본죽 오금점,본그룹,백반·죽·국수,서울특별시,송파구,실험군,0.5658439140577023,56.584391405770226,21.1836680331492,50.0,50.0,99.17468720893129,2.3983228511530363,45.26,D,-0.924863,,,,16,308500.0,0,1,33611.9,0.5736,브랜드·카테고리 평균 대비 성장 신호가 약함,서울 동일 자치구·유사업종 상권 대비 객단가 포지션이 약함,주문·리뷰 변동성이 낮아 안정성이 높음
ba_13969554,2025-09,굽네피자 포항양덕점,굽네치킨,피자,경상북도,포항시,실험군,0.3068559031826363,30.68559031826363,38.054638276390776,50.0,50.0,100.0,50.0,45.25,D,-0.16389,,,,0,0.0,0,0,,,주문·리뷰 변동성이 낮아 안정성이 높음,,
ba_14556221,2025-09,굽네치킨&피자 청주봉명점,굽네치킨,치킨,충청북도,청주시,실험군,0.7583388694246631,75.83388694246631,28.061060446829426,19.33639473684211,37.74302260341223,31.17690494549894,50.0,45.24,D,-0.614655,-0.065217,0.05,45.12,633,18526800.0,20,0,,,브랜드·카테고리 평균 대비 성장 신호가 약함,월 리뷰 수가 전체 매장 상위권에 속함,
ba_13223367,2025-09,본죽 성수역점,본그룹,백반·죽·국수,서울특별시,성동구,실험군,0.5010551171631049,50.10551171631049,26.023413902095132,50.0,50.0,99.59907446219074,11.404612159329142,45.24,D,-0.706564,,,,7,160300.0,0,1,33628.43,0.681,브랜드·카테고리 평균 대비 성장 신호가 약함,서울 동일 자치구·유사업종 상권 대비 객단가 포지션이 약함,주문·리뷰 변동성이 낮아 안정성이 높음
ba_14778106,2025-09,굽네치킨 구로디지털점,굽네치킨,치킨,서울특별시,구로구,실험군,0.2990120484083127,29.90120484083127,38.00094190355083,50.0,50.0,97.33033208633287,50.0,45.23,D,-0.166312,,,,0,0.0,0,1,30212.85,,주문·리뷰 변동성이 낮아 안정성이 높음,,
ba_14544899,2025-09,본죽&비빔밥 안양호계포도원점,본그룹,백반·죽·국수,경기도,안양시,실험군,0.4090032906024752,40.90032906024752,41.69295551586956,21.05263157894737,50.0,98.0157969437424,50.0,45.2,D,0.000218,0.0,,,34,851200.0,0,0,,,주문·리뷰 변동성이 낮아 안정성이 높음,,
ba_13974018,2025-09,굽네피자 송파점,굽네치킨,피자,서울특별시,송파구,실험군,0.2897582220540121,28.975822205401208,38.054638276390776,50.0,50.0,100.0,50.0,45.19,D,-0.16389,,,,0,0.0,0,1,17221.91,,주문·리뷰 변동성이 낮아 안정성이 높음,,
ba_14245849,2025-09,본죽&비빔밥 광양중동점,본그룹,백반·죽·국수,전라남도,광양시,실험군,0.6010330098448045,60.10330098448045,39.99034595972207,20.0,17.5,85.26400888201275,50.0,45.19,D,-0.076579,-0.04,0.0,,162,3820400.0,7,0,,,주문·리뷰 변동성이 낮아 안정성이 높음,,
ba_14171262,2025-09,굽네피자 칠암망경점,굽네치킨,피자,경상남도,진주시,실험군,0.3050354982775049,30.503549827750494,38.054638276390776,50.0,50.0,100.0,50.0,45.19,D,-0.16389,,,,0,0.0,0,0,,,주문·리뷰 변동성이 낮아 안정성이 높음,,
ba_14464914,2025-09,굽네피자 부산구서점,굽네치킨,피자,부산광역시,금정구,실험군,0.3033965562412108,30.339655624121082,38.054638276390776,50.0,50.0,100.0,50.0,45.13,D,-0.16389,,,,0,0.0,0,0,,,주문·리뷰 변동성이 낮아 안정성이 높음,,
ba_13969933,2025-09,굽네피자 신탄진점,굽네치킨,피자,대전광역시,대덕구,실험군,0.303376199748576,30.3376199748576,38.054638276390776,50.0,50.0,100.0,50.0,45.13,D,-0.16389,,,,0,0.0,0,0,,,주문·리뷰 변동성이 낮아 안정성이 높음,,
ba_13047702,2025-09,굽네피자&치킨 광주상무점,굽네치킨,피자,광주광역시,서구,실험군,0.3026708806856337,30.267088068563368,38.054638276390776,50.0,50.0,100.0,50.0,45.11,D,-0.16389,,,,0,0.0,0,0,,,주문·리뷰 변동성이 낮아 안정성이 높음,,
ba_14387630,2025-09,굽네치킨 등촌2동점,굽네치킨,치킨,서울특별시,강서구,실험군,0.8376569608746413,83.76569608746412,32.3548636315542,31.773868421052637,25.99245237785706,7.852941323610037,28.872117400419285,45.06,D,-0.420981,0.407407,0.3165,1016.33,718,18418000.0,79,1,28845.32,0.8893,브랜드·카테고리 평균 대비 성장 신호가 약함,월 리뷰 수가 전체 매장 상위권에 속함,서울 동일 자치구·유사업종 상권 대비 객단가 포지션이 약함
ba_12018905,2025-09,굽네피자 거제연초점,굽네치킨,피자,경상남도,거제시,실험군,0.2982635166406907,29.82635166406907,38.054638276390776,50.0,50.0,100.0,50.0,44.95,D,-0.16389,,,,0,0.0,0,0,,,주문·리뷰 변동성이 낮아 안정성이 높음,,
ba_14272179,2025-09,굽네피자 마장점,굽네치킨,피자,경기도,이천시,실험군,0.3370692712510992,33.70692712510992,34.92198035637254,50.0,50.0,94.26405023241233,50.0,44.95,D,-0.30519,,,,61,2081200.0,0,0,,,브랜드·카테고리 평균 대비 성장 신호가 약함,주문·리뷰 변동성이 낮아 안정성이 높음,
ba_14296957,2025-09,굽네피자 청주동남지구점,굽네치킨,피자,충청북도,청주시,실험군,0.2975024098188065,29.750240981880648,38.054638276390776,50.0,50.0,100.0,50.0,44.93,D,-0.16389,,,,0,0.0,0,0,,,주문·리뷰 변동성이 낮아 안정성이 높음,,
ba_13233735,2025-09,본죽 대구감삼드림시티점,본그룹,백반·죽·국수,대구광역시,달서구,실험군,0.4519441645430723,45.19441645430723,30.408758095678763,32.748526315789476,50.0,90.76993730354366,50.0,44.91,D,-0.508761,0.444444,,,26,469600.0,0,0,,,브랜드·카테고리 평균 대비 성장 신호가 약함,주문·리뷰 변동성이 낮아 안정성이 높음,
ba_14809938,2025-09,굽네치킨&피자 도곡스타점,굽네치킨,치킨,서울특별시,강남구,실험군,0.2805222516502555,28.05222516502555,38.00094190355083,50.0,50.0,100.0,50.0,44.89,D,-0.166312,,,,0,0.0,0,1,42203.05,,주문·리뷰 변동성이 낮아 안정성이 높음,,
ba_12018493,2025-09,굽네치킨&피자 부산덕천점,굽네치킨,피자,부산광역시,북구,실험군,0.2957815741295613,29.57815741295613,38.054638276390776,50.0,50.0,100.0,50.0,44.87,D,-0.16389,,,,0,0.0,0,0,,,주문·리뷰 변동성이 낮아 안정성이 높음,,
ba_14690774,2025-09,본죽&비빔밥 진주신안점,본그룹,백반·죽·국수,경상남도,진주시,실험군,0.8662247118656089,86.62247118656089,16.21748516407684,23.786736842105267,17.5,42.9055039069151,50.0,44.86,D,-1.148865,0.103896,0.0,,475,10570600.0,23,0,,,브랜드·카테고리 평균 대비 성장 신호가 약함,월 리뷰 수가 전체 매장 상위권에 속함,
ba_13969928,2025-09,굽네피자 거제고현점,굽네치킨,피자,경상남도,거제시,실험군,0.2953352340714415,29.533523407144152,38.054638276390776,50.0,50.0,100.0,50.0,44.85,D,-0.16389,,,,0,0.0,0,0,,,주문·리뷰 변동성이 낮아 안정성이 높음,,
ba_13163192,2025-09,굽네치킨&피자 봉곡사림점,굽네치킨,피자,경상남도,창원시,실험군,0.2921257172962451,29.21257172962451,38.054638276390776,50.0,50.0,100.0,50.0,44.74,D,-0.16389,,,,0,0.0,0,0,,,주문·리뷰 변동성이 낮아 안정성이 높음,,
ba_14688499,2025-09,본죽 수원화서점,본그룹,백반·죽·국수,경기도,수원시,실험군,0.6471278511801759,64.71278511801759,31.195048582524947,12.955473684210528,17.5,97.10266159149154,50.0,44.73,D,-0.473295,-0.307692,0.0,,71,1742400.0,2,0,,,브랜드·카테고리 평균 대비 성장 신호가 약함,주문·리뷰 변동성이 낮아 안정성이 높음,
ba_13231195,2025-09,본죽&비빔밥 수원광교역점,본그룹,백반·죽·국수,경기도,수원시,실험군,0.4094391905386417,40.94391905386417,21.79805031396693,50.0,50.0,99.4419352696093,50.0,44.72,D,-0.897151,,,,9,210000.0,0,0,,,브랜드·카테고리 평균 대비 성장 신호가 약함,주문·리뷰 변동성이 낮아 안정성이 높음,
ba_13969807,2025-09,굽네피자 경남사천점,굽네치킨,피자,경상남도,사천시,실험군,0.2909131825950319,29.09131825950319,38.054638276390776,50.0,50.0,100.0,50.0,44.7,D,-0.16389,,,,0,0.0,0,0,,,주문·리뷰 변동성이 낮아 안정성이 높음,,
ba_14274576,2025-09,굽네치킨&피자 갈현점,굽네치킨,치킨,서울특별시,은평구,실험군,0.2736049928034417,27.36049928034417,38.00094190355083,50.0,50.0,100.0,50.0,44.67,D,-0.166312,,,,0,0.0,0,1,27073.9,,주문·리뷰 변동성이 낮아 안정성이 높음,,
ba_13232348,2025-09,본죽&비빔밥 광주선운지구점,본그룹,백반·죽·국수,광주광역시,광산구,실험군,0.3991661441115498,39.91661441115498,68.6165208242216,12.280710526315792,17.5,90.69442581224001,50.0,44.66,D,1.214618,-0.333333,0.0,,77,1831700.0,1,0,,,주문·리뷰 변동성이 낮아 안정성이 높음,,
ba_14283482,2025-09,본죽&비빔밥 목동역점,본그룹,백반·죽·국수,서울특별시,양천구,실험군,0.5051849393434144,50.518493934341436,38.97403901201113,24.812026315789478,50.0,93.9916798192344,13.74423480083857,44.62,D,-0.12242,0.142857,,,25,513700.0,0,1,28984.02,0.7089,서울 동일 자치구·유사업종 상권 대비 객단가 포지션이 약함,주문·리뷰 변동성이 낮아 안정성이 높음,
ba_12019541,2025-09,굽네피자 양산석산점,굽네치킨,피자,경상남도,양산시,실험군,0.2886855295317195,28.86855295317195,38.054638276390776,50.0,50.0,100.0,50.0,44.62,D,-0.16389,,,,0,0.0,0,0,,,주문·리뷰 변동성이 낮아 안정성이 높음,,
ba_14171093,2025-09,굽네피자 양산물금점,굽네치킨,피자,경상남도,양산시,실험군,0.2872464380913332,28.724643809133322,38.054638276390776,50.0,50.0,100.0,50.0,44.57,D,-0.16389,,,,0,0.0,0,0,,,주문·리뷰 변동성이 낮아 안정성이 높음,,
ba_14353161,2025-09,굽네피자 구월점,굽네치킨,피자,인천광역시,남동구,실험군,0.2849759729660078,28.49759729660078,38.054638276390776,50.0,50.0,100.0,50.0,44.49,D,-0.16389,,,,0,0.0,0,0,,,주문·리뷰 변동성이 낮아 안정성이 높음,,
ba_14352664,2025-09,굽네피자 간석점,굽네치킨,피자,인천광역시,남동구,실험군,0.2849786558111249,28.497865581112492,38.054638276390776,50.0,50.0,100.0,50.0,44.49,D,-0.16389,,,,0,0.0,0,0,,,주문·리뷰 변동성이 낮아 안정성이 높음,,
ba_14687307,2025-09,본죽&비빔밥 봉천현대시장점,본그룹,백반·죽·국수,서울특별시,관악구,실험군,0.5007803220055431,50.07803220055431,48.03469224656635,37.79905263157895,17.5,91.82684740063351,21.735849056603772,44.49,D,0.286265,0.636364,0.0,,139,3151000.0,1,1,28186.93,0.8042,서울 동일 자치구·유사업종 상권 대비 객단가 포지션이 약함,주문·리뷰 변동성이 낮아 안정성이 높음,
ba_14171081,2025-09,굽네피자 김해진영점,굽네치킨,피자,경상남도,김해시,실험군,0.2843429644051112,28.43429644051112,38.054638276390776,50.0,50.0,100.0,50.0,44.47,D,-0.16389,,,,0,0.0,0,0,,,주문·리뷰 변동성이 낮아 안정성이 높음,,
ba_14294476,2025-09,굽네피자 하늘도시1호점,굽네치킨,피자,인천광역시,중구,실험군,0.284251334722099,28.4251334722099,38.054638276390776,50.0,50.0,100.0,50.0,44.46,D,-0.16389,,,,0,0.0,0,0,,,주문·리뷰 변동성이 낮아 안정성이 높음,,
ba_14637964,2025-09,굽네피자 영덕영해점,굽네치킨,피자,경상북도,영덕군,실험군,0.284091958022908,28.4091958022908,38.054638276390776,50.0,50.0,100.0,50.0,44.46,D,-0.16389,,,,0,0.0,0,0,,,주문·리뷰 변동성이 낮아 안정성이 높음,,
ba_13097221,2025-09,굽네치킨&피자 하늘도시1호점,굽네치킨,피자,인천광역시,중구,실험군,0.2839934046542461,28.39934046542461,38.054638276390776,50.0,50.0,100.0,50.0,44.45,D,-0.16389,,,,0,0.0,0,0,,,주문·리뷰 변동성이 낮아 안정성이 높음,,
ba_14165975,2025-09,굽네피자 송도신도시점,굽네치킨,피자,인천광역시,연수구,실험군,0.2832399633742447,28.323996337424468,38.054638276390776,50.0,50.0,100.0,50.0,44.43,D,-0.16389,,,,0,0.0,0,0,,,주문·리뷰 변동성이 낮아 안정성이 높음,,
ba_14691072,2025-09,본죽&비빔밥 대구신서혁신지구점,본그룹,백반·죽·국수,대구광역시,동구,실험군,0.4630535820712005,46.30535820712005,38.76053939580607,10.526315789473685,50.0,94.03748364188819,50.0,44.38,D,-0.13205,-0.4,,,95,2292700.0,0,0,,,주문·리뷰 변동성이 낮아 안정성이 높음,,
ba_14691206,2025-09,굽네피자 강화선원점,굽네치킨,피자,인천광역시,강화군,실험군,0.2819248125232931,28.19248125232931,38.054638276390776,50.0,50.0,100.0,50.0,44.38,D,-0.16389,,,,0,0.0,0,0,,,주문·리뷰 변동성이 낮아 안정성이 높음,,
ba_14600398,2025-09,굽네피자 여좌중앙점,굽네치킨,피자,경상남도,창원시,실험군,0.2813821661946897,28.13821661946897,38.054638276390776,50.0,50.0,100.0,50.0,44.36,D,-0.16389,,,,0,0.0,0,0,,,주문·리뷰 변동성이 낮아 안정성이 높음,,
ba_10501929,2025-09,굽네치킨 포항양덕점,굽네치킨,치킨,경상북도,포항시,실험군,0.7488215217419232,74.88215217419231,29.939724047866267,30.71965789473684,17.5,33.34067822039598,50.0,44.26,D,-0.529917,0.367347,0.0,,1021,29871600.0,20,0,,,브랜드·카테고리 평균 대비 성장 신호가 약함,월 리뷰 수가 전체 매장 상위권에 속함,
ba_14669108,2025-09,굽네피자 의정부용현점,굽네치킨,피자,경기도,의정부시,실험군,0.3221637472678219,32.216374726782185,41.221815293234684,39.84963157894737,50.0,92.01784178562568,50.0,44.26,D,-0.021033,0.714286,,,14,437300.0,0,0,,,주문·리뷰 변동성이 낮아 안정성이 높음,,
ba_13084303,2025-09,굽네치킨&피자 양산물금점,굽네치킨,피자,경상남도,양산시,실험군,0.2769777248752154,27.697772487521537,38.054638276390776,50.0,50.0,100.0,50.0,44.21,D,-0.16389,,,,0,0.0,0,0,,,주문·리뷰 변동성이 낮아 안정성이 높음,,
ba_14766646,2025-09,본죽&비빔밥 대전한남대점,본그룹,백반·죽·국수,대전광역시,동구,실험군,0.5057288929117952,50.57288929117952,1.1654740082230637,50.0,65.0,89.62219654679659,50.0,44.2,D,-1.827793,,1.0,1929.0,0,0.0,11,0,,,브랜드·카테고리 평균 대비 성장 신호가 약함,리뷰 답글률이 높아 고객 대응 신호가 좋음,주문·리뷰 변동성이 낮아 안정성이 높음
ba_14692346,2025-09,본죽&비빔밥 보령동대점,본그룹,백반·죽·국수,충청남도,보령시,통제군,0.9192665365586086,91.92665365586086,1.0546227017822227,20.394736842105267,26.438710604821736,47.02625219803407,50.0,44.17,D,-1.832793,-0.025,0.0769,481.16,607,13435600.0,13,0,,,브랜드·카테고리 평균 대비 성장 신호가 약함,,
ba_14673508,2025-09,본죽&비빔밥 고덕래미안점,본그룹,백반·죽·국수,서울특별시,강동구,실험군,0.4820302661773264,48.20302661773264,42.04619428897395,7.894736842105264,50.0,98.12195284132423,28.05870020964361,44.1,D,0.016151,-0.5,,,19,474900.0,0,1,28416.11,0.8796,서울 동일 자치구·유사업종 상권 대비 객단가 포지션이 약함,주문·리뷰 변동성이 낮아 안정성이 높음,
ba_14688233,2025-09,본죽&비빔밥 수원오목천점,본그룹,백반·죽·국수,경기도,수원시,실험군,0.6825067461315268,68.25067461315268,7.262295862469446,57.23684210526315,17.5,71.53436246379165,50.0,44.07,D,-1.552793,1.375,0.0,,270,6862500.0,11,0,,,브랜드·카테고리 평균 대비 성장 신호가 약함,주문·리뷰 변동성이 낮아 안정성이 높음,
ba_13219045,2025-09,본죽 구리인창아름마을점,본그룹,백반·죽·국수,경기도,구리시,실험군,0.4807892206690202,48.07892206690202,38.72907979503816,1.315789473684212,50.0,98.52394988075298,50.0,44.06,D,-0.133469,-0.75,,,37,656200.0,0,0,,,주문·리뷰 변동성이 낮아 안정성이 높음,,
ba_14692146,2025-09,본죽&비빔밥 부산재송점,본그룹,백반·죽·국수,부산광역시,해운대구,실험군,0.8763842709596892,87.63842709596892,1.9968588065293909,25.986842105263158,17.5,63.50817412997715,50.0,44.05,D,-1.790293,0.1875,0.0,,455,11248200.0,15,0,,,브랜드·카테고리 평균 대비 성장 신호가 약함,월 리뷰 수가 전체 매장 상위권에 속함,
ba_12020571,2025-09,굽네피자 수색증산점,굽네치킨,피자,서울특별시,은평구,실험군,0.2513114870046479,25.131148700464788,38.054638276390776,50.0,50.0,100.0,50.0,43.98,D,-0.16389,,,,0,0.0,0,1,14889.29,,주문·리뷰 변동성이 낮아 안정성이 높음,,
ba_14694671,2025-09,본죽&비빔밥 범계로데오점,본그룹,백반·죽·국수,경기도,안양시,실험군,0.5121144931124979,51.211449311249794,33.274375218481,10.08771052631579,50.0,87.07337293298383,50.0,43.96,D,-0.379506,-0.416667,,,107,2780400.0,0,0,,,브랜드·카테고리 평균 대비 성장 신호가 약함,주문·리뷰 변동성이 낮아 안정성이 높음,
ba_13229975,2025-09,본죽 구성언남점,본그룹,백반·죽·국수,경기도,용인시,실험군,0.4313944186242436,43.13944186242436,35.1411112189448,50.0,17.5,98.16684335674147,50.0,43.83,D,-0.295306,,0.0,,18,369100.0,1,0,,,주문·리뷰 변동성이 낮아 안정성이 높음,,
ba_13111670,2025-09,굽네치킨&피자 주안3호점,굽네치킨,피자,인천광역시,미추홀구,실험군,0.2642636314058681,26.426363140586812,38.054638276390776,50.0,50.0,100.0,50.0,43.76,D,-0.16389,,,,0,0.0,0,0,,,주문·리뷰 변동성이 낮아 안정성이 높음,,
ba_14189792,2025-09,굽네피자 부산우동점,굽네치킨,피자,부산광역시,해운대구,실험군,0.306667990335825,30.6667990335825,32.780443967241894,50.0,50.0,98.14143775678552,50.0,43.74,D,-0.401785,,,,8,244500.0,0,0,,,브랜드·카테고리 평균 대비 성장 신호가 약함,주문·리뷰 변동성이 낮아 안정성이 높음,
ba_14675307,2025-09,굽네치킨 운남점,굽네치킨,치킨,인천광역시,중구,실험군,0.6098982954356345,60.989829543563445,24.319584981576796,19.667578947368423,52.92754733818906,53.72653442714596,50.0,43.69,D,-0.783416,-0.052632,0.3333,153.02,240,7203700.0,3,0,,,브랜드·카테고리 평균 대비 성장 신호가 약함,,
ba_14440526,2025-09,굽네치킨 서산동문점,굽네치킨,치킨,충청남도,서산시,실험군,0.3681744820060239,36.817448200602385,43.70186940197439,54.8872105263158,17.5,89.99781311773197,50.0,43.67,D,0.090831,1.285714,0.0,,0,0.0,4,0,,,주문·리뷰 변동성이 낮아 안정성이 높음,,
ba_14744706,2025-09,본죽&비빔밥 세종시청점,본그룹,백반·죽·국수,세종특별자치시,한누리대로,실험군,0.6389762480254721,63.89762480254721,33.96941290986509,17.293236842105266,17.5,75.92738176693379,50.0,43.67,D,-0.348156,-0.142857,0.0,,266,6751600.0,2,0,,,브랜드·카테고리 평균 대비 성장 신호가 약함,주문·리뷰 변동성이 낮아 안정성이 높음,
ba_10019807,2025-09,굽네치킨 부산덕천점,굽네치킨,치킨,부산광역시,북구,실험군,0.6597985597038579,65.9798559703858,37.77777605342413,36.00478947368421,17.5,30.983235685611376,50.0,43.66,D,-0.176378,0.568182,0.0,,761,20889000.0,22,0,,,월 리뷰 수가 전체 매장 상위권에 속함,,
ba_14650120,2025-09,굽네치킨&피자 벌교읍점,굽네치킨,치킨,전라남도,보성군,실험군,0.2607194599113374,26.071945991133738,38.00094190355083,50.0,50.0,100.0,50.0,43.63,D,-0.166312,,,,0,0.0,0,0,,,주문·리뷰 변동성이 낮아 안정성이 높음,,
ba_14698239,2025-09,본죽&비빔밥 의왕고천점,본그룹,백반·죽·국수,경기도,의왕시,실험군,0.5374085122820994,53.74085122820994,2.8282436048357127,30.92105263157895,65.0,97.24613861291115,50.0,43.63,D,-1.752793,0.375,1.0,1345.0,9,276200.0,3,0,,,브랜드·카테고리 평균 대비 성장 신호가 약함,리뷰 답글률이 높아 고객 대응 신호가 좋음,주문·리뷰 변동성이 낮아 안정성이 높음
ba_14250329,2025-09,굽네피자 인창점,굽네치킨,피자,경기도,구리시,실험군,0.3615351429628211,36.15351429628211,24.120074800244563,50.0,50.0,99.11251348987636,50.0,43.6,D,-0.792415,,,,6,176000.0,0,0,,,브랜드·카테고리 평균 대비 성장 신호가 약함,주문·리뷰 변동성이 낮아 안정성이 높음,
ba_14390509,2025-09,굽네치킨 원주혁신점,굽네치킨,치킨,강원특별자치도,원주시,실험군,0.2566942661678983,25.66942661678983,38.00094190355083,50.0,50.0,100.0,50.0,43.48,D,-0.166312,,,,0,0.0,0,0,,,주문·리뷰 변동성이 낮아 안정성이 높음,,
ba_14692460,2025-09,본죽 안양샘병원점,본그룹,백반·죽·국수,경기도,안양시,실험군,0.6990090703715448,69.90090703715448,26.539138520180515,4.605263157894738,17.5,90.17800830999084,50.0,43.43,D,-0.683302,-0.625,0.0,,216,5217100.0,5,0,,,브랜드·카테고리 평균 대비 성장 신호가 약함,주문·리뷰 변동성이 낮아 안정성이 높음,
ba_14597164,2025-09,굽네치킨&피자 역삼2동점,굽네치킨,치킨,서울특별시,강남구,실험군,0.8263300083641199,82.63300083641198,28.74062329583437,27.48092105263158,30.988177281295645,24.871881822552876,7.74004192872117,43.4,D,-0.584003,0.244275,0.0455,261.0,884,23777700.0,44,1,42203.05,0.6373,브랜드·카테고리 평균 대비 성장 신호가 약함,월 리뷰 수가 전체 매장 상위권에 속함,서울 동일 자치구·유사업종 상권 대비 객단가 포지션이 약함
ba_14689999,2025-09,본죽&비빔밥 인천승기사거리점,본그룹,백반·죽·국수,인천광역시,미추홀구,실험군,0.7045798036508522,70.45798036508522,0.0,12.593973684210527,53.36941543135329,88.18899269520415,50.0,43.37,D,-1.892079,-0.321429,0.4,283.09,94,2433900.0,5,0,,,브랜드·카테고리 평균 대비 성장 신호가 약함,주문·리뷰 변동성이 낮아 안정성이 높음,
ba_13232134,2025-09,본죽&비빔밥 광주운남점,본그룹,백반·죽·국수,광주광역시,광산구,실험군,0.3834405716403237,38.34405716403237,49.82762344720184,1.315789473684212,50.0,97.3885801332346,50.0,43.31,D,0.367136,-0.75,,,37,842400.0,0,0,,,주문·리뷰 변동성이 낮아 안정성이 높음,,
ba_14687304,2025-09,본죽&비빔밥 관악우체국점,본그룹,백반·죽·국수,서울특별시,관악구,실험군,0.492477610886866,49.247761088686595,1.1654740082230637,50.0,50.0,100.0,50.0,43.28,D,-1.827793,,,,0,0.0,0,1,28186.93,,브랜드·카테고리 평균 대비 성장 신호가 약함,주문·리뷰 변동성이 낮아 안정성이 높음,
ba_13223885,2025-09,본죽&비빔밥 관악우체국점,본그룹,백반·죽·국수,서울특별시,관악구,실험군,0.492477610886866,49.247761088686595,1.1654740082230637,50.0,50.0,100.0,50.0,43.28,D,-1.827793,,,,0,0.0,0,1,28186.93,,브랜드·카테고리 평균 대비 성장 신호가 약함,주문·리뷰 변동성이 낮아 안정성이 높음,
ba_14701137,2025-09,본죽&비빔밥 남양주호평점,본그룹,백반·죽·국수,경기도,남양주시,실험군,0.95440076176003,95.440076176003,0.3875638801438011,16.435815789473686,17.5,46.8313880600437,50.0,43.27,D,-1.862881,-0.175439,0.0,,670,17278300.0,16,0,,,브랜드·카테고리 평균 대비 성장 신호가 약함,월 리뷰 수가 전체 매장 상위권에 속함,
ba_14689591,2025-09,본죽&비빔밥 평택서정리역점,본그룹,백반·죽·국수,경기도,평택시,실험군,0.4932134097433883,49.32134097433883,28.98513910758159,12.280710526315792,50.0,93.60126023339171,50.0,43.21,D,-0.572974,-0.333333,,,85,2087900.0,0,0,,,브랜드·카테고리 평균 대비 성장 신호가 약함,주문·리뷰 변동성이 낮아 안정성이 높음,
ba_13233027,2025-09,본죽&비빔밥 고척근린공원점,본그룹,백반·죽·국수,서울특별시,구로구,실험군,0.4900015328453187,49.00015328453187,1.1654740082230637,50.0,50.0,100.0,50.0,43.2,D,-1.827793,,,,0,0.0,0,1,30692.93,,브랜드·카테고리 평균 대비 성장 신호가 약함,주문·리뷰 변동성이 낮아 안정성이 높음,
ba_14687334,2025-09,본죽&비빔밥 고척근린공원점,본그룹,백반·죽·국수,서울특별시,구로구,실험군,0.4900015328453187,49.00015328453187,1.1654740082230637,50.0,50.0,100.0,50.0,43.2,D,-1.827793,,,,0,0.0,0,1,30692.93,,브랜드·카테고리 평균 대비 성장 신호가 약함,주문·리뷰 변동성이 낮아 안정성이 높음,
ba_14792754,2025-09,굽네치킨 보라점,굽네치킨,치킨,경기도,용인시,실험군,0.2463860468581026,24.638604685810257,38.00094190355083,50.0,50.0,100.0,50.0,43.12,D,-0.166312,,,,0,0.0,0,0,,,주문·리뷰 변동성이 낮아 안정성이 높음,,
ba_14687136,2025-09,본죽 서울백병원점,본그룹,백반·죽·국수,서울특별시,중구,실험군,0.4678015173674412,46.780151736744116,77.2574466720692,3.508763157894738,17.5,90.55166399614114,0.0,43.1,D,1.604371,-0.666667,0.0,,116,2073900.0,2,1,40727.52,0.439,브랜드·카테고리 평균 대비 초과 성장 신호가 강함,서울 동일 자치구·유사업종 상권 대비 객단가 포지션이 약함,주문·리뷰 변동성이 낮아 안정성이 높음
ba_14271330,2025-09,굽네치킨 일광신도시점,굽네치킨,치킨,부산광역시,기장군,실험군,0.7328992466670965,73.28992466670965,29.81268845068506,28.137657894736844,17.5,30.983235685611376,50.0,43.05,D,-0.535647,0.269231,0.0,,934,26625200.0,19,0,,,브랜드·카테고리 평균 대비 성장 신호가 약함,월 리뷰 수가 전체 매장 상위권에 속함,
ba_14689802,2025-09,본죽&비빔밥 한성대입구점,본그룹,백반·죽·국수,서울특별시,성북구,실험군,0.484469349438946,48.4469349438946,1.1654740082230637,50.0,50.0,100.0,50.0,43.02,D,-1.827793,,,,0,0.0,0,1,30551.71,,브랜드·카테고리 평균 대비 성장 신호가 약함,주문·리뷰 변동성이 낮아 안정성이 높음,
ba_13235508,2025-09,본죽&비빔밥 의정부녹양점,본그룹,백반·죽·국수,경기도,의정부시,실험군,0.3854891827441572,38.54891827441572,48.12412708060282,0.0,50.0,99.76708331034934,50.0,43.0,D,0.290299,-1.0,,,12,305200.0,0,0,,,주문·리뷰 변동성이 낮아 안정성이 높음,,
ba_13236745,2025-09,본죽&비빔밥 김해장유코아점,본그룹,백반·죽·국수,경상남도,김해시,실험군,0.4483612463633135,44.83612463633135,53.638913065250904,12.280710526315792,17.5,93.77994459700638,50.0,42.95,D,0.539046,-0.333333,0.0,,131,2341100.0,1,0,,,주문·리뷰 변동성이 낮아 안정성이 높음,,
ba_13189796,2025-09,본죽&비빔밥 아산탕정점,본그룹,백반·죽·국수,충청남도,아산시,실험군,0.433632830156587,43.3632830156587,61.50248304155146,2.8340000000000005,17.5,92.72520574836824,50.0,42.88,D,0.893736,-0.692308,0.0,,73,1461500.0,1,0,,,주문·리뷰 변동성이 낮아 안정성이 높음,,
ba_14692164,2025-09,본죽 세종고운점,본그룹,백반·죽·국수,세종특별자치시,마음로,실험군,0.5119566473525947,51.19566473525947,43.107307334748285,12.955473684210528,17.5,94.5184211669864,50.0,42.72,D,0.064013,-0.307692,0.0,,135,3445400.0,3,0,,,주문·리뷰 변동성이 낮아 안정성이 높음,,
ba_14810163,2025-09,굽네피자 서현역점,굽네치킨,피자,경기도,성남시,실험군,0.2291494752764246,22.91494752764246,38.054638276390776,50.0,50.0,100.0,50.0,42.53,D,-0.16389,,,,0,0.0,0,0,,,주문·리뷰 변동성이 낮아 안정성이 높음,,
ba_14560963,2025-09,굽네피자 다산가운지금점,굽네치킨,피자,경기도,남양주시,실험군,0.2975647618413753,29.756476184137533,28.854245884936237,50.0,50.0,98.88477100686077,50.0,42.52,D,-0.578878,,,,14,454400.0,0,0,,,브랜드·카테고리 평균 대비 성장 신호가 약함,주문·리뷰 변동성이 낮아 안정성이 높음,
ba_13580972,2025-09,굽네치킨&피자 신수점,굽네치킨,치킨,서울특별시,마포구,실험군,0.3539203695515751,35.39203695515751,37.50827435720515,18.128657894736847,94.59148275236828,58.3695831724453,24.360587002096437,42.49,D,-0.188534,-0.111111,1.0,208.86,21,571100.0,1,1,32548.97,0.8355,답글률과 응답속도 기준 운영 대응력이 우수함,서울 동일 자치구·유사업종 상권 대비 객단가 포지션이 약함,
ba_14599961,2025-09,굽네치킨 파주헤이리점,굽네치킨,치킨,경기도,파주시,실험군,0.6049604244651983,60.49604244651982,29.773624450295305,8.200736842105265,48.0655215497039,53.53269467474439,50.0,42.41,D,-0.537409,-0.488372,0.3333,315.44,310,11384400.0,6,0,,,브랜드·카테고리 평균 대비 성장 신호가 약함,,
ba_10665884,2025-09,굽네치킨 부산청학점,굽네치킨,치킨,부산광역시,영도구,실험군,0.2238062737976774,22.38062737976774,38.00094190355083,50.0,50.0,100.0,50.0,42.33,D,-0.166312,,,,0,0.0,0,0,,,주문·리뷰 변동성이 낮아 안정성이 높음,,
ba_14766647,2025-09,본죽&비빔밥 대전한남대점,본그룹,백반·죽·국수,대전광역시,동구,실험군,0.5034981631563695,50.34981631563695,1.1654740082230637,50.0,65.0,70.99088256962344,50.0,42.26,D,-1.827793,,1.0,1885.8,0,0.0,30,0,,,브랜드·카테고리 평균 대비 성장 신호가 약함,월 리뷰 수가 전체 매장 상위권에 속함,리뷰 답글률이 높아 고객 대응 신호가 좋음
ba_14495787,2025-09,굽네치킨 김해율하점,굽네치킨,치킨,경상남도,김해시,실험군,0.2213328626704523,22.13328626704523,38.00094190355083,50.0,50.0,100.0,50.0,42.25,D,-0.166312,,,,0,0.0,0,0,,,주문·리뷰 변동성이 낮아 안정성이 높음,,
ba_14692042,2025-09,굽네치킨 강화선원점,굽네치킨,치킨,인천광역시,강화군,실험군,0.218201930343574,21.8201930343574,38.00094190355083,50.0,50.0,100.0,50.0,42.14,D,-0.166312,,,,0,0.0,0,0,,,주문·리뷰 변동성이 낮아 안정성이 높음,,
ba_14689837,2025-09,본죽&비빔밥 동탄역점,본그룹,백반·죽·국수,경기도,화성시,통제군,0.3700941496983514,37.00941496983514,12.250604652307398,86.8421052631579,27.08927099120426,89.71845068516409,50.0,42.08,D,-1.327793,2.5,0.4,1161.0,18,448100.0,5,0,,,브랜드·카테고리 평균 대비 성장 신호가 약함,최근 리뷰 성장 흐름이 우수함,주문·리뷰 변동성이 낮아 안정성이 높음
ba_13233742,2025-09,본죽&비빔밥 내당삼익뉴타운점,본그룹,백반·죽·국수,대구광역시,서구,실험군,0.4611298198600564,46.11298198600564,28.220508966013934,13.533842105263158,50.0,93.27491844385985,50.0,42.05,D,-0.607463,-0.285714,,,40,685800.0,0,0,,,브랜드·카테고리 평균 대비 성장 신호가 약함,주문·리뷰 변동성이 낮아 안정성이 높음,
ba_14855560,2025-09,굽네치킨 양산서창점,굽네치킨,치킨,경상남도,양산시,실험군,0.2151925463163677,21.51925463163677,38.00094190355083,50.0,50.0,100.0,50.0,42.03,D,-0.166312,,,,0,0.0,0,0,,,주문·리뷰 변동성이 낮아 안정성이 높음,,
ba_14488212,2025-09,굽네피자 풍동점,굽네치킨,피자,경기도,고양시,실험군,0.2641110893295074,26.41110893295074,33.54899824505755,47.36842105263158,50.0,97.80496021759006,50.0,42.02,D,-0.367119,1.0,,,4,177000.0,0,0,,,브랜드·카테고리 평균 대비 성장 신호가 약함,주문·리뷰 변동성이 낮아 안정성이 높음,
ba_14743731,2025-09,본죽&비빔밥 인천오류왕길점,본그룹,백반·죽·국수,인천광역시,서구,실험군,0.3047368785671123,30.47368785671123,55.680904981197685,0.0,50.0,98.2183738519889,50.0,41.91,D,0.631151,-0.857143,,,9,253000.0,0,0,,,주문·리뷰 변동성이 낮아 안정성이 높음,,
ba_13230903,2025-09,본죽 시흥시화병원점,본그룹,백반·죽·국수,경기도,시흥시,실험군,0.420724089522744,42.0724089522744,57.271244334181894,4.432131578947369,17.5,95.69685262746412,50.0,41.9,D,0.702884,-0.631579,0.0,,43,1019000.0,1,0,,,주문·리뷰 변동성이 낮아 안정성이 높음,,
ba_14185617,2025-09,굽네피자 영주휴천점,굽네치킨,피자,경상북도,영주시,실험군,0.2409222601683153,24.092226016831532,34.01725633372496,50.0,50.0,97.07959007054168,50.0,41.64,D,-0.345998,,,,25,951300.0,0,0,,,브랜드·카테고리 평균 대비 성장 신호가 약함,주문·리뷰 변동성이 낮아 안정성이 높음,
ba_10571616,2025-09,굽네치킨 답십리1동점,굽네치킨,치킨,서울특별시,동대문구,실험군,0.6002253758927711,60.022537589277114,23.963153690846905,41.82826315789474,64.688,0.0,28.863731656184484,41.56,D,-0.799493,0.789474,0.9952,2002.9,61,1601900.0,209,1,29531.76,0.8892,브랜드·카테고리 평균 대비 성장 신호가 약함,월 리뷰 수가 전체 매장 상위권에 속함,리뷰 답글률이 높아 고객 대응 신호가 좋음
ba_14253619,2025-09,본죽&비빔밥 문래힐스테이트점,본그룹,백반·죽·국수,서울특별시,영등포구,실험군,0.4721254905242828,47.21254905242828,34.76386205286532,21.05263157894737,50.0,98.67091877356825,3.8155136268343806,41.55,D,-0.312322,0.0,,,21,475000.0,0,1,38305.65,0.5905,브랜드·카테고리 평균 대비 성장 신호가 약함,서울 동일 자치구·유사업종 상권 대비 객단가 포지션이 약함,주문·리뷰 변동성이 낮아 안정성이 높음
ba_14171092,2025-09,굽네피자 광주용봉점,굽네치킨,피자,광주광역시,북구,실험군,0.1979468384351625,19.79468384351625,38.054638276390776,50.0,50.0,100.0,50.0,41.44,D,-0.16389,,,,0,0.0,0,0,,,주문·리뷰 변동성이 낮아 안정성이 높음,,
ba_13972819,2025-09,굽네피자 영통2동점,굽네치킨,피자,경기도,수원시,실험군,0.3230588658742449,32.305886587424496,20.318429245855842,50.0,50.0,100.0,50.0,41.39,D,-0.96389,,,,0,0.0,0,0,,,브랜드·카테고리 평균 대비 성장 신호가 약함,주문·리뷰 변동성이 낮아 안정성이 높음,
ba_14687859,2025-09,본죽&비빔밥 제기동역점,본그룹,백반·죽·국수,서울특별시,동대문구,실험군,0.4284706074280496,42.84706074280496,1.1654740082230637,50.0,50.0,100.0,50.0,41.26,D,-1.827793,,,,0,0.0,0,1,27985.41,,브랜드·카테고리 평균 대비 성장 신호가 약함,주문·리뷰 변동성이 낮아 안정성이 높음,
ba_13970104,2025-09,굽네피자 대구혁신점,굽네치킨,피자,대구광역시,동구,실험군,0.2438528813182814,24.38528813182814,30.896082609053998,50.0,50.0,98.21025835611538,50.0,41.08,D,-0.48678,,,,9,360200.0,0,0,,,브랜드·카테고리 평균 대비 성장 신호가 약함,주문·리뷰 변동성이 낮아 안정성이 높음,
ba_13972425,2025-09,굽네피자 광주문흥점,굽네치킨,피자,광주광역시,북구,실험군,0.1871111772037806,18.71111772037806,38.054638276390776,50.0,50.0,100.0,50.0,41.06,D,-0.16389,,,,0,0.0,0,0,,,주문·리뷰 변동성이 낮아 안정성이 높음,,
ba_14270407,2025-09,본죽&비빔밥 벡스코역점,본그룹,백반·죽·국수,부산광역시,해운대구,실험군,0.4187827430452586,41.87827430452586,34.45409916214704,6.432736842105263,50.0,93.02893694471067,50.0,41.04,D,-0.326294,-0.555556,,,34,643500.0,0,0,,,브랜드·카테고리 평균 대비 성장 신호가 약함,주문·리뷰 변동성이 낮아 안정성이 높음,
ba_13870012,2025-09,본죽&비빔밥 시흥장곡점,본그룹,백반·죽·국수,경기도,시흥시,실험군,0.492508202105671,49.2508202105671,26.404365501809735,35.672526315789476,17.5,91.76087413417468,50.0,40.99,D,-0.689381,0.555556,0.0,,131,2488200.0,1,0,,,브랜드·카테고리 평균 대비 성장 신호가 약함,주문·리뷰 변동성이 낮아 안정성이 높음,
ba_13226567,2025-09,본죽 신정점,본그룹,백반·죽·국수,서울특별시,양천구,실험군,0.4161412610158903,41.61412610158903,1.1654740082230637,50.0,50.0,100.0,50.0,40.87,D,-1.827793,,,,0,0.0,0,1,28984.02,,브랜드·카테고리 평균 대비 성장 신호가 약함,주문·리뷰 변동성이 낮아 안정성이 높음,
ba_13313909,2025-09,굽네치킨 논현고잔1호점,굽네치킨,치킨,인천광역시,남동구,실험군,0.6419751369462509,64.19751369462509,29.403425427305464,39.02439473684211,15.707708509379023,27.669332091178962,50.0,40.8,D,-0.554107,0.682927,0.037,753.0,730,22350800.0,27,0,,,브랜드·카테고리 평균 대비 성장 신호가 약함,월 리뷰 수가 전체 매장 상위권에 속함,
ba_13233767,2025-09,본죽&비빔밥 세종정부청사점,본그룹,백반·죽·국수,세종특별자치시,절재로,실험군,0.3578127991498058,35.78127991498058,26.94789162755048,29.82455263157895,50.0,95.67059335428118,50.0,40.8,D,-0.664865,0.333333,,,27,842500.0,0,0,,,브랜드·카테고리 평균 대비 성장 신호가 약함,주문·리뷰 변동성이 낮아 안정성이 높음,
ba_14794083,2025-09,본죽&비빔밥 부산광안역점,본그룹,백반·죽·국수,부산광역시,수영구,통제군,0.3719442547894526,37.194425478945256,1.1654740082230637,50.0,69.8251459967636,95.0847200979201,50.0,40.79,D,-1.827793,,1.0,1036.2,6,108500.0,5,0,,,브랜드·카테고리 평균 대비 성장 신호가 약함,리뷰 답글률이 높아 고객 대응 신호가 좋음,주문·리뷰 변동성이 낮아 안정성이 높음
ba_14687323,2025-09,본죽&비빔밥 관악구청점,본그룹,백반·죽·국수,서울특별시,관악구,실험군,0.5018350158745432,50.183501587454316,42.50210354210386,22.248815789473685,17.5,95.32158674705644,14.641509433962263,40.78,D,0.036715,0.045455,0.0,,117,2373100.0,7,1,28186.93,0.7196,서울 동일 자치구·유사업종 상권 대비 객단가 포지션이 약함,주문·리뷰 변동성이 낮아 안정성이 높음,
ba_14689859,2025-09,본죽&비빔밥 춘천퇴계한숲점,본그룹,백반·죽·국수,강원특별자치도,춘천시,실험군,0.4275471923398861,42.75471923398861,45.80079454890918,13.875605263157897,17.5,96.19926230929968,50.0,40.74,D,0.185504,-0.272727,0.0,,108,4046100.0,2,0,,,주문·리뷰 변동성이 낮아 안정성이 높음,,
ba_13976690,2025-09,굽네피자 신수점,굽네치킨,피자,서울특별시,마포구,실험군,0.2342144322988009,23.42144322988009,33.620586018757045,0.0,50.0,99.92236110344977,100.0,40.69,D,-0.36389,-1.0,,,1,48300.0,0,1,27798.79,1.7375,브랜드·카테고리 평균 대비 성장 신호가 약함,서울 동일 자치구·유사업종 상권 대비 객단가 경쟁력이 있음,주문·리뷰 변동성이 낮아 안정성이 높음
ba_14593798,2025-09,굽네치킨&피자 광주오포점,굽네치킨,치킨,경기도,광주시,실험군,0.6845582194318867,68.45582194318867,26.884196466869568,23.53526315789474,9.735395997618886,49.051224760551264,50.0,40.58,D,-0.667738,0.09434,0.0667,1017.0,368,10184800.0,15,0,,,브랜드·카테고리 평균 대비 성장 신호가 약함,월 리뷰 수가 전체 매장 상위권에 속함,
ba_14473511,2025-09,본죽&비빔밥카페 김해가야대역점,본그룹,백반·죽·국수,경상남도,김해시,실험군,0.4688377616858618,46.88377616858618,33.750038174418656,23.976605263157897,17.5,95.0376958219089,50.0,40.57,D,-0.358051,0.111111,0.0,,148,2709000.0,3,0,,,브랜드·카테고리 평균 대비 성장 신호가 약함,주문·리뷰 변동성이 낮아 안정성이 높음,
ba_13219734,2025-09,본죽 구리토평점,본그룹,백반·죽·국수,경기도,구리시,실험군,0.501785191293078,50.178519129307794,7.816552394673666,60.526315789473685,17.5,91.73968298501602,50.0,40.39,D,-1.527793,1.5,0.0,,63,1117100.0,4,0,,,브랜드·카테고리 평균 대비 성장 신호가 약함,주문·리뷰 변동성이 낮아 안정성이 높음,
ba_14189742,2025-09,굽네피자 논현고잔1호점,굽네치킨,피자,인천광역시,남동구,실험군,0.1648739548798236,16.487395487982358,38.054638276390776,50.0,50.0,100.0,50.0,40.28,D,-0.16389,,,,0,0.0,0,0,,,주문·리뷰 변동성이 낮아 안정성이 높음,,
ba_14791437,2025-09,굽네치킨&피자 신수점,굽네치킨,치킨,서울특별시,마포구,실험군,0.1322010988897505,13.22010988897505,38.00094190355083,50.0,50.0,100.0,50.0,40.21,D,-0.166312,,,,0,0.0,0,1,32548.97,,주문·리뷰 변동성이 낮아 안정성이 높음,,
ba_13076527,2025-09,굽네치킨 창2동점,굽네치킨,치킨,서울특별시,도봉구,실험군,0.7831036312755366,78.31036312755366,23.269623577230412,38.88647368421053,0.43550000000000005,0.0,50.0,40.21,D,-0.830775,0.677686,0.0067,2937.01,0,0.0,149,1,24715.2,,브랜드·카테고리 평균 대비 성장 신호가 약함,월 리뷰 수가 전체 매장 상위권에 속함,
ba_14810162,2025-09,굽네치킨&피자 서현역점,굽네치킨,치킨,경기도,성남시,실험군,0.1614244351629978,16.142443516299778,38.00094190355083,50.0,50.0,100.0,50.0,40.15,D,-0.166312,,,,0,0.0,0,0,,,주문·리뷰 변동성이 낮아 안정성이 높음,,
ba_13233484,2025-09,본죽&비빔밥 진주하대점,본그룹,백반·죽·국수,경상남도,진주시,실험군,0.4446301250746635,44.463012507466345,16.276458059103373,57.89473684210527,17.5,91.26826480470186,50.0,40.07,D,-1.146205,1.4,0.0,,79,1603900.0,5,0,,,브랜드·카테고리 평균 대비 성장 신호가 약함,주문·리뷰 변동성이 낮아 안정성이 높음,
ba_14733665,2025-09,굽네치킨 수원조원점,굽네치킨,치킨,경기도,수원시,실험군,0.4863558624115191,48.63558624115191,34.99724839344588,18.36734210526316,17.5,88.86803687035939,50.0,40.04,D,-0.301795,-0.102041,0.0,,375,10493200.0,15,0,,,브랜드·카테고리 평균 대비 성장 신호가 약함,월 리뷰 수가 전체 매장 상위권에 속함,주문·리뷰 변동성이 낮아 안정성이 높음
ba_14688789,2025-09,본죽&비빔밥 성남고등점,본그룹,백반·죽·국수,경기도,성남시,통제군,0.4197225906756209,41.97225906756209,2.8708770172928637,31.17407894736842,70.00086383556676,94.04190506553607,50.0,39.99,D,-1.75087,0.384615,1.0,1030.33,1,18800.0,9,0,,,브랜드·카테고리 평균 대비 성장 신호가 약함,답글률과 응답속도 기준 운영 대응력이 우수함,주문·리뷰 변동성이 낮아 안정성이 높음
ba_14688609,2025-09,본죽 죽전벽산타운점,본그룹,백반·죽·국수,경기도,용인시,실험군,0.4214880730847815,42.14880730847815,24.275488331874627,13.533842105263158,50.0,95.62861962315698,50.0,39.91,D,-0.785405,-0.285714,,,24,611200.0,0,0,,,브랜드·카테고리 평균 대비 성장 신호가 약함,주문·리뷰 변동성이 낮아 안정성이 높음,
ba_10040590,2025-09,굽네치킨 삼숭고읍점,굽네치킨,치킨,경기도,양주시,실험군,0.5234069118178171,52.34069118178171,20.444045946314606,50.0,42.06150000000001,25.7339891906952,50.0,39.81,D,-0.958224,,0.6471,1442.45,17,554700.0,17,0,,,브랜드·카테고리 평균 대비 성장 신호가 약함,월 리뷰 수가 전체 매장 상위권에 속함,
ba_10636815,2025-09,굽네치킨 완도점,굽네치킨,치킨,전라남도,완도군,실험군,0.1491048455161608,14.91048455161608,38.00094190355083,50.0,50.0,100.0,50.0,39.72,D,-0.166312,,,,0,0.0,0,0,,,주문·리뷰 변동성이 낮아 안정성이 높음,,
ba_14808489,2025-09,굽네치킨 전주서학점,굽네치킨,치킨,전북특별자치도,전주시,실험군,0.1488546173517528,14.885461735175278,38.00094190355083,50.0,50.0,100.0,50.0,39.71,D,-0.166312,,,,0,0.0,0,0,,,주문·리뷰 변동성이 낮아 안정성이 높음,,
ba_14413122,2025-09,굽네치킨&피자 만성점,굽네치킨,치킨,전북특별자치도,전주시,실험군,0.1478564167469222,14.78564167469222,38.00094190355083,50.0,50.0,100.0,50.0,39.68,D,-0.166312,,,,0,0.0,0,0,,,주문·리뷰 변동성이 낮아 안정성이 높음,,
ba_14714070,2025-09,본죽&비빔밥 의정부발곡점,본그룹,백반·죽·국수,경기도,의정부시,실험군,0.4187825162249671,41.87825162249671,1.1654740082230637,50.0,50.0,96.70791904919898,50.0,39.62,D,-1.827793,,,,8,175300.0,0,0,,,브랜드·카테고리 평균 대비 성장 신호가 약함,주문·리뷰 변동성이 낮아 안정성이 높음,
ba_13233724,2025-09,본죽&비빔밥 대구동성로중앙점,본그룹,백반·죽·국수,대구광역시,중구,실험군,0.4206757134820993,42.06757134820993,30.104759472895392,2.631578947368424,50.0,94.71383493733777,50.0,39.62,D,-0.522473,-0.7,,,46,930000.0,0,0,,,브랜드·카테고리 평균 대비 성장 신호가 약함,주문·리뷰 변동성이 낮아 안정성이 높음,
ba_14615149,2025-09,굽네치킨&피자 강대효자점,굽네치킨,치킨,강원특별자치도,춘천시,실험군,0.4640440732796861,46.40440732796861,39.55884616427044,30.29871052631579,1.6640000000000001,85.98600921785884,50.0,39.52,D,-0.096042,0.351351,0.0256,3441.0,0,0.0,39,0,,,월 리뷰 수가 전체 매장 상위권에 속함,주문·리뷰 변동성이 낮아 안정성이 높음,
ba_14727755,2025-09,굽네치킨&피자 덕진금암점,굽네치킨,치킨,전북특별자치도,전주시,실험군,0.1426457305946868,14.26457305946868,38.00094190355083,50.0,50.0,100.0,50.0,39.49,D,-0.166312,,,,0,0.0,0,0,,,주문·리뷰 변동성이 낮아 안정성이 높음,,
ba_13189894,2025-09,본죽&비빔밥 양산부산대병원정문앞택지점,본그룹,백반·죽·국수,경상남도,양산시,통제군,0.2597542442484238,25.97542442484238,61.62051751264966,24.48513157894737,17.5,86.20929772018138,50.0,39.42,D,0.89906,0.130435,0.0,,175,3521900.0,3,0,,,주문·리뷰 변동성이 낮아 안정성이 높음,,
ba_14525359,2025-09,본죽&비빔밥 용인모현점,본그룹,백반·죽·국수,경기도,용인시,실험군,0.5652477979141383,56.52477979141383,26.899427436374545,2.25563157894737,17.5,98.33501679167017,50.0,39.31,D,-0.667051,-0.714286,0.0,,48,955500.0,1,0,,,브랜드·카테고리 평균 대비 성장 신호가 약함,주문·리뷰 변동성이 낮아 안정성이 높음,
ba_14689013,2025-09,본죽&비빔밥 김포사우점,본그룹,백반·죽·국수,경기도,김포시,실험군,0.722596583066124,72.2596583066124,1.5065634781415382,23.07692105263158,17.5,75.58330557534015,50.0,39.31,D,-1.812408,0.076923,0.0,,275,6996700.0,8,0,,,브랜드·카테고리 평균 대비 성장 신호가 약함,주문·리뷰 변동성이 낮아 안정성이 높음,
ba_14809478,2025-09,굽네치킨 권선1동점,굽네치킨,치킨,경기도,수원시,실험군,0.1356094920041705,13.560949200417049,38.00094190355083,50.0,50.0,100.0,50.0,39.25,D,-0.166312,,,,0,0.0,0,0,,,주문·리뷰 변동성이 낮아 안정성이 높음,,
ba_14758007,2025-09,굽네치킨 송도신도시점,굽네치킨,치킨,인천광역시,연수구,실험군,0.1340190175162675,13.401901751626749,38.00094190355083,50.0,50.0,100.0,50.0,39.19,D,-0.166312,,,,0,0.0,0,0,,,주문·리뷰 변동성이 낮아 안정성이 높음,,
ba_14827938,2025-09,굽네치킨&피자 거북섬점,굽네치킨,치킨,경기도,시흥시,실험군,0.1324999250819749,13.249992508197488,38.00094190355083,50.0,50.0,100.0,50.0,39.14,D,-0.166312,,,,0,0.0,0,0,,,주문·리뷰 변동성이 낮아 안정성이 높음,,
ba_10685624,2025-09,굽네치킨 광주문흥점,굽네치킨,치킨,광주광역시,북구,실험군,0.1261642079134911,12.616420791349109,38.00094190355083,50.0,50.0,100.0,50.0,38.92,D,-0.166312,,,,0,0.0,0,0,,,주문·리뷰 변동성이 낮아 안정성이 높음,,
ba_13231218,2025-09,본죽 시흥하상동점,본그룹,백반·죽·국수,경기도,시흥시,실험군,0.3892734400454505,38.92734400454505,1.1654740082230637,50.0,50.0,100.0,50.0,38.92,D,-1.827793,,,,0,0.0,0,0,,,브랜드·카테고리 평균 대비 성장 신호가 약함,주문·리뷰 변동성이 낮아 안정성이 높음,
ba_14687388,2025-09,본죽&비빔밥 중곡사거리점,본그룹,백반·죽·국수,서울특별시,광진구,실험군,0.5710397969811343,57.10397969811343,2.0892422853171855,26.53507894736842,65.0,79.41122084025032,9.408805031446539,38.9,D,-1.786126,0.208333,1.0,1203.35,19,389500.0,17,1,31191.62,0.6572,브랜드·카테고리 평균 대비 성장 신호가 약함,월 리뷰 수가 전체 매장 상위권에 속함,리뷰 답글률이 높아 고객 대응 신호가 좋음
ba_14691803,2025-09,본죽 부산학장점,본그룹,백반·죽·국수,부산광역시,사상구,통제군,0.4290924229661736,42.909242296617364,2.129392628510059,26.77344736842105,65.0,95.5963453138836,50.0,38.88,D,-1.784315,0.217391,1.0,1202.14,9,193200.0,7,0,,,브랜드·카테고리 평균 대비 성장 신호가 약함,리뷰 답글률이 높아 고객 대응 신호가 좋음,주문·리뷰 변동성이 낮아 안정성이 높음
ba_14690724,2025-09,본죽&비빔밥 경남사천점,본그룹,백반·죽·국수,경상남도,사천시,실험군,0.292927114937231,29.2927114937231,44.67374714606384,0.0,50.0,99.51930716681832,50.0,38.87,D,0.134668,-1.0,,,18,669600.0,0,0,,,주문·리뷰 변동성이 낮아 안정성이 높음,,
ba_13233466,2025-09,본죽&비빔밥 대구대곡역점,본그룹,백반·죽·국수,대구광역시,달성군,실험군,0.4488438859008079,44.88438859008079,30.06001988561587,21.05263157894737,17.5,98.26228535341738,50.0,38.83,D,-0.524491,0.0,0.0,,42,688200.0,3,0,,,브랜드·카테고리 평균 대비 성장 신호가 약함,주문·리뷰 변동성이 낮아 안정성이 높음,
ba_14251745,2025-09,굽네피자 태전점,굽네치킨,피자,대구광역시,북구,실험군,0.3476067994293858,34.76067994293858,24.959618254704935,21.05263157894737,50.0,97.43788907877553,50.0,38.81,D,-0.754547,0.0,,,2,49400.0,0,0,,,브랜드·카테고리 평균 대비 성장 신호가 약함,주문·리뷰 변동성이 낮아 안정성이 높음,
ba_14688541,2025-09,본죽 시흥하상동점,본그룹,백반·죽·국수,경기도,시흥시,실험군,0.385899377287992,38.5899377287992,1.1654740082230637,50.0,50.0,100.0,50.0,38.8,D,-1.827793,,,,0,0.0,0,0,,,브랜드·카테고리 평균 대비 성장 신호가 약함,주문·리뷰 변동성이 낮아 안정성이 높음,
ba_14688854,2025-09,본죽 평택팽성점,본그룹,백반·죽·국수,경기도,평택시,통제군,0.3498618432042249,34.986184320422495,4.934418427211736,43.42105263157895,65.03915484380826,90.42687324306084,50.0,38.79,D,-1.657793,0.85,1.0,1196.08,11,298600.0,13,0,,,브랜드·카테고리 평균 대비 성장 신호가 약함,리뷰 답글률이 높아 고객 대응 신호가 좋음,주문·리뷰 변동성이 낮아 안정성이 높음
ba_14809544,2025-09,굽네치킨 송도4동점,굽네치킨,치킨,인천광역시,연수구,실험군,0.1214552847583913,12.14552847583913,38.00094190355083,50.0,50.0,100.0,50.0,38.75,D,-0.166312,,,,0,0.0,0,0,,,주문·리뷰 변동성이 낮아 안정성이 높음,,
ba_14692289,2025-09,본죽&비빔밥 당진점,본그룹,백반·죽·국수,충청남도,당진시,실험군,0.384258682052512,38.4258682052512,1.1654740082230637,50.0,50.0,100.0,50.0,38.74,D,-1.827793,,,,0,0.0,0,0,,,브랜드·카테고리 평균 대비 성장 신호가 약함,주문·리뷰 변동성이 낮아 안정성이 높음,
ba_14692339,2025-09,본죽&비빔밥 청주분평점,본그룹,백반·죽·국수,충청북도,청주시,실험군,0.3635859508099004,36.35859508099004,34.08186047511868,2.4767894736842115,50.0,95.98453979663472,50.0,38.72,D,-0.343084,-0.705882,,,44,1245300.0,0,0,,,브랜드·카테고리 평균 대비 성장 신호가 약함,주문·리뷰 변동성이 낮아 안정성이 높음,
ba_14695958,2025-09,본죽 삼양사거리점,본그룹,백반·죽·국수,서울특별시,강북구,실험군,0.7585342953340347,75.85342953340347,3.3060570761183246,33.756815789473684,17.5,69.6614705825529,8.494758909853244,38.68,D,-1.731241,0.482759,0.0,,301,6720500.0,11,1,34545.02,0.6463,브랜드·카테고리 평균 대비 성장 신호가 약함,서울 동일 자치구·유사업종 상권 대비 객단가 포지션이 약함,
ba_14769185,2025-09,굽네치킨&피자 김천신음점,굽네치킨,치킨,경상북도,김천시,실험군,0.4223409232453158,42.23409232453158,38.00094190355083,50.0,17.5,42.68452345712209,50.0,38.68,D,-0.166312,,0.0,,359,11292600.0,10,0,,,"주문, 리뷰, 운영 지표가 전반적으로 평균권에 위치함",,
ba_14716332,2025-09,굽네치킨&피자 태평3동점,굽네치킨,치킨,경기도,성남시,실험군,0.2662728650880803,26.62728650880803,38.86817601436013,26.199578947368423,64.636,60.0,50.0,38.66,D,-0.127195,0.195584,0.9944,3137.11,0,0.0,179,0,,,월 리뷰 수가 전체 매장 상위권에 속함,리뷰 답글률이 높아 고객 대응 신호가 좋음,
ba_14689894,2025-09,본죽&비빔밥 인천간석남부역점,본그룹,백반·죽·국수,인천광역시,남동구,실험군,0.2942340184364528,29.42340184364528,42.33072742234631,14.12742105263158,50.0,81.00940381707775,50.0,38.6,D,0.028985,-0.263158,,,0,0.0,0,0,,,주문·리뷰 변동성이 낮아 안정성이 높음,,
ba_14691884,2025-09,본죽&비빔밥 구서쌍용예가점,본그룹,백반·죽·국수,부산광역시,금정구,통제군,0.3044132112831591,30.441321128315913,60.13610766810032,9.774447368421054,17.5,88.0873300097401,50.0,38.59,D,0.832105,-0.428571,0.0,,174,4648300.0,3,0,,,주문·리뷰 변동성이 낮아 안정성이 높음,,
ba_14692256,2025-09,본죽&비빔밥 천안성거점,본그룹,백반·죽·국수,충청남도,천안시,실험군,0.3800447626687525,38.00447626687525,1.1654740082230637,50.0,50.0,100.0,50.0,38.59,D,-1.827793,,,,0,0.0,0,0,,,브랜드·카테고리 평균 대비 성장 신호가 약함,주문·리뷰 변동성이 낮아 안정성이 높음,
ba_14691910,2025-09,본죽&비빔밥 울산청량점,본그룹,백반·죽·국수,울산광역시,울주군,실험군,0.3779574869174728,37.79574869174728,1.1654740082230637,50.0,50.0,100.0,50.0,38.52,D,-1.827793,,,,0,0.0,0,0,,,브랜드·카테고리 평균 대비 성장 신호가 약함,주문·리뷰 변동성이 낮아 안정성이 높음,
ba_14803437,2025-09,굽네치킨 명곡대원점,굽네치킨,치킨,경상남도,창원시,실험군,0.1140656659044364,11.40656659044364,38.00094190355083,50.0,50.0,100.0,50.0,38.49,D,-0.166312,,,,0,0.0,0,0,,,주문·리뷰 변동성이 낮아 안정성이 높음,,
ba_14692282,2025-09,본죽&비빔밥 당진수청점,본그룹,백반·죽·국수,충청남도,당진시,실험군,0.3761292890978739,37.61292890978739,1.1654740082230637,50.0,50.0,100.0,50.0,38.46,D,-1.827793,,,,0,0.0,0,0,,,브랜드·카테고리 평균 대비 성장 신호가 약함,주문·리뷰 변동성이 낮아 안정성이 높음,
ba_14690056,2025-09,본죽&비빔밥cafe 용인동백역점,본그룹,백반·죽·국수,경기도,용인시,실험군,0.6626392221218752,66.26392221218752,1.5349857531129707,23.2456052631579,17.5,87.75217567637499,50.0,38.46,D,-1.811126,0.083333,0.0,,135,3525600.0,3,0,,,브랜드·카테고리 평균 대비 성장 신호가 약함,주문·리뷰 변동성이 낮아 안정성이 높음,
ba_14435750,2025-09,본죽&비빔밥 광주연제점,본그룹,백반·죽·국수,광주광역시,북구,실험군,0.4299715740935254,42.99715740935254,24.17654245574553,0.0,50.0,98.61986078623151,50.0,38.46,D,-0.789868,-1.0,,,22,344000.0,0,0,,,브랜드·카테고리 평균 대비 성장 신호가 약함,주문·리뷰 변동성이 낮아 안정성이 높음,
ba_13506840,2025-09,굽네치킨 & 피자 약수역점,굽네치킨,치킨,서울특별시,중구,통제군,0.0757369321480694,7.57369321480694,38.00094190355083,50.0,50.0,100.0,50.0,38.44,D,-0.166312,,,,0,0.0,0,1,45873.98,,주문·리뷰 변동성이 낮아 안정성이 높음,,
ba_14522619,2025-09,본죽&비빔밥 수원권선롯데마트점,본그룹,백반·죽·국수,경기도,수원시,실험군,0.3743992075841709,37.43992075841709,1.1654740082230637,50.0,50.0,100.0,50.0,38.4,D,-1.827793,,,,0,0.0,0,0,,,브랜드·카테고리 평균 대비 성장 신호가 약함,주문·리뷰 변동성이 낮아 안정성이 높음,
ba_13226580,2025-09,본죽 등촌역점,본그룹,백반·죽·국수,서울특별시,양천구,실험군,0.5238927700427709,52.38927700427709,26.537054515619424,0.0,50.0,95.71468157606483,5.48427672955975,38.39,D,-0.683396,-0.833333,,,25,442300.0,0,1,28984.02,0.6104,브랜드·카테고리 평균 대비 성장 신호가 약함,서울 동일 자치구·유사업종 상권 대비 객단가 포지션이 약함,주문·리뷰 변동성이 낮아 안정성이 높음
ba_13234187,2025-09,본죽 경산계양점,본그룹,백반·죽·국수,경상북도,경산시,실험군,0.4056905538309835,40.56905538309835,18.729819173252118,47.36842105263158,17.5,97.04810616997173,50.0,38.32,D,-1.035545,1.0,0.0,,26,522700.0,1,0,,,브랜드·카테고리 평균 대비 성장 신호가 약함,주문·리뷰 변동성이 낮아 안정성이 높음,
ba_14400023,2025-09,본죽&비빔밥 시흥장곡점,본그룹,백반·죽·국수,경기도,시흥시,실험군,0.3715602832206547,37.156028322065474,1.1654740082230637,50.0,50.0,100.0,50.0,38.3,D,-1.827793,,,,0,0.0,0,0,,,브랜드·카테고리 평균 대비 성장 신호가 약함,주문·리뷰 변동성이 낮아 안정성이 높음,
ba_14189864,2025-09,굽네피자 & 피자 약수역점,굽네치킨,피자,서울특별시,중구,통제군,0.0701494255923924,7.01494255923924,38.054638276390776,50.0,50.0,100.0,50.0,38.27,D,-0.16389,,,,0,0.0,0,1,27597.6,,주문·리뷰 변동성이 낮아 안정성이 높음,,
ba_14797330,2025-09,굽네치킨&피자 초전점,굽네치킨,치킨,경상남도,진주시,실험군,0.1074053680583382,10.74053680583382,38.00094190355083,50.0,50.0,100.0,50.0,38.26,D,-0.166312,,,,0,0.0,0,0,,,주문·리뷰 변동성이 낮아 안정성이 높음,,
ba_14173661,2025-09,굽네피자 신월사파점,굽네치킨,피자,경상남도,창원시,실험군,0.2689861019908577,26.89861019908577,35.30149088910341,50.0,17.5,98.29560413263071,50.0,38.19,D,-0.288072,,0.0,,9,271300.0,1,0,,,주문·리뷰 변동성이 낮아 안정성이 높음,,
ba_14689425,2025-09,본죽&비빔밥 의정부시청점,본그룹,백반·죽·국수,경기도,의정부시,실험군,0.3682471772914021,36.82471772914021,1.1654740082230637,50.0,50.0,100.0,50.0,38.18,D,-1.827793,,,,0,0.0,0,0,,,브랜드·카테고리 평균 대비 성장 신호가 약함,주문·리뷰 변동성이 낮아 안정성이 높음,
ba_14809961,2025-09,굽네치킨 창원소답점,굽네치킨,치킨,경상남도,창원시,실험군,0.104560725674093,10.456072567409299,38.00094190355083,50.0,50.0,100.0,50.0,38.16,D,-0.166312,,,,0,0.0,0,0,,,주문·리뷰 변동성이 낮아 안정성이 높음,,
ba_14773134,2025-09,본죽&비빔밥 용인보라점,본그룹,백반·죽·국수,경기도,용인시,실험군,0.3727668089695533,37.27668089695533,1.1654740082230637,50.0,50.0,97.20413244708767,50.0,38.06,D,-1.827793,,,,26,885400.0,0,0,,,브랜드·카테고리 평균 대비 성장 신호가 약함,주문·리뷰 변동성이 낮아 안정성이 높음,
ba_14190360,2025-09,굽네피자 일산식사점,굽네치킨,피자,경기도,고양시,실험군,0.3534105241643849,35.34105241643849,33.620586018757045,0.0,50.0,97.33033208633287,50.0,38.01,D,-0.36389,-1.0,,,0,0.0,0,0,,,브랜드·카테고리 평균 대비 성장 신호가 약함,주문·리뷰 변동성이 낮아 안정성이 높음,
ba_14776515,2025-09,굽네치킨 대소점,굽네치킨,치킨,충청북도,음성군,실험군,0.3936573844327382,39.36573844327382,38.00094190355083,50.0,17.5,45.9143459266823,50.0,37.99,D,-0.166312,,0.0,,340,10269700.0,3,0,,,"주문, 리뷰, 운영 지표가 전반적으로 평균권에 위치함",,
ba_14691324,2025-09,본죽 포항지곡점,본그룹,백반·죽·국수,경상북도,포항시,실험군,0.3607466463338643,36.074664633386426,1.1654740082230637,50.0,50.0,100.0,50.0,37.92,D,-1.827793,,,,0,0.0,0,0,,,브랜드·카테고리 평균 대비 성장 신호가 약함,주문·리뷰 변동성이 낮아 안정성이 높음,
ba_14624480,2025-09,굽네피자 고산지구점,굽네치킨,피자,경기도,의정부시,통제군,0.0970543379918898,9.70543379918898,38.054638276390776,50.0,50.0,100.0,50.0,37.91,D,-0.16389,,,,0,0.0,0,0,,,주문·리뷰 변동성이 낮아 안정성이 높음,,
ba_14525750,2025-09,굽네피자 지산신장점,굽네치킨,피자,경기도,평택시,통제군,0.0971127647062524,9.71127647062524,38.054638276390776,50.0,50.0,100.0,50.0,37.91,D,-0.16389,,,,0,0.0,0,0,,,주문·리뷰 변동성이 낮아 안정성이 높음,,
ba_13973779,2025-09,굽네피자 용인서천점,굽네치킨,피자,경기도,용인시,통제군,0.0966201658275973,9.66201658275973,38.054638276390776,50.0,50.0,100.0,50.0,37.9,D,-0.16389,,,,0,0.0,0,0,,,주문·리뷰 변동성이 낮아 안정성이 높음,,
ba_13233433,2025-09,본죽 대명안지랑점,본그룹,백반·죽·국수,대구광역시,남구,실험군,0.4420560748032521,44.20560748032521,37.56363349964171,6.015026315789476,17.5,94.99234570203188,50.0,37.89,D,-0.186037,-0.571429,0.0,,47,872000.0,1,0,,,주문·리뷰 변동성이 낮아 안정성이 높음,,
ba_14629814,2025-09,굽네피자 용인모현점,굽네치킨,피자,경기도,용인시,통제군,0.0952149102177487,9.52149102177487,38.054638276390776,50.0,50.0,100.0,50.0,37.85,D,-0.16389,,,,0,0.0,0,0,,,주문·리뷰 변동성이 낮아 안정성이 높음,,
ba_14689508,2025-09,본죽&비빔밥 파주문산점,본그룹,백반·죽·국수,경기도,파주시,실험군,0.3588248561629863,35.88248561629863,1.1654740082230637,50.0,50.0,100.0,50.0,37.85,D,-1.827793,,,,0,0.0,0,0,,,브랜드·카테고리 평균 대비 성장 신호가 약함,주문·리뷰 변동성이 낮아 안정성이 높음,
ba_14695008,2025-09,본죽&비빔밥 부산연산점,본그룹,백반·죽·국수,부산광역시,연제구,실험군,0.7514943247400225,75.14943247400225,0.0,10.401000000000002,17.5,73.53664855765425,50.0,37.84,D,-1.908745,-0.404762,0.0,,331,8047200.0,8,0,,,브랜드·카테고리 평균 대비 성장 신호가 약함,주문·리뷰 변동성이 낮아 안정성이 높음,
ba_13247000,2025-09,본죽 용인광교역점,본그룹,백반·죽·국수,경기도,용인시,실험군,0.4735415742891037,47.35415742891037,15.7700892912816,0.0,50.0,98.2283023402887,50.0,37.84,D,-1.169045,-1.0,,,18,297500.0,0,0,,,브랜드·카테고리 평균 대비 성장 신호가 약함,주문·리뷰 변동성이 낮아 안정성이 높음,
ba_14788679,2025-09,본죽&비빔밥 안산선부점,본그룹,백반·죽·국수,경기도,안산시,통제군,0.3289699190708219,32.89699190708219,1.1654740082230637,50.0,65.0,87.76855041432697,50.0,37.83,D,-1.827793,,1.0,2645.0,20,451900.0,12,0,,,브랜드·카테고리 평균 대비 성장 신호가 약함,리뷰 답글률이 높아 고객 대응 신호가 좋음,주문·리뷰 변동성이 낮아 안정성이 높음
ba_14696545,2025-09,굽네피자 구리갈매점,굽네치킨,피자,경기도,구리시,통제군,0.0942917048785672,9.42917048785672,38.054638276390776,50.0,50.0,100.0,50.0,37.81,D,-0.16389,,,,0,0.0,0,0,,,주문·리뷰 변동성이 낮아 안정성이 높음,,
ba_13973937,2025-09,굽네피자 동탄1동점,굽네치킨,피자,경기도,화성시,통제군,0.093391575714049,9.3391575714049,38.054638276390776,50.0,50.0,100.0,50.0,37.78,D,-0.16389,,,,0,0.0,0,0,,,주문·리뷰 변동성이 낮아 안정성이 높음,,
ba_14756868,2025-09,본죽&비빔밥 평택시청점,본그룹,백반·죽·국수,경기도,평택시,실험군,0.3566138510224026,35.66138510224026,1.1654740082230637,50.0,50.0,100.0,50.0,37.77,D,-1.827793,,,,0,0.0,0,0,,,브랜드·카테고리 평균 대비 성장 신호가 약함,주문·리뷰 변동성이 낮아 안정성이 높음,
ba_14691863,2025-09,본죽&비빔밥 부산명지cgv점,본그룹,백반·죽·국수,부산광역시,강서구,실험군,0.3550099416153435,35.50099416153435,1.1654740082230637,50.0,50.0,100.0,50.0,37.72,D,-1.827793,,,,0,0.0,0,0,,,브랜드·카테고리 평균 대비 성장 신호가 약함,주문·리뷰 변동성이 낮아 안정성이 높음,
ba_14691316,2025-09,본죽 포항오천점,본그룹,백반·죽·국수,경상북도,포항시,실험군,0.3546036563988928,35.46036563988928,1.1654740082230637,50.0,50.0,100.0,50.0,37.7,D,-1.827793,,,,0,0.0,0,0,,,브랜드·카테고리 평균 대비 성장 신호가 약함,주문·리뷰 변동성이 낮아 안정성이 높음,
ba_14797999,2025-09,굽네치킨&피자 대흥역점,굽네치킨,치킨,서울특별시,마포구,실험군,0.1202529775840493,12.02529775840493,38.00094190355083,50.0,50.0,99.53416662069866,28.57861635220126,37.65,D,-0.166312,,,,6,173000.0,0,1,32548.97,0.8858,서울 동일 자치구·유사업종 상권 대비 객단가 포지션이 약함,주문·리뷰 변동성이 낮아 안정성이 높음,
ba_14842562,2025-09,굽네치킨&피자 영등포구청역점,굽네치킨,치킨,서울특별시,영등포구,통제군,0.0482498925296052,4.8249892529605205,38.00094190355083,50.0,50.0,100.0,50.0,37.57,D,-0.166312,,,,0,0.0,0,1,35906.42,,주문·리뷰 변동성이 낮아 안정성이 높음,,
ba_14637963,2025-09,굽네치킨 영덕영해점,굽네치킨,치킨,경상북도,영덕군,실험군,0.2648553492269336,26.48553492269336,36.512696603798645,52.63157894736842,17.5,86.56977644270395,50.0,37.57,D,-0.23344,1.2,0.0,,106,3696100.0,4,0,,,주문·리뷰 변동성이 낮아 안정성이 높음,,
ba_14327485,2025-09,굽네치킨&피자 장곡장현점,굽네치킨,치킨,경기도,시흥시,실험군,0.4275462301912864,42.75462301912864,38.08461246965238,21.549157894736844,7.221500000000001,87.58399773104901,50.0,37.56,D,-0.162538,0.018868,0.1111,3177.0,0,0.0,9,0,,,주문·리뷰 변동성이 낮아 안정성이 높음,,
ba_14252162,2025-09,굽네피자 사당2동점,굽네치킨,피자,서울특별시,동작구,통제군,0.0470832978671129,4.70832978671129,38.054638276390776,50.0,50.0,100.0,50.0,37.55,D,-0.16389,,,,0,0.0,0,1,20923.85,,주문·리뷰 변동성이 낮아 안정성이 높음,,
ba_12030167,2025-09,굽네치킨&피자 후평점,굽네치킨,피자,강원특별자치도,춘천시,통제군,0.0868285722713319,8.682857227133189,38.054638276390776,50.0,50.0,100.0,50.0,37.55,D,-0.16389,,,,0,0.0,0,0,,,주문·리뷰 변동성이 낮아 안정성이 높음,,
ba_14691981,2025-09,본죽&비빔밥 부산개금점,본그룹,백반·죽·국수,부산광역시,부산진구,실험군,0.3486451659533289,34.86451659533289,1.1654740082230637,50.0,50.0,100.0,50.0,37.49,D,-1.827793,,,,0,0.0,0,0,,,브랜드·카테고리 평균 대비 성장 신호가 약함,주문·리뷰 변동성이 낮아 안정성이 높음,
ba_14320813,2025-09,굽네피자 옥곡백천점,굽네치킨,피자,경상북도,경산시,통제군,0.0846234980341006,8.46234980341006,38.054638276390776,50.0,50.0,100.0,50.0,37.48,D,-0.16389,,,,0,0.0,0,0,,,주문·리뷰 변동성이 낮아 안정성이 높음,,
ba_14731363,2025-09,본죽&비빔밥 충북대병원앞점,본그룹,백반·죽·국수,충청북도,청주시,통제군,0.3006717968919237,30.06717968919237,3.6992244898027105,36.09023684210527,71.83677099975709,98.29599171383185,50.0,37.47,D,-1.713507,0.571429,1.0,969.0,0,0.0,3,0,,,브랜드·카테고리 평균 대비 성장 신호가 약함,답글률과 응답속도 기준 운영 대응력이 우수함,주문·리뷰 변동성이 낮아 안정성이 높음
ba_13628326,2025-09,본죽&비빔밥 부산개금점,본그룹,백반·죽·국수,부산광역시,부산진구,실험군,0.3480561857828305,34.805618578283045,1.1654740082230637,50.0,50.0,100.0,50.0,37.47,D,-1.827793,,,,0,0.0,0,0,,,브랜드·카테고리 평균 대비 성장 신호가 약함,주문·리뷰 변동성이 낮아 안정성이 높음,
ba_14629153,2025-09,굽네치킨&피자 합천점,굽네치킨,치킨,경상남도,합천군,실험군,0.2063956789042495,20.63956789042495,36.40763173555402,60.526315789473685,17.5,94.27801887773029,50.0,37.46,D,-0.238179,1.5,0.0,,29,844800.0,2,0,,,주문·리뷰 변동성이 낮아 안정성이 높음,,
ba_13973414,2025-09,굽네피자 후평점,굽네치킨,피자,강원특별자치도,춘천시,통제군,0.0841252802672602,8.41252802672602,38.054638276390776,50.0,50.0,100.0,50.0,37.46,D,-0.16389,,,,0,0.0,0,0,,,주문·리뷰 변동성이 낮아 안정성이 높음,,
ba_14691338,2025-09,본죽 포항흥해점,본그룹,백반·죽·국수,경상북도,포항시,실험군,0.3469178575550313,34.691785755503126,1.1654740082230637,50.0,50.0,100.0,50.0,37.43,D,-1.827793,,,,0,0.0,0,0,,,브랜드·카테고리 평균 대비 성장 신호가 약함,주문·리뷰 변동성이 낮아 안정성이 높음,
ba_14569929,2025-09,굽네치킨 응암1호점,굽네치킨,치킨,서울특별시,은평구,통제군,0.0410383057280796,4.1038305728079605,38.00094190355083,50.0,50.0,100.0,50.0,37.34,D,-0.166312,,,,0,0.0,0,1,27073.9,,주문·리뷰 변동성이 낮아 안정성이 높음,,
ba_14690597,2025-09,본죽&비빔밥 포항상원점,본그룹,백반·죽·국수,경상북도,포항시,실험군,0.3442860356169744,34.42860356169744,1.1654740082230637,50.0,50.0,100.0,50.0,37.34,D,-1.827793,,,,0,0.0,0,0,,,브랜드·카테고리 평균 대비 성장 신호가 약함,주문·리뷰 변동성이 낮아 안정성이 높음,
ba_13181486,2025-09,본죽&비빔밥 천안두정점,본그룹,백반·죽·국수,충청남도,천안시,실험군,0.771251912457096,77.1251912457096,0.1174192463474683,14.832526315789474,17.5,54.38993021939723,50.0,37.31,D,-1.875066,-0.236364,0.0,,516,11153200.0,7,0,,,브랜드·카테고리 평균 대비 성장 신호가 약함,,
ba_14796264,2025-09,굽네치킨 종암스타점,굽네치킨,치킨,서울특별시,성북구,통제군,0.0393935445762065,3.93935445762065,38.00094190355083,50.0,50.0,100.0,50.0,37.29,D,-0.166312,,,,0,0.0,0,1,32802.59,,주문·리뷰 변동성이 낮아 안정성이 높음,,
ba_14686990,2025-09,본죽 문정로데오점,본그룹,백반·죽·국수,서울특별시,송파구,실험군,0.4962089851680535,49.62089851680535,18.34305896508001,13.533842105263158,50.0,93.8413041815526,4.880503144654082,37.27,D,-1.05299,-0.285714,,,47,952900.0,0,1,33611.9,0.6032,브랜드·카테고리 평균 대비 성장 신호가 약함,서울 동일 자치구·유사업종 상권 대비 객단가 포지션이 약함,주문·리뷰 변동성이 낮아 안정성이 높음
ba_12016615,2025-09,굽네피자 울산삼산점,굽네치킨,피자,울산광역시,남구,실험군,0.2854560675904564,28.54560675904564,32.04492337874561,47.36842105263158,17.5,94.88317235924738,50.0,37.22,D,-0.434961,1.0,0.0,,17,599400.0,3,0,,,브랜드·카테고리 평균 대비 성장 신호가 약함,주문·리뷰 변동성이 낮아 안정성이 높음,
ba_14787229,2025-09,본죽&비빔밥 수원호매실화홍병원점,본그룹,백반·죽·국수,경기도,수원시,통제군,0.3132516754068913,31.32516754068913,1.1654740082230637,50.0,65.0,87.07384827626929,50.0,37.21,D,-1.827793,,1.0,1697.57,14,423900.0,14,0,,,브랜드·카테고리 평균 대비 성장 신호가 약함,월 리뷰 수가 전체 매장 상위권에 속함,리뷰 답글률이 높아 고객 대응 신호가 좋음
ba_14189925,2025-09,굽네피자 불광점,굽네치킨,피자,서울특별시,은평구,통제군,0.0364655554965976,3.64655554965976,38.054638276390776,50.0,50.0,100.0,50.0,37.21,D,-0.16389,,,,0,0.0,0,1,14889.29,,주문·리뷰 변동성이 낮아 안정성이 높음,,
ba_14542191,2025-09,굽네피자 응암1호점,굽네치킨,피자,서울특별시,은평구,통제군,0.0354821063595358,3.5482106359535805,38.054638276390776,50.0,50.0,100.0,50.0,37.18,D,-0.16389,,,,0,0.0,0,1,14889.29,,주문·리뷰 변동성이 낮아 안정성이 높음,,
ba_10418755,2025-09,굽네치킨&피자 곤지암점,굽네치킨,치킨,경기도,광주시,통제군,0.0748228922703581,7.48228922703581,38.00094190355083,50.0,50.0,100.0,50.0,37.12,D,-0.166312,,,,0,0.0,0,0,,,주문·리뷰 변동성이 낮아 안정성이 높음,,
ba_14189471,2025-09,굽네피자 등촌3동점,굽네치킨,피자,서울특별시,강서구,통제군,0.0328786481066258,3.28786481066258,38.054638276390776,50.0,50.0,100.0,50.0,37.1,D,-0.16389,,,,0,0.0,0,1,15989.55,,주문·리뷰 변동성이 낮아 안정성이 높음,,
ba_13712881,2025-09,굽네치킨 등촌3동점,굽네치킨,치킨,서울특별시,강서구,통제군,0.0331660118143781,3.31660118143781,38.00094190355083,50.0,50.0,100.0,50.0,37.09,D,-0.166312,,,,0,0.0,0,1,28845.32,,주문·리뷰 변동성이 낮아 안정성이 높음,,
ba_14271331,2025-09,굽네피자 일광신도시점,굽네치킨,피자,부산광역시,기장군,실험군,0.2578715557777388,25.78715557777388,26.794273887084756,29.82455263157895,50.0,93.96041602572942,50.0,37.09,D,-0.671794,0.333333,,,27,1026800.0,0,0,,,브랜드·카테고리 평균 대비 성장 신호가 약함,주문·리뷰 변동성이 낮아 안정성이 높음,
ba_14662462,2025-09,굽네치킨 광탄점,굽네치킨,치킨,경기도,파주시,실험군,0.2764681454578168,27.646814545781677,39.0372464269437,54.8872105263158,17.5,67.87554347275884,50.0,37.08,D,-0.119569,1.285714,0.0,,225,9402100.0,1,0,,,"주문, 리뷰, 운영 지표가 전반적으로 평균권에 위치함",,
ba_14691860,2025-09,본죽&비빔밥 부산동삼점,본그룹,백반·죽·국수,부산광역시,영도구,통제군,0.3519144981929131,35.19144981929131,3.917645904013748,37.38657894736842,60.97306265630291,90.22225929710217,50.0,37.07,D,-1.703655,0.62069,0.9375,1196.2,16,452100.0,16,0,,,브랜드·카테고리 평균 대비 성장 신호가 약함,월 리뷰 수가 전체 매장 상위권에 속함,리뷰 답글률이 높아 고객 대응 신호가 좋음
ba_14103678,2025-09,굽네치킨&피자 불광점,굽네치킨,치킨,서울특별시,은평구,통제군,0.0322530736244345,3.22530736244345,38.00094190355083,50.0,50.0,100.0,50.0,37.07,D,-0.166312,,,,0,0.0,0,1,27073.9,,주문·리뷰 변동성이 낮아 안정성이 높음,,
ba_14392323,2025-09,굽네피자 삼산1동점,굽네치킨,피자,인천광역시,부평구,통제군,0.071999880556504,7.1999880556504,38.054638276390776,50.0,50.0,100.0,50.0,37.03,D,-0.16389,,,,0,0.0,0,0,,,주문·리뷰 변동성이 낮아 안정성이 높음,,
ba_13448308,2025-09,굽네치킨 역촌점,굽네치킨,치킨,서울특별시,은평구,통제군,0.030477692029732,3.0477692029731998,38.00094190355083,50.0,50.0,100.0,50.0,37.01,D,-0.166312,,,,0,0.0,0,1,27073.9,,주문·리뷰 변동성이 낮아 안정성이 높음,,
ba_14840445,2025-09,굽네치킨&피자 등촌3동점,굽네치킨,치킨,서울특별시,강서구,통제군,0.0302735906020356,3.02735906020356,38.00094190355083,50.0,50.0,100.0,50.0,37.0,D,-0.166312,,,,0,0.0,0,1,28845.32,,주문·리뷰 변동성이 낮아 안정성이 높음,,
ba_14251345,2025-09,굽네피자 강화점,굽네치킨,피자,인천광역시,강화군,통제군,0.0707859621357923,7.07859621357923,38.054638276390776,50.0,50.0,100.0,50.0,36.99,D,-0.16389,,,,0,0.0,0,0,,,주문·리뷰 변동성이 낮아 안정성이 높음,,
ba_14800652,2025-09,본죽&비빔밥 내방역점,본그룹,백반·죽·국수,서울특별시,서초구,실험군,0.2926761492755994,29.267614927559936,1.1654740082230637,50.0,50.0,100.0,50.0,36.98,D,-1.827793,,,,0,0.0,0,1,37031.57,,브랜드·카테고리 평균 대비 성장 신호가 약함,주문·리뷰 변동성이 낮아 안정성이 높음,
ba_14691400,2025-09,본죽&비빔밥 경산하양점,본그룹,백반·죽·국수,경상북도,경산시,실험군,0.3496994181984593,34.96994181984593,1.1654740082230637,50.0,50.0,93.98300349926475,50.0,36.93,D,-1.827793,,,,54,1821400.0,0,0,,,브랜드·카테고리 평균 대비 성장 신호가 약함,주문·리뷰 변동성이 낮아 안정성이 높음,
ba_14733416,2025-09,굽네치킨&피자 먹골역점,굽네치킨,치킨,서울특별시,중랑구,통제군,0.0280879654278866,2.80879654278866,38.00094190355083,50.0,50.0,100.0,50.0,36.93,D,-0.166312,,,,0,0.0,0,1,25484.97,,주문·리뷰 변동성이 낮아 안정성이 높음,,
ba_14252159,2025-09,굽네치킨 사당2동점,굽네치킨,치킨,서울특별시,동작구,통제군,0.027503850644076,2.7503850644076,38.00094190355083,50.0,50.0,100.0,50.0,36.92,D,-0.166312,,,,0,0.0,0,1,24729.54,,주문·리뷰 변동성이 낮아 안정성이 높음,,
ba_14690580,2025-09,본죽&비빔밥 포항문덕원동점,본그룹,백반·죽·국수,경상북도,포항시,실험군,0.330205082727975,33.0205082727975,1.1654740082230637,50.0,50.0,100.0,50.0,36.85,D,-1.827793,,,,0,0.0,0,0,,,브랜드·카테고리 평균 대비 성장 신호가 약함,주문·리뷰 변동성이 낮아 안정성이 높음,
ba_13326281,2025-09,본죽 만리점,본그룹,백반·죽·국수,서울특별시,중구,실험군,0.5769447914792502,57.694479147925016,1.1654740082230637,21.05263157894737,50.0,97.8744645362415,0.0,36.84,D,-1.827793,0.0,,,16,301400.0,0,1,40727.52,0.4625,브랜드·카테고리 평균 대비 성장 신호가 약함,서울 동일 자치구·유사업종 상권 대비 객단가 포지션이 약함,주문·리뷰 변동성이 낮아 안정성이 높음
ba_10024499,2025-09,굽네치킨 보령동대점,굽네치킨,치킨,충청남도,보령시,통제군,0.0665186690812207,6.65186690812207,38.00094190355083,50.0,50.0,100.0,50.0,36.83,D,-0.166312,,,,0,0.0,0,0,,,주문·리뷰 변동성이 낮아 안정성이 높음,,
ba_14624481,2025-09,굽네치킨&피자 고산지구점,굽네치킨,치킨,경기도,의정부시,통제군,0.0648823474711133,6.4882347471113295,38.00094190355083,50.0,50.0,100.0,50.0,36.77,D,-0.166312,,,,0,0.0,0,0,,,주문·리뷰 변동성이 낮아 안정성이 높음,,
ba_13851878,2025-09,굽네치킨 용인서천점,굽네치킨,치킨,경기도,용인시,통제군,0.0647972739732855,6.479727397328549,38.00094190355083,50.0,50.0,100.0,50.0,36.77,D,-0.166312,,,,0,0.0,0,0,,,주문·리뷰 변동성이 낮아 안정성이 높음,,
ba_14400681,2025-09,굽네피자 영암삼호점,굽네치킨,피자,전라남도,영암군,실험군,0.3261868902957149,32.61868902957149,28.476043397621364,7.894736842105264,50.0,95.47211183515532,50.0,36.77,D,-0.595937,-0.5,,,47,1614600.0,0,0,,,브랜드·카테고리 평균 대비 성장 신호가 약함,주문·리뷰 변동성이 낮아 안정성이 높음,
ba_10416959,2025-09,굽네치킨 은행동점,굽네치킨,치킨,경기도,성남시,통제군,0.0646581767661464,6.465817676614639,38.00094190355083,50.0,50.0,100.0,50.0,36.76,D,-0.166312,,,,0,0.0,0,0,,,주문·리뷰 변동성이 낮아 안정성이 높음,,
ba_14624475,2025-09,굽네치킨 고산지구점,굽네치킨,치킨,경기도,의정부시,통제군,0.0646663548745603,6.4666354874560295,38.00094190355083,50.0,50.0,100.0,50.0,36.76,D,-0.166312,,,,0,0.0,0,0,,,주문·리뷰 변동성이 낮아 안정성이 높음,,
ba_14642115,2025-09,굽네치킨 공도2호점,굽네치킨,치킨,경기도,안성시,통제군,0.0637976134023262,6.37976134023262,38.00094190355083,50.0,50.0,100.0,50.0,36.73,D,-0.166312,,,,0,0.0,0,0,,,주문·리뷰 변동성이 낮아 안정성이 높음,,
ba_14696546,2025-09,굽네치킨&피자 구리갈매점,굽네치킨,치킨,경기도,구리시,통제군,0.0636019770550949,6.36019770550949,38.00094190355083,50.0,50.0,100.0,50.0,36.73,D,-0.166312,,,,0,0.0,0,0,,,주문·리뷰 변동성이 낮아 안정성이 높음,,
ba_14695236,2025-09,본죽&비빔밥 제주법원점,본그룹,백반·죽·국수,제주특별자치도,제주시,실험군,0.3263905910922433,32.63905910922433,1.1654740082230637,50.0,50.0,100.0,50.0,36.72,D,-1.827793,,,,0,0.0,0,0,,,브랜드·카테고리 평균 대비 성장 신호가 약함,주문·리뷰 변동성이 낮아 안정성이 높음,
ba_14746091,2025-09,굽네치킨&피자 별내청학점,굽네치킨,치킨,경기도,남양주시,통제군,0.0634949412880022,6.34949412880022,38.00094190355083,50.0,50.0,100.0,50.0,36.72,D,-0.166312,,,,0,0.0,0,0,,,주문·리뷰 변동성이 낮아 안정성이 높음,,
ba_13950340,2025-09,굽네치킨 동탄1동점,굽네치킨,치킨,경기도,화성시,통제군,0.063561464860354,6.356146486035399,38.00094190355083,50.0,50.0,100.0,50.0,36.72,D,-0.166312,,,,0,0.0,0,0,,,주문·리뷰 변동성이 낮아 안정성이 높음,,
ba_14857305,2025-09,굽네치킨&피자 송탄지산점,굽네치킨,치킨,경기도,평택시,통제군,0.0633134361824141,6.33134361824141,38.00094190355083,50.0,50.0,100.0,50.0,36.72,D,-0.166312,,,,0,0.0,0,0,,,주문·리뷰 변동성이 낮아 안정성이 높음,,
ba_14854750,2025-09,굽네치킨 울산신정3호점,굽네치킨,치킨,울산광역시,남구,통제군,0.0632700686876806,6.327006868768061,38.00094190355083,50.0,50.0,100.0,50.0,36.71,D,-0.166312,,,,0,0.0,0,0,,,주문·리뷰 변동성이 낮아 안정성이 높음,,
ba_14696544,2025-09,굽네치킨 구리갈매점,굽네치킨,치킨,경기도,구리시,통제군,0.0631816448878977,6.31816448878977,38.00094190355083,50.0,50.0,100.0,50.0,36.71,D,-0.166312,,,,0,0.0,0,0,,,주문·리뷰 변동성이 낮아 안정성이 높음,,
ba_14691387,2025-09,본죽&비빔밥 경주동국대병원점,본그룹,백반·죽·국수,경상북도,경주시,실험군,0.3257343359829344,32.57343359829344,1.1654740082230637,50.0,50.0,100.0,50.0,36.69,D,-1.827793,,,,0,0.0,0,0,,,브랜드·카테고리 평균 대비 성장 신호가 약함,주문·리뷰 변동성이 낮아 안정성이 높음,
ba_14692319,2025-09,본죽&비빔밥 제주강정점,본그룹,백반·죽·국수,제주특별자치도,서귀포시,실험군,0.3256097559146626,32.56097559146626,1.1654740082230637,50.0,50.0,100.0,50.0,36.69,D,-1.827793,,,,0,0.0,0,0,,,브랜드·카테고리 평균 대비 성장 신호가 약함,주문·리뷰 변동성이 낮아 안정성이 높음,
ba_14853495,2025-09,굽네치킨&피자 구리갈매점,굽네치킨,치킨,경기도,구리시,통제군,0.0623355079670999,6.23355079670999,38.00094190355083,50.0,50.0,100.0,50.0,36.68,D,-0.166312,,,,0,0.0,0,0,,,주문·리뷰 변동성이 낮아 안정성이 높음,,
ba_14690576,2025-09,본죽&비빔밥 포항세명병원점,본그룹,백반·죽·국수,경상북도,포항시,실험군,0.3251820141727343,32.51820141727343,1.1654740082230637,50.0,50.0,100.0,50.0,36.67,D,-1.827793,,,,0,0.0,0,0,,,브랜드·카테고리 평균 대비 성장 신호가 약함,주문·리뷰 변동성이 낮아 안정성이 높음,
ba_14681358,2025-09,굽네치킨 시흥능곡점,굽네치킨,치킨,경기도,시흥시,통제군,0.0621270329280714,6.212703292807141,38.00094190355083,50.0,50.0,100.0,50.0,36.67,D,-0.166312,,,,0,0.0,0,0,,,주문·리뷰 변동성이 낮아 안정성이 높음,,
ba_10840065,2025-09,굽네치킨 천안백석점,굽네치킨,치킨,충청남도,천안시,통제군,0.0618126397414575,6.18126397414575,38.00094190355083,50.0,50.0,100.0,50.0,36.66,D,-0.166312,,,,0,0.0,0,0,,,주문·리뷰 변동성이 낮아 안정성이 높음,,
ba_14805037,2025-09,굽네치킨&피자 광주퇴촌점,굽네치킨,치킨,경기도,광주시,통제군,0.0611070229416005,6.11070229416005,38.00094190355083,50.0,50.0,100.0,50.0,36.64,D,-0.166312,,,,0,0.0,0,0,,,주문·리뷰 변동성이 낮아 안정성이 높음,,
ba_14352930,2025-09,굽네치킨 녹양점,굽네치킨,치킨,경기도,의정부시,통제군,0.0610580664302247,6.105806643022469,38.00094190355083,50.0,50.0,100.0,50.0,36.64,D,-0.166312,,,,0,0.0,0,0,,,주문·리뷰 변동성이 낮아 안정성이 높음,,
ba_14525748,2025-09,굽네치킨 지산신장점,굽네치킨,치킨,경기도,평택시,통제군,0.0611212590568699,6.11212590568699,38.00094190355083,50.0,50.0,100.0,50.0,36.64,D,-0.166312,,,,0,0.0,0,0,,,주문·리뷰 변동성이 낮아 안정성이 높음,,
ba_14662584,2025-09,굽네치킨&피자 광주퇴촌점,굽네치킨,치킨,경기도,광주시,통제군,0.0609044826531987,6.0904482653198695,38.00094190355083,50.0,50.0,100.0,50.0,36.63,D,-0.166312,,,,0,0.0,0,0,,,주문·리뷰 변동성이 낮아 안정성이 높음,,
ba_14856977,2025-09,굽네치킨&피자 용산점,굽네치킨,치킨,대구광역시,달서구,통제군,0.0608382600312621,6.083826003126211,38.00094190355083,50.0,50.0,100.0,50.0,36.63,D,-0.166312,,,,0,0.0,0,0,,,주문·리뷰 변동성이 낮아 안정성이 높음,,
ba_13311793,2025-09,굽네치킨 연신내점,굽네치킨,치킨,서울특별시,은평구,통제군,0.1759724316488996,17.59724316488996,37.52439213716165,25.731000000000005,75.32079317552797,45.670771992813485,48.9559748427673,36.63,D,-0.187807,0.177778,0.6364,63.1,383,11705000.0,22,1,27073.9,1.1288,월 리뷰 수가 전체 매장 상위권에 속함,답글률과 응답속도 기준 운영 대응력이 우수함,
ba_14690658,2025-09,본죽&비빔밥 포항이인지구점,본그룹,백반·죽·국수,경상북도,포항시,실험군,0.3225238868425567,32.25238868425567,1.1654740082230637,50.0,50.0,100.0,50.0,36.58,D,-1.827793,,,,0,0.0,0,0,,,브랜드·카테고리 평균 대비 성장 신호가 약함,주문·리뷰 변동성이 낮아 안정성이 높음,
ba_14810724,2025-09,굽네치킨&피자 동대구해모로점,굽네치킨,치킨,대구광역시,동구,통제군,0.0591207068105283,5.91207068105283,38.00094190355083,50.0,50.0,100.0,50.0,36.57,D,-0.166312,,,,0,0.0,0,0,,,주문·리뷰 변동성이 낮아 안정성이 높음,,
ba_14481987,2025-09,굽네치킨 마산점,굽네치킨,치킨,경기도,김포시,통제군,0.0585762521135953,5.85762521135953,38.00094190355083,50.0,50.0,100.0,50.0,36.55,D,-0.166312,,,,0,0.0,0,0,,,주문·리뷰 변동성이 낮아 안정성이 높음,,
ba_10767741,2025-09,굽네치킨 후평점,굽네치킨,치킨,강원특별자치도,춘천시,통제군,0.0580583999193539,5.8058399919353905,38.00094190355083,50.0,50.0,100.0,50.0,36.53,D,-0.166312,,,,0,0.0,0,0,,,주문·리뷰 변동성이 낮아 안정성이 높음,,
ba_12029686,2025-09,굽네치킨 나주혁신도시1호점,굽네치킨,치킨,전라남도,나주시,실험군,0.3506177813556693,35.06177813556693,34.094031948565885,35.40671052631579,17.5,78.03289779331578,50.0,36.53,D,-0.342535,0.545455,0.0,,163,4997000.0,3,0,,,브랜드·카테고리 평균 대비 성장 신호가 약함,주문·리뷰 변동성이 낮아 안정성이 높음,
ba_14484108,2025-09,굽네치킨 애막골후평점,굽네치킨,치킨,강원특별자치도,춘천시,통제군,0.0580583999193539,5.8058399919353905,38.00094190355083,50.0,50.0,100.0,50.0,36.53,D,-0.166312,,,,0,0.0,0,0,,,주문·리뷰 변동성이 낮아 안정성이 높음,,
ba_14796881,2025-09,굽네치킨 안산부곡점,굽네치킨,치킨,경기도,안산시,통제군,0.0577473365258503,5.77473365258503,38.00094190355083,50.0,50.0,100.0,50.0,36.52,D,-0.166312,,,,0,0.0,0,0,,,주문·리뷰 변동성이 낮아 안정성이 높음,,
ba_14768997,2025-09,굽네치킨&피자 양벌점,굽네치킨,치킨,경기도,광주시,통제군,0.0577197350577207,5.77197350577207,38.00094190355083,50.0,50.0,100.0,50.0,36.52,D,-0.166312,,,,0,0.0,0,0,,,주문·리뷰 변동성이 낮아 안정성이 높음,,
ba_14629813,2025-09,굽네치킨 용인모현점,굽네치킨,치킨,경기도,용인시,통제군,0.0575436766268682,5.754367662686819,38.00094190355083,50.0,50.0,100.0,50.0,36.51,D,-0.166312,,,,0,0.0,0,0,,,주문·리뷰 변동성이 낮아 안정성이 높음,,
ba_14692368,2025-09,본죽&비빔밥 제주서귀포동홍점,본그룹,백반·죽·국수,제주특별자치도,서귀포시,실험군,0.3200753598665237,32.00753598665237,1.1654740082230637,50.0,50.0,99.84472220689955,50.0,36.48,D,-1.827793,,,,0,0.0,0,0,,,브랜드·카테고리 평균 대비 성장 신호가 약함,주문·리뷰 변동성이 낮아 안정성이 높음,
ba_13003575,2025-09,굽네치킨&피자 여수관문점,굽네치킨,피자,전라남도,여수시,실험군,0.1872979725648156,18.729797256481557,20.318429245855842,50.0,50.0,98.44722206899553,50.0,36.48,D,-0.96389,,,,0,0.0,0,0,,,브랜드·카테고리 평균 대비 성장 신호가 약함,주문·리뷰 변동성이 낮아 안정성이 높음,
ba_14759786,2025-09,굽네치킨&피자 퇴계CGV점,굽네치킨,치킨,강원특별자치도,춘천시,통제군,0.0559572174514942,5.59572174514942,38.00094190355083,50.0,50.0,100.0,50.0,36.46,D,-0.166312,,,,0,0.0,0,0,,,주문·리뷰 변동성이 낮아 안정성이 높음,,
ba_13228939,2025-09,본죽 산성역점,본그룹,백반·죽·국수,경기도,성남시,통제군,0.1594162292150413,15.94162292150413,10.03357852349053,73.68421052631578,50.0,98.1407139207314,50.0,36.45,D,-1.427793,2.0,,,2,29500.0,0,0,,,브랜드·카테고리 평균 대비 성장 신호가 약함,최근 리뷰 성장 흐름이 우수함,주문·리뷰 변동성이 낮아 안정성이 높음
ba_14692087,2025-09,본죽&비빔밥 신제주점,본그룹,백반·죽·국수,제주특별자치도,제주시,실험군,0.3184350305409407,31.843503054094068,1.1654740082230637,50.0,50.0,100.0,50.0,36.44,D,-1.827793,,,,0,0.0,0,0,,,브랜드·카테고리 평균 대비 성장 신호가 약함,주문·리뷰 변동성이 낮아 안정성이 높음,
ba_14849575,2025-09,굽네치킨 엄궁점,굽네치킨,치킨,부산광역시,사상구,통제군,0.0545867996825761,5.45867996825761,38.00094190355083,50.0,50.0,100.0,50.0,36.41,D,-0.166312,,,,0,0.0,0,0,,,주문·리뷰 변동성이 낮아 안정성이 높음,,
ba_13452835,2025-09,굽네치킨 경남남해점,굽네치킨,치킨,경상남도,남해군,통제군,0.0546228425327068,5.46228425327068,38.00094190355083,50.0,50.0,100.0,50.0,36.41,D,-0.166312,,,,0,0.0,0,0,,,주문·리뷰 변동성이 낮아 안정성이 높음,,
ba_13574800,2025-09,굽네치킨 대구신매점,굽네치킨,치킨,대구광역시,수성구,실험군,0.2993589304871732,29.935893048717322,40.12157173628674,33.638447368421055,17.5,82.35863188625888,50.0,36.41,D,-0.07066,0.478261,0.0,,0,0.0,26,0,,,월 리뷰 수가 전체 매장 상위권에 속함,주문·리뷰 변동성이 낮아 안정성이 높음,
ba_14691986,2025-09,본죽&비빔밥 제주삼화점,본그룹,백반·죽·국수,제주특별자치도,제주시,실험군,0.3177767407288442,31.77767407288442,1.1654740082230637,50.0,50.0,100.0,50.0,36.41,D,-1.827793,,,,0,0.0,0,0,,,브랜드·카테고리 평균 대비 성장 신호가 약함,주문·리뷰 변동성이 낮아 안정성이 높음,
ba_14597165,2025-09,굽네피자 역삼2동점,굽네치킨,피자,서울특별시,강남구,실험군,0.3973321231969587,39.73321231969587,19.19661402467451,6.015026315789476,50.0,93.89193495441734,35.522012578616355,36.4,D,-1.01449,-0.571429,,,14,557900.0,0,1,41143.35,0.9686,브랜드·카테고리 평균 대비 성장 신호가 약함,주문·리뷰 변동성이 낮아 안정성이 높음,
ba_13348011,2025-09,굽네치킨 하남신장점,굽네치킨,치킨,경기도,하남시,통제군,0.0540811161841669,5.40811161841669,38.00094190355083,50.0,50.0,100.0,50.0,36.39,D,-0.166312,,,,0,0.0,0,0,,,주문·리뷰 변동성이 낮아 안정성이 높음,,
ba_10620671,2025-09,굽네치킨 광주백운점,굽네치킨,치킨,광주광역시,남구,통제군,0.0538397514112304,5.38397514112304,38.00094190355083,50.0,50.0,100.0,50.0,36.38,D,-0.166312,,,,0,0.0,0,0,,,주문·리뷰 변동성이 낮아 안정성이 높음,,
ba_14855934,2025-09,굽네치킨 동대신점,굽네치킨,치킨,부산광역시,서구,통제군,0.0527307218753112,5.27307218753112,38.00094190355083,50.0,50.0,100.0,50.0,36.35,D,-0.166312,,,,0,0.0,0,0,,,주문·리뷰 변동성이 낮아 안정성이 높음,,
ba_14711140,2025-09,본죽&비빔밥 제주삼화점,본그룹,백반·죽·국수,제주특별자치도,제주시,실험군,0.3158062446169392,31.58062446169392,1.1654740082230637,50.0,50.0,100.0,50.0,36.34,D,-1.827793,,,,0,0.0,0,0,,,브랜드·카테고리 평균 대비 성장 신호가 약함,주문·리뷰 변동성이 낮아 안정성이 높음,
ba_14711141,2025-09,본죽&비빔밥 제주삼화점,본그룹,백반·죽·국수,제주특별자치도,제주시,실험군,0.3158062446169392,31.58062446169392,1.1654740082230637,50.0,50.0,100.0,50.0,36.34,D,-1.827793,,,,0,0.0,0,0,,,브랜드·카테고리 평균 대비 성장 신호가 약함,주문·리뷰 변동성이 낮아 안정성이 높음,
ba_14687497,2025-09,본죽 대림점,본그룹,백반·죽·국수,서울특별시,동작구,실험군,0.5183236068146926,51.83236068146926,26.592768382236592,10.818710526315792,17.5,94.54032320763773,16.729559748427675,36.32,D,-0.680883,-0.388889,0.0,,64,1495200.0,2,1,31379.83,0.7445,브랜드·카테고리 평균 대비 성장 신호가 약함,서울 동일 자치구·유사업종 상권 대비 객단가 포지션이 약함,주문·리뷰 변동성이 낮아 안정성이 높음
ba_14850510,2025-09,굽네치킨 가야점,굽네치킨,치킨,부산광역시,부산진구,통제군,0.0515765667583761,5.15765667583761,38.00094190355083,50.0,50.0,100.0,50.0,36.31,D,-0.166312,,,,0,0.0,0,0,,,주문·리뷰 변동성이 낮아 안정성이 높음,,
ba_14691990,2025-09,본죽&비빔밥 제주아라점,본그룹,백반·죽·국수,제주특별자치도,제주시,실험군,0.3147030529604042,31.47030529604042,1.1654740082230637,50.0,50.0,100.0,50.0,36.31,D,-1.827793,,,,0,0.0,0,0,,,브랜드·카테고리 평균 대비 성장 신호가 약함,주문·리뷰 변동성이 낮아 안정성이 높음,
ba_10499851,2025-09,굽네치킨 대신점,굽네치킨,치킨,부산광역시,서구,통제군,0.0498347774157773,4.98347774157773,38.00094190355083,50.0,50.0,100.0,50.0,36.24,D,-0.166312,,,,0,0.0,0,0,,,주문·리뷰 변동성이 낮아 안정성이 높음,,
ba_14545829,2025-09,굽네치킨 임학점,굽네치킨,치킨,인천광역시,계양구,통제군,0.0482891015818906,4.82891015818906,38.00094190355083,50.0,50.0,100.0,50.0,36.19,D,-0.166312,,,,0,0.0,0,0,,,주문·리뷰 변동성이 낮아 안정성이 높음,,
ba_12027186,2025-09,굽네치킨&피자 청라1호점,굽네치킨,치킨,인천광역시,서구,통제군,0.048336218451209,4.8336218451209,38.00094190355083,50.0,50.0,100.0,50.0,36.19,D,-0.166312,,,,0,0.0,0,0,,,주문·리뷰 변동성이 낮아 안정성이 높음,,
ba_14294656,2025-09,굽네치킨 청천2동점,굽네치킨,치킨,인천광역시,부평구,통제군,0.0476917578695392,4.7691757869539195,38.00094190355083,50.0,50.0,100.0,50.0,36.17,D,-0.166312,,,,0,0.0,0,0,,,주문·리뷰 변동성이 낮아 안정성이 높음,,
ba_13230824,2025-09,본죽&비빔밥 가산테라타워점,본그룹,백반·죽·국수,서울특별시,금천구,실험군,0.4612905258777801,46.129052587778006,25.424240420521087,0.0,50.0,98.39995170793009,2.809224318658279,36.14,D,-0.73359,-1.0,,,19,298100.0,0,1,27119.42,0.5785,브랜드·카테고리 평균 대비 성장 신호가 약함,서울 동일 자치구·유사업종 상권 대비 객단가 포지션이 약함,주문·리뷰 변동성이 낮아 안정성이 높음
ba_14619205,2025-09,굽네치킨&피자 신현원창점,굽네치킨,치킨,인천광역시,서구,통제군,0.0467368736466363,4.67368736466363,38.00094190355083,50.0,50.0,100.0,50.0,36.14,D,-0.166312,,,,0,0.0,0,0,,,주문·리뷰 변동성이 낮아 안정성이 높음,,
ba_13056957,2025-09,굽네치킨 석남점,굽네치킨,치킨,인천광역시,서구,통제군,0.0467275086330232,4.67275086330232,38.00094190355083,50.0,50.0,100.0,50.0,36.14,D,-0.166312,,,,0,0.0,0,0,,,주문·리뷰 변동성이 낮아 안정성이 높음,,
ba_14730328,2025-09,본죽&비빔밥 동탄꼬모점,본그룹,백반·죽·국수,경기도,화성시,실험군,0.4421211937971419,44.21211937971419,1.1654740082230637,21.05263157894737,50.0,94.93321502720023,50.0,35.92,D,-1.827793,0.0,,,55,1157500.0,0,0,,,브랜드·카테고리 평균 대비 성장 신호가 약함,주문·리뷰 변동성이 낮아 안정성이 높음,
ba_14799661,2025-09,본죽&비빔밥 의정부역점,본그룹,백반·죽·국수,경기도,의정부시,실험군,0.3041104380951976,30.41104380951976,1.1654740082230637,50.0,50.0,99.45652772414843,50.0,35.88,D,-1.827793,,,,7,112500.0,0,0,,,브랜드·카테고리 평균 대비 성장 신호가 약함,주문·리뷰 변동성이 낮아 안정성이 높음,
ba_14688702,2025-09,본죽&비빔밥 부천춘의점,본그룹,백반·죽·국수,경기도,부천시,실험군,0.5184118127858066,51.84118127858066,4.269310588566675,39.473684210526315,17.5,80.40522886750603,50.0,35.8,D,-1.687793,0.7,0.0,,122,2553400.0,3,0,,,브랜드·카테고리 평균 대비 성장 신호가 약함,주문·리뷰 변동성이 낮아 안정성이 높음,
ba_13062668,2025-09,굽네치킨 포항흥해점,굽네치킨,치킨,경상북도,포항시,실험군,0.5231052484679188,52.310524846791886,28.5758539139407,26.994894736842106,17.5,36.75058369474834,50.0,35.8,D,-0.591435,0.225806,0.0,,706,23205900.0,13,0,,,브랜드·카테고리 평균 대비 성장 신호가 약함,,
ba_14690672,2025-09,본죽&비빔밥 김해율하점,본그룹,백반·죽·국수,경상남도,김해시,통제군,0.3775316133328251,37.753161333282506,1.5065634781415382,23.07692105263158,61.78505627931481,94.24176928789106,50.0,35.74,D,-1.812408,0.076923,0.9167,1123.91,20,468000.0,12,0,,,브랜드·카테고리 평균 대비 성장 신호가 약함,리뷰 답글률이 높아 고객 대응 신호가 좋음,주문·리뷰 변동성이 낮아 안정성이 높음
ba_14689427,2025-09,본죽&비빔밥 의정부금오점,본그룹,백반·죽·국수,경기도,의정부시,실험군,0.6684361673268352,66.84361673268351,0.5820414121636167,17.590026315789476,17.5,69.25458913634661,50.0,35.73,D,-1.854109,-0.131579,0.0,,268,6939900.0,4,0,,,브랜드·카테고리 평균 대비 성장 신호가 약함,,
ba_14692796,2025-09,본죽&비빔밥 아산모종점,본그룹,백반·죽·국수,충청남도,아산시,통제군,0.6841881685967233,68.41881685967233,1.1654740082230637,21.05263157894737,17.5,56.48250438025639,50.0,35.67,D,-1.827793,0.0,0.0,,459,11885400.0,13,0,,,브랜드·카테고리 평균 대비 성장 신호가 약함,,
ba_14689906,2025-09,본죽 인천간석사거리점,본그룹,백반·죽·국수,인천광역시,남동구,실험군,0.513605554280958,51.3605554280958,3.6992244898027105,36.09023684210527,17.5,86.48008133518553,50.0,35.59,D,-1.713507,0.571429,0.0,,144,3045600.0,3,0,,,브랜드·카테고리 평균 대비 성장 신호가 약함,주문·리뷰 변동성이 낮아 안정성이 높음,
ba_13972771,2025-09,굽네피자 광주상무점,굽네치킨,피자,광주광역시,서구,실험군,0.3005513588651149,30.05513588651149,31.357667449073666,0.0,50.0,97.20413244708767,50.0,35.58,D,-0.46596,-0.833333,,,12,349400.0,0,0,,,브랜드·카테고리 평균 대비 성장 신호가 약함,주문·리뷰 변동성이 낮아 안정성이 높음,
ba_14239270,2025-09,굽네피자 대구이곡점,굽네치킨,피자,대구광역시,달서구,실험군,0.310736545477511,31.0736545477511,29.791005935145233,0.0,50.0,94.84062773345781,50.0,35.31,D,-0.536625,-0.833333,,,22,687200.0,0,0,,,브랜드·카테고리 평균 대비 성장 신호가 약함,주문·리뷰 변동성이 낮아 안정성이 높음,
ba_14726738,2025-09,본죽&비빔밥 해운대센텀역점,본그룹,백반·죽·국수,부산광역시,해운대구,통제군,0.3021666188384506,30.21666188384506,2.643498817521405,29.82455263157895,65.37083349013517,97.63433309566227,50.0,35.28,D,-1.761126,0.333333,1.0,1185.0,4,113600.0,2,0,,,브랜드·카테고리 평균 대비 성장 신호가 약함,리뷰 답글률이 높아 고객 대응 신호가 좋음,주문·리뷰 변동성이 낮아 안정성이 높음
ba_14456345,2025-09,본죽&비빔밥 천안두정포레나점,본그룹,백반·죽·국수,충청남도,천안시,통제군,0.4281501746127644,42.81501746127644,0.0,3.0808684210526343,65.6582084905628,98.87719400579363,50.0,35.18,D,-1.964378,-0.682927,1.0,1175.4,3,45500.0,5,0,,,브랜드·카테고리 평균 대비 성장 신호가 약함,리뷰 답글률이 높아 고객 대응 신호가 좋음,주문·리뷰 변동성이 낮아 안정성이 높음
ba_13236481,2025-09,본죽&비빔밥 포항시외버스터미널점,본그룹,백반·죽·국수,경상북도,포항시,실험군,0.6335040813019709,63.35040813019709,0.5568781656015478,17.440657894736844,17.5,75.94598935464849,50.0,35.15,D,-1.855244,-0.137255,0.0,,297,7747600.0,15,0,,,브랜드·카테고리 평균 대비 성장 신호가 약함,월 리뷰 수가 전체 매장 상위권에 속함,주문·리뷰 변동성이 낮아 안정성이 높음
ba_14691918,2025-09,본죽&비빔밥 방학도깨비시장점,본그룹,백반·죽·국수,서울특별시,도봉구,통제군,0.2612536343854191,26.12536343854191,6.338527585375324,51.7543947368421,65.0,93.93073348614575,12.477987421383643,35.12,D,-1.59446,1.166667,1.0,1353.0,1,20300.0,2,1,29258.99,0.6938,브랜드·카테고리 평균 대비 성장 신호가 약함,리뷰 답글률이 높아 고객 대응 신호가 좋음,서울 동일 자치구·유사업종 상권 대비 객단가 포지션이 약함
ba_14649303,2025-09,굽네치킨 계룡대실점,굽네치킨,치킨,충청남도,계룡시,통제군,0.157708193923903,15.770819392390301,37.87776393183377,20.321631578947372,52.0,90.21121764988715,50.0,34.86,D,-0.171868,-0.027778,0.8,3165.0,0,0.0,10,0,,,리뷰 답글률이 높아 고객 대응 신호가 좋음,주문·리뷰 변동성이 낮아 안정성이 높음,
ba_14691147,2025-09,본죽&비빔밥 안동성소병원점,본그룹,백반·죽·국수,경상북도,안동시,통제군,0.3183032974834933,31.830329748349328,2.7490736017756627,30.451131578947372,59.07582307792309,95.71822702488427,50.0,34.83,D,-1.756364,0.357143,0.8571,1085.0,16,400200.0,7,0,,,브랜드·카테고리 평균 대비 성장 신호가 약함,리뷰 답글률이 높아 고객 대응 신호가 좋음,주문·리뷰 변동성이 낮아 안정성이 높음
ba_14691078,2025-09,본죽&비빔밥 통영항남점,본그룹,백반·죽·국수,경상남도,통영시,통제군,0.3330997026030744,33.309970260307445,1.4118077813959078,22.514631578947373,65.0,96.4169770938363,50.0,34.78,D,-1.816682,0.055556,1.0,1223.4,7,163500.0,5,0,,,브랜드·카테고리 평균 대비 성장 신호가 약함,리뷰 답글률이 높아 고객 대응 신호가 좋음,주문·리뷰 변동성이 낮아 안정성이 높음
ba_14392877,2025-09,본죽&비빔밥 인천석바위점,본그룹,백반·죽·국수,인천광역시,미추홀구,실험군,0.406048210999347,40.6048210999347,1.1654740082230637,21.05263157894737,50.0,96.14322974759529,50.0,34.78,D,-1.827793,0.0,,,28,487400.0,0,0,,,브랜드·카테고리 평균 대비 성장 신호가 약함,주문·리뷰 변동성이 낮아 안정성이 높음,
ba_14593800,2025-09,굽네피자 광주오포점,굽네치킨,피자,경기도,광주시,실험군,0.321856499716418,32.1856499716418,36.576613467092436,12.280710526315792,17.5,98.54681685085222,50.0,34.73,D,-0.230557,-0.333333,0.0,,0,0.0,1,0,,,주문·리뷰 변동성이 낮아 안정성이 높음,,
ba_14563145,2025-09,굽네치킨 경주불국사점,굽네치킨,치킨,경상북도,경주시,실험군,0.5734378504369655,57.34378504369655,25.210363909874122,20.42605263157895,17.5,26.494384436038075,50.0,34.71,D,-0.743237,-0.02381,0.0,,511,17677600.0,3,0,,,브랜드·카테고리 평균 대비 성장 신호가 약함,,
ba_14692434,2025-09,본죽&비빔밥 천안백석푸르지오점,본그룹,백반·죽·국수,충청남도,천안시,통제군,0.3652328244690315,36.52328244690315,0.0,14.12742105263158,69.68145849654978,92.26825087495973,50.0,34.58,D,-1.880425,-0.263158,1.0,1041.0,6,148500.0,9,0,,,브랜드·카테고리 평균 대비 성장 신호가 약함,리뷰 답글률이 높아 고객 대응 신호가 좋음,주문·리뷰 변동성이 낮아 안정성이 높음
ba_14533127,2025-09,본죽&비빔밥 위례창곡점,본그룹,백반·죽·국수,경기도,성남시,통제군,0.3349468621049272,33.494686210492716,1.5349857531129707,23.2456052631579,65.0,92.19453853318299,50.0,34.56,D,-1.811126,0.083333,1.0,1221.0,14,395000.0,12,0,,,브랜드·카테고리 평균 대비 성장 신호가 약함,리뷰 답글률이 높아 고객 대응 신호가 좋음,주문·리뷰 변동성이 낮아 안정성이 높음
ba_14754395,2025-09,굽네치킨 구이점,굽네치킨,치킨,전북특별자치도,완주군,실험군,0.2545989705690192,25.45989705690192,38.73994322306936,25.4386052631579,17.5,95.09887187588404,50.0,34.55,D,-0.132979,0.166667,0.0,,0,0.0,2,0,,,주문·리뷰 변동성이 낮아 안정성이 높음,,
ba_14506800,2025-09,본죽&비빔밥 율전상률초점,본그룹,백반·죽·국수,경기도,수원시,통제군,0.1042929086613033,10.42929086613033,10.03357852349053,73.68421052631578,50.0,98.29599171383185,50.0,34.54,D,-1.427793,2.0,,,0,0.0,0,0,,,브랜드·카테고리 평균 대비 성장 신호가 약함,최근 리뷰 성장 흐름이 우수함,주문·리뷰 변동성이 낮아 안정성이 높음
ba_14652311,2025-09,굽네치킨&피자 강남세곡점,굽네치킨,치킨,서울특별시,강남구,실험군,0.4403838571196979,44.03838571196979,37.75735724277772,15.296052631578949,17.5,75.64729912975608,9.26624737945492,34.53,D,-0.177299,-0.21875,0.0,,324,8963300.0,5,1,42203.05,0.6555,서울 동일 자치구·유사업종 상권 대비 객단가 포지션이 약함,주문·리뷰 변동성이 낮아 안정성이 높음,
ba_14686856,2025-09,본죽&비빔밥 부산만덕사거리점,본그룹,백반·죽·국수,부산광역시,북구,통제군,0.3405309935936331,34.05309935936331,0.15772478136935617,15.071763157894738,69.39408349612214,98.7995551092434,50.0,34.51,D,-1.873248,-0.227273,1.0,1050.6,4,90000.0,5,0,,,브랜드·카테고리 평균 대비 성장 신호가 약함,리뷰 답글률이 높아 고객 대응 신호가 좋음,주문·리뷰 변동성이 낮아 안정성이 높음
ba_14691904,2025-09,본죽&비빔밥 울산우정점,본그룹,백반·죽·국수,울산광역시,중구,통제군,0.3354458872925148,33.54458872925148,0.6112174760188488,17.763157894736846,67.88536474387702,97.44196385177938,50.0,34.48,D,-1.852793,-0.125,1.0,1101.0,11,310700.0,6,0,,,브랜드·카테고리 평균 대비 성장 신호가 약함,리뷰 답글률이 높아 고객 대응 신호가 좋음,주문·리뷰 변동성이 낮아 안정성이 높음
ba_14770149,2025-09,본죽&비빔밥 동탄테크노밸리점,본그룹,백반·죽·국수,경기도,화성시,통제군,0.3202055580739503,32.02055580739503,1.1654740082230637,50.0,40.625,93.57607168623474,50.0,34.45,D,-1.827793,,0.625,1295.4,7,172900.0,8,0,,,브랜드·카테고리 평균 대비 성장 신호가 약함,주문·리뷰 변동성이 낮아 안정성이 높음,
ba_13972155,2025-09,굽네피자 금호점,굽네치킨,피자,광주광역시,서구,실험군,0.2439155846438949,24.39155846438949,28.972302526295735,7.894736842105264,50.0,98.62733241718597,50.0,34.33,D,-0.573553,-0.5,,,5,186000.0,0,0,,,브랜드·카테고리 평균 대비 성장 신호가 약함,주문·리뷰 변동성이 낮아 안정성이 높음,
ba_13972595,2025-09,굽네피자 나주혁신도시1호점,굽네치킨,피자,전라남도,나주시,실험군,0.267729574061286,26.7729574061286,24.03057345542423,12.280710526315792,50.0,95.98661272078671,50.0,34.32,D,-0.796452,-0.333333,,,15,589700.0,0,0,,,브랜드·카테고리 평균 대비 성장 신호가 약함,주문·리뷰 변동성이 낮아 안정성이 높음,
ba_13230793,2025-09,본죽&비빔밥 구로디지털역점,본그룹,백반·죽·국수,서울특별시,구로구,실험군,0.4774843341623128,47.74843341623128,27.057390548052744,13.533842105263158,17.5,96.71292463559871,2.7840670859538794,34.3,D,-0.659926,-0.285714,0.0,,69,1224600.0,2,1,30692.93,0.5782,브랜드·카테고리 평균 대비 성장 신호가 약함,서울 동일 자치구·유사업종 상권 대비 객단가 포지션이 약함,주문·리뷰 변동성이 낮아 안정성이 높음
ba_14108842,2025-09,굽네치킨 영암점,굽네치킨,치킨,전라남도,영암군,실험군,0.1447286792850112,14.47286792850112,38.00094190355083,50.0,17.5,95.76327948145973,50.0,34.27,D,-0.166312,,0.0,,0,0.0,5,0,,,주문·리뷰 변동성이 낮아 안정성이 높음,,
ba_14274836,2025-09,굽네피자 운천점,굽네치킨,피자,경기도,포천시,실험군,0.3506928308091949,35.06928308091949,18.78052256081816,0.0,50.0,97.98680347926924,50.0,34.27,D,-1.033258,-1.0,,,10,281000.0,0,0,,,브랜드·카테고리 평균 대비 성장 신호가 약함,주문·리뷰 변동성이 낮아 안정성이 높음,
ba_14690709,2025-09,본죽&비빔밥 김해진영점,본그룹,백반·죽·국수,경상남도,김해시,실험군,0.3181236184464266,31.812361844642663,23.286805529728742,4.0247631578947365,50.0,91.19438843810725,50.0,34.18,D,-0.83,-0.647059,,,1,28000.0,0,0,,,브랜드·카테고리 평균 대비 성장 신호가 약함,주문·리뷰 변동성이 낮아 안정성이 높음,
ba_14690909,2025-09,본죽&비빔밥 마산회원동점,본그룹,백반·죽·국수,경상남도,창원시,통제군,0.30085295050827,30.085295050827,2.0522844597498113,26.31578947368421,65.0,94.1195439620863,50.0,34.15,D,-1.787793,0.2,1.0,1275.0,0,0.0,8,0,,,브랜드·카테고리 평균 대비 성장 신호가 약함,리뷰 답글률이 높아 고객 대응 신호가 좋음,주문·리뷰 변동성이 낮아 안정성이 높음
ba_13229960,2025-09,본죽 창원소답점,본그룹,백반·죽·국수,경상남도,창원시,실험군,0.4426564843663833,44.26564843663833,4.4342573325506525,4.605263157894738,50.0,93.58660248375298,50.0,34.15,D,-1.680353,-0.625,,,44,762000.0,0,0,,,브랜드·카테고리 평균 대비 성장 신호가 약함,주문·리뷰 변동성이 낮아 안정성이 높음,
ba_14742704,2025-09,본죽&비빔밥 청주개신점,본그룹,백반·죽·국수,충청북도,청주시,실험군,0.4562578389148722,45.625783891487224,0.0,12.280710526315792,50.0,87.76151605917681,50.0,34.09,D,-1.89446,-0.333333,,,106,2034900.0,0,0,,,브랜드·카테고리 평균 대비 성장 신호가 약함,주문·리뷰 변동성이 낮아 안정성이 높음,
ba_14607412,2025-09,굽네치킨&피자 거북섬점,굽네치킨,치킨,경기도,시흥시,실험군,0.1948684415525798,19.48684415525798,40.71859470251584,37.181657894736844,17.5,87.97276936904242,50.0,34.0,D,-0.043731,0.612903,0.0,,0,0.0,29,0,,,월 리뷰 수가 전체 매장 상위권에 속함,주문·리뷰 변동성이 낮아 안정성이 높음,
ba_14581501,2025-09,본죽&비빔밥 동탄한림대병원점,본그룹,백반·죽·국수,경기도,화성시,실험군,0.2471735312013812,24.71735312013812,1.1654740082230637,50.0,50.0,99.7060638816148,50.0,33.91,D,-1.827793,,,,4,188800.0,0,0,,,브랜드·카테고리 평균 대비 성장 신호가 약함,주문·리뷰 변동성이 낮아 안정성이 높음,
ba_13229184,2025-09,본죽 대구산격점,본그룹,백반·죽·국수,대구광역시,북구,실험군,0.4846009319436259,48.46009319436259,0.0,4.135342105263159,50.0,88.23537534516888,50.0,33.9,D,-1.956364,-0.642857,,,92,1702100.0,0,0,,,브랜드·카테고리 평균 대비 성장 신호가 약함,주문·리뷰 변동성이 낮아 안정성이 높음,
ba_13977023,2025-09,굽네피자 삼숭고읍점,굽네치킨,피자,경기도,양주시,실험군,0.3362223070492686,33.62223070492686,17.362401797520448,3.508763157894738,50.0,97.34202751337689,50.0,33.87,D,-1.097223,-0.666667,,,0,0.0,0,0,,,브랜드·카테고리 평균 대비 성장 신호가 약함,주문·리뷰 변동성이 낮아 안정성이 높음,
ba_13974075,2025-09,굽네피자 인계점,굽네치킨,피자,경기도,수원시,실험군,0.2987914743631806,29.87914743631806,23.863808750014623,0.0,50.0,99.31284824807494,50.0,33.85,D,-0.803974,-1.0,,,9,317100.0,0,0,,,브랜드·카테고리 평균 대비 성장 신호가 약함,주문·리뷰 변동성이 낮아 안정성이 높음,
ba_14688115,2025-09,본죽 산본사거리점,본그룹,백반·죽·국수,경기도,군포시,실험군,0.2413686966009459,24.13686966009459,1.1654740082230637,50.0,50.0,100.0,50.0,33.74,D,-1.827793,,,,0,0.0,0,0,,,브랜드·카테고리 평균 대비 성장 신호가 약함,주문·리뷰 변동성이 낮아 안정성이 높음,
ba_14688567,2025-09,본죽&비빔밥 목동8단지점,본그룹,백반·죽·국수,서울특별시,양천구,실험군,0.4730389623304266,47.30389623304266,21.714446258649247,6.8825789473684225,17.5,93.84359173337164,21.844863731656183,33.71,D,-0.900922,-0.538462,0.0,,50,1167400.0,1,1,28984.02,0.8055,브랜드·카테고리 평균 대비 성장 신호가 약함,서울 동일 자치구·유사업종 상권 대비 객단가 포지션이 약함,주문·리뷰 변동성이 낮아 안정성이 높음
ba_13230502,2025-09,본죽 화성봉담점,본그룹,백반·죽·국수,경기도,화성시,통제군,0.5613637413122845,56.13637413122845,0.0,10.526315789473685,17.5,98.39153905775177,50.0,33.69,D,-1.907793,-0.4,0.0,,2,27000.0,2,0,,,브랜드·카테고리 평균 대비 성장 신호가 약함,주문·리뷰 변동성이 낮아 안정성이 높음,
ba_14397420,2025-09,굽네치킨 진해장천점,굽네치킨,치킨,경상남도,창원시,실험군,0.2118147056283937,21.18147056283937,39.71734136221956,31.239394736842108,17.5,89.07693351340204,50.0,33.56,D,-0.088893,0.387097,0.0,,0,0.0,7,0,,,주문·리뷰 변동성이 낮아 안정성이 높음,,
ba_13224833,2025-09,본죽 명학역점,본그룹,백반·죽·국수,경기도,안양시,실험군,0.4758557015185126,47.58557015185126,0.0,0.0,50.0,93.68489990633319,50.0,33.52,D,-2.027793,-1.0,,,37,679000.0,0,0,,,브랜드·카테고리 평균 대비 성장 신호가 약함,주문·리뷰 변동성이 낮아 안정성이 높음,
ba_13233454,2025-09,본죽 서산읍내동점,본그룹,백반·죽·국수,충청남도,서산시,실험군,0.4723977329813272,47.23977329813272,16.734451316794356,6.015026315789476,17.5,92.505235399622,50.0,33.5,D,-1.125547,-0.571429,0.0,,52,964400.0,1,0,,,브랜드·카테고리 평균 대비 성장 신호가 약함,주문·리뷰 변동성이 낮아 안정성이 높음,
ba_14799660,2025-09,본죽&비빔밥 의정부역점,본그룹,백반·죽·국수,경기도,의정부시,실험군,0.2329939709355243,23.29939709355243,1.1654740082230637,50.0,50.0,100.0,50.0,33.45,D,-1.827793,,,,0,0.0,0,0,,,브랜드·카테고리 평균 대비 성장 신호가 약함,주문·리뷰 변동성이 낮아 안정성이 높음,
ba_14690122,2025-09,본죽&비빔밥 용인죽전사거리도담마을점,본그룹,백반·죽·국수,경기도,용인시,실험군,0.3896221212635437,38.962212126354366,1.1654740082230637,50.0,17.5,93.95672025079328,50.0,33.45,D,-1.827793,,0.0,,13,354200.0,6,0,,,브랜드·카테고리 평균 대비 성장 신호가 약함,주문·리뷰 변동성이 낮아 안정성이 높음,
ba_14629919,2025-09,굽네피자 양지동점,굽네치킨,피자,경기도,성남시,실험군,0.3393226941913319,33.932269419133185,15.884376988222106,0.0,50.0,99.68944441379911,50.0,33.32,D,-1.16389,-1.0,,,0,0.0,0,0,,,브랜드·카테고리 평균 대비 성장 신호가 약함,주문·리뷰 변동성이 낮아 안정성이 높음,
ba_13231050,2025-09,본죽&비빔밥 안산고잔법원점,본그룹,백반·죽·국수,경기도,안산시,실험군,0.4834128474120791,48.341284741207915,0.0,0.0,50.0,88.90309871864449,50.0,33.31,D,-2.008745,-0.904762,,,82,1606800.0,0,0,,,브랜드·카테고리 평균 대비 성장 신호가 약함,주문·리뷰 변동성이 낮아 안정성이 높음,
ba_14687347,2025-09,본죽&비빔밥 둔촌보훈병원점,본그룹,백반·죽·국수,서울특별시,강동구,실험군,0.4051381477662958,40.51381477662958,0.0,0.0,50.0,97.33033208633287,50.0,33.27,D,-2.027793,-1.0,,,0,0.0,0,1,28416.11,,브랜드·카테고리 평균 대비 성장 신호가 약함,주문·리뷰 변동성이 낮아 안정성이 높음,
ba_13973349,2025-09,굽네피자 온의퇴계점,굽네치킨,피자,강원특별자치도,춘천시,실험군,0.3139803415068102,31.39803415068102,20.758220719029243,0.0,50.0,95.46328574458485,50.0,33.23,D,-0.944053,-1.0,,,14,428100.0,0,0,,,브랜드·카테고리 평균 대비 성장 신호가 약함,주문·리뷰 변동성이 낮아 안정성이 높음,
ba_13969584,2025-09,굽네피자 대구대현점,굽네치킨,피자,대구광역시,북구,실험군,0.3046547031791448,30.465470317914477,35.682442488818026,7.894736842105264,17.5,97.38223340259887,50.0,33.13,D,-0.270889,-0.5,0.0,,17,525700.0,1,0,,,주문·리뷰 변동성이 낮아 안정성이 높음,,
ba_14422337,2025-09,본죽&비빔밥 고양덕은점,본그룹,백반·죽·국수,경기도,고양시,실험군,0.2851187673999343,28.51187673999343,22.633913505053464,0.0,50.0,99.37405520471862,50.0,33.08,D,-0.859449,-1.0,,,14,591300.0,0,0,,,브랜드·카테고리 평균 대비 성장 신호가 약함,주문·리뷰 변동성이 낮아 안정성이 높음,
ba_13234523,2025-09,본죽&비빔밥 동탄목동점,본그룹,백반·죽·국수,경기도,화성시,통제군,0.3273222484180502,32.73222484180502,0.1801389155316968,15.204684210526317,65.0,95.31926120959166,50.0,33.06,D,-1.872237,-0.222222,1.0,1257.0,0,0.0,1,0,,,브랜드·카테고리 평균 대비 성장 신호가 약함,리뷰 답글률이 높아 고객 대응 신호가 좋음,주문·리뷰 변동성이 낮아 안정성이 높음
ba_14796355,2025-09,본죽&비빔밥 남양주퇴계원점,본그룹,백반·죽·국수,경기도,남양주시,실험군,0.2203561265820513,22.03561265820513,1.1654740082230637,50.0,50.0,100.0,50.0,33.0,D,-1.827793,,,,0,0.0,0,0,,,브랜드·카테고리 평균 대비 성장 신호가 약함,주문·리뷰 변동성이 낮아 안정성이 높음,
ba_14691997,2025-09,본죽&비빔밥 부산사상점,본그룹,백반·죽·국수,부산광역시,사상구,통제군,0.2681966186688336,26.819661866883358,2.783304485204595,30.65434210526316,65.0,85.4527022429481,50.0,32.98,D,-1.75482,0.364865,1.0,3174.18,28,685000.0,34,0,,,브랜드·카테고리 평균 대비 성장 신호가 약함,월 리뷰 수가 전체 매장 상위권에 속함,리뷰 답글률이 높아 고객 대응 신호가 좋음
ba_14691262,2025-09,본죽&비빔밥 대구상인롯데점,본그룹,백반·죽·국수,대구광역시,달서구,실험군,0.2167553969375264,21.67553969375264,1.1654740082230637,50.0,50.0,100.0,50.0,32.88,D,-1.827793,,,,0,0.0,0,0,,,브랜드·카테고리 평균 대비 성장 신호가 약함,주문·리뷰 변동성이 낮아 안정성이 높음,
ba_14399330,2025-09,본죽&비빔밥 대구상인롯데점,본그룹,백반·죽·국수,대구광역시,달서구,실험군,0.2166673115979929,21.66673115979929,1.1654740082230637,50.0,50.0,100.0,50.0,32.87,D,-1.827793,,,,0,0.0,0,0,,,브랜드·카테고리 평균 대비 성장 신호가 약함,주문·리뷰 변동성이 낮아 안정성이 높음,
ba_10583009,2025-09,굽네치킨 광주용봉점,굽네치킨,치킨,광주광역시,북구,실험군,0.3655418927238591,36.55418927238591,27.076456972760564,61.47978947368421,1.248,37.2156308567964,50.0,32.69,D,-0.659066,1.536232,0.0192,2961.0,0,0.0,52,0,,,브랜드·카테고리 평균 대비 성장 신호가 약함,월 리뷰 수가 전체 매장 상위권에 속함,
ba_14801139,2025-09,굽네치킨&피자 율하스타점,굽네치킨,치킨,경상남도,김해시,실험군,0.0918439528874853,9.18439528874853,38.00094190355083,50.0,17.5,98.4889995230425,50.0,32.69,D,-0.166312,,0.0,,8,249600.0,1,0,,,주문·리뷰 변동성이 낮아 안정성이 높음,,
ba_13228869,2025-09,본죽&비빔밥 대전판암점,본그룹,백반·죽·국수,대전광역시,동구,실험군,0.4241567649259992,42.41567649259992,0.0,7.894736842105264,50.0,90.897116886746,50.0,32.62,D,-1.927793,-0.5,,,67,1295100.0,0,0,,,브랜드·카테고리 평균 대비 성장 신호가 약함,주문·리뷰 변동성이 낮아 안정성이 높음,
ba_14687134,2025-09,본죽 만리점,본그룹,백반·죽·국수,서울특별시,중구,실험군,0.7004818452867785,70.04818452867785,0.0,11.806552631578949,17.5,72.48331657090245,0.0,32.55,D,-1.898063,-0.351351,0.0,,202,4282700.0,3,1,40727.52,0.5206,브랜드·카테고리 평균 대비 성장 신호가 약함,서울 동일 자치구·유사업종 상권 대비 객단가 포지션이 약함,주문·리뷰 변동성이 낮아 안정성이 높음
ba_13260523,2025-09,본죽＆비빔밥 평택포승점,본그룹,백반·죽·국수,경기도,평택시,실험군,0.4333537913144516,43.335379131445166,15.33825694191065,13.312684210526319,17.5,89.20899436001221,50.0,32.54,D,-1.188523,-0.294118,0.0,,49,984200.0,1,0,,,브랜드·카테고리 평균 대비 성장 신호가 약함,주문·리뷰 변동성이 낮아 안정성이 높음,
ba_14249441,2025-09,굽네피자 부산하단점,굽네치킨,피자,부산광역시,사하구,실험군,0.3289410754011987,32.89410754011987,15.884376988222106,0.0,50.0,94.69060960362526,50.0,32.45,D,-1.16389,-1.0,,,0,0.0,0,0,,,브랜드·카테고리 평균 대비 성장 신호가 약함,주문·리뷰 변동성이 낮아 안정성이 높음,
ba_14341228,2025-09,굽네피자&치킨 고덕국제점,굽네치킨,피자,경기도,평택시,실험군,0.3037813567512521,30.37813567512521,18.337671591586986,0.3759473684210532,50.0,96.12710791627303,50.0,32.39,D,-1.053233,-0.785714,,,7,236800.0,0,0,,,브랜드·카테고리 평균 대비 성장 신호가 약함,주문·리뷰 변동성이 낮아 안정성이 높음,
ba_14703003,2025-09,본죽 경남거제옥포점,본그룹,백반·죽·국수,경상남도,거제시,실험군,0.2026895533158679,20.268955331586792,1.1654740082230637,50.0,50.0,100.0,50.0,32.39,D,-1.827793,,,,0,0.0,0,0,,,브랜드·카테고리 평균 대비 성장 신호가 약함,주문·리뷰 변동성이 낮아 안정성이 높음,
ba_13223504,2025-09,본죽&비빔밥 문정법조단지점,본그룹,백반·죽·국수,서울특별시,송파구,실험군,0.470772639277276,47.0772639277276,4.121501456558455,38.596500000000006,17.5,93.56794643826352,5.836477987421384,32.33,D,-1.69446,0.666667,0.0,,46,950200.0,1,1,33611.9,0.6146,브랜드·카테고리 평균 대비 성장 신호가 약함,서울 동일 자치구·유사업종 상권 대비 객단가 포지션이 약함,주문·리뷰 변동성이 낮아 안정성이 높음
ba_14400680,2025-09,굽네치킨 영암삼호점,굽네치킨,치킨,전라남도,영암군,실험군,0.41829680538074,41.829680538074,24.340158984052216,17.105263157894736,17.5,62.650162239923446,50.0,32.18,D,-0.782488,-0.15,0.0,,250,8226100.0,6,0,,,브랜드·카테고리 평균 대비 성장 신호가 약함,,
ba_14691145,2025-09,본죽&비빔밥 구미상모점,본그룹,백반·죽·국수,경상북도,구미시,통제군,0.2705337429667828,27.053374296678278,9.010332283996398,67.61134210526318,10.658770999757092,86.87760760581443,50.0,32.15,D,-1.473947,1.769231,0.0588,969.0,12,289700.0,17,0,,,브랜드·카테고리 평균 대비 성장 신호가 약함,월 리뷰 수가 전체 매장 상위권에 속함,주문·리뷰 변동성이 낮아 안정성이 높음
ba_14812426,2025-09,본죽&비빔밥 대전선화점,본그룹,백반·죽·국수,대전광역시,중구,실험군,0.1935170510624807,19.351705106248072,1.1654740082230637,50.0,50.0,100.0,50.0,32.06,D,-1.827793,,,,0,0.0,0,0,,,브랜드·카테고리 평균 대비 성장 신호가 약함,주문·리뷰 변동성이 낮아 안정성이 높음,
ba_14812430,2025-09,본죽&비빔밥 대전선화점,본그룹,백반·죽·국수,대전광역시,중구,실험군,0.1928014645573843,19.280146455738432,1.1654740082230637,50.0,50.0,100.0,50.0,32.04,D,-1.827793,,,,0,0.0,0,0,,,브랜드·카테고리 평균 대비 성장 신호가 약함,주문·리뷰 변동성이 낮아 안정성이 높음,
ba_14783436,2025-09,본죽&비빔밥 마산합포오동점,본그룹,백반·죽·국수,경상남도,창원시,통제군,0.2568914744602231,25.68914744602231,1.1654740082230637,50.0,39.0,91.52655896291947,50.0,31.79,D,-1.827793,,0.6,1241.0,0,0.0,10,0,,,브랜드·카테고리 평균 대비 성장 신호가 약함,주문·리뷰 변동성이 낮아 안정성이 높음,
ba_14762166,2025-09,본죽&비빔밥 광주북구청점,본그룹,백반·죽·국수,광주광역시,북구,실험군,0.4484659093948505,44.84659093948505,2.730428412032316,30.340552631578948,17.5,78.81431802245461,50.0,31.44,D,-1.757205,0.352941,0.0,,72,1385100.0,1,0,,,브랜드·카테고리 평균 대비 성장 신호가 약함,주문·리뷰 변동성이 낮아 안정성이 높음,
ba_13233594,2025-09,본죽 대구진천역점,본그룹,백반·죽·국수,대구광역시,달서구,실험군,0.4870408927664119,48.70408927664119,10.316116333346953,3.508763157894738,17.5,86.58201337017569,50.0,31.43,D,-1.415049,-0.666667,0.0,,106,1920500.0,1,0,,,브랜드·카테고리 평균 대비 성장 신호가 약함,주문·리뷰 변동성이 낮아 안정성이 높음,
ba_10774794,2025-09,굽네치킨&피자 회덕점,굽네치킨,치킨,경기도,광주시,실험군,0.1852964017237399,18.52964017237399,37.84803361144633,20.145184210526317,17.5,95.76327948145973,50.0,31.17,D,-0.173209,-0.034483,0.0,,0,0.0,18,0,,,월 리뷰 수가 전체 매장 상위권에 속함,주문·리뷰 변동성이 낮아 안정성이 높음,
ba_13228978,2025-09,본죽&비빔밥 인천연희연세병원점,본그룹,백반·죽·국수,인천광역시,서구,실험군,0.3612747188246887,36.12747188246887,0.0,7.894736842105264,50.0,97.92077334866869,50.0,31.12,D,-1.927793,-0.5,,,16,359000.0,0,0,,,브랜드·카테고리 평균 대비 성장 신호가 약함,주문·리뷰 변동성이 낮아 안정성이 높음,
ba_14702063,2025-09,본죽&비빔밥 목동파라곤점,본그룹,백반·죽·국수,서울특별시,양천구,통제군,0.2016888369543294,20.16888369543294,2.1508091009144303,26.90057894736842,53.91041683059585,92.84426914998704,50.0,31.1,D,-1.783349,0.222222,0.75,1025.0,0,0.0,4,1,28984.02,,브랜드·카테고리 평균 대비 성장 신호가 약함,주문·리뷰 변동성이 낮아 안정성이 높음,
ba_14831112,2025-09,본죽&비빔밥 상봉역점,본그룹,백반·죽·국수,서울특별시,중랑구,통제군,0.1036263073603041,10.362630736030411,1.1654740082230637,50.0,50.0,100.0,50.0,31.03,D,-1.827793,,,,0,0.0,0,1,33870.55,,브랜드·카테고리 평균 대비 성장 신호가 약함,주문·리뷰 변동성이 낮아 안정성이 높음,
ba_14270903,2025-09,굽네치킨&피자 원미점,굽네치킨,치킨,경기도,부천시,실험군,0.2063063654534652,20.63063654534652,26.976712967225097,0.0,50.0,95.19255584790815,50.0,30.98,D,-0.663565,-0.833333,,,32,1209700.0,0,0,,,브랜드·카테고리 평균 대비 성장 신호가 약함,주문·리뷰 변동성이 낮아 안정성이 높음,
ba_14841573,2025-09,본죽&비빔밥 왕십리점,본그룹,백반·죽·국수,서울특별시,성동구,통제군,0.0984658416890461,9.84658416890461,1.1654740082230637,50.0,50.0,100.0,50.0,30.86,D,-1.827793,,,,0,0.0,0,1,33628.43,,브랜드·카테고리 평균 대비 성장 신호가 약함,주문·리뷰 변동성이 낮아 안정성이 높음,
ba_14688709,2025-09,본죽&비빔밥 부천순천향병원앞점,본그룹,백반·죽·국수,경기도,부천시,실험군,0.4175868861331872,41.75868861331872,0.0,0.0,50.0,87.48070578137859,50.0,30.86,D,-1.988769,-0.804878,,,23,556700.0,0,0,,,브랜드·카테고리 평균 대비 성장 신호가 약함,주문·리뷰 변동성이 낮아 안정성이 높음,
ba_14831111,2025-09,본죽&비빔밥 상봉역점,본그룹,백반·죽·국수,서울특별시,중랑구,통제군,0.0958299539244549,9.58299539244549,1.1654740082230637,50.0,50.0,100.0,50.0,30.78,D,-1.827793,,,,0,0.0,0,1,33870.55,,브랜드·카테고리 평균 대비 성장 신호가 약함,주문·리뷰 변동성이 낮아 안정성이 높음,
ba_14841574,2025-09,본죽&비빔밥 왕십리점,본그룹,백반·죽·국수,서울특별시,성동구,통제군,0.0950505020572458,9.50505020572458,1.1654740082230637,50.0,50.0,100.0,50.0,30.76,D,-1.827793,,,,0,0.0,0,1,33628.43,,브랜드·카테고리 평균 대비 성장 신호가 약함,주문·리뷰 변동성이 낮아 안정성이 높음,
ba_13251048,2025-09,본죽&비빔밥 울산송정점,본그룹,백반·죽·국수,울산광역시,북구,실험군,0.3710388235883294,37.10388235883294,0.0,2.631578947368424,50.0,95.64045055255664,50.0,30.45,D,-1.967793,-0.7,,,0,0.0,0,0,,,브랜드·카테고리 평균 대비 성장 신호가 약함,주문·리뷰 변동성이 낮아 안정성이 높음,
ba_13207953,2025-09,본죽&비빔밥 자양동점,본그룹,백반·죽·국수,서울특별시,광진구,통제군,0.0824337151376094,8.24337151376094,1.1654740082230637,50.0,50.0,100.0,50.0,30.36,D,-1.827793,,,,0,0.0,0,1,31191.62,,브랜드·카테고리 평균 대비 성장 신호가 약함,주문·리뷰 변동성이 낮아 안정성이 높음,
ba_14692056,2025-09,본죽&비빔밥 자양동점,본그룹,백반·죽·국수,서울특별시,광진구,통제군,0.0824337151376094,8.24337151376094,1.1654740082230637,50.0,50.0,100.0,50.0,30.36,D,-1.827793,,,,0,0.0,0,1,31191.62,,브랜드·카테고리 평균 대비 성장 신호가 약함,주문·리뷰 변동성이 낮아 안정성이 높음,
ba_14826413,2025-09,본죽&비빔밥 대림성모점,본그룹,백반·죽·국수,서울특별시,동작구,통제군,0.0821688488712134,8.21688488712134,1.1654740082230637,50.0,50.0,100.0,50.0,30.35,D,-1.827793,,,,0,0.0,0,1,31379.83,,브랜드·카테고리 평균 대비 성장 신호가 약함,주문·리뷰 변동성이 낮아 안정성이 높음,
ba_14828692,2025-09,본죽&비빔밥 대림성모점,본그룹,백반·죽·국수,서울특별시,동작구,통제군,0.0821688488712134,8.21688488712134,1.1654740082230637,50.0,50.0,100.0,50.0,30.35,D,-1.827793,,,,0,0.0,0,1,31379.83,,브랜드·카테고리 평균 대비 성장 신호가 약함,주문·리뷰 변동성이 낮아 안정성이 높음,
ba_13227070,2025-09,본죽&비빔밥 부산신호점,본그룹,백반·죽·국수,부산광역시,강서구,실험군,0.3646282501996265,36.46282501996265,0.0,0.0,50.0,100.0,50.0,30.26,D,-2.027793,-1.0,,,0,0.0,0,0,,,브랜드·카테고리 평균 대비 성장 신호가 약함,주문·리뷰 변동성이 낮아 안정성이 높음,
ba_14691798,2025-09,본죽&비빔밥 울산송정점,본그룹,백반·죽·국수,울산광역시,북구,실험군,0.3689552402092284,36.895524020922835,0.0,0.0,50.0,97.33033208633287,50.0,30.15,D,-2.027793,-1.0,,,0,0.0,0,0,,,브랜드·카테고리 평균 대비 성장 신호가 약함,주문·리뷰 변동성이 낮아 안정성이 높음,
ba_10698232,2025-09,굽네치킨&피자 연경점,굽네치킨,치킨,대구광역시,동구,실험군,0.3503556107066514,35.03556107066514,19.97623126287296,18.739157894736845,65.0,2.582297522787866,50.0,30.08,D,-0.979325,-0.087912,1.0,3122.96,14,323500.0,131,0,,,브랜드·카테고리 평균 대비 성장 신호가 약함,월 리뷰 수가 전체 매장 상위권에 속함,리뷰 답글률이 높아 고객 대응 신호가 좋음
ba_14798893,2025-09,본죽&비빔밥 남양주퇴계원점,본그룹,백반·죽·국수,경기도,남양주시,실험군,0.2793411934956965,27.934119349569652,1.1654740082230637,50.0,17.5,98.7995551092434,50.0,30.07,D,-1.827793,,0.0,,4,56500.0,1,0,,,브랜드·카테고리 평균 대비 성장 신호가 약함,주문·리뷰 변동성이 낮아 안정성이 높음,
ba_14691237,2025-09,본죽 대구황금동점,본그룹,백반·죽·국수,대구광역시,수성구,실험군,0.3805930757634441,38.05930757634441,0.0,0.0,50.0,91.60480109120243,50.0,29.98,D,-2.007793,-0.9,,,0,0.0,0,0,,,브랜드·카테고리 평균 대비 성장 신호가 약함,주문·리뷰 변동성이 낮아 안정성이 높음,
ba_14780432,2025-09,본죽&비빔밥 경기광주태전힐스테이트점,본그룹,백반·죽·국수,경기도,광주시,통제군,0.1409798735584251,14.097987355842509,1.1654740082230637,50.0,50.0,97.25269318978263,50.0,29.95,D,-1.827793,,,,1,15500.0,0,0,,,브랜드·카테고리 평균 대비 성장 신호가 약함,주문·리뷰 변동성이 낮아 안정성이 높음,
ba_14754965,2025-09,본죽&비빔밥 평택시청점,본그룹,백반·죽·국수,경기도,평택시,실험군,0.3553635748760548,35.53635748760548,0.0,0.0,50.0,100.0,50.0,29.94,D,-2.027793,-1.0,,,0,0.0,0,0,,,브랜드·카테고리 평균 대비 성장 신호가 약함,주문·리뷰 변동성이 낮아 안정성이 높음,
ba_14049107,2025-09,굽네치킨&피자 송도신도시점,굽네치킨,치킨,인천광역시,연수구,실험군,0.2345749341970456,23.45749341970456,15.830680615382164,0.0,50.0,100.0,50.0,29.67,D,-1.166312,-1.0,,,0,0.0,0,0,,,브랜드·카테고리 평균 대비 성장 신호가 약함,주문·리뷰 변동성이 낮아 안정성이 높음,
ba_14248050,2025-09,굽네치킨&피자 은행선화점,굽네치킨,치킨,대전광역시,중구,실험군,0.2184092548702768,21.84092548702768,21.060999977441764,0.0,50.0,92.51642268012702,50.0,29.66,D,-0.930396,-0.928571,,,25,762300.0,0,0,,,브랜드·카테고리 평균 대비 성장 신호가 약함,주문·리뷰 변동성이 낮아 안정성이 높음,
ba_14691864,2025-09,본죽&비빔밥 부산신호점,본그룹,백반·죽·국수,부산광역시,강서구,실험군,0.3645080381953853,36.45080381953853,0.0,0.0,50.0,92.8808855635543,50.0,29.55,D,-2.027793,-1.0,,,0,0.0,0,0,,,브랜드·카테고리 평균 대비 성장 신호가 약함,주문·리뷰 변동성이 낮아 안정성이 높음,
ba_14528476,2025-09,본죽&비빔밥 인천박촌역점,본그룹,백반·죽·국수,인천광역시,계양구,통제군,0.1250855993733589,12.508559937335889,1.1654740082230637,50.0,50.0,98.21835281728161,50.0,29.49,D,-1.827793,,,,1,12500.0,0,0,,,브랜드·카테고리 평균 대비 성장 신호가 약함,주문·리뷰 변동성이 낮아 안정성이 높음,
ba_14690560,2025-09,본죽 창원경상대학교병원점,본그룹,백반·죽·국수,경상남도,창원시,통제군,0.0995219246323236,9.95219246323236,10.03357852349053,73.68421052631578,17.5,97.39176010945752,50.0,29.41,D,-1.427793,2.0,0.0,,4,87500.0,3,0,,,브랜드·카테고리 평균 대비 성장 신호가 약함,최근 리뷰 성장 흐름이 우수함,주문·리뷰 변동성이 낮아 안정성이 높음
ba_14262149,2025-09,본죽&비빔밥 용인둔전점,본그룹,백반·죽·국수,경기도,용인시,실험군,0.4984648064241138,49.84648064241138,0.0,2.25563157894737,17.5,88.60903809242359,50.0,29.27,D,-1.97065,-0.714286,0.0,,128,2811500.0,3,0,,,브랜드·카테고리 평균 대비 성장 신호가 약함,주문·리뷰 변동성이 낮아 안정성이 높음,
ba_14691105,2025-09,본죽&비빔밥 대전하기동점,본그룹,백반·죽·국수,대전광역시,유성구,실험군,0.3349138594802502,33.49138594802502,0.0,0.0,50.0,100.0,50.0,29.22,D,-2.027793,-1.0,,,0,0.0,0,0,,,브랜드·카테고리 평균 대비 성장 신호가 약함,주문·리뷰 변동성이 낮아 안정성이 높음,
ba_13292835,2025-09,본죽&비빔밥 대전하기동점,본그룹,백반·죽·국수,대전광역시,유성구,실험군,0.3349138594802502,33.49138594802502,0.0,0.0,50.0,100.0,50.0,29.22,D,-2.027793,-1.0,,,0,0.0,0,0,,,브랜드·카테고리 평균 대비 성장 신호가 약함,주문·리뷰 변동성이 낮아 안정성이 높음,
ba_13182129,2025-09,본죽 천안순천향병원점,본그룹,백반·죽·국수,충청남도,천안시,실험군,0.4128952582745933,41.28952582745933,0.278663556696316,15.789473684210527,17.5,96.88281047313762,50.0,29.2,D,-1.867793,-0.2,0.0,,1,16500.0,1,0,,,브랜드·카테고리 평균 대비 성장 신호가 약함,주문·리뷰 변동성이 낮아 안정성이 높음,
ba_14812126,2025-09,본죽&비빔밥 가평설악점,본그룹,백반·죽·국수,경기도,가평군,통제군,0.107932217179487,10.7932217179487,1.1654740082230637,50.0,50.0,100.0,50.0,29.07,D,-1.827793,,,,0,0.0,0,0,,,브랜드·카테고리 평균 대비 성장 신호가 약함,주문·리뷰 변동성이 낮아 안정성이 높음,
ba_13182018,2025-09,본죽&비빔밥 순천중앙점,본그룹,백반·죽·국수,전라남도,순천시,실험군,0.4424623564492237,44.24623564492237,0.0,11.943315789473685,17.5,90.1946180927001,50.0,28.92,D,-1.897024,-0.346154,0.0,,40,838900.0,4,0,,,브랜드·카테고리 평균 대비 성장 신호가 약함,주문·리뷰 변동성이 낮아 안정성이 높음,
ba_14690836,2025-09,본죽&비빔밥 마산내서점,본그룹,백반·죽·국수,경상남도,창원시,실험군,0.3234968146498382,32.34968146498382,0.0,0.0,50.0,100.0,50.0,28.82,D,-2.027793,-1.0,,,0,0.0,0,0,,,브랜드·카테고리 평균 대비 성장 신호가 약함,주문·리뷰 변동성이 낮아 안정성이 높음,
ba_14781731,2025-09,본죽&비빔밥 하남시청점,본그룹,백반·죽·국수,경기도,하남시,통제군,0.106810962943764,10.6810962943764,1.1654740082230637,50.0,50.0,97.33033208633287,50.0,28.76,D,-1.827793,,,,0,0.0,0,0,,,브랜드·카테고리 평균 대비 성장 신호가 약함,주문·리뷰 변동성이 낮아 안정성이 높음,
ba_14691122,2025-09,본죽 부산기장점,본그룹,백반·죽·국수,부산광역시,기장군,통제군,0.0985524521845269,9.85524521845269,1.1654740082230637,50.0,50.0,100.0,50.0,28.74,D,-1.827793,,,,0,0.0,0,0,,,브랜드·카테고리 평균 대비 성장 신호가 약함,주문·리뷰 변동성이 낮아 안정성이 높음,
ba_14691311,2025-09,본죽 경북왜관점,본그룹,백반·죽·국수,경상북도,칠곡군,통제군,0.0955428449426613,9.55428449426613,1.1654740082230637,50.0,50.0,100.0,50.0,28.64,D,-1.827793,,,,0,0.0,0,0,,,브랜드·카테고리 평균 대비 성장 신호가 약함,주문·리뷰 변동성이 낮아 안정성이 높음,
ba_14689893,2025-09,본죽 양산통도사점,본그룹,백반·죽·국수,경상남도,양산시,통제군,0.0936890938376147,9.36890938376147,1.1654740082230637,50.0,50.0,100.0,50.0,28.57,D,-1.827793,,,,0,0.0,0,0,,,브랜드·카테고리 평균 대비 성장 신호가 약함,주문·리뷰 변동성이 낮아 안정성이 높음,
ba_14775582,2025-09,본죽&비빔밥 시흥배곧한라점,본그룹,백반·죽·국수,경기도,시흥시,통제군,0.1028175244806466,10.28175244806466,1.1654740082230637,50.0,50.0,96.63093346768011,50.0,28.55,D,-1.827793,,,,0,0.0,0,0,,,브랜드·카테고리 평균 대비 성장 신호가 약함,주문·리뷰 변동성이 낮아 안정성이 높음,
ba_14818313,2025-09,본죽&비빔밥 대전복수점,본그룹,백반·죽·국수,대전광역시,서구,통제군,0.0909477354166881,9.094773541668811,1.1654740082230637,50.0,50.0,100.0,50.0,28.47,D,-1.827793,,,,0,0.0,0,0,,,브랜드·카테고리 평균 대비 성장 신호가 약함,주문·리뷰 변동성이 낮아 안정성이 높음,
ba_14818314,2025-09,본죽&비빔밥 대전복수점,본그룹,백반·죽·국수,대전광역시,서구,통제군,0.0909048421920203,9.09048421920203,1.1654740082230637,50.0,50.0,100.0,50.0,28.47,D,-1.827793,,,,0,0.0,0,0,,,브랜드·카테고리 평균 대비 성장 신호가 약함,주문·리뷰 변동성이 낮아 안정성이 높음,
ba_13976616,2025-09,굽네피자 여수관문점,굽네치킨,피자,전라남도,여수시,실험군,0.2197413409608156,21.97413409608156,15.884376988222106,0.0,50.0,92.85722151737943,50.0,28.45,D,-1.16389,-1.0,,,0,0.0,0,0,,,브랜드·카테고리 평균 대비 성장 신호가 약함,주문·리뷰 변동성이 낮아 안정성이 높음,
ba_14691048,2025-09,본죽&비빔밥 진해자은점,본그룹,백반·죽·국수,경상남도,창원시,통제군,0.0894569245100047,8.94569245100047,1.1654740082230637,50.0,50.0,100.0,50.0,28.42,D,-1.827793,,,,0,0.0,0,0,,,브랜드·카테고리 평균 대비 성장 신호가 약함,주문·리뷰 변동성이 낮아 안정성이 높음,
ba_14801362,2025-09,본죽&비빔밥 청주지웰시티점,본그룹,백반·죽·국수,충청북도,청주시,통제군,0.0884688009297668,8.846880092976681,1.1654740082230637,50.0,50.0,100.0,50.0,28.39,D,-1.827793,,,,0,0.0,0,0,,,브랜드·카테고리 평균 대비 성장 신호가 약함,주문·리뷰 변동성이 낮아 안정성이 높음,
ba_14798894,2025-09,본죽&비빔밥 남양주퇴계원점,본그룹,백반·죽·국수,경기도,남양주시,실험군,0.2403608089031995,24.03608089031995,1.1654740082230637,50.0,17.5,94.69652561516898,50.0,28.3,D,-1.827793,,0.0,,11,265300.0,5,0,,,브랜드·카테고리 평균 대비 성장 신호가 약함,주문·리뷰 변동성이 낮아 안정성이 높음,
ba_14692092,2025-09,본죽&비빔밥 제주외도점,본그룹,백반·죽·국수,제주특별자치도,제주시,실험군,0.3145994427091019,31.45994427091019,0.0,0.0,50.0,97.46497197252947,50.0,28.26,D,-2.015293,-0.9375,,,0,0.0,0,0,,,브랜드·카테고리 평균 대비 성장 신호가 약함,주문·리뷰 변동성이 낮아 안정성이 높음,
ba_14689760,2025-09,본죽&비빔밥 송도퍼스트파크점,본그룹,백반·죽·국수,인천광역시,연수구,통제군,0.0831760129288867,8.31760129288867,1.1654740082230637,50.0,50.0,100.0,50.0,28.2,D,-1.827793,,,,0,0.0,0,0,,,브랜드·카테고리 평균 대비 성장 신호가 약함,주문·리뷰 변동성이 낮아 안정성이 높음,
ba_13223141,2025-09,본죽 일산탄현점,본그룹,백반·죽·국수,경기도,고양시,실험군,0.4343807471389032,43.438074713890316,0.0,3.508763157894738,17.5,98.39153905775177,50.0,28.19,D,-1.961126,-0.666667,0.0,,2,36300.0,1,0,,,브랜드·카테고리 평균 대비 성장 신호가 약함,주문·리뷰 변동성이 낮아 안정성이 높음,
ba_13234101,2025-09,본죽&비빔밥 세종첫마을점,본그룹,백반·죽·국수,세종특별자치시,노을3로,실험군,0.2930542220842562,29.305422208425618,0.0,7.894736842105264,50.0,91.66860864971025,50.0,28.11,D,-1.927793,-0.5,,,50,959400.0,0,0,,,브랜드·카테고리 평균 대비 성장 신호가 약함,주문·리뷰 변동성이 낮아 안정성이 높음,
ba_14687493,2025-09,본죽&비빔밥 상암DMC점,본그룹,백반·죽·국수,서울특별시,마포구,실험군,0.2837841453375682,28.378414533756818,3.6992244898027105,36.09023684210527,17.5,98.06307502418117,20.511530398322847,27.88,D,-1.713507,0.571429,0.0,,3,81700.0,4,1,34489.65,0.7896,브랜드·카테고리 평균 대비 성장 신호가 약함,서울 동일 자치구·유사업종 상권 대비 객단가 포지션이 약함,주문·리뷰 변동성이 낮아 안정성이 높음
ba_14728291,2025-09,본죽 논산점,본그룹,백반·죽·국수,충청남도,논산시,실험군,0.2143700663720849,21.43700663720849,1.1654740082230637,50.0,17.5,99.03247179889406,50.0,27.82,D,-1.827793,,0.0,,1,30800.0,1,0,,,브랜드·카테고리 평균 대비 성장 신호가 약함,주문·리뷰 변동성이 낮아 안정성이 높음,
ba_14580787,2025-09,본죽&비빔밥 광주운암벽산점,본그룹,백반·죽·국수,광주광역시,북구,실험군,0.3809268067928578,38.09268067928578,0.278663556696316,15.789473684210527,17.5,93.71910022796476,50.0,27.77,D,-1.867793,-0.2,0.0,,36,943300.0,4,0,,,브랜드·카테고리 평균 대비 성장 신호가 약함,주문·리뷰 변동성이 낮아 안정성이 높음,
ba_13229560,2025-09,본죽 양천구청점,본그룹,백반·죽·국수,서울특별시,양천구,실험군,0.2219048875116402,22.19048875116402,0.0,0.0,50.0,98.54681685085222,50.0,27.61,D,-1.987793,-0.8,,,0,0.0,0,1,28984.02,,브랜드·카테고리 평균 대비 성장 신호가 약함,주문·리뷰 변동성이 낮아 안정성이 높음,
ba_10418082,2025-09,굽네치킨 여수관문점,굽네치킨,치킨,전라남도,여수시,실험군,0.1359120601799724,13.59120601799724,23.43190988985981,39.84963157894737,17.5,83.72731431661816,50.0,27.59,D,-0.823455,0.714286,0.0,,0,0.0,3,0,,,브랜드·카테고리 평균 대비 성장 신호가 약함,주문·리뷰 변동성이 낮아 안정성이 높음,
ba_14688345,2025-09,본죽 수원화서위브하늘채점,본그룹,백반·죽·국수,경기도,수원시,통제군,0.268610076585634,26.861007658563402,1.1654740082230637,21.05263157894737,32.5,98.29599171383185,50.0,27.56,D,-1.827793,0.0,0.5,1401.0,0,0.0,2,0,,,브랜드·카테고리 평균 대비 성장 신호가 약함,주문·리뷰 변동성이 낮아 안정성이 높음,
ba_13237293,2025-09,본죽 의왕오전점,본그룹,백반·죽·국수,경기도,의왕시,통제군,0.1472399524174809,14.723995241748089,2.643498817521405,29.82455263157895,50.0,97.25269318978263,50.0,27.51,D,-1.761126,0.333333,,,1,17000.0,0,0,,,브랜드·카테고리 평균 대비 성장 신호가 약함,주문·리뷰 변동성이 낮아 안정성이 높음,
ba_14675393,2025-09,굽네치킨 적성점,굽네치킨,치킨,경기도,파주시,실험군,0.3239595177083834,32.39595177083834,25.523274977695337,9.09092105263158,17.5,57.16164885769577,50.0,27.42,D,-0.729123,-0.454545,0.0,,283,10122300.0,4,0,,,브랜드·카테고리 평균 대비 성장 신호가 약함,,
ba_13181699,2025-09,본죽 김포양곡점,본그룹,백반·죽·국수,경기도,김포시,실험군,0.3946584332599006,39.46584332599006,0.0,7.894736842105264,17.5,96.9311440227178,50.0,27.32,D,-1.927793,-0.5,0.0,,29,798200.0,1,0,,,브랜드·카테고리 평균 대비 성장 신호가 약함,주문·리뷰 변동성이 낮아 안정성이 높음,
ba_14687076,2025-09,본죽 양천구청점,본그룹,백반·죽·국수,서울특별시,양천구,실험군,0.2675768307575741,26.75768307575741,0.5320474729587987,17.293236842105266,17.5,96.05359760932414,50.0,26.89,D,-1.856364,-0.142857,0.0,,0,0.0,8,1,28984.02,,브랜드·카테고리 평균 대비 성장 신호가 약함,주문·리뷰 변동성이 낮아 안정성이 높음,
ba_14775022,2025-09,본죽&비빔밥 광혜원점,본그룹,백반·죽·국수,충청북도,진천군,실험군,0.2082897092650351,20.82897092650351,1.1654740082230637,50.0,17.5,89.24991225722492,50.0,26.63,D,-1.827793,,0.0,,11,299300.0,8,0,,,브랜드·카테고리 평균 대비 성장 신호가 약함,주문·리뷰 변동성이 낮아 안정성이 높음,
ba_14688075,2025-09,본죽 일산탄현점,본그룹,백반·죽·국수,경기도,고양시,실험군,0.4304785960086605,43.04785960086605,0.0,2.25563157894737,17.5,85.12694962224737,50.0,26.54,D,-1.97065,-0.714286,0.0,,14,324700.0,6,0,,,브랜드·카테고리 평균 대비 성장 신호가 약함,주문·리뷰 변동성이 낮아 안정성이 높음,
ba_13233581,2025-09,본죽&비빔밥 진주혁신중앙점,본그룹,백반·죽·국수,경상남도,진주시,실험군,0.3096577655874608,30.96577655874608,1.1654740082230637,21.05263157894737,17.5,95.78742012635779,50.0,26.49,D,-1.827793,0.0,0.0,,7,135000.0,6,0,,,브랜드·카테고리 평균 대비 성장 신호가 약함,주문·리뷰 변동성이 낮아 안정성이 높음,
ba_13969607,2025-09,굽네피자 봉곡사림점,굽네치킨,피자,경상남도,창원시,실험군,0.1000359613582883,10.003596135828829,27.818628639643308,21.05263157894737,17.5,97.92500437362926,50.0,26.03,D,-0.62559,0.0,0.0,,6,412500.0,1,0,,,브랜드·카테고리 평균 대비 성장 신호가 약함,주문·리뷰 변동성이 낮아 안정성이 높음,
ba_14692035,2025-09,본죽&비빔밥 여수미평점,본그룹,백반·죽·국수,전라남도,여수시,실험군,0.2712632121505071,27.12632121505071,1.7701235443352898,24.641157894736846,17.5,95.63214233325733,50.0,25.82,D,-1.80052,0.136364,0.0,,9,205500.0,8,0,,,브랜드·카테고리 평균 대비 성장 신호가 약함,주문·리뷰 변동성이 낮아 안정성이 높음,
ba_14786815,2025-09,본죽&비빔밥 부산남천동점,본그룹,백반·죽·국수,부산광역시,수영구,통제군,0.0935746303319412,9.35746303319412,1.1654740082230637,50.0,32.5,98.14258249433834,50.0,25.76,D,-1.827793,,0.5,1257.0,1,62200.0,2,0,,,브랜드·카테고리 평균 대비 성장 신호가 약함,주문·리뷰 변동성이 낮아 안정성이 높음,
ba_13722581,2025-09,본죽&비빔밥 의왕고천점,본그룹,백반·죽·국수,경기도,의왕시,실험군,0.2705897791271339,27.058977912713388,1.1654740082230637,21.05263157894737,17.5,98.39153905775177,50.0,25.38,D,-1.827793,0.0,0.0,,2,34500.0,1,0,,,브랜드·카테고리 평균 대비 성장 신호가 약함,주문·리뷰 변동성이 낮아 안정성이 높음,
ba_14294026,2025-09,굽네치킨&피자 신안중흥점,굽네치킨,치킨,광주광역시,북구,실험군,0.3629578329297164,36.29578329297164,21.83194864347654,30.353894736842108,1.118,24.180981702438118,50.0,25.3,D,-0.895622,0.353448,0.0172,2889.0,0,0.0,58,0,,,브랜드·카테고리 평균 대비 성장 신호가 약함,월 리뷰 수가 전체 매장 상위권에 속함,
ba_14582508,2025-09,본죽 안산월피동점,본그룹,백반·죽·국수,경기도,안산시,통제군,0.1313333046493591,13.133330464935911,1.1654740082230637,21.05263157894737,50.0,97.25009626332243,50.0,25.27,D,-1.827793,0.0,,,3,66000.0,0,0,,,브랜드·카테고리 평균 대비 성장 신호가 약함,주문·리뷰 변동성이 낮아 안정성이 높음,
ba_13235318,2025-09,본죽&비빔밥 상암DMC점,본그룹,백반·죽·국수,서울특별시,마포구,실험군,0.2903990275872391,29.039902758723912,0.0,2.25563157894737,50.0,97.01977650013197,0.0,24.93,D,-1.97065,-0.714286,,,4,54800.0,0,1,34489.65,0.3972,브랜드·카테고리 평균 대비 성장 신호가 약함,서울 동일 자치구·유사업종 상권 대비 객단가 포지션이 약함,주문·리뷰 변동성이 낮아 안정성이 높음
ba_13550240,2025-09,본죽&비빔밥 청주오창2지구점,본그룹,백반·죽·국수,충청북도,청주시,통제군,0.2765688967527575,27.656889675275746,0.0,10.08771052631579,26.67895850510261,96.21858295384273,50.0,24.82,D,-1.911126,-0.416667,0.25,849.0,9,140000.0,4,0,,,브랜드·카테고리 평균 대비 성장 신호가 약함,주문·리뷰 변동성이 낮아 안정성이 높음,
ba_13225754,2025-09,본죽&비빔밥 일산라페스타점,본그룹,백반·죽·국수,경기도,고양시,통제군,0.1105955006510258,11.05955006510258,1.1654740082230637,21.05263157894737,50.0,98.22022139088858,50.0,24.64,D,-1.827793,0.0,,,0,0.0,0,0,,,브랜드·카테고리 평균 대비 성장 신호가 약함,주문·리뷰 변동성이 낮아 안정성이 높음,
ba_14689024,2025-09,본죽&비빔밥 김포장기초당마을점,본그룹,백반·죽·국수,경기도,김포시,통제군,0.1438199375087935,14.38199375087935,5.092780603593128,44.360894736842106,17.5,90.15132633555018,50.0,24.6,D,-1.65065,0.885714,0.0,,13,358500.0,26,0,,,브랜드·카테고리 평균 대비 성장 신호가 약함,월 리뷰 수가 전체 매장 상위권에 속함,주문·리뷰 변동성이 낮아 안정성이 높음
ba_14778684,2025-09,본죽&비빔밥 대구대천점,본그룹,백반·죽·국수,대구광역시,달서구,통제군,0.1275101349652445,12.751013496524449,1.1654740082230637,50.0,17.5,96.94213760358174,50.0,24.57,D,-1.827793,,0.0,,5,84400.0,3,0,,,브랜드·카테고리 평균 대비 성장 신호가 약함,주문·리뷰 변동성이 낮아 안정성이 높음,
ba_14689416,2025-09,본죽&비빔밥 수원호매실화홍병원점,본그룹,백반·죽·국수,경기도,수원시,통제군,0.1849323628474298,18.49323628474298,13.224655082003089,7.236842105263158,50.0,58.08386876245742,50.0,24.17,D,-1.283858,-0.525,,,0,0.0,0,0,,,브랜드·카테고리 평균 대비 성장 신호가 약함,,
ba_14793023,2025-09,본죽&비빔밥 장호원점,본그룹,백반·죽·국수,경기도,이천시,통제군,0.1392541868000399,13.92541868000399,1.1654740082230637,50.0,17.5,88.38966158672875,50.0,24.13,D,-1.827793,,0.0,,12,358300.0,12,0,,,브랜드·카테고리 평균 대비 성장 신호가 약함,주문·리뷰 변동성이 낮아 안정성이 높음,
ba_14688716,2025-09,본죽&비빔밥 일산식사점,본그룹,백반·죽·국수,경기도,고양시,통제군,0.2797778876228803,27.977788762288032,1.057327473659378,20.41078947368421,10.8355,91.05153872101526,50.0,23.85,D,-1.832671,-0.02439,0.1667,1281.0,18,503100.0,12,0,,,브랜드·카테고리 평균 대비 성장 신호가 약함,주문·리뷰 변동성이 낮아 안정성이 높음,
ba_13228647,2025-09,본죽 대전용운점,본그룹,백반·죽·국수,대전광역시,동구,통제군,0.1267760666350199,12.677606663501988,0.05696094381462909,14.473684210526317,50.0,95.56281165600643,50.0,23.68,D,-1.877793,-0.25,,,1,17000.0,0,0,,,브랜드·카테고리 평균 대비 성장 신호가 약함,주문·리뷰 변동성이 낮아 안정성이 높음,
ba_14691272,2025-09,본죽 대전비래점,본그룹,백반·죽·국수,대전광역시,대덕구,실험군,0.2734957426469051,27.349574264690514,0.0,12.280710526315792,17.5,96.06217869318495,50.0,23.65,D,-1.89446,-0.333333,0.0,,3,74000.0,6,0,,,브랜드·카테고리 평균 대비 성장 신호가 약함,주문·리뷰 변동성이 낮아 안정성이 높음,
ba_14691817,2025-09,본죽 부산장림점,본그룹,백반·죽·국수,부산광역시,사하구,통제군,0.1744947034407701,17.44947034407701,3.4880749212941904,34.837105263157895,17.5,87.85023724177154,50.0,23.61,D,-1.723031,0.52381,0.0,,4,83000.0,5,0,,,브랜드·카테고리 평균 대비 성장 신호가 약함,주문·리뷰 변동성이 낮아 안정성이 높음,
ba_13225939,2025-09,본죽 경남거제옥포점,본그룹,백반·죽·국수,경상남도,거제시,실험군,0.2596059083300759,25.96059083300759,0.0,13.096684210526318,17.5,93.51825129830385,50.0,23.03,D,-1.888258,-0.302326,0.0,,16,372000.0,12,0,,,브랜드·카테고리 평균 대비 성장 신호가 약함,주문·리뷰 변동성이 낮아 안정성이 높음,
ba_14702120,2025-09,본죽&비빔밥 천안풍세점,본그룹,백반·죽·국수,충청남도,천안시,통제군,0.1465685630883809,14.65685630883809,0.0,7.894736842105264,50.0,91.89101832468499,50.0,23.0,D,-1.927793,-0.5,,,3,45500.0,0,0,,,브랜드·카테고리 평균 대비 성장 신호가 약함,주문·리뷰 변동성이 낮아 안정성이 높음,
ba_14689401,2025-09,본죽&비빔밥 수원호매실역점,본그룹,백반·죽·국수,경기도,수원시,실험군,0.2590393753082641,25.90393753082641,0.0,7.894736842105264,17.5,96.05359760932414,50.0,22.48,D,-1.927793,-0.5,0.0,,0,0.0,7,0,,,브랜드·카테고리 평균 대비 성장 신호가 약함,주문·리뷰 변동성이 낮아 안정성이 높음,
ba_14688879,2025-09,본죽 수원대점,본그룹,백반·죽·국수,경기도,화성시,통제군,0.1634125791247165,16.341257912471647,2.018186597888607,26.113368421052634,17.5,96.20771643062423,50.0,22.39,D,-1.789331,0.192308,0.0,,20,441700.0,9,0,,,브랜드·카테고리 평균 대비 성장 신호가 약함,주문·리뷰 변동성이 낮아 안정성이 높음,
ba_14456827,2025-09,본죽&비빔밥 인천동암더샵점,본그룹,백반·죽·국수,인천광역시,부평구,통제군,0.1077931181130623,10.779311811306231,0.0,7.894736842105264,50.0,99.03247179889406,50.0,22.36,D,-1.927793,-0.5,,,1,17300.0,0,0,,,브랜드·카테고리 평균 대비 성장 신호가 약함,주문·리뷰 변동성이 낮아 안정성이 높음,
ba_14691834,2025-09,본죽 부산고신대병원점,본그룹,백반·죽·국수,부산광역시,서구,통제군,0.1204602598368039,12.04602598368039,3.2119664872113387,33.198368421052635,17.5,95.09407580511595,50.0,22.13,D,-1.735485,0.461538,0.0,,4,123500.0,9,0,,,브랜드·카테고리 평균 대비 성장 신호가 약함,주문·리뷰 변동성이 낮아 안정성이 높음,
ba_14692077,2025-09,본죽&비빔밥 진주혁신중앙점,본그룹,백반·죽·국수,경상남도,진주시,실험군,0.1628998907334257,16.28998907334257,1.658141554568747,23.976605263157897,17.5,97.52757767197804,50.0,22.09,D,-1.805571,0.111111,0.0,,3,103500.0,3,0,,,브랜드·카테고리 평균 대비 성장 신호가 약함,주문·리뷰 변동성이 낮아 안정성이 높음,
ba_14726741,2025-09,본죽&비빔밥 대구방촌해안역점,본그룹,백반·죽·국수,대구광역시,동구,실험군,0.2162287964251489,21.62287964251489,0.0,13.533842105263158,17.5,96.91733302279474,50.0,21.91,D,-1.884936,-0.285714,0.0,,0,0.0,4,0,,,브랜드·카테고리 평균 대비 성장 신호가 약함,주문·리뷰 변동성이 낮아 안정성이 높음,
ba_14688483,2025-09,본죽 동수원점,본그룹,백반·죽·국수,경기도,수원시,통제군,0.2150356875572477,21.50356875572477,0.05696094381462909,14.473684210526317,17.5,95.31763678757076,50.0,21.87,D,-1.877793,-0.25,0.0,,3,64800.0,3,0,,,브랜드·카테고리 평균 대비 성장 신호가 약함,주문·리뷰 변동성이 낮아 안정성이 높음,
ba_13226546,2025-09,본죽&비빔밥 부산대학병원점,본그룹,백반·죽·국수,부산광역시,서구,통제군,0.1309823397303735,13.098233973037349,0.0,0.0,50.0,97.25009626332243,50.0,21.81,D,-2.012408,-0.923077,,,3,43000.0,0,0,,,브랜드·카테고리 평균 대비 성장 신호가 약함,주문·리뷰 변동성이 낮아 안정성이 높음,
ba_14692291,2025-09,본죽 청주하복대점,본그룹,백반·죽·국수,충청북도,청주시,통제군,0.1038496690887883,10.38496690887883,3.6042027499216194,35.52631578947369,17.5,90.31590799848263,50.0,21.52,D,-1.717793,0.55,0.0,,14,415600.0,8,0,,,브랜드·카테고리 평균 대비 성장 신호가 약함,주문·리뷰 변동성이 낮아 안정성이 높음,
ba_14688192,2025-09,본죽 성남신흥동점,본그룹,백반·죽·국수,경기도,성남시,통제군,0.1460399448165829,14.603994481658289,1.7989005434873286,24.812026315789478,17.5,95.29744610215839,50.0,21.44,D,-1.799222,0.142857,0.0,,6,158500.0,13,0,,,브랜드·카테고리 평균 대비 성장 신호가 약함,주문·리뷰 변동성이 낮아 안정성이 높음,
ba_13651212,2025-09,본죽&비빔밥 광주금호점,본그룹,백반·죽·국수,광주광역시,서구,통제군,0.1247297281252189,12.47297281252189,2.188720247717201,27.125500000000002,17.5,96.51766700509768,50.0,21.26,D,-1.781639,0.230769,0.0,,3,75100.0,7,0,,,브랜드·카테고리 평균 대비 성장 신호가 약함,주문·리뷰 변동성이 낮아 안정성이 높음,
ba_13186079,2025-09,본죽 오산궐동점,본그룹,백반·죽·국수,경기도,오산시,통제군,0.1094196932803133,10.94196932803133,0.0,0.0,50.0,99.11011069544429,50.0,21.24,D,-1.999222,-0.857143,,,0,0.0,0,0,,,브랜드·카테고리 평균 대비 성장 신호가 약함,주문·리뷰 변동성이 낮아 안정성이 높음,
ba_14795563,2025-09,본죽&비빔밥 잠원역점,본그룹,백반·죽·국수,서울특별시,서초구,통제군,0.0930615136957564,9.30615136957564,1.1654740082230637,50.0,17.5,97.0974153966822,0.0,21.04,D,-1.827793,,0.0,,3,48200.0,3,1,37031.57,0.4339,브랜드·카테고리 평균 대비 성장 신호가 약함,서울 동일 자치구·유사업종 상권 대비 객단가 포지션이 약함,주문·리뷰 변동성이 낮아 안정성이 높음
ba_13226670,2025-09,본죽 부산영도점,본그룹,백반·죽·국수,부산광역시,영도구,통제군,0.0971128654764505,9.71128654764505,0.0,0.0,50.0,98.97244434093159,50.0,20.8,D,-2.002793,-0.875,,,0,0.0,0,0,,,브랜드·카테고리 평균 대비 성장 신호가 약함,주문·리뷰 변동성이 낮아 안정성이 높음,
ba_13199208,2025-09,본죽 울주덕신점,본그룹,백반·죽·국수,울산광역시,울주군,통제군,0.1312480486313968,13.12480486313968,1.4821983609858416,22.93234210526316,17.5,95.45272389525884,50.0,20.57,D,-1.813507,0.071429,0.0,,4,75000.0,4,0,,,브랜드·카테고리 평균 대비 성장 신호가 약함,주문·리뷰 변동성이 낮아 안정성이 높음,
ba_14692383,2025-09,본죽&비빔밥 울산신정시장점,본그룹,백반·죽·국수,울산광역시,남구,통제군,0.1006475419111504,10.064754191115039,2.3221852206719746,27.917631578947372,17.5,94.32248291038181,50.0,20.35,D,-1.775619,0.26087,0.0,,10,300900.0,7,0,,,브랜드·카테고리 평균 대비 성장 신호가 약함,주문·리뷰 변동성이 낮아 안정성이 높음,
ba_14435298,2025-09,본죽&비빔밥 인천부평나누리병원점,본그룹,백반·죽·국수,인천광역시,부평구,통제군,0.0838067234005932,8.38067234005932,0.0,0.0,50.0,99.11011069544429,50.0,20.34,D,-2.027793,-1.0,,,0,0.0,0,0,,,브랜드·카테고리 평균 대비 성장 신호가 약함,주문·리뷰 변동성이 낮아 안정성이 높음,
ba_14273436,2025-09,본죽&비빔밥 거제고현점,본그룹,백반·죽·국수,경상남도,거제시,통제군,0.1577306716750462,15.773067167504621,0.8487496554602856,19.17292105263158,17.5,90.89108573202186,50.0,20.32,D,-1.842079,-0.071429,0.0,,6,105400.0,6,0,,,브랜드·카테고리 평균 대비 성장 신호가 약함,주문·리뷰 변동성이 낮아 안정성이 높음,
ba_14693289,2025-09,본죽&비빔밥 천안쌍용3동점,본그룹,백반·죽·국수,충청남도,천안시,통제군,0.1054655623468804,10.54655623468804,0.0,3.7963684210526316,50.0,84.66392542448664,50.0,20.23,D,-1.958941,-0.655738,,,0,0.0,0,0,,,브랜드·카테고리 평균 대비 성장 신호가 약함,주문·리뷰 변동성이 낮아 안정성이 높음,
ba_14488495,2025-09,본죽&비빔밥 역촌점,본그룹,백반·죽·국수,서울특별시,은평구,통제군,0.0726056200292885,7.26056200292885,0.05696094381462909,14.473684210526317,17.5,95.31926120959166,50.0,20.2,D,-1.877793,-0.25,0.0,,0,0.0,3,1,31584.09,,브랜드·카테고리 평균 대비 성장 신호가 약함,주문·리뷰 변동성이 낮아 안정성이 높음,
ba_14691891,2025-09,본죽&비빔밥 울산성안점,본그룹,백반·죽·국수,울산광역시,중구,통제군,0.1233190820341429,12.33190820341429,1.3582666003849793,22.196789473684213,17.5,94.83161272285705,50.0,20.09,D,-1.819097,0.043478,0.0,,12,276500.0,5,0,,,브랜드·카테고리 평균 대비 성장 신호가 약함,주문·리뷰 변동성이 낮아 안정성이 높음,
ba_14688905,2025-09,본죽&비빔밥 고양원당점,본그룹,백반·죽·국수,경기도,고양시,통제군,0.1283718680292645,12.837186802926452,1.0071118318416772,20.112789473684213,17.5,93.4401791057587,50.0,19.73,D,-1.834936,-0.035714,0.0,,12,289900.0,12,0,,,브랜드·카테고리 평균 대비 성장 신호가 약함,주문·리뷰 변동성이 낮아 안정성이 높음,
ba_14691815,2025-09,본죽 부산다대점,본그룹,백반·죽·국수,부산광역시,사하구,통제군,0.1267376554276978,12.67376554276978,1.1654740082230637,21.05263157894737,17.5,91.96538474608249,50.0,19.71,D,-1.827793,0.0,0.0,,19,504800.0,12,0,,,브랜드·카테고리 평균 대비 성장 신호가 약함,주문·리뷰 변동성이 낮아 안정성이 높음,
ba_14470771,2025-09,본죽&비빔밥 부산동대신역점,본그룹,백반·죽·국수,부산광역시,서구,통제군,0.1259916461567961,12.599164615679609,0.3592746267400967,16.267947368421055,17.5,96.93954067712153,50.0,19.26,D,-1.864157,-0.181818,0.0,,7,114500.0,5,0,,,브랜드·카테고리 평균 대비 성장 신호가 약함,주문·리뷰 변동성이 낮아 안정성이 높음,
ba_14688571,2025-09,본죽 안산선부점,본그룹,백반·죽·국수,경기도,안산시,통제군,0.198653696739,19.8653696739,0.48462528406340344,6.733736842105264,50.0,36.16023134184123,50.0,19.2,D,-1.858503,-0.544118,,,0,0.0,0,0,,,브랜드·카테고리 평균 대비 성장 신호가 약함,,
ba_13229858,2025-09,본죽 창원반송점,본그룹,백반·죽·국수,경상남도,창원시,통제군,0.1097215114868144,10.97215114868144,0.05696094381462909,14.473684210526317,17.5,96.7054392189533,50.0,18.32,D,-1.877793,-0.25,0.0,,5,105500.0,4,0,,,브랜드·카테고리 평균 대비 성장 신호가 약함,주문·리뷰 변동성이 낮아 안정성이 높음,
ba_14689846,2025-09,본죽&비빔밥 동탄영천점,본그룹,백반·죽·국수,경기도,화성시,통제군,0.1313045116175477,13.130451161754769,0.0,8.382078947368422,17.5,93.28794066881056,50.0,17.81,D,-1.924089,-0.481481,0.0,,18,471400.0,2,0,,,브랜드·카테고리 평균 대비 성장 신호가 약함,주문·리뷰 변동성이 낮아 안정성이 높음,
ba_14691861,2025-09,본죽&비빔밥 울산역금아드림점,본그룹,백반·죽·국수,울산광역시,울주군,통제군,0.1029436275140425,10.29436275140425,0.0,7.894736842105264,17.5,97.94488868186316,50.0,17.21,D,-1.927793,-0.5,0.0,,0,0.0,2,0,,,브랜드·카테고리 평균 대비 성장 신호가 약함,주문·리뷰 변동성이 낮아 안정성이 높음,
ba_14277930,2025-09,본죽&비빔밥 동탄청계점,본그룹,백반·죽·국수,경기도,화성시,통제군,0.1331492309231317,13.314923092313169,0.0,0.0,17.5,97.68285546507849,50.0,17.05,D,-1.987793,-0.8,0.0,,1,14500.0,1,0,,,브랜드·카테고리 평균 대비 성장 신호가 약함,주문·리뷰 변동성이 낮아 안정성이 높음,
ba_13227659,2025-09,본죽&비빔밥 부산괴정점,본그룹,백반·죽·국수,부산광역시,사하구,통제군,0.1251545476700414,12.515454767004139,0.0,1.7543947368421062,17.5,97.1724573667722,50.0,16.99,D,-1.97446,-0.733333,0.0,,4,55100.0,1,0,,,브랜드·카테고리 평균 대비 성장 신호가 약함,주문·리뷰 변동성이 낮아 안정성이 높음,
ba_13228874,2025-09,본죽&비빔밥 청주성안길점,본그룹,백반·죽·국수,충청북도,청주시,통제군,0.0768051735694329,7.680517356943289,0.0,3.508763157894738,17.5,97.78961088876271,50.0,15.62,D,-1.961126,-0.666667,0.0,,2,60500.0,2,0,,,브랜드·카테고리 평균 대비 성장 신호가 약함,주문·리뷰 변동성이 낮아 안정성이 높음,
ba_13181719,2025-09,본죽&비빔밥 칠곡석적점,본그룹,백반·죽·국수,경상북도,칠곡군,통제군,0.0868799759216567,8.687997592165669,0.0,1.315789473684212,17.5,97.0974153966822,50.0,15.57,D,-1.977793,-0.75,0.0,,3,82000.0,2,0,,,브랜드·카테고리 평균 대비 성장 신호가 약함,주문·리뷰 변동성이 낮아 안정성이 높음,
ba_14694287,2025-09,본죽&비빔밥 인사동점,본그룹,백반·죽·국수,서울특별시,종로구,통제군,0.0794765641009806,7.94765641009806,0.0,7.894736842105264,17.5,96.37386074694318,7.102725366876311,15.32,D,-1.927793,-0.5,0.0,,7,158400.0,4,1,35936.38,0.6297,브랜드·카테고리 평균 대비 성장 신호가 약함,서울 동일 자치구·유사업종 상권 대비 객단가 포지션이 약함,주문·리뷰 변동성이 낮아 안정성이 높음
